date,baa_10y_spread,aaa_10y_spread,vix,baa_aaa_quality,hy_oas_full,hyg_tlt_ratio,hy_stress
1983-01-03,,1.45,,,,,
1983-01-04,,1.42,,,,,
1983-01-05,,1.44,,,,,
1983-01-06,,1.35,,,,,
1983-01-07,,1.38,,,,,
1983-01-10,,1.37,,,,,
1983-01-11,,1.38,,,,,
1983-01-12,,1.39,,,,,
1983-01-13,,1.38,,,,,
1983-01-14,,1.37,,,,,
1983-01-17,,1.37,,,,,
1983-01-18,,1.32,,,,,
1983-01-19,,1.26,,,,,
1983-01-20,,1.29,,,,,
1983-01-21,,1.25,,,,,
1983-01-24,,1.25,,,,,
1983-01-25,,1.3,,,,,
1983-01-26,,1.26,,,,,
1983-01-27,,1.25,,,,,
1983-01-28,,1.25,,,,,
1983-01-31,,1.23,,,,,
1983-02-01,,1.25,,,,,
1983-02-02,,1.15,,,,,
1983-02-03,,1.15,,,,,
1983-02-04,,1.13,,,,,
1983-02-07,,1.15,,,,,
1983-02-08,,1.11,,,,,
1983-02-09,,1.14,,,,,
1983-02-10,,1.27,,,,,
1983-02-11,,1.29,,,,,
1983-02-14,,1.26,,,,,
1983-02-15,,1.26,,,,,
1983-02-16,,1.28,,,,,
1983-02-17,,1.39,,,,,
1983-02-18,,1.44,,,,,
1983-02-22,,1.45,,,,,
1983-02-23,,1.39,,,,,
1983-02-24,,1.44,,,,,
1983-02-25,,1.43,,,,,
1983-02-28,,1.39,,,,,
1983-03-01,,1.42,,,,,
1983-03-02,,1.34,,,,,
1983-03-03,,1.38,,,,,
1983-03-04,,1.35,,,,,
1983-03-07,,1.19,,,,,
1983-03-08,,1.13,,,,,
1983-03-09,,1.21,,,,,
1983-03-10,,1.24,,,,,
1983-03-11,,1.27,,,,,
1983-03-14,,1.35,,,,,
1983-03-15,,1.32,,,,,
1983-03-16,,1.23,,,,,
1983-03-17,,1.22,,,,,
1983-03-18,,1.21,,,,,
1983-03-21,,1.17,,,,,
1983-03-22,,1.19,,,,,
1983-03-23,,1.17,,,,,
1983-03-24,,1.15,,,,,
1983-03-25,,1.12,,,,,
1983-03-28,,1.12,,,,,
1983-03-29,,1.14,,,,,
1983-03-30,,1.15,,,,,
1983-03-31,,1.13,,,,,
1983-04-04,,1.12,,,,,
1983-04-05,,1.16,,,,,
1983-04-06,,1.16,,,,,
1983-04-07,,1.12,,,,,
1983-04-08,,1.13,,,,,
1983-04-11,,1.15,,,,,
1983-04-12,,1.15,,,,,
1983-04-13,,1.14,,,,,
1983-04-14,,1.15,,,,,
1983-04-15,,1.1,,,,,
1983-04-18,,1.12,,,,,
1983-04-19,,1.09,,,,,
1983-04-20,,1.07,,,,,
1983-04-21,,1.05,,,,,
1983-04-22,,1.07,,,,,
1983-04-25,,1.08,,,,,
1983-04-26,,1.11,,,,,
1983-04-27,,1.13,,,,,
1983-04-28,,1.08,,,,,
1983-04-29,,1.09,,,,,
1983-05-02,,1.09,,,,,
1983-05-03,,1.07,,,,,
1983-05-04,,1.16,,,,,
1983-05-05,,1.11,,,,,
1983-05-06,,1.1,,,,,
1983-05-09,,1.03,,,,,
1983-05-10,,1.11,,,,,
1983-05-11,,1.09,,,,,
1983-05-12,,1.08,,,,,
1983-05-13,,1.08,,,,,
1983-05-16,,1.06,,,,,
1983-05-17,,1.07,,,,,
1983-05-18,,1.1,,,,,
1983-05-19,,1.12,,,,,
1983-05-20,,1.13,,,,,
1983-05-23,,1.1,,,,,
1983-05-24,,1.08,,,,,
1983-05-25,,1.08,,,,,
1983-05-26,,1.05,,,,,
1983-05-27,,1.07,,,,,
1983-05-31,,0.98,,,,,
1983-06-01,,1.01,,,,,
1983-06-02,,0.95,,,,,
1983-06-03,,0.96,,,,,
1983-06-06,,0.92,,,,,
1983-06-07,,0.89,,,,,
1983-06-08,,0.9,,,,,
1983-06-09,,0.9,,,,,
1983-06-10,,0.9,,,,,
1983-06-13,,0.97,,,,,
1983-06-14,,0.96,,,,,
1983-06-15,,0.93,,,,,
1983-06-16,,0.96,,,,,
1983-06-17,,0.9,,,,,
1983-06-20,,0.84,,,,,
1983-06-21,,0.87,,,,,
1983-06-22,,0.89,,,,,
1983-06-23,,0.84,,,,,
1983-06-24,,0.77,,,,,
1983-06-27,,0.77,,,,,
1983-06-28,,0.83,,,,,
1983-06-29,,0.87,,,,,
1983-06-30,,0.86,,,,,
1983-07-01,,0.9,,,,,
1983-07-05,,0.76,,,,,
1983-07-06,,0.8,,,,,
1983-07-07,,0.75,,,,,
1983-07-08,,0.76,,,,,
1983-07-11,,0.76,,,,,
1983-07-12,,0.71,,,,,
1983-07-13,,0.75,,,,,
1983-07-14,,0.76,,,,,
1983-07-15,,0.67,,,,,
1983-07-18,,0.75,,,,,
1983-07-19,,0.8,,,,,
1983-07-20,,0.83,,,,,
1983-07-21,,0.83,,,,,
1983-07-22,,0.84,,,,,
1983-07-25,,0.82,,,,,
1983-07-26,,0.75,,,,,
1983-07-27,,0.73,,,,,
1983-07-28,,0.7,,,,,
1983-07-29,,0.74,,,,,
1983-08-01,,0.74,,,,,
1983-08-02,,0.74,,,,,
1983-08-03,,0.69,,,,,
1983-08-04,,0.58,,,,,
1983-08-05,,0.61,,,,,
1983-08-08,,0.59,,,,,
1983-08-09,,0.59,,,,,
1983-08-10,,0.56,,,,,
1983-08-11,,0.63,,,,,
1983-08-12,,0.66,,,,,
1983-08-15,,0.69,,,,,
1983-08-16,,0.7,,,,,
1983-08-17,,0.7,,,,,
1983-08-18,,0.67,,,,,
1983-08-19,,0.72,,,,,
1983-08-22,,0.76,,,,,
1983-08-23,,0.76,,,,,
1983-08-24,,0.76,,,,,
1983-08-25,,0.71,,,,,
1983-08-26,,0.69,,,,,
1983-08-29,,0.62,,,,,
1983-08-30,,0.6,,,,,
1983-08-31,,0.59,,,,,
1983-09-01,,0.6,,,,,
1983-09-02,,0.57,,,,,
1983-09-06,,0.66,,,,,
1983-09-07,,0.76,,,,,
1983-09-08,,0.7,,,,,
1983-09-09,,0.72,,,,,
1983-09-12,,0.76,,,,,
1983-09-13,,0.72,,,,,
1983-09-14,,0.67,,,,,
1983-09-15,,0.67,,,,,
1983-09-16,,0.73,,,,,
1983-09-19,,0.71,,,,,
1983-09-20,,0.75,,,,,
1983-09-21,,0.68,,,,,
1983-09-22,,0.72,,,,,
1983-09-23,,0.73,,,,,
1983-09-26,,0.78,,,,,
1983-09-27,,0.76,,,,,
1983-09-28,,0.73,,,,,
1983-09-29,,0.73,,,,,
1983-09-30,,0.79,,,,,
1983-10-03,,0.8,,,,,
1983-10-04,,0.78,,,,,
1983-10-05,,0.84,,,,,
1983-10-06,,0.86,,,,,
1983-10-07,,0.78,,,,,
1983-10-11,,0.64,,,,,
1983-10-12,,0.66,,,,,
1983-10-13,,0.63,,,,,
1983-10-14,,0.65,,,,,
1983-10-17,,0.73,,,,,
1983-10-18,,0.74,,,,,
1983-10-19,,0.73,,,,,
1983-10-20,,0.74,,,,,
1983-10-21,,0.74,,,,,
1983-10-24,,0.65,,,,,
1983-10-25,,0.63,,,,,
1983-10-26,,0.62,,,,,
1983-10-27,,0.69,,,,,
1983-10-28,,0.7,,,,,
1983-10-31,,0.66,,,,,
1983-11-01,,0.69,,,,,
1983-11-02,,0.67,,,,,
1983-11-03,,0.71,,,,,
1983-11-04,,0.66,,,,,
1983-11-07,,0.67,,,,,
1983-11-09,,0.66,,,,,
1983-11-10,,0.73,,,,,
1983-11-14,,0.7,,,,,
1983-11-15,,0.71,,,,,
1983-11-16,,0.71,,,,,
1983-11-17,,0.74,,,,,
1983-11-18,,0.74,,,,,
1983-11-21,,0.75,,,,,
1983-11-22,,0.77,,,,,
1983-11-23,,0.75,,,,,
1983-11-25,,0.79,,,,,
1983-11-28,,0.74,,,,,
1983-11-29,,0.77,,,,,
1983-11-30,,0.74,,,,,
1983-12-01,,0.75,,,,,
1983-12-02,,0.71,,,,,
1983-12-05,,0.68,,,,,
1983-12-06,,0.72,,,,,
1983-12-07,,0.7,,,,,
1983-12-08,,0.68,,,,,
1983-12-09,,0.66,,,,,
1983-12-12,,0.69,,,,,
1983-12-13,,0.71,,,,,
1983-12-14,,0.75,,,,,
1983-12-15,,0.74,,,,,
1983-12-16,,0.78,,,,,
1983-12-19,,0.8,,,,,
1983-12-20,,0.78,,,,,
1983-12-21,,0.78,,,,,
1983-12-22,,0.81,,,,,
1983-12-23,,0.78,,,,,
1983-12-27,,0.79,,,,,
1983-12-28,,0.77,,,,,
1983-12-29,,0.76,,,,,
1983-12-30,,0.73,,,,,
1984-01-03,,0.71,,,,,
1984-01-04,,0.75,,,,,
1984-01-05,,0.76,,,,,
1984-01-06,,0.77,,,,,
1984-01-09,,0.74,,,,,
1984-01-10,,0.77,,,,,
1984-01-11,,0.69,,,,,
1984-01-12,,0.68,,,,,
1984-01-13,,0.72,,,,,
1984-01-16,,0.75,,,,,
1984-01-17,,0.34,,,,,
1984-01-18,,0.36,,,,,
1984-01-19,,0.34,,,,,
1984-01-20,,0.31,,,,,
1984-01-23,,0.32,,,,,
1984-01-24,,0.33,,,,,
1984-01-25,,0.34,,,,,
1984-01-26,,0.38,,,,,
1984-01-27,,0.35,,,,,
1984-01-30,,0.33,,,,,
1984-01-31,,0.3,,,,,
1984-02-01,,0.35,,,,,
1984-02-02,,0.36,,,,,
1984-02-03,,0.35,,,,,
1984-02-06,,0.21,,,,,
1984-02-07,,0.25,,,,,
1984-02-08,,0.23,,,,,
1984-02-09,,0.26,,,,,
1984-02-10,,0.16,,,,,
1984-02-14,,0.19,,,,,
1984-02-15,,0.25,,,,,
1984-02-16,,0.24,,,,,
1984-02-17,,0.18,,,,,
1984-02-21,,0.24,,,,,
1984-02-22,,0.21,,,,,
1984-02-23,,0.24,,,,,
1984-02-24,,0.3,,,,,
1984-02-27,,0.2,,,,,
1984-02-28,,0.16,,,,,
1984-02-29,,0.27,,,,,
1984-03-01,,0.27,,,,,
1984-03-02,,0.35,,,,,
1984-03-05,,0.29,,,,,
1984-03-06,,0.32,,,,,
1984-03-07,,0.23,,,,,
1984-03-08,,0.28,,,,,
1984-03-09,,0.26,,,,,
1984-03-12,,0.34,,,,,
1984-03-13,,0.28,,,,,
1984-03-14,,0.26,,,,,
1984-03-15,,0.29,,,,,
1984-03-16,,0.24,,,,,
1984-03-19,,0.21,,,,,
1984-03-20,,0.17,,,,,
1984-03-21,,0.19,,,,,
1984-03-22,,0.16,,,,,
1984-03-23,,0.21,,,,,
1984-03-26,,0.27,,,,,
1984-03-27,,0.26,,,,,
1984-03-28,,0.28,,,,,
1984-03-29,,0.27,,,,,
1984-03-30,,0.17,,,,,
1984-04-02,,0.13,,,,,
1984-04-03,,0.11,,,,,
1984-04-04,,0.07,,,,,
1984-04-05,,0.12,,,,,
1984-04-06,,0.22,,,,,
1984-04-09,,0.22,,,,,
1984-04-10,,0.19,,,,,
1984-04-11,,0.2,,,,,
1984-04-12,,0.32,,,,,
1984-04-13,,0.17,,,,,
1984-04-16,,0.17,,,,,
1984-04-17,,0.2,,,,,
1984-04-18,,0.08,,,,,
1984-04-19,,0.06,,,,,
1984-04-23,,0.12,,,,,
1984-04-24,,0.19,,,,,
1984-04-25,,0.27,,,,,
1984-04-26,,0.27,,,,,
1984-04-27,,0.21,,,,,
1984-04-30,,0.18,,,,,
1984-05-01,,0.18,,,,,
1984-05-02,,0.13,,,,,
1984-05-03,,0.11,,,,,
1984-05-04,,-0.05,,,,,
1984-05-07,,-0.05,,,,,
1984-05-08,,0.01,,,,,
1984-05-09,,0,,,,,
1984-05-10,,-0.13,,,,,
1984-05-11,,-0.21,,,,,
1984-05-14,,-0.36,,,,,
1984-05-15,,-0.15,,,,,
1984-05-16,,-0.06,,,,,
1984-05-17,,-0.15,,,,,
1984-05-18,,-0.08,,,,,
1984-05-21,,-0.06,,,,,
1984-05-22,,-0.09,,,,,
1984-05-23,,-0.14,,,,,
1984-05-24,,-0.27,,,,,
1984-05-25,,-0.28,,,,,
1984-05-29,,-0.34,,,,,
1984-05-30,,-0.44,,,,,
1984-05-31,,-0.34,,,,,
1984-06-01,,-0.08,,,,,
1984-06-04,,0.04,,,,,
1984-06-05,,0.07,,,,,
1984-06-06,,-0.07,,,,,
1984-06-07,,-0.05,,,,,
1984-06-08,,0,,,,,
1984-06-11,,-0.08,,,,,
1984-06-12,,-0.05,,,,,
1984-06-13,,0.03,,,,,
1984-06-14,,0.09,,,,,
1984-06-15,,0.24,,,,,
1984-06-18,,0.18,,,,,
1984-06-19,,0.1,,,,,
1984-06-20,,-0.06,,,,,
1984-06-21,,-0.15,,,,,
1984-06-22,,-0.09,,,,,
1984-06-25,,-0.1,,,,,
1984-06-26,,-0.1,,,,,
1984-06-27,,-0.06,,,,,
1984-06-28,,-0.06,,,,,
1984-06-29,,-0.09,,,,,
1984-07-02,,-0.11,,,,,
1984-07-03,,-0.14,,,,,
1984-07-05,,-0.12,,,,,
1984-07-06,,-0.08,,,,,
1984-07-09,,0.14,,,,,
1984-07-10,,0.03,,,,,
1984-07-11,,0.02,,,,,
1984-07-12,,0.08,,,,,
1984-07-13,,0.11,,,,,
1984-07-16,,-0.02,,,,,
1984-07-17,,0.02,,,,,
1984-07-18,,0.02,,,,,
1984-07-19,,0.12,,,,,
1984-07-20,,0.06,,,,,
1984-07-23,,0.12,,,,,
1984-07-24,,0.14,,,,,
1984-07-25,,0.28,,,,,
1984-07-26,,0.33,,,,,
1984-07-27,,0.18,,,,,
1984-07-30,,0.12,,,,,
1984-07-31,,0.23,,,,,
1984-08-01,,0.23,,,,,
1984-08-02,,0.23,,,,,
1984-08-03,,0.33,,,,,
1984-08-06,,0.19,,,,,
1984-08-07,,0.23,,,,,
1984-08-08,,0.2,,,,,
1984-08-09,,0.15,,,,,
1984-08-10,,0.06,,,,,
1984-08-13,,0.07,,,,,
1984-08-14,,0.17,,,,,
1984-08-15,,0.15,,,,,
1984-08-16,,0.19,,,,,
1984-08-17,,0.17,,,,,
1984-08-20,,0.17,,,,,
1984-08-21,,0.25,,,,,
1984-08-22,,0.19,,,,,
1984-08-23,,0.15,,,,,
1984-08-24,,0.17,,,,,
1984-08-27,,0.09,,,,,
1984-08-28,,0.08,,,,,
1984-08-29,,0.04,,,,,
1984-08-30,,0.03,,,,,
1984-08-31,,0.08,,,,,
1984-09-04,,-0.01,,,,,
1984-09-05,,-0.02,,,,,
1984-09-06,,0.06,,,,,
1984-09-07,,0.15,,,,,
1984-09-10,,0.21,,,,,
1984-09-11,,0.25,,,,,
1984-09-12,,0.19,,,,,
1984-09-13,,0.21,,,,,
1984-09-14,,0.18,,,,,
1984-09-17,,0.23,,,,,
1984-09-18,,0.22,,,,,
1984-09-19,,0.22,,,,,
1984-09-20,,0.16,,,,,
1984-09-21,,0.06,,,,,
1984-09-24,,0.07,,,,,
1984-09-25,,0.02,,,,,
1984-09-26,,0.11,,,,,
1984-09-27,,0.22,,,,,
1984-09-28,,0.08,,,,,
1984-10-01,,0.09,,,,,
1984-10-02,,0.07,,,,,
1984-10-03,,0.12,,,,,
1984-10-04,,0.11,,,,,
1984-10-05,,0.2,,,,,
1984-10-09,,0.17,,,,,
1984-10-10,,0.15,,,,,
1984-10-11,,0.21,,,,,
1984-10-12,,0.59,,,,,
1984-10-15,,0.58,,,,,
1984-10-16,,0.63,,,,,
1984-10-17,,0.6,,,,,
1984-10-18,,0.66,,,,,
1984-10-19,,0.68,,,,,
1984-10-22,,0.67,,,,,
1984-10-23,,0.72,,,,,
1984-10-24,,0.76,,,,,
1984-10-25,,0.69,,,,,
1984-10-26,,0.6,,,,,
1984-10-29,,0.63,,,,,
1984-10-30,,0.76,,,,,
1984-10-31,,0.75,,,,,
1984-11-01,,0.77,,,,,
1984-11-02,,0.76,,,,,
1984-11-05,,0.78,,,,,
1984-11-07,,0.74,,,,,
1984-11-08,,0.7,,,,,
1984-11-09,,0.71,,,,,
1984-11-13,,0.71,,,,,
1984-11-14,,0.61,,,,,
1984-11-15,,0.66,,,,,
1984-11-16,,0.66,,,,,
1984-11-19,,0.69,,,,,
1984-11-20,,0.76,,,,,
1984-11-21,,0.77,,,,,
1984-11-23,,0.8,,,,,
1984-11-26,,0.74,,,,,
1984-11-27,,0.7,,,,,
1984-11-28,,0.66,,,,,
1984-11-29,,0.63,,,,,
1984-11-30,,0.57,,,,,
1984-12-03,,0.61,,,,,
1984-12-04,,0.61,,,,,
1984-12-05,,0.67,,,,,
1984-12-06,,0.62,,,,,
1984-12-07,,0.57,,,,,
1984-12-10,,0.58,,,,,
1984-12-11,,0.63,,,,,
1984-12-12,,0.65,,,,,
1984-12-13,,0.55,,,,,
1984-12-14,,0.61,,,,,
1984-12-17,,0.63,,,,,
1984-12-18,,0.71,,,,,
1984-12-19,,0.69,,,,,
1984-12-20,,0.67,,,,,
1984-12-21,,0.66,,,,,
1984-12-24,,0.66,,,,,
1984-12-26,,0.61,,,,,
1984-12-27,,0.65,,,,,
1984-12-28,,0.62,,,,,
1984-12-31,,0.6,,,,,
1985-01-02,,0.54,,,,,
1985-01-03,,0.59,,,,,
1985-01-04,,0.58,,,,,
1985-01-07,,0.64,,,,,
1985-01-08,,0.67,,,,,
1985-01-09,,0.66,,,,,
1985-01-10,,0.71,,,,,
1985-01-11,,0.61,,,,,
1985-01-14,,0.63,,,,,
1985-01-15,,0.7,,,,,
1985-01-16,,0.72,,,,,
1985-01-17,,0.72,,,,,
1985-01-18,,0.77,,,,,
1985-01-22,,0.73,,,,,
1985-01-23,,0.77,,,,,
1985-01-24,,0.81,,,,,
1985-01-25,,0.78,,,,,
1985-01-28,,0.77,,,,,
1985-01-29,,0.77,,,,,
1985-01-30,,0.71,,,,,
1985-01-31,,0.65,,,,,
1985-02-01,,0.6,,,,,
1985-02-04,,0.55,,,,,
1985-02-05,,0.58,,,,,
1985-02-06,,0.55,,,,,
1985-02-07,,0.62,,,,,
1985-02-08,,0.61,,,,,
1985-02-11,,0.57,,,,,
1985-02-13,,0.61,,,,,
1985-02-14,,0.67,,,,,
1985-02-15,,0.68,,,,,
1985-02-19,,0.65,,,,,
1985-02-20,,0.64,,,,,
1985-02-21,,0.65,,,,,
1985-02-22,,0.62,,,,,
1985-02-25,,0.67,,,,,
1985-02-26,,0.66,,,,,
1985-02-27,,0.62,,,,,
1985-02-28,,0.65,,,,,
1985-03-01,,0.63,,,,,
1985-03-04,,0.62,,,,,
1985-03-05,,0.65,,,,,
1985-03-06,,0.66,,,,,
1985-03-07,,0.7,,,,,
1985-03-08,,0.78,,,,,
1985-03-11,,0.8,,,,,
1985-03-12,,0.75,,,,,
1985-03-13,,0.7,,,,,
1985-03-14,,0.68,,,,,
1985-03-15,,0.74,,,,,
1985-03-18,,0.67,,,,,
1985-03-19,,0.67,,,,,
1985-03-20,,0.7,,,,,
1985-03-21,,0.74,,,,,
1985-03-22,,0.71,,,,,
1985-03-25,,0.69,,,,,
1985-03-26,,0.72,,,,,
1985-03-27,,0.7,,,,,
1985-03-28,,0.75,,,,,
1985-03-29,,0.77,,,,,
1985-04-01,,0.74,,,,,
1985-04-02,,0.75,,,,,
1985-04-03,,0.72,,,,,
1985-04-04,,0.72,,,,,
1985-04-08,,0.7,,,,,
1985-04-09,,0.76,,,,,
1985-04-10,,0.75,,,,,
1985-04-11,,0.81,,,,,
1985-04-12,,0.8,,,,,
1985-04-15,,0.82,,,,,
1985-04-16,,0.83,,,,,
1985-04-17,,0.83,,,,,
1985-04-18,,0.9,,,,,
1985-04-19,,0.86,,,,,
1985-04-22,,0.85,,,,,
1985-04-23,,0.82,,,,,
1985-04-24,,0.85,,,,,
1985-04-25,,0.79,,,,,
1985-04-26,,0.79,,,,,
1985-04-29,,0.75,,,,,
1985-04-30,,0.77,,,,,
1985-05-01,,0.89,,,,,
1985-05-02,,0.82,,,,,
1985-05-03,,0.87,,,,,
1985-05-06,,0.87,,,,,
1985-05-07,,0.88,,,,,
1985-05-08,,0.83,,,,,
1985-05-09,,0.83,,,,,
1985-05-10,,0.87,,,,,
1985-05-13,,0.85,,,,,
1985-05-14,,0.93,,,,,
1985-05-15,,0.9,,,,,
1985-05-16,,0.9,,,,,
1985-05-17,,0.81,,,,,
1985-05-20,,0.95,,,,,
1985-05-21,,0.92,,,,,
1985-05-22,,0.87,,,,,
1985-05-23,,0.87,,,,,
1985-05-24,,0.91,,,,,
1985-05-28,,0.9,,,,,
1985-05-29,,0.83,,,,,
1985-05-30,,0.89,,,,,
1985-05-31,,0.89,,,,,
1985-06-03,,0.99,,,,,
1985-06-04,,0.94,,,,,
1985-06-05,,1.05,,,,,
1985-06-06,,0.93,,,,,
1985-06-07,,0.73,,,,,
1985-06-10,,0.78,,,,,
1985-06-11,,0.81,,,,,
1985-06-12,,0.72,,,,,
1985-06-13,,0.71,,,,,
1985-06-14,,0.81,,,,,
1985-06-17,,0.84,,,,,
1985-06-18,,0.85,,,,,
1985-06-19,,0.79,,,,,
1985-06-20,,0.78,,,,,
1985-06-21,,0.67,,,,,
1985-06-24,,0.62,,,,,
1985-06-25,,0.63,,,,,
1985-06-26,,0.63,,,,,
1985-06-27,,0.7,,,,,
1985-06-28,,0.74,,,,,
1985-07-01,,0.79,,,,,
1985-07-02,,0.75,,,,,
1985-07-03,,0.7,,,,,
1985-07-05,,0.83,,,,,
1985-07-08,,0.75,,,,,
1985-07-09,,0.77,,,,,
1985-07-10,,0.77,,,,,
1985-07-11,,0.68,,,,,
1985-07-12,,0.65,,,,,
1985-07-15,,0.64,,,,,
1985-07-16,,0.7,,,,,
1985-07-17,,0.71,,,,,
1985-07-18,,0.62,,,,,
1985-07-19,,0.57,,,,,
1985-07-22,,0.57,,,,,
1985-07-23,,0.55,,,,,
1985-07-24,,0.54,,,,,
1985-07-25,,0.56,,,,,
1985-07-26,,0.56,,,,,
1985-07-29,,0.53,,,,,
1985-07-30,,0.59,,,,,
1985-07-31,,0.66,,,,,
1985-08-01,,0.66,,,,,
1985-08-02,,0.56,,,,,
1985-08-05,,0.58,,,,,
1985-08-06,,0.61,,,,,
1985-08-07,,0.69,,,,,
1985-08-08,,0.75,,,,,
1985-08-09,,0.75,,,,,
1985-08-12,,0.7,,,,,
1985-08-13,,0.65,,,,,
1985-08-14,,0.71,,,,,
1985-08-15,,0.73,,,,,
1985-08-16,,0.79,,,,,
1985-08-19,,0.76,,,,,
1985-08-20,,0.78,,,,,
1985-08-21,,0.83,,,,,
1985-08-22,,0.79,,,,,
1985-08-23,,0.79,,,,,
1985-08-26,,0.78,,,,,
1985-08-27,,0.77,,,,,
1985-08-28,,0.73,,,,,
1985-08-29,,0.74,,,,,
1985-08-30,,0.63,,,,,
1985-09-03,,0.65,,,,,
1985-09-04,,0.73,,,,,
1985-09-05,,0.65,,,,,
1985-09-06,,0.56,,,,,
1985-09-09,,0.62,,,,,
1985-09-10,,0.64,,,,,
1985-09-11,,0.63,,,,,
1985-09-12,,0.65,,,,,
1985-09-13,,0.72,,,,,
1985-09-16,,0.72,,,,,
1985-09-17,,0.73,,,,,
1985-09-18,,0.72,,,,,
1985-09-19,,0.69,,,,,
1985-09-20,,0.71,,,,,
1985-09-23,,0.68,,,,,
1985-09-24,,0.74,,,,,
1985-09-25,,0.79,,,,,
1985-09-26,,0.8,,,,,
1985-09-30,,0.76,,,,,
1985-10-01,,0.74,,,,,
1985-10-02,,0.77,,,,,
1985-10-03,,0.75,,,,,
1985-10-04,,0.73,,,,,
1985-10-07,,0.72,,,,,
1985-10-08,,0.75,,,,,
1985-10-09,,0.76,,,,,
1985-10-10,,0.78,,,,,
1985-10-11,,0.76,,,,,
1985-10-15,,0.76,,,,,
1985-10-16,,0.78,,,,,
1985-10-17,,0.81,,,,,
1985-10-18,,0.81,,,,,
1985-10-21,,0.78,,,,,
1985-10-22,,0.79,,,,,
1985-10-23,,0.77,,,,,
1985-10-24,,0.79,,,,,
1985-10-25,,0.79,,,,,
1985-10-28,,0.72,,,,,
1985-10-29,,0.81,,,,,
1985-10-30,,0.87,,,,,
1985-10-31,,0.82,,,,,
1985-11-01,,0.78,,,,,
1985-11-04,,0.74,,,,,
1985-11-05,,0.76,,,,,
1985-11-06,,0.76,,,,,
1985-11-07,,0.74,,,,,
1985-11-08,,0.75,,,,,
1985-11-12,,0.79,,,,,
1985-11-13,,0.76,,,,,
1985-11-14,,0.73,,,,,
1985-11-15,,0.65,,,,,
1985-11-18,,0.78,,,,,
1985-11-19,,0.73,,,,,
1985-11-20,,0.74,,,,,
1985-11-21,,0.86,,,,,
1985-11-22,,0.81,,,,,
1985-11-25,,0.77,,,,,
1985-11-26,,0.77,,,,,
1985-11-27,,0.78,,,,,
1985-11-29,,0.82,,,,,
1985-12-02,,0.75,,,,,
1985-12-03,,0.76,,,,,
1985-12-04,,0.81,,,,,
1985-12-05,,0.8,,,,,
1985-12-06,,0.78,,,,,
1985-12-09,,0.85,,,,,
1985-12-10,,0.91,,,,,
1985-12-11,,1.06,,,,,
1985-12-12,,0.98,,,,,
1985-12-13,,0.96,,,,,
1985-12-16,,0.96,,,,,
1985-12-17,,1.01,,,,,
1985-12-18,,0.95,,,,,
1985-12-19,,0.94,,,,,
1985-12-20,,0.94,,,,,
1985-12-23,,0.92,,,,,
1985-12-24,,0.9,,,,,
1985-12-26,,0.91,,,,,
1985-12-27,,0.95,,,,,
1985-12-30,,0.93,,,,,
1985-12-31,,0.91,,,,,
1986-01-02,2.34,0.88,,1.46,,,
1986-01-03,2.3,0.87,,1.43,,,
1986-01-06,2.29,0.87,,1.42,,,
1986-01-07,2.35,0.91,,1.44,,,
1986-01-08,2.21,0.76,,1.45,,,
1986-01-09,2.16,0.71,,1.45,,,
1986-01-10,2.06,0.7,,1.36,,,
1986-01-13,2.03,0.75,,1.28,,,
1986-01-14,2.03,0.75,,1.28,,,
1986-01-15,2.2,0.86,,1.34,,,
1986-01-16,2.17,0.86,,1.31,,,
1986-01-17,2.2,0.91,,1.29,,,
1986-01-21,2.24,0.89,,1.35,,,
1986-01-22,2.23,0.84,,1.39,,,
1986-01-23,2.29,0.9,,1.39,,,
1986-01-24,2.26,0.89,,1.37,,,
1986-01-27,2.35,0.94,,1.41,,,
1986-01-28,2.41,0.94,,1.47,,,
1986-01-29,2.34,0.89,,1.45,,,
1986-01-30,2.32,0.89,,1.43,,,
1986-01-31,2.29,0.89,,1.4,,,
1986-02-03,2.3,0.9,,1.4,,,
1986-02-04,2.29,0.92,,1.37,,,
1986-02-05,2.28,0.9,,1.38,,,
1986-02-06,2.25,0.86,,1.39,,,
1986-02-07,2.22,0.83,,1.39,,,
1986-02-10,2.3,0.9,,1.4,,,
1986-02-11,2.35,0.94,,1.41,,,
1986-02-12,2.36,0.96,,1.4,,,
1986-02-13,2.38,0.97,,1.41,,,
1986-02-14,2.47,1.05,,1.42,,,
1986-02-18,2.49,1.06,,1.43,,,
1986-02-19,2.43,0.98,,1.45,,,
1986-02-20,2.44,1,,1.44,,,
1986-02-21,2.54,1.02,,1.52,,,
1986-02-24,2.56,1,,1.56,,,
1986-02-25,2.54,1,,1.54,,,
1986-02-26,2.51,0.95,,1.56,,,
1986-02-27,2.56,1.05,,1.51,,,
1986-02-28,2.49,1,,1.49,,,
1986-03-03,2.57,1.07,,1.5,,,
1986-03-04,2.6,1.09,,1.51,,,
1986-03-05,2.48,1,,1.48,,,
1986-03-06,2.58,1.06,,1.52,,,
1986-03-07,2.68,1.14,,1.54,,,
1986-03-10,2.79,1.22,,1.57,,,
1986-03-11,2.82,1.26,,1.56,,,
1986-03-12,2.79,1.28,,1.51,,,
1986-03-13,2.75,1.25,,1.5,,,
1986-03-14,2.72,1.27,,1.45,,,
1986-03-17,2.68,1.23,,1.45,,,
1986-03-18,2.68,1.22,,1.46,,,
1986-03-19,2.71,1.22,,1.49,,,
1986-03-20,2.73,1.24,,1.49,,,
1986-03-21,2.69,1.23,,1.46,,,
1986-03-24,2.73,1.3,,1.43,,,
1986-03-25,2.74,1.3,,1.44,,,
1986-03-26,2.79,1.3,,1.49,,,
1986-03-27,2.88,1.32,,1.56,,,
1986-03-31,2.92,1.34,,1.58,,,
1986-04-01,2.91,1.34,,1.57,,,
1986-04-02,2.92,1.39,,1.53,,,
1986-04-03,2.85,1.33,,1.52,,,
1986-04-04,2.84,1.35,,1.49,,,
1986-04-07,2.87,1.39,,1.48,,,
1986-04-08,2.93,1.45,,1.48,,,
1986-04-09,2.94,1.45,,1.49,,,
1986-04-10,2.97,1.48,,1.49,,,
1986-04-11,2.96,1.43,,1.53,,,
1986-04-14,2.98,1.48,,1.5,,,
1986-04-15,2.98,1.49,,1.49,,,
1986-04-16,3.16,1.64,,1.52,,,
1986-04-17,3.15,1.6,,1.55,,,
1986-04-18,2.88,1.58,,1.3,,,
1986-04-21,2.97,1.68,,1.29,,,
1986-04-22,2.81,1.59,,1.22,,,
1986-04-23,2.76,1.55,,1.21,,,
1986-04-24,2.7,1.48,,1.22,,,
1986-04-25,2.68,1.44,,1.24,,,
1986-04-28,2.75,1.5,,1.25,,,
1986-04-29,2.82,1.57,,1.25,,,
1986-04-30,2.78,1.56,,1.22,,,
1986-05-01,2.73,1.52,,1.21,,,
1986-05-02,2.73,1.5,,1.23,,,
1986-05-05,2.71,1.52,,1.19,,,
1986-05-06,2.7,1.51,,1.19,,,
1986-05-07,2.73,1.56,,1.17,,,
1986-05-08,2.75,1.55,,1.2,,,
1986-05-09,2.71,1.52,,1.19,,,
1986-05-12,2.58,1.43,,1.15,,,
1986-05-13,2.6,1.46,,1.14,,,
1986-05-14,2.6,1.42,,1.18,,,
1986-05-15,2.56,1.34,,1.22,,,
1986-05-16,2.39,1.21,,1.18,,,
1986-05-19,2.41,1.23,,1.18,,,
1986-05-20,2.46,1.29,,1.17,,,
1986-05-21,2.47,1.28,,1.19,,,
1986-05-22,2.48,1.29,,1.19,,,
1986-05-23,2.53,1.28,,1.25,,,
1986-05-27,2.59,1.34,,1.25,,,
1986-05-28,2.61,1.36,,1.25,,,
1986-05-29,2.4,1.16,,1.24,,,
1986-05-30,2.36,1.19,,1.17,,,
1986-06-02,2.19,1.05,,1.14,,,
1986-06-03,2.31,1.14,,1.17,,,
1986-06-04,2.06,0.96,,1.1,,,
1986-06-05,2.15,0.92,,1.23,,,
1986-06-06,2.46,1.21,,1.25,,,
1986-06-09,2.35,1.1,,1.25,,,
1986-06-10,2.4,1.12,,1.28,,,
1986-06-11,2.43,1.19,,1.24,,,
1986-06-12,2.45,1.21,,1.24,,,
1986-06-13,2.62,1.39,,1.23,,,
1986-06-16,2.66,1.43,,1.23,,,
1986-06-17,2.66,1.44,,1.22,,,
1986-06-18,2.71,1.52,,1.19,,,
1986-06-19,2.64,1.46,,1.18,,,
1986-06-20,2.68,1.45,,1.23,,,
1986-06-23,2.68,1.47,,1.21,,,
1986-06-24,2.73,1.54,,1.19,,,
1986-06-25,2.79,1.6,,1.19,,,
1986-06-26,2.76,1.59,,1.17,,,
1986-06-27,2.8,1.59,,1.21,,,
1986-06-30,2.81,1.61,,1.2,,,
1986-07-01,2.78,1.56,,1.22,,,
1986-07-02,2.79,1.56,,1.23,,,
1986-07-03,2.82,1.58,,1.24,,,
1986-07-07,2.84,1.59,,1.25,,,
1986-07-08,2.72,1.5,,1.22,,,
1986-07-09,2.83,1.56,,1.27,,,
1986-07-10,2.8,1.57,,1.23,,,
1986-07-11,2.84,1.58,,1.26,,,
1986-07-14,2.84,1.6,,1.24,,,
1986-07-15,2.9,1.66,,1.24,,,
1986-07-16,2.88,1.62,,1.26,,,
1986-07-17,2.94,1.67,,1.27,,,
1986-07-18,2.97,1.69,,1.28,,,
1986-07-21,2.97,1.71,,1.26,,,
1986-07-22,2.94,1.71,,1.23,,,
1986-07-23,2.83,1.64,,1.19,,,
1986-07-24,2.88,1.47,,1.41,,,
1986-07-25,2.93,1.48,,1.45,,,
1986-07-28,2.79,1.39,,1.4,,,
1986-07-29,2.88,1.48,,1.4,,,
1986-07-30,2.87,1.46,,1.41,,,
1986-07-31,2.91,1.51,,1.4,,,
1986-08-01,2.91,1.52,,1.39,,,
1986-08-04,2.91,1.51,,1.4,,,
1986-08-05,2.88,1.47,,1.41,,,
1986-08-06,2.87,1.41,,1.46,,,
1986-08-07,2.88,1.41,,1.47,,,
1986-08-08,2.99,1.5,,1.49,,,
1986-08-11,3.05,1.51,,1.54,,,
1986-08-12,3.06,1.54,,1.52,,,
1986-08-13,3.09,1.56,,1.53,,,
1986-08-14,3.06,1.56,,1.5,,,
1986-08-15,3.12,1.58,,1.54,,,
1986-08-18,3,1.55,,1.45,,,
1986-08-19,3.11,1.62,,1.49,,,
1986-08-20,3.11,1.64,,1.47,,,
1986-08-21,3.13,1.68,,1.45,,,
1986-08-22,3.04,1.61,,1.43,,,
1986-08-25,3,1.6,,1.4,,,
1986-08-26,3.06,1.64,,1.42,,,
1986-08-27,3.01,1.58,,1.43,,,
1986-08-28,2.99,1.58,,1.41,,,
1986-08-29,3.07,1.64,,1.43,,,
1986-09-02,3.03,1.65,,1.38,,,
1986-09-03,2.88,1.53,,1.35,,,
1986-09-04,2.92,1.59,,1.33,,,
1986-09-05,2.8,1.47,,1.33,,,
1986-09-08,2.83,1.44,,1.39,,,
1986-09-09,2.83,1.44,,1.39,,,
1986-09-10,2.81,1.44,,1.37,,,
1986-09-11,2.68,1.34,,1.34,,,
1986-09-12,2.64,1.32,,1.32,,,
1986-09-15,2.71,1.38,,1.33,,,
1986-09-16,2.7,1.38,,1.32,,,
1986-09-17,2.74,1.45,,1.29,,,
1986-09-18,2.63,1.36,,1.27,,,
1986-09-19,2.61,1.36,,1.25,,,
1986-09-22,2.67,1.4,,1.27,,,
1986-09-23,2.68,1.42,,1.26,,,
1986-09-24,2.74,1.47,,1.27,,,
1986-09-25,2.74,1.48,,1.26,,,
1986-09-26,2.74,1.47,,1.27,,,
1986-09-29,2.71,1.43,,1.28,,,
1986-09-30,2.75,1.44,,1.31,,,
1986-10-01,2.81,1.48,,1.33,,,
1986-10-02,2.81,1.45,,1.36,,,
1986-10-03,2.92,1.55,,1.37,,,
1986-10-06,2.95,1.56,,1.39,,,
1986-10-07,2.95,1.56,,1.39,,,
1986-10-08,2.94,1.56,,1.38,,,
1986-10-09,2.92,1.54,,1.38,,,
1986-10-10,2.87,1.52,,1.35,,,
1986-10-14,2.74,1.39,,1.35,,,
1986-10-15,2.73,1.37,,1.36,,,
1986-10-16,2.74,1.36,,1.38,,,
1986-10-17,2.71,1.32,,1.39,,,
1986-10-20,2.64,1.28,,1.36,,,
1986-10-21,2.72,1.33,,1.39,,,
1986-10-22,2.76,1.41,,1.35,,,
1986-10-23,2.8,1.43,,1.37,,,
1986-10-24,2.77,1.37,,1.4,,,
1986-10-27,2.78,1.41,,1.37,,,
1986-10-28,2.77,1.38,,1.39,,,
1986-10-29,2.8,1.4,,1.4,,,
1986-10-30,2.86,1.44,,1.42,,,
1986-10-31,2.82,1.45,,1.37,,,
1986-11-03,2.81,1.41,,1.4,,,
1986-11-04,2.78,1.41,,1.37,,,
1986-11-05,2.82,1.47,,1.35,,,
1986-11-06,2.77,1.42,,1.35,,,
1986-11-07,2.73,1.39,,1.34,,,
1986-11-10,2.76,1.41,,1.35,,,
1986-11-12,2.76,1.43,,1.33,,,
1986-11-13,2.78,1.43,,1.35,,,
1986-11-14,2.82,1.44,,1.38,,,
1986-11-17,2.85,1.45,,1.4,,,
1986-11-18,2.8,1.4,,1.4,,,
1986-11-19,2.86,1.47,,1.39,,,
1986-11-20,2.83,1.44,,1.39,,,
1986-11-21,2.84,1.45,,1.39,,,
1986-11-24,2.88,1.47,,1.41,,,
1986-11-25,2.84,1.39,,1.45,,,
1986-11-26,2.84,1.39,,1.45,,,
1986-11-28,2.85,1.38,,1.47,,,
1986-12-01,2.82,1.37,,1.45,,,
1986-12-02,2.92,1.46,,1.46,,,
1986-12-03,2.92,1.46,,1.46,,,
1986-12-04,2.96,1.5,,1.46,,,
1986-12-05,2.82,1.35,,1.47,,,
1986-12-08,2.88,1.36,,1.52,,,
1986-12-09,2.9,1.4,,1.5,,,
1986-12-10,2.9,1.43,,1.47,,,
1986-12-11,2.83,1.36,,1.47,,,
1986-12-12,2.85,1.37,,1.48,,,
1986-12-15,2.83,1.37,,1.46,,,
1986-12-16,2.85,1.39,,1.46,,,
1986-12-17,2.86,1.39,,1.47,,,
1986-12-18,2.87,1.41,,1.46,,,
1986-12-19,2.85,1.4,,1.45,,,
1986-12-22,2.89,1.39,,1.5,,,
1986-12-23,2.91,1.39,,1.52,,,
1986-12-24,2.91,1.39,,1.52,,,
1986-12-26,2.88,1.36,,1.52,,,
1986-12-29,2.75,1.28,,1.47,,,
1986-12-30,2.75,1.27,,1.48,,,
1986-12-31,2.76,1.3,,1.46,,,
1987-01-02,2.79,1.31,,1.48,,,
1987-01-05,2.82,1.36,,1.46,,,
1987-01-06,2.78,1.33,,1.45,,,
1987-01-07,2.77,1.35,,1.42,,,
1987-01-08,2.72,1.33,,1.39,,,
1987-01-09,2.73,1.35,,1.38,,,
1987-01-12,2.67,1.29,,1.38,,,
1987-01-13,2.62,1.22,,1.4,,,
1987-01-14,2.61,1.21,,1.4,,,
1987-01-15,2.61,1.26,,1.35,,,
1987-01-16,2.64,1.31,,1.33,,,
1987-01-20,2.63,1.32,,1.31,,,
1987-01-21,2.63,1.29,,1.34,,,
1987-01-22,2.61,1.26,,1.35,,,
1987-01-23,2.58,1.26,,1.32,,,
1987-01-26,2.5,1.16,,1.34,,,
1987-01-27,2.52,1.24,,1.28,,,
1987-01-28,2.57,1.27,,1.3,,,
1987-01-29,2.55,1.24,,1.31,,,
1987-01-30,2.5,1.18,,1.32,,,
1987-02-02,2.45,1.15,,1.3,,,
1987-02-03,2.4,1.14,,1.26,,,
1987-02-04,2.44,1.16,,1.28,,,
1987-02-05,2.43,1.19,,1.24,,,
1987-02-06,2.42,1.17,,1.25,,,
1987-02-09,2.36,1.1,,1.26,,,
1987-02-10,2.32,1.06,,1.26,,,
1987-02-11,2.32,1.04,,1.28,,,
1987-02-12,2.37,1.11,,1.26,,,
1987-02-13,2.39,1.11,,1.28,,,
1987-02-17,2.35,1.09,,1.26,,,
1987-02-18,2.38,1.12,,1.26,,,
1987-02-19,2.43,1.17,,1.26,,,
1987-02-20,2.43,1.13,,1.3,,,
1987-02-23,2.43,1.16,,1.27,,,
1987-02-24,2.46,1.19,,1.27,,,
1987-02-25,2.41,1.14,,1.27,,,
1987-02-26,2.43,1.14,,1.29,,,
1987-02-27,2.43,1.17,,1.26,,,
1987-03-02,2.46,1.17,,1.29,,,
1987-03-03,2.41,1.12,,1.29,,,
1987-03-04,2.46,1.22,,1.24,,,
1987-03-05,2.43,1.16,,1.27,,,
1987-03-06,2.35,1.11,,1.24,,,
1987-03-09,2.38,1.13,,1.25,,,
1987-03-10,2.39,1.13,,1.26,,,
1987-03-11,2.39,1.14,,1.25,,,
1987-03-12,2.4,1.15,,1.25,,,
1987-03-13,2.4,1.17,,1.23,,,
1987-03-16,2.36,1.13,,1.23,,,
1987-03-17,2.38,1.16,,1.22,,,
1987-03-18,2.36,1.14,,1.22,,,
1987-03-19,2.36,1.15,,1.21,,,
1987-03-20,2.36,1.14,,1.22,,,
1987-03-23,2.34,1.11,,1.23,,,
1987-03-24,2.34,1.09,,1.25,,,
1987-03-25,2.36,1.1,,1.26,,,
1987-03-26,2.38,1.1,,1.28,,,
1987-03-27,2.31,1.04,,1.27,,,
1987-03-30,2.14,0.91,,1.23,,,
1987-03-31,2.19,0.96,,1.23,,,
1987-04-01,2.16,0.93,,1.23,,,
1987-04-02,2.15,0.95,,1.2,,,
1987-04-03,2.16,0.95,,1.21,,,
1987-04-06,2.18,0.99,,1.19,,,
1987-04-07,2.12,0.91,,1.21,,,
1987-04-08,2.13,0.91,,1.22,,,
1987-04-09,2.01,0.81,,1.2,,,
1987-04-10,1.87,0.65,,1.22,,,
1987-04-13,1.85,0.65,,1.2,,,
1987-04-14,1.76,0.55,,1.21,,,
1987-04-15,2.02,0.78,,1.24,,,
1987-04-16,2.09,0.82,,1.27,,,
1987-04-20,1.91,0.74,,1.17,,,
1987-04-21,2,0.86,,1.14,,,
1987-04-22,1.98,0.81,,1.17,,,
1987-04-23,1.9,0.72,,1.18,,,
1987-04-24,1.86,0.71,,1.15,,,
1987-04-27,2.01,0.87,,1.14,,,
1987-04-28,2.09,0.98,,1.11,,,
1987-04-29,2.02,0.86,,1.16,,,
1987-04-30,2.16,0.96,,1.2,,,
1987-05-01,1.96,0.76,,1.2,,,
1987-05-04,1.9,0.69,,1.21,,,
1987-05-05,1.96,0.75,,1.21,,,
1987-05-06,1.9,0.66,,1.24,,,
1987-05-07,1.98,0.73,,1.25,,,
1987-05-08,2.05,0.78,,1.27,,,
1987-05-11,1.84,0.64,,1.2,,,
1987-05-12,1.91,0.68,,1.23,,,
1987-05-13,1.9,0.7,,1.2,,,
1987-05-14,1.89,0.67,,1.22,,,
1987-05-15,1.66,0.51,,1.15,,,
1987-05-18,1.79,0.66,,1.13,,,
1987-05-19,1.66,0.56,,1.1,,,
1987-05-20,1.72,0.59,,1.13,,,
1987-05-21,1.84,0.7,,1.14,,,
1987-05-22,1.91,0.76,,1.15,,,
1987-05-26,2.06,0.88,,1.18,,,
1987-05-27,1.96,0.79,,1.17,,,
1987-05-28,2.03,0.83,,1.2,,,
1987-05-29,2.08,0.91,,1.17,,,
1987-06-01,2.09,0.91,,1.18,,,
1987-06-02,1.89,0.69,,1.2,,,
1987-06-03,1.99,0.74,,1.25,,,
1987-06-04,2.04,0.8,,1.24,,,
1987-06-05,2.13,0.86,,1.27,,,
1987-06-08,2.08,0.83,,1.25,,,
1987-06-09,2.05,0.83,,1.22,,,
1987-06-10,2.02,0.81,,1.21,,,
1987-06-11,2.06,0.85,,1.21,,,
1987-06-12,2.2,1.01,,1.19,,,
1987-06-15,2.24,1.04,,1.2,,,
1987-06-16,2.21,1.03,,1.18,,,
1987-06-17,2.24,1.04,,1.2,,,
1987-06-18,2.21,1.02,,1.19,,,
1987-06-19,2.15,0.99,,1.16,,,
1987-06-22,2.2,1.01,,1.19,,,
1987-06-23,2.19,1.02,,1.17,,,
1987-06-24,2.13,0.94,,1.19,,,
1987-06-25,2.18,1,,1.18,,,
1987-06-26,2.08,0.88,,1.2,,,
1987-06-29,2.14,0.96,,1.18,,,
1987-06-30,2.12,0.95,,1.17,,,
1987-07-01,2.18,0.98,,1.2,,,
1987-07-02,2.25,1.03,,1.22,,,
1987-07-06,2.24,1.01,,1.23,,,
1987-07-07,2.24,1.02,,1.22,,,
1987-07-08,2.2,1,,1.2,,,
1987-07-09,2.14,0.95,,1.19,,,
1987-07-10,2.2,1.01,,1.19,,,
1987-07-13,2.15,0.96,,1.19,,,
1987-07-14,2.24,1.03,,1.21,,,
1987-07-15,2.17,0.95,,1.22,,,
1987-07-16,2.15,0.95,,1.2,,,
1987-07-17,2.21,1.02,,1.19,,,
1987-07-20,2.16,0.97,,1.19,,,
1987-07-21,2.11,0.92,,1.19,,,
1987-07-22,2.1,0.93,,1.17,,,
1987-07-23,2.1,0.94,,1.16,,,
1987-07-24,2.06,0.94,,1.12,,,
1987-07-27,2.11,0.94,,1.17,,,
1987-07-28,2.11,0.92,,1.19,,,
1987-07-29,2.13,0.96,,1.17,,,
1987-07-30,2.15,0.96,,1.19,,,
1987-07-31,2.11,0.91,,1.2,,,
1987-08-03,2.03,0.83,,1.2,,,
1987-08-04,2.05,0.82,,1.23,,,
1987-08-05,2.14,0.95,,1.19,,,
1987-08-06,2.12,0.92,,1.2,,,
1987-08-07,2.09,0.96,,1.13,,,
1987-08-10,2.03,0.91,,1.12,,,
1987-08-11,2.04,0.91,,1.13,,,
1987-08-12,2.04,0.9,,1.14,,,
1987-08-13,2.13,0.97,,1.16,,,
1987-08-14,2.17,1.05,,1.12,,,
1987-08-17,2.15,1.08,,1.07,,,
1987-08-18,2.04,0.97,,1.07,,,
1987-08-19,2.02,0.95,,1.07,,,
1987-08-20,2.03,0.94,,1.09,,,
1987-08-21,2.02,0.89,,1.13,,,
1987-08-24,2.01,0.89,,1.12,,,
1987-08-25,2.06,0.93,,1.13,,,
1987-08-26,2.01,0.89,,1.12,,,
1987-08-27,1.93,0.79,,1.14,,,
1987-08-28,1.86,0.74,,1.12,,,
1987-08-31,1.92,0.79,,1.13,,,
1987-09-01,1.86,0.75,,1.11,,,
1987-09-02,1.72,0.59,,1.13,,,
1987-09-03,1.81,0.62,,1.19,,,
1987-09-04,1.78,0.66,,1.12,,,
1987-09-08,1.68,0.55,,1.13,,,
1987-09-09,1.78,0.71,,1.07,,,
1987-09-10,1.73,0.75,,0.98,,,
1987-09-11,1.91,0.84,,1.07,,,
1987-09-14,1.92,0.84,,1.08,,,
1987-09-15,1.94,0.82,,1.12,,,
1987-09-16,1.92,0.82,,1.1,,,
1987-09-17,1.97,0.85,,1.12,,,
1987-09-18,2.07,0.92,,1.15,,,
1987-09-21,1.96,0.83,,1.13,,,
1987-09-22,2.06,0.87,,1.19,,,
1987-09-23,2.02,0.82,,1.2,,,
1987-09-24,1.9,0.73,,1.17,,,
1987-09-25,1.91,0.76,,1.15,,,
1987-09-28,1.87,0.74,,1.13,,,
1987-09-29,1.86,0.68,,1.18,,,
1987-09-30,1.91,0.78,,1.13,,,
1987-10-01,1.82,0.68,,1.14,,,
1987-10-02,1.96,0.75,,1.21,,,
1987-10-05,1.88,0.7,,1.18,,,
1987-10-06,1.87,0.71,,1.16,,,
1987-10-07,1.84,0.68,,1.16,,,
1987-10-08,1.8,0.72,,1.08,,,
1987-10-09,1.74,0.66,,1.08,,,
1987-10-13,1.82,0.7,,1.12,,,
1987-10-14,1.65,0.57,,1.08,,,
1987-10-15,1.64,0.67,,0.97,,,
1987-10-16,1.59,0.62,,0.97,,,
1987-10-19,1.89,0.91,,0.98,,,
1987-10-20,2.47,1.34,,1.13,,,
1987-10-21,2.5,1.4,,1.1,,,
1987-10-22,2.68,1.52,,1.16,,,
1987-10-23,2.53,1.44,,1.09,,,
1987-10-26,2.58,1.47,,1.11,,,
1987-10-27,2.42,1.33,,1.09,,,
1987-10-28,2.36,1.29,,1.07,,,
1987-10-29,2.46,1.33,,1.13,,,
1987-10-30,2.45,1.31,,1.14,,,
1987-11-02,2.37,1.21,,1.16,,,
1987-11-03,2.47,1.25,,1.22,,,
1987-11-04,2.45,1.24,,1.21,,,
1987-11-05,2.49,1.26,,1.23,,,
1987-11-06,2.41,1.24,,1.17,,,
1987-11-09,2.39,1.22,,1.17,,,
1987-11-10,2.39,1.17,,1.22,,,
1987-11-12,2.39,1.16,,1.23,,,
1987-11-13,2.35,1.14,,1.21,,,
1987-11-16,2.39,1.13,,1.26,,,
1987-11-17,2.36,1.11,,1.25,,,
1987-11-18,2.37,1.12,,1.25,,,
1987-11-19,2.4,1.16,,1.24,,,
1987-11-20,2.43,1.17,,1.26,,,
1987-11-23,2.42,1.19,,1.23,,,
1987-11-24,2.32,1.1,,1.22,,,
1987-11-25,2.24,1.02,,1.22,,,
1987-11-27,2.11,0.95,,1.16,,,
1987-11-30,2.24,1.14,,1.1,,,
1987-12-01,2.22,1.12,,1.1,,,
1987-12-02,2.22,1.1,,1.12,,,
1987-12-03,2.31,1.12,,1.19,,,
1987-12-04,2.27,1.07,,1.2,,,
1987-12-07,2.18,0.98,,1.2,,,
1987-12-08,2.16,1.01,,1.15,,,
1987-12-09,2.19,1.06,,1.13,,,
1987-12-10,2.11,0.97,,1.14,,,
1987-12-11,2.15,0.98,,1.17,,,
1987-12-14,2.19,1.03,,1.16,,,
1987-12-15,2.31,1.13,,1.18,,,
1987-12-16,2.37,1.18,,1.19,,,
1987-12-17,2.31,1.13,,1.18,,,
1987-12-18,2.4,1.22,,1.18,,,
1987-12-21,2.42,1.2,,1.22,,,
1987-12-22,2.36,1.14,,1.22,,,
1987-12-23,2.44,1.26,,1.18,,,
1987-12-24,2.41,1.22,,1.19,,,
1987-12-28,2.34,1.13,,1.21,,,
1987-12-29,2.38,1.22,,1.16,,,
1987-12-30,2.45,1.28,,1.17,,,
1987-12-31,2.39,1.23,,1.16,,,
1988-01-04,2.38,1.19,,1.19,,,
1988-01-05,2.45,1.23,,1.22,,,
1988-01-06,2.38,1.16,,1.22,,,
1988-01-07,2.38,1.16,,1.22,,,
1988-01-08,2.3,1.07,,1.23,,,
1988-01-11,2.29,1.08,,1.21,,,
1988-01-12,2.29,1.09,,1.2,,,
1988-01-13,2.34,1.14,,1.2,,,
1988-01-14,2.32,1.13,,1.19,,,
1988-01-15,2.51,1.35,,1.16,,,
1988-01-19,2.39,1.24,,1.15,,,
1988-01-20,2.39,1.27,,1.12,,,
1988-01-21,2.47,1.35,,1.12,,,
1988-01-22,2.48,1.33,,1.15,,,
1988-01-25,2.44,1.25,,1.19,,,
1988-01-26,2.37,1.18,,1.19,,,
1988-01-27,2.49,1.29,,1.2,,,
1988-01-28,2.49,1.26,,1.23,,,
1988-01-29,2.51,1.26,,1.25,,,
1988-02-01,2.52,1.23,,1.29,,,
1988-02-02,2.55,1.31,,1.24,,,
1988-02-03,2.48,1.22,,1.26,,,
1988-02-04,2.45,1.21,,1.24,,,
1988-02-05,2.54,1.3,,1.24,,,
1988-02-08,2.46,1.25,,1.21,,,
1988-02-09,2.47,1.27,,1.2,,,
1988-02-10,2.49,1.29,,1.2,,,
1988-02-11,2.44,1.25,,1.19,,,
1988-02-12,2.35,1.12,,1.23,,,
1988-02-16,2.32,1.12,,1.2,,,
1988-02-17,2.28,1.09,,1.19,,,
1988-02-18,2.31,1.11,,1.2,,,
1988-02-19,2.32,1.13,,1.19,,,
1988-02-22,2.35,1.14,,1.21,,,
1988-02-23,2.39,1.17,,1.22,,,
1988-02-24,2.36,1.13,,1.23,,,
1988-02-25,2.31,1.09,,1.22,,,
1988-02-26,2.38,1.12,,1.26,,,
1988-02-29,2.37,1.13,,1.24,,,
1988-03-01,2.35,1.11,,1.24,,,
1988-03-02,2.35,1.12,,1.23,,,
1988-03-03,2.3,1.13,,1.17,,,
1988-03-04,2.17,1.01,,1.16,,,
1988-03-07,2.16,1.03,,1.13,,,
1988-03-08,2.15,1,,1.15,,,
1988-03-09,2.18,1.01,,1.17,,,
1988-03-10,2.18,1,,1.18,,,
1988-03-11,2.24,1.09,,1.15,,,
1988-03-14,2.26,1.09,,1.17,,,
1988-03-15,2.24,1.06,,1.18,,,
1988-03-16,2.2,1.01,,1.19,,,
1988-03-17,2.24,1.05,,1.19,,,
1988-03-18,2.13,0.95,,1.18,,,
1988-03-21,2.15,0.94,,1.21,,,
1988-03-22,2.17,0.97,,1.2,,,
1988-03-23,2.16,0.96,,1.2,,,
1988-03-24,2.14,0.96,,1.18,,,
1988-03-25,2.2,1,,1.2,,,
1988-03-28,2.1,0.92,,1.18,,,
1988-03-29,2.13,0.96,,1.17,,,
1988-03-30,2.2,0.98,,1.22,,,
1988-03-31,2.19,0.99,,1.2,,,
1988-04-04,2.15,0.92,,1.23,,,
1988-04-05,2.17,0.94,,1.23,,,
1988-04-06,2.23,1.01,,1.22,,,
1988-04-07,2.23,1.03,,1.2,,,
1988-04-08,2.27,1.07,,1.2,,,
1988-04-11,2.25,1.01,,1.24,,,
1988-04-12,2.26,1.01,,1.25,,,
1988-04-13,2.25,1.03,,1.22,,,
1988-04-14,2.22,0.96,,1.26,,,
1988-04-15,2.18,0.93,,1.25,,,
1988-04-18,2.15,0.91,,1.24,,,
1988-04-19,2.17,0.9,,1.27,,,
1988-04-20,2.16,0.91,,1.25,,,
1988-04-21,2.15,0.91,,1.24,,,
1988-04-22,2.2,0.97,,1.23,,,
1988-04-25,2.17,0.96,,1.21,,,
1988-04-26,2.14,0.93,,1.21,,,
1988-04-27,2.05,0.92,,1.13,,,
1988-04-28,2.08,0.86,,1.22,,,
1988-04-29,2.07,0.86,,1.21,,,
1988-05-02,2.01,0.82,,1.19,,,
1988-05-03,2.07,0.9,,1.17,,,
1988-05-04,2.06,0.88,,1.18,,,
1988-05-05,2.03,0.85,,1.18,,,
1988-05-06,1.97,0.8,,1.17,,,
1988-05-09,1.96,0.81,,1.15,,,
1988-05-10,1.9,0.76,,1.14,,,
1988-05-11,1.97,0.81,,1.16,,,
1988-05-12,2,0.83,,1.17,,,
1988-05-13,2.03,0.85,,1.18,,,
1988-05-16,2.02,0.82,,1.2,,,
1988-05-17,1.94,0.8,,1.14,,,
1988-05-18,1.9,0.78,,1.12,,,
1988-05-19,1.92,0.81,,1.11,,,
1988-05-20,1.87,0.76,,1.11,,,
1988-05-23,1.89,0.8,,1.09,,,
1988-05-24,1.9,0.79,,1.11,,,
1988-05-25,1.89,0.79,,1.1,,,
1988-05-26,1.89,0.79,,1.1,,,
1988-05-27,1.9,0.81,,1.09,,,
1988-05-31,1.93,0.86,,1.07,,,
1988-06-01,2.03,0.96,,1.07,,,
1988-06-02,1.98,0.9,,1.08,,,
1988-06-03,2.14,1.01,,1.13,,,
1988-06-06,2.13,1.01,,1.12,,,
1988-06-07,2.08,0.92,,1.16,,,
1988-06-08,2.16,1,,1.16,,,
1988-06-09,2.11,0.94,,1.17,,,
1988-06-10,2.15,0.98,,1.17,,,
1988-06-13,2.16,0.98,,1.18,,,
1988-06-14,2.27,1.09,,1.18,,,
1988-06-15,2.23,1.02,,1.21,,,
1988-06-16,2.05,0.9,,1.15,,,
1988-06-17,1.91,0.78,,1.13,,,
1988-06-20,1.94,0.84,,1.1,,,
1988-06-21,1.91,0.78,,1.13,,,
1988-06-22,2.03,0.87,,1.16,,,
1988-06-23,2.03,0.87,,1.16,,,
1988-06-24,2.12,0.92,,1.2,,,
1988-06-27,2.03,0.86,,1.17,,,
1988-06-28,2.12,0.95,,1.17,,,
1988-06-29,2.07,0.96,,1.11,,,
1988-06-30,2.16,1.01,,1.15,,,
1988-07-01,2.2,1.05,,1.15,,,
1988-07-05,2.15,0.98,,1.17,,,
1988-07-06,2.09,0.92,,1.17,,,
1988-07-07,2.08,0.9,,1.18,,,
1988-07-08,2.02,0.84,,1.18,,,
1988-07-11,2.05,0.86,,1.19,,,
1988-07-12,2.01,0.84,,1.17,,,
1988-07-13,1.98,0.85,,1.13,,,
1988-07-14,2.02,0.88,,1.14,,,
1988-07-15,2.07,0.92,,1.15,,,
1988-07-18,2.02,0.87,,1.15,,,
1988-07-19,2.04,0.93,,1.11,,,
1988-07-20,2,0.91,,1.09,,,
1988-07-21,1.98,0.88,,1.1,,,
1988-07-22,2.05,0.94,,1.11,,,
1988-07-25,2.12,0.97,,1.15,,,
1988-07-26,2.11,0.95,,1.16,,,
1988-07-27,2.06,0.88,,1.18,,,
1988-07-28,2.04,0.88,,1.16,,,
1988-07-29,2.07,0.91,,1.16,,,
1988-08-01,2.11,0.94,,1.17,,,
1988-08-02,2.17,0.98,,1.19,,,
1988-08-03,2.13,0.94,,1.19,,,
1988-08-04,2.16,1.01,,1.15,,,
1988-08-05,2.03,0.9,,1.13,,,
1988-08-08,2.04,0.93,,1.11,,,
1988-08-09,1.98,0.88,,1.1,,,
1988-08-10,1.91,0.81,,1.1,,,
1988-08-11,1.88,0.78,,1.1,,,
1988-08-12,1.86,0.79,,1.07,,,
1988-08-15,1.87,0.79,,1.08,,,
1988-08-16,1.88,0.8,,1.08,,,
1988-08-17,1.87,0.78,,1.09,,,
1988-08-18,1.88,0.79,,1.09,,,
1988-08-19,1.87,0.79,,1.08,,,
1988-08-22,1.86,0.78,,1.08,,,
1988-08-23,1.93,0.86,,1.07,,,
1988-08-24,1.9,0.81,,1.09,,,
1988-08-25,1.86,0.76,,1.1,,,
1988-08-26,1.89,0.79,,1.1,,,
1988-08-29,1.94,0.88,,1.06,,,
1988-08-30,1.95,0.91,,1.04,,,
1988-08-31,1.97,0.88,,1.09,,,
1988-09-01,1.94,0.87,,1.07,,,
1988-09-02,2.17,1.08,,1.09,,,
1988-09-06,2.15,1.02,,1.13,,,
1988-09-07,2.16,0.95,,1.21,,,
1988-09-08,2.13,0.94,,1.19,,,
1988-09-09,2.17,1,,1.17,,,
1988-09-12,2.13,0.94,,1.19,,,
1988-09-13,2.11,0.93,,1.18,,,
1988-09-14,2.12,0.95,,1.17,,,
1988-09-15,2.06,0.89,,1.17,,,
1988-09-16,2.05,0.86,,1.19,,,
1988-09-19,1.96,0.81,,1.15,,,
1988-09-20,1.88,0.81,,1.07,,,
1988-09-21,1.81,0.79,,1.02,,,
1988-09-22,1.74,0.74,,1,,,
1988-09-23,1.71,0.71,,1,,,
1988-09-26,1.67,0.68,,0.99,,,
1988-09-27,1.6,0.64,,0.96,,,
1988-09-28,1.55,0.61,,0.94,,,
1988-09-29,1.58,0.69,,0.89,,,
1988-09-30,1.62,0.78,,0.84,,,
1988-10-03,1.62,0.79,,0.83,,,
1988-10-04,1.57,0.72,,0.85,,,
1988-10-05,1.58,0.71,,0.87,,,
1988-10-06,1.61,0.69,,0.92,,,
1988-10-07,1.73,0.84,,0.89,,,
1988-10-11,1.67,0.78,,0.89,,,
1988-10-12,1.58,0.69,,0.89,,,
1988-10-13,1.6,0.71,,0.89,,,
1988-10-14,1.61,0.71,,0.9,,,
1988-10-17,1.62,0.72,,0.9,,,
1988-10-18,1.61,0.72,,0.89,,,
1988-10-19,1.59,0.66,,0.93,,,
1988-10-20,1.61,0.68,,0.93,,,
1988-10-21,1.59,0.65,,0.94,,,
1988-10-24,1.58,0.66,,0.92,,,
1988-10-25,1.57,0.6,,0.97,,,
1988-10-26,1.59,0.63,,0.96,,,
1988-10-27,1.68,0.71,,0.97,,,
1988-10-28,1.69,0.73,,0.96,,,
1988-10-31,1.58,0.74,,0.84,,,
1988-11-01,1.65,0.69,,0.96,,,
1988-11-02,1.61,0.65,,0.96,,,
1988-11-03,1.63,0.7,,0.93,,,
1988-11-04,1.55,0.56,,0.99,,,
1988-11-07,1.47,0.47,,1,,,
1988-11-08,1.49,0.48,,1.01,,,
1988-11-09,1.48,0.48,,1,,,
1988-11-10,1.53,0.45,,1.08,,,
1988-11-14,1.54,0.49,,1.05,,,
1988-11-15,1.54,0.52,,1.02,,,
1988-11-16,1.49,0.44,,1.05,,,
1988-11-17,1.46,0.42,,1.04,,,
1988-11-18,1.5,0.42,,1.08,,,
1988-11-21,1.5,0.45,,1.05,,,
1988-11-22,1.48,0.42,,1.06,,,
1988-11-23,1.5,0.44,,1.06,,,
1988-11-25,1.45,0.37,,1.08,,,
1988-11-28,1.46,0.38,,1.08,,,
1988-11-29,1.49,0.44,,1.05,,,
1988-11-30,1.55,0.47,,1.08,,,
1988-12-01,1.58,0.53,,1.05,,,
1988-12-02,1.43,0.38,,1.05,,,
1988-12-05,1.48,0.43,,1.05,,,
1988-12-06,1.63,0.54,,1.09,,,
1988-12-07,1.59,0.52,,1.07,,,
1988-12-08,1.61,0.47,,1.14,,,
1988-12-09,1.56,0.46,,1.1,,,
1988-12-12,1.52,0.45,,1.07,,,
1988-12-13,1.49,0.4,,1.09,,,
1988-12-14,1.46,0.39,,1.07,,,
1988-12-15,1.47,0.4,,1.07,,,
1988-12-16,1.52,0.43,,1.09,,,
1988-12-19,1.55,0.46,,1.09,,,
1988-12-20,1.6,0.5,,1.1,,,
1988-12-21,1.61,0.51,,1.1,,,
1988-12-22,1.61,0.53,,1.08,,,
1988-12-23,1.61,0.55,,1.06,,,
1988-12-27,1.52,0.47,,1.05,,,
1988-12-28,1.46,0.39,,1.07,,,
1988-12-29,1.48,0.42,,1.06,,,
1988-12-30,1.55,0.47,,1.08,,,
1989-01-03,1.48,0.41,,1.07,,,
1989-01-04,1.49,0.4,,1.09,,,
1989-01-05,1.48,0.4,,1.08,,,
1989-01-06,1.48,0.45,,1.03,,,
1989-01-09,1.47,0.47,,1,,,
1989-01-10,1.48,0.45,,1.03,,,
1989-01-11,1.49,0.47,,1.02,,,
1989-01-12,1.57,0.56,,1.01,,,
1989-01-13,1.6,0.6,,1,,,
1989-01-17,1.58,0.58,,1,,,
1989-01-18,1.62,0.6,,1.02,,,
1989-01-19,1.62,0.59,,1.03,,,
1989-01-20,1.59,0.55,,1.04,,,
1989-01-23,1.63,0.6,,1.03,,,
1989-01-24,1.67,0.64,,1.03,,,
1989-01-25,1.62,0.56,,1.06,,,
1989-01-26,1.62,0.56,,1.06,,,
1989-01-27,1.65,0.6,,1.05,,,
1989-01-30,1.58,0.55,,1.03,,,
1989-01-31,1.56,0.56,,1,,,
1989-02-01,1.57,0.57,,1,,,
1989-02-02,1.56,0.57,,0.99,,,
1989-02-03,1.52,0.55,,0.97,,,
1989-02-06,1.54,0.56,,0.98,,,
1989-02-07,1.57,0.58,,0.99,,,
1989-02-08,1.57,0.57,,1,,,
1989-02-09,1.39,0.44,,0.95,,,
1989-02-10,1.36,0.41,,0.95,,,
1989-02-13,1.4,0.45,,0.95,,,
1989-02-14,1.41,0.42,,0.99,,,
1989-02-15,1.42,0.43,,0.99,,,
1989-02-16,1.44,0.44,,1,,,
1989-02-17,1.46,0.46,,1,,,
1989-02-21,1.43,0.42,,1.01,,,
1989-02-22,1.37,0.41,,0.96,,,
1989-02-23,1.33,0.35,,0.98,,,
1989-02-24,1.32,0.38,,0.94,,,
1989-02-27,1.35,0.41,,0.94,,,
1989-02-28,1.35,0.44,,0.91,,,
1989-03-01,1.32,0.39,,0.93,,,
1989-03-02,1.38,0.44,,0.94,,,
1989-03-03,1.38,0.43,,0.95,,,
1989-03-06,1.41,0.47,,0.94,,,
1989-03-07,1.38,0.46,,0.92,,,
1989-03-08,1.41,0.5,,0.91,,,
1989-03-09,1.39,0.49,,0.9,,,
1989-03-10,1.3,0.41,,0.89,,,
1989-03-13,1.3,0.43,,0.87,,,
1989-03-14,1.31,0.45,,0.86,,,
1989-03-15,1.31,0.47,,0.84,,,
1989-03-16,1.31,0.47,,0.84,,,
1989-03-17,1.18,0.34,,0.84,,,
1989-03-20,1.16,0.31,,0.85,,,
1989-03-21,1.18,0.32,,0.86,,,
1989-03-22,1.26,0.4,,0.86,,,
1989-03-23,1.26,0.42,,0.84,,,
1989-03-27,1.28,0.45,,0.83,,,
1989-03-28,1.31,0.49,,0.82,,,
1989-03-29,1.33,0.53,,0.8,,,
1989-03-30,1.35,0.55,,0.8,,,
1989-03-31,1.31,0.55,,0.76,,,
1989-04-03,1.36,0.64,,0.72,,,
1989-04-04,1.4,0.65,,0.75,,,
1989-04-05,1.39,0.65,,0.74,,,
1989-04-06,1.43,0.58,,0.85,,,
1989-04-07,1.39,0.53,,0.86,,,
1989-04-10,1.39,0.54,,0.85,,,
1989-04-11,1.4,0.53,,0.87,,,
1989-04-12,1.36,0.51,,0.85,,,
1989-04-13,1.33,0.47,,0.86,,,
1989-04-14,1.45,0.6,,0.85,,,
1989-04-17,1.42,0.62,,0.8,,,
1989-04-18,1.55,0.74,,0.81,,,
1989-04-19,1.53,0.69,,0.84,,,
1989-04-20,1.41,0.6,,0.81,,,
1989-04-21,1.46,0.65,,0.81,,,
1989-04-24,1.47,0.64,,0.83,,,
1989-04-25,1.47,0.66,,0.81,,,
1989-04-26,1.49,0.64,,0.85,,,
1989-04-27,1.52,0.68,,0.84,,,
1989-04-28,1.55,0.69,,0.86,,,
1989-05-01,1.45,0.59,,0.86,,,
1989-05-02,1.5,0.65,,0.85,,,
1989-05-03,1.52,0.66,,0.86,,,
1989-05-04,1.51,0.68,,0.83,,,
1989-05-05,1.55,0.72,,0.83,,,
1989-05-08,1.52,0.68,,0.84,,,
1989-05-09,1.43,0.53,,0.9,,,
1989-05-10,1.45,0.55,,0.9,,,
1989-05-11,1.5,0.61,,0.89,,,
1989-05-12,1.68,0.81,,0.87,,,
1989-05-15,1.65,0.73,,0.92,,,
1989-05-16,1.67,0.73,,0.94,,,
1989-05-17,1.66,0.74,,0.92,,,
1989-05-18,1.68,0.75,,0.93,,,
1989-05-19,1.69,0.82,,0.87,,,
1989-05-22,1.78,0.86,,0.92,,,
1989-05-23,1.71,0.81,,0.9,,,
1989-05-24,1.68,0.78,,0.9,,,
1989-05-25,1.65,0.72,,0.93,,,
1989-05-26,1.64,0.75,,0.89,,,
1989-05-30,1.66,0.74,,0.92,,,
1989-05-31,1.7,0.79,,0.91,,,
1989-06-01,1.66,0.76,,0.9,,,
1989-06-02,1.77,0.89,,0.88,,,
1989-06-05,1.77,0.9,,0.87,,,
1989-06-06,1.73,0.88,,0.85,,,
1989-06-07,1.78,0.85,,0.93,,,
1989-06-08,1.77,0.84,,0.93,,,
1989-06-09,1.82,0.91,,0.91,,,
1989-06-12,1.81,0.85,,0.96,,,
1989-06-13,1.72,0.78,,0.94,,,
1989-06-14,1.77,0.79,,0.98,,,
1989-06-15,1.65,0.69,,0.96,,,
1989-06-16,1.67,0.69,,0.98,,,
1989-06-19,1.66,0.71,,0.95,,,
1989-06-20,1.74,0.8,,0.94,,,
1989-06-21,1.68,0.74,,0.94,,,
1989-06-22,1.69,0.71,,0.98,,,
1989-06-23,1.79,0.83,,0.96,,,
1989-06-26,1.83,0.86,,0.97,,,
1989-06-27,1.85,0.89,,0.96,,,
1989-06-28,1.82,0.85,,0.97,,,
1989-06-29,1.82,0.89,,0.93,,,
1989-06-30,1.83,0.91,,0.92,,,
1989-07-03,1.82,0.9,,0.92,,,
1989-07-05,1.81,0.91,,0.9,,,
1989-07-06,1.82,0.86,,0.96,,,
1989-07-07,1.87,0.91,,0.96,,,
1989-07-10,1.87,0.94,,0.93,,,
1989-07-11,1.84,0.93,,0.91,,,
1989-07-12,1.83,0.95,,0.88,,,
1989-07-13,1.81,0.93,,0.88,,,
1989-07-14,1.85,0.9,,0.95,,,
1989-07-17,1.85,0.87,,0.98,,,
1989-07-18,1.8,0.83,,0.97,,,
1989-07-19,1.81,0.84,,0.97,,,
1989-07-20,1.89,0.91,,0.98,,,
1989-07-21,1.83,0.85,,0.98,,,
1989-07-24,1.85,0.89,,0.96,,,
1989-07-25,1.86,0.92,,0.94,,,
1989-07-26,1.84,0.9,,0.94,,,
1989-07-27,1.91,0.99,,0.92,,,
1989-07-28,1.96,1,,0.96,,,
1989-07-31,1.99,1.03,,0.96,,,
1989-08-01,1.99,1.05,,0.94,,,
1989-08-02,1.99,1.03,,0.96,,,
1989-08-03,1.96,0.97,,0.99,,,
1989-08-04,1.82,0.85,,0.97,,,
1989-08-07,1.79,0.86,,0.93,,,
1989-08-08,1.81,0.91,,0.9,,,
1989-08-09,1.77,0.88,,0.89,,,
1989-08-10,1.82,0.9,,0.92,,,
1989-08-11,1.74,0.87,,0.87,,,
1989-08-14,1.65,0.72,,0.93,,,
1989-08-15,1.69,0.79,,0.9,,,
1989-08-16,1.76,0.85,,0.91,,,
1989-08-17,1.74,0.82,,0.92,,,
1989-08-18,1.77,0.85,,0.92,,,
1989-08-21,1.71,0.8,,0.91,,,
1989-08-22,1.63,0.74,,0.89,,,
1989-08-23,1.69,0.79,,0.9,,,
1989-08-24,1.72,0.83,,0.89,,,
1989-08-25,1.71,0.81,,0.9,,,
1989-08-28,1.68,0.77,,0.91,,,
1989-08-29,1.7,0.77,,0.93,,,
1989-08-30,1.72,0.8,,0.92,,,
1989-08-31,1.7,0.79,,0.91,,,
1989-09-01,1.78,0.87,,0.91,,,
1989-09-05,1.76,0.84,,0.92,,,
1989-09-06,1.77,0.85,,0.92,,,
1989-09-07,1.77,0.84,,0.93,,,
1989-09-08,1.8,0.87,,0.93,,,
1989-09-11,1.76,0.85,,0.91,,,
1989-09-12,1.75,0.84,,0.91,,,
1989-09-13,1.71,0.81,,0.9,,,
1989-09-14,1.75,0.86,,0.89,,,
1989-09-15,1.79,0.88,,0.91,,,
1989-09-18,1.78,0.88,,0.9,,,
1989-09-19,1.77,0.87,,0.9,,,
1989-09-20,1.72,0.82,,0.9,,,
1989-09-21,1.69,0.8,,0.89,,,
1989-09-22,1.67,0.77,,0.9,,,
1989-09-25,1.62,0.72,,0.9,,,
1989-09-26,1.64,0.74,,0.9,,,
1989-09-27,1.64,0.74,,0.9,,,
1989-09-28,1.63,0.71,,0.92,,,
1989-09-29,1.62,0.73,,0.89,,,
1989-10-02,1.65,0.79,,0.86,,,
1989-10-03,1.7,0.78,,0.92,,,
1989-10-04,1.7,0.81,,0.89,,,
1989-10-05,1.76,0.85,,0.91,,,
1989-10-06,1.86,0.95,,0.91,,,
1989-10-10,1.8,0.93,,0.87,,,
1989-10-11,1.74,0.88,,0.86,,,
1989-10-12,1.78,0.9,,0.88,,,
1989-10-13,1.9,1.03,,0.87,,,
1989-10-16,1.78,0.91,,0.87,,,
1989-10-17,1.77,0.89,,0.88,,,
1989-10-18,1.76,0.87,,0.89,,,
1989-10-19,1.8,0.9,,0.9,,,
1989-10-20,1.79,0.88,,0.91,,,
1989-10-23,1.85,0.93,,0.92,,,
1989-10-24,1.87,0.97,,0.9,,,
1989-10-25,1.89,0.96,,0.93,,,
1989-10-26,1.86,0.96,,0.9,,,
1989-10-27,1.83,0.94,,0.89,,,
1989-10-30,1.86,0.95,,0.91,,,
1989-10-31,1.84,1,,0.84,,,
1989-11-01,1.84,1,,0.84,,,
1989-11-02,1.89,1.04,,0.85,,,
1989-11-03,1.82,0.99,,0.83,,,
1989-11-06,1.81,0.94,,0.87,,,
1989-11-07,1.9,1,,0.9,,,
1989-11-08,1.9,1,,0.9,,,
1989-11-09,1.91,0.99,,0.92,,,
1989-11-10,1.91,0.97,,0.94,,,
1989-11-13,1.93,0.97,,0.96,,,
1989-11-14,1.95,0.99,,0.96,,,
1989-11-15,2,1.04,,0.96,,,
1989-11-16,2,1.04,,0.96,,,
1989-11-17,1.95,1,,0.95,,,
1989-11-20,1.98,1.04,,0.94,,,
1989-11-21,1.96,1.03,,0.93,,,
1989-11-22,2.02,1.06,,0.96,,,
1989-11-24,2.04,1.09,,0.95,,,
1989-11-27,1.98,1.06,,0.92,,,
1989-11-28,1.97,1.03,,0.94,,,
1989-11-29,1.95,1.02,,0.93,,,
1989-11-30,1.99,1.05,,0.94,,,
1989-12-01,2.01,1.01,,1,,,
1989-12-04,1.98,1.03,,0.95,,,
1989-12-05,1.99,1.03,,0.96,,,
1989-12-06,1.97,1,,0.97,,,
1989-12-07,1.94,0.99,,0.95,,,
1989-12-08,1.99,1.04,,0.95,,,
1989-12-11,1.97,1.02,,0.95,,,
1989-12-12,1.96,1.01,,0.95,,,
1989-12-13,1.98,1.04,,0.94,,,
1989-12-14,2.03,1.07,,0.96,,,
1989-12-15,2.01,1.05,,0.96,,,
1989-12-18,2.04,1.08,,0.96,,,
1989-12-19,2.04,1.07,,0.97,,,
1989-12-20,2.05,1.08,,0.97,,,
1989-12-21,2.04,1.08,,0.96,,,
1989-12-22,2,1.02,,0.98,,,
1989-12-26,1.89,0.93,,0.96,,,
1989-12-27,1.91,0.94,,0.97,,,
1989-12-28,1.94,0.98,,0.96,,,
1989-12-29,1.91,0.94,,0.97,,,
1990-01-02,1.91,0.93,17.24,0.98,,,
1990-01-03,1.87,0.91,18.19,0.96,,,
1990-01-04,1.86,0.91,19.22,0.95,,,
1990-01-05,1.89,0.89,20.11,1,,,
1990-01-08,1.86,0.88,20.26,0.98,,,
1990-01-09,1.84,0.9,22.2,0.94,,,
1990-01-10,1.85,0.88,22.44,0.97,,,
1990-01-11,1.82,0.88,20.05,0.94,,,
1990-01-12,1.77,0.84,24.64,0.93,,,
1990-01-15,,,26.34,,,,
1990-01-16,1.72,0.75,24.18,0.97,,,
1990-01-17,1.73,0.78,24.16,0.95,,,
1990-01-18,1.65,0.7,24.34,0.95,,,
1990-01-19,1.69,0.75,22.5,0.94,,,
1990-01-22,1.69,0.74,26.7,0.95,,,
1990-01-23,1.71,0.77,24.72,0.94,,,
1990-01-24,1.62,0.69,25.39,0.93,,,
1990-01-25,1.58,0.64,25.63,0.94,,,
1990-01-26,1.57,0.61,26.28,0.96,,,
1990-01-29,1.59,0.64,26.44,0.95,,,
1990-01-30,1.61,0.67,27.25,0.94,,,
1990-01-31,1.68,0.72,25.36,0.96,,,
1990-02-01,1.68,0.72,24.87,0.96,,,
1990-02-02,1.59,0.65,24.32,0.94,,,
1990-02-05,1.59,0.66,24.54,0.93,,,
1990-02-06,1.56,0.67,24.69,0.89,,,
1990-02-07,1.62,0.73,24.29,0.89,,,
1990-02-08,1.65,0.73,23.77,0.92,,,
1990-02-09,1.8,0.87,23.69,0.93,,,
1990-02-12,1.71,0.8,24.38,0.91,,,
1990-02-13,1.75,0.85,23.76,0.9,,,
1990-02-14,1.76,0.84,22.05,0.92,,,
1990-02-15,1.7,0.78,19.71,0.92,,,
1990-02-16,1.68,0.8,20.78,0.88,,,
1990-02-20,1.52,0.66,22.78,0.86,,,
1990-02-21,1.58,0.66,23.89,0.92,,,
1990-02-22,1.66,0.72,22.54,0.94,,,
1990-02-23,1.68,0.73,23.69,0.95,,,
1990-02-26,1.76,0.8,23.56,0.96,,,
1990-02-27,1.78,0.83,22.69,0.95,,,
1990-02-28,1.68,0.74,21.99,0.94,,,
1990-03-01,1.61,0.69,21.9,0.92,,,
1990-03-02,1.66,0.74,21.34,0.92,,,
1990-03-05,1.63,0.7,22.03,0.93,,,
1990-03-06,1.65,0.77,20.55,0.88,,,
1990-03-07,1.61,0.77,19.1,0.84,,,
1990-03-08,1.66,0.77,19.74,0.89,,,
1990-03-09,1.59,0.7,20.3,0.89,,,
1990-03-12,1.61,0.72,20.07,0.89,,,
1990-03-13,1.5,0.65,21.05,0.85,,,
1990-03-14,1.58,0.77,19.65,0.81,,,
1990-03-15,1.57,0.78,18.81,0.79,,,
1990-03-16,1.6,0.84,17.62,0.76,,,
1990-03-19,1.61,0.83,18.29,0.78,,,
1990-03-20,1.62,0.85,19.06,0.77,,,
1990-03-21,1.61,0.83,20.1,0.78,,,
1990-03-22,1.64,0.84,22.74,0.8,,,
1990-03-23,1.65,0.85,20.46,0.8,,,
1990-03-26,1.67,0.86,19.59,0.81,,,
1990-03-27,1.65,0.84,21.01,0.81,,,
1990-03-28,1.69,0.85,19.77,0.84,,,
1990-03-29,1.61,0.77,18.46,0.84,,,
1990-03-30,1.58,0.74,19.73,0.84,,,
1990-04-02,1.59,0.75,22.84,0.84,,,
1990-04-03,1.59,0.78,20.44,0.81,,,
1990-04-04,1.66,0.81,22.03,0.85,,,
1990-04-05,1.64,0.8,21.21,0.84,,,
1990-04-06,1.64,0.8,21.76,0.84,,,
1990-04-09,1.6,0.77,22.3,0.83,,,
1990-04-10,1.58,0.78,21.69,0.8,,,
1990-04-11,1.55,0.76,17.73,0.79,,,
1990-04-12,1.53,0.76,19.8,0.77,,,
1990-04-16,1.51,0.71,20.75,0.8,,,
1990-04-17,1.47,0.67,20.38,0.8,,,
1990-04-18,1.45,0.6,22.67,0.85,,,
1990-04-19,1.45,0.6,22.46,0.85,,,
1990-04-20,1.42,0.56,23.33,0.86,,,
1990-04-23,1.44,0.58,24.16,0.86,,,
1990-04-24,1.42,0.56,21.7,0.86,,,
1990-04-25,1.41,0.59,20.86,0.82,,,
1990-04-26,1.42,0.54,20.25,0.88,,,
1990-04-27,1.45,0.55,22.19,0.9,,,
1990-04-30,1.5,0.59,19.52,0.91,,,
1990-05-01,1.47,0.56,18.43,0.91,,,
1990-05-02,1.47,0.55,19.32,0.92,,,
1990-05-03,1.51,0.58,17.81,0.93,,,
1990-05-04,1.67,0.72,17.28,0.95,,,
1990-05-07,1.65,0.71,17.65,0.94,,,
1990-05-08,1.67,0.71,18.49,0.96,,,
1990-05-09,1.61,0.69,18.64,0.92,,,
1990-05-10,1.68,0.73,18.59,0.95,,,
1990-05-11,1.77,0.79,19.81,0.98,,,
1990-05-14,1.76,0.78,20.14,0.98,,,
1990-05-15,1.72,0.74,19.49,0.98,,,
1990-05-16,1.69,0.7,17.71,0.99,,,
1990-05-17,1.65,0.7,17.27,0.95,,,
1990-05-18,1.62,0.66,17.2,0.96,,,
1990-05-21,1.64,0.67,16.72,0.97,,,
1990-05-22,1.7,0.72,17.84,0.98,,,
1990-05-23,1.73,0.75,17.18,0.98,,,
1990-05-24,1.69,0.77,17.7,0.92,,,
1990-05-25,1.62,0.72,17.32,0.9,,,
1990-05-29,1.66,0.75,18.75,0.91,,,
1990-05-30,1.68,0.78,17.44,0.9,,,
1990-05-31,1.71,0.77,17.37,0.94,,,
1990-06-01,1.79,0.89,17.09,0.9,,,
1990-06-04,1.77,0.86,18.39,0.91,,,
1990-06-05,1.74,0.79,18.97,0.95,,,
1990-06-06,1.76,0.8,17.42,0.96,,,
1990-06-07,1.75,0.82,16.88,0.93,,,
1990-06-08,1.75,0.8,17.58,0.95,,,
1990-06-11,1.74,0.77,16.34,0.97,,,
1990-06-12,1.71,0.76,16.6,0.95,,,
1990-06-13,1.76,0.83,17.38,0.93,,,
1990-06-14,1.79,0.78,17.4,1.01,,,
1990-06-15,1.73,0.73,15.9,1,,,
1990-06-18,1.7,0.71,17.71,0.99,,,
1990-06-19,1.71,0.73,15.23,0.98,,,
1990-06-20,1.72,0.73,15.27,0.99,,,
1990-06-21,1.73,0.76,14.72,0.97,,,
1990-06-22,1.73,0.77,19.36,0.96,,,
1990-06-25,1.68,0.7,17.06,0.98,,,
1990-06-26,1.7,0.72,16.29,0.98,,,
1990-06-27,1.73,0.76,16,0.97,,,
1990-06-28,1.77,0.79,16.18,0.98,,,
1990-06-29,1.79,0.81,15.5,0.98,,,
1990-07-02,1.78,0.8,16.26,0.98,,,
1990-07-03,1.8,0.82,16.11,0.98,,,
1990-07-05,1.76,0.79,17.25,0.97,,,
1990-07-06,1.7,0.73,16.41,0.97,,,
1990-07-09,1.67,0.69,16.66,0.98,,,
1990-07-10,1.67,0.7,16.92,0.97,,,
1990-07-11,1.67,0.69,16.68,0.98,,,
1990-07-12,1.72,0.77,17.06,0.95,,,
1990-07-13,1.75,0.79,17.09,0.96,,,
1990-07-16,1.74,0.8,16.75,0.94,,,
1990-07-17,1.73,0.8,16.66,0.93,,,
1990-07-18,1.71,0.75,18.9,0.96,,,
1990-07-19,1.68,0.73,18.56,0.95,,,
1990-07-20,1.71,0.76,15.63,0.95,,,
1990-07-23,1.72,0.78,23.68,0.94,,,
1990-07-24,1.68,0.75,21.79,0.93,,,
1990-07-25,1.72,0.78,20.19,0.94,,,
1990-07-26,1.69,0.76,20.26,0.93,,,
1990-07-27,1.75,0.8,21.12,0.95,,,
1990-07-30,1.79,0.85,21.16,0.94,,,
1990-07-31,1.77,0.85,21.11,0.92,,,
1990-08-01,1.82,0.88,21.64,0.94,,,
1990-08-02,1.74,0.79,20.43,0.95,,,
1990-08-03,1.76,0.73,28.74,1.03,,,
1990-08-06,1.61,0.6,35.91,1.01,,,
1990-08-07,1.55,0.54,32.75,1.01,,,
1990-08-08,1.6,0.57,28.27,1.03,,,
1990-08-09,1.68,0.71,24.39,0.97,,,
1990-08-10,1.66,0.68,25.75,0.98,,,
1990-08-13,1.62,0.65,25.74,0.97,,,
1990-08-14,1.67,0.69,24.18,0.98,,,
1990-08-15,1.7,0.71,23.31,0.99,,,
1990-08-16,1.63,0.63,27.16,1,,,
1990-08-17,1.61,0.6,27.53,1.01,,,
1990-08-20,1.67,0.59,26.46,1.08,,,
1990-08-21,1.68,0.61,28.9,1.07,,,
1990-08-22,1.63,0.6,30.55,1.03,,,
1990-08-23,1.53,0.56,36.47,0.97,,,
1990-08-24,1.59,0.54,33.93,1.05,,,
1990-08-27,1.68,0.63,29.63,1.05,,,
1990-08-28,1.61,0.61,29.12,1,,,
1990-08-29,1.72,0.72,27.38,1,,,
1990-08-30,1.72,0.72,29.89,1,,,
1990-08-31,1.69,0.72,29.9,0.97,,,
1990-09-04,1.67,0.69,29.58,0.98,,,
1990-09-05,1.68,0.67,28.52,1.01,,,
1990-09-06,1.69,0.74,30.19,0.95,,,
1990-09-07,1.71,0.76,28.73,0.95,,,
1990-09-10,1.65,0.72,29.34,0.93,,,
1990-09-11,1.78,0.72,28.38,1.06,,,
1990-09-12,1.77,0.73,28.12,1.04,,,
1990-09-13,1.74,0.72,29.33,1.02,,,
1990-09-14,1.72,0.63,30.56,1.09,,,
1990-09-17,1.74,0.63,29.55,1.11,,,
1990-09-18,1.75,0.61,28.82,1.14,,,
1990-09-19,1.78,0.65,27.88,1.13,,,
1990-09-20,1.73,0.57,28.66,1.16,,,
1990-09-21,1.7,0.52,30.04,1.18,,,
1990-09-24,1.69,0.54,30.56,1.15,,,
1990-09-25,1.75,0.66,28.81,1.09,,,
1990-09-26,1.77,0.67,28.19,1.1,,,
1990-09-27,1.85,0.73,28.67,1.12,,,
1990-09-28,1.94,0.78,29.11,1.16,,,
1990-10-01,1.96,0.86,28.06,1.1,,,
1990-10-02,1.96,0.86,27.28,1.1,,,
1990-10-03,1.94,0.82,27.9,1.12,,,
1990-10-04,1.97,0.88,27.51,1.09,,,
1990-10-05,2,0.87,27.85,1.13,,,
1990-10-08,,,28.04,,,,
1990-10-09,1.86,0.75,30.71,1.11,,,
1990-10-10,1.87,0.73,31.19,1.14,,,
1990-10-11,1.88,0.7,33.98,1.18,,,
1990-10-12,1.97,0.77,31.94,1.2,,,
1990-10-15,2,0.82,31.64,1.18,,,
1990-10-16,2.02,0.82,31.45,1.2,,,
1990-10-17,2.05,0.82,31.37,1.23,,,
1990-10-18,2.07,0.83,29.6,1.24,,,
1990-10-19,2.12,0.86,27.86,1.26,,,
1990-10-22,2.12,0.82,27.27,1.3,,,
1990-10-23,2.1,0.8,27.57,1.3,,,
1990-10-24,2.11,0.81,28.28,1.3,,,
1990-10-25,2.13,0.84,29.04,1.29,,,
1990-10-26,2.11,0.81,30.75,1.3,,,
1990-10-29,2.04,0.78,31.54,1.26,,,
1990-10-30,2.1,0.8,30.52,1.3,,,
1990-10-31,2.13,0.84,30.04,1.29,,,
1990-11-01,2.16,0.86,30.25,1.3,,,
1990-11-02,2.16,0.87,30.03,1.29,,,
1990-11-05,2.27,0.89,29.85,1.38,,,
1990-11-06,2.25,0.86,29.11,1.39,,,
1990-11-07,2.15,0.82,30.87,1.33,,,
1990-11-08,2.17,0.81,30.79,1.36,,,
1990-11-09,2.24,0.88,26.96,1.36,,,
1990-11-12,,,25.6,,,,
1990-11-13,2.28,0.94,24.58,1.34,,,
1990-11-14,2.3,0.93,22.89,1.37,,,
1990-11-15,2.26,0.91,22.57,1.35,,,
1990-11-16,2.23,0.96,21.34,1.27,,,
1990-11-19,2.18,0.89,20.95,1.29,,,
1990-11-20,2.23,0.94,20.09,1.29,,,
1990-11-21,2.24,1,21.09,1.24,,,
1990-11-23,2.22,0.97,20.98,1.25,,,
1990-11-26,2.25,0.96,22.76,1.29,,,
1990-11-27,2.23,0.93,22.86,1.3,,,
1990-11-28,2.22,0.9,22.96,1.32,,,
1990-11-29,2.23,0.85,23.91,1.38,,,
1990-11-30,2.27,0.91,22.16,1.36,,,
1990-12-03,2.25,0.92,22.29,1.33,,,
1990-12-04,2.28,0.95,22.03,1.33,,,
1990-12-05,2.31,0.98,20.94,1.33,,,
1990-12-06,2.29,0.94,22.62,1.35,,,
1990-12-07,2.4,1.06,22.59,1.34,,,
1990-12-10,2.38,1.09,23.58,1.29,,,
1990-12-11,2.42,1.11,23.75,1.31,,,
1990-12-12,2.45,1.09,21.28,1.36,,,
1990-12-13,2.38,1.01,23.05,1.37,,,
1990-12-14,2.37,0.97,23.85,1.4,,,
1990-12-17,2.42,1,24.85,1.42,,,
1990-12-18,2.4,1.02,23.11,1.38,,,
1990-12-19,2.41,1.01,23.08,1.4,,,
1990-12-20,2.41,0.98,23.13,1.43,,,
1990-12-21,2.39,0.94,22.66,1.45,,,
1990-12-24,2.29,0.85,24.03,1.44,,,
1990-12-26,2.33,0.89,24.18,1.44,,,
1990-12-27,2.34,0.92,24.81,1.42,,,
1990-12-28,2.32,0.88,25.05,1.44,,,
1990-12-31,2.35,0.97,26.38,1.38,,,
1991-01-02,2.42,1.04,26.62,1.38,,,
1991-01-03,2.43,1.07,27.93,1.36,,,
1991-01-04,2.38,0.99,27.19,1.39,,,
1991-01-07,2.34,0.9,28.95,1.44,,,
1991-01-08,2.34,0.87,30.38,1.47,,,
1991-01-09,2.29,0.8,33.3,1.49,,,
1991-01-10,2.37,0.9,31.33,1.47,,,
1991-01-11,2.29,0.86,32.63,1.43,,,
1991-01-14,2.29,0.85,36.2,1.44,,,
1991-01-15,2.33,0.88,36.16,1.45,,,
1991-01-16,2.36,0.88,33.2,1.48,,,
1991-01-17,2.4,1,27.45,1.4,,,
1991-01-18,2.4,1.02,25.39,1.38,,,
1991-01-21,,,24.33,,,,
1991-01-22,2.38,0.98,24.9,1.4,,,
1991-01-23,2.41,1.01,23.92,1.4,,,
1991-01-24,2.41,1.04,22.86,1.37,,,
1991-01-25,2.4,0.98,22.2,1.42,,,
1991-01-28,2.37,0.97,23.05,1.4,,,
1991-01-29,2.32,0.96,23.17,1.36,,,
1991-01-30,2.3,0.95,21.37,1.35,,,
1991-01-31,2.3,0.96,20.91,1.34,,,
1991-02-01,2.33,1.05,21.04,1.28,,,
1991-02-04,2.31,1.02,21.86,1.29,,,
1991-02-05,2.3,1.04,21.46,1.26,,,
1991-02-06,2.34,1.1,22.68,1.24,,,
1991-02-07,2.28,1.02,23.6,1.26,,,
1991-02-08,2.29,1.05,23.38,1.24,,,
1991-02-11,2.24,1,22.56,1.24,,,
1991-02-12,2.22,0.98,22.26,1.24,,,
1991-02-13,2.2,0.97,20.86,1.23,,,
1991-02-14,2.2,0.98,21.48,1.22,,,
1991-02-15,2.23,1.02,19.57,1.21,,,
1991-02-19,2.22,1.01,19.84,1.21,,,
1991-02-20,2.2,0.97,22.26,1.23,,,
1991-02-21,2.15,0.93,20.78,1.22,,,
1991-02-22,2.14,0.9,21.01,1.24,,,
1991-02-25,2.12,0.91,22.86,1.21,,,
1991-02-26,2.1,0.87,20.38,1.23,,,
1991-02-27,2.1,0.86,21.26,1.24,,,
1991-02-28,2.09,0.84,21.23,1.25,,,
1991-03-01,2.04,0.79,,1.25,,,
1991-03-04,2.05,0.8,20.86,1.25,,,
1991-03-05,2.02,0.83,20.45,1.19,,,
1991-03-06,1.99,0.8,20.55,1.19,,,
1991-03-07,1.99,0.84,21.05,1.15,,,
1991-03-08,1.97,0.8,20.81,1.17,,,
1991-03-11,1.98,0.84,20.88,1.14,,,
1991-03-12,1.97,0.82,18.82,1.15,,,
1991-03-13,2.01,0.88,16.09,1.13,,,
1991-03-14,2,0.87,14.94,1.13,,,
1991-03-15,1.98,0.84,14.9,1.14,,,
1991-03-18,1.97,0.81,15.79,1.16,,,
1991-03-19,1.93,0.75,16.11,1.18,,,
1991-03-20,1.93,0.78,16.04,1.15,,,
1991-03-21,1.94,0.8,16.86,1.14,,,
1991-03-22,1.99,0.83,16.49,1.16,,,
1991-03-25,1.96,0.8,16.76,1.16,,,
1991-03-26,1.96,0.8,16.31,1.16,,,
1991-03-27,1.96,0.83,16.55,1.13,,,
1991-03-28,1.96,0.85,16.88,1.11,,,
1991-04-01,1.95,0.8,17.42,1.15,,,
1991-04-02,1.97,0.83,17.4,1.14,,,
1991-04-03,1.94,0.82,17.61,1.12,,,
1991-04-04,1.95,0.84,18.01,1.11,,,
1991-04-05,1.97,0.86,17.63,1.11,,,
1991-04-08,1.95,0.87,17.41,1.08,,,
1991-04-09,1.91,0.82,20.12,1.09,,,
1991-04-10,1.86,0.78,19.73,1.08,,,
1991-04-11,1.9,0.83,17.24,1.07,,,
1991-04-12,1.99,0.89,18.45,1.1,,,
1991-04-15,1.98,0.86,16.5,1.12,,,
1991-04-16,1.97,0.84,15.82,1.13,,,
1991-04-17,1.96,0.82,15.47,1.14,,,
1991-04-18,1.91,0.8,16.26,1.11,,,
1991-04-19,1.86,0.75,15.68,1.11,,,
1991-04-22,1.83,0.75,16.78,1.08,,,
1991-04-23,1.85,0.79,17.02,1.06,,,
1991-04-24,1.83,0.85,16.72,0.98,,,
1991-04-25,1.82,0.8,17.15,1.02,,,
1991-04-26,1.84,0.81,17.27,1.03,,,
1991-04-29,1.8,0.8,18.27,1,,,
1991-04-30,1.83,0.81,18.24,1.02,,,
1991-05-01,1.8,0.83,17.77,0.97,,,
1991-05-02,1.8,0.83,17.52,0.97,,,
1991-05-03,1.79,0.78,17.24,1.01,,,
1991-05-06,1.77,0.77,17.92,1,,,
1991-05-07,1.77,0.75,17.46,1.02,,,
1991-05-08,1.78,0.79,17.78,0.99,,,
1991-05-09,1.8,0.81,17.17,0.99,,,
1991-05-10,1.76,0.73,17.54,1.03,,,
1991-05-13,1.81,0.78,17.66,1.03,,,
1991-05-14,1.79,0.74,18,1.05,,,
1991-05-15,1.79,0.77,18.38,1.02,,,
1991-05-16,1.8,0.78,17.24,1.02,,,
1991-05-17,1.83,0.82,16.64,1.01,,,
1991-05-20,1.8,0.77,17.1,1.03,,,
1991-05-21,1.83,0.81,16.07,1.02,,,
1991-05-22,1.81,0.8,16.16,1.01,,,
1991-05-23,1.79,0.75,16.11,1.04,,,
1991-05-24,1.8,0.77,15.23,1.03,,,
1991-05-28,1.83,0.79,15.67,1.04,,,
1991-05-29,1.79,0.81,15.9,0.98,,,
1991-05-30,1.8,0.84,16.02,0.96,,,
1991-05-31,1.77,0.82,15.93,0.95,,,
1991-06-03,1.73,0.75,16.87,0.98,,,
1991-06-04,1.74,0.76,16.17,0.98,,,
1991-06-05,1.72,0.75,16.4,0.97,,,
1991-06-06,1.7,0.72,16.93,0.98,,,
1991-06-07,1.71,0.69,16.98,1.02,,,
1991-06-10,1.71,0.68,17.47,1.03,,,
1991-06-11,1.7,0.69,17.32,1.01,,,
1991-06-12,1.67,0.68,17.72,0.99,,,
1991-06-13,1.67,0.7,16.99,0.97,,,
1991-06-14,1.69,0.73,15.98,0.96,,,
1991-06-17,1.68,0.74,15.5,0.94,,,
1991-06-18,1.66,0.73,16.14,0.93,,,
1991-06-19,1.66,0.73,17.44,0.93,,,
1991-06-20,1.67,0.74,16.75,0.93,,,
1991-06-21,1.66,0.72,16.51,0.94,,,
1991-06-24,1.65,0.72,18.28,0.93,,,
1991-06-25,1.64,0.72,17.85,0.92,,,
1991-06-26,1.62,0.71,17.98,0.91,,,
1991-06-27,1.62,0.72,17.87,0.9,,,
1991-06-28,1.66,0.78,19.55,0.88,,,
1991-07-01,1.66,0.77,18.64,0.89,,,
1991-07-02,1.62,0.76,17.63,0.86,,,
1991-07-03,1.64,0.77,19.47,0.87,,,
1991-07-05,1.59,0.71,18.35,0.88,,,
1991-07-08,1.63,0.71,20.29,0.92,,,
1991-07-09,1.62,0.7,19.76,0.92,,,
1991-07-10,1.65,0.71,19.19,0.94,,,
1991-07-11,1.64,0.73,17.39,0.91,,,
1991-07-12,1.64,0.74,18.29,0.9,,,
1991-07-15,1.66,0.72,17.78,0.94,,,
1991-07-16,1.66,0.72,17.49,0.94,,,
1991-07-17,1.62,0.68,17.52,0.94,,,
1991-07-18,1.62,0.69,15.77,0.93,,,
1991-07-19,1.62,0.73,15.5,0.89,,,
1991-07-22,1.61,0.71,16.9,0.9,,,
1991-07-23,1.57,0.67,16.58,0.9,,,
1991-07-24,1.59,0.74,16.41,0.85,,,
1991-07-25,1.6,0.76,15.74,0.84,,,
1991-07-26,1.61,0.75,15.45,0.86,,,
1991-07-29,1.62,0.75,15.67,0.87,,,
1991-07-30,1.61,0.72,15.47,0.89,,,
1991-07-31,1.6,0.73,15.18,0.87,,,
1991-08-01,1.61,0.73,15.47,0.88,,,
1991-08-02,1.67,0.83,15.26,0.84,,,
1991-08-05,1.68,0.82,15.92,0.86,,,
1991-08-06,1.7,0.87,15.54,0.83,,,
1991-08-07,1.73,0.88,15.56,0.85,,,
1991-08-08,1.7,0.83,15.98,0.87,,,
1991-08-09,1.72,0.81,15.45,0.91,,,
1991-08-12,1.74,0.83,15.26,0.91,,,
1991-08-13,1.75,0.85,14.73,0.9,,,
1991-08-14,1.76,0.91,15.09,0.85,,,
1991-08-15,1.76,0.86,15.19,0.9,,,
1991-08-16,1.75,0.85,16.01,0.9,,,
1991-08-19,1.79,0.85,21.19,0.94,,,
1991-08-20,1.82,0.88,18.86,0.94,,,
1991-08-21,1.81,0.88,15.62,0.93,,,
1991-08-22,1.8,0.88,14.59,0.92,,,
1991-08-23,1.79,0.84,14.41,0.95,,,
1991-08-26,1.76,0.82,14.81,0.94,,,
1991-08-27,1.75,0.84,15.46,0.91,,,
1991-08-28,1.76,0.88,15.31,0.88,,,
1991-08-29,1.8,0.92,14.82,0.88,,,
1991-08-30,1.75,0.87,14.46,0.88,,,
1991-09-03,1.76,0.86,16.57,0.9,,,
1991-09-04,1.79,0.87,17.18,0.92,,,
1991-09-05,1.78,0.86,17.31,0.92,,,
1991-09-06,1.79,0.89,16.76,0.9,,,
1991-09-09,1.81,0.91,17.73,0.9,,,
1991-09-10,1.82,0.9,18.22,0.92,,,
1991-09-11,1.84,0.89,17.96,0.95,,,
1991-09-12,1.84,0.94,16.21,0.9,,,
1991-09-13,1.85,0.96,17.88,0.89,,,
1991-09-16,1.87,0.98,17.82,0.89,,,
1991-09-17,1.88,0.98,17.68,0.9,,,
1991-09-18,1.88,1,17.56,0.88,,,
1991-09-19,1.9,0.98,17.56,0.92,,,
1991-09-20,1.94,1.03,17.08,0.91,,,
1991-09-23,1.92,1.04,16.38,0.88,,,
1991-09-24,1.91,1,16.04,0.91,,,
1991-09-25,1.9,0.99,15.68,0.91,,,
1991-09-26,1.91,0.98,15.35,0.93,,,
1991-09-27,1.96,1.04,16.31,0.92,,,
1991-09-30,1.94,1.06,15.85,0.88,,,
1991-10-01,1.97,1.05,14.81,0.92,,,
1991-10-02,1.96,1.03,15.81,0.93,,,
1991-10-03,1.96,0.97,17.04,0.99,,,
1991-10-04,2.01,1.08,15.63,0.93,,,
1991-10-07,1.99,1.08,18.58,0.91,,,
1991-10-08,1.96,1.03,17.81,0.93,,,
1991-10-09,1.96,1,18.54,0.96,,,
1991-10-10,1.9,0.96,17.8,0.94,,,
1991-10-11,1.94,1.02,17.6,0.92,,,
1991-10-14,,,16.71,,,,
1991-10-15,1.95,1.06,16.22,0.89,,,
1991-10-16,1.97,1.07,14.85,0.9,,,
1991-10-17,1.96,1.02,16.32,0.94,,,
1991-10-18,1.96,1.03,15.87,0.93,,,
1991-10-21,1.96,0.97,16.66,0.99,,,
1991-10-22,1.93,0.95,16.55,0.98,,,
1991-10-23,1.95,0.96,16.26,0.99,,,
1991-10-24,1.96,0.98,15.62,0.98,,,
1991-10-25,1.93,0.98,15.75,0.95,,,
1991-10-28,1.95,0.99,15.45,0.96,,,
1991-10-29,1.99,1.06,15.55,0.93,,,
1991-10-30,2.03,1.08,15.46,0.95,,,
1991-10-31,2.02,1.1,15.48,0.92,,,
1991-11-01,2.01,1.08,15.6,0.93,,,
1991-11-04,2,1.07,16.35,0.93,,,
1991-11-05,1.98,1.02,16.48,0.96,,,
1991-11-06,2,1.05,16.47,0.95,,,
1991-11-07,2.06,1.09,15.97,0.97,,,
1991-11-08,2.04,1.09,15.43,0.95,,,
1991-11-11,,,14.89,,,,
1991-11-12,2.03,1.06,14.04,0.97,,,
1991-11-13,2.03,1.04,13.95,0.99,,,
1991-11-14,2.05,1.07,13.96,0.98,,,
1991-11-15,2.08,1.08,21.18,1,,,
1991-11-18,2.07,1.08,18.28,0.99,,,
1991-11-19,2.08,1.09,20.34,0.99,,,
1991-11-20,2.05,1.08,20.4,0.97,,,
1991-11-21,2.06,1.1,19.11,0.96,,,
1991-11-22,2.01,1.05,21.2,0.96,,,
1991-11-25,2.02,1.03,21.92,0.99,,,
1991-11-26,2.04,1.06,19.8,0.98,,,
1991-11-27,2.03,1.03,19.84,1,,,
1991-11-29,2.06,1.06,20.26,1,,,
1991-12-02,2.1,1.11,20.18,0.99,,,
1991-12-03,2.12,1.14,19.7,0.98,,,
1991-12-04,2.19,1.22,19.54,0.97,,,
1991-12-05,2.14,1.17,20.19,0.97,,,
1991-12-06,2.06,1.09,19.04,0.97,,,
1991-12-09,2.1,1.14,19.74,0.96,,,
1991-12-10,2.09,1.13,19.89,0.96,,,
1991-12-11,2.1,1.13,20.57,0.97,,,
1991-12-12,2.1,1.14,19.08,0.96,,,
1991-12-13,2.07,1.14,17.88,0.93,,,
1991-12-16,2.09,1.14,17.62,0.95,,,
1991-12-17,2.11,1.14,18.12,0.97,,,
1991-12-18,2.09,1.14,17.78,0.95,,,
1991-12-19,2.13,1.2,17.96,0.93,,,
1991-12-20,2.21,1.27,17.65,0.94,,,
1991-12-23,2.27,1.35,16.61,0.92,,,
1991-12-24,2.26,1.35,15.67,0.91,,,
1991-12-26,2.27,1.36,15.44,0.91,,,
1991-12-27,2.34,1.39,15.7,0.95,,,
1991-12-30,2.35,1.42,17.63,0.93,,,
1991-12-31,2.39,1.45,19.31,0.94,,,
1992-01-02,2.33,1.4,18.95,0.93,,,
1992-01-03,2.26,1.32,18.75,0.94,,,
1992-01-06,2.27,1.33,18.96,0.94,,,
1992-01-07,2.31,1.37,19.23,0.94,,,
1992-01-08,2.28,1.35,18.72,0.93,,,
1992-01-09,2.22,1.34,18.96,0.88,,,
1992-01-10,2.19,1.32,18.45,0.87,,,
1992-01-13,2.14,1.24,18.01,0.9,,,
1992-01-14,2.05,1.15,17.01,0.9,,,
1992-01-15,2.06,1.15,17.39,0.91,,,
1992-01-16,2.03,1.11,17.64,0.92,,,
1992-01-17,2.04,1.13,16.32,0.91,,,
1992-01-20,,,16.42,,,,
1992-01-21,2.1,1.14,17.92,0.96,,,
1992-01-22,2.06,1.12,16.75,0.94,,,
1992-01-23,2.01,1.04,16.46,0.97,,,
1992-01-24,1.97,1.02,16.24,0.95,,,
1992-01-27,1.95,1.02,16.67,0.93,,,
1992-01-28,2.01,1.06,17.67,0.95,,,
1992-01-29,1.95,0.99,17.62,0.96,,,
1992-01-30,1.92,0.95,17.49,0.97,,,
1992-01-31,1.9,0.96,17.4,0.94,,,
1992-02-03,1.88,0.92,18.2,0.96,,,
1992-02-04,1.89,0.95,17.96,0.94,,,
1992-02-05,1.95,1.04,18.22,0.91,,,
1992-02-06,1.96,1.05,18.79,0.91,,,
1992-02-07,1.96,1.02,18.51,0.94,,,
1992-02-10,1.98,1.03,18.56,0.95,,,
1992-02-11,1.96,1.02,17.7,0.94,,,
1992-02-12,1.88,0.95,17.37,0.93,,,
1992-02-13,1.83,0.89,17.45,0.94,,,
1992-02-14,1.86,0.9,17.03,0.96,,,
1992-02-18,1.84,0.87,18.22,0.97,,,
1992-02-19,1.87,0.91,17.16,0.96,,,
1992-02-20,1.87,0.92,16.72,0.95,,,
1992-02-21,1.84,0.88,16.87,0.96,,,
1992-02-24,1.83,0.87,17.13,0.96,,,
1992-02-25,1.83,0.89,16.35,0.94,,,
1992-02-26,1.9,0.97,16.64,0.93,,,
1992-02-27,1.85,0.95,16.51,0.9,,,
1992-02-28,1.9,1,16.68,0.9,,,
1992-03-02,1.83,0.92,16.88,0.91,,,
1992-03-03,1.78,0.89,17.26,0.89,,,
1992-03-04,1.77,0.89,17.89,0.88,,,
1992-03-05,1.71,0.81,18.47,0.9,,,
1992-03-06,1.72,0.85,19.75,0.87,,,
1992-03-09,1.76,0.89,19.68,0.87,,,
1992-03-10,1.73,0.88,18.68,0.85,,,
1992-03-11,1.71,0.82,19.79,0.89,,,
1992-03-12,1.66,0.73,19.72,0.93,,,
1992-03-13,1.61,0.67,18.35,0.94,,,
1992-03-16,1.65,0.69,18.46,0.96,,,
1992-03-17,1.69,0.77,16.79,0.92,,,
1992-03-18,1.69,0.76,16.69,0.93,,,
1992-03-19,1.71,0.78,16.52,0.93,,,
1992-03-20,1.67,0.74,16.82,0.93,,,
1992-03-23,1.68,0.74,16.73,0.94,,,
1992-03-24,1.71,0.83,16.32,0.88,,,
1992-03-25,1.71,0.83,16.19,0.88,,,
1992-03-26,1.7,0.8,16.29,0.9,,,
1992-03-27,1.67,0.81,16.02,0.86,,,
1992-03-30,1.68,0.81,15.97,0.87,,,
1992-03-31,1.7,0.83,16.18,0.87,,,
1992-04-01,1.75,0.88,16.48,0.87,,,
1992-04-02,1.74,0.87,17.06,0.87,,,
1992-04-03,1.77,0.91,16.72,0.86,,,
1992-04-06,1.79,0.91,16.72,0.88,,,
1992-04-07,1.78,0.9,18.81,0.88,,,
1992-04-08,1.77,0.88,20.15,0.89,,,
1992-04-09,1.83,0.96,17.89,0.87,,,
1992-04-10,1.8,0.95,16.85,0.85,,,
1992-04-13,1.82,0.98,16.99,0.84,,,
1992-04-14,1.81,0.93,15.98,0.88,,,
1992-04-15,1.78,0.9,15.15,0.88,,,
1992-04-16,1.73,0.82,14.85,0.91,,,
1992-04-20,1.64,0.73,15.93,0.91,,,
1992-04-21,1.67,0.75,16.53,0.92,,,
1992-04-22,1.67,0.76,15.96,0.91,,,
1992-04-23,1.67,0.76,15.83,0.91,,,
1992-04-24,1.69,0.79,15.71,0.9,,,
1992-04-27,1.64,0.77,16.49,0.87,,,
1992-04-28,1.67,0.79,16.24,0.88,,,
1992-04-29,1.65,0.78,15.95,0.87,,,
1992-04-30,1.63,0.78,15.53,0.85,,,
1992-05-01,1.64,0.81,16.61,0.83,,,
1992-05-04,1.64,0.79,16.92,0.85,,,
1992-05-05,1.66,0.8,16.66,0.86,,,
1992-05-06,1.74,0.88,16.81,0.86,,,
1992-05-07,1.71,0.86,16.54,0.85,,,
1992-05-08,1.74,0.9,15.65,0.84,,,
1992-05-11,1.74,0.89,15.17,0.85,,,
1992-05-12,1.77,0.92,15.68,0.85,,,
1992-05-13,1.78,0.93,15.19,0.85,,,
1992-05-14,1.78,0.93,15.49,0.85,,,
1992-05-15,1.8,0.97,14.82,0.83,,,
1992-05-18,1.8,0.96,14.62,0.84,,,
1992-05-19,1.85,1.02,13.57,0.83,,,
1992-05-20,1.82,0.97,13.62,0.85,,,
1992-05-21,1.71,0.85,13.92,0.86,,,
1992-05-22,1.72,0.88,13.73,0.84,,,
1992-05-26,1.66,0.8,14.92,0.86,,,
1992-05-27,1.68,0.81,13.99,0.87,,,
1992-05-28,1.74,0.88,13.77,0.86,,,
1992-05-29,1.77,0.9,13.86,0.87,,,
1992-06-01,1.71,0.86,14.43,0.85,,,
1992-06-02,1.74,0.88,14.57,0.86,,,
1992-06-03,1.76,0.91,14.35,0.85,,,
1992-06-04,1.75,0.91,13.66,0.84,,,
1992-06-05,1.77,0.93,14.65,0.84,,,
1992-06-08,1.77,0.91,15.19,0.86,,,
1992-06-09,1.76,0.9,15.97,0.86,,,
1992-06-10,1.75,0.9,16.62,0.85,,,
1992-06-11,1.73,0.93,16.29,0.8,,,
1992-06-12,1.76,0.95,14.95,0.81,,,
1992-06-15,1.77,0.95,14.76,0.82,,,
1992-06-16,1.78,0.98,15.22,0.8,,,
1992-06-17,1.78,0.99,18.08,0.79,,,
1992-06-18,1.81,1.03,18.2,0.78,,,
1992-06-19,1.8,0.98,16.31,0.82,,,
1992-06-22,1.8,0.97,16.66,0.83,,,
1992-06-23,1.79,0.97,14.53,0.82,,,
1992-06-24,1.82,1.01,14.4,0.81,,,
1992-06-25,1.86,1.04,14.4,0.82,,,
1992-06-26,1.85,1.03,14.67,0.82,,,
1992-06-29,1.88,1.04,13.21,0.84,,,
1992-06-30,1.86,1.04,13.35,0.82,,,
1992-07-01,1.9,1.06,13.34,0.84,,,
1992-07-02,1.99,1.2,13.88,0.79,,,
1992-07-06,2,1.18,14.87,0.82,,,
1992-07-07,2.02,1.21,15.83,0.81,,,
1992-07-08,1.98,1.17,15.53,0.81,,,
1992-07-09,1.98,1.17,14.6,0.81,,,
1992-07-10,1.95,1.14,13.7,0.81,,,
1992-07-13,1.92,1.11,14.01,0.81,,,
1992-07-14,1.93,1.13,13.5,0.8,,,
1992-07-15,1.96,1.18,12.52,0.78,,,
1992-07-16,1.98,1.21,12.27,0.77,,,
1992-07-17,1.97,1.2,12.6,0.77,,,
1992-07-20,1.96,1.19,12.66,0.77,,,
1992-07-21,1.96,1.19,12.6,0.77,,,
1992-07-22,1.99,1.21,13.57,0.78,,,
1992-07-23,2.06,1.32,13.33,0.74,,,
1992-07-24,2.06,1.3,13.37,0.76,,,
1992-07-27,2.07,1.33,13.9,0.74,,,
1992-07-28,2.07,1.38,13.05,0.69,,,
1992-07-29,2.09,1.41,13.44,0.68,,,
1992-07-30,2.02,1.32,13.5,0.7,,,
1992-07-31,1.97,1.28,13.17,0.69,,,
1992-08-03,1.98,1.28,13.83,0.7,,,
1992-08-04,2.02,1.34,13.58,0.68,,,
1992-08-05,2.03,1.35,13.82,0.68,,,
1992-08-06,2.05,1.33,14.23,0.72,,,
1992-08-07,2.07,1.39,13.94,0.68,,,
1992-08-10,2.11,1.44,14.51,0.67,,,
1992-08-11,2.11,1.42,15.09,0.69,,,
1992-08-12,2.13,1.44,14.88,0.69,,,
1992-08-13,2.1,1.39,15.34,0.71,,,
1992-08-14,2.07,1.39,14.66,0.68,,,
1992-08-17,2.06,1.37,14.61,0.69,,,
1992-08-18,2.13,1.41,13.84,0.72,,,
1992-08-19,2.14,1.43,14.35,0.71,,,
1992-08-20,2.14,1.43,14.48,0.71,,,
1992-08-21,2.11,1.4,15.01,0.71,,,
1992-08-24,2.01,1.3,16.19,0.71,,,
1992-08-25,1.99,1.25,15.62,0.74,,,
1992-08-26,2.01,1.29,14.5,0.72,,,
1992-08-27,2.03,1.32,13.66,0.71,,,
1992-08-28,2.06,1.34,13.14,0.72,,,
1992-08-31,2.06,1.34,13.58,0.72,,,
1992-09-01,2.11,1.38,13.4,0.73,,,
1992-09-02,2.12,1.39,12.73,0.73,,,
1992-09-03,2.09,1.39,12.88,0.7,,,
1992-09-04,2.16,1.49,12.98,0.67,,,
1992-09-08,2.25,1.58,13.65,0.67,,,
1992-09-09,2.22,1.55,13.36,0.67,,,
1992-09-10,2.23,1.55,12.92,0.68,,,
1992-09-11,2.17,1.51,12.47,0.66,,,
1992-09-14,2.21,1.54,13,0.67,,,
1992-09-15,2.17,1.52,13.63,0.65,,,
1992-09-16,2.17,1.53,14.72,0.64,,,
1992-09-17,2.19,1.52,14.31,0.67,,,
1992-09-18,2.2,1.52,13.74,0.68,,,
1992-09-21,2.21,1.52,13.45,0.69,,,
1992-09-22,2.2,1.48,13.88,0.72,,,
1992-09-23,2.18,1.44,13.83,0.74,,,
1992-09-24,2.23,1.48,13.44,0.75,,,
1992-09-25,2.27,1.52,14.8,0.75,,,
1992-09-28,2.28,1.56,15.19,0.72,,,
1992-09-29,2.28,1.57,14.97,0.71,,,
1992-09-30,2.29,1.57,14.28,0.72,,,
1992-10-01,2.39,1.69,16.31,0.7,,,
1992-10-02,2.38,1.67,17.79,0.71,,,
1992-10-05,2.4,1.64,20.01,0.76,,,
1992-10-06,2.38,1.6,19.95,0.78,,,
1992-10-07,2.28,1.48,21.02,0.8,,,
1992-10-08,2.32,1.51,19.26,0.81,,,
1992-10-09,2.27,1.44,20.51,0.83,,,
1992-10-12,,,19.49,,,,
1992-10-13,2.33,1.46,17.9,0.87,,,
1992-10-14,2.31,1.43,18.42,0.88,,,
1992-10-15,2.3,1.41,17.11,0.89,,,
1992-10-16,2.26,1.36,17.01,0.9,,,
1992-10-19,2.21,1.29,17.31,0.92,,,
1992-10-20,2.12,1.18,16.87,0.94,,,
1992-10-21,2.14,1.25,16.62,0.89,,,
1992-10-22,2.19,1.31,15.84,0.88,,,
1992-10-23,2.09,1.24,16.46,0.85,,,
1992-10-26,2.14,1.26,16.32,0.88,,,
1992-10-27,2.16,1.29,16.24,0.87,,,
1992-10-28,2.19,1.3,15.95,0.89,,,
1992-10-29,2.22,1.34,15.47,0.88,,,
1992-10-30,2.19,1.29,16.15,0.9,,,
1992-11-02,2.14,1.22,16.67,0.92,,,
1992-11-03,2.14,1.23,17.33,0.91,,,
1992-11-04,2.11,1.21,16.28,0.9,,,
1992-11-05,2.15,1.26,15.38,0.89,,,
1992-11-06,2.1,1.17,14.69,0.93,,,
1992-11-09,2.06,1.17,14.23,0.89,,,
1992-11-10,2.11,1.25,14.37,0.86,,,
1992-11-11,,,13.99,,,,
1992-11-12,2.16,1.31,14.37,0.85,,,
1992-11-13,2.12,1.29,14.61,0.83,,,
1992-11-16,2.04,1.2,14.86,0.84,,,
1992-11-17,2.04,1.23,15.01,0.81,,,
1992-11-18,2.11,1.26,14.55,0.85,,,
1992-11-19,2.1,1.26,14.33,0.84,,,
1992-11-20,2.05,1.22,13.67,0.83,,,
1992-11-23,2.04,1.19,13.4,0.85,,,
1992-11-24,2.07,1.23,12.66,0.84,,,
1992-11-25,2.07,1.22,12.5,0.85,,,
1992-11-27,2,1.14,12.58,0.86,,,
1992-11-30,2,1.13,13.01,0.87,,,
1992-12-01,1.99,1.12,12.8,0.87,,,
1992-12-02,2,1.14,12.56,0.86,,,
1992-12-03,2.01,1.16,12.03,0.85,,,
1992-12-04,2.03,1.2,11.81,0.83,,,
1992-12-07,2.05,1.24,12,0.81,,,
1992-12-08,2.09,1.27,11.73,0.82,,,
1992-12-09,2.06,1.24,12.58,0.82,,,
1992-12-10,2.04,1.23,12.75,0.81,,,
1992-12-11,2.01,1.18,12.34,0.83,,,
1992-12-14,2,1.17,12.66,0.83,,,
1992-12-15,2,1.16,12.41,0.84,,,
1992-12-16,2.04,1.21,12.58,0.83,,,
1992-12-17,2.03,1.21,12.14,0.82,,,
1992-12-18,2.05,1.23,11.66,0.82,,,
1992-12-21,2.06,1.25,11.65,0.81,,,
1992-12-22,2.1,1.27,11.75,0.83,,,
1992-12-23,2.07,1.24,11.51,0.83,,,
1992-12-24,2.05,1.22,11.57,0.83,,,
1992-12-28,2.04,1.19,12.22,0.85,,,
1992-12-29,2.05,1.21,12.29,0.84,,,
1992-12-30,2.06,1.21,12.6,0.85,,,
1992-12-31,2.06,1.21,12.57,0.85,,,
1993-01-04,2.09,1.27,13.36,0.82,,,
1993-01-05,2.1,1.27,13.35,0.83,,,
1993-01-06,2.09,1.3,13.37,0.79,,,
1993-01-07,2.02,1.2,14.72,0.82,,,
1993-01-08,2.04,1.23,13.77,0.81,,,
1993-01-11,2.05,1.27,12.86,0.78,,,
1993-01-12,2.06,1.27,12.78,0.79,,,
1993-01-13,2.04,1.27,12.42,0.77,,,
1993-01-14,2.06,1.3,11.99,0.76,,,
1993-01-15,2.06,1.3,11.57,0.76,,,
1993-01-18,,,11.49,,,,
1993-01-19,2.04,1.3,12.06,0.74,,,
1993-01-20,2.05,1.29,12.15,0.76,,,
1993-01-21,2.04,1.3,11.69,0.74,,,
1993-01-22,2.06,1.33,11.3,0.73,,,
1993-01-25,2.08,1.37,11.38,0.71,,,
1993-01-26,2.08,1.35,11.45,0.73,,,
1993-01-27,2.09,1.38,12.01,0.71,,,
1993-01-28,2.1,1.4,12.04,0.7,,,
1993-01-29,2.11,1.41,12.42,0.7,,,
1993-02-01,2.13,1.42,12.33,0.71,,,
1993-02-02,2.07,1.34,12.25,0.73,,,
1993-02-03,2.05,1.35,12.12,0.7,,,
1993-02-04,2.09,1.38,12.29,0.71,,,
1993-02-05,2.14,1.42,12.9,0.72,,,
1993-02-08,2.12,1.4,13.22,0.72,,,
1993-02-09,2.08,1.35,13.48,0.73,,,
1993-02-10,2.12,1.36,13.43,0.76,,,
1993-02-11,2.13,1.37,12.69,0.76,,,
1993-02-12,2.09,1.36,12.38,0.73,,,
1993-02-16,2.1,1.39,15.76,0.71,,,
1993-02-17,2.13,1.43,15.9,0.7,,,
1993-02-18,2.15,1.52,15.56,0.63,,,
1993-02-19,2.16,1.49,15.02,0.67,,,
1993-02-22,2.17,1.54,14.7,0.63,,,
1993-02-23,2.25,1.68,15.04,0.57,,,
1993-02-24,2.19,1.59,14.72,0.6,,,
1993-02-25,2.19,1.59,13.76,0.6,,,
1993-02-26,2.2,1.58,13.16,0.62,,,
1993-03-01,2.23,1.64,13.6,0.59,,,
1993-03-02,2.21,1.64,12.49,0.57,,,
1993-03-03,2.23,1.69,13.13,0.54,,,
1993-03-04,2.24,1.7,13.44,0.54,,,
1993-03-05,2.2,1.64,14.08,0.56,,,
1993-03-08,2.21,1.69,16.22,0.52,,,
1993-03-09,2.19,1.63,14.17,0.56,,,
1993-03-10,2.12,1.56,13.91,0.56,,,
1993-03-11,2.16,1.57,14.26,0.59,,,
1993-03-12,2.09,1.47,15.66,0.62,,,
1993-03-15,2.06,1.45,14.74,0.61,,,
1993-03-16,2.15,1.56,14.51,0.59,,,
1993-03-17,2.13,1.59,14.53,0.54,,,
1993-03-18,2.17,1.67,14.17,0.5,,,
1993-03-19,2.18,1.65,13.23,0.53,,,
1993-03-22,2.15,1.62,13.66,0.53,,,
1993-03-23,2.19,1.65,13.02,0.54,,,
1993-03-24,2.18,1.64,12.44,0.54,,,
1993-03-25,2.18,1.62,12.08,0.56,,,
1993-03-26,2.14,1.54,12.21,0.6,,,
1993-03-29,2.15,1.56,12.63,0.59,,,
1993-03-30,2.18,1.6,12.23,0.58,,,
1993-03-31,2.18,1.6,12.53,0.58,,,
1993-04-01,2.18,1.59,13.02,0.59,,,
1993-04-02,2.15,1.53,14.5,0.62,,,
1993-04-05,2.17,1.53,14.12,0.64,,,
1993-04-06,2.19,1.55,14.24,0.64,,,
1993-04-07,2.17,1.52,13.64,0.65,,,
1993-04-08,2.21,1.58,12.83,0.63,,,
1993-04-12,2.2,1.57,11.93,0.63,,,
1993-04-13,2.16,1.54,11.7,0.62,,,
1993-04-14,2.16,1.56,11.76,0.6,,,
1993-04-15,2.17,1.53,10.96,0.64,,,
1993-04-16,2.16,1.51,11.29,0.65,,,
1993-04-19,2.17,1.49,12.06,0.68,,,
1993-04-20,2.18,1.46,11.94,0.72,,,
1993-04-21,2.19,1.47,12.11,0.72,,,
1993-04-22,2.2,1.48,12.68,0.72,,,
1993-04-23,2.19,1.44,13.36,0.75,,,
1993-04-26,2.17,1.42,15.25,0.75,,,
1993-04-27,2.14,1.37,13.93,0.77,,,
1993-04-28,2.15,1.39,13.12,0.76,,,
1993-04-29,2.16,1.42,12.8,0.74,,,
1993-04-30,2.12,1.36,12.42,0.76,,,
1993-05-03,2.2,1.44,12.9,0.76,,,
1993-05-04,2.2,1.45,12.14,0.75,,,
1993-05-05,2.18,1.43,12.38,0.75,,,
1993-05-06,2.22,1.47,13.22,0.75,,,
1993-05-07,2.22,1.46,13.01,0.76,,,
1993-05-10,2.24,1.48,13.72,0.76,,,
1993-05-11,2.24,1.48,13.35,0.76,,,
1993-05-12,2.21,1.45,13.56,0.76,,,
1993-05-13,2.22,1.42,14.76,0.8,,,
1993-05-14,2.2,1.41,14.39,0.79,,,
1993-05-17,2.18,1.37,14.13,0.81,,,
1993-05-18,2.15,1.33,14.19,0.82,,,
1993-05-19,2.17,1.38,14.29,0.79,,,
1993-05-20,2.18,1.4,13.98,0.78,,,
1993-05-21,2.15,1.34,14.51,0.81,,,
1993-05-24,2.14,1.32,14.1,0.82,,,
1993-05-25,2.13,1.31,14.04,0.82,,,
1993-05-26,2.12,1.31,12.88,0.81,,,
1993-05-27,2.12,1.33,13.1,0.79,,,
1993-05-28,2.1,1.3,13.47,0.8,,,
1993-06-01,2.1,1.3,13.67,0.8,,,
1993-06-02,2.1,1.32,13.48,0.78,,,
1993-06-03,2.12,1.36,13.54,0.76,,,
1993-06-04,2.07,1.3,12.86,0.77,,,
1993-06-07,2.06,1.31,14.07,0.75,,,
1993-06-08,2.07,1.31,14.74,0.76,,,
1993-06-09,2.07,1.32,13.96,0.75,,,
1993-06-10,2.06,1.31,13.31,0.75,,,
1993-06-11,2.1,1.37,12.71,0.73,,,
1993-06-14,2.1,1.36,12.33,0.74,,,
1993-06-15,2.1,1.36,11.99,0.74,,,
1993-06-16,2.1,1.36,11.87,0.74,,,
1993-06-17,2.13,1.39,11.66,0.74,,,
1993-06-18,2.08,1.35,12.24,0.73,,,
1993-06-21,2.11,1.38,12.25,0.73,,,
1993-06-22,2.12,1.38,11.65,0.74,,,
1993-06-23,2.11,1.39,12.04,0.72,,,
1993-06-24,2.13,1.4,12.25,0.73,,,
1993-06-25,2.14,1.42,11.25,0.72,,,
1993-06-28,2.16,1.43,11.11,0.73,,,
1993-06-29,2.16,1.44,11.29,0.72,,,
1993-06-30,2.16,1.44,11.26,0.72,,,
1993-07-01,2.16,1.44,11.51,0.72,,,
1993-07-02,2.19,1.48,11.33,0.71,,,
1993-07-06,2.17,1.44,13.87,0.73,,,
1993-07-07,2.17,1.43,13.05,0.74,,,
1993-07-08,2.17,1.44,12.24,0.73,,,
1993-07-09,2.17,1.44,10.8,0.73,,,
1993-07-12,2.17,1.44,10.85,0.73,,,
1993-07-13,2.14,1.41,11.02,0.73,,,
1993-07-14,2.17,1.42,10.78,0.75,,,
1993-07-15,2.16,1.42,10.6,0.74,,,
1993-07-16,2.16,1.42,10.96,0.74,,,
1993-07-19,2.17,1.42,11.46,0.75,,,
1993-07-20,2.14,1.39,11.05,0.75,,,
1993-07-21,2.11,1.34,11.97,0.77,,,
1993-07-22,2.06,1.28,11.69,0.78,,,
1993-07-23,2.05,1.26,11.32,0.79,,,
1993-07-26,2.06,1.25,11.32,0.81,,,
1993-07-27,2.06,1.24,11.34,0.82,,,
1993-07-28,2.06,1.27,11.37,0.79,,,
1993-07-29,2.1,1.28,11.25,0.82,,,
1993-07-30,2.05,1.25,11.73,0.8,,,
1993-08-02,2.03,1.22,11.47,0.81,,,
1993-08-03,2,1.21,11.49,0.79,,,
1993-08-04,1.96,1.17,11.71,0.79,,,
1993-08-05,1.93,1.15,12.03,0.78,,,
1993-08-06,1.93,1.16,12.33,0.77,,,
1993-08-09,1.92,1.15,12.39,0.77,,,
1993-08-10,1.9,1.13,12.31,0.77,,,
1993-08-11,1.94,1.16,12.07,0.78,,,
1993-08-12,1.89,1.13,12.38,0.76,,,
1993-08-13,1.9,1.15,12.19,0.75,,,
1993-08-16,1.9,1.17,12.01,0.73,,,
1993-08-17,1.88,1.12,11.59,0.76,,,
1993-08-18,1.84,1.1,11.52,0.74,,,
1993-08-19,1.85,1.11,11.63,0.74,,,
1993-08-20,1.87,1.13,11.62,0.74,,,
1993-08-23,1.89,1.14,12.15,0.75,,,
1993-08-24,1.92,1.21,11.8,0.71,,,
1993-08-25,1.91,1.2,12.1,0.71,,,
1993-08-26,1.95,1.26,12.14,0.69,,,
1993-08-27,1.92,1.21,11.91,0.71,,,
1993-08-30,1.94,1.23,11.74,0.71,,,
1993-08-31,1.91,1.2,11.85,0.71,,,
1993-09-01,1.89,1.19,11.48,0.7,,,
1993-09-02,1.92,1.18,11.87,0.74,,,
1993-09-03,1.95,1.19,11.16,0.76,,,
1993-09-07,2,1.24,12.9,0.76,,,
1993-09-08,1.97,1.21,13.24,0.76,,,
1993-09-09,1.97,1.23,12.67,0.74,,,
1993-09-10,1.99,1.26,11.7,0.73,,,
1993-09-13,2.01,1.3,12.16,0.71,,,
1993-09-14,1.94,1.27,13.15,0.67,,,
1993-09-15,1.92,1.28,12.7,0.64,,,
1993-09-16,2,1.35,13.36,0.65,,,
1993-09-17,2,1.35,13.39,0.65,,,
1993-09-20,2.01,1.36,14.6,0.65,,,
1993-09-21,1.98,1.34,17.3,0.64,,,
1993-09-22,1.99,1.36,13.75,0.63,,,
1993-09-23,2,1.35,13.36,0.65,,,
1993-09-24,2,1.34,12.47,0.66,,,
1993-09-27,2.03,1.39,12.49,0.64,,,
1993-09-28,2.04,1.39,12.19,0.65,,,
1993-09-29,2.01,1.33,12.63,0.68,,,
1993-09-30,2,1.33,12.99,0.67,,,
1993-10-01,2.02,1.35,11.83,0.67,,,
1993-10-04,2.03,1.36,12.85,0.67,,,
1993-10-05,2.01,1.37,12.97,0.64,,,
1993-10-06,2.02,1.38,12.68,0.64,,,
1993-10-07,2.04,1.39,13.14,0.65,,,
1993-10-08,2.03,1.37,12.04,0.66,,,
1993-10-11,,,12.26,,,,
1993-10-12,2,1.37,12.41,0.63,,,
1993-10-13,2.02,1.39,11.38,0.63,,,
1993-10-14,2.01,1.37,11,0.64,,,
1993-10-15,1.99,1.36,10.87,0.63,,,
1993-10-18,1.96,1.33,11.33,0.63,,,
1993-10-19,1.96,1.33,11.61,0.63,,,
1993-10-20,1.95,1.32,11.32,0.63,,,
1993-10-21,1.93,1.31,11.2,0.62,,,
1993-10-22,1.91,1.29,11.48,0.62,,,
1993-10-25,1.9,1.27,11.83,0.63,,,
1993-10-26,1.93,1.3,11.83,0.63,,,
1993-10-27,1.95,1.3,12.01,0.65,,,
1993-10-28,1.98,1.31,11.88,0.67,,,
1993-10-29,1.96,1.29,11.46,0.67,,,
1993-11-01,1.88,1.2,11.78,0.68,,,
1993-11-02,1.88,1.21,11.74,0.67,,,
1993-11-03,1.9,1.2,13.26,0.7,,,
1993-11-04,1.97,1.26,14.68,0.71,,,
1993-11-05,1.93,1.22,14.97,0.71,,,
1993-11-08,1.96,1.25,14.31,0.71,,,
1993-11-09,1.97,1.24,13.94,0.73,,,
1993-11-10,1.94,1.21,13.72,0.73,,,
1993-11-11,,,13.88,,,,
1993-11-12,1.98,1.25,13.33,0.73,,,
1993-11-15,1.97,1.22,14.46,0.75,,,
1993-11-16,2.02,1.26,15.11,0.76,,,
1993-11-17,2,1.25,15.57,0.75,,,
1993-11-18,1.99,1.22,14.65,0.77,,,
1993-11-19,1.92,1.18,15.03,0.74,,,
1993-11-22,1.89,1.14,15.9,0.75,,,
1993-11-23,1.9,1.15,14.27,0.75,,,
1993-11-24,1.9,1.14,13.51,0.76,,,
1993-11-26,1.93,1.18,13.77,0.75,,,
1993-11-29,1.89,1.14,14.12,0.75,,,
1993-11-30,1.91,1.16,13.76,0.75,,,
1993-12-01,1.89,1.15,13.83,0.74,,,
1993-12-02,1.88,1.13,13.51,0.75,,,
1993-12-03,1.89,1.14,12.69,0.75,,,
1993-12-06,1.9,1.15,12.84,0.75,,,
1993-12-07,1.9,1.14,12.41,0.76,,,
1993-12-08,1.9,1.14,12.46,0.76,,,
1993-12-09,1.92,1.16,12.43,0.76,,,
1993-12-10,1.89,1.14,12.6,0.75,,,
1993-12-13,1.89,1.15,10.98,0.74,,,
1993-12-14,1.89,1.15,11.13,0.74,,,
1993-12-15,1.9,1.15,11.03,0.75,,,
1993-12-16,1.9,1.15,10.9,0.75,,,
1993-12-17,1.92,1.17,11.08,0.75,,,
1993-12-20,1.9,1.15,10.75,0.75,,,
1993-12-21,1.89,1.15,10.08,0.74,,,
1993-12-22,1.94,1.19,9.31,0.75,,,
1993-12-23,1.93,1.18,9.48,0.75,,,
1993-12-27,1.94,1.18,9.7,0.76,,,
1993-12-28,1.96,1.19,9.82,0.77,,,
1993-12-29,1.94,1.17,10.46,0.77,,,
1993-12-30,1.93,1.17,10.69,0.76,,,
1993-12-31,1.94,1.17,11.66,0.77,,,
1994-01-03,1.9,1.15,12.57,0.75,,,
1994-01-04,1.89,1.15,11.91,0.74,,,
1994-01-05,1.88,1.16,10.94,0.72,,,
1994-01-06,1.89,1.17,11.27,0.72,,,
1994-01-07,1.93,1.19,10.96,0.74,,,
1994-01-10,1.94,1.2,10.74,0.74,,,
1994-01-11,1.94,1.2,11.29,0.74,,,
1994-01-12,1.95,1.21,11.65,0.74,,,
1994-01-13,1.9,1.17,12.08,0.73,,,
1994-01-14,1.89,1.15,11.15,0.74,,,
1994-01-17,,,11.88,,,,
1994-01-18,1.9,1.17,11.63,0.73,,,
1994-01-19,1.89,1.16,11.76,0.73,,,
1994-01-20,1.91,1.19,11.16,0.72,,,
1994-01-21,1.9,1.18,11.09,0.72,,,
1994-01-24,1.89,1.17,11.6,0.72,,,
1994-01-25,1.88,1.17,11.38,0.71,,,
1994-01-26,1.89,1.18,11.17,0.71,,,
1994-01-27,1.88,1.18,10.3,0.7,,,
1994-01-28,1.86,1.17,9.94,0.69,,,
1994-01-31,1.85,1.15,10.63,0.7,,,
1994-02-01,1.84,1.15,10.65,0.69,,,
1994-02-02,1.83,1.15,10.61,0.68,,,
1994-02-03,1.82,1.14,10.75,0.68,,,
1994-02-04,1.74,1.06,15.25,0.68,,,
1994-02-07,1.74,1.06,13.96,0.68,,,
1994-02-08,1.73,1.04,13.66,0.69,,,
1994-02-09,1.81,1.11,13.3,0.7,,,
1994-02-10,1.82,1.13,14.24,0.69,,,
1994-02-11,1.82,1.13,14.46,0.69,,,
1994-02-14,1.81,1.12,14.28,0.69,,,
1994-02-15,1.84,1.14,13.4,0.7,,,
1994-02-16,1.83,1.13,13.13,0.7,,,
1994-02-17,1.79,1.09,13.79,0.7,,,
1994-02-18,1.78,1.08,14.7,0.7,,,
1994-02-22,1.8,1.1,13.52,0.7,,,
1994-02-23,1.77,1.08,13.91,0.69,,,
1994-02-24,1.74,1.06,15.96,0.68,,,
1994-02-25,1.74,1.07,14.8,0.67,,,
1994-02-28,1.77,1.1,14.87,0.67,,,
1994-03-01,1.72,1.07,15.83,0.65,,,
1994-03-02,1.71,1.07,16.08,0.64,,,
1994-03-03,1.71,1.07,16.36,0.64,,,
1994-03-04,1.7,1.04,16,0.66,,,
1994-03-07,1.7,1.05,14.26,0.65,,,
1994-03-08,1.67,1.03,16.23,0.64,,,
1994-03-09,1.68,1.04,14.41,0.64,,,
1994-03-10,1.67,1.03,16.55,0.64,,,
1994-03-11,1.68,1.04,14.87,0.64,,,
1994-03-14,1.65,1.02,16.61,0.63,,,
1994-03-15,1.64,1,14.78,0.64,,,
1994-03-16,1.66,1.02,14.51,0.64,,,
1994-03-17,1.65,1.01,12.76,0.64,,,
1994-03-18,1.63,0.98,13.32,0.65,,,
1994-03-21,1.64,0.98,14.34,0.66,,,
1994-03-22,1.64,0.98,13.39,0.66,,,
1994-03-23,1.64,0.98,12.31,0.66,,,
1994-03-24,1.6,0.96,13.43,0.64,,,
1994-03-25,1.59,0.95,13.67,0.64,,,
1994-03-28,1.59,0.95,14.9,0.64,,,
1994-03-29,1.57,0.93,16.49,0.64,,,
1994-03-30,1.54,0.89,18.59,0.65,,,
1994-03-31,1.59,0.95,20.45,0.64,,,
1994-04-04,1.52,0.86,23.87,0.66,,,
1994-04-05,1.58,0.93,18.13,0.65,,,
1994-04-06,1.6,0.95,17.38,0.65,,,
1994-04-07,1.63,0.98,16.98,0.65,,,
1994-04-08,1.59,0.94,16.92,0.65,,,
1994-04-11,1.59,0.95,16.61,0.64,,,
1994-04-12,1.59,0.96,16.42,0.63,,,
1994-04-13,1.58,0.94,17.02,0.64,,,
1994-04-14,1.56,0.92,16.27,0.64,,,
1994-04-15,1.57,0.93,15.98,0.64,,,
1994-04-18,1.51,0.89,17.22,0.62,,,
1994-04-19,1.51,0.89,16.93,0.62,,,
1994-04-20,1.53,0.91,17.01,0.62,,,
1994-04-21,1.55,0.93,14.93,0.62,,,
1994-04-22,1.53,0.88,14.94,0.65,,,
1994-04-25,1.53,0.88,14.26,0.65,,,
1994-04-26,1.51,0.86,13.8,0.65,,,
1994-04-28,1.5,0.85,14.51,0.65,,,
1994-04-29,1.48,0.84,13.77,0.64,,,
1994-05-02,1.46,0.84,14.11,0.62,,,
1994-05-03,1.44,0.82,13.81,0.62,,,
1994-05-04,1.44,0.82,14.29,0.62,,,
1994-05-05,1.44,0.82,14.56,0.62,,,
1994-05-06,1.36,0.73,15.08,0.63,,,
1994-05-09,1.3,0.68,16.16,0.62,,,
1994-05-10,1.35,0.72,15.19,0.63,,,
1994-05-11,1.41,0.78,15.55,0.63,,,
1994-05-12,1.38,0.76,15.46,0.62,,,
1994-05-13,1.41,0.78,14.54,0.63,,,
1994-05-16,1.43,0.8,14.67,0.63,,,
1994-05-17,1.44,0.81,14.08,0.63,,,
1994-05-18,1.46,0.82,12.55,0.64,,,
1994-05-19,1.5,0.86,12.33,0.64,,,
1994-05-20,1.52,0.88,12.79,0.64,,,
1994-05-23,1.46,0.82,13.49,0.64,,,
1994-05-24,1.44,0.81,12.73,0.63,,,
1994-05-25,1.47,0.83,12.43,0.64,,,
1994-05-26,1.52,0.87,12.5,0.65,,,
1994-05-27,1.51,0.86,12.49,0.65,,,
1994-05-31,1.51,0.86,13.03,0.65,,,
1994-06-01,1.53,0.88,12.72,0.65,,,
1994-06-02,1.54,0.89,12.73,0.65,,,
1994-06-03,1.52,0.87,12.19,0.65,,,
1994-06-06,1.55,0.89,13.03,0.66,,,
1994-06-07,1.54,0.89,13.05,0.65,,,
1994-06-08,1.56,0.91,13.32,0.65,,,
1994-06-09,1.53,0.88,13.21,0.65,,,
1994-06-10,1.53,0.87,12.69,0.66,,,
1994-06-13,1.56,0.88,11.92,0.68,,,
1994-06-14,1.56,0.86,11.6,0.7,,,
1994-06-15,1.52,0.83,11.52,0.69,,,
1994-06-16,1.56,0.86,11.22,0.7,,,
1994-06-17,1.58,0.87,12.31,0.71,,,
1994-06-20,1.58,0.87,13.96,0.71,,,
1994-06-21,1.55,0.84,14.7,0.71,,,
1994-06-22,1.55,0.84,14.02,0.71,,,
1994-06-23,1.57,0.87,14.12,0.7,,,
1994-06-24,1.55,0.85,16.72,0.7,,,
1994-06-27,1.55,0.85,15.53,0.7,,,
1994-06-28,1.53,0.83,15.04,0.7,,,
1994-06-29,1.54,0.84,14.42,0.7,,,
1994-06-30,1.52,0.84,14.97,0.68,,,
1994-07-01,1.51,0.82,14.36,0.69,,,
1994-07-05,1.53,0.84,14.92,0.69,,,
1994-07-06,1.54,0.85,14.7,0.69,,,
1994-07-07,1.53,0.84,14.01,0.69,,,
1994-07-08,1.51,0.82,13.26,0.69,,,
1994-07-11,1.49,0.8,13.83,0.69,,,
1994-07-12,1.5,0.81,13.4,0.69,,,
1994-07-13,1.5,0.81,12.42,0.69,,,
1994-07-14,1.51,0.82,11.64,0.69,,,
1994-07-15,1.51,0.82,11.28,0.69,,,
1994-07-18,1.52,0.83,11.44,0.69,,,
1994-07-19,1.55,0.85,11.65,0.7,,,
1994-07-20,1.52,0.84,11.7,0.68,,,
1994-07-21,1.5,0.82,11.65,0.68,,,
1994-07-22,1.49,0.8,11.22,0.69,,,
1994-07-25,1.49,0.8,11.46,0.69,,,
1994-07-26,1.49,0.8,11.66,0.69,,,
1994-07-27,1.47,0.77,11.93,0.7,,,
1994-07-28,1.46,0.78,12.03,0.68,,,
1994-07-29,1.49,0.8,11.13,0.69,,,
1994-08-01,1.5,0.82,11.17,0.68,,,
1994-08-02,1.49,0.81,11.27,0.68,,,
1994-08-03,1.51,0.82,11.35,0.69,,,
1994-08-04,1.49,0.83,12.18,0.66,,,
1994-08-05,1.47,0.8,12.34,0.67,,,
1994-08-08,1.45,0.78,12.41,0.67,,,
1994-08-09,1.46,0.8,12.54,0.66,,,
1994-08-10,1.49,0.83,11.91,0.66,,,
1994-08-11,1.49,0.82,12.13,0.67,,,
1994-08-12,1.51,0.85,11.09,0.66,,,
1994-08-15,1.48,0.82,12.06,0.66,,,
1994-08-16,1.5,0.83,11.39,0.67,,,
1994-08-17,1.51,0.84,11.54,0.67,,,
1994-08-18,1.47,0.81,12.07,0.66,,,
1994-08-19,1.51,0.84,12.83,0.67,,,
1994-08-22,1.51,0.85,12.62,0.66,,,
1994-08-23,1.52,0.86,11.75,0.66,,,
1994-08-24,1.53,0.87,11.57,0.66,,,
1994-08-25,1.52,0.86,12.02,0.66,,,
1994-08-26,1.53,0.87,12.19,0.66,,,
1994-08-29,1.54,0.87,11.82,0.67,,,
1994-08-30,1.55,0.89,11.23,0.66,,,
1994-08-31,1.55,0.89,11.97,0.66,,,
1994-09-01,1.55,0.89,11.86,0.66,,,
1994-09-02,1.56,0.89,11.4,0.67,,,
1994-09-06,1.56,0.9,11.69,0.66,,,
1994-09-07,1.56,0.9,11.81,0.66,,,
1994-09-08,1.55,0.89,11.86,0.66,,,
1994-09-09,1.54,0.88,13.12,0.66,,,
1994-09-12,1.51,0.86,14.01,0.65,,,
1994-09-13,1.54,0.89,13.77,0.65,,,
1994-09-14,1.52,0.88,13.09,0.64,,,
1994-09-15,1.56,0.91,11.88,0.65,,,
1994-09-16,1.52,0.88,12.8,0.64,,,
1994-09-19,1.52,0.89,13.06,0.63,,,
1994-09-20,1.51,0.88,14.45,0.63,,,
1994-09-21,1.49,0.86,14.49,0.63,,,
1994-09-22,1.47,0.84,13.89,0.63,,,
1994-09-23,1.48,0.86,14.53,0.62,,,
1994-09-26,1.48,0.86,14.56,0.62,,,
1994-09-27,1.49,0.87,14.13,0.62,,,
1994-09-28,1.51,0.9,13.25,0.61,,,
1994-09-29,1.52,0.9,13.97,0.62,,,
1994-09-30,1.5,0.88,14.28,0.62,,,
1994-10-03,1.5,0.88,15.44,0.62,,,
1994-10-04,1.47,0.84,16.66,0.63,,,
1994-10-05,1.47,0.83,15.92,0.64,,,
1994-10-06,1.46,0.82,16.24,0.64,,,
1994-10-07,1.51,0.87,14.92,0.64,,,
1994-10-10,,,14.72,,,,
1994-10-11,1.48,0.85,13.55,0.63,,,
1994-10-12,1.47,0.83,14.51,0.64,,,
1994-10-13,1.46,0.83,14.9,0.63,,,
1994-10-14,1.49,0.85,13.32,0.64,,,
1994-10-17,1.51,0.87,14.76,0.64,,,
1994-10-18,1.48,0.84,14.59,0.64,,,
1994-10-19,1.48,0.84,15.13,0.64,,,
1994-10-20,1.45,0.81,15.99,0.64,,,
1994-10-21,1.44,0.8,15.91,0.64,,,
1994-10-24,1.44,0.8,16.97,0.64,,,
1994-10-25,1.44,0.8,16.13,0.64,,,
1994-10-26,1.44,0.8,15.7,0.64,,,
1994-10-27,1.42,0.78,15.67,0.64,,,
1994-10-28,1.4,0.76,14.56,0.64,,,
1994-10-31,1.4,0.77,14.56,0.63,,,
1994-11-01,1.4,0.76,14.84,0.64,,,
1994-11-02,1.36,0.72,15.34,0.64,,,
1994-11-03,1.4,0.76,15.58,0.64,,,
1994-11-04,1.35,0.72,16.75,0.63,,,
1994-11-07,1.37,0.74,17.37,0.63,,,
1994-11-08,1.36,0.73,16.3,0.63,,,
1994-11-09,1.38,0.75,16.42,0.63,,,
1994-11-10,1.39,0.76,16,0.63,,,
1994-11-11,,,16.5,,,,
1994-11-14,1.39,0.76,16.68,0.63,,,
1994-11-15,1.34,0.71,16.66,0.63,,,
1994-11-16,1.35,0.72,15.56,0.63,,,
1994-11-17,1.37,0.74,15.91,0.63,,,
1994-11-18,1.35,0.72,16,0.63,,,
1994-11-21,1.34,0.7,16.13,0.64,,,
1994-11-22,1.32,0.69,17.24,0.63,,,
1994-11-23,1.36,0.72,18.41,0.64,,,
1994-11-25,1.38,0.75,17.44,0.63,,,
1994-11-28,1.33,0.7,16.83,0.63,,,
1994-11-29,1.31,0.68,16.15,0.63,,,
1994-11-30,1.3,0.66,15.95,0.64,,,
1994-12-01,1.31,0.67,16.69,0.64,,,
1994-12-02,1.33,0.69,16.55,0.64,,,
1994-12-05,1.33,0.69,16.1,0.64,,,
1994-12-06,1.35,0.71,16.05,0.64,,,
1994-12-07,1.32,0.67,16.28,0.65,,,
1994-12-08,1.32,0.68,18.15,0.64,,,
1994-12-09,1.29,0.64,16.04,0.65,,,
1994-12-12,1.29,0.64,15.46,0.65,,,
1994-12-13,1.28,0.63,14.48,0.65,,,
1994-12-14,1.27,0.63,13.03,0.64,,,
1994-12-15,1.31,0.67,12.87,0.64,,,
1994-12-16,1.28,0.64,12.79,0.64,,,
1994-12-19,1.27,0.64,13.02,0.63,,,
1994-12-20,1.27,0.63,12.98,0.64,,,
1994-12-21,1.27,0.64,12.05,0.63,,,
1994-12-22,1.27,0.63,12.42,0.64,,,
1994-12-23,1.23,0.59,11.82,0.64,,,
1994-12-27,1.25,0.61,12.07,0.64,,,
1994-12-28,1.26,0.62,12.81,0.64,,,
1994-12-29,1.28,0.63,12.86,0.65,,,
1994-12-30,1.3,0.65,13.2,0.65,,,
1995-01-03,1.29,0.65,14.25,0.64,,,
1995-01-04,1.28,0.64,13.53,0.64,,,
1995-01-05,1.27,0.63,13.5,0.64,,,
1995-01-06,1.22,0.58,13.13,0.64,,,
1995-01-09,1.25,0.6,13.33,0.65,,,
1995-01-10,1.26,0.61,12.52,0.65,,,
1995-01-11,1.31,0.67,12.15,0.64,,,
1995-01-12,1.32,0.68,12.83,0.64,,,
1995-01-13,1.35,0.72,11.1,0.63,,,
1995-01-16,,,11.14,,,,
1995-01-17,1.34,0.72,11.79,0.62,,,
1995-01-18,1.32,0.7,11.57,0.62,,,
1995-01-19,1.32,0.7,11.86,0.62,,,
1995-01-20,1.31,0.69,12.15,0.62,,,
1995-01-23,1.33,0.71,12.79,0.62,,,
1995-01-24,1.3,0.68,11.94,0.62,,,
1995-01-25,1.32,0.71,11.46,0.61,,,
1995-01-26,1.31,0.72,11.25,0.59,,,
1995-01-27,1.31,0.73,11.25,0.58,,,
1995-01-30,1.31,0.73,12.26,0.58,,,
1995-01-31,1.33,0.74,11.96,0.59,,,
1995-02-01,1.28,0.69,11.73,0.59,,,
1995-02-02,1.29,0.69,11.13,0.6,,,
1995-02-03,1.32,0.73,10.98,0.59,,,
1995-02-06,1.32,0.73,11.22,0.59,,,
1995-02-07,1.32,0.73,11.17,0.59,,,
1995-02-08,1.33,0.74,11.42,0.59,,,
1995-02-09,1.3,0.71,11.63,0.59,,,
1995-02-10,1.32,0.73,11.28,0.59,,,
1995-02-13,1.32,0.73,11.41,0.59,,,
1995-02-14,1.36,0.78,11.43,0.58,,,
1995-02-15,1.37,0.77,11.52,0.6,,,
1995-02-16,1.42,0.83,11.61,0.59,,,
1995-02-17,1.4,0.81,11.71,0.59,,,
1995-02-21,1.41,0.82,12.05,0.59,,,
1995-02-22,1.46,0.87,11.39,0.59,,,
1995-02-23,1.47,0.88,11.15,0.59,,,
1995-02-24,1.49,0.9,10.84,0.59,,,
1995-02-27,1.52,0.94,12.51,0.58,,,
1995-02-28,1.53,0.94,11.75,0.59,,,
1995-03-01,1.49,0.9,11.65,0.59,,,
1995-03-02,1.47,0.88,12.02,0.59,,,
1995-03-03,1.46,0.86,11.45,0.6,,,
1995-03-06,1.46,0.86,12.17,0.6,,,
1995-03-07,1.46,0.87,14.22,0.59,,,
1995-03-08,1.44,0.85,13.72,0.59,,,
1995-03-09,1.48,0.89,13.36,0.59,,,
1995-03-10,1.47,0.89,12.38,0.58,,,
1995-03-13,1.49,0.91,12.15,0.58,,,
1995-03-14,1.5,0.93,12.1,0.57,,,
1995-03-15,1.53,0.95,12.42,0.58,,,
1995-03-16,1.53,0.95,11.95,0.58,,,
1995-03-17,1.52,0.93,11.8,0.59,,,
1995-03-20,1.53,0.95,11.34,0.58,,,
1995-03-21,1.52,0.94,11.53,0.58,,,
1995-03-22,1.53,0.94,11.29,0.59,,,
1995-03-23,1.51,0.93,11.43,0.58,,,
1995-03-24,1.55,0.97,11.19,0.58,,,
1995-03-27,1.54,0.97,11.83,0.57,,,
1995-03-28,1.49,0.92,11.33,0.57,,,
1995-03-29,1.48,0.92,12.51,0.56,,,
1995-03-30,1.48,0.92,12.62,0.56,,,
1995-03-31,1.49,0.93,13.37,0.56,,,
1995-04-03,1.5,0.93,13.5,0.57,,,
1995-04-04,1.49,0.91,12.62,0.58,,,
1995-04-05,1.5,0.93,12.96,0.57,,,
1995-04-06,1.52,0.94,12.81,0.58,,,
1995-04-07,1.52,0.94,12.85,0.58,,,
1995-04-10,1.52,0.95,12.79,0.57,,,
1995-04-11,1.54,0.97,12.73,0.57,,,
1995-04-12,1.55,0.97,12.04,0.58,,,
1995-04-13,1.55,0.97,11.48,0.58,,,
1995-04-17,1.56,0.98,12.33,0.58,,,
1995-04-18,1.58,1.01,12.96,0.57,,,
1995-04-19,1.54,0.97,13.09,0.57,,,
1995-04-20,1.55,0.98,12.1,0.57,,,
1995-04-21,1.58,1.01,11.86,0.57,,,
1995-04-24,1.55,0.98,11.92,0.57,,,
1995-04-25,1.55,0.98,12.41,0.57,,,
1995-04-26,1.55,0.98,12.28,0.57,,,
1995-04-27,1.53,0.97,11.93,0.56,,,
1995-04-28,1.51,0.94,11.75,0.57,,,
1995-05-01,1.48,0.93,12.14,0.55,,,
1995-05-02,1.49,0.94,11.88,0.55,,,
1995-05-03,1.52,0.97,11.69,0.55,,,
1995-05-04,1.53,0.98,12.64,0.55,,,
1995-05-05,1.58,1.02,12.06,0.56,,,
1995-05-08,1.57,1.02,12.22,0.55,,,
1995-05-09,1.61,1.05,12.75,0.56,,,
1995-05-10,1.58,1.01,13.08,0.57,,,
1995-05-11,1.58,1.02,12.98,0.56,,,
1995-05-12,1.58,1.03,11.84,0.55,,,
1995-05-15,1.58,1.03,12.38,0.55,,,
1995-05-16,1.56,1.02,12.2,0.54,,,
1995-05-17,1.57,1.03,12.36,0.54,,,
1995-05-18,1.55,1,13.13,0.55,,,
1995-05-19,1.54,1,12.81,0.54,,,
1995-05-22,1.53,0.98,11.68,0.55,,,
1995-05-23,1.56,1.01,11.55,0.55,,,
1995-05-24,1.59,1.04,11.26,0.55,,,
1995-05-25,1.61,1.05,11.63,0.56,,,
1995-05-26,1.63,1.06,12.2,0.57,,,
1995-05-30,1.65,1.08,12.52,0.57,,,
1995-05-31,1.66,1.09,12.85,0.57,,,
1995-06-01,1.71,1.12,12.21,0.59,,,
1995-06-02,1.71,1.12,12.98,0.59,,,
1995-06-05,1.73,1.14,13.45,0.59,,,
1995-06-06,1.72,1.13,13,0.59,,,
1995-06-07,1.65,1.06,12.84,0.59,,,
1995-06-08,1.65,1.06,12.89,0.59,,,
1995-06-09,1.62,1.03,12.76,0.59,,,
1995-06-12,1.66,1.07,11.91,0.59,,,
1995-06-13,1.8,1.2,11.29,0.6,,,
1995-06-14,1.78,1.17,11.29,0.61,,,
1995-06-15,1.78,1.18,11.23,0.6,,,
1995-06-16,1.76,1.16,10.75,0.6,,,
1995-06-19,1.77,1.18,11.21,0.59,,,
1995-06-20,1.75,1.15,11.16,0.6,,,
1995-06-21,1.77,1.16,11.32,0.61,,,
1995-06-22,1.76,1.16,11.44,0.6,,,
1995-06-23,1.78,1.18,11.12,0.6,,,
1995-06-26,1.76,1.15,11.8,0.61,,,
1995-06-27,1.74,1.13,12.37,0.61,,,
1995-06-28,1.76,1.16,11.74,0.6,,,
1995-06-29,1.71,1.11,11.59,0.6,,,
1995-06-30,1.74,1.14,11.38,0.6,,,
1995-07-03,1.74,1.13,11.57,0.61,,,
1995-07-05,1.76,1.15,12.1,0.61,,,
1995-07-06,1.82,1.21,11.52,0.61,,,
1995-07-07,1.8,1.19,11.77,0.61,,,
1995-07-10,1.8,1.19,12.19,0.61,,,
1995-07-11,1.79,1.18,12.25,0.61,,,
1995-07-12,1.79,1.18,12.31,0.61,,,
1995-07-13,1.78,1.16,12.56,0.62,,,
1995-07-14,1.77,1.13,12.08,0.64,,,
1995-07-17,1.76,1.12,12.26,0.64,,,
1995-07-18,1.77,1.13,12.68,0.64,,,
1995-07-19,1.75,1.09,13.49,0.66,,,
1995-07-20,1.76,1.1,12.78,0.66,,,
1995-07-21,1.74,1.08,12.37,0.66,,,
1995-07-24,1.78,1.13,12.55,0.65,,,
1995-07-25,1.74,1.11,12.77,0.63,,,
1995-07-26,1.71,1.08,13.18,0.63,,,
1995-07-27,1.72,1.1,13.18,0.62,,,
1995-07-28,1.71,1.09,13.18,0.62,,,
1995-07-31,1.72,1.1,13.49,0.62,,,
1995-08-01,1.73,1.1,13.56,0.63,,,
1995-08-02,1.72,1.09,13.66,0.63,,,
1995-08-03,1.68,1.05,13.78,0.63,,,
1995-08-04,1.7,1.07,13.21,0.63,,,
1995-08-07,1.7,1.07,13.1,0.63,,,
1995-08-08,1.7,1.08,13.06,0.62,,,
1995-08-09,1.74,1.11,12.75,0.63,,,
1995-08-10,1.73,1.1,13,0.63,,,
1995-08-11,1.71,1.08,12.9,0.63,,,
1995-08-14,1.71,1.08,13.24,0.63,,,
1995-08-15,1.7,1.07,12.35,0.63,,,
1995-08-16,1.69,1.07,12.45,0.62,,,
1995-08-17,1.68,1.06,12.13,0.62,,,
1995-08-18,1.68,1.06,12.03,0.62,,,
1995-08-21,1.67,1.05,13.42,0.62,,,
1995-08-22,1.66,1.04,12.6,0.62,,,
1995-08-23,1.66,1.03,13.17,0.63,,,
1995-08-24,1.69,1.07,12.94,0.62,,,
1995-08-25,1.75,1.13,12.33,0.62,,,
1995-08-28,1.73,1.1,12.48,0.63,,,
1995-08-29,1.72,1.09,12.65,0.63,,,
1995-08-30,1.73,1.1,12.03,0.63,,,
1995-08-31,1.73,1.1,11.52,0.63,,,
1995-09-01,1.76,1.13,11.29,0.63,,,
1995-09-05,1.75,1.12,11.65,0.63,,,
1995-09-06,1.77,1.15,11.65,0.62,,,
1995-09-07,1.74,1.13,11.85,0.61,,,
1995-09-08,1.74,1.12,11.16,0.62,,,
1995-09-11,1.72,1.1,11.51,0.62,,,
1995-09-12,1.76,1.15,11.46,0.61,,,
1995-09-13,1.74,1.13,11.35,0.61,,,
1995-09-14,1.79,1.17,11.1,0.62,,,
1995-09-15,1.77,1.15,11.58,0.62,,,
1995-09-18,1.76,1.14,12.34,0.62,,,
1995-09-19,1.76,1.14,12.67,0.62,,,
1995-09-20,1.77,1.16,12.35,0.61,,,
1995-09-21,1.75,1.13,12.5,0.62,,,
1995-09-22,1.72,1.11,12.46,0.61,,,
1995-09-25,1.69,1.07,13.22,0.62,,,
1995-09-26,1.69,1.07,12.9,0.62,,,
1995-09-27,1.68,1.06,12.9,0.62,,,
1995-09-28,1.67,1.05,12.46,0.62,,,
1995-09-29,1.71,1.1,12.74,0.61,,,
1995-10-02,1.7,1.08,13.95,0.62,,,
1995-10-03,1.71,1.09,14.5,0.62,,,
1995-10-04,1.7,1.08,14.86,0.62,,,
1995-10-05,1.73,1.11,15.74,0.62,,,
1995-10-06,1.72,1.1,13.98,0.62,,,
1995-10-09,,,14.85,,,,
1995-10-10,1.7,1.08,14.97,0.62,,,
1995-10-11,1.71,1.08,14.57,0.63,,,
1995-10-12,1.7,1.08,14.24,0.62,,,
1995-10-13,1.7,1.08,13.67,0.62,,,
1995-10-16,1.72,1.1,14.62,0.62,,,
1995-10-17,1.73,1.11,14.03,0.62,,,
1995-10-18,1.72,1.09,14.05,0.63,,,
1995-10-19,1.71,1.08,13.55,0.63,,,
1995-10-20,1.69,1.06,13.46,0.63,,,
1995-10-23,1.69,1.06,14.17,0.63,,,
1995-10-24,1.7,1.07,13.85,0.63,,,
1995-10-25,1.68,1.05,14.49,0.63,,,
1995-10-26,1.69,1.06,15.59,0.63,,,
1995-10-27,1.7,1.06,14.63,0.64,,,
1995-10-30,1.71,1.07,14.26,0.64,,,
1995-10-31,1.7,1.04,13.83,0.66,,,
1995-11-01,1.73,1.07,13.41,0.66,,,
1995-11-02,1.74,1.09,13.19,0.65,,,
1995-11-03,1.73,1.08,12.26,0.65,,,
1995-11-06,1.73,1.07,12.74,0.66,,,
1995-11-07,1.74,1.07,13.05,0.67,,,
1995-11-08,1.75,1.09,12.16,0.66,,,
1995-11-09,1.74,1.07,12.46,0.67,,,
1995-11-10,1.74,1.07,12.97,0.67,,,
1995-11-13,1.71,1.04,13.2,0.67,,,
1995-11-14,1.72,1.05,13.38,0.67,,,
1995-11-15,1.73,1.06,12.95,0.67,,,
1995-11-16,1.74,1.07,12.57,0.67,,,
1995-11-17,1.75,1.07,12.49,0.68,,,
1995-11-20,1.76,1.08,12.37,0.68,,,
1995-11-21,1.8,1.12,11.74,0.68,,,
1995-11-22,1.79,1.11,11.81,0.68,,,
1995-11-24,1.78,1.11,11.87,0.67,,,
1995-11-27,1.77,1.1,12.43,0.67,,,
1995-11-28,1.78,1.11,11.57,0.67,,,
1995-11-29,1.8,1.13,11.65,0.67,,,
1995-11-30,1.81,1.13,11.58,0.68,,,
1995-12-01,1.83,1.15,11.11,0.68,,,
1995-12-04,1.83,1.16,10.66,0.67,,,
1995-12-05,1.82,1.15,11.65,0.67,,,
1995-12-06,1.81,1.13,12.7,0.68,,,
1995-12-07,1.79,1.11,12.74,0.68,,,
1995-12-08,1.76,1.09,11.12,0.67,,,
1995-12-11,1.75,1.1,11.06,0.65,,,
1995-12-12,1.77,1.1,10.63,0.67,,,
1995-12-13,1.77,1.1,10.36,0.67,,,
1995-12-14,1.76,1.1,11.07,0.66,,,
1995-12-15,1.77,1.11,11.44,0.66,,,
1995-12-18,1.74,1.07,14.55,0.67,,,
1995-12-19,1.72,1.05,13.16,0.67,,,
1995-12-20,1.77,1.1,12.2,0.67,,,
1995-12-21,1.77,1.1,10.77,0.67,,,
1995-12-22,1.78,1.11,11.51,0.67,,,
1995-12-26,1.78,1.11,11.49,0.67,,,
1995-12-27,1.78,1.11,11.98,0.67,,,
1995-12-28,1.78,1.11,12.25,0.67,,,
1995-12-29,1.8,1.13,12.52,0.67,,,
1996-01-02,1.78,1.12,12.19,0.66,,,
1996-01-03,1.79,1.13,12.1,0.66,,,
1996-01-04,1.79,1.13,13.78,0.66,,,
1996-01-05,1.81,1.11,13.58,0.7,,,
1996-01-08,1.81,1.12,13.11,0.69,,,
1996-01-09,1.76,1.09,15.21,0.67,,,
1996-01-10,1.77,1.1,16.4,0.67,,,
1996-01-11,1.78,1.12,14.69,0.66,,,
1996-01-12,1.79,1.14,14.23,0.65,,,
1996-01-15,,,14.99,,,,
1996-01-16,1.84,1.18,14.09,0.66,,,
1996-01-17,1.85,1.2,14.25,0.65,,,
1996-01-18,1.86,1.21,13.58,0.65,,,
1996-01-19,1.84,1.19,12.7,0.65,,,
1996-01-22,1.84,1.18,13.34,0.66,,,
1996-01-23,1.82,1.17,13.56,0.65,,,
1996-01-24,1.83,1.17,12.54,0.66,,,
1996-01-25,1.79,1.14,12.94,0.65,,,
1996-01-26,1.82,1.17,12,0.65,,,
1996-01-29,1.8,1.16,12.19,0.64,,,
1996-01-30,1.81,1.17,12.42,0.64,,,
1996-01-31,1.82,1.18,12.53,0.64,,,
1996-02-01,1.83,1.19,12.65,0.64,,,
1996-02-02,1.84,1.21,13.23,0.63,,,
1996-02-05,1.82,1.19,13.46,0.63,,,
1996-02-06,1.81,1.18,14.59,0.63,,,
1996-02-07,1.83,1.19,14.11,0.64,,,
1996-02-08,1.85,1.21,13.89,0.64,,,
1996-02-09,1.84,1.21,14.63,0.63,,,
1996-02-12,1.83,1.2,14.69,0.63,,,
1996-02-13,1.84,1.21,14.94,0.63,,,
1996-02-14,1.84,1.21,15.59,0.63,,,
1996-02-15,1.85,1.2,16.13,0.65,,,
1996-02-16,1.87,1.22,15.37,0.65,,,
1996-02-20,1.75,1.11,16.8,0.64,,,
1996-02-21,1.78,1.14,14.47,0.64,,,
1996-02-22,1.83,1.19,14.56,0.64,,,
1996-02-23,1.84,1.2,14.78,0.64,,,
1996-02-26,1.81,1.17,16.38,0.64,,,
1996-02-27,1.81,1.16,16.63,0.65,,,
1996-02-28,1.77,1.11,16.72,0.66,,,
1996-02-29,1.78,1.12,17.04,0.66,,,
1996-03-01,1.82,1.16,16.72,0.66,,,
1996-03-04,1.86,1.18,16.67,0.68,,,
1996-03-05,1.85,1.17,16.1,0.68,,,
1996-03-06,1.83,1.14,16.56,0.69,,,
1996-03-07,1.83,1.14,16.49,0.69,,,
1996-03-08,1.71,1.01,20.7,0.7,,,
1996-03-11,1.73,1.05,19.4,0.68,,,
1996-03-12,1.74,1.06,19.09,0.68,,,
1996-03-13,1.73,1.05,18.13,0.68,,,
1996-03-14,1.72,1.04,16.93,0.68,,,
1996-03-15,1.7,1.02,16.54,0.68,,,
1996-03-18,1.72,1.03,17.31,0.69,,,
1996-03-19,1.71,1.02,18.35,0.69,,,
1996-03-20,1.76,1.07,18.66,0.69,,,
1996-03-21,1.78,1.07,17.74,0.71,,,
1996-03-22,1.77,1.06,17.05,0.71,,,
1996-03-25,1.76,1.06,17.84,0.7,,,
1996-03-26,1.78,1.08,17.8,0.7,,,
1996-03-27,1.78,1.08,17.89,0.7,,,
1996-03-28,1.76,1.06,18.16,0.7,,,
1996-03-29,1.78,1.08,18.88,0.7,,,
1996-04-01,1.79,1.09,17.9,0.7,,,
1996-04-02,1.81,1.1,16.45,0.71,,,
1996-04-03,1.81,1.1,16.33,0.71,,,
1996-04-04,1.77,1.07,16.18,0.7,,,
1996-04-05,1.68,0.97,,0.71,,,
1996-04-08,1.71,1.01,18.72,0.7,,,
1996-04-09,1.7,1,17.32,0.7,,,
1996-04-10,1.7,1,20.22,0.7,,,
1996-04-11,1.66,0.96,19.65,0.7,,,
1996-04-12,1.7,0.99,17.38,0.71,,,
1996-04-15,1.72,1.02,16.83,0.7,,,
1996-04-16,1.68,0.98,16.45,0.7,,,
1996-04-17,1.67,0.98,17.07,0.69,,,
1996-04-18,1.64,0.95,16.41,0.69,,,
1996-04-19,1.65,0.97,15.12,0.68,,,
1996-04-22,1.65,0.97,15.38,0.68,,,
1996-04-23,1.64,0.97,15.01,0.67,,,
1996-04-24,1.61,0.93,14.91,0.68,,,
1996-04-25,1.62,0.93,14.72,0.69,,,
1996-04-26,1.63,0.95,14.75,0.68,,,
1996-04-29,1.61,0.93,15.45,0.68,,,
1996-04-30,1.61,0.93,15.83,0.68,,,
1996-05-01,1.61,0.93,16.07,0.68,,,
1996-05-02,1.58,0.9,18.62,0.68,,,
1996-05-03,1.58,0.9,16.7,0.68,,,
1996-05-06,1.6,0.92,16.92,0.68,,,
1996-05-07,1.58,0.9,16.87,0.68,,,
1996-05-08,1.6,0.92,15.78,0.68,,,
1996-05-09,1.55,0.87,16.99,0.68,,,
1996-05-10,1.57,0.89,15.61,0.68,,,
1996-05-13,1.57,0.89,15.16,0.68,,,
1996-05-14,1.58,0.9,14.9,0.68,,,
1996-05-15,1.58,0.9,15.59,0.68,,,
1996-05-16,1.57,0.9,15.71,0.67,,,
1996-05-17,1.57,0.89,15.13,0.68,,,
1996-05-20,1.57,0.9,15.8,0.67,,,
1996-05-21,1.56,0.88,16,0.68,,,
1996-05-22,1.55,0.88,15.5,0.67,,,
1996-05-23,1.55,0.88,16.17,0.67,,,
1996-05-24,1.56,0.89,15.54,0.67,,,
1996-05-28,1.54,0.88,16.92,0.66,,,
1996-05-29,1.5,0.84,17.15,0.66,,,
1996-05-30,1.49,0.83,16.02,0.66,,,
1996-05-31,1.48,0.82,16.07,0.66,,,
1996-06-03,1.48,0.82,16.86,0.66,,,
1996-06-04,1.49,0.83,16.18,0.66,,,
1996-06-05,1.51,0.83,16.04,0.68,,,
1996-06-06,1.49,0.81,16.84,0.68,,,
1996-06-07,1.48,0.8,16.1,0.68,,,
1996-06-10,1.46,0.78,16.78,0.68,,,
1996-06-11,1.46,0.77,16.68,0.69,,,
1996-06-12,1.48,0.78,17,0.7,,,
1996-06-13,1.5,0.81,17.12,0.69,,,
1996-06-14,1.49,0.79,18.64,0.7,,,
1996-06-17,1.5,0.8,17.46,0.7,,,
1996-06-18,1.5,0.8,17.45,0.7,,,
1996-06-19,1.48,0.78,17.54,0.7,,,
1996-06-20,1.48,0.78,16.97,0.7,,,
1996-06-21,1.5,0.8,15.8,0.7,,,
1996-06-24,1.48,0.78,15.91,0.7,,,
1996-06-25,1.49,0.79,15.43,0.7,,,
1996-06-26,1.47,0.78,15.23,0.69,,,
1996-06-27,1.51,0.81,14.19,0.7,,,
1996-06-28,1.51,0.81,13.68,0.7,,,
1996-07-01,1.5,0.8,13.78,0.7,,,
1996-07-02,1.46,0.76,14.19,0.7,,,
1996-07-03,1.49,0.79,14.21,0.7,,,
1996-07-05,1.43,0.73,16.09,0.7,,,
1996-07-08,1.44,0.75,16.42,0.69,,,
1996-07-09,1.46,0.77,15.49,0.69,,,
1996-07-10,1.49,0.79,15.51,0.7,,,
1996-07-11,1.48,0.78,17.81,0.7,,,
1996-07-12,1.49,0.8,17.09,0.69,,,
1996-07-15,1.49,0.8,20.11,0.69,,,
1996-07-16,1.5,0.79,20.1,0.71,,,
1996-07-17,1.51,0.8,19.22,0.71,,,
1996-07-18,1.54,0.81,17.93,0.73,,,
1996-07-19,1.51,0.79,17.26,0.72,,,
1996-07-22,1.5,0.78,20.41,0.72,,,
1996-07-23,1.5,0.78,21.55,0.72,,,
1996-07-24,1.5,0.78,21.44,0.72,,,
1996-07-25,1.49,0.77,19.39,0.72,,,
1996-07-26,1.49,0.77,17.45,0.72,,,
1996-07-29,1.47,0.76,20.09,0.71,,,
1996-07-30,1.49,0.77,20.53,0.72,,,
1996-07-31,1.5,0.78,19.46,0.72,,,
1996-08-01,1.54,0.81,18.76,0.73,,,
1996-08-02,1.57,0.83,16.19,0.74,,,
1996-08-05,1.55,0.83,17.36,0.72,,,
1996-08-06,1.54,0.81,16.93,0.73,,,
1996-08-07,1.54,0.81,16.24,0.73,,,
1996-08-08,1.55,0.82,16.04,0.73,,,
1996-08-09,1.54,0.81,15.77,0.73,,,
1996-08-12,1.56,0.82,15.57,0.74,,,
1996-08-13,1.52,0.79,16.41,0.73,,,
1996-08-14,1.56,0.83,15.96,0.73,,,
1996-08-15,1.53,0.83,15.46,0.7,,,
1996-08-16,1.55,0.85,14.81,0.7,,,
1996-08-19,1.54,0.83,15.27,0.71,,,
1996-08-20,1.55,0.84,14.73,0.71,,,
1996-08-21,1.57,0.87,14.52,0.7,,,
1996-08-22,1.57,0.87,13.71,0.7,,,
1996-08-23,1.54,0.85,14.18,0.69,,,
1996-08-26,1.52,0.83,15.38,0.69,,,
1996-08-27,1.53,0.84,15.11,0.69,,,
1996-08-28,1.53,0.84,15.1,0.69,,,
1996-08-29,1.5,0.81,16.22,0.69,,,
1996-08-30,1.48,0.8,17.01,0.68,,,
1996-09-03,1.48,0.8,18.47,0.68,,,
1996-09-04,1.5,0.82,18.64,0.68,,,
1996-09-05,1.48,0.8,20.51,0.68,,,
1996-09-06,1.48,0.79,17.1,0.69,,,
1996-09-09,1.51,0.82,16.36,0.69,,,
1996-09-10,1.51,0.82,16.25,0.69,,,
1996-09-11,1.51,0.82,16.06,0.69,,,
1996-09-12,1.52,0.83,15.97,0.69,,,
1996-09-13,1.54,0.85,15.2,0.69,,,
1996-09-16,1.54,0.85,15.43,0.69,,,
1996-09-17,1.51,0.81,15.74,0.7,,,
1996-09-18,1.51,0.81,15.86,0.7,,,
1996-09-19,1.49,0.8,16.03,0.69,,,
1996-09-20,1.49,0.8,15.65,0.69,,,
1996-09-23,1.51,0.82,16.46,0.69,,,
1996-09-24,1.55,0.85,16.45,0.7,,,
1996-09-25,1.56,0.87,16.22,0.69,,,
1996-09-26,1.54,0.85,16.11,0.69,,,
1996-09-27,1.53,0.85,16.1,0.68,,,
1996-09-30,1.5,0.82,16.95,0.68,,,
1996-10-01,1.52,0.84,17.05,0.68,,,
1996-10-02,1.53,0.85,16.78,0.68,,,
1996-10-03,1.53,0.85,16.77,0.68,,,
1996-10-04,1.55,0.88,14.8,0.67,,,
1996-10-07,1.54,0.86,15.11,0.68,,,
1996-10-08,1.54,0.86,15.58,0.68,,,
1996-10-09,1.57,0.89,16.09,0.68,,,
1996-10-10,1.55,0.88,16.26,0.67,,,
1996-10-11,1.55,0.87,15.07,0.68,,,
1996-10-14,,,15.13,,,,
1996-10-15,1.55,0.87,15.83,0.68,,,
1996-10-16,1.55,0.87,15.6,0.68,,,
1996-10-17,1.56,0.88,15.41,0.68,,,
1996-10-18,1.52,0.85,15.08,0.67,,,
1996-10-21,1.52,0.84,15.98,0.68,,,
1996-10-22,1.5,0.83,16.4,0.67,,,
1996-10-23,1.52,0.85,16.45,0.67,,,
1996-10-24,1.53,0.85,16.89,0.68,,,
1996-10-25,1.52,0.85,17.29,0.67,,,
1996-10-28,1.51,0.84,18.34,0.67,,,
1996-10-29,1.55,0.88,18.28,0.67,,,
1996-10-30,1.53,0.85,18.48,0.68,,,
1996-10-31,1.54,0.86,18.11,0.68,,,
1996-11-01,1.56,0.88,17.89,0.68,,,
1996-11-04,1.56,0.88,18.04,0.68,,,
1996-11-05,1.59,0.91,17.65,0.68,,,
1996-11-06,1.56,0.9,16.97,0.66,,,
1996-11-07,1.55,0.88,17.21,0.67,,,
1996-11-08,1.53,0.86,15.78,0.67,,,
1996-11-11,,,14.04,,,,
1996-11-12,1.56,0.89,15.36,0.67,,,
1996-11-13,1.57,0.89,14.89,0.68,,,
1996-11-14,1.58,0.9,13.79,0.68,,,
1996-11-15,1.57,0.89,14.36,0.68,,,
1996-11-18,1.58,0.9,15.12,0.68,,,
1996-11-19,1.58,0.88,15.23,0.7,,,
1996-11-20,1.58,0.88,15.94,0.7,,,
1996-11-21,1.56,0.86,15.77,0.7,,,
1996-11-22,1.62,0.93,14.92,0.69,,,
1996-11-25,1.62,0.93,15.91,0.69,,,
1996-11-26,1.64,0.95,16.97,0.69,,,
1996-11-27,1.63,0.94,16.96,0.69,,,
1996-11-29,1.65,0.95,17.14,0.7,,,
1996-12-02,1.65,0.96,17.93,0.69,,,
1996-12-03,1.67,0.97,18.68,0.7,,,
1996-12-04,1.66,0.96,17.93,0.7,,,
1996-12-05,1.63,0.94,18.14,0.69,,,
1996-12-06,1.62,0.93,18.82,0.69,,,
1996-12-09,1.62,0.93,17.75,0.69,,,
1996-12-10,1.61,0.92,17.88,0.69,,,
1996-12-11,1.56,0.88,19.68,0.68,,,
1996-12-12,1.56,0.88,20.45,0.68,,,
1996-12-13,1.58,0.9,21.09,0.68,,,
1996-12-16,1.58,0.89,21.99,0.69,,,
1996-12-17,1.58,0.9,20.77,0.68,,,
1996-12-18,1.56,0.87,19.42,0.69,,,
1996-12-19,1.59,0.9,18.77,0.69,,,
1996-12-20,1.57,0.88,18.85,0.69,,,
1996-12-23,1.58,0.89,19.5,0.69,,,
1996-12-24,1.55,0.86,18.68,0.69,,,
1996-12-26,1.57,0.88,18.59,0.69,,,
1996-12-27,1.57,0.88,19.13,0.69,,,
1996-12-30,1.55,0.87,19.51,0.68,,,
1996-12-31,1.54,0.84,20.92,0.7,3.13,,
1997-01-02,1.52,0.82,21.14,0.7,3.06,,
1997-01-03,1.53,0.83,19.13,0.7,3.09,,
1997-01-06,1.53,0.83,19.89,0.7,3.1,,
1997-01-07,1.55,0.87,19.35,0.68,3.1,,
1997-01-08,1.53,0.85,20.24,0.68,3.07,,
1997-01-09,1.54,0.87,20.91,0.67,3.13,,
1997-01-10,1.52,0.83,19.63,0.69,3.16,,
1997-01-13,1.48,0.8,19.84,0.68,3.04,,
1997-01-14,1.51,0.82,19.27,0.69,3.09,,
1997-01-15,1.51,0.82,19.4,0.69,3.07,,
1997-01-16,1.52,0.84,19.61,0.68,3.02,,
1997-01-17,1.52,0.83,18.63,0.69,3.04,,
1997-01-20,,,18.6,,3.03,,
1997-01-21,1.56,0.83,17.81,0.73,3.05,,
1997-01-22,1.52,0.82,17.09,0.7,2.99,,
1997-01-23,1.49,0.82,18.47,0.67,2.97,,
1997-01-24,1.51,0.86,19.33,0.65,2.94,,
1997-01-27,1.49,0.84,20.16,0.65,2.9,,
1997-01-28,1.51,0.86,20.74,0.65,2.92,,
1997-01-29,1.51,0.88,20.23,0.63,2.94,,
1997-01-30,1.51,0.87,19.47,0.64,2.97,,
1997-01-31,1.5,0.86,,0.64,3.04,,
1997-02-03,1.51,0.87,19.58,0.64,3.08,,
1997-02-04,1.51,0.87,19.43,0.64,3.08,,
1997-02-05,1.51,0.86,21.06,0.65,3.05,,
1997-02-06,1.51,0.87,20.16,0.64,3.03,,
1997-02-07,1.54,0.91,18.9,0.63,3.06,,
1997-02-10,1.54,0.91,20.65,0.63,3.04,,
1997-02-11,1.48,0.85,19.97,0.63,3.03,,
1997-02-12,1.53,0.9,19.48,0.63,3.01,,
1997-02-13,1.54,0.9,19.23,0.64,3.04,,
1997-02-14,1.53,0.89,19.18,0.64,3.05,,
1997-02-18,1.54,0.9,19.7,0.64,3.01,,
1997-02-19,1.55,0.91,20.61,0.64,2.98,,
1997-02-20,1.51,0.87,21.41,0.64,2.89,,
1997-02-21,1.55,0.91,20.55,0.64,2.89,,
1997-02-24,1.54,0.9,19.84,0.64,2.85,,
1997-02-25,1.54,0.9,19.98,0.64,2.83,,
1997-02-26,1.5,0.87,20.74,0.63,2.71,,
1997-02-27,1.5,0.87,21.08,0.63,2.71,,
1997-02-28,1.49,0.87,21.1,0.62,2.73,,
1997-03-03,1.51,0.88,20.89,0.63,2.71,,
1997-03-04,1.5,0.88,20.62,0.62,2.67,,
1997-03-05,1.49,0.86,19.49,0.63,2.71,,
1997-03-06,1.51,0.88,20.48,0.63,2.7,,
1997-03-07,1.53,0.89,19.32,0.64,2.74,,
1997-03-10,1.53,0.89,19,0.64,2.74,,
1997-03-11,1.54,0.91,19.25,0.63,2.72,,
1997-03-12,1.52,0.88,19.61,0.64,2.69,,
1997-03-13,1.5,0.88,19.79,0.62,2.62,,
1997-03-14,1.48,0.86,19.81,0.62,2.66,,
1997-03-17,1.48,0.87,20.95,0.61,2.66,,
1997-03-18,1.48,0.87,21.26,0.61,2.67,,
1997-03-19,1.51,0.88,21.74,0.63,2.67,,
1997-03-20,1.49,0.87,21.22,0.62,2.68,,
1997-03-21,1.49,0.87,19.69,0.62,2.69,,
1997-03-24,1.48,0.86,20.06,0.62,2.71,,
1997-03-25,1.47,0.85,19.26,0.62,2.69,,
1997-03-26,1.43,0.82,18.32,0.61,2.71,,
1997-03-27,1.42,0.81,20.5,0.61,2.67,,
1997-03-31,1.4,0.79,22.14,0.61,2.84,,
1997-04-01,1.41,0.8,20.84,0.61,2.9,,
1997-04-02,1.43,0.82,21.3,0.61,2.94,,
1997-04-03,1.45,0.84,21.19,0.61,2.95,,
1997-04-04,1.46,0.84,19.23,0.62,2.92,,
1997-04-07,1.47,0.85,18.51,0.62,2.95,,
1997-04-08,1.44,0.82,18.44,0.62,2.93,,
1997-04-09,1.44,0.82,18.56,0.62,2.91,,
1997-04-10,1.44,0.83,19.01,0.61,2.92,,
1997-04-11,1.42,0.82,19.76,0.6,2.87,,
1997-04-14,1.42,0.82,19.09,0.6,2.88,,
1997-04-15,1.45,0.84,18.25,0.61,2.93,,
1997-04-16,1.44,0.83,17.64,0.61,2.91,,
1997-04-17,1.45,0.83,18.71,0.62,2.92,,
1997-04-18,1.48,0.86,18.75,0.62,2.91,,
1997-04-21,1.48,0.87,20.1,0.61,2.87,,
1997-04-22,1.47,0.86,19.52,0.61,2.89,,
1997-04-23,1.45,0.85,20.48,0.6,2.83,,
1997-04-24,1.43,0.83,20.83,0.6,2.78,,
1997-04-25,1.45,0.85,21.15,0.6,2.78,,
1997-04-28,1.46,0.86,21.34,0.6,2.81,,
1997-04-29,1.49,0.87,19.81,0.62,2.91,,
1997-04-30,1.5,0.88,20.06,0.62,2.94,,
1997-05-01,1.52,0.9,19.87,0.62,2.91,,
1997-05-02,1.53,0.91,17.51,0.62,2.9,,
1997-05-05,1.51,0.9,20.13,0.61,2.86,,
1997-05-06,1.49,0.86,20.85,0.63,2.83,,
1997-05-07,1.46,0.84,21.34,0.62,2.79,,
1997-05-08,1.46,0.84,21.26,0.62,2.79,,
1997-05-09,1.5,0.87,20.11,0.63,2.81,,
1997-05-12,1.51,0.88,20.25,0.63,2.82,,
1997-05-13,1.48,0.86,20.81,0.62,2.73,,
1997-05-14,1.49,0.87,21.09,0.62,2.69,,
1997-05-15,1.48,0.87,19.91,0.61,2.7,,
1997-05-16,1.47,0.86,21.57,0.61,2.68,,
1997-05-19,1.47,0.85,21.48,0.62,2.67,,
1997-05-20,1.48,0.86,19.26,0.62,2.69,,
1997-05-21,1.49,0.87,19.28,0.62,2.67,,
1997-05-22,1.49,0.87,18.77,0.62,2.63,,
1997-05-23,1.51,0.9,18.08,0.61,2.64,,
1997-05-27,1.5,0.9,19.36,0.6,2.6,,
1997-05-28,1.48,0.87,19.28,0.61,2.61,,
1997-05-29,1.5,0.89,19.02,0.61,2.61,,
1997-05-30,1.51,0.9,19.19,0.61,2.65,,
1997-05-31,,,,,2.68,,
1997-06-02,1.5,0.88,20.85,0.62,2.66,,
1997-06-03,1.51,0.89,20.01,0.62,2.68,,
1997-06-04,1.51,0.9,20.1,0.61,2.65,,
1997-06-05,1.52,0.9,20.36,0.62,2.6,,
1997-06-06,1.55,0.92,18.94,0.63,2.7,,
1997-06-09,1.55,0.92,19.46,0.63,2.59,,
1997-06-10,1.55,0.93,19.04,0.62,2.56,,
1997-06-11,1.54,0.91,18.85,0.63,2.55,,
1997-06-12,1.53,0.93,18.51,0.6,2.59,,
1997-06-13,1.54,0.93,19.27,0.61,2.62,,
1997-06-16,1.55,0.94,19.77,0.61,2.6,,
1997-06-17,1.54,0.93,20.17,0.61,2.58,,
1997-06-18,1.54,0.93,20.45,0.61,2.62,,
1997-06-19,1.54,0.93,20.1,0.61,2.61,,
1997-06-20,1.52,0.91,20.2,0.61,2.64,,
1997-06-23,1.54,0.93,21.19,0.61,2.61,,
1997-06-24,1.51,0.91,20.74,0.6,2.6,,
1997-06-25,1.51,0.92,21.5,0.59,2.59,,
1997-06-26,1.5,0.91,21.82,0.59,2.61,,
1997-06-27,1.51,0.91,21.22,0.6,2.63,,
1997-06-30,1.5,0.92,21.53,0.58,2.67,,
1997-07-01,1.51,0.92,21,0.59,2.7,,
1997-07-02,1.52,0.93,19.7,0.59,2.71,,
1997-07-03,1.55,0.95,17.82,0.6,2.79,,
1997-07-07,1.55,0.95,19.13,0.6,2.82,,
1997-07-08,1.54,0.94,18.76,0.6,2.8,,
1997-07-09,1.53,0.93,20.4,0.6,2.8,,
1997-07-10,1.53,0.93,19.92,0.6,2.78,,
1997-07-11,1.54,0.93,19.06,0.61,2.76,,
1997-07-14,1.52,0.92,19.58,0.6,2.71,,
1997-07-15,1.52,0.93,19,0.59,2.69,,
1997-07-16,1.53,0.93,19.36,0.6,2.71,,
1997-07-17,1.54,0.93,20.54,0.61,2.7,,
1997-07-18,1.52,0.9,22.28,0.62,2.67,,
1997-07-21,1.52,0.91,23.51,0.61,2.66,,
1997-07-22,1.54,0.93,21.77,0.61,2.72,,
1997-07-23,1.52,0.9,21.3,0.62,2.69,,
1997-07-24,1.51,0.89,20.96,0.62,2.69,,
1997-07-25,1.51,0.9,20.82,0.61,2.66,,
1997-07-28,1.5,0.89,21.84,0.61,2.68,,
1997-07-29,1.52,0.9,22.02,0.62,2.7,,
1997-07-30,1.53,0.91,21.39,0.62,2.73,,
1997-07-31,1.54,0.92,21.48,0.62,2.71,,
1997-08-01,1.49,0.88,22.29,0.61,2.57,,
1997-08-04,1.5,0.9,21.94,0.6,2.55,,
1997-08-05,1.5,0.89,20.64,0.61,2.55,,
1997-08-06,1.5,0.89,20.05,0.61,2.56,,
1997-08-07,1.5,0.89,19.77,0.61,2.52,,
1997-08-08,1.51,0.91,22.46,0.6,2.49,,
1997-08-11,1.5,0.9,22.77,0.6,2.5,,
1997-08-12,1.48,0.9,23.75,0.58,2.51,,
1997-08-13,1.52,0.94,24.52,0.58,2.53,,
1997-08-14,1.58,0.96,23.11,0.62,2.54,,
1997-08-15,1.58,0.95,24.45,0.63,2.56,,
1997-08-18,1.63,0.98,24.37,0.65,2.61,,
1997-08-19,1.62,0.94,22.64,0.68,2.6,,
1997-08-20,1.59,0.94,21.09,0.65,2.58,,
1997-08-21,1.55,0.94,23.83,0.61,2.55,,
1997-08-22,1.5,0.94,24.74,0.56,2.52,,
1997-08-25,1.52,0.92,24.1,0.6,2.5,,
1997-08-26,1.45,0.94,24.73,0.51,2.51,,
1997-08-27,1.44,0.92,24.26,0.52,2.51,,
1997-08-28,1.48,0.94,24.51,0.54,2.57,,
1997-08-29,1.44,0.91,24.76,0.53,2.54,,
1997-08-31,,,,,2.59,,
1997-09-02,1.46,0.92,24.53,0.54,2.62,,
1997-09-03,1.45,0.91,24.95,0.54,2.6,,
1997-09-04,1.45,0.91,25.27,0.54,2.61,,
1997-09-05,1.44,0.93,24.31,0.51,2.6,,
1997-09-08,1.47,0.94,24.4,0.53,2.6,,
1997-09-09,1.46,0.93,23.89,0.53,2.59,,
1997-09-10,1.45,0.93,24.64,0.52,2.55,,
1997-09-11,1.46,0.95,25.99,0.51,2.55,,
1997-09-12,1.48,0.94,25.17,0.54,2.62,,
1997-09-15,1.49,0.95,25.74,0.54,2.61,,
1997-09-16,1.56,0.97,23.77,0.59,2.69,,
1997-09-17,1.54,0.95,24.1,0.59,2.65,,
1997-09-18,1.53,0.94,23.48,0.59,2.59,,
1997-09-19,1.55,0.95,22.74,0.6,2.59,,
1997-09-22,1.56,0.95,22.08,0.61,2.59,,
1997-09-23,1.54,0.94,22,0.6,2.57,,
1997-09-24,1.55,0.93,22.64,0.62,2.61,,
1997-09-25,1.52,0.93,22.96,0.59,2.54,,
1997-09-26,1.55,0.95,22.26,0.6,2.57,,
1997-09-29,1.54,0.95,22.23,0.59,2.55,,
1997-09-30,1.54,0.96,22.91,0.58,2.59,,
1997-10-01,1.55,0.94,22.32,0.61,2.63,,
1997-10-02,1.57,0.95,22.27,0.62,2.63,,
1997-10-03,1.57,0.95,21.54,0.62,2.61,,
1997-10-06,1.6,0.97,21.61,0.63,2.63,,
1997-10-07,1.59,0.95,20.29,0.64,2.62,,
1997-10-08,1.55,0.95,20.77,0.6,2.49,,
1997-10-09,1.54,0.96,22.31,0.58,2.51,,
1997-10-10,1.51,0.94,19.75,0.57,2.51,,
1997-10-13,,,20.26,,2.54,,
1997-10-14,1.55,0.96,19.99,0.59,2.51,,
1997-10-15,1.54,0.96,20.05,0.58,2.48,,
1997-10-16,1.55,0.96,20.53,0.59,2.47,,
1997-10-17,1.47,0.88,21.69,0.59,2.44,,
1997-10-20,1.52,0.94,20.72,0.58,2.45,,
1997-10-21,1.45,0.95,19.53,0.5,2.45,,
1997-10-22,1.47,0.97,19.86,0.5,2.46,,
1997-10-23,1.45,0.94,22.99,0.51,2.55,,
1997-10-24,1.48,0.97,23.17,0.51,2.58,,
1997-10-27,1.61,1.06,31.12,0.55,2.84,,
1997-10-28,1.56,1,31.22,0.56,2.82,,
1997-10-29,1.59,1.03,33.75,0.56,2.83,,
1997-10-30,1.61,1.04,38.2,0.57,2.89,,
1997-10-31,1.6,1.03,35.09,0.57,2.99,,
1997-11-03,1.56,1,32.09,0.56,2.91,,
1997-11-04,1.51,1.01,32.24,0.5,2.84,,
1997-11-05,1.55,0.99,32.18,0.56,2.81,,
1997-11-06,1.56,1.02,32.57,0.54,2.83,,
1997-11-07,1.56,1.02,36.27,0.54,2.83,,
1997-11-10,1.55,1,36.63,0.55,2.81,,
1997-11-11,,,36.38,,2.8,,
1997-11-12,1.56,1,37.84,0.56,2.83,,
1997-11-13,1.55,1,36.64,0.55,2.86,,
1997-11-14,1.56,1.01,33.66,0.55,2.88,,
1997-11-17,1.56,1.01,31.58,0.55,2.89,,
1997-11-18,1.54,0.99,31.55,0.55,2.88,,
1997-11-19,1.54,0.98,29.93,0.56,2.91,,
1997-11-20,1.54,0.99,27.32,0.55,2.89,,
1997-11-21,1.55,1,26.65,0.55,2.9,,
1997-11-24,1.54,0.99,29.8,0.55,2.87,,
1997-11-25,1.53,0.98,28.95,0.55,2.87,,
1997-11-26,1.51,0.96,,0.55,2.85,,
1997-11-27,,,,,2.85,,
1997-11-28,1.52,0.97,27.43,0.55,2.84,,
1997-11-30,,,,,2.9,,
1997-12-01,1.49,0.94,26.01,0.55,2.9,,
1997-12-02,1.49,0.94,25.66,0.55,2.87,,
1997-12-03,1.52,0.97,23.92,0.55,2.88,,
1997-12-04,1.52,0.97,23.84,0.55,2.87,,
1997-12-05,1.48,0.94,22.65,0.54,2.81,,
1997-12-08,1.47,0.93,23.22,0.54,2.77,,
1997-12-09,1.5,0.95,23.36,0.55,2.79,,
1997-12-10,1.52,0.97,24.55,0.55,2.82,,
1997-12-11,1.53,0.98,27.63,0.55,2.88,,
1997-12-12,1.56,0.99,27.92,0.57,2.94,,
1997-12-15,1.54,0.97,27.37,0.57,2.89,,
1997-12-16,1.53,0.97,26.11,0.56,2.9,,
1997-12-17,1.52,0.96,26.33,0.56,2.87,,
1997-12-18,1.53,0.96,27.19,0.57,2.89,,
1997-12-19,1.54,0.98,29.18,0.56,2.93,,
1997-12-22,1.53,0.96,28.56,0.57,2.93,,
1997-12-23,1.53,0.96,29.86,0.57,2.94,,
1997-12-24,1.5,0.93,30.27,0.57,2.94,,
1997-12-26,1.51,0.94,29.27,0.57,2.93,,
1997-12-29,1.52,0.94,26.79,0.58,2.92,,
1997-12-30,1.52,0.96,24.38,0.56,2.91,,
1997-12-31,1.53,0.96,24.01,0.57,2.96,,
1998-01-02,1.54,0.97,23.42,0.57,3.02,,
1998-01-05,1.6,1.02,24.36,0.58,3.09,,
1998-01-06,1.63,1.05,25.66,0.58,3.1,,
1998-01-07,1.62,1.05,25.07,0.57,3.07,,
1998-01-08,1.64,1.06,26.01,0.58,3.1,,
1998-01-09,1.71,1.12,28.69,0.59,3.16,,
1998-01-12,1.71,1.12,28.02,0.59,3.16,,
1998-01-13,1.71,1.11,25.17,0.6,3.14,,
1998-01-14,1.68,1.09,23.75,0.59,3.1,,
1998-01-15,1.66,1.07,23.45,0.59,3.07,,
1998-01-16,1.67,1.08,21.65,0.59,3.01,,
1998-01-19,,,,,3.01,,
1998-01-20,1.64,1.05,21.65,0.59,2.98,,
1998-01-21,1.66,1.08,22.53,0.58,2.99,,
1998-01-22,1.67,1.09,23.16,0.58,2.98,,
1998-01-23,1.63,1.07,23.32,0.56,2.9,,
1998-01-26,1.65,1.07,23.97,0.58,2.92,,
1998-01-27,1.62,1.05,22.27,0.57,2.89,,
1998-01-28,1.65,1.06,22.06,0.59,2.89,,
1998-01-29,1.67,1.08,21.65,0.59,2.95,,
1998-01-30,1.68,1.09,21.47,0.59,2.98,,
1998-01-31,,,,,3,,
1998-02-02,1.68,1.09,21.36,0.59,2.96,,
1998-02-03,1.69,1.1,20.67,0.59,2.98,,
1998-02-04,1.68,1.1,20.55,0.58,2.98,,
1998-02-05,1.68,1.1,21.29,0.58,2.94,,
1998-02-06,1.68,1.1,20.51,0.58,2.93,,
1998-02-09,1.69,1.1,21.55,0.59,2.92,,
1998-02-10,1.67,1.08,20.66,0.59,2.93,,
1998-02-11,1.72,1.13,20.38,0.59,2.96,,
1998-02-12,1.73,1.15,19.73,0.58,2.95,,
1998-02-13,1.72,1.14,19.84,0.58,2.97,,
1998-02-16,,,,,2.96,,
1998-02-17,1.73,1.15,20.76,0.58,2.94,,
1998-02-18,1.7,1.12,19.66,0.58,2.94,,
1998-02-19,1.69,1.11,19.88,0.58,2.93,,
1998-02-20,1.68,1.11,19,0.57,2.91,,
1998-02-23,1.66,1.1,18.99,0.56,2.88,,
1998-02-24,1.61,1.05,19.35,0.56,2.83,,
1998-02-25,1.64,1.07,18.62,0.57,2.87,,
1998-02-26,1.63,1.07,18.63,0.56,2.86,,
1998-02-27,1.67,1.09,18.55,0.58,2.88,,
1998-02-28,,,,,2.87,,
1998-03-02,1.65,1.06,19.19,0.59,2.8,,
1998-03-03,1.64,1.05,19.04,0.59,2.79,,
1998-03-04,1.64,1.05,19.58,0.59,2.81,,
1998-03-05,1.65,1.06,20.93,0.59,2.82,,
1998-03-06,1.64,1.05,19.14,0.59,2.85,,
1998-03-09,1.66,1.06,20.23,0.6,2.88,,
1998-03-10,1.65,1.06,19.43,0.59,2.89,,
1998-03-11,1.69,1.1,18.89,0.59,2.89,,
1998-03-12,1.69,1.08,18.25,0.61,2.93,,
1998-03-13,1.69,1.08,18.71,0.61,2.91,,
1998-03-16,1.7,1.09,18.51,0.61,2.91,,
1998-03-17,1.71,1.1,18.66,0.61,2.88,,
1998-03-18,1.69,1.09,18.29,0.6,2.85,,
1998-03-19,1.71,1.1,17.76,0.61,2.84,,
1998-03-20,1.7,1.08,18.69,0.62,2.84,,
1998-03-23,1.7,1.08,19.98,0.62,2.83,,
1998-03-24,1.69,1.07,20.51,0.62,2.82,,
1998-03-25,1.67,1.06,22.54,0.61,2.78,,
1998-03-26,1.64,1.03,22.81,0.61,2.75,,
1998-03-27,1.66,1.05,23.47,0.61,2.73,,
1998-03-30,1.64,1.03,24.66,0.61,2.71,,
1998-03-31,1.67,1.04,24.22,0.63,2.83,,
1998-04-01,1.7,1.06,23.37,0.64,2.84,,
1998-04-02,1.71,1.08,21.98,0.63,2.88,,
1998-04-03,1.74,1.1,21.82,0.64,2.94,,
1998-04-06,1.73,1.09,22.47,0.64,2.89,,
1998-04-07,1.73,1.09,23.66,0.64,2.9,,
1998-04-08,1.74,1.1,23.17,0.64,2.87,,
1998-04-09,1.71,1.06,21.51,0.65,2.86,,
1998-04-13,1.69,1.05,22.77,0.64,2.81,,
1998-04-14,1.7,1.05,21.61,0.65,2.85,,
1998-04-15,1.71,1.07,20.89,0.64,2.84,,
1998-04-16,1.7,1.06,22.06,0.64,2.86,,
1998-04-17,1.7,1.06,20.76,0.64,2.85,,
1998-04-20,1.68,1.04,20.39,0.64,2.82,,
1998-04-21,1.67,1.04,19.91,0.63,2.8,,
1998-04-22,1.69,1.06,19.44,0.63,2.8,,
1998-04-23,1.68,1.05,20.6,0.63,2.8,,
1998-04-24,1.68,1.05,21.97,0.63,2.81,,
1998-04-27,1.65,1.03,26.09,0.62,2.79,,
1998-04-28,1.64,1.02,24.17,0.62,2.78,,
1998-04-29,1.64,1.02,22.78,0.62,2.79,,
1998-04-30,1.66,1.04,21.18,0.62,2.98,,
1998-05-01,1.66,1.04,19.34,0.62,2.98,,
1998-05-04,1.66,1.04,20.32,0.62,2.95,,
1998-05-05,1.66,1.04,21.46,0.62,2.93,,
1998-05-06,1.66,1.04,22.79,0.62,2.97,,
1998-05-07,1.67,1.05,23.39,0.62,2.97,,
1998-05-08,1.63,1.03,20.57,0.6,2.95,,
1998-05-11,1.62,1.01,21.05,0.61,2.9,,
1998-05-12,1.64,1.03,20.98,0.61,2.98,,
1998-05-13,1.69,1.07,20.44,0.62,3,,
1998-05-14,1.68,1.07,19.64,0.61,2.98,,
1998-05-15,1.63,1.06,20.44,0.57,2.97,,
1998-05-18,1.63,1.05,21.69,0.58,3.02,,
1998-05-19,1.64,1.06,20.39,0.58,3.02,,
1998-05-20,1.64,1.06,19.89,0.58,3.04,,
1998-05-21,1.63,1.04,19.38,0.59,3,,
1998-05-22,1.62,1.04,18.99,0.58,3.01,,
1998-05-25,,,,,3.01,,
1998-05-26,1.63,1.04,22.07,0.59,3.04,,
1998-05-27,1.65,1.05,22.59,0.6,3.05,,
1998-05-28,1.63,1.04,20.74,0.59,3.04,,
1998-05-29,1.63,1.03,21.32,0.6,3.05,,
1998-05-31,,,,,3.18,,
1998-06-01,1.64,1.04,22.83,0.6,3.2,,
1998-06-02,1.63,1.03,22,0.6,3.18,,
1998-06-03,1.62,1.02,22.85,0.6,3.18,,
1998-06-04,1.61,1.02,21.22,0.59,3.15,,
1998-06-05,1.6,1,19.78,0.6,3.16,,
1998-06-08,1.6,1,20.58,0.6,3.15,,
1998-06-09,1.59,0.99,20.52,0.6,3.15,,
1998-06-10,1.61,1,21.48,0.61,3.2,,
1998-06-11,1.64,1.02,23.57,0.62,3.24,,
1998-06-12,1.65,1.04,22.78,0.61,3.26,,
1998-06-15,1.66,1.05,25.94,0.61,3.3,,
1998-06-16,1.63,1.01,24.8,0.62,3.29,,
1998-06-17,1.61,1,22.89,0.61,3.25,,
1998-06-18,1.62,1.01,22.4,0.61,3.26,,
1998-06-19,1.65,1.04,21.92,0.61,3.28,,
1998-06-22,1.64,1.06,21.94,0.58,3.29,,
1998-06-23,1.67,1.07,20.17,0.6,3.31,,
1998-06-24,1.68,1.08,20.02,0.6,3.28,,
1998-06-25,1.68,1.08,20.25,0.6,3.28,,
1998-06-26,1.67,1.06,19.36,0.61,3.28,,
1998-06-29,1.66,1.06,19.57,0.6,3.27,,
1998-06-30,1.67,1.07,19.71,0.6,3.37,,
1998-07-01,1.67,1.07,18,0.6,3.39,,
1998-07-02,1.67,1.07,17.67,0.6,3.41,,
1998-07-03,,,,,3.41,,
1998-07-06,1.68,1.07,18.63,0.61,3.42,,
1998-07-07,1.67,1.07,18.62,0.6,3.39,,
1998-07-08,1.68,1.07,17.82,0.61,3.36,,
1998-07-09,1.68,1.08,18.16,0.6,3.39,,
1998-07-10,1.68,1.08,17.92,0.6,3.38,,
1998-07-13,1.69,1.1,18.26,0.59,3.34,,
1998-07-14,1.69,1.1,17.88,0.59,3.33,,
1998-07-15,1.69,1.09,17.89,0.6,3.3,,
1998-07-16,1.68,1.09,16.97,0.59,3.29,,
1998-07-17,1.68,1.1,16.23,0.58,3.29,,
1998-07-20,1.7,1.11,17.34,0.59,3.3,,
1998-07-21,1.69,1.1,20.1,0.59,3.3,,
1998-07-22,1.69,1.1,20.32,0.59,3.29,,
1998-07-23,1.69,1.09,23.01,0.6,3.31,,
1998-07-24,1.7,1.11,23.01,0.59,3.3,,
1998-07-27,1.7,1.1,23.13,0.6,3.3,,
1998-07-28,1.67,1.07,25.25,0.6,3.26,,
1998-07-29,1.71,1.11,24.79,0.6,3.29,,
1998-07-30,1.71,1.1,22.66,0.61,3.3,,
1998-07-31,1.71,1.1,24.8,0.61,3.38,,
1998-08-03,1.7,1.09,25.98,0.61,3.42,,
1998-08-04,1.72,1.11,31.06,0.61,3.48,,
1998-08-05,1.72,1.11,29.83,0.61,3.5,,
1998-08-06,1.72,1.11,28.2,0.61,3.5,,
1998-08-07,1.73,1.12,27.02,0.61,3.55,,
1998-08-10,1.72,1.11,28.75,0.61,3.58,,
1998-08-11,1.74,1.12,31.91,0.62,3.75,,
1998-08-12,1.75,1.14,28.55,0.61,3.76,,
1998-08-13,1.73,1.11,29.92,0.62,3.76,,
1998-08-14,1.74,1.12,34.34,0.62,3.78,,
1998-08-17,1.74,1.13,31.86,0.61,3.83,,
1998-08-18,1.73,1.12,28.4,0.61,3.84,,
1998-08-19,1.74,1.12,28.69,0.62,3.86,,
1998-08-20,1.74,1.12,30,0.62,3.9,,
1998-08-21,1.8,1.18,33.14,0.62,4.09,,
1998-08-24,1.82,1.21,31.8,0.61,4.16,,
1998-08-25,1.9,1.25,30.33,0.65,4.23,,
1998-08-26,1.91,1.28,31.14,0.63,4.36,,
1998-08-27,2.05,1.42,38.55,0.63,4.7,,
1998-08-28,2.07,1.43,39.6,0.64,4.87,,
1998-08-31,2.06,1.41,44.28,0.65,5.2,,
1998-09-01,2.09,1.44,36.48,0.65,5.26,,
1998-09-02,2.04,1.4,36.76,0.64,5.26,,
1998-09-03,2.08,1.43,41.43,0.65,5.33,,
1998-09-04,2.07,1.42,43.31,0.65,5.36,,
1998-09-07,,,,,5.35,,
1998-09-08,2.09,1.45,37.9,0.64,5.3,,
1998-09-09,2.13,1.48,39.66,0.65,5.43,,
1998-09-10,2.25,1.6,45.29,0.65,5.68,,
1998-09-11,2.23,1.57,43.74,0.66,5.7,,
1998-09-14,2.24,1.56,38.57,0.68,5.67,,
1998-09-15,2.22,1.55,36.58,0.67,5.66,,
1998-09-16,2.24,1.55,35.94,0.69,5.67,,
1998-09-17,2.29,1.6,39.23,0.69,5.7,,
1998-09-18,2.37,1.67,38.63,0.7,5.79,,
1998-09-21,2.38,1.68,38.58,0.7,5.78,,
1998-09-22,2.35,1.65,36.62,0.7,5.72,,
1998-09-23,2.38,1.68,32.47,0.7,5.72,,
1998-09-24,2.42,1.72,34.66,0.7,5.73,,
1998-09-25,2.48,1.75,34.55,0.73,5.76,,
1998-09-28,2.49,1.76,34.87,0.73,5.74,,
1998-09-29,2.5,1.76,36.08,0.74,5.76,,
1998-09-30,2.57,1.8,40.95,0.77,5.95,,
1998-10-01,2.62,1.83,43.48,0.79,6.06,,
1998-10-02,2.6,1.81,40.47,0.79,6.11,,
1998-10-05,2.69,1.89,42.81,0.8,6.29,,
1998-10-06,2.66,1.85,41.2,0.81,6.27,,
1998-10-07,2.62,1.82,43.51,0.8,6.21,,
1998-10-08,2.65,1.86,45.74,0.79,6.39,,
1998-10-09,2.56,1.78,42.2,0.78,6.32,,
1998-10-12,,,40.07,,6.32,,
1998-10-13,2.58,1.79,40.23,0.79,6.37,,
1998-10-14,2.65,1.85,38.96,0.8,6.59,,
1998-10-15,2.68,1.87,33.34,0.81,6.67,,
1998-10-16,2.77,1.96,34.82,0.81,6.78,,
1998-10-19,2.74,1.94,33.13,0.8,6.78,,
1998-10-20,2.7,1.91,33.11,0.79,6.65,,
1998-10-21,2.67,1.85,33.21,0.82,6.59,,
1998-10-22,2.69,1.87,31.53,0.82,6.49,,
1998-10-23,2.64,1.82,32.27,0.82,6.37,,
1998-10-26,2.57,1.74,32.38,0.83,6.38,,
1998-10-27,2.61,1.78,32.95,0.83,6.43,,
1998-10-28,2.66,1.84,32.42,0.82,6.49,,
1998-10-29,2.69,1.87,29.5,0.82,6.5,,
1998-10-30,2.65,1.83,28.05,0.82,6.36,,
1998-10-31,,,,,6.52,,
1998-11-02,2.61,1.75,27.26,0.86,6.33,,
1998-11-03,2.6,1.74,27.76,0.86,6.27,,
1998-11-04,2.6,1.73,27.37,0.87,6.11,,
1998-11-05,2.61,1.76,26.01,0.85,6.09,,
1998-11-06,2.54,1.68,25.7,0.86,5.95,,
1998-11-09,2.46,1.59,28.09,0.87,5.93,,
1998-11-10,2.54,1.63,28.17,0.91,5.88,,
1998-11-11,,,28.47,,5.85,,
1998-11-12,2.56,1.64,29.28,0.92,5.82,,
1998-11-13,2.52,1.6,29.03,0.92,5.73,,
1998-11-16,2.52,1.6,28.9,0.92,5.62,,
1998-11-17,2.49,1.56,27.95,0.93,5.53,,
1998-11-18,2.5,1.55,27.13,0.95,5.54,,
1998-11-19,2.46,1.51,25.5,0.95,5.47,,
1998-11-20,2.46,1.49,22.47,0.97,5.45,,
1998-11-23,2.46,1.48,21.84,0.98,5.41,,
1998-11-24,2.44,1.44,23.28,1,5.36,,
1998-11-25,2.44,1.43,22.15,1.01,5.33,,
1998-11-26,,,,,5.33,,
1998-11-27,2.44,1.44,22.09,1,5.34,,
1998-11-30,2.45,1.43,26.01,1.02,5.44,,
1998-12-01,2.51,1.49,24.97,1.02,5.48,,
1998-12-02,2.57,1.56,25.43,1.01,5.55,,
1998-12-03,2.6,1.6,28.7,1,5.55,,
1998-12-04,2.6,1.6,25.31,1,5.53,,
1998-12-07,2.53,1.53,24.9,1,5.45,,
1998-12-08,2.59,1.58,25.58,1.01,5.54,,
1998-12-09,2.6,1.58,25.66,1.02,5.56,,
1998-12-10,2.63,1.62,26.81,1.01,5.61,,
1998-12-11,2.6,1.59,27.72,1.01,5.56,,
1998-12-14,2.61,1.6,31.31,1.01,5.64,,
1998-12-15,2.6,1.6,29.42,1,5.59,,
1998-12-16,2.62,1.61,29.96,1.01,5.64,,
1998-12-17,2.62,1.61,27.96,1.01,5.64,,
1998-12-18,2.65,1.6,25.04,1.05,5.63,,
1998-12-21,2.59,1.57,23.86,1.02,5.58,,
1998-12-22,2.57,1.56,22.78,1.01,5.53,,
1998-12-23,2.51,1.52,20.21,0.99,5.43,,
1998-12-24,2.5,1.51,21.48,0.99,5.39,,
1998-12-28,2.53,1.53,23.5,1,5.44,,
1998-12-29,2.57,1.55,22.18,1.02,5.48,,
1998-12-30,2.61,1.59,23.34,1.02,5.51,,
1998-12-31,2.58,1.58,24.42,1,5.66,,
1999-01-04,2.61,1.55,26.17,1.06,5.63,,
1999-01-05,2.61,1.54,24.46,1.07,5.57,,
1999-01-06,2.59,1.54,23.34,1.05,5.56,,
1999-01-07,2.57,1.52,24.37,1.05,5.53,,
1999-01-08,2.51,1.48,23.28,1.03,5.41,,
1999-01-11,2.48,1.46,25.46,1.02,5.37,,
1999-01-12,2.53,1.49,28.1,1.04,5.46,,
1999-01-13,2.55,1.51,30.11,1.04,5.6,,
1999-01-14,2.6,1.53,32.98,1.07,5.67,,
1999-01-15,2.61,1.56,29.24,1.05,5.62,,
1999-01-18,,,,,5.63,,
1999-01-19,2.56,1.51,29.24,1.05,5.55,,
1999-01-20,2.53,1.49,28.6,1.04,5.49,,
1999-01-21,2.57,1.53,30.92,1.04,5.54,,
1999-01-22,2.59,1.53,31.95,1.06,5.59,,
1999-01-25,2.58,1.53,31.13,1.05,5.56,,
1999-01-26,2.57,1.51,29.23,1.06,5.54,,
1999-01-27,2.58,1.52,29.73,1.06,5.54,,
1999-01-28,2.56,1.51,28.11,1.05,5.53,,
1999-01-29,2.55,1.5,26.25,1.05,5.53,,
1999-01-31,,,,,5.6,,
1999-02-01,2.53,1.49,27.67,1.04,5.54,,
1999-02-02,2.53,1.5,28.16,1.03,5.49,,
1999-02-03,2.49,1.46,27.88,1.03,5.45,,
1999-02-04,2.48,1.47,29.48,1.01,5.41,,
1999-02-05,2.45,1.46,29.67,0.99,5.36,,
1999-02-08,2.45,1.46,30.27,0.99,5.36,,
1999-02-09,2.45,1.47,31.36,0.98,5.41,,
1999-02-10,2.46,1.47,30.45,0.99,5.35,,
1999-02-11,2.44,1.45,27.42,0.99,5.33,,
1999-02-12,2.31,1.32,29.76,0.99,5.24,,
1999-02-15,,,,,5.22,,
1999-02-16,2.34,1.33,29.65,1.01,5.25,,
1999-02-17,2.37,1.36,30.65,1.01,5.29,,
1999-02-18,2.35,1.35,30.45,1,5.23,,
1999-02-19,2.34,1.33,29.3,1.01,5.23,,
1999-02-22,2.34,1.34,25.87,1,5.31,,
1999-02-23,2.31,1.33,26.49,0.98,5.26,,
1999-02-24,2.29,1.34,27.21,0.95,5.22,,
1999-02-25,2.24,1.3,28.01,0.94,5.15,,
1999-02-26,2.24,1.3,27.88,0.94,5.21,,
1999-02-28,,,,,5.21,,
1999-03-01,2.21,1.28,28.37,0.93,5.15,,
1999-03-02,2.23,1.3,29.22,0.93,5.24,,
1999-03-03,2.24,1.33,29.04,0.91,5.2,,
1999-03-04,2.23,1.32,26.67,0.91,5.2,,
1999-03-05,2.24,1.32,24.08,0.92,5.28,,
1999-03-08,2.27,1.35,24.54,0.92,5.3,,
1999-03-09,2.32,1.39,25.02,0.93,5.34,,
1999-03-10,2.31,1.39,24.79,0.92,5.29,,
1999-03-11,2.31,1.39,24.37,0.92,5.27,,
1999-03-12,2.33,1.42,24.84,0.91,5.29,,
1999-03-15,2.32,1.4,25.24,0.92,5.28,,
1999-03-16,2.34,1.41,25.15,0.93,5.3,,
1999-03-17,2.34,1.41,25.57,0.93,5.28,,
1999-03-18,2.36,1.43,24.13,0.93,5.29,,
1999-03-19,2.33,1.41,24.32,0.92,5.21,,
1999-03-22,2.32,1.4,25,0.92,5.18,,
1999-03-23,2.33,1.41,27.27,0.92,5.23,,
1999-03-24,2.33,1.41,26.6,0.92,5.22,,
1999-03-25,2.32,1.43,24.33,0.89,5.17,,
1999-03-26,2.33,1.46,24.04,0.87,5.18,,
1999-03-29,2.29,1.42,23.54,0.87,5.14,,
1999-03-30,2.32,1.45,22.73,0.87,5.19,,
1999-03-31,2.31,1.45,23.26,0.86,5.19,,
1999-04-01,2.32,1.48,22.06,0.84,5.11,,
1999-04-02,2.33,1.48,,0.85,5.17,,
1999-04-05,2.32,1.47,22.19,0.85,5.18,,
1999-04-06,2.34,1.47,22.65,0.87,5.18,,
1999-04-07,2.33,1.46,22.81,0.87,5.13,,
1999-04-08,2.37,1.49,22.59,0.88,5.18,,
1999-04-09,2.35,1.49,21.77,0.86,5.16,,
1999-04-12,2.34,1.49,21.93,0.85,5.14,,
1999-04-13,2.31,1.47,22.73,0.84,5.09,,
1999-04-14,2.31,1.47,24.94,0.84,5.05,,
1999-04-15,2.27,1.43,23.93,0.84,5,,
1999-04-16,2.27,1.42,23.9,0.85,4.96,,
1999-04-19,2.29,1.45,26.42,0.84,4.99,,
1999-04-20,2.29,1.46,25.02,0.83,5.02,,
1999-04-21,2.29,1.45,23.31,0.84,5,,
1999-04-22,2.27,1.44,22.62,0.83,4.93,,
1999-04-23,2.26,1.43,22.76,0.83,4.93,,
1999-04-26,2.27,1.44,23.53,0.83,4.95,,
1999-04-27,2.26,1.43,23.36,0.83,4.95,,
1999-04-28,2.23,1.41,24.4,0.82,4.92,,
1999-04-29,2.24,1.41,25.06,0.83,4.98,,
1999-04-30,2.22,1.42,25.07,0.8,4.76,,
1999-05-03,2.2,1.39,24.15,0.81,4.7,,
1999-05-04,2.21,1.41,25.62,0.8,4.65,,
1999-05-05,2.21,1.41,25.19,0.8,4.71,,
1999-05-06,2.17,1.38,27.44,0.79,4.61,,
1999-05-07,2.17,1.38,25.36,0.79,4.62,,
1999-05-10,2.13,1.33,26.62,0.8,4.67,,
1999-05-11,2.12,1.34,25.62,0.78,4.65,,
1999-05-12,2.19,1.41,26.13,0.78,4.68,,
1999-05-13,2.2,1.42,25.02,0.78,4.76,,
1999-05-14,2.12,1.36,26.86,0.76,4.66,,
1999-05-17,2.09,1.32,27.28,0.77,4.64,,
1999-05-18,2.11,1.34,27.26,0.77,4.6,,
1999-05-19,2.14,1.35,25.08,0.79,4.69,,
1999-05-20,2.21,1.42,24.46,0.79,4.72,,
1999-05-21,2.23,1.44,24.4,0.79,4.77,,
1999-05-24,2.27,1.48,27.62,0.79,4.81,,
1999-05-25,2.27,1.48,28.9,0.79,4.81,,
1999-05-26,2.24,1.44,27.57,0.8,4.78,,
1999-05-27,2.19,1.39,28.12,0.8,4.72,,
1999-05-28,2.18,1.38,25.39,0.8,4.74,,
1999-05-31,,,,,4.75,,
1999-06-01,2.12,1.34,26.62,0.78,4.65,,
1999-06-02,2.1,1.32,26.21,0.78,4.65,,
1999-06-03,2.12,1.33,26.2,0.79,4.69,,
1999-06-04,2.12,1.33,23.43,0.79,4.7,,
1999-06-07,2.13,1.34,23.78,0.79,4.72,,
1999-06-08,2.13,1.34,24.02,0.79,4.69,,
1999-06-09,2.1,1.32,23.9,0.78,4.64,,
1999-06-10,2.09,1.31,25.32,0.78,4.66,,
1999-06-11,2.07,1.31,25.9,0.76,4.6,,
1999-06-14,2.08,1.32,26.51,0.76,4.65,,
1999-06-15,2.09,1.3,25.91,0.79,4.63,,
1999-06-16,2.11,1.33,22.4,0.78,4.66,,
1999-06-17,2.15,1.36,21.95,0.79,4.77,,
1999-06-18,2.13,1.34,21.75,0.79,4.73,,
1999-06-21,2.12,1.32,21.81,0.8,4.68,,
1999-06-22,2.12,1.33,21.7,0.79,4.66,,
1999-06-23,2.1,1.31,21.32,0.79,4.61,,
1999-06-24,2.1,1.33,23.06,0.77,4.58,,
1999-06-25,2.13,1.36,21.76,0.77,4.6,,
1999-06-28,2.13,1.36,22.63,0.77,4.66,,
1999-06-29,2.12,1.34,22.51,0.78,4.69,,
1999-06-30,2.18,1.4,21.09,0.78,4.87,,
1999-07-01,2.13,1.35,19.69,0.78,4.79,,
1999-07-02,2.14,1.36,18.66,0.78,4.79,,
1999-07-05,,,,,4.8,,
1999-07-06,2.12,1.35,20.73,0.77,4.75,,
1999-07-07,2.08,1.34,20.35,0.74,4.74,,
1999-07-08,2.11,1.36,20.24,0.75,4.79,,
1999-07-09,2.11,1.37,17.96,0.74,4.78,,
1999-07-12,2.12,1.37,19.73,0.75,4.87,,
1999-07-13,2.14,1.37,19.95,0.77,4.86,,
1999-07-14,2.13,1.36,19.71,0.77,4.82,,
1999-07-15,2.15,1.38,18.68,0.77,4.77,,
1999-07-16,2.17,1.4,17.42,0.77,4.79,,
1999-07-19,2.19,1.42,19.07,0.77,4.82,,
1999-07-20,2.19,1.42,21.79,0.77,4.83,,
1999-07-21,2.24,1.48,21.46,0.76,4.83,,
1999-07-22,2.18,1.42,23.05,0.76,4.78,,
1999-07-23,2.18,1.44,23.32,0.74,4.77,,
1999-07-26,2.16,1.42,24.98,0.74,4.77,,
1999-07-27,2.17,1.43,23.23,0.74,4.85,,
1999-07-28,2.18,1.44,22.85,0.74,4.86,,
1999-07-29,2.2,1.45,24.52,0.75,4.82,,
1999-07-30,2.19,1.44,24.64,0.75,4.81,,
1999-07-31,,,,,4.66,,
1999-08-02,2.19,1.44,25.59,0.75,4.66,,
1999-08-03,2.19,1.44,26.27,0.75,4.69,,
1999-08-04,2.16,1.41,27.4,0.75,4.75,,
1999-08-05,2.19,1.44,27.01,0.75,4.84,,
1999-08-06,2.19,1.45,26.6,0.74,4.74,,
1999-08-09,2.14,1.4,27.66,0.74,4.65,,
1999-08-10,2.13,1.38,28.45,0.75,4.69,,
1999-08-11,2.21,1.46,25.39,0.75,4.73,,
1999-08-12,2.22,1.48,25.03,0.74,4.7,,
1999-08-13,2.26,1.51,22.31,0.75,4.78,,
1999-08-16,2.21,1.46,23.07,0.75,4.76,,
1999-08-17,2.24,1.48,21.67,0.76,4.83,,
1999-08-18,2.24,1.47,23.3,0.77,4.87,,
1999-08-19,2.23,1.47,24.39,0.76,4.87,,
1999-08-20,2.23,1.46,22.95,0.77,4.89,,
1999-08-23,2.21,1.45,22.55,0.76,4.89,,
1999-08-24,2.25,1.49,22.4,0.76,4.94,,
1999-08-25,2.27,1.49,20.96,0.78,5.03,,
1999-08-26,2.27,1.49,21.21,0.78,5,,
1999-08-27,2.24,1.47,21.83,0.77,4.93,,
1999-08-30,2.23,1.47,24.63,0.76,4.88,,
1999-08-31,2.23,1.45,24.45,0.78,4.9,,
1999-09-01,2.23,1.45,22.93,0.78,4.91,,
1999-09-02,2.24,1.47,24.53,0.77,4.9,,
1999-09-03,2.28,1.5,20.98,0.78,4.99,,
1999-09-06,,,,,4.99,,
1999-09-07,2.26,1.49,23.44,0.77,4.94,,
1999-09-08,2.27,1.49,23.82,0.78,4.96,,
1999-09-09,2.26,1.49,23.01,0.77,4.94,,
1999-09-10,2.27,1.5,22.03,0.77,5.01,,
1999-09-13,2.27,1.5,22.89,0.77,5,,
1999-09-14,2.25,1.47,23.77,0.78,4.98,,
1999-09-15,2.25,1.47,24.56,0.78,5.01,,
1999-09-16,2.26,1.48,25.25,0.78,5.05,,
1999-09-17,2.28,1.48,23.3,0.8,5.07,,
1999-09-20,2.28,1.46,24.03,0.82,5.06,,
1999-09-21,2.27,1.46,25.65,0.81,5.07,,
1999-09-22,2.28,1.47,25.19,0.81,5.09,,
1999-09-23,2.33,1.47,27.84,0.86,5.15,,
1999-09-24,2.41,1.51,27.79,0.9,5.26,,
1999-09-27,2.38,1.5,26.4,0.88,5.22,,
1999-09-28,2.35,1.47,26.06,0.88,5.17,,
1999-09-29,2.31,1.47,26.49,0.84,5.1,,
1999-09-30,2.3,1.49,25.41,0.81,5.07,,
1999-10-01,2.26,1.45,24.93,0.81,5.06,,
1999-10-04,2.28,1.46,24.46,0.82,5.05,,
1999-10-05,2.27,1.46,24.79,0.81,5.12,,
1999-10-06,2.24,1.44,22.06,0.8,5.03,,
1999-10-07,2.24,1.44,23.58,0.8,4.99,,
1999-10-08,2.26,1.45,20.49,0.81,5,,
1999-10-11,,,20.63,,4.99,,
1999-10-12,2.28,1.46,22.84,0.82,4.96,,
1999-10-13,2.29,1.48,25.96,0.81,4.98,,
1999-10-14,2.28,1.46,26.05,0.82,4.93,,
1999-10-15,2.31,1.49,28.75,0.82,4.94,,
1999-10-18,2.31,1.49,28.19,0.82,4.99,,
1999-10-19,2.25,1.47,26.56,0.78,4.99,,
1999-10-20,2.24,1.45,23.9,0.79,4.91,,
1999-10-21,2.27,1.46,24.02,0.81,4.97,,
1999-10-22,2.25,1.42,21.64,0.83,4.93,,
1999-10-25,2.25,1.41,23.6,0.84,4.89,,
1999-10-26,2.24,1.4,24.26,0.84,4.94,,
1999-10-27,2.26,1.4,24.2,0.86,4.99,,
1999-10-28,2.26,1.39,21.34,0.87,5.08,,
1999-10-29,2.28,1.36,22.2,0.92,5.17,,
1999-10-31,,,,,5.13,,
1999-11-01,2.27,1.36,22.09,0.91,5.13,,
1999-11-02,2.26,1.33,23.1,0.93,5.15,,
1999-11-03,2.27,1.34,23.16,0.93,5.14,,
1999-11-04,2.28,1.34,23,0.94,5.14,,
1999-11-05,2.27,1.33,21.66,0.94,5.16,,
1999-11-08,2.25,1.31,21.87,0.94,5.15,,
1999-11-09,2.16,1.31,22.7,0.85,5.13,,
1999-11-10,2.13,1.31,22.26,0.82,5.12,,
1999-11-11,,,22.07,,5.14,,
1999-11-12,2.13,1.35,21.65,0.78,5.18,,
1999-11-15,2.09,1.34,22.74,0.75,5.17,,
1999-11-16,2.04,1.33,20.73,0.71,5.13,,
1999-11-17,2.04,1.32,20.96,0.72,5.1,,
1999-11-18,2.04,1.33,19.76,0.71,5.07,,
1999-11-19,2.02,1.31,19.11,0.71,5.05,,
1999-11-22,2.03,1.31,19.98,0.72,5.02,,
1999-11-23,2.04,1.32,21,0.72,5.01,,
1999-11-24,2.02,1.32,20.26,0.7,4.99,,
1999-11-25,,,,,5,,
1999-11-26,2.01,1.32,22.33,0.69,4.97,,
1999-11-29,1.99,1.31,23.57,0.68,4.9,,
1999-11-30,1.99,1.32,24.18,0.67,4.91,,
1999-12-01,1.97,1.29,22.23,0.68,4.86,,
1999-12-02,1.95,1.29,21.77,0.66,4.89,,
1999-12-03,1.96,1.29,19.32,0.67,4.91,,
1999-12-06,1.96,1.29,20.58,0.67,4.92,,
1999-12-07,1.97,1.31,21.09,0.66,4.93,,
1999-12-08,1.95,1.29,21.25,0.66,4.85,,
1999-12-09,1.95,1.29,21.19,0.66,4.86,,
1999-12-10,1.95,1.29,21.48,0.66,4.88,,
1999-12-13,1.95,1.29,21.72,0.66,4.87,,
1999-12-14,1.94,1.28,23.06,0.66,4.79,,
1999-12-15,1.93,1.28,22.03,0.65,4.73,,
1999-12-16,1.93,1.28,21.91,0.65,4.72,,
1999-12-17,1.93,1.29,21.35,0.64,4.72,,
1999-12-20,1.91,1.27,23.78,0.64,4.69,,
1999-12-21,1.92,1.28,22.66,0.64,4.68,,
1999-12-22,1.89,1.27,22.43,0.62,4.66,,
1999-12-23,1.88,1.26,21.12,0.62,4.66,,
1999-12-24,,,,,4.66,,
1999-12-27,1.86,1.25,23.07,0.61,4.68,,
1999-12-28,1.85,1.23,22.97,0.62,4.66,,
1999-12-29,1.84,1.23,23.09,0.61,4.7,,
1999-12-30,1.84,1.22,24.76,0.62,4.71,,
1999-12-31,1.73,1.19,24.64,0.54,4.76,,
2000-01-03,1.69,1.17,24.21,0.52,4.68,,
2000-01-04,1.72,1.2,27.01,0.52,4.81,,
2000-01-05,1.67,1.16,26.41,0.51,4.77,,
2000-01-06,1.67,1.15,25.73,0.52,4.82,,
2000-01-07,1.7,1.17,21.72,0.53,4.86,,
2000-01-10,1.7,1.15,21.71,0.55,4.81,,
2000-01-11,1.69,1.14,22.5,0.55,4.74,,
2000-01-12,1.68,1.13,22.84,0.55,4.72,,
2000-01-13,1.75,1.17,21.71,0.58,4.82,,
2000-01-14,1.73,1.15,19.66,0.58,4.77,,
2000-01-17,,,,,4.77,,
2000-01-18,1.72,1.15,21.5,0.57,4.75,,
2000-01-19,1.7,1.14,21.72,0.56,4.77,,
2000-01-20,1.66,1.1,21.75,0.56,4.74,,
2000-01-21,1.63,1.07,20.82,0.56,4.73,,
2000-01-24,1.67,1.11,24.07,0.56,4.82,,
2000-01-25,1.63,1.07,23.02,0.56,4.81,,
2000-01-26,1.59,1.04,23.03,0.55,4.81,,
2000-01-27,1.55,0.99,23.54,0.56,4.8,,
2000-01-28,1.6,1.03,26.14,0.57,4.8,,
2000-01-31,1.68,1.1,24.95,0.58,4.87,,
2000-02-01,1.65,1.07,23.45,0.58,4.87,,
2000-02-02,1.62,1.05,23.12,0.57,4.86,,
2000-02-03,1.64,1.07,22.01,0.57,4.99,,
2000-02-04,1.6,1.03,21.54,0.57,4.87,,
2000-02-07,1.66,1.06,22.79,0.6,4.82,,
2000-02-08,1.59,1,21.25,0.59,4.82,,
2000-02-09,1.7,1.09,22.9,0.61,4.79,,
2000-02-10,1.72,1.1,23.07,0.62,4.77,,
2000-02-11,1.73,1.11,24.42,0.62,4.81,,
2000-02-14,1.74,1.11,24.38,0.63,4.88,,
2000-02-15,1.77,1.13,22.92,0.64,4.83,,
2000-02-16,1.79,1.16,23.51,0.63,4.86,,
2000-02-17,1.75,1.13,23.17,0.62,4.82,,
2000-02-18,1.82,1.21,26,0.61,4.9,,
2000-02-21,,,,,4.9,,
2000-02-22,1.88,1.26,25.86,0.62,5.02,,
2000-02-23,1.84,1.23,23.89,0.61,4.94,,
2000-02-24,1.94,1.33,24.38,0.61,5.04,,
2000-02-25,1.99,1.36,25.2,0.63,5.07,,
2000-02-28,2.01,1.38,24.68,0.63,5.01,,
2000-02-29,1.91,1.27,23.37,0.64,5.08,,
2000-03-01,1.96,1.33,21.64,0.63,5.11,,
2000-03-02,1.95,1.31,21.06,0.64,5.11,,
2000-03-03,1.93,1.29,19.21,0.64,5.13,,
2000-03-06,1.91,1.27,21.5,0.64,5.1,,
2000-03-07,1.95,1.31,24.31,0.64,5.15,,
2000-03-08,1.98,1.33,23.82,0.65,5.16,,
2000-03-09,2.05,1.39,22.21,0.66,5.19,,
2000-03-10,2.09,1.42,21.24,0.67,5.16,,
2000-03-13,2.17,1.49,22.85,0.68,5.21,,
2000-03-14,2.15,1.47,24.41,0.68,5.29,,
2000-03-15,2.17,1.46,22.34,0.71,5.34,,
2000-03-16,2.16,1.45,20.77,0.71,5.4,,
2000-03-17,2.16,1.44,22.37,0.72,5.41,,
2000-03-20,2.14,1.42,22.96,0.72,5.42,,
2000-03-21,2.18,1.46,21.7,0.72,5.46,,
2000-03-22,2.2,1.49,21.49,0.71,5.51,,
2000-03-23,2.2,1.52,22.26,0.68,5.55,,
2000-03-24,2.13,1.43,23.31,0.7,5.47,,
2000-03-27,2.11,1.41,24.53,0.7,5.47,,
2000-03-28,2.16,1.46,24.86,0.7,5.57,,
2000-03-29,2.2,1.49,24.1,0.71,5.68,,
2000-03-30,2.3,1.57,25.47,0.73,5.84,,
2000-03-31,2.3,1.57,24.11,0.73,5.75,,
2000-04-03,2.3,1.57,24.03,0.73,5.78,,
2000-04-04,2.38,1.65,27.12,0.73,5.94,,
2000-04-05,2.45,1.73,28.41,0.72,5.94,,
2000-04-06,2.39,1.67,27.15,0.72,5.87,,
2000-04-07,2.4,1.68,24.39,0.72,5.9,,
2000-04-10,2.44,1.72,25.99,0.72,5.95,,
2000-04-11,2.45,1.73,27.25,0.72,5.89,,
2000-04-12,2.44,1.7,28.98,0.74,5.82,,
2000-04-13,2.45,1.7,29.4,0.75,5.87,,
2000-04-14,2.53,1.78,33.49,0.75,5.92,,
2000-04-17,2.5,1.74,28.95,0.76,5.84,,
2000-04-18,2.43,1.67,26.12,0.76,5.81,,
2000-04-19,2.42,1.65,27.02,0.77,5.85,,
2000-04-20,2.41,1.63,25.85,0.78,5.85,,
2000-04-24,2.42,1.62,27.37,0.8,5.88,,
2000-04-25,2.36,1.56,25.24,0.8,5.77,,
2000-04-26,2.37,1.57,26.97,0.8,5.77,,
2000-04-27,2.34,1.52,26.19,0.82,5.69,,
2000-04-28,2.34,1.5,26.2,0.84,5.71,,
2000-04-30,,,,,5.88,,
2000-05-01,2.3,1.45,25.88,0.85,5.83,,
2000-05-02,2.32,1.47,28.5,0.85,5.79,,
2000-05-03,2.34,1.49,31.63,0.85,5.77,,
2000-05-04,2.38,1.49,30.77,0.89,5.74,,
2000-05-05,2.36,1.48,27.53,0.88,5.73,,
2000-05-08,2.35,1.48,28.2,0.87,5.72,,
2000-05-09,2.36,1.48,28.93,0.88,5.75,,
2000-05-10,2.41,1.53,29.87,0.88,5.82,,
2000-05-11,2.49,1.59,27.76,0.9,5.84,,
2000-05-12,2.52,1.61,26.05,0.91,5.78,,
2000-05-15,2.52,1.59,24.86,0.93,5.78,,
2000-05-16,2.51,1.59,24.34,0.92,5.82,,
2000-05-17,2.53,1.59,23.98,0.94,5.83,,
2000-05-18,2.52,1.56,23.96,0.96,5.8,,
2000-05-19,2.55,1.59,25.44,0.96,5.89,,
2000-05-22,2.57,1.61,26,0.96,5.95,,
2000-05-23,2.55,1.61,25.87,0.94,5.99,,
2000-05-24,2.52,1.57,24.32,0.95,6.01,,
2000-05-25,2.5,1.56,24.58,0.94,6.13,,
2000-05-26,2.51,1.57,24.47,0.94,6.18,,
2000-05-29,,,,,6.19,,
2000-05-30,2.49,1.56,23.62,0.93,6.15,,
2000-05-31,2.52,1.59,23.65,0.93,6.16,,
2000-06-01,2.51,1.57,22.36,0.94,6.22,,
2000-06-02,2.5,1.57,21.48,0.93,6.21,,
2000-06-05,2.44,1.52,22.71,0.92,6.23,,
2000-06-06,2.39,1.47,23.05,0.92,6.2,,
2000-06-07,2.36,1.45,22.48,0.91,6.18,,
2000-06-08,2.35,1.44,22.77,0.91,6.18,,
2000-06-09,2.34,1.45,22.14,0.89,6.12,,
2000-06-12,2.35,1.48,22.32,0.87,6.15,,
2000-06-13,2.36,1.49,21.67,0.87,6.15,,
2000-06-14,2.35,1.53,21.48,0.82,6.18,,
2000-06-15,2.36,1.55,20.68,0.81,6.12,,
2000-06-16,2.37,1.61,20.5,0.76,6.19,,
2000-06-19,2.38,1.66,20.63,0.72,6.18,,
2000-06-20,2.36,1.64,20.88,0.72,6.14,,
2000-06-21,2.35,1.62,20.61,0.73,6.07,,
2000-06-22,2.37,1.64,22,0.73,6.06,,
2000-06-23,2.34,1.62,22.34,0.72,5.99,,
2000-06-26,2.41,1.67,22.45,0.74,6.05,,
2000-06-27,2.38,1.64,21.8,0.74,6.05,,
2000-06-28,2.4,1.65,20.29,0.75,6.04,,
2000-06-29,2.4,1.64,19.7,0.76,6.11,,
2000-06-30,2.4,1.66,19.54,0.74,6.17,,
2000-07-03,2.41,1.67,19.83,0.74,6.2,,
2000-07-04,,,,,6.21,,
2000-07-05,2.4,1.67,21.16,0.73,6.21,,
2000-07-06,2.38,1.66,20.94,0.72,6.18,,
2000-07-07,2.37,1.65,19.22,0.72,6.2,,
2000-07-10,2.34,1.63,20.33,0.71,6.17,,
2000-07-11,2.33,1.63,20.11,0.7,6.14,,
2000-07-12,2.29,1.52,20.03,0.77,6.14,,
2000-07-13,2.3,1.61,20.03,0.69,6.18,,
2000-07-14,2.24,1.57,19.32,0.67,6.06,,
2000-07-17,2.22,1.54,19.45,0.68,5.98,,
2000-07-18,2.22,1.54,19.75,0.68,5.97,,
2000-07-19,2.24,1.56,19.65,0.68,5.98,,
2000-07-20,2.29,1.61,18.94,0.68,6.1,,
2000-07-21,2.27,1.59,18.94,0.68,6.11,,
2000-07-24,2.26,1.57,19.92,0.69,6.07,,
2000-07-25,2.26,1.57,19.39,0.69,6.09,,
2000-07-26,2.27,1.58,19.67,0.69,6.06,,
2000-07-27,2.24,1.55,19.6,0.69,6.13,,
2000-07-28,2.25,1.55,20.84,0.7,6.15,,
2000-07-31,2.27,1.56,20.74,0.71,6.26,,
2000-08-01,2.27,1.57,20.55,0.7,6.31,,
2000-08-02,2.3,1.6,20,0.7,6.33,,
2000-08-03,2.31,1.6,19.99,0.71,6.33,,
2000-08-04,2.33,1.63,18.62,0.7,6.38,,
2000-08-07,2.29,1.58,19.03,0.71,6.33,,
2000-08-08,2.31,1.6,18.79,0.71,6.34,,
2000-08-09,2.44,1.74,19.18,0.7,6.33,,
2000-08-10,2.47,1.76,19.19,0.71,6.37,,
2000-08-11,2.45,1.75,18.55,0.7,6.33,,
2000-08-14,2.45,1.75,17.88,0.7,6.37,,
2000-08-15,2.43,1.73,17.98,0.7,6.34,,
2000-08-16,2.42,1.72,18.02,0.7,6.34,,
2000-08-17,2.46,1.75,17.48,0.71,6.36,,
2000-08-18,2.46,1.75,17.05,0.71,6.4,,
2000-08-21,2.47,1.76,17.35,0.71,6.4,,
2000-08-22,2.51,1.79,17.47,0.72,6.39,,
2000-08-23,2.53,1.82,17.38,0.71,6.43,,
2000-08-24,2.49,1.78,17.04,0.71,6.44,,
2000-08-25,2.5,1.79,16.53,0.71,6.42,,
2000-08-28,2.49,1.78,16.54,0.71,6.36,,
2000-08-29,2.49,1.77,16.89,0.72,6.3,,
2000-08-30,2.49,1.77,17.69,0.72,6.28,,
2000-08-31,2.51,1.79,16.84,0.72,6.43,,
2000-09-01,2.54,1.83,17.53,0.71,6.48,,
2000-09-04,,,,,6.49,,
2000-09-05,2.53,1.82,19.82,0.71,6.41,,
2000-09-06,2.54,1.82,20.79,0.72,6.37,,
2000-09-07,2.51,1.79,19.42,0.72,6.3,,
2000-09-08,2.52,1.81,18.46,0.71,6.32,,
2000-09-11,2.52,1.79,18.4,0.73,6.3,,
2000-09-12,2.56,1.8,18.59,0.76,6.31,,
2000-09-13,2.58,1.83,18.32,0.75,6.35,,
2000-09-14,2.58,1.82,18.26,0.76,6.33,,
2000-09-15,2.6,1.86,18.52,0.74,6.3,,
2000-09-18,2.61,1.86,20.25,0.75,6.35,,
2000-09-19,2.57,1.84,19.54,0.73,6.41,,
2000-09-20,2.55,1.82,19.93,0.73,6.43,,
2000-09-21,2.55,1.82,20.18,0.73,6.45,,
2000-09-22,2.55,1.84,20.74,0.71,6.5,,
2000-09-25,2.53,1.82,21.41,0.71,6.49,,
2000-09-26,2.52,1.82,21.88,0.7,6.56,,
2000-09-27,2.54,1.84,21.67,0.7,6.65,,
2000-09-28,2.5,1.82,19.47,0.68,6.69,,
2000-09-29,2.54,1.84,20.57,0.7,6.72,,
2000-09-30,,,,,6.77,,
2000-10-02,2.58,1.86,21.23,0.72,6.77,,
2000-10-03,2.54,1.83,21.85,0.71,6.74,,
2000-10-04,2.51,1.81,21.54,0.7,6.77,,
2000-10-05,2.52,1.8,21.03,0.72,6.84,,
2000-10-06,2.53,1.81,22.71,0.72,6.87,,
2000-10-09,,,24.02,,6.89,,
2000-10-10,2.54,1.76,24.86,0.78,6.96,,
2000-10-11,2.61,1.81,26.57,0.8,7.11,,
2000-10-12,2.64,1.83,30.51,0.81,7.21,,
2000-10-13,2.64,1.84,27.6,0.8,7.31,,
2000-10-16,2.63,1.83,26.79,0.8,7.28,,
2000-10-17,2.64,1.85,27.84,0.79,7.47,,
2000-10-18,2.68,1.87,28.72,0.81,7.58,,
2000-10-19,2.66,1.86,25.09,0.8,7.58,,
2000-10-20,2.65,1.85,24.24,0.8,7.59,,
2000-10-23,2.68,1.86,24.69,0.82,7.65,,
2000-10-24,2.66,1.81,24.28,0.85,7.61,,
2000-10-25,2.65,1.8,26.65,0.85,7.55,,
2000-10-26,2.6,1.75,28.62,0.85,7.62,,
2000-10-27,2.58,1.74,26.47,0.84,7.62,,
2000-10-30,2.56,1.72,25.46,0.84,7.62,,
2000-10-31,2.56,1.72,23.63,0.84,7.79,,
2000-11-01,2.57,1.75,24.28,0.82,7.75,,
2000-11-02,2.54,1.72,23.92,0.82,7.8,,
2000-11-03,2.52,1.71,23.67,0.81,7.75,,
2000-11-06,2.5,1.69,24.52,0.81,7.73,,
2000-11-07,2.5,1.69,24.91,0.81,7.75,,
2000-11-08,2.48,1.66,25.66,0.82,7.73,,
2000-11-09,2.5,1.68,27.2,0.82,7.81,,
2000-11-10,2.5,1.7,28.53,0.8,7.85,,
2000-11-13,2.52,1.72,29.06,0.8,7.9,,
2000-11-14,2.52,1.71,26.81,0.81,7.9,,
2000-11-15,2.52,1.7,26.15,0.82,7.91,,
2000-11-16,2.54,1.72,25.05,0.82,7.96,,
2000-11-17,2.58,1.76,24.81,0.82,7.99,,
2000-11-20,2.61,1.77,27.43,0.84,8.09,,
2000-11-21,2.64,1.77,26.62,0.87,8.24,,
2000-11-22,2.61,1.75,27.71,0.86,8.37,,
2000-11-23,,,,,8.37,,
2000-11-24,2.63,1.76,26,0.87,8.36,,
2000-11-27,2.65,1.77,26.93,0.88,8.42,,
2000-11-28,2.6,1.79,27.64,0.81,8.51,,
2000-11-29,2.63,1.82,27.49,0.81,8.69,,
2000-11-30,2.64,1.83,29.65,0.81,9.06,,
2000-12-01,2.66,1.84,27.48,0.82,8.98,,
2000-12-04,2.66,1.84,27.78,0.82,9.06,,
2000-12-05,2.69,1.88,24.99,0.81,9.1,,
2000-12-06,2.73,1.93,25.07,0.8,9.12,,
2000-12-07,2.72,1.91,25.34,0.81,9.13,,
2000-12-08,2.74,1.92,22.41,0.82,9.09,,
2000-12-11,2.71,1.88,23.51,0.83,9.02,,
2000-12-12,2.72,1.89,24.88,0.83,8.94,,
2000-12-13,2.74,1.92,23.63,0.82,8.89,,
2000-12-14,2.77,1.95,24.86,0.82,8.94,,
2000-12-15,2.77,1.97,26.55,0.8,8.88,,
2000-12-18,2.81,2,27.7,0.81,8.91,,
2000-12-19,2.81,2,27.17,0.81,8.87,,
2000-12-20,2.87,2.07,31.74,0.8,8.98,,
2000-12-21,2.89,2.11,29.66,0.78,9.05,,
2000-12-22,2.9,2.11,27.55,0.79,9.06,,
2000-12-26,2.89,2.1,28.73,0.79,9.07,,
2000-12-27,2.86,2.05,28.14,0.81,9.04,,
2000-12-28,2.83,2.02,26.57,0.81,9,,
2000-12-29,2.88,2.04,26.85,0.84,9,,
2000-12-31,,,,,9.16,,
2001-01-02,2.99,2.16,29.99,0.83,9.36,,
2001-01-03,2.83,1.97,26.6,0.86,9.13,,
2001-01-04,2.91,2.06,26.97,0.85,9.11,,
2001-01-05,2.99,2.15,28.67,0.84,9.12,,
2001-01-08,2.94,2.13,29.84,0.81,9.06,,
2001-01-09,2.92,2.1,27.99,0.82,8.88,,
2001-01-10,2.83,2.01,26.8,0.82,8.73,,
2001-01-11,2.85,2.03,25.79,0.82,8.56,,
2001-01-12,2.8,1.98,24.56,0.82,8.38,,
2001-01-15,,,,,8.32,,
2001-01-16,2.73,1.95,25.28,0.78,8.33,,
2001-01-17,2.72,1.94,24.93,0.78,8.31,,
2001-01-18,2.72,1.97,23.37,0.75,8.36,,
2001-01-19,2.7,1.96,23.24,0.74,8.21,,
2001-01-22,2.71,1.95,23.25,0.76,8.17,,
2001-01-23,2.67,1.94,21.57,0.73,8.09,,
2001-01-24,2.61,1.89,22.03,0.72,8.05,,
2001-01-25,2.63,1.9,22.64,0.73,8.05,,
2001-01-26,2.65,1.92,22.57,0.73,8.05,,
2001-01-29,2.65,1.93,22.61,0.72,8.03,,
2001-01-30,2.65,1.93,22.57,0.72,8.02,,
2001-01-31,2.62,1.92,22.02,0.7,7.87,,
2001-02-01,2.63,1.94,21.66,0.69,7.83,,
2001-02-02,2.63,1.93,21.95,0.7,7.73,,
2001-02-05,2.59,1.9,22.19,0.69,7.69,,
2001-02-06,2.58,1.89,21.98,0.69,7.62,,
2001-02-07,2.77,2.05,21.67,0.72,7.64,,
2001-02-08,2.78,2.06,21.46,0.72,7.6,,
2001-02-09,2.79,2.09,22.03,0.7,7.63,,
2001-02-12,2.82,2.1,21.92,0.72,7.6,,
2001-02-13,2.82,2.02,21.37,0.8,7.56,,
2001-02-14,2.77,1.97,21.52,0.8,7.49,,
2001-02-15,2.77,1.96,20.27,0.81,7.38,,
2001-02-16,2.81,2.01,22.12,0.8,7.49,,
2001-02-19,,,,,7.5,,
2001-02-20,2.81,1.99,24.69,0.82,7.51,,
2001-02-21,2.82,1.99,25.75,0.83,7.54,,
2001-02-22,2.84,2.01,26.76,0.83,7.6,,
2001-02-23,2.86,2.02,27.21,0.84,7.67,,
2001-02-26,2.89,2.04,25.43,0.85,7.69,,
2001-02-27,2.86,2.02,26.49,0.84,7.68,,
2001-02-28,2.88,2.05,28.35,0.83,7.7,,
2001-03-01,2.88,2.06,28.08,0.82,7.68,,
2001-03-02,2.87,2.05,27.43,0.82,7.64,,
2001-03-05,2.83,2.02,27.12,0.81,7.61,,
2001-03-06,2.85,2.03,25.89,0.82,7.59,,
2001-03-07,2.85,2.04,24.12,0.81,7.61,,
2001-03-08,2.87,2.05,24.29,0.82,7.59,,
2001-03-09,2.82,2.01,25.62,0.81,7.53,,
2001-03-12,2.86,2.03,30.32,0.83,7.6,,
2001-03-13,2.85,2.01,27.55,0.84,7.63,,
2001-03-14,2.98,2.12,29.61,0.86,7.84,,
2001-03-15,3.03,2.16,28.56,0.87,7.88,,
2001-03-16,3.03,2.14,29.91,0.89,8,,
2001-03-19,3.02,2.13,29.78,0.89,8.02,,
2001-03-20,3.06,2.16,30.96,0.9,8.09,,
2001-03-21,3.06,2.16,31.93,0.9,8.22,,
2001-03-22,3.07,2.16,32.84,0.91,8.4,,
2001-03-23,3.04,2.14,30.45,0.9,8.3,,
2001-03-26,3.05,2.14,29.04,0.91,8.2,,
2001-03-27,2.98,2.07,27.04,0.91,8.03,,
2001-03-28,3.03,2.12,28.58,0.91,8.08,,
2001-03-29,3.02,2.11,29.17,0.91,8.13,,
2001-03-30,3.04,2.13,28.64,0.91,8.2,,
2001-03-31,,,,,8.18,,
2001-04-02,3,2.1,31.21,0.9,8.21,,
2001-04-03,3.03,2.14,34.72,0.89,8.48,,
2001-04-04,3.04,2.15,34.07,0.89,8.61,,
2001-04-05,3.03,2.13,29.94,0.9,8.63,,
2001-04-06,3.06,2.16,31.69,0.9,8.75,,
2001-04-09,3.04,2.16,31.91,0.88,8.78,,
2001-04-10,2.99,2.12,29.44,0.87,8.55,,
2001-04-11,2.96,2.08,28.46,0.88,8.5,,
2001-04-12,2.92,2.03,26.12,0.89,8.44,,
2001-04-16,2.9,2.01,26.33,0.89,8.3,,
2001-04-17,2.93,2.04,25.61,0.89,8.4,,
2001-04-18,2.95,2.07,24.13,0.88,8.46,,
2001-04-19,2.91,2.03,24.16,0.88,8.61,,
2001-04-20,2.87,2.01,25.38,0.86,8.64,,
2001-04-23,2.9,2.05,28.16,0.85,8.9,,
2001-04-24,2.85,2.02,28.49,0.83,9.02,,
2001-04-25,2.85,2.02,27.4,0.83,8.26,,
2001-04-26,2.83,2.01,25.96,0.82,8.29,,
2001-04-27,2.76,1.95,24.02,0.81,8.17,,
2001-04-30,2.73,1.93,25.48,0.8,8.06,,
2001-05-01,2.75,1.96,24.2,0.79,7.95,,
2001-05-02,2.7,1.91,24.23,0.79,7.8,,
2001-05-03,2.7,1.92,25.78,0.78,7.83,,
2001-05-04,2.73,1.95,23.91,0.78,7.86,,
2001-05-07,2.75,1.98,24.86,0.77,7.85,,
2001-05-08,2.76,1.99,24.44,0.77,7.83,,
2001-05-09,2.76,1.99,24.35,0.77,7.88,,
2001-05-10,2.74,1.95,24,0.79,7.79,,
2001-05-11,2.67,1.88,23.54,0.79,7.6,,
2001-05-14,2.68,1.89,24.26,0.79,7.7,,
2001-05-15,2.69,1.9,23.71,0.79,7.61,,
2001-05-16,2.66,1.89,21.89,0.77,7.66,,
2001-05-17,2.61,1.85,21.47,0.76,7.65,,
2001-05-18,2.62,1.86,21.23,0.76,7.63,,
2001-05-21,2.61,1.85,20.76,0.76,7.6,,
2001-05-22,2.63,1.86,21.35,0.77,7.61,,
2001-05-23,2.69,1.9,22.08,0.79,7.62,,
2001-05-24,2.65,1.85,20.57,0.8,7.53,,
2001-05-25,2.65,1.85,20.6,0.8,7.53,,
2001-05-28,,,,,7.55,,
2001-05-29,2.64,1.83,22.14,0.81,7.52,,
2001-05-30,2.63,1.82,22.76,0.81,7.56,,
2001-05-31,2.65,1.86,22.64,0.79,7.68,,
2001-06-01,2.63,1.83,21.59,0.8,7.65,,
2001-06-04,2.65,1.85,21.38,0.8,7.69,,
2001-06-05,2.66,1.87,19.58,0.79,7.76,,
2001-06-06,2.69,1.9,20.39,0.79,7.75,,
2001-06-07,2.68,1.89,19.67,0.79,7.71,,
2001-06-08,2.65,1.86,19.92,0.79,7.67,,
2001-06-11,2.66,1.88,20.7,0.78,7.71,,
2001-06-12,2.68,1.89,20.7,0.79,7.78,,
2001-06-13,2.67,1.88,21.45,0.79,7.86,,
2001-06-14,2.67,1.88,23.12,0.79,8.09,,
2001-06-15,2.71,1.93,22.81,0.78,8.04,,
2001-06-18,2.73,1.94,23.17,0.79,8.19,,
2001-06-19,2.73,1.94,22.34,0.79,8.28,,
2001-06-20,2.74,1.94,21.71,0.8,8.38,,
2001-06-21,2.74,1.93,19.38,0.81,8.4,,
2001-06-22,2.75,1.95,20.02,0.8,8.47,,
2001-06-25,2.75,1.94,20.67,0.81,8.45,,
2001-06-26,2.72,1.92,21.2,0.8,8.42,,
2001-06-27,2.68,1.87,20.88,0.81,8.34,,
2001-06-28,2.66,1.84,20.01,0.82,8.29,,
2001-06-29,2.65,1.83,19.06,0.82,8.16,,
2001-06-30,,,,,8.16,,
2001-07-02,2.67,1.83,18.76,0.84,8.18,,
2001-07-03,2.67,1.83,18.92,0.84,8.1,,
2001-07-04,,,,,8.11,,
2001-07-05,2.67,1.82,20.09,0.85,8.07,,
2001-07-06,2.69,1.84,21.63,0.85,8.13,,
2001-07-09,2.69,1.85,22.48,0.84,8.13,,
2001-07-10,2.71,1.87,23.25,0.84,8.2,,
2001-07-11,2.74,1.9,24.01,0.84,8.21,,
2001-07-12,2.74,1.89,22.09,0.85,8.28,,
2001-07-13,2.71,1.88,21.14,0.83,8.27,,
2001-07-16,2.74,1.9,22.91,0.84,8.28,,
2001-07-17,2.73,1.89,22.61,0.84,8.31,,
2001-07-18,2.78,1.95,23.6,0.83,8.45,,
2001-07-19,2.78,1.94,22.51,0.84,8.42,,
2001-07-20,2.77,1.93,22.34,0.84,8.39,,
2001-07-23,2.77,1.93,23.74,0.84,8.37,,
2001-07-24,2.74,1.92,25.24,0.82,8.37,,
2001-07-25,2.74,1.91,24,0.83,8.31,,
2001-07-26,2.76,1.93,23.01,0.83,8.27,,
2001-07-27,2.77,1.95,22,0.82,8.28,,
2001-07-30,2.76,1.94,22.69,0.82,8.32,,
2001-07-31,2.78,1.96,21.62,0.82,8.27,,
2001-08-01,2.76,1.95,20.56,0.81,8.09,,
2001-08-02,2.74,1.92,20.09,0.82,7.95,,
2001-08-03,2.72,1.91,19.89,0.81,7.92,,
2001-08-06,2.75,1.92,21.89,0.83,7.91,,
2001-08-07,2.74,1.92,21.01,0.82,7.87,,
2001-08-08,2.88,2.06,22.32,0.82,7.95,,
2001-08-09,2.84,2.02,21.75,0.82,7.93,,
2001-08-10,2.87,2.05,20.55,0.82,7.99,,
2001-08-13,2.89,2.07,20.42,0.82,8.07,,
2001-08-14,2.89,2.07,20.48,0.82,8.04,,
2001-08-15,2.86,2.05,20.91,0.81,7.96,,
2001-08-16,2.89,2.07,21.54,0.82,8.01,,
2001-08-17,2.97,2.14,23.84,0.83,8.11,,
2001-08-20,2.93,2.1,22.87,0.83,8.07,,
2001-08-21,2.98,2.13,24.4,0.85,8.12,,
2001-08-22,2.94,2.09,22.44,0.85,8.11,,
2001-08-23,2.92,2.07,22.23,0.85,8.15,,
2001-08-24,2.91,2.07,19.71,0.84,8.13,,
2001-08-27,2.91,2.07,20.56,0.84,8.14,,
2001-08-28,2.95,2.11,22,0.84,8.19,,
2001-08-29,2.97,2.14,23.03,0.83,8.23,,
2001-08-30,2.97,2.13,25.41,0.84,8.23,,
2001-08-31,2.9,2.07,24.92,0.83,8.05,,
2001-09-03,,,,,8.04,,
2001-09-04,2.88,2.04,25.85,0.84,7.87,,
2001-09-05,2.9,2.05,26.35,0.85,7.95,,
2001-09-06,2.94,2.09,28.61,0.85,8.09,,
2001-09-07,2.99,2.14,30.99,0.85,8.22,,
2001-09-10,2.99,2.14,31.84,0.85,8.22,,
2001-09-13,3.16,2.3,,0.86,,,
2001-09-14,3.36,2.5,,0.86,9.41,,
2001-09-17,3.45,2.59,41.76,0.86,9.58,,
2001-09-18,3.48,2.62,38.87,0.86,9.51,,
2001-09-19,3.52,2.66,40.56,0.86,9.6,,
2001-09-20,3.52,2.65,43.74,0.87,9.69,,
2001-09-21,3.53,2.67,42.66,0.86,9.89,,
2001-09-24,3.48,2.62,37.75,0.86,9.95,,
2001-09-25,3.48,2.64,35.81,0.84,9.88,,
2001-09-26,3.46,2.61,35.26,0.85,9.97,,
2001-09-27,3.47,2.62,34,0.85,10.07,,
2001-09-28,3.42,2.57,31.93,0.85,10.25,,
2001-09-30,,,,,10.18,,
2001-10-01,3.44,2.59,32.32,0.85,10.14,,
2001-10-02,3.42,2.54,31.18,0.88,10.17,,
2001-10-03,3.43,2.54,31.34,0.89,10.14,,
2001-10-04,3.38,2.5,31.97,0.88,10.11,,
2001-10-05,3.4,2.52,33.39,0.88,10.1,,
2001-10-08,,,35.12,,10.06,,
2001-10-09,3.36,2.49,34.83,0.87,10,,
2001-10-10,3.34,2.46,31.6,0.88,9.92,,
2001-10-11,3.3,2.41,31.5,0.89,9.81,,
2001-10-12,3.33,2.44,35.27,0.89,9.77,,
2001-10-15,3.34,2.45,35.31,0.89,9.65,,
2001-10-16,3.33,2.45,32.88,0.88,9.63,,
2001-10-17,3.31,2.42,35.08,0.89,9.61,,
2001-10-18,3.31,2.43,34.95,0.88,9.61,,
2001-10-19,3.29,2.42,34.11,0.87,9.6,,
2001-10-22,3.28,2.41,32.25,0.87,9.6,,
2001-10-23,3.28,2.41,32,0.87,9.57,,
2001-10-24,3.28,2.4,30.95,0.88,9.61,,
2001-10-25,3.3,2.42,29.46,0.88,9.62,,
2001-10-26,3.31,2.43,28.42,0.88,9.62,,
2001-10-29,3.32,2.44,31.64,0.88,9.64,,
2001-10-30,3.35,2.47,33.46,0.88,9.73,,
2001-10-31,3.38,2.51,33.56,0.87,9.61,,
2001-11-01,3.37,2.51,32.31,0.86,9.56,,
2001-11-02,3.37,2.5,30.71,0.87,9.46,,
2001-11-05,3.34,2.47,30.5,0.87,9.48,,
2001-11-06,3.36,2.49,28.8,0.87,9.5,,
2001-11-07,3.35,2.48,29.13,0.87,9.53,,
2001-11-08,3.28,2.42,28.62,0.86,9.36,,
2001-11-09,3.27,2.41,27.44,0.86,9.29,,
2001-11-12,,,29.35,,9.3,,
2001-11-13,3.24,2.37,26.47,0.87,9.24,,
2001-11-14,3.19,2.34,26.56,0.85,9.06,,
2001-11-15,3.1,2.27,25.56,0.83,8.62,,
2001-11-16,3.07,2.26,25.07,0.81,8.38,,
2001-11-19,3.08,2.27,24.46,0.81,8.48,,
2001-11-20,3.08,2.27,24.12,0.81,8.37,,
2001-11-21,3.01,2.21,24.19,0.8,8.25,,
2001-11-22,,,,,8.24,,
2001-11-23,2.97,2.17,23.25,0.8,8.15,,
2001-11-26,2.96,2.17,23.79,0.79,8.17,,
2001-11-27,3.01,2.14,24,0.87,8.18,,
2001-11-28,3.01,2.14,25.9,0.87,8.13,,
2001-11-29,3.07,2.21,25.18,0.86,8.33,,
2001-11-30,3.1,2.24,23.84,0.86,8.39,,
2001-12-03,3.14,2.26,25.77,0.88,8.38,,
2001-12-04,3.15,2.28,24.08,0.87,8.47,,
2001-12-05,3.07,2.19,23.02,0.88,8.25,,
2001-12-06,3.03,2.16,23.71,0.87,8.12,,
2001-12-07,2.96,1.68,23.49,1.28,8.01,,
2001-12-10,3,1.71,25.62,1.29,8.2,,
2001-12-11,3.01,1.57,25.3,1.44,8.31,,
2001-12-12,3.04,1.61,24.87,1.43,8.42,,
2001-12-13,2.98,1.56,25.91,1.42,8.33,,
2001-12-14,2.91,1.49,24.63,1.42,8.34,,
2001-12-17,2.97,1.52,24.26,1.45,8.17,,
2001-12-18,2.94,1.5,23.29,1.44,8.33,,
2001-12-19,2.94,1.53,22.58,1.41,8.41,,
2001-12-20,2.92,1.51,23.67,1.41,8.37,,
2001-12-21,2.87,1.48,22.5,1.39,8.32,,
2001-12-24,,,22.62,,8.3,,
2001-12-26,2.82,1.44,22.29,1.38,8.26,,
2001-12-27,2.88,1.5,21.59,1.38,8.33,,
2001-12-28,2.87,1.53,21.4,1.34,8.33,,
2001-12-31,2.85,1.54,23.8,1.31,8.24,,
2002-01-02,2.82,1.5,22.71,1.32,8.12,,
2002-01-03,2.82,1.53,21.34,1.29,8.03,,
2002-01-04,2.78,1.49,20.45,1.29,7.99,,
2002-01-07,2.8,1.5,21.94,1.3,8.06,,
2002-01-08,2.8,1.5,21.83,1.3,8.05,,
2002-01-09,2.78,1.5,22.13,1.28,8.04,,
2002-01-10,2.82,1.53,22.36,1.29,8.08,,
2002-01-11,2.86,1.56,22.6,1.3,8.17,,
2002-01-14,2.88,1.58,23.58,1.3,8.17,,
2002-01-15,2.86,1.57,22.7,1.29,8.26,,
2002-01-16,2.87,1.58,23.45,1.29,8.27,,
2002-01-17,2.82,1.53,22.25,1.29,8.22,,
2002-01-18,2.86,1.52,22.52,1.34,8.28,,
2002-01-21,,,,,8.29,,
2002-01-22,2.85,1.51,23.61,1.34,8.27,,
2002-01-23,2.87,1.52,21.88,1.35,8.22,,
2002-01-24,2.85,1.5,21.15,1.35,8.18,,
2002-01-25,2.81,1.46,21.01,1.35,8.14,,
2002-01-28,2.78,1.42,21.14,1.36,8.11,,
2002-01-29,2.84,1.47,24.35,1.37,8.26,,
2002-01-30,2.89,1.49,23.22,1.4,8.29,,
2002-01-31,2.85,1.47,21.09,1.38,7.89,,
2002-02-01,2.86,1.48,21.12,1.38,7.81,,
2002-02-04,2.93,1.51,24.87,1.42,7.91,,
2002-02-05,2.98,1.53,25.45,1.45,7.98,,
2002-02-06,3.01,1.57,26.09,1.44,8.02,,
2002-02-07,3.05,1.61,25.11,1.44,8.02,,
2002-02-08,3.03,1.6,23.26,1.43,8.08,,
2002-02-11,3.02,1.61,21.78,1.41,8.09,,
2002-02-12,2.99,1.61,21.62,1.38,8.03,,
2002-02-13,2.93,1.56,20.85,1.37,7.99,,
2002-02-14,2.95,1.58,21.77,1.37,8.05,,
2002-02-15,2.98,1.62,22.37,1.36,8.11,,
2002-02-18,,,,,8.12,,
2002-02-19,2.99,1.63,24.43,1.36,8.12,,
2002-02-20,3.01,1.64,22.66,1.37,8.19,,
2002-02-21,2.97,1.62,23.8,1.35,8.2,,
2002-02-22,2.98,1.63,22.86,1.35,8.28,,
2002-02-25,2.98,1.63,21.84,1.35,8.31,,
2002-02-26,2.96,1.61,21.68,1.35,8.25,,
2002-02-27,3,1.66,21.49,1.34,8.31,,
2002-02-28,2.98,1.64,21.59,1.34,8.19,,
2002-03-01,2.97,1.63,19.96,1.34,7.99,,
2002-03-04,2.94,1.6,20.5,1.34,7.92,,
2002-03-05,2.9,1.58,20.3,1.32,7.83,,
2002-03-06,2.91,1.59,19.94,1.32,7.77,,
2002-03-07,2.83,1.53,20.04,1.3,7.51,,
2002-03-08,2.79,1.5,19.27,1.29,7.34,,
2002-03-11,2.78,1.5,19.84,1.28,7.33,,
2002-03-12,2.78,1.5,19.59,1.28,7.32,,
2002-03-13,2.82,1.54,19.46,1.28,7.36,,
2002-03-14,2.79,1.51,19.2,1.28,7.2,,
2002-03-15,2.81,1.53,18.42,1.28,7.18,,
2002-03-18,2.8,1.52,18.93,1.28,7.2,,
2002-03-19,2.83,1.54,18.16,1.29,7.18,,
2002-03-20,2.81,1.53,18.46,1.28,7.08,,
2002-03-21,2.78,1.49,18.15,1.29,7.1,,
2002-03-22,2.78,1.48,17.77,1.3,7.08,,
2002-03-25,2.74,1.48,18.48,1.26,7.06,,
2002-03-26,2.76,1.5,18.13,1.26,7.13,,
2002-03-27,2.81,1.5,17.7,1.31,7.13,,
2002-03-28,2.81,1.48,17.4,1.33,7.11,,
2002-03-31,,,,,7.08,,
2002-04-01,2.78,1.46,18.73,1.32,7,,
2002-04-02,2.81,1.5,19.16,1.31,7.06,,
2002-04-03,2.83,1.51,20.2,1.32,7.15,,
2002-04-04,2.84,1.52,19.78,1.32,7.15,,
2002-04-05,2.85,1.54,19.13,1.31,7.21,,
2002-04-08,2.85,1.54,19.61,1.31,7.18,,
2002-04-09,2.85,1.53,19.47,1.32,7.2,,
2002-04-10,2.84,1.52,18.19,1.32,7.15,,
2002-04-11,2.83,1.52,20.3,1.31,7.17,,
2002-04-12,2.86,1.54,19.42,1.32,7.26,,
2002-04-15,2.84,1.54,19.82,1.3,7.27,,
2002-04-16,2.81,1.53,18.11,1.28,7.21,,
2002-04-17,2.79,1.49,18.43,1.3,7.14,,
2002-04-18,2.82,1.56,19.29,1.26,7.13,,
2002-04-19,2.8,1.55,18.3,1.25,7.14,,
2002-04-22,2.77,1.59,19.77,1.18,7.18,,
2002-04-23,2.78,1.59,20.28,1.19,7.17,,
2002-04-24,2.81,1.62,20.77,1.19,7.2,,
2002-04-25,2.83,1.63,20.95,1.2,7.22,,
2002-04-26,2.83,1.63,22.14,1.2,7.24,,
2002-04-29,2.82,1.6,24.05,1.22,7.19,,
2002-04-30,2.84,1.6,21.91,1.24,6.88,,
2002-05-01,2.86,1.63,20.06,1.23,6.89,,
2002-05-02,2.84,1.58,20.07,1.26,6.87,,
2002-05-03,2.89,1.63,20.19,1.26,6.94,,
2002-05-06,2.86,1.56,22.56,1.3,6.96,,
2002-05-07,2.86,1.56,21.94,1.3,7.02,,
2002-05-08,2.86,1.52,20.39,1.34,6.89,,
2002-05-09,2.89,1.54,21.56,1.35,6.89,,
2002-05-10,2.93,1.57,22.41,1.36,6.97,,
2002-05-13,2.9,1.55,20.72,1.35,6.96,,
2002-05-14,2.89,1.53,19.35,1.36,6.89,,
2002-05-15,2.91,1.56,19.19,1.35,6.93,,
2002-05-16,2.96,1.6,18.5,1.36,7.05,,
2002-05-17,2.94,1.58,17.7,1.36,7.01,,
2002-05-20,2.96,1.59,19.24,1.37,7.07,,
2002-05-21,2.95,1.58,20.05,1.37,7.11,,
2002-05-22,2.98,1.6,19.58,1.38,7.15,,
2002-05-23,2.97,1.62,18.23,1.35,7.1,,
2002-05-24,2.96,1.61,18.9,1.35,7.08,,
2002-05-27,,,,,7.08,,
2002-05-28,2.95,1.6,20.31,1.35,7.09,,
2002-05-29,2.97,1.63,20.39,1.34,7.16,,
2002-05-30,3,1.66,20.61,1.34,7.22,,
2002-05-31,2.98,1.65,19.98,1.33,7.28,,
2002-06-03,3,1.66,23.37,1.34,7.27,,
2002-06-04,3.01,1.68,23.89,1.33,7.35,,
2002-06-05,2.99,1.67,22.61,1.32,7.31,,
2002-06-06,2.99,1.69,24.16,1.3,7.35,,
2002-06-07,2.96,1.66,23.51,1.3,7.41,,
2002-06-10,2.95,1.65,23.72,1.3,7.48,,
2002-06-11,2.95,1.65,24.45,1.3,7.57,,
2002-06-12,3,1.69,24.15,1.31,7.7,,
2002-06-13,3,1.69,25.02,1.31,7.75,,
2002-06-14,3.02,1.72,25.96,1.3,7.9,,
2002-06-17,2.97,1.66,24.64,1.31,7.85,,
2002-06-18,3.02,1.71,24.24,1.31,7.85,,
2002-06-19,3.06,1.76,26.06,1.3,7.97,,
2002-06-20,3.05,1.72,27.48,1.33,7.95,,
2002-06-21,3.05,1.73,27.23,1.32,8.14,,
2002-06-24,3.03,1.7,26.98,1.33,8.19,,
2002-06-25,3.03,1.7,27.84,1.33,8.27,,
2002-06-26,3.12,1.77,28.42,1.35,9.06,,
2002-06-27,3.14,1.77,26.29,1.37,9.14,,
2002-06-28,3.13,1.75,25.4,1.38,9.23,,
2002-06-30,,,,,8.75,,
2002-07-01,3.14,1.76,27.11,1.38,8.69,,
2002-07-02,3.18,1.79,28.96,1.39,8.93,,
2002-07-03,3.17,1.77,29.42,1.4,9.02,,
2002-07-04,,,,,9.02,,
2002-07-05,3.15,1.72,27.11,1.43,8.96,,
2002-07-08,3.19,1.76,28.25,1.43,8.99,,
2002-07-09,3.19,1.78,30.22,1.41,8.98,,
2002-07-10,3.21,1.85,34.1,1.36,9.06,,
2002-07-11,3.21,1.84,33.85,1.37,9.26,,
2002-07-12,3.24,1.86,32.94,1.38,9.26,,
2002-07-15,3.26,1.85,35.03,1.41,9.19,,
2002-07-16,3.24,1.84,36.65,1.4,9.13,,
2002-07-17,3.27,1.84,35.45,1.43,9.19,,
2002-07-18,3.3,1.88,35.12,1.42,9.26,,
2002-07-19,3.25,1.89,38.17,1.36,9.37,,
2002-07-22,3.3,1.94,41.87,1.36,9.49,,
2002-07-23,3.33,1.97,44.92,1.36,9.71,,
2002-07-24,3.35,1.97,39.86,1.38,9.96,,
2002-07-25,3.35,2.03,39.27,1.32,9.98,,
2002-07-26,3.34,2.08,35.51,1.26,10.13,,
2002-07-29,3.25,1.96,31.33,1.29,10.01,,
2002-07-30,3.21,1.97,31.92,1.24,9.99,,
2002-07-31,3.25,2.02,32.03,1.23,9.71,,
2002-08-01,3.27,2.05,36.95,1.22,9.54,,
2002-08-02,3.34,2.12,41.29,1.22,9.76,,
2002-08-05,3.36,2.14,45.08,1.22,9.91,,
2002-08-06,3.3,2.06,42.03,1.24,9.81,,
2002-08-07,3.35,2.1,38.73,1.25,9.89,,
2002-08-08,3.33,2.08,36.33,1.25,9.85,,
2002-08-09,3.36,2.13,35.33,1.23,9.92,,
2002-08-12,3.33,2.13,37.05,1.2,10,,
2002-08-13,3.39,2.18,35.82,1.21,10.15,,
2002-08-14,3.37,2.17,32.36,1.2,10.2,,
2002-08-15,3.35,2.12,29.43,1.23,10.01,,
2002-08-16,3.32,2.05,28.81,1.27,9.93,,
2002-08-19,3.32,2.06,28.61,1.26,9.93,,
2002-08-20,3.36,2.12,29.59,1.24,9.94,,
2002-08-21,3.32,2.11,28.23,1.21,9.88,,
2002-08-22,3.28,2.07,27.75,1.21,9.65,,
2002-08-23,3.27,2.08,29.32,1.19,9.62,,
2002-08-26,3.29,2.1,29.89,1.19,9.55,,
2002-08-27,3.28,2.09,30.11,1.19,9.44,,
2002-08-28,3.3,2.12,33.32,1.18,9.48,,
2002-08-29,3.33,2.15,33.67,1.18,9.51,,
2002-08-30,3.32,2.14,32.64,1.18,9.5,,
2002-08-31,,,,,9.61,,
2002-09-02,,,,,9.6,,
2002-09-03,3.39,2.22,39.97,1.17,9.76,,
2002-09-04,3.4,2.21,37.44,1.19,9.75,,
2002-09-05,3.47,2.28,38.86,1.19,9.82,,
2002-09-06,3.42,2.21,36.33,1.21,9.69,,
2002-09-09,3.41,2.2,36.45,1.21,9.69,,
2002-09-10,3.43,2.23,35.08,1.2,9.7,,
2002-09-11,3.42,2.17,34.81,1.25,9.59,,
2002-09-12,3.45,2.21,37.5,1.24,9.63,,
2002-09-13,3.44,2.23,35.82,1.21,9.65,,
2002-09-16,3.47,2.23,36.74,1.24,9.61,,
2002-09-17,3.51,2.26,38.01,1.25,9.6,,
2002-09-18,3.51,2.27,37.52,1.24,9.65,,
2002-09-19,3.55,2.32,40.65,1.23,9.82,,
2002-09-20,3.59,2.32,38.98,1.27,9.92,,
2002-09-23,3.63,2.37,39.68,1.26,10.12,,
2002-09-24,3.65,2.35,40.52,1.3,10.26,,
2002-09-25,3.67,2.38,37.33,1.29,10.18,,
2002-09-26,3.64,2.35,34.6,1.29,10.17,,
2002-09-27,3.71,2.42,36.97,1.29,10.3,,
2002-09-30,3.76,2.46,39.69,1.3,10.33,,
2002-10-01,3.74,2.43,34.12,1.31,10.21,,
2002-10-02,3.73,2.43,36.83,1.3,10.34,,
2002-10-03,3.76,2.45,37.31,1.31,10.48,,
2002-10-04,3.78,2.45,39.46,1.33,10.55,,
2002-10-07,3.86,2.49,42.64,1.37,10.71,,
2002-10-08,3.89,2.51,41.02,1.38,10.87,,
2002-10-09,3.9,2.5,42.13,1.4,11.17,,
2002-10-10,3.9,2.46,37.55,1.44,11.2,,
2002-10-11,3.88,2.4,35.7,1.48,11.07,,
2002-10-14,,,36.04,,11.09,,
2002-10-15,3.74,2.28,34.02,1.46,10.73,,
2002-10-16,3.77,2.33,36,1.44,10.73,,
2002-10-17,3.73,2.29,34.1,1.44,10.64,,
2002-10-18,3.76,2.31,33.53,1.45,10.65,,
2002-10-21,3.7,2.26,33.11,1.44,10.54,,
2002-10-22,3.71,2.25,34.09,1.46,10.53,,
2002-10-23,3.73,2.27,33.2,1.46,10.54,,
2002-10-24,3.77,2.32,34.03,1.45,10.53,,
2002-10-25,3.78,2.34,30,1.44,10.57,,
2002-10-28,3.81,2.37,31.07,1.44,10.55,,
2002-10-29,3.85,2.42,32.27,1.43,10.67,,
2002-10-30,3.83,2.41,31.23,1.42,10.62,,
2002-10-31,3.82,2.41,31.14,1.41,10.59,,
2002-11-01,3.76,2.34,29.3,1.42,10.47,,
2002-11-04,3.72,2.31,30.82,1.41,10.3,,
2002-11-05,3.72,2.31,31.23,1.41,10.19,,
2002-11-06,3.72,2.31,30.73,1.41,10.1,,
2002-11-07,3.73,2.37,31.42,1.36,10.12,,
2002-11-08,3.66,2.32,29.41,1.34,10.16,,
2002-11-11,,,31.3,,10.18,,
2002-11-12,3.68,2.33,30.58,1.35,10.15,,
2002-11-13,3.67,2.33,31.24,1.34,10.11,,
2002-11-14,3.58,2.24,28.67,1.34,9.94,,
2002-11-15,3.54,2.23,26.65,1.31,9.78,,
2002-11-18,3.52,2.23,27.66,1.29,9.7,,
2002-11-19,3.5,2.24,27.41,1.26,9.61,,
2002-11-20,3.48,2.21,25.32,1.27,9.39,,
2002-11-21,3.46,2.21,23.81,1.25,9.15,,
2002-11-22,3.43,2.18,23.16,1.25,9.04,,
2002-11-25,3.42,2.18,24.07,1.24,9.01,,
2002-11-26,3.45,2.22,25.97,1.23,9.14,,
2002-11-27,3.39,2.17,27.25,1.22,8.94,,
2002-11-28,,,,,8.94,,
2002-11-29,3.38,2.17,27.5,1.21,9.01,,
2002-11-30,,,,,8.83,,
2002-12-02,3.37,2.16,27.46,1.21,8.67,,
2002-12-03,3.35,2.15,28.33,1.2,8.67,,
2002-12-04,3.38,2.13,28.92,1.25,8.81,,
2002-12-05,3.38,2.14,30.1,1.24,8.89,,
2002-12-06,3.42,2.19,28.88,1.23,9,,
2002-12-09,3.42,2.18,30.78,1.24,9.08,,
2002-12-10,3.4,2.16,28.76,1.24,9.05,,
2002-12-11,3.4,2.14,27.76,1.26,9.09,,
2002-12-12,3.42,2.15,27.29,1.27,9.06,,
2002-12-13,3.42,2.15,28.18,1.27,8.99,,
2002-12-16,3.37,2.12,26.24,1.25,8.88,,
2002-12-17,3.37,2.15,26.66,1.22,8.9,,
2002-12-18,3.4,2.19,28.29,1.21,8.94,,
2002-12-19,3.44,2.22,30.21,1.22,9.03,,
2002-12-20,3.42,2.2,26.71,1.22,8.99,,
2002-12-23,3.44,2.2,26.2,1.24,9,,
2002-12-24,3.44,2.21,26.49,1.23,9.01,,
2002-12-26,3.45,2.22,27.37,1.23,9.02,,
2002-12-27,3.49,2.25,29.55,1.24,9.11,,
2002-12-30,3.48,2.25,29.62,1.23,9.13,,
2002-12-31,3.48,2.26,28.62,1.22,8.9,,
2003-01-02,3.37,2.16,25.39,1.21,8.65,,
2003-01-03,3.39,2.18,24.68,1.21,8.57,,
2003-01-06,3.38,2.14,24.91,1.24,8.41,,
2003-01-07,3.39,2.18,25.13,1.21,8.26,,
2003-01-08,3.35,2.18,25.53,1.17,8.18,,
2003-01-09,3.29,2.11,24.25,1.18,7.95,,
2003-01-10,3.31,2.12,24.32,1.19,7.92,,
2003-01-13,3.29,2.11,24.9,1.18,7.92,,
2003-01-14,3.31,2.13,24.57,1.18,7.96,,
2003-01-15,3.29,2.12,25.51,1.17,7.96,,
2003-01-16,3.29,2.11,25.01,1.18,7.99,,
2003-01-17,3.29,2.13,25.7,1.16,8.1,,
2003-01-20,,,,,8.11,,
2003-01-21,3.31,2.12,27.59,1.19,8.12,,
2003-01-22,3.33,2.15,29.01,1.18,8.23,,
2003-01-23,3.33,2.14,27.53,1.19,8.16,,
2003-01-24,3.33,2.15,31.51,1.18,8.21,,
2003-01-27,3.27,2.14,34.69,1.13,8.29,,
2003-01-28,3.23,2.12,31.93,1.11,8.25,,
2003-01-29,3.18,2.03,31.26,1.15,8.24,,
2003-01-30,3.19,2.06,31.32,1.13,8.25,,
2003-01-31,3.16,2.04,31.17,1.12,8.29,,
2003-02-03,3.14,2.02,31.02,1.12,8.21,,
2003-02-04,3.12,2.02,32.76,1.1,8.28,,
2003-02-05,3.11,1.98,33.04,1.13,8.23,,
2003-02-06,3.12,1.99,33.35,1.13,8.35,,
2003-02-07,3.11,2,34.01,1.11,8.39,,
2003-02-10,3.11,2,33.99,1.11,8.35,,
2003-02-11,3.13,1.99,33.68,1.14,8.37,,
2003-02-12,3.16,2.04,34.33,1.12,8.5,,
2003-02-13,3.17,2.05,33.7,1.12,8.69,,
2003-02-14,3.16,2.04,32.62,1.12,8.62,,
2003-02-17,,,,,8.58,,
2003-02-18,3.16,2.04,31.11,1.12,8.56,,
2003-02-19,3.16,2.07,31.31,1.09,8.53,,
2003-02-20,3.18,2.08,31.16,1.1,8.51,,
2003-02-21,3.16,2.07,30.25,1.09,8.42,,
2003-02-24,3.17,2.09,31.98,1.08,8.41,,
2003-02-25,3.18,2.11,31.74,1.07,8.45,,
2003-02-26,3.18,2.11,31.94,1.07,8.44,,
2003-02-27,3.2,2.1,30.53,1.1,8.4,,
2003-02-28,3.21,2.12,29.63,1.09,8.38,,
2003-03-03,3.23,2.15,30.43,1.08,8.29,,
2003-03-04,3.25,2.17,31.83,1.08,8.31,,
2003-03-05,3.25,2.18,30.38,1.07,8.33,,
2003-03-06,3.24,2.16,31.37,1.08,8.31,,
2003-03-07,3.26,2.19,31.08,1.07,8.34,,
2003-03-10,3.29,2.22,33.31,1.07,8.38,,
2003-03-11,3.28,2.2,33.61,1.08,8.33,,
2003-03-12,3.26,2.18,33.51,1.08,8.32,,
2003-03-13,3.21,2.11,31.76,1.1,8.16,,
2003-03-14,3.22,2.12,30.98,1.1,8.17,,
2003-03-17,3.17,2.09,31.75,1.08,8.04,,
2003-03-18,3.11,2.04,30.43,1.07,7.91,,
2003-03-19,3.04,2,31.54,1.04,7.88,,
2003-03-20,3.05,2.02,30.44,1.03,7.84,,
2003-03-21,2.99,1.96,28.67,1.03,7.69,,
2003-03-24,3.03,2.02,30.39,1.01,7.81,,
2003-03-25,3.04,2.02,28.75,1.02,7.8,,
2003-03-26,3.01,1.98,28.23,1.03,7.78,,
2003-03-27,3,1.96,27.96,1.04,7.76,,
2003-03-28,3.01,1.95,27.75,1.06,7.75,,
2003-03-31,3.04,1.94,29.15,1.1,7.72,,
2003-04-01,3.02,1.93,28.36,1.09,7.61,,
2003-04-02,2.98,1.9,28.02,1.08,7.36,,
2003-04-03,3.01,1.9,28.21,1.11,7.31,,
2003-04-04,2.99,1.87,29.13,1.12,7.24,,
2003-04-07,2.95,1.84,28.45,1.11,7.11,,
2003-04-08,2.97,1.85,27.13,1.12,7.21,,
2003-04-09,2.97,1.85,27.11,1.12,7.31,,
2003-04-10,2.96,1.85,25.6,1.11,7.28,,
2003-04-11,2.93,1.82,24.44,1.11,7.21,,
2003-04-14,2.92,1.81,23.41,1.11,7.12,,
2003-04-15,2.92,1.83,22.56,1.09,7.07,,
2003-04-16,2.9,1.82,22.52,1.08,7.05,,
2003-04-17,2.86,1.78,21.5,1.08,6.97,,
2003-04-21,2.84,1.74,21.95,1.1,6.92,,
2003-04-22,2.83,1.72,20.7,1.11,6.86,,
2003-04-23,2.79,1.68,20.8,1.11,6.71,,
2003-04-24,2.8,1.69,20.33,1.11,6.69,,
2003-04-25,2.82,1.69,20.8,1.13,6.68,,
2003-04-28,2.79,1.65,20.84,1.14,6.64,,
2003-04-29,2.77,1.65,20.76,1.12,6.55,,
2003-04-30,2.76,1.64,21.21,1.12,6.44,,
2003-05-01,2.77,1.66,21.59,1.11,6.37,,
2003-05-02,2.73,1.6,20.63,1.13,6.26,,
2003-05-05,2.71,1.6,21.13,1.11,6.25,,
2003-05-06,2.74,1.63,20.8,1.11,6.34,,
2003-05-07,2.78,1.68,21,1.1,6.46,,
2003-05-08,2.67,1.65,21.24,1.02,6.55,,
2003-05-09,2.81,1.67,19.69,1.14,6.53,,
2003-05-12,2.83,1.69,19.52,1.14,6.53,,
2003-05-13,2.83,1.68,19.91,1.15,6.53,,
2003-05-14,2.83,1.67,20,1.16,6.62,,
2003-05-15,2.83,1.64,19.24,1.19,6.55,,
2003-05-16,2.84,1.67,18.4,1.17,6.63,,
2003-05-19,2.86,1.66,20.51,1.2,6.66,,
2003-05-20,2.86,1.65,21.29,1.21,6.77,,
2003-05-21,2.86,1.59,21.21,1.27,6.8,,
2003-05-22,2.85,1.64,19.78,1.21,6.86,,
2003-05-23,2.81,1.6,19.17,1.21,6.87,,
2003-05-26,,,,,6.87,,
2003-05-27,2.83,1.63,19.99,1.2,6.88,,
2003-05-28,2.83,1.65,20.03,1.18,6.89,,
2003-05-29,2.87,1.69,20.43,1.18,6.87,,
2003-05-30,2.85,1.67,19.47,1.18,6.81,,
2003-05-31,,,,,6.79,,
2003-06-02,2.85,1.65,20.85,1.2,6.66,,
2003-06-03,2.88,1.67,20.84,1.21,6.74,,
2003-06-04,2.87,1.64,20.62,1.23,6.7,,
2003-06-05,2.87,1.64,20.83,1.23,6.58,,
2003-06-06,2.83,1.6,21.25,1.23,6.48,,
2003-06-09,2.87,1.64,22.15,1.23,6.51,,
2003-06-10,2.89,1.65,20.64,1.24,6.58,,
2003-06-11,2.87,1.63,20.21,1.24,6.5,,
2003-06-12,2.88,1.63,20.41,1.25,6.48,,
2003-06-13,2.88,1.63,20.66,1.25,6.46,,
2003-06-16,2.87,1.63,20.22,1.24,6.31,,
2003-06-17,2.85,1.62,20.01,1.23,6.14,,
2003-06-18,2.83,1.52,19.76,1.31,6.04,,
2003-06-19,2.87,1.66,19.8,1.21,6.09,,
2003-06-20,2.86,1.65,19.14,1.21,6.07,,
2003-06-23,2.88,1.67,20.58,1.21,6.21,,
2003-06-24,2.87,1.65,20.75,1.22,6.29,,
2003-06-25,2.85,1.65,20.81,1.2,6.15,,
2003-06-26,2.8,1.6,19.4,1.2,6.03,,
2003-06-27,2.8,1.61,19.16,1.19,6.03,,
2003-06-30,2.81,1.62,19.52,1.19,6.13,,
2003-07-01,2.81,1.63,19.46,1.18,6.15,,
2003-07-02,2.75,1.61,19.03,1.14,6.18,,
2003-07-03,2.72,1.6,19.39,1.12,6.11,,
2003-07-04,,,,,6.11,,
2003-07-07,2.7,1.58,20.06,1.12,6.05,,
2003-07-08,2.68,1.57,19.48,1.11,5.97,,
2003-07-09,2.68,1.57,18.93,1.11,5.97,,
2003-07-10,2.71,1.6,19.19,1.11,6,,
2003-07-11,2.73,1.62,18.47,1.11,6.05,,
2003-07-14,2.72,1.62,19.59,1.1,5.94,,
2003-07-15,2.66,1.57,19.55,1.09,5.73,,
2003-07-16,2.62,1.5,19.76,1.12,5.76,,
2003-07-17,2.61,1.49,20.22,1.12,5.75,,
2003-07-18,2.61,1.46,19.11,1.15,5.76,,
2003-07-21,2.57,1.43,19.78,1.14,5.59,,
2003-07-22,2.56,1.42,19.17,1.14,5.66,,
2003-07-23,2.59,1.46,18.64,1.13,5.72,,
2003-07-24,2.55,1.43,18.6,1.12,5.7,,
2003-07-25,2.57,1.44,17.75,1.13,5.73,,
2003-07-28,2.58,1.45,18.36,1.13,5.65,,
2003-07-29,2.55,1.42,18.67,1.13,5.63,,
2003-07-30,2.55,1.44,18.85,1.11,5.83,,
2003-07-31,2.58,1.46,19.49,1.12,5.67,,
2003-08-01,2.57,1.43,20.75,1.14,5.77,,
2003-08-04,2.62,1.48,21.27,1.14,5.84,,
2003-08-05,2.62,1.47,22.68,1.15,5.8,,
2003-08-06,2.64,1.48,21.5,1.16,6.06,,
2003-08-07,2.64,1.48,20.26,1.16,6.15,,
2003-08-08,2.69,1.53,19.59,1.16,6.13,,
2003-08-11,2.61,1.46,19.75,1.15,6.08,,
2003-08-12,2.63,1.48,17.94,1.15,6.13,,
2003-08-13,2.56,1.42,18.77,1.14,5.99,,
2003-08-14,2.59,1.46,18.47,1.13,6.06,,
2003-08-15,2.55,1.42,18.27,1.13,6.07,,
2003-08-18,2.6,1.45,18.18,1.15,6.05,,
2003-08-19,2.61,1.46,17.86,1.15,5.98,,
2003-08-20,2.56,1.44,17.82,1.12,5.81,,
2003-08-21,2.51,1.38,17.84,1.13,5.61,,
2003-08-22,2.49,1.37,18.55,1.12,5.62,,
2003-08-25,2.5,1.38,19.53,1.12,5.53,,
2003-08-26,2.49,1.38,19.49,1.11,5.55,,
2003-08-27,2.47,1.37,19.13,1.1,5.45,,
2003-08-28,2.49,1.4,18.48,1.09,5.5,,
2003-08-29,2.46,1.38,18.63,1.08,5.43,,
2003-08-31,,,,,5.46,,
2003-09-01,,,,,5.46,,
2003-09-02,2.39,1.32,19.02,1.07,5.19,,
2003-09-03,2.4,1.34,19.44,1.06,5.16,,
2003-09-04,2.46,1.39,18.71,1.07,5.25,,
2003-09-05,2.52,1.45,18.17,1.07,5.42,,
2003-09-08,2.48,1.41,18.26,1.07,5.35,,
2003-09-09,2.53,1.45,18.85,1.08,5.34,,
2003-09-10,2.55,1.47,20.01,1.08,5.42,,
2003-09-11,2.48,1.4,19.25,1.08,5.36,,
2003-09-12,2.56,1.49,18.68,1.07,5.42,,
2003-09-15,2.55,1.48,19.28,1.07,5.43,,
2003-09-16,2.57,1.51,18.03,1.06,5.39,,
2003-09-17,2.56,1.51,18.15,1.05,5.41,,
2003-09-18,2.54,1.5,17.57,1.04,5.32,,
2003-09-19,2.52,1.48,17.54,1.04,5.26,,
2003-09-22,2.52,1.47,19.65,1.05,5.28,,
2003-09-23,2.5,1.4,19.47,1.1,5.34,,
2003-09-24,2.5,1.41,21.22,1.09,5.36,,
2003-09-25,2.52,1.42,22.26,1.1,5.37,,
2003-09-26,2.55,1.45,22.23,1.1,5.45,,
2003-09-29,2.56,1.46,21.67,1.1,5.4,,
2003-09-30,2.57,1.47,22.72,1.1,5.51,,
2003-10-01,2.56,1.47,21.07,1.09,5.46,,
2003-10-02,2.54,1.45,20.8,1.09,5.36,,
2003-10-03,2.52,1.43,19.5,1.09,5.18,,
2003-10-06,2.51,1.43,19.51,1.08,5.25,,
2003-10-07,2.49,1.42,19.41,1.07,5.13,,
2003-10-08,2.51,1.44,19.18,1.07,5.1,,
2003-10-09,2.5,1.44,18.82,1.06,5.02,,
2003-10-10,2.48,1.43,18.45,1.05,5.02,,
2003-10-13,,,17.55,,5.01,,
2003-10-14,2.48,1.43,17.37,1.05,4.88,,
2003-10-15,2.44,1.41,17.69,1.03,4.74,,
2003-10-16,2.4,1.38,17.19,1.02,4.62,,
2003-10-17,2.38,1.38,17.62,1,4.68,,
2003-10-20,2.36,1.36,17.04,1,4.68,,
2003-10-21,2.39,1.38,16.55,1.01,4.68,,
2003-10-22,2.43,1.41,17.67,1.02,4.81,,
2003-10-23,2.41,1.39,17.68,1.02,4.82,,
2003-10-24,2.42,1.4,17.71,1.02,4.89,,
2003-10-27,2.39,1.38,18.05,1.01,4.8,,
2003-10-28,2.41,1.4,16.82,1.01,4.87,,
2003-10-29,2.39,1.39,16.43,1,4.77,,
2003-10-30,2.36,1.38,16.33,0.98,4.68,,
2003-10-31,2.36,1.36,16.1,1,4.73,,
2003-11-03,2.32,1.32,16.55,1,4.65,,
2003-11-04,2.36,1.35,16.55,1.01,4.68,,
2003-11-05,2.35,1.34,16.86,1.01,4.62,,
2003-11-06,2.34,1.32,16.74,1.02,4.56,,
2003-11-07,2.32,1.31,16.93,1.01,4.52,,
2003-11-10,2.33,1.32,17.62,1.01,4.5,,
2003-11-11,,,17.54,,4.5,,
2003-11-12,2.33,1.31,16.75,1.02,4.55,,
2003-11-13,2.35,1.34,16.47,1.01,4.69,,
2003-11-14,2.37,1.37,16.94,1,4.74,,
2003-11-17,2.39,1.39,18.6,1,4.74,,
2003-11-18,2.38,1.38,19.11,1,4.73,,
2003-11-19,2.37,1.37,18.8,1,4.65,,
2003-11-20,2.4,1.39,19.48,1.01,4.76,,
2003-11-21,2.39,1.38,18.98,1.01,4.75,,
2003-11-24,2.38,1.37,17.44,1.01,4.67,,
2003-11-25,2.38,1.37,16.71,1.01,4.62,,
2003-11-26,2.35,1.34,16.23,1.01,4.55,,
2003-11-27,,,,,4.55,,
2003-11-28,2.33,1.3,16.32,1.03,4.46,,
2003-11-30,,,,,4.48,,
2003-12-01,2.3,1.28,16.77,1.02,4.37,,
2003-12-02,2.3,1.29,16.27,1.01,4.35,,
2003-12-03,2.29,1.32,16.63,0.97,4.27,,
2003-12-04,2.29,1.32,16.3,0.97,4.26,,
2003-12-05,2.33,1.36,17.09,0.97,4.39,,
2003-12-08,2.33,1.37,16.54,0.96,4.29,,
2003-12-09,2.34,1.39,17.63,0.95,4.19,,
2003-12-10,2.35,1.39,17.87,0.96,4.22,,
2003-12-11,2.35,1.38,16.73,0.97,4.35,,
2003-12-12,2.34,1.37,16.41,0.97,4.34,,
2003-12-15,2.34,1.37,17.23,0.97,4.27,,
2003-12-16,2.35,1.38,15.93,0.97,4.31,,
2003-12-17,2.35,1.38,15.58,0.97,4.34,,
2003-12-18,2.32,1.35,16.16,0.97,4.34,,
2003-12-19,2.33,1.35,16.42,0.98,4.33,,
2003-12-22,2.34,1.35,16.94,0.99,4.28,,
2003-12-23,2.31,1.32,16.49,0.99,4.16,,
2003-12-24,2.34,1.36,16.66,0.98,4.25,,
2003-12-26,2.33,1.35,17.45,0.98,4.28,,
2003-12-29,2.33,1.35,17.09,0.98,4.22,,
2003-12-30,2.33,1.35,17.68,0.98,4.17,,
2003-12-31,2.34,1.36,18.31,0.98,4.18,,
2004-01-02,2.32,1.35,18.22,0.97,4.08,,
2004-01-05,2.27,1.29,17.49,0.98,3.97,,
2004-01-06,2.32,1.34,16.73,0.98,3.98,,
2004-01-07,2.3,1.34,15.5,0.96,3.92,,
2004-01-08,2.26,1.36,15.61,0.9,3.87,,
2004-01-09,2.31,1.41,16.75,0.9,4.01,,
2004-01-12,2.32,1.41,16.82,0.91,4,,
2004-01-13,2.35,1.44,18.04,0.91,4.05,,
2004-01-14,2.33,1.42,16.75,0.91,4.04,,
2004-01-15,2.33,1.42,15.56,0.91,3.98,,
2004-01-16,2.3,1.39,15,0.91,3.94,,
2004-01-19,,,,,3.93,,
2004-01-20,2.31,1.4,15.21,0.91,3.89,,
2004-01-21,2.33,1.42,14.34,0.91,3.88,,
2004-01-22,2.33,1.42,14.71,0.91,3.9,,
2004-01-23,2.3,1.4,14.84,0.9,3.79,,
2004-01-26,2.28,1.4,14.55,0.88,3.76,,
2004-01-27,2.26,1.4,15.35,0.86,3.88,,
2004-01-28,2.23,1.37,16.78,0.86,3.81,,
2004-01-29,2.19,1.36,17.14,0.83,3.92,,
2004-01-30,2.19,1.37,16.63,0.82,4.03,,
2004-01-31,,,,,4.05,,
2004-02-02,2.17,1.37,17.11,0.8,4.06,,
2004-02-03,2.18,1.39,17.34,0.79,4.17,,
2004-02-04,2.16,1.38,17.87,0.78,4.2,,
2004-02-05,2.13,1.35,17.71,0.78,4.22,,
2004-02-06,2.16,1.39,16,0.77,4.34,,
2004-02-09,2.16,1.4,16.39,0.76,4.28,,
2004-02-10,2.15,1.39,15.94,0.76,4.24,,
2004-02-11,2.19,1.43,15.39,0.76,4.31,,
2004-02-12,2.18,1.43,15.31,0.75,4.19,,
2004-02-13,2.2,1.45,15.58,0.75,4.25,,
2004-02-16,,,,,4.23,,
2004-02-17,2.19,1.45,15.4,0.74,4.21,,
2004-02-18,2.19,1.44,15.59,0.75,4.23,,
2004-02-19,2.19,1.42,15.8,0.77,4.24,,
2004-02-20,2.18,1.43,16.04,0.75,4.22,,
2004-02-23,2.2,1.44,16.29,0.76,4.3,,
2004-02-24,2.19,1.43,15.9,0.76,4.38,,
2004-02-25,2.21,1.44,14.93,0.77,4.36,,
2004-02-26,2.2,1.44,14.83,0.76,4.32,,
2004-02-27,2.21,1.44,14.55,0.77,4.34,,
2004-02-29,,,,,4.34,,
2004-03-01,2.2,1.43,14.44,0.77,4.29,,
2004-03-02,2.19,1.42,14.86,0.77,4.22,,
2004-03-03,2.18,1.41,14.55,0.77,4.22,,
2004-03-04,2.18,1.41,14.4,0.77,4.24,,
2004-03-05,2.25,1.47,14.48,0.78,4.35,,
2004-03-08,2.3,1.51,15.79,0.79,4.37,,
2004-03-09,2.3,1.51,16.6,0.79,4.4,,
2004-03-10,2.31,1.52,18.67,0.79,4.37,,
2004-03-11,2.32,1.53,20.67,0.79,4.41,,
2004-03-12,2.31,1.51,18.3,0.8,4.39,,
2004-03-15,2.31,1.5,21.13,0.81,4.41,,
2004-03-16,2.34,1.57,20.34,0.77,4.53,,
2004-03-17,2.33,1.56,18.11,0.77,4.5,,
2004-03-18,2.32,1.52,18.53,0.8,4.46,,
2004-03-19,2.3,1.51,19.15,0.79,4.43,,
2004-03-22,2.32,1.5,21.58,0.82,4.52,,
2004-03-23,2.33,1.53,20.67,0.8,4.54,,
2004-03-24,2.33,1.53,19.81,0.8,4.56,,
2004-03-25,2.34,1.53,17.88,0.81,4.53,,
2004-03-26,2.31,1.51,17.33,0.8,4.42,,
2004-03-29,2.28,1.49,16.5,0.79,4.34,,
2004-03-30,2.28,1.5,16.28,0.78,4.33,,
2004-03-31,2.29,1.51,16.74,0.78,4.41,,
2004-04-01,2.27,1.49,16.65,0.78,4.32,,
2004-04-02,2.17,1.4,15.64,0.77,4.16,,
2004-04-05,2.13,1.38,14.97,0.75,4.11,,
2004-04-06,2.16,1.41,15.32,0.75,4.14,,
2004-04-07,2.15,1.4,15.76,0.75,4.11,,
2004-04-08,2.15,1.41,16.26,0.74,4.06,,
2004-04-12,2.13,1.39,15.28,0.74,4.02,,
2004-04-13,2.11,1.38,17.26,0.73,3.96,,
2004-04-14,2.08,1.36,15.62,0.72,3.97,,
2004-04-15,2.09,1.38,15.74,0.71,3.95,,
2004-04-16,2.11,1.4,14.94,0.71,3.96,,
2004-04-19,2.12,1.4,15.42,0.72,3.94,,
2004-04-20,2.1,1.39,16.67,0.71,3.91,,
2004-04-21,2.09,1.37,15.6,0.72,3.91,,
2004-04-22,2.1,1.38,14.61,0.72,3.93,,
2004-04-23,2.07,1.36,14.01,0.71,3.81,,
2004-04-26,2.06,1.35,14.77,0.71,3.82,,
2004-04-27,2.08,1.37,15.07,0.71,3.85,,
2004-04-28,2.06,1.35,16.29,0.71,3.81,,
2004-04-29,2.06,1.34,16.6,0.72,3.83,,
2004-04-30,2.05,1.34,17.19,0.71,3.91,,
2004-05-03,2.05,1.34,16.62,0.71,3.93,,
2004-05-04,2.07,1.36,16.55,0.71,3.98,,
2004-05-05,2.05,1.3,15.77,0.75,3.97,,
2004-05-06,2.06,1.35,17.05,0.71,4.04,,
2004-05-07,1.97,1.27,18.13,0.7,3.99,,
2004-05-10,1.98,1.31,19.77,0.67,4.21,,
2004-05-11,1.99,1.29,18.57,0.7,4.24,,
2004-05-12,2,1.3,18.14,0.7,4.31,,
2004-05-13,2.02,1.33,18.86,0.69,4.37,,
2004-05-14,2.03,1.33,18.47,0.7,4.48,,
2004-05-17,2.08,1.36,19.96,0.72,4.56,,
2004-05-18,2.05,1.34,19.33,0.71,4.46,,
2004-05-19,2.03,1.33,18.93,0.7,4.32,,
2004-05-20,2.05,1.33,18.67,0.72,4.4,,
2004-05-21,2.03,1.32,18.49,0.71,4.32,,
2004-05-24,2.02,1.31,18.08,0.71,4.29,,
2004-05-25,2.02,1.3,15.96,0.72,4.28,,
2004-05-26,2.05,1.33,15.97,0.72,4.28,,
2004-05-27,2.05,1.33,15.28,0.72,4.32,,
2004-05-28,2.03,1.31,15.5,0.72,4.24,,
2004-05-31,,,,,4.28,,
2004-06-01,2.05,1.31,16.3,0.74,4.25,,
2004-06-02,2.06,1.3,16.08,0.76,4.23,,
2004-06-03,2.08,1.32,17.03,0.76,4.25,,
2004-06-04,2.06,1.29,16.78,0.77,4.16,,
2004-06-07,2.05,1.29,15.39,0.76,4.16,,
2004-06-08,2.04,1.28,15.01,0.76,4.1,,
2004-06-09,2.03,1.28,15.39,0.75,4.05,,
2004-06-10,2.03,1.27,15.04,0.76,4.06,,
2004-06-11,,,15.04,,4.05,,
2004-06-14,2.01,1.25,16.07,0.76,4,,
2004-06-15,2.06,1.28,15.05,0.78,4.12,,
2004-06-16,2.04,1.28,14.79,0.76,4.05,,
2004-06-17,2.03,1.25,15.15,0.78,4.06,,
2004-06-18,2.03,1.26,14.99,0.77,4.02,,
2004-06-21,2.05,1.28,15.26,0.77,4.02,,
2004-06-22,2.05,1.27,14.31,0.78,3.98,,
2004-06-23,2.06,1.27,13.98,0.79,3.98,,
2004-06-24,2.06,1.29,14.81,0.77,4.01,,
2004-06-25,2.07,1.29,15.19,0.78,4,,
2004-06-28,2.04,1.27,16.07,0.77,3.91,,
2004-06-29,2.06,1.28,15.47,0.78,3.96,,
2004-06-30,2.09,1.29,14.34,0.8,4.1,,
2004-07-01,2.12,1.32,15.2,0.8,4.13,,
2004-07-02,2.13,1.33,15.08,0.8,4.17,,
2004-07-05,,,,,4.18,,
2004-07-06,2.14,1.34,16.25,0.8,4.13,,
2004-07-07,2.13,1.33,15.81,0.8,4.12,,
2004-07-08,2.14,1.34,16.2,0.8,4.1,,
2004-07-09,2.14,1.34,15.78,0.8,4.08,,
2004-07-12,2.15,1.35,14.96,0.8,4.08,,
2004-07-13,2.14,1.34,14.46,0.8,4.02,,
2004-07-14,2.12,1.33,13.76,0.79,3.98,,
2004-07-15,2.12,1.33,14.71,0.79,3.94,,
2004-07-16,2.15,1.35,14.34,0.8,4.02,,
2004-07-19,2.14,1.35,15.17,0.79,3.98,,
2004-07-20,2.12,1.31,14.17,0.81,3.86,,
2004-07-21,2.12,1.31,16.41,0.81,3.84,,
2004-07-22,2.13,1.32,15.75,0.81,3.91,,
2004-07-23,2.13,1.32,16.5,0.81,3.95,,
2004-07-26,2.11,1.31,17.3,0.8,3.95,,
2004-07-27,2.09,1.29,16.55,0.8,3.92,,
2004-07-28,2.1,1.3,16.15,0.8,3.96,,
2004-07-29,2.09,1.3,15.68,0.79,3.94,,
2004-07-30,2.1,1.31,15.32,0.79,3.99,,
2004-07-31,,,,,4.02,,
2004-08-02,2.13,1.31,15.37,0.82,4.04,,
2004-08-03,2.14,1.32,16.03,0.82,4.05,,
2004-08-04,2.14,1.32,16.21,0.82,4.06,,
2004-08-05,2.14,1.32,18.32,0.82,4.05,,
2004-08-06,2.22,1.4,19.34,0.82,4.19,,
2004-08-09,2.19,1.37,18.89,0.82,4.16,,
2004-08-10,2.18,1.35,17.47,0.83,4.12,,
2004-08-11,2.17,1.37,18.04,0.8,4.11,,
2004-08-12,2.19,1.39,19.08,0.8,4.17,,
2004-08-13,2.2,1.39,17.98,0.81,4.2,,
2004-08-16,2.2,1.38,17.57,0.82,4.16,,
2004-08-17,2.21,1.39,17.02,0.82,4.18,,
2004-08-18,2.2,1.39,16.23,0.81,4.13,,
2004-08-19,2.2,1.38,16.96,0.82,4.12,,
2004-08-20,2.19,1.37,16,0.82,4.07,,
2004-08-23,2.19,1.37,15.88,0.82,4.01,,
2004-08-24,2.18,1.37,15.33,0.81,4,,
2004-08-25,2.18,1.37,14.98,0.81,3.97,,
2004-08-26,2.19,1.38,14.91,0.81,3.99,,
2004-08-27,2.18,1.37,14.71,0.81,3.97,,
2004-08-30,2.19,1.38,15.44,0.81,3.98,,
2004-08-31,2.19,1.38,15.29,0.81,4.06,,
2004-09-01,2.2,1.38,14.91,0.82,4.07,,
2004-09-02,2.17,1.35,14.28,0.82,3.99,,
2004-09-03,2.15,1.33,13.91,0.82,3.89,,
2004-09-06,,,,,3.89,,
2004-09-07,2.13,1.31,14.07,0.82,3.93,,
2004-09-08,2.15,1.33,14.06,0.82,3.96,,
2004-09-09,2.15,1.33,14.01,0.82,3.89,,
2004-09-10,2.16,1.34,13.76,0.82,3.88,,
2004-09-13,2.15,1.34,13.17,0.81,3.86,,
2004-09-14,2.15,1.34,13.56,0.81,3.85,,
2004-09-15,2.14,1.33,14.64,0.81,3.82,,
2004-09-16,2.16,1.35,14.39,0.81,3.93,,
2004-09-17,2.13,1.33,14.03,0.8,3.83,,
2004-09-20,2.14,1.35,14.43,0.79,3.88,,
2004-09-21,2.14,1.34,13.66,0.8,3.85,,
2004-09-22,2.13,1.33,14.74,0.8,3.87,,
2004-09-23,2.13,1.33,14.8,0.8,3.77,,
2004-09-24,2.12,1.31,14.28,0.81,3.78,,
2004-09-27,2.13,1.31,14.62,0.82,3.83,,
2004-09-28,2.14,1.33,13.83,0.81,3.83,,
2004-09-29,2.12,1.31,13.21,0.81,3.79,,
2004-09-30,2.11,1.33,13.34,0.78,3.83,,
2004-10-01,2.09,1.32,12.75,0.77,3.78,,
2004-10-04,2.1,1.33,13.41,0.77,3.78,,
2004-10-05,2.1,1.34,13.95,0.76,3.78,,
2004-10-06,2.09,1.34,13.28,0.75,3.7,,
2004-10-07,2.09,1.34,14.5,0.75,3.66,,
2004-10-08,2.1,1.35,15.05,0.75,3.73,,
2004-10-11,,,14.71,,3.73,,
2004-10-12,2.11,1.36,15.05,0.75,3.74,,
2004-10-13,2.12,1.38,15.42,0.74,3.76,,
2004-10-14,2.13,1.4,16.43,0.73,3.79,,
2004-10-15,2.12,1.4,15.04,0.72,3.74,,
2004-10-18,2.13,1.4,14.71,0.73,3.77,,
2004-10-19,2.1,1.37,15.13,0.73,3.78,,
2004-10-20,2.13,1.42,14.85,0.71,3.84,,
2004-10-21,2.12,1.41,14.54,0.71,3.78,,
2004-10-22,2.12,1.39,15.28,0.73,3.78,,
2004-10-25,2.13,1.4,16.58,0.73,3.76,,
2004-10-26,2.11,1.38,16.39,0.73,3.72,,
2004-10-27,2.08,1.36,15.72,0.72,3.61,,
2004-10-28,2.1,1.37,15.39,0.73,3.58,,
2004-10-29,2.09,1.36,16.27,0.73,3.56,,
2004-10-31,,,,,3.63,,
2004-11-01,2.09,1.39,16.27,0.7,3.56,,
2004-11-02,2.09,1.4,16.18,0.69,3.54,,
2004-11-03,2.08,1.39,14.04,0.69,3.49,,
2004-11-04,2.05,1.36,13.97,0.69,3.43,,
2004-11-05,2.02,1.35,13.84,0.67,3.29,,
2004-11-08,2.03,1.37,13.8,0.66,3.28,,
2004-11-09,2.03,1.4,13.61,0.63,3.29,,
2004-11-10,2.04,1.37,13.08,0.67,3.27,,
2004-11-11,,,13.04,,3.27,,
2004-11-12,2.02,1.33,13.33,0.69,3.31,,
2004-11-15,2.01,1.32,13.38,0.69,3.28,,
2004-11-16,2,1.31,13.21,0.69,3.26,,
2004-11-17,2.01,1.32,13.21,0.69,3.31,,
2004-11-18,2.01,1.31,12.98,0.7,3.29,,
2004-11-19,1.99,1.28,13.5,0.71,3.21,,
2004-11-22,1.96,1.26,12.97,0.7,3.24,,
2004-11-23,1.96,1.26,12.67,0.7,3.21,,
2004-11-24,1.95,1.25,12.72,0.7,3.19,,
2004-11-25,,,,,3.21,,
2004-11-26,1.96,1.26,12.79,0.7,3.15,,
2004-11-29,1.93,1.24,13.3,0.69,3.12,,
2004-11-30,1.95,1.26,13.24,0.69,3.17,,
2004-12-01,1.95,1.25,12.97,0.7,3.15,,
2004-12-02,1.94,1.25,12.98,0.69,3.13,,
2004-12-03,1.96,1.27,12.96,0.69,3.2,,
2004-12-06,1.96,1.27,13.19,0.69,3.21,,
2004-12-07,1.96,1.27,13.67,0.69,3.18,,
2004-12-08,1.94,1.23,13.19,0.71,3.23,,
2004-12-09,1.94,1.23,12.88,0.71,3.18,,
2004-12-10,1.95,1.25,12.76,0.7,3.17,,
2004-12-13,1.94,1.26,12.54,0.68,3.15,,
2004-12-14,1.94,1.25,12.73,0.69,3.15,,
2004-12-15,1.91,1.21,12.35,0.7,3.15,,
2004-12-16,1.92,1.22,12.27,0.7,3.06,,
2004-12-17,1.92,1.25,11.95,0.67,3.06,,
2004-12-20,1.9,1.23,11.83,0.67,3.05,,
2004-12-21,1.91,1.24,11.55,0.67,3.07,,
2004-12-22,1.91,1.24,11.45,0.67,3.05,,
2004-12-23,1.91,1.24,11.23,0.67,3.05,,
2004-12-27,1.9,1.24,12.14,0.66,2.99,,
2004-12-28,1.9,1.22,12,0.68,2.99,,
2004-12-29,1.89,1.22,11.62,0.67,2.96,,
2004-12-30,1.89,1.22,12.56,0.67,2.99,,
2004-12-31,1.86,1.19,13.29,0.67,3.1,,
2005-01-03,1.86,1.2,14.08,0.66,3.06,,
2005-01-04,1.85,1.2,13.98,0.65,2.97,,
2005-01-05,1.83,1.18,14.09,0.65,3.04,,
2005-01-06,1.84,1.19,13.58,0.65,3.09,,
2005-01-07,1.83,1.18,13.49,0.65,3.07,,
2005-01-10,1.82,1.16,13.23,0.66,3.1,,
2005-01-11,1.81,1.16,13.19,0.65,3.19,,
2005-01-12,1.81,1.15,12.56,0.66,3.2,,
2005-01-13,1.8,1.15,12.84,0.65,3.24,,
2005-01-14,1.79,1.13,12.43,0.66,3.22,,
2005-01-17,,,,,3.21,,
2005-01-18,1.77,1.11,12.47,0.66,3.24,,
2005-01-19,1.76,1.1,13.18,0.66,3.24,,
2005-01-20,1.8,1.12,13.83,0.68,3.33,,
2005-01-21,1.79,1.13,14.36,0.66,3.37,,
2005-01-24,1.77,1.11,14.65,0.66,3.37,,
2005-01-25,1.78,1.12,14.06,0.66,3.29,,
2005-01-26,1.76,1.09,13.44,0.67,3.27,,
2005-01-27,1.75,1.08,13.24,0.67,3.23,,
2005-01-28,1.75,1.08,13.24,0.67,3.27,,
2005-01-31,1.75,1.08,12.82,0.67,3.29,,
2005-02-01,1.74,1.07,12.03,0.67,3.26,,
2005-02-02,1.73,1.06,11.66,0.67,3.2,,
2005-02-03,1.7,1.03,11.79,0.67,3.15,,
2005-02-04,1.69,1.05,11.21,0.64,3.19,,
2005-02-07,1.65,1.02,11.73,0.63,3.17,,
2005-02-08,1.63,1,11.6,0.63,3.14,,
2005-02-09,1.64,1.03,12,0.61,3.22,,
2005-02-10,1.67,1.06,11.51,0.61,3.16,,
2005-02-11,1.65,1.06,11.43,0.59,3.12,,
2005-02-14,1.63,1.03,11.52,0.6,3.11,,
2005-02-15,1.64,1.04,11.27,0.6,3.06,,
2005-02-16,1.62,1.03,11.1,0.59,2.99,,
2005-02-17,1.64,1.04,11.77,0.6,2.99,,
2005-02-18,1.62,1.05,11.18,0.57,2.93,,
2005-02-21,,,,,2.93,,
2005-02-22,1.64,1.04,13.14,0.6,2.92,,
2005-02-23,1.64,1.03,12.39,0.61,2.93,,
2005-02-24,1.62,1.01,11.57,0.61,2.88,,
2005-02-25,1.62,1.01,11.49,0.61,2.85,,
2005-02-28,1.59,0.99,12.08,0.6,2.83,,
2005-03-01,1.58,0.97,12.04,0.61,2.81,,
2005-03-02,1.6,0.99,12.5,0.61,2.84,,
2005-03-03,1.59,0.98,12.93,0.61,2.83,,
2005-03-04,1.57,0.94,11.94,0.63,2.86,,
2005-03-07,1.55,0.92,12.26,0.63,2.82,,
2005-03-08,1.54,0.92,12.4,0.62,2.76,,
2005-03-09,1.53,0.91,12.7,0.62,2.71,,
2005-03-10,1.51,0.89,12.49,0.62,2.78,,
2005-03-11,1.48,0.86,12.8,0.62,2.73,,
2005-03-14,1.5,0.87,12.39,0.63,2.77,,
2005-03-15,1.51,0.88,13.15,0.63,2.77,,
2005-03-16,1.53,0.88,13.49,0.65,2.89,,
2005-03-17,1.57,0.9,13.29,0.67,3,,
2005-03-18,1.59,0.91,13.14,0.68,2.98,,
2005-03-21,1.6,0.91,13.61,0.69,3.08,,
2005-03-22,1.56,0.87,14.27,0.69,3.08,,
2005-03-23,1.57,0.88,14.06,0.69,3.19,,
2005-03-24,1.58,0.87,13.42,0.71,3.18,,
2005-03-28,1.58,0.88,13.75,0.7,3.19,,
2005-03-29,1.6,0.88,14.49,0.72,3.28,,
2005-03-30,1.61,0.88,13.64,0.73,3.38,,
2005-03-31,1.64,0.9,14.02,0.74,3.52,,
2005-04-01,1.65,0.9,14.09,0.75,3.55,,
2005-04-04,1.65,0.91,14.11,0.74,3.59,,
2005-04-05,1.66,0.94,13.68,0.72,3.53,,
2005-04-06,1.67,0.97,13.15,0.7,3.48,,
2005-04-07,1.65,0.99,12.33,0.66,3.41,,
2005-04-08,1.64,0.97,12.62,0.67,3.39,,
2005-04-11,1.67,0.97,11.98,0.7,3.47,,
2005-04-12,1.66,0.96,11.3,0.7,3.58,,
2005-04-13,1.69,0.99,13.31,0.7,3.61,,
2005-04-14,1.75,1.02,14.53,0.73,3.75,,
2005-04-15,1.78,1.03,17.74,0.75,3.89,,
2005-04-18,1.75,1.01,16.56,0.74,3.98,,
2005-04-19,1.76,1.02,14.96,0.74,4,,
2005-04-20,1.78,1.04,16.92,0.74,3.94,,
2005-04-21,1.73,1.01,14.41,0.72,3.82,,
2005-04-22,1.74,1.01,15.38,0.73,3.86,,
2005-04-25,1.71,0.99,14.62,0.72,3.88,,
2005-04-26,1.7,0.98,14.91,0.72,3.92,,
2005-04-27,1.72,0.99,14.87,0.73,4.04,,
2005-04-28,1.75,1.01,16.86,0.74,4.16,,
2005-04-29,1.76,1,15.31,0.76,4.15,,
2005-04-30,,,,,4.19,,
2005-05-02,1.77,1,15.12,0.77,4.17,,
2005-05-03,1.77,1,14.53,0.77,4.13,,
2005-05-04,1.83,1.08,13.85,0.75,4.12,,
2005-05-05,1.84,1.09,13.98,0.75,4.13,,
2005-05-06,1.82,1.01,14.05,0.81,4.07,,
2005-05-09,1.78,0.98,13.75,0.8,4.05,,
2005-05-10,1.82,1,14.91,0.82,4.13,,
2005-05-11,1.81,0.99,14.45,0.82,4.23,,
2005-05-12,1.83,0.99,16.12,0.84,4.28,,
2005-05-13,1.88,1.01,16.32,0.87,4.39,,
2005-05-16,1.89,1,15.68,0.89,4.49,,
2005-05-17,1.91,0.99,14.57,0.92,4.57,,
2005-05-18,1.92,1,13.63,0.92,4.55,,
2005-05-19,1.91,1,13.32,0.91,4.4,,
2005-05-20,1.89,0.97,13.14,0.92,4.33,,
2005-05-23,1.89,0.99,12.95,0.9,4.29,,
2005-05-24,1.91,1,12.69,0.91,4.28,,
2005-05-25,1.91,1.01,12.58,0.9,4.16,,
2005-05-26,1.91,1.02,12.24,0.89,4.07,,
2005-05-27,1.91,1.02,12.15,0.89,4.02,,
2005-05-30,,,,,4.02,,
2005-05-31,1.9,1.02,13.29,0.88,4.13,,
2005-06-01,1.91,1.02,12.36,0.89,4.13,,
2005-06-02,1.89,1.01,11.84,0.88,4,,
2005-06-03,1.84,0.97,12.15,0.87,3.9,,
2005-06-06,1.82,0.96,12.28,0.86,3.99,,
2005-06-07,1.82,0.95,12.39,0.87,3.99,,
2005-06-08,1.82,0.94,12.7,0.88,3.98,,
2005-06-09,1.83,0.94,12.08,0.89,4.01,,
2005-06-10,1.84,0.94,11.96,0.9,3.91,,
2005-06-13,1.84,0.95,11.65,0.89,3.88,,
2005-06-14,1.87,0.97,11.79,0.9,3.83,,
2005-06-15,1.87,0.97,11.46,0.9,3.78,,
2005-06-16,1.86,0.95,11.15,0.91,3.83,,
2005-06-17,1.85,0.95,11.48,0.9,3.81,,
2005-06-20,1.85,0.95,11.47,0.9,3.81,,
2005-06-21,1.85,0.94,11.08,0.91,3.82,,
2005-06-22,1.89,0.97,11.05,0.92,3.9,,
2005-06-23,1.88,0.97,12.13,0.91,3.88,,
2005-06-24,1.89,0.97,12.18,0.92,3.93,,
2005-06-27,1.89,0.96,12.52,0.93,3.96,,
2005-06-28,1.87,0.94,11.58,0.93,3.86,,
2005-06-29,1.87,0.97,11.77,0.9,3.81,,
2005-06-30,1.87,0.97,12.04,0.9,3.85,,
2005-07-01,1.83,0.93,11.4,0.9,3.75,,
2005-07-04,,,,,3.75,,
2005-07-05,1.84,0.94,11.68,0.9,3.71,,
2005-07-06,1.85,0.94,12.27,0.91,3.75,,
2005-07-07,1.84,0.94,12.49,0.9,3.78,,
2005-07-08,1.83,0.94,11.45,0.89,3.67,,
2005-07-11,1.81,0.88,11.28,0.93,3.61,,
2005-07-12,1.8,0.88,10.95,0.92,3.54,,
2005-07-13,1.79,0.88,10.84,0.91,3.51,,
2005-07-14,1.78,0.88,10.81,0.9,3.46,,
2005-07-15,1.77,0.87,10.33,0.9,3.43,,
2005-07-18,1.8,0.9,10.77,0.9,3.4,,
2005-07-19,1.78,0.89,10.45,0.89,3.43,,
2005-07-20,1.77,0.88,10.23,0.89,3.43,,
2005-07-21,1.76,0.85,10.97,0.91,3.36,,
2005-07-22,1.75,0.84,10.52,0.91,3.39,,
2005-07-25,1.72,0.85,11.1,0.87,3.36,,
2005-07-26,1.72,0.85,10.99,0.87,3.35,,
2005-07-27,1.71,0.84,10.36,0.87,3.31,,
2005-07-28,1.68,0.81,10.52,0.87,3.33,,
2005-07-29,1.67,0.8,11.57,0.87,3.25,,
2005-07-31,,,,,3.3,,
2005-08-01,1.67,0.81,12.08,0.86,3.29,,
2005-08-02,1.68,0.83,11.75,0.85,3.29,,
2005-08-03,1.7,0.84,11.83,0.86,3.32,,
2005-08-04,1.69,0.83,12.52,0.86,3.31,,
2005-08-05,1.67,0.81,12.48,0.86,3.29,,
2005-08-08,1.67,0.81,13.21,0.86,3.31,,
2005-08-09,1.66,0.79,12.4,0.87,3.33,,
2005-08-10,1.68,0.81,12.38,0.87,3.32,,
2005-08-11,1.71,0.84,12.42,0.87,3.37,,
2005-08-12,1.71,0.83,12.74,0.88,3.42,,
2005-08-15,1.71,0.84,12.26,0.87,3.37,,
2005-08-16,1.71,0.84,13.52,0.87,3.41,,
2005-08-17,1.71,0.84,13.3,0.87,3.37,,
2005-08-18,1.73,0.86,13.42,0.87,3.41,,
2005-08-19,1.72,0.85,13.42,0.87,3.39,,
2005-08-22,1.72,0.85,13.42,0.87,3.39,,
2005-08-23,1.72,0.85,13.34,0.87,3.4,,
2005-08-24,1.72,0.85,14.17,0.87,3.38,,
2005-08-25,1.7,0.83,13.73,0.87,3.38,,
2005-08-26,1.69,0.83,13.72,0.86,3.34,,
2005-08-29,1.68,0.81,13.52,0.87,3.37,,
2005-08-30,1.67,0.8,13.65,0.87,3.48,,
2005-08-31,1.77,0.89,12.6,0.88,3.66,,
2005-09-01,1.81,0.92,13.15,0.89,3.7,,
2005-09-02,1.84,0.92,13.57,0.92,3.7,,
2005-09-05,,,,,3.7,,
2005-09-06,1.83,0.91,12.93,0.92,3.64,,
2005-09-07,1.83,0.92,12.52,0.91,3.61,,
2005-09-08,1.83,0.92,12.93,0.91,3.59,,
2005-09-09,1.82,0.91,11.98,0.91,3.59,,
2005-09-12,1.82,0.92,11.65,0.9,3.55,,
2005-09-13,1.83,0.93,12.39,0.9,3.58,,
2005-09-14,1.83,0.93,12.91,0.9,3.57,,
2005-09-15,1.84,0.94,12.49,0.9,3.55,,
2005-09-16,1.85,0.96,11.22,0.89,3.54,,
2005-09-19,1.85,0.96,12.14,0.89,3.61,,
2005-09-20,1.81,0.93,12.64,0.88,3.65,,
2005-09-21,1.84,0.95,13.79,0.89,3.75,,
2005-09-22,1.84,0.94,13.33,0.9,3.81,,
2005-09-23,1.83,0.93,12.96,0.9,3.71,,
2005-09-26,1.83,0.93,13.04,0.9,3.65,,
2005-09-27,1.84,0.94,12.76,0.9,3.66,,
2005-09-28,1.82,0.91,12.63,0.91,3.69,,
2005-09-29,1.83,0.92,12.24,0.91,3.67,,
2005-09-30,1.81,0.88,11.92,0.93,3.54,,
2005-10-03,1.82,0.88,12.46,0.94,3.47,,
2005-10-04,1.81,0.87,13.2,0.94,3.48,,
2005-10-05,1.81,0.87,14.55,0.94,3.51,,
2005-10-06,1.82,0.9,14.96,0.92,3.55,,
2005-10-07,1.82,0.9,14.59,0.92,3.59,,
2005-10-10,,,15.55,,3.59,,
2005-10-11,1.8,0.88,15.63,0.92,3.66,,
2005-10-12,1.83,0.89,16.22,0.94,3.72,,
2005-10-13,1.86,0.91,16.47,0.95,3.77,,
2005-10-14,1.87,0.91,14.87,0.96,3.72,,
2005-10-17,1.84,0.89,14.67,0.95,3.61,,
2005-10-18,1.84,0.88,15.33,0.96,3.56,,
2005-10-19,1.86,0.89,13.5,0.97,3.6,,
2005-10-20,1.86,0.89,16.11,0.97,3.58,,
2005-10-21,1.85,0.89,16.13,0.96,3.59,,
2005-10-24,1.85,0.88,14.74,0.97,3.54,,
2005-10-25,1.81,0.84,14.53,0.97,3.49,,
2005-10-26,1.84,0.87,14.59,0.97,3.49,,
2005-10-27,1.84,0.87,16.02,0.97,3.57,,
2005-10-28,1.83,0.86,14.25,0.97,3.58,,
2005-10-31,1.83,0.86,15.32,0.97,3.61,,
2005-11-01,1.84,0.86,14.85,0.98,3.57,,
2005-11-02,1.84,0.87,13.48,0.97,3.54,,
2005-11-03,1.82,0.87,13,0.95,3.48,,
2005-11-04,1.82,0.87,13.17,0.95,3.48,,
2005-11-07,1.82,0.86,13.1,0.96,3.49,,
2005-11-08,1.83,0.87,13.08,0.96,3.55,,
2005-11-09,1.82,0.86,12.8,0.96,3.5,,
2005-11-10,1.84,0.88,11.9,0.96,3.57,,
2005-11-11,,,11.63,,3.56,,
2005-11-14,1.83,0.87,12.18,0.96,3.58,,
2005-11-15,1.83,0.86,12.23,0.97,3.62,,
2005-11-16,1.84,0.86,12.26,0.98,3.72,,
2005-11-17,1.85,0.87,11.25,0.98,3.78,,
2005-11-18,1.86,0.87,11.12,0.99,3.69,,
2005-11-21,1.87,0.88,10.82,0.99,3.71,,
2005-11-22,1.91,0.91,10.6,1,3.74,,
2005-11-23,1.91,0.92,10.96,0.99,3.69,,
2005-11-24,,,,,3.69,,
2005-11-25,1.91,0.91,10.88,1,3.72,,
2005-11-28,1.89,0.89,11.84,1,3.71,,
2005-11-29,1.88,0.89,11.89,0.99,3.61,,
2005-11-30,1.89,0.93,12.06,0.96,3.67,,
2005-12-01,1.87,0.93,11.24,0.94,3.62,,
2005-12-02,1.87,0.92,11.01,0.95,3.63,,
2005-12-05,1.86,0.91,11.6,0.95,3.62,,
2005-12-06,1.88,0.92,11.52,0.96,3.68,,
2005-12-07,1.88,0.92,12.18,0.96,3.66,,
2005-12-08,1.88,0.92,12.21,0.96,3.7,,
2005-12-09,1.88,0.92,11.69,0.96,3.6,,
2005-12-12,1.86,0.9,11.47,0.96,3.59,,
2005-12-13,1.88,0.92,11.11,0.96,3.6,,
2005-12-14,1.88,0.93,10.48,0.95,3.66,,
2005-12-15,1.87,0.92,10.73,0.95,3.64,,
2005-12-16,1.85,0.91,10.68,0.94,3.65,,
2005-12-19,1.84,0.9,11.38,0.94,3.66,,
2005-12-20,1.84,0.9,11.19,0.94,3.65,,
2005-12-21,1.84,0.89,10.81,0.95,3.61,,
2005-12-22,1.83,0.88,10.29,0.95,3.66,,
2005-12-23,1.83,0.88,10.27,0.95,3.71,,
2005-12-27,1.83,0.87,11.57,0.96,3.73,,
2005-12-28,1.82,0.87,11.35,0.95,3.69,,
2005-12-29,1.82,0.87,11.61,0.95,3.68,,
2005-12-30,1.82,0.87,12.07,0.95,3.65,,
2005-12-31,,,,,3.71,,
2006-01-03,1.84,0.89,11.14,0.95,3.73,,
2006-01-04,1.84,0.89,11.37,0.95,3.69,,
2006-01-05,1.84,0.9,11.31,0.94,3.64,,
2006-01-06,1.84,0.9,11,0.94,3.56,,
2006-01-09,1.84,0.9,11.13,0.94,3.51,,
2006-01-10,1.84,0.88,10.86,0.96,3.5,,
2006-01-11,1.84,0.88,10.94,0.96,3.47,,
2006-01-12,1.83,0.87,11.2,0.96,3.53,,
2006-01-13,1.82,0.87,11.23,0.95,3.62,,
2006-01-16,,,,,3.6,,
2006-01-17,1.83,0.87,11.91,0.96,3.64,,
2006-01-18,1.84,0.89,12.25,0.95,3.64,,
2006-01-19,1.83,0.88,11.98,0.95,3.58,,
2006-01-20,1.81,0.87,14.56,0.94,3.6,,
2006-01-23,1.82,0.88,13.93,0.94,3.59,,
2006-01-24,1.81,0.87,13.31,0.94,3.54,,
2006-01-25,1.8,0.87,12.87,0.93,3.44,,
2006-01-26,1.8,0.87,12.42,0.93,3.42,,
2006-01-27,1.78,0.86,11.97,0.92,3.4,,
2006-01-30,1.79,0.87,12.39,0.92,3.34,,
2006-01-31,1.78,0.86,12.95,0.92,3.42,,
2006-02-01,1.76,0.84,12.36,0.92,3.35,,
2006-02-02,1.74,0.83,13.23,0.91,3.35,,
2006-02-03,1.72,0.78,12.96,0.94,3.38,,
2006-02-06,1.69,0.75,13.04,0.94,3.38,,
2006-02-07,1.71,0.77,13.59,0.94,3.39,,
2006-02-08,1.75,0.8,12.83,0.95,3.38,,
2006-02-09,1.73,0.78,13.12,0.95,3.38,,
2006-02-10,1.71,0.77,12.87,0.94,3.35,,
2006-02-13,1.72,0.79,13.35,0.93,3.37,,
2006-02-14,1.71,0.78,12.25,0.93,3.36,,
2006-02-15,1.7,0.78,12.31,0.92,3.32,,
2006-02-16,1.71,0.8,11.48,0.91,3.29,,
2006-02-17,1.7,0.78,12.01,0.92,3.3,,
2006-02-20,,,,,3.3,,
2006-02-21,1.68,0.77,12.41,0.91,3.29,,
2006-02-22,1.68,0.77,11.88,0.91,3.31,,
2006-02-23,1.67,0.76,11.87,0.91,3.27,,
2006-02-24,1.64,0.74,11.46,0.9,3.28,,
2006-02-27,1.65,0.75,11.59,0.9,3.28,,
2006-02-28,1.65,0.76,12.34,0.89,3.37,,
2006-03-01,1.66,0.77,11.54,0.89,3.33,,
2006-03-02,1.66,0.77,11.72,0.89,3.32,,
2006-03-03,1.67,0.78,11.96,0.89,3.29,,
2006-03-06,1.67,0.79,12.74,0.88,3.26,,
2006-03-07,1.67,0.78,12.66,0.89,3.3,,
2006-03-08,1.68,0.8,12.32,0.88,3.31,,
2006-03-09,1.67,0.78,12.68,0.89,3.32,,
2006-03-10,1.67,0.78,11.85,0.89,3.3,,
2006-03-13,1.69,0.8,11.37,0.89,3.27,,
2006-03-14,1.68,0.8,10.74,0.88,3.34,,
2006-03-15,1.7,0.82,11.35,0.88,3.29,,
2006-03-16,1.72,0.84,11.98,0.88,3.34,,
2006-03-17,1.7,0.83,12.12,0.87,3.31,,
2006-03-20,1.7,0.83,11.79,0.87,3.3,,
2006-03-21,1.7,0.82,11.62,0.88,3.21,,
2006-03-22,1.69,0.8,11.21,0.89,3.2,,
2006-03-23,1.7,0.81,11.17,0.89,3.18,,
2006-03-24,1.7,0.8,11.19,0.9,3.23,,
2006-03-27,1.7,0.81,11.46,0.89,3.19,,
2006-03-28,1.68,0.79,11.58,0.89,3.12,,
2006-03-29,1.71,0.81,10.95,0.9,3.14,,
2006-03-30,1.7,0.81,11.57,0.89,3.11,,
2006-03-31,1.69,0.81,11.39,0.88,3.13,,
2006-04-03,1.68,0.8,11.57,0.88,3.09,,
2006-04-04,1.69,0.82,11.14,0.87,3.1,,
2006-04-05,1.7,0.84,11.13,0.86,3.13,,
2006-04-06,1.7,0.84,11.45,0.86,3.12,,
2006-04-07,1.7,0.85,12.26,0.85,3.06,,
2006-04-10,1.7,0.85,12.19,0.85,3.1,,
2006-04-11,1.71,0.86,13,0.85,3.11,,
2006-04-12,1.71,0.86,12.76,0.85,3.06,,
2006-04-13,1.69,0.84,12.38,0.85,3.05,,
2006-04-17,1.7,0.85,12.58,0.85,3.08,,
2006-04-18,1.7,0.86,11.4,0.84,3.11,,
2006-04-19,1.7,0.87,11.32,0.83,3.07,,
2006-04-20,1.7,0.88,11.64,0.82,3.04,,
2006-04-21,1.7,0.87,11.59,0.83,3.04,,
2006-04-24,1.67,0.85,11.75,0.82,3.06,,
2006-04-25,1.68,0.86,11.75,0.82,2.98,,
2006-04-26,1.64,0.83,11.76,0.81,2.97,,
2006-04-27,1.67,0.87,11.84,0.8,3,,
2006-04-28,1.67,0.88,11.59,0.79,3,,
2006-04-30,,,,,3.04,,
2006-05-01,1.63,0.86,12.54,0.77,2.96,,
2006-05-02,1.61,0.86,11.99,0.75,2.97,,
2006-05-03,1.61,0.85,11.99,0.76,2.94,,
2006-05-04,1.6,0.84,11.86,0.76,2.93,,
2006-05-05,1.6,0.84,11.62,0.76,2.96,,
2006-05-08,1.59,0.83,12,0.76,2.94,,
2006-05-09,1.59,0.82,11.99,0.77,2.92,,
2006-05-10,1.58,0.8,11.78,0.78,2.9,,
2006-05-11,1.61,0.83,12.49,0.78,2.88,,
2006-05-12,1.63,0.85,14.19,0.78,2.88,,
2006-05-15,1.64,0.86,13.57,0.78,2.92,,
2006-05-16,1.66,0.86,13.35,0.8,2.99,,
2006-05-17,1.66,0.86,16.26,0.8,3.03,,
2006-05-18,1.66,0.84,16.99,0.82,3.09,,
2006-05-19,1.65,0.83,17.18,0.82,3.08,,
2006-05-22,1.66,0.84,17.72,0.82,3.15,,
2006-05-23,1.65,0.83,18.26,0.82,3.12,,
2006-05-24,1.68,0.85,17.36,0.83,3.18,,
2006-05-25,1.67,0.85,15.5,0.82,3.13,,
2006-05-26,1.67,0.84,14.26,0.83,3.12,,
2006-05-29,,,,,3.12,,
2006-05-30,1.67,0.84,18.66,0.83,3.1,,
2006-05-31,1.66,0.83,16.44,0.83,3.12,,
2006-06-01,1.66,0.83,14.52,0.83,3.13,,
2006-06-02,1.67,0.83,14.32,0.84,3.22,,
2006-06-05,1.67,0.83,16.65,0.84,3.19,,
2006-06-06,1.65,0.81,17.34,0.84,3.24,,
2006-06-07,1.67,0.81,17.8,0.86,3.22,,
2006-06-08,1.66,0.81,18.35,0.85,3.26,,
2006-06-09,1.66,0.78,18.12,0.88,3.27,,
2006-06-12,1.65,0.8,20.96,0.85,3.25,,
2006-06-13,1.67,0.82,23.81,0.85,3.32,,
2006-06-14,1.67,0.77,21.46,0.9,3.32,,
2006-06-15,1.67,0.77,15.9,0.9,3.29,,
2006-06-16,1.67,0.77,17.25,0.9,3.26,,
2006-06-19,1.67,0.78,17.83,0.89,3.25,,
2006-06-20,1.67,0.78,16.69,0.89,3.28,,
2006-06-21,1.68,0.76,15.52,0.92,3.34,,
2006-06-22,1.69,0.76,15.88,0.93,3.32,,
2006-06-23,1.69,0.76,15.89,0.93,3.31,,
2006-06-26,1.69,0.76,15.62,0.93,3.34,,
2006-06-27,1.7,0.76,16.4,0.94,3.36,,
2006-06-28,1.69,0.76,15.79,0.93,3.33,,
2006-06-29,1.69,0.76,13.03,0.93,3.33,,
2006-06-30,1.67,0.76,13.08,0.91,3.35,,
2006-07-03,1.68,0.77,13.05,0.91,3.33,,
2006-07-04,,,,,3.33,,
2006-07-05,1.67,0.76,14.15,0.91,3.27,,
2006-07-06,1.66,0.76,13.65,0.9,3.31,,
2006-07-07,1.66,0.75,13.97,0.91,3.33,,
2006-07-10,1.66,0.76,14.02,0.9,3.3,,
2006-07-11,1.67,0.76,13.14,0.91,3.33,,
2006-07-12,1.66,0.75,14.49,0.91,3.32,,
2006-07-13,1.66,0.75,17.79,0.91,3.39,,
2006-07-14,1.69,0.76,18.05,0.93,3.44,,
2006-07-17,1.68,0.75,18.64,0.93,3.42,,
2006-07-18,1.68,0.75,17.74,0.93,3.37,,
2006-07-19,1.69,0.76,15.55,0.93,3.42,,
2006-07-20,1.69,0.75,16.21,0.94,3.43,,
2006-07-21,1.69,0.75,17.4,0.94,3.41,,
2006-07-24,1.69,0.76,14.98,0.93,3.41,,
2006-07-25,1.68,0.78,14.85,0.9,3.38,,
2006-07-26,1.68,0.78,14.62,0.9,3.38,,
2006-07-27,1.65,0.76,14.94,0.89,3.36,,
2006-07-28,1.67,0.79,14.33,0.88,3.4,,
2006-07-31,1.68,0.8,14.95,0.88,3.45,,
2006-08-01,1.69,0.8,15.05,0.89,3.44,,
2006-08-02,1.69,0.81,14.34,0.88,3.42,,
2006-08-03,1.68,0.79,14.46,0.89,3.42,,
2006-08-04,1.69,0.8,14.34,0.89,3.44,,
2006-08-07,1.67,0.79,15.23,0.88,3.42,,
2006-08-08,1.7,0.81,15.23,0.89,3.41,,
2006-08-09,1.73,0.84,15.2,0.89,3.41,,
2006-08-10,1.73,0.85,14.46,0.88,3.42,,
2006-08-11,1.72,0.83,14.3,0.89,3.39,,
2006-08-14,1.69,0.79,14.26,0.9,3.36,,
2006-08-15,1.7,0.79,13.42,0.91,3.39,,
2006-08-16,1.71,0.8,12.41,0.91,3.42,,
2006-08-17,1.71,0.8,12.24,0.91,3.38,,
2006-08-18,1.71,0.8,11.64,0.91,3.41,,
2006-08-21,1.72,0.81,12.22,0.91,3.43,,
2006-08-22,1.71,0.8,12.19,0.91,3.43,,
2006-08-23,1.72,0.8,12.4,0.92,3.43,,
2006-08-24,1.72,0.8,12.4,0.92,3.43,,
2006-08-25,1.74,0.81,12.31,0.93,3.44,,
2006-08-28,1.73,0.81,12.18,0.92,3.41,,
2006-08-29,1.74,0.81,12.28,0.93,3.41,,
2006-08-30,1.74,0.81,12.22,0.93,3.42,,
2006-08-31,1.73,0.8,12.31,0.93,3.49,,
2006-09-01,1.73,0.8,11.96,0.93,3.49,,
2006-09-04,,,,,3.49,,
2006-09-05,1.73,0.81,12.63,0.92,3.43,,
2006-09-06,1.73,0.8,13.74,0.93,3.4,,
2006-09-07,1.72,0.79,13.88,0.93,3.41,,
2006-09-08,1.72,0.79,13.16,0.93,3.42,,
2006-09-11,1.72,0.8,12.99,0.92,3.39,,
2006-09-12,1.7,0.79,11.92,0.91,3.4,,
2006-09-13,1.7,0.79,11.18,0.91,3.38,,
2006-09-14,1.7,0.79,11.55,0.91,3.35,,
2006-09-15,1.69,0.78,11.76,0.91,3.33,,
2006-09-18,1.68,0.78,11.78,0.9,3.33,,
2006-09-19,1.69,0.78,11.98,0.91,3.4,,
2006-09-20,1.69,0.78,11.39,0.91,3.39,,
2006-09-21,1.71,0.79,12.25,0.92,3.48,,
2006-09-22,1.72,0.8,12.59,0.92,3.53,,
2006-09-25,1.72,0.8,12.12,0.92,3.55,,
2006-09-26,1.71,0.78,11.53,0.93,3.5,,
2006-09-27,1.71,0.78,11.58,0.93,3.46,,
2006-09-28,1.73,0.79,11.72,0.94,3.44,,
2006-09-29,1.72,0.78,11.98,0.94,3.42,,
2006-09-30,,,,,3.44,,
2006-10-02,1.73,0.79,12.57,0.94,3.44,,
2006-10-03,1.72,0.78,12.24,0.94,3.43,,
2006-10-04,1.74,0.8,11.86,0.94,3.45,,
2006-10-05,1.74,0.8,11.98,0.94,3.39,,
2006-10-06,1.73,0.79,11.56,0.94,3.31,,
2006-10-09,,,11.68,,3.31,,
2006-10-10,1.72,0.78,11.52,0.94,3.27,,
2006-10-11,1.73,0.78,11.62,0.95,3.23,,
2006-10-12,1.71,0.77,11.09,0.94,3.22,,
2006-10-13,1.72,0.78,10.75,0.94,3.19,,
2006-10-16,1.71,0.78,11.09,0.93,3.18,,
2006-10-17,1.71,0.78,11.73,0.93,3.19,,
2006-10-18,1.7,0.77,11.34,0.93,3.18,,
2006-10-19,1.7,0.77,10.9,0.93,3.17,,
2006-10-20,1.69,0.76,10.63,0.93,3.17,,
2006-10-23,1.66,0.77,11.08,0.89,3.14,,
2006-10-24,1.65,0.78,10.78,0.87,3.15,,
2006-10-25,1.66,0.79,10.66,0.87,3.19,,
2006-10-26,1.65,0.78,10.56,0.87,3.21,,
2006-10-27,1.65,0.79,10.8,0.86,3.23,,
2006-10-30,1.64,0.78,11.2,0.86,3.21,,
2006-10-31,1.64,0.78,11.1,0.86,3.29,,
2006-11-01,1.64,0.78,11.51,0.86,3.3,,
2006-11-02,1.64,0.77,11.42,0.87,3.24,,
2006-11-03,1.59,0.74,11.16,0.85,3.12,,
2006-11-06,1.59,0.74,11.16,0.85,3.13,,
2006-11-07,1.6,0.75,11.09,0.85,3.14,,
2006-11-08,1.59,0.74,10.75,0.85,3.15,,
2006-11-09,1.62,0.77,11.01,0.85,3.13,,
2006-11-10,1.61,0.74,10.79,0.87,3.15,,
2006-11-13,1.6,0.73,10.86,0.87,3.12,,
2006-11-14,1.61,0.73,10.5,0.88,3.13,,
2006-11-15,1.61,0.73,10.31,0.88,3.05,,
2006-11-16,1.59,0.71,10.16,0.88,2.99,,
2006-11-17,1.6,0.72,10.05,0.88,3.06,,
2006-11-20,1.6,0.72,9.97,0.88,3.07,,
2006-11-21,1.6,0.72,9.9,0.88,3.13,,
2006-11-22,1.6,0.72,10.14,0.88,3.14,,
2006-11-23,,,,,3.14,,
2006-11-24,1.6,0.72,10.73,0.88,3.15,,
2006-11-27,1.61,0.72,12.3,0.89,3.17,,
2006-11-28,1.62,0.73,11.62,0.89,3.22,,
2006-11-29,1.62,0.73,10.83,0.89,3.15,,
2006-11-30,1.64,0.74,10.91,0.9,3.2,,
2006-12-01,1.65,0.75,11.66,0.9,3.21,,
2006-12-04,1.66,0.76,11.23,0.9,3.2,,
2006-12-05,1.65,0.76,11.27,0.89,3.14,,
2006-12-06,1.65,0.76,11.33,0.89,3.07,,
2006-12-07,1.64,0.75,12.67,0.89,3.05,,
2006-12-08,1.63,0.74,12.07,0.89,3,,
2006-12-11,1.64,0.75,10.71,0.89,3.02,,
2006-12-12,1.65,0.76,10.65,0.89,3.06,,
2006-12-13,1.64,0.75,10.18,0.89,3,,
2006-12-14,1.66,0.76,9.97,0.9,3,,
2006-12-15,1.66,0.76,10.05,0.9,2.98,,
2006-12-18,1.65,0.75,10.6,0.9,2.99,,
2006-12-19,1.67,0.77,10.3,0.9,2.98,,
2006-12-20,1.67,0.77,10.26,0.9,2.97,,
2006-12-21,1.68,0.78,10.53,0.9,2.99,,
2006-12-22,1.67,0.77,11.36,0.9,2.93,,
2006-12-26,1.66,0.76,11.26,0.9,2.93,,
2006-12-27,1.66,0.76,10.64,0.9,2.87,,
2006-12-28,1.65,0.75,10.99,0.9,2.83,,
2006-12-29,1.64,0.75,11.56,0.89,2.82,,
2006-12-31,,,,,2.89,,
2007-01-02,1.64,0.66,,0.98,2.91,,
2007-01-03,1.61,0.65,12.04,0.96,2.91,,
2007-01-04,1.62,0.66,11.51,0.96,2.95,,
2007-01-05,1.6,0.64,12.14,0.96,2.93,,
2007-01-08,1.59,0.63,12,0.96,2.92,,
2007-01-09,1.59,0.63,11.91,0.96,2.89,,
2007-01-10,1.59,0.63,11.47,0.96,2.87,,
2007-01-11,1.59,0.63,10.87,0.96,2.82,,
2007-01-12,1.59,0.64,10.15,0.95,2.8,,
2007-01-15,,,,,2.79,,
2007-01-16,1.59,0.64,10.74,0.95,2.78,,
2007-01-17,1.58,0.64,10.59,0.94,2.72,,
2007-01-18,1.58,0.65,10.85,0.93,2.73,,
2007-01-19,1.57,0.63,10.4,0.94,2.7,,
2007-01-22,1.57,0.64,10.77,0.93,2.69,,
2007-01-23,1.57,0.64,10.34,0.93,2.65,,
2007-01-24,1.57,0.65,9.89,0.92,2.63,,
2007-01-25,1.56,0.64,11.22,0.92,2.57,,
2007-01-26,1.56,0.65,11.13,0.91,2.59,,
2007-01-29,1.55,0.64,11.45,0.91,2.58,,
2007-01-30,1.56,0.65,10.96,0.91,2.62,,
2007-01-31,1.57,0.65,10.42,0.92,2.72,,
2007-02-01,1.56,0.64,10.31,0.92,2.66,,
2007-02-02,1.56,0.65,10.08,0.91,2.67,,
2007-02-05,1.56,0.65,10.55,0.91,2.67,,
2007-02-06,1.55,0.65,10.65,0.9,2.67,,
2007-02-07,1.56,0.66,10.32,0.9,2.65,,
2007-02-08,1.55,0.66,10.44,0.89,2.65,,
2007-02-09,1.54,0.65,11.1,0.89,2.59,,
2007-02-12,1.54,0.66,11.61,0.88,2.59,,
2007-02-13,1.54,0.65,10.34,0.89,2.58,,
2007-02-14,1.55,0.66,10.23,0.89,2.62,,
2007-02-15,1.56,0.68,10.22,0.88,2.59,,
2007-02-16,1.55,0.67,10.02,0.88,2.57,,
2007-02-19,,,,,2.57,,
2007-02-20,1.55,0.67,10.24,0.88,2.57,,
2007-02-21,1.54,0.67,10.2,0.87,2.53,,
2007-02-22,1.54,0.67,10.18,0.87,2.49,,
2007-02-23,1.53,0.67,10.58,0.86,2.55,,
2007-02-26,1.54,0.67,11.15,0.87,2.58,,
2007-02-27,1.59,0.7,18.31,0.89,2.79,,
2007-02-28,1.6,0.69,15.42,0.91,2.82,,
2007-03-01,1.62,0.7,15.82,0.92,2.83,,
2007-03-02,1.64,0.71,18.61,0.93,2.91,,
2007-03-05,1.68,0.73,19.63,0.95,2.99,,
2007-03-06,1.66,0.71,15.96,0.95,2.94,,
2007-03-07,1.66,0.72,15.24,0.94,2.91,,
2007-03-08,1.67,0.72,14.29,0.95,2.85,,
2007-03-09,1.65,0.71,14.09,0.94,2.75,,
2007-03-12,1.65,0.71,13.99,0.94,2.8,,
2007-03-13,1.7,0.74,18.13,0.96,2.92,,
2007-03-14,1.72,0.75,17.27,0.97,2.94,,
2007-03-15,1.7,0.74,16.43,0.96,2.88,,
2007-03-16,1.7,0.73,16.79,0.97,2.88,,
2007-03-19,1.7,0.72,14.59,0.98,2.85,,
2007-03-20,1.71,0.73,13.27,0.98,2.88,,
2007-03-21,1.73,0.75,12.19,0.98,2.91,,
2007-03-22,1.75,0.76,12.93,0.99,2.81,,
2007-03-23,1.75,0.76,12.95,0.99,2.79,,
2007-03-26,1.75,0.76,13.16,0.99,2.82,,
2007-03-27,1.76,0.77,13.48,0.99,2.81,,
2007-03-28,1.78,0.79,14.98,0.99,2.84,,
2007-03-29,1.74,0.77,15.14,0.97,2.82,,
2007-03-30,1.75,0.78,14.64,0.97,2.8,,
2007-03-31,,,,,2.85,,
2007-04-02,1.74,0.77,14.53,0.97,2.86,,
2007-04-03,1.73,0.8,13.46,0.93,2.83,,
2007-04-04,1.74,0.81,13.24,0.93,2.87,,
2007-04-05,1.74,0.81,13.23,0.93,2.84,,
2007-04-06,1.71,0.78,,0.93,,,
2007-04-09,1.72,0.79,13.14,0.93,2.76,,
2007-04-10,1.72,0.79,12.68,0.93,2.78,,
2007-04-11,1.71,0.79,13.49,0.92,2.75,0.654498,
2007-04-12,1.71,0.79,12.71,0.92,2.75,0.654786,
2007-04-13,1.7,0.79,12.2,0.91,2.71,0.65562,
2007-04-16,1.68,0.74,11.98,0.94,2.7,0.651778,
2007-04-17,1.68,0.75,12.14,0.93,2.72,0.647841,
2007-04-18,1.67,0.75,12.42,0.92,2.73,0.644806,
2007-04-19,1.67,0.75,12.54,0.92,2.71,0.648133,
2007-04-20,1.68,0.75,12.07,0.93,2.68,0.649452,
2007-04-23,1.68,0.76,13.04,0.92,2.68,0.647476,
2007-04-24,1.68,0.76,13.12,0.92,2.7,0.649513,
2007-04-25,1.68,0.76,13.21,0.92,2.67,0.652778,
2007-04-26,1.69,0.77,12.79,0.92,2.63,0.658718,
2007-04-27,1.68,0.76,12.45,0.92,2.63,0.658869,
2007-04-30,1.68,0.77,14.22,0.91,2.74,0.6521,
2007-05-01,1.67,0.76,13.51,0.91,2.74,0.651709,
2007-05-02,1.66,0.75,13.08,0.91,2.72,0.651829,
2007-05-03,1.64,0.74,13.09,0.9,2.67,0.653369,
2007-05-04,1.64,0.74,12.91,0.9,2.7,0.651519,
2007-05-07,1.64,0.77,13.15,0.87,2.69,0.649697,
2007-05-08,1.66,0.79,13.21,0.87,2.69,0.651657,
2007-05-09,1.65,0.75,12.88,0.9,2.64,0.652504,
2007-05-10,1.66,0.76,13.6,0.9,2.65,0.653306,
2007-05-11,1.66,0.76,12.95,0.9,2.63,0.655976,
2007-05-14,1.65,0.75,13.96,0.9,2.61,0.657629,
2007-05-15,1.65,0.76,14.01,0.89,2.57,0.657355,
2007-05-16,1.64,0.75,13.5,0.89,2.58,0.659547,
2007-05-17,1.64,0.69,13.51,0.95,2.55,0.662074,
2007-05-18,1.63,0.68,12.76,0.95,2.51,0.66668,
2007-05-21,1.63,0.71,13.3,0.92,2.5,0.66532,
2007-05-22,1.63,0.71,13.06,0.92,2.46,0.668835,
2007-05-23,1.63,0.71,13.24,0.92,2.44,0.670262,
2007-05-24,1.63,0.7,14.08,0.93,2.45,0.669833,
2007-05-25,1.62,0.7,13.34,0.92,2.45,0.672333,
2007-05-29,1.62,0.69,13.53,0.93,2.42,0.66975,
2007-05-30,1.61,0.68,12.83,0.93,2.44,0.669874,
2007-05-31,1.6,0.67,13.05,0.93,2.46,0.670037,
2007-06-01,1.6,0.67,12.78,0.93,2.41,0.673486,
2007-06-04,1.58,0.64,13.29,0.94,2.44,0.671005,
2007-06-05,1.57,0.64,13.63,0.93,2.41,0.674284,
2007-06-06,1.6,0.66,14.87,0.94,2.48,0.673764,
2007-06-07,1.6,0.65,17.06,0.95,2.48,0.682851,
2007-06-08,1.62,0.66,14.84,0.96,2.51,0.681588,
2007-06-11,1.61,0.71,14.71,0.9,2.5,0.682105,
2007-06-12,1.6,0.7,16.67,0.9,2.49,0.688594,
2007-06-13,1.58,0.68,14.73,0.9,2.53,0.681683,
2007-06-14,1.57,0.67,13.64,0.9,2.49,0.683934,
2007-06-15,1.6,0.71,13.94,0.89,2.51,0.679145,
2007-06-18,1.6,0.71,13.42,0.89,2.52,0.680921,
2007-06-19,1.6,0.72,12.85,0.88,2.6,0.675465,
2007-06-20,1.57,0.71,14.67,0.86,2.59,0.674925,
2007-06-21,1.6,0.73,14.21,0.87,2.66,0.679421,
2007-06-22,1.6,0.72,15.75,0.88,2.69,0.676349,
2007-06-25,1.59,0.71,16.65,0.88,2.8,0.668749,
2007-06-26,1.61,0.73,18.89,0.88,2.79,0.670542,
2007-06-27,1.59,0.71,15.53,0.88,2.88,0.667564,
2007-06-28,1.6,0.7,15.54,0.9,2.83,0.664212,
2007-06-29,1.59,0.7,16.23,0.89,2.89,0.655557,
2007-06-30,,,,,2.98,,
2007-07-02,1.6,0.71,15.4,0.89,3.03,0.657241,
2007-07-03,1.6,0.7,14.92,0.9,2.99,0.660041,
2007-07-04,,,,,2.99,,
2007-07-05,1.58,0.68,15.48,0.9,2.92,0.665093,
2007-07-06,1.59,0.7,14.72,0.89,2.9,0.668528,
2007-07-09,1.58,0.69,15.16,0.89,2.93,0.668167,
2007-07-10,1.6,0.71,17.57,0.89,3.12,0.65529,4.83651
2007-07-11,1.59,0.71,16.64,0.88,3.16,0.657175,4.56276
2007-07-12,1.59,0.71,15.54,0.88,3.08,0.661406,3.94842
2007-07-13,1.59,0.71,15.15,0.88,3.06,0.66234,3.81269
2007-07-16,1.58,0.7,15.59,0.88,3.07,0.656292,4.69105
2007-07-17,1.59,0.71,15.63,0.88,3.05,0.65846,4.37626
2007-07-18,1.58,0.7,16,0.88,3.2,0.651086,5.44716
2007-07-19,1.59,0.7,15.23,0.89,3.2,0.651947,5.32202
2007-07-20,1.61,0.73,16.95,0.88,3.37,0.644446,6.41136
2007-07-23,1.61,0.72,16.81,0.89,3.44,0.644088,6.46331
2007-07-24,1.65,0.75,18.55,0.9,3.61,0.637995,7.34819
2007-07-25,1.65,0.74,18.1,0.91,3.71,0.630688,8.4093
2007-07-26,1.83,0.78,20.74,1.05,4.13,0.616631,10.4508
2007-07-27,1.87,0.78,24.17,1.09,4.28,0.604601,12.1977
2007-07-30,1.88,0.83,20.87,1.05,4.24,0.612211,11.0927
2007-07-31,1.85,0.84,23.52,1.01,4.19,0.60988,11.4312
2007-08-01,1.86,0.85,23.67,1.01,4.28,0.609939,11.4226
2007-08-02,1.83,0.83,21.22,1,4.18,0.61187,11.1422
2007-08-03,1.86,0.96,25.16,0.9,4.24,0.607833,11.7284
2007-08-06,1.89,0.99,22.94,0.9,4.28,0.610966,11.2734
2007-08-07,1.83,0.93,21.56,0.9,4.2,0.615816,10.5691
2007-08-08,1.87,0.99,21.45,0.88,3.93,0.630745,8.40109
2007-08-09,1.91,1.04,26.48,0.87,4.04,0.62923,8.62111
2007-08-10,1.88,1.01,28.3,0.87,4.12,0.629412,8.59462
2007-08-13,1.91,1.04,26.57,0.87,4.08,0.632183,8.19222
2007-08-14,1.95,1.07,27.68,0.88,4.16,0.625601,9.14808
2007-08-15,2.03,1.2,30.67,0.83,4.27,0.631365,8.31105
2007-08-16,2.06,1.24,30.83,0.82,4.59,0.624095,9.36684
2007-08-17,2.07,1.23,29.99,0.84,4.48,0.632959,8.07949
2007-08-20,2.08,1.24,26.33,0.84,4.5,0.626568,9.00767
2007-08-21,2.09,1.25,25.25,0.84,4.53,0.620331,9.9134
2007-08-22,2.07,1.24,22.89,0.83,4.42,0.626134,9.07069
2007-08-23,2.04,1.21,22.62,0.83,4.34,0.627767,8.8335
2007-08-24,2.01,1.18,20.72,0.83,4.29,0.626265,9.05173
2007-08-27,2,1.16,22.72,0.84,4.3,0.627055,8.93695
2007-08-28,2.07,1.23,26.3,0.84,4.44,0.623814,9.40763
2007-08-29,2.05,1.23,23.81,0.82,4.43,0.628007,8.79868
2007-08-30,2.07,1.25,25.06,0.82,4.48,0.625139,9.21513
2007-08-31,2.05,1.22,23.38,0.83,4.55,0.630288,8.46739
2007-09-03,,,,,4.55,,
2007-09-04,2.04,1.21,22.78,0.83,4.53,0.634373,7.87424
2007-09-05,2.06,1.25,24.58,0.81,4.6,0.629576,8.57083
2007-09-06,2.06,1.23,23.99,0.83,4.56,0.630829,8.38895
2007-09-07,2.1,1.28,26.23,0.82,4.73,0.614934,10.6973
2007-09-10,2.13,1.27,27.38,0.86,4.79,0.612812,11.0053
2007-09-11,2.11,1.25,25.27,0.86,4.74,0.618324,10.2049
2007-09-12,2.13,1.25,24.96,0.88,4.69,0.62345,9.46053
2007-09-13,2.12,1.22,24.76,0.9,4.57,0.626859,8.96536
2007-09-14,2.12,1.22,24.92,0.9,4.58,0.631848,8.24086
2007-09-17,2.1,1.2,26.48,0.9,4.52,0.631713,8.26049
2007-09-18,2.11,1.23,20.35,0.88,4.46,0.641062,6.90277
2007-09-19,2.11,1.24,20.03,0.87,4.3,0.65942,4.23687
2007-09-20,2.04,1.19,20.45,0.85,4.21,0.655661,4.78271
2007-09-21,2.03,1.17,19,0.86,4.16,0.651774,5.34721
2007-09-24,2.02,1.17,19.37,0.85,4.1,0.654309,4.97899
2007-09-25,2.02,1.18,18.6,0.84,4.17,0.658191,4.41522
2007-09-26,2.03,1.19,17.63,0.84,4.14,0.655206,4.84877
2007-09-27,2.01,1.18,17,0.83,4.15,0.648694,5.79447
2007-09-28,2,1.17,18,0.83,4.16,0.647232,6.00674
2007-09-30,,,,,4.2,,
2007-10-01,1.99,1.16,17.84,0.83,4.19,0.646014,6.18374
2007-10-02,2,1.17,18.49,0.83,4.2,0.645226,6.29805
2007-10-03,1.99,1.17,18.8,0.82,4.16,0.643689,6.52128
2007-10-04,1.97,1.13,18.44,0.84,4.15,0.643965,6.48117
2007-10-05,1.94,1.13,16.91,0.81,4.02,0.651344,5.4096
2007-10-08,,,17.46,,4.02,0.654058,5.01547
2007-10-09,1.9,1.11,16.12,0.79,3.95,0.655377,4.824
2007-10-10,1.91,1.12,16.67,0.79,3.91,0.65444,4.95997
2007-10-11,1.9,1.13,18.88,0.77,3.86,0.656052,4.72585
2007-10-12,1.87,1.07,17.73,0.8,3.83,0.659964,4.15778
2007-10-15,1.88,1.09,19.25,0.79,3.81,0.662972,3.72101
2007-10-16,1.92,1.12,20.02,0.8,3.91,0.660219,4.12071
2007-10-17,1.91,1.1,18.54,0.81,4.07,0.645016,6.32859
2007-10-18,1.94,1.12,18.5,0.82,4.2,0.641159,6.88876
2007-10-19,1.97,1.14,22.96,0.83,4.36,0.628919,8.66627
2007-10-22,1.96,1.14,21.64,0.82,4.39,0.623036,9.52057
2007-10-23,1.98,1.16,20.41,0.82,4.34,0.629072,8.64405
2007-10-24,1.98,1.15,20.8,0.83,4.42,0.624441,9.31654
2007-10-25,1.99,1.16,21.17,0.83,4.4,0.627491,8.87367
2007-10-26,1.98,1.14,19.56,0.84,4.39,0.630414,8.44917
2007-10-29,1.98,1.14,19.87,0.84,4.38,0.629873,8.52772
2007-10-30,1.99,1.14,21.07,0.85,4.38,0.628999,8.65464
2007-10-31,1.99,1.14,18.53,0.85,4.36,0.638731,7.24139
2007-11-01,2.01,1.17,23.21,0.84,4.53,0.626444,9.02571
2007-11-02,2.04,1.19,23.01,0.85,4.65,0.622925,9.53677
2007-11-05,2.02,1.14,24.31,0.88,4.69,0.622894,9.54119
2007-11-06,2.03,1.15,21.39,0.88,4.66,0.629167,8.63022
2007-11-07,2.1,1.23,26.49,0.87,4.76,0.627262,8.90695
2007-11-08,2.16,1.27,26.16,0.89,4.91,0.62041,9.90197
2007-11-09,2.18,1.29,28.5,0.89,5.02,0.617913,10.2646
2007-11-12,,,31.09,,5.02,0.618106,10.2366
2007-11-13,2.18,1.27,24.1,0.91,5.07,0.617979,10.255
2007-11-14,2.16,1.24,25.94,0.92,5.04,0.618821,10.1327
2007-11-15,2.22,1.28,28.06,0.94,5.25,0.612871,10.9968
2007-11-16,2.26,1.31,25.49,0.95,5.37,0.612191,11.0955
2007-11-19,2.3,1.34,26.01,0.96,5.61,0.608242,11.669
2007-11-20,2.35,1.36,24.88,0.99,5.71,0.602927,12.441
2007-11-21,2.41,1.4,26.84,1.01,5.87,0.588166,14.5845
2007-11-22,,,,,5.87,,
2007-11-23,2.37,1.36,25.61,1.01,5.8,0.585284,15.003
2007-11-26,2.4,1.38,28.91,1.02,5.92,0.58028,15.7298
2007-11-27,2.41,1.33,26.28,1.08,5.88,0.586736,14.7922
2007-11-28,2.4,1.31,24.11,1.09,5.73,0.596335,13.3982
2007-11-29,2.46,1.35,23.97,1.11,5.73,0.594164,13.7135
2007-11-30,2.47,1.37,22.87,1.1,5.75,0.599471,12.9428
2007-12-03,2.52,1.4,23.61,1.12,5.82,0.600747,12.7575
2007-12-04,2.53,1.39,23.79,1.14,5.89,0.598521,13.0807
2007-12-05,2.58,1.4,22.53,1.18,5.86,0.598621,13.0663
2007-12-06,2.59,1.42,20.96,1.17,5.78,0.609303,11.515
2007-12-07,2.61,1.42,20.85,1.19,5.63,0.615906,10.5561
2007-12-10,2.59,1.42,20.74,1.17,5.55,0.618705,10.1495
2007-12-11,2.63,1.48,23.59,1.15,5.68,0.606197,11.966
2007-12-12,2.63,1.46,22.47,1.17,5.61,0.615844,10.565
2007-12-13,2.58,1.41,22.56,1.17,5.58,0.622304,9.62684
2007-12-14,2.55,1.4,23.27,1.15,5.54,0.626109,9.07436
2007-12-17,2.55,1.4,24.52,1.15,5.58,0.617217,10.3657
2007-12-18,2.52,1.38,22.64,1.14,5.66,0.613863,10.8528
2007-12-19,2.54,1.4,21.68,1.14,5.71,0.608812,11.5862
2007-12-20,2.51,1.38,20.58,1.13,5.79,0.608805,11.5873
2007-12-21,2.5,1.35,18.47,1.15,5.68,0.61978,9.99352
2007-12-24,2.49,1.34,18.6,1.15,5.65,0.620507,9.88784
2007-12-26,2.49,1.34,18.66,1.15,5.59,0.623228,9.49267
2007-12-27,2.52,1.36,20.26,1.16,5.64,0.620574,9.87816
2007-12-28,2.51,1.37,20.74,1.14,5.73,0.605086,12.1274
2007-12-31,2.52,1.37,22.5,1.15,5.92,0.60276,12.4652
2008-01-02,2.54,1.4,23.17,1.14,6.1,0.587004,14.7533
2008-01-03,2.57,1.42,22.49,1.15,6.17,0.586692,14.7986
2008-01-04,2.59,1.46,23.94,1.13,6.36,0.585917,14.9111
2008-01-07,2.6,1.43,23.79,1.17,6.45,0.579909,15.7836
2008-01-08,2.63,1.45,25.43,1.18,6.51,0.577228,16.173
2008-01-09,2.67,1.5,24.12,1.17,6.73,0.569844,17.2453
2008-01-10,2.73,1.58,23.45,1.15,6.63,0.581938,15.489
2008-01-11,2.77,1.56,23.68,1.21,6.68,0.578671,15.9635
2008-01-14,2.76,1.55,22.9,1.21,6.66,0.574525,16.5655
2008-01-15,2.78,1.56,23.34,1.22,6.74,0.569611,17.2791
2008-01-16,2.77,1.55,24.38,1.22,6.83,0.573106,16.7716
2008-01-17,2.81,1.58,28.46,1.23,6.99,0.561779,18.4165
2008-01-18,2.87,1.62,27.18,1.25,7.04,0.570094,17.209
2008-01-21,,,,,7.05,,
2008-01-22,2.98,1.75,31.01,1.23,7.39,0.560146,18.6536
2008-01-23,2.95,1.71,29.02,1.24,7.48,0.562525,18.3083
2008-01-24,2.95,1.71,27.78,1.24,7.12,0.581227,15.5922
2008-01-25,2.95,1.71,29.08,1.24,6.99,0.572467,16.8644
2008-01-28,2.97,1.71,27.78,1.26,7.03,0.572001,16.9321
2008-01-29,2.94,1.68,27.32,1.26,6.85,0.576505,16.2781
2008-01-30,2.94,1.69,27.62,1.25,6.78,0.582537,15.402
2008-01-31,2.96,1.71,26.2,1.25,6.95,0.5796,15.8285
2008-02-01,2.98,1.73,24.02,1.25,6.96,0.576455,16.2852
2008-02-04,2.98,1.71,25.99,1.27,6.92,0.582566,15.3978
2008-02-05,3.01,1.72,28.24,1.29,7.06,0.573503,16.714
2008-02-06,3.05,1.75,28.97,1.3,7.09,0.574081,16.63
2008-02-07,3.06,1.75,27.66,1.31,7.1,0.58425,15.1533
2008-02-08,3.09,1.79,28.01,1.3,7.25,0.573286,16.7455
2008-02-11,3.09,1.8,27.6,1.29,7.37,0.566398,17.7458
2008-02-12,3.11,1.84,26.33,1.27,7.37,0.57194,16.9409
2008-02-13,3.11,1.82,24.88,1.29,7.38,0.57655,16.2715
2008-02-14,3.1,1.82,25.54,1.28,7.25,0.588029,14.6045
2008-02-15,3.14,1.85,25.02,1.29,7.3,0.582089,15.467
2008-02-18,,,,,7.3,,
2008-02-19,3.07,1.78,25.59,1.29,7.25,0.585033,15.0395
2008-02-20,3.03,1.73,24.4,1.3,7.25,0.582534,15.4025
2008-02-21,3.1,1.79,25.12,1.31,7.35,0.578421,15.9998
2008-02-22,3.12,1.81,24.06,1.31,7.35,0.582782,15.3664
2008-02-25,3.08,1.77,23.03,1.31,7.21,0.590575,14.2347
2008-02-26,3.1,1.8,21.9,1.3,7.17,0.594183,13.7107
2008-02-27,3.11,1.8,22.69,1.31,7.18,0.59354,13.8041
2008-02-28,3.17,1.84,23.53,1.33,7.37,0.582337,15.4311
2008-02-29,3.22,1.89,26.54,1.33,7.67,0.571366,17.0243
2008-03-03,3.22,1.89,26.28,1.33,7.75,0.572999,16.7872
2008-03-04,3.19,1.85,25.52,1.34,7.76,0.577957,16.0671
2008-03-05,3.26,1.91,24.6,1.35,7.68,0.586612,14.8102
2008-03-06,3.35,1.99,27.55,1.36,7.79,0.581969,15.4845
2008-03-07,3.39,2.01,27.49,1.38,7.92,0.579998,15.7708
2008-03-10,3.43,2.04,29.38,1.39,8.08,0.570253,17.186
2008-03-11,3.39,2.03,26.36,1.36,7.95,0.576619,16.2614
2008-03-12,3.39,2,27.22,1.39,8.13,0.565586,17.8636
2008-03-13,3.39,1.97,27.29,1.42,8.27,0.566047,17.7967
2008-03-14,3.42,2.04,31.16,1.38,8.38,0.555775,19.2885
2008-03-17,3.5,2.13,32.24,1.37,8.62,0.548963,20.2778
2008-03-18,3.39,2.02,25.79,1.37,8.39,0.559199,18.7913
2008-03-19,3.44,2.04,29.84,1.4,8.37,0.550663,20.0308
2008-03-20,3.42,2.01,26.62,1.41,8.4,0.551897,19.8517
2008-03-24,3.34,1.93,25.73,1.41,8.07,0.567074,17.6475
2008-03-25,3.39,1.98,25.72,1.41,7.97,0.566166,17.7795
2008-03-26,3.41,2,26.08,1.41,7.99,0.567191,17.6306
2008-03-27,3.41,2,25.88,1.41,7.94,0.569372,17.3139
2008-03-28,3.47,2.05,25.71,1.42,7.99,0.564183,18.0675
2008-03-31,3.45,2.03,25.61,1.42,8.21,0.564696,17.9929
2008-04-01,3.43,2,22.68,1.43,8.02,0.57656,16.27
2008-04-02,3.4,1.97,23.43,1.43,7.86,0.575634,16.4045
2008-04-03,3.38,1.96,23.21,1.42,7.78,0.57334,16.7376
2008-04-04,3.4,1.95,22.45,1.45,7.76,0.570344,17.1727
2008-04-07,3.37,1.93,22.42,1.44,7.54,0.57792,16.0726
2008-04-08,3.37,1.94,22.36,1.43,7.58,0.581904,15.494
2008-04-09,3.38,1.95,22.81,1.43,7.71,0.570919,17.0893
2008-04-10,3.35,1.92,21.98,1.43,7.7,0.574907,16.51
2008-04-11,3.38,1.94,23.46,1.44,7.76,0.566485,17.7331
2008-04-14,3.39,1.94,23.82,1.45,7.74,0.571827,16.9573
2008-04-15,3.39,1.94,22.78,1.45,7.65,0.578951,15.9227
2008-04-16,3.39,1.96,20.53,1.43,7.46,0.587214,14.7228
2008-04-17,3.34,1.9,20.37,1.44,7.36,0.588829,14.4883
2008-04-18,3.26,1.87,20.13,1.39,7.15,0.593332,13.8343
2008-04-21,3.22,1.85,20.5,1.37,7.13,0.590011,14.3166
2008-04-22,3.21,1.8,20.87,1.41,7.07,0.588771,14.4967
2008-04-23,3.18,1.77,20.26,1.41,7.05,0.593142,13.862
2008-04-24,3.13,1.73,20.06,1.4,6.92,0.598398,13.0986
2008-04-25,3.14,1.73,19.59,1.41,6.84,0.604792,12.1701
2008-04-28,3.11,1.76,19.64,1.35,6.85,0.606491,11.9234
2008-04-29,3.11,1.76,20.24,1.35,6.86,0.602432,12.5128
2008-04-30,3.1,1.74,20.79,1.36,6.86,0.598763,13.0456
2008-05-01,3.04,1.72,18.88,1.32,6.81,0.61145,11.2032
2008-05-02,2.97,1.69,18.18,1.28,6.64,0.612993,10.9791
2008-05-05,3.01,1.69,18.9,1.32,6.65,0.61201,11.1219
2008-05-06,3.01,1.7,18.21,1.31,6.7,0.612059,11.1147
2008-05-07,3.05,1.74,19.73,1.31,6.72,0.609877,11.4316
2008-05-08,3.08,1.74,19.4,1.34,6.83,0.603168,12.4059
2008-05-09,3.07,1.72,19.41,1.35,6.9,0.602228,12.5424
2008-05-12,3.06,1.71,17.79,1.35,6.9,0.60235,12.5247
2008-05-13,3.04,1.69,17.98,1.35,6.76,0.608825,11.5844
2008-05-14,3.06,1.69,17.66,1.37,6.65,0.607697,11.7482
2008-05-15,3.08,1.72,16.3,1.36,6.69,0.603813,12.3122
2008-05-16,3.06,1.7,16.47,1.36,6.63,0.60717,11.8247
2008-05-19,3.07,1.71,17.01,1.36,6.6,0.608763,11.5933
2008-05-20,3.08,1.72,17.58,1.36,6.68,0.604446,12.2203
2008-05-21,3.08,1.71,18.59,1.37,6.64,0.603219,12.3985
2008-05-22,3.06,1.67,18.05,1.39,6.59,0.609494,11.4873
2008-05-23,3.06,1.67,19.55,1.39,6.7,0.603218,12.3987
2008-05-26,,,,,6.7,,
2008-05-27,3.08,1.68,19.64,1.4,6.72,0.603926,12.2958
2008-05-28,3.03,1.63,19.07,1.4,6.61,0.612331,11.0752
2008-05-29,3.04,1.65,18.14,1.39,6.55,0.616141,10.522
2008-05-30,3,1.61,17.83,1.39,6.57,0.612176,11.0977
2008-05-31,,,,,6.53,,
2008-06-02,3.05,1.66,19.83,1.39,6.67,0.604787,12.1707
2008-06-03,3.03,1.65,20.24,1.38,6.78,0.600901,12.7352
2008-06-04,3.04,1.66,20.8,1.38,6.79,0.605672,12.0422
2008-06-05,3.01,1.63,18.63,1.38,6.63,0.611969,11.1278
2008-06-06,3.04,1.67,23.56,1.37,6.68,0.602467,12.5077
2008-06-09,2.94,1.56,23.12,1.38,6.58,0.604395,12.2278
2008-06-10,2.94,1.55,23.18,1.39,6.49,0.608601,11.6169
2008-06-11,2.97,1.56,24.12,1.41,6.56,0.609896,10.8253
2008-06-12,2.9,1.5,23.33,1.4,6.43,0.615046,10.0723
2008-06-13,2.9,1.49,21.22,1.41,6.39,0.61909,9.0805
2008-06-16,2.92,1.5,20.95,1.42,6.37,0.610381,10.3595
2008-06-17,2.94,1.53,21.13,1.41,6.4,0.610225,10.1845
2008-06-18,2.95,1.54,22.24,1.41,6.53,0.606449,10.7403
2008-06-19,2.92,1.55,21.58,1.37,6.53,0.606192,10.7781
2008-06-20,2.95,1.56,22.87,1.39,6.7,0.600295,11.2448
2008-06-23,2.93,1.54,22.64,1.39,6.76,0.596834,10.9924
2008-06-24,2.98,1.58,22.42,1.4,7.01,0.59039,11.9534
2008-06-25,2.96,1.55,21.14,1.41,7.02,0.592122,11.429
2008-06-26,3,1.6,23.93,1.4,7.27,0.583526,12.7148
2008-06-27,3.04,1.62,23.44,1.42,7.41,0.575174,13.9641
2008-06-30,3.05,1.61,23.95,1.44,7.35,0.574438,14.0742
2008-07-01,3.06,1.61,23.65,1.45,7.48,0.57519,13.9617
2008-07-02,3.05,1.58,25.92,1.47,7.53,0.57177,14.4733
2008-07-03,3.08,1.61,24.79,1.47,7.63,0.572764,14.3246
2008-07-04,,,,,7.63,,
2008-07-07,3.1,1.62,25.78,1.48,7.76,0.570653,14.5943
2008-07-08,3.11,1.61,23.15,1.5,7.87,0.565457,14.7088
2008-07-09,3.14,1.65,25.23,1.49,7.82,0.561038,15.3752
2008-07-10,3.17,1.66,25.59,1.51,7.9,0.561826,15.2565
2008-07-11,3.15,1.63,27.49,1.52,7.88,0.569195,14.1449
2008-07-14,3.16,1.64,28.48,1.52,7.89,0.562897,15.0949
2008-07-15,3.22,1.71,28.54,1.51,8.06,0.554367,16.3815
2008-07-16,3.24,1.73,25.1,1.51,8.01,0.566432,14.5616
2008-07-17,3.2,1.68,25.01,1.52,7.79,0.57105,13.8651
2008-07-18,3.17,1.66,24.05,1.51,7.67,0.582397,12.1535
2008-07-21,3.18,1.67,23.05,1.51,7.58,0.58302,12.0595
2008-07-22,3.13,1.64,21.18,1.49,7.6,0.58793,11.319
2008-07-23,3.14,1.65,21.31,1.49,7.46,0.587535,11.3786
2008-07-24,3.19,1.69,23.44,1.5,7.64,0.583223,12.0289
2008-07-25,3.17,1.68,22.91,1.49,7.6,0.590367,10.9514
2008-07-28,3.16,1.67,24.23,1.49,7.79,0.582478,12.1414
2008-07-29,3.13,1.65,22.03,1.48,7.82,0.584979,11.7642
2008-07-30,3.17,1.69,21.21,1.48,7.81,0.584523,11.8328
2008-07-31,3.22,1.74,22.94,1.48,8,0.579959,12.5213
2008-08-01,3.21,1.73,22.57,1.48,8.13,0.57609,13.1048
2008-08-04,3.22,1.74,23.49,1.48,8.14,0.573434,13.5055
2008-08-05,3.2,1.72,21.14,1.48,8.11,0.581809,12.2423
2008-08-06,3.24,1.76,20.23,1.48,8.05,0.580292,12.471
2008-08-07,3.25,1.78,21.15,1.47,8.16,0.570312,13.9764
2008-08-08,3.23,1.74,20.66,1.49,8.14,0.569753,14.0608
2008-08-11,3.24,1.75,20.12,1.49,8.07,0.573633,13.4754
2008-08-12,3.26,1.77,21.17,1.49,8.11,0.570555,13.9398
2008-08-13,3.25,1.76,21.55,1.49,8.09,0.573415,13.5084
2008-08-14,3.26,1.76,20.34,1.5,8.11,0.569747,14.0616
2008-08-15,3.27,1.77,19.58,1.5,8.12,0.566131,14.6071
2008-08-18,3.26,1.75,20.98,1.51,8.17,0.562611,15.138
2008-08-19,3.28,1.77,21.28,1.51,8.23,0.565886,14.644
2008-08-20,3.31,1.78,20.42,1.53,8.3,0.564189,14.9
2008-08-21,3.28,1.75,19.82,1.53,8.29,0.564426,14.8643
2008-08-22,3.27,1.72,18.81,1.55,8.25,0.561554,15.2974
2008-08-25,3.3,1.74,20.97,1.56,8.32,0.55902,15.6797
2008-08-26,3.31,1.74,20.49,1.57,8.32,0.555526,16.2066
2008-08-27,3.3,1.74,19.76,1.56,8.34,0.555185,16.2581
2008-08-28,3.29,1.72,19.43,1.57,8.29,0.55591,16.1488
2008-08-29,3.29,1.77,20.65,1.52,8.28,0.559428,15.6181
2008-08-31,,,,,8.36,,
2008-09-01,,,,,8.36,,
2008-09-02,3.33,1.8,21.99,1.53,8.42,0.554391,16.3778
2008-09-03,3.32,1.79,21.43,1.53,8.48,0.553855,16.4587
2008-09-04,3.37,1.82,24.03,1.55,8.55,0.551835,16.7635
2008-09-05,3.37,1.8,23.06,1.57,8.55,0.551647,16.7918
2008-09-08,3.37,1.79,22.64,1.58,8.46,0.548691,17.2376
2008-09-09,3.35,1.75,25.47,1.6,8.53,0.544486,17.8719
2008-09-10,3.37,1.81,24.52,1.56,8.55,0.544859,17.8156
2008-09-11,3.41,1.8,24.39,1.61,8.62,0.545143,17.7729
2008-09-12,3.43,1.82,25.66,1.61,8.54,0.552263,16.6989
2008-09-15,3.66,1.99,31.7,1.67,9.05,0.515257,22.2807
2008-09-16,3.68,2.01,30.3,1.67,9.29,0.5035,24.0541
2008-09-17,3.84,2.17,36.22,1.67,9.64,0.470905,28.9706
2008-09-18,3.79,2.14,33.1,1.65,9.83,0.515592,22.2301
2008-09-19,3.77,2.15,32.07,1.62,9.21,0.539283,18.6567
2008-09-22,3.78,2.08,33.85,1.7,9.21,0.538856,18.721
2008-09-23,3.77,2.09,35.72,1.68,9.39,0.535632,19.2075
2008-09-24,3.78,2.08,35.19,1.7,9.67,0.538084,18.8375
2008-09-25,3.86,2.04,32.82,1.82,9.87,0.525446,20.7438
2008-09-26,3.88,2.06,34.74,1.82,10.25,0.519856,21.587
2008-09-29,4.01,2.15,46.72,1.86,10.75,0.464251,29.9743
2008-09-30,4,2.16,39.39,1.84,10.96,0.492546,25.7063
2008-10-01,4.1,2.25,39.81,1.85,11.24,0.507604,23.4351
2008-10-02,4.31,2.38,45.26,1.93,12,0.49044,26.024
2008-10-03,4.35,2.35,45.14,2,12.24,0.484396,26.9357
2008-10-06,4.43,2.41,52.05,2.02,13.07,0.458475,30.8455
2008-10-07,4.55,2.47,53.68,2.08,13.18,0.452099,31.8073
2008-10-08,4.49,2.39,57.53,2.1,13.51,0.439519,33.7047
2008-10-09,4.48,2.35,63.92,2.13,13.91,0.43293,34.6985
2008-10-10,4.86,2.54,69.95,2.32,15.36,0.406917,38.6223
2008-10-13,,,54.99,,15.38,0.462772,30.1973
2008-10-14,4.78,2.47,55.13,2.31,14.5,0.468817,28.9907
2008-10-15,4.94,2.28,69.25,2.66,15.14,0.444112,31.1471
2008-10-16,5.09,2.48,67.61,2.61,15.72,0.429501,33.0117
2008-10-17,5.45,2.57,70.33,2.88,15.95,0.427286,33.1038
2008-10-20,5.52,2.6,52.97,2.92,15.76,0.432377,32.3068
2008-10-21,5.6,2.68,53.11,2.92,15.87,0.427636,33.0491
2008-10-22,5.6,2.64,69.65,2.96,16.05,0.415647,34.9261
2008-10-23,5.48,2.48,67.8,3,16.34,0.419561,34.3132
2008-10-24,5.54,2.48,79.13,3.06,16.69,0.413468,35.2672
2008-10-27,5.6,2.48,80.06,3.12,16.81,0.392156,38.6039
2008-10-28,5.59,2.48,66.96,3.11,16.67,0.402457,36.9911
2008-10-29,5.58,2.5,69.96,3.08,16.21,0.422906,33.7896
2008-10-30,5.52,2.47,62.9,3.05,15.91,0.438471,30.3093
2008-10-31,5.53,2.53,59.89,3,16.17,0.444418,29.364
2008-11-03,5.53,2.49,53.68,3.04,16.29,0.446826,28.9814
2008-11-04,5.56,2.55,47.73,3.01,16.18,0.443535,29.5045
2008-11-05,5.53,2.57,54.56,2.96,16.08,0.43472,30.6956
2008-11-06,5.5,2.58,63.68,2.92,16.19,0.437881,30.063
2008-11-07,5.45,2.56,56.1,2.89,16.31,0.445346,28.8708
2008-11-10,5.4,2.52,59.98,2.88,16.35,0.443245,29.2064
2008-11-11,,,61.44,,16.36,0.441149,29.5411
2008-11-12,5.41,2.55,66.46,2.86,16.84,0.432127,30.9822
2008-11-13,5.54,2.63,59.83,2.91,17.06,0.440385,29.6631
2008-11-14,5.56,2.63,66.31,2.93,17.16,0.426556,31.8719
2008-11-17,5.58,2.65,69.15,2.93,17.43,0.418111,33.2207
2008-11-18,5.71,2.62,67.64,3.09,17.96,0.40411,35.4569
2008-11-19,5.73,2.59,74.26,3.14,18.61,0.380556,39.2189
2008-11-20,5.92,2.59,80.86,3.33,19.48,0.349831,44.1261
2008-11-21,5.88,2.62,72.67,3.26,19.92,0.358492,42.7428
2008-11-24,5.86,2.57,64.7,3.29,19.87,0.365838,41.5695
2008-11-25,6.01,2.64,60.9,3.37,19.86,0.359086,42.648
2008-11-26,6.06,2.73,54.92,3.33,19.76,0.366937,41.3941
2008-11-27,,,,,19.77,,
2008-11-28,6.1,2.67,55.84,3.43,19.78,0.361098,42.3266
2008-11-30,,,,,19.88,,
2008-12-01,6.12,2.63,68.51,3.49,20.2,0.340606,45.5995
2008-12-02,6.11,2.64,62.98,3.47,20.19,0.34295,45.2251
2008-12-03,6.13,2.63,60.72,3.5,20.39,0.342038,45.3709
2008-12-04,6.16,2.7,63.64,3.46,20.54,0.333465,46.7401
2008-12-05,6.07,2.65,59.93,3.42,20.74,0.339116,45.8376
2008-12-08,6.02,2.59,58.49,3.43,20.62,0.343803,45.089
2008-12-09,6.06,2.63,58.91,3.43,20.59,0.334606,46.5578
2008-12-10,6.01,2.7,55.73,3.31,20.66,0.335152,46.4707
2008-12-11,6.07,2.73,55.78,3.34,20.92,0.331914,46.9879
2008-12-12,6.08,2.75,54.28,3.33,21.3,0.336511,46.2536
2008-12-15,6.1,2.76,56.76,3.34,21.82,0.330985,46.8919
2008-12-16,6.11,2.79,52.37,3.32,21.44,0.328978,47.2139
2008-12-17,6.02,2.74,49.84,3.28,21.06,0.328488,47.2926
2008-12-18,6.03,2.64,47.34,3.39,20.72,0.340415,45.3788
2008-12-19,5.94,2.49,44.93,3.45,20.43,0.337773,45.8027
2008-12-22,5.93,2.5,44.56,3.43,20.18,0.354025,43.195
2008-12-23,5.94,2.57,45.02,3.37,19.82,0.359667,42.2897
2008-12-24,5.9,2.55,44.21,3.35,19.79,0.354775,42.8312
2008-12-26,5.9,2.56,43.38,3.34,19.55,0.360352,41.7933
2008-12-29,5.92,2.61,43.9,3.31,19.25,0.363216,41.3307
2008-12-30,5.86,2.53,41.63,3.33,18.48,0.360888,41.7067
2008-12-31,5.82,2.45,40,3.37,18.12,0.370991,40.0747
2009-01-02,5.72,2.37,39.19,3.35,17.84,0.379354,38.7238
2009-01-05,5.82,2.56,39.08,3.26,17.44,0.408204,34.0638
2009-01-06,5.77,2.54,38.56,3.23,16.68,0.41583,32.832
2009-01-07,5.71,2.53,43.39,3.18,16.42,0.406707,34.3057
2009-01-08,5.71,2.56,42.56,3.15,16.67,0.401133,35.2059
2009-01-09,5.72,2.59,42.82,3.13,16.65,0.406419,34.3522
2009-01-12,5.71,2.63,45.84,3.08,16.67,0.3935,36.439
2009-01-13,5.72,2.63,43.27,3.09,16.82,0.391654,36.7371
2009-01-14,5.68,2.6,49.14,3.08,16.86,0.380376,38.5589
2009-01-15,5.68,2.59,51,3.09,16.97,0.378248,38.9025
2009-01-16,5.55,2.48,46.11,3.07,16.79,0.38728,37.4437
2009-01-19,,,,,16.81,,
2009-01-20,5.55,2.5,56.65,3.05,16.79,0.380721,38.5031
2009-01-21,5.58,2.53,46.42,3.05,16.71,0.393192,36.4887
2009-01-22,5.62,2.59,47.29,3.03,16.69,0.399835,35.4157
2009-01-23,5.63,2.53,47.27,3.1,16.73,0.396553,35.9457
2009-01-26,5.6,2.54,45.69,3.06,16.74,0.401082,35.2142
2009-01-27,5.47,2.46,42.25,3.01,16.76,0.395495,36.1166
2009-01-28,5.49,2.49,39.66,3,16.4,0.420011,32.1567
2009-01-29,5.41,2.45,42.63,2.96,16.22,0.419208,32.2864
2009-01-30,5.38,2.45,44.84,2.93,16.22,0.42245,31.7627
2009-01-31,,,,,16.26,,
2009-02-02,5.33,2.43,45.52,2.9,16.4,0.405898,34.4364
2009-02-03,5.32,2.39,43.06,2.93,16.3,0.416542,32.717
2009-02-04,5.29,2.39,43.85,2.9,16.15,0.417661,32.5362
2009-02-05,5.23,2.35,43.73,2.88,16.13,0.413863,33.1497
2009-02-06,5.13,2.3,43.37,2.83,16.05,0.423534,31.5876
2009-02-09,5.09,2.3,43.64,2.79,15.98,0.425431,31.2811
2009-02-10,5.08,2.32,46.67,2.76,16.07,0.413641,33.1856
2009-02-11,5.1,2.29,44.53,2.81,16.17,0.407405,34.193
2009-02-12,5.16,2.34,41.25,2.82,16.27,0.409994,33.7747
2009-02-13,5.24,2.43,42.93,2.81,16.21,0.422866,31.6956
2009-02-16,,,,,16.06,,
2009-02-17,5.28,2.48,48.66,2.8,16.45,0.399646,35.4462
2009-02-18,5.21,2.45,48.46,2.76,16.59,0.40067,35.2808
2009-02-19,5.27,2.55,47.08,2.72,16.48,0.409652,33.8299
2009-02-20,5.25,2.5,49.3,2.75,16.76,0.399782,35.4242
2009-02-23,5.24,2.45,52.62,2.79,16.85,0.386164,37.6239
2009-02-24,5.23,2.41,45.49,2.82,17.22,0.392057,36.672
2009-02-25,5.18,2.36,44.67,2.82,17.17,0.394712,36.2432
2009-02-26,5.23,2.38,44.66,2.85,17.18,0.391007,36.8416
2009-02-27,5.22,2.41,46.35,2.81,17.39,0.387339,37.434
2009-02-28,,,,,17.38,,
2009-03-02,5.29,2.5,52.65,2.79,17.84,0.373122,39.7305
2009-03-03,5.34,2.51,50.93,2.83,18.09,0.377132,39.0829
2009-03-04,5.31,2.45,47.56,2.86,18.28,0.378809,38.812
2009-03-05,5.34,2.49,50.17,2.85,18.59,0.351089,43.2894
2009-03-06,5.35,2.55,49.33,2.8,18.66,0.351744,43.1836
2009-03-09,5.4,2.53,49.68,2.87,18.86,0.35176,43.1811
2009-03-10,5.45,2.55,44.37,2.9,18.71,0.376391,39.2025
2009-03-11,5.45,2.54,43.61,2.91,18.38,0.378291,38.8956
2009-03-12,5.52,2.58,41.18,2.94,18.29,0.38274,38.177
2009-03-13,5.56,2.62,42.36,2.94,18.04,0.385542,37.7244
2009-03-16,5.57,2.73,43.74,2.84,17.63,0.393941,36.3677
2009-03-17,5.6,2.73,40.8,2.87,17.58,0.393861,36.3806
2009-03-18,5.88,3,40.06,2.88,17.97,0.388211,37.2932
2009-03-19,5.84,2.94,43.68,2.9,17.74,0.384333,37.9197
2009-03-20,5.86,2.94,45.89,2.92,17.74,0.385737,37.6929
2009-03-23,5.88,2.94,43.23,2.94,17.56,0.397145,35.8502
2009-03-24,5.8,2.76,42.93,3.04,17.45,0.394142,36.3352
2009-03-25,5.79,2.74,42.25,3.05,17.26,0.401652,35.1221
2009-03-26,5.76,2.72,40.36,3.04,17.09,0.403202,34.8717
2009-03-27,5.72,2.67,41.04,3.05,16.75,0.39616,36.0093
2009-03-30,5.75,2.7,45.54,3.05,16.89,0.376166,39.2388
2009-03-31,5.74,2.68,44.14,3.06,17.03,0.379374,38.7207
2009-04-01,5.7,2.64,42.28,3.06,17.12,0.376536,39.179
2009-04-02,5.69,2.63,42.04,3.06,16.78,0.395057,36.1874
2009-04-03,5.68,2.59,39.7,3.09,16.53,0.408993,33.9363
2009-04-06,5.68,2.58,40.93,3.1,16.43,0.40941,33.869
2009-04-07,5.67,2.57,40.39,3.1,16.44,0.403667,34.7966
2009-04-08,5.64,2.57,38.85,3.07,16.36,0.404846,34.6062
2009-04-09,5.61,2.47,36.53,3.14,16.19,0.421652,31.8916
2009-04-13,5.6,2.45,37.81,3.15,16.16,0.417526,32.558
2009-04-14,5.6,2.5,37.67,3.1,15.85,0.413228,33.2523
2009-04-15,5.53,2.47,36.17,3.06,15.74,0.417459,32.5689
2009-04-16,5.52,2.49,35.79,3.03,15.44,0.427463,30.953
2009-04-17,5.43,2.35,33.94,3.08,15.05,0.441663,28.6593
2009-04-20,5.35,2.35,39.18,3,15.17,0.419174,32.2919
2009-04-21,5.3,2.35,37.14,2.95,15.35,0.428146,30.8427
2009-04-22,5.33,2.4,38.1,2.93,15.27,0.432814,30.0886
2009-04-23,5.3,2.38,37.15,2.92,15.17,0.432387,30.1576
2009-04-24,5.25,2.39,36.82,2.86,14.87,0.443538,28.3565
2009-04-27,5.3,2.44,38.32,2.86,14.91,0.438163,29.2247
2009-04-28,5.24,2.45,37.95,2.79,14.79,0.446402,27.8939
2009-04-29,5.17,2.34,36.08,2.83,14.46,0.458755,25.8984
2009-04-30,5.08,2.29,36.5,2.79,13.45,0.464169,25.0239
2009-05-01,5.01,2.29,35.3,2.72,13.34,0.466653,24.6227
2009-05-04,4.98,2.28,34.53,2.7,13.23,0.464011,25.0494
2009-05-05,4.93,2.19,33.36,2.74,13.08,0.468591,24.3097
2009-05-06,4.91,2.24,32.45,2.67,12.94,0.473592,23.5019
2009-05-07,4.9,2.31,33.44,2.59,12.54,0.477463,22.8766
2009-05-08,4.85,2.31,32.05,2.54,12.41,0.484836,21.6857
2009-05-11,4.88,2.34,32.87,2.54,12.58,0.475547,23.1861
2009-05-12,4.86,2.31,31.8,2.55,12.64,0.475686,23.1636
2009-05-13,4.86,2.3,33.65,2.56,12.85,0.464435,24.981
2009-05-14,4.87,2.29,31.37,2.58,12.91,0.457742,26.062
2009-05-15,4.85,2.27,33.12,2.58,12.91,0.451459,27.077
2009-05-18,4.85,2.28,30.24,2.57,12.82,0.468324,24.3527
2009-05-19,4.79,2.28,28.8,2.51,12.67,0.473935,23.4464
2009-05-20,4.74,2.29,29.03,2.45,12.45,0.475926,23.1249
2009-05-21,4.7,2.28,31.35,2.42,12.32,0.481926,22.1557
2009-05-22,4.66,2.27,32.63,2.39,12.13,0.494069,20.1942
2009-05-25,,,,,12.15,,
2009-05-26,4.62,2.27,30.62,2.35,12.09,0.500328,19.1832
2009-05-27,4.48,2.17,32.36,2.31,11.87,0.51027,17.5774
2009-05-28,4.38,2.08,31.67,2.3,11.74,0.504751,18.4689
2009-05-29,4.29,1.89,28.92,2.4,11.76,0.495743,19.9239
2009-05-31,,,,,11.7,,
2009-06-01,4.26,1.99,30.04,2.27,11.36,0.522933,15.5319
2009-06-02,4.14,1.97,29.63,2.17,11.19,0.518618,16.229
2009-06-03,4.1,2.01,31.02,2.09,11.17,0.510858,17.4824
2009-06-04,4.05,2,30.18,2.05,11.01,0.523235,15.4832
2009-06-05,3.95,1.94,29.62,2.01,10.7,0.528934,14.5627
2009-06-08,3.81,1.85,29.77,1.96,10.6,0.531232,14.1913
2009-06-09,3.85,1.92,28.27,1.93,10.59,0.532302,14.0186
2009-06-10,3.77,1.89,28.46,1.88,10.42,0.541496,12.5335
2009-06-11,3.79,1.93,28.11,1.86,10.43,0.536762,13.2981
2009-06-12,3.79,1.95,28.15,1.84,10.41,0.53474,13.6247
2009-06-15,3.76,1.92,30.81,1.84,10.4,0.522126,14.459
2009-06-16,3.74,1.96,32.68,1.78,10.48,0.508294,16.7038
2009-06-17,3.67,1.91,31.54,1.76,10.73,0.508216,16.1981
2009-06-18,3.61,1.76,30.03,1.85,10.74,0.520962,14.06
2009-06-19,3.54,1.74,27.99,1.8,10.75,0.514444,14.3014
2009-06-22,3.51,1.76,31.17,1.75,10.93,0.50259,15.7906
2009-06-23,3.53,1.78,30.58,1.75,11.03,0.497579,15.9669
2009-06-24,3.52,1.77,29.05,1.75,11.01,0.505161,14.6863
2009-06-25,3.64,1.86,26.36,1.78,11.09,0.500795,15.1723
2009-06-26,3.65,1.84,25.93,1.81,11.09,0.499819,15.3375
2009-06-29,3.69,1.86,25.35,1.83,11.05,0.505324,14.4052
2009-06-30,3.64,1.84,26.35,1.8,10.55,0.508538,13.8607
2009-07-01,3.65,1.9,26.22,1.75,10.5,0.510807,13.4763
2009-07-02,3.63,1.89,27.95,1.74,10.52,0.500733,15.1828
2009-07-03,,,,,10.52,,
2009-07-06,3.66,1.91,29,1.75,10.61,0.494211,16.2875
2009-07-07,3.66,1.91,30.85,1.75,10.63,0.484071,18.0051
2009-07-08,3.66,1.91,31.3,1.75,10.84,0.478186,19.002
2009-07-09,3.71,1.95,29.78,1.76,10.79,0.490891,16.8499
2009-07-10,3.71,1.96,29.02,1.75,10.89,0.482681,18.2406
2009-07-13,3.7,1.93,26.31,1.77,10.92,0.486483,17.5965
2009-07-14,3.68,1.93,25.02,1.75,10.76,0.496637,15.8765
2009-07-15,3.63,1.88,25.89,1.75,10.52,0.521001,11.7496
2009-07-16,3.6,1.86,25.42,1.74,10.57,0.517006,12.4263
2009-07-17,3.56,1.85,24.34,1.71,10.41,0.525576,10.9747
2009-07-20,3.55,1.85,24.4,1.7,10.37,0.530104,10.2077
2009-07-21,3.55,1.84,23.87,1.71,10.29,0.522266,11.5355
2009-07-22,3.53,1.85,23.47,1.68,10.18,0.527651,10.6233
2009-07-23,3.48,1.83,23.43,1.65,9.88,0.542977,8.02728
2009-07-24,3.41,1.8,23.09,1.61,9.8,0.543549,7.93039
2009-07-27,3.4,1.82,24.28,1.58,9.66,0.550869,5.83097
2009-07-28,3.32,1.78,25.01,1.54,9.56,0.546635,6.55468
2009-07-29,3.23,1.72,25.61,1.51,9.44,0.545509,6.67463
2009-07-30,3.13,1.66,25.4,1.47,9.33,0.542321,6.7871
2009-07-31,3.11,1.66,25.92,1.45,9.22,0.540611,7.08094
2009-08-03,3.04,1.63,25.56,1.41,8.99,0.549972,5.47201
2009-08-04,2.99,1.58,24.89,1.41,8.88,0.55319,4.91889
2009-08-05,2.95,1.56,24.9,1.39,8.77,0.559773,3.53603
2009-08-06,2.9,1.52,25.67,1.38,8.73,0.55346,3.5167
2009-08-07,2.85,1.57,24.76,1.28,8.57,0.562018,2.02487
2009-08-10,2.85,1.57,24.99,1.28,8.58,0.557617,2.79216
2009-08-11,2.88,1.6,25.99,1.28,8.64,0.549923,4.09686
2009-08-12,2.97,1.68,25.45,1.29,8.78,0.554463,3.30505
2009-08-13,2.99,1.7,24.71,1.29,8.91,0.539758,5.26364
2009-08-14,3.02,1.76,24.27,1.26,8.94,0.534996,5.49963
2009-08-17,3.08,1.76,27.89,1.32,9.17,0.514325,9.11154
2009-08-18,3.07,1.77,26.18,1.3,9.19,0.526267,7.0013
2009-08-19,3.1,1.76,26.26,1.34,9.25,0.524064,7.15089
2009-08-20,3.09,1.76,25.09,1.33,9.27,0.518201,8.18977
2009-08-21,3.06,1.74,25.01,1.32,9.13,0.536309,4.57447
2009-08-24,3.05,1.72,25.14,1.33,9.14,0.524012,6.76234
2009-08-25,3.01,1.69,24.92,1.32,9.12,0.521001,7.2982
2009-08-26,2.98,1.67,24.95,1.31,9.11,0.520648,7.36099
2009-08-27,2.96,1.67,24.68,1.29,9.07,0.520041,7.46898
2009-08-28,2.95,1.66,24.76,1.29,9.04,0.52026,7.43001
2009-08-31,2.98,1.72,26.01,1.26,9.12,0.51984,7.50479
2009-09-01,3.01,1.76,29.15,1.25,9.18,0.516203,8.15197
2009-09-02,2.99,1.75,28.9,1.24,9.23,0.506083,9.95259
2009-09-03,3,1.76,27.1,1.24,9.19,0.51251,8.80903
2009-09-04,3,1.76,25.26,1.24,9.09,0.525385,6.51813
2009-09-07,,,,,9.1,,
2009-09-08,2.98,1.78,25.62,1.2,9.03,0.536634,4.51663
2009-09-09,3.01,1.78,24.32,1.23,8.98,0.532193,5.30674
2009-09-10,2.96,1.74,23.55,1.22,8.93,0.530663,5.57904
2009-09-11,2.97,1.76,24.15,1.21,8.78,0.532765,5.20495
2009-09-14,2.94,1.71,23.86,1.23,8.57,0.538749,4.14033
2009-09-15,2.93,1.7,23.42,1.23,8.35,0.545383,2.95979
2009-09-16,2.91,1.69,23.69,1.22,8.09,0.551418,1.88607
2009-09-17,2.87,1.67,23.65,1.2,8.09,0.545521,2.93529
2009-09-18,2.85,1.7,23.92,1.15,7.98,0.548883,2.33716
2009-09-21,2.86,1.71,24.06,1.15,8,0.547945,2.5041
2009-09-22,2.84,1.7,23.08,1.14,7.93,0.546168,2.82028
2009-09-23,2.84,1.71,23.49,1.13,7.88,0.546179,2.81822
2009-09-24,2.86,1.73,24.95,1.13,7.87,0.545613,2.91902
2009-09-25,2.83,1.71,25.61,1.12,7.89,0.53701,4.44964
2009-09-28,2.81,1.69,24.88,1.12,7.95,0.536558,4.53007
2009-09-29,2.81,1.68,25.19,1.13,7.91,0.536424,4.5539
2009-09-30,2.86,1.73,25.61,1.13,7.93,0.53679,4.48889
2009-10-01,2.9,1.74,28.27,1.16,8.11,0.515596,8.25996
2009-10-02,2.93,1.79,28.68,1.14,8.2,0.519375,7.58753
2009-10-05,2.95,1.79,26.84,1.16,8.15,0.526295,6.35626
2009-10-06,2.94,1.79,25.7,1.15,8.05,0.529732,5.74463
2009-10-07,2.92,1.76,24.68,1.16,8.11,0.527445,6.15158
2009-10-08,2.96,1.8,24.18,1.16,8,0.536424,4.5539
2009-10-09,2.96,1.79,23.12,1.17,7.87,0.551131,1.93718
2009-10-12,,,23.01,,7.88,0.550143,2.11299
2009-10-13,2.95,1.78,22.99,1.17,7.93,0.547165,2.64287
2009-10-14,2.96,1.79,22.86,1.17,7.76,0.557594,0.787102
2009-10-15,2.96,1.79,21.72,1.17,7.69,0.560056,0.349136
2009-10-16,2.93,1.77,21.43,1.16,7.69,0.555474,1.16443
2009-10-19,2.91,1.75,21.49,1.16,7.67,0.551271,1.91216
2009-10-20,2.91,1.76,20.9,1.15,7.66,0.549326,2.2583
2009-10-21,2.89,1.75,22.22,1.14,7.58,0.553603,1.49726
2009-10-22,2.88,1.75,20.69,1.13,7.52,0.560575,0.256709
2009-10-23,2.8,1.66,22.27,1.14,7.45,0.563852,0
2009-10-26,2.83,1.72,24.31,1.11,7.35,0.571581,0
2009-10-27,2.84,1.72,24.83,1.12,7.47,0.559468,2.11915
2009-10-28,2.85,1.72,27.91,1.13,7.59,0.547658,4.18535
2009-10-29,2.86,1.74,24.76,1.12,7.56,0.561462,1.77034
2009-10-30,2.86,1.75,30.69,1.11,7.66,0.548218,4.08734
2009-10-31,,,,,7.6,,
2009-11-02,2.85,1.74,29.78,1.11,7.6,0.554974,2.90538
2009-11-03,2.87,1.74,28.81,1.13,7.61,0.561828,1.70631
2009-11-04,2.89,1.75,27.72,1.14,7.55,0.567872,0.648755
2009-11-05,2.86,1.76,25.43,1.1,7.56,0.568337,0.567405
2009-11-06,2.86,1.74,24.19,1.12,7.6,0.568321,0.570283
2009-11-09,2.89,1.77,23.15,1.12,7.57,0.569906,0.293003
2009-11-10,2.92,1.8,22.84,1.12,7.52,0.570746,0.146083
2009-11-11,,,23.04,,7.52,0.5687,0.504011
2009-11-12,2.94,1.82,24.24,1.12,7.54,0.570397,0.207146
2009-11-13,2.93,1.81,23.36,1.12,7.52,0.566663,0.86034
2009-11-16,2.92,1.81,22.89,1.11,7.55,0.562711,1.55169
2009-11-17,2.92,1.8,22.41,1.12,7.55,0.559578,2.09994
2009-11-18,2.94,1.82,21.63,1.12,7.51,0.561442,1.77383
2009-11-19,2.92,1.82,22.63,1.1,7.55,0.561612,1.74407
2009-11-20,2.93,1.8,22.19,1.13,7.54,0.5616,1.74621
2009-11-23,2.92,1.74,21.16,1.18,7.52,0.561723,1.7247
2009-11-24,2.93,1.76,20.47,1.17,7.56,0.558519,2.28512
2009-11-25,2.95,1.78,20.48,1.17,7.57,0.55622,2.68742
2009-11-26,,,,,7.57,,
2009-11-27,2.99,1.82,24.85,1.17,7.64,0.550286,3.72549
2009-11-30,2.99,1.8,24.51,1.19,7.65,0.550772,3.64062
2009-12-01,3,1.81,21.92,1.19,7.58,0.559733,2.07278
2009-12-02,2.95,1.77,21.12,1.18,7.49,0.559851,2.05215
2009-12-03,2.93,1.75,22.46,1.18,7.4,0.566451,0.897483
2009-12-04,2.91,1.75,21.25,1.16,7.24,0.574851,0
2009-12-07,2.93,1.78,22.1,1.15,7.26,0.574845,0.00111378
2009-12-08,2.92,1.79,23.69,1.13,7.31,0.574651,0.0349419
2009-12-09,2.89,1.77,22.66,1.12,7.26,0.577303,0
2009-12-10,2.93,1.82,22.32,1.11,7.18,0.586915,0
2009-12-11,2.86,1.76,21.59,1.1,7.09,0.587316,0
2009-12-14,2.79,1.71,21.15,1.08,6.97,0.591338,0
2009-12-15,2.8,1.73,21.49,1.07,6.86,0.59337,0
2009-12-16,2.77,1.69,20.54,1.08,6.82,0.59544,0
2009-12-17,2.75,1.68,22.51,1.07,6.91,0.585456,1.67674
2009-12-18,2.73,1.67,21.68,1.06,6.84,0.587645,1.30896
2009-12-21,2.69,1.61,20.49,1.08,6.72,0.60006,0
2009-12-22,2.65,1.55,19.54,1.1,6.65,0.604741,0
2009-12-23,2.63,1.53,19.71,1.1,6.6,0.606048,0
2009-12-24,2.65,1.56,19.47,1.09,6.54,0.614685,0
2009-12-28,2.64,1.55,19.93,1.09,6.5,0.614596,0.0144776
2009-12-29,2.59,1.52,20.01,1.07,6.49,0.607301,1.20135
2009-12-30,2.56,1.5,19.96,1.06,6.5,0.605889,1.43101
2009-12-31,2.54,1.48,21.68,1.06,6.39,0.60976,0.801276
2010-01-04,2.54,1.5,20.04,1.04,6.34,0.615097,0
2010-01-05,2.53,1.47,19.35,1.06,6.3,0.61405,0.170125
2010-01-06,2.49,1.45,19.16,1.04,6.17,0.623989,0
2010-01-07,2.48,1.46,19.06,1.02,6.03,0.625456,0
2010-01-08,2.49,1.49,18.13,1,6.02,0.626717,0
2010-01-11,2.47,1.5,17.55,0.97,5.99,0.629612,0
2010-01-12,2.48,1.51,18.25,0.97,6.07,0.615838,2.18763
2010-01-13,2.5,1.52,17.85,0.98,6.03,0.624481,0.814928
2010-01-14,2.46,1.41,17.63,1.05,6.04,0.616546,2.07528
2010-01-15,2.48,1.42,17.91,1.06,6.1,0.610287,3.06927
2010-01-18,,,,,6.1,,
2010-01-19,2.48,1.49,17.58,0.99,6.11,0.61231,2.74805
2010-01-20,2.48,1.56,18.68,0.92,6.16,0.605286,3.8637
2010-01-21,2.51,1.59,22.27,0.92,6.24,0.593116,5.79654
2010-01-22,2.53,1.59,27.31,0.94,6.36,0.588518,6.52684
2010-01-25,2.56,1.63,25.41,0.93,6.42,0.592102,5.9576
2010-01-26,2.59,1.65,24.55,0.94,6.44,0.592657,5.86942
2010-01-27,2.57,1.62,23.14,0.95,6.41,0.593186,5.78541
2010-01-28,2.57,1.62,23.73,0.95,6.41,0.590987,6.1347
2010-01-29,2.57,1.61,24.62,0.96,6.46,0.58289,7.42066
2010-01-31,,,,,6.54,,
2010-02-01,2.57,1.62,22.59,0.95,6.54,0.59107,6.12159
2010-02-02,2.56,1.61,21.48,0.95,6.54,0.591172,6.10531
2010-02-03,2.58,1.63,21.6,0.95,6.46,0.601157,4.51939
2010-02-04,2.62,1.65,26.08,0.97,6.59,0.583395,7.34055
2010-02-05,2.62,1.65,26.11,0.97,6.81,0.578718,8.08329
2010-02-08,2.64,1.65,26.51,0.99,6.85,0.575449,8.60253
2010-02-09,2.65,1.65,26,1,6.88,0.582423,7.49496
2010-02-10,2.66,1.67,25.4,0.99,6.93,0.580124,7.86011
2010-02-11,2.7,1.7,23.96,1,6.98,0.585661,6.98068
2010-02-12,2.72,1.72,22.73,1,7.03,0.58291,7.41751
2010-02-15,,,,,7.01,,
2010-02-16,2.73,1.73,22.25,1,7.02,0.587568,6.67769
2010-02-17,2.73,1.72,21.72,1.01,6.8,0.598904,4.87724
2010-02-18,2.72,1.7,20.63,1.02,6.65,0.607032,3.58627
2010-02-19,2.65,1.65,20.02,1,6.56,0.607837,3.45847
2010-02-22,2.65,1.65,19.94,1,6.5,0.611135,2.93466
2010-02-23,2.65,1.64,21.37,1.01,6.6,0.597383,5.11887
2010-02-24,2.65,1.62,20.27,1.03,6.58,0.598213,4.98693
2010-02-25,2.64,1.62,20.1,1.02,6.65,0.594938,5.50722
2010-02-26,2.62,1.6,19.5,1.02,6.66,0.595851,5.3622
2010-02-28,,,,,6.71,,
2010-03-01,2.65,1.61,19.26,1.04,6.66,0.596566,5.24863
2010-03-02,2.64,1.61,19.06,1.03,6.58,0.601215,4.51028
2010-03-03,2.63,1.62,18.83,1.01,6.54,0.603356,4.17012
2010-03-04,2.62,1.61,18.72,1.01,6.49,0.600672,4.59643
2010-03-05,2.61,1.6,17.42,1.01,6.37,0.612282,2.75242
2010-03-08,2.59,1.57,17.79,1.02,6.27,0.615628,2.22095
2010-03-09,2.61,1.58,17.92,1.03,6.23,0.618153,1.81995
2010-03-10,2.59,1.57,18.57,1.02,6.16,0.619951,1.53447
2010-03-11,2.56,1.55,18.06,1.01,6.15,0.617116,1.98461
2010-03-12,2.55,1.53,17.58,1.02,6.11,0.613435,2.56925
2010-03-15,2.56,1.54,18,1.02,6.12,0.613554,2.55047
2010-03-16,2.55,1.54,17.69,1.01,6.16,0.610775,2.99173
2010-03-17,2.53,1.53,16.91,1,6.11,0.608172,3.4052
2010-03-18,2.52,1.53,16.62,0.99,6.02,0.61107,2.94491
2010-03-19,2.49,1.5,16.97,0.99,5.98,0.607433,3.52263
2010-03-22,2.5,1.52,16.87,0.98,6.02,0.609661,3.16878
2010-03-23,2.51,1.53,16.35,0.98,6,0.612476,2.72163
2010-03-24,2.48,1.5,17.55,0.98,5.85,0.623511,0.968904
2010-03-25,2.47,1.49,18.4,0.98,5.78,0.62901,0.0956606
2010-03-26,2.49,1.49,17.77,1,5.8,0.627028,0.410411
2010-03-29,2.49,1.49,17.59,1,5.79,0.630215,0
2010-03-30,2.48,1.49,17.13,0.99,5.77,0.627593,0.416116
2010-03-31,2.47,1.48,17.59,0.99,5.84,0.621348,1.40704
2010-04-01,2.44,1.44,17.47,1,5.82,0.621364,1.40453
2010-04-02,2.44,1.44,,1,,,
2010-04-05,2.43,1.43,17.02,1,5.65,0.631589,0
2010-04-06,2.46,1.47,16.23,0.99,5.65,0.634689,0
2010-04-07,2.44,1.45,16.62,0.99,5.72,0.627604,1.11641
2010-04-08,2.43,1.44,16.48,0.99,5.7,0.628388,0.992745
2010-04-09,2.43,1.44,16.14,0.99,5.68,0.627827,1.08123
2010-04-12,2.4,1.42,15.58,0.98,5.68,0.62467,1.57863
2010-04-13,2.4,1.42,16.2,0.98,5.66,0.624341,1.63046
2010-04-14,2.4,1.43,15.59,0.97,5.57,0.630457,0.666799
2010-04-15,2.42,1.45,15.89,0.97,5.52,0.631449,0.510538
2010-04-16,2.43,1.46,18.36,0.97,5.57,0.621819,2.02783
2010-04-19,2.42,1.45,17.34,0.97,5.59,0.622149,1.97588
2010-04-20,2.4,1.45,15.73,0.95,5.54,0.626607,1.2735
2010-04-21,2.38,1.43,16.32,0.95,5.55,0.621564,2.06806
2010-04-22,2.38,1.43,16.47,0.95,5.5,0.621604,2.0617
2010-04-23,2.37,1.42,16.62,0.95,5.44,0.627876,1.07353
2010-04-26,2.38,1.44,17.47,0.94,5.42,0.627179,1.18335
2010-04-27,2.39,1.44,22.81,0.95,5.55,0.610669,3.7845
2010-04-28,2.38,1.44,21.08,0.94,5.51,0.61634,2.89112
2010-04-29,2.37,1.43,18.44,0.94,5.54,0.617998,2.62985
2010-04-30,2.38,1.44,22.05,0.94,5.61,0.612945,3.42602
2010-05-03,2.37,1.43,20.19,0.94,5.57,0.613676,3.31075
2010-05-04,2.38,1.43,23.84,0.95,5.68,0.596647,5.99386
2010-05-05,2.4,1.45,24.91,0.95,5.91,0.585049,7.82112
2010-05-06,2.41,1.39,32.8,1.02,6.26,0.553438,12.8018
2010-05-07,2.55,1.5,40.95,1.05,6.47,0.560377,11.7084
2010-05-10,2.53,1.5,28.84,1.03,6.25,0.582932,8.15471
2010-05-11,2.58,1.53,28.32,1.05,6.34,0.583752,8.02547
2010-05-12,2.61,1.57,25.52,1.04,6.18,0.595412,6.18842
2010-05-13,2.6,1.56,26.68,1.04,6.14,0.587845,7.38073
2010-05-14,2.59,1.53,31.24,1.06,6.33,0.574467,9.48846
2010-05-17,2.59,1.52,30.84,1.07,6.36,0.575858,9.26926
2010-05-18,2.61,1.51,33.55,1.1,6.46,0.565969,10.8274
2010-05-19,2.65,1.52,35.32,1.13,6.59,0.560797,11.6423
2010-05-20,2.74,1.58,45.79,1.16,6.92,0.532841,16.0469
2010-05-21,2.76,1.58,40.1,1.18,7.02,0.542991,14.4477
2010-05-24,2.79,1.6,38.32,1.19,6.97,0.545714,14.0187
2010-05-25,2.81,1.59,34.61,1.22,7.24,0.542413,14.5387
2010-05-26,2.87,1.68,35.02,1.19,7.07,0.537445,15.3216
2010-05-27,2.89,1.7,29.68,1.19,6.88,0.55751,12.1601
2010-05-28,2.89,1.7,32.07,1.19,6.9,0.555888,12.4158
2010-05-31,,,,,6.98,,
2010-06-01,2.92,1.66,35.54,1.26,7.04,0.549398,13.4382
2010-06-02,2.91,1.67,30.17,1.24,7.04,0.557521,12.1584
2010-06-03,2.92,1.66,29.46,1.26,6.93,0.561821,11.481
2010-06-04,2.95,1.68,35.48,1.27,7.14,0.544052,14.2805
2010-06-07,3,1.72,36.57,1.28,7.18,0.536164,15.5233
2010-06-08,2.99,1.68,33.7,1.31,7.27,0.539688,14.9682
2010-06-09,3,1.68,33.73,1.32,7.26,0.541464,14.6883
2010-06-10,3.01,1.67,30.57,1.34,7.19,0.556942,12.2497
2010-06-11,3.04,1.65,28.79,1.39,7.27,0.55075,13.2253
2010-06-14,3.06,1.68,28.58,1.38,7.16,0.554315,12.6636
2010-06-15,3.05,1.67,25.87,1.38,7.03,0.562021,11.4494
2010-06-16,3.07,1.69,25.92,1.38,6.97,0.559296,11.8787
2010-06-17,3.04,1.65,25.05,1.39,6.91,0.558944,11.9342
2010-06-18,3.04,1.63,23.95,1.41,6.82,0.562272,11.4099
2010-06-21,3.02,1.63,24.88,1.39,6.68,0.565913,10.8362
2010-06-22,3.04,1.64,27.05,1.4,6.75,0.555251,12.5161
2010-06-23,3.05,1.69,26.91,1.36,6.82,0.551115,13.1677
2010-06-24,3.08,1.71,29.74,1.37,6.89,0.550605,13.2481
2010-06-25,3.09,1.71,28.53,1.38,6.9,0.550888,13.2035
2010-06-28,3.1,1.73,29,1.37,6.93,0.546974,13.8202
2010-06-29,3.12,1.74,34.13,1.38,7.06,0.535656,15.6034
2010-06-30,3.08,1.69,34.54,1.39,7.13,0.531264,16.2954
2010-07-01,3.02,1.66,32.86,1.36,7.17,0.532963,16.0276
2010-07-02,3.04,1.69,30.12,1.35,7.13,0.537374,15.3328
2010-07-05,,,,,7.13,,
2010-07-06,3.05,1.69,29.65,1.36,7.14,0.5372,15.3601
2010-07-07,3.08,1.71,26.84,1.37,7.1,0.550123,13.324
2010-07-08,3.07,1.71,25.71,1.36,6.98,0.556215,12.3643
2010-07-09,3.07,1.72,24.98,1.35,6.88,0.558121,12.0638
2010-07-12,3.05,1.71,24.43,1.34,6.85,0.557895,12.0995
2010-07-13,3.03,1.71,24.56,1.32,6.7,0.567076,10.653
2010-07-14,3.02,1.69,24.89,1.33,6.68,0.560908,11.6248
2010-07-15,3.02,1.68,25.14,1.34,6.73,0.556201,12.3665
2010-07-16,3.04,1.71,26.25,1.33,6.77,0.550135,13.3221
2010-07-19,3.04,1.71,25.97,1.33,6.77,0.55539,12.4943
2010-07-20,2.99,1.7,23.93,1.29,6.79,0.559021,11.9221
2010-07-21,2.98,1.71,25.64,1.27,6.75,0.549456,13.4291
2010-07-22,2.97,1.74,24.63,1.23,6.67,0.560832,11.6368
2010-07-23,2.95,1.72,23.47,1.23,6.59,0.569409,10.2854
2010-07-26,2.92,1.71,22.73,1.21,6.54,0.570637,10.0919
2010-07-27,2.9,1.73,23.19,1.17,6.43,0.575412,9.33953
2010-07-28,2.92,1.73,24.25,1.19,6.47,0.572325,9.82594
2010-07-29,2.92,1.77,24.13,1.15,6.48,0.574243,9.52368
2010-07-30,2.91,1.76,23.5,1.15,6.57,0.563979,11.141
2010-07-31,,,,,6.59,,
2010-08-02,2.9,1.79,22.01,1.11,6.54,0.574991,9.4059
2010-08-03,2.92,1.79,22.63,1.13,6.55,0.571691,9.9258
2010-08-04,2.9,1.77,22.21,1.13,6.49,0.575773,9.28265
2010-08-05,2.93,1.78,22.1,1.15,6.51,0.57284,9.74475
2010-08-06,2.94,1.79,21.74,1.15,6.57,0.566532,10.7387
2010-08-09,2.95,1.8,22.14,1.15,6.54,0.567604,10.5698
2010-08-10,3.05,1.89,22.37,1.16,6.6,0.566218,10.7882
2010-08-11,3.03,1.85,25.39,1.18,6.78,0.551441,13.1164
2010-08-12,3.04,1.84,25.73,1.2,6.83,0.550899,13.2018
2010-08-13,3.05,1.84,26.24,1.21,6.87,0.546498,13.8952
2010-08-16,3,1.78,26.1,1.22,6.91,0.533827,15.8916
2010-08-17,2.99,1.83,24.33,1.16,6.82,0.538931,15.0875
2010-08-18,2.94,1.79,24.59,1.15,6.78,0.538408,15.1698
2010-08-19,2.93,1.78,26.44,1.15,6.82,0.529054,16.6437
2010-08-20,2.9,1.74,25.49,1.16,6.8,0.530922,16.3493
2010-08-23,2.94,1.77,25.66,1.17,6.82,0.530822,16.3651
2010-08-24,2.95,1.77,27.46,1.18,6.93,0.51971,18.1158
2010-08-25,2.94,1.74,26.7,1.2,6.92,0.520686,17.9621
2010-08-26,2.95,1.74,27.37,1.21,6.93,0.515126,18.8381
2010-08-27,2.96,1.75,24.45,1.21,6.81,0.530075,16.4828
2010-08-30,2.99,1.8,27.21,1.19,6.89,0.52106,17.9032
2010-08-31,3.01,1.79,26.05,1.22,6.92,0.51517,18.8312
2010-09-01,3.01,1.8,23.89,1.21,6.8,0.531731,16.2219
2010-09-02,3.02,1.82,23.19,1.2,6.72,0.53827,15.1916
2010-09-03,2.97,1.78,21.31,1.19,6.62,0.546644,13.8722
2010-09-06,,,,,6.62,,
2010-09-07,2.96,1.78,23.8,1.18,6.68,0.534886,15.7247
2010-09-08,2.95,1.79,23.25,1.16,6.59,0.539294,15.0302
2010-09-09,2.96,1.79,22.81,1.17,6.47,0.552349,12.9732
2010-09-10,2.94,1.78,21.99,1.16,6.37,0.556335,12.3453
2010-09-13,2.97,1.83,21.21,1.14,6.36,0.556514,12.3172
2010-09-14,2.97,1.83,21.56,1.14,6.36,0.551083,13.1729
2010-09-15,3,1.85,22.1,1.15,6.31,0.558875,11.9451
2010-09-16,3.02,1.87,21.72,1.15,6.25,0.565405,10.9163
2010-09-17,3.03,1.88,22.01,1.15,6.24,0.564139,11.1157
2010-09-20,3.02,1.87,21.5,1.15,6.25,0.561766,11.4896
2010-09-21,3.05,1.96,22.35,1.09,6.32,0.553141,12.8486
2010-09-22,3.05,1.93,22.51,1.12,6.35,0.546005,13.9729
2010-09-23,3.04,1.96,23.87,1.08,6.37,0.543029,14.4417
2010-09-24,3.05,1.98,21.71,1.07,6.32,0.552607,12.9326
2010-09-27,3.04,1.97,22.54,1.07,6.36,0.544079,14.2763
2010-09-28,3.06,1.99,22.6,1.07,6.36,0.541174,14.734
2010-09-29,3.06,1.99,23.25,1.07,6.29,0.544712,14.1767
2010-09-30,3.05,2.01,23.7,1.04,6.26,0.547821,13.6867
2010-10-01,3.07,2.03,22.5,1.04,6.22,0.551205,13.1535
2010-10-04,3.1,2.07,23.53,1.03,6.23,0.547876,13.6781
2010-10-05,3.11,2.08,21.76,1.03,6.18,0.553171,12.8438
2010-10-06,3.13,2.1,21.49,1.03,6.15,0.545815,14.0028
2010-10-07,3.18,2.15,21.56,1.03,6.13,0.551516,13.1045
2010-10-08,3.21,2.17,20.71,1.04,6.12,0.55581,12.428
2010-10-11,,,18.96,,6.11,0.556881,12.2593
2010-10-12,3.22,2.19,18.93,1.03,6.08,0.561937,11.4627
2010-10-13,3.22,2.2,19.07,1.02,6.02,0.564691,11.0287
2010-10-14,3.23,2.2,19.88,1.03,5.97,0.570522,10.1101
2010-10-15,3.26,2.22,19.03,1.04,5.95,0.579058,8.76513
2010-10-18,3.26,2.22,19.09,1.04,6.02,0.573652,9.61695
2010-10-19,3.25,2.2,20.63,1.05,6.04,0.570147,10.1691
2010-10-20,3.23,2.18,19.79,1.05,6.06,0.570691,10.0834
2010-10-21,3.2,2.14,19.27,1.06,6,0.57665,9.14455
2010-10-22,3.18,2.11,18.78,1.07,5.96,0.575396,9.34207
2010-10-25,3.13,2.1,19.85,1.03,5.9,0.57598,9.25002
2010-10-26,3.13,2.11,20.22,1.02,5.79,0.585916,7.68454
2010-10-27,3.09,2.05,20.71,1.04,5.73,0.590463,6.96812
2010-10-28,3.16,2.12,20.88,1.04,5.77,0.589185,7.16958
2010-10-29,3.15,2.12,21.2,1.03,5.82,0.583986,7.98863
2010-10-31,,,,,5.93,,
2010-11-01,3.13,2.1,21.83,1.03,5.96,0.585412,7.76394
2010-11-02,3.08,2.03,21.57,1.05,5.94,0.580643,8.51533
2010-11-03,3.16,2.11,19.56,1.05,5.92,0.594701,6.30041
2010-11-04,3.24,2.22,18.52,1.02,5.89,0.597785,5.81448
2010-11-05,3.27,2.2,18.26,1.07,5.79,0.607555,4.2752
2010-11-08,3.25,2.19,18.29,1.06,5.76,0.603061,4.98333
2010-11-09,3.25,2.21,19.08,1.04,5.64,0.614905,3.11712
2010-11-10,3.31,2.27,18.47,1.04,5.75,0.609028,4.04306
2010-11-11,,,18.64,,5.75,0.606922,4.37499
2010-11-12,3.24,2.19,20.61,1.05,5.75,0.607983,4.20777
2010-11-15,3.2,2.15,20.2,1.05,5.67,0.619769,2.35087
2010-11-16,3.15,2.1,22.58,1.05,5.89,0.598071,5.76955
2010-11-17,3.13,2.08,21.76,1.05,5.89,0.604438,4.76624
2010-11-18,3.12,2.08,18.75,1.04,5.8,0.609614,3.95078
2010-11-19,3.11,2.05,18.04,1.06,5.81,0.605691,4.56886
2010-11-22,3.14,2.09,18.37,1.05,5.9,0.598918,5.63598
2010-11-23,3.13,2.08,20.63,1.05,6.04,0.587785,7.39008
2010-11-24,3.1,2.05,19.56,1.05,5.93,0.602059,5.14121
2010-11-25,,,,,5.93,,
2010-11-26,3.07,2.01,22.22,1.06,5.94,0.591672,6.77774
2010-11-29,3.04,2,21.53,1.04,6.03,0.588179,7.3281
2010-11-30,3.03,1.98,23.54,1.05,6.22,0.586448,7.60078
2010-12-01,3.01,1.95,21.36,1.06,6.02,0.60533,4.6257
2010-12-02,2.99,1.94,19.39,1.05,5.93,0.607254,4.32261
2010-12-03,3.02,1.97,18.01,1.05,5.92,0.613082,3.4044
2010-12-06,3.02,1.98,18.02,1.04,5.95,0.604206,4.80281
2010-12-07,2.99,1.94,17.99,1.05,5.69,0.620602,2.21956
2010-12-08,2.9,1.81,17.74,1.09,5.62,0.624635,1.58414
2010-12-09,2.86,1.78,17.25,1.08,5.6,0.620251,2.27492
2010-12-10,2.79,1.71,17.61,1.08,5.54,0.624324,1.63315
2010-12-13,2.8,1.7,17.55,1.1,5.58,0.618856,2.49467
2010-12-14,2.75,1.66,17.61,1.09,5.42,0.631097,0.565994
2010-12-15,2.74,1.64,17.94,1.1,5.4,0.63692,0
2010-12-16,2.77,1.67,17.39,1.1,5.45,0.634884,0.319708
2010-12-17,2.73,1.64,16.11,1.09,5.54,0.624421,1.96254
2010-12-20,2.75,1.65,16.41,1.1,5.52,0.626207,1.68209
2010-12-21,2.72,1.63,16.49,1.09,5.5,0.623186,2.15637
2010-12-22,2.73,1.64,15.45,1.09,5.45,0.629416,1.17828
2010-12-23,2.7,1.62,16.47,1.08,5.37,0.631331,0.877485
2010-12-24,,,,,5.37,,
2010-12-27,2.7,1.61,17.67,1.09,5.4,0.62623,1.67849
2010-12-28,2.68,1.6,17.52,1.08,5.28,0.639144,0
2010-12-29,2.7,1.61,17.28,1.09,5.4,0.630612,1.33501
2010-12-30,2.69,1.6,17.52,1.09,5.32,0.631788,1.15097
2010-12-31,2.68,1.58,17.75,1.1,5.41,0.625984,2.05908
2011-01-03,2.68,1.57,17.61,1.11,5.32,0.631229,1.23834
2011-01-04,2.71,1.61,17.38,1.1,5.27,0.633348,0.906882
2011-01-05,2.67,1.59,17.02,1.08,5.11,0.649255,0
2011-01-06,2.67,1.62,17.4,1.05,5.13,0.647209,0.315129
2011-01-07,2.73,1.68,17.14,1.05,5.23,0.641302,1.22495
2011-01-10,2.75,1.67,17.54,1.08,5.28,0.637357,1.83247
2011-01-11,2.68,1.62,16.89,1.06,5.22,0.64342,0.898732
2011-01-12,2.68,1.62,16.24,1.06,5.17,0.649829,0
2011-01-13,2.71,1.66,16.39,1.05,5.18,0.643924,0.908719
2011-01-14,2.74,1.68,15.46,1.06,5.12,0.649125,0.108319
2011-01-17,,,,,5.12,,
2011-01-18,2.72,1.67,15.87,1.05,5.1,0.652109,0
2011-01-19,2.7,1.65,17.31,1.05,5.11,0.645449,1.02128
2011-01-20,2.7,1.65,17.99,1.05,5.03,0.653185,0
2011-01-21,2.68,1.63,18.47,1.05,5.05,0.650684,0.382857
2011-01-24,2.67,1.63,17.65,1.04,5.03,0.651326,0.284579
2011-01-25,2.66,1.63,17.59,1.03,5.06,0.646184,1.07182
2011-01-26,2.68,1.67,16.64,1.01,4.98,0.657483,0
2011-01-27,2.67,1.67,16.15,1,4.99,0.655391,0.318109
2011-01-28,2.7,1.71,20.04,0.99,5.03,0.648064,1.43263
2011-01-31,2.68,1.7,19.53,0.98,5.08,0.656542,0.143146
2011-02-01,2.66,1.68,17.63,0.98,4.99,0.661105,0
2011-02-02,2.64,1.66,17.3,0.98,4.89,0.661681,0
2011-02-03,2.61,1.63,16.69,0.98,4.83,0.667212,0
2011-02-04,2.57,1.6,15.93,0.97,4.68,0.676998,0
2011-02-07,2.53,1.58,16.28,0.95,4.64,0.674755,0.331314
2011-02-08,2.5,1.56,15.81,0.94,4.53,0.68175,0
2011-02-09,2.53,1.59,15.87,0.94,4.6,0.672052,1.42251
2011-02-10,2.55,1.61,16.09,0.94,4.55,0.680643,0.162384
2011-02-11,2.56,1.62,15.69,0.94,4.59,0.672664,1.33281
2011-02-14,2.53,1.59,15.95,0.94,4.58,0.672724,1.32398
2011-02-15,2.53,1.65,16.37,0.88,4.57,0.668421,1.95511
2011-02-16,2.53,1.65,16.72,0.88,4.54,0.670805,1.60548
2011-02-17,2.56,1.68,16.59,0.88,4.56,0.671287,1.53473
2011-02-18,2.58,1.7,16.43,0.88,4.53,0.675437,0.926047
2011-02-21,,,,,4.52,,
2011-02-22,2.62,1.74,20.8,0.88,4.66,0.659995,3.19105
2011-02-23,2.6,1.71,22.13,0.89,4.66,0.658252,3.44673
2011-02-24,2.59,1.68,21.32,0.91,4.73,0.65459,3.98384
2011-02-25,2.6,1.7,19.22,0.9,4.72,0.652746,4.2543
2011-02-28,2.57,1.67,18.35,0.9,4.78,0.655155,3.90103
2011-03-01,2.59,1.68,21.01,0.91,4.76,0.65226,4.32563
2011-03-02,2.6,1.7,20.7,0.9,4.72,0.663021,2.74724
2011-03-03,2.55,1.63,18.6,0.92,4.6,0.671978,1.43333
2011-03-04,2.6,1.68,19.06,0.92,4.69,0.665056,2.44872
2011-03-07,2.59,1.68,20.66,0.91,4.69,0.669477,1.80031
2011-03-08,2.59,1.68,19.82,0.91,4.64,0.672996,1.28413
2011-03-09,2.61,1.7,20.22,0.91,4.71,0.664646,2.50887
2011-03-10,2.66,1.76,21.88,0.9,4.85,0.650251,4.62029
2011-03-11,2.63,1.73,20.08,0.9,4.88,0.653799,4.09994
2011-03-14,2.65,1.76,21.13,0.89,4.93,0.651433,4.44698
2011-03-15,2.68,1.77,24.32,0.91,5.09,0.638501,6.34379
2011-03-16,2.71,1.8,29.4,0.91,5.16,0.62745,7.96489
2011-03-17,2.72,1.8,26.37,0.92,5.1,0.639129,6.25173
2011-03-18,2.69,1.79,24.44,0.9,5.02,0.640438,6.05967
2011-03-21,2.64,1.75,20.61,0.89,4.93,0.648188,4.923
2011-03-22,2.64,1.74,20.21,0.9,4.91,0.646383,5.18764
2011-03-23,2.63,1.73,19.17,0.9,4.91,0.646441,5.17917
2011-03-24,2.59,1.69,18,0.9,4.84,0.651906,4.37751
2011-03-25,2.58,1.68,17.91,0.9,4.79,0.653746,4.10763
2011-03-28,2.56,1.65,19.44,0.91,4.76,0.653039,4.21138
2011-03-29,2.59,1.68,18.16,0.91,4.73,0.658461,3.41614
2011-03-30,2.59,1.69,17.71,0.9,4.76,0.654248,4.03406
2011-03-31,2.58,1.68,17.74,0.9,4.77,0.655242,3.88818
2011-04-01,2.58,1.67,17.4,0.91,4.72,0.651286,4.46848
2011-04-04,2.58,1.68,17.5,0.9,4.72,0.654572,3.98656
2011-04-05,2.55,1.65,17.25,0.9,4.65,0.656493,3.70476
2011-04-06,2.55,1.66,16.9,0.89,4.57,0.667951,2.02412
2011-04-07,2.57,1.64,17.11,0.93,4.56,0.669937,1.73276
2011-04-08,2.56,1.64,17.87,0.92,4.53,0.673515,1.20791
2011-04-11,2.55,1.64,16.59,0.91,4.53,0.672257,1.39253
2011-04-12,2.58,1.67,17.09,0.91,4.63,0.662989,2.75197
2011-04-13,2.58,1.67,16.92,0.91,4.65,0.662021,2.89391
2011-04-14,2.55,1.64,16.27,0.91,4.6,0.659867,3.20988
2011-04-15,2.56,1.65,15.32,0.91,4.68,0.651887,4.3803
2011-04-18,2.58,1.76,16.96,0.82,4.74,0.648147,4.92888
2011-04-19,2.56,1.74,15.83,0.82,4.75,0.647625,5.00554
2011-04-20,2.55,1.73,15.07,0.82,4.66,0.654303,4.02604
2011-04-21,2.57,1.76,14.69,0.81,4.65,0.65643,3.714
2011-04-25,2.58,1.77,15.77,0.81,4.69,0.653252,4.18017
2011-04-26,2.57,1.76,15.62,0.81,4.71,0.648459,4.88322
2011-04-27,2.57,1.78,15.35,0.79,4.67,0.655584,3.83811
2011-04-28,2.59,1.77,14.62,0.82,4.73,0.650963,4.51583
2011-04-29,2.58,1.77,14.75,0.81,4.71,0.650494,4.5847
2011-04-30,,,,,4.76,,
2011-05-02,2.57,1.77,15.99,0.8,4.74,0.64912,4.78617
2011-05-03,2.57,1.75,16.7,0.82,4.76,0.645608,5.30144
2011-05-04,2.56,1.75,17.08,0.81,4.76,0.642532,5.7525
2011-05-05,2.59,1.76,18.2,0.83,4.8,0.633854,7.02548
2011-05-06,2.6,1.77,18.4,0.83,4.81,0.639911,6.13708
2011-05-09,2.64,1.8,17.16,0.84,4.82,0.641418,5.91593
2011-05-10,2.61,1.77,15.91,0.84,4.76,0.647442,5.03236
2011-05-11,2.61,1.77,16.95,0.84,4.79,0.642782,5.71591
2011-05-12,2.64,1.8,16.03,0.84,4.77,0.647505,5.02315
2011-05-13,2.64,1.79,17.07,0.85,4.8,0.639081,6.2587
2011-05-16,2.6,1.76,18.24,0.84,4.79,0.636779,6.59636
2011-05-17,2.59,1.74,17.55,0.85,4.82,0.631411,7.38387
2011-05-18,2.59,1.74,16.23,0.85,4.79,0.640651,6.02843
2011-05-19,2.61,1.79,15.52,0.82,4.8,0.640644,6.02955
2011-05-20,2.63,1.83,17.43,0.8,4.82,0.639823,6.14991
2011-05-23,2.62,1.82,18.27,0.8,4.87,0.633724,7.04459
2011-05-24,2.62,1.83,17.82,0.79,4.89,0.630323,7.54342
2011-05-25,2.64,1.84,17.07,0.8,4.92,0.633287,7.10865
2011-05-26,2.64,1.85,16.09,0.79,5.01,0.627359,7.9782
2011-05-27,2.65,1.88,15.98,0.77,5.01,0.629533,7.65935
2011-05-30,,,,,5.01,,
2011-05-31,2.65,1.89,15.45,0.76,5.09,0.629803,7.61962
2011-06-01,2.68,1.92,18.3,0.76,5.15,0.617792,9.38144
2011-06-02,2.7,1.95,18.09,0.75,5.15,0.629376,7.68231
2011-06-03,2.73,1.98,17.95,0.75,5.24,0.623313,8.57167
2011-06-06,2.75,2,18.49,0.75,5.25,0.626552,8.09659
2011-06-07,2.75,2,18.07,0.75,5.28,0.6232,8.58827
2011-06-08,2.73,1.97,18.79,0.76,5.38,0.615436,9.72708
2011-06-09,2.73,1.96,17.77,0.77,5.38,0.618337,9.30152
2011-06-10,2.71,1.94,18.86,0.77,5.43,0.609613,10.5811
2011-06-13,2.72,1.98,19.61,0.74,5.47,0.610382,10.4684
2011-06-14,2.71,1.95,18.26,0.76,5.37,0.623629,8.52534
2011-06-15,2.74,1.98,21.32,0.76,5.52,0.609906,10.5382
2011-06-16,2.75,1.99,22.73,0.76,5.65,0.59636,12.5251
2011-06-17,2.79,2.02,21.85,0.77,5.64,0.605805,11.1397
2011-06-20,2.76,1.99,19.99,0.77,5.67,0.609278,10.6303
2011-06-21,2.75,1.99,18.86,0.76,5.65,0.616095,9.63038
2011-06-22,2.74,1.97,18.52,0.77,5.62,0.611269,10.3382
2011-06-23,2.76,1.99,19.29,0.77,5.75,0.609881,10.5418
2011-06-24,2.83,2.05,21.1,0.78,5.8,0.609529,10.5935
2011-06-27,2.87,2.09,20.56,0.78,5.78,0.617866,9.3706
2011-06-28,2.81,2.04,19.17,0.77,5.65,0.625388,8.26722
2011-06-29,2.75,1.99,17.27,0.76,5.53,0.635807,6.73895
2011-06-30,2.72,1.96,16.52,0.76,5.42,0.641103,5.96215
2011-07-01,2.69,1.94,15.87,0.75,5.34,0.645542,5.31107
2011-07-04,,,,,5.34,,
2011-07-05,2.74,1.97,16.06,0.77,5.37,0.644945,5.39862
2011-07-06,2.73,1.96,16.34,0.77,5.41,0.641943,5.83894
2011-07-07,2.69,1.9,15.95,0.79,5.27,0.646391,5.18656
2011-07-08,2.73,1.95,15.95,0.78,5.39,0.635641,6.76339
2011-07-11,2.76,1.95,18.39,0.81,5.56,0.62009,9.04444
2011-07-12,2.77,1.95,19.87,0.82,5.6,0.616275,9.60392
2011-07-13,2.76,1.94,19.91,0.82,5.57,0.61933,9.15585
2011-07-14,2.76,1.94,20.8,0.82,5.49,0.627952,7.8912
2011-07-15,2.8,1.97,19.53,0.83,5.51,0.626701,8.07467
2011-07-18,2.84,2.01,20.95,0.83,5.54,0.631707,7.34041
2011-07-19,2.78,1.93,19.21,0.85,5.54,0.621636,8.8176
2011-07-20,2.8,1.95,19.09,0.85,5.46,0.629628,7.6453
2011-07-21,2.77,1.93,17.56,0.84,5.36,0.637576,6.47958
2011-07-22,2.75,1.89,17.52,0.86,5.35,0.633623,7.0593
2011-07-25,2.77,1.91,19.35,0.86,5.33,0.637209,6.53334
2011-07-26,2.76,1.89,20.23,0.87,5.35,0.634196,6.97532
2011-07-27,2.73,1.87,22.98,0.86,5.32,0.62914,7.71686
2011-07-28,2.73,1.86,23.74,0.87,5.37,0.627749,7.921
2011-07-29,2.77,1.85,25.25,0.92,5.51,0.616176,9.61848
2011-07-31,,,,,5.58,,
2011-08-01,2.77,1.82,23.66,0.95,5.63,0.611376,10.3226
2011-08-02,2.74,1.78,24.79,0.96,5.8,0.586224,14.0119
2011-08-03,2.72,1.78,23.38,0.94,5.87,0.584744,14.229
2011-08-04,2.77,1.84,31.66,0.93,6.16,0.548382,19.5625
2011-08-05,2.77,1.83,32,0.94,6.24,0.564091,17.2584
2011-08-08,2.88,1.93,48,0.95,6.84,0.523534,23.2073
2011-08-09,3.01,2.04,35.06,0.97,7.19,0.537894,21.101
2011-08-10,3.03,2.04,42.99,0.99,7.3,0.513514,24.677
2011-08-11,3.15,2.12,39,1.03,7.39,0.550618,19.2346
2011-08-12,3.14,2.1,36.36,1.04,7.3,0.537409,21.1722
2011-08-15,3.15,2.11,31.87,1.04,7.1,0.55175,19.0686
2011-08-16,3.12,2.08,32.85,1.04,7.11,0.539324,20.8912
2011-08-17,3.11,2.2,31.58,0.91,7.08,0.535883,21.3959
2011-08-18,3.12,2.19,42.67,0.93,7.23,0.518715,23.9142
2011-08-19,3.12,2.15,43.05,0.97,7.3,0.51008,25.1808
2011-08-22,3.13,2.13,42.44,1,7.32,0.511967,24.904
2011-08-23,3.19,2.18,36.27,1.01,7.46,0.523016,23.2834
2011-08-24,3.21,2.18,35.9,1.03,7.45,0.535882,21.3961
2011-08-25,3.25,2.22,39.76,1.03,7.43,0.525878,22.8636
2011-08-26,3.25,2.2,35.59,1.05,7.5,0.526008,22.8445
2011-08-29,3.25,2.2,32.28,1.05,7.39,0.538786,20.9702
2011-08-30,3.22,2.14,32.89,1.08,7.39,0.531238,22.0773
2011-08-31,3.25,2.18,31.62,1.07,7.3,0.54653,19.8343
2011-09-01,3.23,2.18,31.82,1.05,7.26,0.534837,21.5494
2011-09-02,3.18,2.11,33.92,1.07,7.33,0.51558,24.3741
2011-09-05,,,,,7.34,,
2011-09-06,3.21,2.1,37,1.11,7.54,0.504231,26.0387
2011-09-07,3.25,2.12,33.38,1.13,7.41,0.516556,24.2309
2011-09-08,3.26,2.13,34.32,1.13,7.42,0.513565,24.6696
2011-09-09,3.28,2.14,38.52,1.14,7.51,0.503571,26.1355
2011-09-12,3.29,2.12,38.59,1.17,7.64,0.498705,26.8493
2011-09-13,3.32,2.15,36.91,1.17,7.62,0.509768,25.2266
2011-09-14,3.3,2.11,34.6,1.19,7.55,0.508847,25.3617
2011-09-15,3.31,2.1,31.97,1.21,7.49,0.520217,23.6939
2011-09-16,3.31,2.1,30.98,1.21,7.46,0.516166,24.2881
2011-09-19,3.31,2.07,32.73,1.24,7.61,0.505751,25.8158
2011-09-20,3.35,2.1,32.86,1.25,7.59,0.504451,26.0065
2011-09-21,3.26,2.16,37.32,1.1,7.61,0.484081,28.9943
2011-09-22,3.32,2.12,41.35,1.2,7.95,0.46021,32.4958
2011-09-23,3.31,2.09,41.25,1.22,8.01,0.470201,31.0304
2011-09-26,3.37,2.15,39.02,1.22,8,0.479668,29.6417
2011-09-27,3.39,2.15,37.71,1.24,7.92,0.487694,28.4644
2011-09-28,3.35,2.07,41.08,1.28,8.03,0.482392,29.2421
2011-09-29,3.3,2.02,38.84,1.28,8.16,0.478171,29.8613
2011-09-30,3.3,2.04,42.96,1.26,8.41,0.457181,32.9401
2011-10-03,3.31,2,45.45,1.31,8.72,0.439573,35.5229
2011-10-04,3.33,1.98,40.82,1.35,9.1,0.443849,34.8957
2011-10-05,3.36,2,37.81,1.36,8.98,0.452528,33.6226
2011-10-06,3.34,1.98,36.27,1.36,8.72,0.468175,31.3275
2011-10-07,3.32,1.95,36.2,1.37,8.55,0.472055,30.7584
2011-10-10,,,33.02,,8.56,0.489097,28.2586
2011-10-11,3.32,1.88,32.86,1.44,8.34,0.485324,28.812
2011-10-12,3.33,1.89,31.26,1.44,8.07,0.503947,26.0803
2011-10-13,3.29,1.87,30.7,1.42,8.05,0.496894,27.115
2011-10-14,3.26,1.87,28.24,1.39,7.89,0.507745,25.5233
2011-10-17,3.26,1.82,33.39,1.44,7.88,0.496228,27.2126
2011-10-18,3.23,1.77,31.56,1.46,7.87,0.502004,26.3654
2011-10-19,3.21,1.79,34.44,1.42,7.7,0.50055,26.5787
2011-10-20,3.2,1.78,34.78,1.42,7.64,0.508589,25.3995
2011-10-21,3.18,1.76,31.32,1.42,7.46,0.520242,23.6902
2011-10-24,3.16,1.76,29.26,1.4,7.31,0.53343,21.7558
2011-10-25,3.14,1.73,32.22,1.41,7.29,0.510991,25.0472
2011-10-26,3.1,1.72,29.86,1.38,7.2,0.522305,23.3876
2011-10-27,3.04,1.65,25.46,1.39,6.83,0.54858,19.5335
2011-10-28,2.99,1.63,24.53,1.36,6.85,0.54125,20.6088
2011-10-31,3.02,1.71,29.96,1.31,7.07,0.515753,24.3487
2011-11-01,3.03,1.72,34.77,1.31,7.42,0.490141,28.1055
2011-11-02,3.03,1.79,32.74,1.24,7.35,0.501058,26.5041
2011-11-03,3.04,1.81,30.5,1.23,7.25,0.513057,24.7442
2011-11-04,3.06,1.82,30.16,1.24,7.26,0.511922,24.9106
2011-11-07,3.02,1.78,29.85,1.24,7.29,0.506972,25.6367
2011-11-08,3.05,1.83,27.48,1.22,7.23,0.514704,24.5026
2011-11-09,3.08,1.84,36.16,1.24,7.48,0.493556,27.6046
2011-11-10,3.14,1.89,32.81,1.25,7.46,0.50154,26.4335
2011-11-11,,,30.04,,7.46,0.511298,25.0021
2011-11-14,3.13,1.85,31.13,1.28,7.44,0.499832,26.6839
2011-11-15,3.14,1.87,31.22,1.27,7.49,0.499199,26.7769
2011-11-16,3.17,1.9,33.51,1.27,7.54,0.489868,28.1456
2011-11-17,3.16,1.87,34.51,1.29,7.62,0.483605,29.0642
2011-11-18,3.14,1.89,32,1.25,7.61,0.483388,29.0959
2011-11-21,3.15,1.87,32.91,1.28,7.79,0.475104,30.3112
2011-11-22,3.17,1.87,31.97,1.3,7.9,0.466261,31.6082
2011-11-23,3.15,1.83,33.98,1.32,8.03,0.453407,33.4937
2011-11-24,,,,,8.03,,
2011-11-25,3.18,1.88,34.47,1.3,8,0.460087,32.5138
2011-11-28,3.19,1.92,32.13,1.27,7.95,0.470608,30.9706
2011-11-29,3.22,1.96,30.64,1.26,7.95,0.477583,29.9474
2011-11-30,3.24,1.99,27.8,1.25,7.79,0.493421,27.6244
2011-12-01,3.3,1.99,27.41,1.31,7.69,0.498094,26.939
2011-12-02,3.24,1.93,27.52,1.31,7.65,0.493992,27.5406
2011-12-05,3.25,1.99,27.84,1.26,7.56,0.497786,26.9842
2011-12-06,3.26,1.99,28.13,1.27,7.5,0.504823,25.9519
2011-12-07,3.26,1.98,28.67,1.28,7.54,0.501419,26.4512
2011-12-08,3.26,1.96,30.59,1.3,7.56,0.492007,27.8317
2011-12-09,3.28,1.98,26.38,1.3,7.53,0.506668,25.6812
2011-12-12,3.27,1.99,25.67,1.28,7.6,0.498401,26.8939
2011-12-13,3.29,2.02,25.41,1.27,7.6,0.49193,27.843
2011-12-14,3.24,1.96,26.04,1.28,7.63,0.481977,29.3029
2011-12-15,3.27,1.98,25.11,1.29,7.62,0.485499,28.7863
2011-12-16,3.26,1.96,24.29,1.3,7.65,0.482163,29.2757
2011-12-19,3.26,1.94,24.92,1.32,7.65,0.47553,30.2487
2011-12-20,3.27,1.93,23.22,1.34,7.54,0.493782,27.5715
2011-12-21,3.3,1.92,21.43,1.38,7.49,0.502162,26.3422
2011-12-22,3.29,1.91,21.16,1.38,7.45,0.50198,26.3689
2011-12-23,3.32,1.95,20.73,1.37,7.37,0.509962,25.1981
2011-12-27,3.3,1.92,21.91,1.38,7.37,0.509578,25.2544
2011-12-28,3.25,1.86,23.52,1.39,7.4,0.497973,26.9567
2011-12-29,3.28,1.89,22.65,1.39,7.36,0.500031,26.6548
2011-12-30,3.27,1.88,23.4,1.39,7.38,0.498702,26.8498
2011-12-31,,,,,7.23,,
2012-01-03,3.29,1.87,22.97,1.42,7.06,0.507944,25.4941
2012-01-04,3.3,1.89,22.22,1.41,7,0.513196,24.7237
2012-01-05,3.27,1.89,21.48,1.38,7,0.511873,24.9178
2012-01-06,3.27,1.87,20.63,1.4,7,0.506269,25.7398
2012-01-09,3.28,1.88,21.07,1.4,6.99,0.50785,25.5079
2012-01-10,3.25,1.86,20.69,1.39,6.92,0.510481,25.122
2012-01-11,3.27,1.87,21.05,1.4,6.98,0.503413,26.1587
2012-01-12,3.27,1.96,20.47,1.31,6.93,0.50345,26.1532
2012-01-13,3.24,1.92,20.91,1.32,7.02,0.497935,26.9622
2012-01-16,,,,,6.98,,
2012-01-17,3.24,1.92,22.2,1.32,6.99,0.49664,27.1521
2012-01-18,3.25,1.86,20.89,1.39,6.93,0.504135,26.0528
2012-01-19,3.22,1.86,19.87,1.36,6.77,0.511909,24.9125
2012-01-20,3.24,1.81,18.28,1.43,6.69,0.517773,24.0524
2012-01-23,3.24,1.82,18.67,1.42,6.62,0.522872,23.3044
2012-01-24,3.25,1.84,18.91,1.41,6.62,0.523265,23.2469
2012-01-25,3.31,1.92,18.31,1.39,6.63,0.529125,22.3873
2012-01-26,3.28,1.92,18.57,1.36,6.58,0.523464,23.2175
2012-01-27,3.28,1.92,18.53,1.36,6.57,0.519936,23.7351
2012-01-30,3.25,1.9,19.4,1.35,6.65,0.512245,24.8632
2012-01-31,3.24,1.89,19.44,1.35,6.61,0.507682,25.5326
2012-02-01,3.25,1.93,18.55,1.32,6.54,0.514515,24.5303
2012-02-02,3.25,1.93,17.98,1.32,6.55,0.515072,24.4485
2012-02-03,3.26,1.96,17.1,1.3,6.42,0.527897,22.5674
2012-02-06,3.22,1.94,17.76,1.28,6.44,0.522811,23.3135
2012-02-07,3.19,1.92,17.65,1.27,6.36,0.530427,22.1963
2012-02-08,3.17,1.9,18.16,1.27,6.29,0.530483,22.0615
2012-02-09,3.18,1.87,18.63,1.31,6.26,0.534714,21.4399
2012-02-10,3.17,1.86,20.79,1.31,6.35,0.523277,22.5276
2012-02-13,3.19,1.87,19.04,1.32,6.27,0.524113,22.4039
2012-02-14,3.18,1.86,19.54,1.32,6.27,0.521353,22.8125
2012-02-15,3.19,1.88,21.14,1.31,6.27,0.520612,22.9222
2012-02-16,3.17,1.88,19.22,1.29,6.26,0.527019,21.9736
2012-02-17,3.17,1.86,17.78,1.31,6.2,0.52698,21.9794
2012-02-20,,,,,6.2,,
2012-02-21,3.15,1.85,18.19,1.3,6.14,0.534876,20.5844
2012-02-22,3.15,1.85,18.19,1.3,6.15,0.529918,21.3206
2012-02-23,3.14,1.85,16.8,1.29,6.11,0.531835,21.0359
2012-02-24,3.12,1.83,17.31,1.29,6.01,0.530011,21.3067
2012-02-27,3.12,1.86,18.19,1.26,6.05,0.525476,21.9801
2012-02-28,3.12,1.86,17.96,1.26,6.01,0.528244,21.569
2012-02-29,3.1,1.82,18.43,1.28,5.98,0.532175,20.9854
2012-03-01,3.1,1.84,17.26,1.26,5.94,0.538155,20.0975
2012-03-02,3.09,1.84,17.29,1.25,5.97,0.530939,21.1689
2012-03-05,3.11,1.86,18.05,1.25,6.01,0.532201,20.9816
2012-03-06,3.1,1.86,20.87,1.24,6.25,0.518819,22.9686
2012-03-07,3.11,1.88,19.07,1.23,6.18,0.523469,22.278
2012-03-08,3.11,1.88,17.95,1.23,6.11,0.532879,20.8809
2012-03-09,3.11,1.89,17.11,1.22,6.09,0.532409,20.9507
2012-03-12,3.09,1.86,15.64,1.23,6.06,0.532501,20.9371
2012-03-13,3.08,1.83,14.8,1.25,5.97,0.54598,18.9357
2012-03-14,3.07,1.85,15.31,1.22,5.83,0.558683,17.0496
2012-03-15,3.07,1.82,15.42,1.25,5.87,0.555932,17.4582
2012-03-16,3.04,1.8,14.47,1.24,5.86,0.552818,17.9205
2012-03-19,3.03,1.79,15.04,1.24,5.79,0.561598,16.6169
2012-03-20,3.02,1.78,15.58,1.24,5.8,0.558931,17.0129
2012-03-21,3,1.75,15.13,1.25,5.85,0.550916,18.2028
2012-03-22,3.01,1.75,15.57,1.26,5.91,0.550483,18.2672
2012-03-23,3.01,1.74,14.82,1.27,5.93,0.544186,19.2022
2012-03-26,3.01,1.75,14.26,1.26,5.91,0.550312,18.2925
2012-03-27,3.04,1.78,15.59,1.26,5.93,0.547344,18.7333
2012-03-28,3.03,1.78,15.47,1.25,5.93,0.546314,18.8862
2012-03-29,3.03,1.78,15.48,1.25,6.02,0.542185,19.4992
2012-03-30,3.07,1.81,15.5,1.26,5.95,0.550419,18.2767
2012-03-31,,,,,5.99,,
2012-04-02,3.08,1.81,15.64,1.27,5.99,0.548328,18.5871
2012-04-03,3.06,1.8,15.66,1.26,5.91,0.557503,17.2249
2012-04-04,3.08,1.82,16.44,1.26,5.99,0.547932,18.6459
2012-04-05,3.09,1.83,16.7,1.26,6.05,0.542671,19.427
2012-04-06,3.13,1.87,,1.26,,,
2012-04-09,3.11,1.85,18.81,1.26,6.24,0.527553,21.6718
2012-04-10,3.14,1.86,20.39,1.28,6.32,0.519067,22.7874
2012-04-11,3.16,1.93,20.02,1.23,6.3,0.528556,20.2767
2012-04-12,3.15,1.91,17.2,1.24,6.24,0.535515,19.1091
2012-04-13,3.15,1.91,19.55,1.24,6.26,0.525294,20.394
2012-04-16,3.14,1.9,19.55,1.24,6.23,0.52688,19.7355
2012-04-17,3.14,1.91,18.46,1.23,6.16,0.529482,19.3391
2012-04-18,3.15,1.91,18.64,1.24,6.16,0.527766,19.6005
2012-04-19,3.15,1.95,18.36,1.2,6.17,0.526277,19.8273
2012-04-20,3.17,1.96,17.44,1.21,6.14,0.527004,19.7166
2012-04-23,3.16,1.96,18.97,1.2,6.2,0.522106,20.3602
2012-04-24,3.15,1.95,18.1,1.2,6.14,0.527032,19.6088
2012-04-25,3.17,1.97,16.82,1.2,6.05,0.533617,18.6043
2012-04-26,3.19,1.99,16.24,1.2,6.06,0.530778,18.4627
2012-04-27,3.19,1.99,16.32,1.2,6.02,0.530094,18.5091
2012-04-30,3.2,2,17.15,1.2,6.04,0.531005,18.1962
2012-05-01,3.22,2.02,16.6,1.2,5.96,0.53418,17.5018
2012-05-02,3.19,1.99,16.88,1.2,5.96,0.53249,17.7627
2012-05-03,3.18,1.99,17.56,1.19,5.92,0.532275,17.796
2012-05-04,3.19,2,19.16,1.19,5.94,0.527086,18.5974
2012-05-07,3.18,1.98,18.94,1.2,5.95,0.527867,18.4767
2012-05-08,3.19,1.98,19.05,1.21,6,0.524952,18.927
2012-05-09,3.22,2,20.08,1.22,6.04,0.522754,19.2664
2012-05-10,3.21,2,18.83,1.21,6,0.52372,19.1172
2012-05-11,3.22,2,19.89,1.22,6.02,0.520744,19.4382
2012-05-14,3.22,2,21.87,1.22,6.11,0.509777,21.1349
2012-05-15,3.24,2,21.97,1.24,6.15,0.505246,21.8358
2012-05-16,3.25,1.97,22.27,1.28,6.22,0.498854,22.8246
2012-05-17,3.23,1.93,24.49,1.3,6.44,0.483389,25.2173
2012-05-18,3.27,2.01,25.1,1.26,6.52,0.483272,25.2353
2012-05-21,3.25,1.98,22.01,1.27,6.63,0.489316,24.3002
2012-05-22,3.34,2.03,22.48,1.31,6.55,0.494771,23.4564
2012-05-23,3.33,1.98,22.33,1.35,6.66,0.490863,24.061
2012-05-24,3.36,1.99,21.54,1.37,6.62,0.492851,23.7534
2012-05-25,3.37,2.01,21.76,1.36,6.63,0.489459,24.2782
2012-05-28,,,,,6.63,,
2012-05-29,3.38,2.01,21.03,1.37,6.59,0.496374,23.2084
2012-05-30,3.4,2.05,24.14,1.35,6.71,0.481924,25.4439
2012-05-31,3.4,2.04,24.06,1.36,6.96,0.471361,27.078
2012-06-01,3.41,2.07,26.66,1.34,7.16,0.456429,29.388
2012-06-04,3.4,2.05,26.12,1.35,7.17,0.460436,28.7681
2012-06-05,3.4,2.05,24.68,1.35,7.23,0.469646,27.3434
2012-06-06,3.41,2.05,22.16,1.36,7.06,0.484341,25.07
2012-06-07,3.43,2.05,21.72,1.38,6.95,0.485418,24.9033
2012-06-08,3.44,2.06,21.23,1.38,6.95,0.487403,24.5962
2012-06-11,3.46,2.07,23.56,1.39,6.9,0.482021,25.4288
2012-06-12,3.43,2.05,22.09,1.38,6.9,0.489892,24.2112
2012-06-13,3.43,2.05,24.27,1.38,6.91,0.483683,25.1717
2012-06-14,3.4,2.02,21.68,1.38,6.85,0.487912,24.5175
2012-06-15,3.42,2.04,21.11,1.38,6.84,0.486081,24.8008
2012-06-18,3.42,2.04,18.32,1.38,6.81,0.483641,25.1782
2012-06-19,3.41,2.03,18.38,1.38,6.65,0.4935,23.6531
2012-06-20,3.38,1.99,17.24,1.39,6.54,0.492983,23.7329
2012-06-21,3.35,1.98,20.08,1.37,6.52,0.486358,24.7579
2012-06-22,3.36,1.98,18.11,1.38,6.52,0.496289,23.2215
2012-06-25,3.36,1.97,20.38,1.39,6.6,0.488409,24.4406
2012-06-26,3.34,1.93,19.72,1.41,6.57,0.489634,24.251
2012-06-27,3.35,1.94,19.45,1.41,6.52,0.491796,23.9166
2012-06-28,3.37,1.96,19.71,1.41,6.52,0.49054,24.1109
2012-06-29,3.39,1.99,17.08,1.4,6.36,0.501732,22.3794
2012-06-30,,,,,6.44,,
2012-07-02,3.4,1.97,16.8,1.43,6.45,0.497144,23.0893
2012-07-03,3.41,1.98,16.66,1.43,6.39,0.502813,22.2123
2012-07-04,,,,,6.38,,
2012-07-05,3.43,1.99,17.5,1.44,6.4,0.500312,22.5991
2012-07-06,3.41,1.99,17.1,1.42,6.44,0.495053,22.3538
2012-07-09,3.41,1.94,17.98,1.47,6.44,0.490889,23.007
2012-07-10,3.39,1.91,18.72,1.48,6.4,0.487744,23.5003
2012-07-11,3.36,1.9,17.95,1.46,6.37,0.488695,23.351
2012-07-12,3.37,1.91,18.33,1.46,6.41,0.484195,24.0569
2012-07-13,3.37,1.91,16.74,1.46,6.41,0.486966,23.6222
2012-07-16,3.35,1.89,17.11,1.46,6.39,0.482852,24.2675
2012-07-17,3.35,1.89,16.48,1.46,6.36,0.488984,23.3056
2012-07-18,3.33,1.83,16.16,1.5,6.33,0.490755,23.028
2012-07-19,3.34,1.83,15.45,1.51,6.25,0.493251,22.6365
2012-07-20,3.31,1.81,16.27,1.5,6.28,0.485014,23.8846
2012-07-23,3.31,1.8,18.62,1.51,6.38,0.481515,24.4338
2012-07-24,3.29,1.79,20.47,1.5,6.4,0.474819,25.1305
2012-07-25,3.3,1.79,19.34,1.51,6.4,0.472605,24.8809
2012-07-26,3.3,1.8,17.53,1.5,6.35,0.481876,23.2375
2012-07-27,3.29,1.77,16.7,1.52,6.22,0.494042,19.8213
2012-07-30,3.26,1.76,18.03,1.5,6.2,0.490378,19.7911
2012-07-31,3.27,1.78,18.93,1.49,6.16,0.488224,16.7172
2012-08-01,3.26,1.76,18.96,1.5,6.1,0.49334,15.6315
2012-08-02,3.24,1.77,17.57,1.47,6.13,0.488579,13.3865
2012-08-03,3.26,1.79,15.64,1.47,6.01,0.49866,11.5994
2012-08-06,3.24,1.79,15.95,1.45,6,0.498138,11.3
2012-08-07,3.24,1.79,15.99,1.45,5.91,0.50364,10.3202
2012-08-08,3.23,1.79,15.32,1.44,5.89,0.506668,9.781
2012-08-09,3.23,1.79,15.28,1.44,5.91,0.507088,9.70632
2012-08-10,3.23,1.8,14.74,1.43,5.98,0.504106,10.2373
2012-08-13,3.24,1.81,13.7,1.43,5.96,0.505225,10.038
2012-08-14,3.25,1.82,14.85,1.43,5.92,0.512946,8.66314
2012-08-15,3.27,1.84,14.63,1.43,5.88,0.517761,7.80568
2012-08-16,3.26,1.84,14.29,1.42,5.89,0.524157,6.6668
2012-08-17,3.25,1.84,13.45,1.41,5.89,0.521614,7.11963
2012-08-20,3.23,1.81,14.02,1.42,5.86,0.521171,7.19862
2012-08-21,3.23,1.81,15.02,1.42,5.83,0.520003,7.40652
2012-08-22,3.22,1.8,15.11,1.42,5.88,0.511059,8.99918
2012-08-23,3.2,1.79,15.96,1.41,5.89,0.508821,9.39771
2012-08-24,3.21,1.8,15.18,1.41,5.87,0.511586,8.90529
2012-08-27,3.19,1.78,16.35,1.41,5.87,0.508224,9.5039
2012-08-28,3.19,1.77,16.49,1.42,5.88,0.506572,9.79815
2012-08-29,3.19,1.75,17.06,1.44,5.84,0.509515,9.27407
2012-08-30,3.2,1.8,17.83,1.4,5.86,0.506666,9.78141
2012-08-31,3.21,1.79,17.47,1.42,5.98,0.500907,10.8069
2012-09-03,,,,,5.98,,
2012-09-04,3.18,1.8,17.98,1.38,5.94,0.501399,10.7193
2012-09-05,3.18,1.8,17.74,1.38,5.91,0.503829,10.2866
2012-09-06,3.19,1.78,15.6,1.41,5.8,0.515371,8.23126
2012-09-07,3.2,1.8,14.38,1.4,5.74,0.51868,7.64218
2012-09-10,3.2,1.8,16.28,1.4,5.68,0.516588,8.01458
2012-09-11,3.18,1.77,16.41,1.41,5.64,0.523395,6.80262
2012-09-12,3.18,1.79,15.8,1.39,5.51,0.531598,5.34198
2012-09-13,3.21,1.84,14.05,1.37,5.5,0.53713,4.35689
2012-09-14,3.15,1.79,14.51,1.36,5.3,0.551736,1.75602
2012-09-17,3.12,1.76,14.59,1.36,5.32,0.544728,3.00392
2012-09-18,3.09,1.77,14.18,1.32,5.33,0.542242,3.44652
2012-09-19,3.07,1.76,13.88,1.31,5.34,0.538016,4.19906
2012-09-20,3.04,1.7,14.07,1.34,5.38,0.534168,4.88431
2012-09-21,3.06,1.73,13.98,1.33,5.42,0.532809,5.12634
2012-09-24,3.02,1.71,14.15,1.31,5.5,0.527995,5.98347
2012-09-25,3.03,1.71,15.43,1.32,5.56,0.518166,7.7337
2012-09-26,3.03,1.69,16.81,1.34,5.8,0.510096,9.17059
2012-09-27,3.05,1.71,14.84,1.34,5.73,0.519354,7.52209
2012-09-28,3.07,1.77,15.73,1.3,5.72,0.516599,8.01271
2012-09-30,,,,,5.74,,
2012-10-01,3.06,1.77,16.32,1.29,5.71,0.513819,8.50764
2012-10-02,3.04,1.75,15.71,1.29,5.72,0.515814,8.15242
2012-10-03,3.03,1.77,15.43,1.26,5.68,0.516939,7.9521
2012-10-04,2.99,1.77,14.55,1.22,5.62,0.525682,6.39527
2012-10-05,2.98,1.77,14.33,1.21,5.55,0.532294,5.21797
2012-10-08,,,15.11,,5.54,0.527108,6.14146
2012-10-09,2.93,1.75,16.37,1.18,5.56,0.526572,6.23692
2012-10-10,2.9,1.72,16.29,1.18,5.61,0.521634,7.11605
2012-10-11,2.87,1.72,15.59,1.15,5.57,0.520869,7.2523
2012-10-12,2.85,1.71,16.14,1.14,5.56,0.520467,7.32394
2012-10-15,2.83,1.71,15.27,1.12,5.48,0.524013,6.69254
2012-10-16,2.8,1.73,15.22,1.07,5.4,0.533304,5.03822
2012-10-17,2.77,1.73,15.07,1.04,5.27,0.539502,3.93453
2012-10-18,2.72,1.7,15.03,1.02,5.24,0.542536,3.39434
2012-10-19,2.71,1.7,17.06,1.01,5.31,0.532579,5.16717
2012-10-22,2.68,1.67,16.62,1.01,5.28,0.536129,4.53519
2012-10-23,2.73,1.68,18.83,1.05,5.41,0.526579,6.23568
2012-10-24,2.74,1.69,18.33,1.05,5.39,0.531364,5.38355
2012-10-25,2.73,1.68,18.12,1.05,5.33,0.534956,4.7439
2012-10-26,2.76,1.7,17.81,1.06,5.41,0.525941,6.34927
2012-10-29,2.75,1.7,,1.05,5.46,,
2012-10-31,2.73,1.68,18.6,1.05,5.63,0.523493,6.78515
2012-11-01,2.75,1.7,16.69,1.05,5.57,0.52753,6.0663
2012-11-02,2.77,1.72,17.59,1.05,5.54,0.527177,6.12915
2012-11-05,2.74,1.7,18.42,1.04,5.57,0.523367,6.80746
2012-11-06,2.74,1.7,17.58,1.04,5.49,0.529154,5.77708
2012-11-07,2.78,1.72,19.08,1.06,5.63,0.516629,8.00738
2012-11-08,2.8,1.8,18.49,1,5.67,0.507411,9.64868
2012-11-09,2.82,1.79,18.61,1.03,5.77,0.505962,9.90679
2012-11-12,,,16.68,,5.77,0.505285,10.0272
2012-11-13,2.85,1.82,16.65,1.03,5.82,0.502453,10.5315
2012-11-14,2.87,1.85,17.92,1.02,5.84,0.499225,11.1063
2012-11-15,2.9,1.91,17.99,0.99,5.94,0.499992,10.9698
2012-11-16,2.9,1.91,16.41,0.99,5.98,0.501862,10.6368
2012-11-19,2.91,1.92,15.24,0.99,5.85,0.51108,8.9954
2012-11-20,2.9,1.91,15.08,0.99,5.79,0.516313,8.06367
2012-11-21,2.89,1.91,15.31,0.98,5.72,0.516436,8.04177
2012-11-22,,,,,5.72,,
2012-11-23,2.89,1.9,15.14,0.99,5.71,0.518674,7.64312
2012-11-26,2.9,1.91,15.5,0.99,5.68,0.516336,8.05955
2012-11-27,2.91,1.92,15.92,0.99,5.65,0.514816,8.33015
2012-11-28,2.91,1.91,15.51,1,5.66,0.515669,8.17821
2012-11-29,2.95,1.94,15.06,1.01,5.58,0.517871,7.78617
2012-11-30,2.95,1.96,15.87,0.99,5.65,0.520065,7.39557
2012-12-03,2.95,1.96,16.64,0.99,5.6,0.522218,7.01211
2012-12-04,2.94,1.94,17.12,1,5.58,0.519219,7.54611
2012-12-05,2.97,1.96,16.46,1.01,5.51,0.520305,7.35284
2012-12-06,2.96,1.96,16.58,1,5.48,0.520134,7.38315
2012-12-07,2.96,1.96,15.9,1,5.42,0.524195,6.66008
2012-12-10,2.95,1.96,16.05,0.99,5.41,0.522337,6.99095
2012-12-11,2.95,1.96,15.57,0.99,5.35,0.526846,6.18815
2012-12-12,2.94,1.96,15.95,0.98,5.29,0.534632,4.80169
2012-12-13,2.92,1.95,16.56,0.97,5.27,0.532358,5.20651
2012-12-14,2.9,1.94,17,0.96,5.28,0.527998,5.98288
2012-12-17,2.9,1.93,16.34,0.97,5.31,0.538091,4.18569
2012-12-18,2.92,1.96,15.57,0.96,5.19,0.543918,3.14817
2012-12-19,2.89,1.92,17.36,0.97,5.19,0.54154,3.57159
2012-12-20,2.89,1.92,17.67,0.97,5.19,0.543359,3.24773
2012-12-21,2.86,1.89,17.84,0.97,5.26,0.535947,4.56743
2012-12-24,2.86,1.89,17.84,0.97,5.24,0.534964,4.74253
2012-12-26,2.87,1.91,19.48,0.96,5.24,0.53434,4.85364
2012-12-27,2.84,1.88,19.47,0.96,5.28,0.53364,4.97824
2012-12-28,2.85,1.89,22.72,0.96,5.3,0.529188,5.77108
2012-12-31,2.85,1.89,18.02,0.96,5.34,0.540806,3.70228
2013-01-02,2.85,1.91,14.68,0.94,5.16,0.553301,1.47741
2013-01-03,2.84,1.89,14.56,0.95,5.06,0.559174,0.431574
2013-01-04,2.81,1.88,13.83,0.93,5.04,0.557359,0.754877
2013-01-07,2.8,1.88,13.79,0.92,5.02,0.557597,0.712499
2013-01-08,2.81,1.88,13.62,0.93,5.02,0.553538,1.43516
2013-01-09,2.81,1.87,13.81,0.94,4.99,0.555109,1.1554
2013-01-10,2.8,1.87,13.49,0.93,4.94,0.557597,0.712433
2013-01-11,2.8,1.88,13.36,0.92,4.93,0.553661,1.41323
2013-01-14,2.8,1.87,13.52,0.93,4.91,0.554427,1.27694
2013-01-15,2.81,1.88,13.55,0.93,4.96,0.552004,1.70831
2013-01-16,2.84,1.9,13.42,0.94,4.95,0.549923,2.07889
2013-01-17,2.84,1.9,13.57,0.94,4.88,0.557467,0.735668
2013-01-18,2.82,1.88,12.46,0.94,4.89,0.553954,1.36116
2013-01-21,,,,,4.88,,
2013-01-22,2.82,1.88,12.43,0.94,4.88,0.553245,1.48734
2013-01-23,2.83,1.89,12.46,0.94,4.85,0.553432,1.4541
2013-01-24,2.82,1.88,12.69,0.94,4.82,0.556606,0.888843
2013-01-25,2.82,1.87,12.89,0.95,4.73,0.564162,0
2013-01-28,2.82,1.87,13.57,0.95,4.72,0.565926,0
2013-01-29,2.81,1.88,13.31,0.93,4.78,0.568111,0
2013-01-30,2.84,1.9,14.32,0.94,4.84,0.564996,0.548286
2013-01-31,2.82,1.88,14.28,0.94,4.95,0.560515,1.33709
2013-02-01,2.84,1.89,12.9,0.95,4.94,0.569772,0
2013-02-04,2.85,1.9,14.67,0.95,5.01,0.560218,1.67681
2013-02-05,2.85,1.9,13.72,0.95,5.01,0.566517,0.571243
2013-02-06,2.86,1.9,13.41,0.96,5.04,0.561072,1.52702
2013-02-07,2.85,1.89,13.5,0.96,5.08,0.561236,1.49826
2013-02-08,2.86,1.9,13.02,0.96,5.08,0.5592,1.8556
2013-02-11,2.84,1.88,12.94,0.96,5.06,0.55957,1.79064
2013-02-12,2.85,1.89,12.64,0.96,5.04,0.56289,1.2079
2013-02-13,2.84,1.89,12.98,0.95,4.97,0.56836,0.247808
2013-02-14,2.85,1.9,12.66,0.95,4.97,0.563011,1.18671
2013-02-15,2.85,1.9,12.46,0.95,4.96,0.564714,0.887732
2013-02-18,,,,,4.95,,
2013-02-19,2.86,1.92,12.31,0.94,4.92,0.568085,0.296051
2013-02-20,2.87,1.94,14.68,0.93,4.92,0.565832,0.691577
2013-02-21,2.87,1.92,15.22,0.95,4.99,0.563143,1.16354
2013-02-22,2.87,1.93,14.17,0.94,4.97,0.564143,0.988061
2013-02-25,2.89,1.96,18.99,0.93,4.97,0.551557,3.19685
2013-02-26,2.9,1.94,16.87,0.96,5.02,0.557496,2.15457
2013-02-27,2.9,1.94,14.73,0.96,4.98,0.560098,1.69788
2013-02-28,2.89,1.95,15.51,0.94,4.98,0.558821,1.92197
2013-03-01,2.9,1.97,15.36,0.93,5,0.556899,2.25936
2013-03-04,2.9,1.97,14.01,0.93,4.98,0.559925,1.7283
2013-03-05,2.9,1.97,13.48,0.93,4.92,0.562678,1.24519
2013-03-06,2.89,1.96,13.53,0.93,4.88,0.567467,0.404659
2013-03-07,2.89,1.96,13.06,0.93,4.81,0.572725,0
2013-03-08,2.88,1.96,12.59,0.92,4.76,0.579441,0
2013-03-11,2.87,1.95,11.56,0.92,4.75,0.578517,0.159591
2013-03-12,2.87,1.95,12.27,0.92,4.76,0.574122,0.917987
2013-03-13,2.85,1.94,11.83,0.91,4.75,0.574841,0.794026
2013-03-14,2.88,1.97,11.3,0.91,4.71,0.578793,0.111829
2013-03-15,2.89,1.98,11.3,0.91,4.72,0.576033,0.588208
2013-03-18,2.91,1.99,13.36,0.92,4.77,0.571808,1.31747
2013-03-19,2.9,1.98,14.39,0.92,4.78,0.566999,2.14732
2013-03-20,2.9,1.98,12.67,0.92,4.76,0.575282,0.71787
2013-03-21,2.9,1.98,13.99,0.92,4.76,0.568761,1.84324
2013-03-22,2.9,1.98,13.57,0.92,4.78,0.567903,1.99128
2013-03-25,2.91,1.99,13.74,0.92,4.75,0.567593,2.04484
2013-03-26,2.91,1.99,12.77,0.92,4.78,0.567939,1.9851
2013-03-27,2.93,2,13.15,0.93,4.81,0.562185,2.97816
2013-03-28,2.96,2.03,12.7,0.93,4.8,0.56607,2.3076
2013-03-31,,,,,4.86,,
2013-04-01,2.91,2.03,13.58,0.88,4.87,0.562844,2.86434
2013-04-02,2.91,2.02,12.78,0.89,4.84,0.564715,2.54148
2013-04-03,2.91,2.03,14.21,0.88,4.87,0.559684,3.40982
2013-04-04,2.88,2.01,13.89,0.87,4.89,0.552904,4.5798
2013-04-05,2.82,1.96,13.92,0.86,4.95,0.542485,6.37791
2013-04-08,2.82,1.96,13.19,0.86,4.9,0.54725,5.55564
2013-04-09,2.82,1.96,12.84,0.86,4.87,0.55035,5.02061
2013-04-10,2.83,1.95,12.36,0.88,4.78,0.559787,3.39194
2013-04-11,2.84,1.96,12.24,0.88,4.73,0.558716,3.57689
2013-04-12,2.82,1.95,12.06,0.87,4.75,0.550688,4.96225
2013-04-15,2.82,1.95,17.27,0.87,4.79,0.542484,6.37806
2013-04-16,2.81,1.95,13.96,0.86,4.78,0.550753,4.951
2013-04-17,2.81,1.95,16.51,0.86,4.8,0.546253,5.72763
2013-04-18,2.8,1.93,17.56,0.87,4.8,0.544059,6.10634
2013-04-19,2.81,1.97,14.97,0.84,4.78,0.544922,5.95731
2013-04-22,2.82,1.98,14.39,0.84,4.75,0.545791,5.80739
2013-04-23,2.8,1.96,13.48,0.84,4.71,0.549848,5.10727
2013-04-24,2.8,1.97,13.61,0.83,4.66,0.54944,5.1776
2013-04-25,2.81,1.98,13.62,0.83,4.61,0.553329,4.50644
2013-04-26,2.81,1.97,13.61,0.84,4.6,0.547733,5.47233
2013-04-29,2.82,1.99,13.71,0.83,4.53,0.550775,4.94727
2013-04-30,2.83,2,13.52,0.83,4.55,0.552189,4.70321
2013-05-01,2.82,1.99,14.49,0.83,4.5,0.545531,5.85225
2013-05-02,2.81,1.98,13.59,0.83,4.45,0.549737,5.12632
2013-05-03,2.82,1.99,12.85,0.83,4.33,0.563892,2.6836
2013-05-06,2.83,1.98,12.66,0.85,4.3,0.565649,2.38034
2013-05-07,2.82,1.97,12.83,0.85,4.24,0.567447,2.06994
2013-05-08,2.8,1.97,12.66,0.83,4.24,0.568558,1.87824
2013-05-09,2.82,1.99,13.13,0.83,4.23,0.568368,1.911
2013-05-10,2.82,1.99,12.59,0.83,4.23,0.57155,1.36191
2013-05-13,2.81,1.98,12.55,0.83,4.35,0.573612,1.00604
2013-05-14,2.81,1.97,12.77,0.84,4.35,0.580521,0
2013-05-15,2.82,1.99,12.81,0.83,4.36,0.576723,0.65418
2013-05-16,2.81,1.98,13.07,0.83,4.42,0.572167,1.43904
2013-05-17,2.81,1.99,12.45,0.82,4.37,0.579498,0.176128
2013-05-20,2.8,1.97,13.02,0.83,4.34,0.580801,0
2013-05-21,2.81,1.98,13.37,0.83,4.35,0.577351,0.594004
2013-05-22,2.78,1.95,13.82,0.83,4.27,0.582444,0
2013-05-23,2.77,1.95,14.07,0.82,4.42,0.578113,0.743584
2013-05-24,2.75,1.93,13.99,0.82,4.45,0.576226,1.06751
2013-05-27,,,,,4.44,,
2013-05-28,2.73,1.91,14.48,0.82,4.35,0.589024,0
2013-05-29,2.75,1.91,14.83,0.84,4.55,0.580129,1.51019
2013-05-30,2.77,1.93,14.53,0.84,4.54,0.58272,1.07035
2013-05-31,2.79,1.93,16.3,0.86,4.62,0.576943,2.05102
2013-06-03,2.82,1.93,16.28,0.89,4.76,0.5734,2.65257
2013-06-04,2.86,1.96,16.27,0.9,4.79,0.578745,1.74517
2013-06-05,2.89,1.97,17.5,0.92,5.03,0.565918,3.92279
2013-06-06,2.88,2.02,16.63,0.86,5.08,0.570715,3.10837
2013-06-07,2.89,2.02,15.14,0.87,4.89,0.581482,1.28045
2013-06-10,2.89,2.02,15.44,0.87,4.86,0.583068,1.01117
2013-06-11,2.91,2.04,17.07,0.87,5.08,0.572648,2.7802
2013-06-12,2.91,2.03,18.59,0.88,5.02,0.581402,1.29402
2013-06-13,2.92,2.04,16.41,0.88,5.11,0.578991,1.70341
2013-06-14,2.93,2.05,17.15,0.88,5.04,0.581053,1.35325
2013-06-17,2.93,2.05,16.8,0.88,4.97,0.58407,0.841151
2013-06-18,2.92,2.03,16.61,0.89,4.96,0.585207,0.648048
2013-06-19,2.87,1.97,16.64,0.9,4.85,0.58248,1.1111
2013-06-20,2.93,2.03,20.49,0.9,5.12,0.586383,0.448431
2013-06-21,2.87,1.91,18.9,0.96,5.09,0.592621,0
2013-06-24,2.86,1.89,20.11,0.97,5.34,0.582902,1.63993
2013-06-25,2.88,1.86,18.47,1.02,5.34,0.596533,0
2013-06-26,2.89,1.88,17.21,1.01,5.29,0.597608,0
2013-06-27,2.92,1.89,16.86,1.03,5.23,0.594421,0.533345
2013-06-28,2.83,1.8,16.86,1.03,5.16,0.586383,1.87839
2013-06-30,,,,,5.21,,
2013-07-01,2.83,1.8,16.37,1.03,5.17,0.588376,1.54481
2013-07-02,2.81,1.8,16.44,1.01,5.15,0.586935,1.78592
2013-07-03,2.8,1.76,16.2,1.04,5.15,0.59006,1.26305
2013-07-04,,,,,5.15,,
2013-07-05,2.77,1.72,14.89,1.05,5.04,0.60436,0
2013-07-08,2.79,1.71,14.78,1.08,5.11,0.60682,0
2013-07-09,2.78,1.72,14.35,1.06,5.04,0.60653,0.047753
2013-07-10,2.75,1.72,14.21,1.03,4.98,0.613725,0
2013-07-11,2.77,1.74,14.01,1.03,4.9,0.614234,0
2013-07-12,2.77,1.76,13.84,1.01,4.8,0.61415,0.0137317
2013-07-15,2.76,1.76,13.79,1,4.77,0.613493,0.120721
2013-07-16,2.74,1.75,14.42,0.99,4.72,0.60989,0.707201
2013-07-17,2.74,1.77,13.78,0.97,4.68,0.613234,0.162841
2013-07-18,2.75,1.79,13.77,0.96,4.57,0.624715,0
2013-07-19,2.74,1.8,12.54,0.94,4.56,0.614597,1.61971
2013-07-22,2.71,1.79,12.29,0.92,4.53,0.614156,1.69034
2013-07-23,2.7,1.78,12.66,0.92,4.5,0.615241,1.51662
2013-07-24,2.67,1.76,13.18,0.91,4.55,0.617886,1.09324
2013-07-25,2.69,1.77,12.97,0.92,4.65,0.616719,1.28009
2013-07-26,2.67,1.75,12.72,0.92,4.71,0.613219,1.84034
2013-07-29,2.69,1.76,13.39,0.93,4.69,0.616399,1.33117
2013-07-30,2.68,1.77,13.39,0.91,4.66,0.617495,1.15579
2013-07-31,2.68,1.78,13.45,0.9,4.71,0.617051,1.22682
2013-08-01,2.66,1.77,12.94,0.89,4.63,0.623212,0.240653
2013-08-02,2.68,1.79,11.98,0.89,4.74,0.62019,0.72433
2013-08-05,2.7,1.79,11.84,0.91,4.74,0.621817,0.464013
2013-08-06,2.69,1.8,12.72,0.89,4.76,0.619391,0.852374
2013-08-07,2.72,1.81,12.98,0.91,4.81,0.612863,1.89731
2013-08-08,2.73,1.83,12.73,0.9,4.8,0.612541,1.94873
2013-08-09,2.74,1.84,13.41,0.9,4.8,0.611637,2.09344
2013-08-12,2.72,1.84,12.81,0.88,4.78,0.61529,1.5088
2013-08-13,2.72,1.83,12.31,0.89,4.72,0.624315,0.0641059
2013-08-14,2.72,1.82,13.04,0.9,4.69,0.622138,0.412539
2013-08-15,2.7,1.83,14.73,0.87,4.74,0.62741,0
2013-08-16,2.7,1.82,14.37,0.88,4.7,0.627445,0
2013-08-19,2.7,1.83,15.1,0.87,4.71,0.628763,0
2013-08-20,2.72,1.84,14.91,0.88,4.8,0.62971,0
2013-08-21,2.71,1.82,15.94,0.89,4.77,0.634362,0
2013-08-22,2.68,1.79,14.76,0.89,4.73,0.63137,0.471695
2013-08-23,2.67,1.78,13.98,0.89,4.75,0.627201,1.12897
2013-08-26,2.67,1.81,14.99,0.86,4.75,0.624156,1.60887
2013-08-27,2.66,1.79,16.77,0.87,4.82,0.612412,3.46021
2013-08-28,2.65,1.8,16.49,0.85,4.77,0.619728,2.3069
2013-08-29,2.62,1.77,16.81,0.85,4.76,0.61732,2.68653
2013-08-30,2.56,1.71,17.01,0.85,,0.61748,2.66136
2013-09-02,,,,,4.78,,
2013-09-03,2.58,1.75,16.61,0.83,4.69,0.623004,1.79054
2013-09-04,2.55,1.73,15.88,0.82,4.64,0.62673,1.2031
2013-09-05,2.55,1.74,15.77,0.81,4.59,0.632371,0.313895
2013-09-06,2.59,1.78,15.85,0.81,4.63,0.631332,0.477688
2013-09-09,2.6,1.78,15.63,0.82,4.66,0.632628,0.27345
2013-09-10,2.61,1.77,14.53,0.84,4.6,0.639322,0
2013-09-11,2.61,1.78,13.82,0.83,4.63,0.634526,0.75022
2013-09-12,2.61,1.77,14.29,0.84,4.61,0.63462,0.735514
2013-09-13,2.64,1.79,14.16,0.85,4.6,0.631683,1.19495
2013-09-16,2.68,1.84,14.38,0.84,4.54,0.639412,0
2013-09-17,2.67,1.85,14.53,0.82,4.59,0.636249,0.494678
2013-09-18,2.75,1.94,13.59,0.81,4.67,0.634513,0.766227
2013-09-19,2.72,1.9,13.16,0.82,4.51,0.636424,0.467276
2013-09-20,2.68,1.87,13.12,0.81,4.54,0.632335,1.10683
2013-09-23,2.7,1.88,14.31,0.82,4.6,0.62766,1.83791
2013-09-24,2.68,1.86,14.08,0.82,4.65,0.619618,3.09572
2013-09-25,2.7,1.87,14.01,0.83,4.7,0.617271,3.46283
2013-09-26,2.72,1.89,14.06,0.83,4.69,0.621288,2.83454
2013-09-27,2.73,1.9,15.46,0.83,4.75,0.619098,3.17707
2013-09-30,2.75,1.92,16.6,0.83,4.83,0.618274,3.30585
2013-10-01,2.76,1.93,15.54,0.83,4.78,0.622843,2.59127
2013-10-02,2.77,1.95,16.6,0.82,4.78,0.622175,2.69578
2013-10-03,2.78,1.95,17.67,0.83,4.75,0.623582,2.47573
2013-10-04,2.76,1.94,16.74,0.82,4.7,0.625145,2.23133
2013-10-07,2.74,1.92,19.41,0.82,4.69,0.620982,2.8823
2013-10-08,2.71,1.9,20.34,0.81,4.68,0.620537,2.95201
2013-10-09,2.71,1.91,19.6,0.8,4.67,0.626092,2.08325
2013-10-10,2.68,1.88,16.48,0.8,4.61,0.62795,1.79267
2013-10-11,2.68,1.88,15.72,0.8,4.62,0.629289,1.58314
2013-10-14,,,16.07,,4.6,0.635366,0.632865
2013-10-15,2.66,1.87,18.66,0.79,4.54,0.635583,0.598821
2013-10-16,2.66,1.88,14.71,0.78,4.55,0.631051,1.30767
2013-10-17,2.66,1.89,13.48,0.77,4.53,0.628413,1.72023
2013-10-18,2.66,1.9,13.04,0.76,4.46,0.628341,1.73151
2013-10-21,2.65,1.9,13.16,0.75,4.41,0.628925,1.64014
2013-10-22,2.66,1.91,13.33,0.75,4.44,0.623857,2.43267
2013-10-23,2.67,1.92,13.42,0.75,4.44,0.621969,2.72797
2013-10-24,2.68,1.93,13.2,0.75,4.4,0.624591,2.31791
2013-10-25,2.66,1.91,13.09,0.75,4.42,0.622483,2.64767
2013-10-28,2.66,1.91,13.31,0.75,4.44,0.624484,2.33464
2013-10-29,2.69,1.94,13.41,0.75,4.45,0.624675,2.30485
2013-10-30,2.68,1.93,13.65,0.75,4.43,0.625907,2.11208
2013-10-31,2.65,1.91,13.75,0.74,4.36,0.624905,2.26889
2013-11-01,2.64,1.89,13.28,0.75,4.31,0.630655,1.36961
2013-11-04,2.66,1.91,12.93,0.75,4.33,0.631149,1.29238
2013-11-05,2.66,1.91,13.27,0.75,4.33,0.637064,0.367261
2013-11-06,2.7,1.94,12.67,0.76,4.35,0.638615,0.124717
2013-11-07,2.7,1.94,13.91,0.76,4.34,0.633658,0.899945
2013-11-08,2.69,1.92,12.9,0.77,4.38,0.648168,0
2013-11-11,,,12.53,,4.38,0.64817,0
2013-11-12,2.67,1.9,12.82,0.77,4.35,0.644258,0.603667
2013-11-13,2.69,1.92,12.52,0.77,4.42,0.644333,0.592092
2013-11-14,2.72,1.96,12.37,0.76,4.41,0.642251,0.913263
2013-11-15,2.7,1.94,12.19,0.76,4.38,0.641927,0.963228
2013-11-18,2.66,1.91,13.1,0.75,4.35,0.63624,1.8406
2013-11-19,2.66,1.91,13.39,0.75,4.31,0.640832,1.13214
2013-11-20,2.67,1.92,13.4,0.75,4.29,0.651298,0
2013-11-21,2.65,1.91,12.66,0.74,4.32,0.652465,0
2013-11-22,2.65,1.9,12.26,0.75,4.3,0.646924,0.849167
2013-11-25,2.65,1.91,12.79,0.74,4.27,0.646031,0.986037
2013-11-26,2.63,1.88,12.81,0.75,4.27,0.644103,1.28149
2013-11-27,2.63,1.88,12.98,0.75,4.24,0.6448,1.17466
2013-11-28,,,,,4.24,,
2013-11-29,2.61,1.87,13.7,0.74,4.23,0.645306,1.09709
2013-11-30,,,,,4.27,,
2013-12-02,2.6,1.86,14.23,0.74,4.19,0.650574,0.289692
2013-12-03,2.6,1.86,14.55,0.74,4.22,0.647563,0.751177
2013-12-04,2.62,1.87,14.7,0.75,4.19,0.652116,0.053488
2013-12-05,2.59,1.84,15.08,0.75,4.16,0.653468,0
2013-12-06,2.58,1.84,13.79,0.74,4.13,0.652182,0.196719
2013-12-09,2.57,1.84,13.49,0.73,4.11,0.653048,0.0642007
2013-12-10,2.56,1.83,13.91,0.73,4.15,0.648396,0.776074
2013-12-11,2.55,1.8,15.42,0.75,4.11,0.651464,0.306569
2013-12-12,2.53,1.77,15.54,0.76,4.11,0.652742,0.111
2013-12-13,2.5,1.75,15.76,0.75,4.12,0.65063,0.434234
2013-12-16,2.5,1.76,16.03,0.74,4.09,0.653597,0
2013-12-17,2.5,1.78,16.21,0.72,4.15,0.650756,0.434619
2013-12-18,2.5,1.74,13.8,0.76,4.14,0.655175,0
2013-12-19,2.42,1.63,14.15,0.79,4.07,0.655109,0.010037
2013-12-20,2.38,1.6,13.79,0.78,4.04,0.645595,1.46209
2013-12-23,2.35,1.57,13.04,0.78,4,0.649758,0.826794
2013-12-24,2.36,1.58,12.48,0.78,3.96,0.654652,0.0797916
2013-12-26,2.37,1.59,12.33,0.78,3.96,0.657802,0
2013-12-27,2.37,1.55,12.46,0.82,3.96,0.659604,0
2013-12-30,2.35,1.54,13.56,0.81,3.97,0.655665,0.597136
2013-12-31,2.33,1.53,13.72,0.8,4,0.660275,0
2014-01-02,2.34,1.55,14.23,0.79,4,0.659406,0.131703
2014-01-03,2.34,1.55,13.76,0.79,3.98,0.659194,0.163753
2014-01-06,2.32,1.55,13.55,0.77,3.96,0.657841,0.368611
2014-01-07,2.32,1.55,12.92,0.77,3.92,0.656179,0.620339
2014-01-08,2.31,1.52,12.87,0.79,3.87,0.657547,0.413197
2014-01-09,2.31,1.59,12.89,0.72,3.88,0.654706,0.843454
2014-01-10,2.32,1.62,12.14,0.7,3.95,0.648935,1.71744
2014-01-13,2.34,1.63,13.28,0.71,3.97,0.645029,2.30913
2014-01-14,2.34,1.62,12.28,0.72,3.92,0.648964,1.71309
2014-01-15,2.32,1.6,12.28,0.72,3.87,0.650967,1.40977
2014-01-16,2.32,1.62,12.53,0.7,3.88,0.646352,2.10874
2014-01-17,2.33,1.63,12.44,0.7,3.88,0.643793,2.49633
2014-01-20,,,,,3.88,,
2014-01-21,2.3,1.61,12.87,0.69,3.86,0.644129,2.44536
2014-01-22,2.3,1.61,12.84,0.69,3.82,0.644756,2.35047
2014-01-23,2.32,1.64,13.77,0.68,3.92,0.634947,3.836
2014-01-24,2.35,1.7,18.14,0.65,4.08,0.626693,5.08612
2014-01-27,2.36,1.7,17.42,0.66,4.09,0.630894,4.44982
2014-01-28,2.35,1.71,15.8,0.64,4.08,0.632135,4.26186
2014-01-29,2.38,1.74,17.35,0.64,4.15,0.625099,5.32759
2014-01-30,2.36,1.72,17.29,0.64,4.12,0.627978,4.89149
2014-01-31,2.4,1.76,18.41,0.64,4.21,0.623601,5.55443
2014-02-03,2.39,1.74,21.44,0.65,4.28,0.614247,6.97105
2014-02-04,2.41,1.78,19.11,0.63,4.31,0.621575,5.86121
2014-02-05,2.42,1.78,19.95,0.64,4.28,0.627376,4.98268
2014-02-06,2.4,1.77,17.23,0.63,4.21,0.632326,4.23305
2014-02-07,2.42,1.78,15.29,0.64,4.2,0.634986,3.83017
2014-02-10,2.42,1.78,15.26,0.64,4.16,0.633614,4.03791
2014-02-11,2.39,1.75,14.51,0.64,4.08,0.638395,3.31386
2014-02-12,2.36,1.74,14.3,0.62,4.01,0.640682,2.96749
2014-02-13,2.39,1.76,14.14,0.63,4.07,0.638913,3.23544
2014-02-14,2.38,1.75,13.57,0.63,4.03,0.639575,3.13505
2014-02-17,,,,,4.03,,
2014-02-18,2.4,1.76,13.87,0.64,4.01,0.63902,3.21911
2014-02-19,2.41,1.77,15.5,0.64,3.95,0.640087,3.05753
2014-02-20,2.39,1.76,14.79,0.63,3.92,0.643638,2.51978
2014-02-21,2.38,1.71,14.68,0.67,3.9,0.640805,2.94888
2014-02-24,2.38,1.7,14.23,0.68,3.85,0.643863,2.48575
2014-02-25,2.38,1.69,13.67,0.69,3.84,0.638909,3.23591
2014-02-26,2.38,1.7,14.35,0.68,3.84,0.636612,3.58391
2014-02-27,2.36,1.68,14.04,0.68,3.83,0.634352,3.92608
2014-02-28,2.35,1.66,14,0.69,3.81,0.63467,3.87795
2014-03-03,2.37,1.69,16,0.68,3.87,0.629881,4.60329
2014-03-04,2.35,1.67,14.1,0.68,3.79,0.641805,2.79738
2014-03-05,2.36,1.68,13.89,0.68,3.78,0.639284,3.17912
2014-03-06,2.37,1.68,14.21,0.69,3.78,0.644686,2.36097
2014-03-07,2.34,1.66,14.11,0.68,3.79,0.646292,2.11779
2014-03-10,2.36,1.67,14.2,0.69,3.82,0.645447,2.24577
2014-03-11,2.37,1.69,14.8,0.68,3.82,0.643062,2.60702
2014-03-12,2.38,1.69,14.47,0.69,3.87,0.639705,3.11542
2014-03-13,2.39,1.69,16.22,0.7,3.92,0.629539,4.65504
2014-03-14,2.4,1.72,17.82,0.68,3.96,0.628953,4.74388
2014-03-17,2.4,1.71,15.64,0.69,3.9,0.634561,3.89453
2014-03-18,2.42,1.73,14.52,0.69,3.87,0.634156,3.95577
2014-03-19,2.37,1.67,15.12,0.7,3.74,0.635867,3.69665
2014-03-20,2.34,1.65,14.52,0.69,3.79,0.63917,3.19639
2014-03-21,2.32,1.64,15,0.68,3.76,0.631916,4.2951
2014-03-24,2.29,1.61,15.09,0.68,3.75,0.627652,4.94084
2014-03-25,2.28,1.61,14.02,0.67,3.73,0.631295,4.38914
2014-03-26,2.28,1.62,14.93,0.66,3.75,0.626524,5.11163
2014-03-27,2.26,1.6,14.62,0.66,3.77,0.622465,5.72647
2014-03-28,2.25,1.58,14.41,0.67,3.73,0.627058,5.03081
2014-03-31,2.26,1.59,13.88,0.67,3.77,0.629544,4.65425
2014-04-01,2.26,1.53,13.1,0.73,3.73,0.636154,3.65326
2014-04-02,2.25,1.52,13.09,0.73,3.66,0.63915,3.19943
2014-04-03,2.24,1.52,13.37,0.72,3.64,0.636634,3.58052
2014-04-04,2.25,1.54,13.96,0.71,3.68,0.633886,3.99668
2014-04-07,2.24,1.54,15.57,0.7,3.72,0.628774,4.771
2014-04-08,2.26,1.56,14.89,0.7,3.73,0.628745,4.77527
2014-04-09,2.25,1.55,13.82,0.7,3.74,0.632871,4.15048
2014-04-10,2.24,1.59,15.89,0.65,3.77,0.625258,5.3034
2014-04-11,2.23,1.58,17.03,0.65,3.82,0.617598,6.46361
2014-04-14,2.22,1.57,16.11,0.65,3.76,0.621201,5.91796
2014-04-15,2.2,1.56,15.61,0.64,3.75,0.618,6.40271
2014-04-16,2.19,1.54,14.18,0.65,3.73,0.617551,6.47074
2014-04-17,2.16,1.52,13.36,0.64,3.68,0.623667,5.54437
2014-04-21,2.18,1.53,13.25,0.65,3.67,0.624178,5.46698
2014-04-22,2.15,1.51,13.19,0.64,3.65,0.622745,5.68397
2014-04-23,2.15,1.51,13.27,0.64,3.68,0.619407,6.18958
2014-04-24,2.14,1.5,13.32,0.64,3.66,0.618368,6.34688
2014-04-25,2.13,1.5,14.06,0.63,3.69,0.617283,6.51126
2014-04-28,2.13,1.5,13.97,0.63,3.68,0.62016,6.07558
2014-04-29,2.15,1.53,13.71,0.62,3.66,0.621924,5.80844
2014-04-30,2.16,1.54,13.41,0.62,3.71,0.619217,6.2184
2014-05-01,2.14,1.53,13.25,0.61,3.75,0.612012,7.30964
2014-05-02,2.14,1.52,12.91,0.62,3.73,0.609691,7.66104
2014-05-05,2.15,1.53,13.29,0.62,3.74,0.613132,7.14
2014-05-06,2.15,1.52,13.8,0.63,3.72,0.610808,7.49193
2014-05-07,2.16,1.54,13.4,0.62,3.74,0.613901,7.02342
2014-05-08,2.18,1.56,13.43,0.62,3.75,0.616411,6.64332
2014-05-09,2.21,1.59,12.92,0.62,3.74,0.618997,6.25168
2014-05-12,2.2,1.58,12.23,0.62,3.7,0.622171,5.771
2014-05-13,2.21,1.59,12.13,0.62,3.7,0.617806,6.432
2014-05-14,2.2,1.58,12.17,0.62,3.73,0.611513,7.38522
2014-05-15,2.22,1.58,13.17,0.64,3.78,0.606101,8.20485
2014-05-16,2.2,1.57,12.44,0.63,3.77,0.609031,7.76103
2014-05-19,2.22,1.61,12.42,0.61,3.76,0.614479,6.93589
2014-05-20,2.23,1.63,12.96,0.6,3.77,0.612343,7.25942
2014-05-21,2.26,1.65,11.91,0.61,3.77,0.616042,6.69924
2014-05-22,2.25,1.67,12.03,0.58,3.78,0.617377,6.497
2014-05-23,2.24,1.65,11.36,0.59,3.78,0.614284,6.96542
2014-05-26,,,,,3.78,,
2014-05-27,2.23,1.69,11.51,0.54,3.76,0.611288,7.41925
2014-05-28,2.23,1.69,11.68,0.54,3.8,0.604022,8.51964
2014-05-29,2.24,1.7,11.57,0.54,3.78,0.607826,7.9436
2014-05-30,2.22,1.68,11.4,0.54,3.75,0.608732,7.80632
2014-05-31,,,,,3.67,,
2014-06-02,2.22,1.68,11.58,0.54,3.61,0.611341,7.41121
2014-06-03,2.22,1.68,11.87,0.54,3.59,0.619024,6.24761
2014-06-04,2.23,1.67,12.08,0.56,3.59,0.61919,6.22242
2014-06-05,2.24,1.68,11.68,0.56,3.59,0.620421,6.03604
2014-06-06,2.23,1.68,10.73,0.55,3.53,0.622191,5.76793
2014-06-09,2.22,1.67,11.15,0.55,3.5,0.623808,5.52303
2014-06-10,2.21,1.67,10.99,0.54,3.46,0.625782,5.22403
2014-06-11,2.2,1.66,11.6,0.54,3.46,0.624723,5.38439
2014-06-12,2.21,1.67,12.56,0.54,3.5,0.618819,6.27859
2014-06-13,2.19,1.66,12.18,0.53,3.47,0.61987,6.11953
2014-06-16,2.17,1.63,12.65,0.54,3.43,0.617999,6.40276
2014-06-17,2.17,1.63,12.06,0.54,3.39,0.622471,5.72553
2014-06-18,2.19,1.65,10.61,0.54,3.41,0.620509,6.02265
2014-06-19,2.19,1.66,10.62,0.53,3.39,0.62843,4.82298
2014-06-20,2.2,1.63,10.85,0.57,3.36,0.624298,5.44887
2014-06-23,2.19,1.62,10.98,0.57,3.35,0.626194,5.16165
2014-06-24,2.18,1.63,12.13,0.55,3.37,0.619387,6.19258
2014-06-25,2.18,1.63,11.59,0.55,3.43,0.618704,6.29606
2014-06-26,2.18,1.62,11.63,0.56,3.47,0.615112,6.84005
2014-06-27,2.2,1.63,11.26,0.57,3.48,0.616035,6.70022
2014-06-30,2.18,1.62,11.57,0.56,3.53,0.614,7.00843
2014-07-01,2.19,1.64,11.15,0.55,3.5,0.619348,6.19851
2014-07-02,2.2,1.63,10.82,0.57,3.46,0.626436,5.12503
2014-07-03,2.21,1.63,10.32,0.58,3.44,0.627771,4.92285
2014-07-04,,,,,3.44,,
2014-07-07,2.18,1.61,11.33,0.57,3.44,0.62275,5.68333
2014-07-08,2.18,1.6,11.98,0.58,3.48,0.615975,6.70937
2014-07-09,2.17,1.59,11.65,0.58,3.51,0.615029,6.85268
2014-07-10,2.2,1.64,12.59,0.56,3.62,0.612981,7.16288
2014-07-11,2.2,1.64,12.08,0.56,3.61,0.610128,7.59492
2014-07-14,2.21,1.64,11.82,0.57,3.57,0.612577,7.22404
2014-07-15,2.2,1.63,11.96,0.57,3.6,0.612851,7.18257
2014-07-16,2.19,1.62,11,0.57,3.63,0.60864,7.82023
2014-07-17,2.22,1.64,14.54,0.58,3.74,0.596852,9.60562
2014-07-18,2.2,1.63,12.06,0.57,3.78,0.601277,8.93535
2014-07-21,2.19,1.61,12.81,0.58,3.8,0.59728,9.54073
2014-07-22,2.19,1.61,12.24,0.58,3.79,0.596864,9.60381
2014-07-23,2.2,1.64,11.52,0.56,3.77,0.598788,9.31245
2014-07-24,2.2,1.65,11.84,0.55,3.72,0.604382,8.46513
2014-07-25,2.19,1.64,12.69,0.55,3.75,0.596314,9.6871
2014-07-28,2.19,1.6,12.56,0.59,3.74,0.595362,9.8313
2014-07-29,2.18,1.59,13.28,0.59,3.8,0.592383,10.2824
2014-07-30,2.17,1.58,13.33,0.59,3.79,0.598222,9.39806
2014-07-31,2.17,1.57,16.95,0.6,4.04,0.595117,9.86839
2014-08-01,2.23,1.66,17.03,0.57,4.25,0.590488,10.5695
2014-08-04,2.24,1.67,15.12,0.57,4.24,0.59564,9.78908
2014-08-05,2.25,1.66,16.87,0.59,4.17,0.592563,10.2552
2014-08-06,2.26,1.67,16.37,0.59,4.21,0.593612,10.0963
2014-08-07,2.28,1.68,16.66,0.6,4.2,0.588507,10.8695
2014-08-08,2.27,1.65,15.77,0.62,4.2,0.591625,10.3973
2014-08-11,2.28,1.66,14.23,0.62,4.12,0.594474,9.96567
2014-08-12,2.29,1.68,14.13,0.61,4.07,0.598233,9.39643
2014-08-13,2.31,1.68,12.9,0.63,4.03,0.596066,9.72461
2014-08-14,2.29,1.66,12.42,0.63,3.97,0.592441,10.2736
2014-08-15,2.29,1.66,13.15,0.63,3.97,0.587235,11.062
2014-08-18,2.31,1.67,12.32,0.64,3.89,0.594834,9.91115
2014-08-19,2.33,1.71,12.21,0.62,3.85,0.596487,9.66081
2014-08-20,2.3,1.68,11.78,0.62,3.79,0.597909,9.44557
2014-08-21,2.28,1.67,11.76,0.61,3.81,0.594576,9.95022
2014-08-22,2.26,1.63,11.47,0.63,3.79,0.58984,10.6675
2014-08-25,2.25,1.62,11.7,0.63,3.77,0.588884,10.8124
2014-08-26,2.26,1.64,11.63,0.62,3.78,0.59123,10.4571
2014-08-27,2.24,1.62,11.78,0.62,3.81,0.585676,11.2983
2014-08-28,2.23,1.6,12.05,0.63,3.82,0.581758,11.8915
2014-08-29,2.23,1.6,11.98,0.63,3.8,0.581799,11.8854
2014-08-31,,,,,3.84,,
2014-09-01,,,,,3.84,,
2014-09-02,2.25,1.58,12.25,0.67,3.8,0.592706,10.2336
2014-09-03,2.24,1.57,12.36,0.67,3.83,0.587916,10.9589
2014-09-04,2.25,1.58,12.64,0.67,3.85,0.593199,10.1589
2014-09-05,2.29,1.64,12.09,0.65,3.93,0.593627,10.0941
2014-09-08,2.26,1.6,12.66,0.66,3.92,0.592798,10.2196
2014-09-09,2.25,1.59,13.5,0.66,3.93,0.590521,10.5645
2014-09-10,2.26,1.59,12.88,0.67,4.01,0.594526,9.95785
2014-09-11,2.25,1.58,12.8,0.67,4.05,0.596498,9.65919
2014-09-12,2.27,1.6,13.31,0.67,4.03,0.602097,8.81123
2014-09-15,2.28,1.61,14.12,0.67,4.06,0.600093,9.1147
2014-09-16,2.3,1.62,12.73,0.68,4.1,0.603771,8.5577
2014-09-17,2.29,1.6,12.65,0.69,4.05,0.607283,8.02585
2014-09-18,2.28,1.59,12.03,0.69,3.98,0.605545,8.28895
2014-09-19,2.26,1.57,12.11,0.69,3.97,0.598837,9.30498
2014-09-22,2.27,1.58,13.69,0.69,4.02,0.597015,9.58094
2014-09-23,2.26,1.56,14.93,0.7,4.13,0.590344,10.5912
2014-09-24,2.27,1.56,13.27,0.71,4.18,0.591839,10.3649
2014-09-25,2.27,1.54,15.64,0.73,4.33,0.580916,12.0192
2014-09-26,2.27,1.52,14.85,0.75,4.4,0.581386,11.948
2014-09-29,2.27,1.52,15.98,0.75,4.51,0.575564,12.8297
2014-09-30,2.29,1.53,16.31,0.76,4.4,0.58257,11.7687
2014-10-01,2.31,1.53,16.71,0.78,4.45,0.572118,13.3517
2014-10-02,2.32,1.55,16.16,0.77,4.42,0.57828,12.4184
2014-10-03,2.29,1.53,14.55,0.76,4.29,0.577766,12.4962
2014-10-06,2.3,1.55,15.46,0.75,4.26,0.578049,12.4533
2014-10-07,2.3,1.55,17.2,0.75,4.37,0.568187,13.947
2014-10-08,2.32,1.57,15.11,0.75,4.48,0.570763,13.5568
2014-10-09,2.34,1.58,18.76,0.76,4.52,0.567175,14.1002
2014-10-10,2.36,1.58,21.24,0.78,4.66,0.557051,15.6335
2014-10-13,,,24.64,,4.66,0.550935,16.5598
2014-10-14,2.39,1.6,22.79,0.79,4.83,0.549176,16.8262
2014-10-15,2.44,1.63,26.25,0.81,5.08,0.544994,17.4596
2014-10-16,2.47,1.67,25.2,0.8,4.98,0.551576,16.4627
2014-10-17,2.44,1.65,21.99,0.79,4.68,0.559368,15.2826
2014-10-20,2.45,1.69,18.57,0.76,4.68,0.561351,14.9823
2014-10-21,2.43,1.69,16.08,0.74,4.5,0.57046,13.6027
2014-10-22,2.42,1.68,17.87,0.74,4.44,0.566115,14.2608
2014-10-23,2.42,1.67,16.53,0.75,4.38,0.570932,13.5312
2014-10-24,2.43,1.68,16.11,0.75,4.38,0.571963,13.3751
2014-10-27,2.44,1.68,16.04,0.76,4.41,0.568576,13.888
2014-10-28,2.43,1.66,14.39,0.77,4.39,0.573083,13.2054
2014-10-29,2.36,1.59,15.15,0.77,4.32,0.571355,13.4672
2014-10-30,2.39,1.56,14.52,0.83,4.35,0.570629,13.5771
2014-10-31,2.39,1.55,14.03,0.84,4.3,0.572608,13.2774
2014-11-03,2.39,1.54,14.73,0.85,4.29,0.573813,13.0948
2014-11-04,2.39,1.54,14.89,0.85,4.35,0.570238,13.6363
2014-11-05,2.39,1.54,14.17,0.85,4.32,0.570928,13.5319
2014-11-06,2.4,1.54,13.67,0.86,4.3,0.57614,12.7425
2014-11-07,2.43,1.56,13.12,0.87,4.36,0.570152,13.6493
2014-11-10,2.41,1.54,12.67,0.87,4.32,0.575687,12.811
2014-11-11,,,12.92,,4.32,0.576607,12.6717
2014-11-12,2.43,1.58,13.02,0.85,4.33,0.575223,12.8813
2014-11-13,2.47,1.62,13.79,0.85,4.37,0.571507,13.4442
2014-11-14,2.48,1.62,13.31,0.86,4.43,0.565885,14.2956
2014-11-17,2.49,1.61,13.99,0.88,4.46,0.567247,14.0893
2014-11-18,2.52,1.64,13.86,0.88,4.53,0.564568,14.4951
2014-11-19,2.51,1.62,13.96,0.89,4.57,0.568056,13.9668
2014-11-20,2.52,1.63,13.58,0.89,4.61,0.565169,14.4041
2014-11-21,2.49,1.63,12.9,0.86,4.54,0.564859,14.451
2014-11-24,2.5,1.64,12.62,0.86,4.54,0.564327,14.5316
2014-11-25,2.46,1.61,12.25,0.85,4.54,0.560586,15.0982
2014-11-26,2.47,1.62,12.07,0.85,4.56,0.559793,15.2182
2014-11-27,,,,,4.56,,
2014-11-28,2.52,1.65,13.33,0.87,4.64,0.550094,16.6872
2014-11-30,,,,,4.67,,
2014-12-01,2.54,1.64,14.29,0.9,4.82,0.547753,17.0417
2014-12-02,2.54,1.65,12.85,0.89,4.82,0.556143,15.771
2014-12-03,2.52,1.63,12.47,0.89,4.81,0.5549,15.9593
2014-12-04,2.53,1.64,12.38,0.89,4.83,0.549933,16.7115
2014-12-05,2.48,1.59,11.82,0.89,4.77,0.55273,16.288
2014-12-08,2.48,1.56,14.21,0.92,4.87,0.543274,17.7201
2014-12-09,2.51,1.57,14.89,0.94,5.06,0.540195,18.1864
2014-12-10,2.53,1.57,18.53,0.96,5.21,0.530127,19.7113
2014-12-11,2.53,1.55,20.08,0.98,5.25,0.526054,20.3281
2014-12-12,2.58,1.57,21.08,1.01,5.47,0.511973,22.4608
2014-12-15,2.56,1.58,20.42,0.98,5.52,0.512736,22.3452
2014-12-16,2.6,1.63,23.57,0.97,5.71,0.504666,23.5673
2014-12-17,2.6,1.61,19.44,0.99,5.48,0.51963,21.301
2014-12-18,2.56,1.58,16.81,0.98,5.15,0.53328,19.2337
2014-12-19,2.56,1.6,16.49,0.96,5.09,0.531268,19.5384
2014-12-22,2.53,1.56,15.25,0.97,5.03,0.529258,19.8429
2014-12-23,2.53,1.57,14.8,0.96,4.94,0.541887,17.9301
2014-12-24,2.5,1.54,14.37,0.96,4.93,0.540787,18.0967
2014-12-26,2.5,1.54,14.5,0.96,4.93,0.537116,18.6526
2014-12-29,2.49,1.53,15.06,0.96,4.96,0.533428,19.2113
2014-12-30,2.49,1.53,15.92,0.96,4.98,0.53092,19.5911
2014-12-31,2.51,1.55,19.2,0.96,5.04,0.528493,19.8532
2015-01-02,2.51,1.55,17.79,0.96,5.08,0.522681,20.709
2015-01-05,2.52,1.55,19.92,0.97,5.21,0.509831,22.4994
2015-01-06,2.52,1.53,21.12,0.99,5.37,0.49889,24.1286
2015-01-07,2.53,1.55,19.31,0.98,5.31,0.502987,23.5056
2015-01-08,2.54,1.54,17.01,1,5.17,0.513575,21.5564
2015-01-09,2.55,1.55,17.55,1,5.2,0.510561,21.5689
2015-01-12,2.55,1.55,19.6,1,5.27,0.507037,22.1102
2015-01-13,2.55,1.58,20.56,0.97,5.28,0.507037,22.1102
2015-01-14,2.58,1.6,21.48,0.98,5.39,0.502045,22.877
2015-01-15,2.65,1.67,22.39,0.98,5.42,0.491239,23.9982
2015-01-16,2.62,1.63,20.95,0.99,,0.49948,22.7161
2015-01-19,,,,,5.39,,
2015-01-20,2.61,1.6,19.89,1.01,5.39,0.492048,23.866
2015-01-21,2.59,1.59,18.85,1,5.36,0.500475,22.5621
2015-01-22,2.59,1.61,16.4,0.98,5.27,0.502953,22.1787
2015-01-23,2.6,1.58,16.66,1.02,5.3,0.496048,23.247
2015-01-26,2.58,1.58,15.52,1,5.26,0.499829,22.6621
2015-01-27,2.59,1.59,17.22,1,5.29,0.498662,22.8426
2015-01-28,2.59,1.6,20.44,0.99,5.31,0.489609,24.2433
2015-01-29,2.58,1.58,18.76,1,5.28,0.494602,23.4709
2015-01-30,2.61,1.61,20.97,1,5.37,0.484639,25.0124
2015-01-31,,,,,5.26,,
2015-02-02,2.61,1.61,19.43,1,5.26,0.488343,24.4393
2015-02-03,2.61,1.63,17.33,0.98,5.11,0.501723,22.369
2015-02-04,2.6,1.62,18.33,0.98,5.05,0.498769,22.826
2015-02-05,2.6,1.63,16.85,0.97,4.99,0.507265,21.5115
2015-02-06,2.55,1.57,17.29,0.98,4.78,0.516804,20.0356
2015-02-09,2.53,1.56,18.55,0.97,4.8,0.516381,20.1009
2015-02-10,2.53,1.63,17.23,0.9,4.75,0.522301,19.185
2015-02-11,2.53,1.63,16.96,0.9,4.76,0.521165,19.3608
2015-02-12,2.54,1.65,15.34,0.89,4.74,0.522837,19.1021
2015-02-13,2.55,1.65,14.69,0.9,4.71,0.529017,18.1458
2015-02-16,,,,,4.69,,
2015-02-17,2.53,1.64,15.8,0.89,4.57,0.536749,16.9494
2015-02-18,2.53,1.66,15.45,0.87,4.62,0.535396,17.1589
2015-02-19,2.53,1.66,15.29,0.87,4.58,0.537722,16.7989
2015-02-20,2.5,1.65,14.3,0.85,4.53,0.53762,16.8147
2015-02-23,2.48,1.64,14.56,0.84,4.56,0.531937,17.694
2015-02-24,2.49,1.66,13.69,0.83,4.58,0.525561,18.6806
2015-02-25,2.49,1.65,13.84,0.84,4.54,0.525016,18.7649
2015-02-26,2.44,1.61,13.91,0.83,4.43,0.532175,17.6571
2015-02-27,2.46,1.64,13.34,0.82,4.43,0.527853,18.3259
2015-02-28,,,,,4.46,,
2015-03-02,2.48,1.62,13.04,0.86,4.38,0.537772,16.7911
2015-03-03,2.46,1.61,13.86,0.85,4.38,0.538194,16.7259
2015-03-04,2.46,1.61,14.23,0.85,4.44,0.537021,16.9074
2015-03-05,2.47,1.6,14.04,0.87,4.46,0.538706,16.6467
2015-03-06,2.45,1.57,15.2,0.88,4.42,0.547372,15.3057
2015-03-09,2.46,1.58,15.06,0.88,4.51,0.541229,16.1467
2015-03-10,2.45,1.56,16.69,0.89,4.66,0.532133,17.2501
2015-03-11,2.45,1.56,16.87,0.89,4.61,0.529749,17.1885
2015-03-12,2.46,1.57,15.42,0.89,4.62,0.531181,16.8952
2015-03-13,2.47,1.57,16,0.9,4.68,0.530991,16.9249
2015-03-16,2.48,1.6,15.61,0.88,4.72,0.525403,17.7993
2015-03-17,2.49,1.61,15.66,0.88,4.79,0.518483,18.8819
2015-03-18,2.55,1.67,13.97,0.88,4.91,0.513203,19.7079
2015-03-19,2.5,1.6,14.07,0.9,4.79,0.511726,19.939
2015-03-20,2.51,1.62,13.02,0.89,4.81,0.513011,19.7354
2015-03-23,2.54,1.62,13.41,0.92,4.82,0.514035,19.5753
2015-03-24,2.53,1.62,13.62,0.91,4.81,0.5099,20.2223
2015-03-25,2.53,1.59,15.44,0.94,4.76,0.512881,19.7559
2015-03-26,2.55,1.6,15.8,0.95,4.74,0.520945,18.4941
2015-03-27,2.53,1.58,15.07,0.95,4.76,0.514944,19.4331
2015-03-30,2.55,1.59,14.51,0.96,4.73,0.518941,18.8076
2015-03-31,2.55,1.58,15.29,0.97,4.82,0.517201,19.0799
2015-04-01,2.55,1.58,15.11,0.97,4.86,0.511548,19.9643
2015-04-02,2.55,1.57,14.67,0.98,4.82,0.517427,18.7246
2015-04-03,2.58,1.58,,1,,,
2015-04-06,2.58,1.59,14.74,0.99,4.8,0.521655,17.7053
2015-04-07,2.56,1.58,14.78,0.98,4.72,0.520057,17.8257
2015-04-08,2.51,1.53,13.98,0.98,4.67,0.519783,17.869
2015-04-09,2.53,1.56,13.09,0.97,4.62,0.526091,16.8723
2015-04-10,2.53,1.57,12.58,0.96,4.6,0.526531,16.2148
2015-04-13,2.54,1.58,13.94,0.96,4.6,0.524821,16.487
2015-04-14,2.54,1.57,13.67,0.97,4.62,0.521356,17.0383
2015-04-15,2.54,1.57,12.84,0.97,4.58,0.523856,16.6405
2015-04-16,2.55,1.57,12.6,0.98,4.61,0.525383,16.3976
2015-04-17,2.53,1.56,13.89,0.97,4.66,0.517835,17.5986
2015-04-20,2.55,1.6,13.3,0.95,4.6,0.523595,16.6822
2015-04-21,2.54,1.59,13.25,0.95,4.57,0.526322,16.2482
2015-04-22,2.53,1.59,12.71,0.94,4.53,0.533954,15.0337
2015-04-23,2.54,1.6,12.48,0.94,4.55,0.53149,15.4259
2015-04-24,2.56,1.62,12.29,0.94,4.56,0.529064,15.8119
2015-04-27,2.54,1.6,13.12,0.94,4.55,0.529238,15.7841
2015-04-28,2.55,1.6,12.41,0.95,4.52,0.535816,14.7374
2015-04-29,2.58,1.63,13.39,0.95,4.53,0.541453,13.8404
2015-04-30,2.6,1.69,14.55,0.91,4.59,0.540211,14.038
2015-05-01,2.61,1.7,12.7,0.91,4.53,0.548803,12.6709
2015-05-04,2.61,1.7,12.85,0.91,4.51,0.553908,11.8584
2015-05-05,2.62,1.71,14.31,0.91,4.48,0.553943,11.8529
2015-05-06,2.64,1.73,15.15,0.91,4.5,0.561913,10.5847
2015-05-07,2.64,1.74,15.13,0.9,4.55,0.554401,11.78
2015-05-08,2.65,1.75,12.86,0.9,4.53,0.557253,11.3262
2015-05-11,2.66,1.75,13.85,0.91,4.45,0.567571,9.68438
2015-05-12,2.65,1.73,13.86,0.92,4.56,0.56604,9.92793
2015-05-13,2.71,1.78,13.76,0.93,4.51,0.569791,9.33103
2015-05-14,2.74,1.81,12.74,0.93,4.52,0.571028,9.13429
2015-05-15,2.72,1.81,12.38,0.91,4.55,0.561037,10.7241
2015-05-18,2.73,1.82,12.73,0.91,4.49,0.56967,9.35031
2015-05-19,2.71,1.8,12.85,0.91,4.46,0.573881,8.68026
2015-05-20,2.73,1.83,12.88,0.9,4.49,0.572218,8.94482
2015-05-21,2.75,1.87,12.11,0.88,4.51,0.565136,10.0718
2015-05-22,2.74,1.86,12.13,0.88,4.47,0.565337,10.0399
2015-05-26,2.73,1.84,14.06,0.89,4.51,0.554664,11.7381
2015-05-27,2.71,1.8,13.27,0.91,4.48,0.554621,11.745
2015-05-28,2.75,1.82,13.31,0.93,4.5,0.555734,11.5679
2015-05-29,2.72,1.82,13.84,0.9,4.52,0.555306,11.636
2015-05-31,,,,,4.58,,
2015-06-01,2.75,1.86,13.97,0.89,4.52,0.562282,10.526
2015-06-02,2.75,1.84,14.24,0.91,4.49,0.569168,9.43017
2015-06-03,2.72,1.81,13.66,0.91,4.46,0.575335,8.44894
2015-06-04,2.72,1.81,14.71,0.91,4.56,0.566111,9.91673
2015-06-05,2.69,1.78,14.21,0.91,4.56,0.571366,9.08048
2015-06-08,2.7,1.8,15.29,0.9,4.61,0.571998,8.97993
2015-06-09,2.73,1.81,14.47,0.92,4.66,0.575596,8.40742
2015-06-10,2.7,1.76,13.22,0.94,4.6,0.581458,7.47455
2015-06-11,2.71,1.78,12.85,0.93,4.62,0.570626,9.19819
2015-06-12,2.7,1.77,13.78,0.93,4.63,0.568524,9.53278
2015-06-15,2.73,1.83,15.39,0.9,4.71,0.564939,10.1032
2015-06-16,2.74,1.83,14.81,0.91,4.77,0.563681,10.3034
2015-06-17,2.76,1.83,14.5,0.93,4.76,0.567561,9.686
2015-06-18,2.82,1.87,13.19,0.95,4.71,0.57247,8.90483
2015-06-19,2.82,1.88,13.96,0.94,4.73,0.565526,9.91515
2015-06-22,2.81,1.87,12.74,0.94,4.62,0.578466,7.85404
2015-06-23,2.82,1.86,12.11,0.96,4.62,0.581569,7.35967
2015-06-24,2.81,1.84,13.26,0.97,4.66,0.575055,8.39738
2015-06-25,2.8,1.83,14.01,0.97,4.67,0.575338,8.35221
2015-06-26,2.81,1.84,14.02,0.97,4.65,0.580183,7.58052
2015-06-29,2.84,1.86,18.85,0.98,4.91,0.561347,10.5809
2015-06-30,2.83,1.84,18.23,0.99,5,0.567953,9.52865
2015-07-01,2.83,1.83,16.09,1,4.88,0.575822,8.27507
2015-07-02,2.86,1.86,16.79,1,4.91,0.576078,8.23439
2015-07-03,,,,,4.91,,
2015-07-06,2.84,1.84,17.01,1,5.07,0.563747,9.47454
2015-07-07,2.84,1.82,16.09,1.02,5.13,0.558942,9.25895
2015-07-08,2.87,1.85,19.66,1.02,5.21,0.551402,10.3454
2015-07-09,2.88,1.86,19.97,1.02,5.11,0.563761,8.0295
2015-07-10,2.9,1.87,16.83,1.03,4.97,0.576154,5.98786
2015-07-13,2.88,1.83,13.9,1.05,4.93,0.578468,5.61035
2015-07-14,2.91,1.85,13.37,1.06,4.94,0.575989,6.01472
2015-07-15,2.91,1.84,13.23,1.07,4.93,0.569949,6.35692
2015-07-16,2.88,1.83,12.11,1.05,4.91,0.566934,6.64412
2015-07-17,2.87,1.82,11.95,1.05,4.95,0.562499,7.37446
2015-07-20,2.86,1.8,12.25,1.06,4.96,0.562267,7.41259
2015-07-21,2.87,1.83,12.22,1.04,5.06,0.558226,8.07803
2015-07-22,2.85,1.8,12.12,1.05,5.16,0.551183,9.23785
2015-07-23,2.85,1.8,12.64,1.05,5.21,0.54409,10.4058
2015-07-24,2.87,1.8,13.74,1.07,5.32,0.541194,10.8827
2015-07-27,2.9,1.81,15.6,1.09,5.49,0.53603,11.7331
2015-07-28,2.91,1.8,13.44,1.11,5.44,0.542889,10.6036
2015-07-29,2.9,1.8,12.5,1.1,5.33,0.548094,9.7465
2015-07-30,2.88,1.77,12.13,1.11,5.26,0.545513,10.1714
2015-07-31,2.94,1.87,12.12,1.07,5.36,0.540583,10.9833
2015-08-03,2.92,1.83,12.56,1.09,5.45,0.533951,12.0754
2015-08-04,2.88,1.79,13,1.09,5.41,0.538527,11.3218
2015-08-05,2.9,1.8,12.51,1.1,5.29,0.541856,10.7737
2015-08-06,2.92,1.83,13.77,1.09,5.4,0.534873,11.9235
2015-08-07,2.91,1.78,13.39,1.13,5.52,0.526309,13.3337
2015-08-10,2.93,1.82,12.23,1.11,5.51,0.534446,11.9938
2015-08-11,2.94,1.81,13.71,1.13,5.67,0.523672,13.768
2015-08-12,2.97,1.86,13.61,1.11,5.79,0.525812,13.4156
2015-08-13,2.98,1.85,13.49,1.13,5.66,0.526842,13.246
2015-08-14,2.97,1.83,12.83,1.14,5.52,0.525914,13.3988
2015-08-17,2.97,1.83,13.02,1.14,5.58,0.523549,13.7883
2015-08-18,3.01,1.84,13.79,1.17,5.56,0.52703,13.2151
2015-08-19,3.06,1.88,15.25,1.18,5.68,0.521391,14.1435
2015-08-20,3.04,1.88,19.14,1.16,5.75,0.513663,15.4161
2015-08-21,3.1,1.9,28.03,1.2,5.86,0.510269,15.9751
2015-08-24,3.14,1.93,40.74,1.21,6.14,0.506249,16.637
2015-08-25,3.17,1.96,36.02,1.21,5.9,0.515546,15.1061
2015-08-26,3.2,1.99,30.32,1.21,5.91,0.530089,12.7113
2015-08-27,3.15,1.96,26.1,1.19,5.8,0.533744,12.1094
2015-08-28,3.13,1.93,26.05,1.2,5.72,0.532668,12.2867
2015-08-31,3.15,1.94,28.43,1.21,5.7,0.536046,11.7304
2015-09-01,3.18,1.98,31.4,1.2,5.78,0.530493,12.6448
2015-09-02,3.17,1.96,26.09,1.21,5.73,0.537286,11.5262
2015-09-03,3.17,1.95,25.61,1.22,5.7,0.535425,11.8326
2015-09-04,3.15,1.9,27.8,1.25,5.74,0.530026,12.7217
2015-09-07,,,,,5.74,,
2015-09-08,3.16,1.91,24.9,1.25,5.64,0.540904,10.9304
2015-09-09,3.1,1.88,26.23,1.22,5.59,0.537635,11.4687
2015-09-10,3.12,1.9,24.37,1.22,5.58,0.542607,10.65
2015-09-11,3.11,1.84,23.2,1.27,5.62,0.539023,11.2401
2015-09-14,3.13,1.86,24.25,1.27,5.62,0.537247,11.5326
2015-09-15,3.16,1.9,22.54,1.26,5.54,0.547618,9.82481
2015-09-16,3.15,1.88,21.35,1.27,5.59,0.547717,9.80847
2015-09-17,3.18,1.88,21.14,1.3,5.71,0.541554,10.5675
2015-09-18,3.15,1.86,22.28,1.29,5.8,0.531862,11.1842
2015-09-21,3.19,1.91,20.14,1.28,5.77,0.539667,9.60578
2015-09-22,3.15,1.87,22.44,1.28,5.98,0.528415,10.7164
2015-09-23,3.15,1.84,22.13,1.31,5.98,0.527526,10.8666
2015-09-24,3.16,1.86,23.47,1.3,6.14,0.521363,10.5063
2015-09-25,3.19,1.88,23.62,1.31,6.15,0.523234,10.1852
2015-09-28,3.21,1.89,27.63,1.32,6.48,0.506536,13.0514
2015-09-29,3.26,1.92,26.83,1.34,6.6,0.505045,13.3073
2015-09-30,3.29,1.94,24.5,1.35,6.62,0.509987,12.3084
2015-10-01,3.31,1.93,22.55,1.38,6.67,0.504561,13.2414
2015-10-02,3.34,1.96,20.94,1.38,6.83,0.50201,13.6801
2015-10-05,3.33,1.97,19.54,1.36,6.62,0.515026,11.442
2015-10-06,3.32,1.95,19.4,1.37,6.52,0.515643,11.336
2015-10-07,3.27,1.9,18.4,1.37,6.32,0.522666,10.1284
2015-10-08,3.28,1.92,17.42,1.36,6.26,0.529255,8.99528
2015-10-09,3.26,1.87,17.08,1.39,6.13,0.527933,9.22266
2015-10-12,,,16.17,,6.13,0.522962,10.0773
2015-10-13,3.28,1.87,17.67,1.41,6.24,0.520845,10.4414
2015-10-14,3.31,1.91,18.03,1.4,6.31,0.51596,11.2813
2015-10-15,3.29,1.89,16.05,1.4,6.26,0.519726,10.6339
2015-10-16,3.28,1.88,15.05,1.4,6.18,0.521945,10.2523
2015-10-19,3.3,1.9,14.98,1.4,6.16,0.524791,9.76287
2015-10-20,3.29,1.87,15.75,1.42,6.06,0.528533,9.11954
2015-10-21,3.28,1.86,16.7,1.42,6.07,0.522785,10.1079
2015-10-22,3.26,1.85,14.45,1.41,6.1,0.522084,10.2284
2015-10-23,3.23,1.84,14.46,1.39,5.97,0.528423,9.13836
2015-10-26,3.22,1.83,15.29,1.39,6,0.524379,9.83374
2015-10-27,3.25,1.84,15.43,1.41,6.07,0.521363,10.3524
2015-10-28,3.2,1.81,14.33,1.39,5.97,0.524878,9.74801
2015-10-29,3.21,1.85,14.61,1.36,5.89,0.531993,8.52456
2015-10-30,3.19,1.82,15.07,1.37,5.88,0.528625,9.10368
2015-10-31,,,,,5.9,,
2015-11-02,3.18,1.81,14.15,1.37,5.84,0.532711,8.4011
2015-11-03,3.19,1.83,14.54,1.36,5.77,0.537681,7.54641
2015-11-04,3.16,1.8,15.51,1.36,5.73,0.53549,7.92316
2015-11-05,3.18,1.79,15.05,1.39,5.8,0.534831,8.03648
2015-11-06,3.17,1.76,14.33,1.41,5.82,0.540167,7.11907
2015-11-09,3.15,1.76,16.52,1.39,5.94,0.540975,6.98007
2015-11-10,3.18,1.79,15.29,1.39,6.02,0.538163,7.46361
2015-11-11,,,16.06,,6.02,0.538015,7.48909
2015-11-12,3.19,1.79,18.37,1.4,6.13,0.53186,8.54732
2015-11-13,3.2,1.81,20.08,1.39,6.24,0.527314,9.3291
2015-11-16,3.24,1.84,18.16,1.4,6.28,0.530279,8.81925
2015-11-17,3.23,1.83,18.84,1.4,6.19,0.529773,8.90622
2015-11-18,3.21,1.81,16.85,1.4,6.2,0.529684,8.92157
2015-11-19,3.2,1.8,16.99,1.4,6.28,0.521457,10.3361
2015-11-20,3.2,1.78,15.47,1.42,6.32,0.522932,10.0825
2015-11-23,3.19,1.76,15.62,1.43,6.35,0.52089,10.4336
2015-11-24,3.2,1.77,15.93,1.43,6.41,0.521625,10.3072
2015-11-25,3.21,1.77,15.19,1.44,6.37,0.520985,10.4173
2015-11-26,,,,,6.37,,
2015-11-27,3.22,1.78,15.12,1.44,6.38,0.522319,10.188
2015-11-30,3.2,1.78,16.13,1.42,6.4,0.519941,10.5968
2015-12-01,3.21,1.77,14.67,1.44,6.4,0.516662,11.1607
2015-12-02,3.17,1.71,15.91,1.46,6.34,0.515438,11.3711
2015-12-03,3.18,1.73,18.11,1.45,6.32,0.528438,9.13576
2015-12-04,3.15,1.71,14.81,1.44,6.37,0.522636,10.1335
2015-12-07,3.15,1.72,15.84,1.43,6.51,0.513981,11.6218
2015-12-08,3.19,1.71,17.6,1.48,6.65,0.507343,12.763
2015-12-09,3.18,1.74,19.61,1.44,6.72,0.510517,12.2173
2015-12-10,3.19,1.72,19.34,1.47,6.71,0.507719,12.6984
2015-12-11,3.24,1.78,24.39,1.46,7.1,0.489863,15.7688
2015-12-14,3.23,1.78,22.73,1.45,7.33,0.491972,15.406
2015-12-15,3.21,1.72,20.95,1.49,7.09,0.502988,13.5119
2015-12-16,3.21,1.71,17.86,1.5,6.98,0.507906,12.6663
2015-12-17,3.21,1.7,18.94,1.51,7.01,0.496628,14.6055
2015-12-18,3.25,1.72,20.7,1.53,7.2,0.492032,15.3957
2015-12-21,3.27,1.73,18.7,1.54,7.25,0.490605,15.6411
2015-12-22,3.26,1.73,16.6,1.53,7.15,0.500159,13.9984
2015-12-23,3.26,1.72,15.57,1.54,7.05,0.507151,12.7961
2015-12-24,3.22,1.71,15.74,1.51,7.05,0.505293,13.1155
2015-12-28,3.21,1.69,16.91,1.52,7.07,0.500799,13.8882
2015-12-29,3.22,1.72,16.08,1.5,6.96,0.512188,11.9299
2015-12-30,3.23,1.72,17.29,1.51,6.95,0.513082,11.7763
2015-12-31,3.23,1.77,18.21,1.46,6.95,0.511101,12.1169
2016-01-04,3.24,1.79,20.7,1.45,7.1,0.504418,13.266
2016-01-05,3.25,1.77,19.34,1.48,7.03,0.50741,12.7516
2016-01-06,3.26,1.76,20.59,1.5,7.11,0.500663,13.9117
2016-01-07,3.28,1.79,24.99,1.49,7.24,0.496527,14.6229
2016-01-08,3.31,1.82,27.01,1.49,7.23,0.493012,15.2273
2016-01-11,3.3,1.82,24.3,1.48,7.31,0.497715,14.4186
2016-01-12,3.29,1.8,22.47,1.49,7.38,0.491131,15.5507
2016-01-13,3.28,1.81,25.22,1.47,7.5,0.480953,17.3007
2016-01-14,3.36,1.86,23.95,1.5,7.57,0.487659,16.1476
2016-01-15,3.38,1.96,27.02,1.42,7.89,0.473849,18.5223
2016-01-18,,,,,7.9,,
2016-01-19,3.35,1.94,26.05,1.41,7.88,0.473676,18.552
2016-01-20,3.4,2.04,27.59,1.36,8.27,0.465602,19.9404
2016-01-21,3.45,2.04,26.69,1.41,8.13,0.471945,18.8498
2016-01-22,3.42,1.95,22.34,1.47,7.87,0.481013,17.2905
2016-01-25,3.44,2.01,24.15,1.43,7.85,0.473684,18.5507
2016-01-26,3.46,2.02,22.5,1.44,7.83,0.477705,17.8593
2016-01-27,3.46,2.05,23.11,1.41,7.78,0.47709,17.965
2016-01-28,3.48,2.07,22.42,1.41,7.75,0.478834,17.6651
2016-01-29,3.48,2.11,20.2,1.37,7.74,0.476371,18.0887
2016-01-31,,,,,7.77,,
2016-02-01,3.49,2.11,19.98,1.38,7.79,0.474993,18.3256
2016-02-02,3.49,2.14,21.98,1.35,7.98,0.463013,20.3856
2016-02-03,3.52,2.18,21.65,1.34,8.03,0.469163,19.3281
2016-02-04,3.53,2.13,21.84,1.4,8.03,0.465409,19.9736
2016-02-05,3.52,2.12,23.38,1.4,8.1,0.46129,20.6819
2016-02-08,3.53,2.12,26,1.41,8.51,0.446322,23.2556
2016-02-09,3.54,2.18,26.54,1.36,8.62,0.444157,23.6278
2016-02-10,3.56,2.21,26.29,1.35,8.53,0.439641,24.4043
2016-02-11,3.63,2.26,28.14,1.37,8.87,0.433658,25.4331
2016-02-12,3.6,2.24,25.4,1.36,8.64,0.447571,23.0408
2016-02-15,,,,,8.59,,
2016-02-16,3.59,2.23,24.11,1.36,8.45,0.452766,22.1476
2016-02-17,3.62,2.24,22.31,1.38,8.21,0.459303,21.0234
2016-02-18,3.62,2.26,21.64,1.36,8.17,0.454136,21.9119
2016-02-19,3.56,2.2,20.53,1.36,8.23,0.454632,21.8266
2016-02-22,3.57,2.2,19.38,1.37,8.09,0.458801,21.1099
2016-02-23,3.58,2.19,20.98,1.39,8.1,0.456017,21.5884
2016-02-24,3.56,2.16,20.72,1.4,8.17,0.457681,21.3024
2016-02-25,3.56,2.14,19.11,1.42,8.08,0.458495,21.1625
2016-02-26,3.56,2.12,19.81,1.44,7.8,0.466078,19.8586
2016-02-29,3.55,2.1,20.55,1.45,7.75,0.469028,19.3513
2016-03-01,3.54,2.08,17.7,1.46,7.46,0.484981,16.6082
2016-03-02,3.5,2.06,17.09,1.44,7.31,0.479704,17.5156
2016-03-03,3.47,2.06,16.7,1.41,7.28,0.479568,17.5389
2016-03-04,3.43,2.04,16.86,1.39,7.08,0.48404,16.7699
2016-03-07,3.39,2,17.35,1.39,7.03,0.484788,16.6414
2016-03-08,3.38,2.02,18.67,1.36,7.14,0.476117,18.1323
2016-03-09,3.36,1.99,18.34,1.37,7.15,0.48022,17.4268
2016-03-10,3.3,1.95,18.05,1.35,7.04,0.485548,16.5106
2016-03-11,3.26,1.88,16.5,1.38,6.82,0.496427,14.64
2016-03-14,3.22,1.85,16.92,1.37,6.74,0.493488,15.1453
2016-03-15,3.19,1.82,16.84,1.37,6.84,0.488451,16.0115
2016-03-16,3.22,1.87,14.99,1.35,6.94,0.490244,15.7032
2016-03-17,3.2,1.88,14.44,1.32,6.82,0.491334,15.5158
2016-03-18,3.17,1.89,14.02,1.28,6.71,0.49144,15.4976
2016-03-21,3.15,1.91,13.79,1.24,6.65,0.494697,14.9375
2016-03-22,3.1,1.85,14.17,1.25,6.69,0.493491,15.145
2016-03-23,3.07,1.86,14.94,1.21,6.79,0.485706,16.4835
2016-03-24,3.06,1.86,14.74,1.2,6.93,0.483379,16.8836
2016-03-28,3.05,1.85,15.24,1.2,6.99,0.48055,17.3701
2016-03-29,3.09,1.9,13.82,1.19,7.14,0.477384,17.9144
2016-03-30,3.11,1.93,13.56,1.18,7.03,0.484185,16.745
2016-03-31,3.12,1.94,13.95,1.18,7.05,0.481423,17.22
2016-04-01,3.1,1.93,13.1,1.17,7.05,0.480519,17.3754
2016-04-04,3.1,1.93,14.12,1.17,7.03,0.479045,17.6288
2016-04-05,3.08,1.9,15.42,1.18,7.13,0.472111,18.8211
2016-04-06,3.08,1.88,14.09,1.2,7.04,0.479564,17.5397
2016-04-07,3.06,1.88,16.16,1.18,7.11,0.471392,18.9448
2016-04-08,3.07,1.89,15.36,1.18,7.03,0.476554,18.0571
2016-04-11,3.05,1.88,16.26,1.17,7,0.477813,17.8407
2016-04-12,3.03,1.86,14.85,1.17,6.87,0.483964,16.7831
2016-04-13,3.01,1.83,13.84,1.18,6.71,0.48544,16.5292
2016-04-14,2.99,1.82,13.72,1.17,6.6,0.487603,16.1574
2016-04-15,2.99,1.83,13.62,1.16,6.62,0.4827,17.0003
2016-04-18,2.99,1.83,13.35,1.16,6.62,0.487558,16.1651
2016-04-19,2.96,1.73,13.24,1.23,6.46,0.491148,15.5477
2016-04-20,2.93,1.72,13.28,1.21,6.31,0.497565,14.4443
2016-04-21,2.91,1.69,13.95,1.22,6.29,0.498984,14.2005
2016-04-22,2.89,1.7,13.22,1.19,6.29,0.501409,13.7834
2016-04-25,2.88,1.71,14.08,1.17,6.32,0.501555,13.7583
2016-04-26,2.85,1.71,13.96,1.14,6.26,0.50554,13.0731
2016-04-27,2.86,1.72,13.77,1.14,6.25,0.503487,13.4262
2016-04-28,2.89,1.79,15.22,1.1,6.19,0.500581,13.9257
2016-04-29,2.86,1.8,15.7,1.06,6.24,0.50014,14.0017
2016-04-30,,,,,6.21,,
2016-05-02,2.86,1.8,14.68,1.06,6.16,0.50542,13.0937
2016-05-03,2.85,1.84,15.6,1.01,6.31,0.495905,14.7298
2016-05-04,2.85,1.87,16.05,0.98,6.39,0.491356,15.5119
2016-05-05,2.86,1.87,15.91,0.99,6.42,0.487681,16.144
2016-05-06,2.87,1.88,14.72,0.99,6.48,0.489478,15.835
2016-05-09,2.89,1.89,14.57,1,6.53,0.487056,16.2513
2016-05-10,2.89,1.88,13.63,1.01,6.46,0.491158,15.5461
2016-05-11,2.9,1.88,14.69,1.02,6.4,0.488043,16.0816
2016-05-12,2.91,1.89,14.41,1.02,6.36,0.491046,15.5653
2016-05-13,2.9,1.86,15.04,1.04,6.41,0.484168,16.7479
2016-05-16,2.9,1.87,14.68,1.03,6.3,0.49109,15.5577
2016-05-17,2.89,1.85,15.57,1.04,6.26,0.489267,15.8711
2016-05-18,2.87,1.84,15.95,1.03,6.16,0.496392,14.6461
2016-05-19,2.85,1.81,16.33,1.04,6.29,0.492886,15.2489
2016-05-20,2.86,1.82,15.2,1.04,6.22,0.494232,15.0174
2016-05-23,2.86,1.84,15.82,1.02,6.21,0.493251,15.1861
2016-05-24,2.85,1.82,14.42,1.03,6.13,0.498433,14.2951
2016-05-25,2.87,1.82,13.9,1.05,6.04,0.501099,13.8367
2016-05-26,2.86,1.8,13.43,1.06,6.08,0.49709,14.5261
2016-05-27,2.85,1.8,13.12,1.05,6.08,0.498651,14.2577
2016-05-30,,,,,6.08,,
2016-05-31,2.84,1.79,14.19,1.05,5.97,0.496988,14.5436
2016-06-01,2.82,1.78,14.2,1.04,6.01,0.495765,14.7539
2016-06-02,2.83,1.78,13.63,1.05,6,0.492335,15.3437
2016-06-03,2.86,1.8,13.47,1.06,6.09,0.486298,16.3817
2016-06-06,2.86,1.81,13.65,1.05,6,0.49211,15.3823
2016-06-07,2.86,1.81,14.05,1.05,5.92,0.493087,15.2143
2016-06-08,2.85,1.81,14.08,1.04,5.82,0.492322,15.3459
2016-06-09,2.85,1.81,14.64,1.04,5.86,0.487257,16.2168
2016-06-10,2.86,1.84,17.03,1.02,5.98,0.482548,17.0265
2016-06-13,2.86,1.85,20.97,1.01,6.07,0.4772,17.9462
2016-06-14,2.88,1.83,20.5,1.05,6.19,0.475947,18.1616
2016-06-15,2.9,1.83,20.14,1.07,6.18,0.474353,18.4357
2016-06-16,2.9,1.86,19.37,1.04,6.32,0.472343,18.7813
2016-06-17,2.89,1.85,19.41,1.04,6.21,0.47559,18.223
2016-06-20,2.87,1.83,18.37,1.04,6,0.483563,16.852
2016-06-21,2.86,1.86,18.48,1,6,0.487668,16.1461
2016-06-22,2.86,1.87,21.17,0.99,5.96,0.487329,16.0041
2016-06-23,2.86,1.88,17.25,0.98,5.83,0.496606,14.4053
2016-06-24,2.98,1.98,25.76,1,6.33,0.47568,18.012
2016-06-27,2.96,1.96,23.85,1,6.57,0.457403,20.9284
2016-06-28,2.95,1.96,18.75,0.99,6.48,0.462182,20.1024
2016-06-29,2.9,1.87,16.64,1.03,6.26,0.471641,18.4671
2016-06-30,2.92,1.9,15.63,1.02,6.21,0.473094,18.216
2016-07-01,2.86,1.88,14.77,0.98,6.12,0.467539,19.1763
2016-07-04,,,,,6.12,,
2016-07-05,2.83,1.85,15.58,0.98,6.16,0.459133,20.6293
2016-07-06,2.83,1.85,14.96,0.98,6.14,0.460413,20.4081
2016-07-07,2.79,1.82,14.76,0.97,6.02,0.461045,20.2989
2016-07-08,2.78,1.81,13.2,0.97,5.88,0.463743,19.8325
2016-07-11,2.75,1.79,13.54,0.96,5.66,0.468122,19.0755
2016-07-12,2.7,1.77,13.55,0.93,5.46,0.477279,17.1375
2016-07-13,2.69,1.76,13.04,0.93,5.58,0.470346,17.4758
2016-07-14,2.7,1.75,12.82,0.95,5.44,0.478235,15.6453
2016-07-15,2.66,1.73,12.67,0.93,5.42,0.481426,14.413
2016-07-18,2.67,1.75,12.44,0.92,5.44,0.48351,14.007
2016-07-19,2.67,1.75,11.97,0.92,5.45,0.479512,14.1008
2016-07-20,2.66,1.75,11.77,0.91,5.4,0.483384,12.3005
2016-07-21,2.68,1.78,12.74,0.9,5.41,0.481734,12.1074
2016-07-22,2.66,1.77,12.02,0.89,5.39,0.483031,11.8707
2016-07-25,2.65,1.72,12.87,0.93,5.39,0.481079,12.2269
2016-07-26,2.65,1.74,13.05,0.91,5.45,0.478469,12.7031
2016-07-27,2.67,1.77,12.83,0.9,5.51,0.474023,13.5143
2016-07-28,2.68,1.78,12.72,0.9,5.54,0.472905,13.6589
2016-07-29,2.71,1.79,11.87,0.92,5.61,0.469437,14.2922
2016-07-31,,,,,5.69,,
2016-08-01,2.73,1.81,12.44,0.92,5.69,0.47192,13.8389
2016-08-02,2.75,1.82,13.37,0.93,5.73,0.476155,13.0656
2016-08-03,2.76,1.91,12.86,0.85,5.72,0.478021,12.7248
2016-08-04,2.76,1.91,12.42,0.85,5.65,0.477478,12.824
2016-08-05,2.73,1.83,11.39,0.9,5.46,0.483569,11.712
2016-08-08,2.71,1.82,11.5,0.89,5.42,0.484635,11.5174
2016-08-09,2.7,1.82,11.66,0.88,5.36,0.48159,12.0732
2016-08-10,2.71,1.8,12.05,0.91,5.38,0.478843,12.5747
2016-08-11,2.7,1.76,11.68,0.94,5.31,0.484332,11.5727
2016-08-12,2.71,1.77,11.55,0.94,5.34,0.480677,12.24
2016-08-15,2.7,1.78,11.81,0.92,5.23,0.486711,11.1383
2016-08-16,2.7,1.77,12.64,0.93,5.17,0.486997,11.086
2016-08-17,2.69,1.75,12.19,0.94,5.19,0.484767,11.4933
2016-08-18,2.7,1.75,11.43,0.95,5.2,0.485904,11.2857
2016-08-19,2.67,1.72,11.34,0.95,5.15,0.486999,11.0857
2016-08-22,2.65,1.7,12.27,0.95,5.18,0.482145,11.972
2016-08-23,2.64,1.7,12.38,0.94,5.14,0.483245,11.7712
2016-08-24,2.64,1.69,13.45,0.95,5.13,0.483045,11.8076
2016-08-25,2.63,1.69,13.63,0.94,5.14,0.485782,11.3079
2016-08-26,2.63,1.68,13.65,0.95,5.04,0.488062,10.8916
2016-08-29,2.59,1.65,12.94,0.94,5.1,0.484015,11.6306
2016-08-30,2.62,1.67,13.12,0.95,5.07,0.486165,11.238
2016-08-31,2.61,1.66,13.42,0.95,5.1,0.483574,11.7111
2016-09-01,2.62,1.67,13.48,0.95,5.12,0.483998,11.6337
2016-09-02,2.63,1.68,11.98,0.95,5.09,0.490234,10.4951
2016-09-05,,,,,5.09,,
2016-09-06,2.64,1.7,12.02,0.94,5.09,0.487249,11.0402
2016-09-07,2.65,1.74,11.94,0.91,5.07,0.486252,11.2221
2016-09-08,2.67,1.75,12.51,0.92,4.99,0.49152,10.2603
2016-09-09,2.67,1.76,17.5,0.91,5.1,0.494964,9.6315
2016-09-12,2.68,1.75,15.16,0.93,5.18,0.496438,9.36236
2016-09-13,2.7,1.78,17.85,0.92,5.24,0.498291,9.02408
2016-09-14,2.7,1.8,18.14,0.9,5.26,0.497432,9.18085
2016-09-15,2.72,1.81,16.3,0.91,5.26,0.502516,7.20846
2016-09-16,2.71,1.81,15.37,0.9,5.27,0.498605,7.83226
2016-09-19,2.7,1.8,15.53,0.9,5.25,0.500529,7.47646
2016-09-20,2.7,1.81,15.92,0.89,5.24,0.498203,7.90645
2016-09-21,2.7,1.81,13.3,0.89,5.22,0.498293,7.8898
2016-09-22,2.69,1.81,12.02,0.88,5.09,0.49602,8.31006
2016-09-23,2.68,1.82,12.29,0.86,5.1,0.495919,8.32862
2016-09-26,2.7,1.84,14.5,0.86,5.16,0.490627,9.30685
2016-09-27,2.69,1.83,13.1,0.86,5.18,0.488465,9.70657
2016-09-28,2.69,1.82,12.39,0.87,5.14,0.492801,8.90514
2016-09-29,2.67,1.81,14.02,0.86,5.09,0.489697,9.47876
2016-09-30,2.69,1.84,13.29,0.85,4.97,0.496275,8.26292
2016-10-03,2.66,1.8,13.57,0.86,4.93,0.497609,8.01635
2016-10-04,2.66,1.8,13.63,0.86,4.85,0.502627,7.08868
2016-10-05,2.64,1.79,12.99,0.85,4.78,0.50632,6.40603
2016-10-06,2.61,1.78,12.84,0.83,4.75,0.50945,5.82749
2016-10-07,2.63,1.77,13.48,0.86,4.76,0.510279,5.67424
2016-10-10,,,13.38,,4.76,0.514779,4.84232
2016-10-11,2.6,1.75,15.36,0.85,4.75,0.513049,5.16209
2016-10-12,2.6,1.72,15.91,0.88,4.75,0.51237,5.28766
2016-10-13,2.59,1.73,16.69,0.86,4.82,0.509159,5.88125
2016-10-14,2.63,1.76,16.12,0.87,4.72,0.517586,4.32344
2016-10-17,2.62,1.75,16.21,0.87,4.76,0.513593,5.06161
2016-10-18,2.62,1.73,15.28,0.89,4.72,0.513996,4.98714
2016-10-19,2.62,1.71,14.41,0.91,4.66,0.515045,4.79318
2016-10-20,2.59,1.7,13.75,0.89,4.62,0.514562,4.88244
2016-10-21,2.6,1.71,13.34,0.89,4.62,0.513908,5.00336
2016-10-24,2.59,1.71,13.02,0.88,4.6,0.516449,4.53371
2016-10-25,2.58,1.7,13.46,0.88,4.6,0.514796,4.83917
2016-10-26,2.6,1.73,14.24,0.87,4.66,0.516225,4.5751
2016-10-27,2.59,1.74,15.36,0.85,4.69,0.519991,3.87892
2016-10-28,2.6,1.78,16.19,0.82,4.76,0.518623,4.13187
2016-10-31,2.61,1.77,17.06,0.84,4.91,0.513908,5.00336
2016-11-01,2.61,1.77,18.56,0.84,5.05,0.511865,5.38106
2016-11-02,2.63,1.8,19.32,0.83,5.15,0.507377,6.2106
2016-11-03,2.67,1.83,22.08,0.84,5.15,0.511423,5.46274
2016-11-04,2.67,1.83,22.51,0.84,5.2,0.507119,6.25826
2016-11-07,2.66,1.84,18.71,0.82,5.01,0.518629,4.13066
2016-11-08,2.62,1.82,18.74,0.8,4.98,0.519594,3.45041
2016-11-09,2.66,1.78,14.38,0.88,4.94,0.538833,0
2016-11-10,2.6,1.72,14.74,0.88,4.97,0.539736,0
2016-11-11,,,14.17,,4.97,0.537699,0.377377
2016-11-14,2.6,1.74,14.48,0.86,5.11,0.544952,0
2016-11-15,2.59,1.68,13.37,0.91,4.94,0.549428,0
2016-11-16,2.55,1.64,13.72,0.91,4.94,0.542343,1.28961
2016-11-17,2.54,1.67,13.35,0.87,4.85,0.54895,0.0871179
2016-11-18,2.52,1.65,12.85,0.87,4.84,0.550539,0
2016-11-21,2.52,1.67,12.42,0.85,4.78,0.553589,0
2016-11-22,2.53,1.7,12.41,0.83,4.7,0.557862,0
2016-11-23,2.49,1.66,12.43,0.83,4.66,0.55795,0
2016-11-24,,,,,4.66,,
2016-11-25,2.48,1.66,12.34,0.82,4.64,0.557834,0.0206991
2016-11-28,2.47,1.66,13.15,0.81,4.66,0.553691,0.763326
2016-11-29,2.46,1.65,12.9,0.81,4.69,0.550672,1.30437
2016-11-30,2.45,1.64,13.33,0.81,4.67,0.560002,0
2016-12-01,2.42,1.63,14.07,0.79,4.62,0.563329,0
2016-12-02,2.42,1.63,14.12,0.79,4.64,0.562592,0.130834
2016-12-05,2.42,1.63,12.14,0.79,4.58,0.564655,0
2016-12-06,2.44,1.65,11.79,0.79,4.5,0.56792,0
2016-12-07,2.44,1.66,12.22,0.78,4.42,0.565923,0.351659
2016-12-08,2.43,1.65,12.64,0.78,4.38,0.572611,0
2016-12-09,2.43,1.65,11.75,0.78,4.28,0.580092,0
2016-12-12,2.41,1.62,12.64,0.79,4.25,0.578205,0.325245
2016-12-13,2.39,1.61,12.72,0.78,4.2,0.577549,0.438252
2016-12-14,2.32,1.54,13.19,0.78,4.12,0.579691,0.0690699
2016-12-15,2.24,1.47,12.79,0.77,4.2,0.577045,0.525187
2016-12-16,2.28,1.51,12.2,0.77,4.21,0.578915,0.20281
2016-12-19,2.28,1.51,11.71,0.77,4.23,0.574218,1.01253
2016-12-20,2.28,1.52,11.45,0.76,4.2,0.577896,0.378469
2016-12-21,2.26,1.5,11.27,0.76,4.19,0.576356,0.643908
2016-12-22,2.27,1.51,11.43,0.76,4.17,0.578633,0.25139
2016-12-23,2.25,1.49,11.44,0.76,4.16,0.578526,0.26985
2016-12-27,2.25,1.5,11.99,0.75,4.11,0.579858,0.0403258
2016-12-28,2.26,1.5,12.95,0.76,4.15,0.574852,0.903292
2016-12-29,2.27,1.52,13.37,0.75,4.18,0.573618,1.11597
2016-12-30,2.28,1.53,14.04,0.75,4.21,0.57295,1.23113
2016-12-31,,,,,4.22,,
2017-01-03,2.27,1.49,12.85,0.78,4.13,0.57288,1.24315
2017-01-04,2.25,1.47,11.85,0.78,4.02,0.573773,1.08926
2017-01-05,2.25,1.48,11.67,0.77,4.04,0.564088,2.75872
2017-01-06,2.24,1.49,11.32,0.75,3.98,0.569185,1.88012
2017-01-09,2.24,1.5,11.56,0.74,4.02,0.564524,2.68357
2017-01-10,2.24,1.49,11.49,0.75,4,0.56496,2.60841
2017-01-11,2.22,1.46,11.26,0.76,4.03,0.563387,2.87962
2017-01-12,2.25,1.5,11.54,0.75,4.05,0.564764,2.64225
2017-01-13,2.23,1.5,11.23,0.73,4.02,0.567659,2.14326
2017-01-16,,,,,4,,
2017-01-17,2.26,1.51,11.87,0.75,4.06,0.561198,3.25696
2017-01-18,2.22,1.49,12.48,0.73,4.01,0.569002,1.91168
2017-01-19,2.21,1.48,12.78,0.73,3.99,0.571094,1.55103
2017-01-20,2.21,1.49,11.54,0.72,4.02,0.573355,1.16135
2017-01-23,2.21,1.5,11.77,0.71,4.1,0.567675,2.14046
2017-01-24,2.22,1.49,11.07,0.73,4.02,0.571984,1.39763
2017-01-25,2.21,1.49,10.81,0.72,3.93,0.581313,0
2017-01-26,2.2,1.49,10.63,0.71,3.93,0.579097,0.381206
2017-01-27,2.19,1.46,10.58,0.73,3.93,0.577543,0.648481
2017-01-30,2.21,1.46,11.88,0.75,3.96,0.578096,0.553321
2017-01-31,2.23,1.54,11.99,0.69,4,0.57351,1.34222
2017-02-01,2.23,1.53,11.81,0.7,3.95,0.579215,0.360893
2017-02-02,2.23,1.52,11.93,0.71,3.93,0.57979,0.26202
2017-02-03,2.24,1.55,10.97,0.69,3.86,0.581029,0.0488618
2017-02-06,2.25,1.55,11.37,0.7,3.91,0.57714,0.717815
2017-02-07,2.24,1.56,11.29,0.68,3.93,0.572076,1.58896
2017-02-08,2.25,1.57,11.45,0.68,3.98,0.56479,2.84242
2017-02-09,2.24,1.54,10.88,0.7,3.93,0.572165,1.57361
2017-02-10,2.23,1.56,10.85,0.67,3.9,0.572889,1.44909
2017-02-13,2.23,1.55,11.07,0.68,3.86,0.575552,0.991061
2017-02-14,2.21,1.53,10.74,0.68,3.8,0.580137,0.202277
2017-02-15,2.19,1.5,11.97,0.69,3.77,0.583019,0
2017-02-16,2.2,1.53,11.76,0.67,3.83,0.579388,0.622791
2017-02-17,2.21,1.53,11.49,0.68,3.86,0.576561,1.10766
2017-02-20,,,,,3.86,,
2017-02-21,2.2,1.52,11.57,0.68,3.81,0.579478,0.607397
2017-02-22,2.21,1.52,11.74,0.69,3.78,0.578777,0.727622
2017-02-23,2.23,1.53,11.71,0.7,3.77,0.577574,0.934024
2017-02-24,2.23,1.54,11.47,0.69,3.84,0.571683,1.94431
2017-02-27,2.21,1.51,12.09,0.7,3.75,0.575794,1.23931
2017-02-28,2.19,1.48,12.92,0.71,3.74,0.573211,1.68233
2017-03-01,2.18,1.49,12.54,0.69,3.57,0.585128,0
2017-03-02,2.16,1.46,11.81,0.7,3.55,0.585379,0
2017-03-03,2.16,1.46,10.96,0.7,3.6,0.584124,0.21436
2017-03-06,2.17,1.49,11.24,0.68,3.66,0.585059,0.0546559
2017-03-07,2.15,1.48,11.45,0.67,3.73,0.583025,0.40221
2017-03-08,2.15,1.5,11.86,0.65,3.79,0.58229,0.527777
2017-03-09,2.17,1.51,12.3,0.66,3.88,0.585415,0
2017-03-10,2.18,1.53,11.66,0.65,3.89,0.583165,0.384317
2017-03-13,2.17,1.51,11.35,0.66,3.94,0.587346,0
2017-03-14,2.18,1.53,12.3,0.65,4.05,0.582777,0.777866
2017-03-15,2.2,1.56,11.63,0.64,4.02,0.5837,0.620667
2017-03-16,2.21,1.55,11.21,0.66,3.88,0.584991,0.400853
2017-03-17,2.22,1.56,11.28,0.66,3.91,0.581542,0.988115
2017-03-20,2.23,1.56,11.34,0.67,3.97,0.577923,1.6043
2017-03-21,2.23,1.56,12.47,0.67,4.04,0.569071,3.11133
2017-03-22,2.23,1.56,12.81,0.67,4.16,0.568187,3.26198
2017-03-23,2.24,1.56,13.12,0.68,4.11,0.569185,3.09193
2017-03-24,2.22,1.54,12.96,0.68,4.07,0.569127,3.10179
2017-03-27,2.23,1.54,12.5,0.69,4.12,0.565962,3.64067
2017-03-28,2.22,1.53,11.53,0.69,4.01,0.572917,2.45665
2017-03-29,2.23,1.53,11.42,0.7,3.94,0.570692,2.8355
2017-03-30,2.23,1.52,11.54,0.71,3.85,0.578038,1.58472
2017-03-31,2.24,1.54,12.37,0.7,3.92,0.576164,1.9038
2017-04-03,2.26,1.56,12.38,0.7,3.98,0.570104,2.93548
2017-04-04,2.26,1.57,11.79,0.69,3.98,0.57341,2.37258
2017-04-05,2.29,1.6,12.89,0.69,3.91,0.571204,2.74824
2017-04-06,2.27,1.58,12.39,0.69,3.93,0.572773,2.48108
2017-04-07,2.24,1.55,12.87,0.69,3.86,0.574836,2.12995
2017-04-10,2.24,1.54,14.05,0.7,3.86,0.572967,2.44804
2017-04-11,2.24,1.53,15.07,0.71,3.94,0.566482,3.55227
2017-04-12,2.28,1.57,15.77,0.71,3.96,0.563785,4.01136
2017-04-13,2.28,1.59,15.96,0.69,4.03,0.560893,4.50382
2017-04-17,2.29,1.6,14.66,0.69,4,0.564301,3.92346
2017-04-18,2.29,1.59,14.42,0.7,4.07,0.556888,5.18562
2017-04-19,2.29,1.59,14.93,0.7,4.01,0.55943,4.75282
2017-04-20,2.28,1.58,14.15,0.7,3.98,0.563468,4.06543
2017-04-21,2.29,1.59,14.63,0.7,3.97,0.563017,4.14213
2017-04-24,2.28,1.57,10.84,0.71,3.86,0.568459,3.21563
2017-04-25,2.26,1.54,10.76,0.72,3.78,0.576433,1.85805
2017-04-26,2.27,1.56,10.85,0.71,3.76,0.57275,2.48509
2017-04-27,2.28,1.57,10.36,0.71,3.78,0.573327,2.38671
2017-04-28,2.28,1.56,10.82,0.72,3.75,0.571868,2.63526
2017-04-30,,,,,3.81,,
2017-05-01,2.29,1.59,10.11,0.7,3.78,0.576957,1.76868
2017-05-02,2.3,1.59,10.59,0.71,3.79,0.574214,2.23577
2017-05-03,2.23,1.52,10.68,0.71,3.76,0.574359,2.21104
2017-05-04,2.25,1.53,10.46,0.72,3.8,0.574117,2.25221
2017-05-05,2.24,1.54,10.57,0.7,3.82,0.574581,2.17335
2017-05-08,2.23,1.53,9.77,0.7,3.8,0.578384,1.52587
2017-05-09,2.22,1.52,9.96,0.7,3.74,0.578037,1.58489
2017-05-10,2.22,1.53,10.21,0.69,3.72,0.581217,1.04342
2017-05-11,2.24,1.53,10.6,0.71,3.72,0.581284,1.0321
2017-05-12,2.25,1.53,10.4,0.72,3.77,0.576729,1.80757
2017-05-15,2.25,1.53,10.42,0.72,3.72,0.579616,1.31602
2017-05-16,2.24,1.52,10.65,0.72,3.71,0.578321,1.5366
2017-05-17,2.26,1.55,15.59,0.71,3.84,0.5675,3.37894
2017-05-18,2.26,1.55,14.66,0.71,3.85,0.567502,3.37857
2017-05-19,2.26,1.57,12.04,0.69,3.78,0.5672,3.43
2017-05-22,2.24,1.56,10.93,0.68,3.72,0.570506,2.86717
2017-05-23,2.22,1.55,10.72,0.67,3.67,0.574304,2.22052
2017-05-24,2.25,1.57,10.02,0.68,3.68,0.572056,2.60311
2017-05-25,2.24,1.57,9.99,0.67,3.67,0.57142,2.71154
2017-05-26,2.24,1.56,9.81,0.68,3.67,0.57077,2.8221
2017-05-29,,,,,3.67,,
2017-05-30,2.25,1.57,10.38,0.68,3.68,0.568541,3.20165
2017-05-31,2.23,1.54,10.41,0.69,3.74,0.567061,3.45365
2017-06-01,2.24,1.55,9.89,0.69,3.69,0.568652,3.18271
2017-06-02,2.24,1.55,9.75,0.69,3.69,0.562314,4.26175
2017-06-05,2.24,1.54,10.07,0.7,3.68,0.565317,3.75051
2017-06-06,2.25,1.55,10.45,0.7,3.72,0.561365,4.42348
2017-06-07,2.23,1.55,10.39,0.68,3.73,0.562913,4.15989
2017-06-08,2.23,1.55,10.16,0.68,3.76,0.564852,3.82972
2017-06-09,2.21,1.53,10.7,0.68,3.73,0.566163,3.60645
2017-06-12,2.22,1.55,11.46,0.67,3.71,0.567307,3.4117
2017-06-13,2.21,1.55,10.42,0.66,3.68,0.568242,3.25258
2017-06-14,2.19,1.51,10.64,0.68,3.7,0.559666,4.71266
2017-06-15,2.18,1.51,10.9,0.67,3.72,0.558404,4.92759
2017-06-16,2.19,1.51,10.38,0.68,3.76,0.556352,5.2769
2017-06-19,2.17,1.48,10.37,0.69,3.7,0.558853,4.85106
2017-06-20,2.16,1.45,10.86,0.71,3.77,0.55195,6.02632
2017-06-21,2.15,1.44,10.75,0.71,3.85,0.547637,6.76075
2017-06-22,2.16,1.45,10.48,0.71,3.87,0.547934,6.7102
2017-06-23,2.15,1.45,10.02,0.7,3.86,0.550438,6.28388
2017-06-26,2.15,1.44,9.9,0.71,3.83,0.549125,6.50742
2017-06-27,2.12,1.41,11.06,0.71,3.77,0.553294,5.79758
2017-06-28,2.14,1.44,10.03,0.7,3.77,0.557401,5.09832
2017-06-29,2.11,1.41,11.44,0.7,3.76,0.560713,4.53438
2017-06-30,2.09,1.4,11.18,0.69,3.77,0.563351,4.08528
2017-07-03,2.07,1.37,11.22,0.7,3.72,0.564895,3.82247
2017-07-04,,,,,3.72,,
2017-07-05,2.08,1.39,11.07,0.69,3.73,0.564309,3.92214
2017-07-06,2.07,1.38,12.54,0.69,3.78,0.567592,3.36315
2017-07-07,2.08,1.4,11.19,0.68,3.83,0.570495,2.8689
2017-07-10,2.08,1.4,11.11,0.68,3.83,0.570309,2.9007
2017-07-11,2.08,1.37,10.89,0.71,3.85,0.568946,3.13261
2017-07-12,2.09,1.39,10.3,0.7,3.81,0.568721,3.17107
2017-07-13,2.09,1.4,9.9,0.69,3.77,0.572776,2.48062
2017-07-14,2.09,1.38,9.51,0.71,3.73,0.573699,2.32339
2017-07-17,2.09,1.38,9.82,0.71,3.69,0.572316,2.55896
2017-07-18,2.08,1.38,9.89,0.7,3.69,0.567618,3.35874
2017-07-19,2.07,1.38,9.79,0.69,3.64,0.568351,3.23404
2017-07-20,2.05,1.36,9.58,0.69,3.61,0.567035,3.4581
2017-07-21,2.05,1.37,9.36,0.68,3.64,0.5642,3.94078
2017-07-24,2.06,1.35,9.43,0.71,3.63,0.566854,3.48885
2017-07-25,2.05,1.36,9.43,0.69,3.55,0.574591,2.17165
2017-07-26,2.07,1.39,9.6,0.68,3.56,0.574502,2.18678
2017-07-27,2.07,1.39,10.11,0.68,3.55,0.576892,1.77989
2017-07-28,2.05,1.38,10.29,0.67,3.59,0.573557,2.34768
2017-07-31,2.06,1.38,10.26,0.68,3.61,0.572863,2.46575
2017-08-01,2.06,1.38,10.09,0.68,3.6,0.569436,3.0493
2017-08-02,2.05,1.36,10.28,0.69,3.59,0.569244,3.08203
2017-08-03,2.05,1.36,10.44,0.69,3.63,0.562336,4.25814
2017-08-04,2.05,1.38,10.03,0.67,3.63,0.56728,3.41627
2017-08-07,2.06,1.39,9.93,0.67,3.64,0.566389,3.56807
2017-08-08,2.07,1.39,10.96,0.68,3.64,0.565992,3.63554
2017-08-09,2.09,1.39,11.11,0.7,3.81,0.560748,4.52851
2017-08-10,2.11,1.42,16.04,0.69,3.92,0.552451,5.94105
2017-08-11,2.12,1.44,15.51,0.68,4,0.553138,5.82406
2017-08-14,2.11,1.43,12.33,0.68,3.89,0.558926,4.83863
2017-08-15,2.09,1.41,12.04,0.68,3.87,0.561483,4.40334
2017-08-16,2.09,1.41,11.74,0.68,3.88,0.559493,4.74213
2017-08-17,2.11,1.45,15.55,0.66,3.93,0.552241,5.97675
2017-08-18,2.12,1.45,14.26,0.67,3.98,0.553195,5.81447
2017-08-21,2.12,1.44,13.19,0.68,4,0.552411,5.9479
2017-08-22,2.1,1.44,11.35,0.66,3.93,0.556832,5.19521
2017-08-23,2.12,1.45,12.25,0.67,3.95,0.553133,5.82499
2017-08-24,2.12,1.45,12.23,0.67,3.91,0.556003,5.33626
2017-08-25,2.12,1.45,11.28,0.67,3.89,0.55487,5.52919
2017-08-28,2.13,1.46,11.32,0.67,3.88,0.555283,5.45899
2017-08-29,2.15,1.49,11.7,0.66,3.9,0.552808,5.88024
2017-08-30,2.14,1.47,11.22,0.67,3.86,0.554487,5.59438
2017-08-31,2.14,1.47,10.59,0.67,3.85,0.554342,5.61906
2017-09-01,2.15,1.48,10.13,0.67,3.82,0.559186,4.79447
2017-09-04,,,,,3.82,,
2017-09-05,2.16,1.5,12.23,0.66,3.91,0.549211,6.49274
2017-09-06,2.17,1.51,11.63,0.66,3.84,0.552225,5.97962
2017-09-07,2.17,1.55,11.55,0.62,3.88,0.54669,6.92185
2017-09-08,2.17,1.54,12.12,0.63,3.92,0.546136,7.01621
2017-09-11,2.15,1.51,10.73,0.64,3.85,0.554497,5.59281
2017-09-12,2.16,1.49,10.58,0.67,3.81,0.558124,4.9752
2017-09-13,2.13,1.47,10.5,0.66,3.78,0.560523,4.5667
2017-09-14,2.11,1.45,10.44,0.66,3.74,0.558985,4.82869
2017-09-15,2.1,1.43,10.17,0.67,3.73,0.55927,4.78005
2017-09-18,2.1,1.44,10.15,0.66,3.68,0.562253,4.27215
2017-09-19,2.09,1.43,10.18,0.66,3.66,0.564212,3.93867
2017-09-20,2.06,1.39,9.78,0.67,3.6,0.563746,4.01806
2017-09-21,2.05,1.35,9.67,0.7,3.62,0.563358,4.08416
2017-09-22,2.05,1.36,9.59,0.69,3.64,0.562322,4.26047
2017-09-25,2.06,1.36,10.21,0.7,3.66,0.559139,4.80235
2017-09-26,2.04,1.34,10.17,0.7,3.62,0.560851,4.51099
2017-09-27,2.06,1.33,9.87,0.73,3.57,0.569688,3.00635
2017-09-28,2.05,1.33,9.55,0.72,3.57,0.571382,2.71792
2017-09-29,2,1.29,9.51,0.71,3.54,0.570935,2.79398
2017-09-30,,,,,3.56,,
2017-10-02,1.99,1.27,9.45,0.72,3.55,0.571692,2.6651
2017-10-03,2,1.28,9.51,0.72,3.55,0.572175,2.58298
2017-10-04,2.01,1.26,9.63,0.75,3.54,0.571547,2.68987
2017-10-05,2,1.26,9.19,0.74,3.52,0.574428,2.1993
2017-10-06,1.98,1.26,9.65,0.72,3.52,0.575209,2.06638
2017-10-09,,,10.33,,3.51,0.573464,2.36345
2017-10-10,1.97,1.26,10.08,0.71,3.52,0.572994,2.44354
2017-10-11,1.97,1.25,9.85,0.72,3.52,0.571307,2.73066
2017-10-12,1.97,1.25,9.91,0.72,3.56,0.56824,3.25297
2017-10-13,1.97,1.26,9.61,0.71,3.6,0.564432,3.90122
2017-10-16,1.97,1.26,9.91,0.71,3.53,0.565155,3.77805
2017-10-17,1.95,1.24,10.31,0.71,3.5,0.565268,3.75895
2017-10-18,1.95,1.24,10.07,0.71,3.46,0.569597,3.02181
2017-10-19,1.94,1.22,10.05,0.72,3.48,0.568661,3.18129
2017-10-20,1.94,1.21,9.97,0.73,3.42,0.57528,2.05421
2017-10-23,1.94,1.22,11.07,0.72,3.4,0.573614,2.33796
2017-10-24,1.92,1.21,11.16,0.71,3.38,0.577192,1.72869
2017-10-25,1.93,1.2,11.23,0.73,3.42,0.578328,1.53526
2017-10-26,1.91,1.19,11.3,0.72,3.41,0.579542,1.3286
2017-10-27,1.93,1.21,9.8,0.72,3.44,0.577299,1.71058
2017-10-30,1.92,1.21,10.5,0.71,3.49,0.571695,2.66469
2017-10-31,1.91,1.2,10.18,0.71,3.51,0.57164,2.67405
2017-11-01,1.92,1.19,10.2,0.73,3.48,0.568564,3.19778
2017-11-02,1.91,1.18,9.93,0.73,3.52,0.565746,3.67752
2017-11-03,1.91,1.19,9.14,0.72,3.52,0.56428,3.9271
2017-11-06,1.92,1.19,9.4,0.73,3.55,0.562241,4.27433
2017-11-07,1.9,1.18,9.89,0.72,3.57,0.558296,4.9459
2017-11-08,1.92,1.25,9.78,0.67,3.67,0.557047,5.15854
2017-11-09,1.93,1.27,10.5,0.66,3.79,0.555888,5.35584
2017-11-10,,,11.29,,3.76,0.565633,3.69683
2017-11-13,1.93,1.29,11.5,0.64,3.77,0.564061,3.96437
2017-11-14,1.93,1.28,11.59,0.65,3.84,0.557896,5.01406
2017-11-15,1.95,1.27,13.13,0.68,3.97,0.551901,6.03472
2017-11-16,1.92,1.25,11.76,0.67,3.79,0.562199,4.28145
2017-11-17,1.93,1.26,11.43,0.67,3.76,0.557679,5.05098
2017-11-20,1.91,1.23,10.65,0.68,3.7,0.558028,4.99153
2017-11-21,1.88,1.2,9.73,0.68,3.66,0.557411,5.09665
2017-11-22,1.91,1.2,9.88,0.71,3.7,0.556501,5.25162
2017-11-23,,,,,3.7,,
2017-11-24,1.9,1.19,9.67,0.71,3.67,0.558418,4.92507
2017-11-27,1.93,1.21,9.87,0.72,3.66,0.557494,5.0825
2017-11-28,1.91,1.21,10.03,0.7,3.67,0.558462,4.91759
2017-11-29,1.92,1.23,10.7,0.69,3.64,0.563316,4.09116
2017-11-30,1.88,1.19,11.28,0.69,3.61,0.565337,3.74717
2017-12-01,1.87,1.15,11.43,0.72,3.63,0.55763,5.05928
2017-12-04,1.87,1.15,11.68,0.72,3.58,0.557175,5.13674
2017-12-05,1.84,1.12,11.33,0.72,3.57,0.554099,5.6605
2017-12-06,1.86,1.15,11.02,0.71,3.63,0.551683,6.07185
2017-12-07,1.88,1.16,10.16,0.72,3.63,0.556293,5.28691
2017-12-08,1.87,1.16,9.58,0.71,3.63,0.556824,5.19662
2017-12-11,1.85,1.13,9.34,0.72,3.61,0.558096,4.9799
2017-12-12,1.84,1.12,9.92,0.72,3.58,0.558061,4.98593
2017-12-13,1.83,1.12,10.18,0.71,3.64,0.554215,5.64079
2017-12-14,1.82,1.11,10.49,0.71,3.63,0.550737,6.23293
2017-12-15,1.8,1.08,9.42,0.72,3.64,0.548741,6.57274
2017-12-18,1.81,1.09,9.53,0.72,3.64,0.554361,5.61596
2017-12-19,1.81,1.1,10.03,0.71,3.6,0.560489,4.57263
2017-12-20,1.82,1.11,9.72,0.71,3.58,0.56722,3.42655
2017-12-21,1.79,1.07,9.62,0.72,3.57,0.564525,3.88546
2017-12-22,1.79,1.07,9.9,0.72,3.56,0.564274,3.92819
2017-12-26,1.78,1.06,10.25,0.72,3.57,0.563447,4.06892
2017-12-27,1.76,1.05,10.47,0.71,3.59,0.556456,5.25913
2017-12-28,1.76,1.05,10.18,0.71,3.55,0.556685,5.22023
2017-12-29,1.77,1.05,11.04,0.72,3.58,0.556636,5.2286
2017-12-31,,,,,3.63,,
2018-01-02,1.78,1.06,9.77,0.72,3.55,0.563229,4.10598
2018-01-03,1.77,1.06,9.15,0.71,3.48,0.563244,4.10342
2018-01-04,1.75,1.01,9.22,0.74,3.4,0.564297,3.92427
2018-01-05,1.76,1.03,9.22,0.73,3.36,0.566299,3.58337
2018-01-08,1.74,1.01,9.52,0.73,3.35,0.566209,3.59875
2018-01-09,1.74,1.02,10.08,0.72,3.33,0.57212,2.59229
2018-01-10,1.73,1.03,9.82,0.7,3.42,0.571571,2.68573
2018-01-11,1.69,0.99,9.88,0.7,3.4,0.571114,2.7635
2018-01-12,1.68,0.95,10.16,0.73,3.37,0.569177,3.09342
2018-01-15,,,,,3.35,,
2018-01-16,1.66,0.95,11.66,0.71,3.34,0.566485,3.55163
2018-01-17,1.66,0.93,11.91,0.73,3.34,0.567322,3.40918
2018-01-18,1.64,0.92,12.22,0.72,3.35,0.572052,2.60384
2018-01-19,1.64,0.94,11.27,0.7,3.35,0.575666,1.98861
2018-01-22,1.64,0.94,11.03,0.7,3.32,0.57563,1.99464
2018-01-23,1.64,0.94,11.1,0.7,3.31,0.574865,2.1249
2018-01-24,1.65,0.96,11.47,0.69,3.28,0.57714,1.73752
2018-01-25,1.61,0.92,11.58,0.69,3.28,0.57205,2.60413
2018-01-26,1.6,0.92,11.08,0.68,3.23,0.574638,2.16357
2018-01-29,1.59,0.89,13.84,0.7,3.26,0.57662,1.82607
2018-01-30,1.59,0.9,14.79,0.69,3.33,0.578034,1.58537
2018-01-31,1.56,0.87,13.54,0.69,3.29,0.575631,1.99445
2018-02-01,1.56,0.84,13.47,0.72,3.29,0.582995,0.740742
2018-02-02,1.58,0.89,17.31,0.69,3.36,0.584724,0.446307
2018-02-05,1.63,0.93,37.32,0.7,3.48,0.576027,1.92713
2018-02-06,1.61,0.91,29.98,0.7,3.6,0.583143,0.715584
2018-02-07,1.62,0.92,27.73,0.7,3.46,0.586554,0.134869
2018-02-08,1.63,0.94,33.46,0.69,3.59,0.582072,0.897943
2018-02-09,1.67,0.99,29.06,0.68,3.82,0.584123,0.548659
2018-02-12,1.64,0.97,25.61,0.67,3.71,0.58553,0.309177
2018-02-13,1.69,1.01,24.97,0.68,3.78,0.581082,1.06648
2018-02-14,1.66,0.97,19.26,0.69,3.69,0.588634,0
2018-02-15,1.63,0.97,19.13,0.66,3.57,0.591378,0
2018-02-16,1.66,1,19.46,0.66,3.5,0.590582,0.134689
2018-02-19,,,,,3.5,,
2018-02-20,1.67,1.01,20.6,0.66,3.48,0.591122,0.0433217
2018-02-21,1.67,1.01,20.02,0.66,3.46,0.595755,0
2018-02-22,1.68,0.98,18.72,0.7,3.53,0.594389,0.229259
2018-02-23,1.68,1.01,16.49,0.67,3.58,0.593069,0.450868
2018-02-26,1.7,1.02,15.8,0.68,3.5,0.593898,0.311732
2018-02-27,1.69,1,18.59,0.69,3.47,0.593173,0.43338
2018-02-28,1.68,0.97,19.85,0.71,3.47,0.588539,1.21129
2018-03-01,1.72,1.01,22.47,0.71,3.59,0.580674,2.53137
2018-03-02,1.72,1.04,19.59,0.68,3.65,0.588728,1.17948
2018-03-05,1.72,1.03,18.73,0.69,3.59,0.590324,0.911593
2018-03-06,1.75,1,18.36,0.75,3.53,0.5906,0.865241
2018-03-07,1.77,1.01,17.76,0.76,3.56,0.589806,0.998645
2018-03-08,1.78,1.02,16.54,0.76,3.56,0.587111,1.45094
2018-03-09,1.77,1,14.64,0.77,3.53,0.59313,0.440588
2018-03-12,1.79,1,15.78,0.79,3.55,0.58877,1.17241
2018-03-13,1.8,1.02,16.35,0.78,3.58,0.583966,1.97881
2018-03-14,1.8,1.04,17.23,0.76,3.62,0.578191,2.94826
2018-03-15,1.81,1.04,16.59,0.77,3.62,0.578596,2.88022
2018-03-16,1.79,1.02,15.8,0.77,3.6,0.581893,2.32677
2018-03-19,1.8,1,19.02,0.8,3.65,0.581363,2.41571
2018-03-20,1.79,0.98,18.2,0.81,3.62,0.584871,1.82697
2018-03-21,1.82,1.02,17.86,0.8,3.6,0.584437,1.89972
2018-03-22,1.84,1.03,23.34,0.81,3.7,0.575256,3.44083
2018-03-23,1.87,1.06,24.87,0.81,3.74,0.5742,3.61818
2018-03-26,1.84,1.04,21.03,0.8,3.73,0.58014,2.62103
2018-03-27,1.86,1.05,22.5,0.81,3.75,0.573465,3.74148
2018-03-28,1.86,1.05,22.87,0.81,3.77,0.571684,4.04038
2018-03-29,1.85,1.03,19.97,0.82,3.79,0.57085,4.18044
2018-03-31,,,,,3.72,,
2018-04-02,1.86,1.05,23.62,0.81,3.77,0.567514,4.74033
2018-04-03,1.84,1.02,21.1,0.82,3.71,0.573541,3.72869
2018-04-04,1.85,1.02,20.06,0.83,3.71,0.576011,3.31412
2018-04-05,1.84,1,18.94,0.84,3.59,0.580814,2.50791
2018-04-06,1.84,1.01,21.49,0.83,3.64,0.573255,3.77682
2018-04-09,1.83,0.98,21.77,0.85,3.61,0.574457,3.57504
2018-04-10,1.8,0.97,20.47,0.83,3.52,0.577585,3.04995
2018-04-11,1.8,0.96,20.24,0.84,3.5,0.575742,3.35937
2018-04-12,1.79,0.96,18.49,0.83,3.42,0.582083,2.29499
2018-04-13,1.79,0.97,17.41,0.82,3.38,0.581071,2.4648
2018-04-16,1.77,0.96,16.56,0.81,3.33,0.581754,2.35015
2018-04-17,1.76,0.94,15.25,0.82,3.29,0.58044,2.5707
2018-04-18,1.76,0.94,15.6,0.82,3.24,0.584511,1.88734
2018-04-19,1.77,0.97,15.96,0.8,3.33,0.58747,1.39073
2018-04-20,1.78,0.94,16.88,0.84,3.33,0.590291,0.917119
2018-04-23,1.76,0.96,16.34,0.8,3.36,0.588562,1.20746
2018-04-24,1.77,0.94,18.02,0.83,3.41,0.590082,0.952215
2018-04-25,1.8,0.96,17.84,0.84,3.47,0.594131,0.272674
2018-04-26,1.8,0.99,16.24,0.81,3.43,0.592072,0.618302
2018-04-27,1.8,0.98,15.41,0.82,3.44,0.587266,1.42497
2018-04-30,1.79,1,15.93,0.79,3.46,0.58582,1.66764
2018-05-01,1.82,1.02,15.49,0.8,3.47,0.588373,1.2392
2018-05-02,1.83,1.02,15.97,0.81,3.45,0.588811,1.16557
2018-05-03,1.86,1.06,15.9,0.8,3.5,0.586117,1.61784
2018-05-04,1.86,1.06,14.77,0.8,3.49,0.58564,1.69779
2018-05-07,1.87,1.06,14.75,0.81,3.46,0.587127,1.44819
2018-05-08,1.87,1.05,14.71,0.82,3.46,0.586777,1.50698
2018-05-09,1.86,1.04,13.42,0.82,3.43,0.591276,0.751858
2018-05-10,1.84,1.02,13.23,0.82,3.41,0.588269,1.25662
2018-05-11,1.82,1.01,12.65,0.81,3.4,0.586583,1.53951
2018-05-14,1.81,0.99,12.93,0.82,3.37,0.589837,0.99331
2018-05-15,1.81,0.99,14.63,0.82,3.36,0.593705,0.344101
2018-05-16,1.8,0.97,13.42,0.83,3.37,0.596761,0
2018-05-17,1.82,0.97,13.43,0.85,3.36,0.600142,0
2018-05-18,1.83,0.98,13.42,0.85,3.41,0.594396,0.957382
2018-05-21,1.83,0.99,13.08,0.84,3.4,0.594926,0.869102
2018-05-22,1.83,0.99,13.22,0.84,3.39,0.596258,0.647188
2018-05-23,1.84,1.01,12.58,0.83,3.48,0.592446,1.28233
2018-05-24,1.84,1,12.53,0.84,3.49,0.588104,2.00591
2018-05-25,1.85,1,13.22,0.85,3.53,0.583511,2.7712
2018-05-28,,,,,3.53,,
2018-05-29,1.96,1.08,17.02,0.88,3.75,0.568602,5.25544
2018-05-30,1.91,1.05,14.94,0.86,3.64,0.574189,4.32443
2018-05-31,1.89,1.02,15.43,0.87,3.63,0.574598,4.25634
2018-06-01,1.9,1.03,13.46,0.87,3.55,0.57897,3.52792
2018-06-04,1.88,1.02,12.74,0.86,3.49,0.584419,2.61997
2018-06-05,1.9,1.03,12.4,0.87,3.5,0.583734,2.73396
2018-06-06,1.91,1.03,11.64,0.88,3.44,0.58995,1.69836
2018-06-07,1.89,1.02,12.13,0.87,3.44,0.584495,2.60717
2018-06-08,1.9,1.03,12.18,0.87,3.45,0.585914,2.37084
2018-06-11,1.89,1,12.35,0.89,3.39,0.58809,2.00814
2018-06-12,1.88,1.01,12.34,0.87,3.38,0.588422,1.95288
2018-06-13,1.87,1,12.94,0.87,3.33,0.588923,1.86937
2018-06-14,1.88,0.98,12.12,0.9,3.31,0.585775,2.39388
2018-06-15,1.87,0.98,11.98,0.89,3.33,0.584901,2.53965
2018-06-18,1.9,1.02,12.31,0.88,3.34,0.585368,2.46185
2018-06-19,1.91,1.04,13.35,0.87,3.4,0.581169,3.16144
2018-06-20,1.92,1.06,12.79,0.86,3.34,0.58692,2.2031
2018-06-21,1.95,1.08,14.64,0.87,3.39,0.582632,2.91771
2018-06-22,1.97,1.09,13.77,0.88,3.39,0.582748,2.89827
2018-06-25,1.99,1.11,17.33,0.88,3.47,0.580092,3.3409
2018-06-26,1.99,1.1,15.92,0.89,3.48,0.579209,3.48802
2018-06-27,1.98,1.1,17.91,0.88,3.56,0.572596,4.58987
2018-06-28,2,1.09,16.85,0.91,3.64,0.57085,4.88091
2018-06-29,1.99,1.08,16.09,0.91,3.61,0.571476,4.77662
2018-06-30,,,,,3.71,,
2018-07-02,1.97,1.06,15.6,0.91,3.78,0.57247,4.61092
2018-07-03,1.99,1.07,16.14,0.92,3.77,0.569487,5.10793
2018-07-04,,,,,3.77,,
2018-07-05,1.95,1.05,14.97,0.9,3.74,0.570001,5.02232
2018-07-06,1.96,1.06,13.37,0.9,3.74,0.569612,5.08714
2018-07-09,1.93,0.99,12.69,0.94,3.65,0.574175,4.32677
2018-07-10,1.91,0.98,12.64,0.93,3.59,0.574289,4.30783
2018-07-11,1.91,0.97,13.63,0.94,3.66,0.571215,4.82003
2018-07-12,1.9,0.96,12.58,0.94,3.61,0.573069,4.5111
2018-07-13,1.9,0.97,12.18,0.93,3.62,0.571622,4.7523
2018-07-16,1.91,0.97,12.83,0.94,3.59,0.573605,4.42182
2018-07-17,1.9,0.98,12.06,0.92,3.58,0.574887,4.20823
2018-07-18,1.89,0.97,12.1,0.92,3.56,0.577476,3.77671
2018-07-19,1.9,0.99,12.87,0.91,3.59,0.57357,4.42763
2018-07-20,1.91,1.01,12.86,0.9,3.55,0.580967,3.19518
2018-07-23,1.91,1,12.62,0.91,3.5,0.588019,2.0201
2018-07-24,1.88,0.96,12.41,0.92,3.47,0.587236,2.15047
2018-07-25,1.87,0.96,12.29,0.91,3.48,0.589268,1.81195
2018-07-26,1.85,0.94,12.14,0.91,3.42,0.590472,1.61125
2018-07-27,1.84,0.94,13.03,0.9,3.42,0.589278,1.81027
2018-07-30,1.84,0.93,14.26,0.91,3.43,0.591514,1.43776
2018-07-31,1.83,0.93,12.83,0.9,3.46,0.589534,1.76762
2018-08-01,1.83,0.94,13.15,0.89,3.43,0.59491,0.871847
2018-08-02,1.84,0.93,12.19,0.91,3.43,0.594403,0.95623
2018-08-03,1.84,0.94,11.64,0.9,3.43,0.591944,1.36601
2018-08-06,1.82,0.93,11.27,0.89,3.43,0.592698,1.24034
2018-08-07,1.82,0.92,10.93,0.9,3.35,0.596071,0.678314
2018-08-08,1.84,0.98,10.85,0.86,3.37,0.595123,0.836311
2018-08-09,1.85,0.99,11.27,0.86,3.38,0.589744,1.73256
2018-08-10,1.87,0.99,13.16,0.88,3.5,0.584472,2.6111
2018-08-13,1.91,1.04,14.78,0.87,3.52,0.585276,2.47716
2018-08-14,1.9,1.03,13.31,0.87,3.48,0.587617,2.08708
2018-08-15,1.9,1.02,14.64,0.88,3.55,0.583193,2.82417
2018-08-16,1.89,1.02,13.45,0.87,3.49,0.583988,2.69168
2018-08-17,1.89,1,12.64,0.89,3.49,0.583944,2.69912
2018-08-20,1.89,1.01,12.49,0.88,3.52,0.580329,3.30144
2018-08-21,1.88,1,12.86,0.88,3.48,0.58317,2.82805
2018-08-22,1.91,1.02,12.25,0.89,3.48,0.581074,3.17731
2018-08-23,1.9,1.02,12.41,0.88,3.47,0.580102,3.33915
2018-08-24,1.9,1.01,11.99,0.89,3.46,0.579971,3.3611
2018-08-27,1.89,1.01,12.16,0.88,3.43,0.583512,2.77096
2018-08-28,1.9,1.02,12.5,0.88,3.4,0.586766,2.22884
2018-08-29,1.88,0.99,12.25,0.89,3.39,0.58565,2.41475
2018-08-30,1.9,1.04,13.53,0.86,3.44,0.583921,2.70288
2018-08-31,1.92,1.05,12.86,0.87,3.49,0.586018,2.35346
2018-09-03,,,,,3.49,,
2018-09-04,1.94,1.08,13.16,0.86,3.46,0.588199,1.99013
2018-09-05,1.95,1.07,13.91,0.88,3.49,0.589153,1.83109
2018-09-06,1.93,1.06,14.65,0.87,3.52,0.587475,2.11074
2018-09-07,1.93,1.05,14.88,0.88,3.48,0.591883,1.37621
2018-09-10,1.92,1.01,14.16,0.91,3.46,0.590874,1.54431
2018-09-11,1.9,0.99,13.22,0.91,3.4,0.595545,0.766059
2018-09-12,1.89,0.97,13.14,0.92,3.38,0.595526,0.769147
2018-09-13,1.87,0.95,12.37,0.92,3.35,0.595731,0.735077
2018-09-14,1.88,0.95,12.07,0.93,3.29,0.599151,0.165149
2018-09-17,1.88,0.95,13.68,0.93,3.29,0.598735,0.234525
2018-09-18,1.88,0.97,12.79,0.91,3.24,0.604994,0
2018-09-19,1.88,0.96,11.75,0.92,3.24,0.607496,0
2018-09-20,1.85,0.92,11.8,0.93,3.25,0.605539,0.322158
2018-09-21,1.83,0.92,11.68,0.91,3.25,0.605939,0.256414
2018-09-24,1.84,0.92,12.2,0.92,3.28,0.607212,0.0467495
2018-09-25,1.83,0.92,12.42,0.91,3.26,0.607343,0.0251924
2018-09-26,1.84,0.93,12.89,0.91,3.27,0.603735,0.619143
2018-09-27,1.83,0.92,12.41,0.91,3.25,0.604444,0.502495
2018-09-28,1.84,0.94,12.12,0.9,3.24,0.606462,0.170201
2018-09-30,,,,,3.28,,
2018-10-01,1.83,0.93,12,0.9,3.22,0.612716,0
2018-10-02,1.84,0.93,12.05,0.91,3.22,0.6085,0.688022
2018-10-03,1.83,0.91,11.61,0.92,3.16,0.617604,0
2018-10-04,1.84,0.92,14.22,0.92,3.29,0.619678,0
2018-10-05,1.85,0.94,14.82,0.91,3.32,0.622278,0
2018-10-08,,,15.69,,3.32,0.622985,0
2018-10-09,1.84,0.93,15.95,0.91,3.41,0.617687,0.850464
2018-10-10,1.86,0.94,22.96,0.92,3.51,0.614943,1.29102
2018-10-11,1.88,0.95,24.98,0.93,3.58,0.608057,2.39631
2018-10-12,1.88,0.97,21.31,0.91,3.54,0.613424,1.53483
2018-10-15,1.89,0.98,21.3,0.91,3.49,0.613259,1.56124
2018-10-16,1.88,0.93,17.62,0.95,3.45,0.613955,1.4496
2018-10-17,1.88,0.94,17.4,0.94,3.45,0.616387,1.0592
2018-10-18,1.92,0.99,20.06,0.93,3.51,0.613998,1.44265
2018-10-19,1.92,0.98,19.89,0.94,3.51,0.61571,1.16784
2018-10-22,1.92,0.99,19.64,0.93,3.52,0.616814,0.990674
2018-10-23,1.96,1.02,20.71,0.94,3.65,0.614286,1.39644
2018-10-24,1.99,1.06,25.23,0.93,3.68,0.606665,2.61969
2018-10-25,1.98,1.06,24.22,0.92,3.72,0.610439,2.01385
2018-10-26,2.02,1.1,24.16,0.92,3.85,0.604052,3.03923
2018-10-29,2.02,1.1,24.7,0.92,3.84,0.604846,2.91167
2018-10-30,2.03,1.11,23.35,0.92,3.89,0.60931,2.19515
2018-10-31,2.03,1.12,21.23,0.91,3.81,0.612422,1.69561
2018-11-01,2.04,1.14,19.34,0.9,3.81,0.614662,1.33611
2018-11-02,2.02,1.05,19.51,0.97,3.72,0.622031,0.15319
2018-11-05,2.02,1.05,19.96,0.97,3.72,0.620111,0.461468
2018-11-06,1.98,1.02,19.91,0.96,3.68,0.622116,0.139578
2018-11-07,1.96,1.01,16.36,0.95,3.6,0.624886,0
2018-11-08,1.96,0.96,16.72,1,3.57,0.623399,0.23796
2018-11-09,1.98,0.97,17.36,1.01,3.71,0.615278,1.53753
2018-11-12,,,20.45,,3.71,0.607519,2.77919
2018-11-13,2.04,1.07,20.02,0.97,3.89,0.606878,2.8818
2018-11-14,2.09,1.09,21.25,1,3.99,0.605345,3.12712
2018-11-15,2.13,1.14,19.98,0.99,4.11,0.605466,3.10786
2018-11-16,2.13,1.13,18.14,1,4.18,0.600181,3.9536
2018-11-19,2.16,1.15,20.1,1.01,4.25,0.596642,4.51993
2018-11-20,2.17,1.16,22.48,1.01,4.33,0.594566,4.85212
2018-11-21,2.17,1.13,20.8,1.04,4.24,0.597792,4.33577
2018-11-22,,,,,4.25,,
2018-11-23,2.18,1.13,21.52,1.05,4.29,0.593866,4.96418
2018-11-26,2.16,1.11,18.9,1.05,4.26,0.598016,4.29999
2018-11-27,2.2,1.12,19.02,1.08,4.31,0.597054,4.454
2018-11-28,2.22,1.17,18.49,1.05,4.25,0.604959,3.18897
2018-11-29,2.26,1.18,18.79,1.08,4.22,0.602733,3.54509
2018-11-30,2.27,1.21,18.07,1.06,4.29,0.599267,4.09981
2018-12-03,2.26,1.19,16.44,1.07,4.2,0.599161,4.1168
2018-12-04,2.25,1.18,20.74,1.07,4.29,0.585638,6.28082
2018-12-05,,,,,4.29,,
2018-12-06,2.29,1.21,21.19,1.08,4.5,0.581772,6.89947
2018-12-07,2.31,1.21,23.23,1.1,4.5,0.579572,7.2516
2018-12-10,2.31,1.23,22.64,1.08,4.56,0.577601,7.56694
2018-12-11,2.26,1.14,21.76,1.12,4.48,0.578744,7.38412
2018-12-12,2.24,1.1,21.46,1.14,4.4,0.583226,6.66687
2018-12-13,2.25,1.1,20.65,1.15,4.39,0.586013,6.22086
2018-12-14,2.25,1.13,21.63,1.12,4.46,0.581537,6.9372
2018-12-17,2.25,1.13,24.52,1.12,4.58,0.574416,8.07674
2018-12-18,2.26,1.13,25.58,1.13,4.72,0.569961,8.78967
2018-12-19,2.27,1.12,25.58,1.15,4.84,0.557458,10.7904
2018-12-20,2.28,1.16,28.38,1.12,5.11,0.554606,11.2469
2018-12-21,2.31,1.18,30.11,1.13,5.22,0.551946,11.6725
2018-12-24,2.35,1.22,36.07,1.13,5.35,0.545109,12.7667
2018-12-26,2.33,1.2,30.41,1.13,5.37,0.560286,10.338
2018-12-27,2.36,1.24,29.96,1.12,5.38,0.559847,10.4082
2018-12-28,2.44,1.3,28.34,1.14,5.3,0.555999,11.0239
2018-12-31,2.45,1.3,25.42,1.15,5.33,0.554304,11.2952
2019-01-02,2.45,1.29,23.22,1.16,5.35,0.550651,11.8797
2019-01-03,2.48,1.35,25.45,1.13,5.44,0.544725,12.8282
2019-01-04,2.45,1.31,21.38,1.14,5.05,0.560353,10.3271
2019-01-07,2.42,1.26,21.4,1.16,4.83,0.567468,9.18854
2019-01-08,2.39,1.24,20.47,1.15,4.65,0.572656,8.35835
2019-01-09,2.39,1.22,19.98,1.17,4.52,0.574239,8.105
2019-01-10,2.42,1.24,19.5,1.18,4.54,0.580232,7.14588
2019-01-11,2.42,1.25,18.19,1.17,4.55,0.576123,7.80356
2019-01-14,2.46,1.29,19.07,1.17,4.6,0.576414,7.75688
2019-01-15,2.46,1.27,18.6,1.19,4.55,0.580463,7.10892
2019-01-16,2.45,1.27,19.04,1.18,4.44,0.580782,7.05791
2019-01-17,2.43,1.25,18.06,1.18,4.4,0.582226,6.8268
2019-01-18,2.38,1.17,17.8,1.21,4.27,0.586961,6.06904
2019-01-21,,,,,4.27,,
2019-01-22,2.38,1.18,20.8,1.2,4.41,0.579148,7.31945
2019-01-23,2.37,1.13,19.52,1.24,4.39,0.580563,7.09299
2019-01-24,2.37,1.14,18.89,1.23,4.45,0.577392,7.60041
2019-01-25,2.34,1.1,17.42,1.24,4.34,0.581618,6.9241
2019-01-28,2.36,1.12,18.87,1.24,4.41,0.581301,6.97491
2019-01-29,2.36,1.13,19.13,1.23,4.4,0.578027,7.49878
2019-01-30,2.37,1.15,17.66,1.22,4.36,0.583059,6.69348
2019-01-31,2.38,1.16,16.57,1.22,4.37,0.579517,7.26031
2019-02-01,2.31,1.11,16.14,1.2,4.29,0.582757,6.74192
2019-02-04,2.3,1.1,15.73,1.2,4.25,0.586752,6.10258
2019-02-05,2.27,1.08,15.57,1.19,4.15,0.586149,6.19913
2019-02-06,2.28,1.08,15.38,1.2,4.13,0.585309,6.33349
2019-02-07,2.31,1.1,16.37,1.21,4.29,0.579483,7.26577
2019-02-08,2.3,1.14,15.72,1.16,4.32,0.576885,7.68163
2019-02-11,2.3,1.11,15.97,1.19,4.28,0.57943,7.27431
2019-02-12,2.3,1.12,15.43,1.18,4.17,0.583715,6.58852
2019-02-13,2.27,1.07,15.65,1.2,4.12,0.585107,6.36574
2019-02-14,2.3,1.11,16.22,1.19,4.17,0.581861,6.88525
2019-02-15,2.28,1.1,14.91,1.18,4.12,0.582797,6.7355
2019-02-18,,,,,4.12,,
2019-02-19,2.28,1.09,14.88,1.19,4.11,0.581524,6.93914
2019-02-20,2.23,1.11,14.02,1.12,4.08,0.583671,6.59561
2019-02-21,2.23,1.12,14.46,1.11,4.04,0.588384,5.84138
2019-02-22,2.25,1.16,13.51,1.09,4.05,0.586063,6.21285
2019-02-25,2.23,1.13,14.85,1.1,4,0.588285,5.85723
2019-02-26,2.24,1.14,15.17,1.1,4.01,0.586139,6.20068
2019-02-27,2.25,1.16,14.7,1.09,3.94,0.593063,5.09263
2019-02-28,2.22,1.13,14.78,1.09,3.92,0.594743,4.82376
2019-03-01,2.22,1.14,13.57,1.08,3.86,0.601992,3.66364
2019-03-04,2.22,1.15,14.63,1.07,3.9,0.596403,4.55807
2019-03-05,2.22,1.15,14.74,1.07,3.91,0.594882,4.80149
2019-03-06,2.25,1.17,15.74,1.08,3.98,0.591734,5.30532
2019-03-07,2.25,1.18,16.59,1.07,4.1,0.587508,5.98163
2019-03-08,2.27,1.2,16.05,1.07,4.18,0.584082,6.52979
2019-03-11,2.27,1.21,14.33,1.06,4.12,0.587744,5.94386
2019-03-12,2.25,1.19,13.77,1.06,4.08,0.584676,6.43473
2019-03-13,2.26,1.19,13.41,1.07,3.99,0.587356,6.00586
2019-03-14,2.27,1.21,13.5,1.06,3.95,0.591216,5.38821
2019-03-15,2.28,1.23,12.88,1.05,3.95,0.587879,5.92223
2019-03-18,2.27,1.22,13.1,1.05,3.95,0.588011,5.90106
2019-03-19,2.27,1.21,13.56,1.06,3.91,0.589662,5.63688
2019-03-20,2.29,1.24,13.91,1.05,3.97,0.586075,6.21097
2019-03-21,2.28,1.21,13.63,1.07,3.92,0.584652,6.43858
2019-03-22,2.3,1.23,16.48,1.07,4.03,0.573637,8.20134
2019-03-25,2.28,1.24,16.33,1.04,4.13,0.572519,8.38019
2019-03-26,2.3,1.23,14.68,1.07,4.09,0.574334,8.08983
2019-03-27,2.28,1.23,15.15,1.05,4.09,0.569494,8.86435
2019-03-28,2.27,1.22,14.43,1.05,4.08,0.568635,9.00184
2019-03-29,2.26,1.21,13.71,1.05,3.99,0.570626,8.68316
2019-03-31,,,,,4.05,,
2019-04-01,2.24,1.19,13.4,1.05,3.94,0.578706,7.39008
2019-04-02,2.24,1.18,13.36,1.06,3.95,0.577907,7.51807
2019-04-03,2.23,1.17,13.74,1.06,3.9,0.583163,6.67693
2019-04-04,2.22,1.19,13.58,1.03,3.9,0.582394,6.80003
2019-04-05,2.22,1.17,12.82,1.05,3.86,0.582721,6.74767
2019-04-08,2.21,1.17,13.18,1.04,3.84,0.584457,6.46987
2019-04-09,2.19,1.16,14.28,1.03,3.86,0.582213,6.8289
2019-04-10,2.21,1.17,13.3,1.04,3.86,0.583365,6.64453
2019-04-11,2.2,1.17,13.02,1.03,3.79,0.587691,5.95224
2019-04-12,2.15,1.15,12.01,1,3.68,0.592794,5.13561
2019-04-15,2.15,1.13,12.32,1.02,3.68,0.590891,5.44014
2019-04-16,2.12,1.13,12.18,0.99,3.64,0.594272,4.8991
2019-04-17,2.13,1.13,12.6,1,3.67,0.592593,5.16779
2019-04-18,2.12,1.12,12.09,1,3.73,0.589779,5.61808
2019-04-22,2.14,1.16,12.42,0.98,3.73,0.591599,5.32688
2019-04-23,2.14,1.16,12.28,0.98,3.72,0.592391,5.20021
2019-04-24,2.14,1.16,13.14,0.98,3.73,0.586785,6.09732
2019-04-25,2.14,1.15,13.25,0.99,3.75,0.587912,5.91696
2019-04-26,2.13,1.18,12.73,0.95,3.76,0.587403,5.99834
2019-04-29,2.13,1.17,13.11,0.96,3.73,0.590904,5.4382
2019-04-30,2.14,1.2,13.12,0.94,3.73,0.587961,5.90911
2019-05-01,2.11,1.16,14.8,0.95,3.71,0.583624,6.60316
2019-05-02,2.12,1.21,14.42,0.91,3.74,0.586824,6.09097
2019-05-03,2.11,1.19,12.87,0.92,3.72,0.586654,6.11819
2019-05-06,2.14,1.21,15.44,0.93,3.82,0.585316,6.33232
2019-05-07,2.17,1.25,19.32,0.92,3.89,0.577379,7.60249
2019-05-08,2.17,1.21,19.4,0.96,3.87,0.580087,7.16922
2019-05-09,2.21,1.28,19.1,0.93,3.99,0.576847,7.68772
2019-05-10,2.2,1.25,16.04,0.95,4.01,0.579245,7.30391
2019-05-13,2.25,1.31,20.55,0.94,4.2,0.569465,8.86906
2019-05-14,2.24,1.29,18.06,0.95,4.13,0.572415,8.39692
2019-05-15,2.26,1.32,16.44,0.94,4.17,0.569452,8.87102
2019-05-16,2.24,1.28,15.29,0.96,4.06,0.573088,8.28925
2019-05-17,2.24,1.29,15.96,0.95,4.07,0.571615,8.52491
2019-05-20,2.24,1.29,16.31,0.95,4.06,0.572264,8.42111
2019-05-21,2.23,1.27,14.95,0.96,3.99,0.574977,7.98683
2019-05-22,2.26,1.29,14.75,0.97,4.03,0.572163,8.43723
2019-05-23,2.28,1.33,16.92,0.95,4.22,0.562977,9.90721
2019-05-24,2.31,1.32,15.85,0.99,4.16,0.561706,10.1107
2019-05-27,,,,,4.16,,
2019-05-28,2.32,1.35,17.5,0.97,4.19,0.557168,10.8368
2019-05-29,2.33,1.34,17.9,0.99,4.36,0.553993,11.345
2019-05-30,2.33,1.33,17.3,1,4.33,0.550428,11.9155
2019-05-31,2.37,1.37,18.71,1,4.59,0.539681,13.6354
2019-06-03,2.42,1.43,18.86,0.99,4.7,0.536958,14.0711
2019-06-04,2.42,1.4,16.97,1.02,4.53,0.548605,12.2072
2019-06-05,2.45,1.42,16.09,1.03,4.48,0.553014,11.5017
2019-06-06,2.44,1.41,15.93,1.03,4.42,0.552394,11.6009
2019-06-07,2.42,1.39,16.3,1.03,4.37,0.549058,12.1346
2019-06-10,2.39,1.34,15.94,1.05,4.23,0.555112,11.1659
2019-06-11,2.38,1.34,15.99,1.04,4.2,0.555545,11.0967
2019-06-12,2.41,1.38,15.91,1.03,4.22,0.553833,11.3706
2019-06-13,2.42,1.38,15.82,1.04,4.24,0.553214,11.4696
2019-06-14,2.42,1.4,15.28,1.02,4.23,0.551441,11.7533
2019-06-17,2.41,1.36,15.35,1.05,4.23,0.549649,12.0402
2019-06-18,2.4,1.34,15.15,1.06,4.14,0.550717,11.8692
2019-06-19,2.41,1.36,14.33,1.05,4.16,0.552526,11.5798
2019-06-20,2.38,1.32,14.75,1.06,4.03,0.553853,11.3674
2019-06-21,2.35,1.29,15.4,1.06,3.95,0.558215,10.6693
2019-06-24,2.33,1.28,15.26,1.05,4,0.55402,11.3406
2019-06-25,2.34,1.32,16.28,1.02,4.09,0.549969,11.9888
2019-06-26,2.32,1.27,16.21,1.05,4.05,0.553257,11.4627
2019-06-27,2.31,1.26,15.82,1.05,4.09,0.550903,11.8394
2019-06-28,2.31,1.25,15.08,1.06,4.07,0.551466,11.7494
2019-06-30,,,,,4.07,,
2019-07-01,2.29,1.24,14.06,1.05,3.99,0.552924,11.5161
2019-07-02,2.29,1.25,12.93,1.04,4.04,0.549893,12.001
2019-07-03,2.26,1.22,12.57,1.04,4.02,0.548071,12.2926
2019-07-04,,,,,4.02,,
2019-07-05,2.26,1.22,13.28,1.04,3.98,0.553213,11.4698
2019-07-08,2.23,1.19,13.96,1.04,4,0.551381,11.7629
2019-07-09,2.22,1.19,14.09,1.03,4.03,0.550955,11.8312
2019-07-10,2.25,1.23,13.03,1.02,4.01,0.555539,11.0976
2019-07-11,2.25,1.24,12.93,1.01,4,0.561955,10.0708
2019-07-12,2.25,1.22,12.39,1.03,4.02,0.562213,10.0295
2019-07-15,2.25,1.26,12.68,0.99,4,0.559379,10.483
2019-07-16,2.23,1.24,12.86,0.99,3.96,0.559889,10.4014
2019-07-17,2.24,1.24,13.97,1,4.01,0.553206,11.4709
2019-07-18,2.27,1.27,13.53,1,4.11,0.55342,11.4367
2019-07-19,2.26,1.26,14.45,1,4.07,0.553763,11.3818
2019-07-22,2.24,1.25,13.53,0.99,4.06,0.554564,11.2535
2019-07-23,2.23,1.23,12.61,1,3.99,0.55857,10.6125
2019-07-24,2.15,1.24,12.07,0.91,3.98,0.556601,10.9275
2019-07-25,2.14,1.23,12.74,0.91,3.93,0.558504,10.623
2019-07-26,2.13,1.23,12.16,0.9,3.89,0.558405,10.639
2019-07-29,2.13,1.23,12.83,0.9,3.93,0.557402,10.7993
2019-07-30,2.14,1.23,13.94,0.91,3.97,0.556305,10.975
2019-07-31,2.13,1.24,16.12,0.89,3.93,0.550917,11.8372
2019-08-01,2.17,1.29,17.87,0.88,4.1,0.539921,13.5969
2019-08-02,2.18,1.31,17.61,0.87,4.19,0.534173,14.5168
2019-08-05,2.24,1.4,24.59,0.84,4.53,0.519625,16.8449
2019-08-06,2.25,1.42,20.17,0.83,4.46,0.51882,16.9737
2019-08-07,2.23,1.38,19.49,0.85,4.52,0.518575,17.0129
2019-08-08,2.25,1.37,16.91,0.88,4.31,0.519511,16.863
2019-08-09,2.23,1.35,17.97,0.88,4.31,0.519827,16.8125
2019-08-12,2.23,1.36,21.09,0.87,4.4,0.507439,18.795
2019-08-13,2.22,1.33,17.52,0.89,4.25,0.511435,18.1556
2019-08-14,2.23,1.36,22.1,0.87,4.49,0.495706,20.6726
2019-08-15,2.27,1.38,21.18,0.89,4.52,0.491686,21.3158
2019-08-16,2.26,1.36,18.47,0.9,4.47,0.497332,20.4124
2019-08-19,2.29,1.35,16.88,0.94,4.36,0.506013,19.0231
2019-08-20,2.3,1.34,17.5,0.96,4.35,0.501239,19.7871
2019-08-21,2.25,1.3,15.8,0.95,4.21,0.506763,18.9032
2019-08-22,2.25,1.31,16.68,0.94,4.16,0.51109,18.2106
2019-08-23,2.27,1.36,19.87,0.91,4.25,0.500513,19.9032
2019-08-26,2.27,1.36,19.32,0.91,4.22,0.505041,19.1786
2019-08-27,2.26,1.34,20.31,0.92,4.19,0.497149,20.4416
2019-08-28,2.26,1.34,19.35,0.92,4.17,0.497709,20.352
2019-08-29,2.27,1.36,17.88,0.91,4.08,0.500118,19.9665
2019-08-30,2.26,1.35,18.98,0.91,4.09,0.499524,20.0616
2019-08-31,,,,,4.13,,
2019-09-02,,,,,4.13,,
2019-09-03,2.28,1.39,19.66,0.89,4.23,0.497448,20.3939
2019-09-04,2.29,1.39,17.33,0.9,4.23,0.497739,20.3472
2019-09-05,2.28,1.37,16.27,0.91,4.07,0.508906,18.5601
2019-09-06,2.26,1.36,15,0.9,4.05,0.505775,19.0613
2019-09-09,2.23,1.36,15.27,0.87,3.99,0.515455,17.5121
2019-09-10,2.22,1.35,15.2,0.87,3.9,0.524952,15.9923
2019-09-11,2.22,1.34,14.61,0.88,3.92,0.525826,15.8525
2019-09-12,2.22,1.35,14.22,0.87,3.85,0.529597,15.249
2019-09-13,2.21,1.35,13.74,0.86,3.83,0.540163,13.5582
2019-09-16,2.2,1.34,14.67,0.86,3.8,0.535263,14.3422
2019-09-17,2.21,1.33,14.44,0.88,3.81,0.532681,14.7556
2019-09-18,2.18,1.3,13.95,0.88,3.82,0.530126,15.1643
2019-09-19,2.17,1.28,14.05,0.89,3.77,0.527932,15.5155
2019-09-20,2.19,1.29,15.32,0.9,3.81,0.521704,16.5121
2019-09-23,2.17,1.3,14.91,0.87,3.84,0.521577,16.5325
2019-09-24,2.2,1.3,17.05,0.9,3.9,0.514658,17.6398
2019-09-25,2.2,1.32,15.96,0.88,3.91,0.521759,16.5034
2019-09-26,2.18,1.29,16.07,0.89,3.95,0.518067,17.0942
2019-09-27,2.19,1.31,17.22,0.88,3.99,0.516203,17.3924
2019-09-30,2.2,1.33,16.24,0.87,4.02,0.515532,17.4998
2019-10-01,2.22,1.32,18.56,0.9,4.08,0.512801,17.9369
2019-10-02,2.26,1.39,20.56,0.87,4.28,0.508539,18.6188
2019-10-03,2.29,1.4,19.12,0.89,4.4,0.504235,19.3077
2019-10-04,2.29,1.36,17.04,0.93,4.38,0.502107,19.6482
2019-10-07,2.28,1.36,17.86,0.92,4.31,0.505894,19.0422
2019-10-08,2.3,1.41,20.28,0.89,4.39,0.502666,19.5588
2019-10-09,2.29,1.36,18.64,0.93,4.32,0.507048,18.8575
2019-10-10,2.27,1.35,17.57,0.92,4.26,0.515371,17.5256
2019-10-11,2.22,1.3,15.58,0.92,4.1,0.524004,16.1441
2019-10-14,,,14.57,,4.08,0.520585,16.6912
2019-10-15,2.21,1.29,13.54,0.92,4.01,0.528108,15.4873
2019-10-16,2.22,1.3,13.68,0.92,4.01,0.527042,15.6579
2019-10-17,2.21,1.28,13.79,0.93,4,0.529055,15.3358
2019-10-18,2.21,1.27,14.25,0.94,4.02,0.529177,15.3163
2019-10-21,2.19,1.24,14,0.95,3.98,0.533371,14.645
2019-10-22,2.17,1.24,14.46,0.93,3.99,0.530392,15.1218
2019-10-23,2.18,1.24,14.01,0.94,3.98,0.530346,15.1291
2019-10-24,2.17,1.23,13.71,0.94,3.96,0.532023,14.8608
2019-10-25,2.16,1.24,12.65,0.92,3.89,0.535063,14.3743
2019-10-28,2.16,1.23,13.11,0.93,3.85,0.539912,13.5983
2019-10-29,2.15,1.23,13.2,0.92,3.86,0.538571,13.8129
2019-10-30,2.17,1.29,12.33,0.88,3.96,0.530134,15.1631
2019-10-31,2.18,1.3,13.22,0.88,4.15,0.521275,16.5807
2019-11-01,2.16,1.29,12.3,0.87,4.09,0.52513,15.9639
2019-11-04,2.16,1.28,12.83,0.88,3.99,0.533237,14.6665
2019-11-05,2.15,1.25,13.1,0.9,3.97,0.538744,13.7852
2019-11-06,2.14,1.25,12.62,0.89,4.02,0.534887,14.4025
2019-11-07,2.13,1.23,12.73,0.9,3.96,0.544506,12.8632
2019-11-08,2.11,1.23,12.07,0.88,4,0.547311,12.2054
2019-11-11,,,12.69,,3.99,0.546631,11.1571
2019-11-12,2.1,1.22,12.68,0.88,4,0.544258,10.4131
2019-11-13,2.11,1.26,13,0.85,4.05,0.540188,10.989
2019-11-14,2.13,1.26,13.05,0.87,4.08,0.534357,11.7445
2019-11-15,2.13,1.26,12.05,0.87,4.06,0.536542,11.3835
2019-11-18,2.14,1.27,12.46,0.87,4.09,0.534894,11.5817
2019-11-19,2.13,1.25,12.86,0.88,4.12,0.528579,12.6255
2019-11-20,2.16,1.3,12.78,0.86,4.18,0.522077,13.7003
2019-11-21,2.15,1.27,13.13,0.88,4.17,0.525488,13.1366
2019-11-22,2.14,1.26,12.34,0.88,4.13,0.526817,12.9169
2019-11-25,2.13,1.23,11.87,0.9,4.08,0.526671,12.941
2019-11-26,2.11,1.21,11.54,0.9,4.05,0.524214,13.3472
2019-11-27,2.09,1.17,11.75,0.92,3.99,0.526405,12.985
2019-11-29,2.08,1.17,12.62,0.91,4.01,0.526379,12.668
2019-11-30,,,,,4.02,,
2019-12-02,2.11,1.2,14.91,0.91,4.03,0.533129,11.4392
2019-12-03,2.11,1.24,15.96,0.87,4.14,0.521456,13.3783
2019-12-04,2.11,1.25,14.8,0.86,4.02,0.528301,12.2413
2019-12-05,2.09,1.21,14.52,0.88,4,0.531679,11.6801
2019-12-06,2.07,1.19,13.62,0.88,3.89,0.535376,11.0659
2019-12-09,2.05,1.17,15.86,0.88,3.88,0.534218,11.2583
2019-12-10,2.01,1.15,15.68,0.86,3.84,0.53547,11.0503
2019-12-11,2.04,1.18,14.99,0.86,3.83,0.532392,11.5617
2019-12-12,2.02,1.15,13.94,0.87,3.7,0.54254,9.87592
2019-12-13,2.02,1.15,12.63,0.87,3.71,0.536887,10.815
2019-12-16,2,1.13,12.14,0.87,3.62,0.542809,9.83122
2019-12-17,1.99,1.1,12.29,0.89,3.58,0.54523,9.42904
2019-12-18,1.98,1.11,12.58,0.87,3.51,0.550744,8.51315
2019-12-19,1.96,1.09,12.5,0.87,3.54,0.549576,8.70714
2019-12-20,1.96,1.09,12.51,0.87,3.53,0.54804,8.96225
2019-12-23,1.96,1.09,12.61,0.87,3.52,0.549093,8.78735
2019-12-24,1.97,1.09,12.67,0.88,3.53,0.547965,8.97475
2019-12-26,1.97,1.1,12.65,0.87,3.53,0.547457,9.05921
2019-12-27,1.96,1.1,13.43,0.86,3.56,0.54661,9.19991
2019-12-30,1.97,1.12,14.82,0.85,3.6,0.548233,8.93027
2019-12-31,1.98,1.12,13.78,0.86,3.6,0.554159,7.9458
2020-01-02,1.98,1.12,12.47,0.86,3.56,0.550276,8.59091
2020-01-03,1.99,1.14,14.02,0.85,3.61,0.541378,10.0689
2020-01-06,2.02,1.2,13.85,0.82,3.57,0.543915,9.64751
2020-01-07,2.03,1.19,13.79,0.84,3.54,0.546105,9.28368
2020-01-08,2.05,1.23,13.45,0.82,3.5,0.550239,8.59696
2020-01-09,2.03,1.19,12.54,0.84,3.49,0.549746,8.679
2020-01-10,1.99,1.16,12.56,0.83,3.48,0.545086,9.45303
2020-01-13,1.99,1.15,12.32,0.84,3.48,0.546745,9.17746
2020-01-14,1.99,1.18,12.39,0.81,3.45,0.543885,9.65251
2020-01-15,2.01,1.18,12.42,0.83,3.44,0.540424,10.2274
2020-01-16,2,1.18,12.32,0.82,3.42,0.542316,9.9131
2020-01-17,1.98,1.17,12.1,0.81,3.39,0.546559,9.20835
2020-01-20,,,,,3.38,,
2020-01-21,1.97,1.17,12.85,0.8,3.47,0.539714,10.3454
2020-01-22,1.97,1.16,12.91,0.81,3.49,0.538801,10.4971
2020-01-23,1.98,1.14,12.98,0.84,3.58,0.533419,11.3912
2020-01-24,1.98,1.12,14.56,0.86,3.68,0.526915,12.4715
2020-01-27,2.04,1.18,18.23,0.86,4.03,0.515354,14.392
2020-01-28,2.04,1.22,16.28,0.82,3.86,0.523894,12.9733
2020-01-29,2.05,1.21,16.39,0.84,3.83,0.518526,13.8651
2020-01-30,2.08,1.25,15.49,0.83,3.95,0.518985,13.7888
2020-01-31,2.13,1.31,18.84,0.82,4.03,0.512183,14.9187
2020-02-03,2.1,1.26,17.97,0.84,3.97,0.512516,14.8634
2020-02-04,2.09,1.25,16.05,0.84,3.85,0.522612,13.1863
2020-02-05,2.07,1.24,15.15,0.83,3.75,0.530559,11.8661
2020-02-06,2.05,1.21,14.96,0.84,3.7,0.528599,12.1918
2020-02-07,2.05,1.18,15.47,0.87,3.75,0.521314,13.4019
2020-02-10,2.06,1.21,15.04,0.85,3.75,0.520583,13.5234
2020-02-11,2.05,1.21,15.18,0.84,3.65,0.523577,13.026
2020-02-12,2.06,1.22,13.74,0.84,3.59,0.527616,12.355
2020-02-13,2.05,1.22,14.15,0.83,3.57,0.525778,12.6604
2020-02-14,2.04,1.2,13.68,0.84,3.56,0.523427,13.0509
2020-02-17,,,,,3.56,,
2020-02-18,2.05,1.21,14.83,0.84,3.61,0.518808,13.8181
2020-02-19,2.05,1.23,14.38,0.82,3.57,0.519079,13.7732
2020-02-20,2.05,1.25,15.56,0.8,3.62,0.51592,14.298
2020-02-21,2.09,1.28,17.08,0.81,3.66,0.510683,15.1678
2020-02-24,2.13,1.34,25.03,0.79,4.03,0.49776,17.3145
2020-02-25,2.19,1.38,27.85,0.81,4.18,0.491667,18.3267
2020-02-26,2.2,1.36,27.56,0.84,4.27,0.494798,17.8066
2020-02-27,2.27,1.4,39.16,0.87,4.62,0.482894,19.7841
2020-02-28,2.38,1.57,40.11,0.81,5.04,0.474158,21.2352
2020-02-29,,,,,5.06,,
2020-03-02,2.44,1.51,33.42,0.93,4.97,0.481297,19.3001
2020-03-03,2.48,1.58,36.82,0.9,4.84,0.471907,20.6722
2020-03-04,2.47,1.53,31.99,0.94,4.75,0.483521,18.6365
2020-03-05,2.52,1.6,39.62,0.92,5.05,0.465821,21.6149
2020-03-06,2.55,1.62,41.94,0.93,5.64,0.437784,26.3328
2020-03-09,2.93,1.92,54.46,1.01,6.68,0.40789,31.3632
2020-03-10,2.93,1.91,47.3,1.02,6.38,0.436529,26.5439
2020-03-11,2.99,1.85,53.9,1.14,6.61,0.443335,25.3986
2020-03-12,3.2,2.06,75.47,1.14,7.42,0.423001,28.8204
2020-03-13,3.3,2.09,57.83,1.21,7.31,0.446389,24.8848
2020-03-16,3.38,2.15,82.69,1.23,8.38,0.396193,33.3313
2020-03-17,3.49,2.38,75.91,1.11,8.41,0.428485,27.8976
2020-03-18,3.81,2.74,76.45,1.07,9.04,0.43406,26.9594
2020-03-19,4.01,2.74,72,1.27,9.82,0.413062,30.4928
2020-03-20,4.23,3.2,66.04,1.03,10.09,0.375559,36.8035
2020-03-23,4.31,2.81,61.59,1.5,10.87,0.354903,40.2794
2020-03-24,4.19,2.6,61.67,1.59,10.55,0.376547,36.6373
2020-03-25,4.13,2.46,63.95,1.67,10.11,0.38802,34.7068
2020-03-26,4.04,2.24,61,1.8,9.29,0.403777,32.0551
2020-03-27,3.98,2.23,65.54,1.75,8.99,0.394303,33.6494
2020-03-30,3.89,2.01,57.08,1.88,8.82,0.400982,32.5256
2020-03-31,3.93,2.03,53.54,1.9,8.77,0.401037,32.5163
2020-04-01,3.97,2.14,57.06,1.83,9.11,0.384639,35.2756
2020-04-02,3.92,2.01,50.91,1.91,9.17,0.385186,35.1835
2020-04-03,3.92,2.01,46.8,1.91,9.43,0.37604,36.7226
2020-04-06,3.91,1.96,45.24,1.95,9.26,0.3862,35.0129
2020-04-07,3.79,1.8,46.7,1.99,8.88,0.390288,34.3251
2020-04-08,3.75,1.79,43.35,1.96,8.81,0.403376,32.1227
2020-04-09,3.61,1.73,41.67,1.88,7.96,0.429001,27.8106
2020-04-13,3.41,1.59,41.17,1.82,7.7,0.426751,28.1893
2020-04-14,3.36,1.47,37.76,1.89,7.35,0.428643,27.871
2020-04-15,3.33,1.74,40.84,1.59,7.64,0.413689,30.3873
2020-04-16,3.28,1.7,40.11,1.58,7.58,0.408638,31.0424
2020-04-17,3.27,1.76,38.15,1.51,7.31,0.416295,29.7263
2020-04-20,3.28,1.73,43.83,1.55,7.52,0.40676,31.3359
2020-04-21,3.29,1.75,45.41,1.54,7.9,0.394359,33.4293
2020-04-22,3.3,1.73,41.98,1.57,7.85,0.401935,31.9796
2020-04-23,3.26,1.64,41.38,1.62,7.87,0.39961,32.373
2020-04-24,3.25,1.7,35.93,1.55,8.03,0.394943,33.1628
2020-04-27,3.24,1.72,33.29,1.52,8.01,0.404078,31.6169
2020-04-28,3.25,1.73,33.57,1.52,8.02,0.400699,31.8493
2020-04-29,3.24,1.75,31.23,1.49,7.87,0.409887,30.1517
2020-04-30,3.23,1.74,34.15,1.49,7.63,0.415556,29.1856
2020-05-01,3.25,1.78,37.19,1.47,7.7,0.404921,30.9779
2020-05-04,3.28,1.75,35.97,1.53,7.79,0.406266,30.5904
2020-05-05,3.28,1.75,33.61,1.53,7.6,0.412422,28.9034
2020-05-06,3.31,1.89,34.12,1.42,7.6,0.416805,28.1478
2020-05-07,3.34,1.89,31.44,1.45,7.6,0.410997,29.046
2020-05-08,3.37,1.85,27.98,1.52,7.52,0.420364,27.429
2020-05-11,3.41,1.96,27.57,1.45,7.51,0.421758,26.6479
2020-05-12,3.4,1.97,33.04,1.43,7.42,0.416948,27.4845
2020-05-13,3.43,1.9,35.28,1.53,7.61,0.411858,28.3697
2020-05-14,3.41,1.88,32.61,1.53,7.77,0.406469,29.3069
2020-05-15,3.41,1.87,31.89,1.54,7.78,0.408088,29.0253
2020-05-18,3.38,1.83,29.3,1.55,7.41,0.424618,26.1506
2020-05-19,3.3,1.8,30.53,1.5,7.35,0.423562,26.3342
2020-05-20,3.24,1.8,27.99,1.44,7.16,0.426774,25.4105
2020-05-21,3.18,1.77,29.53,1.41,7.08,0.425606,24.4009
2020-05-22,3.18,1.75,28.16,1.43,7.06,0.424105,24.5652
2020-05-25,,,,,7.06,,
2020-05-26,3.14,1.8,28.01,1.34,6.75,0.433097,22.9657
2020-05-27,3.11,1.79,27.62,1.32,6.7,0.434795,22.6637
2020-05-28,3.1,1.76,28.59,1.34,6.6,0.436827,22.3022
2020-05-29,3.08,1.78,27.51,1.3,6.71,0.435474,22.543
2020-05-31,,,,,6.54,,
2020-06-01,3.1,1.79,28.23,1.31,6.43,0.441742,21.4281
2020-06-02,3.08,1.77,26.84,1.31,6.18,0.447748,20.3597
2020-06-03,3.02,1.76,25.66,1.26,5.8,0.455901,18.9096
2020-06-04,2.99,1.77,25.81,1.22,5.83,0.461165,17.9732
2020-06-05,2.86,1.63,24.52,1.23,5.5,0.46886,16.6047
2020-06-08,2.81,1.6,25.81,1.21,5.51,0.467617,16.8256
2020-06-09,2.8,1.63,27.57,1.17,5.75,0.458757,18.4017
2020-06-10,2.86,1.72,27.57,1.14,5.92,0.451408,19.7089
2020-06-11,2.91,1.74,40.79,1.17,6.4,0.431665,23.2204
2020-06-12,2.91,1.71,36.09,1.2,6.28,0.440192,21.7037
2020-06-15,2.93,1.8,34.4,1.13,6.25,0.444217,20.9878
2020-06-16,2.89,1.62,33.67,1.27,5.78,0.452978,19.4296
2020-06-17,2.87,1.69,33.47,1.18,5.85,0.44901,20.1352
2020-06-18,2.86,1.66,32.94,1.2,6.01,0.444146,21.0004
2020-06-19,2.87,1.73,35.12,1.14,6.02,0.442296,21.3295
2020-06-22,2.86,1.69,31.77,1.17,6.03,0.441922,21.3961
2020-06-23,2.87,1.71,31.37,1.16,6.02,0.445607,20.7405
2020-06-24,2.89,1.71,33.84,1.18,6.23,0.43636,22.3853
2020-06-25,2.92,1.72,32.22,1.2,6.3,0.435265,22.5801
2020-06-26,2.92,1.71,34.73,1.21,6.41,0.426565,24.1276
2020-06-29,2.94,1.74,31.78,1.2,6.52,0.425491,24.3185
2020-06-30,2.93,1.68,30.43,1.25,6.44,0.431481,23.2532
2020-07-01,2.89,1.71,28.62,1.18,6.33,0.433665,22.8646
2020-07-02,2.87,1.69,27.68,1.18,6.17,0.436403,22.3777
2020-07-03,,,,,6.17,,
2020-07-06,2.83,1.64,27.94,1.19,6.03,0.441346,21.4985
2020-07-07,2.81,1.62,29.43,1.19,6.04,0.432334,23.1014
2020-07-08,2.77,1.57,28.08,1.2,6.06,0.43523,22.5863
2020-07-09,2.73,1.54,29.26,1.19,6.14,0.427473,23.966
2020-07-10,2.74,1.54,27.29,1.2,6.14,0.431095,23.3218
2020-07-13,2.74,1.54,32.19,1.2,6.01,0.427331,23.6758
2020-07-14,2.71,1.5,29.52,1.21,6.03,0.430357,23.1352
2020-07-15,2.71,1.51,27.76,1.2,5.81,0.434832,22.1526
2020-07-16,2.69,1.52,28,1.17,5.76,0.433193,22.446
2020-07-17,2.68,1.49,25.68,1.19,5.74,0.435301,22.0687
2020-07-20,2.66,1.48,24.46,1.18,5.54,0.436832,21.7945
2020-07-21,2.63,1.47,24.84,1.16,5.33,0.438597,21.4785
2020-07-22,2.61,1.48,24.32,1.13,5.28,0.438171,21.5456
2020-07-23,2.58,1.46,26.08,1.12,5.26,0.432806,22.5063
2020-07-24,2.58,1.42,25.84,1.16,5.29,0.43324,22.4147
2020-07-27,2.56,1.41,24.74,1.15,5.24,0.435883,21.8011
2020-07-28,2.57,1.43,25.44,1.14,5.27,0.431764,22.3872
2020-07-29,2.61,1.48,24.1,1.13,5.15,0.434904,21.52
2020-07-30,2.6,1.48,24.76,1.12,5.14,0.432972,21.8688
2020-07-31,2.6,1.48,24.46,1.12,5.16,0.434064,21.6717
2020-08-03,2.63,1.53,24.28,1.1,5.08,0.436368,21.2558
2020-08-04,2.62,1.56,23.76,1.06,5.13,0.432095,22.0269
2020-08-05,2.59,1.48,22.99,1.11,5.04,0.436676,21.2003
2020-08-06,2.57,1.49,22.65,1.08,5.06,0.435218,21.4634
2020-08-07,2.57,1.46,22.21,1.11,5.06,0.437061,21.1309
2020-08-10,2.56,1.47,22.13,1.09,5.09,0.439231,20.7391
2020-08-11,2.59,1.51,24.03,1.08,5.03,0.440498,20.5107
2020-08-12,2.55,1.48,22.28,1.07,5.1,0.444646,19.7621
2020-08-13,2.59,1.58,22.13,1.01,5.16,0.448226,19.116
2020-08-14,2.61,1.59,22.05,1.02,5.26,0.449183,18.9434
2020-08-17,2.64,1.63,21.35,1.01,5.29,0.450722,18.6657
2020-08-18,2.64,1.63,21.51,1.01,5.26,0.448209,19.1192
2020-08-19,2.65,1.65,22.54,1,5.25,0.449751,18.8408
2020-08-20,2.65,1.68,22.72,0.97,5.28,0.447199,19.3014
2020-08-21,2.64,1.66,22.54,0.98,5.25,0.444483,19.7915
2020-08-24,2.63,1.66,22.37,0.97,5.17,0.447255,19.2913
2020-08-25,2.63,1.67,22.03,0.96,5.07,0.451181,18.5828
2020-08-26,2.66,1.71,23.27,0.95,5.02,0.452861,18.2796
2020-08-27,2.71,1.72,24.47,0.99,4.98,0.459994,16.9925
2020-08-28,2.71,1.66,22.96,1.05,5,0.460716,16.8622
2020-08-31,2.67,1.7,26.41,0.97,5.02,0.457031,17.5271
2020-09-01,2.67,1.66,26.12,1.01,4.97,0.454323,18.0159
2020-09-02,2.64,1.6,26.57,1.04,4.93,0.450566,18.6937
2020-09-03,2.64,1.59,33.6,1.05,5.04,0.446496,19.4282
2020-09-04,2.68,1.62,30.75,1.06,5.13,0.453903,18.0916
2020-09-07,,,,,5.13,,
2020-09-08,2.67,1.6,31.46,1.07,5.25,0.448622,19.0446
2020-09-09,2.69,1.68,28.81,1.01,5.16,0.453364,18.1889
2020-09-10,2.69,1.66,29.71,1.03,5.16,0.448941,18.987
2020-09-11,2.69,1.65,26.87,1.04,5.21,0.448889,18.9964
2020-09-14,2.66,1.64,25.85,1.02,5.18,0.448438,19.0778
2020-09-15,2.68,1.65,25.59,1.03,5.14,0.450757,18.6593
2020-09-16,2.67,1.62,26.04,1.05,5.07,0.452107,18.4157
2020-09-17,2.65,1.61,26.46,1.04,5.14,0.450249,18.7509
2020-09-18,2.66,1.6,25.83,1.06,5.16,0.450532,18.7
2020-09-21,2.66,1.6,27.78,1.06,5.42,0.444641,19.763
2020-09-22,2.66,1.59,26.86,1.07,5.45,0.446536,19.421
2020-09-23,2.68,1.63,28.58,1.05,5.47,0.44142,20.3441
2020-09-24,2.7,1.66,28.51,1.04,5.64,0.440001,20.6002
2020-09-25,2.74,1.65,26.38,1.09,5.64,0.439207,20.7436
2020-09-28,2.76,1.69,26.19,1.07,5.52,0.443329,19.9998
2020-09-29,2.74,1.68,26.27,1.06,5.5,0.443188,20.0251
2020-09-30,2.75,1.63,26.37,1.12,5.41,0.449298,18.9225
2020-10-01,2.75,1.65,26.7,1.1,5.36,0.4501,18.7779
2020-10-02,2.76,1.67,27.63,1.09,5.38,0.451787,18.4735
2020-10-05,2.74,1.67,27.96,1.07,5.18,0.464253,16.224
2020-10-06,2.7,1.63,29.48,1.07,5.06,0.460725,16.8606
2020-10-07,2.69,1.57,28.06,1.12,5.02,0.465762,15.9516
2020-10-08,2.68,1.55,26.36,1.13,4.97,0.464302,16.2152
2020-10-09,2.67,1.55,25,1.12,4.92,0.465429,16.0116
2020-10-12,,,25.07,,4.92,0.4663,15.8545
2020-10-13,2.65,1.55,26.07,1.1,4.88,0.460923,16.8247
2020-10-14,2.64,1.54,26.4,1.1,4.89,0.458735,17.2196
2020-10-15,2.65,1.54,26.97,1.11,5.01,0.459204,17.1349
2020-10-16,2.64,1.53,27.41,1.11,4.94,0.459942,17.0019
2020-10-19,2.61,1.51,29.18,1.1,4.91,0.46005,16.9824
2020-10-20,2.64,1.55,29.35,1.09,4.9,0.466123,15.8866
2020-10-21,2.63,1.57,28.65,1.06,4.91,0.467682,15.6051
2020-10-22,2.61,1.56,28.11,1.05,4.88,0.473433,14.5673
2020-10-23,2.6,1.56,27.55,1.04,4.87,0.471112,14.9861
2020-10-26,2.6,1.55,32.46,1.05,5.03,0.462644,16.5142
2020-10-27,2.6,1.56,33.35,1.04,5.06,0.45978,17.031
2020-10-28,2.62,1.54,40.28,1.08,5.29,0.45553,17.798
2020-10-29,2.61,1.55,37.59,1.06,5.25,0.461318,16.7535
2020-10-30,2.61,1.51,38.02,1.1,5.25,0.466917,15.7432
2020-10-31,,,,,5.32,,
2020-11-02,2.6,1.5,37.13,1.1,5.25,0.46455,16.1703
2020-11-03,2.58,1.51,35.55,1.07,5.07,0.471279,14.956
2020-11-04,2.58,1.51,29.57,1.07,4.79,0.465588,15.983
2020-11-05,2.52,1.45,27.58,1.07,4.59,0.466416,15.8335
2020-11-06,2.51,1.48,24.86,1.03,4.67,0.470466,15.1028
2020-11-09,2.47,1.43,25.75,1.04,4.22,0.48423,12.6191
2020-11-10,2.44,1.44,24.8,1,4.37,0.486358,12.2351
2020-11-11,,,23.45,,4.37,0.48444,12.5811
2020-11-12,2.45,1.48,25.35,0.97,4.62,0.473112,14.6254
2020-11-13,2.44,1.46,23.1,0.98,4.63,0.475353,14.2209
2020-11-16,2.42,1.44,22.45,0.98,4.5,0.479174,13.5313
2020-11-17,2.42,1.44,22.71,0.98,4.48,0.476233,14.0622
2020-11-18,2.39,1.38,23.84,1.01,4.42,0.473973,14.4699
2020-11-19,2.35,1.42,23.11,0.93,4.48,0.473139,14.6203
2020-11-20,2.35,1.41,23.7,0.94,4.49,0.468108,15.5283
2020-11-23,2.33,1.38,22.66,0.95,4.43,0.470975,15.011
2020-11-24,2.31,1.38,21.64,0.93,4.31,0.477146,13.8974
2020-11-25,2.32,1.38,21.25,0.94,4.33,0.478397,13.6715
2020-11-26,,,,,4.33,,
2020-11-27,2.32,1.36,20.84,0.96,4.35,0.474568,14.3625
2020-11-30,2.29,1.36,20.57,0.93,4.33,0.474667,14.3448
2020-12-01,2.28,1.31,20.77,0.97,4.21,0.483008,12.8395
2020-12-02,2.24,1.3,21.17,0.94,4.17,0.488228,11.8976
2020-12-03,2.23,1.29,21.28,0.94,4.1,0.484602,12.5519
2020-12-04,2.23,1.29,20.79,0.94,4.03,0.493862,10.8808
2020-12-07,2.22,1.32,21.3,0.9,4.03,0.489221,11.7183
2020-12-08,2.22,1.33,20.68,0.89,4.03,0.486528,12.2043
2020-12-09,2.24,1.34,22.27,0.9,4.04,0.48741,12.0452
2020-12-10,2.22,1.37,22.52,0.85,4.08,0.48402,12.6568
2020-12-11,2.23,1.37,23.31,0.86,4.13,0.481812,13.0553
2020-12-14,2.24,1.35,24.72,0.89,4.07,0.483263,12.7934
2020-12-15,2.26,1.39,22.89,0.87,4.06,0.486396,12.2281
2020-12-16,2.25,1.35,22.5,0.9,4.06,0.486966,12.1254
2020-12-17,2.23,1.34,21.93,0.89,4.05,0.488986,11.7608
2020-12-18,2.24,1.37,21.57,0.87,4.03,0.490852,11.4241
2020-12-21,2.23,1.33,25.16,0.9,4.18,0.487165,12.0894
2020-12-22,2.22,1.3,24.23,0.92,4.12,0.48528,12.4295
2020-12-23,2.24,1.32,23.31,0.92,4.07,0.49086,11.4226
2020-12-24,2.23,1.32,21.53,0.91,4.05,0.489939,11.5889
2020-12-28,2.22,1.31,21.7,0.91,3.89,0.49034,11.5164
2020-12-29,2.22,1.31,23.08,0.91,3.85,0.490344,11.5157
2020-12-30,2.2,1.29,22.77,0.91,3.87,0.490297,10.8997
2020-12-31,2.18,1.3,22.75,0.88,3.86,0.489975,10.9524
2021-01-04,2.19,1.35,26.97,0.84,3.93,0.489555,11.0288
2021-01-05,2.23,1.32,25.34,0.91,3.92,0.493388,10.3322
2021-01-06,2.27,1.32,25.07,0.95,3.8,0.502803,8.62103
2021-01-07,2.23,1.38,22.37,0.85,3.78,0.508733,7.46036
2021-01-08,2.19,1.35,21.56,0.84,3.76,0.511141,6.51204
2021-01-11,2.15,1.33,24.08,0.82,3.82,0.509232,6.86113
2021-01-12,2.16,1.35,23.33,0.81,3.85,0.510282,6.6374
2021-01-13,2.13,1.33,22.21,0.8,3.82,0.506107,7.40125
2021-01-14,2.12,1.39,23.25,0.73,3.73,0.510776,6.54697
2021-01-15,2.13,1.35,24.34,0.78,3.74,0.507941,7.06567
2021-01-18,,,,,3.73,,
2021-01-19,2.11,1.34,23.24,0.77,3.71,0.507759,5.92071
2021-01-20,2.11,1.35,21.58,0.76,3.67,0.508189,5.68138
2021-01-21,2.12,1.41,21.32,0.71,3.65,0.511488,4.11124
2021-01-22,2.14,1.41,21.91,0.73,3.75,0.508848,4.09222
2021-01-25,2.15,1.44,23.19,0.71,3.75,0.503036,5.18768
2021-01-26,2.16,1.42,23.02,0.74,3.74,0.503236,5.14986
2021-01-27,2.16,1.38,37.21,0.78,3.85,0.50052,5.66178
2021-01-28,2.17,1.41,30.21,0.76,3.76,0.504808,4.85357
2021-01-29,2.17,1.4,33.09,0.77,3.79,0.506524,4.53016
2021-01-31,,,,,3.84,,
2021-02-01,2.19,1.44,30.24,0.75,3.83,0.507561,4.33477
2021-02-02,2.18,1.46,25.56,0.72,3.75,0.512088,3.48149
2021-02-03,2.17,1.49,22.91,0.68,3.68,0.517087,2.53918
2021-02-04,2.19,1.46,21.77,0.73,3.64,0.519543,1.71312
2021-02-05,2.18,1.44,20.87,0.74,3.58,0.52471,0.550799
2021-02-08,2.14,1.42,21.24,0.72,3.54,0.523968,0.691473
2021-02-09,2.15,1.42,21.63,0.73,3.51,0.522626,0.945744
2021-02-10,2.16,1.43,21.99,0.73,3.51,0.519053,1.62297
2021-02-11,2.18,1.44,21.25,0.74,3.5,0.522149,0.690109
2021-02-12,2.19,1.45,19.97,0.74,3.48,0.52956,0
2021-02-15,,,,,3.47,,
2021-02-16,2.15,1.42,21.46,0.73,3.41,0.53689,0
2021-02-17,2.13,1.37,21.5,0.76,3.44,0.533319,0.66505
2021-02-18,2.13,1.41,22.49,0.72,3.46,0.534754,0.397925
2021-02-19,2.14,1.42,22.05,0.72,3.41,0.542019,0
2021-02-22,2.16,1.44,23.45,0.72,3.44,0.544489,0
2021-02-23,2.2,1.51,23.11,0.69,3.47,0.547378,0
2021-02-24,2.22,1.54,21.34,0.68,3.42,0.55156,0
2021-02-25,2.12,1.42,28.89,0.7,3.42,0.5554,0
2021-02-26,2.12,1.42,27.95,0.7,3.52,0.536015,3.49029
2021-02-28,,,,,3.57,,
2021-03-01,2.13,1.4,23.35,0.73,3.54,0.549286,1.10069
2021-03-02,2.15,1.46,24.1,0.69,3.53,0.548427,1.25535
2021-03-03,2.14,1.47,26.67,0.67,3.51,0.552656,0.494053
2021-03-04,2.13,1.46,28.57,0.67,3.54,0.554127,0.229207
2021-03-05,2.13,1.41,24.66,0.72,3.6,0.554714,0.123507
2021-03-08,2.14,1.41,25.47,0.73,3.57,0.554995,0.0728911
2021-03-09,2.16,1.43,24.03,0.73,3.62,0.548173,1.30117
2021-03-10,2.17,1.46,22.56,0.71,3.63,0.548792,1.18973
2021-03-11,2.18,1.48,21.91,0.7,3.52,0.554827,0.103068
2021-03-12,2.19,1.49,20.69,0.7,3.55,0.565288,0
2021-03-15,2.18,1.48,20.03,0.7,3.55,0.562048,0.573154
2021-03-16,2.19,1.5,19.79,0.69,3.55,0.563011,0.402722
2021-03-17,2.23,1.54,19.23,0.69,3.65,0.568044,0
2021-03-18,2.17,1.48,21.58,0.69,3.66,0.569472,0
2021-03-19,2.1,1.39,20.95,0.71,3.67,0.568142,0.233513
2021-03-22,2.08,1.38,18.88,0.7,3.58,0.56387,0.983768
2021-03-23,2.11,1.4,20.3,0.71,3.57,0.559408,1.76715
2021-03-24,2.1,1.38,21.2,0.72,3.51,0.556735,2.23659
2021-03-25,2.11,1.39,19.81,0.72,3.53,0.562133,1.28871
2021-03-26,2.09,1.39,18.86,0.7,3.48,0.5658,0.644709
2021-03-29,2.08,1.35,20.74,0.73,3.43,0.570972,0
2021-03-30,2.04,1.31,19.61,0.73,3.44,0.566624,0.761464
2021-03-31,2.03,1.3,19.4,0.73,3.36,0.572562,0
2021-04-01,1.98,1.22,17.33,0.76,3.33,0.564407,1.4243
2021-04-05,1.93,1.21,17.91,0.72,3.25,0.567141,0.94679
2021-04-06,1.95,1.25,18.12,0.7,3.25,0.564285,1.44566
2021-04-07,1.96,1.28,17.16,0.68,3.22,0.568046,0.788756
2021-04-08,1.98,1.29,16.95,0.69,3.21,0.56359,1.56706
2021-04-09,1.96,1.25,16.69,0.71,3.24,0.56525,1.27713
2021-04-12,1.95,1.24,16.91,0.71,3.24,0.564913,1.33589
2021-04-13,1.97,1.25,16.65,0.72,3.32,0.561097,2.00242
2021-04-14,1.98,1.26,16.99,0.72,3.25,0.562627,1.73523
2021-04-15,1.95,1.22,16.57,0.73,3.25,0.55559,2.9642
2021-04-16,1.97,1.26,16.25,0.71,3.22,0.558787,2.40598
2021-04-19,1.99,1.29,17.29,0.7,3.25,0.559497,2.28185
2021-04-20,2,1.29,18.68,0.71,3.35,0.555972,2.89749
2021-04-21,2.01,1.3,17.5,0.71,3.34,0.556708,2.76906
2021-04-22,1.99,1.29,18.71,0.7,3.34,0.553273,3.36897
2021-04-23,1.99,1.3,17.33,0.69,3.29,0.55604,2.88569
2021-04-26,1.98,1.29,17.64,0.69,3.26,0.556581,2.79121
2021-04-27,1.97,1.28,17.56,0.69,3.24,0.560707,2.07055
2021-04-28,1.98,1.29,17.28,0.69,3.26,0.561435,1.94339
2021-04-29,1.97,1.27,17.61,0.7,3.24,0.563744,1.54011
2021-04-30,1.96,1.29,18.61,0.67,3.28,0.562186,1.81233
2021-05-03,1.96,1.29,18.31,0.67,3.27,0.562068,1.83288
2021-05-04,1.97,1.29,19.48,0.68,3.32,0.55796,2.55038
2021-05-05,1.98,1.3,19.15,0.68,3.29,0.558127,2.52113
2021-05-06,1.96,1.29,18.39,0.67,3.3,0.557019,2.7147
2021-05-07,1.97,1.31,16.69,0.66,3.27,0.560164,2.16537
2021-05-10,1.98,1.32,19.66,0.66,3.26,0.564599,1.39074
2021-05-11,2.01,1.37,21.84,0.64,3.36,0.567226,0.93203
2021-05-12,2.02,1.39,27.59,0.63,3.34,0.570483,0.363225
2021-05-13,2.04,1.39,23.13,0.65,3.37,0.57164,0.161157
2021-05-14,2.03,1.37,18.81,0.66,3.35,0.568168,0.767483
2021-05-17,2.02,1.36,19.72,0.66,3.35,0.568328,0.739549
2021-05-18,2.03,1.37,21.34,0.66,3.35,0.568411,0.725043
2021-05-19,2.02,1.36,22.18,0.66,3.4,0.56828,0.747905
2021-05-20,2.02,1.35,20.67,0.67,3.42,0.56605,1.13737
2021-05-21,2.01,1.34,20.15,0.67,3.37,0.565084,1.30613
2021-05-24,2,1.33,18.4,0.67,3.37,0.563645,1.5574
2021-05-25,2.01,1.33,18.84,0.68,3.34,0.558536,2.44981
2021-05-26,1.98,1.3,17.36,0.68,3.35,0.559691,2.248
2021-05-27,1.98,1.32,16.74,0.66,3.3,0.561694,1.89819
2021-05-28,1.99,1.32,16.76,0.67,3.29,0.562392,1.77619
2021-05-31,,,,,3.34,,
2021-06-01,1.97,1.31,17.9,0.66,3.33,0.564209,1.45896
2021-06-02,1.98,1.35,17.48,0.63,3.31,0.563616,1.56254
2021-06-03,1.96,1.33,18.04,0.63,3.28,0.564573,1.39539
2021-06-04,1.98,1.32,16.42,0.66,3.28,0.558161,2.5153
2021-06-07,1.98,1.34,16.42,0.64,3.27,0.560073,2.18123
2021-06-08,1.98,1.33,17.07,0.65,3.26,0.556548,2.7969
2021-06-09,1.96,1.31,17.89,0.65,3.22,0.552119,3.5705
2021-06-10,2,1.36,16.1,0.64,3.23,0.549831,3.97007
2021-06-11,1.97,1.33,15.65,0.64,3.21,0.550909,3.78183
2021-06-14,1.96,1.32,16.39,0.64,3.17,0.554654,3.12783
2021-06-15,1.96,1.32,17.02,0.64,3.17,0.555259,3.02209
2021-06-16,1.91,1.23,18.15,0.68,3.12,0.55497,3.07258
2021-06-17,1.84,1.19,17.75,0.65,3.15,0.547159,4.43684
2021-06-18,1.85,1.19,20.7,0.66,3.18,0.536813,6.24376
2021-06-21,1.88,1.21,17.89,0.67,3.14,0.547016,4.46169
2021-06-22,1.9,1.24,16.66,0.66,3.15,0.546057,4.62926
2021-06-23,1.89,1.22,16.32,0.67,3.13,0.546905,4.48106
2021-06-24,1.88,1.22,15.97,0.66,3.08,0.547712,4.34019
2021-06-25,1.9,1.23,15.62,0.67,3.04,0.554026,3.23748
2021-06-28,1.88,1.18,15.76,0.7,3.05,0.548325,4.23314
2021-06-29,1.87,1.18,16.02,0.69,3.03,0.548094,4.27339
2021-06-30,1.87,1.18,15.83,0.69,3.04,0.545727,4.68687
2021-07-01,1.86,1.16,15.48,0.7,3.02,0.546766,4.50542
2021-07-02,1.87,1.18,15.07,0.69,3.04,0.544351,4.92715
2021-07-05,,,,,3.03,,
2021-07-06,1.9,1.23,16.44,0.67,3.05,0.53774,6.0819
2021-07-07,1.89,1.24,16.2,0.65,3.05,0.533199,6.87488
2021-07-08,1.91,1.24,19,0.67,3.14,0.529972,7.43856
2021-07-09,1.91,1.25,16.18,0.66,3.07,0.538449,5.95804
2021-07-12,1.91,1.26,16.17,0.65,3.05,0.538964,5.868
2021-07-13,1.91,1.25,17.12,0.66,3.04,0.541516,5.4223
2021-07-14,1.91,1.25,16.33,0.66,3.1,0.536287,6.33568
2021-07-15,1.92,1.24,17.01,0.68,3.14,0.530074,7.42077
2021-07-16,1.93,1.25,18.45,0.68,3.18,0.530349,7.37264
2021-07-19,1.97,1.3,22.5,0.67,3.44,0.515476,9.97023
2021-07-20,1.98,1.29,19.73,0.69,3.38,0.523124,8.63462
2021-07-21,1.96,1.27,17.91,0.69,3.24,0.531106,7.24042
2021-07-22,1.95,1.27,17.69,0.68,3.24,0.526434,8.05653
2021-07-23,1.93,1.27,17.2,0.66,3.22,0.531004,7.25823
2021-07-26,1.94,1.27,17.58,0.67,3.21,0.531795,7.1202
2021-07-27,1.95,1.28,19.36,0.67,3.27,0.525461,8.22642
2021-07-28,1.96,1.26,18.31,0.7,3.26,0.525846,8.15925
2021-07-29,1.94,1.23,17.7,0.71,3.23,0.529923,7.44714
2021-07-30,1.95,1.27,18.24,0.68,3.26,0.526722,8.0061
2021-07-31,,,,,3.32,,
2021-08-02,1.95,1.28,19.46,0.67,3.36,0.520772,9.04538
2021-08-03,1.97,1.3,18.04,0.67,3.42,0.521092,8.98951
2021-08-04,1.96,1.3,17.97,0.66,3.42,0.519071,9.34245
2021-08-05,1.95,1.27,17.28,0.68,3.37,0.522926,8.6692
2021-08-06,1.94,1.27,16.15,0.67,3.32,0.531199,7.22416
2021-08-09,1.95,1.27,16.72,0.68,3.34,0.531891,7.10342
2021-08-10,1.95,1.26,16.79,0.69,3.32,0.533133,6.88652
2021-08-11,1.99,1.31,16.06,0.68,3.37,0.534319,6.67928
2021-08-12,1.99,1.3,15.59,0.69,3.34,0.536118,6.36517
2021-08-13,1.98,1.29,15.45,0.69,3.36,0.52893,7.62054
2021-08-16,1.97,1.28,16.12,0.69,3.38,0.527832,7.8123
2021-08-17,1.98,1.28,17.91,0.7,3.37,0.526838,7.98595
2021-08-18,1.97,1.26,21.57,0.71,3.35,0.523871,8.50418
2021-08-19,1.98,1.28,21.67,0.7,3.42,0.519981,9.18353
2021-08-20,1.96,1.25,18.56,0.71,3.37,0.520889,9.02496
2021-08-23,1.97,1.24,17.15,0.73,3.34,0.522847,8.68292
2021-08-24,1.95,1.24,17.22,0.71,3.26,0.527667,7.84111
2021-08-25,1.93,1.23,16.79,0.7,3.22,0.532633,6.97383
2021-08-26,1.92,1.23,18.84,0.69,3.2,0.53086,7.28353
2021-08-27,1.92,1.23,16.39,0.69,3.17,0.528714,7.65824
2021-08-30,1.92,1.22,16.19,0.7,3.16,0.527998,7.78325
2021-08-31,1.94,1.24,16.48,0.7,3.21,0.531738,7.13011
2021-09-01,1.92,1.23,16.11,0.69,3.19,0.531302,7.20618
2021-09-02,1.92,1.22,16.41,0.7,3.16,0.529655,7.49397
2021-09-03,1.91,1.21,16.41,0.7,3.14,0.534576,6.63438
2021-09-06,,,,,3.13,,
2021-09-07,1.91,1.21,18.14,0.7,3.16,0.537715,6.08621
2021-09-08,1.91,1.2,17.96,0.71,3.16,0.534689,6.61477
2021-09-09,1.9,1.21,18.8,0.69,3.15,0.528777,7.64725
2021-09-10,1.88,1.16,20.95,0.72,3.11,0.532692,6.96352
2021-09-13,1.87,1.15,19.37,0.72,3.09,0.530807,7.29265
2021-09-14,1.87,1.14,19.46,0.73,3.11,0.52421,8.44481
2021-09-15,1.85,1.13,18.18,0.72,3.08,0.526833,7.98678
2021-09-16,1.84,1.11,18.69,0.73,3.06,0.529078,7.59462
2021-09-17,1.83,1.11,20.81,0.72,3.04,0.530968,7.26454
2021-09-20,1.84,1.11,25.71,0.73,3.23,0.522617,8.72319
2021-09-21,1.83,1.12,24.36,0.71,3.17,0.523962,8.48827
2021-09-22,1.83,1.13,20.87,0.7,3.09,0.521803,8.86525
2021-09-23,1.81,1.11,18.63,0.7,3.03,0.534109,6.71594
2021-09-24,1.8,1.12,17.75,0.68,3.05,0.538585,5.93431
2021-09-27,1.78,1.11,18.76,0.67,3.06,0.54008,5.67322
2021-09-28,1.8,1.14,23.25,0.66,3.13,0.546127,4.61702
2021-09-29,1.81,1.14,22.56,0.67,3.09,0.546179,4.60793
2021-09-30,1.85,1.18,23.14,0.67,3.15,0.545631,4.70363
2021-10-01,1.85,1.17,21.15,0.68,3.2,0.542374,5.27241
2021-10-04,1.85,1.16,22.96,0.69,3.21,0.54183,5.36744
2021-10-05,1.84,1.17,21.3,0.67,3.17,0.546862,4.48865
2021-10-06,1.84,1.16,21,0.68,3.29,0.543482,5.07903
2021-10-07,1.85,1.17,19.54,0.68,3.19,0.549289,4.0648
2021-10-08,1.84,1.16,18.77,0.68,3.2,0.551508,3.67717
2021-10-11,,,20,,3.2,0.55119,3.73282
2021-10-12,1.82,1.16,19.85,0.66,3.28,0.542925,5.17619
2021-10-13,1.79,1.1,18.64,0.69,3.25,0.539123,5.84033
2021-10-14,1.81,1.1,16.86,0.71,3.18,0.540157,5.65969
2021-10-15,1.76,1.07,16.3,0.69,3.12,0.542389,5.26992
2021-10-18,1.72,1.04,16.31,0.68,3.11,0.539611,5.7551
2021-10-19,1.72,1.05,15.7,0.67,3.09,0.547535,4.37111
2021-10-20,1.75,1.08,15.49,0.67,3.07,0.551445,3.68815
2021-10-21,1.74,1.08,15.01,0.66,3.03,0.550712,3.81629
2021-10-22,1.72,1.06,15.43,0.66,3.07,0.543398,5.09359
2021-10-25,1.73,1.08,15.24,0.65,3.11,0.545169,4.78433
2021-10-26,1.71,1.07,15.98,0.64,3.09,0.540823,5.54344
2021-10-27,1.69,1.05,16.98,0.64,3.11,0.530731,7.30601
2021-10-28,1.69,1.04,16.53,0.65,3.08,0.533881,6.75585
2021-10-29,1.69,1.04,16.26,0.65,3.08,0.53085,7.28524
2021-10-31,,,,,3.15,,
2021-11-01,1.69,1.03,16.41,0.66,3.16,0.534125,6.71314
2021-11-02,1.71,1.07,16.03,0.64,3.21,0.533056,6.89999
2021-11-03,1.7,1.04,15.1,0.66,3.18,0.539677,5.7435
2021-11-04,1.73,1.05,15.44,0.68,3.19,0.535476,6.47727
2021-11-05,1.73,1.05,16.48,0.68,3.12,0.529583,7.50651
2021-11-08,1.67,0.99,17.22,0.68,3.03,0.529912,7.44905
2021-11-09,1.67,1,17.78,0.67,3.08,0.523521,8.56531
2021-11-10,1.66,1.01,18.73,0.65,3.06,0.530282,7.38432
2021-11-11,,,17.66,,3.06,0.530155,7.40663
2021-11-12,1.69,1.03,16.29,0.66,3.09,0.532678,6.96597
2021-11-15,1.7,1.03,16.49,0.67,3.1,0.53883,5.89145
2021-11-16,1.72,1.08,16.37,0.64,3.12,0.540453,5.60794
2021-11-17,1.74,1.06,17.11,0.68,3.17,0.535649,6.4471
2021-11-18,1.73,1.1,17.59,0.63,3.19,0.533211,6.87291
2021-11-19,1.73,1.09,17.91,0.64,3.24,0.527213,7.92044
2021-11-22,1.71,1.07,19.17,0.64,3.18,0.531436,7.18288
2021-11-23,1.73,1.09,19.38,0.64,3.3,0.538483,5.95209
2021-11-24,1.72,1.08,18.58,0.64,3.32,0.52985,7.45981
2021-11-25,,,,,3.32,,
2021-11-26,1.82,1.13,28.62,0.69,3.62,0.51307,10.3905
2021-11-29,1.81,1.15,22.96,0.66,3.53,0.520435,9.10421
2021-11-30,1.81,1.14,27.19,0.67,3.67,0.510496,10.8401
2021-12-01,1.81,1.16,31.12,0.65,3.58,0.507438,11.3742
2021-12-02,1.8,1.15,27.95,0.65,3.54,0.510545,10.8315
2021-12-03,1.81,1.14,30.67,0.67,3.56,0.504525,11.8829
2021-12-06,1.79,1.11,27.18,0.68,3.41,0.513812,10.2609
2021-12-07,1.75,1.08,21.89,0.67,3.16,0.520755,9.04835
2021-12-08,1.79,1.11,19.9,0.68,3.21,0.529793,7.46976
2021-12-09,1.81,1.16,21.58,0.65,3.25,0.52448,8.39781
2021-12-10,1.83,1.19,18.69,0.64,3.29,0.526964,7.96385
2021-12-13,1.82,1.18,20.31,0.64,3.33,0.51929,9.30418
2021-12-14,1.82,1.16,21.89,0.66,3.35,0.519628,9.2451
2021-12-15,1.83,1.2,19.29,0.63,3.33,0.52668,8.0135
2021-12-16,1.87,1.23,20.57,0.64,3.32,0.526085,8.11741
2021-12-17,1.87,1.22,21.57,0.65,3.36,0.519709,9.231
2021-12-20,1.89,1.23,22.87,0.66,3.41,0.522723,8.70464
2021-12-21,1.88,1.22,21.01,0.66,3.25,0.52752,7.86677
2021-12-22,1.86,1.23,18.63,0.63,3.21,0.526484,8.04778
2021-12-23,1.86,1.24,17.96,0.62,3.12,0.53262,6.97609
2021-12-27,1.86,1.25,17.68,0.61,3.02,0.531881,7.10521
2021-12-28,1.86,1.22,17.54,0.64,3.01,0.533751,6.77845
2021-12-29,1.85,1.15,16.95,0.7,3.03,0.538782,5.8999
2021-12-30,1.85,1.19,17.33,0.66,3.09,0.534055,6.72539
2021-12-31,,,17.22,,3.1,0.532887,6.92934
2022-01-03,1.82,1.16,16.6,0.66,3.05,0.547001,4.46439
2022-01-04,1.84,1.16,16.91,0.68,3.09,0.547896,4.30807
2022-01-05,1.8,1.13,19.73,0.67,3.07,0.546631,4.52895
2022-01-06,1.78,1.08,19.61,0.7,3.15,0.545283,4.7644
2022-01-07,1.78,1.12,18.76,0.66,3.2,0.547828,4.31996
2022-01-10,1.76,1.14,19.4,0.62,3.24,0.546929,4.47702
2022-01-11,1.76,1.11,18.41,0.65,3.18,0.545838,4.66748
2022-01-12,1.77,1.12,17.62,0.65,3.06,0.548826,4.14566
2022-01-13,1.8,1.13,20.31,0.67,3.1,0.542044,5.33006
2022-01-14,1.79,1.14,19.19,0.65,3.09,0.54985,3.96682
2022-01-17,,,,,3.09,,
2022-01-18,1.78,1.13,22.79,0.65,3.12,0.554978,3.0711
2022-01-19,1.77,1.12,23.85,0.65,3.11,0.550648,3.82749
2022-01-20,1.79,1.17,25.59,0.62,3.1,0.546249,4.59569
2022-01-21,1.84,1.2,28.85,0.64,3.29,0.539885,5.70726
2022-01-24,1.89,1.27,29.9,0.62,3.44,0.543783,5.02632
2022-01-25,1.91,1.26,31.16,0.65,3.39,0.543068,5.15131
2022-01-26,1.84,1.22,31.96,0.62,3.25,0.547843,4.31733
2022-01-27,1.86,1.2,30.49,0.66,3.46,0.535617,6.45258
2022-01-28,1.91,1.27,27.66,0.64,3.61,0.536952,6.21943
2022-01-31,1.93,1.27,24.83,0.66,3.63,0.53987,5.7099
2022-02-01,1.92,1.27,21.96,0.65,3.51,0.543818,5.02028
2022-02-02,1.91,1.27,22.09,0.64,3.45,0.542814,5.19565
2022-02-03,1.92,1.3,24.35,0.62,3.51,0.542185,5.30552
2022-02-04,1.92,1.29,23.22,0.63,3.56,0.548139,4.26568
2022-02-07,1.93,1.28,22.86,0.65,3.6,0.547391,4.39628
2022-02-08,1.91,1.25,21.44,0.66,3.55,0.550483,3.85628
2022-02-09,1.92,1.23,19.96,0.69,3.46,0.55234,3.5319
2022-02-10,1.91,1.22,23.91,0.69,3.44,0.553848,3.26846
2022-02-11,2,1.3,27.36,0.7,3.66,0.543848,5.01502
2022-02-14,2,1.28,28.33,0.72,3.74,0.549767,3.98126
2022-02-15,1.99,1.26,25.7,0.73,3.67,0.557024,2.71389
2022-02-16,2.05,1.32,24.29,0.73,3.68,0.556824,2.74876
2022-02-17,2.12,1.37,28.11,0.75,3.74,0.550385,3.87332
2022-02-18,2.13,1.37,27.75,0.76,3.78,0.545441,4.73683
2022-02-21,,,,,3.78,,
2022-02-22,2.13,1.4,28.81,0.73,3.75,0.542777,5.20209
2022-02-23,2.1,1.37,31.02,0.73,3.72,0.549363,4.05179
2022-02-24,2.24,1.4,30.32,0.84,3.93,0.552926,3.4296
2022-02-25,2.2,1.4,27.59,0.8,3.62,0.555645,2.95469
2022-02-28,2.34,1.43,30.15,0.91,3.77,0.544118,4.96795
2022-03-01,2.25,1.48,33.32,0.77,3.89,0.536395,6.31681
2022-03-02,2.24,1.46,30.74,0.78,3.71,0.556716,2.76758
2022-03-03,2.24,1.45,30.48,0.79,3.71,0.549449,4.03675
2022-03-04,2.31,1.5,31.98,0.81,3.9,0.536614,6.27853
2022-03-07,2.32,1.53,36.45,0.79,4.01,0.536022,6.38181
2022-03-08,2.35,1.55,35.13,0.8,4.03,0.539551,5.76555
2022-03-09,2.32,1.47,32.45,0.85,3.94,0.549434,4.0394
2022-03-10,2.38,1.52,30.23,0.86,4,0.552765,3.4577
2022-03-11,2.35,1.47,30.75,0.88,4.05,0.546933,4.47618
2022-03-14,2.33,1.43,31.77,0.9,4.16,0.553366,3.35276
2022-03-15,2.36,1.48,29.83,0.88,4.21,0.558493,2.45726
2022-03-16,2.23,1.37,26.67,0.86,3.96,0.560826,2.04984
2022-03-17,2.17,1.27,25.67,0.9,3.81,0.56891,0.637919
2022-03-18,2.14,1.14,23.87,1,3.81,0.563891,1.51455
2022-03-21,2.07,1.14,23.53,0.93,3.67,0.570613,0.340409
2022-03-22,2.05,1.13,22.94,0.92,3.7,0.580995,0
2022-03-23,2.03,1.19,23.57,0.84,3.72,0.566732,2.45486
2022-03-24,2.01,1.15,21.67,0.86,3.67,0.572394,1.48036
2022-03-25,1.96,1.06,20.81,0.9,3.51,0.576266,0.813881
2022-03-28,1.94,1.05,19.63,0.89,3.54,0.574964,1.03804
2022-03-29,1.91,1.06,18.9,0.85,3.38,0.577698,0.567436
2022-03-30,1.93,1.05,19.33,0.88,3.33,0.571496,1.63489
2022-03-31,1.93,1.06,20.56,0.87,3.43,0.56804,2.22975
2022-04-01,1.81,0.93,19.63,0.88,3.4,0.565845,2.60762
2022-04-04,1.81,0.91,18.57,0.9,3.33,0.574116,1.18406
2022-04-05,1.77,0.9,21.03,0.87,3.27,0.579775,0.210028
2022-04-06,1.77,0.9,22.1,0.87,3.48,0.579916,0.185736
2022-04-07,1.78,0.89,21.55,0.89,3.54,0.583377,0
2022-04-08,1.78,0.88,21.16,0.9,3.57,0.586185,0
2022-04-11,1.82,0.94,24.37,0.88,3.73,0.591529,0
2022-04-12,1.92,1.03,24.26,0.89,3.75,0.59688,0
2022-04-13,1.94,1.07,21.82,0.87,3.77,0.59923,0
2022-04-14,1.93,1.05,22.7,0.88,3.68,0.6074,0
2022-04-18,1.94,1.04,22.17,0.9,3.64,0.609444,0
2022-04-19,1.91,1.02,21.37,0.89,3.58,0.613506,0
2022-04-20,1.91,1.02,20.32,0.89,3.56,0.603281,1.66656
2022-04-21,1.93,1.02,22.68,0.91,3.5,0.603615,1.61221
2022-04-22,1.96,1.06,28.21,0.9,3.65,0.603782,1.58503
2022-04-25,2.03,1.11,27.02,0.92,3.8,0.602856,1.73595
2022-04-26,2.06,1.15,33.52,0.91,3.83,0.593338,3.2873
2022-04-27,2.05,1.15,31.6,0.9,3.89,0.598098,2.51149
2022-04-28,2.06,1.14,29.99,0.92,3.83,0.600532,2.1148
2022-04-29,2.05,1.12,33.4,0.93,3.93,0.600925,2.0506
2022-04-30,,,,,3.97,,
2022-05-02,2.08,1.19,32.34,0.89,4.05,0.611564,0.316575
2022-05-03,2.05,1.14,29.25,0.91,3.97,0.610653,0.465036
2022-05-04,2.08,1.15,25.42,0.93,4.1,0.613484,0.00349548
2022-05-05,2.1,1.23,31.2,0.87,4.03,0.61957,0
2022-05-06,2.09,1.16,30.19,0.93,4.18,0.62529,0
2022-05-09,2.17,1.23,34.75,0.94,4.47,0.613287,1.91964
2022-05-10,2.16,1.21,32.99,0.95,4.52,0.611258,2.2441
2022-05-11,2.17,1.21,32.56,0.96,4.55,0.596127,4.66391
2022-05-12,2.2,1.21,31.77,0.99,4.77,0.597008,4.52308
2022-05-13,2.24,1.26,28.87,0.98,4.63,0.606676,2.97689
2022-05-16,2.29,1.3,27.47,0.99,4.71,0.606435,3.01549
2022-05-17,2.27,1.28,26.1,0.99,4.6,0.613291,1.91902
2022-05-18,2.31,1.29,30.96,1.02,4.84,0.595554,4.75569
2022-05-19,2.37,1.34,29.35,1.03,4.92,0.598118,4.34551
2022-05-20,2.36,1.33,29.43,1.03,4.91,0.591019,5.48091
2022-05-23,2.33,1.29,28.48,1.04,4.82,0.603265,3.52248
2022-05-24,2.34,1.3,29.45,1.04,4.94,0.595136,4.82252
2022-05-25,2.29,1.26,28.37,1.03,4.74,0.601773,3.76103
2022-05-26,2.25,1.23,27.5,1.02,4.38,0.612915,1.9792
2022-05-27,2.26,1.21,25.72,1.05,4.19,0.616884,1.34439
2022-05-30,,,26.54,,4.19,,
2022-05-31,2.18,1.15,26.19,1.03,4.22,0.624798,0.0786917
2022-06-01,2.08,1.08,25.69,1,4.13,0.6232,0.334379
2022-06-02,2.1,1.1,24.72,1,4.15,0.625482,0
2022-06-03,2.09,1.1,24.79,0.99,4.21,0.622163,0.530718
2022-06-06,2.08,1.1,25.07,0.98,4.19,0.629098,0
2022-06-07,2.07,1.08,24.02,0.99,4.34,0.623811,0.840406
2022-06-08,2.07,1.1,23.96,0.97,4.34,0.623998,0.810688
2022-06-09,2.07,1.1,26.09,0.97,4.42,0.616955,1.93014
2022-06-10,2.04,1.05,27.75,0.99,4.51,0.610234,2.99851
2022-06-13,1.98,1.01,34.02,0.97,4.87,0.608928,3.20603
2022-06-14,1.99,1.01,32.69,0.98,4.9,0.620757,1.32577
2022-06-15,2.1,1.06,29.62,1.04,4.82,0.621231,1.25051
2022-06-16,2.13,1.13,32.95,1,5.17,0.60656,3.58245
2022-06-17,2.13,1.07,31.13,1.06,5.15,0.606495,3.59285
2022-06-20,,,31.03,,5.15,,
2022-06-21,2.13,1.09,30.19,1.04,5.05,0.616538,1.99648
2022-06-22,2.17,1.11,28.95,1.06,5.32,0.599874,4.64525
2022-06-23,2.2,1.12,29.05,1.08,5.38,0.599249,4.7447
2022-06-24,2.22,1.12,27.23,1.1,5.18,0.611983,2.72054
2022-06-27,2.19,1.09,26.95,1.1,5.11,0.613464,2.48513
2022-06-28,2.22,1.1,28.36,1.12,5.26,0.603904,4.00466
2022-06-29,2.24,1.11,28.16,1.13,5.62,0.593737,5.62086
2022-06-30,2.31,1.21,28.71,1.1,5.87,0.588249,6.49327
2022-07-01,2.42,1.38,26.7,1.04,5.92,0.587824,6.56083
2022-07-04,,,27.53,,5.93,,
2022-07-05,2.41,1.3,27.54,1.11,5.99,0.58269,7.3768
2022-07-06,2.39,1.24,26.73,1.15,5.8,0.590396,6.15192
2022-07-07,2.33,1.19,26.08,1.14,5.5,0.605345,3.7756
2022-07-08,2.31,1.14,24.64,1.17,5.36,0.612615,2.61998
2022-07-11,2.32,1.12,26.17,1.2,5.44,0.598853,4.80757
2022-07-12,2.31,1.17,27.29,1.14,5.43,0.597714,4.98864
2022-07-13,2.32,1.15,26.82,1.17,5.47,0.590306,6.16625
2022-07-14,2.31,1.13,26.4,1.18,5.53,0.594046,5.57168
2022-07-15,2.3,1.14,24.23,1.16,5.39,0.598248,4.90373
2022-07-18,2.28,1.11,25.3,1.17,5.25,0.598702,4.83154
2022-07-19,2.26,1.1,24.5,1.16,5.1,0.60992,3.04846
2022-07-20,2.2,1.04,23.88,1.16,4.9,0.610973,2.88112
2022-07-21,2.23,1.06,23.11,1.17,4.99,0.6077,3.40124
2022-07-22,2.28,1.14,23.03,1.14,4.96,0.596877,5.12167
2022-07-25,2.31,1.16,23.36,1.15,4.95,0.602619,4.20902
2022-07-26,2.29,1.15,24.69,1.14,5.06,0.597927,4.95473
2022-07-27,2.3,1.12,23.24,1.18,5.07,0.607922,3.36597
2022-07-28,2.42,1.22,22.33,1.2,4.98,0.609295,3.14781
2022-07-29,2.36,1.18,21.33,1.18,4.77,0.612758,2.59725
2022-07-31,,,,,4.83,,
2022-08-01,2.38,1.2,22.84,1.18,4.8,0.598532,4.85869
2022-08-02,2.29,1.15,23.93,1.14,4.61,0.608644,3.25121
2022-08-03,2.29,1.18,21.95,1.11,4.54,0.604465,3.9155
2022-08-04,2.32,1.21,21.44,1.11,4.55,0.60629,3.62543
2022-08-05,2.29,1.2,21.15,1.09,4.44,0.617907,1.77879
2022-08-08,2.26,1.2,21.29,1.06,4.41,0.608638,3.25228
2022-08-09,2.26,1.15,21.77,1.11,4.46,0.606475,3.59604
2022-08-10,2.29,1.19,19.74,1.1,4.33,0.619597,1.51021
2022-08-11,2.29,1.2,20.2,1.09,4.21,0.630755,0
2022-08-12,2.27,1.21,19.53,1.06,4.25,0.63001,0.118135
2022-08-15,2.27,1.17,19.95,1.1,4.24,0.629437,0.208921
2022-08-16,2.27,1.2,19.69,1.07,4.25,0.623888,1.08872
2022-08-17,2.24,1.19,19.9,1.05,4.33,0.623958,1.07759
2022-08-18,2.24,1.2,19.56,1.04,4.37,0.623997,1.07131
2022-08-19,2.25,1.2,20.6,1.05,4.45,0.627764,0.474117
2022-08-22,2.24,1.16,23.8,1.08,4.62,0.622761,1.26739
2022-08-23,2.24,1.18,24.11,1.06,4.68,0.62777,0.473144
2022-08-24,2.23,1.16,22.82,1.07,4.61,0.633145,0
2022-08-25,2.21,1.14,21.78,1.07,4.6,0.63033,0.444493
2022-08-26,2.19,1.12,25.56,1.07,4.65,0.615307,2.81738
2022-08-29,2.19,1.11,26.21,1.08,4.78,0.618067,2.38141
2022-08-30,2.17,1.11,26.21,1.06,4.9,0.6118,3.37123
2022-08-31,2.18,1.12,25.87,1.06,5.03,0.614326,2.97225
2022-09-01,2.22,1.15,25.56,1.07,5.08,0.627436,0.901646
2022-09-02,2.24,1.18,25.47,1.06,5.06,0.623488,1.52526
2022-09-05,,,25.99,,5.07,,
2022-09-06,2.27,1.22,26.91,1.05,4.98,0.637602,0
2022-09-07,2.24,1.16,24.64,1.08,4.97,0.636738,0.135624
2022-09-08,2.25,1.19,23.61,1.06,4.8,0.646161,0
2022-09-09,2.2,1.14,22.79,1.06,4.57,0.64729,0
2022-09-12,2.2,1.09,23.87,1.11,4.5,0.654633,0
2022-09-13,2.18,1.08,27.27,1.1,4.68,0.638254,2.50204
2022-09-14,2.15,1.04,26.16,1.11,4.74,0.63701,2.69214
2022-09-15,2.12,1.03,26.27,1.09,4.77,0.633397,3.24406
2022-09-16,2.18,1.08,26.3,1.1,5,0.640881,2.1008
2022-09-19,2.15,1.03,25.76,1.12,4.88,0.6418,1.96032
2022-09-20,2.13,1.02,27.16,1.11,4.88,0.641649,1.98347
2022-09-21,2.12,1,27.99,1.12,4.87,0.629193,3.88612
2022-09-22,2.08,0.95,27.35,1.13,4.91,0.641824,1.95666
2022-09-23,2.09,0.97,29.92,1.12,5.12,0.631077,3.5984
2022-09-26,2.01,0.86,32.26,1.15,5.18,0.63579,2.87838
2022-09-27,2.08,0.95,32.6,1.13,5.22,0.65161,0.46183
2022-09-28,2.25,1.09,30.18,1.16,5.47,0.641756,1.96709
2022-09-29,2.27,1.13,31.84,1.14,5.5,0.639037,2.38246
2022-09-30,2.24,1.08,31.62,1.16,5.43,0.644416,1.56079
2022-10-03,2.29,1.17,30.1,1.12,5.43,0.64265,1.83061
2022-10-04,2.27,1.15,29.07,1.12,5.12,0.658329,0
2022-10-05,2.22,1.1,28.55,1.12,5.09,0.662063,0
2022-10-06,2.16,1.04,30.52,1.12,4.95,0.663763,0
2022-10-07,2.17,1.01,31.36,1.16,5.02,0.662099,0.25071
2022-10-10,,,32.45,,5.03,0.664349,0
2022-10-11,2.23,1.11,33.63,1.12,5.25,0.663464,0.133125
2022-10-12,2.27,1.2,33.57,1.07,5.31,0.661334,0.453847
2022-10-13,2.28,1.11,31.94,1.17,5.25,0.669213,0
2022-10-14,2.28,1.09,32.02,1.19,5.15,0.672618,0
2022-10-17,2.28,1.08,31.37,1.2,5.04,0.684226,0
2022-10-18,2.28,1.1,30.5,1.18,4.95,0.687436,0
2022-10-19,2.25,1.1,30.76,1.15,4.97,0.693458,0
2022-10-20,2.24,1.07,29.98,1.17,4.89,0.701611,0
2022-10-21,2.36,1.17,29.69,1.19,4.99,0.721354,0
2022-10-24,2.34,1.16,29.85,1.18,4.91,0.727867,0
2022-10-25,2.37,1.2,28.46,1.17,4.88,0.7141,1.89134
2022-10-26,2.33,1.17,27.28,1.16,4.8,0.705881,3.0206
2022-10-27,2.34,1.17,27.39,1.17,4.76,0.703703,3.31973
2022-10-28,2.3,1.11,25.75,1.19,4.54,0.714032,1.90064
2022-10-31,2.28,1.08,25.88,1.2,4.63,0.708355,2.68068
2022-11-01,2.22,1.02,25.81,1.2,4.61,0.706017,3.00188
2022-11-02,2.18,0.98,25.86,1.2,4.62,0.702639,3.46592
2022-11-03,2.19,1.03,25.3,1.16,4.81,0.701414,3.63425
2022-11-04,2.22,1.06,24.55,1.16,4.77,0.718326,1.3108
2022-11-07,2.22,1.07,24.35,1.15,4.71,0.725466,0.329773
2022-11-08,2.23,1.08,25.54,1.15,4.79,0.71693,1.50251
2022-11-09,2.33,1.17,26.09,1.16,4.99,0.706043,2.99835
2022-11-10,2.36,1.2,23.53,1.16,4.8,0.701052,3.68404
2022-11-11,,,22.52,,4.81,0.706096,2.99104
2022-11-14,2.27,1.1,23.73,1.17,4.67,0.702602,3.47103
2022-11-15,2.23,1.06,24.54,1.17,4.64,0.697497,4.17246
2022-11-16,2.24,1.08,24.11,1.16,4.71,0.681105,6.4245
2022-11-17,2.18,1,23.93,1.18,4.75,0.685408,5.83333
2022-11-18,2.13,0.96,23.12,1.17,4.65,0.691645,4.97637
2022-11-21,2.08,0.92,22.36,1.16,4.64,0.688464,5.4134
2022-11-22,2.07,0.93,21.29,1.14,4.57,0.683771,6.05824
2022-11-23,2.02,0.85,20.35,1.17,4.51,0.675825,7.14984
2022-11-24,,,20.42,,4.51,,
2022-11-25,2.06,0.87,20.5,1.19,4.52,0.676771,7.01996
2022-11-28,2.05,0.88,22.21,1.17,4.63,0.66776,8.2579
2022-11-29,2.06,0.88,21.89,1.18,4.63,0.678598,6.76895
2022-11-30,2.15,0.98,20.58,1.17,4.55,0.683765,6.05898
2022-12-01,2.09,0.9,19.84,1.19,4.48,0.665051,8.63006
2022-12-02,2.03,0.85,19.06,1.18,4.5,0.656271,9.83639
2022-12-05,1.99,0.81,20.75,1.18,4.43,0.659251,9.42696
2022-12-06,1.97,0.8,22.17,1.17,4.57,0.64852,10.9013
2022-12-07,1.95,0.79,22.68,1.16,4.68,0.637074,12.4738
2022-12-08,1.91,0.72,22.29,1.19,4.55,0.639336,12.163
2022-12-09,1.9,0.74,22.83,1.16,4.46,0.656412,9.81693
2022-12-12,1.88,0.71,25,1.17,4.4,0.656849,9.75697
2022-12-13,1.91,0.75,22.55,1.16,4.34,0.657303,9.69458
2022-12-14,1.95,0.79,21.14,1.16,4.37,0.65081,10.5866
2022-12-15,1.97,0.8,22.83,1.17,4.54,0.645835,11.2701
2022-12-16,1.98,0.84,22.62,1.14,4.67,0.649648,10.7463
2022-12-19,1.98,0.81,22.42,1.17,4.67,0.657386,9.68318
2022-12-20,1.99,0.84,21.48,1.15,4.68,0.667557,8.28584
2022-12-21,2.01,0.86,20.07,1.15,4.56,0.67155,7.73724
2022-12-22,1.99,0.84,21.97,1.15,4.61,0.667541,8.28797
2022-12-23,2,0.85,20.87,1.15,4.59,0.679208,6.68513
2022-12-27,2.02,0.85,21.65,1.17,4.55,0.685737,5.78812
2022-12-28,2.01,0.84,22.14,1.17,4.77,0.680524,6.50427
2022-12-29,2.01,0.85,21.44,1.16,4.81,0.681595,6.35721
2022-12-30,1.99,0.82,21.67,1.17,4.79,0.689825,5.22641
2022-12-31,,,,,4.81,,
2023-01-03,2.03,0.9,22.9,1.13,4.7,0.678194,6.82446
2023-01-04,2.07,0.9,22.01,1.17,4.62,0.676737,7.02458
2023-01-05,2.03,0.85,22.46,1.18,4.58,0.672565,7.59774
2023-01-06,2.07,0.91,21.13,1.16,4.47,0.669815,7.9756
2023-01-09,2.02,0.89,21.97,1.13,4.37,0.66865,8.13569
2023-01-10,2.02,0.9,20.58,1.12,4.33,0.679095,6.70063
2023-01-11,1.99,0.86,21.09,1.13,4.3,0.672648,7.58632
2023-01-12,1.97,0.86,18.83,1.11,4.29,0.663387,8.8587
2023-01-13,1.95,0.85,18.35,1.1,4.21,0.669664,7.99634
2023-01-16,,,19.49,,4.19,,
2023-01-17,1.91,0.8,19.36,1.11,4.19,0.671733,7.71205
2023-01-18,1.96,0.86,20.34,1.1,4.25,0.656614,9.78927
2023-01-19,1.99,0.88,20.52,1.11,4.39,0.656861,9.75524
2023-01-20,1.98,0.88,19.85,1.1,4.35,0.669004,8.08706
2023-01-23,1.96,0.87,19.81,1.09,4.27,0.67208,7.66437
2023-01-24,1.94,0.87,19.2,1.07,4.33,0.662986,8.91374
2023-01-25,1.96,0.89,19.08,1.07,4.35,0.661296,9.146
2023-01-26,1.91,0.85,18.73,1.06,4.24,0.666043,8.49376
2023-01-27,1.88,0.82,18.51,1.06,4.23,0.665719,8.53835
2023-01-30,1.87,0.83,19.94,1.04,4.26,0.664476,8.70906
2023-01-31,1.9,0.89,19.4,1.01,4.3,0.664341,8.72757
2023-02-01,1.91,0.9,17.87,1.01,4.31,0.663346,8.86435
2023-02-02,1.88,0.88,18.73,1,3.94,0.666286,8.46042
2023-02-03,1.83,0.82,18.33,1.01,3.95,0.669306,8.04556
2023-02-06,1.77,0.78,19.43,0.99,3.99,0.669972,7.95397
2023-02-07,1.78,0.79,18.66,0.99,3.99,0.677796,6.87915
2023-02-08,1.83,0.83,19.63,1,4.07,0.671751,7.70964
2023-02-09,1.84,0.83,20.71,1.01,4.05,0.673794,7.42887
2023-02-10,1.85,0.86,20.53,0.99,4.24,0.676174,7.10196
2023-02-13,1.84,0.83,20.34,1.01,4.23,0.672236,7.64292
2023-02-14,1.81,0.78,18.91,1.03,4.15,0.673967,7.40517
2023-02-15,1.82,0.78,18.23,1.04,4.18,0.679222,6.68313
2023-02-16,1.84,0.78,20.17,1.06,4.24,0.683461,6.10073
2023-02-17,1.89,0.83,20.02,1.06,4.38,0.680836,6.46138
2023-02-20,,,21.23,,4.38,,
2023-02-21,1.87,0.81,22.87,1.06,4.49,0.683623,6.07856
2023-02-22,1.85,0.78,22.29,1.07,4.41,0.681845,6.32284
2023-02-23,1.86,0.8,21.14,1.06,4.3,0.681917,6.31287
2023-02-24,1.86,0.8,21.67,1.06,4.28,0.686733,5.65123
2023-02-27,1.87,0.81,20.95,1.06,4.21,0.68945,5.27799
2023-02-28,1.9,0.84,20.7,1.06,4.22,0.685045,5.88313
2023-03-01,1.84,0.77,20.58,1.07,4.17,0.690522,5.13064
2023-03-02,1.82,0.75,19.59,1.07,4.18,0.697549,4.16532
2023-03-03,1.79,0.71,18.49,1.08,4.05,0.688047,5.47068
2023-03-06,1.79,0.72,18.61,1.07,3.97,0.693424,4.73198
2023-03-07,1.79,0.73,19.59,1.06,3.98,0.684309,5.98426
2023-03-08,1.79,0.74,19.11,1.05,4.09,0.680412,6.51963
2023-03-09,1.85,0.8,22.61,1.05,4.27,0.674977,7.26637
2023-03-10,1.96,0.88,24.8,1.08,4.61,0.652563,10.3458
2023-03-13,2.14,1.06,26.52,1.08,5.03,0.647539,11.0361
2023-03-14,2.11,1.04,23.73,1.07,4.74,0.663139,8.89273
2023-03-15,2.22,1.09,26.14,1.13,5.2,0.648455,10.9102
2023-03-16,2.16,1.03,22.99,1.13,4.93,0.657845,9.62006
2023-03-17,2.21,1.08,25.51,1.13,5.17,0.644254,11.4873
2023-03-20,2.19,1.05,24.15,1.14,5.15,0.6482,10.9452
2023-03-21,2.11,1,21.38,1.11,4.85,0.660967,9.19112
2023-03-22,2.16,1.05,22.26,1.11,5,0.652887,10.3013
2023-03-23,2.26,1.15,22.61,1.11,5.1,0.65033,10.6526
2023-03-24,2.24,1.06,21.74,1.18,5.22,0.646273,11.2099
2023-03-27,2.19,1.01,20.6,1.18,5.03,0.660201,9.29641
2023-03-28,2.19,0.96,19.97,1.23,5.01,0.658643,9.51047
2023-03-29,2.15,0.95,19.12,1.2,4.83,0.668243,8.1915
2023-03-30,2.11,0.93,19.02,1.18,4.74,0.669122,8.07083
2023-03-31,2.11,0.9,18.7,1.21,4.58,0.666391,8.44603
2023-04-03,2.11,0.92,18.55,1.19,4.58,0.662758,8.94507
2023-04-04,2.1,1.06,19,1.04,4.73,0.65755,9.66067
2023-04-05,2.14,1.08,19.08,1.06,4.84,0.647099,11.0965
2023-04-06,2.11,1.06,18.4,1.05,4.84,0.648288,10.9331
2023-04-10,2.09,1.04,18.97,1.05,4.7,0.658296,9.55812
2023-04-11,2.05,1,19.1,1.05,4.63,0.658349,9.5509
2023-04-12,2.08,1.04,19.09,1.04,4.62,0.65885,9.48202
2023-04-13,2.07,1.03,17.8,1.04,4.49,0.66859,8.14382
2023-04-14,2.05,1,17.07,1.05,4.43,0.673509,7.46803
2023-04-17,2.02,0.96,16.95,1.06,4.41,0.679806,6.60287
2023-04-18,2.01,0.94,16.83,1.07,4.37,0.677844,6.87243
2023-04-19,2.01,0.93,16.46,1.08,4.41,0.675785,7.15531
2023-04-20,2.05,0.98,17.17,1.07,4.54,0.669431,8.02839
2023-04-21,2.04,0.97,16.77,1.07,4.46,0.675285,7.2241
2023-04-24,2.04,0.96,16.89,1.08,4.48,0.670687,7.85583
2023-04-25,2.09,1.02,18.76,1.07,4.64,0.659913,9.33599
2023-04-26,2.11,1.03,18.84,1.08,4.63,0.664446,8.71326
2023-04-27,2.07,1,17.03,1.07,4.48,0.673349,7.49011
2023-04-28,2.08,1.01,15.78,1.07,4.5,0.665486,8.57039
2023-04-30,,,,,4.53,,
2023-05-01,2.06,1.02,16.08,1.04,4.45,0.682102,6.2875
2023-05-02,2.16,1.09,17.78,1.07,4.7,0.664895,8.65155
2023-05-03,2.2,1.14,18.34,1.06,4.79,0.66085,9.20732
2023-05-04,2.24,1.18,20.09,1.06,4.95,0.665473,8.5721
2023-05-05,2.2,1.12,17.19,1.08,4.77,0.671286,7.7735
2023-05-08,2.2,1.12,16.98,1.08,4.72,0.678915,6.72534
2023-05-09,2.21,1.13,17.71,1.08,4.74,0.679616,6.62908
2023-05-10,2.26,1.17,16.94,1.09,4.78,0.677158,6.96679
2023-05-11,2.25,1.15,16.93,1.1,4.81,0.668998,8.08776
2023-05-12,2.21,1.09,17.03,1.12,4.76,0.672206,7.6471
2023-05-15,2.27,1.16,17.12,1.11,4.77,0.679059,6.70553
2023-05-16,2.28,1.19,17.99,1.09,4.79,0.676344,7.07853
2023-05-17,2.26,1.16,16.87,1.1,4.75,0.680158,6.55455
2023-05-18,2.2,1.08,16.05,1.12,4.69,0.685605,5.80618
2023-05-19,2.18,1.06,16.81,1.12,4.62,0.691234,5.0329
2023-05-22,2.19,1.06,17.21,1.13,4.54,0.696789,4.26968
2023-05-23,2.19,1.07,18.53,1.12,4.6,0.691153,5.04394
2023-05-24,2.18,1.07,20.03,1.11,4.68,0.689718,5.24109
2023-05-25,2.1,0.98,19.14,1.12,4.58,0.69097,5.06915
2023-05-26,2.1,0.97,17.95,1.13,4.53,0.689626,5.25378
2023-05-29,,,17.46,,4.54,,
2023-05-30,2.14,1.02,17.46,1.12,4.58,0.685755,5.7856
2023-05-31,2.16,1.03,17.94,1.13,4.69,0.677725,6.8888
2023-06-01,2.15,1.03,15.65,1.12,4.65,0.679131,6.69566
2023-06-02,2.11,0.99,14.6,1.12,4.37,0.690173,5.17865
2023-06-05,2.1,1,14.73,1.1,4.39,0.690905,5.07813
2023-06-06,2.08,0.97,13.96,1.11,4.39,0.687962,5.4824
2023-06-07,2.06,0.95,13.94,1.11,4.33,0.694492,4.58528
2023-06-08,2.07,0.96,13.65,1.11,4.39,0.690809,5.09126
2023-06-09,2.05,0.95,13.83,1.1,4.29,0.691943,4.93544
2023-06-12,2.1,0.99,15.01,1.11,4.34,0.689173,5.31603
2023-06-13,2,0.9,14.61,1.1,4.18,0.69689,4.25581
2023-06-14,1.94,0.85,13.88,1.09,4.18,0.691634,4.97786
2023-06-15,2.02,0.91,14.5,1.11,4.21,0.688353,5.42865
2023-06-16,1.96,0.85,13.54,1.11,4.15,0.689289,5.30013
2023-06-19,,,14.19,,4.15,,
2023-06-20,1.95,0.85,13.88,1.1,4.22,0.682725,6.20196
2023-06-21,1.96,0.85,13.2,1.11,4.32,0.679344,6.66638
2023-06-22,1.94,0.84,12.91,1.1,4.3,0.685616,5.80466
2023-06-23,1.96,0.86,13.44,1.1,4.4,0.67766,6.89776
2023-06-26,1.98,0.88,14.25,1.1,4.45,0.677304,6.94671
2023-06-27,1.94,0.85,13.74,1.09,4.3,0.681364,6.38891
2023-06-28,1.96,0.86,13.43,1.1,4.27,0.682387,6.24829
2023-06-29,1.92,0.82,13.54,1.1,4.14,0.693074,4.78005
2023-06-30,1.88,0.79,13.59,1.09,4.05,0.688296,5.43658
2023-07-03,1.85,0.77,13.57,1.08,3.99,0.691136,5.04634
2023-07-04,,,13.7,,3.99,,
2023-07-05,1.83,0.74,14.18,1.09,4.01,0.695613,4.43124
2023-07-06,1.8,0.7,15.44,1.1,4.1,0.700466,3.76449
2023-07-07,1.81,0.71,14.83,1.1,4.08,0.705376,3.08996
2023-07-10,1.86,0.79,15.07,1.07,4.13,0.707981,2.73205
2023-07-11,1.84,0.78,14.84,1.06,4.05,0.708157,2.7079
2023-07-12,1.88,0.82,13.54,1.06,3.95,0.705804,3.03109
2023-07-13,1.91,0.84,13.61,1.07,3.97,0.702642,3.4656
2023-07-14,1.87,0.8,13.34,1.07,3.9,0.701665,3.59983
2023-07-17,1.9,0.81,13.48,1.09,3.97,0.702626,3.46769
2023-07-18,1.89,0.81,13.3,1.08,3.9,0.701403,3.63573
2023-07-19,1.87,0.78,13.76,1.09,3.89,0.694119,4.63646
2023-07-20,1.85,0.77,13.99,1.08,3.9,0.699581,3.8861
2023-07-21,1.85,0.78,13.6,1.07,3.89,0.701142,3.67168
2023-07-24,1.84,0.76,13.91,1.08,3.82,0.702487,3.4868
2023-07-25,1.81,0.73,13.86,1.08,3.84,0.703338,3.36986
2023-07-26,1.83,0.76,13.19,1.07,3.91,0.705447,3.08011
2023-07-27,1.78,0.73,14.41,1.05,3.78,0.713725,1.94283
2023-07-28,1.8,0.72,13.33,1.08,3.82,0.714155,1.88386
2023-07-31,1.77,0.69,13.63,1.08,3.79,0.714145,1.88523
2023-08-01,1.77,0.71,13.93,1.06,3.82,0.722448,0.744464
2023-08-02,1.82,0.75,16.09,1.07,3.96,0.727135,0.100445
2023-08-03,1.84,0.8,15.92,1.04,3.98,0.741909,0
2023-08-04,1.9,0.83,17.1,1.07,4.01,0.733319,1.15785
2023-08-07,1.9,0.85,15.77,1.05,3.97,0.741997,0
2023-08-08,1.93,0.87,15.99,1.06,4,0.735048,0.936563
2023-08-09,1.92,0.85,15.96,1.07,3.94,0.731364,1.43307
2023-08-10,1.89,0.83,15.85,1.06,3.83,0.743407,0
2023-08-11,1.87,0.81,14.84,1.06,3.83,0.744027,0
2023-08-14,1.84,0.76,14.82,1.08,3.79,0.74557,0
2023-08-15,1.86,0.79,16.46,1.07,3.85,0.747736,0
2023-08-16,1.84,0.77,16.78,1.07,3.81,0.751309,0
2023-08-17,1.87,0.81,17.89,1.06,3.95,0.751379,0
2023-08-18,1.89,0.83,17.3,1.06,4.02,0.74924,0.284573
2023-08-21,1.88,0.82,17.13,1.06,3.97,0.759158,0
2023-08-22,1.82,0.76,16.97,1.06,3.93,0.753782,0.708168
2023-08-23,1.83,0.78,15.98,1.05,3.92,0.741513,2.32428
2023-08-24,1.8,0.73,17.2,1.07,3.91,0.742338,2.21557
2023-08-25,1.76,0.7,15.68,1.06,3.9,0.743009,2.12722
2023-08-28,1.82,0.73,15.08,1.09,3.86,0.745015,1.86293
2023-08-29,1.84,0.76,14.45,1.08,3.87,0.741985,2.26209
2023-08-30,1.82,0.75,13.88,1.07,3.8,0.74246,2.19955
2023-08-31,1.83,0.76,13.57,1.07,3.85,0.738665,2.69944
2023-09-01,1.82,0.76,13.09,1.06,3.81,0.751767,0.973556
2023-09-04,,,13.82,,3.81,,
2023-09-05,1.84,0.76,14.01,1.08,3.83,0.757481,0.220921
2023-09-06,1.79,0.73,14.45,1.06,3.86,0.7538,0.705765
2023-09-07,1.81,0.75,14.4,1.06,3.9,0.754241,0.647687
2023-09-08,1.79,0.74,13.84,1.05,3.85,0.751062,1.0665
2023-09-11,1.8,0.75,13.8,1.05,3.82,0.757831,0.174824
2023-09-12,1.79,0.74,14.23,1.05,3.84,0.752278,0.906286
2023-09-13,1.81,0.75,13.48,1.06,3.85,0.754454,0.619622
2023-09-14,1.8,0.76,12.82,1.04,3.78,0.760853,0
2023-09-15,1.78,0.74,13.79,1.04,3.79,0.762658,0
2023-09-18,1.77,0.76,14,1.01,3.82,0.758842,0.500352
2023-09-19,1.75,0.73,14.11,1.02,3.82,0.762131,0.0691013
2023-09-20,1.73,0.72,15.14,1.01,3.77,0.759144,0.460726
2023-09-21,1.66,0.72,17.54,0.94,3.89,0.773597,0
2023-09-22,1.73,0.71,17.2,1.02,3.93,0.768771,0.623823
2023-09-25,1.75,0.74,16.9,1.01,3.97,0.787102,0
2023-09-26,1.77,0.76,18.94,1.01,4.04,0.786428,0.085577
2023-09-27,1.77,0.77,18.22,1,4.03,0.789445,0
2023-09-28,1.8,0.79,17.34,1.01,4.09,0.790792,0
2023-09-29,1.78,0.77,17.52,1.01,4.03,0.789522,0.160496
2023-09-30,,,,,4.03,,
2023-10-02,1.78,0.77,17.61,1.01,4.11,0.798093,0
2023-10-03,1.82,0.79,19.78,1.03,4.26,0.807358,0
2023-10-04,1.83,0.82,18.58,1.01,4.37,0.800208,0.885527
2023-10-05,1.85,0.84,18.49,1.01,4.38,0.804993,0.292843
2023-10-06,1.84,0.82,17.45,1.02,4.33,0.815991,0
2023-10-09,,,17.7,,4.34,0.803202,1.56728
2023-10-10,1.83,0.81,17.03,1.02,4.26,0.804094,1.45797
2023-10-11,1.82,0.8,16.09,1.02,4.25,0.787535,3.48724
2023-10-12,1.83,0.82,16.69,1.01,4.25,0.805182,1.32463
2023-10-13,1.82,0.8,19.32,1.02,4.3,0.790376,3.13906
2023-10-16,1.83,0.81,17.21,1.02,4.27,0.803084,1.5817
2023-10-17,1.8,0.76,17.88,1.04,4.25,0.808237,0.95016
2023-10-18,1.78,0.74,19.22,1.04,4.32,0.811469,0.554179
2023-10-19,1.82,0.81,21.4,1.01,4.37,0.82544,0
2023-10-20,1.88,0.87,21.71,1.01,4.52,0.822494,0.356928
2023-10-23,1.85,0.84,20.37,1.01,4.51,0.816006,1.14286
2023-10-24,1.84,0.84,18.97,1,4.41,0.809521,1.92858
2023-10-25,1.83,0.82,20.19,1.01,4.37,0.823504,0.234507
2023-10-26,1.82,0.82,20.68,1,4.5,0.813872,1.40148
2023-10-27,1.88,0.87,21.27,1.01,4.53,0.81633,1.10365
2023-10-30,1.86,0.85,19.75,1.01,4.5,0.820248,0.628944
2023-10-31,1.85,0.84,18.14,1.01,4.42,0.826437,0
2023-11-01,1.91,0.9,16.87,1.01,4.47,0.816608,1.18929
2023-11-02,1.84,0.83,15.66,1.01,4.15,0.807391,2.30454
2023-11-03,1.86,0.86,14.91,1,4.04,0.809791,2.01421
2023-11-06,1.84,0.84,14.89,1,4,0.814425,1.45341
2023-11-07,1.83,0.83,14.81,1,4.08,0.802697,2.87261
2023-11-08,1.84,0.83,14.45,1.01,4.08,0.789678,4.44784
2023-11-09,1.83,0.82,15.29,1.01,4.04,0.803255,2.80502
2023-11-10,1.8,0.79,14.17,1.01,4.03,0.802684,2.87415
2023-11-13,1.79,0.78,14.76,1.01,4.03,0.803753,2.74482
2023-11-14,1.83,0.8,14.16,1.03,3.92,0.793904,3.93658
2023-11-15,1.8,0.78,14.18,1.02,3.89,0.802618,2.88214
2023-11-16,1.81,0.8,14.32,1.01,4.02,0.79383,3.94545
2023-11-17,1.78,0.77,13.8,1.01,3.99,0.791929,4.1755
2023-11-20,1.76,0.75,13.41,1.01,3.92,0.787964,4.65529
2023-11-21,1.77,0.76,13.35,1.01,3.95,0.789365,4.48576
2023-11-22,1.71,0.72,12.85,0.99,3.9,0.787948,4.65719
2023-11-23,,,12.8,,3.9,,
2023-11-24,1.72,0.73,12.46,0.99,3.85,0.796488,3.62382
2023-11-27,1.71,0.69,12.69,1.02,3.89,0.784551,5.06828
2023-11-28,1.75,0.72,12.69,1.03,3.9,0.786448,4.83873
2023-11-29,1.72,0.72,12.98,1,3.8,0.780905,5.50944
2023-11-30,1.67,0.64,12.92,1.03,3.84,0.788573,4.58163
2023-12-01,1.71,0.71,12.63,1,3.87,0.780404,5.57009
2023-12-04,1.67,0.68,13.08,0.99,3.8,0.781563,5.4298
2023-12-05,1.65,0.68,12.85,0.97,3.8,0.76583,7.33352
2023-12-06,1.63,0.65,12.97,0.98,3.79,0.755864,8.53948
2023-12-07,1.63,0.69,13.06,0.94,3.77,0.761528,7.85407
2023-12-08,1.61,0.68,12.35,0.93,3.75,0.766296,7.27719
2023-12-11,1.61,0.68,12.63,0.93,3.79,0.767414,7.14182
2023-12-12,1.6,0.68,12.07,0.92,3.76,0.766858,7.20909
2023-12-13,1.61,0.71,12.19,0.9,3.79,0.760719,7.952
2023-12-14,1.57,0.68,12.48,0.89,3.47,0.744706,9.8896
2023-12-15,1.57,0.7,12.28,0.87,3.51,0.742239,10.1881
2023-12-18,1.58,0.7,12.56,0.88,3.51,0.748689,9.40766
2023-12-19,1.57,0.71,12.53,0.86,3.46,0.746804,9.63573
2023-12-20,1.63,0.75,13.67,0.88,3.43,0.741874,10.2322
2023-12-21,1.64,0.77,13.65,0.87,3.41,0.749982,9.25115
2023-12-22,1.65,0.8,13.03,0.85,3.39,0.752535,8.94223
2023-12-26,1.64,0.79,12.99,0.85,3.37,0.751854,9.02458
2023-12-27,1.64,0.78,12.43,0.86,3.34,0.741809,10.2401
2023-12-28,1.62,0.77,12.47,0.85,3.32,0.74484,9.87339
2023-12-29,1.61,0.77,12.45,0.84,3.34,0.748717,9.40418
2023-12-31,,,,,3.39,,
2024-01-02,1.62,0.8,13.2,0.82,3.54,0.750529,9.18502
2024-01-03,1.66,0.84,14.04,0.82,3.71,0.745376,9.80851
2024-01-04,1.65,0.86,14.13,0.79,3.69,0.753924,8.77414
2024-01-05,1.65,0.84,13.35,0.81,3.68,0.761802,7.82095
2024-01-08,1.65,0.82,13.08,0.83,3.63,0.75859,8.20955
2024-01-09,1.63,0.77,12.76,0.86,3.59,0.764646,7.47674
2024-01-10,1.59,0.75,12.69,0.84,3.5,0.769617,6.87528
2024-01-11,1.63,0.79,12.44,0.84,3.55,0.767792,7.09611
2024-01-12,1.64,0.82,12.7,0.82,3.56,0.770096,6.81734
2024-01-15,,,13.25,,3.54,,
2024-01-16,1.65,0.81,13.84,0.84,3.58,0.77896,5.74477
2024-01-17,1.63,0.78,14.79,0.85,3.62,0.776859,5.99901
2024-01-18,1.62,0.79,14.13,0.83,3.58,0.78578,4.91957
2024-01-19,1.59,0.79,13.3,0.8,3.54,0.784596,5.06283
2024-01-22,1.59,0.78,13.19,0.81,3.49,0.780561,5.55109
2024-01-23,1.62,0.81,12.55,0.81,3.51,0.785878,4.90775
2024-01-24,1.61,0.8,13.14,0.81,3.44,0.790098,4.39701
2024-01-25,1.6,0.81,13.45,0.79,3.45,0.790976,4.2908
2024-01-26,1.58,0.8,13.26,0.78,3.39,0.791882,4.18121
2024-01-29,1.6,0.85,13.6,0.75,3.41,0.784581,5.06469
2024-01-30,1.58,0.83,13.31,0.75,3.42,0.776532,6.03854
2024-01-31,1.61,0.87,14.35,0.74,3.59,0.766804,7.21573
2024-02-01,1.63,0.88,13.88,0.75,3.56,0.756382,8.47672
2024-02-02,1.59,0.84,13.85,0.75,3.47,0.769976,6.83187
2024-02-05,1.56,0.82,13.67,0.74,3.5,0.78218,5.35521
2024-02-06,1.58,0.82,13.06,0.76,3.52,0.777431,5.92975
2024-02-07,1.6,0.84,12.83,0.76,3.43,0.78253,5.31283
2024-02-08,1.6,0.85,12.79,0.75,3.38,0.786698,4.80843
2024-02-09,1.59,0.85,12.93,0.74,3.33,0.789925,4.41799
2024-02-12,1.58,0.85,13.93,0.73,3.35,0.787267,4.73968
2024-02-13,1.54,0.82,15.85,0.72,3.36,0.794559,3.85733
2024-02-14,1.56,0.85,14.38,0.71,3.38,0.793632,3.96949
2024-02-15,1.57,0.85,14.01,0.72,3.35,0.792322,4.1279
2024-02-16,1.53,0.81,14.24,0.72,3.34,0.794559,3.85731
2024-02-19,,,14.71,,3.34,,
2024-02-20,1.56,0.82,15.42,0.74,3.37,0.795526,3.74029
2024-02-21,1.54,0.78,15.34,0.76,3.34,0.799767,3.22715
2024-02-22,1.49,0.74,14.54,0.75,3.22,0.799709,3.23414
2024-02-23,1.49,0.75,13.75,0.74,3.23,0.789656,4.45061
2024-02-26,1.53,0.79,13.74,0.74,3.23,0.789458,4.47454
2024-02-27,1.53,0.79,13.43,0.74,3.26,0.796096,3.67135
2024-02-28,1.55,0.81,13.84,0.74,3.31,0.790971,4.29143
2024-02-29,1.55,0.8,13.4,0.75,3.29,0.786852,4.78981
2024-03-01,1.57,0.82,13.11,0.75,3.32,0.784909,5.02499
2024-03-04,1.57,0.81,13.49,0.76,3.26,0.787875,4.66603
2024-03-05,1.59,0.88,14.46,0.71,3.31,0.776207,6.07792
2024-03-06,1.57,0.82,14.5,0.75,3.27,0.773582,6.39556
2024-03-07,1.59,0.84,14.44,0.75,3.27,0.775209,6.19864
2024-03-08,1.59,0.84,14.74,0.75,3.26,0.776786,6.00778
2024-03-11,1.59,0.84,15.22,0.75,3.26,0.777092,5.97084
2024-03-12,1.55,0.8,13.84,0.75,3.2,0.784352,5.09234
2024-03-13,1.55,0.8,13.75,0.75,3.15,0.788479,4.59295
2024-03-14,1.53,0.78,14.4,0.75,3.15,0.796953,3.56761
2024-03-15,1.49,0.74,14.41,0.75,3.16,0.796693,3.59912
2024-03-18,1.49,0.71,14.33,0.78,3.13,0.800967,3.08192
2024-03-19,1.5,0.74,13.82,0.76,3.1,0.801931,2.96532
2024-03-20,1.56,0.82,13.04,0.74,3.14,0.80488,2.60848
2024-03-21,1.53,0.79,12.92,0.74,3.05,0.802737,2.86778
2024-03-22,1.53,0.79,13.06,0.74,3.08,0.794317,3.88653
2024-03-25,1.53,0.8,13.19,0.73,3.11,0.797077,3.55264
2024-03-26,1.53,0.79,13.24,0.74,3.15,0.793945,3.93159
2024-03-27,1.54,0.8,12.78,0.74,3.15,0.790307,4.37183
2024-03-28,1.5,0.77,13.01,0.73,3.12,0.789249,4.4998
2024-03-31,,,,,3.15,,
2024-04-01,1.49,0.76,13.65,0.73,3.12,0.800965,3.08219
2024-04-02,1.51,0.77,14.61,0.74,3.23,0.804044,2.70955
2024-04-03,1.49,0.76,14.33,0.73,3.23,0.804846,2.61255
2024-04-04,1.51,0.77,16.35,0.74,3.24,0.798491,3.38147
2024-04-05,1.49,0.77,16.03,0.72,3.18,0.809026,2.10672
2024-04-08,1.46,0.74,15.19,0.72,3.15,0.81101,1.86664
2024-04-09,1.44,0.74,14.98,0.7,3.14,0.805206,2.56902
2024-04-10,1.4,0.69,15.8,0.71,3.1,0.815891,1.27605
2024-04-11,1.41,0.71,14.91,0.7,3.16,0.818864,0.916285
2024-04-12,1.45,0.72,17.31,0.73,3.25,0.814086,1.49447
2024-04-15,1.46,0.74,19.23,0.72,3.28,0.822143,0.519591
2024-04-16,1.46,0.73,18.4,0.73,3.36,0.824911,0.184591
2024-04-17,1.48,0.75,18.21,0.73,3.42,0.816934,1.14988
2024-04-18,1.47,0.76,18,0.71,3.39,0.821723,0.570402
2024-04-19,1.46,0.73,18.71,0.73,3.37,0.820284,0.744542
2024-04-22,1.46,0.73,16.94,0.73,3.29,0.82621,0.027498
2024-04-23,1.46,0.73,15.69,0.73,3.2,0.829283,0
2024-04-24,1.48,0.76,15.97,0.72,3.19,0.83334,0
2024-04-25,1.47,0.75,15.37,0.72,3.24,0.837473,0
2024-04-26,1.45,0.72,15.03,0.73,3.16,0.835724,0.208771
2024-04-29,1.45,0.72,14.67,0.73,3.12,0.831262,0.741551
2024-04-30,1.44,0.72,15.65,0.72,3.18,0.832314,0.615984
2024-05-01,1.43,0.7,15.39,0.73,3.21,0.830579,0.823195
2024-05-02,1.47,0.75,14.68,0.72,3.16,0.832124,0.638634
2024-05-03,1.49,0.77,13.49,0.72,3.08,0.827223,1.22389
2024-05-06,1.47,0.76,13.49,0.71,3.03,0.824976,1.49218
2024-05-07,1.45,0.74,13.23,0.71,3.06,0.820081,2.07668
2024-05-08,1.47,0.76,13,0.71,3.1,0.823159,1.70921
2024-05-09,1.48,0.78,12.69,0.7,3.14,0.819374,2.16113
2024-05-10,1.48,0.77,12.55,0.71,3.12,0.822727,1.76078
2024-05-13,1.48,0.78,13.6,0.7,3.14,0.82042,2.03627
2024-05-14,1.48,0.77,13.42,0.71,3.14,0.817088,2.43406
2024-05-15,1.49,0.79,12.45,0.7,3.13,0.810797,3.18524
2024-05-16,1.47,0.78,12.42,0.69,3.08,0.809705,3.3156
2024-05-17,1.48,0.77,11.99,0.71,3.09,0.815303,2.64725
2024-05-20,1.47,0.76,12.15,0.71,3.07,0.818143,2.30814
2024-05-21,1.48,0.78,11.86,0.7,3.07,0.813312,2.88491
2024-05-22,1.46,0.78,12.29,0.68,3.11,0.810549,3.21482
2024-05-23,1.45,0.77,12.77,0.68,3.1,0.812941,2.92929
2024-05-24,1.46,0.78,11.93,0.68,3.11,0.813388,2.87592
2024-05-27,,,12.36,,3.12,,
2024-05-28,1.45,0.78,12.92,0.67,3.09,0.8219,1.85954
2024-05-29,1.47,0.79,14.28,0.68,3.15,0.829475,0.954986
2024-05-30,1.46,0.79,14.47,0.67,3.19,0.824862,1.50583
2024-05-31,1.46,0.79,12.92,0.67,3.2,0.822177,1.82636
2024-06-03,1.47,0.78,13.11,0.69,3.17,0.811599,3.08952
2024-06-04,1.49,0.81,13.16,0.68,3.22,0.801811,4.25826
2024-06-05,1.53,0.83,12.63,0.7,3.2,0.798557,4.64683
2024-06-06,1.5,0.83,12.58,0.67,3.2,0.79841,4.66439
2024-06-07,1.46,0.77,12.22,0.69,3.15,0.81122,3.13478
2024-06-10,1.46,0.78,12.74,0.68,3.15,0.817408,2.39584
2024-06-11,1.48,0.81,12.85,0.67,3.19,0.810092,3.2695
2024-06-12,1.48,0.78,12.04,0.7,3.09,0.807285,3.60465
2024-06-13,1.51,0.81,11.94,0.7,3.2,0.795486,5.01347
2024-06-14,1.53,0.84,12.66,0.69,3.29,0.78579,6.17129
2024-06-17,1.52,0.83,12.75,0.69,3.26,0.794185,5.16888
2024-06-18,1.52,0.84,12.3,0.68,3.24,0.789414,5.73854
2024-06-19,,,12.48,,3.24,,
2024-06-20,1.54,0.86,13.28,0.68,3.23,0.794194,5.16782
2024-06-21,1.55,0.87,13.2,0.68,3.21,0.795118,5.0574
2024-06-24,1.53,0.82,13.33,0.71,3.19,0.791097,5.5376
2024-06-25,1.55,0.84,12.84,0.71,3.19,0.790779,5.57549
2024-06-26,1.55,0.85,12.55,0.7,3.18,0.800478,4.41741
2024-06-27,1.55,0.85,12.24,0.7,3.21,0.79824,4.68465
2024-06-28,1.55,0.83,12.44,0.72,3.18,0.811375,3.11626
2024-06-30,,,,,3.21,,
2024-07-01,1.55,0.84,12.22,0.71,3.21,0.825462,1.43413
2024-07-02,1.56,0.84,12.03,0.72,3.23,0.821327,1.92787
2024-07-03,1.53,0.81,12.09,0.72,3.25,0.813526,2.85941
2024-07-04,,,12.26,,3.25,,
2024-07-05,1.56,0.84,12.48,0.72,3.27,0.809249,3.37005
2024-07-08,1.54,0.83,12.37,0.71,3.2,0.807297,3.60317
2024-07-09,1.56,0.84,12.51,0.72,3.21,0.809938,3.28788
2024-07-10,1.56,0.84,12.85,0.72,3.17,0.809282,3.36617
2024-07-11,1.58,0.85,12.92,0.73,3.18,0.804391,3.95016
2024-07-12,1.58,0.86,12.46,0.72,3.19,0.803027,4.11311
2024-07-15,1.58,0.86,13.12,0.72,3.13,0.812469,2.98561
2024-07-16,1.56,0.85,13.19,0.71,3.08,0.804249,3.9671
2024-07-17,1.56,0.85,14.48,0.71,3.09,0.803153,4.09796
2024-07-18,1.57,0.84,15.93,0.73,3.09,0.807685,3.55691
2024-07-19,1.57,0.84,16.52,0.73,3.09,0.811841,3.06061
2024-07-22,1.58,0.87,14.91,0.71,3.05,0.817234,2.41666
2024-07-23,1.59,0.88,14.72,0.71,3.02,0.818488,2.26692
2024-07-24,1.65,0.94,18.04,0.71,3.1,0.824788,1.51462
2024-07-25,1.62,0.91,18.46,0.71,3.08,0.818189,2.30264
2024-07-26,1.65,0.93,16.39,0.72,3.1,0.814455,2.74845
2024-07-29,1.66,0.94,16.6,0.72,3.13,0.809374,3.35514
2024-07-30,1.65,0.93,17.69,0.72,3.2,0.806683,3.67649
2024-07-31,1.68,0.95,16.36,0.73,3.25,0.801371,4.31083
2024-08-01,1.71,0.99,18.59,0.72,3.35,0.792779,5.33678
2024-08-02,1.8,1.08,23.39,0.72,3.72,0.766257,8.50359
2024-08-05,1.85,1.1,38.57,0.75,3.93,0.757516,9.54741
2024-08-06,1.78,1.06,27.71,0.72,3.67,0.777757,7.13043
2024-08-07,1.8,1.07,27.85,0.73,3.57,0.784788,6.29095
2024-08-08,1.78,1.05,23.79,0.73,3.48,0.792901,5.32223
2024-08-09,1.77,1.04,20.37,0.73,3.49,0.785057,6.25879
2024-08-12,1.78,1.07,20.71,0.71,3.52,0.782714,6.53862
2024-08-13,1.8,1.07,18.12,0.73,3.54,0.780909,6.75406
2024-08-14,1.74,1,16.19,0.74,3.46,0.777429,7.16958
2024-08-15,1.68,0.94,15.23,0.74,3.31,0.784453,6.33087
2024-08-16,1.69,0.94,14.8,0.75,3.29,0.784202,6.36086
2024-08-19,1.68,0.94,14.65,0.74,3.21,0.781885,6.63759
2024-08-20,1.69,0.94,15.88,0.75,3.25,0.775016,7.45774
2024-08-21,1.69,0.94,16.27,0.75,3.27,0.776311,7.30309
2024-08-22,1.7,0.95,17.55,0.75,3.21,0.783103,6.49206
2024-08-23,1.7,0.95,15.86,0.75,3.19,0.782147,6.60625
2024-08-26,1.7,0.95,16.15,0.75,3.15,0.78256,6.55694
2024-08-27,1.71,0.96,15.43,0.75,3.17,0.784412,6.33581
2024-08-28,1.71,0.96,17.11,0.75,3.19,0.784978,6.2682
2024-08-29,1.69,0.95,15.65,0.74,3.15,0.788349,5.86574
2024-08-30,1.69,0.96,15,0.73,3.13,0.796946,4.83918
2024-08-31,,,,,3.17,,
2024-09-02,,,15.55,,3.17,,
2024-09-03,1.73,0.97,20.72,0.76,3.31,0.78134,6.70261
2024-09-04,1.73,0.98,21.32,0.75,3.35,0.77424,7.55043
2024-09-05,1.73,0.99,19.9,0.74,3.29,0.772519,7.75596
2024-09-06,1.73,1,22.38,0.73,3.39,0.771621,7.86319
2024-09-09,1.73,1,19.45,0.73,3.36,0.770147,8.03913
2024-09-10,1.74,1,19.08,0.74,3.46,0.763348,8.85105
2024-09-11,1.75,1.01,17.69,0.74,3.44,0.765112,8.6404
2024-09-12,1.74,1,17.07,0.74,3.39,0.769769,8.08429
2024-09-13,1.72,0.99,16.56,0.73,3.37,0.769826,8.07751
2024-09-16,1.7,0.96,17.14,0.74,3.32,0.764753,8.68328
2024-09-17,1.68,0.95,17.61,0.73,3.25,0.768662,8.21652
2024-09-18,1.67,0.95,18.23,0.72,3.21,0.778992,6.98301
2024-09-19,1.67,0.93,16.33,0.74,3.1,0.783928,6.39363
2024-09-20,1.67,0.93,16.15,0.74,3.15,0.787923,5.9166
2024-09-23,1.65,0.91,15.89,0.74,3.15,0.788123,5.89264
2024-09-24,1.66,0.92,15.39,0.74,3.21,0.788383,5.86169
2024-09-25,1.65,0.93,15.41,0.72,3.19,0.794097,5.17937
2024-09-26,1.65,0.92,15.37,0.73,3.14,0.793521,5.24811
2024-09-27,1.66,0.94,16.96,0.72,3.14,0.791386,5.50308
2024-09-30,1.63,0.91,16.73,0.72,3.03,0.794583,5.12131
2024-10-01,1.65,0.94,19.26,0.71,3.07,0.788493,5.8485
2024-10-02,1.64,0.92,18.9,0.72,3.06,0.795293,5.0365
2024-10-03,1.62,0.91,20.49,0.71,3.04,0.800947,4.36138
2024-10-04,1.57,0.85,19.21,0.72,2.89,0.810006,3.27971
2024-10-07,1.54,0.84,22.64,0.7,2.95,0.812671,2.96151
2024-10-08,1.55,0.85,21.42,0.7,2.99,0.813246,2.8928
2024-10-09,1.54,0.85,20.86,0.69,2.94,0.817381,2.39913
2024-10-10,1.54,0.85,20.93,0.69,2.99,0.820183,2.06456
2024-10-11,1.54,0.85,20.46,0.69,2.98,0.825688,1.40718
2024-10-14,,,19.7,,2.97,0.825486,1.43129
2024-10-15,1.53,0.83,20.64,0.7,2.93,0.815366,2.6397
2024-10-16,1.51,0.82,19.58,0.69,2.9,0.813372,2.87775
2024-10-17,1.53,0.85,19.11,0.68,2.89,0.825222,1.46286
2024-10-18,1.53,0.86,18.03,0.67,2.88,0.826574,1.30136
2024-10-21,1.54,0.88,18.37,0.66,2.88,0.837899,0
2024-10-22,1.55,0.89,18.2,0.66,2.92,0.835924,0.235654
2024-10-23,1.54,0.87,19.24,0.67,2.95,0.835659,0.267294
2024-10-24,1.52,0.85,19.08,0.67,2.93,0.832752,0.614259
2024-10-25,1.51,0.84,20.33,0.67,2.89,0.836608,0.154054
2024-10-28,1.51,0.84,19.8,0.67,2.82,0.840999,0
2024-10-29,1.49,0.82,19.34,0.67,2.85,0.839931,0.127072
2024-10-30,1.44,0.78,20.35,0.66,2.8,0.836,0.594437
2024-10-31,1.46,0.81,23.16,0.65,2.88,0.83233,1.03088
2024-11-01,1.46,0.8,21.88,0.66,2.83,0.844285,0
2024-11-04,1.46,0.8,21.98,0.66,2.87,0.833703,1.25334
2024-11-05,1.45,0.79,20.49,0.66,2.86,0.831609,1.5014
2024-11-06,1.4,0.73,16.27,0.67,2.74,0.856538,0
2024-11-07,1.44,0.78,15.2,0.66,2.73,0.849567,0.813928
2024-11-08,1.38,0.73,14.94,0.65,2.63,0.840279,1.89821
2024-11-11,,,14.97,,2.63,0.843437,1.52957
2024-11-12,1.36,0.71,14.71,0.65,2.61,0.852838,0.432039
2024-11-13,1.41,0.78,14.02,0.63,2.64,0.86122,0
2024-11-14,1.39,0.74,14.31,0.65,2.6,0.85443,0.788462
2024-11-15,1.41,0.78,16.14,0.63,2.72,0.856597,0.536771
2024-11-18,1.42,0.77,15.58,0.65,2.72,0.856698,0.525049
2024-11-19,1.42,0.77,16.35,0.65,2.69,0.853641,0.880044
2024-11-20,1.43,0.79,17.16,0.64,2.67,0.856166,0.586905
2024-11-21,1.43,0.79,16.87,0.64,2.61,0.857152,0.472348
2024-11-22,1.43,0.81,15.24,0.62,2.61,0.856462,0.55254
2024-11-25,1.42,0.81,14.6,0.61,2.64,0.838,2.69617
2024-11-26,1.43,0.81,14.1,0.62,2.68,0.839685,2.50051
2024-11-27,1.43,0.82,14.1,0.61,2.69,0.836419,2.87974
2024-11-28,,,13.9,,2.69,,
2024-11-29,1.44,0.83,13.51,0.61,2.72,0.829533,3.67936
2024-11-30,,,,,2.74,,
2024-12-02,1.41,0.79,13.34,0.62,2.68,0.827243,3.94522
2024-12-03,1.4,0.79,13.3,0.61,2.66,0.834443,3.1092
2024-12-04,1.39,0.78,13.45,0.61,2.66,0.827542,3.91045
2024-12-05,1.4,0.8,13.54,0.6,2.66,0.825149,4.18839
2024-12-06,1.42,0.81,12.77,0.61,2.67,0.825268,4.17457
2024-12-09,1.42,0.82,14.19,0.6,2.67,0.831903,3.40416
2024-12-10,1.41,0.81,14.18,0.6,2.67,0.836255,2.89878
2024-12-11,1.42,0.84,13.58,0.58,2.64,0.844447,1.9476
2024-12-12,1.44,0.84,13.92,0.6,2.66,0.852478,1.01513
2024-12-13,1.42,0.83,13.81,0.59,2.68,0.858784,0.282924
2024-12-16,1.42,0.82,14.69,0.6,2.69,0.857837,0.392823
2024-12-17,1.39,0.79,15.87,0.6,2.75,0.853927,0.846814
2024-12-18,1.37,0.76,27.62,0.61,2.73,0.85586,0.622365
2024-12-19,1.4,0.8,24.09,0.6,2.91,0.868128,0
2024-12-20,1.43,0.83,18.36,0.6,2.86,0.86863,0
2024-12-23,1.42,0.83,16.78,0.59,2.85,0.874328,0
2024-12-24,1.39,0.8,14.27,0.59,2.86,0.873423,0.103529
2024-12-26,1.4,0.77,14.73,0.63,2.86,0.876144,0
2024-12-27,1.4,0.77,15.95,0.63,2.84,0.880361,0
2024-12-30,1.43,0.8,17.4,0.63,2.94,0.874565,0.65828
2024-12-31,1.42,0.82,17.35,0.6,2.92,0.87916,0.136437
2025-01-02,1.45,0.84,17.93,0.61,2.88,0.878867,0.169613
2025-01-03,1.44,0.84,16.13,0.6,2.81,0.88303,0
2025-01-06,1.44,0.84,16.04,0.6,2.76,0.888565,0
2025-01-07,1.47,0.87,17.82,0.6,2.79,0.895746,0
2025-01-08,1.48,0.87,17.7,0.61,2.84,0.895735,0.00124408
2025-01-09,1.46,0.85,18.07,0.61,2.82,,
2025-01-10,1.42,0.81,19.54,0.61,2.81,0.897027,0
2025-01-13,1.44,0.82,19.19,0.62,2.85,0.897113,0
2025-01-14,1.44,0.83,18.71,0.61,2.8,0.89973,0
2025-01-15,1.44,0.82,16.12,0.62,2.72,0.892249,0.83146
2025-01-16,1.46,0.85,16.6,0.61,2.73,0.890387,1.03834
2025-01-17,1.46,0.84,15.97,0.62,2.64,0.88964,1.12142
2025-01-20,,,15.81,,2.64,,
2025-01-21,1.46,0.83,15.06,0.63,2.61,0.884083,1.73908
2025-01-22,1.43,0.81,15.1,0.62,2.59,0.887502,1.35898
2025-01-23,1.43,0.81,15.02,0.62,2.61,0.895576,0.46164
2025-01-24,1.43,0.81,14.85,0.62,2.6,0.892579,0.794738
2025-01-27,1.45,0.83,17.9,0.62,2.66,0.882826,1.87873
2025-01-28,1.45,0.83,16.41,0.62,2.66,0.883094,1.8489
2025-01-29,1.45,0.83,16.56,0.62,2.68,0.884346,1.70975
2025-01-30,1.45,0.83,15.84,0.62,2.67,0.8827,1.89279
2025-01-31,1.45,0.85,16.43,0.6,2.68,0.886754,1.44218
2025-02-03,1.46,0.86,18.62,0.6,2.73,0.878483,2.3614
2025-02-04,1.46,0.85,17.21,0.61,2.71,0.878564,2.35239
2025-02-05,1.45,0.84,15.77,0.61,2.69,0.866577,3.68469
2025-02-06,1.44,0.83,15.5,0.61,2.66,0.865658,3.78682
2025-02-07,1.45,0.84,16.54,0.61,2.67,0.868546,3.46583
2025-02-10,1.45,0.84,15.81,0.61,2.66,0.872938,2.97777
2025-02-11,1.46,0.86,16.02,0.6,2.66,0.878233,2.38921
2025-02-12,1.45,0.85,15.89,0.6,2.65,0.888411,1.25804
2025-02-13,1.44,0.84,15.1,0.6,2.65,0.877851,2.43165
2025-02-14,1.46,0.85,14.77,0.61,2.62,0.874209,2.83651
2025-02-17,,,15.37,,2.62,,
2025-02-18,1.44,0.83,15.35,0.61,2.62,0.883852,1.7647
2025-02-19,1.46,0.85,15.27,0.61,2.68,0.883413,1.81347
2025-02-20,1.47,0.87,15.66,0.6,2.66,0.880673,2.11806
2025-02-21,1.49,0.89,18.21,0.6,2.78,0.868521,3.46864
2025-02-24,1.48,0.89,18.98,0.59,2.78,0.867095,3.6271
2025-02-25,1.5,0.91,19.43,0.59,2.84,0.854533,5.02335
2025-02-26,1.51,0.92,19.1,0.59,2.81,0.850683,5.4512
2025-02-27,1.52,0.92,21.13,0.6,2.81,0.855134,4.95655
2025-02-28,1.57,0.97,19.63,0.6,2.87,0.847098,5.84967
2025-03-03,1.61,1,22.78,0.61,2.94,0.841407,6.48221
2025-03-04,1.61,1,23.51,0.61,2.99,0.851792,5.32796
2025-03-05,1.57,0.95,21.93,0.62,2.88,0.859079,4.51808
2025-03-06,1.59,0.97,24.87,0.62,2.99,0.858683,4.56213
2025-03-07,1.61,0.98,23.37,0.63,2.97,0.862858,4.09804
2025-03-10,1.64,1.01,27.86,0.63,3.16,0.850724,5.44664
2025-03-11,1.68,1.04,26.92,0.64,3.22,0.853811,5.10364
2025-03-12,1.65,1.03,24.23,0.62,3.2,0.859922,4.42437
2025-03-13,1.7,1.05,24.66,0.65,3.4,0.847678,5.78527
2025-03-14,1.65,0.99,21.77,0.66,3.25,0.856097,4.84955
2025-03-17,1.63,0.98,20.51,0.65,3.18,0.853898,5.09396
2025-03-18,1.63,0.98,21.7,0.65,3.23,0.85154,5.35597
2025-03-19,1.64,1,19.9,0.64,3.19,0.852733,5.22341
2025-03-20,1.64,1,19.8,0.64,3.17,0.850992,5.41694
2025-03-21,1.68,1.03,19.28,0.65,3.21,0.854764,4.99767
2025-03-24,1.64,0.98,17.48,0.66,3.05,0.866127,3.73477
2025-03-25,1.66,1.01,17.15,0.65,3.09,0.865786,3.77258
2025-03-26,1.66,1.01,18.33,0.65,3.19,0.868003,3.52627
2025-03-27,1.68,1.02,18.69,0.66,3.27,0.86889,3.42769
2025-03-28,1.73,1.05,21.65,0.68,3.47,0.855514,4.91433
2025-03-31,1.76,1.08,22.28,0.68,3.55,0.848117,5.73649
2025-04-01,1.73,1.06,21.77,0.67,3.5,0.842779,6.32969
2025-04-02,1.73,1.05,21.51,0.68,3.42,0.845048,6.07754
2025-04-03,1.89,1.22,30.02,0.67,4.01,0.830728,7.66909
2025-04-04,1.94,1.24,45.31,0.7,4.45,0.810068,9.96544
2025-04-07,2.02,1.3,46.98,0.72,4.61,0.828073,7.9642
2025-04-08,2,1.29,52.33,0.71,4.57,0.840126,6.62461
2025-04-09,2.02,1.26,33.62,0.76,4.37,0.857593,4.68327
2025-04-10,1.97,1.26,40.72,0.71,4.42,0.867505,3.58156
2025-04-11,1.9,1.19,37.56,0.71,4.26,0.865407,3.81475
2025-04-14,1.9,1.15,30.89,0.75,4.14,0.86353,4.02333
2025-04-15,1.9,1.16,30.12,0.74,4.09,0.862824,4.1018
2025-04-16,1.92,1.19,32.64,0.73,4.16,0.857927,4.64616
2025-04-17,1.92,1.17,29.65,0.75,4.02,0.870609,3.23655
2025-04-21,1.96,1.19,33.82,0.77,4.16,0.880858,2.09741
2025-04-22,1.93,1.16,30.57,0.77,3.99,0.879367,2.26316
2025-04-23,1.86,1.11,28.45,0.75,3.75,0.875285,2.71689
2025-04-24,1.86,1.1,26.47,0.76,3.73,0.873931,2.86734
2025-04-25,1.84,1.09,24.84,0.75,3.67,0.868313,3.49181
2025-04-28,1.87,1.11,25.15,0.76,3.73,0.863315,4.04731
2025-04-29,1.88,1.14,24.17,0.74,3.74,0.858419,4.59148
2025-04-30,1.96,1.21,24.7,0.75,3.94,0.860822,4.32435
2025-05-01,1.95,1.2,24.6,0.75,3.78,0.866327,3.71255
2025-05-02,1.9,1.16,22.68,0.74,3.6,0.87849,2.3606
2025-05-05,1.91,1.16,23.64,0.75,3.6,0.883088,1.84966
2025-05-06,1.95,1.21,24.76,0.74,3.66,0.87949,2.24949
2025-05-07,1.95,1.21,23.55,0.74,3.67,0.876568,2.57426
2025-05-08,1.89,1.15,22.48,0.74,3.51,0.886226,1.50085
2025-05-09,1.89,1.13,21.9,0.76,3.53,0.885466,1.58528
2025-05-12,1.82,1.07,18.39,0.75,3.15,0.902658,0
2025-05-13,1.82,1.08,18.22,0.74,3.09,0.907937,0
2025-05-14,1.8,1.07,18.62,0.73,3.1,0.910666,0
2025-05-15,1.83,1.09,17.83,0.74,3.2,0.904441,0.683576
2025-05-16,1.82,1.09,17.24,0.73,3.16,0.903053,0.835999
2025-05-19,1.84,1.09,18.14,0.75,3.21,0.905221,0.597874
2025-05-20,1.82,1.09,18.09,0.73,3.2,0.911331,0
2025-05-21,1.85,1.13,20.87,0.72,3.25,0.920984,0
2025-05-22,1.87,1.13,20.28,0.74,3.32,0.918043,0.319321
2025-05-23,1.88,1.13,22.29,0.75,3.4,0.916291,0.509514
2025-05-26,,,20.57,,3.4,,
2025-05-27,1.84,1.07,18.96,0.77,3.24,0.909172,1.28247
2025-05-28,1.83,1.09,19.31,0.74,3.23,0.912539,0.916951
2025-05-29,1.81,1.06,19.18,0.75,3.22,0.905538,1.67707
2025-05-30,1.84,1.1,18.57,0.74,3.31,0.904969,1.73887
2025-05-31,,,,,3.32,,
2025-06-02,1.84,1.1,18.36,0.74,3.27,0.913309,0.833266
2025-06-03,1.81,1.07,17.69,0.74,3.19,0.916654,0.470077
2025-06-04,1.8,1.08,17.61,0.72,3.23,0.903717,1.87478
2025-06-05,1.77,1.06,18.48,0.71,3.18,0.901158,2.1527
2025-06-06,1.73,1.03,16.77,0.7,3.09,0.912657,0.904048
2025-06-09,1.72,1.02,17.16,0.7,3.12,0.912155,0.958575
2025-06-10,1.71,1.03,16.95,0.68,3.12,0.909655,1.23007
2025-06-11,1.74,1.04,17.26,0.7,3.12,0.906681,1.55293
2025-06-12,1.73,1.05,18.02,0.68,3.17,0.896983,2.60603
2025-06-13,1.75,1.06,20.82,0.69,3.18,0.90298,1.95484
2025-06-16,1.74,1.04,19.11,0.7,3.1,0.914011,0.757044
2025-06-17,1.74,1.06,21.6,0.68,3.17,0.901999,2.06131
2025-06-18,1.77,1.08,20.14,0.69,3.16,0.901799,2.08309
2025-06-19,,,22.17,,3.16,,
2025-06-20,1.76,1.08,20.62,0.68,3.13,0.906306,1.59364
2025-06-23,1.77,1.09,19.83,0.68,3.12,0.90508,1.72681
2025-06-24,1.78,1.1,17.48,0.68,3.06,0.901029,2.16667
2025-06-25,1.79,1.14,16.76,0.65,3.04,0.899672,2.31405
2025-06-26,1.8,1.16,16.59,0.64,3.04,0.897739,2.52387
2025-06-27,1.79,1.15,16.32,0.64,3.02,0.903042,1.94807
2025-06-30,1.75,1.1,16.73,0.65,2.96,0.897692,2.52898
2025-07-01,1.72,1.06,16.83,0.66,2.91,0.894346,2.89227
2025-07-02,1.7,1.05,16.64,0.65,2.88,0.901748,2.08858
2025-07-03,1.67,1.02,16.38,0.65,2.8,0.908638,1.34047
2025-07-04,,,17.48,,2.8,,
2025-07-07,1.71,1.06,17.79,0.65,2.86,0.914311,0.724531
2025-07-08,1.71,1.05,16.81,0.66,2.92,0.914223,0.734027
2025-07-09,1.73,1.08,15.94,0.65,2.94,0.907248,1.49146
2025-07-10,1.7,1.05,15.78,0.65,2.92,0.905717,1.65765
2025-07-11,1.72,1.07,16.4,0.65,2.97,0.917239,0.406553
2025-07-14,1.73,1.07,17.2,0.66,2.95,0.919857,0.122313
2025-07-15,1.7,1.04,17.38,0.66,2.95,0.923573,0
2025-07-16,1.73,1.09,17.16,0.64,3,0.924697,0
2025-07-17,1.71,1.06,16.52,0.65,2.91,0.925838,0
2025-07-18,1.73,1.08,16.41,0.65,2.93,0.925696,0.0154085
2025-07-21,1.73,1.08,16.65,0.65,2.89,0.918773,0.763172
2025-07-22,1.73,1.08,16.5,0.65,2.9,0.914842,1.18767
2025-07-23,1.71,1.07,15.37,0.64,2.83,0.920402,0.587222
2025-07-24,1.68,1.04,15.39,0.64,2.82,0.920865,0.537176
2025-07-25,1.69,1.04,14.93,0.65,2.84,0.915679,1.09728
2025-07-28,1.69,1.06,15.03,0.63,2.82,0.921194,0.501637
2025-07-29,1.7,1.06,15.98,0.64,2.86,0.906461,2.09295
2025-07-30,1.69,1.05,15.48,0.64,2.89,0.909232,1.79365
2025-07-31,1.67,1.04,16.72,0.63,2.86,0.909273,1.78919
2025-08-01,1.75,1.1,20.38,0.65,3.13,0.896574,3.1609
2025-08-04,1.74,1.09,17.52,0.65,3.02,0.897147,3.09891
2025-08-05,1.72,1.08,17.85,0.64,2.98,0.89396,3.44323
2025-08-06,1.75,1.11,16.77,0.64,2.98,0.900048,2.78561
2025-08-07,1.74,1.09,16.57,0.65,2.95,0.90069,2.71629
2025-08-08,1.74,1.09,15.15,0.65,2.94,0.904723,2.28069
2025-08-11,1.72,1.07,16.25,0.65,2.94,0.903688,2.39242
2025-08-12,1.73,1.07,14.73,0.66,2.93,0.910299,1.67845
2025-08-13,1.71,1.05,14.49,0.66,2.9,0.905181,2.23115
2025-08-14,1.71,1.06,14.83,0.65,2.89,0.909566,1.75753
2025-08-15,1.69,1.04,15.09,0.65,2.88,0.916778,0.978656
2025-08-18,1.7,1.05,14.99,0.65,2.88,0.918752,0.765424
2025-08-19,1.71,1.06,15.57,0.65,2.9,0.913225,1.36239
2025-08-20,1.73,1.08,15.69,0.65,2.94,0.910885,1.61509
2025-08-21,1.72,1.07,16.6,0.65,2.95,0.91371,1.31002
2025-08-22,1.73,1.08,14.22,0.65,2.88,0.914344,1.24151
2025-08-25,1.7,1.07,14.79,0.63,2.8,0.915161,1.15325
2025-08-26,1.75,1.11,14.62,0.64,2.78,0.917732,0.875599
2025-08-27,1.77,1.14,14.85,0.63,2.78,0.919927,0.638459
2025-08-28,1.75,1.13,14.43,0.62,2.75,0.914367,1.23901
2025-08-29,1.8,1.19,15.36,0.61,2.82,0.919208,0.716146
2025-08-31,,,,,2.84,,
2025-09-01,,,16.12,,2.84,,
2025-09-02,1.81,1.19,17.17,0.62,2.92,0.925098,0.0800013
2025-09-03,1.78,1.16,16.35,0.62,2.88,0.917558,0.89441
2025-09-04,1.8,1.17,15.3,0.63,2.84,0.9131,1.37583
2025-09-05,1.78,1.14,15.18,0.64,2.83,0.899832,2.80891
2025-09-08,1.76,1.11,15.11,0.65,2.84,0.888,4.08691
2025-09-09,1.75,1.11,15.04,0.64,2.87,0.892081,3.64612
2025-09-10,1.75,1.09,15.35,0.66,2.84,0.887671,4.12243
2025-09-11,1.74,1.1,14.71,0.64,2.78,0.883956,4.52367
2025-09-12,1.7,1.07,14.76,0.63,2.79,0.886913,4.2043
2025-09-15,1.68,1.05,15.69,0.63,2.75,0.887361,4.15597
2025-09-16,1.69,1.06,16.36,0.63,2.79,0.884841,4.42814
2025-09-17,1.7,1.09,15.72,0.61,2.79,0.886224,4.27879
2025-09-18,1.68,1.07,15.7,0.61,2.71,0.897453,3.0659
2025-09-19,1.68,1.07,15.45,0.61,2.72,0.8995,2.84486
2025-09-22,1.67,1.07,16.1,0.6,2.69,0.903412,2.42232
2025-09-23,1.69,1.08,16.64,0.61,2.71,0.896478,3.17117
2025-09-24,1.68,1.07,16.18,0.61,2.7,0.898686,2.93272
2025-09-25,1.67,1.06,16.74,0.61,2.76,0.896138,3.20791
2025-09-26,1.65,1.05,15.29,0.6,2.75,0.898719,2.92917
2025-09-29,1.64,1.04,16.12,0.6,2.74,0.892939,3.55349
2025-09-30,1.67,1.06,16.28,0.61,2.8,0.895205,3.3087
2025-10-01,1.69,1.07,16.29,0.62,2.81,0.894568,3.37751
2025-10-02,1.68,1.06,16.63,0.62,2.81,0.89164,3.6938
2025-10-03,1.66,1.05,16.65,0.61,2.8,0.892342,3.61794
2025-10-06,1.65,1.04,16.37,0.61,2.76,0.89971,2.82212
2025-10-07,1.67,1.04,17.24,0.63,2.82,0.893569,3.48547
2025-10-08,1.68,1.04,16.3,0.64,2.84,0.891542,3.70439
2025-10-09,1.69,1.07,16.43,0.62,2.95,0.889697,3.90369
2025-10-10,1.72,1.09,21.66,0.63,3.18,0.870442,5.98337
2025-10-13,,,19.03,,3.18,0.876369,5.3432
2025-10-14,1.71,1.1,20.81,0.61,3.11,0.87455,5.53967
2025-10-15,1.68,1.08,20.64,0.6,2.95,0.879308,5.02577
2025-10-16,1.71,1.11,25.31,0.6,3.04,0.86963,6.07106
2025-10-17,1.7,1.09,20.78,0.61,3.04,0.873237,5.68149
2025-10-20,1.68,1.08,18.23,0.6,2.99,0.871622,5.85592
2025-10-21,1.67,1.08,17.87,0.59,2.97,0.866072,6.4554
2025-10-22,1.69,1.09,18.6,0.6,3.01,0.864651,6.6089
2025-10-23,1.66,1.05,17.3,0.61,2.96,0.872551,5.75558
2025-10-24,1.65,1.04,16.37,0.61,2.88,0.874541,5.54061
2025-10-27,1.63,1.03,15.79,0.6,2.8,0.873738,5.62735
2025-10-28,1.65,1.05,16.42,0.6,2.82,0.870602,5.96614
2025-10-29,1.61,1.01,16.92,0.6,2.76,0.876783,5.2985
2025-10-30,1.64,1.05,16.91,0.59,2.85,0.880279,4.92086
2025-10-31,1.69,1.11,17.44,0.58,2.94,0.882911,4.63657
2025-11-03,1.71,1.16,17.17,0.55,3.04,0.882372,4.69476
2025-11-04,1.72,1.17,19,0.55,3.13,0.880521,4.89477
2025-11-05,1.7,1.12,18.01,0.58,3.05,0.891109,3.75116
2025-11-06,1.72,1.15,19.5,0.57,3.13,0.883496,4.57336
2025-11-07,1.75,1.16,19.08,0.59,3.15,0.886144,4.28738
2025-11-10,1.73,1.12,17.6,0.61,3.02,0.889319,3.94442
2025-11-11,,,17.28,,3.02,0.886255,4.27537
2025-11-12,1.75,1.15,17.51,0.6,3.02,0.882929,4.6347
2025-11-13,1.77,1.15,20,0.62,3.09,0.88659,4.23918
2025-11-14,1.77,1.16,19.83,0.61,3.07,0.891899,3.66575
2025-11-17,1.77,1.17,22.38,0.6,3.13,0.888255,4.05936
2025-11-18,1.79,1.19,24.69,0.6,3.2,0.888777,4.00299
2025-11-19,1.79,1.18,23.66,0.61,3.17,0.891022,3.76049
2025-11-20,1.8,1.19,26.42,0.61,3.17,0.886973,4.19781
2025-11-21,1.82,1.23,23.43,0.59,3.19,0.887278,4.16488
2025-11-24,1.8,1.19,20.52,0.61,3.15,0.884664,4.4472
2025-11-25,1.79,1.19,18.56,0.6,3.1,0.885477,4.35943
2025-11-26,1.78,1.17,17.19,0.61,3,0.882441,4.68738
2025-11-27,,,17.21,,3,,
2025-11-28,1.78,1.16,16.35,0.62,2.95,0.887085,4.18577
2025-11-30,,,,,2.92,,
2025-12-01,1.78,1.17,17.24,0.61,2.94,0.896652,3.15241
2025-12-02,1.76,1.15,16.59,0.61,2.92,0.897919,3.0156
2025-12-03,1.77,1.17,16.08,0.6,2.89,0.896176,3.20389
2025-12-04,1.76,1.15,15.78,0.61,2.88,0.901702,2.60693
2025-12-05,1.74,1.14,15.41,0.6,2.85,0.905895,2.15409
2025-12-08,1.73,1.14,16.66,0.59,2.89,0.906633,2.07438
2025-12-09,1.73,1.14,16.93,0.59,2.89,0.904695,2.28372
2025-12-10,1.76,1.16,15.77,0.6,2.91,0.904235,2.33342
2025-12-11,1.73,1.14,14.85,0.59,2.88,0.905353,2.21262
2025-12-12,1.76,1.18,15.74,0.58,2.91,0.912466,1.44437
2025-12-15,1.77,1.18,16.5,0.59,2.91,0.912292,1.46316
2025-12-16,1.78,1.19,16.48,0.59,2.98,0.907872,1.94057
2025-12-17,1.78,1.19,17.62,0.59,2.99,0.907573,1.97289
2025-12-18,1.78,1.2,16.87,0.58,2.95,0.905717,2.17327
2025-12-19,1.76,1.18,14.91,0.58,2.9,0.90867,1.85432
2025-12-22,1.76,1.17,14.08,0.59,2.88,0.91144,1.55513
2025-12-23,1.74,1.15,14,0.59,2.83,0.910661,1.63934
2025-12-24,1.73,1.15,13.47,0.58,2.84,0.906864,2.0494
2025-12-26,1.75,1.18,13.6,0.57,2.86,0.909411,1.77436
2025-12-29,1.76,1.19,14.2,0.57,2.87,0.90634,2.10601
2025-12-30,1.75,1.19,14.33,0.56,2.84,0.909407,1.77473
2025-12-31,1.72,1.17,14.95,0.55,2.81,0.915802,1.08398
2026-01-02,1.74,1.19,14.51,0.55,2.83,0.917626,0.887052
2026-01-05,1.75,1.19,14.9,0.56,2.81,0.91549,1.11771
2026-01-06,1.74,1.19,14.75,0.55,2.79,0.917607,0.88911
2026-01-07,1.73,1.17,15.38,0.56,2.79,0.91205,1.48931
2026-01-08,1.73,1.17,15.45,0.56,2.76,0.917323,0.919722
2026-01-09,1.7,1.14,14.49,0.56,2.74,0.911949,1.50024
2026-01-12,1.7,1.15,15.12,0.55,2.74,0.915105,1.15934
2026-01-13,1.69,1.14,15.98,0.55,2.75,0.913542,1.32811
2026-01-14,1.68,1.14,16.75,0.54,2.76,0.908268,1.89781
2026-01-15,1.65,1.11,15.84,0.54,2.71,0.908473,1.87562
2026-01-16,1.63,1.09,15.86,0.54,2.65,0.914313,1.24481
2026-01-19,,,18.84,,2.65,,
2026-01-20,1.65,1.12,20.09,0.53,2.73,0.924048,0.193357
2026-01-21,1.62,1.1,16.9,0.52,2.69,0.919785,0.653815
2026-01-22,1.59,1.06,15.64,0.53,2.64,0.916477,1.01117
2026-01-23,1.61,1.08,16.09,0.53,2.68,0.913526,1.3299
2026-01-26,1.61,1.09,16.15,0.52,2.69,0.90963,1.7507
2026-01-27,1.61,1.1,16.35,0.51,2.71,0.915216,1.14729
2026-01-28,1.62,1.1,16.35,0.52,2.72,0.915837,1.08029
2026-01-29,1.63,1.13,16.88,0.5,2.77,0.915513,1.1152
2026-01-30,1.62,1.12,17.44,0.5,2.8,0.921685,0.448617
2026-01-31,,,,,2.88,,
2026-02-02,1.61,1.11,16.34,0.5,2.81,0.924887,0.102715
2026-02-03,1.63,1.13,18,0.5,2.85,0.922078,0.406122
2026-02-04,1.64,1.14,18.64,0.5,2.86,0.923276,0.276715
2026-02-05,1.67,1.16,21.77,0.51,2.97,0.912336,1.45839
2026-02-06,1.65,1.15,17.76,0.5,2.87,0.914881,1.1835
2026-02-09,1.64,1.14,17.36,0.5,2.84,0.916335,1.02644
2026-02-10,1.66,1.16,17.79,0.5,2.86,0.904985,2.25232
2026-02-11,1.67,1.16,17.65,0.51,2.84,0.909703,1.74275
2026-02-12,1.68,1.18,20.82,0.5,2.92,0.897331,3.07905
2026-02-13,1.72,1.21,20.6,0.51,2.95,0.893092,3.5369
2026-02-16,,,21.2,,2.94,,
2026-02-17,1.7,1.2,20.29,0.5,2.94,0.891161,3.74548
2026-02-18,1.67,1.16,19.62,0.51,2.86,0.895652,3.26042
2026-02-19,1.68,1.18,20.23,0.5,2.88,0.895085,3.32166
2026-02-20,1.69,1.18,19.09,0.51,2.86,0.897852,3.02285
2026-02-23,1.73,1.21,21.01,0.52,2.95,0.893115,3.53445
2026-02-24,1.73,1.21,19.55,0.52,2.97,0.890864,3.7776
2026-02-25,1.73,1.2,17.93,0.53,2.94,0.891977,3.6574
2026-02-26,1.75,1.23,18.63,0.52,2.98,0.887651,4.12464
2026-02-27,1.8,1.27,19.86,0.53,3.1,0.880857,4.85839
2026-02-28,,,,,3.12,,
2026-03-02,1.78,1.24,21.44,0.54,3.03,0.889283,3.94834
2026-03-03,1.78,1.23,23.57,0.55,3.08,0.889297,3.94684
2026-03-04,1.74,1.19,21.15,0.55,2.97,0.895208,3.30841
2026-03-05,1.76,1.23,23.75,0.53,3,0.89526,3.30281
2026-03-06,1.75,1.22,29.49,0.53,3.13,0.894224,3.41465
2026-03-09,1.78,1.25,25.5,0.53,3.19,0.891847,3.67141
2026-03-10,1.77,1.23,24.93,0.54,3.06,0.899982,2.79275
2026-03-11,1.84,1.3,24.23,0.54,3.09,0.909706,1.74249
2026-03-12,1.84,1.29,27.29,0.55,3.17,0.905662,2.17922
2026-03-13,1.83,1.32,27.19,0.51,3.28,0.908442,1.87897
2026-03-16,1.85,1.31,23.51,0.54,3.27,0.904309,2.32541
2026-03-17,1.85,1.3,22.37,0.55,3.22,0.905913,2.15211
2026-03-18,1.81,1.24,25.09,0.57,3.2,0.906338,2.10625
2026-03-19,1.81,1.27,24.06,0.54,3.27,0.903798,2.38062
2026-03-20,1.79,1.22,26.78,0.57,3.24,0.912719,1.41705
2026-03-23,1.79,1.2,26.15,0.59,3.19,0.912778,1.41067
2026-03-24,1.75,1.18,26.95,0.57,3.19,0.913693,1.31177
2026-03-25,1.76,1.18,25.33,0.58,3.17,0.907819,1.94629
2026-03-26,1.73,1.18,27.44,0.55,3.21,0.909751,1.73761
2026-03-27,1.78,1.22,31.05,0.56,3.42,0.912426,1.44872
2026-03-30,1.79,1.21,30.61,0.58,3.46,0.901469,2.63215
2026-03-31,1.79,1.23,25.25,0.56,3.28,0.910992,1.60351
2026-04-01,1.75,1.15,24.54,0.6,3.16,0.914125,1.26519
2026-04-02,1.74,1.13,23.87,0.61,3.17,0.910716,1.63331
2026-04-03,,,,,3.13,,
2026-04-06,1.7,1.08,24.17,0.62,3.05,0.913793,1.30101
2026-04-07,1.75,1.15,25.78,0.6,3.12,0.914129,1.2647
2026-04-08,1.73,1.11,21.04,0.62,2.94,0.916556,1.0026
2026-04-09,1.73,1.1,19.49,0.63,2.9,0.919914,0.639919
2026-04-10,1.72,1.11,19.23,0.61,2.94,0.918471,0.79576
2026-04-13,1.72,1.09,19.12,0.63,2.95,0.919154,0.72196
2026-04-14,1.7,1.09,18.36,0.61,2.84,0.91704,0.950328
2026-04-15,1.69,1.08,18.17,0.61,2.85,0.920596,0.566245
2026-04-16,1.71,1.1,17.94,0.61,2.86,0.925197,0.0692348
2026-04-17,1.72,1.1,17.48,0.62,2.83,0.920225,0.606328
2026-04-20,1.72,1.1,18.87,0.62,2.87,0.919639,0.669647
2026-04-21,1.7,1.1,19.5,0.6,2.85,0.922327,0.379267
2026-04-22,1.69,1.08,18.92,0.61,2.84,0.922008,0.413674
2026-04-23,1.68,1.08,19.31,0.6,2.86,0.92254,0.356296
2026-04-24,1.7,1.1,18.71,0.6,2.86,0.922098,0.403966
2026-04-27,1.7,1.11,18.02,0.59,2.84,0.927039,0
2026-04-28,1.7,1.11,17.83,0.59,2.85,0.924808,0.240658
2026-04-29,1.69,1.11,18.81,0.58,2.82,0.928909,0
2026-04-30,1.7,1.12,16.89,0.58,2.83,0.932677,0
2026-05-01,1.69,1.1,16.99,0.59,2.77,0.930504,0.233004
2026-05-04,1.69,1.11,18.29,0.58,2.78,0.934579,0
2026-05-05,1.65,1.07,17.38,0.58,2.77,0.930835,0.400566
2026-05-06,1.66,1.09,17.39,0.57,2.75,0.92658,0.855853
2026-05-07,1.65,1.09,17.08,0.56,2.79,0.927747,0.730967
2026-05-08,1.65,1.09,17.19,0.56,2.81,0.926349,0.880569
2026-05-11,1.65,1.09,18.38,0.56,2.79,0.930119,0.477181
2026-05-12,1.66,1.1,17.99,0.56,2.82,0.935068,0
2026-05-13,1.66,1.1,17.87,0.56,2.82,0.937633,0
2026-05-14,1.62,1.05,17.26,0.57,2.76,0.935604,0.21637
2026-05-15,1.62,1.06,18.43,0.56,2.8,0.945058,0
2026-05-18,1.59,1.04,17.82,0.55,2.83,0.947141,0
2026-05-19,1.57,1.05,18.06,0.52,2.86,0.951025,0
2026-05-20,1.59,1.07,17.44,0.52,2.8,0.946986,0.424673
2026-05-21,1.59,1.07,16.76,0.52,2.78,0.943972,0.741639
2026-05-22,1.57,1.05,16.7,0.52,2.74,0.938962,1.26839
2026-05-25,,,16.59,,2.74,,
2026-05-26,1.56,1.05,17.01,0.51,2.72,0.937484,1.42381
2026-05-27,1.57,1.05,16.29,0.52,2.71,0.934702,1.71635
2026-05-28,1.57,1.05,15.74,0.52,2.72,0.931066,2.09865
2026-05-29,1.57,1.05,15.32,0.52,2.72,0.931778,2.02383
2026-05-31,,,,,2.74,,
2026-06-01,1.54,1.02,16.05,0.52,2.72,0.930565,2.15129
2026-06-02,1.54,1.02,15.77,0.52,2.71,0.929307,2.28358
2026-06-03,1.54,1.02,16.06,0.52,2.75,0.930442,2.16424
2026-06-04,1.54,1.02,15.4,0.52,2.74,0.930123,2.19782
2026-06-05,1.51,0.98,21.51,0.53,2.76,0.930249,2.1846
2026-06-08,1.52,1,18.92,0.52,2.75,0.936381,1.53982
2026-06-09,1.53,1.02,19.87,0.51,2.78,0.931817,2.01971
2026-06-10,1.53,1.03,22.22,0.5,2.8,0.932691,1.92775
2026-06-11,1.55,1.06,19.44,0.49,2.78,0.926205,2.6098
2026-06-12,1.53,1.04,17.68,0.49,2.71,0.928473,2.37131
2026-06-15,1.53,1.05,16.2,0.48,2.66,0.930175,2.1923
2026-06-16,1.55,1.07,16.41,0.48,2.71,0.924987,2.73785
2026-06-17,1.5,1.03,18.44,0.47,2.63,0.920026,3.25948
2026-06-18,1.51,1.04,16.4,0.47,2.66,0.918787,3.38977
2026-06-19,,,16.78,,2.66,,
2026-06-22,1.51,1.05,17.28,0.46,2.65,0.925021,2.73424
2026-06-23,1.51,1.04,19.49,0.47,2.71,0.923032,2.94347
2026-06-24,1.52,1.07,18.63,0.45,2.76,0.910339,4.27811
2026-06-25,1.54,1.09,18.89,0.45,2.78,0.910993,4.20933
2026-06-26,1.56,1.12,18.41,0.44,2.83,0.910319,4.28015
2026-06-29,1.55,1.11,17.65,0.44,2.8,0.911433,4.1631
2026-06-30,1.53,1.11,16.45,0.42,2.75,0.921835,3.06931
2026-07-01,1.54,1.12,16.59,0.42,2.74,0.927979,2.42326
2026-07-02,1.54,1.11,16.15,0.43,2.75,0.929488,2.26462
2026-07-03,,,15.81,,2.74,,
2026-07-06,1.56,1.12,15.57,0.44,2.72,0.932007,1.99974
2026-07-07,1.55,1.12,16.13,0.43,2.67,0.940632,1.09284
2026-07-08,1.56,1.13,16.9,0.43,2.7,0.941567,0.994516
2026-07-09,1.56,1.14,15.84,0.42,2.7,0.941181,1.03506
2026-07-10,1.58,1.16,15.03,0.42,2.69,0.940931,1.06134
2026-07-13,1.56,1.14,17.16,0.42,2.69,0.944278,0.709427
2026-07-14,1.6,1.18,16.5,0.42,2.72,0.944939,0.639878
2026-07-15,1.6,1.17,15.67,0.43,2.71,0.944684,0.666776
2026-07-16,1.59,1.16,16.73,0.43,2.71,0.944903,0.643707
2026-07-17,1.59,1.17,18.77,0.42,2.73,0.939667,1.19426
2026-07-20,1.61,1.18,18.65,0.43,2.69,0.94708,0.414791
2026-07-21,1.6,1.17,17.05,0.43,2.69,0.949327,0.178514
2026-07-22,1.58,1.16,16.64,0.42,2.68,0.950276,0.078685
2026-07-23,1.58,1.15,18.7,0.43,2.77,0.949884,0.119965
2026-07-24,1.59,1.18,18.58,0.41,2.79,0.948972,0.215878
2026-07-27,1.61,1.19,18.67,0.42,2.81,0.943782,0.761543
2026-07-28,1.62,1.22,18.21,0.4,2.84,0.940067,1.15219
2026-07-29,1.6,1.2,20.66,0.4,2.87,0.953673,0
2026-07-30,1.64,1.23,17.09,0.41,2.84,0.95702,0
2026-07-31,1.63,1.21,15.99,0.42,2.85,0.963541,0
2026-08-03,1.61,1.18,15.86,0.43,2.78,0.962973,0.0589663
2026-08-04,1.64,1.2,16.5,0.44,2.73,0.95854,0.519017
2026-08-05,1.62,1.18,15.81,0.44,2.75,0.9561,0.772196
2026-08-06,1.61,1.17,15.15,0.44,2.71,0.960937,0.270244
2026-08-07,1.64,1.2,14.9,0.44,2.7,0.959958,0.371856
2026-08-10,1.62,1.18,15.46,0.44,2.7,0.966567,0
2026-08-11,1.64,1.19,15.28,0.45,2.72,0.965402,0.120509
2026-08-12,1.66,1.21,14.55,0.45,2.71,0.967557,0
2026-08-13,1.67,1.22,14.63,0.45,2.71,0.964109,0.356368
2026-08-14,1.69,1.24,14.25,0.45,2.67,0.969599,0
2026-08-17,1.69,1.24,15.19,0.45,2.7,0.976596,0
2026-08-18,1.68,1.24,15.84,0.44,2.75,0.971911,0.479744
2026-08-19,1.64,1.2,14.89,0.44,2.73,0.958154,1.88843
2026-08-20,1.64,1.19,16.01,0.45,2.75,0.964249,1.2643
2026-08-21,1.63,1.18,15.13,0.45,2.7,0.968265,0.853101
2026-08-24,1.63,1.19,15.85,0.44,2.69,0.963372,1.35417
2026-08-25,1.62,1.19,15.45,0.43,2.7,0.955499,2.16034
2026-08-26,1.61,1.18,15.21,0.43,2.67,0.957208,1.98528
2026-08-27,1.6,1.17,14.51,0.43,2.63,0.958806,1.82168
2026-08-28,1.54,1.13,14.43,0.41,2.6,0.960134,1.68573
2026-08-31,1.59,1.15,14.92,0.44,2.63,0.965169,1.17014
2026-09-01,1.58,1.15,16.34,0.43,2.65,0.96576,1.10964
2026-09-02,1.58,1.15,15.2,0.43,2.66,0.964939,1.19366
2026-09-03,1.57,1.15,14.32,0.42,2.65,0.964746,1.21346
2026-09-04,1.56,1.14,14.53,0.42,2.68,0.962496,1.4438
2026-09-07,,,15.3,,2.68,,
2026-09-08,1.57,1.13,15.72,0.44,2.67,0.962125,1.48178
2026-09-09,1.55,1.12,16.46,0.43,2.71,0.965947,1.09048
2026-09-10,1.51,1.08,17.84,0.43,2.7,0.972852,0.383398
2026-09-11,1.5,1.07,15.84,0.43,2.65,0.971522,0.519639
2026-09-14,1.47,1.04,17.1,0.43,2.71,0.969937,0.681857
2026-09-15,1.48,1.04,17.2,0.44,2.76,0.970724,0.60134
2026-09-16,1.43,0.99,17.71,0.44,2.7,0.969177,0.759774
2026-09-17,1.44,1,15.44,0.44,2.7,0.962178,1.47643
2026-09-18,1.4,0.97,14.81,0.43,2.68,0.966118,1.073
2026-09-21,1.42,0.99,14.87,0.43,2.66,0.961454,1.55052
2026-09-22,1.42,1,14.21,0.42,2.68,0.961919,1.50288
2026-09-23,1.39,0.95,15.18,0.44,2.73,0.970262,0.648604
2026-09-24,1.39,0.95,15.67,0.44,2.8,0.980324,0
2026-09-25,1.46,1.01,14.87,0.45,2.93,0.981181,0
2026-09-28,1.46,1.02,16.07,0.44,3.02,0.985849,0
2026-09-29,1.46,1.01,16.04,0.45,3.08,0.988463,0
2026-09-30,1.47,1,16.34,0.47,3.12,0.992255,0
2026-10-01,1.49,1.03,16.39,0.46,3.24,0.989577,0.269914
2026-10-02,1.47,1,15.31,0.47,3.1,0.992643,0
2026-10-05,,,,,,0.998314,0
