date,o,h,l,c,v
1998-01-20,42.8031,43.3704,42.5796,43.3532,1744600
1998-01-21,42.9578,43.1125,42.5109,42.8203,1839600
1998-01-22,42.4593,42.8289,42.3218,42.4593,1662600
1998-01-23,42.6312,42.7687,41.9780,42.3561,1693700
1998-01-26,42.5625,42.7258,42.3218,42.5281,1172800
1998-01-27,42.4249,43.2157,42.3991,43.0266,1454500
1998-01-28,43.1126,43.5853,43.0266,43.5251,1181200
1998-01-29,43.4907,44.1440,43.3962,43.6798,1468500
1998-01-30,43.9721,43.9721,43.4392,43.5853,1095600
1998-02-02,44.3502,44.7284,44.2299,44.5651,955600
1998-02-03,44.5565,44.9261,44.3674,44.9175,619400
1998-02-04,44.6768,44.9175,44.4533,44.6768,753200
1998-02-05,45.0034,45.0550,44.4103,44.6854,1067600
1998-02-06,44.8315,45.2011,44.7542,45.1667,1069700
1998-02-09,45.1582,45.2441,44.7972,44.9863,515900
1998-02-10,45.1238,45.8458,45.0636,45.7426,892100
1998-02-11,45.6395,45.8715,45.5707,45.7426,515000
1998-02-12,45.5105,46.2669,45.3128,46.0348,1065000
1998-02-13,45.8457,46.1208,45.7512,46.0090,596700
1998-02-17,46.3786,46.6021,46.1466,46.2411,840600
1998-02-18,46.2498,46.5936,46.1208,46.5506,773000
1998-02-19,46.5591,46.5935,46.1122,46.1122,804800
1998-02-20,46.2497,46.4646,45.8286,46.3615,540600
1998-02-23,46.7568,46.7568,46.1895,46.3442,639200
1998-02-24,46.2755,46.4302,45.9489,46.2068,702700
1998-02-25,46.3443,46.8428,46.2497,46.5849,687400
1998-02-26,46.5419,46.8771,46.4302,46.8427,439800
1998-02-27,46.8170,47.2812,46.6967,47.0835,451300
1998-03-02,47.1694,47.2296,46.9116,47.1523,1062800
1998-03-03,46.8771,47.3757,46.8600,47.3671,596600
1998-03-04,47.1006,47.2381,46.8170,47.0490,691700
1998-03-05,46.4818,46.9029,46.3270,46.6365,778300
1998-03-06,46.8084,47.3241,46.8084,47.3241,933100
1998-03-09,47.1006,47.6249,47.0834,47.2381,685300
1998-03-10,47.5132,47.7195,47.3929,47.7023,563700
1998-03-11,47.8225,47.9858,47.7108,47.8569,406600
1998-03-12,47.8226,47.8913,47.4788,47.7968,576700
1998-03-13,47.9601,47.9945,47.3585,47.3928,458900
1998-03-16,47.6163,48.1148,47.4960,48.1148,733000
1998-03-17,48.0117,48.2867,47.9000,48.2781,499900
1998-03-18,48.1836,48.4157,48.0117,48.3985,410900
1998-03-19,48.4070,48.5704,48.3211,48.5360,730000
1998-03-20,48.7165,49.1806,48.5618,49.0431,754300
1998-03-23,49.0603,49.0603,48.6219,48.6735,551600
1998-03-24,48.9399,49.4299,48.9142,49.1978,470300
1998-03-25,49.5416,49.5416,48.5446,48.8884,966200
1998-03-26,48.8712,49.1204,48.6907,48.7508,412800
1998-03-27,49.1462,49.1806,48.3383,48.5531,584100
1998-03-30,48.5618,48.7165,48.2351,48.4930,562400
1998-03-31,48.6649,49.1290,48.4414,48.5102,620000
1998-04-01,48.6047,49.0689,48.2523,48.9227,373700
1998-04-02,48.9055,49.6447,48.8625,49.5931,440600
1998-04-03,49.6447,49.8252,49.4041,49.5588,493300
1998-04-06,49.9885,50.1948,49.6963,49.7135,610500
1998-04-07,49.7135,49.7221,49.0946,49.4470,707300
1998-04-08,49.5416,49.5416,48.8626,49.1119,949500
1998-04-09,49.3181,49.7650,49.3009,49.7135,451700
1998-04-13,49.9112,49.9112,49.2665,49.6963,337900
1998-04-14,49.7995,50.3410,49.7995,50.2980,451500
1998-04-15,50.4183,50.6160,50.1690,50.6160,261800
1998-04-16,50.4441,50.4441,49.9456,50.0917,232800
1998-04-17,50.0983,50.6590,50.0120,50.6331,382900
1998-04-20,50.5727,50.6072,50.2449,50.4088,299400
1998-04-21,50.3829,50.7539,50.2276,50.7453,372000
1998-04-22,50.7194,50.8574,50.6245,50.7107,503400
1998-04-23,50.6417,50.8143,50.3053,50.4174,597700
1998-04-24,50.3657,50.5555,49.7272,49.9947,820200
1998-04-27,49.3822,49.6238,48.8042,49.2787,1916800
1998-04-28,49.7100,49.7618,48.9508,49.1320,437200
1998-04-29,49.2959,49.6669,49.0975,49.3736,298700
1998-04-30,49.8739,50.4175,49.8136,50.1759,443100
1998-05-01,50.2967,50.6072,50.1414,50.6072,338300
1998-05-04,50.7884,51.1163,50.6935,50.6935,542500
1998-05-05,50.5210,50.7194,50.2277,50.5124,325600
1998-05-06,50.7108,50.7194,49.8481,49.8481,665500
1998-05-07,50.0378,50.0378,49.5375,49.5461,593100
1998-05-08,49.5547,50.2363,49.5202,50.2104,638100
1998-05-11,50.4002,50.7108,50.0724,50.2018,703100
1998-05-12,50.1931,50.7539,50.0292,50.7539,479000
1998-05-13,50.7453,50.9955,50.5900,50.9351,399400
1998-05-14,50.5555,50.9610,50.4347,50.6935,622900
1998-05-15,50.7778,50.7778,50.1819,50.1819,280900
1998-05-18,50.2251,50.4755,49.7415,50.0351,249200
1998-05-19,50.3633,50.4669,49.9488,50.0524,482100
1998-05-20,50.4324,50.7778,50.0956,50.7260,304400
1998-05-21,50.8123,50.9418,50.3546,50.5014,530600
1998-05-22,50.6223,50.6223,50.2596,50.4237,219000
1998-05-26,50.7001,50.7605,49.5515,49.5515,561300
1998-05-27,49.1888,49.6638,48.6016,49.5515,1041100
1998-05-28,49.6033,49.7933,49.2925,49.7329,367700
1998-05-29,49.8970,49.9747,49.1025,49.1025,232400
1998-06-01,48.9815,49.6638,48.9643,49.4133,445800
1998-06-02,49.5947,49.6724,49.0679,49.1629,391600
1998-06-03,49.3961,49.4133,48.5325,48.5498,473100
1998-06-04,48.5671,49.1629,48.3771,49.1284,636200
1998-06-05,49.4479,50.2165,49.1888,50.2165,1014000
1998-06-08,50.1560,50.4324,50.0092,50.2510,467900
1998-06-09,50.1906,50.3201,49.9401,50.1474,180100
1998-06-10,49.8969,50.3632,49.5083,49.6033,531300
1998-06-11,49.7588,49.8192,48.7052,48.7052,529200
1998-06-12,48.7398,48.9816,48.0144,48.9470,909200
1998-06-15,48.3944,48.6016,47.5049,47.5308,617400
1998-06-16,47.9798,48.0489,47.4962,47.9712,796500
1998-06-17,48.5153,49.2838,48.3944,48.9989,895100
1998-06-18,48.8780,49.0334,48.6880,48.8089,219000
1998-06-19,48.9660,49.0439,48.1092,48.2304,506100
1998-06-22,48.2910,48.5766,48.0746,48.2823,161500
1998-06-23,48.5506,48.9747,48.5506,48.9487,201600
1998-06-24,49.0179,49.5372,48.6631,49.4593,353100
1998-06-25,49.7795,50.0132,49.3728,49.6757,420200
1998-06-26,49.6237,49.8141,49.4853,49.6757,150400
1998-06-29,49.9526,50.2123,49.8488,49.9180,297700
1998-06-30,49.7968,49.9353,49.4939,49.6757,395600
1998-07-01,50.0564,50.2209,49.7881,50.1776,347100
1998-07-02,50.0392,50.1690,49.9266,50.0132,263900
1998-07-06,50.0219,50.5411,49.8661,50.5411,166500
1998-07-07,50.4978,50.7142,50.2468,50.4632,155700
1998-07-08,50.5065,50.9479,50.4632,50.9306,146900
1998-07-09,50.6103,50.9045,50.1084,50.3334,151500
1998-07-10,50.4199,50.6622,50.0391,50.5324,127800
1998-07-13,50.6104,50.9133,50.2901,50.3940,164400
1998-07-14,50.6709,51.3287,50.6709,51.1988,276000
1998-07-15,51.5104,51.5969,51.1123,51.2334,367900
1998-07-16,51.1989,51.7354,51.0085,51.6575,356100
1998-07-17,51.7527,51.8565,51.5623,51.6921,222100
1998-07-20,51.8133,51.8306,51.2767,51.5796,234900
1998-07-21,51.8306,51.8306,50.8180,50.8180,389800
1998-07-22,50.6796,50.8180,50.3074,50.6276,229900
1998-07-23,50.4978,50.6449,49.4074,49.4939,297000
1998-07-24,49.8921,49.8921,49.0353,49.5372,424800
1998-07-27,49.2775,50.0391,49.0352,49.9872,382900
1998-07-28,49.9006,49.9006,48.7496,49.4160,557300
1998-07-29,49.7449,49.8487,49.1996,49.3035,330400
1998-07-30,49.7795,50.0565,49.6151,49.9786,533300
1998-07-31,49.9180,50.0564,48.8275,49.0352,234400
1998-08-03,49.0872,49.2516,48.6198,48.6371,429300
1998-08-04,49.0872,49.0872,47.0101,47.0448,947200
1998-08-05,47.3217,47.5900,46.2659,47.4429,1456000
1998-08-06,47.0621,47.7631,47.0621,47.4429,571600
1998-08-07,47.7890,48.3170,47.3563,47.7198,698900
1998-08-10,47.6333,47.8583,47.1573,47.5121,233900
1998-08-11,46.6640,46.9756,46.0063,46.7332,1034100
1998-08-12,47.2005,47.5121,46.9236,47.4602,592000
1998-08-13,47.2698,47.7544,46.6813,46.6813,651900
1998-08-14,47.4255,47.4601,46.4043,46.6985,731000
1998-08-17,46.5774,47.6159,46.3524,47.4948,948800
1998-08-18,47.7544,48.5593,47.6506,48.3949,566000
1998-08-19,48.6891,48.6891,48.0660,48.1698,324700
1998-08-20,47.9621,48.2563,47.7198,47.7717,536300
1998-08-21,47.2566,47.5168,46.1810,47.5168,1184400
1998-08-24,47.6382,47.9332,47.1872,47.5341,292300
1998-08-25,48.0025,48.2280,47.3433,47.6902,309400
1998-08-26,47.1004,47.6382,46.9269,47.4040,653200
1998-08-27,46.5973,46.7535,44.8625,44.9926,1887300
1998-08-28,45.5217,45.8600,44.4808,44.8451,1225000
1998-08-31,45.0880,45.1921,41.5663,41.5663,1284000
1998-09-01,42.3123,43.9083,41.0112,43.5961,1760300
1998-09-02,43.6655,44.2033,43.0930,43.1797,551100
1998-09-03,42.3817,43.0930,42.0521,42.7633,806800
1998-09-04,43.1277,43.1797,41.6010,42.6766,578100
1998-09-08,43.9604,44.7758,43.4920,44.7411,1187900
1998-09-09,44.4635,44.6716,43.5267,43.5267,879200
1998-09-10,42.4511,42.8675,41.6357,42.0521,1292900
1998-09-11,41.8439,43.7522,41.6444,43.7002,1086900
1998-09-14,44.0905,44.6023,43.9777,44.0818,627700
1998-09-15,43.6481,44.6890,43.6308,44.5676,418000
1998-09-16,44.9319,45.3483,44.1859,45.0360,495200
1998-09-17,43.6655,44.0818,43.5787,43.7348,681100
1998-09-18,43.6739,43.9866,43.4307,43.8128,309400
1998-09-21,42.4057,44.2298,42.3362,44.0561,562200
1998-09-22,44.5077,44.5077,43.6478,43.8389,431900
1998-09-23,44.4209,45.5153,44.1342,45.5153,680200
1998-09-24,45.1766,45.5066,44.0474,44.3427,568800
1998-09-25,43.8997,45.0115,43.7260,44.5425,422200
1998-09-28,44.9942,45.3850,44.6815,45.1853,678800
1998-09-29,45.2981,45.3415,44.2471,44.8551,1089600
1998-09-30,44.2993,44.7162,43.4307,43.4654,673200
1998-10-01,42.8052,43.4480,42.1103,42.3709,1107600
1998-10-02,42.4578,43.5349,41.7282,43.4480,971800
1998-10-05,42.9964,43.3612,41.9367,42.9269,728800
1998-10-06,43.5349,43.8389,42.5968,42.9095,806100
1998-10-07,43.1006,43.6739,42.1712,42.9964,1280800
1998-10-08,41.7629,43.2222,41.3981,42.9790,2218200
1998-10-09,43.3959,44.1256,42.5620,44.0213,1196900
1998-10-12,44.7683,45.0115,44.1950,44.3514,630700
1998-10-13,44.4730,44.5772,43.7433,44.0126,288500
1998-10-14,43.9170,44.8464,43.8302,44.2992,939700
1998-10-15,44.1950,48.9203,44.0213,46.6271,1219200
1998-10-16,46.6619,46.9312,46.2797,46.8009,694800
1998-10-19,46.6966,47.3915,46.5924,47.0441,423800
1998-10-20,47.5218,48.0864,46.9659,47.1917,959800
1998-10-21,47.5132,47.6956,47.0441,47.2873,599800
1998-10-22,47.2699,47.6347,46.8096,47.5652,574800
1998-10-23,47.2178,47.3568,46.7661,46.8703,463400
1998-10-26,47.2526,47.4958,46.7661,46.9051,381100
1998-10-27,47.4089,47.4870,46.3578,46.5402,915900
1998-10-28,46.6184,46.9051,46.2363,46.3926,355200
1998-10-29,46.6445,47.4957,46.4013,47.4957,413600
1998-10-30,47.8606,48.1472,47.5739,47.8258,678700
1998-11-02,48.2428,48.6250,47.9388,48.6250,598900
1998-11-03,48.4686,48.7118,48.1993,48.3643,731200
1998-11-04,49.0245,49.3894,48.4078,49.0506,706600
1998-11-05,48.5294,49.7542,48.4426,49.7542,462600
1998-11-06,49.5891,49.9974,49.4762,49.9626,400000
1998-11-09,49.9452,49.9974,49.2069,49.4849,325700
1998-11-10,49.3372,49.7107,49.1982,49.2677,345400
1998-11-11,49.7194,49.7455,48.9029,49.1201,365000
1998-11-12,48.9898,49.5978,48.9898,49.2677,354400
1998-11-13,49.2851,49.8932,49.1809,49.7542,408300
1998-11-16,50.1190,50.2927,49.6934,50.2232,273700
1998-11-17,50.0061,51.1439,49.4936,50.0147,618700
1998-11-18,49.9626,50.5707,49.8931,50.4056,249600
1998-11-19,50.5533,50.6575,50.2059,50.4491,270800
1998-11-20,50.8458,51.0807,50.6718,51.0720,331900
1998-11-23,51.4287,52.3945,51.3678,52.3945,530600
1998-11-24,52.2117,52.2813,51.7158,51.8376,503700
1998-11-25,51.9246,51.9681,51.5679,51.8550,155300
1998-11-27,52.1770,52.1857,51.9246,51.9246,71000
1998-11-30,51.8115,51.8202,50.5325,50.5673,527600
1998-12-01,50.2542,51.1765,50.0454,50.8197,379800
1998-12-02,50.4107,50.6631,49.8452,50.5326,317600
1998-12-03,50.2976,50.6631,49.3145,49.4624,638700
1998-12-04,49.9061,50.4630,49.7669,50.3934,1230600
1998-12-07,50.4455,50.6631,50.1149,50.5326,522900
1998-12-08,50.4195,50.6718,49.7930,50.2890,405500
1998-12-09,50.2106,50.4803,49.9235,50.1497,310100
1998-12-10,50.0453,50.1236,49.0883,49.1579,422700
1998-12-11,49.0100,49.3406,48.5923,48.9839,548700
1998-12-14,48.6793,48.9838,48.1747,48.1747,393500
1998-12-15,48.7228,49.2101,48.1747,49.1231,637200
1998-12-16,49.3319,49.3319,48.7576,48.9316,537800
1998-12-17,49.0796,49.5581,49.0796,49.4015,1114300
1998-12-18,49.7030,49.8512,49.3719,49.4852,289100
1998-12-21,49.7902,50.8621,49.7030,50.0952,483500
1998-12-22,50.3480,50.6269,49.8774,50.3916,317700
1998-12-23,50.8883,51.4896,50.5833,51.3502,657600
1998-12-24,51.3764,51.6030,51.2108,51.3677,346900
1998-12-28,51.7424,51.7511,51.2108,51.2805,274000
1998-12-29,51.4810,52.1695,51.1846,52.1433,598800
1998-12-30,51.9080,52.1346,51.6640,51.6640,202600
1998-12-31,51.6553,51.7947,51.0365,51.0539,870300
1999-01-04,51.3589,52.2130,50.7837,51.2892,490200
1999-01-05,51.2805,52.1172,51.2805,51.9952,473000
1999-01-06,52.5268,53.4419,52.3351,53.3548,701400
1999-01-07,52.5703,53.2588,52.4832,53.1281,450300
1999-01-08,53.6859,53.8951,53.1543,53.8341,446300
1999-01-11,53.7382,53.7992,53.1281,53.7382,603000
1999-01-12,53.5116,53.5813,52.7272,52.7272,539600
1999-01-13,51.2021,52.6401,51.2021,52.0649,1082800
1999-01-14,52.1520,52.1520,50.6007,50.6879,604100
1999-01-15,51.4613,52.2382,51.1383,52.2208,470100
1999-01-19,52.6922,52.6922,51.4089,51.9938,1505900
1999-01-20,52.6224,52.9366,51.8192,52.3081,687500
1999-01-21,51.9589,52.3953,51.4176,51.4700,944500
1999-01-22,50.7979,51.4613,50.7018,51.0161,550700
1999-01-25,51.0597,51.5573,50.4836,51.5573,608400
1999-01-26,51.5660,52.3604,51.3042,52.3604,459600
1999-01-27,52.4129,52.5176,51.1209,51.2256,487100
1999-01-28,51.6621,52.0462,51.5224,51.6621,268200
1999-01-29,52.0724,52.5176,51.4264,52.1160,306900
1999-02-01,52.5089,52.7097,52.0462,52.1510,191400
1999-02-02,52.1073,52.1248,51.3304,51.7668,473600
1999-02-03,51.5224,52.5176,51.5224,52.4478,238100
1999-02-04,52.2470,52.5176,51.8280,52.2383,442800
1999-02-05,52.0811,52.2295,51.6446,51.9938,438700
1999-02-08,52.2382,52.3866,51.4351,51.8541,335500
1999-02-09,51.7582,51.8716,50.8415,51.0511,341700
1999-02-10,51.1209,51.3478,50.8240,51.1907,751900
1999-02-11,51.4613,52.7097,51.1209,52.5176,687700
1999-02-12,52.2208,52.5089,51.5748,51.9066,410400
1999-02-16,52.2907,52.5002,51.6796,51.7931,728100
1999-02-17,51.6621,52.3954,51.2867,51.6446,466000
1999-02-18,51.8105,52.1335,51.3827,51.9763,589200
1999-02-19,52.0778,52.5937,51.8155,52.3401,382200
1999-02-22,52.2964,53.5642,52.2439,53.5467,418500
1999-02-23,53.3544,53.7916,52.9172,53.4768,632800
1999-02-24,53.5555,53.7653,52.4625,52.5325,695600
1999-02-25,52.2002,52.5150,51.6231,52.1477,1438600
1999-02-26,52.4450,52.4975,51.7281,51.9816,356200
1999-03-01,52.0428,52.3576,51.6231,52.0778,336900
1999-03-02,52.3838,52.7248,51.8417,52.2002,242000
1999-03-03,52.0516,52.2352,51.4832,51.9554,201200
1999-03-04,52.3226,53.1445,52.2352,53.1445,584900
1999-03-05,53.9052,54.7534,53.8178,54.6310,1525300
1999-03-08,54.6572,54.7184,54.1676,54.5435,298300
1999-03-09,54.4561,55.0331,54.1413,54.2462,848200
1999-03-10,54.3512,54.8058,54.1763,54.8058,180300
1999-03-11,55.1819,55.8027,54.8583,55.5753,758500
1999-03-12,55.8725,55.8813,55.1993,55.1993,411300
1999-03-15,55.3479,55.8201,55.2605,55.8114,204000
1999-03-16,55.9163,56.0212,55.5490,55.6452,644400
1999-03-17,55.6628,55.8201,55.2256,55.3567,608100
1999-03-18,55.2692,56.2223,55.1905,56.1349,399800
1999-03-19,56.3241,56.4642,55.2382,55.2382,501000
1999-03-22,55.3082,55.7285,55.2382,55.5534,118500
1999-03-23,55.1594,55.7286,53.9597,54.1523,824500
1999-03-24,54.2662,54.4151,53.8984,54.2750,253600
1999-03-25,54.8266,55.3345,54.5814,55.2732,385500
1999-03-26,54.8967,55.2032,54.6427,55.0806,258900
1999-03-29,55.5973,56.3241,55.4834,55.9738,441200
1999-03-30,55.4396,55.9650,55.2995,55.6410,552000
1999-03-31,55.9037,56.0263,54.7303,54.7828,452900
1999-04-01,55.2032,55.2733,54.6690,55.0718,267500
1999-04-05,55.6760,56.2364,55.3782,56.1138,457400
1999-04-06,55.7898,56.2189,55.5884,55.8336,231600
1999-04-07,56.2540,56.6568,55.6936,56.6043,313900
1999-04-08,56.6131,57.2436,56.3066,57.1998,362600
1999-04-09,56.9370,57.4974,56.6042,57.0946,402300
1999-04-12,56.3941,58.0754,56.3941,58.0141,900800
1999-04-13,57.9353,58.4432,57.7251,58.3556,1310900
1999-04-14,58.7234,58.9685,58.0491,58.4782,1553700
1999-04-15,58.4607,58.9335,58.0053,58.7584,1917400
1999-04-16,58.8561,58.9787,58.1729,58.5933,2050400
1999-04-19,58.8211,60.2487,58.0153,58.5058,5045900
1999-04-20,58.4357,58.8386,57.8051,58.5583,4491000
1999-04-21,58.5846,59.7144,58.3831,59.6969,2419100
1999-04-22,59.9597,60.3100,59.4867,60.2399,1891000
1999-04-23,59.9772,60.3275,59.5918,60.0297,942000
1999-04-26,60.1698,60.1698,59.6443,60.1173,629400
1999-04-27,60.5377,60.8880,60.2662,60.7479,2460600
1999-04-28,60.6779,61.3435,60.5202,60.6867,2919100
1999-04-29,60.9932,61.2734,60.6078,60.9756,1922000
1999-04-30,61.2559,61.4135,59.6969,60.3275,3761500
1999-05-03,60.5027,61.7814,60.2749,61.7814,1834900
1999-05-04,61.5537,61.8865,60.9406,61.2384,2046600
1999-05-05,61.2909,61.5099,60.3976,61.3084,2827000
1999-05-06,61.2208,61.5712,60.7479,61.3785,2659100
1999-05-07,61.6938,61.9040,61.2384,61.9040,1749800
1999-05-10,61.8164,62.2719,61.4486,61.6588,1598000
1999-05-11,62.0091,62.2193,61.4836,61.7814,1519200
1999-05-12,61.6588,62.0441,59.9772,61.7464,3325500
1999-05-13,62.2018,62.4996,61.9391,62.3595,1390300
1999-05-14,61.4836,61.7201,60.9581,61.1683,2026200
1999-05-17,61.0457,61.0633,60.3626,60.9582,1204800
1999-05-18,61.2034,61.3785,60.3275,61.0019,1152500
1999-05-19,61.1333,61.2734,60.6779,61.1333,679000
1999-05-20,61.3435,61.4836,60.9756,60.9931,1410900
1999-05-21,61.1218,61.1745,60.5250,60.8058,747200
1999-05-24,61.0516,61.0516,59.6297,59.7526,1241800
1999-05-25,59.7175,60.4372,59.0153,59.0153,1253300
1999-05-26,59.5244,60.2968,59.0154,60.1037,1336500
1999-05-27,59.8930,59.9281,58.5413,58.9100,1617700
1999-05-28,58.9627,59.5069,58.8398,59.0592,702700
1999-06-01,59.0943,59.6121,58.4536,59.5946,1968500
1999-06-02,59.5420,59.7351,58.7872,59.4981,1111500
1999-06-03,59.7174,59.9983,59.5068,59.9632,583900
1999-06-04,60.3495,60.8410,59.9984,60.7883,632300
1999-06-07,60.8760,61.3675,60.7356,61.2095,651700
1999-06-08,61.1744,61.1744,60.3143,60.5249,574000
1999-06-09,60.6829,60.6829,59.9456,60.1738,395400
1999-06-10,59.8580,59.9457,59.1734,59.6649,750600
1999-06-11,59.8930,60.1037,58.6116,58.9627,1043900
1999-06-14,59.2611,59.6122,58.9802,59.3664,589100
1999-06-15,59.6122,60.0335,59.4103,59.7351,697300
1999-06-16,60.2617,60.7005,60.2441,60.5425,773500
1999-06-17,60.3846,61.1569,60.2441,61.0691,632500
1999-06-18,61.0470,61.2052,60.8362,60.9943,264300
1999-06-21,61.1525,61.2755,60.5199,60.8010,309700
1999-06-22,60.5199,60.8537,60.1772,60.2563,398800
1999-06-23,60.1509,60.1860,59.7643,59.8873,493800
1999-06-24,59.8170,59.8346,58.9032,59.3952,603500
1999-06-25,59.6764,59.8346,59.3250,59.4567,297600
1999-06-28,59.9224,60.1685,59.7467,59.9927,522300
1999-06-29,59.9400,60.7308,59.7906,60.5199,308300
1999-06-30,60.6253,61.9959,60.3090,61.5039,1151100
1999-07-01,61.7675,62.4177,61.3282,62.2595,1408100
1999-07-02,62.3123,62.8395,62.2069,62.7868,393900
1999-07-06,62.8043,63.2612,62.5671,62.6461,548000
1999-07-07,62.5583,62.8922,62.3123,62.7340,563100
1999-07-08,62.4705,63.1206,62.4177,62.5056,430000
1999-07-09,62.8219,63.0327,62.6462,63.0152,323300
1999-07-12,63.3139,63.3139,62.7516,62.8922,414200
1999-07-13,62.4704,63.1118,62.3123,62.9273,341900
1999-07-14,63.1558,63.1558,62.5583,62.7868,354100
1999-07-15,63.1557,63.1733,62.6813,62.8131,287100
1999-07-16,62.9635,63.1041,62.6823,63.0162,226300
1999-07-19,63.2095,63.3501,62.8228,62.8667,290700
1999-07-20,62.5944,62.8932,61.5925,61.6804,816500
1999-07-21,61.7858,62.2076,61.5045,61.8385,534900
1999-07-22,61.7506,62.1374,61.1354,61.5573,1008500
1999-07-23,61.8737,61.9264,61.1003,61.3464,541700
1999-07-26,61.1529,61.4430,60.9420,60.9947,377600
1999-07-27,61.3991,62.0055,61.2585,61.6628,1080200
1999-07-28,61.6628,62.0143,61.4870,61.5573,459100
1999-07-29,60.9948,61.0827,60.1511,60.6257,1201800
1999-07-30,60.7136,60.8806,59.7995,59.8171,788700
1999-08-02,59.8346,60.6959,59.6413,59.9401,673700
1999-08-03,60.2565,60.3268,59.5446,60.0280,1141400
1999-08-04,60.2741,60.8102,59.9050,59.9929,1571300
1999-08-05,60.1862,60.9420,59.3424,60.9420,1613300
1999-08-06,60.4674,60.8893,59.9049,60.2389,800600
1999-08-09,60.2917,60.5026,60.0456,60.2565,634100
1999-08-10,60.1862,60.2741,59.2194,60.0455,2335100
1999-08-11,60.3971,60.8014,59.9225,60.7487,716300
1999-08-12,60.8893,61.3815,60.6784,60.6959,595100
1999-08-13,61.4342,61.8737,61.3200,61.8737,567200
1999-08-16,61.8737,62.2604,61.6716,62.2428,663300
1999-08-17,62.8053,62.8405,61.9791,62.5768,625600
1999-08-18,62.3483,62.7174,61.7682,61.8121,776200
1999-08-19,61.3287,61.9791,61.3200,61.7330,732600
1999-08-20,61.9325,62.6723,61.8621,62.6547,688300
1999-08-23,62.9718,63.8701,62.8573,63.8613,1016900
1999-08-24,63.5707,64.1168,63.0070,63.6588,1476300
1999-08-25,63.7997,64.0463,63.1391,64.0463,864200
1999-08-26,63.7821,63.8526,63.1127,63.1656,749500
1999-08-27,63.3593,63.3593,62.5667,62.5667,656000
1999-08-30,62.6548,62.7252,61.4041,61.4746,789600
1999-08-31,61.5275,61.9854,60.7524,61.0166,1038800
1999-09-01,61.4041,61.7564,61.1751,61.7564,1136500
1999-09-02,60.9109,61.2985,60.5234,61.1047,1048200
1999-09-03,62.2320,62.7428,62.0030,62.7428,709500
1999-09-07,62.4082,62.6724,62.0735,62.1440,423700
1999-09-08,61.8621,62.7076,61.7917,62.1792,773400
1999-09-09,62.2496,62.5843,61.8621,62.3201,554800
1999-09-10,63.0247,63.0599,62.1440,62.1792,660100
1999-09-13,62.0207,62.2849,61.9150,62.1792,518700
1999-09-14,61.9326,61.9326,61.4394,61.6332,806700
1999-09-15,62.1439,62.1615,60.7876,60.8052,1055000
1999-09-16,61.0343,61.0343,59.9598,60.6115,1439300
1999-09-17,61.1263,61.3027,60.8618,61.1616,580400
1999-09-20,61.2145,61.2145,60.8794,60.9676,341300
1999-09-21,60.4386,60.5620,59.5568,59.7332,1491900
1999-09-22,59.8918,59.8918,59.1952,59.3363,1561300
1999-09-23,59.8036,59.8212,57.9254,57.9518,2152200
1999-09-24,57.7843,58.4016,57.2464,57.9254,1745100
1999-09-27,58.5338,58.7631,58.0929,58.1811,1184200
1999-09-28,57.8460,58.2693,56.8584,57.9871,2126400
1999-09-29,57.9871,58.3751,57.4933,57.5639,1055300
1999-09-30,58.0047,58.7631,57.7402,58.4809,1157000
1999-10-01,57.8725,58.2164,57.4404,57.8989,1263800
1999-10-04,58.3399,58.9218,58.2693,58.9218,655500
1999-10-05,58.8777,59.3627,57.9342,58.7014,2400000
1999-10-06,58.9395,59.7683,58.8336,59.7507,856900
1999-10-07,59.8565,59.8565,59.3274,59.4068,529900
1999-10-08,59.4862,60.1564,59.2393,60.1564,924000
1999-10-11,60.0329,60.4562,59.9359,60.0329,209600
1999-10-12,59.9799,59.9799,58.7983,58.8160,1083900
1999-10-13,58.5515,58.9395,57.5639,57.5991,1821400
1999-10-14,57.7931,58.4104,57.1230,57.9166,1619400
1999-10-15,56.9831,57.3889,56.3833,56.4538,2300500
1999-10-18,56.5773,57.2301,56.2069,57.0890,2019900
1999-10-19,57.8476,58.3415,57.4418,57.6888,1207500
1999-10-20,58.1475,58.7473,57.8652,58.5532,1329300
1999-10-21,57.6535,58.3944,57.4065,58.3944,993200
1999-10-22,58.7649,59.4706,58.6062,58.9943,1149700
1999-10-25,58.5356,58.8179,58.2357,58.3592,619500
1999-10-26,58.6767,58.8178,57.9710,57.9710,1208500
1999-10-27,58.3240,58.9061,58.0240,58.8532,791800
1999-10-28,59.8764,60.1940,59.5941,60.1587,1030400
1999-10-29,60.6527,60.9702,60.3351,60.7232,2217100
1999-11-01,60.6879,60.7585,60.1233,60.1233,559800
1999-11-02,60.3880,60.7938,59.6471,59.6647,975300
1999-11-03,60.2998,60.2998,59.6999,59.9646,1025500
1999-11-04,60.4233,60.6526,59.8940,60.1939,578600
1999-11-05,60.9525,61.1642,60.3703,60.7055,1139100
1999-11-08,60.0528,60.7232,60.0528,60.6173,628600
1999-11-09,60.8996,60.8996,59.8411,60.0175,668000
1999-11-10,59.6118,60.3175,59.5059,59.8411,825600
1999-11-11,59.9822,60.1939,59.5941,59.8940,727400
1999-11-12,60.3880,61.0055,59.5765,61.0055,818200
1999-11-15,60.9172,61.1024,60.5644,60.8643,573400
1999-11-16,61.2172,62.0905,60.7585,62.0552,1382000
1999-11-17,61.7817,61.9405,61.5347,61.6582,433900
1999-11-18,62.0640,62.5050,61.8699,62.3904,645300
1999-11-19,62.1531,62.4712,61.9764,62.2150,327800
1999-11-22,62.2062,62.8954,62.0736,62.8424,324000
1999-11-23,62.8954,62.8954,62.1001,62.2592,362000
1999-11-24,61.9765,62.4890,61.9323,62.2858,251600
1999-11-26,62.5773,62.5773,61.8705,61.8881,165100
1999-11-29,61.9588,62.1267,61.6142,61.9499,390700
1999-11-30,61.9499,62.4890,61.1900,61.4640,620000
1999-12-01,61.4639,62.2769,61.4463,62.2592,435500
1999-12-02,62.2945,62.6656,62.2857,62.5508,266100
1999-12-03,63.2311,64.1148,63.2046,63.8762,862700
1999-12-06,63.8762,63.9734,63.3549,63.4786,304000
1999-12-07,63.6818,63.7967,62.8865,62.8865,505300
1999-12-08,62.7805,63.2665,62.4712,62.4712,454800
1999-12-09,63.0368,63.4256,62.4713,62.9838,832800
1999-12-10,63.4256,63.8851,62.8777,63.6023,472000
1999-12-13,63.1782,63.7083,63.1252,63.4609,570900
1999-12-14,63.0898,63.6730,63.0368,63.2312,536300
1999-12-15,62.9837,63.8497,62.9661,63.4874,465700
1999-12-16,63.7525,63.7525,62.9837,63.5669,623500
1999-12-17,63.9995,64.5214,63.8580,63.8580,472700
1999-12-20,64.1057,64.1411,62.9029,63.0798,521700
1999-12-21,62.8674,63.7696,62.7967,63.4335,773700
1999-12-22,63.5750,63.8138,63.3450,63.5042,407800
1999-12-23,63.9642,64.8044,63.9642,64.8044,524600
1999-12-27,64.8486,65.0432,64.4948,64.6009,450400
1999-12-28,64.4418,65.2643,64.4418,65.1317,769600
1999-12-29,65.3705,65.4236,64.9194,65.0256,273900
1999-12-30,65.3616,65.5032,64.7425,64.7867,494700
1999-12-31,64.9017,65.4324,64.7514,65.2024,549000
2000-01-03,65.6800,65.6800,63.9641,64.2472,1278800
2000-01-04,63.5574,63.9465,62.1334,62.1334,1535700
2000-01-05,62.2660,63.6103,61.7176,62.9382,2007000
2000-01-06,63.0620,64.0615,62.9382,63.2566,2639500
2000-01-07,64.1411,65.4147,64.0880,65.3793,3767400
2000-01-10,66.1222,66.1222,65.3439,65.6623,762900
2000-01-11,65.1847,66.0869,65.1051,65.1759,1658700
2000-01-12,65.3793,65.7685,65.1847,65.3439,813300
2000-01-13,65.6712,66.0161,65.2201,65.5916,1192200
2000-01-14,66.4937,66.5114,65.7331,66.5114,1935500
2000-01-18,65.9100,66.1576,65.3793,65.5031,656500
2000-01-19,65.4500,65.5473,64.8663,65.4147,1003400
2000-01-20,65.6269,65.6446,63.7696,64.3799,887000
2000-01-21,64.6790,64.6790,63.6170,63.9002,783200
2000-01-24,64.1480,64.3604,61.7761,62.3071,2066100
2000-01-25,62.6434,62.8027,61.5990,62.5018,1728200
2000-01-26,62.4310,63.0860,62.3779,62.5726,1001400
2000-01-27,62.9444,63.2187,61.8469,62.5726,853900
2000-01-28,62.2187,62.3426,60.6875,60.8380,1253300
2000-01-31,60.6875,62.0947,60.6078,62.0239,996600
2000-02-01,62.0593,62.7142,61.7584,62.4664,786500
2000-02-02,62.5195,62.9797,62.1124,62.1301,618100
2000-02-03,62.6611,62.6788,61.2981,62.5903,863300
2000-02-04,62.5550,62.8559,61.9354,62.1655,474000
2000-02-07,61.8292,62.0062,61.3866,61.5991,718900
2000-02-08,62.2540,62.5018,61.8114,61.9176,993100
2000-02-09,61.8469,61.9531,60.4839,60.5547,819900
2000-02-10,60.7583,60.9441,60.0502,60.6078,1263500
2000-02-11,60.3600,60.3600,58.6961,59.1917,2148400
2000-02-14,59.4750,59.8113,59.2272,59.7582,1300800
2000-02-15,59.8113,61.1035,59.4839,60.8557,1360000
2000-02-16,60.5370,60.9972,59.8997,59.9351,725800
2000-02-17,60.4839,60.5282,59.2803,59.3511,1164100
2000-02-18,59.5483,59.5483,57.8469,57.9887,1526700
2000-02-22,58.3431,58.6799,57.2798,58.3077,1518800
2000-02-23,58.3963,58.6976,57.6342,57.9887,1558900
2000-02-24,58.1659,58.2368,56.4645,57.8469,4518700
2000-02-25,57.0494,57.5456,55.6847,55.8974,3316900
2000-02-28,56.2518,57.6342,55.7202,56.7924,3068300
2000-02-29,57.3861,57.9178,56.9608,57.5988,1205000
2000-03-01,57.7228,58.2899,57.1025,57.6341,1136200
2000-03-02,57.5456,57.9887,57.2797,57.6696,576000
2000-03-03,58.6090,59.2913,58.4140,58.9102,1678200
2000-03-06,58.8748,58.9723,57.3595,57.6874,1220500
2000-03-07,57.5456,57.5810,55.3125,55.5784,3745500
2000-03-08,56.0038,56.3582,55.0999,55.8443,2618900
2000-03-09,56.0569,56.9608,55.1885,56.8987,1715100
2000-03-10,56.6595,57.3152,56.1278,56.4645,1352600
2000-03-13,54.9227,56.8190,54.9227,56.5000,1506500
2000-03-14,56.8899,57.1026,55.5784,55.8443,854300
2000-03-15,55.9328,57.8380,55.3834,57.6341,2040200
2000-03-16,58.1659,60.6116,58.0773,60.5585,4857700
2000-03-17,60.2045,61.1807,60.0181,60.2755,3710500
2000-03-20,60.3642,60.9677,60.1423,60.6659,1812000
2000-03-21,60.5239,62.0148,60.1690,61.9794,2310300
2000-03-22,61.9971,62.0504,61.2339,61.6688,2434800
2000-03-23,61.5534,63.3283,61.4824,63.1153,1894400
2000-03-24,62.7781,63.8785,62.6361,63.1153,1903400
2000-03-27,63.2396,63.5591,62.2989,62.3699,1431300
2000-03-28,61.9794,63.0354,61.9794,62.1214,1575100
2000-03-29,62.3876,63.1685,61.8729,62.9023,1426600
2000-03-30,62.4053,63.3283,61.8374,62.5118,3573300
2000-03-31,62.9289,63.1863,61.9438,62.1568,1103400
2000-04-03,62.0859,64.0027,61.9794,64.0027,1411100
2000-04-04,63.9318,64.9435,60.3998,63.4348,6635600
2000-04-05,62.6538,63.7897,62.4142,62.6893,3400700
2000-04-06,63.2573,63.7365,62.6893,63.2839,2279700
2000-04-07,63.5945,63.6034,62.7958,62.9911,1027100
2000-04-10,63.1686,64.1714,62.9911,63.6478,1833500
2000-04-11,63.7543,64.5974,62.9556,64.3223,3624800
2000-04-12,64.6772,65.0499,62.7603,62.7692,3620700
2000-04-13,63.2485,63.3638,61.7664,61.9262,4333100
2000-04-14,61.0210,61.4825,57.6576,58.2255,4518600
2000-04-17,58.4296,60.2222,58.0746,60.2045,5978400
2000-04-18,60.4707,61.2162,60.1424,60.8080,1576900
2000-04-19,61.0209,61.3759,60.3908,60.6659,1536500
2000-04-20,60.8336,61.8102,60.7093,61.8102,1886300
2000-04-24,60.7980,62.0765,60.6560,61.8634,1714200
2000-04-25,62.3429,63.4260,61.8102,63.2307,2798800
2000-04-26,63.3905,63.3905,61.8990,61.9345,2051700
2000-04-27,60.8513,62.2185,60.8513,61.5793,1656700
2000-04-28,62.1476,62.2186,60.7981,61.1177,1166000
2000-05-01,61.3486,62.1299,60.8869,61.4374,1385800
2000-05-02,61.0822,61.4995,60.6916,60.8336,705000
2000-05-03,60.5228,60.6382,58.9514,59.5551,2333500
2000-05-04,59.8215,59.8215,58.9692,59.2711,1154900
2000-05-05,58.7028,60.1677,58.7028,60.1411,1352100
2000-05-08,59.8125,60.4429,59.6616,60.1943,665500
2000-05-09,60.2654,60.7625,59.6616,59.8747,1194600
2000-05-10,59.3953,59.7149,58.3122,58.7028,1832600
2000-05-11,59.0935,60.1766,59.0224,60.0878,1342700
2000-05-12,60.2298,60.6738,60.0878,60.3719,999400
2000-05-15,60.4962,61.5084,60.2654,61.4817,721400
2000-05-16,61.8634,62.3783,61.4728,62.1120,1155300
2000-05-17,61.5438,61.7569,61.1177,61.2242,896000
2000-05-18,61.3752,61.8279,61.0289,61.0467,931300
2000-05-19,60.6449,60.9116,60.0491,60.6449,1394200
2000-05-22,60.3959,60.5204,58.9731,60.0580,1233400
2000-05-23,60.0935,60.1469,59.1954,59.4355,715700
2000-05-24,59.6045,60.1469,58.8842,60.0046,1256700
2000-05-25,60.1647,60.2180,58.3684,58.9020,1199600
2000-05-26,58.8842,59.1777,58.3507,58.6886,918800
2000-05-30,59.2577,60.0402,58.9198,60.0046,822500
2000-05-31,59.7734,60.3781,59.7556,59.9335,476100
2000-06-01,60.3159,60.8939,59.9513,60.6093,791900
2000-06-02,61.8897,62.0142,61.1873,61.1873,751000
2000-06-05,61.1073,61.8810,61.1073,61.6053,750600
2000-06-06,61.1784,61.4540,60.9294,61.2584,392700
2000-06-07,61.1072,61.8542,60.9116,61.6585,895300
2000-06-08,61.3029,61.3029,60.5382,60.7694,847900
2000-06-09,61.3029,61.3029,60.2625,60.4759,818500
2000-06-12,60.6893,60.7160,60.1291,60.1647,429700
2000-06-13,59.8624,60.7249,59.6845,60.6093,954000
2000-06-14,60.8494,61.1695,60.5560,61.0361,614900
2000-06-15,60.9650,61.3207,60.6893,60.8049,647700
2000-06-16,60.9536,61.0159,59.5123,59.5123,3000700
2000-06-19,59.6546,60.3931,59.4055,60.1262,930300
2000-06-20,60.0194,60.0372,59.2542,59.6457,1360800
2000-06-21,59.3966,59.9305,59.2988,59.7525,599800
2000-06-22,59.5568,59.8059,58.8628,59.2187,888200
2000-06-23,59.3433,59.7792,59.0942,59.4678,726800
2000-06-26,59.7525,60.3397,59.6280,60.3397,1014800
2000-06-27,60.1618,60.4999,59.8415,60.0017,415600
2000-06-28,60.2152,60.6156,59.8326,60.0017,516900
2000-06-29,59.5657,59.9661,59.0052,59.3611,444300
2000-06-30,58.9607,59.5034,58.8450,59.4322,655200
2000-07-03,59.6458,60.3397,59.4145,60.3397,267700
2000-07-05,59.9927,60.2863,59.5834,59.7880,785200
2000-07-06,59.9839,60.0462,59.2543,59.8415,330700
2000-07-07,60.1084,60.7846,59.8771,60.5443,634500
2000-07-10,60.3931,61.0515,60.3931,60.6422,387500
2000-07-11,60.6244,61.6298,60.5177,61.0693,1001400
2000-07-12,61.5853,61.8345,61.2384,61.3896,977100
2000-07-13,61.7988,61.8878,61.2828,61.4963,1176200
2000-07-14,61.6031,61.7454,61.2828,61.6387,551300
2000-07-17,61.4251,61.8878,61.2472,61.4963,690600
2000-07-18,61.2472,61.4963,60.9447,61.2828,347600
2000-07-19,61.2472,61.5853,60.8913,61.0337,764300
2000-07-20,61.3896,62.1191,61.3896,62.1191,657900
2000-07-21,61.5922,61.7793,61.0130,61.0130,471000
2000-07-24,61.2268,61.4406,60.8348,60.9061,414300
2000-07-25,61.2091,61.2982,60.8349,60.8883,275600
2000-07-26,60.7458,60.8705,60.0954,60.1578,406500
2000-07-27,60.2023,60.7190,59.9617,60.4606,804400
2000-07-28,60.5943,60.7279,59.6053,59.8726,523100
2000-07-31,60.1221,60.4428,59.8013,59.8726,352300
2000-08-01,60.1755,60.6210,59.8994,60.4428,385600
2000-08-02,60.3894,61.1556,60.3715,61.0130,724600
2000-08-03,60.4963,61.2892,60.4695,60.9774,658400
2000-08-04,61.0843,61.4318,60.8081,61.2982,880100
2000-08-07,61.4585,62.1713,61.2180,61.9396,1176900
2000-08-08,61.9041,62.7059,61.7793,62.5277,807200
2000-08-09,62.3851,62.6078,62.1000,62.2247,1227000
2000-08-10,62.1624,62.4920,62.0644,62.2782,429800
2000-08-11,62.2782,63.1692,62.2426,62.9197,1093800
2000-08-14,62.8841,63.8463,62.7772,63.7038,1212700
2000-08-15,63.5701,63.5790,63.0800,63.2582,1258400
2000-08-16,63.3117,63.4721,62.5901,63.3296,1050000
2000-08-17,62.7325,63.3562,62.7325,63.2047,590600
2000-08-18,63.3280,63.3280,62.7750,63.0426,349000
2000-08-21,63.3280,63.4351,62.9177,63.4351,755100
2000-08-22,63.4082,63.9345,63.3636,63.6758,1054000
2000-08-23,63.4706,63.8631,63.1674,63.6490,602900
2000-08-24,63.5955,64.0058,63.4528,63.9523,408400
2000-08-25,63.8631,64.0772,63.6669,64.0683,134900
2000-08-28,64.0683,64.6926,63.9791,64.3269,531700
2000-08-29,64.1842,64.2913,63.9345,64.2377,327200
2000-08-30,63.7561,64.0772,63.3279,63.4528,357300
2000-08-31,63.6491,64.6391,63.6134,64.2021,889600
2000-09-01,64.4697,64.6480,64.1218,64.2377,302000
2000-09-05,63.8989,64.5767,63.8275,64.4251,375700
2000-09-06,64.5232,65.1297,64.5232,64.6124,715300
2000-09-07,64.3804,64.6480,64.0861,64.3804,650300
2000-09-08,64.0861,64.3805,63.8721,63.9880,419300
2000-09-11,63.9167,64.5053,63.5956,64.0059,765600
2000-09-12,63.8988,64.5410,63.4528,64.4518,617600
2000-09-13,64.0415,64.2199,63.6936,63.9701,353400
2000-09-14,64.1234,64.2842,63.2839,63.4536,663000
2000-09-15,63.3196,63.4446,62.2836,62.3015,460400
2000-09-18,62.5515,62.5694,61.6495,61.8728,1033800
2000-09-19,61.9799,61.9799,61.4976,61.7120,714100
2000-09-20,61.7299,61.9443,60.3188,61.1226,3727200
2000-09-21,60.9082,61.7299,60.7296,60.7296,1943500
2000-09-22,60.6939,62.2300,60.5867,62.1585,1539300
2000-09-25,62.0871,62.2836,61.6048,61.7834,552100
2000-09-26,61.5870,61.6763,60.6760,60.6760,711500
2000-09-27,61.0869,61.1048,60.4617,60.8815,612500
2000-09-28,60.8100,62.0871,60.7743,61.9263,1042400
2000-09-29,61.6942,61.8013,60.9440,60.9440,780400
2000-10-02,61.1494,61.3637,60.7832,61.2119,481400
2000-10-03,61.3905,62.1764,61.1583,61.1762,2242400
2000-10-04,61.4798,62.0871,61.2476,61.6674,1312100
2000-10-05,61.7031,62.0514,61.2655,61.4262,652100
2000-10-06,61.3012,61.7120,60.1402,60.6939,1306700
2000-10-09,60.6046,60.8904,60.3456,60.4706,555100
2000-10-10,60.5867,60.8100,59.9437,59.9616,565500
2000-10-11,59.8902,60.4796,59.1936,59.6758,1241600
2000-10-12,59.6669,59.6669,57.3091,57.3716,2638900
2000-10-13,57.2020,58.4433,57.2020,58.2290,1456700
2000-10-16,58.4344,58.8363,58.3094,58.7023,566400
2000-10-17,58.8542,58.9613,57.3716,57.4967,906200
2000-10-18,56.5857,57.6217,55.2997,57.0322,3011000
2000-10-19,57.8718,58.2290,57.4520,58.2111,1539600
2000-10-20,57.7328,58.7702,57.6971,58.5913,1682500
2000-10-23,58.7344,59.2978,58.5377,59.0295,866900
2000-10-24,59.0921,59.7270,58.8596,59.1994,1545400
2000-10-25,59.2709,59.9148,58.7880,58.8864,1586400
2000-10-26,59.0027,59.9327,58.6718,59.3425,2003600
2000-10-27,59.7002,60.8984,59.3782,60.7733,1576000
2000-10-30,60.5587,62.2041,60.5587,61.9179,4240300
2000-10-31,62.3382,62.9105,61.7212,62.6154,4993400
2000-11-01,62.4724,62.9106,62.0610,62.4724,3410300
2000-11-02,62.5081,62.7406,62.1683,62.1772,1556300
2000-11-03,62.3829,62.3829,61.5692,61.9358,1663700
2000-11-06,62.0789,63.0268,61.9358,62.9732,2280300
2000-11-07,62.8837,62.9910,62.5797,62.8122,1136900
2000-11-08,63.0089,63.0805,62.2488,62.2488,1464300
2000-11-09,61.7748,62.3650,60.8091,61.9358,3839200
2000-11-10,61.5781,61.7212,60.6660,60.7375,1602200
2000-11-13,60.0936,60.8001,59.3782,60.3440,3009800
2000-11-14,60.7375,61.7748,60.6660,61.4171,1831200
2000-11-15,61.1668,61.9537,60.9611,61.4171,626600
2000-11-16,61.1131,61.7391,60.9164,61.0237,908100
2000-11-17,61.0031,61.9253,60.4748,60.8777,1289700
2000-11-20,60.6360,60.7435,59.8839,59.9914,1087400
2000-11-21,60.1524,60.6718,59.7047,60.3852,814700
2000-11-22,59.9555,60.2420,59.4541,59.5257,1096100
2000-11-24,60.1614,60.3136,59.9197,60.2062,535800
2000-11-27,60.8509,61.0120,60.4390,60.6718,777600
2000-11-28,60.4570,60.9584,60.1346,60.3316,1055900
2000-11-29,60.4749,61.1375,60.2063,60.7256,1399600
2000-11-30,60.3137,60.7077,58.9527,59.8302,1858100
2000-12-01,60.1346,60.3853,59.2571,59.4899,2277400
2000-12-04,59.0960,60.8688,59.0781,60.7256,1971400
2000-12-05,61.3165,62.6685,61.1016,62.4268,2005200
2000-12-06,62.1850,62.3820,60.8957,61.1553,1846600
2000-12-07,61.1016,61.3881,60.6181,60.7345,895600
2000-12-08,61.6926,62.1582,59.7943,59.9018,1716200
2000-12-11,61.1016,61.9970,61.1016,61.6568,1062600
2000-12-12,61.3344,62.2746,61.3344,61.9612,679100
2000-12-13,62.4178,62.7133,61.7911,61.9254,813200
2000-12-14,61.4957,61.6927,60.9047,61.1286,1241700
2000-12-15,60.6678,60.9547,59.5294,59.5294,2231500
2000-12-18,60.4886,61.2684,60.4707,61.1788,2611500
2000-12-19,61.1160,61.9048,60.5603,60.5871,1554800
2000-12-20,59.7177,60.1838,59.0633,59.0633,2413500
2000-12-21,59.0006,60.3810,58.9647,60.2017,2508500
2000-12-22,60.5244,61.3670,60.3630,61.3670,1895200
2000-12-26,61.3581,61.7077,60.7934,61.6718,933900
2000-12-27,61.3850,62.2097,60.9906,62.2097,1769600
2000-12-28,61.9228,62.5324,61.7973,62.3889,1100100
2000-12-29,62.6220,62.6220,61.2595,61.2595,1552800
2001-01-02,61.4925,61.8152,60.5782,61.0443,1468300
2001-01-03,61.0443,64.5402,60.5961,62.8371,4409300
2001-01-04,62.6130,63.3391,62.3889,62.6668,1516600
2001-01-05,62.0662,62.1917,60.9547,60.9726,1633900
2001-01-08,60.8113,61.4567,60.3093,60.9905,1450200
2001-01-09,61.3491,61.3670,60.3272,60.4885,1313100
2001-01-10,60.3093,61.1519,60.0045,61.1519,1700300
2001-01-11,61.0264,61.1161,60.3810,60.7755,1605100
2001-01-12,60.5423,60.9547,60.0224,60.4348,1645800
2001-01-16,60.3810,61.2595,60.1300,61.0623,1052400
2001-01-17,61.5194,61.6001,60.4976,60.7934,2434700
2001-01-18,60.9906,61.6629,60.5782,61.2236,1189400
2001-01-19,61.5253,61.5253,60.6279,60.6279,1057700
2001-01-22,60.7356,61.1304,60.3407,60.9510,851400
2001-01-23,60.6638,61.4086,60.6100,61.1663,1362700
2001-01-24,61.1843,61.4356,61.0048,61.0766,634400
2001-01-25,61.2740,61.9919,61.1304,61.6330,1228900
2001-01-26,61.5253,61.7945,60.9868,61.2381,1536000
2001-01-29,61.2295,61.6603,60.9653,61.5109,613500
2001-01-30,61.5913,62.6309,61.3386,62.4471,1213200
2001-01-31,62.6022,62.8893,62.2001,62.4126,1740200
2001-02-01,62.4414,63.3201,62.2576,63.1880,1743700
2001-02-02,63.0616,63.4005,62.3150,62.3896,1936700
2001-02-05,62.5275,63.1133,62.4586,63.0616,1516200
2001-02-06,62.7745,63.4522,62.7745,62.9353,1184400
2001-02-07,62.8835,63.3143,62.6653,62.9582,1712100
2001-02-08,63.0903,63.1076,62.4356,62.4471,1213800
2001-02-09,62.3150,62.6022,61.8383,62.0393,1531700
2001-02-12,62.0738,62.9984,62.0450,62.9640,1267200
2001-02-13,63.0042,63.4063,62.6252,62.7630,2354500
2001-02-14,62.8089,62.8089,62.0336,62.1886,1814400
2001-02-15,62.4299,62.8491,62.2059,62.7974,925400
2001-02-16,61.9950,62.4322,61.6672,62.2078,1561500
2001-02-20,62.3516,62.7542,61.7246,61.8052,1179800
2001-02-21,61.6326,61.8282,60.4535,60.5685,1815400
2001-02-22,60.7411,60.8849,59.7057,60.7698,2671700
2001-02-23,60.4535,60.5110,59.2456,60.1372,2489200
2001-02-26,60.3385,61.3738,59.9703,61.3738,1267800
2001-02-27,61.1322,61.6614,60.7411,61.3163,2046300
2001-02-28,61.4026,61.6039,59.9761,60.3960,2859200
2001-03-01,60.0796,60.4535,59.3088,60.2119,2547100
2001-03-02,59.5447,60.9654,59.2514,60.2810,2799900
2001-03-05,60.5398,60.9079,60.3327,60.7238,1067900
2001-03-06,61.2588,61.6269,60.8619,61.0575,1794900
2001-03-07,61.4313,61.8914,61.1437,61.8052,2587600
2001-03-08,61.5521,62.5702,61.5521,62.4725,2447400
2001-03-09,62.1216,62.1216,60.8274,61.0575,3106100
2001-03-12,60.6548,62.0296,58.3253,58.6129,4689200
2001-03-13,58.9867,59.3894,58.1527,59.1651,6299600
2001-03-14,57.6638,58.8429,57.0195,57.6292,9402900
2001-03-15,58.2333,58.2793,57.4625,57.7501,3576900
2001-03-16,57.4050,57.9580,56.5409,56.6734,4029600
2001-03-19,56.9787,57.6066,56.4027,57.4626,4135000
2001-03-20,57.6354,58.0098,55.8496,55.8554,4743300
2001-03-21,55.8554,56.0628,54.4383,54.6111,7788600
2001-03-22,54.4383,54.7493,52.4220,53.8334,12445300
2001-03-23,54.4325,55.0086,53.7470,54.8991,6343300
2001-03-26,55.3024,56.1377,55.1814,55.9936,5740500
2001-03-27,55.7056,57.3762,55.5328,57.1400,7042500
2001-03-28,56.6849,56.8750,55.8784,56.2587,5380800
2001-03-29,55.9072,57.0133,55.7632,56.5351,5104700
2001-03-30,56.6389,57.1976,56.1953,57.1112,5053600
2001-04-02,56.6850,57.5894,55.8900,56.1032,8406800
2001-04-03,55.9072,55.9936,54.2942,54.3230,6530700
2001-04-04,54.4382,55.6768,54.0120,54.9049,5376800
2001-04-05,56.0167,57.3128,55.9360,57.2552,5670100
2001-04-06,56.7426,56.9154,55.9073,56.5697,5727900
2001-04-09,57.2840,57.3128,56.2874,56.9269,3701300
2001-04-10,56.6273,58.6378,56.6273,58.1654,8755900
2001-04-11,59.0410,59.0468,57.3762,57.7103,4623500
2001-04-12,57.3186,58.6032,57.0305,58.5859,3777300
2001-04-16,58.1827,58.7415,57.8946,58.1712,2164100
2001-04-17,58.0502,59.0180,58.0156,58.9027,3424200
2001-04-18,59.4788,61.8983,59.3982,61.3050,8816500
2001-04-19,61.2934,61.7716,60.8902,61.7428,3677200
2001-04-20,61.1115,61.4977,60.6848,61.0826,2753000
2001-04-23,60.7368,61.0250,60.4197,60.6215,2296500
2001-04-24,60.8867,61.3883,60.2179,60.4197,2812900
2001-04-25,60.5926,61.4286,60.2179,61.3767,2232600
2001-04-26,61.5151,62.1435,61.2787,61.6995,2626400
2001-04-27,62.0628,62.4317,61.7457,62.3972,3045100
2001-04-30,62.5470,62.9103,61.7457,61.8149,3978100
2001-05-01,61.9475,62.8988,61.8610,62.8411,3892600
2001-05-02,62.8699,63.1236,62.2415,62.6623,4863600
2001-05-03,62.2645,62.3741,61.8437,62.3452,3190400
2001-05-04,61.6592,63.3081,61.5554,63.3023,5031000
2001-05-07,63.1005,63.4349,62.8122,62.9679,2489400
2001-05-08,63.2100,63.2100,62.3798,62.7315,3099900
2001-05-09,62.4375,63.0255,62.3222,62.6162,2595900
2001-05-10,63.2677,63.3887,62.9045,62.9909,2157800
2001-05-11,62.9045,63.0544,62.1723,62.5701,3418400
2001-05-14,62.4663,62.8353,62.3279,62.8353,2258600
2001-05-15,62.8987,63.2734,62.3452,62.9679,3467400
2001-05-16,62.4951,64.9454,62.4663,64.8358,8124000
2001-05-17,64.8013,65.5161,64.6571,65.0780,5072100
2001-05-18,64.9908,65.3488,64.7078,65.3372,3790100
2001-05-21,65.2507,65.5971,64.7598,65.4239,4280900
2001-05-22,65.5104,65.5104,64.9445,65.0600,3840800
2001-05-23,64.8465,64.9619,64.1304,64.1535,3897400
2001-05-24,64.3555,64.5865,63.8358,64.2574,2439600
2001-05-25,64.2979,64.2979,63.5241,63.6049,2465700
2001-05-29,63.7782,63.9803,63.3797,63.7551,2103400
2001-05-30,63.5299,63.8590,62.7388,62.9409,3908700
2001-05-31,63.0852,63.4779,62.7965,62.9870,2087200
2001-06-01,63.2296,63.7781,62.5944,63.7781,2390100
2001-06-04,63.6626,64.0495,63.2296,63.9052,1067100
2001-06-05,63.9225,64.7771,63.7782,64.6501,1919600
2001-06-06,64.5865,64.6385,63.9282,64.1246,2137400
2001-06-07,63.7781,64.1650,63.6049,64.0437,2334000
2001-06-08,63.9803,63.9803,63.1430,63.3740,1405600
2001-06-11,63.2584,63.4316,62.8253,63.1429,2264700
2001-06-12,62.7619,63.5183,62.3346,63.2469,2369500
2001-06-13,63.3740,63.6627,62.8023,62.8312,2241600
2001-06-14,62.5655,62.5655,61.5146,61.5550,3475600
2001-06-15,61.5030,62.0174,61.0694,61.6764,4091800
2001-06-18,61.5030,61.9654,61.3874,61.8498,2400000
2001-06-19,61.9943,62.1735,61.0695,61.3758,4168800
2001-06-20,61.2429,61.9307,61.0810,61.6937,3386000
2001-06-21,61.4740,62.2833,61.2717,61.9307,3673100
2001-06-22,61.8209,61.8209,61.1562,61.4105,1695900
2001-06-25,61.6013,61.6186,60.5608,60.7285,2237400
2001-06-26,60.4625,60.9828,60.1215,60.4741,2550400
2001-06-27,60.6244,60.9250,60.1504,60.4047,1937200
2001-06-28,60.7342,61.7515,60.6937,61.0926,2888600
2001-06-29,61.1850,61.3873,60.7862,60.8324,1571400
2001-07-02,60.5666,61.6070,60.4336,61.3932,1604000
2001-07-03,61.2428,61.3006,60.8960,61.3006,642500
2001-07-05,60.8383,61.1215,60.4914,60.4914,1072000
2001-07-06,60.4798,60.4798,59.1446,59.2833,2707600
2001-07-09,59.5087,59.7630,59.1445,59.4509,2770800
2001-07-10,59.7689,59.8267,58.7862,58.8267,2083100
2001-07-11,58.9770,59.4972,58.5781,59.2775,3559600
2001-07-12,59.7977,60.8671,59.6590,60.7804,3186600
2001-07-13,60.5493,61.0984,60.3470,61.0869,1200700
2001-07-16,60.9596,61.1793,60.4452,60.7226,912400
2001-07-17,60.4626,61.5551,60.3759,61.3585,1513100
2001-07-18,60.8961,61.3180,60.6359,61.0406,2256500
2001-07-19,61.7227,61.8498,60.9250,61.5030,1638000
2001-07-20,61.0771,61.3780,60.9614,61.2218,1203300
2001-07-23,61.4648,61.5285,60.0355,60.1223,1805900
2001-07-24,60.0644,60.2785,59.0229,59.3990,2675700
2001-07-25,59.4279,60.3190,59.3527,60.1512,2227400
2001-07-26,60.0066,60.6084,59.5147,60.5505,2436500
2001-07-27,60.4984,60.5852,60.0702,60.3827,1409500
2001-07-30,60.5563,60.5563,59.9661,60.2207,824500
2001-07-31,60.3249,61.3664,60.2728,60.7762,2736600
2001-08-01,61.2102,61.3722,60.6836,60.9267,2099400
2001-08-02,61.4821,61.4821,60.8919,61.1060,1675000
2001-08-03,61.1638,61.1638,60.3884,60.9787,1950900
2001-08-06,60.7588,60.8051,60.0934,60.1454,1552700
2001-08-07,60.2381,60.6894,60.0240,60.5042,2502500
2001-08-08,60.2901,60.7183,59.4279,59.5784,4010000
2001-08-09,59.5957,59.7461,59.0980,59.6883,5422800
2001-08-10,59.5610,60.4463,59.0344,60.3133,4504000
2001-08-13,60.2959,60.4985,60.0355,60.2901,2801800
2001-08-14,60.4695,60.7414,60.1628,60.3595,1329100
2001-08-15,60.3595,60.6662,59.9024,59.9313,2354500
2001-08-16,59.7867,60.3248,59.5379,60.3248,3778100
2001-08-17,59.7560,60.0283,59.0203,59.3794,3423400
2001-08-20,59.3214,60.0166,59.1766,60.0050,2005200
2001-08-21,59.9588,60.1847,58.7770,58.8001,3860600
2001-08-22,59.2055,59.8022,58.7711,59.5995,5700500
2001-08-23,59.4663,59.6923,59.2230,59.3505,2266300
2001-08-24,59.5242,60.8103,59.3099,60.6133,2789300
2001-08-27,60.5380,60.6017,60.1962,60.1962,2574400
2001-08-28,60.2426,60.2426,59.2346,59.2751,2799200
2001-08-29,59.4953,59.5822,58.4525,58.6205,3113300
2001-08-30,58.2440,58.7769,57.2533,57.5024,5706100
2001-08-31,57.5835,58.3193,57.3924,57.8616,3670700
2001-09-04,57.7573,59.1303,57.5603,57.9137,8618800
2001-09-05,57.9311,58.4814,57.3576,58.2555,7027300
2001-09-06,57.8153,58.0470,56.9637,56.9753,5873600
2001-09-07,56.5466,56.9057,55.4401,55.5270,10479200
2001-09-10,55.1330,56.1700,55.0635,55.8745,8726900
2001-09-17,52.4276,53.4704,51.5297,51.6166,13237400
2001-09-18,51.9932,52.4277,51.0953,51.7904,6816000
2001-09-19,51.8078,52.0221,49.1835,50.6723,9969500
2001-09-20,50.1104,50.3422,48.3725,48.4594,10182100
2001-09-21,46.4794,49.3536,46.1601,48.0762,12533400
2001-09-24,49.6206,50.3348,49.0632,50.0503,7953200
2001-09-25,50.0793,50.6309,49.3826,50.4567,7317500
2001-09-26,50.7413,50.8051,49.5277,49.9632,3981600
2001-09-27,49.9342,50.5090,49.2374,50.3697,4621500
2001-09-28,50.6599,51.5251,50.5438,51.2986,8187100
2001-10-01,51.0084,51.5019,50.7180,51.4903,5514500
2001-10-02,51.2812,52.0825,51.1186,52.0825,4845300
2001-10-03,51.5309,53.2147,51.4728,52.9534,7744300
2001-10-04,53.3599,53.4064,52.4890,52.7793,8186900
2001-10-05,52.5471,53.1277,52.0071,52.9071,8074100
2001-10-08,52.3728,53.1973,52.2857,52.6632,4774300
2001-10-09,52.8316,52.8954,52.3438,52.6225,2580500
2001-10-10,52.3729,53.8767,52.2974,53.7374,6862500
2001-10-11,54.0567,54.8986,53.9696,54.6954,14720200
2001-10-12,54.1147,54.5734,53.4180,54.3412,6561400
2001-10-15,53.9986,54.4050,53.6909,54.3296,3774700
2001-10-16,54.5212,54.7534,54.0160,54.5502,4445000
2001-10-17,55.2179,55.2643,53.4237,53.4237,14080700
2001-10-18,53.5631,53.7489,53.0986,53.4122,2821400
2001-10-19,53.2721,53.6790,52.8071,53.4174,3465800
2001-10-22,53.4174,54.7252,53.3012,54.6671,3788200
2001-10-23,54.8705,54.9519,53.9405,54.4055,3764900
2001-10-24,54.4346,54.6380,53.9695,54.3183,2824200
2001-10-25,53.7661,55.2135,53.3244,55.2077,3775300
2001-10-26,54.8880,55.8587,54.7834,55.3588,3639300
2001-10-29,55.2484,55.5157,53.5046,54.0917,3040800
2001-10-30,53.5337,53.5627,52.7083,52.9815,4090800
2001-10-31,53.4290,53.7255,52.6618,52.7083,4741700
2001-11-01,52.9815,54.0510,52.4002,53.7662,3984800
2001-11-02,53.7662,54.3881,53.5453,54.2952,2647400
2001-11-05,54.7834,55.1437,54.6962,54.9287,2273500
2001-11-06,54.7833,55.8877,54.5508,55.8877,3113200
2001-11-07,55.4401,56.1493,55.3704,55.6552,2955300
2001-11-08,55.9749,56.6143,55.6029,55.9342,3953300
2001-11-09,55.6668,56.0911,55.3820,55.9807,2739100
2001-11-12,55.3355,55.8703,54.6380,55.5273,4122500
2001-11-13,56.2597,56.8758,56.1551,56.8468,4026000
2001-11-14,57.2246,57.4804,56.7189,57.2828,2772100
2001-11-15,57.1374,57.6896,57.0851,57.6257,3540500
2001-11-16,57.7171,57.8219,57.0477,57.5483,3945800
2001-11-19,57.8858,58.2875,57.5657,58.2642,2794300
2001-11-20,58.0313,58.2001,57.6530,57.6996,3313500
2001-11-21,57.6822,57.6822,57.1117,57.2747,3219200
2001-11-23,57.3620,58.1769,57.3038,58.1478,873900
2001-11-26,58.1769,58.2933,57.6821,58.0896,2250800
2001-11-27,57.9150,58.2875,57.2805,57.5774,5033100
2001-11-28,57.2864,57.3271,56.5530,56.6345,3206200
2001-11-29,56.7799,57.5133,56.4947,57.5075,2597100
2001-11-30,57.2863,57.7112,57.1001,57.3853,3416100
2001-12-03,57.1001,57.1001,56.5820,56.9254,1779200
2001-12-04,57.2165,57.8859,56.7974,57.8859,2617500
2001-12-05,58.0488,59.1955,57.9732,58.9045,2938700
2001-12-06,58.9161,59.3410,58.7880,58.9626,3566000
2001-12-07,58.6833,58.9278,58.3050,58.7299,3954900
2001-12-10,58.4097,58.7880,57.8276,57.8567,2329700
2001-12-11,58.0838,58.4912,57.5075,57.6530,3352000
2001-12-12,57.8568,58.0023,57.1059,57.7578,3120800
2001-12-13,57.2165,57.5017,56.7625,56.8090,2976500
2001-12-14,56.9313,57.5017,56.8091,57.3911,3638200
2001-12-17,57.2456,57.9732,57.2398,57.7986,2430900
2001-12-18,58.1245,58.4388,57.9790,58.4388,1557500
2001-12-19,57.9732,58.8870,57.8335,58.8812,2250900
2001-12-20,58.6716,58.8288,58.2642,58.3282,2260600
2001-12-21,58.6508,58.7791,58.3358,58.6216,2951100
2001-12-24,58.6333,58.7850,58.5633,58.6158,372500
2001-12-26,58.6158,59.3800,58.5983,58.9892,1462000
2001-12-27,58.9833,59.2341,58.8491,59.1991,1850300
2001-12-28,59.3216,59.4616,58.9891,59.0066,1401100
2001-12-31,59.1116,59.1874,58.1317,58.2133,1706300
2002-01-02,58.6100,58.8550,57.9800,58.8258,2843500
2002-01-03,58.7967,59.4908,58.6975,59.4674,1465800
2002-01-04,59.7066,60.0507,59.5082,59.9749,2288900
2002-01-07,60.0040,60.1615,59.4324,59.5782,2485200
2002-01-08,59.3799,59.6424,59.0883,59.3449,5034200
2002-01-09,59.4674,60.0740,58.7500,58.8316,3587500
2002-01-10,58.8841,59.0066,58.5633,58.8550,2766300
2002-01-11,58.8666,58.9716,58.2425,58.3708,2473600
2002-01-14,58.1783,58.2483,57.6942,57.8342,3472000
2002-01-15,57.9509,58.3184,57.5834,58.0384,2979800
2002-01-16,57.5134,57.7467,56.6092,56.6617,5160600
2002-01-17,57.0701,57.6009,56.8834,57.2976,3493700
2002-01-18,56.9116,57.4371,56.6314,57.1568,3446800
2002-01-22,57.4137,57.5363,56.6314,56.7949,1951100
2002-01-23,56.8941,57.1160,56.5614,56.8649,3672900
2002-01-24,57.1802,57.6006,57.0751,57.2620,3954400
2002-01-25,57.0167,57.8341,56.9642,57.4955,3244800
2002-01-28,57.7173,57.8224,57.2211,57.7290,1713400
2002-01-29,57.7698,57.9216,56.1059,56.1585,4651500
2002-01-30,56.3395,57.1452,55.6389,57.1218,6106800
2002-01-31,57.2444,57.9800,57.0926,57.9392,3945600
2002-02-01,57.8633,58.1260,57.5889,57.9625,3651500
2002-02-04,57.8574,57.8574,56.5029,56.6314,6935100
2002-02-05,56.3687,57.1218,56.1059,56.5146,5755800
2002-02-06,56.6489,56.9116,56.1351,56.4153,4384700
2002-02-07,56.4738,56.9817,56.1351,56.1468,2955200
2002-02-08,56.3978,57.0517,55.9599,56.9933,4380000
2002-02-11,56.9817,57.8633,56.8299,57.7115,2169100
2002-02-12,57.4838,57.9391,57.3320,57.6764,1341100
2002-02-13,57.8925,58.4938,57.7932,58.4121,3350100
2002-02-14,58.6164,58.8441,58.2369,58.5580,6434900
2002-02-15,58.5200,58.5668,57.8945,57.9646,3838800
2002-02-19,57.6431,57.8185,56.9241,57.0117,3716300
2002-02-20,57.2748,58.4148,56.9415,58.3563,7177100
2002-02-21,58.0932,58.7305,57.4969,57.5145,10841000
2002-02-22,57.5846,58.6077,57.3157,58.4498,8244600
2002-02-25,58.4966,59.5957,58.4499,59.4028,8931500
2002-02-26,59.4847,59.6893,58.6662,59.1164,12740300
2002-02-27,59.5724,60.0400,58.8416,59.4262,7881200
2002-02-28,59.5431,59.9874,59.1047,59.1047,5257900
2002-03-01,59.5080,60.8000,59.1865,60.7065,8306600
2002-03-04,60.9170,62.1154,60.8468,61.9225,8199400
2002-03-05,61.5893,62.0862,60.9988,61.2561,10708700
2002-03-06,61.1742,62.1447,61.1508,61.9284,7636800
2002-03-07,62.2557,62.2616,61.2970,61.7471,7721200
2002-03-08,62.2557,62.4896,61.6769,61.9634,6329100
2002-03-11,61.8231,62.3902,61.5775,62.0335,4433500
2002-03-12,61.5483,62.3492,61.4606,62.3376,7747000
2002-03-13,61.9518,62.0746,61.3263,61.5718,9755000
2002-03-14,61.5776,61.8465,61.3613,61.6068,5410700
2002-03-15,61.7701,62.1683,61.5769,62.1507,9864800
2002-03-18,62.2678,62.5196,61.6355,61.8580,4856100
2002-03-19,62.2972,62.5606,62.0630,62.4670,9935600
2002-03-20,62.0219,62.0219,61.4364,61.4422,5363300
2002-03-21,61.4774,62.0980,60.6636,61.2256,10270300
2002-03-22,61.3369,61.5009,60.8685,61.0266,4597900
2002-03-25,61.0032,61.2374,60.2128,60.3065,5864700
2002-03-26,60.2244,61.1378,60.1893,60.7572,4583800
2002-03-27,60.6284,61.2725,60.5406,61.0676,5929100
2002-03-28,61.2432,61.5477,60.7163,60.7221,4062300
2002-04-01,60.5172,60.8334,60.1132,60.5172,6331300
2002-04-02,60.2947,60.5113,60.1190,60.4001,3131400
2002-04-03,60.6343,60.6343,59.3989,59.9200,7807100
2002-04-04,59.6916,60.1776,59.5043,59.8556,9099300
2002-04-05,60.3181,60.5874,59.8614,60.2712,7602400
2002-04-08,59.3110,60.1659,59.1939,60.1307,4378600
2002-04-09,60.4059,60.4352,59.7560,59.8790,7859700
2002-04-10,59.9668,60.9680,59.9317,60.8334,7545100
2002-04-11,60.5582,60.7865,59.4984,59.5745,4403800
2002-04-12,59.9551,60.0430,59.4341,59.7151,5885900
2002-04-15,59.8497,59.9786,58.9891,59.1471,5137300
2002-04-16,59.8790,60.4411,59.7268,60.3884,2597200
2002-04-17,60.5523,60.5523,59.7209,59.9609,2513800
2002-04-18,59.9551,60.1600,58.9129,59.7092,5819200
2002-04-19,60.2706,60.3057,59.8897,60.1241,2323900
2002-04-22,59.8897,60.0421,59.2509,59.4092,3830300
2002-04-23,59.5088,59.7081,59.0224,59.2568,4236100
2002-04-24,59.2568,59.6201,58.7470,58.7470,2849700
2002-04-25,58.6005,58.9521,58.1903,58.8935,4995700
2002-04-26,59.1279,60.3585,57.8680,57.9207,4240300
2002-04-29,58.2196,58.3075,57.5047,57.5457,4587300
2002-04-30,57.8211,58.7176,57.5867,58.3016,3800000
2002-05-01,58.3895,59.2217,57.6336,59.1513,8628400
2002-05-02,59.0049,59.3916,58.8408,59.2217,2519700
2002-05-03,59.0283,59.1220,58.2782,58.5770,4595200
2002-05-06,58.5771,58.7998,57.4051,57.4871,4666600
2002-05-07,57.9208,58.2431,57.4754,57.5457,5486400
2002-05-08,58.5361,59.5850,58.4892,59.3506,4824500
2002-05-09,59.2216,59.5264,58.7470,58.8935,3601000
2002-05-10,59.0224,59.0634,58.1785,58.3016,4668600
2002-05-13,58.5536,59.3330,58.2078,59.3271,4081200
2002-05-14,60.2120,60.4757,59.8604,60.4171,4455500
2002-05-15,60.1592,60.7862,60.0010,60.3174,3680200
2002-05-16,60.1475,60.5987,59.7431,60.4639,2364100
2002-05-17,60.5678,60.8143,60.2275,60.6911,2310500
2002-05-20,60.4857,60.5444,59.9517,60.1395,2868700
2002-05-21,60.3214,60.4094,59.2182,59.4881,2206600
2002-05-22,59.2710,59.7052,59.1008,59.6113,2705500
2002-05-23,59.8519,60.1043,59.2652,60.0045,2511400
2002-05-24,59.8520,60.0867,59.2182,59.2769,1944000
2002-05-28,59.4647,59.4705,58.5376,58.7605,2558300
2002-05-29,58.4789,58.7136,58.2735,58.2970,2816200
2002-05-30,58.0681,58.5082,57.6280,58.2911,5263000
2002-05-31,58.5904,59.0657,58.2090,58.2384,4762200
2002-06-03,58.2559,58.7429,56.8652,56.8887,5602000
2002-06-04,56.9063,57.3288,56.3958,56.9826,5598900
2002-06-05,57.0823,57.6808,56.9767,57.6398,3750000
2002-06-06,57.5753,57.6222,56.4076,56.6423,4875100
2002-06-07,55.9322,56.7127,55.6682,56.4603,5917100
2002-06-10,56.4779,57.1469,56.1787,56.7361,3823400
2002-06-11,57.0060,57.4167,55.8911,55.9615,4207100
2002-06-12,55.8266,56.6950,55.5567,56.6187,4807200
2002-06-13,56.3665,56.6599,55.8032,55.9675,3775900
2002-06-14,55.1635,55.8266,54.3127,55.7445,7309400
2002-06-17,56.0672,57.0354,55.9792,56.9591,3785900
2002-06-18,56.7713,57.5048,56.6715,57.4461,2704200
2002-06-19,56.6305,57.3170,55.6916,56.2197,6932900
2002-06-20,56.1201,56.4017,55.4042,55.4335,5505800
2002-06-21,55.1231,55.4993,54.1708,54.5646,4570700
2002-06-24,54.0885,55.2583,53.3889,54.7586,6756700
2002-06-25,55.1055,55.3994,53.5241,53.5947,7920100
2002-06-26,52.5306,54.0767,52.3484,53.6299,7571300
2002-06-27,54.1766,54.5999,53.0832,54.5881,6814900
2002-06-28,54.4471,55.1349,54.3354,54.3942,5059200
2002-07-01,54.4765,54.8880,53.4947,53.5300,4088300
2002-07-02,53.5183,53.8357,52.7305,53.0539,8246300
2002-07-03,52.7893,53.4477,52.3778,53.2772,7801400
2002-07-05,53.8475,55.3583,53.7828,55.3583,3042400
2002-07-08,55.0525,55.3700,54.3765,54.6469,4144900
2002-07-09,54.5411,54.9585,53.4418,53.6064,5230600
2002-07-10,53.8181,53.8474,51.7312,51.9075,8988300
2002-07-11,51.5019,52.2014,50.6554,51.8134,10064900
2002-07-12,52.0251,52.1427,50.6201,50.9376,8371300
2002-07-15,50.7965,51.1257,48.4980,51.0198,19684400
2002-07-16,50.2615,50.8846,49.4738,49.9970,11732600
2002-07-17,50.9199,51.4373,49.7031,50.2380,9671900
2002-07-18,50.2968,50.8200,49.2916,49.2916,8068300
2002-07-19,48.6338,48.9341,46.8731,47.1087,16165500
2002-07-22,46.7377,47.9861,45.4010,45.9663,24645000
2002-07-23,46.1253,46.6435,45.2008,45.4422,21734000
2002-07-24,44.6060,48.5808,44.3292,48.3452,24784000
2002-07-25,48.1392,48.9930,46.6670,48.1568,20978400
2002-07-26,48.6102,48.8458,47.7917,48.7869,9383300
2002-07-29,49.6996,51.4544,49.6290,51.0658,14891900
2002-07-30,50.8479,51.6723,50.2944,51.2601,15083800
2002-07-31,51.0128,51.4603,50.2826,51.3190,10756000
2002-08-01,51.1482,51.3897,49.9116,49.9764,12715600
2002-08-02,49.8763,50.1413,48.3040,48.9930,12992600
2002-08-05,48.8163,49.0224,47.2853,47.3854,8641400
2002-08-06,48.3158,49.6584,48.1981,48.8752,12131400
2002-08-07,49.4700,49.9647,48.4336,49.8469,12801400
2002-08-08,50.1001,51.4368,49.6643,51.3779,14268400
2002-08-09,50.9657,51.9609,50.5359,51.5840,12693100
2002-08-12,50.8656,51.5192,50.6300,51.2248,8905500
2002-08-13,50.9539,51.6370,49.8881,50.0235,12022300
2002-08-14,50.0530,51.7312,49.2874,51.5074,15180300
2002-08-15,51.8490,52.3790,51.2484,52.0139,15213000
2002-08-16,51.6601,52.2143,51.3653,51.7249,8888600
2002-08-19,51.6070,53.1400,51.5893,53.0161,9593900
2002-08-20,52.6624,52.8511,52.0315,52.4737,10107600
2002-08-21,52.7390,53.0633,51.8900,53.0338,12027700
2002-08-22,52.9159,53.6529,52.6801,53.4348,9013200
2002-08-23,52.9984,53.6529,52.1199,52.3086,8041900
2002-08-26,52.4679,52.8983,51.6484,52.6684,8066100
2002-08-27,53.0516,53.3228,51.8547,52.1790,9351100
2002-08-28,51.7427,51.8783,51.0469,51.3417,8161100
2002-08-29,50.8229,51.6719,50.1507,51.1472,9045200
2002-08-30,50.8229,51.9018,50.7344,51.0115,9528400
2002-09-03,50.4219,50.5045,49.0010,49.0305,12002400
2002-09-04,49.2841,49.9916,48.9067,49.6083,11734700
2002-09-05,49.0128,49.4963,48.4350,49.1720,13496700
2002-09-06,49.7086,50.1154,49.4668,49.8324,9178300
2002-09-09,49.4550,50.6047,49.1131,50.2215,8296800
2002-09-10,50.5693,50.9998,50.2215,50.9939,8951200
2002-09-11,51.5245,51.8783,50.5163,50.5163,6677700
2002-09-12,50.3040,50.3630,49.3725,49.6083,7140200
2002-09-13,49.1956,49.4491,48.7593,49.2487,9613400
2002-09-16,48.9657,49.6437,48.7888,49.6142,5978000
2002-09-17,50.1272,50.2864,48.3407,48.4409,13073100
2002-09-18,47.9988,48.8773,47.6214,48.0047,11649100
2002-09-19,47.4563,48.0459,46.8726,46.9552,12834900
2002-09-20,47.2075,48.0172,46.8056,47.0834,9374000
2002-09-23,46.6993,46.8234,46.0669,46.5693,9102200
2002-09-24,45.9251,46.5692,45.2691,45.5468,15202100
2002-09-25,46.1260,46.7406,45.2986,46.4865,11780000
2002-09-26,46.7938,47.4380,46.4511,47.1661,11281800
2002-09-27,46.8116,46.9830,45.4169,45.4169,10727500
2002-09-30,44.9441,45.4819,44.0871,44.9145,17215400
2002-10-01,45.3105,47.3080,44.8850,47.2784,15772300
2002-10-02,46.7229,47.2075,45.6769,46.0492,13694600
2002-10-03,46.3801,46.9238,45.5055,45.7300,13741400
2002-10-04,46.0551,46.1024,44.2112,44.8908,16881400
2002-10-07,44.4595,45.2987,43.8153,44.1699,13419900
2002-10-08,44.4949,45.2100,43.3780,44.5540,21139100
2002-10-09,43.7503,44.1699,43.0825,43.2125,20801400
2002-10-10,43.1415,44.7963,42.5683,44.5717,21248700
2002-10-11,45.3577,46.8115,45.2336,46.6815,23525600
2002-10-14,46.0669,46.9238,45.8482,46.6520,12540500
2002-10-15,48.1649,48.9627,47.9285,48.9332,17099700
2002-10-16,48.2299,48.5194,47.4084,47.7512,17516400
2002-10-17,49.2523,49.5182,48.5195,48.9568,13087900
2002-10-18,48.6048,49.3977,48.2201,49.1728,10921300
2002-10-21,48.8177,50.6758,48.7231,50.5456,14045400
2002-10-22,49.9361,50.3030,49.5870,50.1373,10740000
2002-10-23,49.7053,50.4391,49.1136,50.4331,12054500
2002-10-24,50.6994,50.8237,48.9834,49.1313,12298300
2002-10-25,49.0071,50.1136,48.8473,50.0781,12061600
2002-10-28,50.6285,50.7705,49.2912,49.7231,8822300
2002-10-29,49.5338,49.8237,48.4331,49.5338,13946200
2002-10-30,49.6344,50.2675,49.2083,49.9125,9937800
2002-10-31,50.0545,50.3858,49.3681,49.5574,10202300
2002-11-01,49.4094,50.6580,49.2319,50.4746,9539200
2002-11-04,51.2320,51.7764,50.6521,50.7113,12260600
2002-11-05,50.6048,51.5101,50.5930,51.4214,10785400
2002-11-06,51.7646,52.1610,50.8355,52.1018,17454500
2002-11-07,51.5989,51.7054,50.6225,50.9184,9715600
2002-11-08,50.8415,51.4450,50.3799,50.4628,9416900
2002-11-11,50.3858,50.3976,49.4745,49.6816,7270300
2002-11-12,49.8592,50.4983,49.5870,49.8829,9213000
2002-11-13,49.5456,50.4391,49.2201,50.0604,16988200
2002-11-14,50.4213,50.7704,49.9124,50.6817,8668000
2002-11-15,50.2700,50.9996,50.0921,50.9225,7217000
2002-11-18,51.3081,51.4623,50.3590,50.3650,5612900
2002-11-19,50.0921,50.7683,49.9142,50.4540,6069700
2002-11-20,50.2404,51.5869,50.1574,51.5631,8535000
2002-11-21,51.7174,52.6961,51.5513,52.6368,9367500
2002-11-22,52.3461,52.7851,52.2571,52.3105,7770100
2002-11-25,52.3046,52.7613,52.0317,52.4825,6356500
2002-11-26,52.1622,52.5537,51.5157,51.5453,5853600
2002-11-27,51.9902,53.1765,51.9546,53.1054,8264700
2002-11-29,53.2062,53.2655,52.6842,52.7317,3058100
2002-12-02,53.6214,53.7756,52.2156,52.7139,8928700
2002-12-03,52.3164,52.4291,51.8478,52.1563,7011500
2002-12-04,51.5690,52.4351,51.4267,52.0495,9947600
2002-12-05,52.1801,52.2868,51.1835,51.3793,6918800
2002-12-06,50.6793,51.6284,50.4776,51.5038,9463600
2002-12-09,50.9937,51.1657,50.2760,50.2760,5605500
2002-12-10,50.6200,51.0174,50.3709,50.8632,6091300
2002-12-11,50.7090,51.3081,50.4955,51.0056,5671900
2002-12-12,51.1597,51.3080,50.5725,50.8039,5282100
2002-12-13,50.3234,50.6853,50.0447,50.0447,6491200
2002-12-16,50.3768,51.4267,50.2878,51.4267,5622800
2002-12-17,51.0886,51.4208,50.7030,50.7564,4202300
2002-12-18,50.5073,50.5548,50.0387,50.2997,6711400
2002-12-19,50.0446,50.6437,49.5642,49.8311,7277200
2002-12-20,50.1522,50.7588,49.7538,50.7528,4713900
2002-12-23,50.4377,51.1334,50.3544,50.6280,4688300
2002-12-24,50.3544,50.5387,50.2414,50.3247,1449500
2002-12-26,50.4852,50.9609,50.0095,50.2771,2966200
2002-12-27,50.0095,50.3068,49.2959,49.3316,5971500
2002-12-30,49.5338,49.8252,49.1176,49.5635,5939300
2002-12-31,49.5219,49.7895,49.0462,49.6587,5609400
2003-01-02,50.0393,51.3356,49.9203,51.2464,7451400
2003-01-03,51.1393,51.4604,50.9133,51.3534,4608500
2003-01-06,51.3178,52.4417,51.1751,52.1324,5957000
2003-01-07,52.1205,52.4654,51.8529,52.1621,6756000
2003-01-08,51.8529,51.8529,51.0858,51.2404,9215000
2003-01-09,51.5258,52.3405,51.5139,52.1978,8806000
2003-01-10,51.6864,52.5546,51.5556,52.3227,7426900
2003-01-13,52.6319,52.8519,52.0788,52.3821,6227800
2003-01-14,52.2097,52.6735,51.8172,52.5902,4361500
2003-01-15,52.6854,52.7449,51.8232,52.1383,5521600
2003-01-16,52.1800,52.4654,51.6567,51.9124,6486800
2003-01-17,51.4238,51.7392,50.9776,51.2394,6485200
2003-01-21,51.3822,51.4120,50.2516,50.3885,6430900
2003-01-22,50.0612,50.3052,49.4780,49.6030,8249100
2003-01-23,49.8053,50.0016,49.2043,49.6506,9120000
2003-01-24,49.5673,49.6446,48.3058,48.4367,10175000
2003-01-27,48.0797,48.6747,47.3716,47.6929,10515700
2003-01-28,47.9488,48.3653,47.6631,48.0559,7463000
2003-01-29,47.6989,48.6271,47.3180,48.2463,12052000
2003-01-30,48.3772,48.5379,47.1871,47.1871,10124300
2003-01-31,47.0919,48.2166,47.0919,48.1035,10294800
2003-02-03,48.1809,48.5736,48.0916,48.2701,5464800
2003-02-04,47.8358,48.0500,47.2467,47.8893,6720200
2003-02-05,48.0856,48.6093,47.3656,47.6750,9330800
2003-02-06,47.4489,47.6929,47.0086,47.4073,8836300
2003-02-07,47.6691,47.7464,46.6516,46.9193,7624500
2003-02-10,46.9848,47.3240,46.4731,47.2645,7264700
2003-02-11,47.5024,47.6155,46.5325,46.8300,7894600
2003-02-12,46.7230,46.9134,46.2410,46.2529,6864700
2003-02-13,46.2350,46.5147,45.5329,46.4254,8574200
2003-02-14,46.4731,47.3775,46.0982,47.3656,10643900
2003-02-18,47.6036,48.2284,47.5322,48.1094,8393400
2003-02-19,47.9190,48.0381,47.4252,47.9250,5357700
2003-02-20,47.9309,48.0321,47.1752,47.3775,5209100
2003-02-21,47.4724,48.0813,46.8875,47.8962,7826700
2003-02-24,47.6456,47.7232,46.9173,46.9830,6710800
2003-02-25,46.5293,47.3948,46.0936,47.3531,8146000
2003-02-26,47.0546,47.3888,46.5830,46.7143,6351600
2003-02-27,46.9651,47.4306,46.4995,47.1799,9911300
2003-02-28,47.2575,47.6217,46.9292,47.3411,9119400
2003-03-03,47.5620,47.7112,46.7562,46.9114,7116100
2003-03-04,46.8277,46.8397,46.0816,46.1174,5168800
2003-03-05,45.9921,46.4935,45.8130,46.4637,7606000
2003-03-06,46.1592,46.4995,45.8011,45.8847,8054100
2003-03-07,45.3355,46.3085,45.2340,46.2906,11889500
2003-03-10,45.8130,45.9801,45.1683,45.2340,7240100
2003-03-11,45.3355,45.7056,44.9057,44.9774,8543500
2003-03-12,44.8341,45.2340,44.3565,45.2161,10315700
2003-03-13,45.8429,46.8576,45.5623,46.8218,12660000
2003-03-14,47.0666,47.4844,46.6487,47.1322,12985500
2003-03-17,46.7263,48.7976,46.4756,48.6245,14688600
2003-03-18,48.8274,49.1557,48.4096,49.0304,11246200
2003-03-19,49.1497,49.5437,48.5827,49.4960,9366300
2003-03-20,49.1259,49.8123,48.6305,49.6154,14858500
2003-03-21,50.0959,51.0163,49.7851,50.8788,17259100
2003-03-24,49.8748,49.9883,48.9364,49.1516,16257600
2003-03-25,49.1695,49.8987,48.9185,49.4922,12104400
2003-03-26,49.4205,49.5998,48.9842,49.2352,9405800
2003-03-27,48.7811,49.3727,48.5121,49.0261,9004000
2003-03-28,48.7392,49.0978,48.5300,48.7511,6382700
2003-03-31,48.0519,48.3507,47.4423,47.7052,13382600
2003-04-01,47.9742,48.4702,47.6694,48.2850,9551100
2003-04-02,49.1516,49.8090,49.1157,49.4564,11873600
2003-04-03,49.9106,50.1138,49.2293,49.2293,9865400
2003-04-04,49.6476,49.7552,49.1874,49.5401,7441300
2003-04-07,50.7473,51.0402,49.5580,49.5640,11794900
2003-04-08,49.7074,49.9405,49.4444,49.7253,7796500
2003-04-09,49.8927,50.2632,49.0201,49.9644,11033600
2003-04-10,49.1934,49.2890,48.7452,49.2831,6487000
2003-04-11,49.6237,49.9524,48.9603,49.1277,8296700
2003-04-14,49.2412,50.1138,49.1576,50.1078,6729600
2003-04-15,49.9524,50.4724,49.7492,50.4425,6764500
2003-04-16,50.5919,50.5919,49.3189,49.4265,9548800
2003-04-17,49.4612,50.0597,49.3236,49.9579,8768400
2003-04-21,50.0656,50.3289,49.7365,49.9878,6019200
2003-04-22,49.6886,50.8855,49.4971,50.8197,9069700
2003-04-23,50.9453,51.1189,50.6162,50.9992,6881800
2003-04-24,50.6102,50.8616,50.2991,50.5325,8655300
2003-04-25,50.3888,50.4905,49.5809,49.7664,7864500
2003-04-28,49.9280,50.9573,49.7843,50.7418,7362400
2003-04-29,50.9453,51.2864,50.5383,50.9333,11257300
2003-04-30,50.8256,51.1129,50.5324,50.7838,10009100
2003-05-01,50.7179,50.8257,49.9699,50.6342,11239800
2003-05-02,50.4187,51.4839,50.3948,51.3523,10966000
2003-05-05,51.4660,51.5797,50.9274,51.1668,8211300
2003-05-06,51.1727,51.8131,51.1069,51.4600,9820100
2003-05-07,51.2266,51.7413,50.9932,51.3822,8495000
2003-05-08,50.8855,51.4361,50.7898,50.9454,8723100
2003-05-09,51.0830,51.6395,50.9872,51.5677,6890700
2003-05-12,51.4360,52.4175,51.3523,52.2679,8109500
2003-05-13,52.0824,52.2978,51.8310,52.0883,6891200
2003-05-14,52.2918,52.3876,51.6575,51.9687,7835600
2003-05-15,52.1841,52.4834,51.8610,52.2560,7470100
2003-05-16,52.1978,52.5035,51.8621,52.1378,7413900
2003-05-19,51.7123,52.2338,50.8852,51.0471,9799700
2003-05-20,51.1669,51.3347,50.4957,50.9871,10805100
2003-05-21,50.8852,51.2028,50.6514,51.0650,8288500
2003-05-22,51.2268,51.8142,51.1129,51.5685,6992800
2003-05-23,51.5385,51.8022,51.3108,51.6824,4639700
2003-05-27,51.3767,52.8451,51.3048,52.6653,10004400
2003-05-28,52.8451,53.1927,52.6893,52.7432,6343200
2003-05-29,52.8930,53.2826,52.1738,52.3835,8634400
2003-05-30,52.6053,53.3305,52.5694,53.2466,7883900
2003-06-02,53.5883,54.4873,53.3725,53.5463,9531700
2003-06-03,53.3725,53.7561,53.2227,53.6722,7868800
2003-06-04,53.6063,54.4873,53.5463,54.3674,8728600
2003-06-05,54.0198,54.4034,53.9060,54.3855,7943400
2003-06-06,54.8230,55.4343,54.3914,54.4634,10657300
2003-06-09,54.1876,54.5053,53.7621,54.0797,7852500
2003-06-10,54.2356,54.6012,54.0378,54.5593,6330500
2003-06-11,54.5473,55.2785,54.3855,55.2066,8546800
2003-06-12,55.5062,55.5602,54.8410,55.3984,8582500
2003-06-13,55.3804,55.4583,54.5713,54.8889,6188100
2003-06-16,55.1286,56.0756,55.0267,56.0396,8098900
2003-06-17,56.2434,56.3094,55.7460,56.0157,7674800
2003-06-18,55.7340,56.1595,55.5182,55.8958,7920100
2003-06-19,55.9198,56.0456,55.0447,55.2125,9831000
2003-06-20,55.6891,55.8093,55.1663,55.1903,8022600
2003-06-23,55.1903,55.2203,54.3790,54.6254,11290200
2003-06-24,54.4511,55.0220,54.4331,54.7997,9751300
2003-06-25,54.7516,55.1242,54.1326,54.1386,9713500
2003-06-26,54.2108,54.7516,54.0966,54.5834,7084700
2003-06-27,54.6014,54.8057,53.9524,54.0065,7029600
2003-06-30,54.3069,54.5533,53.9584,54.0305,5865400
2003-07-01,53.8382,54.4872,53.3935,54.4331,7580100
2003-07-02,54.5713,55.0941,54.5172,55.0821,4518100
2003-07-03,54.6855,55.0881,54.2348,54.5052,3271500
2003-07-07,55.0461,55.7672,55.0461,55.5028,6733800
2003-07-08,55.3225,55.6170,55.1423,55.5629,4683200
2003-07-09,55.3886,55.5809,54.8237,55.1843,7519700
2003-07-10,54.8297,54.8898,54.1507,54.4391,7534400
2003-07-11,54.4992,55.1002,54.4872,54.9199,4634600
2003-07-14,55.6290,55.8874,54.9860,55.1963,6303200
2003-07-15,55.5328,55.5869,54.7275,55.0400,6847200
2003-07-16,55.1722,55.1722,54.4271,54.8537,6340400
2003-07-17,54.5053,54.8899,54.3190,54.5173,8581700
2003-07-18,54.8169,55.3405,54.6424,55.2623,6411800
2003-07-21,55.2502,55.2923,54.6424,54.8530,8945900
2003-07-22,54.9553,55.3284,54.4318,55.1599,8465700
2003-07-23,55.2563,55.4669,54.7989,55.4007,5297200
2003-07-24,55.7738,55.9483,54.8531,54.9072,6703400
2003-07-25,54.9914,55.9242,54.7146,55.9122,8848600
2003-07-28,56.0025,56.0566,55.6053,55.7617,5665800
2003-07-29,55.8821,55.9844,55.2081,55.5270,5964800
2003-07-30,55.6534,55.7136,55.2141,55.4608,5326400
2003-07-31,55.9122,56.4297,55.5451,55.6474,10218800
2003-08-01,55.6595,55.6956,55.0638,55.2383,6744800
2003-08-04,55.1239,55.5090,54.5221,55.3285,7649300
2003-08-05,55.2201,55.3946,54.1790,54.1790,5980900
2003-08-06,54.4077,55.0637,54.2212,54.5582,9097500
2003-08-07,54.6424,55.0938,54.4198,55.0938,6172200
2003-08-08,55.2322,55.4850,55.0336,55.4789,4950100
2003-08-11,55.3947,55.7618,55.1239,55.6294,5897700
2003-08-12,55.6474,56.2011,55.4910,56.1168,5578600
2003-08-13,56.2672,56.3575,55.6955,55.9844,7474500
2003-08-14,55.9965,56.3154,55.6113,56.0265,6255900
2003-08-15,56.1314,56.3544,55.9808,56.2399,3955800
2003-08-18,56.4749,56.8786,56.3664,56.8123,5725200
2003-08-19,56.8665,57.0112,56.4146,56.9388,7069200
2003-08-20,56.6075,56.9389,56.5472,56.7521,5287000
2003-08-21,56.9990,57.2762,56.7038,56.9087,6866500
2003-08-22,57.3426,57.3908,56.4327,56.4688,5891900
2003-08-25,56.3544,56.6436,56.0471,56.3303,4386600
2003-08-26,56.1073,56.5472,55.7698,56.4025,5630500
2003-08-27,56.3182,56.4688,56.1916,56.3604,3113800
2003-08-28,56.4929,56.7460,55.9265,56.6255,5054100
2003-08-29,56.5050,56.9147,56.4568,56.8906,4475200
2003-09-02,56.8003,57.6077,56.6858,57.5234,6002600
2003-09-03,57.6138,57.9874,57.4631,57.8608,5565500
2003-09-04,57.7946,58.1441,57.6379,57.9753,4861500
2003-09-05,57.6619,57.8186,57.1618,57.4751,7304100
2003-09-08,57.6499,57.9934,57.4330,57.9211,3895200
2003-09-09,57.7162,57.8427,57.3366,57.5173,4283000
2003-09-10,57.3004,57.3968,56.7702,57.0534,7627700
2003-09-11,57.0895,57.4510,56.9629,57.2281,6201700
2003-09-12,56.9750,57.3667,56.7039,57.2763,5043100
2003-09-15,57.3245,57.3727,56.7942,57.1437,3837800
2003-09-16,57.2161,57.8789,57.1920,57.8488,4994100
2003-09-17,57.8608,57.9934,57.6740,57.8186,4179700
2003-09-18,57.8368,58.4213,57.6680,58.4213,5946100
2003-09-19,58.4068,58.5637,58.0928,58.2498,4988400
2003-09-22,57.7969,57.8754,57.4467,57.7003,6260600
2003-09-23,57.7365,57.9539,57.4588,57.8271,5297100
2003-09-24,57.8995,58.0202,56.9455,57.0239,6193900
2003-09-25,57.1025,57.2052,56.2874,56.3055,7249000
2003-09-26,56.5289,56.6014,56.2330,56.3357,6563600
2003-09-29,56.4625,56.8248,56.1847,56.7100,6895700
2003-09-30,56.6013,56.6013,55.8043,56.2330,7710900
2003-10-01,56.4081,57.2897,56.3477,57.2474,6855900
2003-10-02,57.1026,57.5373,57.0301,57.4769,6458500
2003-10-03,58.1592,58.4852,57.7848,57.9176,6949100
2003-10-06,57.9720,58.2317,57.8271,58.0868,3654400
2003-10-07,57.8452,58.3887,57.6943,58.3826,6654000
2003-10-08,58.4128,58.5215,58.0445,58.4067,4543600
2003-10-09,58.8415,59.1132,58.3585,58.6543,6368000
2003-10-10,58.6181,58.7751,58.4370,58.7449,2693400
2003-10-13,58.8717,59.1857,58.8476,59.1132,4450500
2003-10-14,59.0528,59.3970,58.8958,59.3909,4614600
2003-10-15,59.6566,59.6748,59.0830,59.3064,5040900
2003-10-16,58.9804,59.4755,58.9019,59.2823,7649400
2003-10-17,59.3996,59.4721,58.7285,58.8252,6300000
2003-10-20,58.9764,59.2484,58.7587,59.2303,4402000
2003-10-21,59.1276,59.2303,58.8857,59.0066,4534400
2003-10-22,58.5048,58.6197,58.0151,58.1662,6838900
2003-10-23,57.8276,58.3415,57.8216,58.0090,6921600
2003-10-24,57.6946,58.1481,57.4951,58.1481,6605300
2003-10-27,58.3114,58.5048,58.0756,58.2146,3797100
2003-10-28,58.3718,59.0852,58.2992,59.0247,5377400
2003-10-29,58.8494,59.2605,58.8192,59.1698,4433100
2003-10-30,59.5809,59.6111,59.0912,59.4298,7224500
2003-10-31,59.3875,59.5809,59.2303,59.2665,5322700
2003-11-03,59.5205,59.9437,59.5205,59.5568,5379000
2003-11-04,59.6051,59.7925,59.4781,59.5990,4792700
2003-11-05,59.4540,59.7381,59.2363,59.5870,4225700
2003-11-06,59.4600,59.8288,59.2182,59.8107,5902800
2003-11-07,60.0223,60.0646,59.3149,59.3149,4668600
2003-11-10,59.4540,59.5507,59.0066,59.1335,4654200
2003-11-11,59.0610,59.2061,58.9038,59.0187,3349600
2003-11-12,59.0852,59.8228,59.0429,59.7321,6125700
2003-11-13,59.5386,59.7986,59.4177,59.6837,4045600
2003-11-14,59.6837,60.0404,59.0912,59.2303,6104900
2003-11-17,58.9219,59.0731,58.4201,58.9703,5914800
2003-11-18,59.1275,59.1879,58.3234,58.4020,4693200
2003-11-19,58.4685,58.9643,58.4020,58.8736,4055300
2003-11-20,58.4383,59.0670,58.3597,58.3657,6756700
2003-11-21,58.5659,58.6023,58.1777,58.5234,4752900
2003-11-24,58.7054,59.2270,58.6933,59.1178,4876800
2003-11-25,59.1846,59.4818,59.0572,59.2452,5583100
2003-11-26,59.4878,59.5303,58.9237,59.3786,4061200
2003-11-28,59.3544,59.5363,59.2937,59.4878,864400
2003-12-01,59.6394,60.1429,59.6394,60.1065,5854300
2003-12-02,59.9852,60.0701,59.7486,59.8942,3578100
2003-12-03,60.0458,60.4037,59.9549,60.0155,6231600
2003-12-04,59.9730,60.3612,59.9609,60.3187,6236600
2003-12-05,60.1368,60.2460,59.7971,59.9245,5430200
2003-12-08,59.8820,60.5613,59.8820,60.5370,5192800
2003-12-09,60.6524,60.7433,60.2157,60.3127,9541200
2003-12-10,60.3370,60.5128,60.0337,60.4097,5558100
2003-12-11,60.3976,60.9132,60.3612,60.8828,6778500
2003-12-12,60.8464,61.1193,60.6099,61.0344,6134200
2003-12-15,61.6834,61.7319,60.7736,60.9252,7563800
2003-12-16,61.0587,61.5985,61.0163,61.5621,5991500
2003-12-17,61.4651,61.7805,61.3256,61.7805,4867400
2003-12-18,61.7987,62.3688,61.6834,62.3567,10491800
2003-12-19,62.5857,62.6039,62.1848,62.4034,10810400
2003-12-22,62.3245,62.9441,62.3245,62.9319,6459300
2003-12-23,62.8043,63.0898,62.6039,62.8407,7622800
2003-12-24,62.6585,62.8286,62.6221,62.6828,3742600
2003-12-26,62.7132,62.8772,62.6828,62.7253,2088500
2003-12-29,62.9440,63.6243,62.9136,63.5818,6589900
2003-12-30,63.4907,63.6182,63.2659,63.3692,5478200
2003-12-31,63.4603,63.6182,63.2781,63.5150,5658100
2004-01-02,63.8004,64.0616,63.1627,63.3935,8231300
2004-01-05,63.6790,64.1588,63.6547,64.1284,6942600
2004-01-06,63.9280,64.1770,63.8612,64.0798,7702700
2004-01-07,63.9705,64.1284,63.6607,64.1102,6669400
2004-01-08,64.3653,64.4200,64.0859,64.3896,7701000
2004-01-09,63.9948,64.2195,63.5453,63.5878,9382200
2004-01-12,63.6607,63.8976,63.5332,63.8794,7877100
2004-01-13,63.8855,63.9462,63.0473,63.4725,8506600
2004-01-14,63.6911,64.2256,63.6425,64.1831,6643000
2004-01-15,64.4260,64.4564,63.7579,64.3592,9694800
2004-01-16,64.4619,64.5227,64.1277,64.4984,8975200
2004-01-20,64.6686,64.6686,64.0001,64.0973,8631500
2004-01-21,64.1277,64.8144,63.8359,64.6078,9293800
2004-01-22,64.7294,64.8813,64.5410,64.7233,6018200
2004-01-23,64.7719,64.7841,64.0365,64.3404,6833100
2004-01-26,64.2917,65.1730,64.2553,65.1426,7087700
2004-01-27,65.1366,65.1670,64.5774,64.6017,5658700
2004-01-28,64.7172,64.8995,63.5381,63.8602,7716700
2004-01-29,64.0911,64.0911,63.4226,63.8662,12596700
2004-01-30,63.7812,63.9574,63.5563,63.8662,8248200
2004-02-02,63.9392,64.3403,63.5320,64.0000,6735300
2004-02-03,63.8177,64.0912,63.6475,63.9089,3869100
2004-02-04,63.6354,64.0851,63.5807,63.6840,8405900
2004-02-05,63.8177,64.0851,63.6232,63.8967,5332700
2004-02-06,63.9575,64.5167,63.7144,64.4316,6886500
2004-02-09,64.4619,64.6807,64.3039,64.4984,3840300
2004-02-10,64.3951,64.7658,64.3161,64.5774,3348600
2004-02-11,64.7111,65.5073,64.5774,65.2764,6889000
2004-02-12,65.2520,65.3857,65.1487,65.2156,3758000
2004-02-13,65.2764,65.4405,64.6504,64.8509,4074800
2004-02-17,65.1792,65.4344,65.0941,65.3433,2929300
2004-02-18,65.3129,65.3919,64.9604,65.1366,4074000
2004-02-19,65.4283,65.5924,65.0029,65.0941,6430900
2004-02-20,65.1903,65.1964,64.5505,64.8430,9334700
2004-02-23,64.9831,65.0014,64.4287,64.7272,7350700
2004-02-24,64.5018,64.9101,64.1789,64.4836,7973900
2004-02-25,64.4165,64.7881,64.4104,64.7028,4212700
2004-02-26,64.5140,64.7394,64.2946,64.5505,4878100
2004-02-27,64.5932,64.9893,64.4287,64.6298,5151000
2004-03-01,64.8613,65.2513,64.6907,65.1721,5244100
2004-03-02,64.9892,65.0928,64.4956,64.6480,7420700
2004-03-03,64.5079,64.7455,64.3555,64.6053,5421600
2004-03-04,64.6541,64.7211,64.4591,64.5201,4216400
2004-03-05,64.2702,65.0075,64.2154,64.7089,6828600
2004-03-08,64.7456,64.9162,64.0753,64.0936,3972000
2004-03-09,64.1362,64.2093,63.5939,63.7585,8046900
2004-03-10,63.8742,63.9169,62.6190,62.6556,10163100
2004-03-11,62.5276,63.0456,61.7782,61.8452,14357500
2004-03-12,62.0584,62.5520,62.0036,62.4545,8724500
2004-03-15,62.3570,62.3631,61.6198,61.8147,9750500
2004-03-16,62.0828,62.3692,61.6807,62.2351,8644400
2004-03-17,62.4424,63.0943,62.3997,62.9176,6934900
2004-03-18,62.7104,63.0821,62.3631,62.9481,9918500
2004-03-19,62.8614,63.0017,62.1416,62.1843,7337600
2004-03-22,61.7939,61.8061,61.1168,61.4401,9303500
2004-03-23,61.6902,61.8732,61.3547,61.3974,8777700
2004-03-24,61.4767,61.7390,61.0741,61.4340,8309600
2004-03-25,61.7329,62.4466,61.6048,62.3185,7684300
2004-03-26,62.2819,62.7394,62.1416,62.3429,5376500
2004-03-29,62.7699,63.2091,62.7455,63.1481,6766500
2004-03-30,63.0444,63.4775,62.9529,63.4409,4685000
2004-03-31,63.3799,63.5690,63.0078,63.3921,6973100
2004-04-01,63.1969,63.6666,63.1725,63.4897,7655300
2004-04-02,64.1424,64.1973,63.6849,64.0265,7605000
2004-04-05,64.0143,64.5450,63.9106,64.4535,3395500
2004-04-06,64.2339,64.6061,64.1729,64.4413,3779800
2004-04-07,64.4474,64.4596,63.9533,64.2339,5364600
2004-04-08,64.6122,64.6305,63.5020,63.8619,5463200
2004-04-12,63.9777,64.3376,63.9655,64.2400,3299300
2004-04-13,64.4780,64.5329,63.3312,63.3433,6847900
2004-04-14,63.1115,63.6606,63.0322,63.5752,8778900
2004-04-15,63.5751,63.7642,63.0749,63.3677,7101300
2004-04-16,63.6357,63.9348,63.3915,63.8798,5904400
2004-04-19,63.7333,63.8859,63.5380,63.7638,3748300
2004-04-20,63.9469,64.0812,62.7751,62.8849,6431100
2004-04-21,62.9887,63.1718,62.6225,63.0497,8370700
2004-04-22,62.9887,64.1911,62.9399,63.9714,9166100
2004-04-23,63.9347,64.0934,63.6478,64.0385,4820600
2004-04-26,64.0446,64.2949,63.6967,64.0568,3700700
2004-04-27,64.0385,64.4474,63.9347,64.1239,5690900
2004-04-28,63.9347,63.9347,63.1718,63.3366,8846500
2004-04-29,63.3671,63.6418,62.4699,62.9033,11963400
2004-04-30,63.0497,63.2023,62.4699,62.4699,6158900
2004-05-03,62.6652,63.1840,62.6591,63.0497,6128000
2004-05-04,63.0864,63.5625,62.7934,62.9460,7694500
2004-05-05,63.1412,63.3060,62.9337,63.1474,3496600
2004-05-06,62.7568,62.9765,62.2013,62.6225,9045900
2004-05-07,62.2990,62.8849,61.7375,61.7375,8867700
2004-05-10,61.4079,61.6459,60.7426,60.9807,17582000
2004-05-11,61.3163,61.4323,61.0355,61.1820,8772500
2004-05-12,61.1089,61.6704,60.3093,61.6399,16597400
2004-05-13,61.2308,61.6947,61.0294,61.1759,10827100
2004-05-14,61.1576,61.6459,60.8647,61.3102,8797800
2004-05-17,60.7304,61.0172,60.4191,60.7670,6814900
2004-05-18,60.9440,61.1821,60.7914,61.0173,6481600
2004-05-19,61.5360,61.8900,60.8219,60.8524,8893400
2004-05-20,60.9623,61.1271,60.6815,61.0477,8190900
2004-05-21,61.1874,61.5424,60.9425,61.0956,6336900
2004-05-24,61.4751,61.6037,60.8629,61.1323,6829100
2004-05-25,60.9609,62.0444,60.7650,61.9955,9302200
2004-05-26,61.8301,62.1056,61.7444,62.0444,6353700
2004-05-27,62.2587,62.6688,62.2464,62.6260,5972800
2004-05-28,62.5709,62.6260,62.3444,62.5525,4535500
2004-06-01,62.3872,62.6076,62.1118,62.5403,5099400
2004-06-02,62.6872,63.0912,62.4974,62.9566,5817300
2004-06-03,62.7423,63.0484,62.4240,62.5219,7500200
2004-06-04,62.9076,63.1769,62.6933,62.8463,4636700
2004-06-07,63.1585,63.7217,63.1279,63.6544,5772300
2004-06-08,63.5014,63.9667,63.4647,63.9544,5393400
2004-06-09,63.7279,63.9116,63.5259,63.6361,5151600
2004-06-10,63.7279,63.8197,63.6299,63.8197,3496100
2004-06-14,63.6483,63.6483,63.2381,63.4217,4341700
2004-06-15,63.8075,63.9789,63.4524,63.7340,7290000
2004-06-16,63.7462,63.7585,63.5197,63.6605,3838200
2004-06-17,63.5749,63.7463,63.4157,63.6361,2779500
2004-06-18,63.6330,64.0497,63.5779,63.8597,3919400
2004-06-21,63.8781,64.0619,63.5717,63.6085,4152200
2004-06-22,63.5718,63.8536,63.2164,63.8291,4098600
2004-06-23,63.7065,64.3560,63.5595,64.2948,4784400
2004-06-24,64.2028,64.3683,64.0129,64.0987,4658200
2004-06-25,64.0557,64.3315,63.6758,63.7555,3581100
2004-06-28,64.0742,64.2090,63.4186,63.4921,6769100
2004-06-29,63.5411,64.0006,63.4614,63.9087,5171000
2004-06-30,63.9087,64.2703,63.6575,64.1109,6940800
2004-07-01,64.0191,64.1232,63.0754,63.2715,10590600
2004-07-02,63.3511,63.4124,62.9896,63.1306,4276300
2004-07-06,62.9345,63.0570,62.5362,62.7078,6318600
2004-07-07,62.6342,63.0631,62.6342,62.8670,5597800
2004-07-08,62.7200,63.0509,62.4137,62.5424,8076400
2004-07-09,62.6955,62.8793,62.5607,62.7261,3660200
2004-07-12,62.6833,62.9835,62.3769,62.8487,5886500
2004-07-13,62.9590,62.9896,62.7261,62.8487,3267000
2004-07-14,62.5852,63.1673,62.4504,62.6710,7294700
2004-07-15,62.7936,62.8304,62.2360,62.2605,4528300
2004-07-16,62.8154,62.8522,62.2206,62.3678,5944900
2004-07-19,62.3126,62.3616,61.8036,61.9078,9645400
2004-07-20,62.0428,62.6437,61.8526,62.4904,5270600
2004-07-21,62.6437,62.8890,61.5460,61.5705,9341600
2004-07-22,61.4295,61.9201,61.0983,61.6441,11667800
2004-07-23,61.5215,61.5276,61.0186,61.2149,6837100
2004-07-26,61.3681,61.4785,60.9021,61.1903,8701800
2004-07-27,61.3559,62.0673,61.3130,61.9078,7015800
2004-07-28,61.8097,62.3617,61.3682,62.1716,9645100
2004-07-29,62.3862,62.4843,61.9692,62.2697,7651300
2004-07-30,62.1838,62.4291,61.9753,62.3984,3943800
2004-08-02,62.1102,62.6928,62.0366,62.5150,6024000
2004-08-03,62.4168,62.5150,62.0366,62.0918,5626400
2004-08-04,61.9140,62.4782,61.8588,62.1838,5963500
2004-08-05,62.2452,62.2452,61.1106,61.1536,8179900
2004-08-06,60.7795,60.9450,60.1907,60.3257,9082800
2004-08-09,60.3624,60.6139,60.2888,60.3563,5095100
2004-08-10,60.4789,61.1535,60.3256,61.0615,7344300
2004-08-11,60.8224,61.2394,60.5403,61.1474,6687400
2004-08-12,60.8837,61.0063,60.2950,60.4544,6939400
2004-08-13,60.5280,60.6507,60.2030,60.5280,4192700
2004-08-16,60.5096,61.3436,60.5035,61.2026,5697000
2004-08-17,61.4479,61.6871,61.2394,61.4785,5946900
2004-08-18,61.2148,62.1224,61.1842,62.0734,6069000
2004-08-19,61.9446,62.0488,61.5215,61.8465,5510900
2004-08-20,61.7450,62.3908,61.6958,62.2740,5462800
2004-08-23,62.2863,62.3970,62.0034,62.0587,4521700
2004-08-24,62.3232,62.4708,61.9541,62.2555,3746000
2004-08-25,62.2432,62.8337,61.9911,62.6615,6232300
2004-08-26,62.6430,62.7845,62.5385,62.6554,4238800
2004-08-27,62.6800,62.8891,62.5631,62.8337,2971100
2004-08-30,62.6983,62.7906,62.3109,62.3724,4482800
2004-08-31,62.3970,62.6799,62.0587,62.6676,5158700
2004-09-01,62.5754,62.8952,62.2555,62.6615,4624300
2004-09-02,62.6430,63.4979,62.6246,63.3749,4906000
2004-09-03,63.3503,63.5902,63.2334,63.2642,5160900
2004-09-07,63.5041,63.8547,63.4242,63.7440,4500100
2004-09-08,63.6271,63.8240,63.4857,63.6517,5085900
2004-09-09,63.5779,63.7010,63.2704,63.3504,5990800
2004-09-10,63.3503,63.5840,63.0797,63.4918,3670200
2004-09-13,63.6332,63.7932,63.4610,63.6578,4570500
2004-09-14,63.5717,63.7378,63.5041,63.6578,3690100
2004-09-15,63.4426,63.4733,63.0551,63.0674,6374500
2004-09-16,63.1474,63.4118,63.0920,63.1966,5572200
2004-09-17,63.3382,63.6029,63.2274,63.4244,4894400
2004-09-20,63.1473,63.2335,62.8087,62.8949,6733300
2004-09-21,63.0427,63.3444,62.8887,63.0303,6604900
2004-09-22,62.7779,62.8025,62.2361,62.2484,8852700
2004-09-23,62.2976,62.3222,61.8173,61.8481,7438900
2004-09-24,61.8728,62.1498,61.8728,62.0144,5528200
2004-09-27,61.8051,61.9282,61.5711,61.6696,5243000
2004-09-28,61.7250,62.2791,61.5156,62.1190,8556800
2004-09-29,62.0452,62.4885,61.9529,62.4762,7240800
2004-09-30,62.0144,62.2299,61.9097,62.1067,6375100
2004-10-01,62.3961,62.9195,62.3222,62.9010,7370500
2004-10-04,63.2027,63.3444,62.9626,62.9934,5422400
2004-10-05,62.9995,63.0303,62.6363,62.8271,5210500
2004-10-06,62.7471,63.2027,62.6732,63.1966,5244700
2004-10-07,63.0550,63.0673,62.4516,62.4577,6821900
2004-10-08,62.3099,62.6363,61.9344,62.0021,7265900
2004-10-11,62.1622,62.3407,62.1314,62.2730,3549500
2004-10-12,61.9405,62.3407,61.7927,62.2176,5207100
2004-10-13,62.4516,62.4762,61.4295,61.6203,7916000
2004-10-14,61.6573,61.7189,60.9554,61.0662,8125100
2004-10-15,61.2140,61.5403,60.9985,61.2448,7489800
2004-10-18,61.0328,61.5012,60.8541,61.3964,9897800
2004-10-19,61.6120,61.8524,61.0204,61.0697,9483600
2004-10-20,60.9588,61.0635,60.5151,60.9403,9636600
2004-10-21,61.0019,61.1621,60.5151,60.9711,12984900
2004-10-22,60.9712,61.0328,60.1886,60.2440,10885700
2004-10-25,60.0961,60.3734,59.9420,60.1947,8935700
2004-10-26,60.3672,61.0697,60.1885,61.0574,8281200
2004-10-27,60.9773,61.8524,60.7740,61.7106,10346700
2004-10-28,61.6367,62.0249,61.4580,61.7907,7890500
2004-10-29,61.6983,62.0187,61.6798,61.8585,5304700
2004-11-01,61.9264,62.2222,61.8093,62.0619,6267300
2004-11-02,62.1112,62.5672,61.8030,61.9509,7390000
2004-11-03,62.8137,63.0848,62.3269,62.6781,10058100
2004-11-04,62.5918,63.7503,62.5486,63.6702,9474700
2004-11-05,63.9106,64.3543,63.7812,64.2249,8309800
2004-11-08,64.1078,64.2926,63.9784,64.2680,5256900
2004-11-09,64.2003,64.4468,64.0709,64.2188,6609300
2004-11-10,64.2557,64.5885,64.1818,64.3297,5466600
2004-11-11,64.3913,64.8658,64.3481,64.7610,4604100
2004-11-12,64.8227,65.1739,64.7056,65.1061,4875200
2004-11-15,65.1746,65.3599,65.0882,65.2920,4601700
2004-11-16,65.1067,65.1314,64.8041,64.9215,8043800
2004-11-17,65.2241,65.6193,65.0574,65.3970,6900900
2004-11-18,65.4093,65.5205,65.2920,65.4587,4714100
2004-11-19,65.4563,65.4811,64.6076,64.7810,6968500
2004-11-22,64.6571,65.0474,64.5704,64.9235,8335900
2004-11-23,64.9421,65.0660,64.5890,65.0412,7527500
2004-11-24,65.0598,65.1403,64.8678,65.0660,6210400
2004-11-26,65.1032,65.2642,64.9855,64.9979,1807300
2004-11-29,65.2767,65.3634,64.4403,64.7191,9181300
2004-11-30,64.7996,64.8987,64.5456,64.6323,7401100
2004-12-01,64.8182,65.5802,64.7811,65.4625,8612600
2004-12-02,65.3262,65.8342,65.2705,65.5678,8250700
2004-12-03,65.4563,65.9085,65.3943,65.4749,7206400
2004-12-06,65.4686,65.4996,65.1961,65.2642,3494200
2004-12-07,65.3386,65.4377,64.6571,64.6819,7572700
2004-12-08,64.7810,65.0845,64.6881,65.0536,7090100
2004-12-09,64.7562,65.4191,64.5270,65.2828,8913400
2004-12-10,65.1651,65.5120,65.1156,65.3572,5999500
2004-12-13,65.6050,65.9519,65.3758,65.9457,7457100
2004-12-14,65.8156,66.2555,65.7908,66.1377,5822400
2004-12-15,66.0510,66.3235,65.8837,66.1935,9270700
2004-12-16,66.1810,66.4660,66.0509,66.3855,8572800
2004-12-17,65.9915,66.3762,65.9047,66.0970,8222200
2004-12-20,66.2397,66.4817,65.9853,66.1528,6136000
2004-12-21,66.2335,66.6803,66.1467,66.6492,8002500
2004-12-22,66.6120,67.0897,66.5748,67.0153,6666000
2004-12-23,67.0836,67.3504,67.0277,67.1022,3318100
2004-12-27,67.2759,67.3565,66.8353,66.8602,5591200
2004-12-28,66.9346,67.3007,66.8850,67.2572,3461100
2004-12-29,67.1766,67.2014,66.9036,67.1580,4043900
2004-12-30,67.1642,67.2635,66.8664,66.9160,2786600
2004-12-31,66.9656,67.1269,66.6802,66.7050,4262800
2005-01-03,67.1022,67.3752,66.3452,66.5872,11691300
2005-01-04,66.6988,66.7609,65.6999,65.9543,10628300
2005-01-05,65.9543,66.2521,65.5883,65.5883,10885300
2005-01-06,65.8488,66.1776,65.6627,65.7930,8238900
2005-01-07,65.9729,66.0784,65.5386,65.6689,8555700
2005-01-10,65.6688,66.1590,65.6254,65.8922,6028100
2005-01-11,65.7061,65.7123,65.3152,65.4703,7592600
2005-01-12,65.5076,65.9109,65.1229,65.7868,10574200
2005-01-13,65.7434,65.8302,65.0298,65.1167,7669700
2005-01-14,65.2283,65.5510,65.1787,65.4207,5986900
2005-01-18,65.3028,65.9481,65.1477,65.8674,6601700
2005-01-19,65.8613,65.9233,65.2905,65.3029,6567900
2005-01-20,65.1849,65.4455,64.8871,64.9988,8661700
2005-01-21,65.1777,65.2274,64.4511,64.4884,7901200
2005-01-24,64.6560,64.7802,64.3517,64.4324,9877700
2005-01-25,64.6436,65.2149,64.6188,64.9541,9751100
2005-01-26,65.1590,65.3640,65.0100,65.0783,7851200
2005-01-27,64.8671,65.1031,64.7181,64.9417,8393800
2005-01-28,64.9231,64.9914,64.4387,64.8610,7791600
2005-01-31,65.1963,65.2398,64.8858,65.0845,5333900
2005-02-01,65.2211,65.6062,65.1093,65.4571,4800300
2005-02-02,65.4944,65.9105,65.4261,65.7552,4660100
2005-02-03,65.6434,65.7987,65.4820,65.7676,4818700
2005-02-04,65.7055,66.5812,65.6807,66.4508,6413300
2005-02-07,66.4073,66.6185,66.3949,66.4570,3710300
2005-02-08,66.4881,66.7116,66.3949,66.6061,5046500
2005-02-09,66.7116,66.7489,66.2210,66.2893,7444900
2005-02-10,66.4694,66.8855,66.4073,66.7613,5221000
2005-02-11,66.7116,67.3140,66.5377,67.1277,4722600
2005-02-14,67.0780,67.1463,66.9724,67.0594,3689300
2005-02-15,67.1091,67.4507,67.0222,67.3637,4711000
2005-02-16,67.2457,67.4941,67.1277,67.3513,4285800
2005-02-17,67.3575,67.4196,66.8669,66.8979,5746600
2005-02-18,66.8967,67.1208,66.7224,67.1021,4906500
2005-02-22,66.8033,67.0149,65.9693,65.9818,8958900
2005-02-23,66.1934,66.5668,66.0938,66.4921,6457800
2005-02-24,66.3365,66.9402,66.1996,66.8531,7124200
2005-02-25,66.8656,67.4817,66.7846,67.4444,4984900
2005-02-28,67.2888,67.8303,66.7598,67.0336,7471500
2005-03-01,67.0710,67.5253,67.0710,67.3635,5316000
2005-03-02,67.1021,67.6498,67.0585,67.2639,7239700
2005-03-03,67.4818,67.6374,66.9963,67.3760,7779800
2005-03-04,67.7867,68.2224,67.6249,68.1788,6123100
2005-03-07,68.0855,68.3594,68.0295,68.0481,4124200
2005-03-08,68.0233,68.1664,67.8179,67.9423,7533400
2005-03-09,67.7369,67.9859,67.2203,67.2265,5060900
2005-03-10,67.3511,67.6747,67.0585,67.5129,5215200
2005-03-11,67.5253,67.7245,67.0025,67.1208,3489300
2005-03-14,67.1892,67.3199,66.9589,67.3075,3474500
2005-03-15,67.4631,67.5191,66.9216,66.9527,3926400
2005-03-16,66.5668,66.6664,66.0938,66.1934,6444500
2005-03-17,66.3241,66.3988,66.0005,66.1561,4476200
2005-03-18,66.3169,66.3543,65.7309,66.0550,10700300
2005-03-21,66.1050,66.1548,65.6000,65.7184,7322400
2005-03-22,65.7932,66.0987,65.1449,65.1636,7066800
2005-03-23,65.1387,65.7995,64.9641,65.0888,7267500
2005-03-24,65.2820,65.5501,65.0513,65.1075,5058600
2005-03-28,65.2072,65.6000,65.1823,65.3070,4968200
2005-03-29,65.2134,65.5376,64.7459,64.8768,7659600
2005-03-30,64.9454,65.6997,64.9454,65.6685,5654100
2005-03-31,65.5625,65.6560,65.3319,65.4503,7374200
2005-04-01,65.7247,65.8431,64.6711,64.8644,7737700
2005-04-04,64.8831,65.3444,64.4966,64.9704,11559300
2005-04-05,65.0139,65.2571,64.9267,65.2009,4398700
2005-04-06,65.3319,65.6062,65.2820,65.4691,4531300
2005-04-07,65.3381,65.8181,65.3007,65.7807,3852800
2005-04-08,65.7370,65.7931,65.1573,65.1698,3649600
2005-04-11,65.3256,65.3380,65.0700,65.1261,3187600
2005-04-12,64.9578,65.6436,64.5588,65.4503,9085300
2005-04-13,65.4067,65.5937,64.6773,64.8207,8180200
2005-04-14,64.8955,64.9392,63.8295,63.8358,10780100
2005-04-15,63.7634,64.0067,62.7715,62.8214,12132300
2005-04-18,62.7715,63.0148,62.4533,62.7278,13000100
2005-04-19,63.0148,63.3204,62.8838,63.1645,7633400
2005-04-20,63.3267,63.4951,62.3160,62.4720,12009900
2005-04-21,62.9773,63.8132,62.8089,63.7072,7323400
2005-04-22,63.5700,63.7322,62.7714,63.5263,6159600
2005-04-25,63.6636,63.9942,63.5575,63.8819,4631900
2005-04-26,63.6698,64.0191,63.2767,63.3267,6071100
2005-04-27,63.0771,63.7384,62.8463,63.5700,10413200
2005-04-28,63.4078,63.5263,62.7090,62.7090,7083400
2005-04-29,63.2020,63.6199,62.6592,63.5575,10176500
2005-05-02,63.7821,64.0067,63.5450,63.9942,5349200
2005-05-03,63.8320,64.3062,63.6636,64.1876,7114100
2005-05-04,64.2624,64.8364,64.0503,64.7366,8803600
2005-05-05,64.7616,64.9300,64.2500,64.5682,8842100
2005-05-06,64.8302,64.9113,64.5058,64.5245,5379900
2005-05-09,64.5432,64.8052,64.3872,64.7241,3912600
2005-05-10,64.4808,64.5619,63.9443,64.0691,6964900
2005-05-11,64.2500,64.4122,63.3204,64.2687,7684300
2005-05-12,64.2687,64.4683,63.5887,63.5887,5534400
2005-05-13,63.7759,63.9256,62.9212,63.4265,11750400
2005-05-16,63.3953,64.0753,63.3765,64.0316,5840400
2005-05-17,63.8632,64.5993,63.8070,64.5619,5973700
2005-05-18,64.8302,65.5414,64.7927,65.4041,8503700
2005-05-19,65.4789,65.6286,65.2481,65.5912,5010200
2005-05-20,65.6069,65.6195,65.1626,65.4818,6342600
2005-05-23,65.4817,66.0262,65.4817,65.8510,5310900
2005-05-24,65.6632,65.7946,65.4817,65.6069,5147900
2005-05-25,65.5318,65.5318,65.1876,65.4567,5065900
2005-05-26,65.7070,65.9323,65.6132,65.8823,4759800
2005-05-27,65.9010,65.9886,65.7571,65.9448,2107100
2005-05-31,65.9136,65.9324,65.4442,65.4818,5593300
2005-06-01,65.4880,66.2327,65.4692,65.9198,7951400
2005-06-02,65.7822,66.0638,65.7383,66.0075,3463700
2005-06-03,65.8823,65.9887,65.3253,65.5381,5009600
2005-06-06,65.5006,65.7071,65.2440,65.4818,2761400
2005-06-07,65.6444,66.1764,65.5819,65.6382,6878900
2005-06-08,65.8823,65.9699,65.4442,65.5881,6071000
2005-06-09,65.5381,65.8635,65.3253,65.7008,4067300
2005-06-10,65.8009,65.9511,65.3879,65.8197,5115500
2005-06-13,65.6883,66.3016,65.5631,65.9261,4816100
2005-06-14,65.8885,66.2828,65.8322,66.0700,4180400
2005-06-15,66.2578,66.2890,65.7070,66.1764,6118100
2005-06-16,66.1513,66.3516,66.0011,66.2014,6817800
2005-06-17,66.5422,66.7302,66.3418,66.4357,7295800
2005-06-20,66.2102,66.5799,66.1225,66.3857,3709900
2005-06-21,66.3982,66.5361,66.2166,66.4108,3861400
2005-06-22,66.5423,66.6174,66.2039,66.4232,3443200
2005-06-23,66.2791,66.3293,65.1765,65.1890,12891900
2005-06-24,65.1514,65.1702,64.3934,64.4435,9810400
2005-06-27,64.4309,64.6940,64.1803,64.4998,9047400
2005-06-28,64.6439,65.1577,64.6377,65.1451,6487600
2005-06-29,65.3018,65.3143,64.8757,64.9071,5145900
2005-06-30,65.1201,65.2015,64.2555,64.3745,9964300
2005-07-01,64.5750,64.8131,64.4247,64.6064,6487600
2005-07-05,64.4372,65.0762,64.4059,64.9259,4745900
2005-07-06,64.9259,65.0637,64.2869,64.3245,8956200
2005-07-07,63.7480,64.6564,63.7354,64.6188,13370400
2005-07-08,64.6690,65.5524,64.5687,65.5085,8886100
2005-07-11,65.5524,66.0223,65.5524,65.9346,6848700
2005-07-12,65.9032,66.0912,65.6902,65.8468,6652800
2005-07-13,65.9784,66.1977,65.8781,66.1789,6548000
2005-07-14,66.4545,66.7678,66.4357,66.6738,10958900
2005-07-15,66.6889,66.7579,66.4130,66.6513,4914200
2005-07-18,66.5008,66.6262,66.2562,66.4193,6084600
2005-07-19,66.7516,66.8394,66.5384,66.7829,3829200
2005-07-20,66.3816,67.0275,66.3126,66.9020,5790600
2005-07-21,67.0400,67.0902,66.4819,66.5885,8750400
2005-07-22,66.6638,66.8143,66.3565,66.7704,5836600
2005-07-25,66.7955,67.0024,66.3816,66.5509,5809400
2005-07-26,66.4819,66.5948,66.2436,66.3565,5627100
2005-07-27,66.5258,66.7578,66.3063,66.6888,7002400
2005-07-28,66.8582,67.1780,66.6764,67.1404,6609300
2005-07-29,67.1090,67.1968,66.7140,66.8645,5551000
2005-08-01,66.9209,66.9209,66.5321,66.5885,4700800
2005-08-02,66.7641,67.0964,66.6951,66.9146,4396000
2005-08-03,66.8018,67.1216,66.7014,67.0965,3290700
2005-08-04,66.8770,66.9272,66.4757,66.5447,5165000
2005-08-05,66.4318,66.5259,66.1810,66.2500,7191400
2005-08-08,66.4318,66.5008,65.9991,66.1810,6558200
2005-08-09,66.3879,66.7391,66.3566,66.6388,5427100
2005-08-10,66.9272,67.3035,66.3378,66.6199,8485100
2005-08-11,66.5509,67.0965,66.4945,67.0150,5800000
2005-08-12,66.8770,66.8958,66.3440,66.4757,5361800
2005-08-15,66.5070,66.9083,66.3001,66.8582,4665800
2005-08-16,66.6199,66.7202,65.9865,66.0931,6792700
2005-08-17,66.0869,66.5384,66.0179,66.2688,6394900
2005-08-18,66.1371,66.5760,66.0744,66.3189,6723200
2005-08-19,66.5824,66.7900,66.3623,66.4944,4033600
2005-08-22,66.5824,66.9032,66.1422,66.4504,6929700
2005-08-23,66.4379,66.4945,65.9788,66.2114,6953900
2005-08-24,66.0290,66.3497,65.5070,65.5196,9086400
2005-08-25,65.6202,65.7774,65.5321,65.6957,5454900
2005-08-26,65.6328,65.6517,65.2743,65.3435,5546700
2005-08-29,65.0919,65.9157,65.0604,65.8088,6547200
2005-08-30,65.6140,65.6140,65.0605,65.4064,8566800
2005-08-31,65.4567,66.0227,65.1171,65.9661,9550100
2005-09-01,65.8969,66.1548,65.5448,65.7837,7401300
2005-09-02,65.8969,65.9913,65.5951,65.7837,11825500
2005-09-06,66.0227,66.6201,65.9849,66.5572,10767100
2005-09-07,66.5447,66.8968,66.4818,66.8088,7275000
2005-09-08,66.6516,66.8466,66.4566,66.6076,5879000
2005-09-09,66.7522,67.2490,66.7018,67.1421,7449900
2005-09-12,67.1044,67.2994,67.0604,67.1736,4963100
2005-09-13,67.0352,67.1735,66.6704,66.7333,6012100
2005-09-14,66.8340,66.9221,66.3057,66.3938,6904700
2005-09-15,66.5447,66.6013,66.1988,66.4504,7019500
2005-09-16,66.7306,67.0014,66.5417,66.9070,6797100
2005-09-19,66.8377,66.8566,66.2142,66.4724,8614000
2005-09-20,66.5606,66.7432,65.8614,65.9559,11001900
2005-09-21,65.8237,65.8237,65.2631,65.3261,10702800
2005-09-22,65.3387,65.7544,65.1498,65.5277,7931300
2005-09-23,65.4520,65.8173,65.2946,65.5654,4974300
2005-09-26,65.9118,66.1512,65.5150,65.7796,6407000
2005-09-27,65.7355,66.0693,65.5465,65.8363,8162900
2005-09-28,66.0063,66.1575,65.6032,65.9433,6376500
2005-09-29,65.8803,66.4787,65.5654,66.3842,9185600
2005-09-30,66.3590,66.6298,66.2582,66.6046,4172600
2005-10-03,66.5984,66.7684,66.2331,66.3087,5411100
2005-10-04,66.4220,66.5354,65.6095,65.6095,6459100
2005-10-05,65.6788,65.7229,64.9734,65.0112,8901800
2005-10-06,65.0868,65.3198,64.3625,64.8096,11180100
2005-10-07,65.0930,65.1938,64.7592,64.8537,6857700
2005-10-10,64.9860,65.0238,64.4254,64.4443,5053100
2005-10-11,64.6774,64.9860,64.4632,64.5766,7939900
2005-10-12,64.5829,64.9482,64.1672,64.2617,16982500
2005-10-13,64.2617,64.5200,63.9783,64.2177,8091400
2005-10-14,64.5514,64.8537,64.2428,64.7656,8777900
2005-10-17,64.9168,65.2758,64.8349,65.1876,10068700
2005-10-18,65.2254,65.3513,64.7845,64.7908,4804500
2005-10-19,64.6270,65.7229,64.4695,65.6977,12384800
2005-10-20,65.5403,65.7418,64.5515,64.7341,10696000
2005-10-21,64.9409,64.9914,64.2472,64.4175,10676100
2005-10-24,64.6697,65.4896,64.6066,65.4328,11279400
2005-10-25,65.3256,65.6283,65.0040,65.4202,6667100
2005-10-26,65.2437,65.7545,65.1554,65.2941,7512100
2005-10-27,65.1616,65.2247,64.4553,64.5436,5411400
2005-10-28,64.7391,65.5653,64.6193,65.4896,8511100
2005-10-31,65.7419,66.0888,65.5212,65.5338,5342600
2005-11-01,65.7482,65.8932,65.5716,65.6788,5384200
2005-11-02,65.5022,66.1518,65.4391,66.0320,6249000
2005-11-03,66.3158,66.5933,66.1455,66.3726,6455800
2005-11-04,66.4546,66.5302,66.0572,66.3410,4155600
2005-11-07,66.5303,66.7699,66.3285,66.6060,3314800
2005-11-08,66.5050,66.6879,66.4104,66.5996,3077000
2005-11-09,66.4861,66.9212,66.3915,66.5996,4387700
2005-11-10,66.5933,67.2807,66.4293,67.2177,7604300
2005-11-11,67.2050,67.5519,67.1672,67.4951,3297100
2005-11-14,67.4574,67.6340,67.4132,67.6087,3607500
2005-11-15,67.5961,67.8420,67.3375,67.5582,7408600
2005-11-16,67.5834,67.7033,67.3123,67.5078,6907300
2005-11-17,67.5709,67.7853,67.3943,67.7222,5314800
2005-11-18,68.0181,68.1003,67.5945,67.9928,8014000
2005-11-21,68.1383,68.4797,67.9928,68.3912,5132900
2005-11-22,68.2774,68.7579,68.1888,68.6947,7228500
2005-11-23,68.5557,69.2133,68.5557,69.0362,5402800
2005-11-25,69.0615,69.2385,69.0615,69.1310,1592000
2005-11-28,69.1879,69.2322,68.7706,68.9476,7201700
2005-11-29,69.1184,69.2954,68.8402,68.8528,6523900
2005-11-30,68.9097,69.0994,68.3343,68.4291,6149900
2005-12-01,68.7579,69.1690,68.6947,68.9603,5844300
2005-12-02,68.9413,69.0867,68.7010,68.8085,5143600
2005-12-05,68.6631,68.7706,68.3786,68.5366,4607400
2005-12-06,68.8022,69.0994,68.5935,68.7327,5144600
2005-12-07,68.7200,68.7516,68.0940,68.3532,8612400
2005-12-08,68.3975,68.6252,67.8917,68.0624,7453200
2005-12-09,68.0814,68.3596,67.8790,68.1256,5127800
2005-12-12,68.3533,68.4165,67.9233,68.1130,5095700
2005-12-13,68.1383,68.7896,68.0245,68.5366,7727900
2005-12-14,68.5556,69.1057,68.5556,68.9223,7047400
2005-12-15,68.9224,69.2385,68.7327,68.7769,8461600
2005-12-16,69.0646,69.2294,68.7604,68.7668,4573100
2005-12-19,68.9506,69.1090,68.4753,68.5767,7584100
2005-12-20,68.5956,68.7097,68.2534,68.3738,5050500
2005-12-21,68.4943,68.9759,68.4373,68.5387,5923100
2005-12-22,68.6717,68.9189,68.5450,68.8935,4253800
2005-12-23,68.9822,69.0456,68.8238,68.9189,1906900
2005-12-27,69.0393,69.2358,68.2155,68.2852,8654300
2005-12-28,68.4372,68.5386,68.2471,68.3485,4159700
2005-12-29,68.4056,68.5387,68.1584,68.2408,2907700
2005-12-30,68.0634,68.1774,67.6958,67.7782,5063100
2006-01-03,68.0887,68.7985,67.6451,68.6527,9761900
2006-01-04,68.7160,68.9886,68.6146,68.9125,5844500
2006-01-05,68.7668,69.0900,68.6717,69.0013,4843600
2006-01-06,69.2865,69.5209,68.9252,69.4069,9017800
2006-01-09,69.3942,69.8441,69.3752,69.6984,10420700
2006-01-10,69.4322,69.7998,69.3752,69.7617,6390700
2006-01-11,69.7808,70.0026,69.6350,69.9836,4388600
2006-01-12,69.8505,69.8569,69.4006,69.5653,6331700
2006-01-13,69.4766,69.6668,69.1978,69.4196,3712200
2006-01-17,69.1724,69.2484,68.9125,69.0836,3914400
2006-01-18,68.6971,69.0139,68.5766,68.8238,4962200
2006-01-19,68.9062,69.1914,68.7858,68.9062,4596400
2006-01-20,68.8111,68.8364,67.5358,67.5485,16440200
2006-01-23,67.6563,68.0624,67.6056,67.7959,7596300
2006-01-24,67.8531,68.1449,67.7452,67.8467,7147800
2006-01-25,68.0624,68.2147,67.6310,67.9799,9525900
2006-01-26,68.2845,68.6461,68.1703,68.5256,8234300
2006-01-27,68.6587,69.3249,68.5001,69.2234,7922800
2006-01-30,69.2107,69.2805,69.0014,69.0965,4822900
2006-01-31,69.0204,69.2742,68.6714,68.6905,5224700
2006-02-01,68.8364,69.5470,68.8364,69.5152,7068500
2006-02-02,69.3440,69.4011,68.6398,68.7096,7334800
2006-02-03,68.5827,68.9126,68.3543,68.3860,5108600
2006-02-06,68.4875,68.6017,68.3099,68.5319,3454100
2006-02-07,68.4113,68.6524,68.0877,68.1893,11363000
2006-02-08,68.3415,68.9696,68.3161,68.8934,5261200
2006-02-09,69.0331,69.5089,68.9443,69.0521,7852600
2006-02-10,69.0521,69.4772,68.6588,69.2361,7640600
2006-02-13,69.1917,69.4645,68.8745,69.1853,10955500
2006-02-14,69.3376,70.1370,69.2298,70.0418,13191000
2006-02-15,69.9784,70.3147,69.7817,70.2322,9483800
2006-02-16,70.3083,70.6065,70.1561,70.5938,5659100
2006-02-17,70.5709,70.6981,70.3485,70.5646,3941800
2006-02-21,70.6790,70.7553,70.1706,70.2786,9063600
2006-02-22,70.4184,70.8824,70.3803,70.6154,5032100
2006-02-23,70.6155,70.7680,70.2214,70.3867,9454300
2006-02-24,70.2785,70.4629,69.9735,70.3993,5469600
2006-02-27,70.4120,70.7616,70.3930,70.4565,2547500
2006-02-28,70.2976,70.3993,69.7764,69.8527,6669100
2006-03-01,70.0688,70.3866,69.9735,70.2087,4725400
2006-03-02,70.0179,70.2340,69.8018,70.1577,5008800
2006-03-03,69.8336,70.5836,69.7954,69.9607,6315000
2006-03-06,70.0052,70.1514,69.4586,69.6811,5497300
2006-03-07,69.5095,69.8591,69.4714,69.8209,6271500
2006-03-08,69.7256,70.1260,69.4523,69.9798,6353000
2006-03-09,70.0306,70.2658,69.7128,69.7319,6042400
2006-03-10,69.9099,70.5773,69.8336,70.4565,8351400
2006-03-13,70.5773,70.7489,70.3421,70.5582,5690200
2006-03-14,70.4374,71.0349,70.3929,70.9459,4981700
2006-03-15,70.9904,71.4608,70.8951,71.3972,5835200
2006-03-16,71.4989,71.7976,71.4607,71.6768,6334700
2006-03-17,71.7400,71.8610,71.6317,71.7909,5742800
2006-03-20,71.8037,71.9884,71.6635,71.7846,6846500
2006-03-21,71.8227,72.1540,71.4023,71.5424,8855200
2006-03-22,71.5424,72.1030,71.5170,72.0202,7281700
2006-03-23,71.9820,72.0967,71.5043,71.8419,6603900
2006-03-24,71.7717,72.0329,71.5615,71.8227,4651600
2006-03-27,71.6889,71.8036,71.4724,71.6316,3459600
2006-03-28,71.5615,71.8036,70.9118,70.9819,8467700
2006-03-29,71.1094,71.5744,71.0138,71.3260,7838700
2006-03-30,71.3131,71.6634,70.7461,70.9755,8894100
2006-03-31,71.0966,71.2303,70.6889,70.9055,6037000
2006-04-03,71.1157,71.5934,70.8736,70.9055,7856300
2006-04-04,70.9246,71.4724,70.7908,71.3450,6192100
2006-04-05,71.3195,71.6444,71.0838,71.5743,7691900
2006-04-06,71.5043,71.6444,71.1284,71.4533,5248200
2006-04-07,71.6380,71.7909,70.7653,70.8609,7292800
2006-04-10,70.9819,71.2431,70.8163,71.0328,5947700
2006-04-11,71.1666,71.2558,70.3958,70.6634,7484400
2006-04-12,70.7717,70.9947,70.7208,70.8928,3721200
2006-04-13,70.8226,71.2239,70.7334,70.8863,4230500
2006-04-17,70.9054,71.1029,70.3003,70.5997,5455900
2006-04-18,70.7271,71.8482,70.7271,71.7527,10870700
2006-04-19,71.8673,72.0075,71.5680,71.8928,6002100
2006-04-20,71.9246,72.5425,71.8800,72.2941,10126900
2006-04-21,72.6391,72.6838,72.1226,72.3139,6997100
2006-04-24,72.2182,72.3585,72.0142,72.2820,5136000
2006-04-25,72.3394,72.3585,71.7400,71.9568,8235400
2006-04-26,72.0397,72.4988,72.0014,72.3075,6018800
2006-04-27,71.9887,72.7603,71.8547,72.5498,14549000
2006-04-28,72.4797,72.7603,72.3075,72.6200,4110100
2006-05-01,72.6646,72.8304,72.1799,72.2501,5649300
2006-05-02,72.5180,72.8241,72.3968,72.7922,6042300
2006-05-03,72.6518,72.7411,72.4159,72.6710,4748300
2006-05-04,72.7858,73.0983,72.7858,72.9070,4126700
2006-05-05,73.2449,73.8635,73.1939,73.7359,6889900
2006-05-08,73.7360,73.9719,73.7360,73.8125,3502300
2006-05-09,73.8635,74.2398,73.8253,74.1888,3952400
2006-05-10,74.1313,74.4820,73.9974,74.3290,8291900
2006-05-11,74.2653,74.2653,73.2386,73.4554,9635700
2006-05-12,73.2769,73.3725,72.5818,72.6137,9974000
2006-05-15,72.3905,72.9708,72.3267,72.9006,7380100
2006-05-16,72.9516,73.1556,72.6965,72.8878,6972200
2006-05-17,72.5052,72.5945,71.3701,71.4148,17248200
2006-05-18,71.7208,72.4478,70.9747,71.0513,10613500
2006-05-19,71.3511,71.4150,70.7246,71.2616,22180500
2006-05-22,70.7758,71.3831,70.4945,70.9420,16605100
2006-05-23,71.3575,71.5620,70.5456,70.5584,9473200
2006-05-24,70.8653,71.3256,70.4433,71.0443,15372400
2006-05-25,71.3191,71.6580,71.1465,71.6324,8585700
2006-05-26,71.8817,72.1182,71.6771,72.0991,5280200
2006-05-30,71.7858,71.8433,70.8332,70.8524,8299800
2006-05-31,71.1210,71.4790,70.8333,71.4279,7130200
2006-06-01,71.3384,72.0224,71.2616,71.8562,5982200
2006-06-02,72.0863,72.1438,71.5237,71.8306,6554400
2006-06-05,71.7027,71.7411,70.5776,70.7630,9940600
2006-06-06,70.8205,70.9228,69.8168,70.3154,15140100
2006-06-07,70.3986,70.7886,69.7721,69.8041,9062900
2006-06-08,69.7593,70.1109,68.7364,69.6826,26005000
2006-06-09,69.9575,70.1620,69.4780,69.5739,7295800
2006-06-12,69.8040,69.8487,68.9473,69.0112,9054200
2006-06-13,69.0241,69.4844,68.3784,68.3848,13085700
2006-06-14,68.4999,69.2734,68.3720,69.2543,10351500
2006-06-15,69.3949,70.6159,69.3373,70.5456,11215100
2006-06-16,70.3753,70.6698,70.2408,70.4137,5751300
2006-06-19,70.6186,70.7083,69.7607,69.8952,7078800
2006-06-20,70.0872,70.5737,69.9591,70.3368,7217400
2006-06-21,70.2345,71.2268,70.2281,70.8811,9160600
2006-06-22,70.8043,70.8555,70.2921,70.5546,4818100
2006-06-23,70.4329,70.8683,70.2088,70.4073,6711600
2006-06-26,70.3881,70.7146,70.2024,70.6826,4298800
2006-06-27,70.6890,70.8042,69.8759,69.9527,6514800
2006-06-28,70.0680,70.3241,69.7671,70.3113,3983900
2006-06-29,70.5738,71.6238,70.5098,71.5790,8164300
2006-06-30,71.8478,71.8863,71.4445,71.5725,3904500
2006-07-03,71.6750,71.8671,71.6174,71.8350,1052200
2006-07-05,71.5341,71.6109,71.1820,71.3676,3459400
2006-07-06,71.4829,72.0655,71.4701,71.8286,9406000
2006-07-07,71.4830,71.9631,70.8683,71.0412,7181800
2006-07-10,71.2844,71.5661,71.0027,71.1627,4375500
2006-07-11,70.9707,71.4060,70.6121,71.3676,5236100
2006-07-12,71.2844,71.3997,70.4137,70.6378,4850200
2006-07-13,70.2729,70.2921,69.3125,69.3381,16123600
2006-07-14,69.4213,69.5238,68.5122,68.7107,8206500
2006-07-17,68.7491,69.1908,68.6146,68.8387,8335300
2006-07-18,68.9859,69.2997,68.4353,69.2676,11280500
2006-07-19,69.4277,70.7082,69.2100,70.4521,11503300
2006-07-20,70.6186,70.7146,69.9399,70.0552,7764700
2006-07-21,70.2661,70.2726,69.4263,69.5994,9159500
2006-07-24,69.8815,70.9073,69.8815,70.8432,9628100
2006-07-25,70.6957,71.3304,70.4520,71.0290,8120800
2006-07-26,71.0355,71.4714,70.7726,71.1060,6206200
2006-07-27,71.3880,71.6637,71.0226,71.3367,9135400
2006-07-28,71.4586,72.0164,71.2598,71.8497,11306000
2006-07-31,71.6766,71.8369,71.5868,71.7407,3906800
2006-08-01,71.4842,71.4970,71.0034,71.3047,5439000
2006-08-02,71.5163,71.9330,71.4458,71.7920,3929700
2006-08-03,71.4394,72.2279,71.3368,72.1830,6181100
2006-08-04,72.5357,72.6831,71.6894,72.1125,7698000
2006-08-07,71.8945,72.0740,71.7086,72.0228,3623200
2006-08-08,72.1061,72.2920,71.2598,71.7022,9064600
2006-08-09,72.0612,72.1317,70.9841,71.1316,8368700
2006-08-10,71.0675,71.5035,70.8431,71.3560,7656700
2006-08-11,71.2021,71.2598,70.8751,71.1957,5275000
2006-08-14,71.5611,71.8881,71.0931,71.2598,7949500
2006-08-15,71.8497,72.0933,71.6317,71.9715,4695800
2006-08-16,72.2856,72.7985,72.2407,72.6895,6681000
2006-08-17,72.6382,73.0101,72.5677,72.7408,5959600
2006-08-18,72.8924,73.1173,72.6547,73.1173,3983200
2006-08-21,72.8796,72.9631,72.6675,72.9246,5056000
2006-08-22,72.7832,73.0852,72.5583,72.7832,3930800
2006-08-23,72.7832,73.0017,72.3335,72.6740,7033800
2006-08-24,72.7318,72.8218,72.3913,72.4748,4049000
2006-08-25,72.4298,72.6997,72.2949,72.5005,3559800
2006-08-28,72.4362,73.1623,72.4298,72.8860,3875800
2006-08-29,72.8988,73.0916,72.5583,72.9309,4967000
2006-08-30,73.0852,73.2908,72.9631,73.0916,4297200
2006-08-31,73.1559,73.2972,73.0402,73.1238,3894800
2006-09-01,73.3808,73.7406,73.2137,73.6956,4494400
2006-09-05,73.6441,73.8240,73.4899,73.7148,5085300
2006-09-06,73.4193,73.5286,73.2266,73.3358,4347600
2006-09-07,73.0402,73.2137,72.7511,72.9631,7050000
2006-09-08,72.9953,73.2780,72.9182,73.1623,3220000
2006-09-11,73.0209,73.4064,72.8731,73.2201,5681400
2006-09-12,73.3101,74.0040,73.2459,73.8755,9111200
2006-09-13,73.7984,74.3959,73.7920,74.1903,4674000
2006-09-14,74.0682,74.2674,73.9269,74.2160,4182000
2006-09-15,74.5616,74.6839,74.3106,74.4007,7672200
2006-09-18,74.2720,74.5294,74.1046,74.3556,7036500
2006-09-19,74.3750,74.3815,73.8150,74.2399,8697300
2006-09-20,74.4587,74.7998,74.4265,74.7161,8912900
2006-09-21,74.7225,74.8062,73.9888,74.2591,8600800
2006-09-22,74.1883,74.1883,73.8086,74.0274,5824500
2006-09-25,74.1433,74.7290,73.8729,74.4072,7954400
2006-09-26,74.4522,75.0766,74.3814,75.0444,5624600
2006-09-27,75.0122,75.3791,74.9736,75.2954,13105000
2006-09-28,75.2954,75.4242,74.9865,75.2439,11939700
2006-09-29,75.3534,75.5207,75.0959,75.1410,6476600
2006-10-02,75.1474,75.4370,74.9671,75.0637,7034700
2006-10-03,74.9929,75.6237,74.9478,75.3984,8935000
2006-10-04,75.3340,76.2609,75.3083,76.2030,9500700
2006-10-05,76.1837,76.4090,76.0807,76.3510,7159600
2006-10-06,76.2287,76.3188,75.9326,76.2866,8877700
2006-10-09,76.1579,76.4283,76.0163,76.3510,3432300
2006-10-10,76.3832,76.4476,76.1451,76.3124,6717700
2006-10-11,76.0872,76.4540,75.8941,76.3253,8384200
2006-10-12,76.5184,76.9689,76.5119,76.8917,5467800
2006-10-13,76.8338,77.0333,76.6407,77.0076,5290000
2006-10-16,76.9625,77.2200,76.8660,77.0913,6899400
2006-10-17,76.9818,77.0783,76.5119,76.9624,9414600
2006-10-18,77.3487,77.5547,76.9175,77.1749,8739600
2006-10-19,77.1234,77.4388,77.0269,77.3358,6592000
2006-10-20,77.1728,77.3403,76.9343,77.2888,8226900
2006-10-23,77.1534,78.0621,77.1405,77.8945,9888200
2006-10-24,77.8881,78.1394,77.8172,78.1136,7025100
2006-10-25,78.0106,78.2361,77.7786,78.2297,8617200
2006-10-26,78.2683,78.3328,77.8752,78.2554,6657000
2006-10-27,78.1395,78.2426,77.7399,77.8882,8672500
2006-10-30,77.7206,78.0170,77.5659,77.8301,5699600
2006-10-31,77.8817,77.9977,77.4113,77.8044,8360000
2006-11-01,78.0170,78.0492,77.3210,77.5014,7596000
2006-11-02,77.2566,77.4886,77.1535,77.3339,6938800
2006-11-03,77.6303,77.7334,77.0761,77.1921,6840900
2006-11-06,77.3725,78.0685,77.3468,77.9848,7444400
2006-11-07,78.0557,78.5455,77.9526,78.3328,9506400
2006-11-08,78.1008,78.5970,77.9976,78.5132,9262100
2006-11-09,78.4810,78.5583,77.9203,78.0814,5962600
2006-11-10,78.0557,78.1459,77.8301,78.0493,3718400
2006-11-13,78.0557,78.5068,77.9655,78.2039,5695200
2006-11-14,78.4101,78.9128,77.9719,78.8290,7650200
2006-11-15,78.8419,79.3381,78.8032,79.0675,8817400
2006-11-16,79.2994,79.5572,79.1383,79.4992,6310100
2006-11-17,79.3500,79.6666,79.2595,79.6407,6493600
2006-11-20,79.5374,79.7635,79.4082,79.5568,5772200
2006-11-21,79.5761,79.6795,79.3823,79.5697,5692600
2006-11-22,79.6214,79.8023,79.4275,79.6343,3947300
2006-11-24,79.2595,79.5374,79.1691,79.2660,2480000
2006-11-27,79.2789,79.2918,78.2257,78.2516,9329500
2006-11-28,78.1805,78.4713,77.9738,78.3485,8415800
2006-11-29,78.5617,79.0850,78.5358,79.0398,9318400
2006-11-30,79.0398,79.3241,78.5876,79.0075,12809400
2006-12-01,79.0657,79.1238,78.1159,78.8589,14513700
2006-12-04,78.8525,79.5439,78.8267,79.3436,6279300
2006-12-05,79.4598,79.7118,79.2983,79.7053,6599200
2006-12-06,79.6730,79.7312,79.4534,79.5697,4234800
2006-12-07,79.6924,79.8927,79.2660,79.3176,6432500
2006-12-08,79.2659,79.7182,79.0333,79.4727,7319600
2006-12-11,79.5438,79.8281,79.5180,79.6924,3908400
2006-12-12,79.6472,79.6860,79.1755,79.5955,8976800
2006-12-13,79.8927,79.9508,79.5115,79.6989,4444800
2006-12-14,79.6084,80.3644,79.6020,80.2675,6851000
2006-12-15,80.4553,80.7145,80.3970,80.4294,9366400
2006-12-18,80.5331,80.7404,80.3517,80.4748,6767800
2006-12-19,80.2674,80.7468,80.1379,80.5784,6186200
2006-12-20,80.6044,80.7987,80.5137,80.6044,4705700
2006-12-21,80.6238,80.7210,80.1509,80.3258,5991800
2006-12-22,80.3387,80.4877,79.8010,79.8010,6811000
2006-12-26,79.7946,80.3388,79.7946,80.3128,4076200
2006-12-27,80.5655,80.9736,80.4942,80.9347,5714600
2006-12-28,80.9153,81.0708,80.7145,80.8506,6691600
2006-12-29,80.8505,81.0449,80.5525,80.5979,4935800
2007-01-03,81.0838,81.4207,80.2546,80.6368,11525000
2007-01-04,80.6432,80.9477,80.2610,80.7728,10318700
2007-01-05,80.6367,80.6562,80.0213,80.1638,9389000
2007-01-08,80.2480,80.5849,79.8464,80.4230,8092400
2007-01-09,80.5525,80.7015,79.9565,80.3776,7438700
2007-01-10,80.1639,80.6886,80.0084,80.6109,8961200
2007-01-11,80.6627,81.2068,80.5525,80.9736,7467000
2007-01-12,80.9412,81.4077,80.8570,81.4077,5995700
2007-01-16,81.3299,81.4660,81.1680,81.4336,7052400
2007-01-17,81.3299,81.6927,81.2587,81.4660,8768600
2007-01-18,81.6020,81.6797,81.2327,81.3105,10423800
2007-01-19,81.1938,81.4920,81.1484,81.3883,10946400
2007-01-22,81.3429,81.3624,80.6298,80.8697,10233200
2007-01-23,80.8438,81.2976,80.7595,81.2457,6596600
2007-01-24,81.3623,81.7578,81.2781,81.7253,10118500
2007-01-25,81.6994,81.7578,80.8956,81.0123,8768800
2007-01-26,81.1678,81.2132,80.5196,80.8826,9675900
2007-01-29,80.9216,81.2327,80.8308,80.9151,6681200
2007-01-30,80.9670,81.2068,80.7984,81.1355,7639900
2007-01-31,81.1549,81.9976,81.1160,81.8356,9790200
2007-02-01,81.9782,82.1791,81.7902,82.1597,8707400
2007-02-02,82.1986,82.2181,81.8875,82.0236,5961000
2007-02-05,81.9653,82.1597,81.8421,82.1208,4625000
2007-02-06,82.0819,82.1921,81.8745,82.1014,7254800
2007-02-07,82.1727,82.3672,81.8939,82.1921,5930400
2007-02-08,82.0365,82.0560,81.5374,81.9847,6289600
2007-02-09,82.0171,82.1921,81.3429,81.6022,6601100
2007-02-12,81.6022,81.7060,81.2846,81.4142,9208000
2007-02-13,81.6930,82.3283,81.6671,82.0884,6416000
2007-02-14,82.1856,82.8663,82.1338,82.6394,7395600
2007-02-15,82.7237,82.9117,82.6459,82.8274,6077800
2007-02-16,82.7430,82.8469,82.6780,82.8469,5813600
2007-02-20,82.7690,83.0288,82.4248,82.9054,5611900
2007-02-21,82.6716,82.8599,82.4638,82.7170,5303800
2007-02-22,82.7365,82.8599,82.1130,82.3403,7221000
2007-02-23,82.2949,82.3079,82.0027,82.0936,5916600
2007-02-26,82.3858,82.4767,81.8857,82.0481,7599500
2007-02-27,81.3987,82.1131,78.2555,78.9698,32106200
2007-02-28,79.4958,80.1842,78.9049,79.6582,19617800
2007-03-01,78.8465,79.8141,77.9632,79.5154,24877800
2007-03-02,79.2296,79.5348,78.5542,78.5542,17515400
2007-03-05,78.1905,79.1712,78.1126,78.1256,15602600
2007-03-06,78.7620,79.4179,78.5672,79.2685,9048100
2007-03-07,79.2361,79.6192,79.1452,79.2296,6965700
2007-03-08,79.7037,79.9310,79.4115,79.7492,7570300
2007-03-09,80.0284,80.1064,79.4439,79.8726,9315800
2007-03-12,79.6777,80.2232,79.5673,79.9765,6396100
2007-03-13,79.5673,79.8725,78.4892,78.5932,13714600
2007-03-14,78.5997,79.0283,77.6061,79.0088,22827500
2007-03-15,78.7425,79.2556,78.7166,79.0932,7905600
2007-03-16,79.2084,79.2670,78.2711,78.7918,8491600
2007-03-19,79.1238,79.5925,79.0848,79.5925,6829200
2007-03-20,79.4362,79.9439,79.4167,79.9439,7412600
2007-03-21,79.9310,81.1937,79.6185,80.9008,9723600
2007-03-22,81.0114,81.1286,80.6990,81.0049,6477800
2007-03-23,81.0375,81.3695,80.9529,81.1612,5276200
2007-03-26,81.2002,81.2002,80.4321,80.9463,7972500
2007-03-27,80.8487,80.8617,80.4907,80.6404,7691500
2007-03-28,80.3996,80.4582,79.7031,80.0611,13868800
2007-03-29,80.4972,80.5298,79.7747,80.2564,9107700
2007-03-30,80.3019,80.7511,79.6250,80.4451,9827200
2007-04-02,80.4321,80.5949,80.1327,80.4842,6195200
2007-04-03,80.8487,81.5322,80.8487,81.3564,7328400
2007-04-04,81.4150,81.5842,81.2783,81.4801,4879800
2007-04-05,81.4411,81.8186,81.3304,81.6624,4046000
2007-04-09,81.8316,81.9488,81.7080,81.7861,3529200
2007-04-10,81.7860,81.9227,81.6688,81.7469,5668800
2007-04-11,81.8576,81.8707,81.0570,81.2979,9250600
2007-04-12,81.2002,81.7144,80.8813,81.6298,5984200
2007-04-13,81.8576,82.1115,81.4931,82.1115,5935800
2007-04-16,82.3198,82.8535,82.3068,82.6908,7969000
2007-04-17,82.8470,83.2310,82.6907,83.1529,7932200
2007-04-18,82.9511,83.5369,82.8535,83.3417,9222000
2007-04-19,82.8795,83.4914,82.8404,83.4653,8618600
2007-04-20,84.0946,84.4073,83.9643,84.4073,10280800
2007-04-23,84.2901,84.5116,84.0751,84.1468,7509000
2007-04-24,84.2510,84.5376,83.9708,84.3487,10591300
2007-04-25,84.6353,85.3324,84.4008,85.0913,12649900
2007-04-26,85.2086,85.4822,85.0913,85.4692,9708800
2007-04-27,85.1500,85.5799,85.0979,85.4887,7526200
2007-04-30,85.4496,85.9773,85.0392,85.1239,10288000
2007-05-01,85.2347,85.5474,84.8894,85.5278,21228200
2007-05-02,85.6646,86.3095,85.5734,86.0815,9341000
2007-05-03,86.1727,86.2705,85.9252,86.2444,9363700
2007-05-04,86.4138,86.5115,86.1402,86.4724,10687600
2007-05-07,86.5180,86.7265,86.4724,86.6678,10477600
2007-05-08,86.4398,86.7851,86.2183,86.7199,9462600
2007-05-09,86.6352,87.1434,86.5115,87.0131,9628000
2007-05-10,86.7655,86.9219,86.1271,86.3160,14855800
2007-05-11,86.4073,87.0066,86.3812,87.0066,10151200
2007-05-14,87.0392,87.2607,86.7004,87.1108,10734000
2007-05-15,87.1564,87.9056,87.0522,87.3714,21494200
2007-05-16,87.4952,88.0424,87.1955,88.0229,14911200
2007-05-17,87.9121,88.2053,87.7558,87.8991,12408200
2007-05-18,88.2282,88.5025,88.1759,88.5025,9481600
2007-05-21,88.4307,88.6593,88.2805,88.3066,12668600
2007-05-22,88.4176,88.6527,88.2543,88.2805,11193000
2007-05-23,88.5418,88.8226,88.1368,88.3066,10997000
2007-05-24,88.3523,89.0447,87.6208,87.7776,28156800
2007-05-25,88.0193,88.2087,87.7776,88.1042,10227600
2007-05-29,88.2871,88.7639,87.8952,88.3197,12177200
2007-05-30,87.9016,89.0316,87.7971,89.0120,14456600
2007-05-31,89.0904,89.2602,88.8814,89.0185,8996400
2007-06-01,89.2276,89.3778,88.9337,89.2276,9593200
2007-06-04,88.9794,89.3582,88.9140,89.1949,7430400
2007-06-05,88.9989,89.0381,88.4568,88.8161,13404800
2007-06-06,88.5026,88.5026,87.7319,87.8429,15041600
2007-06-07,87.7057,88.0388,86.4582,86.5627,26022900
2007-06-08,86.7456,87.6731,86.5301,87.5882,19097800
2007-06-11,87.5686,88.0127,87.3726,87.6796,10273100
2007-06-12,87.3203,87.8233,86.8174,86.8174,19846200
2007-06-13,87.2485,88.1041,87.0264,88.0453,17254900
2007-06-14,88.1499,88.7443,88.0780,88.6332,12749000
2007-06-15,89.1753,89.4957,89.0576,89.0641,10995200
2007-06-18,89.2603,89.2930,88.8941,88.9007,10175000
2007-06-19,88.8222,89.2015,88.6914,89.1164,10656400
2007-06-20,89.3388,89.3454,88.0832,88.1878,16986200
2007-06-21,88.1551,88.6456,87.5469,88.5279,26946200
2007-06-22,88.2532,88.4036,87.3311,87.6123,22142200
2007-06-25,87.5077,88.1355,86.9061,87.3835,18960000
2007-06-26,87.5077,87.9131,86.8472,86.8472,21826500
2007-06-27,86.7883,87.7758,86.6706,87.7104,20981000
2007-06-28,87.6909,88.3514,87.5666,87.6909,13935600
2007-06-29,87.8674,88.3644,86.8799,87.7628,19466600
2007-07-02,87.9066,88.5279,87.8805,88.4625,8861200
2007-07-03,88.6195,88.8483,88.5083,88.7372,7521000
2007-07-05,88.6652,88.7568,88.3186,88.6522,9392200
2007-07-06,88.6980,89.1427,88.5214,89.0250,8218700
2007-07-09,89.1950,89.3912,89.0250,89.2538,9688800
2007-07-10,88.9857,89.1034,88.2009,88.2990,12622800
2007-07-11,88.2140,88.8941,88.1225,88.8745,16698200
2007-07-12,89.1556,90.6859,89.1491,90.4701,13518100
2007-07-13,90.5552,91.0980,90.5160,90.8430,8507800
2007-07-16,90.8887,91.4642,90.8495,91.2026,11637900
2007-07-17,91.3139,91.8567,91.2485,91.4251,13299300
2007-07-18,91.1176,91.3596,90.4310,91.1176,20804700
2007-07-19,91.5100,91.6670,91.2484,91.4839,8731800
2007-07-20,91.1525,91.3751,90.2752,90.7073,19277200
2007-07-23,91.0805,91.4144,90.8841,91.1460,12709000
2007-07-24,90.6811,90.8907,89.6335,89.8758,20848000
2007-07-25,90.3276,90.4192,89.3324,90.0264,22438800
2007-07-26,89.4044,89.7907,85.8623,88.1997,46788100
2007-07-27,88.1408,88.4551,86.4974,86.4974,31428100
2007-07-30,87.0277,87.6366,86.5104,87.4336,22838700
2007-07-31,87.9181,88.2782,86.2289,86.5366,23253600
2007-08-01,86.3533,87.5973,85.9015,87.3485,42193500
2007-08-02,87.4140,88.3896,87.0670,88.2455,22635400
2007-08-03,88.0229,88.2063,86.1242,86.5498,34061000
2007-08-06,86.6873,88.1342,86.1242,87.8658,31192300
2007-08-07,87.6628,89.0640,87.3355,88.4223,25705000
2007-08-08,88.6449,89.6729,88.3110,89.4044,27549800
2007-08-09,88.1474,88.9265,86.9295,86.9426,38884900
2007-08-10,86.3599,87.1587,85.5350,86.3861,37277200
2007-08-13,87.2372,87.3682,86.5236,86.5432,17085800
2007-08-14,86.7789,87.0146,85.3057,85.4367,20864000
2007-08-15,85.2534,85.9605,84.1141,84.3630,28964000
2007-08-16,83.7016,84.6313,82.0451,84.5593,52563400
2007-08-17,86.1178,86.5246,84.6151,85.6650,33292800
2007-08-20,85.9275,86.4196,85.1073,85.9341,16906000
2007-08-21,85.8423,86.3935,85.5798,85.7504,14383300
2007-08-22,86.3409,86.8789,86.1899,86.8068,12808700
2007-08-23,87.0890,87.3252,86.3672,86.7281,14056300
2007-08-24,86.7412,87.7648,86.6362,87.6926,9666100
2007-08-27,87.5023,87.7910,87.2595,87.3514,8506400
2007-08-28,86.9708,87.0758,85.5075,85.6257,13055600
2007-08-29,86.0129,87.2399,85.9407,87.1021,10693800
2007-08-30,86.5575,87.3383,86.4525,86.9906,12705200
2007-08-31,87.6401,88.0929,87.2071,87.5352,11117600
2007-09-04,87.4170,88.5129,87.3448,88.1520,11602900
2007-09-05,87.7779,87.8107,86.9380,87.4170,11230800
2007-09-06,87.5877,87.9158,87.1152,87.6205,10084000
2007-09-07,86.8593,86.8921,85.8487,86.3015,18245400
2007-09-10,86.5115,86.6624,85.4616,86.2424,14392100
2007-09-11,86.5509,87.4499,86.4919,87.3252,11502400
2007-09-12,87.2268,87.7255,87.0956,87.4368,11402900
2007-09-13,87.8502,88.4408,87.7124,88.1258,8318400
2007-09-14,87.6271,88.3817,87.5024,88.2308,10337200
2007-09-17,88.0076,88.3160,87.7255,87.9682,8774100
2007-09-18,88.3816,90.2124,88.1979,90.1271,18362400
2007-09-19,90.6783,91.4132,90.4814,90.6586,13554200
2007-09-20,90.7439,90.7571,90.2452,90.3568,9651600
2007-09-21,90.9530,91.3802,90.6440,90.6440,8249600
2007-09-24,90.9464,91.1370,90.2956,90.4139,9445500
2007-09-25,90.0721,90.5914,89.9406,90.5256,13487100
2007-09-26,90.9464,91.3737,90.7361,91.0581,8384000
2007-09-27,91.4065,91.4525,91.0712,91.4525,8948300
2007-09-28,91.3408,91.4328,90.9464,91.3079,10128400
2007-10-01,91.3408,92.6817,91.3408,92.4188,10164200
2007-10-02,92.5503,92.6226,92.0244,92.1033,12705600
2007-10-03,91.9521,92.2019,91.6168,91.7680,7918300
2007-10-04,91.9586,92.0507,91.6497,91.7023,7234600
2007-10-05,92.3070,92.8197,92.1164,92.4713,9357800
2007-10-08,92.3924,92.4056,92.0309,92.1953,5129400
2007-10-09,92.4648,93.1090,92.2216,93.0564,9070400
2007-10-10,92.9381,92.9709,92.0572,92.5042,9729400
2007-10-11,92.9184,93.3062,91.6695,92.1625,21857700
2007-10-12,92.2676,92.7606,92.0835,92.7606,7714600
2007-10-15,92.7343,92.7540,91.3736,92.0375,12383600
2007-10-16,91.7614,91.7943,91.1830,91.4722,13953500
2007-10-17,92.0967,92.1427,90.5388,91.4722,20261500
2007-10-18,91.0581,91.4722,90.8544,91.2356,11615700
2007-10-19,90.7506,91.3034,88.7897,88.7897,33071200
2007-10-22,88.2171,89.3358,88.1250,89.1318,16391200
2007-10-23,89.6056,89.9412,89.0134,89.7701,13325600
2007-10-24,89.5595,90.0136,88.5461,89.8227,22583800
2007-10-25,89.9610,90.3426,89.0660,90.0860,16618800
2007-10-26,90.5533,90.8494,90.0466,90.7770,9929800
2007-10-29,90.9941,91.3824,90.9152,91.2376,8663400
2007-10-30,90.9349,91.1718,90.5861,90.6914,8531000
2007-10-31,91.0994,91.8166,90.3229,91.4350,19378200
2007-11-01,90.7177,90.7440,89.0858,89.3950,25301400
2007-11-02,89.6188,89.6451,88.4277,89.5266,20988000
2007-11-05,88.7304,89.5661,88.4408,88.9739,13954800
2007-11-06,89.3819,89.9017,88.8686,89.8294,11092400
2007-11-07,88.9541,89.3161,87.4735,87.7499,18182700
2007-11-08,87.8619,87.9145,86.0917,87.1577,38375700
2007-11-09,86.3944,86.9142,85.6639,85.7495,20911400
2007-11-12,85.7758,86.6312,85.3744,85.3941,20703800
2007-11-13,86.0982,87.7828,86.0719,87.6117,15043400
2007-11-14,88.1513,88.1711,87.0195,87.3288,13708200
2007-11-15,86.9669,87.4473,86.0852,86.5129,18693600
2007-11-16,86.9471,87.1253,86.0562,86.7425,22485600
2007-11-19,86.4653,86.8877,85.3104,85.5282,21362600
2007-11-20,85.6800,86.4521,84.6835,86.0100,29928200
2007-11-21,85.2114,85.5546,84.3337,84.3337,18182400
2007-11-23,84.9474,85.5810,84.8748,85.4094,7232400
2007-11-26,85.5942,86.0033,83.9773,84.1159,11480600
2007-11-27,84.4327,85.7328,84.2809,85.3434,23078300
2007-11-28,86.1090,87.9371,86.0628,87.6599,17995800
2007-11-29,87.4355,88.0888,87.2309,87.8842,15940400
2007-11-30,88.7751,88.8939,87.6730,88.5375,18892200
2007-12-03,88.2274,88.4914,87.7588,87.9766,12645700
2007-12-04,87.4487,87.8908,87.3497,87.3959,8191700
2007-12-05,88.2273,88.8740,88.1283,88.7289,11851000
2007-12-06,88.6894,90.0158,88.6366,89.8047,12317200
2007-12-07,90.0488,90.2600,89.8112,90.0092,8477600
2007-12-10,90.2665,90.8275,90.0883,90.6757,7327600
2007-12-11,90.7682,91.0057,88.5706,88.6959,20363200
2007-12-12,90.3722,90.4909,87.9898,89.0919,15786800
2007-12-13,88.6167,89.3294,88.1878,89.0919,14104200
2007-12-14,88.6630,89.1777,88.0492,88.0690,12506900
2007-12-17,87.7654,87.8710,86.9074,87.0658,10828800
2007-12-18,87.5542,87.7192,86.4917,87.4751,13719100
2007-12-19,87.4487,87.8512,86.8349,87.2903,14342800
2007-12-20,87.6466,87.6664,86.8877,87.5806,12707000
2007-12-21,88.2494,89.0763,88.1832,88.8712,11031800
2007-12-24,89.1690,89.6254,89.1359,89.5130,3655600
2007-12-26,89.3145,89.6387,89.1690,89.5858,5743000
2007-12-27,89.2616,89.3013,88.2164,88.4347,8127800
2007-12-28,88.7920,88.9110,87.8658,88.2561,7819200
2007-12-31,88.0708,88.1436,87.4291,87.6871,6463400
2008-01-02,87.6342,87.7665,85.8811,86.4169,14811000
2008-01-03,86.4699,86.8403,86.0862,86.4897,8206300
2008-01-04,85.7157,85.8216,84.5580,84.7896,15022600
2008-01-07,85.0343,85.1666,84.1611,84.7168,19666500
2008-01-08,85.0277,85.3386,83.1092,83.2548,21236800
2008-01-09,83.4334,84.2736,82.6991,83.9891,24161600
2008-01-10,83.6980,85.5503,83.5458,84.5580,25310700
2008-01-11,84.3596,84.3993,82.9638,83.4798,22464400
2008-01-14,84.2008,84.6242,83.8105,84.3530,7932600
2008-01-15,83.6781,83.9560,82.6130,82.8909,19807000
2008-01-16,82.4543,83.4466,81.9912,82.4609,25572000
2008-01-17,82.7256,82.8248,80.2249,80.5557,30879600
2008-01-18,81.0193,81.6485,79.5556,79.8537,35591900
2008-01-22,77.0323,79.9331,76.6945,78.9596,38318000
2008-01-23,77.6482,81.3372,77.0786,81.2644,42838800
2008-01-24,81.3969,82.0724,80.9730,81.7479,20563200
2008-01-25,82.5493,82.5956,80.6153,80.9266,19580700
2008-01-28,80.8140,81.9929,80.1384,81.8141,19403800
2008-01-29,82.2909,82.7214,81.6883,82.4830,15255000
2008-01-30,82.2645,83.9004,81.7810,81.9797,24848200
2008-01-31,81.2445,84.0461,81.0723,83.4500,22253400
2008-02-01,83.7745,84.5163,83.4235,84.3971,18098700
2008-02-04,84.2513,84.2844,83.4367,83.4698,11722300
2008-02-05,82.5824,82.7082,81.1650,81.4366,16359000
2008-02-06,81.7346,82.0724,80.6749,80.9729,14255000
2008-02-07,80.5358,81.7213,80.3040,81.2842,21041800
2008-02-08,80.9200,81.3836,80.1915,80.6352,15522000
2008-02-11,80.5954,81.1915,79.9795,81.0127,11659200
2008-02-12,81.5757,82.6155,81.4366,81.9731,18453800
2008-02-13,82.4631,83.3506,82.2313,82.9599,12484200
2008-02-14,83.2447,83.2514,81.9599,82.1321,11294600
2008-02-15,81.8433,81.9960,81.3988,81.8367,9758200
2008-02-19,82.7657,82.9117,81.5912,82.0690,9395500
2008-02-20,81.3125,82.6596,81.1068,82.3410,15681700
2008-02-21,82.7325,82.9316,81.2660,81.7504,13487600
2008-02-22,81.7571,82.3145,80.6623,82.1486,13727300
2008-02-25,82.0955,83.5089,81.8898,83.3231,14534100
2008-02-26,83.0377,84.4909,83.0178,84.1459,13934400
2008-02-27,83.7544,84.6502,83.6814,84.1592,11539600
2008-02-28,83.6748,83.9203,83.1970,83.5022,8998300
2008-02-29,82.7458,82.7458,81.1400,81.6244,17088200
2008-03-03,81.2660,81.5182,80.7219,81.2859,11889700
2008-03-04,80.6290,81.2328,79.8659,81.2196,20448800
2008-03-05,81.3723,82.0093,80.6490,81.5315,14589300
2008-03-06,81.0869,81.2130,79.8328,80.1580,13426700
2008-03-07,79.2754,80.3171,78.4990,78.9170,20097400
2008-03-10,79.1559,79.1692,77.9416,78.2867,17788000
2008-03-11,79.6271,80.9940,78.9303,80.9940,20303000
2008-03-12,80.9741,81.7571,80.3702,80.5560,13040900
2008-03-13,79.5076,81.1997,78.9436,80.6290,24138600
2008-03-14,81.1997,81.1997,78.6383,79.6403,29251700
2008-03-17,78.0876,80.2640,78.0677,79.6867,27004300
2008-03-18,80.8281,82.4472,80.4233,82.3145,23106900
2008-03-19,82.5998,82.8254,80.3039,80.5826,17636700
2008-03-20,80.8260,82.2761,80.4203,81.8903,15866800
2008-03-24,82.5156,83.8792,82.4557,83.3737,15254400
2008-03-25,83.4069,83.5533,82.7484,83.2340,12026000
2008-03-26,83.0078,83.0145,82.2695,82.4291,12733600
2008-03-27,82.8549,82.9480,81.7041,81.9170,17362000
2008-03-28,82.1032,82.2894,81.0655,81.3050,11109600
2008-03-31,81.0855,81.9303,80.9392,81.4181,11656500
2008-04-01,82.4092,84.1187,82.3826,83.8593,21137400
2008-04-02,84.0522,84.3915,83.4469,83.9392,13766400
2008-04-03,83.5000,84.2384,83.2938,84.0322,11471000
2008-04-04,84.0056,84.3515,83.2805,83.8792,12506400
2008-04-07,84.3182,84.6242,83.6464,83.8460,12892400
2008-04-08,83.4269,83.8992,83.3072,83.8992,12876400
2008-04-09,83.8460,83.9458,82.9280,83.5799,15037200
2008-04-10,83.4868,84.1253,83.1409,83.7794,14355000
2008-04-11,82.8482,82.9480,81.8238,82.0433,16743600
2008-04-14,82.0300,82.2695,81.6775,81.9302,11704000
2008-04-15,82.3161,82.3759,81.6176,82.1365,12532000
2008-04-16,82.8349,84.2451,82.8282,84.2384,16747600
2008-04-17,83.6796,84.2783,83.5865,84.2783,13292100
2008-04-18,85.2213,85.8007,85.0881,85.1547,16943700
2008-04-21,85.0749,85.4745,84.8551,85.2680,10797300
2008-04-22,85.0815,85.1481,84.2090,84.8284,10086600
2008-04-23,84.9083,85.4078,84.5220,84.7818,10443200
2008-04-24,85.0949,86.1205,84.5421,85.3147,14614800
2008-04-25,85.8541,85.8741,84.7952,85.7808,12363400
2008-04-28,85.8341,86.1005,85.0416,85.7742,7899600
2008-04-29,85.5011,85.7742,85.2081,85.3679,7316400
2008-04-30,85.6010,86.5667,85.2480,85.3746,17717200
2008-05-01,85.2481,86.6999,85.1948,86.5534,18314000
2008-05-02,87.4392,87.4392,86.4002,87.0662,12615000
2008-05-05,86.8331,86.9130,86.1338,86.3336,8222000
2008-05-06,85.9806,86.8464,85.6343,86.7465,12113800
2008-05-07,86.7599,86.8265,85.2480,85.5144,13406000
2008-05-08,85.6610,85.9807,85.2281,85.4079,11522500
2008-05-09,85.0216,85.2680,84.7152,84.9150,9167500
2008-05-12,85.1281,85.9806,84.9350,85.7542,9112600
2008-05-13,85.9007,85.9074,85.1814,85.5211,8277600
2008-05-14,85.7675,86.6333,85.7475,85.9140,11792400
2008-05-15,85.9140,86.7132,85.7475,86.6133,9122400
2008-05-16,86.8123,86.8123,85.9977,86.5319,9774400
2008-05-19,86.6053,87.6402,86.4718,86.9525,10824800
2008-05-20,86.4785,86.5052,85.2566,85.6706,12598800
2008-05-21,85.7507,85.8375,83.9012,84.1683,16509500
2008-05-22,84.2083,84.5622,84.0481,84.1416,10846800
2008-05-23,83.8811,84.0013,83.1734,83.2001,10704000
2008-05-27,83.3737,83.9145,83.0398,83.7476,9471600
2008-05-28,83.9747,84.1283,83.4005,84.0214,8868400
2008-05-29,83.9145,84.9495,83.7877,84.2818,12096800
2008-05-30,84.5956,84.6957,84.0614,84.2150,8060400
2008-06-02,84.1148,84.1282,82.9530,83.5673,13444200
2008-06-03,83.7209,83.8144,82.3989,82.7661,18030600
2008-06-04,82.6726,83.4872,82.4456,82.7861,14257600
2008-06-05,83.0265,84.2951,82.8730,84.2016,13042000
2008-06-06,83.5807,83.6074,81.4308,81.5376,24015200
2008-06-09,81.7179,82.4190,81.5109,82.0985,16553700
2008-06-10,81.6244,82.6660,81.5977,82.0985,14819800
2008-06-11,81.9115,81.9382,80.7765,80.8232,19598200
2008-06-12,81.1637,82.0250,80.7430,81.2104,17194500
2008-06-13,81.4508,82.3388,81.3039,82.1919,15354800
2008-06-16,81.8113,82.3722,81.6244,81.8981,11578600
2008-06-17,82.3789,82.4123,81.1971,81.4107,15301000
2008-06-18,80.9901,81.1570,80.1755,80.3424,18091600
2008-06-19,80.4893,81.0034,80.0820,80.5427,20644400
2008-06-20,80.0402,80.1071,79.0231,79.1235,21836600
2008-06-23,79.3777,79.4714,78.9896,79.1837,13844000
2008-06-24,78.9896,79.5985,78.4007,78.9227,19038300
2008-06-25,79.0967,79.7190,78.8156,78.9026,18907600
2008-06-26,78.3003,78.3338,76.5806,76.7345,28987900
2008-06-27,76.6675,76.7813,75.5232,75.9247,25276000
2008-06-30,75.9381,76.4668,75.4496,75.8980,21139100
2008-07-01,75.2020,76.3062,74.7872,76.1322,32398600
2008-07-02,76.1389,76.4601,74.9678,75.0481,24730000
2008-07-03,75.4898,75.8310,74.5998,75.6504,20496600
2008-07-07,75.7307,76.2326,74.3723,75.0883,27897300
2008-07-08,75.1151,76.2192,74.7738,76.1121,31553000
2008-07-09,76.3195,76.4199,74.5797,74.7202,24306400
2008-07-10,74.6868,75.4229,74.1916,75.0950,32957200
2008-07-11,74.3722,75.2422,73.4621,74.2785,35470100
2008-07-14,75.0616,75.2088,73.6429,73.9440,26009300
2008-07-15,73.4488,74.4526,72.4852,73.1410,41112400
2008-07-16,73.4287,75.2622,73.0740,75.0615,31071000
2008-07-17,75.7240,76.6943,75.0616,76.3798,36225700
2008-07-18,76.7987,77.1337,76.1955,77.0332,21164900
2008-07-21,77.3414,77.4084,76.4903,76.8321,16267700
2008-07-22,76.3697,77.7904,76.2290,77.5358,24757900
2008-07-23,77.7033,78.3266,77.3951,77.8910,24761000
2008-07-24,77.9044,77.9312,75.9743,76.1285,22459100
2008-07-25,76.3228,76.6378,75.8269,75.8403,19459200
2008-07-28,75.9073,76.0749,74.5000,74.6139,16089700
2008-07-29,74.7882,76.3363,74.7279,76.2961,17201400
2008-07-30,76.7919,77.6899,76.4099,77.6162,24422400
2008-07-31,76.8791,77.4420,76.1151,76.1955,24805900
2008-08-01,76.4770,76.5708,75.4516,75.8068,20547400
2008-08-04,75.8202,76.2290,75.1433,75.5722,16207200
2008-08-05,76.2290,77.7837,76.2022,77.7435,22997300
2008-08-06,77.4219,78.3266,77.2275,78.0652,17770900
2008-08-07,77.3951,77.6832,76.5507,76.7919,17902100
2008-08-08,76.5440,78.8359,76.3965,78.3735,31279900
2008-08-11,78.4271,79.5663,78.2730,78.9431,22528900
2008-08-12,78.7153,78.7555,77.7905,78.1188,22492600
2008-08-13,77.7904,77.8775,76.8522,77.3347,28250700
2008-08-14,76.9662,78.6348,76.8590,78.0116,24661900
2008-08-15,78.2111,78.6207,77.8686,78.2581,16610900
2008-08-18,78.4797,78.4999,76.7538,77.1366,23622600
2008-08-19,76.6329,76.7000,75.9882,76.2165,19249200
2008-08-20,76.4717,76.9217,75.8136,76.5859,21415300
2008-08-21,76.0419,77.0828,75.9344,76.5926,16820600
2008-08-22,77.1970,78.1506,77.1231,78.1170,18078800
2008-08-25,77.6805,77.7074,76.3307,76.4583,19186300
2008-08-26,76.5926,76.8411,76.1964,76.6060,14475400
2008-08-27,76.7201,77.6268,76.4515,77.2305,15493000
2008-08-28,77.7140,78.6945,77.6737,78.6609,16556500
2008-08-29,78.2446,78.6006,77.4992,77.5328,15914200
2008-09-02,78.5468,79.2519,77.0827,77.3379,24105000
2008-09-03,77.3985,77.7275,76.7806,77.5731,17846600
2008-09-04,76.9619,77.0560,75.2091,75.3502,35201900
2008-09-05,74.9338,75.6390,74.2555,75.4509,31555500
2008-09-08,77.5864,77.8551,75.4844,77.3379,37982500
2008-09-09,77.3380,77.8887,75.5046,75.5718,31926100
2008-09-10,75.9613,76.5590,75.4442,75.8874,39044100
2008-09-11,75.0681,77.1366,74.6921,77.1366,39238000
2008-09-12,76.3172,77.1231,75.8942,77.0896,28275000
2008-09-15,74.6450,76.8545,73.6309,73.7384,44773800
2008-09-16,72.4490,74.6517,72.2475,74.3160,48722600
2008-09-17,73.3556,73.5974,70.8507,71.6968,54988700
2008-09-18,72.1401,74.5443,70.4208,73.8526,65447400
2008-09-19,78.2337,78.2337,75.8896,76.5025,20860900
2008-09-22,76.6710,76.7788,74.0035,74.4346,21955600
2008-09-23,74.2729,75.0273,72.9256,73.0873,25513500
2008-09-24,73.3770,73.5791,72.3868,72.9526,20635600
2008-09-25,73.4309,74.9129,73.2760,74.2797,27647400
2008-09-26,73.1884,75.1755,73.0671,74.8724,22037400
2008-09-29,73.9833,74.0910,70.0628,70.5613,36211100
2008-09-30,71.1069,73.1749,70.8779,72.9930,24710600
2008-10-01,72.4609,73.2827,71.5919,73.2221,22853900
2008-10-02,72.4137,72.5148,70.3120,70.9116,19546500
2008-10-03,71.2349,72.7101,69.4430,69.5171,30183100
2008-10-06,67.9409,68.3316,64.1349,67.2942,49877900
2008-10-07,67.7254,68.1767,63.5961,64.0407,38825600
2008-10-08,62.8147,64.9299,61.5685,61.5685,53470900
2008-10-09,63.2661,63.6635,57.5269,57.6279,44474300
2008-10-10,55.4992,60.0057,53.1752,56.4153,73755500
2008-10-13,59.3052,64.0137,58.9145,64.0137,44081200
2008-10-14,65.9470,66.5532,61.2317,63.0976,58571000
2008-10-15,61.8649,62.0131,57.0957,57.1698,36270200
2008-10-16,58.1398,60.7332,55.2904,60.5379,60371000
2008-10-17,59.1113,62.5933,58.8144,59.0709,44024200
2008-10-20,60.3800,62.9442,59.8807,62.9442,34524100
2008-10-21,61.7700,62.6203,60.7106,60.9873,26527300
2008-10-22,59.4218,59.6647,56.2300,57.6943,37459500
2008-10-23,57.8091,59.3746,55.6025,59.3746,59594500
2008-10-24,54.3474,57.9305,54.0842,56.0681,49331600
2008-10-27,55.7240,58.0182,54.1584,54.1584,37137800
2008-10-28,56.5741,61.5001,55.1301,61.5001,53376100
2008-10-29,61.0615,63.1736,59.8536,60.1573,50631600
2008-10-30,62.1074,62.5258,60.5419,62.4178,42806500
2008-10-31,61.7903,63.7876,61.4934,63.0926,39474400
2008-11-03,62.8497,63.4840,62.4313,63.0454,17957000
2008-11-04,64.2128,65.1170,63.6459,64.9213,25723700
2008-11-05,64.0981,64.5030,61.5069,61.9793,28970800
2008-11-06,61.2639,61.8510,58.3556,58.7942,43601900
2008-11-07,59.3543,60.8388,58.9764,60.8186,30916600
2008-11-10,61.8578,61.9118,59.1856,60.0089,23695900
2008-11-11,59.0844,59.9279,57.8428,58.5378,31463000
2008-11-12,57.6336,58.0317,55.8994,56.0681,35844600
2008-11-13,56.3920,60.0561,53.8818,59.8536,64432800
2008-11-14,58.6998,60.3868,56.8306,56.8306,45085800
2008-11-17,56.6686,58.0182,55.8184,55.9736,38157100
2008-11-18,56.0006,57.3907,54.8670,56.9116,42201200
2008-11-19,56.8373,57.6066,54.1044,54.2259,49759400
2008-11-20,53.5781,55.4675,50.8587,51.3243,77925200
2008-11-21,52.2821,54.7223,50.4994,54.5935,91695200
2008-11-24,55.5561,58.2743,54.9257,56.8711,48461300
2008-11-25,57.9082,58.3421,56.1187,57.4880,44571400
2008-11-26,56.3695,59.1758,56.2543,59.0944,29776700
2008-11-28,58.7555,59.8943,58.7555,59.8537,6958800
2008-12-01,58.4980,58.5454,55.2172,55.3528,27989600
2008-12-02,56.0102,57.2236,55.2443,57.1829,29383100
2008-12-03,56.0238,58.5250,55.8815,58.3217,49770900
2008-12-04,57.4405,58.6064,56.0780,56.7626,40456000
2008-12-05,56.2407,58.9589,55.1155,58.6945,43490800
2008-12-08,59.8672,61.2703,59.6503,60.4095,44114800
2008-12-09,59.8808,60.6061,58.7149,59.0471,34188200
2008-12-10,59.6910,60.2807,58.6674,59.4063,32139600
2008-12-11,58.7081,59.8333,57.7998,58.1997,26284500
2008-12-12,56.6068,58.9928,56.4170,58.5386,34290400
2008-12-15,58.9386,58.9725,57.5151,58.2878,22944700
2008-12-16,60.7145,60.8365,58.5182,60.7145,30326100
2008-12-17,59.9621,60.8704,59.6164,59.8875,22285800
2008-12-18,60.2197,60.3552,57.9014,58.5386,26041600
2008-12-19,58.9779,59.7122,58.0396,58.0396,19707600
2008-12-22,58.3387,58.4271,56.8360,57.7676,20392200
2008-12-23,58.1960,58.4271,57.0061,57.1624,17174800
2008-12-24,57.4072,57.7472,57.2101,57.4412,4157300
2008-12-26,57.8015,57.9851,57.4956,57.8423,5294600
2008-12-29,57.9784,57.9852,56.8361,57.7336,10387800
2008-12-30,57.9648,59.0051,57.6996,58.9371,17764500
2008-12-31,59.0255,60.0862,58.9031,59.5082,18703600
2009-01-02,59.8006,61.6160,59.5422,61.3304,24558800
2009-01-05,61.1061,61.4188,60.4261,60.9905,25612100
2009-01-06,61.3168,61.8064,60.7729,61.2965,37258400
2009-01-07,60.4329,60.6369,59.3110,59.7394,33165500
2009-01-08,59.2022,59.5422,58.8486,59.4470,23641700
2009-01-09,59.6102,59.6714,58.3659,58.5699,24494100
2009-01-12,58.3183,58.4883,57.2916,57.6520,22622000
2009-01-13,57.5296,57.9920,56.9993,57.4004,29846500
2009-01-14,56.5437,56.6797,55.4014,55.8094,38850600
2009-01-15,55.8025,56.4213,54.4223,55.8773,44216600
2009-01-16,56.6817,56.8043,55.1901,56.3207,37613200
2009-01-20,55.9938,56.1301,54.0527,54.0867,36892100
2009-01-21,54.9313,56.1301,54.0459,56.0143,34826600
2009-01-22,55.1016,55.8781,54.1821,55.2787,40157400
2009-01-23,54.1480,55.5307,53.8415,54.8427,44701000
2009-01-26,55.0743,56.0483,54.6179,55.2173,28917300
2009-01-27,55.5034,56.0142,55.0335,55.5170,23352800
2009-01-28,56.5591,57.2402,56.2526,56.9950,21080000
2009-01-29,56.2458,56.4910,55.4081,55.5307,20825600
2009-01-30,55.7350,55.8235,54.2161,54.5430,26172600
2009-02-02,53.9028,54.4341,53.5691,54.0254,22968000
2009-02-03,54.3387,55.2378,53.8211,54.9177,24065100
2009-02-04,55.0334,55.6532,54.0390,54.2774,27506400
2009-02-05,53.9845,55.2718,53.4669,54.8632,39865100
2009-02-06,55.0811,56.7158,54.9789,56.4365,30049700
2009-02-09,56.3957,56.7294,55.9189,56.3616,20793600
2009-02-10,56.0074,56.3480,53.5418,53.9369,49006600
2009-02-11,54.2297,54.4954,53.5895,54.1821,33244600
2009-02-12,53.4192,54.2298,52.5474,54.1480,45482100
2009-02-13,54.1344,54.4545,53.4465,53.5010,23850300
2009-02-17,52.1728,52.4861,51.5734,51.5939,36731400
2009-02-18,51.9344,52.0979,51.1443,51.6007,35793800
2009-02-19,52.0570,52.1047,50.9468,51.1035,30933800
2009-02-20,50.1829,51.1343,49.6080,50.4635,46343700
2009-02-23,50.8126,50.9289,48.6429,48.6977,36003600
2009-02-24,48.9851,50.5114,48.6977,50.2239,37524300
2009-02-25,49.9844,50.6826,48.9783,49.7380,43668900
2009-02-26,50.2924,50.6962,49.1152,49.1699,31367300
2009-02-27,48.3418,49.2794,48.1638,48.4307,35756000
2009-03-02,47.6710,47.7874,46.2611,46.4253,36931600
2009-03-03,46.8702,46.9524,45.9188,46.0010,30799800
2009-03-04,46.7812,47.8284,46.2884,47.0687,31996400
2009-03-05,46.1995,46.5759,44.8511,45.2207,35056100
2009-03-06,45.5424,46.2884,44.3378,45.5150,35830500
2009-03-09,44.8374,45.9736,44.6595,44.7895,28114400
2009-03-10,45.5972,47.3836,45.5424,47.3220,31008100
2009-03-11,47.6984,48.1296,47.1029,47.5546,21875300
2009-03-12,47.4862,49.2726,47.1235,49.1220,21938300
2009-03-13,49.4095,49.6832,48.7319,49.4984,21835800
2009-03-16,49.9434,50.6962,49.4163,49.4916,24509000
2009-03-17,49.4779,50.7304,49.1836,50.7030,20439900
2009-03-18,50.2992,51.9419,49.7722,51.3122,35906600
2009-03-19,51.9008,51.9282,50.5319,50.7236,25410900
2009-03-20,51.0646,51.1537,49.7610,49.9051,22996500
2009-03-23,51.1469,53.3629,50.8862,53.3492,25706800
2009-03-24,52.7660,53.4795,52.4436,52.6219,20383500
2009-03-25,52.9993,53.9392,51.7850,53.1091,30263100
2009-03-26,53.6373,54.4057,53.1845,54.2685,29403800
2009-03-27,53.6099,53.8020,53.0542,53.3835,19994100
2009-03-30,52.2035,52.2241,51.0234,51.6272,25811800
2009-03-31,52.1692,52.9856,51.5928,52.0319,28187500
2009-04-01,51.3733,53.4247,51.3184,53.1914,25416600
2009-04-02,54.4607,55.4075,54.1862,54.6871,30176700
2009-04-03,54.7214,55.0164,54.1725,54.9958,20617100
2009-04-06,54.5156,54.8380,53.9255,54.7214,17834000
2009-04-07,54.0216,54.0216,53.3012,53.4384,17326400
2009-04-08,53.6374,54.1588,53.2188,53.7677,15719000
2009-04-09,54.8929,55.5172,54.7214,55.4966,19287700
2009-04-13,54.9066,55.6956,54.6733,55.2634,11991300
2009-04-14,54.8654,55.1193,54.2548,54.3852,18590000
2009-04-15,54.2274,55.2016,54.0216,55.0919,18263400
2009-04-16,55.4760,56.1141,54.6870,55.7505,19526700
2009-04-17,55.9662,56.2480,55.5402,55.8769,16835600
2009-04-20,55.0110,55.0866,53.8428,53.9596,16640200
2009-04-21,53.4854,54.8117,53.4717,54.6949,18051200
2009-04-22,54.3101,55.2859,54.0558,54.1589,20467800
2009-04-23,54.2482,54.8736,53.6160,54.7362,19521000
2009-04-24,55.0454,55.8494,54.9285,55.4783,17662200
2009-04-27,54.8186,55.8219,54.7430,55.1553,17582800
2009-04-28,54.6125,55.6295,54.5438,55.0592,16457900
2009-04-29,55.5402,56.7290,55.4508,56.1930,18084100
2009-04-30,56.8528,57.0795,55.9044,56.1243,17496500
2009-05-01,56.2068,56.4817,55.6364,56.4611,12356400
2009-05-04,56.8596,57.9317,56.7634,57.8904,13866800
2009-05-05,57.7667,58.1103,57.4575,57.8355,11985000
2009-05-06,58.4471,58.5983,57.8561,58.5502,18357600
2009-05-07,58.9625,59.0381,57.4850,57.8424,19835900
2009-05-08,58.5089,59.0793,58.1447,58.9075,18463400
2009-05-11,58.2478,58.4058,57.8629,58.0210,13335600
2009-05-12,58.2547,58.6051,57.5675,58.2203,16819400
2009-05-13,57.5262,57.6293,56.9008,57.1276,17683700
2009-05-14,57.1208,57.7049,56.9971,57.3063,15029400
2009-05-15,57.3104,57.8618,56.7108,57.0554,23137600
2009-05-18,57.6068,58.6683,57.5517,58.6683,12745200
2009-05-19,58.5442,58.8543,58.3305,58.4063,17908900
2009-05-20,58.8199,59.2542,57.9653,58.0273,18083800
2009-05-21,57.4000,57.4345,56.7246,57.2760,20038800
2009-05-22,57.4965,57.7171,56.9727,57.1175,10156800
2009-05-26,56.7039,58.6269,56.7039,58.4822,13636800
2009-05-27,58.5649,58.6338,57.1864,57.3174,13708200
2009-05-28,57.7516,58.2065,56.8831,57.9101,17780200
2009-05-29,58.1651,59.1094,57.7309,58.8544,15275000
2009-06-01,59.4678,60.4259,59.3093,60.2053,12952000
2009-06-02,60.0605,60.6326,59.9158,60.3086,10553900
2009-06-03,59.9778,60.0398,59.3299,59.9295,9488600
2009-06-04,59.9020,60.4189,59.6125,60.3156,11762200
2009-06-05,60.8255,61.0323,60.0467,60.5912,16834300
2009-06-08,60.1157,60.9290,59.6194,60.4741,23538400
2009-06-09,60.6326,60.8118,60.2673,60.4741,22428400
2009-06-10,61.0324,61.0530,59.6746,60.4121,25155700
2009-06-11,60.5568,61.3563,60.5154,60.5568,21696400
2009-06-12,60.3776,60.8807,60.2190,60.8669,12743500
2009-06-15,60.1225,60.1570,59.2747,59.6125,14006100
2009-06-16,59.7504,59.7986,58.7372,58.7647,12830900
2009-06-17,58.7372,59.1783,58.4684,58.7441,13494000
2009-06-18,58.7785,59.3781,58.5717,59.0128,13378600
2009-06-19,59.4437,59.5405,58.7245,58.9942,13880400
2009-06-22,58.4894,58.6208,57.6181,57.6181,20652400
2009-06-23,57.6872,57.8877,57.2930,57.5212,12151100
2009-06-24,57.9085,58.2819,57.1063,57.4175,15355500
2009-06-25,57.1824,58.7107,57.0994,58.5862,13851400
2009-06-26,58.4064,58.5655,58.1021,58.2750,7779000
2009-06-29,58.4410,59.0219,58.2958,58.9527,7529200
2009-06-30,59.0080,59.2224,58.0606,58.5447,13421400
2009-07-01,58.7660,59.3538,58.7314,58.8006,9144200
2009-07-02,58.0883,58.1160,57.3622,57.3899,16516500
2009-07-06,56.8505,57.6112,56.7606,57.5697,12392700
2009-07-07,57.5074,57.5282,56.3872,56.3941,15240600
2009-07-08,56.6569,56.8989,55.9861,56.6569,17902700
2009-07-09,56.8712,56.9888,56.3802,56.5462,11452000
2009-07-10,56.2973,56.6638,56.0276,56.3180,16023500
2009-07-13,56.4909,57.6665,56.2834,57.6111,14384000
2009-07-14,57.7702,57.8877,57.3483,57.8532,10288300
2009-07-15,58.4963,59.7203,58.4617,59.6096,11620000
2009-07-16,59.5474,60.5087,59.4921,60.3219,11805400
2009-07-17,60.4022,60.6238,60.0560,60.5684,9075000
2009-07-20,60.8594,61.3164,60.6239,61.1710,13142300
2009-07-21,61.7250,61.8219,61.0117,61.7527,14599300
2009-07-22,61.4687,62.0020,61.3787,61.5518,11857700
2009-07-23,61.5657,63.0200,61.5242,62.7638,16519600
2009-07-24,62.6045,63.0408,62.3760,62.9992,10895100
2009-07-27,62.9231,63.2070,62.5837,63.1170,10045200
2009-07-28,62.7500,63.2139,62.3829,63.0131,11700400
2009-07-29,62.7984,62.9854,62.4383,62.7984,9063600
2009-07-30,63.4217,64.0450,63.2070,63.3109,11659200
2009-07-31,63.3455,63.8579,63.2693,63.4840,9151300
2009-08-03,64.0380,64.4051,63.6918,64.3081,9843400
2009-08-04,64.1211,64.5712,64.0865,64.5366,12338900
2009-08-05,64.4951,64.5574,63.7957,64.2874,11396200
2009-08-06,64.5713,64.6474,63.8441,64.1488,10482300
2009-08-07,64.7860,65.4439,64.4813,64.9522,11813100
2009-08-10,64.7444,64.9660,64.4051,64.7514,13051400
2009-08-11,64.5367,64.5644,63.9203,64.1143,9305200
2009-08-12,64.0934,65.3885,64.0796,64.9383,13586400
2009-08-13,65.1946,65.2777,64.5228,65.2292,10209100
2009-08-14,65.1461,65.1807,64.0588,64.6890,10846500
2009-08-17,63.6225,63.6987,63.2970,63.4425,12121400
2009-08-18,63.6295,64.1212,63.5394,63.9203,8539100
2009-08-19,63.4978,64.7167,63.4147,64.4951,14296100
2009-08-20,64.5090,65.0630,64.3566,64.9522,8271000
2009-08-21,65.3129,66.1677,65.2573,66.0426,11866500
2009-08-24,66.3205,66.6541,65.9452,66.1120,9349100
2009-08-25,66.3344,67.2866,66.2163,66.3553,14622300
2009-08-26,66.2024,66.6125,65.9314,66.3414,11497200
2009-08-27,66.3692,66.8001,65.7438,66.5916,13096800
2009-08-28,66.9877,67.0294,66.0287,66.4248,10813900
2009-08-31,65.8202,66.0843,65.6117,66.0565,9890500
2009-09-01,65.7438,66.4804,64.6179,64.7778,17938600
2009-09-02,64.5902,64.9237,64.4303,64.5137,10922400
2009-09-03,64.7986,65.0557,64.3746,64.9445,7262500
2009-09-04,65.0279,65.7229,64.8403,65.6395,8118600
2009-09-08,66.1607,66.1746,65.7577,66.0634,10862500
2009-09-09,66.0842,66.6541,65.9313,66.3900,13560500
2009-09-10,66.4179,67.0364,66.1538,66.9530,12244800
2009-09-11,66.9738,67.1545,66.6193,66.8695,8116500
2009-09-14,66.3275,67.0294,66.2997,66.9391,8417900
2009-09-15,67.0641,67.6270,66.6888,67.3421,11687700
2009-09-16,67.6341,68.2109,67.3700,68.1623,10580800
2009-09-17,68.0858,68.6070,67.8564,68.1483,15803800
2009-09-18,68.4651,68.5486,68.1727,68.3050,9910900
2009-09-21,67.9221,68.2563,67.6923,68.0474,7711800
2009-09-22,68.4442,68.5208,68.0126,68.3746,8206300
2009-09-23,68.4790,69.0360,67.8106,67.9359,13199100
2009-09-24,68.0543,68.2423,67.2676,67.5252,16702600
2009-09-25,67.4486,67.7759,67.1005,67.3512,13350100
2009-09-28,67.5392,68.3955,67.4974,68.1170,6393200
2009-09-29,68.1936,68.4790,67.8037,67.8385,8171200
2009-09-30,67.9638,68.0821,66.8847,67.5948,15351500
2009-10-01,67.4765,67.4904,66.1467,66.2233,15473500
2009-10-02,65.5967,66.3278,65.5828,66.0423,15752800
2009-10-05,66.1885,67.0309,66.0005,66.8151,8742700
2009-10-06,67.2398,68.0683,67.2259,67.7341,12439600
2009-10-07,67.6227,67.8663,67.4138,67.7271,10039900
2009-10-08,68.1866,68.5417,67.9081,68.1657,9701300
2009-10-09,68.1379,68.7297,68.0126,68.7088,6494100
2009-10-12,68.9246,69.1961,68.6183,68.8828,5438300
2009-10-13,68.6739,68.9385,68.3815,68.8062,6026200
2009-10-14,69.4607,69.8714,69.2240,69.7809,9162700
2009-10-15,69.5303,70.0873,69.5095,70.0734,7667900
2009-10-16,69.5048,69.8323,69.2469,69.6790,13185400
2009-10-19,69.7625,70.5012,69.6371,70.2852,9772400
2009-10-20,70.3618,70.3897,69.6162,69.9577,9387400
2009-10-21,69.8392,70.5221,69.2747,69.2887,12893600
2009-10-22,69.4211,70.4454,69.1284,70.2015,13423200
2009-10-23,70.3688,70.4315,69.2469,69.5674,13214000
2009-10-26,69.6162,70.2225,68.6545,68.8566,16109800
2009-10-27,68.9542,69.3583,68.5709,68.8636,14503800
2009-10-28,68.7243,69.0378,68.0274,68.0692,17191500
2009-10-29,68.5291,69.5047,68.3270,69.3653,12927200
2009-10-30,69.2329,69.4350,67.5047,67.6371,29751800
2009-11-02,67.8741,68.9891,67.4699,68.1877,20615900
2009-11-03,67.7765,68.2434,67.6441,68.1528,13945600
2009-11-04,68.5570,69.2538,68.2504,68.4106,14714300
2009-11-05,68.8915,69.8462,68.8566,69.7974,9811600
2009-11-06,69.4420,70.1040,69.2887,69.9437,10786100
2009-11-09,70.4315,71.3862,70.3200,71.3723,10959900
2009-11-10,71.2677,71.6371,71.1841,71.5604,9959100
2009-11-11,71.8531,72.2085,71.5256,71.8671,10532400
2009-11-12,71.7486,72.0622,71.0099,71.1981,11966800
2009-11-13,71.3236,71.9507,71.1493,71.7138,11677800
2009-11-16,72.0552,72.8705,72.0204,72.6545,10497400
2009-11-17,72.5361,72.9193,72.3758,72.8845,8398000
2009-11-18,72.8218,72.9054,72.4106,72.8566,7773400
2009-11-19,72.5012,72.5221,71.6859,72.2294,12739500
2009-11-20,71.9553,72.3259,71.8155,72.1860,8680400
2009-11-23,72.8503,73.3956,72.8014,73.0321,9489200
2009-11-24,73.0181,73.1020,72.4238,72.9622,10211800
2009-11-25,73.0880,73.2977,72.8503,73.1509,6489600
2009-11-27,71.6338,72.5986,71.4730,72.1372,12916100
2009-11-30,72.0881,72.5286,71.8085,72.4167,11959000
2009-12-01,72.9062,73.5004,72.8992,73.2208,10101300
2009-12-02,73.2278,73.5843,72.9341,73.1159,7124600
2009-12-03,73.3047,73.5354,72.4238,72.4937,9723500
2009-12-04,73.3816,73.5984,72.1511,72.7035,16602800
2009-12-07,72.5916,73.0809,72.4937,72.7454,8189500
2009-12-08,72.3049,72.3189,71.1374,71.9694,10719700
2009-12-09,71.9833,72.4028,71.6478,72.3259,8583800
2009-12-10,72.7035,73.1439,72.6755,72.8363,8039500
2009-12-11,73.0670,73.4375,72.8852,73.3536,9235500
2009-12-14,73.6333,73.6753,73.3536,73.5494,9752400
2009-12-15,73.3467,73.5145,73.0390,73.2278,7191500
2009-12-16,73.4725,73.6263,73.0391,73.1789,6283400
2009-12-17,72.7384,72.8153,72.2140,72.2769,8223700
2009-12-18,72.6069,72.7402,71.8910,72.3893,8299800
2009-12-21,72.6841,73.2666,72.6560,72.9086,5968000
2009-12-22,73.1473,73.4210,73.0279,73.3087,6849400
2009-12-23,73.4491,73.4982,73.1122,73.3087,4867200
2009-12-24,73.3929,73.7228,73.3789,73.6947,3568000
2009-12-28,73.8352,73.9404,73.6176,73.8983,8116800
2009-12-29,74.0387,74.1440,73.8702,73.8983,3356400
2009-12-30,73.6456,73.9263,73.6105,73.8491,3243500
2009-12-31,73.9333,73.9684,73.0139,73.0420,5189400
2010-01-04,73.5825,74.3054,73.5263,74.1580,8977300
2010-01-05,74.1229,74.1650,73.6737,74.0386,6549200
2010-01-06,74.0456,74.2913,73.9473,74.0877,6797200
2010-01-07,73.9615,74.4106,73.6597,74.3545,6312000
2010-01-08,74.1650,74.4738,74.0035,74.4738,4912000
2010-01-11,74.6773,74.8598,74.2702,74.7755,6858300
2010-01-12,74.2913,74.6914,74.1018,74.4948,8869900
2010-01-13,74.6282,75.0915,74.4247,74.9230,8619100
2010-01-14,74.8458,75.2037,74.8037,75.1195,7039900
2010-01-15,75.0564,75.0844,74.0738,74.4036,14027400
2010-01-19,74.3264,75.2599,74.2983,75.2178,10877400
2010-01-20,74.7475,74.7756,73.7860,74.4106,11896600
2010-01-21,74.3755,74.4737,72.7893,72.7893,22253800
2010-01-22,72.5577,72.8946,71.2733,71.3295,24606900
2010-01-25,71.8628,71.9541,71.3575,71.5260,18236800
2010-01-26,71.3505,72.3331,71.2242,71.5050,18352400
2010-01-27,71.3575,71.9471,70.8802,71.7997,16203100
2010-01-28,72.0032,72.0243,70.5434,71.0276,13409200
2010-01-29,71.2804,71.8419,70.4733,70.5715,14556900
2010-02-01,71.0347,71.8348,70.9364,71.4769,9985500
2010-02-02,71.5540,72.3611,71.3645,72.2067,8891300
2010-02-03,72.0243,72.3331,71.8278,72.0313,6561600
2010-02-04,71.5540,71.6382,70.1924,70.2135,16419300
2010-02-05,70.2907,70.4241,69.0344,70.2977,28939700
2010-02-08,70.1855,70.4522,69.5678,69.6380,10929500
2010-02-09,70.2977,71.2312,70.0731,70.6416,19228000
2010-02-10,70.5715,70.8662,70.0100,70.5504,11212100
2010-02-11,70.4802,71.4136,70.0942,71.2943,9934200
2010-02-12,70.5574,71.1470,70.1784,71.0768,13643000
2010-02-16,71.5962,72.2700,71.3014,72.1577,8958800
2010-02-17,72.4032,72.5998,72.2559,72.5576,8784900
2010-02-18,72.4103,73.2034,72.4033,73.1122,8677700
2010-02-19,72.9680,73.4535,72.7710,73.1720,9324500
2010-02-22,73.4464,73.4464,72.9749,73.0664,5285200
2010-02-23,72.9046,73.2776,72.2573,72.3839,10810200
2010-02-24,72.6020,73.1438,72.4683,72.9679,9658700
2010-02-25,71.9477,72.7146,71.7155,72.6865,10052900
2010-02-26,72.7217,72.9046,72.3206,72.6865,6961100
2010-03-01,72.9469,73.3198,72.8835,73.1931,5818700
2010-03-02,73.4816,73.6294,73.1438,73.1861,5673300
2010-03-03,73.4253,73.7208,73.0594,73.2423,5891900
2010-03-04,73.3479,73.5801,73.1508,73.5308,6168300
2010-03-05,73.8756,74.4245,73.7912,74.4174,6753500
2010-03-08,74.3893,74.5582,74.2345,74.2978,5728100
2010-03-09,74.1923,74.7481,74.1712,74.3822,8672300
2010-03-10,74.4596,74.6848,74.1500,74.4244,7325500
2010-03-11,74.3329,74.7903,74.0515,74.7832,7739600
2010-03-12,75.0366,75.0648,74.6778,74.8818,10139600
2010-03-15,74.7974,75.0296,74.4948,74.9873,6760400
2010-03-16,75.1352,75.3744,74.8748,75.3392,6848800
2010-03-17,75.5081,75.9021,75.4518,75.6558,6989400
2010-03-18,75.6629,76.0147,75.6136,75.9584,7495600
2010-03-19,75.6743,76.2594,75.3782,75.6743,12068000
2010-03-22,75.3994,76.1890,75.3782,75.9916,8835200
2010-03-23,76.1608,76.7883,76.0198,76.7530,9105900
2010-03-24,76.5062,76.7107,76.2947,76.4216,7075900
2010-03-25,76.8376,77.2182,76.3652,76.4498,9526500
2010-03-26,76.5838,76.8940,76.2313,76.4428,8859800
2010-03-29,76.6966,76.9575,76.6120,76.7883,5886300
2010-03-30,76.8517,77.1125,76.6120,76.9362,5781300
2010-03-31,76.7177,76.8728,76.3652,76.5696,6078200
2010-04-01,77.0138,77.2535,76.6049,77.0420,11474400
2010-04-05,77.2605,77.4650,77.0208,77.3592,4237800
2010-04-06,77.1618,77.4579,77.0419,77.3521,4407600
2010-04-07,77.2323,77.3381,76.5062,76.8798,10894000
2010-04-08,76.6402,77.2465,76.4921,77.1055,8764300
2010-04-09,77.2112,77.6060,77.1336,77.5919,6013100
2010-04-12,77.6483,77.8034,77.5355,77.6765,4366500
2010-04-13,77.5496,77.8598,77.2182,77.7258,6104100
2010-04-14,77.9726,78.4802,77.8527,78.4590,7987400
2010-04-15,78.3110,78.6917,78.2828,78.6494,8664000
2010-04-16,78.5019,78.6713,77.4012,77.7399,22103600
2010-04-19,77.5141,78.2550,77.4294,78.2056,10482500
2010-04-20,78.4737,78.6219,78.1632,78.3890,8901000
2010-04-21,78.4173,78.6713,78.0998,78.4314,9115800
2010-04-22,78.0433,78.6783,77.7187,78.5654,9946100
2010-04-23,78.5231,79.0522,78.3537,78.9958,13873100
2010-04-26,79.1017,79.4333,79.0382,79.0805,8015700
2010-04-27,78.8547,79.1511,77.4224,77.5212,19874600
2010-04-28,77.8810,78.2055,77.3941,78.0009,14833300
2010-04-29,78.2761,79.0240,78.2620,78.8053,7472600
2010-04-30,78.8900,79.0241,77.6412,77.6835,14615900
2010-05-03,78.0151,78.8971,78.0151,78.6995,8324800
2010-05-04,77.9727,77.9939,76.6956,77.1613,19911700
2010-05-05,76.5898,77.3025,76.3782,76.7662,18900400
2010-05-06,76.4628,77.0132,69.9645,74.2685,34425300
2010-05-07,74.0991,74.7483,72.3493,73.2242,33885700
2010-05-10,75.8983,76.5333,75.4961,76.2017,20454000
2010-05-11,75.5949,76.8579,75.4820,75.9689,16440600
2010-05-12,76.2582,77.1543,76.1665,77.0908,12985000
2010-05-13,76.8721,77.2319,76.1806,76.2723,11160700
2010-05-14,75.8137,75.9689,74.5225,75.1505,17962100
2010-05-17,75.2774,75.4397,73.8451,75.1575,17552200
2010-05-18,75.7008,75.8560,74.1838,74.3602,19213400
2010-05-19,74.0568,74.4942,73.0901,73.9227,24115100
2010-05-20,72.6527,72.8503,71.2628,71.3404,28708100
2010-05-21,70.3283,72.2193,70.1300,72.1272,30840500
2010-05-24,71.7943,72.2264,71.1994,71.3057,16537800
2010-05-25,69.7829,71.2277,69.2305,71.1498,25166200
2010-05-26,71.4473,72.0989,70.4841,70.5974,18499900
2010-05-27,71.8439,72.7575,71.5818,72.7504,18333200
2010-05-28,72.6584,72.6868,71.5607,71.8652,19442500
2010-06-01,71.2986,72.4459,70.9870,71.0507,17009600
2010-06-02,71.4331,72.7008,71.1144,72.6725,14879500
2010-06-03,72.9417,73.1329,72.1272,72.7292,11856600
2010-06-04,71.5111,71.6598,70.1159,70.4275,20047200
2010-06-07,70.5832,70.7674,69.5492,69.5988,13694600
2010-06-08,69.6626,70.5904,69.1951,70.4275,25086600
2010-06-09,70.8099,71.3765,69.9742,70.2221,16076800
2010-06-10,71.2490,72.2264,71.2490,72.1556,13825600
2010-06-11,71.5819,72.4884,71.5465,72.4601,9066300
2010-06-14,72.9417,73.2958,72.2689,72.3397,8995700
2010-06-15,72.8142,73.8624,72.3114,73.7774,9402100
2010-06-16,73.4375,73.9970,73.3171,73.8624,9602400
2010-06-17,74.0182,74.0961,73.2179,74.0536,9742800
2010-06-18,74.1530,74.3871,73.9543,74.1388,6890700
2010-06-21,75.0186,75.1818,73.7628,74.1104,10258800
2010-06-22,74.1459,74.4581,72.9681,73.0320,11915600
2010-06-23,73.1383,73.5640,72.5636,73.0745,12966900
2010-06-24,72.7339,72.8262,71.8754,72.0599,13397700
2010-06-25,72.2301,72.3933,71.5419,72.1734,10893500
2010-06-28,72.1521,72.4075,71.6909,71.9747,6770700
2010-06-29,71.0878,71.1162,69.6262,70.0519,16662900
2010-06-30,69.8958,70.3357,69.2430,69.3424,13386200
2010-07-01,69.3565,69.5339,68.2993,69.0656,18562200
2010-07-02,69.2005,69.3495,68.2355,68.7322,11305700
2010-07-06,69.5268,69.9739,68.5477,69.1437,10251400
2010-07-07,69.2075,71.2155,69.1792,71.1588,12255100
2010-07-08,71.5916,72.0244,71.2368,72.0244,9456500
2010-07-09,71.9889,72.4643,71.8612,72.4501,7377600
2010-07-12,72.2656,72.5849,72.0527,72.5494,6613100
2010-07-13,73.2377,73.9188,73.2022,73.5995,9339100
2010-07-14,73.4577,73.8550,73.1668,73.6138,8757900
2010-07-15,73.5924,73.7060,72.7197,73.5783,11495700
2010-07-16,73.1543,73.2253,71.6061,71.7339,12219700
2010-07-19,72.0180,72.3660,71.5564,72.1671,7289500
2010-07-20,71.0877,72.7211,71.0451,72.6714,9200800
2010-07-21,72.9128,72.9341,71.5280,71.8902,10812500
2010-07-22,72.6145,73.6514,72.5932,73.3247,10386600
2010-07-23,73.2253,74.2124,73.0904,74.0491,13384300
2010-07-26,74.1485,74.8019,74.0065,74.7522,9047000
2010-07-27,75.1001,75.1641,74.5675,74.8800,10259500
2010-07-28,74.7380,74.9581,74.3474,74.6314,7157900
2010-07-29,75.0363,75.2280,73.8006,74.3332,11562800
2010-07-30,73.7153,74.6598,73.5307,74.3545,11706000
2010-08-02,75.3345,75.9807,75.1925,75.7961,6852300
2010-08-03,75.6186,75.8671,75.3203,75.5547,5440100
2010-08-04,75.7393,76.0944,75.5475,75.9594,7289900
2010-08-05,75.5830,75.9026,75.4410,75.9026,3631700
2010-08-06,75.2208,75.7961,74.7876,75.7677,7524700
2010-08-09,75.9879,76.2506,75.7322,76.0731,3723500
2010-08-10,75.5333,76.1157,75.0433,75.7464,8434400
2010-08-11,74.7025,74.7167,73.7935,73.9497,9496200
2010-08-12,73.0407,73.7650,72.9909,73.4668,14562800
2010-08-13,73.2963,73.7153,73.2182,73.3957,6481600
2010-08-16,73.0123,73.5662,72.7069,73.3460,5818900
2010-08-17,73.8503,74.6527,73.6230,74.0917,5461600
2010-08-18,74.0419,74.6456,73.6300,74.2621,6344900
2010-08-19,73.9142,74.0775,72.8276,73.1898,8882600
2010-08-20,73.0144,73.0500,72.3301,72.8077,8548600
2010-08-23,73.0928,73.4564,72.4940,72.5368,5552400
2010-08-24,71.8026,72.1020,71.2181,71.5674,9543400
2010-08-25,71.2182,71.9809,70.8332,71.7171,9732500
2010-08-26,71.9666,72.0379,71.0471,71.2324,8258800
2010-08-27,71.6601,72.4442,70.8546,72.4085,10431400
2010-08-30,72.1591,72.3801,71.3964,71.4035,4731200
2010-08-31,71.2039,71.8882,70.9401,71.4249,10523400
2010-09-01,72.2517,73.3495,72.2303,73.2782,8511100
2010-09-02,73.3565,73.6274,73.1498,73.6203,3782600
2010-09-03,74.2904,74.5826,73.6275,74.5470,6280300
2010-09-07,74.2476,74.3403,73.7130,73.8199,4206700
2010-09-08,73.9269,74.4187,73.9055,74.1193,5742100
2010-09-09,74.8322,74.8464,74.1122,74.3118,4396500
2010-09-10,74.4330,74.7181,74.2405,74.6896,3521600
2010-09-13,75.3097,75.4594,74.8891,75.3239,4944900
2010-09-14,75.1885,75.6091,74.9676,75.1600,5077800
2010-09-15,74.9889,75.6019,74.8321,75.5164,4374300
2010-09-16,75.3240,75.7303,75.1315,75.6946,5449000
2010-09-17,75.9453,76.0453,75.4454,75.7454,7777800
2010-09-20,75.9810,76.9236,75.8382,76.7808,5257500
2010-09-21,76.7951,77.3450,76.5309,76.8522,8381800
2010-09-22,76.8094,77.1522,76.4666,76.6951,5593500
2010-09-23,76.1524,76.8522,75.9882,76.1738,7547400
2010-09-24,76.9593,77.5949,76.8879,77.5306,5334900
2010-09-27,77.5306,77.6449,77.1807,77.2593,3989800
2010-09-28,77.3807,77.7449,76.6237,77.5235,7872700
2010-09-29,77.3735,77.6306,77.1236,77.3449,6281000
2010-09-30,77.7734,78.2090,76.7451,77.0593,11670500
2010-10-01,77.5163,77.6449,77.0093,77.3521,5987600
2010-10-04,77.2378,77.5163,76.4594,76.8165,5561600
2010-10-05,77.4164,78.3233,77.3164,78.1233,6493200
2010-10-06,78.1519,78.4304,78.0305,78.3876,7215600
2010-10-07,78.6160,78.6303,77.8448,78.2661,5282200
2010-10-08,78.3090,78.8446,78.1090,78.6660,4812900
2010-10-11,78.7589,78.8374,78.4661,78.7375,3527300
2010-10-12,78.5018,79.0017,77.9876,78.7375,5373500
2010-10-13,79.1374,79.7230,79.0232,79.3088,6921600
2010-10-14,79.3016,79.4302,78.7732,79.3159,8971700
2010-10-15,79.6397,79.6683,78.6963,79.1036,9377400
2010-10-18,79.1036,79.7540,79.0107,79.3395,4434900
2010-10-19,78.8249,79.1036,78.0244,78.5032,9253700
2010-10-20,78.6819,79.7468,78.4889,79.3966,7394700
2010-10-21,79.7469,80.1972,79.1180,79.7183,6992000
2010-10-22,79.7540,79.8184,79.4396,79.5896,3549800
2010-10-25,79.9756,80.4401,79.8041,79.8398,6126500
2010-10-26,79.4753,79.9827,79.2823,79.8755,5371300
2010-10-27,79.4181,79.6611,78.8034,79.5539,7608300
2010-10-28,79.8827,79.9470,79.0322,79.4038,5657500
2010-10-29,79.3466,79.6039,79.1965,79.5539,5972000
2010-11-01,79.8183,80.4115,79.0964,79.5610,9428500
2010-11-02,80.0542,80.2471,79.9398,79.9613,4073600
2010-11-03,80.0971,80.3115,79.3752,80.2614,10108800
2010-11-04,80.9833,81.8481,80.9333,81.7838,9353700
2010-11-05,81.7980,81.9267,81.5121,81.8623,6347900
2010-11-08,81.5765,81.7265,81.3192,81.6336,4081700
2010-11-09,81.7480,81.7694,80.9261,81.2548,5838500
2010-11-10,81.2049,81.3979,80.5902,81.2835,9956900
2010-11-11,80.6903,80.9475,80.4258,80.8189,5517900
2010-11-12,80.3758,80.7546,79.7969,80.1614,8695800
2010-11-15,80.2758,80.7832,80.1757,80.2257,6607300
2010-11-16,79.7540,79.8612,78.6677,78.9750,9492400
2010-11-17,79.0750,79.1823,78.8035,78.9321,5558800
2010-11-18,79.5896,80.3115,79.5825,80.1543,7154500
2010-11-19,80.0617,80.3485,79.7176,80.3127,4474300
2010-11-22,79.9829,80.2052,79.2587,80.1765,6814800
2010-11-23,79.4308,79.4523,78.7998,79.1511,6615500
2010-11-24,79.5885,80.2769,79.5885,80.1980,4288200
2010-11-26,79.5455,79.8395,79.3304,79.3304,2330100
2010-11-29,79.0579,79.4882,78.4413,79.3376,6040400
2010-11-30,78.6348,79.4164,78.5560,78.9933,8055600
2010-12-01,80.0761,80.9508,80.0115,80.7859,7312300
2010-12-02,80.8576,81.6464,80.8433,81.5531,6146200
2010-12-03,81.2664,81.7539,81.2449,81.6966,4550500
2010-12-06,81.5818,81.7754,81.4743,81.5531,6181100
2010-12-07,82.1841,82.2487,81.5030,81.5460,7617300
2010-12-08,81.5244,81.7969,81.3452,81.6606,6518700
2010-12-09,81.9905,82.0192,81.3882,81.6822,5237500
2010-12-10,81.8112,81.9833,81.5746,81.9474,8294000
2010-12-13,82.2200,82.4781,82.0479,82.0909,4756900
2010-12-14,82.1913,82.7290,82.1626,82.4637,5212500
2010-12-15,82.3921,82.7721,82.2271,82.3777,5851100
2010-12-16,82.4494,82.7362,82.0407,82.6286,8109500
2010-12-17,82.5949,82.6380,82.2715,82.6092,4621200
2010-12-20,82.7458,82.7530,82.1996,82.4655,6742100
2010-12-21,82.7242,82.9757,82.6380,82.8679,4783100
2010-12-22,82.8967,83.1195,82.8248,83.0620,3487300
2010-12-23,83.0117,83.2129,82.9326,83.1698,3578800
2010-12-27,82.9039,83.1051,82.7530,83.0332,4138600
2010-12-28,83.1986,83.2776,82.8895,83.2129,4738400
2010-12-29,83.3339,83.5283,83.2691,83.2907,6621900
2010-12-30,83.2043,83.3339,83.0098,83.1467,6599100
2010-12-31,83.0530,83.3483,82.8514,83.2763,3725200
2011-01-03,83.8381,84.1622,83.8021,83.8381,9108900
2011-01-04,84.0541,84.0685,83.6220,84.0037,9775600
2011-01-05,83.8740,84.3998,83.7588,84.2918,7567800
2011-01-06,84.3638,84.3998,83.9029,84.1045,7161600
2011-01-07,84.1981,84.3350,83.4131,83.9533,9249800
2011-01-10,83.6580,83.7876,83.2258,83.6868,6166700
2011-01-11,83.9965,84.1622,83.6652,83.9389,5122600
2011-01-12,84.3710,84.7311,84.2702,84.5511,5255800
2011-01-13,84.5295,84.5366,84.1333,84.4070,6056800
2011-01-14,84.1765,84.8175,84.1261,84.7599,5885800
2011-01-18,84.8104,85.2929,84.7960,85.1489,4665700
2011-01-19,85.2352,85.3360,84.8823,85.0984,9080300
2011-01-20,84.8680,85.2280,84.5007,85.0696,10935600
2011-01-21,85.5988,85.6637,85.0652,85.4186,9663000
2011-01-24,85.3465,86.2262,85.3321,86.2118,12299400
2011-01-25,86.0243,86.2334,85.5988,86.1613,10474000
2011-01-26,86.2046,86.4858,86.0531,86.2478,9154100
2011-01-27,86.2550,86.4786,86.1324,86.2695,7393200
2011-01-28,86.2839,86.4281,84.9139,85.1013,17156100
2011-01-31,85.2672,85.5556,85.0004,85.5195,8965000
2011-02-01,85.9233,86.6949,85.8657,86.5939,7626900
2011-02-02,86.4497,86.7597,86.4497,86.6011,4231200
2011-02-03,86.5507,86.9401,86.2118,86.7958,6338100
2011-02-04,86.7959,87.0266,86.5435,87.0266,5191300
2011-02-07,87.1636,87.7188,87.1419,87.5025,7317100
2011-02-08,87.5746,88.1298,87.4880,88.0721,6032000
2011-02-09,88.0505,88.2596,87.7909,88.1731,7682100
2011-02-10,87.8054,88.1515,87.5602,88.0938,7202200
2011-02-11,87.8414,88.5192,87.7621,88.4399,6887200
2011-02-14,88.3245,88.4832,88.1875,88.4110,4093900
2011-02-15,88.2163,88.2380,87.8846,88.1154,4854700
2011-02-16,88.3245,88.7355,88.2380,88.6057,5680000
2011-02-17,88.4399,88.9374,88.3822,88.8076,4856500
2011-02-18,88.8872,89.3715,88.7787,89.3426,6320900
2011-02-22,88.8149,89.1112,87.8174,88.1065,9844300
2011-02-23,87.9475,88.0198,87.0006,87.3548,14461100
2011-02-24,87.2969,87.4921,86.4223,87.0439,12247300
2011-02-25,87.4197,87.7016,87.2752,87.5643,5649800
2011-02-28,87.8246,88.3161,87.7812,88.2944,5759600
2011-03-01,88.4751,88.5329,87.0078,87.0078,9666700
2011-03-02,86.9210,87.4487,86.7403,87.0656,8298400
2011-03-03,87.7813,88.6631,87.7740,88.4463,7297200
2011-03-04,88.4968,88.5691,87.1740,87.8029,10366700
2011-03-07,88.0198,88.3740,86.8921,87.2536,8355500
2011-03-08,87.3692,88.4679,87.1596,88.1788,8009200
2011-03-09,88.0920,88.5185,87.7884,88.1932,7819900
2011-03-10,87.4270,87.4993,86.4657,86.5452,15698000
2011-03-11,86.2127,87.3475,86.1765,87.0439,10479900
2011-03-14,86.5741,86.8199,85.9597,86.6319,8026700
2011-03-15,84.6442,86.1115,84.5140,85.6055,14786600
2011-03-16,85.2874,85.4464,83.4948,83.9646,16469000
2011-03-17,84.8971,85.2802,84.5068,85.0706,7902300
2011-03-18,86.0598,86.1902,85.4587,85.6542,10498900
2011-03-21,86.5813,87.2838,86.5813,86.9579,7615000
2011-03-22,87.0158,87.0810,86.7406,86.8493,6360500
2011-03-23,86.6755,87.5663,86.5017,87.3635,6693400
2011-03-24,87.8125,88.1022,87.4287,87.9646,4827100
2011-03-25,88.1384,88.5947,88.0660,88.3267,6604100
2011-03-28,88.4354,88.6888,88.1384,88.1819,2663400
2011-03-29,88.1674,88.7903,87.9864,88.7251,6025800
2011-03-30,89.0799,89.5000,89.0365,89.2320,4100800
2011-03-31,89.2103,89.4855,89.0437,89.0944,4355100
2011-04-01,89.5072,89.7679,89.1813,89.4130,5203200
2011-04-04,89.5434,89.6883,89.4058,89.6303,6278900
2011-04-05,89.4565,89.9055,89.2682,89.5506,8523300
2011-04-06,89.9562,90.0649,89.6593,89.9273,4246000
2011-04-07,89.8331,89.9852,89.1595,89.7389,6542200
2011-04-08,90.0141,90.0576,89.1161,89.5506,6080300
2011-04-11,89.6520,90.0069,89.3406,89.5434,5467500
2011-04-12,89.0219,89.1523,88.4787,88.6888,5161400
2011-04-13,89.2030,89.2320,88.4136,88.7540,4278200
2011-04-14,88.3340,89.0002,87.9646,88.8771,4338300
2011-04-15,89.0743,89.4658,88.7626,89.2990,5299500
2011-04-18,88.3132,88.3494,87.4578,88.2479,10033200
2011-04-19,88.4074,88.7916,88.2407,88.7191,5007200
2011-04-20,89.8355,90.2704,89.7122,90.1327,6708700
2011-04-21,90.3428,90.4733,90.0239,90.4588,4019100
2011-04-25,90.3646,90.4008,90.0384,90.2849,4441200
2011-04-26,90.4588,91.2489,90.3573,91.1184,6200000
2011-04-27,91.2489,91.9665,91.0967,91.8361,5703800
2011-04-28,91.7419,92.4523,91.7274,92.3653,11788000
2011-04-29,92.4668,92.8727,92.4523,92.8147,11425900
2011-05-02,93.2207,93.2424,92.5103,92.6697,10518700
2011-05-03,92.6118,92.9162,92.2566,92.6553,7708200
2011-05-04,92.5465,92.6118,91.7057,92.0391,8253900
2011-05-05,91.7563,91.9448,90.6110,91.0750,11362900
2011-05-06,91.8651,92.3798,91.2127,91.5317,9866400
2011-05-09,91.5099,92.1116,91.3649,91.8506,5464900
2011-05-10,92.0319,92.5465,91.9231,92.3871,4179600
2011-05-11,92.2058,92.2421,91.1475,91.5607,7813600
2011-05-12,91.3070,92.1768,90.8793,92.0536,6684200
2011-05-13,92.0463,92.1478,90.9082,91.3069,6677500
2011-05-16,91.0242,91.6404,90.8213,90.9518,4399900
2011-05-17,90.5603,90.7995,89.7774,90.4733,25391000
2011-05-18,90.5313,91.2272,90.2921,91.1257,4534600
2011-05-19,91.4157,91.6839,90.9445,91.4664,4714900
2011-05-20,91.2809,91.3900,90.5973,90.8009,6881200
2011-05-23,89.6155,90.0955,89.4773,89.8337,5901700
2011-05-24,90.0446,90.1537,89.6082,89.6737,4244400
2011-05-25,89.3391,90.2773,89.3101,89.9282,4110900
2011-05-26,89.7536,90.3064,89.3973,90.0373,6190400
2011-05-27,90.3137,90.6556,90.1683,90.3501,4402800
2011-05-31,91.1501,91.3101,90.6191,91.2737,5290000
2011-06-01,91.0046,91.0410,89.1791,89.2373,8218900
2011-06-02,89.2810,89.3610,88.5246,88.9464,8832200
2011-06-03,87.9136,88.7282,87.8845,88.2336,6224000
2011-06-06,88.0737,88.2482,87.6446,87.8046,4679000
2011-06-07,88.2046,88.4373,87.6155,87.6300,3834600
2011-06-08,87.5719,87.8773,87.3318,87.4919,6860100
2011-06-09,87.7027,88.4954,87.5863,88.0882,4024900
2011-06-10,87.7463,87.8118,86.6990,86.8154,7384800
2011-06-13,87.0773,87.3027,86.6118,86.8809,5363200
2011-06-14,87.4554,88.1027,87.4264,87.7827,4853100
2011-06-15,87.0191,87.3173,86.2191,86.4591,20958800
2011-06-16,86.4300,87.1646,86.3209,86.9319,7469900
2011-06-17,87.5933,87.7682,87.0105,87.2363,7742000
2011-06-20,86.9522,87.9649,86.9449,87.8192,5679800
2011-06-21,88.1398,88.8173,87.9649,88.5842,4744500
2011-06-22,88.2636,88.7445,88.0013,88.0159,4702500
2011-06-23,87.1490,87.6735,86.3257,87.6590,9033500
2011-06-24,87.5933,87.6516,86.6899,86.8429,6643300
2011-06-27,86.8939,87.9576,86.7555,87.5715,4488800
2011-06-28,87.8848,88.6279,87.7828,88.5987,4085500
2011-06-29,88.8829,89.3273,88.5113,89.2107,5712400
2011-06-30,89.5386,90.3545,89.4366,90.2161,4754500
2011-07-01,90.4055,91.5930,90.1942,91.4911,8692000
2011-07-05,91.4620,91.6587,91.1851,91.4255,5324300
2011-07-06,91.3453,91.9864,91.2360,91.8626,9795100
2011-07-07,92.4018,92.7952,92.2342,92.5985,4400700
2011-07-08,91.8189,92.1031,91.4328,92.0812,5987200
2011-07-11,91.1923,91.4036,90.7333,91.0320,6931200
2011-07-12,90.9665,91.4620,90.5658,90.5804,12501300
2011-07-13,91.0394,91.7534,90.6970,90.9228,7366800
2011-07-14,90.9883,91.5566,90.3181,90.4929,6517000
2011-07-15,90.9393,90.9830,90.2611,90.8299,7853000
2011-07-18,90.3485,90.4360,89.4881,90.1444,6150200
2011-07-19,90.7132,91.7487,90.6548,91.6101,5848000
2011-07-20,91.7122,91.7560,91.3403,91.4862,3291800
2011-07-21,91.9018,92.8279,91.6830,92.6310,6881400
2011-07-22,92.5216,92.6237,92.0404,92.3175,5848500
2011-07-25,91.3986,92.1278,91.2455,91.7049,5236200
2011-07-26,91.4132,91.5372,90.9101,91.0267,7202900
2011-07-27,90.6914,90.7059,89.4663,89.5757,7558600
2011-07-28,89.5611,90.1736,89.0142,89.1673,7454600
2011-07-29,88.2922,89.1308,87.9713,88.3286,16015400
2011-08-01,89.5027,89.6632,87.3370,88.3141,11630000
2011-08-02,87.7380,88.2339,86.3525,86.3817,9644500
2011-08-03,86.4838,86.6953,85.1931,86.6296,16594800
2011-08-04,85.5504,85.7327,82.8086,82.9180,19368300
2011-08-05,83.9535,84.2670,81.1315,83.3118,30450400
2011-08-08,81.1387,82.4221,78.7688,78.8053,30395700
2011-08-09,79.9647,81.9482,77.2521,81.9409,32097800
2011-08-10,80.3731,80.7012,77.9302,78.1490,27711600
2011-08-11,78.9001,82.2690,78.6303,81.1242,17393500
2011-08-12,82.0283,82.7576,81.3648,82.2544,14097500
2011-08-15,82.9690,83.7711,82.7211,83.7201,13586200
2011-08-16,83.0857,83.7930,82.3784,83.1878,10846800
2011-08-17,83.6400,84.1942,82.6774,83.3191,9350200
2011-08-18,81.3793,81.4522,79.4907,80.2636,18143700
2011-08-19,79.2674,80.9803,78.8868,78.9893,15277500
2011-08-22,80.6509,80.7387,79.0625,79.2747,11314800
2011-08-23,79.6773,81.5952,79.3699,81.5220,12374800
2011-08-24,81.4341,82.7664,81.1853,82.6785,9256900
2011-08-25,83.0006,83.2861,81.1121,81.4415,10391700
2011-08-26,81.0462,82.7664,79.8530,82.4955,13140300
2011-08-29,83.4251,84.3255,83.3885,84.2816,7117800
2011-08-30,84.0547,85.0282,83.5423,84.4353,10480300
2011-08-31,85.0282,85.6211,84.2669,84.8745,8390900
2011-09-01,84.9770,85.6650,83.9741,84.0839,7690900
2011-09-02,82.5248,82.9201,81.9466,82.1881,9426300
2011-09-06,80.0799,81.5878,79.9189,81.4048,10881100
2011-09-07,82.5248,83.4618,82.2759,83.4032,7271500
2011-09-08,82.9932,83.9448,82.5175,82.6199,7772800
2011-09-09,81.7196,81.7635,79.9481,80.3873,11877700
2011-09-12,79.3260,80.9217,79.1649,80.8924,10062000
2011-09-13,81.0169,81.5219,80.3873,81.1925,10836700
2011-09-14,81.6098,83.3227,80.4240,82.2759,14634500
2011-09-15,83.0299,83.6887,82.5907,83.6374,9646000
2011-09-16,84.0481,84.4294,83.4614,84.2314,12330800
2011-09-19,82.9408,83.7621,82.3468,83.3954,9727400
2011-09-20,83.7914,84.5247,83.2194,83.5127,8070700
2011-09-21,83.5494,83.7694,81.3127,81.3641,14933100
2011-09-22,79.1641,79.4941,77.5287,78.5187,19744500
2011-09-23,78.0567,79.1054,77.8294,78.7974,12056800
2011-09-26,79.5013,80.9093,78.8193,80.8433,11476000
2011-09-27,82.4347,83.1974,81.4667,81.9214,13564400
2011-09-28,82.2074,82.8381,80.4767,80.5427,11260200
2011-09-29,82.0387,82.5007,80.2494,81.6794,13212200
2011-09-30,80.5281,81.5181,79.8387,79.8827,10338600
2011-10-03,79.3547,80.3814,77.9540,77.9980,13520400
2011-10-04,77.0594,79.2668,76.1501,78.9954,18100000
2011-10-05,79.0907,80.2347,78.6581,80.1394,9967000
2011-10-06,80.1541,81.5548,79.5454,81.4668,8534300
2011-10-07,82.0387,82.2881,80.9461,81.4154,10022000
2011-10-10,82.5740,83.7767,82.5667,83.7547,7176500
2011-10-11,83.3221,83.8574,83.2560,83.6081,7836000
2011-10-12,84.1655,85.1555,83.9015,84.3268,7855800
2011-10-13,83.9894,84.3414,83.3367,84.0847,5493900
2011-10-14,84.9354,85.3241,84.4514,85.3167,5256900
2011-10-17,84.9501,84.9794,83.3368,83.5274,8397900
2011-10-18,83.2634,85.3755,82.7428,84.7081,11694400
2011-10-19,84.6788,85.2508,84.0261,84.2974,15286300
2011-10-20,84.3854,84.8988,83.4834,84.5761,7944500
2011-10-21,85.5347,86.5850,85.5200,86.5630,13012000
2011-10-24,86.7980,87.5252,86.6805,87.3195,8407500
2011-10-25,86.8347,86.9376,85.6228,85.7844,9405200
2011-10-26,86.9523,87.1580,85.7036,86.9743,9938700
2011-10-27,88.9355,90.0373,88.4727,89.5672,12948500
2011-10-28,89.3027,89.7875,89.1411,89.6406,6666900
2011-10-31,88.6931,88.8179,87.6060,87.6574,13398600
2011-11-01,85.8651,86.4307,85.2261,85.4832,15120600
2011-11-02,86.5263,87.0551,86.0635,86.7686,7605000
2011-11-03,87.5766,88.4433,86.7907,88.2817,12007500
2011-11-04,87.7015,87.9071,86.8494,87.8484,7021900
2011-11-07,87.7896,88.5095,87.0772,88.4727,8694400
2011-11-08,88.8841,89.4276,88.0687,89.3101,7383200
2011-11-09,87.6501,87.8998,86.1149,86.4455,12096200
2011-11-10,87.3783,87.8116,86.5850,87.3269,9960400
2011-11-11,88.3185,89.3982,88.3038,89.2660,7260300
2011-11-14,89.1191,89.2954,88.2744,88.6637,7391200
2011-11-15,88.4213,89.3027,88.0908,88.7812,6467700
2011-11-16,88.0467,88.9795,87.3416,87.4811,7142200
2011-11-17,87.4517,87.7823,85.7844,86.5483,10984300
2011-11-18,86.8538,87.1042,86.3605,86.6845,8307400
2011-11-21,85.4917,85.6463,84.1442,84.7922,18829600
2011-11-22,84.6597,85.0647,84.0338,84.4830,8396900
2011-11-23,83.7540,83.8571,82.7085,82.7085,7988400
2011-11-25,82.6716,83.5405,82.5686,82.5686,3532100
2011-11-28,84.5124,85.0278,84.1663,84.7480,6666100
2011-11-29,84.9100,85.5432,84.7554,85.0867,5325400
2011-11-30,87.1852,88.6431,87.1852,88.4958,11581500
2011-12-01,88.3633,88.7609,88.1056,88.4516,5437700
2011-12-02,89.2542,89.3867,88.3559,88.4001,5584400
2011-12-05,89.6591,89.7180,88.5105,89.0553,6285400
2011-12-06,89.0627,89.8947,88.8566,89.3793,7062300
2011-12-07,89.1364,90.2482,88.7830,89.8801,9026700
2011-12-08,89.4603,89.6886,88.0908,88.3117,9595600
2011-12-09,88.7020,89.9095,88.6578,89.6665,8999200
2011-12-12,89.0259,89.0627,87.8994,88.5326,6291500
2011-12-13,89.0259,89.4530,87.6564,87.9951,7761800
2011-12-14,87.6785,87.9804,86.8170,87.1189,10062700
2011-12-15,88.0540,88.1718,87.3104,87.4797,5261400
2011-12-16,87.9568,88.1783,87.0632,87.3069,7758400
2011-12-19,87.6244,87.8681,86.4428,86.6718,7977500
2011-12-20,87.9642,89.2713,87.9346,89.1236,7867300
2011-12-21,89.2122,89.2639,88.3925,89.2196,6679800
2011-12-22,89.4633,89.7661,89.2935,89.7513,4202800
2011-12-23,89.8769,90.6006,89.7292,90.5637,2281300
2011-12-27,90.4529,90.8369,90.3938,90.5932,3878700
2011-12-28,90.5859,90.6302,89.4560,89.5446,3871400
2011-12-29,89.7439,90.6006,89.6996,90.4825,5133600
2011-12-30,90.3422,90.5637,89.9803,89.9877,4734000
2012-01-03,91.5312,91.9669,91.2875,91.3023,7175100
2012-01-04,91.1324,91.6124,90.9182,91.5534,7625200
2012-01-05,91.1767,91.6567,90.5342,91.5386,8678900
2012-01-06,91.6346,91.6346,90.9404,91.2284,7488600
2012-01-09,91.3465,91.5090,90.9403,91.3244,5881800
2012-01-10,92.2254,92.3140,91.7749,91.8561,5274400
2012-01-11,91.6050,91.9078,91.4278,91.7896,4890300
2012-01-12,91.9447,92.0703,91.3244,91.9669,5591300
2012-01-13,91.3613,91.6936,90.7779,91.6936,6392100
2012-01-17,92.3435,92.7349,91.9152,92.0334,5348800
2012-01-18,91.9669,92.8457,91.8783,92.7719,6473000
2012-01-19,93.0451,93.1854,92.6980,93.1780,8095300
2012-01-20,93.2054,93.8857,93.1389,93.8857,6995400
2012-01-23,93.8340,94.1815,93.4568,93.7748,5166800
2012-01-24,93.2498,93.5826,93.0797,93.4938,4798200
2012-01-25,93.2202,94.2999,92.7839,94.1002,9642500
2012-01-26,94.5439,94.7510,93.6565,93.9597,5902300
2012-01-27,93.5234,93.7379,93.1832,93.5086,6136400
2012-01-30,92.7248,93.4051,92.4364,93.3459,5910600
2012-01-31,93.8265,93.8561,92.7173,93.2276,5951700
2012-02-01,93.9671,94.3517,93.7453,93.8488,9891000
2012-02-02,93.9301,94.0336,93.5308,93.7970,4531500
2012-02-03,94.6844,95.0172,94.5291,94.9284,8654000
2012-02-06,94.5291,94.7953,94.4182,94.7436,3852400
2012-02-07,94.6178,95.2168,94.3221,95.0320,5739300
2012-02-08,95.1133,95.2464,94.6770,95.1799,4884400
2012-02-09,95.3648,95.4831,94.8767,95.2169,5416600
2012-02-10,94.4773,94.5957,94.1372,94.5439,6380600
2012-02-13,95.1576,95.2242,94.7140,95.0911,4654100
2012-02-14,94.9358,95.1650,94.4921,95.1429,5608500
2012-02-15,95.3943,95.4239,94.3368,94.5513,9589200
2012-02-16,94.6400,95.5274,94.6178,95.4461,8699000
2012-02-17,95.8701,95.9295,95.5365,95.8108,5765200
2012-02-21,96.1000,96.1964,95.6107,95.8998,6589200
2012-02-22,95.8108,96.0110,95.5291,95.7441,6092200
2012-02-23,95.6329,96.1519,95.3067,96.0704,12890500
2012-02-24,96.2112,96.3076,95.8257,96.1000,3769100
2012-02-27,95.5884,96.4114,95.3216,96.1297,5778600
2012-02-28,96.1148,96.4114,95.8924,96.2779,4953700
2012-02-29,96.3965,96.6560,95.7070,95.8553,7724200
2012-03-01,96.0852,96.5004,95.8109,96.0630,6684300
2012-03-02,96.0407,96.2260,95.6996,96.0481,3818700
2012-03-05,95.9517,96.0777,95.3734,95.9517,5286400
2012-03-06,94.8470,95.9814,94.2910,94.4911,14410100
2012-03-07,94.6320,95.2325,94.4986,95.0694,5736200
2012-03-08,95.5069,95.8405,95.3067,95.5810,4417000
2012-03-09,95.8034,96.0777,95.5958,95.7515,6248400
2012-03-12,95.7663,96.1370,95.7144,95.9813,5197000
2012-03-13,96.4188,97.6940,96.2705,97.6272,8699500
2012-03-14,97.7088,97.9906,97.5828,97.7756,5124600
2012-03-15,97.8719,98.2278,97.6199,98.1685,5716900
2012-03-16,98.4470,98.5065,98.0682,98.0905,5047200
2012-03-19,97.9865,98.3505,97.8899,98.1053,4424000
2012-03-20,97.5779,97.8305,97.2511,97.5928,5403700
2012-03-21,97.7042,97.7636,97.1694,97.3031,5031900
2012-03-22,96.7460,96.9762,96.4637,96.6940,6987900
2012-03-23,96.7311,97.0951,96.3523,97.0134,4373300
2012-03-26,97.6002,98.1573,97.5631,98.1202,4991500
2012-03-27,98.2168,98.3133,97.7934,97.8082,5777300
2012-03-28,97.8528,97.9494,96.8723,97.2957,5293700
2012-03-29,96.7682,97.4888,96.5974,97.4071,4487400
2012-03-30,97.8379,98.0311,97.4442,97.9048,4218500
2012-04-02,97.7265,98.5585,97.4814,98.2762,8683800
2012-04-03,98.1648,98.3505,97.3477,97.8082,6098700
2012-04-04,97.0580,97.1397,96.5305,96.9465,10402500
2012-04-05,96.6420,97.0951,96.5157,96.8574,4179800
2012-04-09,95.7952,96.2632,95.7060,95.9140,5360200
2012-04-10,95.7283,95.8768,94.2797,94.3466,12912700
2012-04-11,95.2083,95.2974,94.8889,94.9706,5603300
2012-04-12,95.1712,96.4117,95.1118,96.3597,7164600
2012-04-13,96.0626,96.0923,95.2826,95.3792,8826800
2012-04-16,95.9957,96.3448,95.5871,95.8768,7503100
2012-04-17,96.4414,97.4071,96.4266,97.2660,6290900
2012-04-18,96.7682,97.1619,96.6271,96.6791,5057100
2012-04-19,96.7385,97.0654,95.6911,96.2260,8957000
2012-04-20,96.6492,97.0731,96.6045,96.6640,5686800
2012-04-23,95.7419,95.9947,95.3105,95.9501,5180000
2012-04-24,96.1360,96.8500,96.1286,96.4707,4418700
2012-04-25,97.0508,97.2962,96.7607,97.1549,7342000
2012-04-26,97.0953,98.1885,97.0433,98.0547,4577100
2012-04-27,98.2332,98.4712,97.9134,98.1663,3969500
2012-04-30,98.0250,98.1812,97.7870,98.0175,3670500
2012-05-01,98.0547,99.0141,97.7201,98.5604,5453200
2012-05-02,98.1960,98.5455,97.9059,98.4637,3746000
2012-05-03,98.4712,98.5976,97.7945,98.0250,5043100
2012-05-04,97.5192,97.6606,96.6566,96.7458,5934300
2012-05-07,96.3071,96.8648,96.2699,96.5599,4040500
2012-05-08,96.0617,96.1806,95.1246,95.9947,7641700
2012-05-09,95.1916,96.0245,94.7305,95.4444,11921700
2012-05-10,95.7939,96.1434,95.3477,95.5188,5325000
2012-05-11,95.0428,96.0542,94.9907,95.3254,3673800
2012-05-14,94.5817,94.9609,94.1503,94.4106,6069000
2012-05-15,94.3140,94.8866,93.7562,93.9347,6713000
2012-05-16,94.2842,94.7230,93.8008,93.8380,6043200
2012-05-17,93.8603,93.8901,92.6258,92.6407,8985300
2012-05-18,92.9287,93.0183,91.8542,92.0183,10861600
2012-05-21,92.3019,93.1377,92.1153,93.1377,5384900
2012-05-22,93.2048,93.6376,92.6750,93.1526,9856100
2012-05-23,92.4959,93.1302,91.6527,93.0630,8600000
2012-05-24,93.2198,93.3989,92.5034,93.3690,7043000
2012-05-25,93.2273,93.3541,92.5109,92.7273,6725100
2012-05-29,93.4511,93.9660,93.2048,93.7272,6828700
2012-05-30,92.9287,92.9884,92.3392,92.5257,6874300
2012-05-31,92.5481,93.0854,91.7944,92.3093,7793500
2012-06-01,91.1378,91.3542,90.2274,90.3020,11815100
2012-06-04,90.3617,90.5034,89.6900,90.1303,6369000
2012-06-05,90.0259,90.5333,89.9363,90.3617,6619900
2012-06-06,91.0333,92.5258,91.0035,92.4810,6138400
2012-06-07,93.4063,93.6004,92.7273,92.9213,8806300
2012-06-08,92.6228,93.6003,92.4288,93.6003,4432700
2012-06-11,94.3093,94.3914,92.4213,92.5183,7232100
2012-06-12,92.8317,93.7720,92.5631,93.7198,4923700
2012-06-13,93.5332,93.9809,92.8914,93.1974,4687100
2012-06-14,93.3690,94.7272,93.2422,94.3018,8162700
2012-06-15,94.7652,95.2960,94.6681,95.1913,6268400
2012-06-18,94.7877,95.3409,94.6756,95.0344,4568500
2012-06-19,95.4829,96.2155,95.3184,95.7296,3869500
2012-06-20,95.7744,96.0510,95.0194,95.6548,9212800
2012-06-21,95.7969,95.9389,93.6963,93.7711,7702600
2012-06-22,94.2869,94.5485,94.0252,94.3616,5295800
2012-06-25,93.4870,93.5095,92.9339,93.2628,5922300
2012-06-26,93.4645,93.8234,92.8815,93.5019,7551600
2012-06-27,93.7411,94.3616,93.6813,94.1971,3717100
2012-06-28,93.4571,94.0850,92.8815,94.0402,6460100
2012-06-29,95.4979,96.1109,95.2662,96.0212,5844400
2012-07-02,96.1482,96.2604,95.4530,95.9539,3837000
2012-07-03,95.9614,96.6043,95.8642,96.5445,2717700
2012-07-05,96.1482,96.7388,95.9090,96.2678,6637500
2012-07-06,95.5277,95.5427,94.8400,95.3633,4341400
2012-07-09,95.2512,95.3110,94.7204,95.1166,4503800
2012-07-10,95.6549,95.7894,94.1224,94.4513,6730900
2012-07-11,94.5111,94.5560,93.5842,94.1224,6839500
2012-07-12,93.5991,94.3093,93.2702,93.8682,4412400
2012-07-13,94.1299,95.4680,94.0850,95.4007,3942000
2012-07-16,95.1241,95.3185,94.7504,95.0270,1991700
2012-07-17,95.3334,95.7969,94.4065,95.5502,3326900
2012-07-18,95.3035,96.5444,95.2587,96.4024,3099300
2012-07-19,96.6341,96.9630,96.2902,96.6715,3845000
2012-07-20,96.1024,96.3346,95.6981,95.8703,7435600
2012-07-23,94.3579,95.2264,93.9910,95.0243,4647900
2012-07-24,95.0392,95.0991,93.5492,94.2380,7077400
2012-07-25,94.7921,95.1215,94.3428,94.7247,3872300
2012-07-26,95.9677,96.6116,95.7880,96.2747,8074000
2012-07-27,96.6042,98.0043,96.5742,97.7423,7463900
2012-07-30,97.5700,98.0791,97.4277,97.6374,4235800
2012-07-31,97.5251,97.7347,97.1058,97.1058,4783400
2012-08-01,97.6898,97.7123,96.7239,96.9261,5770000
2012-08-02,96.3346,96.8063,95.4735,96.2447,10915200
2012-08-03,97.3828,98.1391,97.2481,97.8845,7768300
2012-08-06,98.0417,98.5434,97.9968,98.0117,4572700
2012-08-07,98.3262,98.7530,98.3038,98.3712,3584500
2012-08-08,98.0417,98.7156,98.0043,98.4984,3003900
2012-08-09,98.4610,98.7381,98.1690,98.5134,3355100
2012-08-10,98.1989,98.7979,97.9294,98.7830,4410400
2012-08-13,98.6407,98.7605,98.1016,98.5509,3986700
2012-08-14,98.8729,98.9553,98.3263,98.5809,3421500
2012-08-15,98.4685,98.8279,98.4161,98.6257,2834800
2012-08-16,98.6632,99.3970,98.4610,99.2622,5340400
2012-08-17,99.3140,99.4867,99.2390,99.4116,2484300
2012-08-20,99.2390,99.4492,99.0888,99.3816,2266700
2012-08-21,99.5242,99.8620,98.7735,98.9236,4094500
2012-08-22,98.7735,98.9461,98.3005,98.6984,4496200
2012-08-23,98.5407,98.5633,97.7450,97.8801,4159600
2012-08-24,97.7524,98.7659,97.6398,98.6308,4202400
2012-08-27,98.6608,98.7735,98.3080,98.3906,1806500
2012-08-28,98.1578,98.5707,98.0452,98.2404,3028000
2012-08-29,98.2480,98.5558,98.0678,98.2855,2400400
2012-08-30,97.8801,97.8876,97.3321,97.5348,4120700
2012-08-31,98.0752,98.6458,97.6248,98.2554,5447700
2012-09-04,98.1504,98.1954,97.3170,97.7675,4106900
2012-09-05,97.8726,98.2179,97.6248,97.8726,2828800
2012-09-06,98.4656,99.7194,98.4656,99.7119,5559400
2012-09-07,99.7644,99.9146,99.5242,99.8020,4827700
2012-09-10,99.6743,99.9671,99.4116,99.4566,2296800
2012-09-11,99.5467,100.1849,99.5392,99.9146,2824400
2012-09-12,100.1923,100.3350,99.9071,100.1248,1953900
2012-09-13,100.0497,101.8815,100.0047,101.6413,6975700
2012-09-14,101.8139,102.4596,101.6563,101.9941,5186100
2012-09-17,101.7763,102.0091,101.5286,101.7463,2606500
2012-09-18,101.4610,101.9415,101.4610,101.8064,3375400
2012-09-19,101.9865,102.2793,101.7613,101.8965,3080800
2012-09-20,101.4987,102.0842,101.3485,102.0617,6949700
2012-09-21,102.4687,102.4912,101.8593,101.9120,5318100
2012-09-24,101.4982,102.1075,101.4681,101.7991,2706900
2012-09-25,101.9571,102.2355,101.0168,101.0619,6292300
2012-09-26,101.0845,101.1898,100.6105,100.7309,5447700
2012-09-27,101.1371,101.5132,100.6932,101.2575,4975500
2012-09-28,100.7459,101.1672,100.3246,100.8437,4565400
2012-10-01,101.2725,102.0775,101.2048,101.3929,4854000
2012-10-02,101.6411,101.8442,100.7609,101.1672,6269100
2012-10-03,101.3703,101.6411,100.8813,101.3176,3319800
2012-10-04,101.6712,102.0925,101.5283,101.9496,3911800
2012-10-05,102.3783,102.6416,101.9194,102.2805,4560300
2012-10-08,101.8593,102.2054,101.7992,102.0474,2405000
2012-10-09,101.8743,102.1150,101.2198,101.2499,6034700
2012-10-10,101.1070,101.1447,100.1065,100.2645,10138700
2012-10-11,100.7384,100.8813,100.1140,100.1516,3669100
2012-10-12,100.2494,100.6782,99.8657,100.1516,3271200
2012-10-15,100.3096,100.9491,100.0990,100.8212,2641800
2012-10-16,101.2951,101.8292,101.2349,101.7841,5454400
2012-10-17,101.5207,101.9044,101.4455,101.8818,3815400
2012-10-18,101.7540,102.1376,101.5584,101.8292,6305000
2012-10-19,101.5482,101.5482,100.0491,100.2751,10437500
2012-10-22,100.1395,100.4860,99.4690,100.2676,5591900
2012-10-23,99.1375,99.1601,98.3315,98.4897,8962100
2012-10-24,98.6856,98.8739,98.1884,98.3089,6097300
2012-10-25,98.8287,98.9493,98.0001,98.5199,6313100
2012-10-26,98.4445,98.8588,98.0000,98.5274,4182600
2012-10-31,98.9492,99.1300,98.1055,98.3842,3939600
2012-11-01,98.7006,99.7704,98.6630,99.4238,3807400
2012-11-02,99.8608,99.8984,98.2863,98.4370,5141300
2012-11-05,98.2788,98.7835,98.0151,98.5876,2710700
2012-11-06,98.8965,99.9135,98.8362,99.4765,4408300
2012-11-07,98.7232,98.7232,96.9152,97.3672,18648300
2012-11-08,97.3145,97.6912,96.4181,96.4181,8427500
2012-11-09,95.9435,97.0207,95.8832,96.3653,6571600
2012-11-12,96.5687,96.8324,96.1996,96.4557,3758200
2012-11-13,95.9812,97.1187,95.9209,96.0715,5407200
2012-11-14,96.2900,96.4558,94.5122,94.7382,9479400
2012-11-15,94.5950,94.9566,94.1731,94.5498,7658000
2012-11-16,94.5974,94.9902,93.9706,94.8618,9350400
2012-11-19,95.6397,96.4327,95.5490,96.3949,9551500
2012-11-20,96.1532,96.5762,95.7303,96.4553,7021800
2012-11-21,96.4100,96.8405,96.3269,96.7877,4589400
2012-11-23,97.1805,98.1170,97.1729,98.1019,3345800
2012-11-26,97.5203,97.8224,97.2710,97.8224,4621000
2012-11-27,97.5656,97.9206,97.0596,97.1880,4910000
2012-11-28,96.8027,97.9961,96.2741,97.9130,7397000
2012-11-29,98.3586,98.5928,97.8148,98.2906,6112800
2012-11-30,98.3737,98.5323,98.0187,98.2604,4979600
2012-12-03,98.7061,98.7891,97.7997,97.8450,5820800
2012-12-04,97.8903,98.2906,97.6562,97.7242,5760400
2012-12-05,97.9659,98.8043,97.5505,98.3662,8697300
2012-12-06,98.4417,98.7891,98.2528,98.7438,4129400
2012-12-07,99.1668,99.4009,98.8043,99.3632,3993200
2012-12-10,99.3858,99.7030,99.3707,99.4991,3480900
2012-12-11,99.8541,100.5413,99.8314,100.0731,4012700
2012-12-12,100.4357,100.7075,99.9447,100.0807,9551800
2012-12-13,100.0958,100.2393,99.3556,99.5595,3844500
2012-12-14,99.4688,99.6954,99.1365,99.2876,3114300
2012-12-17,99.4311,100.0882,99.4160,100.0277,4534100
2012-12-18,100.2090,101.0020,99.9824,100.8661,6459500
2012-12-19,100.9568,100.9794,100.1486,100.1637,5511500
2012-12-20,100.1260,100.6622,99.8994,100.5942,5530500
2012-12-21,99.2934,100.0207,99.1192,99.8465,11495800
2012-12-24,99.4677,99.5661,99.2252,99.2252,1997400
2012-12-26,99.4677,99.6116,98.8464,99.1040,3982900
2012-12-27,99.2025,99.3540,97.9903,98.9449,8308600
2012-12-28,98.3539,98.8312,97.7099,97.7857,8570000
2012-12-31,97.4751,99.1721,97.3842,98.9297,12067800
2013-01-02,100.7556,101.4147,100.6799,101.3466,9636300
2013-01-03,101.2481,101.5587,100.9981,101.2405,8665200
2013-01-04,101.2936,101.6724,101.1345,101.5663,4759300
2013-01-07,101.2860,101.3163,100.8844,101.1496,6119700
2013-01-08,101.0056,101.1420,100.5662,100.8086,4269800
2013-01-09,101.0662,101.5056,101.0662,101.3010,3898000
2013-01-10,101.6724,101.9603,101.2405,101.9300,6004300
2013-01-11,101.8693,102.1269,101.6799,102.0663,4508000
2013-01-14,102.0208,102.2784,101.8239,102.1951,4298000
2013-01-15,101.7405,102.4754,101.7026,102.3390,2966100
2013-01-16,101.9905,102.3163,101.9299,102.1951,3197800
2013-01-17,102.5587,103.1800,102.4526,102.9072,6227500
2013-01-18,103.0021,103.2675,102.7063,103.2144,4922500
2013-01-22,103.2447,103.7301,103.0854,103.7073,4544900
2013-01-23,104.0487,104.3824,104.0108,104.2535,6397800
2013-01-24,104.3520,105.0346,104.3369,104.6781,6288000
2013-01-25,104.9589,105.1409,104.6934,105.1333,4461000
2013-01-28,105.3077,105.3304,104.8906,105.1560,3167700
2013-01-29,104.9967,105.7097,104.9967,105.5959,3946700
2013-01-30,105.5959,105.7021,105.1712,105.2395,5496100
2013-01-31,105.2394,106.3467,104.9057,104.9740,3935300
2013-02-01,105.6414,106.0964,105.4518,105.9827,5234900
2013-02-04,105.2773,105.4062,104.9360,105.0953,6536200
2013-02-05,105.6034,106.0661,105.5807,105.7172,5819800
2013-02-06,105.3304,105.9523,105.3304,105.8613,3113900
2013-02-07,105.8688,105.9068,104.9057,105.6413,6637600
2013-02-08,105.7021,106.2026,105.7021,105.9751,3573800
2013-02-11,105.8916,105.9371,105.5806,105.8158,2542800
2013-02-12,105.8689,106.3392,105.8083,106.2178,3498600
2013-02-13,106.3543,106.4529,105.8006,106.0812,3387800
2013-02-14,105.7097,106.1496,105.6186,106.0737,3048800
2013-02-15,106.0790,106.2311,105.5012,106.0334,6111300
2013-02-19,106.1170,106.5733,106.0866,106.4288,3944000
2013-02-20,106.4515,106.6644,105.5999,105.5999,5974200
2013-02-21,105.4251,105.5999,104.9764,105.3186,7517900
2013-02-22,105.8737,106.3223,105.5847,106.3071,4158500
2013-02-25,106.7025,106.9002,104.6267,104.6723,10031600
2013-02-26,105.1969,105.6608,104.9156,105.5239,9236100
2013-02-27,105.4935,107.1131,105.4175,106.9078,7404500
2013-02-28,106.7938,107.4477,106.5884,106.6645,11383200
2013-03-01,106.3680,107.1359,105.8205,107.0143,6506400
2013-03-04,106.7253,107.2880,106.5276,107.2652,3619700
2013-03-05,107.7366,108.4894,107.7366,108.2309,7962300
2013-03-06,108.6643,108.7859,108.3449,108.6110,4481000
2013-03-07,108.7175,109.0292,108.6567,108.8392,3689100
2013-03-08,109.4551,109.5083,108.8924,109.3106,5680700
2013-03-11,109.2877,109.7668,109.1965,109.7668,4373000
2013-03-12,109.7136,110.0253,109.5159,109.7972,5166400
2013-03-13,109.8276,110.0329,109.5615,109.8428,4319500
2013-03-14,110.1090,110.5196,110.0709,110.5043,5361200
2013-03-15,110.3459,110.3992,110.0183,110.3459,10835400
2013-03-18,109.6068,110.3916,109.4925,109.8506,5511200
2013-03-19,110.1096,110.3535,109.3248,109.9496,9298500
2013-03-20,110.3763,110.5973,110.1706,110.3382,5924700
2013-03-21,109.8125,110.1706,109.3324,109.6372,6075700
2013-03-22,109.9573,110.4373,109.9344,110.4068,5027800
2013-03-25,110.5516,110.7268,109.4163,109.8811,9603200
2013-03-26,110.2316,110.7040,110.2011,110.6964,4877900
2013-03-27,109.9877,110.5515,109.7667,110.4525,4128900
2013-03-28,110.4907,110.8869,110.3611,110.7269,4346000
2013-04-01,110.7116,111.0393,110.4602,110.7726,8621600
2013-04-02,111.1459,111.6259,111.0773,111.4506,5672300
2013-04-03,111.4278,111.6031,110.4449,110.5897,7661100
2013-04-04,110.7573,111.2297,110.5516,111.0697,7520100
2013-04-05,109.8583,110.8717,109.7592,110.7193,7307400
2013-04-08,110.7269,111.2069,110.3002,111.2069,3865000
2013-04-09,111.3059,111.9764,111.0544,111.6335,5492300
2013-04-10,111.9917,112.8146,111.9764,112.6012,7947100
2013-04-11,112.6317,113.2718,112.4870,113.0736,6975600
2013-04-12,112.7612,113.1194,112.5250,113.0889,8710800
2013-04-15,112.6926,112.7155,111.0316,111.1001,14177400
2013-04-16,111.9917,112.3041,111.5269,112.2812,6974100
2013-04-17,111.6641,111.7022,110.7650,111.2069,10757100
2013-04-18,111.3211,111.3364,110.3077,110.6201,8277100
2013-04-19,110.3693,110.7506,110.1023,110.6972,6028600
2013-04-22,110.8803,111.0252,110.0108,110.8345,11711700
2013-04-23,111.4523,112.0396,110.7049,111.9633,10435300
2013-04-24,112.1311,112.2760,111.6506,111.6963,4963800
2013-04-25,111.8413,112.4362,111.6277,111.9328,4160500
2013-04-26,111.7726,112.2302,111.7498,112.0243,3242600
2013-04-29,112.2683,112.9928,112.0471,112.7717,6132000
2013-04-30,112.7793,112.9624,112.1539,112.8937,8065800
2013-05-01,112.5429,112.7336,111.7955,111.9175,5372800
2013-05-02,112.2073,112.9166,112.0471,112.8480,4340700
2013-05-03,113.8395,114.2666,113.7937,113.9157,5929900
2013-05-06,113.9157,114.0988,113.7480,113.9691,3110600
2013-05-07,114.2285,114.6174,113.9768,114.6022,5361800
2013-05-08,114.5031,115.1361,114.4802,115.1209,4087100
2013-05-09,115.0903,115.4488,114.7014,115.0446,3948500
2013-05-10,115.0979,115.2428,114.6250,115.1970,4138200
2013-05-13,114.9760,115.1743,114.7700,115.0599,3841500
2013-05-14,115.0751,116.0589,115.0598,116.0284,5551900
2013-05-15,115.8376,116.7757,115.8224,116.5240,5770700
2013-05-16,116.4173,116.7757,116.1122,116.2723,8194700
2013-05-17,116.5777,117.2049,116.4171,117.1284,5503200
2013-05-20,117.0518,117.4496,116.8836,117.0518,4464700
2013-05-21,117.2354,117.8014,116.9371,117.4113,5734900
2013-05-22,117.5643,118.6580,116.5241,116.8988,12806500
2013-05-23,116.0041,117.2049,115.9123,116.8454,10474400
2013-05-24,116.3789,116.8837,116.0500,116.8454,4535300
2013-05-28,117.9467,118.5357,117.3884,117.6943,9374100
2013-05-29,117.0365,117.2124,116.2717,116.8988,7906200
2013-05-30,116.9142,117.6331,116.7153,117.0977,8231800
2013-05-31,116.7229,117.5796,115.4151,115.5680,7424700
2013-06-03,115.9046,116.5318,115.5681,116.4936,10861300
2013-06-04,116.4553,116.9525,115.3539,115.9811,7956400
2013-06-05,115.6598,115.8204,114.1836,114.1989,9426900
2013-06-06,114.2525,114.9332,113.4341,114.9179,15155100
2013-06-07,115.6139,116.5929,115.2621,116.5011,8087900
2013-06-10,116.8607,116.9295,116.2412,116.4171,4917900
2013-06-11,115.5527,116.5776,115.2621,115.6445,7012500
2013-06-12,116.3941,116.5241,114.4973,114.6197,6901000
2013-06-13,114.5279,116.2488,114.3290,116.0729,6208200
2013-06-14,115.9504,116.2640,115.0249,115.2315,4639300
2013-06-17,115.9734,116.7000,115.5298,116.0882,6693100
2013-06-18,116.2258,117.2966,116.1952,117.0977,4807900
2013-06-19,116.9754,117.1895,115.5298,115.5604,9143700
2013-06-20,114.6044,114.6350,112.6541,112.8759,14309900
2013-06-21,113.4537,113.6453,112.3041,113.2238,10968600
2013-06-24,112.1508,112.9938,111.2617,112.1124,14129300
2013-06-25,112.9786,113.2775,112.3731,112.8943,7592300
2013-06-26,113.6606,114.2508,113.4077,114.0362,6326000
2013-06-27,114.7259,115.2854,114.6186,114.8869,6584600
2013-06-28,114.4423,114.9864,113.7908,113.8521,6719200
2013-07-01,114.5957,115.3468,114.3657,114.5190,4895800
2013-07-02,114.3120,115.1245,113.7372,114.1434,4873800
2013-07-03,113.7526,114.9482,113.6223,114.6109,2589400
2013-07-05,115.5154,115.7990,114.5114,115.7453,5528500
2013-07-08,116.3277,116.8259,116.2511,116.5117,4915600
2013-07-09,117.0406,117.2552,116.6651,117.1019,5200200
2013-07-10,117.0865,117.4851,116.7723,117.0406,6126900
2013-07-11,118.2975,118.5044,117.8070,118.3205,5848400
2013-07-12,118.3511,118.6116,117.9448,118.1594,6349800
2013-07-15,118.4584,118.6960,118.2821,118.5197,2751600
2013-07-16,118.4891,118.5964,117.9756,118.2591,3594600
2013-07-17,118.5197,118.6807,118.1672,118.3664,6504400
2013-07-18,118.7803,119.3628,118.4584,119.0563,6823000
2013-07-19,118.8614,119.0609,118.6234,119.0455,4828400
2013-07-22,119.0455,119.2757,118.8076,119.0378,3165700
2013-07-23,119.3908,119.4675,119.0148,119.2296,3394100
2013-07-24,119.4215,119.4906,118.6541,119.0301,3894500
2013-07-25,118.6004,119.1453,118.3395,119.0455,5483500
2013-07-26,118.5543,119.1452,117.9327,119.0762,3859300
2013-07-29,118.8460,119.0609,118.5313,118.8997,2592500
2013-07-30,119.2603,119.3985,118.5082,118.8843,4211000
2013-07-31,119.0455,119.7439,118.6157,118.8306,11784600
2013-08-01,119.6364,119.8436,119.4676,119.6364,4872400
2013-08-02,119.3142,119.9051,119.1300,119.8744,3620800
2013-08-05,119.6518,119.7285,119.3371,119.5597,3077100
2013-08-06,119.2373,119.2450,118.5006,118.8383,3582300
2013-08-07,118.4315,118.7615,118.1936,118.6003,4341600
2013-08-08,119.2067,119.2988,118.1783,118.7155,5071200
2013-08-09,118.5620,118.9151,117.6718,118.2704,4550300
2013-08-12,117.7639,118.4162,117.6872,118.2090,3697300
2013-08-13,118.5083,118.9304,117.6794,118.5236,4752500
2013-08-14,118.3932,118.5160,117.5029,117.6641,6372100
2013-08-15,116.7278,116.7278,115.8606,115.9757,10021900
2013-08-16,115.8549,116.2242,115.5549,115.7934,7035200
2013-08-19,115.6395,115.9626,115.1471,115.2086,4174100
2013-08-20,115.3395,115.7242,115.0702,115.2164,3845900
2013-08-21,114.9779,115.3472,114.2546,114.3624,9497100
2013-08-22,114.5316,115.1086,114.4623,114.9471,4227000
2013-08-23,115.0933,115.4164,114.6855,115.2779,9601600
2013-08-26,115.2779,115.6164,114.7855,114.8009,5770200
2013-08-27,114.0161,114.4392,113.4159,113.4852,11440200
2013-08-28,113.4236,114.2084,113.3851,113.9006,4842500
2013-08-29,113.8853,114.6239,113.7315,114.0623,4695500
2013-08-30,114.1931,114.1931,113.4314,113.7546,6326800
2013-09-03,114.5469,114.7931,113.5698,113.9545,5430300
2013-09-04,113.8853,114.9548,113.7314,114.7778,4577700
2013-09-05,114.7778,115.1856,114.6547,114.7316,6021300
2013-09-06,115.1779,115.3856,113.6929,114.7085,9001900
2013-09-09,115.0239,116.0088,115.0085,115.7702,4402500
2013-09-10,116.5397,116.8089,116.2550,116.7859,7917100
2013-09-11,116.8090,117.8553,116.7705,117.8323,7044000
2013-09-12,117.9708,118.0324,117.5476,117.7400,5555700
2013-09-13,117.9784,118.3323,117.8784,118.2477,4829600
2013-09-16,119.5096,119.6327,118.9941,119.2095,6569000
2013-09-17,119.2711,119.6481,119.2403,119.4788,4517600
2013-09-18,119.3787,120.8405,118.9863,120.5559,9637300
2013-09-19,120.6944,120.7329,120.1943,120.2713,7626600
2013-09-20,120.3822,120.4053,118.9484,118.9484,9381000
2013-09-23,118.8019,118.9638,118.1929,118.4936,8662000
2013-09-24,118.5167,118.7325,117.9077,117.9925,5774900
2013-09-25,118.1467,118.2469,117.3218,117.4991,7187200
2013-09-26,117.7150,118.3625,117.5377,117.9077,5026300
2013-09-27,117.4066,117.5146,116.9903,117.3372,6634800
2013-09-30,116.2426,116.8207,115.9805,116.4044,9426100
2013-10-01,116.4044,116.9980,116.2271,116.8824,8616300
2013-10-02,116.3274,116.4816,115.7492,116.3890,8895300
2013-10-03,116.1424,116.2195,114.9938,115.3792,10949200
2013-10-04,115.3868,116.0652,115.1941,115.9650,6867800
2013-10-07,114.9552,115.5179,114.7933,114.8627,6081100
2013-10-08,114.8627,114.9706,113.7064,113.7295,10388000
2013-10-09,113.8528,114.3385,113.2901,113.9222,11075200
2013-10-10,114.9706,116.4122,114.9321,116.3737,12792200
2013-10-11,116.3428,117.3450,116.2195,117.3064,8186000
2013-10-14,116.5509,117.8537,116.4661,117.7921,6470100
2013-10-15,117.6379,117.7921,116.6666,116.6666,8144700
2013-10-16,117.4606,118.3779,117.3604,118.3471,8714800
2013-10-17,117.2601,118.4010,117.2139,118.3162,9916600
2013-10-18,118.5864,118.6945,117.9922,118.5401,7714400
2013-10-21,118.6095,118.6636,118.2854,118.4861,3588300
2013-10-22,118.8720,119.5125,118.7099,119.0417,7501700
2013-10-23,118.7021,118.8719,118.3239,118.7098,5428400
2013-10-24,118.9955,119.5820,118.9260,119.4663,5182600
2013-10-25,119.5511,119.9678,119.4584,119.9678,4565000
2013-10-28,119.7749,120.1221,119.6128,119.9061,4968800
2013-10-29,120.1685,120.7781,120.0990,120.7781,5779100
2013-10-30,120.9556,121.0636,119.9060,120.2919,6100200
2013-10-31,120.0913,120.5312,119.6977,119.8443,8157400
2013-11-01,120.0680,120.5079,119.6822,120.2841,5909900
2013-11-04,120.5929,120.6701,120.0296,120.4386,4042500
2013-11-05,119.8365,120.5311,119.5201,120.3073,5442800
2013-11-06,120.7703,121.3877,120.6777,121.3337,7548400
2013-11-07,121.7196,121.7814,120.1453,120.2765,10211000
2013-11-08,120.1298,121.5421,120.0680,121.5421,7594900
2013-11-11,121.4187,121.7274,121.2797,121.6348,3795200
2013-11-12,121.4881,121.7197,121.0637,121.4495,4094800
2013-11-13,120.7936,122.0284,120.7782,121.9821,5062900
2013-11-14,122.0129,122.5608,121.8971,122.4991,6931000
2013-11-15,122.6058,123.1703,122.5362,123.1703,6529100
2013-11-18,123.4873,123.6729,122.9925,123.2786,5236000
2013-11-19,123.3868,123.6574,123.0079,123.1935,5017300
2013-11-20,123.3635,123.6187,122.4357,122.7604,8401100
2013-11-21,123.1626,123.6188,123.0698,123.6033,4579900
2013-11-22,123.5800,124.0439,123.3093,124.0207,4466400
2013-11-25,124.3378,124.3687,123.9434,124.1831,5114400
2013-11-26,124.1290,124.4615,124.0672,124.0981,5231300
2013-11-27,124.3223,124.4383,124.0285,124.3687,6272800
2013-11-29,124.5697,124.9331,124.1599,124.2682,2887900
2013-12-02,124.2991,124.3610,123.4873,123.6497,5655700
2013-12-03,123.1161,123.4177,122.5208,122.9306,8660700
2013-12-04,122.5207,123.3403,122.0336,122.7527,7138200
2013-12-05,122.5131,122.8533,122.1729,122.2579,5823000
2013-12-06,123.3480,123.8506,123.0387,123.8351,6345300
2013-12-09,123.9357,124.1213,123.7966,123.8894,3967700
2013-12-10,123.5337,123.8584,123.4331,123.4950,4047600
2013-12-11,123.5878,123.6341,122.3429,122.4048,7906700
2013-12-12,122.3275,122.4975,121.4460,121.7553,7078700
2013-12-13,121.8095,122.1419,121.4693,121.8945,8886500
2013-12-16,122.4512,123.2244,122.3584,122.8610,7076500
2013-12-17,123.1471,123.1625,122.4667,122.7682,6001100
2013-12-18,123.0620,125.0955,122.2502,125.0723,15330700
2013-12-19,124.8558,125.2656,124.7012,125.1651,8018300
2013-12-20,125.2697,125.9750,125.2619,125.5719,7978200
2013-12-23,126.0060,126.2230,125.8200,126.0448,4992800
2013-12-24,126.1224,126.5409,126.0216,126.4634,2462000
2013-12-26,126.8044,127.4942,126.7889,127.4709,4971600
2013-12-27,127.7036,127.8276,127.2850,127.4788,6176900
2013-12-30,127.5407,127.6415,127.4245,127.5717,4043600
2013-12-31,127.8430,128.2848,127.7422,128.2538,5667800
2014-01-02,127.7268,127.8973,126.9905,127.1997,9291100
2014-01-03,127.4245,127.7888,127.1454,127.4167,6127600
2014-01-06,127.8818,127.9361,126.8897,127.0292,7446800
2014-01-07,127.6260,128.1143,127.5175,127.8663,5387200
2014-01-08,127.6570,127.7578,127.0447,127.3857,9461800
2014-01-09,127.8509,127.8819,126.7425,127.2618,8212900
2014-01-10,127.5486,127.6493,126.7425,127.2540,7497200
2014-01-13,127.0369,127.3315,125.6728,125.7503,10676100
2014-01-14,126.1379,126.7037,125.8511,126.6882,7335400
2014-01-15,126.8510,127.7346,126.7967,127.5563,7780800
2014-01-16,127.2850,127.3702,126.7424,127.0990,5170900
2014-01-17,127.0547,127.6753,126.9151,127.2797,8013200
2014-01-21,128.0166,128.0322,126.2790,127.0082,9675200
2014-01-22,127.0315,127.0625,126.4342,126.8065,5418100
2014-01-23,125.9997,125.9997,124.9448,125.4412,9456000
2014-01-24,124.6655,124.8052,122.9357,122.9357,14663200
2014-01-27,123.1140,123.4243,122.1831,122.5788,14215300
2014-01-28,122.9280,123.4710,122.7806,123.2925,8308000
2014-01-29,122.2996,122.7573,121.5937,121.8652,14271200
2014-01-30,122.7961,123.1607,122.0747,122.6952,7864700
2014-01-31,121.1903,122.3306,120.8955,121.5937,10693100
2014-02-03,121.4541,121.6015,118.8787,119.0959,18172800
2014-02-04,119.4217,119.8716,118.8865,119.5226,11853400
2014-02-05,119.2433,119.8561,118.7778,119.6001,11603200
2014-02-06,120.0035,121.1283,120.0035,121.1205,10426200
2014-02-07,121.4463,122.4082,121.0507,122.3927,11528500
2014-02-10,122.3772,122.4238,121.8885,122.3694,4790700
2014-02-11,122.6099,124.1846,122.5168,123.9286,7620400
2014-02-12,124.1148,124.4638,123.6028,123.8898,5249600
2014-02-13,123.0753,124.4794,123.0365,124.3397,5085000
2014-02-14,124.1768,125.5343,124.0371,125.3481,5824400
2014-02-18,125.4335,125.4800,124.9913,125.2085,4966400
2014-02-19,124.9061,125.9300,124.4096,124.5182,8245400
2014-02-20,124.5492,125.4490,124.1923,125.1309,7035600
2014-02-21,125.2905,125.7105,124.9327,125.0805,5268200
2014-02-24,125.2437,126.5427,125.2049,125.7415,6704400
2014-02-25,125.8038,126.1927,125.3294,125.6172,6067800
2014-02-26,125.7805,126.2083,125.4383,125.8816,5032900
2014-02-27,125.7260,126.4416,125.5160,126.4338,5292500
2014-02-28,126.4416,127.3828,126.0138,126.7994,10010400
2014-03-03,125.6871,126.1538,124.8315,125.6094,9144400
2014-03-04,126.8850,127.5617,126.8228,127.2739,7947500
2014-03-05,127.3906,127.4217,126.9472,127.0561,4968400
2014-03-06,127.4216,127.8027,127.3749,127.6316,4651800
2014-03-07,128.1528,128.2539,127.4138,127.8261,7381900
2014-03-10,127.6006,127.6861,126.9238,127.5539,3995400
2014-03-11,127.7794,127.9428,126.8694,127.1105,5198700
2014-03-12,126.5194,127.2272,126.3716,126.9627,5250800
2014-03-13,127.3595,127.5851,125.0572,125.2672,9500500
2014-03-14,125.0182,125.6949,124.7459,124.9559,8603100
2014-03-17,125.5393,126.5271,125.4848,126.2938,6641400
2014-03-18,126.5427,127.2816,126.4338,127.0016,7094600
2014-03-19,126.9860,127.2272,125.3448,126.1538,7936400
2014-03-20,125.8893,127.1494,125.6015,127.0171,6616200
2014-03-21,127.3693,127.9381,126.6369,126.7148,7629500
2014-03-24,127.1044,127.3615,126.0525,126.5668,6336000
2014-03-25,127.2915,127.5642,126.6681,127.3070,5991100
2014-03-26,127.8368,128.0393,126.4732,126.4810,6133800
2014-03-27,126.4188,126.7538,125.8656,126.4422,7713700
2014-03-28,126.6992,127.6420,126.4733,126.8862,4536000
2014-03-31,127.5641,128.1407,127.5018,127.9693,6368400
2014-04-01,128.3044,128.8030,128.2342,128.5225,4076100
2014-04-02,128.7095,129.0056,128.3667,128.8498,5597700
2014-04-03,129.1224,129.1458,128.5303,128.8264,4452600
2014-04-04,129.3484,129.3873,127.4550,127.6888,10559700
2014-04-07,127.4550,127.7277,126.3175,126.3486,8624100
2014-04-08,126.3018,126.7927,125.8733,126.4810,5930000
2014-04-09,127.0032,127.8915,126.5591,127.8603,6008300
2014-04-10,127.8757,128.0238,125.6551,125.8110,9981500
2014-04-11,125.1878,125.6942,124.5722,124.6813,11067500
2014-04-14,125.5072,125.9279,124.8761,125.7955,6270600
2014-04-15,125.9669,126.5902,124.9617,126.5045,8489000
2014-04-16,127.3382,127.8057,126.9486,127.7979,5864200
2014-04-17,127.5811,128.0334,127.3628,127.6903,5790700
2014-04-21,127.7605,128.0802,127.6513,127.9086,3066100
2014-04-22,128.1192,128.8990,128.0646,128.5091,4044300
2014-04-23,128.6182,128.6572,128.2361,128.3843,3546100
2014-04-24,128.6729,128.7508,128.0334,128.4233,4028700
2014-04-25,127.9476,128.0334,127.1054,127.3784,5102700
2014-04-28,127.9866,128.4233,126.9339,128.0178,7236900
2014-04-29,128.3687,128.8756,128.2674,128.6651,4581400
2014-04-30,128.6026,129.1329,128.5325,129.0159,4958500
2014-05-01,128.8989,129.2186,128.5870,128.8443,3889400
2014-05-02,128.7898,129.3278,128.2985,128.4700,7036100
2014-05-05,127.8619,128.7976,127.4564,128.6105,4059700
2014-05-06,128.4000,128.4155,127.6358,127.6748,5281500
2014-05-07,128.2830,128.7274,127.4096,128.6884,5576200
2014-05-08,128.6806,129.4994,128.5558,128.9379,5997900
2014-05-09,128.8911,129.2732,128.5636,129.2264,4228600
2014-05-12,129.6865,130.1700,129.6631,130.0686,3944700
2014-05-13,130.3026,130.4508,130.1856,130.2636,4133400
2014-05-14,130.2948,130.3338,129.3824,129.5306,3104700
2014-05-15,129.2732,129.3434,127.9008,128.3141,7539300
2014-05-16,128.3383,128.7135,128.0334,128.6901,5115000
2014-05-19,128.3227,128.9247,128.2367,128.7683,2879900
2014-05-20,128.7605,128.7761,127.4627,127.6816,4856600
2014-05-21,128.1741,129.1122,128.1272,128.9793,4898700
2014-05-22,129.0654,129.2999,128.6823,129.1357,3564100
2014-05-23,129.2218,129.6752,129.1436,129.6440,2857000
2014-05-27,130.1286,130.2459,129.8785,130.1443,2561300
2014-05-28,130.1990,130.2069,129.7378,129.8472,3681500
2014-05-29,130.1442,130.3944,129.8002,130.3866,2763500
2014-05-30,130.2459,130.5742,130.0114,130.5039,2769000
2014-06-02,130.7540,130.8713,130.2693,130.7150,4453300
2014-06-03,130.5118,130.7150,130.3632,130.5743,4125200
2014-06-04,130.4727,130.7697,130.2303,130.6603,2264600
2014-06-05,130.9574,131.5828,130.4961,131.4499,5416500
2014-06-06,131.7939,132.2161,131.7001,132.1848,4118900
2014-06-09,132.2160,132.5756,132.1378,132.3098,2713200
2014-06-10,132.2394,132.4114,131.9971,132.3958,2821400
2014-06-11,131.9268,131.9737,131.4108,131.6141,3064100
2014-06-12,131.5671,131.6062,130.5430,130.7853,5409200
2014-06-13,130.9808,131.2075,130.6603,131.0433,2708700
2014-06-16,130.8635,131.3170,130.6759,131.0981,3068300
2014-06-17,130.8948,131.4968,130.7463,131.3404,2884700
2014-06-18,131.3795,132.1691,130.8322,132.0674,4729200
2014-06-19,132.1377,132.2706,131.7625,132.1925,3028000
2014-06-20,132.5732,132.7064,132.3461,132.4401,5370700
2014-06-23,132.4244,132.4714,132.0484,132.3069,2729200
2014-06-24,132.2442,132.6359,131.3356,131.4922,4861700
2014-06-25,131.2181,131.9701,131.2103,131.8134,3657500
2014-06-26,131.8917,131.8996,130.8578,131.6568,4052400
2014-06-27,131.4061,131.7899,131.0771,131.7272,3092200
2014-06-30,131.5236,131.8682,131.3199,131.5079,6488400
2014-07-01,131.8213,132.8788,131.7743,132.5341,4911500
2014-07-02,132.6202,132.7769,132.5184,132.6907,1929800
2014-07-03,133.0433,133.5290,132.9493,133.5290,2074800
2014-07-07,133.0667,133.1685,132.8082,133.0510,2937700
2014-07-08,132.8316,132.8473,131.9387,132.2598,5438700
2014-07-09,132.5184,132.9492,132.2677,132.8317,3543800
2014-07-10,131.5080,132.6438,131.3592,132.3461,4932100
2014-07-11,132.1973,132.5498,131.8448,132.5341,2830500
2014-07-14,133.2782,133.6386,133.1921,133.3879,2831200
2014-07-15,133.5602,133.8735,132.9884,133.4584,5168100
2014-07-16,133.9127,134.0694,133.6777,133.9989,3197900
2014-07-17,133.7952,134.1947,132.7377,132.8552,6149300
2014-07-18,133.2646,133.8997,133.0999,133.7586,6924600
2014-07-21,133.3822,133.6018,132.8019,133.4449,2886600
2014-07-22,133.7429,134.0566,133.6410,133.8841,3798200
2014-07-23,133.9389,133.9389,133.4605,133.7428,2607900
2014-07-24,133.8212,133.9702,133.4762,133.6487,3226000
2014-07-25,133.1234,133.1861,132.3314,132.6451,5714000
2014-07-28,132.7000,133.0293,132.0256,132.8411,3606100
2014-07-29,133.2175,133.4527,132.3471,132.3471,3683100
2014-07-30,132.7313,132.9274,131.5630,132.1119,5446600
2014-07-31,131.1630,131.2884,129.6104,129.6104,9038800
2014-08-01,129.2263,129.7830,128.6068,129.0459,7435100
2014-08-04,129.2263,129.8614,128.6852,129.6419,4400000
2014-08-05,129.2263,129.4929,128.0814,128.5362,8522800
2014-08-06,128.1755,129.1870,128.1049,128.7558,4781100
2014-08-07,129.2654,129.2967,127.9167,128.2460,4962400
2014-08-08,128.3402,129.6811,128.1598,129.6497,5412300
2014-08-11,130.1358,130.2848,129.7516,129.8143,5761500
2014-08-12,129.6026,129.9868,129.3830,129.7673,3274300
2014-08-13,130.1673,130.6848,129.9791,130.5515,2841700
2014-08-14,130.7082,131.0297,130.5279,131.0297,2752400
2014-08-15,131.5137,131.5451,129.9583,130.6731,7032500
2014-08-18,131.3801,132.0635,131.3644,132.0164,2975200
2014-08-19,132.4721,132.7706,132.2285,132.6684,3057200
2014-08-20,132.5348,133.3360,132.5348,133.2261,3108800
2014-08-21,133.3911,133.9566,133.2968,133.6817,2652600
2014-08-22,133.5481,133.9173,133.2653,133.4381,5152200
2014-08-25,133.9802,134.3729,133.8859,134.0273,2588500
2014-08-26,134.1844,134.6008,134.1530,134.2708,3581400
2014-08-27,134.4437,134.4908,134.1294,134.3337,5162400
2014-08-28,133.8544,134.2315,133.6188,134.1451,2781900
2014-08-29,134.2473,134.3259,133.7367,134.2316,3280300
2014-09-02,134.2788,134.3809,133.5718,133.9960,3458700
2014-09-03,134.6243,134.7028,133.9566,134.1059,2847400
2014-09-04,134.2551,134.7657,133.7130,134.0587,3760900
2014-09-05,133.9488,134.5537,133.5482,134.5222,3403600
2014-09-08,134.3573,134.6008,134.1295,134.3730,3139800
2014-09-09,134.1609,134.2002,133.4539,133.6346,4252400
2014-09-10,133.6739,134.1766,133.3126,134.0667,4595400
2014-09-11,133.4538,134.0273,133.3989,133.9409,3026200
2014-09-12,133.8388,133.8859,133.0689,133.4617,5000800
2014-09-15,133.5874,133.9881,133.1868,133.7917,5130700
2014-09-16,133.5089,134.8836,133.4539,134.6244,5946400
2014-09-17,134.7736,135.3078,134.2709,134.7815,8498600
2014-09-18,135.1192,135.7398,135.0328,135.5906,6458100
2014-09-19,136.2228,136.4748,135.5850,135.7897,9341000
2014-09-22,135.7110,135.7347,134.8213,134.9709,4894200
2014-09-23,134.5299,134.9472,134.0259,134.0259,5521800
2014-09-24,134.1440,135.3566,133.8448,135.2700,5813000
2014-09-25,135.0417,135.0653,133.1440,133.2070,8910500
2014-09-26,133.6953,134.7505,133.4670,134.4119,6062200
2014-09-29,133.2149,134.3172,133.0259,134.1204,5167800
2014-09-30,134.2150,134.7268,133.7031,133.9157,5492800
2014-10-01,133.7897,133.8448,131.8291,132.0338,11030600
2014-10-02,131.8054,132.4983,131.0495,132.0101,9093700
2014-10-03,132.9866,133.8370,132.5771,133.6401,5589100
2014-10-06,134.2070,134.4039,133.0416,133.5220,5315300
2014-10-07,132.8606,133.0259,131.3881,131.3881,7128800
2014-10-08,131.3961,133.7190,130.9866,133.5615,8893200
2014-10-09,133.1991,133.4511,130.8684,130.9786,13387300
2014-10-10,131.0180,131.7818,130.0889,130.0889,12717500
2014-10-13,129.9944,130.5456,128.2227,128.2936,14117000
2014-10-14,128.8763,129.4590,127.9550,128.3723,13626400
2014-10-15,126.9235,127.4432,124.6242,126.9943,24966700
2014-10-16,125.1991,127.5219,124.9865,126.7582,18926600
2014-10-17,128.0967,129.0967,127.7266,128.7030,11730200
2014-10-20,127.8369,128.8841,127.7581,128.8605,7156500
2014-10-21,129.4904,130.6086,129.2306,130.5535,8994600
2014-10-22,130.8448,130.8920,129.3565,129.4353,6025100
2014-10-23,130.7503,131.7819,130.7188,131.0653,7029700
2014-10-24,131.1833,132.1204,130.8447,132.0810,5733500
2014-10-27,131.6795,132.3330,131.4747,132.1913,5062900
2014-10-28,132.6637,133.6165,132.3960,133.5928,5438900
2014-10-29,133.8684,134.1283,132.7661,133.3881,7584000
2014-10-30,133.5693,135.3882,133.5457,135.1205,7449200
2014-10-31,136.4905,136.7188,136.0574,136.5771,7563500
2014-11-03,136.6717,136.8370,136.2622,136.5063,5383200
2014-11-04,136.2858,136.7347,135.7977,136.5851,6466000
2014-11-05,137.4748,137.4984,136.7819,137.4433,5286200
2014-11-06,137.6008,138.1205,137.1520,138.0260,7191700
2014-11-07,137.9866,138.2701,137.6165,138.2543,4018100
2014-11-10,138.2859,138.6324,138.0576,138.5457,2941900
2014-11-11,138.5694,138.7741,138.3410,138.6009,3192700
2014-11-12,138.0024,138.7425,137.9945,138.6165,2836500
2014-11-13,138.7819,139.3567,138.4196,138.9315,6508400
2014-11-14,138.8685,139.0969,138.6795,138.8607,3521100
2014-11-17,138.6323,139.1835,138.5850,138.9709,3668900
2014-11-18,139.0024,139.6717,138.9394,139.3410,4721700
2014-11-19,139.2544,139.5221,138.8135,139.3174,4011400
2014-11-20,138.6717,139.5930,138.6087,139.5694,2881700
2014-11-21,140.9256,140.9888,139.9467,140.2783,4782000
2014-11-24,140.6177,140.6887,140.1914,140.3572,2408700
2014-11-25,140.6414,140.6651,140.1677,140.4835,5510400
2014-11-26,140.4836,140.5862,140.2388,140.5230,3005600
2014-11-28,140.6098,141.0597,140.4045,140.5940,4037500
2014-12-01,140.1519,140.5308,139.7493,140.1992,6671800
2014-12-02,140.2623,141.1228,140.2545,140.9570,3920500
2014-12-03,140.9809,141.4150,140.8388,141.2729,11006600
2014-12-04,141.0913,141.5413,140.5387,141.1703,4791000
2014-12-05,141.5255,141.9518,141.2966,141.7070,4269400
2014-12-08,141.2729,141.7307,140.4914,140.9413,5568000
2014-12-09,139.5520,140.5388,139.1099,140.4835,7945400
2014-12-10,140.1204,140.1204,138.1547,138.3758,7622000
2014-12-11,138.8494,140.2466,138.6994,138.9599,6867300
2014-12-12,137.9653,138.6758,136.5128,136.5681,12284400
2014-12-15,137.1600,137.4600,135.1549,135.6128,8874300
2014-12-16,135.2024,137.6653,134.7840,134.8708,12257600
2014-12-17,135.2024,137.3417,135.0524,137.0338,12901600
2014-12-18,138.9204,140.3809,138.4389,140.3493,9752400
2014-12-19,140.6523,141.1507,140.1459,140.5415,11452600
2014-12-22,140.9924,141.8943,140.9687,141.8943,7855600
2014-12-23,142.2977,142.7170,142.1474,142.4243,6224800
2014-12-24,142.5509,142.8198,142.3531,142.4243,1647600
2014-12-26,142.7883,142.9623,142.5509,142.5509,1921200
2014-12-29,142.3057,142.7012,142.2503,142.4876,2530900
2014-12-30,142.1079,142.2977,141.7993,141.9734,2953300
2014-12-31,142.2582,142.4956,140.7235,140.7235,4514400
2015-01-02,141.3327,141.7915,140.0115,140.7710,4997200
2015-01-05,140.0748,140.1934,138.0179,138.3185,6700200
2015-01-06,138.5243,138.8724,136.3250,137.1715,10131400
2015-01-07,138.3264,139.0701,137.8439,138.9119,5547000
2015-01-08,140.2329,141.5778,140.1934,141.4196,7166700
2015-01-09,141.5937,141.6570,139.7346,140.2013,6646600
2015-01-12,140.3754,140.5257,138.8090,139.4261,4305300
2015-01-13,140.5969,141.6333,138.2078,139.2204,9913500
2015-01-14,137.2110,138.2237,136.4041,137.7015,11090600
2015-01-15,138.2394,138.5084,136.7125,136.9103,9293700
2015-01-16,136.6395,138.5398,136.2831,138.3022,8721900
2015-01-20,138.7457,139.0466,137.0909,138.4844,7224100
2015-01-21,137.9698,139.1574,137.5026,138.8407,6259300
2015-01-22,139.2920,141.0497,138.1755,140.8755,9565100
2015-01-23,140.7092,140.7963,139.6641,139.6799,4795300
2015-01-26,139.4821,139.9176,138.8645,139.7513,3730400
2015-01-27,137.3759,138.3656,136.6553,137.4471,11565100
2015-01-28,138.2073,138.2548,135.8636,135.9665,9673200
2015-01-29,136.3149,137.8273,135.4440,137.6926,9615200
2015-01-30,137.1383,137.7322,135.6102,135.7527,11138500
2015-02-02,136.1487,137.3205,134.6839,137.1939,9437900
2015-02-03,137.8747,139.6721,137.8510,139.6167,7543400
2015-02-04,139.1970,140.5985,139.1812,139.7750,5935900
2015-02-05,140.3688,141.4456,140.2183,141.3744,6037800
2015-02-06,141.5883,142.0158,140.5272,141.0102,7211900
2015-02-09,140.2897,140.8915,139.8938,140.2184,3723100
2015-02-10,141.0736,141.5328,140.2580,141.3428,3572700
2015-02-11,141.0102,141.8020,140.6776,141.4932,5174500
2015-02-12,141.9445,142.4670,141.7307,142.3958,3742700
2015-02-13,142.5225,142.9501,142.3325,142.7917,3998200
2015-02-17,142.5700,143.0767,142.2928,142.9738,2850900
2015-02-18,142.6651,143.0610,142.4988,142.8947,2724800
2015-02-19,142.4196,142.8630,142.0712,142.5938,2663500
2015-02-20,142.2366,143.8642,141.7205,143.8165,8914600
2015-02-23,143.4751,143.6418,143.1654,143.6418,2738600
2015-02-24,143.7290,144.5468,143.6179,144.4277,4228700
2015-02-25,144.3484,144.6342,144.1499,144.4675,2822900
2015-02-26,144.4357,144.6898,144.0228,144.5071,3045800
2015-02-27,144.4437,144.4517,143.8245,143.8562,3161300
2015-03-02,143.9991,145.0392,143.9991,145.0392,3213100
2015-03-03,144.6818,144.8089,143.8561,144.3960,2825800
2015-03-04,144.0308,144.0308,143.0146,143.5306,3820200
2015-03-05,143.9038,144.0626,143.4751,143.8403,2410700
2015-03-06,143.0066,143.4116,141.4267,141.6410,7297400
2015-03-09,141.7442,143.0621,141.7442,142.7525,3844900
2015-03-10,141.6252,141.7284,140.2754,140.2834,6070100
2015-03-11,140.5137,140.7598,139.9182,140.0135,5584600
2015-03-12,140.7201,142.1333,140.6883,142.0936,4024300
2015-03-13,141.6330,141.7204,139.9499,140.9741,6833900
2015-03-16,141.5220,142.8399,141.5220,142.7367,5550100
2015-03-17,141.9506,142.0935,141.2122,141.7204,5392900
2015-03-18,141.2520,143.7132,140.5057,143.4909,11294400
2015-03-19,143.0543,143.2210,142.3635,142.6414,6229200
2015-03-20,143.5250,144.4873,143.2944,143.9227,5999200
2015-03-23,143.9942,144.5510,143.8272,143.8352,3593900
2015-03-24,143.6761,144.1056,142.9762,143.0239,4692100
2015-03-25,143.1194,143.2864,140.6777,140.7095,8474700
2015-03-26,140.0971,141.0118,139.5484,140.3596,6604500
2015-03-27,140.2402,140.7492,139.9539,140.6220,3971800
2015-03-30,141.8151,142.9683,141.7912,142.6740,5399300
2015-03-31,141.9821,142.4274,141.1151,141.2345,4633800
2015-04-01,141.2027,141.2027,139.6359,140.5664,7440500
2015-04-02,140.5346,141.4970,140.3199,141.0357,3223600
2015-04-06,140.2323,142.4990,140.0494,142.0377,6284900
2015-04-07,142.1809,142.8251,141.9025,141.9025,6011600
2015-04-08,142.0458,142.8093,141.5368,142.1651,4738500
2015-04-09,142.0935,142.8650,141.5527,142.6820,4483800
2015-04-10,142.8967,143.5091,142.5070,143.4534,3463600
2015-04-13,143.2943,143.8431,142.7535,142.8728,3358200
2015-04-14,142.8252,143.5887,142.2048,143.3024,4811400
2015-04-15,143.8193,144.2567,143.5171,143.8591,4377800
2015-04-16,143.6921,144.3601,143.5012,143.8829,3873900
2015-04-17,142.6717,142.7831,140.9924,141.6132,8683500
2015-04-20,142.7034,143.7380,142.5761,143.2764,5355800
2015-04-21,143.8097,143.9529,142.4329,142.6637,3596600
2015-04-22,142.9741,143.4516,142.0986,143.3004,5575200
2015-04-23,142.8069,144.1041,142.6159,143.5470,4893000
2015-04-24,143.6505,143.9052,143.0855,143.6823,4010000
2015-04-27,144.4145,144.4782,143.2208,143.3879,4969100
2015-04-28,143.5391,144.0007,142.3613,143.9211,4534200
2015-04-29,143.0934,143.8177,142.6478,143.3083,6559400
2015-04-30,143.0138,143.2685,141.2232,141.8041,8564600
2015-05-01,142.6239,143.2606,142.4409,143.1730,3895700
2015-05-04,143.5233,144.0883,143.4516,143.6029,3256900
2015-05-05,143.4356,143.7221,142.2816,142.4647,5316300
2015-05-06,143.1492,143.4517,141.0641,141.9714,7534200
2015-05-07,141.7564,143.0139,141.5734,142.6796,4142800
2015-05-08,144.1599,144.8603,144.1122,144.7250,5529600
2015-05-11,144.6613,144.8443,143.9530,144.1121,3753600
2015-05-12,143.3322,144.2315,142.6716,143.8256,4742800
2015-05-13,143.9291,144.3987,143.6347,143.8495,3851400
2015-05-14,144.6932,145.3537,144.6295,145.2741,4921400
2015-05-15,145.3563,145.5716,145.0771,145.5477,4522200
2015-05-18,145.5079,145.9705,145.3165,145.7073,2890500
2015-05-19,145.8986,146.1857,145.4599,145.9065,2766600
2015-05-20,146.1459,146.2416,145.6115,145.7311,5080800
2015-05-21,145.6592,145.9942,145.4518,145.7948,2724200
2015-05-22,145.5715,145.7550,145.1966,145.3721,2357000
2015-05-26,145.1089,145.1089,143.4020,143.8646,5529700
2015-05-27,144.1838,144.9973,143.9286,144.7820,3588200
2015-05-28,144.4550,144.6305,144.0881,144.5985,3660900
2015-05-29,144.5028,144.5188,143.3064,143.6573,4923700
2015-06-01,144.3672,144.4868,143.4180,143.8886,4349000
2015-06-02,143.6334,144.3353,142.9873,143.6892,5106200
2015-06-03,144.2476,144.9574,143.6653,144.2715,5481500
2015-06-04,143.7132,144.3034,142.5965,142.9395,7312500
2015-06-05,142.8357,143.1388,142.1737,142.3731,5228700
2015-06-08,142.3811,142.4529,141.7191,141.8228,4380500
2015-06-09,141.8308,142.1817,141.3363,141.7431,4722400
2015-06-10,142.2774,144.0002,142.2774,143.6174,5480900
2015-06-11,144.1199,144.5746,143.8807,144.0801,3714800
2015-06-12,143.4579,143.6174,142.5486,142.8756,4566800
2015-06-15,141.8867,142.2695,141.2646,142.0542,5502700
2015-06-16,142.0302,143.0591,141.8787,142.9395,3276900
2015-06-17,143.2984,143.6813,142.3652,143.1548,3650900
2015-06-18,143.7372,145.1170,143.6813,144.6305,6542800
2015-06-19,144.4625,144.5425,143.7347,143.7587,3964000
2015-06-22,144.7743,145.1502,144.4864,144.6863,4048300
2015-06-23,144.8463,145.2062,144.5504,144.8463,3116800
2015-06-24,144.3986,144.7265,143.4629,143.4789,4328900
2015-06-25,143.9906,144.0466,142.8230,142.8710,3602700
2015-06-26,143.3188,143.8147,142.8950,143.2549,4855500
2015-06-29,142.0314,142.5193,140.4240,140.4640,8888700
2015-06-30,141.5514,141.5594,140.3118,140.6077,9149800
2015-07-01,142.0072,142.2072,141.2155,141.8713,4135100
2015-07-02,142.1833,142.3912,141.2716,141.5915,4008600
2015-07-06,140.4238,141.6634,140.2239,141.2955,3748700
2015-07-07,141.4555,142.1352,139.5041,142.0553,7783800
2015-07-08,140.8398,141.1037,139.7761,139.9521,6849400
2015-07-09,141.6714,141.9273,140.1200,140.1599,4581400
2015-07-10,141.7274,142.1913,141.2476,141.8794,4504400
2015-07-13,143.0150,143.7107,142.9910,143.6308,3873800
2015-07-14,143.5107,144.3824,143.3988,144.2145,2757100
2015-07-15,144.2065,144.5264,143.8707,144.2225,3407900
2015-07-16,144.9104,144.9504,144.3506,144.8065,2495100
2015-07-17,144.4798,144.5838,144.0955,144.5198,2762300
2015-07-20,144.8481,144.9681,144.3758,144.6399,2961600
2015-07-21,143.8393,143.8553,142.8307,143.2630,5026700
2015-07-22,142.8307,143.2230,142.3585,142.7267,3811500
2015-07-23,142.7507,142.7507,141.5500,141.8141,4968600
2015-07-24,141.8702,141.8862,140.3332,140.5013,4591300
2015-07-27,139.6608,139.9089,139.1084,139.4687,5370200
2015-07-28,139.9729,141.1096,139.5247,140.9736,5625900
2015-07-29,141.1498,142.1344,141.0217,141.8942,4175900
2015-07-30,141.7181,141.9983,140.9897,141.8622,3659000
2015-07-31,142.2224,142.2704,141.2778,141.4299,4483800
2015-08-03,141.5419,141.5819,139.8769,140.6854,4530500
2015-08-04,140.7174,140.9896,139.9490,140.3412,4055700
2015-08-05,140.7574,141.3017,140.1090,140.3731,4565500
2015-08-06,140.4694,140.6055,139.0045,139.4608,5374100
2015-08-07,139.1965,139.3806,138.3239,139.1564,6158400
2015-08-10,139.9249,141.1416,139.9249,141.0376,4504000
2015-08-11,139.7569,139.9971,138.9484,139.3727,6761100
2015-08-12,138.3481,139.6048,137.2034,139.4527,8825600
2015-08-13,139.2766,140.0611,138.9244,139.5328,6562700
2015-08-14,139.4207,140.1491,139.3326,140.0050,3512200
2015-08-17,139.4768,140.6695,138.9805,140.6455,4055400
2015-08-18,140.3092,140.8295,140.1491,140.3492,4050400
2015-08-19,139.5488,140.4774,138.5802,139.0765,10988700
2015-08-20,137.8837,138.1239,136.2588,136.2588,12317200
2015-08-21,134.7490,135.4557,132.0346,132.0346,18858700
2015-08-24,125.2003,131.2635,120.9199,127.1919,35102400
2015-08-25,131.1673,131.4483,125.5136,125.6742,19357000
2015-08-26,128.8062,130.8219,126.6218,130.6292,19884300
2015-08-27,132.3959,133.7050,130.9343,133.6728,15223700
2015-08-28,133.0866,133.8094,132.7011,133.5765,8115700
2015-08-31,132.7894,133.4560,131.9623,132.6529,6363700
2015-09-01,129.6171,130.5969,128.2840,128.8622,14266900
2015-09-02,130.8459,131.2876,129.5289,131.2716,8260600
2015-09-03,131.9703,132.9019,131.0066,131.4403,8023700
2015-09-04,129.6333,130.0589,128.6857,129.2719,8651100
2015-09-08,131.5527,132.5324,131.1270,132.4361,6821700
2015-09-09,133.7370,133.8816,130.2838,130.5167,7865700
2015-09-10,130.5328,132.1069,130.2196,131.2154,8327000
2015-09-11,130.8219,132.0586,130.5087,132.0185,6202300
2015-09-14,132.0747,132.1710,131.1993,131.5206,4595600
2015-09-15,131.9944,133.7371,131.6812,133.3998,6516100
2015-09-16,133.6809,134.6365,133.3115,134.5241,5511700
2015-09-17,134.4517,136.0739,133.6968,133.9618,14270000
2015-09-18,131.9647,132.9625,131.3210,131.5946,10400500
2015-09-21,132.5039,133.2200,131.6992,132.6890,7762600
2015-09-22,130.8543,131.4498,130.3393,131.1601,8979600
2015-09-23,131.3693,131.4659,130.2589,130.8302,4554900
2015-09-24,129.6473,130.5485,128.6898,130.2508,8451800
2015-09-25,131.8360,132.3108,130.4037,131.0636,10474600
2015-09-28,130.3877,130.4038,128.4082,128.5772,10013100
2015-09-29,128.7300,129.5185,128.0862,128.9311,9906200
2015-09-30,130.3876,130.9589,129.5910,130.8543,7621400
2015-10-01,131.1681,131.3934,129.1564,130.7497,6862800
2015-10-02,129.0277,132.4315,128.6898,132.4315,11877500
2015-10-05,133.3649,135.0065,133.1638,134.8455,6342100
2015-10-06,134.9743,135.5295,134.5800,134.9341,6661000
2015-10-07,135.6662,136.3743,134.7569,135.9478,8832800
2015-10-08,135.7226,137.3238,135.5294,137.0905,8160300
2015-10-09,137.2916,137.5733,136.8732,137.4043,5006100
2015-10-12,137.3801,137.7825,137.1709,137.7342,2835800
2015-10-13,136.9939,138.0641,136.9054,137.3077,5909300
2015-10-14,137.1951,137.5572,135.7628,136.0444,5424000
2015-10-15,136.3099,137.8548,136.1409,137.8548,9637200
2015-10-16,138.0159,138.4346,137.5168,138.3701,8353700
2015-10-19,137.8871,138.5714,137.6939,138.5634,4859800
2015-10-20,138.1366,138.7807,137.8549,138.4748,4140900
2015-10-21,138.8209,139.2315,137.9273,138.0480,5801400
2015-10-22,138.9176,140.8094,138.8451,140.7209,8553100
2015-10-23,141.6869,142.2021,141.1797,141.9847,7642900
2015-10-26,141.8802,142.0573,141.5823,141.7030,3795900
2015-10-27,141.1476,141.8399,141.0751,141.4213,4696100
2015-10-28,141.6949,143.0393,141.1716,143.0393,7348500
2015-10-29,142.5161,143.0636,142.2344,142.7979,4726900
2015-10-30,143.0071,143.1601,142.0491,142.0813,6527500
2015-11-02,142.3873,143.5304,142.2746,143.3936,4178300
2015-11-03,143.2325,144.5850,143.1359,144.1583,4284900
2015-11-04,144.5609,144.5769,143.4499,143.8202,6870400
2015-11-05,143.9007,144.3033,143.0796,143.8122,5008100
2015-11-06,143.6915,144.2389,143.0635,144.2147,7642800
2015-11-09,143.6994,143.7800,142.2745,142.8300,7962300
2015-11-10,142.4758,143.1843,142.2746,143.1199,4837700
2015-11-11,143.4339,143.4902,142.5805,142.6610,2860300
2015-11-12,141.7594,141.9688,140.5519,140.6163,6164400
2015-11-13,140.1332,140.5196,138.9095,138.9578,8011100
2015-11-16,138.8692,140.9301,138.5874,140.8979,5012900
2015-11-17,141.3649,141.8882,140.6887,141.0107,6612200
2015-11-18,141.4292,143.1681,141.4212,143.0796,6254400
2015-11-19,142.6368,143.3372,142.6127,143.0233,5457300
2015-11-20,143.8979,144.5440,143.4860,143.8091,7730000
2015-11-23,143.6637,144.1483,143.1953,143.5506,2597000
2015-11-24,142.6864,144.0917,142.6379,143.7444,4369900
2015-11-25,143.7687,144.0272,143.5911,143.7041,2227400
2015-11-27,143.5991,143.9060,143.2437,143.6798,2878200
2015-11-30,143.8656,144.0271,143.0580,143.1387,3578500
2015-12-01,143.6960,144.4875,143.4698,144.4148,6058300
2015-12-02,144.2775,144.6005,143.0176,143.1871,7427100
2015-12-03,143.4861,143.6314,140.7401,141.2004,7005500
2015-12-04,141.5396,144.3098,141.4508,144.0998,6251600
2015-12-07,143.7768,143.8252,142.4845,143.2276,5647000
2015-12-08,141.8869,142.8399,141.2731,141.9596,6890200
2015-12-09,141.6930,143.5668,140.5946,141.3296,9545800
2015-12-10,141.4831,143.0580,141.2166,142.0485,5613800
2015-12-11,140.2473,140.8369,139.2782,139.5043,8895600
2015-12-14,139.6982,140.4897,138.5271,140.4493,12321600
2015-12-15,141.2650,142.5088,141.2650,141.7092,8039800
2015-12-16,142.4926,143.7606,141.3134,143.4698,11286600
2015-12-17,143.8817,143.9140,141.4103,141.4184,8504100
2015-12-18,140.7287,140.7854,138.3406,138.4297,10946100
2015-12-21,139.4659,139.6925,138.3568,139.4416,6466700
2015-12-22,140.1297,141.0850,139.3849,140.8664,6003700
2015-12-23,141.8459,142.3316,141.4735,142.3235,6456600
2015-12-24,142.2021,142.3317,141.8136,141.8459,1765100
2015-12-28,141.2549,141.7730,140.9554,141.6516,2932200
2015-12-29,142.6311,143.4892,142.4773,143.2706,6145700
2015-12-30,142.9388,143.0602,142.1697,142.3155,2910000
2015-12-31,141.7407,142.1940,140.8340,140.8502,5773400
2016-01-04,138.4703,138.6888,137.0941,138.6645,14350800
2016-01-05,138.9882,139.0286,137.7577,138.7453,9413000
2016-01-06,136.7458,137.5959,136.0092,136.7620,8713600
2016-01-07,134.3497,135.9525,133.1515,133.5401,15400600
2016-01-08,134.3496,134.6977,131.9534,132.1477,12512400
2016-01-11,132.8925,133.1678,131.2654,132.6254,12353700
2016-01-12,133.7263,134.2039,131.9939,133.5320,10250300
2016-01-13,134.0096,134.2525,130.3910,130.6177,16369400
2016-01-14,131.1601,133.3215,130.0186,132.4310,14749500
2016-01-15,128.9936,130.0627,128.1593,129.3338,19969100
2016-01-19,130.7675,130.9052,128.6292,129.6093,10233800
2016-01-20,127.3657,128.6859,125.0411,127.6572,16436000
2016-01-21,127.8191,129.8278,127.0659,128.4590,16782400
2016-01-22,130.3300,130.5973,129.2852,130.2328,7390600
2016-01-25,129.9250,130.1760,128.5156,128.5399,5782500
2016-01-26,129.1880,130.9861,129.1799,130.8403,5945200
2016-01-27,130.0547,131.3992,128.4671,129.0260,10121900
2016-01-28,130.1438,130.3220,128.3538,130.0061,8613400
2016-01-29,130.8970,133.1810,130.6702,133.1324,6182800
2016-02-01,132.3387,133.6184,131.8770,133.1082,6977300
2016-02-02,131.7799,131.7799,130.3544,130.7351,7901000
2016-02-03,131.5531,132.6303,129.1718,132.1848,14249300
2016-02-04,131.8770,133.4807,131.6826,132.9462,11715800
2016-02-05,132.7275,132.8409,130.5811,131.1643,8292500
2016-02-08,129.6821,130.2490,128.0136,129.8765,13377600
2016-02-09,128.4104,130.7754,128.3861,129.7873,11449200
2016-02-10,130.3867,131.4559,128.9693,129.0989,8205700
2016-02-11,127.0011,127.9892,125.7537,127.0011,14806700
2016-02-12,128.1027,129.5768,127.6977,129.5768,7073000
2016-02-16,131.0186,131.4478,130.0952,131.3749,5451200
2016-02-17,132.3711,133.8533,132.2901,133.5860,5584200
2016-02-18,133.9100,134.0072,133.0677,133.2540,5187600
2016-02-19,132.6630,133.1752,132.1833,133.0858,4660600
2016-02-22,134.4272,135.3296,134.2483,134.9068,3450700
2016-02-23,134.6385,134.7604,133.1995,133.4515,6052800
2016-02-24,132.1914,134.0613,131.2727,133.8743,8003800
2016-02-25,134.1670,135.6385,133.6548,135.6385,5266900
2016-02-26,136.4514,136.5409,135.0531,135.1832,3798000
2016-02-29,135.0857,135.9393,134.1101,134.1101,3485000
2016-03-01,134.9637,137.0612,134.7198,137.0043,3914300
2016-03-02,136.5978,137.3376,136.2157,137.3051,3106200
2016-03-03,137.1750,137.7116,136.6791,137.6791,2968200
2016-03-04,137.8253,138.6546,137.3294,138.2237,3524900
2016-03-07,137.6953,138.9635,137.6384,138.7115,3236000
2016-03-08,138.0448,138.8253,137.5733,137.8985,2832700
2016-03-09,138.5408,138.6871,137.8335,138.2237,3584000
2016-03-10,138.7521,139.3456,136.8254,138.2562,4862300
2016-03-11,139.4027,140.1100,139.3620,140.0205,3674200
2016-03-14,139.5896,140.5570,139.5896,140.1668,2658400
2016-03-15,139.5164,140.3782,139.2807,140.3538,2431600
2016-03-16,140.0042,141.4107,139.9717,141.0286,3556200
2016-03-17,141.0204,142.6057,140.7115,142.2236,4070500
2016-03-18,142.7981,143.3521,142.6107,143.1403,5112000
2016-03-21,143.0832,143.5639,142.7818,143.4010,2884900
2016-03-22,142.8224,143.6046,142.7002,143.1483,3980100
2016-03-23,142.7574,143.0262,142.2522,142.4233,5039200
2016-03-24,141.6411,142.5291,141.5189,142.5291,5104900
2016-03-28,142.6840,143.0588,142.3011,142.6758,3098800
2016-03-29,142.1626,143.5394,141.8122,143.4498,5584100
2016-03-30,144.2972,144.7371,143.8083,144.1180,3858000
2016-03-31,144.1505,144.4519,143.7431,143.9142,3155400
2016-04-01,143.1565,144.9001,142.9121,144.7941,4035200
2016-04-04,144.7208,144.9245,144.1098,144.3053,2318900
2016-04-05,143.4579,144.1749,143.0424,143.2461,5439600
2016-04-06,143.2788,144.2809,142.7737,144.2402,4086700
2016-04-07,143.2136,143.5802,142.3174,142.8144,5251900
2016-04-08,143.5964,144.0527,142.6676,143.1157,2565300
2016-04-11,143.4906,144.3461,142.9121,142.9366,3237700
2016-04-12,143.1729,144.4357,142.8714,144.2809,3588400
2016-04-13,145.0222,145.8532,144.9570,145.7717,5400200
2016-04-14,145.8614,146.2443,145.6333,145.9266,3689700
2016-04-15,145.9349,146.0572,145.4620,145.6821,3799900
2016-04-18,145.2336,146.6196,145.2091,146.5789,2573700
2016-04-19,146.8724,147.3861,146.4240,147.0192,2992100
2016-04-20,146.7583,147.9160,146.7583,147.3698,2628900
2016-04-21,147.2801,147.4757,146.2854,146.5137,2760300
2016-04-22,146.4403,146.8235,145.8370,146.6768,2410500
2016-04-25,146.1305,146.4240,145.3967,146.3832,2485500
2016-04-26,146.6277,146.9701,146.0325,146.4646,2241000
2016-04-27,146.0407,147.2881,145.9347,146.9620,3569300
2016-04-28,145.9919,146.8806,144.9156,145.2907,3550700
2016-04-29,144.6385,145.0869,143.7335,144.7934,5496000
2016-05-02,145.1927,145.8695,144.7280,145.6982,2463100
2016-05-03,144.7037,144.9891,143.8884,144.5570,4643200
2016-05-04,143.8068,144.4835,143.4154,143.7579,3446000
2016-05-05,144.1737,144.4916,143.4970,143.8557,1778800
2016-05-06,143.2442,144.6384,143.2360,144.5895,2940800
2016-05-09,144.5160,144.9318,144.0024,144.2959,1921700
2016-05-10,144.8992,146.1630,144.8340,146.1059,2867200
2016-05-11,145.6984,145.8941,144.5244,144.5570,2697200
2016-05-12,144.9727,145.2255,143.8231,144.6547,2534900
2016-05-13,144.2308,144.7363,142.8937,143.0730,3336800
2016-05-16,143.2442,144.8830,143.1545,144.5242,2393500
2016-05-17,144.2389,144.5079,142.6164,143.1382,3349500
2016-05-18,142.7468,144.0921,142.2984,143.1953,4097800
2016-05-19,142.6408,142.8446,141.5972,142.4207,5090900
2016-05-20,142.9542,143.6251,142.7823,142.9869,2749700
2016-05-23,143.0522,143.4531,142.8559,143.0031,1736000
2016-05-24,143.8050,145.0078,143.7150,144.7051,2797000
2016-05-25,145.2287,146.2433,145.1878,145.8669,2711900
2016-05-26,146.0387,146.2024,145.4906,145.7033,2263200
2016-05-27,145.8179,146.1206,145.6869,146.0470,1628300
2016-05-31,146.4397,146.4397,144.9261,145.3515,2395400
2016-06-01,144.8033,145.6215,144.4515,145.4169,2481200
2016-06-02,145.0651,145.8915,144.8033,145.8669,1965900
2016-06-03,145.5314,145.8750,144.6887,145.6868,4367200
2016-06-06,146.0388,146.8324,145.9733,146.6033,2720300
2016-06-07,146.8324,147.2660,146.7342,146.7669,1572300
2016-06-08,147.0043,147.4215,146.8979,147.3234,1713500
2016-06-09,146.7588,147.3070,146.5707,147.1761,2141800
2016-06-10,146.2105,146.6524,145.7278,146.2187,4126600
2016-06-13,145.6378,146.4560,145.1141,145.1141,5111300
2016-06-14,144.8196,145.1633,144.0014,144.6642,3643400
2016-06-15,145.0242,145.5069,144.3124,144.4678,2470100
2016-06-16,143.7806,145.3679,143.0197,145.1961,5573700
2016-06-17,145.2328,145.2328,144.1014,144.7163,2748000
2016-06-20,146.2576,146.9381,145.7329,145.7657,2958400
2016-06-21,146.0281,146.3642,145.7083,145.9789,1854700
2016-06-22,146.1183,146.7086,145.4625,145.5773,2966200
2016-06-23,146.7660,147.4300,146.4790,147.4136,2949100
2016-06-24,143.1013,144.8475,142.0765,142.3389,11377900
2016-06-27,141.4043,141.4043,139.6745,140.3549,7683900
2016-06-28,141.7076,142.5356,141.1747,142.5028,5642800
2016-06-29,143.6014,144.9623,143.4702,144.8147,5578200
2016-06-30,145.1509,146.8152,144.9952,146.7496,5069000
2016-07-01,146.5692,147.4054,146.5692,147.0037,3998200
2016-07-05,146.4053,146.4873,145.6511,146.1020,3233100
2016-07-06,145.6100,146.8316,145.0772,146.7332,5395400
2016-07-07,146.8725,147.3399,145.9625,146.5774,2343300
2016-07-08,147.5776,148.8483,147.5530,148.6352,5177300
2016-07-11,149.0943,149.7994,149.0288,149.3075,2358700
2016-07-12,150.0371,150.5372,149.8486,150.3486,3128000
2016-07-13,150.5864,150.6848,150.0699,150.5208,2390500
2016-07-14,151.7177,151.8899,151.3160,151.6357,3354700
2016-07-15,152.0665,152.1896,151.3281,151.6809,3837200
2016-07-18,151.6399,152.0912,151.5415,151.8450,2134900
2016-07-19,151.7875,152.1239,151.6317,152.1239,2046300
2016-07-20,152.5178,152.6654,152.0993,152.4193,2159500
2016-07-21,152.2223,152.3782,151.4019,151.7629,2837700
2016-07-22,151.7794,152.2470,151.5825,152.1978,3078300
2016-07-25,152.0008,152.0254,151.2624,151.6234,2316600
2016-07-26,151.4593,151.7957,150.7127,151.4511,4744400
2016-07-27,151.8942,152.0091,151.0492,151.4348,4146700
2016-07-28,151.1887,151.5005,150.5652,151.2708,2906300
2016-07-29,150.8358,151.3691,150.5815,151.0656,4207300
2016-08-01,151.2461,151.3855,150.4502,150.8522,3295900
2016-08-02,150.7128,150.8605,149.5724,150.1139,5139500
2016-08-03,150.0154,150.4912,149.9005,150.4338,3008200
2016-08-04,150.5487,150.8687,150.2616,150.5077,2368900
2016-08-05,151.2871,152.0091,150.4913,151.9927,4187700
2016-08-08,152.1896,152.3537,151.7958,152.0091,2076700
2016-08-09,152.0911,152.4849,151.8286,152.0665,1903800
2016-08-10,152.1075,152.4193,151.6481,151.8778,1618300
2016-08-11,152.3537,153.0756,152.2716,152.8459,2188700
2016-08-12,152.7146,152.8048,152.2059,152.5177,2514300
2016-08-15,152.9280,153.3218,152.8706,153.0264,1561500
2016-08-16,152.7393,152.9034,152.3701,152.4029,1614100
2016-08-17,152.4111,152.7884,151.8532,152.6818,2952000
2016-08-18,152.5751,152.9361,152.3700,152.8787,2571800
2016-08-19,152.5626,152.8507,152.0850,152.5790,2368500
2016-08-22,152.2744,152.7354,151.8710,152.4143,3152400
2016-08-23,152.8919,153.2459,152.5214,152.5626,1647900
2016-08-24,152.3650,152.4803,151.7310,152.0357,1882900
2016-08-25,151.7227,152.1426,151.5745,151.7968,2034900
2016-08-26,152.0026,152.7601,150.7841,151.3440,3403500
2016-08-29,151.3523,152.3485,151.3523,152.1756,2229800
2016-08-30,152.2579,152.4391,151.5087,151.9121,1866700
2016-08-31,151.6981,151.7887,150.8913,151.4429,1876400
2016-09-01,151.2699,151.7228,150.5866,151.5746,3003500
2016-09-02,152.2662,152.6614,151.7557,152.2003,2652800
2016-09-06,152.4061,152.7190,151.8627,152.5790,2152300
2016-09-07,152.6202,152.6449,152.1344,152.5790,1803600
2016-09-08,152.0521,152.4061,151.8874,152.1673,2229900
2016-09-09,151.1382,151.2864,148.9482,148.9482,8242600
2016-09-12,148.2731,151.1959,148.1414,150.9160,7056100
2016-09-13,149.8950,150.1090,148.5118,148.8576,7477500
2016-09-14,148.8905,149.6315,148.2071,148.5529,2990400
2016-09-15,148.5036,150.3561,148.3883,150.0597,3932400
2016-09-16,149.7248,149.7248,148.8503,149.2876,2844300
2016-09-19,150.0382,150.4012,149.0400,149.2958,2260400
2016-09-20,149.9804,150.1702,149.3370,149.3535,1997800
2016-09-21,149.8567,150.8302,149.2793,150.6817,4496500
2016-09-22,151.5065,152.0015,151.2261,151.5065,2323500
2016-09-23,151.3003,151.3911,150.3764,150.4837,1741500
2016-09-26,149.7330,149.7660,148.9658,149.1061,2639800
2016-09-27,148.9659,150.2528,148.6854,150.1373,3717300
2016-09-28,150.4342,151.1518,149.7412,151.0446,6413000
2016-09-29,150.8137,151.3086,149.0236,149.4938,3376400
2016-09-30,150.2444,151.3250,150.1124,150.7806,4583000
2016-10-03,150.3929,150.6074,149.9557,150.4012,1987600
2016-10-04,150.6487,150.9044,149.2628,149.7083,2811200
2016-10-05,150.2692,150.9786,150.2280,150.6817,1818200
2016-10-06,150.4177,150.7476,149.7000,150.5662,2368100
2016-10-07,150.7971,150.9539,149.5762,150.3187,2527700
2016-10-10,150.3186,151.6633,150.3186,151.0611,1879100
2016-10-11,150.8467,150.8715,148.8586,149.4773,3949800
2016-10-12,149.3123,149.9722,149.0318,149.6175,1920200
2016-10-13,148.5946,149.4937,148.0171,149.1803,3460100
2016-10-14,150.1372,150.5167,149.4856,149.5515,2698100
2016-10-17,149.4525,149.7330,148.8585,149.0813,1801800
2016-10-18,150.0877,150.2197,149.4113,149.6175,1720700
2016-10-19,150.0135,150.4755,149.7826,150.1373,1503700
2016-10-20,149.9062,150.5084,149.4938,149.7577,2359600
2016-10-21,149.1302,149.8321,148.8247,149.6422,5607600
2016-10-24,150.5835,150.6991,149.9972,150.2532,1905700
2016-10-25,150.1376,150.4266,149.6669,149.8568,3351100
2016-10-26,149.1302,150.3854,148.9238,150.0964,5375400
2016-10-27,150.5340,150.5753,149.6504,149.8982,2027100
2016-10-28,150.1375,150.5504,149.1879,149.7576,3726600
2016-10-31,149.9394,150.0385,149.5017,149.6008,1415600
2016-11-01,149.8899,149.8899,147.9246,148.7338,3622300
2016-11-02,148.3539,148.8081,147.8502,148.0979,3552700
2016-11-03,148.3870,148.5439,147.6769,147.8998,1966900
2016-11-04,147.8998,148.3622,147.5117,147.5695,4337500
2016-11-07,149.6008,150.6578,149.5018,150.5835,3402400
2016-11-08,150.4514,151.9708,150.3028,151.4258,3437500
2016-11-09,150.2284,154.0434,150.0798,153.5562,8363900
2016-11-10,154.2746,155.9178,153.8782,155.3481,8748100
2016-11-11,155.1994,155.7609,154.7535,155.6288,5003800
2016-11-14,156.1574,156.3886,155.4059,155.8766,4796400
2016-11-15,155.8683,156.3555,155.3563,156.3472,3750000
2016-11-16,155.8931,156.2151,155.6784,156.0500,3459100
2016-11-17,156.1408,156.3390,155.8518,156.3142,4211200
2016-11-18,156.4243,156.4739,155.9440,156.0599,4359200
2016-11-21,156.4077,156.8466,156.1759,156.7887,2999100
2016-11-22,157.2689,157.5422,156.8549,157.3517,2756300
2016-11-23,157.2772,157.8652,157.2276,157.8238,2465900
2016-11-25,158.2379,158.4449,158.1468,158.4118,1547100
2016-11-28,158.1053,158.3372,157.7658,157.9811,3159600
2016-11-29,158.0225,158.5110,157.8983,158.3206,2264900
2016-11-30,158.9666,159.1985,158.4449,158.4946,4774600
2016-12-01,158.8589,159.1239,158.6353,158.9086,8323900
2016-12-02,158.9169,158.9748,158.5194,158.7761,2773600
2016-12-05,159.3888,159.6372,158.9003,159.1735,2925600
2016-12-06,159.1239,159.4634,158.8837,159.3972,2669400
2016-12-07,159.3806,162.0470,159.3392,161.8731,7241300
2016-12-08,162.1629,162.9661,161.8151,162.5355,7032100
2016-12-09,162.6681,163.7280,162.6101,163.7032,4392300
2016-12-12,163.8273,164.2828,163.6948,164.0261,3791700
2016-12-13,164.7548,165.3841,164.4898,164.9784,5357500
2016-12-14,164.7630,165.4752,163.6368,164.0757,7456100
2016-12-15,164.4070,165.3510,164.2414,164.5064,6033000
2016-12-16,164.8981,165.1222,164.2674,164.4749,4467700
2016-12-19,164.5661,165.0640,164.4914,164.8151,2729400
2016-12-20,165.2799,165.6533,165.1969,165.4957,3062600
2016-12-21,165.5038,165.6532,165.2632,165.2798,2523500
2016-12-22,165.2300,165.2881,164.7985,165.1221,2250900
2016-12-23,165.1139,165.1969,164.9230,165.1886,1374200
2016-12-27,165.2799,165.5952,165.2550,165.3214,2340700
2016-12-28,165.5786,165.6118,164.3172,164.3836,3818100
2016-12-29,164.3088,164.7487,164.0101,164.3088,3018700
2016-12-30,164.5247,164.5413,163.4209,163.9105,4277400
2017-01-03,165.0723,165.2299,163.8855,164.6656,6669800
2017-01-04,164.9479,165.4459,164.8151,165.2716,4823200
2017-01-05,165.1055,165.3711,164.2341,164.9395,4124500
2017-01-06,164.9230,165.8359,164.4582,165.5703,4322600
2017-01-09,165.2218,165.3711,164.9396,164.9479,2303500
2017-01-10,164.9147,165.4873,164.4914,164.6491,3029200
2017-01-11,164.8400,165.6201,164.4416,165.4209,5209800
2017-01-12,165.0474,165.0723,163.9271,164.9395,3865200
2017-01-13,165.0723,165.4374,164.5826,164.8980,3468900
2017-01-17,164.5412,164.8565,163.9769,164.3918,3329800
2017-01-18,164.3835,164.5080,163.7362,164.2757,4634800
2017-01-19,164.3420,164.4499,163.2299,163.7196,3050900
2017-01-20,164.0875,164.6441,163.9048,164.4447,6999000
2017-01-23,164.3617,164.5694,163.6806,164.2953,3249700
2017-01-24,164.3036,165.4915,164.1624,165.1758,5205800
2017-01-25,166.1477,166.5963,165.9318,166.4883,4880800
2017-01-26,166.6379,166.9453,166.4884,166.7376,3999700
2017-01-27,166.7126,166.8621,166.5132,166.6628,3576500
2017-01-30,165.9982,166.0564,164.8269,165.6244,4718000
2017-01-31,165.0761,165.2174,164.1125,164.7771,4628100
2017-02-01,165.4167,165.6410,164.6442,165.0014,3676900
2017-02-02,164.6111,165.2839,164.4948,164.9849,2640600
2017-02-03,165.7905,166.6129,165.6742,166.4551,4857300
2017-02-06,166.1644,166.7209,165.9567,166.3720,2770900
2017-02-07,166.8787,167.2193,166.4966,166.6212,2606300
2017-02-08,166.5548,166.7126,166.2640,166.5631,2291500
2017-02-09,166.8206,167.8922,166.7791,167.5682,3487600
2017-02-10,168.0500,168.6315,167.8590,168.4155,2880300
2017-02-13,168.8974,169.8527,168.8974,169.6284,2637400
2017-02-14,169.5121,170.4425,169.4207,170.4342,3586600
2017-02-15,170.6169,171.5307,170.5339,171.4393,3646000
2017-02-16,171.5805,171.7217,170.9990,171.5223,4589600
2017-02-17,170.7819,171.5232,170.7736,171.4899,5747700
2017-02-21,172.0563,172.6727,171.9397,172.4811,3076400
2017-02-22,172.1980,172.8643,172.1230,172.7977,2254400
2017-02-23,173.3058,173.3807,172.5977,173.1059,3179900
2017-02-24,172.4895,173.2142,172.4812,173.1975,3703900
2017-02-27,173.0308,173.5639,172.9309,173.4973,3433700
2017-02-28,173.3473,173.5139,172.9892,173.2391,2821900
2017-03-01,174.8551,176.2461,174.8218,175.7713,7846100
2017-03-02,175.9129,175.9129,174.7884,174.8301,3336900
2017-03-03,174.9717,175.1882,174.4302,174.8467,2589000
2017-03-06,174.3053,174.7302,174.1054,174.4886,2524700
2017-03-07,174.2637,174.6385,174.0721,174.2304,2741000
2017-03-08,174.5719,174.5969,173.6140,173.7639,3173100
2017-03-09,173.8722,174.1637,173.1475,173.8139,4430100
2017-03-10,174.6634,174.6718,173.5556,174.2136,3004000
2017-03-13,174.1969,174.3718,173.7471,174.0387,2261800
2017-03-14,173.7306,173.9888,173.2391,173.7056,4433000
2017-03-15,173.9471,174.8467,173.8471,174.5718,5737000
2017-03-16,175.0632,175.0632,174.1303,174.4552,3018400
2017-03-17,174.8708,174.8708,174.2866,174.3116,2873200
2017-03-20,174.3034,174.6539,174.0613,174.2700,3308600
2017-03-21,174.7039,174.7874,172.1334,172.2169,6192400
2017-03-22,171.8914,172.4005,171.5075,172.2669,3898500
2017-03-23,171.9498,173.0097,171.8496,172.1835,3840000
2017-03-24,172.4088,172.6759,171.0902,171.7161,4052700
2017-03-27,170.4058,171.5158,170.0971,171.2822,4559600
2017-03-28,171.1569,172.8177,171.0150,172.5506,3538000
2017-03-29,172.3671,172.3921,171.8830,172.1835,2323900
2017-03-30,172.1752,172.9764,172.0500,172.7260,2849200
2017-03-31,172.5256,172.7009,172.1751,172.2085,4179600
2017-04-03,172.3587,172.4505,170.9900,172.1334,4436100
2017-04-04,171.9414,172.5674,171.7662,172.4672,2555400
2017-04-05,173.2518,174.1364,172.0583,172.1418,4110400
2017-04-06,172.3003,173.0013,171.8580,172.3003,3186900
2017-04-07,172.0834,172.8178,171.8330,172.2419,2609300
2017-04-10,172.3337,173.0264,171.8831,172.2503,2395200
2017-04-11,172.1084,172.2753,171.0401,172.2002,3511500
2017-04-12,172.1751,172.1751,171.3822,171.6493,2181700
2017-04-13,171.3739,171.8747,170.5560,170.5643,3605200
2017-04-17,171.0317,172.1417,170.9733,172.0666,2260900
2017-04-18,171.3906,171.7662,170.6061,171.1570,2497900
2017-04-19,171.3072,171.3406,169.9552,170.1304,3606400
2017-04-20,170.5476,172.0999,170.3974,171.6743,3873700
2017-04-21,171.6676,171.8513,171.0494,171.4504,3034800
2017-04-24,173.1879,173.4385,172.9373,173.2297,3220200
2017-04-25,174.5412,175.4016,174.4493,175.1510,3483600
2017-04-26,175.2596,175.7775,174.9506,174.9756,2865300
2017-04-27,175.1928,175.2262,174.6331,175.0508,1951700
2017-04-28,175.1093,175.1093,174.5580,174.6498,1934000
2017-05-01,174.9924,174.9924,174.3324,174.5162,1886000
2017-05-02,174.6665,174.8336,174.3742,174.6916,1359700
2017-05-03,174.6916,174.9756,174.1403,174.7668,1829400
2017-05-04,175.1259,175.1259,173.9147,174.7417,2640100
2017-05-05,174.6415,175.2346,174.3825,175.2262,1673800
2017-05-08,175.1677,175.4350,175.0257,175.3515,2311000
2017-05-09,175.5352,175.6856,174.7668,175.1009,1570100
2017-05-10,174.7417,175.2596,174.4994,174.9839,1394300
2017-05-11,174.6999,174.9588,173.8312,174.8168,3093700
2017-05-12,174.5579,174.8169,174.4326,174.5913,1575100
2017-05-15,174.9171,175.5269,174.9171,175.3598,1818500
2017-05-16,175.6856,175.8025,174.9672,175.3765,1746600
2017-05-17,173.8479,174.2406,172.3861,172.4697,5717400
2017-05-18,172.1021,173.7143,171.9601,172.8790,6653800
2017-05-19,173.2124,174.5193,173.0700,174.0669,4892800
2017-05-22,174.5277,174.9885,174.5277,174.8042,2246200
2017-05-23,175.1812,175.3906,174.8377,175.1979,3457500
2017-05-24,175.3655,175.9017,175.1645,175.7844,3479500
2017-05-25,176.3708,176.7059,176.1865,176.4211,2198200
2017-05-26,176.3875,176.5383,176.2032,176.3875,1152200
2017-05-30,176.1111,176.3708,175.9100,176.1111,1066600
2017-05-31,176.2786,176.2786,175.3655,175.9352,1577500
2017-06-01,176.1613,177.1080,175.8597,177.1080,1827900
2017-06-02,177.1500,177.7867,176.9992,177.5354,2314000
2017-06-05,177.4934,177.7867,177.3091,177.4934,1923000
2017-06-06,177.0494,177.4264,176.9154,177.0829,2094800
2017-06-07,177.3511,177.5438,176.8903,177.3762,1545800
2017-06-08,177.2924,178.1972,177.0997,177.4934,2030300
2017-06-09,177.7364,178.5071,177.2672,178.1720,4271100
2017-06-12,177.9961,178.2642,177.5102,177.9458,3682300
2017-06-13,178.2810,178.7753,178.2391,178.7585,2426500
2017-06-14,179.1019,179.2863,178.4317,179.1522,5423100
2017-06-15,178.3564,179.1188,178.2391,179.0266,2571800
2017-06-16,179.0551,179.2650,178.6271,179.2482,2372000
2017-06-19,179.9197,180.4652,179.6846,180.3897,2103300
2017-06-20,180.3644,180.5155,179.9280,179.9532,1762100
2017-06-21,180.1631,180.1631,179.3154,179.5252,2129400
2017-06-22,179.6845,179.8608,179.3320,179.3908,2697100
2017-06-23,179.1475,179.5755,178.8285,179.3993,1346800
2017-06-26,179.8608,180.2553,179.2229,179.5083,1940400
2017-06-27,179.3741,179.7266,178.6690,178.7194,1981600
2017-06-28,178.7194,180.0624,178.7194,179.8190,4693700
2017-06-29,180.0540,180.0791,177.6870,178.4508,4372600
2017-06-30,178.9041,179.6091,178.7530,178.9796,2216600
2017-07-03,179.5756,180.7759,179.5169,180.0289,2134700
2017-07-05,180.2386,180.3141,179.4748,180.1043,1799000
2017-07-06,179.6930,179.8273,178.7277,178.8956,2297500
2017-07-07,179.2313,179.7517,179.1306,179.6594,1326500
2017-07-10,179.3489,179.9112,179.2313,179.6091,1156300
2017-07-11,179.5419,179.8609,178.5096,179.6007,1577600
2017-07-12,180.4401,181.0444,180.3646,180.6499,2103300
2017-07-13,180.7087,180.9269,180.4569,180.8430,1587400
2017-07-14,180.7087,181.8669,180.5492,181.5144,2395500
2017-07-17,181.5647,181.7074,181.3297,181.4808,2291000
2017-07-18,181.0108,181.1367,180.1463,181.0443,2247500
2017-07-19,181.2039,181.5816,181.0109,181.5648,1785800
2017-07-20,181.7745,181.7829,181.0527,181.4556,1372000
2017-07-21,180.8137,181.1161,180.4523,181.0993,2217300
2017-07-24,181.0826,181.0826,180.3852,180.7297,1459600
2017-07-25,181.9144,181.9312,181.0658,181.3766,1924200
2017-07-26,182.1749,182.4690,181.9648,182.1749,2041000
2017-07-27,182.5698,182.9647,182.0236,182.9395,3202400
2017-07-28,182.7799,183.3092,182.5866,183.1916,2305000
2017-07-31,183.7210,184.0403,183.5866,183.7630,1765000
2017-08-01,184.6368,184.6872,184.1411,184.3259,2307100
2017-08-02,184.7125,184.9645,184.3848,184.7629,3063300
2017-08-03,184.7965,185.0486,184.6200,184.9057,2496400
2017-08-04,185.3931,185.4183,184.8806,185.3343,1877700
2017-08-07,185.4855,185.6788,185.3595,185.5695,1902800
2017-08-08,185.5275,186.2669,185.2250,185.4350,3623900
2017-08-09,185.1326,185.3679,184.8217,185.2754,3555800
2017-08-10,184.6956,184.7712,183.6368,183.6789,7832600
2017-08-11,183.8134,184.1999,183.6118,183.7630,4944500
2017-08-14,184.7544,185.0989,184.6956,184.8301,2605000
2017-08-15,185.3427,185.3427,184.7377,184.9898,1835700
2017-08-16,185.4435,185.7796,185.0905,185.2502,2476100
2017-08-17,184.8553,184.9142,182.9816,183.0152,3535800
2017-08-18,182.7700,183.3344,182.0625,182.3826,4468500
2017-08-21,182.3237,182.7111,181.7088,182.5595,3467200
2017-08-22,183.1238,184.3367,183.0311,184.2019,2423200
2017-08-23,183.6292,184.0082,183.4860,183.5534,3660200
2017-08-24,184.0841,184.0841,183.1660,183.3345,1934400
2017-08-25,183.8398,184.4041,183.6208,183.6545,2373300
2017-08-28,184.0420,184.1093,183.2249,183.5703,1425000
2017-08-29,182.5089,184.2609,182.4584,184.1177,2013300
2017-08-30,184.2525,184.5978,183.9492,184.4041,1804100
2017-08-31,184.9094,185.2127,184.5641,184.9010,2173000
2017-09-01,185.4148,185.6507,185.1622,185.2380,2150200
2017-09-05,184.9095,184.9095,182.9301,183.3429,3828600
2017-09-06,184.0757,184.1430,183.6545,183.8314,1915500
2017-09-07,184.0166,184.2272,183.3512,183.7134,1982800
2017-09-08,183.2921,184.1766,183.2163,183.8228,2135800
2017-09-11,184.9515,186.0549,184.9515,185.9454,3019300
2017-09-12,186.4256,186.6277,186.2066,186.5014,2072900
2017-09-13,186.4425,186.8131,186.3161,186.7878,1720800
2017-09-14,186.6952,187.3522,186.6699,187.2596,1893700
2017-09-15,187.4857,187.8571,187.3000,187.7558,2377700
2017-09-18,188.1525,188.5492,187.9415,188.3551,1827300
2017-09-19,188.5323,188.7855,188.4141,188.7096,2042800
2017-09-20,188.7011,189.0219,188.1778,188.9797,1819900
2017-09-21,188.9796,189.0387,188.5492,188.6167,1741400
2017-09-22,188.4057,188.6082,188.0681,188.3888,2448400
2017-09-25,188.3128,188.5829,187.3675,188.0681,2844300
2017-09-26,188.2706,188.6420,187.8992,187.9583,1314500
2017-09-27,188.5575,188.6588,187.6713,188.3212,2381500
2017-09-28,188.1947,188.8699,187.9668,188.7264,1462800
2017-09-29,188.5492,188.9543,188.3297,188.9121,2415800
2017-10-02,189.2244,190.2373,189.0809,190.1107,2611200
2017-10-03,190.5327,190.9885,190.4230,190.9547,2510000
2017-10-04,191.0813,191.3260,190.9040,191.0982,1746900
2017-10-05,191.2670,192.1532,191.1319,192.1363,2258500
2017-10-06,191.8831,192.1279,191.7903,192.0603,2090300
2017-10-09,192.3474,192.4065,191.8832,192.0435,1006800
2017-10-10,192.6174,192.8031,192.1363,192.6596,1417700
2017-10-11,192.7103,192.9804,192.5837,192.9550,1423600
2017-10-12,192.8538,193.1239,192.5668,192.7187,1307300
2017-10-13,193.0394,193.2589,192.8706,193.0563,1744300
2017-10-16,193.3434,193.7316,193.1239,193.6641,2373400
2017-10-17,193.8834,194.0944,193.7231,194.0016,1838000
2017-10-18,194.9723,195.5462,194.8963,195.3606,2720500
2017-10-19,194.8372,195.5293,194.5671,195.5209,2305400
2017-10-20,196.3681,196.9256,195.8782,196.9256,3275700
2017-10-23,197.3057,197.3057,196.4864,196.5202,2325100
2017-10-24,197.7535,198.2519,197.6268,197.9056,3300500
2017-10-25,198.0406,198.0406,196.2668,196.9510,3813300
2017-10-26,197.5845,198.0153,197.4493,197.5338,2581500
2017-10-27,197.6184,197.9394,197.1200,197.8042,2944200
2017-10-30,197.2551,197.7788,196.9426,197.0946,2672500
2017-10-31,197.3564,197.5845,196.9848,197.3480,1772000
2017-11-01,198.1674,198.5222,197.4325,197.8211,2675700
2017-11-02,197.8380,198.6490,197.0863,198.4716,2459400
2017-11-03,198.8093,198.8346,198.2011,198.6572,2574400
2017-11-06,198.6995,199.0036,198.5813,198.8516,2549900
2017-11-07,199.0966,199.2486,198.2434,198.8601,2390700
2017-11-08,198.8178,199.0205,198.4799,198.8938,1531900
2017-11-09,198.0744,198.7418,196.9510,198.2687,4225200
2017-11-10,198.0407,198.2265,197.7451,198.0238,2506600
2017-11-13,197.3734,198.3194,197.3480,198.2181,2452400
2017-11-14,197.6353,197.9563,196.7399,197.8971,2566500
2017-11-15,196.9510,197.3818,196.5202,196.7821,2823600
2017-11-16,197.8464,198.7418,197.8210,198.4292,2933400
2017-11-17,197.9399,198.1092,197.5927,197.6181,3483300
2017-11-20,197.8466,198.4478,197.6434,198.2615,2056600
2017-11-21,199.1252,199.8196,199.0660,199.5994,2749900
2017-11-22,199.8789,199.8789,198.9390,199.1253,2860800
2017-11-24,199.4555,199.7180,199.3285,199.3793,1435500
2017-11-27,199.4047,200.1075,199.3115,199.5994,2329500
2017-11-28,200.0990,201.8941,200.0228,201.8094,4844500
2017-11-29,202.4952,202.9186,202.1734,202.7238,3376100
2017-11-30,203.7907,206.1700,203.5621,205.6196,6586400
2017-12-01,205.8736,206.1276,202.7153,205.2894,9772700
2017-12-04,207.4571,207.9313,205.8144,205.8483,6565800
2017-12-05,206.4156,206.4241,204.7137,204.9169,4925600
2017-12-06,204.6713,205.3402,204.5273,204.5866,3976100
2017-12-07,204.2395,205.6451,204.1464,205.2133,2718300
2017-12-08,205.9160,206.2885,205.3995,206.2801,2704300
2017-12-11,206.4071,206.8051,206.1785,206.7458,1857800
2017-12-12,207.3893,208.1853,207.2793,207.8212,3282400
2017-12-13,208.0329,209.1336,207.9990,208.5494,3748700
2017-12-14,209.0489,209.2013,207.8466,207.9312,4713300
2017-12-15,208.9505,209.3663,208.6195,208.9844,5862800
2017-12-18,210.4781,210.9279,210.0707,210.2914,3285700
2017-12-19,210.7326,210.7581,209.5699,209.9603,2773600
2017-12-20,210.7496,210.8090,209.4172,209.6803,2401400
2017-12-21,210.2404,210.7157,209.9773,210.1810,2446700
2017-12-22,210.1131,210.1385,209.5954,209.9603,1847000
2017-12-26,209.5700,210.1216,209.5191,209.8331,2156700
2017-12-27,209.7482,210.2065,209.7058,210.0283,2930300
2017-12-28,210.4186,210.6308,210.2744,210.5799,2743300
2017-12-29,210.9533,210.9872,209.7652,209.9434,2951800
2018-01-02,210.7581,210.8685,209.8161,210.4866,4454900
2018-01-03,210.7412,211.5050,210.5290,211.2758,5528600
2018-01-04,212.1329,212.9476,211.8444,212.6761,4932900
2018-01-05,213.3380,214.5856,212.9901,214.4752,3349200
2018-01-08,214.5007,214.6874,214.0509,214.3649,3847500
2018-01-09,214.8826,215.8077,214.4753,215.4088,5031400
2018-01-10,214.8572,215.5022,214.2462,215.2391,2357600
2018-01-11,215.5616,216.9789,215.4343,216.9279,2760400
2018-01-12,217.7936,218.9308,217.6663,218.8799,3678400
2018-01-16,220.8828,221.2901,218.0313,218.7951,8102900
2018-01-17,220.0256,221.6635,219.4146,221.5702,6144400
2018-01-18,221.7059,221.7738,220.1274,220.7894,4860200
2018-01-19,220.8183,221.2429,220.1560,221.2344,4057600
2018-01-22,220.5211,222.4826,220.4616,222.4571,3359900
2018-01-23,222.3297,222.7203,221.8542,222.3636,3483300
2018-01-24,223.3232,223.9685,221.5145,222.9580,7106400
2018-01-25,223.8158,224.5036,222.8308,223.9601,5918900
2018-01-26,224.4441,225.8112,224.2148,225.7942,3861700
2018-01-29,225.4970,225.7857,224.2743,224.3083,4605600
2018-01-30,222.0325,222.8477,220.8522,221.3022,9409500
2018-01-31,223.3232,223.4591,221.0221,221.9986,5360500
2018-02-01,220.7334,223.2384,220.5805,222.1515,5182000
2018-02-02,220.4446,220.6485,216.3009,216.4707,9486600
2018-02-05,214.1695,216.5471,202.9949,206.5697,19888200
2018-02-06,202.3665,211.7155,201.7041,211.4013,20493100
2018-02-07,210.7900,214.6536,210.2211,211.2315,12657100
2018-02-08,211.4013,211.5032,202.5193,202.6637,15829100
2018-02-09,204.9904,207.2152,198.4945,205.5169,19858000
2018-02-12,207.2150,210.4587,206.3913,209.0322,10458400
2018-02-13,207.8009,209.9492,207.4698,209.3718,6234000
2018-02-14,208.1830,211.8513,208.0727,211.6900,5764000
2018-02-15,213.6600,214.4072,211.0022,214.4072,6111500
2018-02-16,214.0454,216.3355,213.8496,214.4966,6399000
2018-02-20,213.2026,214.1817,211.6277,212.2747,8685200
2018-02-21,212.4876,214.9649,210.8786,210.8871,5894800
2018-02-22,211.6618,213.9859,211.5767,212.3939,6342300
2018-02-23,213.5006,215.3395,212.8707,215.3054,5119000
2018-02-26,216.5058,218.9405,216.1993,218.7192,6120900
2018-02-27,218.8724,219.5194,216.1652,216.1993,7219200
2018-02-28,217.2379,217.7402,212.9983,212.9983,5299300
2018-03-01,213.0069,214.4201,208.0353,209.4059,8144800
2018-03-02,207.3371,209.3547,206.1538,208.8695,6393400
2018-03-05,207.5840,212.5131,207.5499,211.8405,4891000
2018-03-06,212.9813,212.9813,210.3167,211.8405,4408500
2018-03-07,209.3036,211.6192,208.9120,211.2191,5362600
2018-03-08,212.0875,212.5812,210.4614,212.0960,5846600
2018-03-09,213.6283,215.8587,213.1175,215.8587,3904000
2018-03-12,216.2759,216.8462,214.2753,214.4966,5512800
2018-03-13,215.4672,216.2079,212.5302,213.0155,6100900
2018-03-14,214.0285,214.2072,210.2061,211.0233,6222800
2018-03-15,211.8406,213.5092,210.9552,211.9768,5069600
2018-03-16,211.9973,213.3277,211.8011,212.4493,3430100
2018-03-19,211.7669,211.8352,208.3725,209.7286,5739500
2018-03-20,210.2233,211.3832,210.0783,210.7435,3258400
2018-03-21,210.7777,212.9184,210.0783,210.3342,4341400
2018-03-22,208.1764,208.9781,203.9803,204.1424,7449700
2018-03-23,204.6711,205.4557,200.2959,200.5347,7598700
2018-03-26,203.8608,206.5218,202.3001,206.2404,6589700
2018-03-27,207.2894,208.3214,202.0017,203.2298,6513100
2018-03-28,203.8694,205.3022,202.1722,203.2212,7983700
2018-03-29,204.3214,207.1956,203.8864,205.8821,6614500
2018-04-02,204.9696,205.5666,198.8886,201.4046,9217400
2018-04-03,202.4537,204.9015,201.6179,204.8162,9874500
2018-04-04,200.4665,207.1615,200.3727,206.7863,6437500
2018-04-05,207.9290,209.8821,207.5708,208.8757,4786400
2018-04-06,206.6498,208.3129,202.3343,203.9462,6985500
2018-04-09,205.6775,207.7926,204.2021,204.4579,5052000
2018-04-10,207.5452,208.9524,206.5644,208.1081,5977500
2018-04-11,206.5048,207.7414,205.8736,206.2915,4733100
2018-04-12,207.8097,209.6519,207.6221,208.7905,4742400
2018-04-13,210.1636,210.1977,206.6753,207.7414,5222500
2018-04-16,209.0548,210.3768,208.7137,209.4813,4018400
2018-04-17,211.6391,211.9205,210.8885,211.3406,3821900
2018-04-18,211.4088,211.6988,210.7265,210.9823,3645600
2018-04-19,210.5900,211.1529,209.3705,210.2915,3721800
2018-04-20,210.2335,210.4810,207.8613,208.6207,3396500
2018-04-23,209.1156,209.2180,207.4773,208.5098,2491000
2018-04-24,209.3972,209.5422,203.1935,204.8745,7088900
2018-04-25,205.0453,205.9327,203.1680,205.3951,5269200
2018-04-26,206.0181,208.1087,205.7536,207.4602,3845800
2018-04-27,207.3322,207.7333,206.3083,207.3152,3209800
2018-04-30,208.2965,208.9279,206.0863,206.1119,3475700
2018-05-01,205.3866,205.5572,203.0143,205.4463,4396600
2018-05-02,205.3183,206.2484,203.7055,204.0383,2729400
2018-05-03,203.0229,204.6527,200.6336,204.0298,6177500
2018-05-04,203.1850,207.5455,202.8181,206.9482,3600900
2018-05-07,207.7844,208.7828,206.9225,207.7161,2983800
2018-05-08,207.5028,208.1940,206.3679,207.7161,2927200
2018-05-09,208.4073,209.7897,207.5369,209.4057,3670500
2018-05-10,209.9177,211.7182,209.8921,211.1636,3877800
2018-05-11,211.3684,212.4265,211.0953,212.0852,3293500
2018-05-14,212.8275,213.5017,212.3497,212.7081,4286300
2018-05-15,211.6841,211.7780,210.3359,211.0356,4755900
2018-05-16,210.9246,211.8633,210.7454,211.5988,2034400
2018-05-17,211.4538,212.3840,210.6688,211.4026,2058200
2018-05-18,211.3400,211.8192,210.8694,211.3657,2408800
2018-05-21,213.2654,214.5063,213.2569,213.8816,4060300
2018-05-22,214.2495,214.3009,212.1530,212.3755,2329300
2018-05-23,211.2202,212.8204,210.9122,212.7605,3489400
2018-05-24,212.3327,212.5894,210.3816,212.1445,3448100
2018-05-25,211.7167,212.3071,211.1177,211.6824,4207000
2018-05-29,209.9795,210.6897,207.3524,208.3279,6439600
2018-05-30,209.7998,211.5027,209.2949,211.1090,4185900
2018-05-31,210.5100,210.5271,208.3792,208.9525,5357800
2018-06-01,210.6298,211.2202,210.2105,210.8180,3565300
2018-06-04,211.9819,212.7948,211.8279,212.3926,3062500
2018-06-05,212.3584,212.6322,211.5026,212.3498,2816400
2018-06-06,213.2827,215.2423,212.6922,215.2337,4102500
2018-06-07,215.8327,216.8168,215.4220,216.0980,4286800
2018-06-08,215.6102,216.8510,215.4476,216.7312,4451000
2018-06-11,217.0306,217.4927,216.5172,216.8338,4200200
2018-06-12,217.1334,217.1591,216.1236,216.7569,6531000
2018-06-13,216.8595,217.1418,215.6700,215.7983,3819000
2018-06-14,216.6371,216.9451,215.2508,215.6358,5007000
2018-06-15,214.4840,215.2810,213.1985,214.8868,6340800
2018-06-18,213.2243,214.1670,212.6587,214.0213,4075500
2018-06-19,211.3387,211.8786,210.4217,211.5787,5511100
2018-06-20,212.5043,212.5214,210.9274,211.2188,4711700
2018-06-21,210.6789,210.7732,209.0506,209.5391,4676600
2018-06-22,210.7560,211.2617,210.3447,210.5589,3584900
2018-06-25,209.2648,209.4534,206.2824,207.6622,9536000
2018-06-26,208.1850,208.8449,207.6280,207.9708,3829900
2018-06-27,208.4849,210.4646,206.5481,206.6423,6149300
2018-06-28,206.0853,208.2193,205.5368,207.4651,5524000
2018-06-29,208.6649,209.9333,207.9022,208.0222,3966200
2018-07-02,206.4710,208.2878,206.2139,208.0222,5700300
2018-07-03,209.1620,209.3677,206.8395,207.1052,3143800
2018-07-05,208.3650,208.8278,207.1309,208.7249,3294600
2018-07-06,208.5193,210.1390,208.0908,209.6248,3546000
2018-07-09,210.6361,212.5386,210.6189,212.4015,3679300
2018-07-10,212.9843,213.8070,212.9243,213.5927,3474700
2018-07-11,211.9730,212.6757,211.3731,211.7502,4409800
2018-07-12,213.4556,213.7727,212.6843,213.6527,3175400
2018-07-13,213.6013,214.6469,213.3356,214.4241,3018100
2018-07-16,214.5869,214.8954,214.1070,214.8269,1881400
2018-07-17,214.7239,215.5981,214.1669,215.3496,2960100
2018-07-18,215.4438,216.1123,215.1267,215.9923,2119600
2018-07-19,215.2981,215.6409,214.7754,214.9296,2537400
2018-07-20,214.3702,215.4170,214.2500,214.9022,2687800
2018-07-23,214.7049,215.0395,214.1986,214.7478,1792000
2018-07-24,215.6059,216.8072,215.4342,216.4211,5485300
2018-07-25,215.8719,218.0943,215.3227,217.9742,4687600
2018-07-26,218.4033,219.3986,218.3432,218.9181,4175000
2018-07-27,218.9096,219.3301,217.5109,218.1802,5852900
2018-07-30,218.4118,218.6349,216.8158,216.9874,4484200
2018-07-31,217.6910,218.5405,217.6138,218.1029,3743100
2018-08-01,217.8712,218.5062,216.7214,217.1933,3159000
2018-08-02,215.7689,217.4508,215.4085,217.1848,4132600
2018-08-03,217.1333,218.3861,217.1333,218.2917,2469400
2018-08-06,218.1457,219.0210,217.6394,218.6863,2305400
2018-08-07,219.6560,220.3253,219.3728,219.7762,2394500
2018-08-08,219.6475,219.7762,219.1413,219.3472,1876800
2018-08-09,219.4673,219.8706,218.8152,218.9525,1677300
2018-08-10,217.6824,217.8712,216.5840,217.3563,4796900
2018-08-13,217.5881,217.9227,215.9834,216.2752,3686700
2018-08-14,216.8929,217.5708,216.4382,217.2791,2815800
2018-08-15,216.1036,216.4125,214.4045,216.0349,5804000
2018-08-16,218.2745,220.0250,218.1973,219.6217,7919200
2018-08-17,219.4738,221.0990,219.3018,220.5745,3902500
2018-08-20,221.0904,221.6150,220.9701,221.3656,2930700
2018-08-21,221.7956,222.4577,221.6494,221.9160,3290900
2018-08-22,221.8558,222.0278,221.0389,221.1507,3850600
2018-08-23,220.8240,221.4775,220.1188,220.5574,2811900
2018-08-24,221.2023,222.0106,220.9873,221.7269,3631500
2018-08-27,222.9307,224.1345,222.9307,224.0743,4111600
2018-08-28,224.6935,224.7107,223.8766,224.1260,2713600
2018-08-29,224.2635,225.0976,223.9540,224.7193,2433900
2018-08-30,224.2120,224.5645,223.1027,223.5843,3867200
2018-08-31,223.2230,223.9970,222.6985,223.4466,3081800
2018-09-04,222.9049,223.5068,222.0364,223.3434,2945000
2018-09-05,222.9048,223.8421,222.6469,223.5068,3282400
2018-09-06,223.6960,224.4785,222.7501,223.8250,3878500
2018-09-07,222.9994,223.8679,222.2513,223.1800,3796400
2018-09-10,224.0227,224.1345,222.5953,222.6641,2247600
2018-09-11,221.9418,224.0141,221.7010,223.6014,3072900
2018-09-12,223.7046,225.0976,223.2144,223.7906,4971200
2018-09-13,224.7967,225.4846,224.4269,225.1063,2472300
2018-09-14,225.3041,225.6996,224.4527,225.2009,3077700
2018-09-17,225.0547,225.4588,224.1260,224.4183,2473500
2018-09-18,224.6506,226.6111,224.5904,226.0780,2998900
2018-09-19,226.2414,227.8666,226.2414,227.3764,4001000
2018-09-20,228.7350,229.8615,228.7264,229.6293,5247100
2018-09-21,230.5392,230.5909,229.7120,230.1687,3944500
2018-09-24,229.7896,229.8069,228.5575,228.7039,3778600
2018-09-25,229.2295,229.3070,227.9370,228.1093,1820400
2018-09-26,228.1782,229.0657,226.8512,227.2906,3365900
2018-09-27,227.6958,228.6608,227.1271,227.6958,2440100
2018-09-28,227.1012,228.2903,227.0495,227.8250,3288800
2018-10-01,229.2899,230.1946,228.9797,229.8328,5828100
2018-10-02,229.2985,230.9443,229.2468,230.5566,4553400
2018-10-03,231.5905,232.0299,230.6427,230.8839,5827700
2018-10-04,230.6598,230.6771,227.9800,229.4190,8720900
2018-10-05,229.4966,229.7379,226.5325,227.7561,7477100
2018-10-08,226.8340,228.5229,225.8258,228.1954,6236400
2018-10-09,227.8077,228.6177,226.7393,227.6785,4559100
2018-10-10,227.5148,227.5837,220.4147,220.6387,12292000
2018-10-11,219.4926,221.2160,214.4346,215.6496,15270300
2018-10-12,219.1738,219.3892,215.3566,218.2604,8634400
2018-10-15,217.8900,219.5013,217.4333,217.4333,5500900
2018-10-16,219.3979,222.4051,218.8464,222.2414,7099800
2018-10-17,221.3798,222.3276,219.4410,221.4229,6822400
2018-10-18,220.6818,221.3280,217.4161,218.5879,8694600
2018-10-19,219.1958,220.7046,218.4284,219.2734,6618300
2018-10-22,219.9201,220.2391,217.4455,218.1698,4662600
2018-10-23,214.7209,218.0749,213.4104,216.9885,7360500
2018-10-24,217.6179,218.0404,211.3929,211.7895,7624300
2018-10-25,213.2466,216.3505,212.3154,215.3504,5920200
2018-10-26,213.2897,214.7210,210.6428,212.5569,5882900
2018-10-29,214.4451,215.7556,207.8320,210.7807,6833300
2018-10-30,210.7549,214.6347,210.4531,214.4278,6151100
2018-10-31,216.3592,218.3250,215.8850,216.5747,5376400
2018-11-01,217.4025,218.8510,216.3334,218.7648,3267900
2018-11-02,220.1873,220.3770,216.0488,217.6697,6413400
2018-11-05,217.9973,219.7993,217.7042,219.4113,2833700
2018-11-06,219.4544,221.0495,219.2820,220.9201,2193300
2018-11-07,222.8429,225.7743,222.0152,225.7054,4462300
2018-11-08,225.4899,226.7314,225.0071,225.9813,4023400
2018-11-09,225.1707,225.4208,223.3429,224.2482,4386500
2018-11-12,223.9120,224.1017,218.7216,219.1871,10153000
2018-11-13,218.8509,220.1787,217.4714,218.1870,3937900
2018-11-14,219.8769,220.1097,215.2642,216.3333,5610300
2018-11-15,215.7211,218.9975,214.1261,218.3250,5667000
2018-11-16,217.6085,220.3482,217.2196,219.5617,4529500
2018-11-19,219.1814,219.3283,215.0589,215.9404,4249600
2018-11-20,212.9157,213.4083,210.4698,211.3082,7341100
2018-11-21,212.4663,213.1491,211.3774,211.4379,4257600
2018-11-23,210.2278,210.9019,209.7611,209.8475,1928000
2018-11-26,211.6279,213.2354,211.4637,212.9416,3435500
2018-11-27,211.8958,213.9268,210.9970,213.9009,2932000
2018-11-28,215.3010,219.3802,214.8429,219.3802,5132500
2018-11-29,219.1728,220.3568,217.9802,219.1642,3471100
2018-11-30,218.7407,221.1087,218.5073,220.8235,2991800
2018-12-03,224.8509,224.9632,222.1285,223.6064,9544200
2018-12-04,222.6644,223.0101,216.3900,216.6925,5376900
2018-12-06,212.9157,215.9492,209.8562,215.8195,8232800
2018-12-07,215.7677,217.2801,210.2624,211.1440,5963700
2018-12-10,210.8241,212.1637,206.7708,211.4896,6021000
2018-12-11,214.7133,214.7651,209.7180,211.0748,5646500
2018-12-12,213.8058,214.9898,212.3020,212.5008,3734800
2018-12-13,212.9675,214.2121,211.8872,212.8379,4455300
2018-12-14,210.9279,211.5933,208.1277,208.6463,6591200
2018-12-17,207.4536,208.6289,203.1410,204.3336,7036700
2018-12-18,206.0708,207.2548,203.6769,205.1374,5349600
2018-12-19,205.3016,208.4561,200.5655,201.7322,9545700
2018-12-20,201.0150,201.6891,196.1406,197.8172,11912800
2018-12-21,198.4550,201.4534,193.9835,194.1915,10242700
2018-12-24,192.8137,193.5156,188.8101,189.0008,7024000
2018-12-26,189.9452,198.2210,188.0214,198.1950,9761100
2018-12-27,195.4480,200.5001,192.8396,200.4048,7952000
2018-12-28,201.6614,202.6146,199.0270,199.7289,7266800
2018-12-31,201.3321,202.1380,200.2229,202.0860,5079600
2019-01-02,198.6803,202.7792,198.5677,202.2246,5319500
2019-01-03,200.3962,200.5435,196.1586,196.4706,7350200
2019-01-04,199.3129,203.8018,199.0790,203.0219,7343700
2019-01-07,203.5072,205.2750,201.8694,203.9578,5101600
2019-01-08,206.1937,206.8176,204.3305,206.1763,4845800
2019-01-09,207.0515,207.8748,206.0550,207.0429,4872000
2019-01-10,205.9337,208.1175,205.4138,207.9788,3052200
2019-01-11,206.9995,207.9267,206.2109,207.8748,2047200
2019-01-14,206.1849,207.6755,205.9336,207.0602,2330700
2019-01-15,207.0602,208.8713,207.0169,208.5334,3940300
2019-01-16,209.1573,210.4919,208.9667,209.5906,3718500
2019-01-17,209.0447,212.1470,208.8800,211.2718,4108400
2019-01-18,213.0269,214.5445,212.0383,214.2410,5393200
2019-01-22,212.7669,213.1051,210.1653,211.5961,5218500
2019-01-23,213.4605,214.1283,210.7115,213.0876,4330300
2019-01-24,212.8708,213.5039,211.7088,212.8708,2840400
2019-01-25,214.5359,215.5419,213.9202,214.5359,4110600
2019-01-28,212.2291,212.6627,210.8503,212.5500,3560300
2019-01-29,212.7668,213.8941,212.4199,213.0790,2432900
2019-01-30,215.4204,217.6665,214.8741,216.9554,5686200
2019-01-31,215.8887,217.1721,215.3597,216.9033,5649600
2019-02-01,217.3803,218.4036,216.5825,217.2155,3971400
2019-02-04,217.1721,218.8372,216.5217,218.8112,2576100
2019-02-05,219.7131,220.4415,219.2361,220.2334,3090500
2019-02-06,219.9472,220.5716,219.4442,220.1553,1913500
2019-02-07,218.8806,219.6958,216.9467,218.4470,3884800
2019-02-08,217.2415,217.9873,216.0448,217.9439,2942300
2019-02-11,218.6377,218.8112,217.1028,217.6144,2677600
2019-02-12,219.1581,221.0312,219.1147,220.7277,3080600
2019-02-13,221.5949,222.4881,221.2393,221.8290,2918200
2019-02-14,220.7364,222.1499,219.9386,221.2741,3811000
2019-02-15,222.7593,224.9419,222.7419,224.9158,4751100
2019-02-19,224.3159,225.6377,224.3159,225.0550,2744500
2019-02-20,225.0636,225.8810,224.6288,225.6549,2454000
2019-02-21,225.1680,225.4288,223.9158,224.8114,3197200
2019-02-22,225.4463,226.4463,225.2289,226.2376,3938500
2019-02-25,227.6985,228.1419,226.7419,226.8637,3585000
2019-02-26,226.0550,227.3941,225.7419,226.5593,3080200
2019-02-27,225.9333,226.4550,225.0202,225.9767,2777200
2019-02-28,225.9679,226.4114,225.2723,225.4636,2772900
2019-03-01,227.0897,227.4289,225.4201,226.4549,3676900
2019-03-04,227.3941,227.5506,222.7854,224.5941,4823900
2019-03-05,224.5419,225.0984,223.8202,224.5158,2107200
2019-03-06,224.5593,224.7419,223.0028,223.3680,3222000
2019-03-07,222.9592,223.0375,220.5331,221.5766,4104600
2019-03-08,219.8984,221.6549,219.7766,221.4897,5495800
2019-03-11,219.8723,223.3332,219.5331,223.2723,5469400
2019-03-12,222.8201,223.4549,222.1158,222.4897,6570500
2019-03-13,223.3419,224.4115,222.6202,223.7854,5272800
2019-03-14,223.7680,224.2985,223.1506,223.9507,3409600
2019-03-15,224.4603,225.8285,223.3710,225.1226,4225100
2019-03-18,224.7741,225.8024,224.5737,225.6891,2786200
2019-03-19,226.6650,227.4057,224.8263,225.5932,4761400
2019-03-20,225.2273,225.8460,223.5628,224.2077,4382600
2019-03-21,223.4147,226.5431,223.3885,226.2032,3800000
2019-03-22,224.7567,225.3841,222.0988,222.1772,6226500
2019-03-25,221.9419,222.9876,220.9659,222.2731,4982500
2019-03-26,223.9985,224.6782,222.4736,223.4844,3278700
2019-03-27,223.6325,224.3296,221.4278,223.1794,3166200
2019-03-28,223.8852,224.1989,222.7262,224.0246,2434400
2019-03-29,225.3317,225.9940,224.4516,225.8110,4255900
2019-04-01,227.6411,228.8872,227.0747,228.6519,6051700
2019-04-02,228.3122,228.3732,227.5105,228.0420,2320000
2019-04-03,228.8174,228.9394,227.6323,228.3120,3265500
2019-04-04,228.5037,230.0025,228.4078,229.8631,4397000
2019-04-05,230.5429,230.7869,229.7150,230.1943,3112700
2019-04-08,229.0353,229.5321,228.6345,229.3752,3231700
2019-04-09,228.4166,228.4340,227.3970,227.8850,4161200
2019-04-10,228.2249,228.3731,227.4406,227.9635,3602600
2019-04-11,228.2423,228.5299,227.0746,227.7892,2731700
2019-04-12,229.9417,230.3948,229.2532,230.1160,3395200
2019-04-15,230.0723,230.2205,229.3142,229.8894,2190300
2019-04-16,231.1703,231.2051,229.9938,230.5167,2536000
2019-04-17,231.0134,231.0918,229.9851,230.5167,2873600
2019-04-18,231.0470,231.8753,230.5064,231.5527,3469200
2019-04-22,230.7156,231.4480,230.5760,231.1254,1604200
2019-04-23,231.4567,232.6861,231.1166,232.3548,3399200
2019-04-24,232.2677,232.5467,231.7009,231.8666,1899800
2019-04-25,230.2447,231.2823,229.3030,230.6545,2333800
2019-04-26,230.5586,231.3608,230.0703,231.3608,1883100
2019-04-29,231.3434,231.8578,231.1341,231.4480,1522500
2019-04-30,231.9450,231.9885,230.2795,231.7531,2259200
2019-05-01,232.3460,232.6425,230.3144,230.3231,2902500
2019-05-02,229.9831,230.5847,228.1694,229.2158,3660200
2019-05-03,230.4714,231.2823,229.8436,231.0382,2161600
2019-05-06,227.0098,230.8027,226.7743,230.4277,3282600
2019-05-07,228.4310,228.8757,224.7950,226.2861,6758100
2019-05-08,226.1902,227.6725,225.6670,226.4082,4115200
2019-05-09,224.7340,225.9111,222.6675,225.3444,7175400
2019-05-10,224.5945,227.1754,222.3798,226.6348,5456100
2019-05-13,222.0572,222.9553,220.2436,221.0109,6326000
2019-05-14,221.8218,224.2894,221.6823,223.0512,4308800
2019-05-15,221.6212,224.6381,221.2462,224.0190,4151400
2019-05-16,224.9607,226.7744,224.8299,225.9722,3889400
2019-05-17,224.0876,226.7362,223.9565,225.0316,3652900
2019-05-20,223.9565,225.0054,223.3271,224.3586,2613300
2019-05-21,225.6960,226.2904,225.2415,226.1942,2376700
2019-05-22,225.4425,226.2729,225.0579,225.1715,2942600
2019-05-23,223.1785,223.2047,221.3953,222.6890,4616900
2019-05-24,223.9565,224.3674,222.9164,223.8779,2258900
2019-05-28,223.8779,224.8306,221.5527,221.5615,4580100
2019-05-29,220.3464,220.5212,218.0737,219.6384,5192100
2019-05-30,220.0754,220.5736,219.2450,220.1628,3454700
2019-05-31,217.9950,218.5894,216.9723,216.9723,4891100
2019-06-03,217.0772,218.1874,215.9409,217.2171,5479600
2019-06-04,219.1663,221.7624,218.9740,221.7187,3796100
2019-06-05,223.0910,223.5980,222.0858,223.5368,2792400
2019-06-06,223.8778,225.8271,223.3621,225.2764,2796200
2019-06-07,225.9232,228.2484,225.8708,227.4879,3124900
2019-06-10,228.9127,229.4546,228.0910,228.1347,3495900
2019-06-11,229.5945,229.7781,224.6033,228.0386,2792100
2019-06-12,227.9686,228.3707,227.2606,227.6627,1725500
2019-06-13,228.4406,228.9127,227.5928,228.6329,1882700
2019-06-14,228.3532,229.1312,227.6452,228.5893,2260900
2019-06-17,228.7029,229.1749,228.1172,228.7378,1319500
2019-06-18,230.0928,232.3393,229.8393,231.9284,6147700
2019-06-19,231.9896,232.6976,231.3165,232.1294,3920800
2019-06-20,234.3060,234.6993,232.4266,234.3322,3471800
2019-06-21,234.1982,235.6614,233.8565,234.0317,4446800
2019-06-24,234.2331,234.7413,234.0316,234.0929,1654200
2019-06-25,234.2858,234.2945,232.3056,232.4195,7240300
2019-06-26,233.1730,233.4972,232.3756,232.3844,2141400
2019-06-27,232.5860,232.9890,231.7536,232.3231,1991500
2019-06-28,233.0153,233.2957,232.2530,232.9365,2176200
2019-07-01,235.2145,235.4774,233.0678,233.9177,3970200
2019-07-02,233.8038,234.5837,233.1905,234.5223,2775300
2019-07-03,235.1181,236.2221,235.0655,236.1870,1262900
2019-07-05,235.4424,236.1170,234.2245,235.9330,2157000
2019-07-08,234.7326,235.1970,234.3559,234.8728,1423400
2019-07-09,233.6987,234.9253,233.6724,234.6975,1407000
2019-07-10,235.5562,236.4675,234.9692,235.4248,1978600
2019-07-11,236.2747,237.3787,235.8979,237.3787,2238500
2019-07-12,238.0271,239.5430,237.9746,239.5430,2411200
2019-07-15,239.6832,239.7270,239.1662,239.7270,2624500
2019-07-16,239.7445,240.0687,239.1137,239.5693,1780400
2019-07-17,239.4991,239.5955,238.4827,238.5703,1550800
2019-07-18,238.0271,238.9822,237.2298,238.5616,2119000
2019-07-19,239.5551,239.6954,237.9591,238.0380,2364300
2019-07-22,238.3186,238.6606,237.4680,238.2134,1623500
2019-07-23,239.2132,239.9322,238.4766,239.7042,1722900
2019-07-24,238.7396,239.2658,238.3713,239.0553,2355400
2019-07-25,238.9413,239.0290,237.2226,237.9855,2348600
2019-07-26,238.2135,238.5642,237.7399,238.3976,1731300
2019-07-29,238.3976,239.1166,238.2485,238.6343,1346000
2019-07-30,237.7223,238.6519,237.3102,238.4414,1670600
2019-07-31,238.7835,239.1167,234.2235,235.4688,5058800
2019-08-01,235.7318,238.2661,232.7328,233.0485,7225300
2019-08-02,232.5662,232.9696,230.1284,232.2154,5691500
2019-08-05,228.8655,229.0058,223.7268,225.4544,6608200
2019-08-06,226.7259,228.3131,225.4105,228.2518,4991000
2019-08-07,225.4807,228.6025,223.0517,228.2079,5089500
2019-08-08,229.2777,231.6191,228.5060,231.6191,3637100
2019-08-09,231.0140,231.8909,229.0936,230.7860,3773000
2019-08-12,229.2428,229.9004,226.7348,227.4714,3072700
2019-08-13,227.1819,232.0575,226.7960,230.7772,4326300
2019-08-14,227.2783,227.7607,223.6655,223.6830,6148000
2019-08-15,224.7002,225.3229,222.6746,224.8055,4034800
2019-08-16,226.3036,227.9390,225.8464,227.6137,2743200
2019-08-19,230.3921,230.5767,229.3194,229.7766,1971800
2019-08-20,229.4865,229.9700,228.1325,228.3259,1975200
2019-08-21,230.2074,230.9372,229.9085,230.3833,2156300
2019-08-22,230.9811,231.9570,229.4337,230.8492,2329200
2019-08-23,229.7150,231.4031,224.2374,225.3365,6293900
2019-08-26,227.7192,228.0885,226.1190,227.8071,3145200
2019-08-27,229.0468,229.0908,226.1717,226.6641,3077200
2019-08-28,225.9783,229.0028,225.3804,228.9413,2741700
2019-08-29,231.1834,232.3263,230.3569,232.0274,3740600
2019-08-30,233.2319,233.3462,231.3856,232.2296,2442400
2019-09-03,230.4184,230.5327,228.6247,229.8469,3082900
2019-09-04,231.7461,232.0714,231.0339,232.0538,1963100
2019-09-05,234.5156,236.2564,234.4892,235.3508,3614800
2019-09-06,235.6938,236.4587,235.1135,235.9136,2470100
2019-09-09,236.3796,236.8631,235.6586,236.3356,2243400
2019-09-10,236.0542,236.8806,235.2365,236.8542,2654300
2019-09-11,237.1445,238.9205,236.7049,238.8766,1899800
2019-09-12,239.6942,240.4152,238.6743,239.4305,3272200
2019-09-13,240.0460,240.2746,239.5536,239.6767,2182700
2019-09-16,238.7974,239.3337,238.0940,238.4193,4077500
2019-09-17,237.9094,238.7798,237.7160,238.7623,1756200
2019-09-18,238.4809,239.2635,236.9335,239.1228,3052600
2019-09-19,239.5624,240.2042,238.3842,238.6392,2965600
2019-09-20,239.1830,239.5091,237.1560,237.2970,4076900
2019-09-23,236.4156,237.9314,236.2569,237.3938,1898300
2019-09-24,238.3281,238.4955,235.2082,236.1688,3733300
2019-09-25,236.5477,238.0724,235.6840,237.5877,3391800
2019-09-26,237.9667,237.9667,236.1071,236.9708,2401100
2019-09-27,237.5877,237.9315,235.3139,236.1864,3171000
2019-09-30,236.6448,237.8081,236.6448,237.2352,2128800
2019-10-01,237.7465,238.2136,233.9480,233.9920,3558400
2019-10-02,232.7228,232.7228,228.7657,229.7792,6690100
2019-10-03,229.4180,230.9338,226.8357,230.9162,5610300
2019-10-04,231.6829,234.3005,231.5419,234.1330,2937500
2019-10-07,233.4807,234.8732,232.8374,233.3221,2104200
2019-10-08,231.4713,232.8550,230.3344,230.5371,3505200
2019-10-09,232.1764,232.8814,231.3303,232.1676,2020800
2019-10-10,231.9914,234.4591,231.8856,233.5601,2100800
2019-10-11,235.9926,238.0813,235.8604,236.3363,4177000
2019-10-14,235.8428,236.8387,235.7017,236.0719,1194600
2019-10-15,237.1823,239.0066,236.9531,238.1517,3168900
2019-10-16,237.7729,238.4515,237.4291,238.0284,2415000
2019-10-17,238.5484,238.9714,237.7023,238.2928,1883400
2019-10-18,237.7664,242.5198,236.0114,236.0291,2232400
2019-10-21,236.3994,236.6728,235.8173,236.5316,1379600
2019-10-22,236.7698,237.5635,236.1348,236.1877,2534300
2019-10-23,236.4523,237.1402,235.7821,236.5582,1693400
2019-10-24,237.2460,237.3342,235.5175,236.3289,1843700
2019-10-25,236.0996,238.2161,236.0202,237.7575,1825200
2019-10-28,238.7981,239.5036,238.2778,238.8246,1809600
2019-10-29,238.5247,239.5213,238.3836,238.8775,2884600
2019-10-30,238.8775,239.8652,238.0044,239.6447,2144700
2019-10-31,239.4949,239.5742,237.2901,238.5336,3021000
2019-11-01,239.7505,241.0558,239.6006,241.0558,2989400
2019-11-04,242.2816,242.5638,241.6025,242.1228,1543200
2019-11-05,242.5902,242.9695,242.0170,242.3521,1706300
2019-11-06,242.5375,242.7050,241.6291,242.3434,1605900
2019-11-07,243.8954,245.2094,243.8954,244.3275,3023800
2019-11-08,244.4247,244.4952,243.4457,244.3453,1512000
2019-11-11,243.2164,244.6451,242.8637,244.4246,1729000
2019-11-12,244.6627,245.1565,243.9660,244.5392,1694000
2019-11-13,243.7014,245.5181,243.5515,245.2094,2595600
2019-11-14,245.0596,245.4476,244.3629,245.3683,1582600
2019-11-15,246.3878,247.3420,246.0609,247.3331,2363300
2019-11-18,247.1741,247.7042,247.0416,247.6247,1790500
2019-11-19,248.1194,248.1283,246.3877,246.7942,1928300
2019-11-20,246.1846,246.4143,244.4882,245.7958,2463600
2019-11-21,245.9108,245.9903,244.8771,245.3718,1382100
2019-11-22,245.9548,246.5291,245.4335,246.3789,1419300
2019-11-25,247.1034,248.1018,247.0681,248.0929,1811100
2019-11-26,248.3314,248.7820,247.9250,248.5876,1300300
2019-11-27,248.8085,249.0735,248.2784,249.0735,1786300
2019-11-29,248.5348,248.7733,248.1284,248.2256,811900
2019-12-02,248.6673,248.7026,245.7958,245.7958,2544300
2019-12-03,243.3484,243.5340,241.7493,243.4191,3834300
2019-12-04,244.7357,245.4071,244.3911,244.7798,1928500
2019-12-05,245.4954,245.4954,243.9846,245.0536,1453000
2019-12-06,246.9004,248.2168,246.8474,248.0048,2686400
2019-12-09,247.7750,248.0224,247.1212,247.1742,1206100
2019-12-10,247.1123,247.5099,246.1758,246.9091,1406900
2019-12-11,246.6175,247.2979,246.1934,247.1388,1921700
2019-12-12,246.9622,249.9927,246.7148,249.1092,3768600
2019-12-13,249.0914,250.5757,248.2697,249.2504,3065500
2019-12-16,249.9749,251.0175,249.9749,250.0986,2117200
2019-12-17,250.2046,250.9203,249.9572,250.3901,1697900
2019-12-18,250.7347,250.8408,250.1693,250.2223,1592600
2019-12-19,250.6110,251.3973,250.5403,251.3266,1815100
2019-12-20,252.3600,252.6258,251.9700,252.0941,3637000
2019-12-23,252.8740,253.1576,252.7056,252.8651,2564700
2019-12-24,253.1310,253.1310,252.4575,252.5815,611600
2019-12-26,252.7765,253.5475,252.7499,253.5121,931600
2019-12-27,254.1945,254.2122,253.3703,253.7514,1930200
2019-12-30,253.7602,253.8223,251.7928,252.1562,2552900
2019-12-31,251.6067,252.8474,251.2965,252.6613,1341300
2020-01-02,253.8489,255.7897,253.5918,255.7808,3865500
2020-01-03,252.8741,254.4427,252.7323,253.7426,3296700
2020-01-06,251.9436,254.3719,251.8284,254.3276,1645100
2020-01-07,253.7248,254.1591,253.0867,253.2285,1413000
2020-01-08,252.8563,255.8251,252.6436,254.6996,3136700
2020-01-09,256.0734,256.8621,255.6125,256.6140,1783100
2020-01-10,256.9684,257.0393,255.0896,255.4441,2989600
2020-01-13,255.9315,256.1885,255.3555,256.1353,1463300
2020-01-14,256.0024,257.4381,255.8695,256.3126,2198500
2020-01-15,256.1264,258.1027,256.0733,257.3140,2195100
2020-01-16,258.4482,259.6357,258.3064,259.6003,2522000
2020-01-17,260.2460,260.3258,259.5988,260.0244,2147400
2020-01-21,259.2883,260.0331,258.3396,258.7474,4476900
2020-01-22,259.3415,259.8468,258.5257,258.7297,2077000
2020-01-23,257.7900,258.7741,256.7703,258.4904,1872600
2020-01-24,259.3771,259.5810,255.6532,256.9477,3612500
2020-01-27,252.5588,254.1548,251.6811,253.0110,4129100
2020-01-28,253.7735,255.5201,253.3567,254.7222,2999200
2020-01-29,256.2294,256.4866,254.6512,254.7222,2126300
2020-01-30,253.2858,256.0344,252.5588,255.8305,3433200
2020-01-31,254.4294,254.6689,249.6859,250.4041,4885700
2020-02-03,251.5303,253.8090,251.3618,251.7874,3157400
2020-02-04,255.0679,256.2383,254.8374,255.3871,3004100
2020-02-05,257.7989,259.8204,257.0807,259.6608,3305900
2020-02-06,260.6892,260.7956,259.2972,260.4409,2857200
2020-02-07,259.5720,259.6163,257.7101,258.1800,3839300
2020-02-10,257.3023,259.7494,257.2669,259.7406,2877700
2020-02-11,260.9818,261.0438,259.1464,259.7316,1994500
2020-02-12,261.2301,262.3295,261.1414,262.1965,2804400
2020-02-13,261.0172,262.3028,260.6005,261.3985,2638000
2020-02-14,261.5315,261.6734,260.1395,261.1502,1861700
2020-02-18,259.9179,260.5652,258.6855,259.7406,2397800
2020-02-19,260.4676,261.3099,260.1307,260.7602,1474400
2020-02-20,260.2814,260.9286,257.2757,259.5898,3493900
2020-02-21,258.5442,258.7665,256.7216,257.6018,3271800
2020-02-24,249.2355,251.4138,248.0264,248.5509,6595200
2020-02-25,249.6535,250.1514,239.9448,240.6738,9903700
2020-02-26,241.8208,244.7725,239.0113,239.8203,7477600
2020-02-27,235.4815,238.0332,228.8401,228.9379,11188900
2020-02-28,222.7321,226.8218,219.6025,226.3240,17541400
2020-03-02,228.2355,237.6064,225.8795,237.4108,8544500
2020-03-03,238.0954,240.9583,228.6534,230.5383,11482600
2020-03-04,236.0061,241.0382,233.7922,240.8427,5408100
2020-03-05,234.9570,236.9663,230.7694,232.4587,5872900
2020-03-06,225.5328,231.2496,224.4303,230.1382,7372400
2020-03-09,214.7126,219.6648,210.8629,212.2410,10406900
2020-03-10,219.8604,222.7499,210.7918,222.6876,9407100
2020-03-11,216.5263,217.7444,207.6889,209.6804,7687200
2020-03-12,196.0420,203.5992,188.3337,188.5826,17322600
2020-03-13,200.6208,206.6932,189.6317,206.3642,13676000
2020-03-16,183.5949,194.0949,179.1584,180.0297,12407000
2020-03-17,184.0482,190.6808,177.2379,189.7917,16128100
2020-03-18,176.9890,182.6524,168.6316,177.2735,13369800
2020-03-19,176.3666,182.2435,170.9877,178.9805,13532100
2020-03-20,181.2830,183.0665,170.3235,171.1261,12206000
2020-03-23,169.5477,170.5018,162.3869,165.9807,15712300
2020-03-24,175.0230,184.7787,174.9695,184.2704,14123600
2020-03-25,187.7749,196.3357,183.0933,189.1036,17556100
2020-03-26,191.2171,201.4186,190.8425,200.7053,16071900
2020-03-27,194.0529,199.0912,191.3420,192.9293,10545600
2020-03-30,193.8299,199.5014,191.8146,198.9485,7691800
2020-03-31,197.9230,200.4198,194.7929,195.4974,8426600
2020-04-01,187.8463,191.5292,185.2780,186.7138,8570300
2020-04-02,185.7596,191.5381,184.7519,190.7979,8231900
2020-04-03,189.7011,191.3240,186.0984,187.8017,6664500
2020-04-06,195.2477,203.2378,194.5076,202.0072,10322500
2020-04-07,209.9705,210.5947,201.9358,202.0696,10857700
2020-04-08,204.3346,209.7832,202.2836,208.9628,7010200
2020-04-09,212.0928,214.1884,209.6583,211.4686,9393200
2020-04-13,210.8177,211.0674,205.9577,208.6329,6761900
2020-04-14,212.8597,214.4381,211.2368,213.7336,5391900
2020-04-15,209.0966,210.9693,207.2329,209.6317,6828000
2020-04-16,210.1845,210.5055,207.0456,209.8635,6126400
2020-04-17,215.5649,216.5107,212.5759,216.3055,5924500
2020-04-20,212.5670,215.1277,210.8004,211.1394,7357400
2020-04-21,206.4015,208.1949,204.6884,205.4111,6571400
2020-04-22,209.1408,210.8093,208.2396,209.4709,4318000
2020-04-23,210.1312,213.1737,209.5245,209.7386,6364800
2020-04-24,211.1127,212.6473,208.9624,212.2012,3568500
2020-04-27,213.3522,216.0913,212.7544,215.3151,3632500
2020-04-28,218.6074,218.7413,214.4585,215.1098,4709900
2020-04-29,219.0268,220.9808,217.8848,219.8923,5015300
2020-04-30,217.8847,218.7502,215.8415,217.0103,4928900
2020-05-01,213.7626,214.4317,211.0145,211.7104,4723500
2020-05-04,209.8635,212.1298,208.4627,211.8354,3845500
2020-05-05,214.1552,215.6898,212.9774,213.0666,3143500
2020-05-06,214.4406,214.6191,211.1037,211.3356,3082300
2020-05-07,213.4592,215.1902,212.8436,213.1648,3411500
2020-05-08,216.1627,217.5278,215.3329,217.3672,3894800
2020-05-11,215.6363,217.6528,215.0296,216.4215,2743000
2020-05-12,217.5367,217.8311,212.2992,212.4241,6433900
2020-05-13,211.4249,211.9067,206.1250,207.7310,7531300
2020-05-14,205.2863,211.2465,203.6982,211.2376,6964500
2020-05-15,209.3352,212.0976,208.6647,211.7936,4811100
2020-05-18,217.6938,220.9926,217.5597,219.8573,5207700
2020-05-19,219.4282,219.9377,216.4065,216.5406,4404700
2020-05-20,219.3835,220.4384,218.7845,219.6785,3280600
2020-05-21,219.5176,221.1536,218.0247,219.0438,3378200
2020-05-22,218.9455,219.1154,217.3900,218.9187,2521100
2020-05-26,224.2468,225.3017,223.3886,223.7193,4872300
2020-05-27,226.8305,228.6721,223.7909,228.6542,5326100
2020-05-28,230.5315,230.5941,226.9735,227.3847,4957600
2020-05-29,226.4192,228.2519,224.1038,227.3311,5082300
2020-06-01,226.8751,228.4575,225.9096,228.2072,2060800
2020-06-02,229.3514,230.5762,228.6005,230.5136,3045800
2020-06-03,232.7485,236.0116,232.1317,235.2696,5184500
2020-06-04,234.5544,236.3960,233.6783,235.4126,3937100
2020-06-05,241.7332,244.9068,241.1879,242.7523,7866800
2020-06-08,243.9680,247.0791,243.9680,246.9897,4667600
2020-06-09,244.2720,245.8633,243.2797,244.3972,4632600
2020-06-10,244.2363,245.1124,241.3845,241.7868,6531200
2020-06-11,234.3489,235.5736,224.7296,225.3107,14257800
2020-06-12,231.5417,232.7218,224.7743,229.5213,9817200
2020-06-15,223.7550,232.0780,222.6912,230.9606,7421300
2020-06-16,238.7741,238.8188,231.2646,235.8507,9238000
2020-06-17,236.5569,236.6374,233.5621,234.0627,3669300
2020-06-18,232.4714,234.4561,231.6400,233.7319,3268700
2020-06-19,236.8816,237.1057,230.9642,232.0311,5852600
2020-06-22,231.2063,233.6270,230.1304,233.3940,2823500
2020-06-23,235.6444,235.9313,234.0216,234.4520,2948000
2020-06-24,232.4077,232.6767,226.7773,228.2925,5903500
2020-06-25,227.1359,231.0539,225.9883,230.8119,4312300
2020-06-26,229.2070,229.5656,223.8725,224.4821,5331400
2020-06-29,226.0960,229.6284,224.9932,229.4402,3759000
2020-06-30,228.6869,232.2553,228.3731,231.1973,3667900
2020-07-01,232.0940,233.3402,230.5429,230.6953,3575300
2020-07-02,234.1381,235.0526,231.2063,231.6905,3830000
2020-07-06,235.0437,235.8416,233.8871,235.7968,2989100
2020-07-07,234.0933,234.7657,232.0133,232.2464,2828700
2020-07-08,232.7843,234.1740,231.5381,233.7526,2837800
2020-07-09,233.8870,234.1740,228.9380,230.6325,3995600
2020-07-10,230.5966,234.1470,229.9332,233.8422,3110100
2020-07-13,235.8506,238.9527,233.6271,234.0395,4876000
2020-07-14,233.5912,239.4278,233.1967,239.0154,7614300
2020-07-15,242.4939,242.5567,239.4277,241.0953,5220600
2020-07-16,239.5265,241.1134,238.5044,239.8045,2478100
2020-07-17,240.4243,240.5320,238.8272,239.3386,3415100
2020-07-20,239.0247,240.1463,237.8044,239.4106,4017400
2020-07-21,241.2051,242.5061,240.1552,240.7744,3173200
2020-07-22,240.3076,242.5777,240.2628,242.2458,2039300
2020-07-23,241.9409,242.0665,238.3338,239.2939,2838000
2020-07-24,237.9120,238.9798,236.9250,237.4993,2637700
2020-07-27,237.5711,238.9529,237.1943,238.6299,2637900
2020-07-28,237.7057,238.3248,236.5482,236.8174,1989300
2020-07-29,237.0507,238.7376,236.7007,238.2261,1917900
2020-07-30,235.5163,236.7187,233.2373,236.2341,3055600
2020-07-31,236.6648,237.3198,233.4526,237.1942,3306800
2020-08-03,238.3788,239.7067,238.0916,239.3209,2569300
2020-08-04,238.9349,240.8461,238.7016,240.8371,1909800
2020-08-05,242.2549,244.3007,242.1742,244.0585,2122900
2020-08-06,243.7264,245.8799,243.6726,245.7632,1948100
2020-08-07,245.1620,246.5886,244.4890,246.4092,2311300
2020-08-10,247.2079,249.6933,247.1810,249.5677,2313900
2020-08-11,252.0441,252.8337,248.0692,248.7152,4546400
2020-08-12,251.0929,251.9004,250.0880,251.2724,2641600
2020-08-13,250.4560,251.4341,249.6485,250.7163,1668300
2020-08-14,249.6484,251.3802,249.3523,251.0571,2247000
2020-08-17,251.3621,251.4608,249.8906,250.2944,2436900
2020-08-18,250.4291,250.6714,248.6435,249.6216,1678300
2020-08-19,250.0521,251.0032,248.5178,248.9305,3374300
2020-08-20,247.6834,249.7471,247.5308,249.3254,2063700
2020-08-21,249.1222,251.4332,248.9603,251.1455,2601200
2020-08-24,253.3305,254.7063,252.2065,254.6434,2622800
2020-08-25,255.5876,255.5876,252.7011,254.1398,3346000
2020-08-26,254.1309,255.0302,253.1957,254.8683,2647500
2020-08-27,255.7765,257.5839,255.0930,256.3160,3432800
2020-08-28,257.3860,258.4831,256.2800,257.8087,2715500
2020-08-31,257.4130,257.4849,255.2818,255.6325,4070100
2020-09-01,255.1379,258.0154,254.6343,257.8895,3023600
2020-09-02,259.0496,262.6285,258.6180,261.8642,3464300
2020-09-03,261.6484,262.8983,252.7730,254.7872,6118500
2020-09-04,256.1990,256.9903,249.0951,253.3754,7145800
2020-09-08,250.7228,250.7318,247.2967,247.6654,4780100
2020-09-09,250.0663,254.0229,249.4368,251.6489,3488900
2020-09-10,252.7998,253.7350,247.1526,247.9979,3455800
2020-09-11,249.0411,250.7227,247.2516,249.1670,2787500
2020-09-14,250.8126,253.0697,250.5878,252.2604,2371700
2020-09-15,253.9599,254.3915,251.6759,252.3053,2331800
2020-09-16,253.1687,255.5876,252.4853,252.7101,2651800
2020-09-17,249.7066,252.8179,249.1670,251.3971,3305300
2020-09-18,251.5026,251.8451,247.6717,249.2492,3156700
2020-09-21,244.7964,245.3282,240.7131,244.6702,5936900
2020-09-22,244.8775,246.2927,243.1829,245.9051,3169800
2020-09-23,247.1400,247.5095,240.7402,241.1909,3575900
2020-09-24,240.5418,244.1654,239.1086,241.6596,4432100
2020-09-25,240.4516,245.4542,239.9739,244.9044,3606800
2020-09-28,248.1134,249.7900,247.6267,248.6903,2790200
2020-09-29,248.4199,248.7624,246.3377,247.3563,1971100
2020-09-30,247.8790,252.5392,247.8790,250.1325,4028500
2020-10-01,251.7821,252.7015,249.2943,250.7095,2968000
2020-10-02,247.1309,251.0429,246.6171,249.5015,4771600
2020-10-05,251.2952,253.8190,251.2591,253.7469,1862500
2020-10-06,254.6754,255.5588,249.8981,250.3308,4364400
2020-10-07,252.6384,255.6941,252.5934,255.0181,2422600
2020-10-08,256.4601,256.6044,254.8106,256.2528,2148000
2020-10-09,257.4427,258.5243,256.3610,257.7311,2549100
2020-10-12,258.6507,261.0484,258.4073,260.0118,2534800
2020-10-13,259.2905,259.6961,257.8122,258.4612,2430600
2020-10-14,258.8940,259.5520,256.5144,257.0101,2264000
2020-10-15,254.2158,257.2535,253.8823,256.9290,3128000
2020-10-16,258.1165,260.0372,257.8009,257.8730,2409300
2020-10-19,258.4773,258.8560,253.6439,254.3202,2837600
2020-10-20,255.3392,257.5935,254.5186,255.1498,3339000
2020-10-21,254.7801,256.5205,254.1398,254.2661,2907100
2020-10-22,254.3833,256.2409,252.7601,255.7810,2324200
2020-10-23,256.5024,256.5836,253.8513,255.5015,2161000
2020-10-26,252.6160,252.8414,246.8087,249.7845,5140600
2020-10-27,249.7393,249.8475,247.6201,247.6742,3029800
2020-10-28,242.5705,244.1485,238.9815,239.3963,5815200
2020-10-29,239.0806,242.5163,236.9885,240.3972,5479400
2020-10-30,238.9904,240.1537,235.7261,239.0175,5271200
2020-11-02,242.4802,243.9230,240.7037,242.7507,5062900
2020-11-03,245.8709,249.2705,245.4561,247.6654,4343000
2020-11-04,248.7923,255.2489,248.4858,251.1459,6766400
2020-11-05,254.5547,256.9623,254.3563,256.0155,4316200
2020-11-06,256.0516,256.4394,254.1940,255.3934,3078200
2020-11-09,269.2712,270.0647,262.7606,263.0581,10839300
2020-11-10,264.4829,265.9798,262.7696,265.5740,4354500
2020-11-11,266.9808,267.0440,264.1493,265.2134,2910400
2020-11-12,263.5091,264.5010,260.7768,262.4540,4361900
2020-11-13,264.1853,266.8454,263.6893,266.1511,3090400
2020-11-16,269.8753,270.5967,268.3333,270.5066,4615000
2020-11-17,268.0989,269.7581,266.5569,269.0006,4049200
2020-11-18,269.8032,270.2992,265.7994,265.7994,3566400
2020-11-19,265.1682,266.7463,264.1222,266.3134,3266600
2020-11-20,265.8994,266.2338,264.0738,264.3721,3090200
2020-11-23,265.9356,268.0956,265.2307,267.4088,2855600
2020-11-24,270.1651,272.1263,269.5867,271.5117,4022700
2020-11-25,271.0780,271.1593,269.3608,269.9844,2629200
2020-11-27,270.6171,271.3040,269.4694,270.4363,1518000
2020-11-30,268.8819,269.1350,266.3786,268.0686,4159300
2020-12-01,270.8792,272.0360,269.4784,269.7134,2841100
2020-12-02,268.5023,270.5267,267.8245,270.3820,2481700
2020-12-03,270.5629,272.3884,270.2646,271.1774,3140900
2020-12-04,271.7919,273.4638,271.6654,273.4638,2747300
2020-12-07,272.7227,273.0752,271.1231,272.1172,2589900
2020-12-08,271.1322,273.7169,271.1051,273.1114,2205400
2020-12-09,274.0332,274.3767,271.0961,271.9185,3074500
2020-12-10,271.1142,272.1625,270.4002,271.6112,2413000
2020-12-11,270.6081,272.1896,269.9303,271.9637,2454300
2020-12-14,273.8524,274.5573,270.2194,270.3098,3646100
2020-12-15,271.9818,273.7802,270.6533,273.4910,4211500
2020-12-16,273.4187,273.7170,272.3162,273.0663,1977300
2020-12-17,274.0332,274.4760,273.6988,274.2772,3002900
2020-12-18,274.4294,274.4928,271.8578,273.3699,4442100
2020-12-21,270.5538,274.3387,269.3132,273.5872,6340800
2020-12-22,273.3157,273.3519,271.5228,271.7130,2698200
2020-12-23,272.7360,274.1757,272.6817,272.8084,2714400
2020-12-24,273.1526,273.5510,272.4916,273.4786,1955700
2020-12-28,274.9908,276.3128,274.6829,275.2715,2382400
2020-12-29,276.5664,276.8109,274.0400,274.7825,2319600
2020-12-30,275.3710,276.2947,275.1447,275.3892,2081300
2020-12-31,275.2713,277.3449,274.6828,276.8922,2797000
2021-01-04,277.6166,277.6800,270.5085,273.7502,5106600
2021-01-05,273.3971,276.2222,272.8990,275.1266,3355200
2021-01-06,275.0452,280.9218,274.4204,279.0837,7290300
2021-01-07,280.4509,282.4973,279.8532,281.1572,4107900
2021-01-08,281.8364,281.9994,278.8845,281.6462,3234900
2021-01-11,279.3373,281.6101,279.2739,280.8585,2811400
2021-01-12,280.8674,281.8363,279.7174,281.3745,2290900
2021-01-13,281.2751,282.1534,280.6322,281.2751,1854400
2021-01-14,282.1441,282.7599,280.6048,280.7497,3232400
2021-01-15,279.0176,280.2043,277.2239,279.1172,4009100
2021-01-19,281.1466,281.4908,279.5522,280.2045,2781700
2021-01-20,281.2098,282.9400,280.7659,282.4237,2398400
2021-01-21,282.6412,283.2753,281.9074,282.5143,1930000
2021-01-22,280.6935,281.7443,279.9959,280.7931,2049700
2021-01-25,279.9054,280.6211,276.8526,280.5033,4546400
2021-01-26,281.3095,281.8983,280.1047,280.2677,2256100
2021-01-27,277.6861,277.8492,273.6641,274.7149,5743100
2021-01-28,276.2729,280.2950,276.1370,277.2603,6392100
2021-01-29,275.3126,276.0916,270.4843,271.5894,5929900
2021-02-01,273.8270,274.7963,271.8884,273.5915,3138600
2021-02-02,275.8744,279.3982,275.8562,277.9398,3090500
2021-02-03,277.2875,278.9543,276.4541,278.3383,2087800
2021-02-04,278.8729,281.4274,278.8004,281.4274,2638800
2021-02-05,282.9581,283.1302,281.6083,282.2153,1955600
2021-02-08,283.2663,284.3443,283.0036,284.3443,1690000
2021-02-09,283.7735,284.8968,283.1485,284.3714,1798700
2021-02-10,285.5037,285.5671,282.9038,284.8967,3048000
2021-02-11,285.4313,286.0382,283.3568,285.0599,1937100
2021-02-12,284.6975,285.4765,284.2898,285.3860,2479500
2021-02-16,286.5546,286.7448,285.2320,285.8752,1836300
2021-02-17,285.0689,287.0799,284.3260,286.7991,2007400
2021-02-18,285.1233,286.2556,283.8822,285.8570,2609600
2021-02-19,286.4478,287.1104,285.5130,285.8216,2314900
2021-02-22,283.9883,287.2465,283.8703,286.0848,2978000
2021-02-23,285.6855,287.2465,282.8084,286.2482,5723400
2021-02-24,285.6037,290.4684,285.1499,290.0056,4290300
2021-02-25,290.1690,290.3597,284.0427,284.9685,7648600
2021-02-26,285.3680,285.3861,280.2491,280.8572,7925600
2021-03-01,284.5146,287.6368,284.4874,286.4296,4749700
2021-03-02,286.5478,287.1922,284.9958,285.1592,4075700
2021-03-03,284.9322,286.6839,283.9248,284.0700,5148100
2021-03-04,284.2516,285.8217,277.4355,280.9751,8577600
2021-03-05,283.6253,286.8473,279.4503,286.1121,7016100
2021-03-08,287.4825,292.0024,286.6475,288.8439,8230700
2021-03-09,289.9512,292.0387,289.0164,289.1707,5829900
2021-03-10,290.9132,294.3439,290.8587,293.4545,6472200
2021-03-11,294.7071,296.7583,293.9084,295.2698,5745900
2021-03-12,295.5784,298.1378,295.4241,297.9744,4257200
2021-03-15,298.7640,299.7260,296.6129,299.5899,4456000
2021-03-16,299.3720,299.5081,297.9833,298.4734,3270600
2021-03-17,298.7913,300.4431,298.0380,300.2071,4338200
2021-03-18,299.7806,302.1040,298.3919,298.9274,5376500
2021-03-19,298.3827,298.4646,295.5543,296.4911,5628800
2021-03-22,296.0726,298.2826,295.5997,297.6096,3807600
2021-03-23,296.7729,297.8279,294.1537,294.7176,5068400
2021-03-24,295.8270,298.0552,294.7357,294.7357,6099000
2021-03-25,293.4898,297.0458,291.5890,296.6547,5557900
2021-03-26,297.9369,300.9290,297.1001,300.6743,4956600
2021-03-29,299.4740,302.3569,299.1193,301.6294,5200900
2021-03-30,301.0746,301.5748,299.9196,300.8654,4568800
2021-03-31,300.6744,301.5929,300.0650,300.2833,3763700
2021-04-01,300.8290,301.5747,299.8650,301.4383,5936100
2021-04-05,303.7030,305.7129,303.6757,304.8489,5632700
2021-04-06,304.3851,305.0490,303.5575,304.0941,2987500
2021-04-07,303.8849,304.8217,303.2483,304.0941,2658500
2021-04-08,304.0303,304.8034,303.2391,304.7852,2665000
2021-04-09,305.3218,307.4681,304.9944,307.2680,3034700
2021-04-12,306.7225,307.2681,306.1677,306.9862,2951500
2021-04-13,306.1495,306.8679,305.1127,306.2950,3391700
2021-04-14,306.3132,308.4049,306.2495,306.9680,3966800
2021-04-15,308.1501,309.8689,308.1501,309.6143,3881800
2021-04-16,310.8898,311.5266,310.2075,311.0081,3748900
2021-04-19,310.2894,310.5078,308.9976,309.9983,3222800
2021-04-20,308.7703,309.1887,306.3594,307.6058,3762900
2021-04-21,307.1598,310.7170,307.0961,310.4986,4191200
2021-04-22,310.3350,310.4169,306.6687,307.6058,4962500
2021-04-23,307.2691,310.7625,306.7050,309.7072,3613900
2021-04-26,310.3621,310.6623,308.7609,309.1976,2090900
2021-04-27,308.9521,309.7071,308.1333,309.1613,2732700
2021-04-28,308.6154,308.8520,307.5510,307.8330,3025100
2021-04-29,309.2159,310.0984,306.9233,309.8346,3688400
2021-04-30,308.3335,308.9976,307.3600,308.3517,2909600
2021-05-03,310.0346,311.2992,309.8163,310.3257,2698400
2021-05-04,309.3068,310.7079,307.1507,310.6715,4478300
2021-05-05,311.3628,312.3181,309.6525,311.3901,3506100
2021-05-06,311.9815,314.4469,311.0535,314.3286,4276700
2021-05-07,314.0194,316.8579,313.6919,316.4849,3526500
2021-05-10,317.7403,319.4051,316.2210,316.3575,6092500
2021-05-11,313.8556,314.0648,310.1256,311.9633,8396400
2021-05-12,310.7261,311.3447,305.4131,305.6770,7034100
2021-05-13,305.9498,311.1718,305.9226,309.7253,5741300
2021-05-14,311.4175,313.8010,311.0263,313.1915,4677300
2021-05-17,312.3455,313.9830,311.1719,312.6366,3262200
2021-05-18,312.8185,313.4098,310.1074,310.3257,3462300
2021-05-19,307.0962,308.9157,304.9492,308.8065,7223900
2021-05-20,309.0794,311.9907,308.7155,310.6988,4532800
2021-05-21,312.0416,313.6643,311.1208,311.8137,4481000
2021-05-24,313.0262,314.2296,312.7345,313.5641,2531800
2021-05-25,314.2205,314.5122,312.3790,312.8530,2623200
2021-05-26,313.1994,313.7099,312.3880,312.9350,2064500
2021-05-27,314.8312,315.5696,313.4819,314.1474,3026200
2021-05-28,315.7701,315.8613,314.8312,315.0956,2641400
2021-06-01,317.7394,317.8397,315.0592,315.3053,2584300
2021-06-02,316.1074,316.6544,315.1958,315.7519,2576700
2021-06-03,314.1566,316.2990,313.1994,315.4420,4436400
2021-06-04,316.3992,317.2379,315.9160,317.1558,2594200
2021-06-07,317.7029,317.7394,315.4421,315.9617,2224300
2021-06-08,316.0529,316.2535,314.2844,315.7339,2748700
2021-06-09,315.9160,316.2259,314.2295,314.3206,2591200
2021-06-10,315.9159,317.0008,314.3297,314.4938,3089400
2021-06-11,315.4511,315.9252,313.2085,314.6216,3003000
2021-06-14,314.3572,314.3937,312.2058,313.8740,2527000
2021-06-15,314.0655,314.0837,312.1146,313.0627,2138500
2021-06-16,313.0626,313.2723,309.4890,310.6468,4032000
2021-06-17,310.4645,311.1209,306.8727,308.7233,5169100
2021-06-18,305.2476,306.0693,303.7229,303.9786,7126600
2021-06-21,306.0785,309.5751,305.3025,309.2921,5435700
2021-06-22,309.2464,310.7802,308.0778,309.9037,4042100
2021-06-23,310.0316,310.5520,309.2008,309.2921,3082700
2021-06-24,311.0175,312.5238,310.7436,312.2134,3704700
2021-06-25,313.7747,314.9524,313.2269,314.4686,3638000
2021-06-28,314.3590,314.4411,312.0674,312.9621,3606300
2021-06-29,314.0396,314.7243,312.7888,313.0171,2375800
2021-06-30,312.5788,315.4364,312.5514,314.9251,3778900
2021-07-01,315.6827,316.2488,314.8976,316.2122,3606900
2021-07-02,316.8331,317.9743,316.0479,317.6547,3013500
2021-07-06,317.4813,317.8100,313.6925,315.7193,3910600
2021-07-07,315.5641,316.9244,314.4503,316.7235,3347000
2021-07-08,312.7430,314.9707,311.8027,314.4046,6379900
2021-07-09,316.4039,318.6863,315.7375,318.3759,5063100
2021-07-12,317.7187,319.8002,317.1344,319.5628,3999800
2021-07-13,319.1065,319.7639,318.4857,318.6227,3310200
2021-07-14,319.7089,320.1654,318.0382,318.9968,3933300
2021-07-15,317.6183,319.5355,317.3809,319.4807,5082600
2021-07-16,320.3823,320.4005,316.3812,316.7466,5710400
2021-07-19,312.2249,319.7521,308.1963,310.4801,9715300
2021-07-20,310.8546,316.1803,310.3613,315.2303,5802200
2021-07-21,316.9568,318.0347,316.4087,317.8885,3056800
2021-07-22,317.6874,318.6375,316.6917,318.1350,2429300
2021-07-23,319.7246,320.6290,319.0030,320.2453,4142300
2021-07-26,319.7245,321.0491,319.2586,321.0125,2466600
2021-07-27,319.7428,320.3457,318.5644,320.2909,3902600
2021-07-28,320.6564,320.8483,318.5462,319.1400,3697700
2021-07-29,320.5925,321.2867,320.0718,320.4737,2425700
2021-07-30,319.6151,320.6473,318.5097,319.2497,3576700
2021-08-02,320.1357,321.4694,317.9524,318.2173,2827100
2021-08-03,318.8932,320.8116,317.0845,320.7202,3819300
2021-08-04,319.3501,319.7977,317.7880,317.8885,3118500
2021-08-05,318.6741,320.3184,318.5097,320.2818,2261400
2021-08-06,321.2046,321.9993,321.0584,321.6339,2123700
2021-08-09,321.1862,321.6064,320.2270,320.7751,2322500
2021-08-10,321.0127,322.4104,320.6473,322.2186,2841000
2021-08-11,323.3238,324.4017,323.1045,324.2373,3422500
2021-08-12,324.4657,324.5205,323.1411,324.5022,3118600
2021-08-13,325.0686,325.5436,324.2921,324.6484,2414900
2021-08-16,323.7531,325.7536,322.1544,325.7262,3634600
2021-08-17,323.2963,323.9905,321.1039,323.2232,5019600
2021-08-18,322.1179,323.4151,319.6241,319.8342,4038000
2021-08-19,317.2856,320.1632,317.2674,319.2497,5442200
2021-08-20,319.3512,321.8860,318.9394,321.3461,3394800
2021-08-23,322.9932,324.2286,322.9566,323.4416,3569200
2021-08-24,324.0181,324.3933,323.5972,323.7070,1981400
2021-08-25,323.7435,324.8965,322.9565,324.1095,2434700
2021-08-26,324.3751,324.8601,322.1788,322.2612,3008900
2021-08-27,322.7095,324.7227,322.7095,324.4665,3163700
2021-08-30,324.8235,325.0614,323.8352,324.0182,2482000
2021-08-31,323.7619,324.6770,323.1945,323.8717,2913800
2021-09-01,324.2104,324.2653,323.2953,323.5332,2739200
2021-09-02,324.6588,325.0248,323.8718,324.7411,2390000
2021-09-03,323.6522,324.5398,323.1122,324.0731,2465400
2021-09-07,323.6154,323.6611,321.1904,321.6022,3168500
2021-09-08,321.0350,322.2704,319.9552,320.9526,3075700
2021-09-09,320.7970,322.5815,319.2963,319.6531,3484700
2021-09-10,321.4284,321.8036,317.1457,317.2647,4539000
2021-09-13,319.2871,320.2296,317.9693,319.6440,5439700
2021-09-14,320.6505,320.8060,316.3587,317.0541,3902200
2021-09-15,316.9994,319.7905,316.4229,319.2048,3267300
2021-09-16,319.2872,320.3578,316.6242,318.6191,3646000
2021-09-17,318.0743,318.8538,316.4328,316.9647,5380900
2021-09-20,311.9943,313.7734,308.1153,311.2424,10010600
2021-09-21,313.0857,314.6080,310.8848,310.9765,6071100
2021-09-22,312.8564,315.7634,312.1962,314.0853,6862700
2021-09-23,316.2036,319.7434,315.9468,318.7255,5592200
2021-09-24,317.7533,319.5232,317.5791,319.0097,3121600
2021-09-27,319.3947,321.4214,319.2847,319.6881,3426000
2021-09-28,318.4962,318.9639,314.0028,314.4705,7493800
2021-09-29,315.3415,316.9922,314.4336,315.2498,4116600
2021-09-30,316.4513,316.7815,310.0596,310.2247,7926000
2021-10-01,311.8201,316.1761,309.6651,314.7088,6219800
2021-10-04,314.1861,315.4883,310.0227,311.8018,7037700
2021-10-05,312.8290,316.2587,312.2237,314.6631,3826100
2021-10-06,312.2329,315.7360,310.3896,315.5709,6276300
2021-10-07,318.0925,320.7519,318.0008,318.7895,5310400
2021-10-08,319.0555,319.5507,317.8266,318.6978,3658300
2021-10-11,318.8170,320.5594,316.2493,316.3594,4098400
2021-10-12,316.8271,317.3865,314.7180,315.2590,5100300
2021-10-13,315.4149,315.9743,312.8197,315.3599,4189100
2021-10-14,318.4046,320.2478,317.8452,320.1653,4473900
2021-10-15,322.5842,323.8960,321.9146,323.6850,4206800
2021-10-18,322.2999,323.9419,321.3000,323.3640,3310600
2021-10-19,324.4372,325.2077,323.6390,325.1618,2380900
2021-10-20,325.2078,327.1066,325.0793,326.6021,2873800
2021-10-21,326.0152,326.6573,325.0153,326.5381,2243800
2021-10-22,326.5472,328.0608,325.9509,327.2535,3872300
2021-10-25,327.8223,328.3086,326.8408,327.9966,2518200
2021-10-26,328.9230,329.2624,327.8314,327.9506,3182200
2021-10-27,328.4919,328.6845,325.6206,325.6389,3542100
2021-10-28,326.3453,327.8406,326.3453,327.7672,2490500
2021-10-29,327.1709,328.8864,326.9325,328.6204,2979600
2021-11-01,329.7396,330.2900,328.3911,329.4460,2548400
2021-11-02,329.7029,331.0514,329.1341,330.7670,2629000
2021-11-03,330.1615,331.9320,329.2350,331.6751,3557400
2021-11-04,331.4734,331.7577,330.1249,331.4825,3870900
2021-11-05,332.9593,334.7756,331.9777,333.2712,4489000
2021-11-08,334.8858,335.4179,333.2988,334.2070,3056000
2021-11-09,334.0878,334.1887,331.9137,333.2530,3680600
2021-11-10,332.5557,333.6658,330.5009,331.2256,3529000
2021-11-11,331.3356,331.3998,329.6752,329.7486,2461200
2021-11-12,330.8771,331.8403,329.8588,331.4183,3099800
2021-11-15,332.6292,332.7484,330.8587,331.3816,2555000
2021-11-16,331.9135,333.4914,331.8035,332.0144,2728600
2021-11-17,331.5651,331.6935,329.8221,330.1065,2976000
2021-11-18,330.2716,330.2899,327.6113,329.6478,3438100
2021-11-19,328.9501,328.9501,326.6430,327.1302,3542200
2021-11-22,328.5734,330.1911,327.2958,327.3969,4929200
2021-11-23,327.4704,329.3913,326.6064,329.0696,5789300
2021-11-24,327.2681,329.2351,327.0291,329.0788,4246700
2021-11-26,322.0015,323.0401,319.2716,320.7974,9075000
2021-11-29,324.0788,324.2442,320.7056,322.7920,5243000
2021-11-30,320.5033,321.7074,316.5142,317.0106,9543500
2021-12-01,319.8967,322.0475,312.8009,312.9296,8415000
2021-12-02,314.1704,319.8139,313.5821,318.5822,8326400
2021-12-03,319.7312,320.3194,315.3377,318.2422,11365300
2021-12-06,321.0180,325.3930,320.6227,324.2901,7026500
2021-12-07,327.1487,329.6120,327.0200,328.8123,5271500
2021-12-08,329.2075,329.8508,327.5990,329.0420,3355600
2021-12-09,327.9023,330.1358,327.5347,329.1523,3774500
2021-12-10,330.5127,331.1928,328.6928,331.1010,3855200
2021-12-13,330.3657,330.8804,327.7737,328.1690,4563000
2021-12-14,326.9465,329.4282,326.2663,327.3693,4079700
2021-12-15,327.0568,330.8620,325.7792,330.7150,9274900
2021-12-16,332.0567,333.1965,329.3361,330.3747,9493700
2021-12-17,328.0930,328.6731,324.7872,325.6344,10638300
2021-12-20,321.7207,321.9601,319.1056,321.6194,7303400
2021-12-21,324.2807,326.8775,323.6822,326.8130,4693300
2021-12-22,326.8499,329.2532,326.1316,329.0967,2999500
2021-12-23,330.0176,331.9605,329.8058,330.9107,2655000
2021-12-27,331.5553,334.2257,331.2238,334.1889,2594300
2021-12-28,334.3639,336.2148,334.1613,335.1742,3048500
2021-12-29,335.0914,336.6937,334.9902,335.9570,3012200
2021-12-30,336.7397,337.6882,334.8152,335.2480,2863200
2021-12-31,334.7323,335.8649,334.1798,334.5574,3133800
2022-01-03,335.4965,336.8869,333.6180,336.7304,5624100
2022-01-04,338.2591,339.9810,338.1394,338.7471,5462200
2022-01-05,338.5998,340.2481,335.1651,335.2664,7638000
2022-01-06,335.2847,335.7820,333.3049,333.7009,7019800
2022-01-07,333.2406,335.0638,332.5407,333.6273,5806300
2022-01-10,332.4853,332.6234,328.2218,332.2275,8091800
2022-01-11,332.1355,334.0324,329.3822,333.8391,7310900
2022-01-12,334.9347,335.6990,333.0378,334.2165,4493200
2022-01-13,335.3767,336.2239,331.9144,332.6050,6418100
2022-01-14,329.8517,331.3159,328.1850,330.7081,8575400
2022-01-18,327.1997,327.2273,324.7042,325.8369,8166100
2022-01-19,326.8131,327.4024,322.4851,322.6141,7386500
2022-01-20,323.6546,326.9419,319.3543,319.8331,8968700
2022-01-21,319.8498,321.4717,315.2883,315.4818,16301600
2022-01-24,311.8693,317.1128,305.3450,316.8271,29707000
2022-01-25,313.5558,318.6518,309.0219,316.0439,18657900
2022-01-26,318.8821,320.6883,311.9615,314.6616,19047300
2022-01-27,317.3708,320.3474,313.2148,314.7445,12854100
2022-01-28,315.0303,319.9327,311.3810,319.8682,12008900
2022-01-31,318.6425,323.7846,317.6657,323.5266,8379100
2022-02-01,324.0610,326.4662,322.2364,326.1621,7636000
2022-02-02,325.8395,328.6685,325.0746,328.0880,8856400
2022-02-03,326.9730,327.3416,323.0658,323.4344,9339900
2022-02-04,322.8999,325.5262,320.5224,323.3330,8532300
2022-02-07,323.6924,325.4433,322.3746,323.3606,4746200
2022-02-08,324.0058,327.4615,323.2593,326.7150,4568400
2022-02-09,329.3046,329.9957,328.6687,329.5995,4781700
2022-02-10,326.9362,329.9588,323.4805,324.8812,10298500
2022-02-11,324.7982,326.6044,319.0572,320.0340,8211500
2022-02-14,319.5087,320.2736,316.2650,318.7439,7315100
2022-02-15,321.5453,323.2317,321.0108,322.7340,4932200
2022-02-16,321.3886,323.1948,319.4995,322.2272,4496500
2022-02-17,320.1630,320.4211,315.9517,316.7073,4433500
2022-02-18,316.4665,317.6663,313.4855,314.6945,6193700
2022-02-22,312.6733,314.0300,307.8649,310.1076,7942700
2022-02-23,312.0918,312.1841,305.3176,305.9637,5732600
2022-02-24,297.9344,307.0896,297.8144,306.7205,14167100
2022-02-25,307.9573,314.7314,307.3851,314.2885,9496300
2022-02-28,310.0524,313.6241,308.9818,313.1811,8217300
2022-03-01,311.2704,312.8855,305.7883,307.4772,8532900
2022-03-02,309.4247,314.2054,308.8894,312.8671,6836200
2022-03-03,314.4453,315.7189,310.7259,312.0642,7790700
2022-03-04,308.8155,310.9013,307.1450,310.5321,6025000
2022-03-07,309.3599,309.4799,303.0288,303.1487,6590800
2022-03-08,303.1673,308.6217,300.9246,301.3584,8209800
2022-03-09,307.4404,309.2124,306.0099,307.6988,4669200
2022-03-10,303.9334,307.1913,303.3427,306.5083,3317400
2022-03-11,308.3448,309.8492,304.2748,304.5793,6923400
2022-03-14,306.1762,308.8065,303.4443,304.6257,5640600
2022-03-15,306.4067,310.8828,305.5853,310.2737,6648500
2022-03-16,313.0425,315.1006,308.7510,315.0452,9577100
2022-03-17,313.7347,318.9491,313.4301,318.8199,6032900
2022-03-18,317.8413,321.3748,316.9441,321.1435,5903900
2022-03-21,320.6069,321.8279,317.5452,319.5247,4329900
2022-03-22,321.0787,322.5586,320.8382,322.0222,4430800
2022-03-23,319.8116,320.4498,317.5917,317.6472,4098700
2022-03-24,318.6459,321.0231,317.6747,321.0231,3550000
2022-03-25,321.7076,323.1136,320.2184,322.3921,3206200
2022-03-28,321.6614,323.2708,319.4692,323.2708,2962400
2022-03-29,326.2031,327.1743,323.8629,326.4898,4711800
2022-03-30,325.7314,326.9523,324.1497,325.7036,3909800
2022-03-31,324.7324,325.1949,320.7457,320.8105,3978900
2022-04-01,322.0314,322.2164,319.3397,321.9019,3560200
2022-04-04,321.5597,323.0767,320.0705,323.0397,3829900
2022-04-05,321.7262,324.7139,319.5803,320.3572,4331700
2022-04-06,317.8135,320.0982,316.9903,318.8865,5431300
2022-04-07,317.9801,321.0603,316.2411,320.0150,4599900
2022-04-08,319.7745,322.9286,318.7940,321.3099,4535900
2022-04-11,319.4507,321.0417,317.0272,317.4528,5344400
2022-04-12,318.5719,320.7364,315.4177,316.5462,4501400
2022-04-13,316.0561,320.0890,315.9173,319.8207,3605000
2022-04-14,320.8164,322.6855,318.5401,318.5771,4179600
2022-04-18,318.1884,320.2241,317.0410,318.4012,3939000
2022-04-19,318.5770,323.6200,318.5400,323.0463,4261200
2022-04-20,324.8415,326.7014,324.1197,325.2764,5677000
2022-04-21,327.5248,328.3761,321.2512,321.7416,5369600
2022-04-22,320.4741,320.5388,312.5163,313.0067,6855100
2022-04-25,311.3227,315.6069,308.3154,315.1257,6806600
2022-04-26,312.7846,313.7284,307.4548,307.6214,7619800
2022-04-27,308.9445,311.8315,306.3536,308.1580,6894400
2022-04-28,310.2029,315.1071,307.6583,313.9505,5976600
2022-04-29,312.4052,313.8950,304.5215,305.0674,6495600
2022-05-02,305.6782,307.5195,300.2280,306.0390,9221700
2022-05-03,306.4461,308.5189,304.5307,306.5109,6051000
2022-05-04,307.0199,315.6901,305.5394,315.1534,10569700
2022-05-05,312.5996,312.9790,302.4767,305.5765,9101200
2022-05-06,303.2631,305.9557,300.4964,304.4937,10644200
2022-05-09,300.7092,301.9954,297.3688,298.5070,7817200
2022-05-10,302.1157,303.1428,295.2314,297.7945,7716500
2022-05-11,297.7112,301.7178,294.3985,294.6761,9374700
2022-05-12,292.9552,295.5738,289.1891,293.9175,6790800
2022-05-13,296.4065,298.9048,295.0370,298.1646,4236700
2022-05-16,297.6834,301.2552,295.8236,298.6735,3692600
2022-05-17,302.4210,302.9207,299.3027,302.6709,3316800
2022-05-18,299.9967,300.1633,290.9471,291.9835,3659000
2022-05-19,288.8096,292.7237,287.6160,289.7905,3836700
2022-05-20,291.9748,292.2345,284.0816,289.7766,4654000
2022-05-23,292.4664,296.4826,291.9655,295.7313,4484600
2022-05-24,293.6258,296.9464,290.8896,296.2415,5260500
2022-05-25,294.9336,299.1631,294.4420,297.9944,4612800
2022-05-26,299.5434,304.0140,299.4970,302.7897,3270200
2022-05-27,303.3462,308.0581,303.1329,308.0024,2773100
2022-05-31,306.2401,308.4476,303.9120,306.2679,4354000
2022-06-01,308.3177,308.8186,302.4650,304.5612,3721400
2022-06-02,304.7376,308.6610,301.7788,308.6517,3718800
2022-06-03,305.9618,307.6870,304.9044,305.4795,4150900
2022-06-06,307.5572,308.6239,304.7190,305.5724,1957600
2022-06-07,303.1329,308.3734,303.1329,308.0952,2424000
2022-06-08,306.6019,307.8726,304.7469,305.5074,2032900
2022-06-09,304.3758,306.0732,299.5898,299.5898,2591500
2022-06-10,295.2397,295.6663,291.5389,291.5852,4484700
2022-06-13,285.2132,287.1795,282.1152,283.4323,6317200
2022-06-14,284.3877,285.1482,280.0469,282.2451,3724000
2022-06-15,284.1928,288.1626,280.3529,284.9626,7060900
2022-06-16,279.5275,279.7965,276.4203,278.1640,4943500
2022-06-17,277.2919,280.3691,275.5442,277.7103,4738000
2022-06-21,281.7637,284.9152,281.3360,283.8182,3246500
2022-06-22,280.3226,286.0401,280.1367,283.1860,6361200
2022-06-23,284.1714,285.4637,281.4847,285.1662,3582600
2022-06-24,287.4532,292.9568,287.3788,292.8638,3314800
2022-06-27,293.2174,293.6729,291.3394,292.2505,1896500
2022-06-28,293.7749,296.3315,287.4811,287.5833,3025900
2022-06-29,288.5688,289.5729,287.1092,288.2434,2462800
2022-06-30,285.1756,288.0297,282.8514,286.1703,4117800
2022-07-01,285.7799,289.4149,283.3348,288.9872,3315000
2022-07-05,285.0361,287.9739,282.2285,287.9274,3767700
2022-07-06,288.1970,290.3260,286.2819,288.5782,2493300
2022-07-07,290.5583,292.1666,289.6937,291.8691,2267500
2022-07-08,291.4508,292.9755,290.2144,291.4136,2094300
2022-07-11,289.7403,291.6740,289.2847,289.7775,2633200
2022-07-12,288.7176,291.4973,286.8955,288.1691,2806000
2022-07-13,284.6550,288.1412,283.6509,286.1053,3481200
2022-07-14,281.3732,285.2778,280.2669,284.8502,2893100
2022-07-15,289.0707,290.9029,287.5268,290.7913,3027500
2022-07-18,293.6746,294.2233,288.0664,288.9220,2344900
2022-07-19,291.1728,296.1300,290.7914,295.8602,3004900
2022-07-20,295.9811,297.0878,294.3163,296.4461,3243000
2022-07-21,295.4138,298.0459,293.3212,297.9994,2159800
2022-07-22,299.2549,299.6641,295.1440,296.7437,3264100
2022-07-25,297.6831,297.9808,295.9904,297.5808,4002500
2022-07-26,296.5856,297.1343,294.9208,295.3300,2101700
2022-07-27,296.5764,300.8174,295.7951,299.4875,3338100
2022-07-28,299.8967,303.3100,297.4413,302.4822,2688400
2022-07-29,302.7518,306.2395,302.1938,305.6722,3225600
2022-08-01,304.0447,306.6582,303.6169,305.0957,2745500
2022-08-02,304.1005,304.8538,301.2452,301.3754,5394600
2022-08-03,302.9193,306.1187,302.3985,305.2072,2564600
2022-08-04,304.7700,305.3932,303.7098,304.4631,2426400
2022-08-05,302.3334,305.2352,302.2032,305.0305,2672400
2022-08-08,306.7419,307.9602,304.7887,305.4491,2528800
2022-08-09,305.3188,305.9327,304.3051,304.9747,1655100
2022-08-10,309.3367,310.4807,308.7415,309.8947,2934400
2022-08-11,312.3316,313.2430,309.8762,310.3691,2401600
2022-08-12,311.3828,314.2846,310.8155,314.2009,2606900
2022-08-15,312.6012,316.0796,312.5547,315.6332,1936500
2022-08-16,315.1217,319.0931,315.0566,317.8375,3897100
2022-08-17,315.9122,318.1350,315.0101,316.4052,2960300
2022-08-18,316.4051,317.1491,315.2611,316.7585,1850900
2022-08-19,315.2918,315.5806,313.3442,314.0710,2010300
2022-08-22,310.4090,310.7910,307.6600,308.2191,2684500
2022-08-23,307.7997,308.8620,306.2435,306.6815,2897200
2022-08-24,306.5138,308.4707,305.9547,307.3804,2581700
2022-08-25,307.5947,310.4462,306.5790,310.4462,2498900
2022-08-26,310.7630,310.9308,300.8202,300.9227,4191000
2022-08-29,298.6955,301.2954,297.9593,299.2173,2896900
2022-08-30,300.1399,300.2145,294.9961,296.3659,2926300
2022-08-31,296.7573,298.3507,294.0922,294.1388,2981600
2022-09-01,292.8716,295.6299,291.3900,295.4528,3228000
2022-09-02,297.9780,298.8912,291.0264,292.3776,3826200
2022-09-06,293.1137,293.7194,289.7404,290.9239,3320400
2022-09-07,290.4020,295.3408,290.2249,294.7723,2520200
2022-09-08,293.2441,296.7013,292.3029,296.5522,3301100
2022-09-09,298.2668,300.9319,297.7264,300.3169,2479300
2022-09-12,301.2581,303.4852,301.1835,302.4509,2486900
2022-09-13,297.0741,297.8102,289.6472,290.4859,4301200
2022-09-14,291.0730,292.1167,288.4358,290.7934,2868800
2022-09-15,290.3927,292.1539,288.4358,289.2092,3294600
2022-09-16,285.8672,288.3152,285.2973,287.8200,4071000
2022-09-19,285.3159,289.8194,285.2412,289.7820,2730000
2022-09-20,287.4836,287.7639,284.5778,286.8576,2822800
2022-09-21,288.2591,289.8941,281.9056,281.9897,5110700
2022-09-22,281.7561,283.0735,280.1958,280.7844,3492500
2022-09-23,278.2617,278.4299,273.1976,276.4304,4949300
2022-09-26,275.2532,276.7855,272.3568,273.4966,4143400
2022-09-27,275.4215,277.0565,270.4882,272.1700,3681000
2022-09-28,273.1510,278.4579,271.9363,277.2433,3995700
2022-09-29,275.4121,275.4868,270.8152,273.0202,3351100
2022-09-30,272.0858,274.1881,268.1897,268.4326,3827200
2022-10-03,271.4785,276.9070,270.4601,275.4307,3457600
2022-10-04,278.9999,283.2698,278.8411,283.2325,4163800
2022-10-05,280.0464,284.5498,279.1774,282.9054,2746900
2022-10-06,281.6720,283.3912,278.9998,279.5791,3081700
2022-10-07,277.2433,277.3928,272.3007,273.7302,3029300
2022-10-10,274.9541,275.5521,271.0393,272.7865,3154500
2022-10-11,272.0578,276.6921,271.6280,273.0949,3849900
2022-10-12,273.2537,275.2252,272.2353,272.9734,4378700
2022-10-13,268.2833,281.9151,267.7974,280.8219,7389600
2022-10-14,282.6718,284.3722,276.7388,277.3274,5519400
2022-10-17,281.1301,283.2977,280.2799,282.2233,3555700
2022-10-18,288.0161,288.1282,283.1389,285.4093,4685500
2022-10-19,284.3536,286.5119,282.4382,284.3629,2939800
2022-10-20,284.8113,288.1188,282.8586,283.3911,3574700
2022-10-21,283.3463,290.9376,282.3460,290.6384,5357200
2022-10-24,292.1811,295.4252,291.3117,294.5370,4331700
2022-10-25,293.8825,298.0241,293.6581,297.7530,6024800
2022-10-26,297.2763,300.7727,297.0799,297.6502,4991800
2022-10-27,300.6231,302.7827,299.0899,299.5948,4262200
2022-10-28,300.8195,307.4759,300.5297,307.1861,5251400
2022-10-31,305.6341,307.4103,304.6430,306.1015,5128200
2022-11-01,307.9246,308.3547,303.6522,305.1574,4376400
2022-11-02,304.2692,309.2148,300.3988,300.4362,7110300
2022-11-03,298.5569,300.8942,296.5282,299.0431,4112700
2022-11-04,302.5396,304.9049,298.5476,303.0351,6263700
2022-11-07,303.9701,307.5320,303.0445,307.0365,4518300
2022-11-08,308.0182,311.8419,306.9150,310.1123,6349000
2022-11-09,308.2424,309.3269,303.8017,304.1570,4799200
2022-11-10,312.4589,315.5159,310.2712,315.3009,6002300
2022-11-11,315.8992,316.3386,312.3840,315.7964,5190700
2022-11-14,314.7866,317.7409,313.7115,313.9078,3303300
2022-11-15,316.4508,317.9747,311.7109,314.3192,4824100
2022-11-16,313.8143,315.2915,313.7021,314.1883,3085500
2022-11-17,311.0658,314.8521,311.0658,314.2164,3606500
2022-11-18,316.1283,316.7746,314.0673,316.0439,3659100
2022-11-21,316.3159,317.2433,314.3205,315.7444,2304100
2022-11-22,317.4681,319.5571,316.9997,319.4072,4389400
2022-11-23,319.0792,320.9247,318.4984,320.3345,3108500
2022-11-25,320.4658,322.0677,320.4096,321.8054,1498300
2022-11-28,320.0911,321.2995,316.5875,317.0933,3089800
2022-11-29,316.5687,317.9176,315.3321,317.0839,2943600
2022-11-30,317.2431,324.3065,314.9293,324.2690,6940400
2022-12-01,324.8312,324.8406,320.0910,322.6391,5325900
2022-12-02,319.3136,323.5760,319.3136,322.9483,3736500
2022-12-05,320.8030,321.6086,317.5992,318.5359,3827200
2022-12-06,318.2923,319.1167,313.5616,315.1916,5516300
2022-12-07,314.8918,316.9433,314.3297,315.1728,3577100
2022-12-08,316.3907,318.1800,315.7537,317.0652,3278400
2022-12-09,316.3253,317.6742,314.0582,314.1707,3815500
2022-12-12,314.8919,319.1168,314.8169,319.0887,5017300
2022-12-13,326.1708,326.2082,318.0395,320.2034,5274300
2022-12-14,320.1753,322.8733,316.2971,318.7140,5498400
2022-12-15,315.3040,316.0441,309.8707,311.7630,5865600
2022-12-16,309.1716,310.3077,306.5052,308.8712,6672200
2022-12-19,308.7772,310.1480,305.8103,307.3782,3709600
2022-12-20,307.5754,309.7161,306.4675,308.3172,4721700
2022-12-21,311.2841,313.9036,310.8898,313.2183,5086800
2022-12-22,311.2466,311.5752,305.7540,310.0823,4876900
2022-12-23,309.4814,311.8944,308.0167,311.6503,3997900
2022-12-27,312.0352,313.4248,310.3734,312.0634,3098900
2022-12-28,312.3639,313.3497,308.4956,308.4956,3102400
2022-12-29,310.3358,312.5141,309.9603,311.7723,2458800
2022-12-30,310.4204,311.1527,308.2891,311.0870,3881800
2023-01-03,312.1103,313.4342,308.2890,310.9836,3910700
2023-01-04,312.2417,313.6313,310.0259,312.2417,4137300
2023-01-05,310.7490,310.9180,308.0543,309.1059,4350100
2023-01-06,311.8850,316.5232,309.7537,315.7345,4800800
2023-01-09,317.0584,318.6734,314.4577,314.8051,3864000
2023-01-10,314.4858,316.7204,313.8661,316.6265,2277500
2023-01-11,317.7250,319.0489,316.5326,319.0020,3265800
2023-01-12,320.0535,322.0439,317.3025,321.1050,4332600
2023-01-13,318.4385,322.5039,318.3915,322.0815,3473400
2023-01-17,321.4430,321.8092,317.9409,318.4385,3929700
2023-01-18,318.8235,319.4150,312.3732,312.6267,5164300
2023-01-19,310.8334,312.1479,309.8100,310.4297,3454200
2023-01-20,310.8714,313.6059,309.4900,313.5495,4120200
2023-01-23,314.5079,317.3834,312.9668,315.8987,3985300
2023-01-24,314.7617,317.3553,313.5777,316.7726,3360900
2023-01-25,314.0851,317.2801,312.4970,316.9794,4318600
2023-01-26,318.0412,318.9903,315.9269,318.8963,2930900
2023-01-27,318.9341,320.9451,317.7689,319.1314,2907400
2023-01-30,318.0506,319.9018,316.5377,316.7350,3032700
2023-01-31,317.2425,320.3059,316.2183,320.2777,2593500
2023-02-01,318.6709,322.5706,315.3443,320.3153,6175400
2023-02-02,320.9168,320.9168,317.6279,319.9019,5169400
2023-02-03,318.3420,321.0671,317.5808,318.5393,6504300
2023-02-06,317.2894,319.0843,316.3873,318.0694,2708400
2023-02-07,316.6318,321.6685,315.9176,320.9262,4969600
2023-02-08,319.8455,320.8697,318.4077,318.9528,2769500
2023-02-09,321.1422,321.9034,315.7953,316.7538,3094700
2023-02-10,316.4345,318.5676,315.6921,318.3045,2523900
2023-02-13,318.4454,321.9035,318.4454,321.8941,2653900
2023-02-14,320.9261,322.8149,318.0037,320.5691,3501100
2023-02-15,318.9903,321.0671,318.2104,321.0577,1967700
2023-02-16,318.0882,320.3341,316.9700,317.0452,3229600
2023-02-17,315.9928,318.5436,315.3904,318.4118,3034200
2023-02-21,315.0517,316.2000,311.6444,311.7856,3142900
2023-02-22,312.2562,312.8963,310.0914,311.0985,2896400
2023-02-23,312.3502,313.1973,308.7076,312.1808,5999600
2023-02-24,308.5664,309.7995,307.2487,308.8394,3764700
2023-02-27,311.2961,312.4726,308.9148,309.7242,2887300
2023-02-28,309.5454,309.5454,307.3241,307.3806,3155300
2023-03-01,306.8817,308.5571,306.1852,307.7853,3317500
2023-03-02,308.3218,311.7385,307.5970,311.0232,3047500
2023-03-03,312.0396,314.7786,311.0043,314.5716,3033500
2023-03-06,314.9668,316.3693,314.5433,315.0139,2641700
2023-03-07,315.0046,315.2399,309.4042,309.5453,5009200
2023-03-08,309.5925,310.1384,307.4088,309.1877,3169600
2023-03-09,310.3455,311.0232,303.4556,304.0957,4760900
2023-03-10,303.5874,305.7805,299.7189,300.9425,7741600
2023-03-13,298.1470,304.1804,298.0529,300.0860,6831600
2023-03-14,303.2768,304.6887,299.9825,303.2580,4760500
2023-03-15,298.2788,301.0178,296.4622,300.7637,6518000
2023-03-16,298.9942,304.5569,297.8364,304.2557,6569900
2023-03-17,302.6777,303.0268,299.3179,300.5826,5314900
2023-03-20,301.3658,304.5934,301.3658,304.1687,4695000
2023-03-21,307.1133,307.5097,305.1503,307.3021,3527300
2023-03-22,307.3302,309.1328,302.0547,302.1679,4378700
2023-03-23,303.2533,306.7358,300.5826,302.7909,4772600
2023-03-24,301.4793,304.3199,300.0259,304.1878,4484900
2023-03-27,306.3300,307.2549,305.1126,306.0658,3550900
2023-03-28,305.7638,307.3305,304.6785,305.5940,2536500
2023-03-29,308.2081,308.7649,306.9906,308.6799,2531700
2023-03-30,310.3787,310.4448,308.3402,310.0012,2487000
2023-03-31,311.0487,314.0875,310.9732,313.9082,2837300
2023-04-03,314.8238,317.3341,314.7483,317.0133,3450700
2023-04-04,317.0132,317.3435,313.9177,315.1540,2449900
2023-04-05,315.2107,316.5791,314.9842,315.9845,2566600
2023-04-06,315.5410,316.4470,314.5312,316.0600,2333300
2023-04-10,315.2107,317.0604,314.6727,317.0604,2834200
2023-04-11,317.3908,318.8630,317.1077,317.9476,2343100
2023-04-12,319.5613,319.9388,317.0604,317.6738,3363800
2023-04-13,318.1079,321.4204,317.1642,321.2223,3040900
2023-04-14,320.8165,321.6753,318.3344,319.7784,3107900
2023-04-17,320.0426,320.8070,318.9761,320.7976,2226400
2023-04-18,320.8164,321.0807,318.8912,320.6843,2191100
2023-04-19,320.0331,320.5239,319.1649,319.9199,2854700
2023-04-20,318.4477,319.7878,317.9003,318.9384,2179300
2023-04-21,319.4048,319.7070,318.0357,319.2632,2470100
2023-04-24,319.0744,320.0187,318.4134,319.8676,2288800
2023-04-25,319.3199,319.8015,316.5155,316.6382,2745300
2023-04-26,316.8932,317.7052,313.7866,314.3909,3588400
2023-04-27,315.5523,319.7070,315.2218,319.3482,3066600
2023-04-28,318.3945,322.0299,318.3379,322.0205,3651100
2023-05-01,322.0866,323.4935,321.2934,321.3878,2296200
2023-05-02,320.9913,321.0479,315.6751,318.0924,3275800
2023-05-03,318.3379,319.3294,315.3163,315.4863,3924100
2023-05-04,314.7024,314.9951,311.0104,312.8611,3576800
2023-05-05,315.6279,318.6873,315.3258,317.9603,3542700
2023-05-08,318.3756,318.5833,316.4115,317.4785,1789900
2023-05-09,316.7138,317.9130,316.4683,317.0537,1924900
2023-05-10,318.5928,319.0177,313.9565,316.7892,3365500
2023-05-11,315.1368,315.2595,312.9933,314.7496,2744700
2023-05-12,315.7790,315.8073,312.8423,314.6270,2636400
2023-05-15,314.9197,315.6279,313.3617,315.1652,2171000
2023-05-16,314.1641,314.5041,311.8696,311.9357,2265200
2023-05-17,313.6261,316.4872,312.4458,315.9584,3068800
2023-05-18,315.2879,317.6863,314.2020,317.3275,3553500
2023-05-19,317.9198,318.3836,315.3270,316.2449,3706700
2023-05-22,316.1786,317.1533,314.1914,315.0241,2555100
2023-05-23,313.9455,315.2135,312.3557,312.8572,2526200
2023-05-24,312.2799,312.5070,309.8952,310.3968,2978300
2023-05-25,310.4536,311.0781,308.3244,310.1508,3499900
2023-05-26,310.5104,313.8129,310.3116,313.0748,3580000
2023-05-30,312.8951,313.5291,311.2580,312.7720,3474500
2023-05-31,311.7595,312.4408,310.1035,311.8257,3067600
2023-06-01,311.2486,314.1537,309.7439,313.1696,3081300
2023-06-02,315.3459,320.3235,315.2229,319.9166,5584700
2023-06-05,320.0491,320.3047,317.9200,318.0808,3415600
2023-06-06,317.9861,318.6580,316.5099,318.1186,2824900
2023-06-07,318.4687,319.3961,317.8914,319.0649,2739000
2023-06-08,319.1217,321.0427,318.6675,320.6169,2700300
2023-06-09,320.3898,321.9890,320.1532,321.0522,3162300
2023-06-12,321.4969,322.9731,321.0143,322.8501,2035500
2023-06-13,323.3895,325.1780,323.2570,324.2222,3259300
2023-06-14,323.0583,323.6734,320.1721,322.1404,3766000
2023-06-15,322.0742,327.0233,321.9133,326.2568,4722500
2023-06-16,327.5430,327.9034,325.0486,325.2668,5576800
2023-06-20,323.7016,323.9956,321.5202,322.9049,3387200
2023-06-21,322.1084,323.3319,321.2168,321.9282,3050700
2023-06-22,321.4635,322.4024,320.7996,321.8429,2605500
2023-06-23,319.7373,320.7521,318.8837,319.7752,3721600
2023-06-26,319.4338,320.6478,318.6276,319.7563,2301900
2023-06-27,319.7183,322.1368,319.7183,321.7384,1778800
2023-06-28,321.2642,321.4634,320.0312,321.1694,2305000
2023-06-29,320.9607,323.7871,320.6762,323.5689,2902700
2023-06-30,325.5227,326.8125,325.0864,326.1202,3027500
2023-07-03,325.3140,326.7651,325.1054,326.3289,1698400
2023-07-05,324.7259,326.0158,324.6026,325.1338,2717000
2023-07-06,322.6963,323.2939,320.2873,321.7384,3742400
2023-07-07,320.5435,322.8482,319.8038,320.0314,2852200
2023-07-10,320.0028,322.1368,319.7847,322.0704,2560200
2023-07-11,323.1706,325.2382,322.4214,324.9727,2477100
2023-07-12,327.1256,328.0645,325.4563,325.9116,4140200
2023-07-13,326.5850,327.0971,325.9780,326.1866,2472300
2023-07-14,327.8843,328.0835,326.7462,327.3722,3293400
2023-07-17,326.7936,328.8232,326.4711,328.0171,2860000
2023-07-18,327.8274,331.8677,327.4480,331.5547,4617200
2023-07-19,332.3325,334.2768,332.3325,332.6076,5864300
2023-07-20,333.3284,335.6426,333.2335,334.2578,4561300
2023-07-21,334.8729,335.3570,333.8288,334.2370,2971700
2023-07-24,334.7779,336.5434,334.6071,336.0688,3073700
2023-07-25,335.8126,337.1225,335.5753,336.3062,2548700
2023-07-26,335.1862,338.1665,335.1672,337.1889,3084700
2023-07-27,337.7679,338.2424,334.1421,334.8350,4771000
2023-07-28,336.4865,337.4736,335.4614,336.4580,3219000
2023-07-31,336.5435,337.5211,336.1828,337.4926,2201400
2023-08-01,337.2078,338.5651,337.0844,338.0905,2581900
2023-08-02,336.4581,337.1415,334.2085,334.8065,5061000
2023-08-03,333.7244,335.4234,333.2688,334.0946,3307000
2023-08-04,335.1671,336.9136,332.3956,332.8227,4269400
2023-08-07,334.1421,336.8282,333.9902,336.5909,2390800
2023-08-08,334.5028,335.3855,332.1299,335.0722,3033600
2023-08-09,334.9298,335.6987,332.7183,333.4207,2873300
2023-08-10,335.1956,337.8248,333.3353,333.9997,4133500
2023-08-11,333.3353,335.7367,332.7848,335.0533,2602600
2023-08-14,334.7971,335.5279,333.8859,335.2527,3134100
2023-08-15,333.7909,334.1230,331.4274,331.8356,2818700
2023-08-16,331.5414,333.6486,330.0323,330.0892,3586800
2023-08-17,331.2091,331.5603,327.2891,327.5168,4804100
2023-08-18,325.9961,328.8097,325.7394,328.0588,3525400
2023-08-21,328.2298,328.6291,325.5588,327.6310,3176500
2023-08-22,327.7451,328.0778,325.6349,326.0056,2816000
2023-08-23,326.5473,328.3249,326.2812,327.7831,2605400
2023-08-24,327.2984,329.8173,324.1140,324.1710,3840800
2023-08-25,325.5302,327.5169,323.5245,326.5188,3868500
2023-08-28,328.1443,329.5321,327.4694,328.6196,2382700
2023-08-29,328.4769,331.5092,328.3248,331.3856,3107700
2023-08-30,331.8419,333.3913,331.2906,332.1271,2792900
2023-08-31,333.5721,333.9143,330.5493,330.6158,2901400
2023-09-01,332.6310,333.0397,330.5587,331.7279,2533200
2023-09-05,331.8230,332.0131,329.7508,329.8268,1906900
2023-09-06,329.3230,329.3800,326.4808,327.9446,2748400
2023-09-07,327.4314,329.1234,327.3269,328.6006,2378600
2023-09-08,328.6766,329.8838,328.4010,329.3800,1665900
2023-09-11,330.8154,331.3572,329.3800,330.1975,1722900
2023-09-12,329.5037,332.0321,329.2375,330.0455,1813800
2023-09-13,330.3782,331.2812,328.7242,329.4181,2025200
2023-09-14,331.4238,333.2964,330.5397,332.6405,3489400
2023-09-15,331.9190,332.4813,329.3838,329.8985,3581700
2023-09-18,330.0319,330.8420,329.1074,329.9080,2122800
2023-09-19,329.2599,329.5840,326.8868,328.8787,2740900
2023-09-20,329.8032,331.3472,328.0495,328.1639,3411400
2023-09-21,327.0678,327.5253,324.4945,324.5993,3483700
2023-09-22,324.7042,325.4095,323.3985,323.6463,3376400
2023-09-25,322.8362,324.1133,321.8450,324.0275,3104700
2023-09-26,322.0164,322.8456,319.8053,320.2723,4657300
2023-09-27,321.0730,321.3303,317.3083,319.6910,4442200
2023-09-28,319.5863,321.8261,318.8715,320.8253,4053600
2023-09-29,322.8839,322.9315,318.2424,319.2336,3786500
2023-10-02,318.6046,319.3004,316.4983,318.4140,4192600
2023-10-03,317.2225,318.2137,313.6008,314.4967,4871100
2023-10-04,314.6397,315.9073,313.1910,315.4593,4877100
2023-10-05,315.2973,316.1836,313.9344,315.6309,3172200
2023-10-06,314.8494,319.8911,313.0671,318.4234,4491300
2023-10-09,317.3273,320.5964,316.9842,320.3200,3756300
2023-10-10,321.3780,323.1030,320.2629,321.6162,3769400
2023-10-11,322.3214,322.9409,320.3867,322.1689,2773900
2023-10-12,322.8742,322.8742,318.8713,320.4915,3315000
2023-10-13,321.6448,323.6748,319.7767,320.8823,5154600
2023-10-16,322.8743,324.9139,322.5312,323.9417,3969300
2023-10-17,322.4549,325.4953,322.3978,324.0370,3777800
2023-10-18,323.7987,324.0180,320.2342,320.8347,4141200
2023-10-19,320.8918,322.7313,318.0993,318.4424,5201800
2023-10-20,317.9151,318.7257,315.7695,315.8267,3960800
2023-10-23,314.5965,316.9138,313.6239,314.0435,3898300
2023-10-24,315.6455,317.2666,314.5488,316.0651,3583900
2023-10-25,316.8090,317.2572,314.5299,315.0258,3836300
2023-10-26,314.8445,315.6645,312.1743,312.6130,4882600
2023-10-27,312.6321,312.6702,308.2168,309.1514,4757300
2023-10-30,311.2494,314.7110,311.2303,313.9577,4617200
2023-10-31,313.9100,315.3404,312.6321,315.1497,3645800
2023-11-01,315.5693,317.8960,314.7873,317.2476,4546200
2023-11-02,319.2502,322.8167,318.8974,322.6927,5356300
2023-11-03,324.3425,325.7729,323.6463,324.8097,4046900
2023-11-06,325.0481,325.7920,324.1232,325.2198,2766000
2023-11-07,324.9243,326.2021,324.5142,325.6967,2793700
2023-11-08,326.2306,326.6978,324.1708,325.2960,2787900
2023-11-09,326.1448,326.1829,323.0551,323.3793,3940700
2023-11-10,325.0005,327.3749,323.5319,327.0984,3268600
2023-11-13,326.4977,328.3286,326.3546,327.6325,2624500
2023-11-14,331.3993,333.3065,330.5887,332.2576,4815500
2023-11-15,333.0871,334.5080,332.7915,334.0216,3149400
2023-11-16,333.3636,334.5270,332.5721,333.7831,3848000
2023-11-17,334.2295,334.6499,333.2262,333.8950,2059200
2023-11-20,333.5798,336.5802,333.5511,335.8922,2904300
2023-11-21,335.5003,335.5959,334.7837,335.2232,1849500
2023-11-22,336.2456,337.4401,335.8730,336.8858,3486200
2023-11-24,337.4593,338.2142,337.3446,338.0708,1245100
2023-11-27,337.9082,338.3956,337.0960,337.6120,2532400
2023-11-28,337.7745,339.3512,337.3923,338.3670,2759600
2023-11-29,339.1888,340.2972,338.6155,338.8830,2736300
2023-11-30,340.8514,344.1671,340.6030,343.9951,4094300
2023-12-01,344.0142,347.1006,343.8613,346.9095,5852500
2023-12-04,345.0940,346.8140,344.9698,346.5178,4211000
2023-12-05,345.7723,346.1545,344.6639,345.8201,5372700
2023-12-06,346.6801,347.3872,344.7881,345.1608,5583700
2023-12-07,345.8680,346.2502,344.8838,345.7438,3295600
2023-12-08,345.6768,347.5114,345.3137,346.9763,2930400
2023-12-11,347.4351,348.6486,346.8618,348.4766,3673200
2023-12-12,349.1647,350.3782,348.2282,350.1202,3239600
2023-12-13,350.3016,355.2130,349.7282,355.2130,4304800
2023-12-14,356.1400,357.0574,354.7545,356.7325,5507000
2023-12-15,356.0074,357.5876,355.6148,356.8598,6948400
2023-12-18,357.4919,358.0473,356.9843,357.1950,3403200
2023-12-19,357.4439,359.6657,357.3290,359.6082,3749200
2023-12-20,358.8134,360.4128,354.9252,355.1072,4564700
2023-12-21,357.1089,358.2964,355.4521,358.0569,3837500
2023-12-22,357.8271,359.4264,356.8119,357.9803,3330700
2023-12-26,357.8654,360.1735,357.7697,359.4648,2217800
2023-12-27,359.2254,360.8438,358.8902,360.6236,3061200
2023-12-28,360.5852,361.7057,360.5852,361.0736,2620400
2023-12-29,360.9970,361.4854,359.3881,360.9204,3364400
2024-01-02,358.9380,361.8302,358.9380,361.1311,5776300
2024-01-03,359.6755,360.2022,358.0762,358.3730,6393600
2024-01-04,358.9763,361.2556,358.5550,358.6891,4251900
2024-01-05,358.5836,360.3266,357.4153,358.7848,5381700
2024-01-08,357.5972,361.0162,356.7066,360.8917,4604900
2024-01-09,358.9380,359.7041,357.9324,359.3019,3230900
2024-01-10,359.6562,361.4949,359.4072,360.9969,2718700
2024-01-11,361.7823,362.1175,358.4113,361.2077,4095700
2024-01-12,361.5046,362.2420,358.8710,360.0011,3816700
2024-01-16,359.1009,359.6372,356.2949,357.8463,4471600
2024-01-17,356.0170,357.9324,355.6244,356.9460,4361000
2024-01-18,356.4768,359.4456,355.6436,358.9476,3953400
2024-01-19,360.0812,363.5213,358.8164,362.7834,5218600
2024-01-22,363.8278,365.1597,363.2433,364.1920,5433400
2024-01-23,363.5116,363.9811,362.1892,363.2050,3110100
2024-01-24,364.3260,364.7189,362.1509,362.2946,3967200
2024-01-25,363.2337,364.6615,362.1318,364.5848,3539100
2024-01-26,364.1058,366.1659,364.0770,365.1694,3221000
2024-01-29,365.0831,367.3924,364.6423,367.2966,2730900
2024-01-30,366.8270,368.8680,366.5108,368.4272,2747900
2024-01-31,369.1172,369.7018,365.4089,365.4377,4476600
2024-02-01,365.4663,369.0596,365.0543,369.0117,3652500
2024-02-02,367.9482,371.5798,367.2295,370.2767,3344800
2024-02-05,369.8646,369.8646,366.1563,367.5553,3761600
2024-02-06,367.8812,369.2706,367.4787,368.9927,2507800
2024-02-07,370.2479,371.2636,369.5388,370.5162,2797600
2024-02-08,371.2828,371.4648,369.4047,371.1678,2549800
2024-02-09,371.0145,371.3116,369.6443,370.5641,3526300
2024-02-12,370.3438,373.1418,370.2959,371.8961,2412200
2024-02-13,368.9831,369.0694,364.5657,366.8271,5325300
2024-02-14,367.9578,368.4848,366.1084,368.2357,3465200
2024-02-15,369.0980,372.1068,368.8009,372.0302,3497200
2024-02-16,371.5811,372.6176,370.1703,370.6405,3772300
2024-02-20,369.9879,371.0052,369.0570,370.1607,3295700
2024-02-21,369.4600,370.6213,367.8861,370.5061,3027600
2024-02-22,372.7231,375.7079,372.2912,374.8153,4990700
2024-02-23,375.9959,377.0228,375.1801,375.5256,3451600
2024-02-26,375.6887,376.6100,374.5274,374.9785,1914100
2024-02-27,374.6426,374.7290,373.0974,373.9708,2370900
2024-02-28,372.3200,374.0476,371.9937,373.9132,3313900
2024-02-29,374.9593,375.3624,372.8095,374.2491,3026900
2024-03-01,374.1531,375.8422,373.2222,375.5543,3857500
2024-03-04,373.6733,375.4968,373.6733,374.5179,3048500
2024-03-05,373.3278,373.6157,369.4217,370.6405,4132400
2024-03-06,372.8479,373.4621,370.5829,371.5906,3039100
2024-03-07,373.4045,374.0284,372.2144,372.8095,2965700
2024-03-08,372.6080,374.7003,372.0994,372.3681,4256900
2024-03-11,371.3411,373.0014,369.9782,372.7807,3396000
2024-03-12,373.5676,375.6791,372.2240,375.0552,3275800
2024-03-13,375.9191,376.9748,374.3547,375.4680,2788700
2024-03-14,376.3797,376.6101,372.2241,374.3643,4471900
2024-03-15,373.0203,374.4826,371.3849,372.3084,4372300
2024-03-18,373.6071,374.0978,372.7702,373.0107,2060600
2024-03-19,373.4244,376.2432,372.7606,376.0604,3303800
2024-03-20,375.3388,380.2163,375.0887,379.9950,4823900
2024-03-21,381.2650,383.6797,380.7839,382.6503,4348400
2024-03-22,382.6599,382.9485,379.5140,379.5525,3156100
2024-03-25,378.9657,379.1869,377.9074,378.0325,2535600
2024-03-26,378.7349,379.3025,377.7248,377.9365,3395400
2024-03-27,380.0047,382.4868,379.4949,382.4676,4427300
2024-03-28,382.9486,383.4297,381.9674,382.6600,3155000
2024-04-01,382.7177,382.9389,379.7450,380.3222,3825200
2024-04-02,377.0898,377.2533,375.4639,376.7627,4034900
2024-04-03,376.8107,378.0037,375.1849,376.4067,3547000
2024-04-04,379.0715,379.2735,370.9616,371.3656,5041200
2024-04-05,371.6831,375.6274,371.4233,374.0978,4423500
2024-04-08,374.2806,375.3292,373.8188,374.3287,2431300
2024-04-09,374.8290,375.1753,371.0867,374.0786,4003900
2024-04-10,370.3075,371.3176,368.4892,369.9130,5173100
2024-04-11,370.8364,371.4233,367.4982,369.9417,3972800
2024-04-12,367.7964,368.3929,364.4293,365.4491,5305100
2024-04-15,368.7778,369.2492,362.3033,362.9863,4870700
2024-04-16,365.3241,365.5068,362.7266,363.6309,4383500
2024-04-17,364.8141,365.7569,361.8607,363.1209,4584900
2024-04-18,364.6602,366.4689,362.5438,363.4962,4579200
2024-04-19,364.5049,366.7573,363.7638,365.5733,5078600
2024-04-22,367.4311,370.0396,365.5830,368.0471,4129000
2024-04-23,369.3175,371.1463,368.5667,370.5977,3126400
2024-04-24,370.4534,371.0309,368.6727,370.0395,3575800
2024-04-25,365.5637,367.2577,363.3402,366.6514,4682800
2024-04-26,366.4878,368.9807,366.2760,367.9893,4252400
2024-04-29,368.7497,369.6449,367.7583,369.4235,3265900
2024-04-30,368.1337,368.4128,363.9177,363.9659,3463600
2024-05-01,364.2065,369.1155,363.8215,364.6974,5731600
2024-05-02,366.8728,368.5668,364.7070,367.9123,3535600
2024-05-03,372.6385,373.4566,370.6363,372.2823,4471100
2024-05-06,373.7742,374.1784,372.3400,373.8993,2596100
2024-05-07,374.5923,375.1506,373.7934,374.1784,2428600
2024-05-08,373.7934,376.2671,373.6490,375.8532,2855100
2024-05-09,375.4970,379.4916,375.4008,379.2413,4141200
2024-05-10,380.4446,381.0702,379.3377,380.3772,3505600
2024-05-13,381.5323,381.7537,379.3088,379.6842,2635800
2024-05-14,379.7612,381.4071,379.0585,380.7622,2702700
2024-05-15,382.3600,384.5353,382.0712,384.3235,3421200
2024-05-16,384.7760,385.9792,384.1793,384.2563,2877200
2024-05-17,384.7325,385.6097,384.0867,385.5423,2702900
2024-05-20,385.3686,386.2844,383.5081,383.7588,2094800
2024-05-21,383.9709,384.6843,383.4407,384.4144,1618300
2024-05-22,383.6142,384.4817,381.2621,382.3706,2647200
2024-05-23,382.7563,382.7852,376.1916,376.5868,3361200
2024-05-24,377.1267,378.1196,376.1049,376.5676,2072200
2024-05-28,375.7675,376.1627,373.0780,374.6011,2176100
2024-05-29,371.4296,371.8248,370.3981,370.7259,2715000
2024-05-30,367.6315,368.6244,366.7061,367.7375,4063400
2024-05-31,368.2195,373.6467,367.5351,373.5696,4748400
2024-06-03,373.8973,373.9166,369.1353,372.3260,3614300
2024-06-04,371.1307,374.3889,370.6873,373.5503,2822500
2024-06-05,374.6011,374.9578,372.0658,374.5336,2181400
2024-06-06,374.8035,376.5193,373.8202,375.3047,2241900
2024-06-07,374.8710,377.5123,373.9167,374.4950,1952000
2024-06-10,374.0516,375.3336,373.2418,375.2662,1380600
2024-06-11,373.6949,374.2154,371.0343,373.9937,2522600
2024-06-12,377.4738,377.7919,372.7599,373.7239,3866700
2024-06-13,372.8852,373.7045,370.7355,372.9430,3136100
2024-06-14,370.7645,372.6153,369.8101,372.5382,2884300
2024-06-17,371.3717,375.1891,371.1115,374.5818,2025300
2024-06-18,374.8999,376.1338,374.0419,375.1216,1848700
2024-06-20,374.7360,378.9486,374.3890,377.9460,3588000
2024-06-21,378.4040,379.1769,377.2349,378.0851,2592100
2024-06-24,379.1769,382.1913,378.6262,380.6358,3096600
2024-06-25,380.2300,380.7614,376.6167,377.7761,2879100
2024-06-26,376.8775,378.4619,375.8341,377.9885,1501900
2024-06-27,377.3799,379.0996,376.9452,378.2977,1601100
2024-06-28,378.1141,380.9642,376.0176,377.8822,3624400
2024-07-01,378.8000,380.9352,377.0417,378.2010,2536500
2024-07-02,377.5539,379.9692,377.4573,379.9692,1711600
2024-07-03,380.3942,380.7130,378.8581,379.5247,2319100
2024-07-05,379.8725,380.6551,378.3847,380.3652,2011000
2024-07-08,381.0513,383.2927,379.4765,380.1334,3374500
2024-07-09,379.9015,381.6599,378.2108,379.6310,3821600
2024-07-10,379.6309,383.9978,379.3314,383.8046,4234300
2024-07-11,384.0365,385.3794,382.8868,384.1621,4020700
2024-07-12,385.3503,389.0506,384.6354,386.7609,4711800
2024-07-15,388.8383,389.9106,387.8045,388.7320,4433500
2024-07-16,390.1811,396.1034,390.1714,395.7846,6547600
2024-07-17,394.7219,398.3739,394.7219,397.9778,4490600
2024-07-18,396.7701,399.8424,392.2969,392.9442,4922200
2024-07-19,391.8268,392.4938,388.5211,389.4877,4284500
2024-07-22,390.5413,391.2083,388.7821,390.6476,2314000
2024-07-23,390.7829,391.7495,389.7487,390.0096,1693500
2024-07-24,388.3085,389.1784,384.7804,385.3507,3701300
2024-07-25,385.3121,390.8797,385.0608,386.1433,4179800
2024-07-26,388.3858,394.0017,388.2891,392.4068,2810600
2024-07-29,393.2671,393.4024,390.4640,391.9622,2039000
2024-07-30,392.3101,395.0649,391.7398,393.7986,2576400
2024-07-31,393.8471,398.2451,392.9095,394.8427,5634800
2024-08-01,396.0123,397.2012,387.5643,389.7585,5497900
2024-08-02,386.5686,387.0036,380.4114,383.8622,4844900
2024-08-05,373.6067,377.2604,372.0698,373.8870,8680200
2024-08-06,374.6119,381.3394,373.3553,376.9317,4058000
2024-08-07,379.5125,381.6004,374.3413,374.8149,3969400
2024-08-08,376.4968,381.9387,376.2358,381.3394,2993500
2024-08-09,381.0108,383.2436,379.3096,381.9484,3380200
2024-08-12,382.7215,382.8085,379.4931,380.6143,1902000
2024-08-13,381.8710,384.8288,380.9044,384.5002,3510800
2024-08-14,384.4518,387.4869,384.2295,386.7233,5230400
2024-08-15,391.2180,392.5712,389.7101,392.3199,3764100
2024-08-16,391.8139,394.0776,391.3980,393.4681,2789200
2024-08-19,394.0679,395.9640,393.9712,395.7608,2012400
2024-08-20,395.2868,395.9930,394.4742,395.2288,1999600
2024-08-21,395.9640,396.6121,394.2905,395.6448,1439000
2024-08-22,396.3315,397.1054,392.7715,394.1839,2353500
2024-08-23,395.9350,398.8661,395.2288,398.3921,3818300
2024-08-26,399.1757,400.9943,398.2180,399.2531,3145000
2024-08-27,398.8369,399.5915,397.9373,399.4174,1710200
2024-08-28,399.1949,400.4234,395.3738,397.9179,2732600
2024-08-29,400.8492,402.7162,397.8793,400.4042,5024800
2024-08-30,400.9846,402.9580,398.6726,402.6291,2283800
2024-09-03,400.6750,401.6327,395.2868,396.8636,3754700
2024-09-04,396.5927,399.0885,395.8769,397.0281,2131200
2024-09-05,397.9180,398.2276,392.7329,395.1320,2234700
2024-09-06,395.6156,397.5890,390.6046,391.2721,3351000
2024-09-09,394.0678,397.4827,392.8586,395.7027,3038200
2024-09-10,396.7185,396.7475,391.7559,394.9385,1970500
2024-09-11,393.8648,396.5541,387.7316,395.9156,3134600
2024-09-12,396.3315,398.5565,394.1840,398.5275,3131600
2024-09-13,399.1272,402.7258,398.8950,401.4005,5210300
2024-09-16,402.8613,404.8928,402.0874,403.7610,3881100
2024-09-17,404.6412,405.8020,402.2421,403.6448,2561700
2024-09-18,403.8771,407.2629,401.9907,402.6098,3173600
2024-09-19,408.2109,408.9847,405.6957,407.6595,4073000
2024-09-20,406.9008,408.7636,406.0469,408.0554,2902200
2024-09-23,408.5890,409.1518,407.5023,408.5793,2318700
2024-09-24,409.1226,410.0734,407.8710,409.5689,2790700
2024-09-25,409.8697,410.3549,405.9306,406.6485,2048000
2024-09-26,408.7054,409.5592,407.6963,409.0741,2703700
2024-09-27,410.0153,413.5179,409.6757,410.3646,3667700
2024-09-30,409.8502,410.7040,406.6096,410.5294,3819800
2024-10-01,409.8502,410.5585,406.8134,408.9576,5101300
2024-10-02,409.2777,409.9278,407.0947,409.3554,2599600
2024-10-03,407.8322,408.5889,405.8335,407.4829,2534400
2024-10-04,409.8017,411.0048,407.1724,410.8108,2520900
2024-10-07,409.5495,410.3451,405.8141,407.1239,2632600
2024-10-08,407.9972,408.7443,406.2507,408.2785,1872900
2024-10-09,408.3658,412.9938,407.5314,412.4020,3935100
2024-10-10,412.3536,412.4215,410.4519,412.0237,2179000
2024-10-11,412.6252,416.3025,412.3633,415.9726,3753500
2024-10-14,415.5748,418.5825,414.4784,418.0683,2180600
2024-10-15,416.5547,417.3309,414.3232,414.8180,3291200
2024-10-16,414.4686,418.2526,414.2164,417.9033,2583700
2024-10-17,419.6691,420.0087,418.3690,419.5818,3462800
2024-10-18,419.5420,420.4543,417.6688,419.9108,2303700
2024-10-21,419.7071,420.2991,416.1451,416.7371,2702600
2024-10-22,415.0580,417.7562,414.5921,416.6788,2306100
2024-10-23,414.4659,415.1745,410.4769,412.6510,4006500
2024-10-24,411.8356,412.1754,409.5257,411.3115,1936600
2024-10-25,412.9324,413.4662,408.0989,408.7492,2518800
2024-10-28,411.0883,412.3210,410.8166,411.5930,2912000
2024-10-29,409.8071,412.4665,409.3509,410.0691,2697700
2024-10-30,409.6033,412.1559,409.0501,409.3412,2933600
2024-10-31,406.8953,407.5747,404.7503,405.3812,4297100
2024-11-01,407.3225,410.8457,406.9731,408.0504,3856400
2024-11-04,407.4875,407.9339,404.1875,405.7501,3125400
2024-11-05,405.9637,410.1857,405.4201,409.8751,3093100
2024-11-06,421.8714,424.9093,420.9493,424.3658,7271800
2024-11-07,424.6569,425.3557,423.5893,424.5211,4267900
2024-11-08,425.4043,428.7043,424.5308,427.1610,5014300
2024-11-11,428.8790,431.7810,428.8208,429.9758,4065100
2024-11-12,430.5289,431.1501,426.1322,426.4622,3483000
2024-11-13,426.9670,428.5587,425.5402,426.8699,2631000
2024-11-14,427.6269,427.9666,424.2396,424.8219,2528300
2024-11-15,423.2739,423.9246,421.0208,421.9823,3486900
2024-11-18,421.6521,422.7786,420.7003,421.6715,2243000
2024-11-19,418.3113,421.6035,417.2527,420.3604,3202500
2024-11-20,421.0499,422.3707,418.4958,421.7686,3956000
2024-11-21,423.2934,427.8385,421.1277,426.3137,7558000
2024-11-22,426.9158,430.7811,426.6536,430.3829,5492800
2024-11-25,433.7334,435.4718,432.5582,434.6560,2976100
2024-11-26,433.6848,436.3750,431.8396,435.9380,4126500
2024-11-27,436.2293,437.6472,434.4715,434.8308,2985900
2024-11-29,435.3746,438.2687,435.3163,437.1130,3474100
2024-12-02,437.6181,437.9969,435.0154,435.8020,2661200
2024-12-03,436.2002,436.6372,433.7334,434.9765,1697400
2024-12-04,436.8800,438.5310,435.8408,437.9386,3694400
2024-12-05,437.4918,438.4630,435.4232,435.7340,1917600
2024-12-06,436.5304,436.9869,433.8985,434.2579,1973900
2024-12-09,434.7434,435.3552,431.9756,432.2475,1998600
2024-12-10,431.6940,432.9468,430.1790,430.8976,2461000
2024-12-11,431.3056,431.9174,429.6255,429.7517,2084300
2024-12-12,429.7322,430.3441,427.3626,427.5762,3585300
2024-12-13,428.1492,428.7999,426.2652,426.7022,2548400
2024-12-16,426.9741,427.9647,425.3231,425.7310,1987500
2024-12-17,423.6041,424.2354,421.9046,423.0117,3130300
2024-12-18,423.4099,425.4105,411.7559,411.9890,6135700
2024-12-19,415.1841,416.6020,412.2123,412.2900,4948000
2024-12-20,411.0754,420.8347,410.7443,417.3868,6069600
2024-12-23,416.1791,418.2634,413.9195,417.7278,2602700
2024-12-24,417.7277,421.3704,417.1336,421.2438,1431700
2024-12-26,419.7536,422.3833,419.7049,421.9353,1867400
2024-12-27,419.3737,421.0392,416.3057,418.8088,2429100
2024-12-30,414.3967,416.5297,411.5235,414.6889,3858300
2024-12-31,415.7992,416.6076,413.0039,414.4259,2442700
2025-01-02,417.1920,417.7959,410.6177,412.7701,4231500
2025-01-03,414.7668,416.6368,413.1597,416.0427,2203200
2025-01-06,417.6985,419.8997,414.9908,416.0135,3463300
2025-01-07,417.7374,418.1465,412.8286,414.2603,2053900
2025-01-08,414.3383,415.4584,412.2443,415.0396,2020200
2025-01-10,413.2377,413.2864,407.9003,408.4165,3415500
2025-01-13,407.8614,412.2248,407.6179,411.9521,2608100
2025-01-14,413.8221,414.4357,410.5787,414.0851,2643300
2025-01-15,420.3282,422.0035,419.2958,420.9905,4059800
2025-01-16,420.8445,421.6431,419.5491,420.3282,2532500
2025-01-17,423.3895,425.1921,422.8342,423.5649,2771000
2025-01-21,425.1532,429.1285,425.1142,428.8069,2113800
2025-01-22,430.1613,430.6582,429.0505,429.9567,3724100
2025-01-23,430.1905,434.0197,430.1905,433.9515,2352500
2025-01-24,433.3863,434.0489,431.9638,432.7238,2022000
2025-01-27,429.3331,435.8319,429.2356,435.6468,3822400
2025-01-28,435.7247,438.1995,434.7309,436.9037,2233500
2025-01-29,436.7089,438.0729,434.3315,435.7053,2225100
2025-01-30,435.0817,438.5601,434.8966,437.3032,2322600
2025-01-31,438.4822,438.8037,433.6202,433.9612,3085400
2025-02-03,428.3295,434.4581,427.4429,432.8699,4527700
2025-02-04,432.8309,434.5555,431.8955,434.0976,1890500
2025-02-05,434.2827,437.3324,432.0320,437.1570,2273400
2025-02-06,437.8196,438.1899,433.9613,435.8807,1867200
2025-02-07,436.2898,436.9816,431.4376,431.7494,2259200
2025-02-10,434.3802,434.8186,431.7300,433.3669,1858100
2025-02-11,431.9638,435.0817,431.8566,434.6627,1436200
2025-02-12,430.9894,433.3765,429.7520,432.2463,2444500
2025-02-13,433.9026,436.3580,432.3145,435.7831,2961500
2025-02-14,435.6273,436.5432,433.9222,434.3509,2005400
2025-02-18,433.8540,434.5556,432.2464,434.4776,2451200
2025-02-19,433.3669,435.3350,432.1684,435.2084,2239400
2025-02-20,433.8443,434.1268,428.6803,431.0382,2960000
2025-02-21,428.4709,428.7539,422.8601,423.6407,3842200
2025-02-24,425.2799,426.3240,422.8600,424.0114,3629300
2025-02-25,424.9970,426.9486,422.1770,425.5727,2953100
2025-02-26,425.8752,427.9048,422.5185,423.8260,2427800
2025-02-27,423.9236,428.1293,421.6403,421.8842,3296900
2025-02-28,422.5771,428.1976,420.5864,427.7585,3249900
2025-03-03,428.9002,430.0224,419.0837,421.6305,3925200
2025-03-04,419.2789,420.6548,413.5901,415.2684,3586900
2025-03-05,414.9171,421.1524,414.1755,420.0497,3018300
2025-03-06,415.8539,419.7082,413.7754,415.5904,2824100
2025-03-07,413.8340,418.9276,411.7653,417.8933,3719500
2025-03-10,413.1412,415.7367,406.5350,409.3355,3442800
2025-03-11,408.3403,408.8867,402.2708,404.7006,3893400
2025-03-12,406.8668,407.4620,400.6217,403.9297,2960500
2025-03-13,403.3441,404.1638,397.3918,398.8847,2557200
2025-03-14,400.8851,405.8422,399.9874,405.3055,2422700
2025-03-17,404.8957,410.5943,404.7981,409.0623,2141000
2025-03-18,408.2914,408.5354,404.8371,406.4472,1844100
2025-03-19,407.5010,412.2629,406.7106,410.2430,1813800
2025-03-20,407.8036,412.8972,407.5303,409.9503,1646500
2025-03-21,406.7543,410.6258,404.9358,410.2445,2485700
2025-03-24,413.8912,416.7069,413.3437,415.9834,2474900
2025-03-25,416.7949,417.3032,414.8786,416.3060,3997600
2025-03-26,416.8047,418.5743,413.6860,414.7516,2442100
2025-03-27,414.2138,415.5923,412.0434,413.4903,1646000
2025-03-28,412.5519,412.9429,405.9234,406.3340,2600600
2025-03-31,402.9904,411.9457,402.2474,410.4988,2985300
2025-04-01,409.0616,411.8675,405.7278,410.2152,2384800
2025-04-02,407.0672,414.1845,406.8814,412.6007,2299800
2025-04-03,401.7390,402.4136,395.9513,396.1664,7440100
2025-04-04,386.1062,387.7878,374.1299,374.6579,8667200
2025-04-07,363.0824,383.4470,358.1355,371.0894,12718200
2025-04-08,384.6887,385.5490,362.7402,368.0685,7283000
2025-04-09,363.7277,398.6790,363.7277,397.0071,9861100
2025-04-10,390.6718,391.2487,375.7235,386.8394,6624200
2025-04-11,385.6271,395.0615,383.9162,392.9302,3789900
2025-04-14,398.3758,398.7473,392.7347,396.3618,2286200
2025-04-15,396.7236,398.9038,394.5141,394.6901,2387300
2025-04-16,393.3213,395.2571,385.2361,387.9051,3004400
2025-04-17,382.9234,385.7992,380.9965,382.8060,4537500
2025-04-21,379.9694,380.2042,370.0804,373.2789,2881800
2025-04-22,377.6317,384.0776,376.7807,383.3049,3308100
2025-04-23,390.5627,394.9252,386.2687,387.2566,4049200
2025-04-24,386.8653,392.9005,385.1927,392.2158,4010500
2025-04-25,391.1398,392.5972,388.4597,392.2549,1790800
2025-04-28,393.0179,395.3361,390.0052,393.4776,1534700
2025-04-29,393.6047,397.4390,393.4091,396.3532,1888100
2025-04-30,393.6340,398.8671,388.7238,397.4586,2487400
2025-05-01,399.6203,401.9483,398.1238,398.5150,1917600
2025-05-02,402.7797,404.8240,401.3614,404.0121,2277700
2025-05-05,401.8408,405.3816,401.4886,403.2493,3866000
2025-05-06,399.5420,402.7405,398.6030,399.3170,1745600
2025-05-07,400.9017,403.7774,399.2290,402.0656,2420600
2025-05-08,404.0709,408.6192,402.5743,404.8338,2001000
2025-05-09,405.3815,406.0956,402.5742,403.4057,1789200
2025-05-12,413.7154,415.0261,411.8862,414.9576,2398600
2025-05-13,413.4414,414.7228,412.2090,412.2970,3018000
2025-05-14,412.8545,413.4219,410.4385,411.3580,3064800
2025-05-15,409.3920,414.4196,409.3430,414.2240,3927000
2025-05-16,414.7937,417.7695,413.5799,417.5443,2430300
2025-05-19,414.7546,419.6098,414.6860,419.0029,3121500
2025-05-20,418.3764,419.1595,416.0565,417.9555,1971000
2025-05-21,414.1574,415.6062,409.2630,409.9091,3624800
2025-05-22,409.0476,412.2584,408.5582,409.9776,2638600
2025-05-23,405.2006,409.3413,405.0929,407.5401,3117800
2025-05-27,411.8179,414.9112,410.3398,414.9014,3126600
2025-05-28,414.7839,415.8607,411.8570,412.5227,1790900
2025-05-29,413.5408,414.0889,409.7427,413.5408,2751400
2025-05-30,413.2470,415.3125,410.6530,413.9225,2957500
2025-06-02,412.4150,414.9013,410.2320,414.7643,2636100
2025-06-03,414.1378,417.3681,413.5504,417.0157,2332600
2025-06-04,417.3780,418.1416,415.8901,415.9684,2163300
2025-06-05,416.9570,417.8086,413.9322,415.0188,3018800
2025-06-06,418.7484,421.0096,417.5444,419.3358,3081100
2025-06-09,419.4728,420.6474,417.4269,419.3161,2680200
2025-06-10,419.2280,421.0194,418.8365,420.5397,2022600
2025-06-11,420.7845,422.9381,419.1302,420.5300,3025000
2025-06-12,419.1595,421.4599,417.9555,421.4011,2587700
2025-06-13,417.1137,417.9066,412.6989,413.8834,4826100
2025-06-16,416.0760,419.1595,415.9096,417.2801,3177100
2025-06-17,415.4985,417.4171,413.4428,414.1770,2450200
2025-06-18,414.7252,417.2115,413.3156,413.9127,2786700
2025-06-20,415.6100,416.3757,413.0086,414.0295,3810500
2025-06-23,414.2651,418.1525,411.9287,417.9169,4315000
2025-06-24,420.6754,423.8167,419.8409,422.8940,4958200
2025-06-25,422.8548,423.0118,420.6558,421.9810,3265500
2025-06-26,422.9235,426.2317,422.9038,425.9765,2444800
2025-06-27,427.1741,431.5033,427.1250,429.9719,3621000
2025-06-30,432.3769,433.1721,430.6197,432.5732,2827800
2025-07-01,432.1218,437.7958,431.9352,436.7356,4520300
2025-07-02,436.5294,437.2362,435.2434,436.5588,3141700
2025-07-03,437.5013,440.6328,437.4031,439.8769,2807100
2025-07-07,439.1800,439.6316,433.4667,435.8619,3657500
2025-07-08,435.5576,436.2350,433.9477,434.2716,3563200
2025-07-09,436.2448,437.4326,434.1734,436.3724,3251900
2025-07-10,436.2349,439.6020,435.5674,438.3160,2262600
2025-07-11,435.5380,436.3135,434.6447,435.4398,3345500
2025-07-14,434.9882,436.6080,434.3698,436.4312,2244700
2025-07-15,436.4312,437.0104,432.0726,432.0824,3810700
2025-07-16,433.7611,434.4974,429.6185,434.2520,4230300
2025-07-17,433.9476,437.4424,433.8789,437.0595,3790800
2025-07-18,437.7381,437.7872,434.1928,435.3124,3901900
2025-07-21,436.2355,438.0131,435.1946,435.4892,2548800
2025-07-22,434.9196,437.4632,434.9000,436.9820,3091600
2025-07-23,439.2309,442.1771,438.3470,442.1378,5486500
2025-07-24,438.9952,441.0772,438.7399,439.0934,5078300
2025-07-25,439.5058,441.3521,438.4059,440.9691,3710600
2025-07-28,440.6156,441.4209,439.3585,440.3013,2864200
2025-07-29,440.5861,440.8022,437.6596,438.4747,3146200
2025-07-30,438.7006,439.3586,434.6741,436.7856,3765000
2025-07-31,437.2863,438.1997,432.6019,433.4170,4223300
2025-08-01,429.9012,429.9111,425.6292,427.9076,5980000
2025-08-04,430.0289,433.9768,429.7441,433.8885,5065800
2025-08-05,433.8786,435.0571,431.3350,433.2304,4081600
2025-08-06,434.1830,435.0080,432.2386,434.0456,2975300
2025-08-07,436.3043,437.0310,430.1271,431.8359,5205100
2025-08-08,432.9064,434.9393,432.4153,433.9965,3684500
2025-08-11,434.3991,434.9294,431.3547,432.1207,3538100
2025-08-12,433.7706,437.1685,433.2305,436.7070,5012600
2025-08-13,438.4354,441.5879,438.0524,441.3620,6203200
2025-08-14,439.7121,441.5781,438.9658,441.1067,4553200
2025-08-15,444.0605,444.2079,441.1813,441.7316,5584400
2025-08-18,441.5548,442.1640,440.8473,441.2599,3809100
2025-08-19,442.0461,444.3062,440.4345,441.4958,5794900
2025-08-20,441.9871,442.7044,439.9039,441.5645,4731400
2025-08-21,439.9530,441.2796,438.1449,440.1790,3780700
2025-08-22,442.6062,449.9270,442.4785,448.7183,8534700
2025-08-25,447.7356,448.2761,445.1709,445.2102,3898200
2025-08-26,444.9351,446.8611,444.6894,446.6056,3190500
2025-08-27,446.3991,448.7182,446.3303,448.1188,2943900
2025-08-28,448.6101,449.2685,446.9003,448.8656,3576500
2025-08-29,448.2073,448.9148,446.3992,448.1778,3605900
2025-09-02,444.1489,445.8293,442.3507,445.7408,6009200
2025-09-03,445.0235,445.8686,442.7143,445.3969,3948200
2025-09-04,445.6818,449.3275,444.7090,449.1211,4524200
2025-09-05,449.1899,450.7130,445.1218,447.0969,5828200
2025-09-08,447.4801,448.3744,445.7605,448.2859,4395200
2025-09-09,448.0501,450.5951,447.3229,450.0645,5979400
2025-09-10,449.7697,449.9564,446.8217,448.0205,5412200
2025-09-11,448.9246,454.2997,448.6789,453.9066,6352100
2025-09-12,453.2483,453.6807,451.1061,451.3518,3784600
2025-09-15,452.0298,452.9141,450.8702,452.0887,4862200
2025-09-16,452.1280,452.8061,449.8385,450.8211,4526100
2025-09-17,451.8136,455.8032,450.0153,453.2581,5998000
2025-09-18,453.2877,456.3142,452.6686,454.6044,6681000
2025-09-19,455.9919,457.0365,454.1688,456.2087,5871400
2025-09-22,454.4546,457.5391,453.4691,456.9281,4074900
2025-09-23,457.4701,460.2097,455.3120,456.1397,5904600
2025-09-24,456.7113,457.6672,454.0998,454.3167,4588800
2025-09-25,453.2128,454.3757,451.0547,452.7497,4767200
2025-09-26,454.5630,456.6719,453.6268,455.5583,4167200
2025-09-29,457.0168,457.0365,454.6025,456.3073,3752700
2025-09-30,455.8933,457.3419,454.1392,456.9970,4253300
2025-10-01,455.8440,458.3766,455.8243,457.5094,4551600
2025-10-02,457.5588,458.9975,455.8933,458.3471,5458300
2025-10-03,459.0173,463.5405,458.9088,460.7122,9693900
2025-10-06,461.5105,461.6583,457.4800,460.0520,7405400
2025-10-07,460.7517,461.7962,457.6376,459.1946,7368700
2025-10-08,460.5250,461.3232,458.1697,459.2932,4621200
2025-10-09,459.3917,459.9928,455.8835,456.7605,5411000
2025-10-10,458.3569,459.7168,448.1081,448.2560,9309100
2025-10-13,451.5672,454.8487,451.3996,453.9815,6272500
2025-10-14,450.3846,458.4555,447.9505,455.9820,7827400
2025-10-15,457.9135,460.1505,453.5578,455.9820,6187100
2025-10-16,456.6324,457.5193,451.1828,452.8778,8149500
2025-10-17,452.7743,456.5302,452.3997,455.2191,8439900
2025-10-20,456.8654,460.8874,456.8457,460.3846,4556600
2025-10-21,460.4340,464.5546,460.2762,462.5534,5951600
2025-10-22,462.5435,462.5731,457.8807,459.1623,7604700
2025-10-23,458.9355,461.3211,458.2553,460.6508,5144200
2025-10-24,463.3420,466.5163,462.6126,465.5009,7228900
2025-10-27,468.0147,468.8624,466.9796,468.5963,4720200
2025-10-28,471.9973,472.5986,470.0454,470.3707,9435500
2025-10-29,471.8494,473.5646,467.7485,469.6017,10006500
2025-10-30,467.3641,473.3281,467.1768,468.2611,9338300
2025-10-31,469.0990,470.3806,466.6937,468.9117,7990900
2025-11-03,469.3947,469.5327,464.6038,466.7430,4858700
2025-11-04,463.7363,465.9937,462.1393,464.2094,6013300
2025-11-05,464.1109,467.8175,463.7166,466.3881,7030200
2025-11-06,465.3825,466.7134,461.2028,462.6125,7125200
2025-11-07,461.6268,463.2730,458.2553,463.1843,8604400
2025-11-10,465.1953,467.4626,462.7801,467.0880,5636600
2025-11-11,467.5218,473.0423,467.2655,472.5987,4839100
2025-11-12,473.6632,477.5176,473.6632,475.9009,7066900
2025-11-13,474.5603,475.5560,467.4824,467.9950,8722300
2025-11-14,464.6827,467.3147,462.2083,465.0967,10940200
2025-11-17,464.1800,465.6488,457.9399,459.6946,7599500
2025-11-18,455.6035,457.5061,453.0010,454.7459,12817500
2025-11-19,454.9530,456.8161,452.8927,455.1994,5833400
2025-11-20,460.0101,462.3661,451.2070,451.5914,13414200
2025-11-21,453.5813,459.7798,451.9132,456.5720,11821400
2025-11-24,457.7367,459.8292,455.0322,458.4177,6206800
2025-11-25,459.5429,465.7809,457.4405,465.0703,7203600
2025-11-26,466.0771,469.6205,465.8106,468.1992,5689100
2025-11-28,468.6631,471.4169,468.6631,470.9925,2281800
2025-12-01,468.1893,470.7655,466.8174,467.1826,4413900
2025-12-02,468.0609,470.2818,466.9851,469.0974,5233500
2025-12-03,468.6730,473.9536,468.5151,473.1936,5994200
2025-12-04,473.4897,474.9900,471.3084,472.8580,4003800
2025-12-05,473.2627,475.6809,473.0751,473.8055,4596600
2025-12-08,474.2595,474.2892,470.6569,471.9499,4427600
2025-12-09,471.8710,474.0523,469.9167,470.2424,4266900
2025-12-10,469.9561,476.4903,469.1961,475.1084,5476200
2025-12-11,475.9474,482.0473,475.7105,481.5439,6972300
2025-12-12,482.3631,483.3106,477.8918,479.1059,7089900
2025-12-15,481.2576,481.4057,477.4378,478.8789,4891300
2025-12-16,478.1781,479.1849,474.1017,475.7303,5373200
2025-12-17,476.5495,478.5038,473.2725,473.5785,6381600
2025-12-18,475.9277,478.3459,473.1936,474.2793,6422800
2025-12-19,475.4208,477.5772,475.2329,475.9451,6439100
2025-12-22,476.6474,479.1896,476.6474,478.2301,4162000
2025-12-23,476.9639,479.8721,476.9639,478.9918,3677800
2025-12-24,478.9522,482.2956,478.3587,481.7417,1544000
2025-12-26,481.5735,482.3451,480.4755,481.7615,2711500
2025-12-29,480.6339,481.6428,478.5170,479.3479,3390100
2025-12-30,479.3775,479.4270,477.5970,478.3587,3042700
2025-12-31,478.4181,478.5764,475.1637,475.3714,3441900
2026-01-02,476.6375,478.7148,473.2051,478.3983,7021100
2026-01-05,479.1698,486.7173,479.0115,484.4718,7574400
2026-01-06,484.0366,489.7640,483.6706,489.2595,6061400
2026-01-07,490.2882,490.8817,484.2047,484.6598,5603700
2026-01-08,482.5331,488.1813,482.5331,487.2020,6544800
2026-01-09,487.5284,490.3377,486.5887,489.6651,6004600
2026-01-12,487.0042,490.9708,484.7489,490.5356,5722400
2026-01-13,490.1893,490.5948,485.3225,486.6183,5966400
2026-01-14,485.3522,486.6184,483.2650,486.2623,6767800
2026-01-15,487.0437,490.4663,486.8854,489.1309,8519900
2026-01-16,489.3278,490.8121,487.1211,488.2591,5845500
2026-01-20,481.0850,483.9447,479.1851,479.8085,7416300
2026-01-21,480.5902,487.7545,480.4813,485.6665,6718600
2026-01-22,488.3086,490.8220,487.3092,488.5263,5087200
2026-01-23,486.6758,486.9826,484.4394,485.7951,4915700
2026-01-26,486.7649,489.6742,486.3295,488.8925,3722800
2026-01-27,485.5577,486.4483,483.4500,484.9343,5971400
2026-01-28,485.1519,486.2503,483.8160,485.0035,4726500
2026-01-29,484.9540,487.7940,480.8078,485.0826,9706500
2026-01-30,483.9942,485.3499,479.4918,483.9150,8112100
2026-02-02,483.7567,489.6346,481.8865,488.8627,5584500
2026-02-03,487.9820,491.3267,483.1729,487.1607,8799100
2026-02-04,488.7539,491.3069,485.9733,489.5752,8797100
2026-02-05,487.3586,488.2789,483.1234,483.7963,7767500
2026-02-06,487.2201,496.4229,486.9826,495.7896,10635300
2026-02-09,494.8791,496.9077,493.0980,495.9775,6414800
2026-02-10,497.0859,500.0149,496.0172,496.6505,8163100
2026-02-11,498.9363,499.8368,493.9094,496.0864,5743800
2026-02-12,497.8675,499.2628,489.1497,489.4960,9160300
2026-02-13,489.8622,492.5735,486.0623,490.0996,8378100
2026-02-17,490.1491,492.3657,486.9628,490.6637,6779400
2026-02-18,491.5840,494.1172,489.4762,491.8017,4454300
2026-02-19,490.3767,491.2970,487.2597,489.2091,4625400
2026-02-20,487.9934,492.4122,486.8540,491.5007,6086800
2026-02-23,489.9353,492.4023,482.6532,483.5052,8269200
2026-02-24,483.8817,488.3005,482.9504,487.2503,5335000
2026-02-25,489.0733,490.5595,487.3593,490.2523,4446200
2026-02-26,492.4123,493.6111,487.6962,490.2920,6467000
2026-02-27,485.1103,486.4181,482.2668,485.1400,7198400
2026-03-02,479.8691,486.4478,479.6808,484.6644,7218500
2026-03-03,475.7277,482.8909,472.3293,481.0382,11570700
2026-03-04,482.0686,484.5158,479.4827,483.2377,7590700
2026-03-05,479.3539,481.0085,471.7547,475.4107,8758600
2026-03-06,469.3471,471.8340,466.1172,470.8432,8206100
2026-03-09,466.5333,474.9549,462.3721,473.4687,10305600
2026-03-10,473.3300,478.4126,470.6252,473.2904,6265600
2026-03-11,472.9932,473.3598,468.0988,470.4271,6701700
2026-03-12,465.9983,467.1278,463.0954,463.1648,8000200
2026-03-13,465.6020,467.7421,461.4804,462.1046,7471700
2026-03-16,465.7309,468.3366,464.6509,465.9587,7059900
2026-03-17,469.0103,470.7441,466.2857,466.5532,6189400
2026-03-18,464.4428,465.4138,458.4883,458.7261,7090700
2026-03-19,455.7241,459.0927,453.9308,456.8040,7882800
2026-03-20,455.4775,457.3044,450.3243,452.6576,10543300
2026-03-23,460.0150,463.7285,457.6519,458.6945,9978100
2026-03-24,455.1697,460.6505,454.1966,457.9002,8188000
2026-03-25,462.4278,463.9271,458.5257,460.8491,7019700
2026-03-26,458.2676,462.1300,455.6860,456.0534,8284000
2026-03-27,454.1172,454.2562,447.2959,448.1895,6938500
2026-03-30,452.3696,452.8859,447.2462,448.8547,9181600
2026-03-31,453.5711,460.5314,451.4462,459.9058,11656300
2026-04-01,462.6959,464.5824,461.2065,462.1796,7790300
2026-04-02,456.8974,464.2052,455.6264,461.7626,3955900
2026-04-06,460.8690,463.7087,460.1739,463.4604,2905300
2026-04-07,462.4477,463.0037,458.8335,462.5768,3943200
2026-04-08,475.4846,476.7952,472.1881,475.7626,4697500
2026-04-09,474.1045,479.8435,473.6279,478.4832,4213700
2026-04-10,478.7811,478.9796,475.2364,475.8520,2659000
2026-04-13,472.7243,478.8605,471.7810,478.7115,3768700
2026-04-14,478.9896,482.5243,478.4435,482.0477,4217900
2026-04-15,483.0605,483.6265,479.4364,481.2832,3474500
2026-04-16,482.3754,483.3285,479.9229,482.1867,4111500
2026-04-17,487.3978,493.7253,487.0898,490.9241,10238700
2026-04-20,490.1592,491.4803,489.0268,491.0333,3764000
2026-04-21,493.9239,495.0563,487.0501,488.0831,4322200
2026-04-22,492.0168,492.8313,489.9407,491.4605,4022400
2026-04-23,489.2652,491.8280,485.2521,489.7122,4077300
2026-04-24,489.7619,490.1990,487.4971,488.9275,3372300
2026-04-27,488.3216,490.2585,487.0203,488.5500,2132100
2026-04-28,490.1692,490.5268,487.4971,488.1428,3057100
2026-04-29,487.6759,488.2122,483.7522,485.4111,3322300
2026-04-30,487.7057,494.2617,487.1196,493.3379,5352300
2026-05-01,495.5133,496.5960,491.6095,491.7188,4402600
2026-05-04,490.2089,491.0333,485.7389,486.2952,3310400
2026-05-05,488.6096,490.2983,486.7620,489.6725,3386200
2026-05-06,493.6657,496.7450,493.5862,495.7219,4317300
2026-05-07,497.1721,497.8575,491.4704,492.6028,4490500
2026-05-08,495.1557,495.2252,491.6294,492.8214,3495200
2026-05-11,492.4935,494.5199,491.4605,493.7948,4249100
2026-05-12,493.1988,495.0862,489.9010,494.5696,7445700
2026-05-13,492.8511,494.2915,491.3413,493.8246,3256800
2026-05-14,498.0463,498.8111,495.5232,497.4602,4920500
2026-05-15,494.2758,494.6933,492.0495,492.3378,5300700
2026-05-18,492.6160,494.5939,490.5786,493.9677,5496200
2026-05-19,491.8010,493.3018,489.5648,490.9563,5361300
2026-05-20,492.8347,497.8637,489.4754,497.1779,6516100
2026-05-21,495.7269,500.9646,494.1665,500.0304,6576000
2026-05-22,503.9065,505.6259,502.5946,503.0219,5172200
2026-05-26,504.4631,505.1289,500.8851,502.1573,3897800
2026-05-27,502.8331,505.5862,502.7139,503.7773,4247800
2026-05-28,502.2467,505.0991,500.5571,503.9462,3709600
2026-05-29,504.7911,508.1802,504.0954,507.6534,5346700
2026-06-01,506.7291,508.7268,505.2184,508.3094,4424800
2026-06-02,505.9638,511.3407,505.8148,510.9034,5078000
2026-06-03,508.0411,509.7108,504.8805,505.1489,4098000
2026-06-04,510.5456,514.4118,509.5418,513.5372,6390700
2026-06-05,514.5410,514.5808,505.6359,506.5800,6610700
2026-06-08,507.6435,510.6152,505.2085,505.7949,4825700
2026-06-09,508.3492,510.3965,500.0006,506.2918,6249400
2026-06-10,504.3836,505.6259,497.0388,497.1879,5153400
2026-06-11,500.1099,507.6335,498.4998,506.2421,6353900
2026-06-12,509.7505,512.1457,506.3614,509.9194,8384500
2026-06-15,516.0517,517.6519,514.7000,515.2665,5379400
2026-06-16,517.1350,520.0968,516.8766,518.2482,4812600
2026-06-17,518.0692,520.9614,512.1457,513.1396,6563500
2026-06-18,516.6626,517.7489,513.6729,513.7626,7134400
2026-06-22,515.0780,517.1409,514.2309,515.3172,6552200
2026-06-23,512.9254,516.9516,511.2212,514.8588,5039200
2026-06-24,514.4302,520.6490,514.2509,516.7523,4395900
2026-06-25,519.4132,524.7748,516.7821,517.4897,5357500
2026-06-26,515.2375,519.5029,514.3405,515.9849,3823600
2026-06-29,518.8551,521.1970,517.6293,519.9015,5733400
2026-06-30,520.5692,521.3566,517.8187,520.6091,3607900
2026-07-01,519.6524,524.9244,517.8486,520.6191,3438400
2026-07-02,523.6985,526.4590,521.9444,526.0803,3518700
2026-07-06,526.9175,528.2829,524.0573,528.2829,3236900
2026-07-07,530.6947,530.7245,525.3130,526.6485,4489200
2026-07-08,521.5559,522.6721,518.2572,520.9879,3575000
2026-07-09,521.8648,523.3596,520.3599,522.4029,3056400
2026-07-10,523.8480,524.6751,519.9613,523.9875,3469400
2026-07-13,524.0474,526.0605,521.1174,522.6820,2723800
2026-07-14,521.5359,524.9243,520.7785,522.9012,3664000
2026-07-15,524.1072,525.9309,521.9147,524.1570,3246900
2026-07-16,525.0140,526.1302,521.2868,523.0408,3173300
2026-07-17,518.0156,523.7176,517.2779,519.1819,4741300
2026-07-20,520.4080,521.7638,515.5433,516.3209,2336600
2026-07-21,518.0056,521.3750,516.5003,519.8797,3240700
2026-07-22,519.9993,522.7307,519.3813,519.8398,3204100
2026-07-23,513.4598,516.5501,513.1109,514.6461,4305100
2026-07-24,515.6630,518.9327,514.6561,517.1383,3328400
2026-07-27,523.0597,523.6978,517.6666,519.6305,3355200
2026-07-28,524.5450,526.8179,522.0329,525.2429,5157900
2026-07-29,520.8267,521.5345,513.2106,513.7987,7369400
2026-07-30,517.2181,520.3482,514.2573,519.8797,3225300
2026-07-31,522.4417,523.9669,517.6268,522.6809,3981100
2026-08-03,527.8945,529.9880,527.0372,529.5593,4328000
2026-08-04,536.2184,540.3953,534.3243,538.7405,6705400
2026-08-05,541.6016,545.0408,540.9536,541.1131,5256700
2026-08-06,542.1000,542.8676,536.0091,536.5076,3651800
2026-08-07,537.0259,538.5311,535.7499,537.9330,2230100
2026-08-10,537.0160,538.3319,536.1985,537.3051,3408900
2026-08-11,538.2221,540.0265,535.2315,535.6004,2826800
2026-08-12,537.3250,537.5044,535.1817,535.4708,3167600
2026-08-13,537.0160,538.2820,534.0154,536.2284,2033100
2026-08-14,535.7300,536.5973,534.5238,535.1219,2089100
2026-08-17,532.8290,534.3044,531.8222,532.5200,2668100
2026-08-18,531.7126,532.5898,530.3568,531.2440,3825700
2026-08-19,533.6565,535.0022,531.9119,532.5998,3062700
2026-08-20,528.6920,530.1176,525.5519,525.8609,2868500
2026-08-21,528.8112,531.6845,528.2125,530.9961,3034400
2026-08-24,530.6070,533.2509,530.6070,532.4229,4587500
2026-08-25,535.1366,535.2862,531.9639,534.0092,2443900
2026-08-26,534.1090,534.7175,532.0836,533.0015,1761300
2026-08-27,532.3330,535.3960,531.6945,533.9892,2500300
2026-08-28,535.2962,536.4934,533.1711,533.8296,2655400
2026-08-31,532.3330,532.3330,529.5594,530.3476,1744800
2026-09-01,527.4542,530.4274,525.6285,526.5364,3189300
2026-09-02,528.2923,530.9462,528.0229,529.3998,3114500
2026-09-03,532.8119,536.3837,531.7144,535.6953,4806300
2026-09-04,533.8994,535.1366,531.7045,532.8519,2321500
2026-09-08,529.0007,529.1704,526.1373,526.8158,3643200
2026-09-09,524.4313,524.5310,522.0467,522.8649,3782000
2026-09-10,521.0889,521.8173,518.6047,519.5525,4748300
2026-09-11,524.1619,526.1473,523.0843,524.5809,3435700
2026-09-14,523.3337,525.5786,521.8971,523.2839,2698100
2026-09-15,521.9769,522.4359,518.0161,520.0314,3226000
2026-09-16,520.6998,521.0989,511.1119,514.0352,5678700
2026-09-17,519.2931,519.4726,515.3621,517.1580,4204900
2026-09-18,516.5200,517.0800,514.1500,515.8800,2690000
2026-09-21,520.0300,520.5200,516.7600,519.7800,3079200
2026-09-23,516.0200,517.6600,513.9500,514.3000,4159200
