date,o,h,l,c,v
2003-04-14,7.1494,7.1993,7.1494,7.1993,93600
2003-04-15,7.2435,7.3062,7.2435,7.2848,421200
2003-04-16,7.3632,7.3989,7.3632,7.3689,9000
2003-04-17,7.4096,7.4238,7.3967,7.4217,17100
2003-04-21,7.4302,7.4309,7.4131,7.4188,72900
2003-04-22,7.4181,7.4438,7.3953,7.4438,19800
2003-04-23,7.4488,7.4787,7.4238,7.4787,31500
2003-04-24,7.4203,7.4203,7.3133,7.3312,90000
2003-04-25,7.2285,7.2285,7.1993,7.2100,102600
2003-04-28,7.2285,7.3290,7.2278,7.3290,91800
2003-04-29,7.4423,7.5414,7.4423,7.5379,76500
2003-04-30,7.5200,7.5265,7.4972,7.5165,228600
2003-05-01,7.4951,7.5250,7.4844,7.4873,234900
2003-05-02,7.5115,7.6020,7.5115,7.6020,67500
2003-05-05,7.6305,7.6854,7.6305,7.6840,47700
2003-05-06,7.6840,7.7325,7.6769,7.7232,109800
2003-05-07,7.6911,7.7104,7.6847,7.7089,313200
2003-05-08,7.6626,7.6669,7.6341,7.6412,417600
2003-05-09,7.6519,7.7367,7.6519,7.7310,63000
2003-05-12,7.7660,7.8387,7.7624,7.8387,752400
2003-05-13,7.8109,7.8109,7.7731,7.7945,276300
2003-05-14,7.7945,7.7945,7.7403,7.7553,206100
2003-05-15,7.7709,7.7709,7.7517,7.7709,337500
2003-05-16,7.7909,7.8052,7.7553,7.7767,256500
2003-05-19,7.7268,7.7268,7.5628,7.5913,128700
2003-05-20,7.6091,7.6384,7.5878,7.6291,53100
2003-05-21,7.6156,7.6377,7.5756,7.6355,45900
2003-05-22,7.6377,7.7047,7.6377,7.7047,84600
2003-05-23,7.7588,7.8023,7.7588,7.7838,74700
2003-05-27,7.8023,8.0675,7.8023,8.0625,864000
2003-05-28,8.0625,8.1088,8.0625,8.0974,396000
2003-05-29,8.0903,8.1245,8.0760,8.1081,306900
2003-05-30,8.1259,8.2022,8.1095,8.2022,368100
2003-06-02,8.2257,8.3540,8.2257,8.2614,587700
2003-06-03,8.2685,8.2685,8.1309,8.1986,244800
2003-06-04,8.1972,8.3048,8.1972,8.3041,241200
2003-06-05,8.3341,8.3341,8.2585,8.3127,509400
2003-06-06,8.3576,8.4752,8.3569,8.3904,608400
2003-06-09,8.4011,8.4011,8.2920,8.3184,208800
2003-06-10,8.3212,8.4039,8.3212,8.4039,233100
2003-06-11,8.4004,8.4175,8.3398,8.4110,294300
2003-06-12,8.4253,8.4745,8.4189,8.4745,402300
2003-06-13,8.4545,8.4788,8.4481,8.4716,694800
2003-06-16,8.4966,8.5636,8.4859,8.5629,163800
2003-06-17,8.6505,8.7461,8.6505,8.7389,352800
2003-06-18,8.7154,8.7560,8.6876,8.7069,171900
2003-06-19,8.7781,8.7924,8.6962,8.7069,225900
2003-06-20,8.7318,8.7461,8.6819,8.7069,300600
2003-06-23,8.6783,8.6783,8.4909,8.4930,332100
2003-06-24,8.4574,8.4574,8.3825,8.4303,188100
2003-06-25,8.4517,8.5522,8.4517,8.5001,1045800
2003-06-26,8.5408,8.5964,8.5258,8.5921,210600
2003-06-27,8.6035,8.6071,8.5308,8.5522,373500
2003-06-30,8.5764,8.5764,8.5322,8.5465,279900
2003-07-01,8.5786,8.6463,8.5536,8.6391,679500
2003-07-02,8.7354,8.8487,8.7354,8.8423,1129500
2003-07-03,8.8672,8.8715,8.8494,8.8672,110700
2003-07-07,8.9599,9.0868,8.9599,9.0868,569700
2003-07-08,9.1039,9.1288,9.0704,9.1124,347400
2003-07-09,9.1060,9.1060,9.0526,9.0911,472500
2003-07-10,9.0412,9.0412,8.9029,8.9314,1603800
2003-07-11,8.9314,9.0062,8.9314,9.0062,212400
2003-07-14,9.1060,9.2023,9.1060,9.1645,683100
2003-07-15,9.2094,9.2094,9.0490,9.0490,2222100
2003-07-16,9.0312,9.0811,9.0048,9.0561,828000
2003-07-17,8.9991,8.9991,8.8195,8.8195,367200
2003-07-18,8.8352,8.9371,8.8352,8.9371,205200
2003-07-21,8.9022,8.9022,8.8074,8.8188,2148300
2003-07-22,8.8416,8.9357,8.8316,8.9243,1022400
2003-07-23,8.8957,8.8957,8.8145,8.8672,904500
2003-07-24,8.9278,8.9877,8.9100,8.9100,749700
2003-07-25,8.9756,9.0561,8.9635,9.0561,212400
2003-07-28,9.1096,9.1345,9.0811,9.1060,1040400
2003-07-29,9.1203,9.1246,9.0454,9.0547,805500
2003-07-30,9.0333,9.0347,8.9706,8.9884,56700
2003-07-31,9.0027,9.0590,9.0027,9.0312,339300
2003-08-01,9.0490,9.0668,9.0390,9.0511,441000
2003-08-04,9.0633,9.0682,8.9813,9.0112,394200
2003-08-05,9.0112,9.0112,8.9143,8.9143,290700
2003-08-06,8.9121,8.9221,8.8516,8.8744,371700
2003-08-07,8.9385,8.9663,8.9171,8.9392,288900
2003-08-08,9.0134,9.0169,8.9770,8.9991,153000
2003-08-11,9.0526,9.0704,9.0169,9.0383,665100
2003-08-12,9.0547,9.0818,9.0419,9.0739,727200
2003-08-13,9.1859,9.2308,9.1438,9.2023,721800
2003-08-14,9.2080,9.3298,9.2080,9.3234,404100
2003-08-15,9.2308,9.2308,9.2308,9.2308,48600
2003-08-18,9.3163,9.4289,9.3070,9.4275,1189800
2003-08-19,9.4802,9.4802,9.4161,9.4738,453600
2003-08-20,9.4517,9.4753,9.4175,9.4753,1125000
2003-08-21,9.5522,9.6527,9.5408,9.6492,1083600
2003-08-22,9.7654,9.7654,9.6691,9.6984,1008000
2003-08-25,9.6848,9.6848,9.6128,9.6228,391500
2003-08-26,9.5836,9.5836,9.4482,9.5052,1186200
2003-08-27,9.5202,9.6157,9.4859,9.6157,632700
2003-08-28,9.6492,9.6827,9.5922,9.6827,441900
2003-08-29,9.7440,9.7725,9.7440,9.7525,417600
2003-09-02,9.8366,9.8987,9.8224,9.8972,1471500
2003-09-03,10.0327,10.0327,9.9685,9.9756,887400
2003-09-04,9.9835,10.0255,9.9728,10.0113,458100
2003-09-05,10.0291,10.0291,9.9828,10.0020,532800
2003-09-08,10.1011,10.2037,10.1011,10.1916,659700
2003-09-09,10.2130,10.2130,9.9992,10.0148,387900
2003-09-10,9.9992,9.9992,9.7967,9.8481,569700
2003-09-11,9.8516,9.9343,9.8366,9.8366,1097100
2003-09-12,9.8687,9.9065,9.8010,9.9065,948600
2003-09-15,9.9208,9.9208,9.7297,9.7604,809100
2003-09-16,9.8580,9.9614,9.8359,9.9614,1987200
2003-09-17,9.9785,9.9878,9.9122,9.9186,982800
2003-09-18,9.9429,10.0505,9.9079,10.0327,762300
2003-09-19,10.0469,10.0469,9.9642,9.9863,466200
2003-09-22,9.9414,9.9414,9.7803,9.8231,4203900
2003-09-23,9.8338,9.8545,9.8210,9.8473,453600
2003-09-24,9.9735,9.9927,9.8580,9.8652,789300
2003-09-25,9.8652,9.8652,9.7190,9.7190,530100
2003-09-26,9.7190,9.7190,9.6513,9.6513,2994300
2003-09-29,9.6670,9.7283,9.6584,9.7197,1071000
2003-09-30,9.7803,9.7803,9.6584,9.6891,2218500
2003-10-01,9.8231,9.9464,9.8160,9.9436,1123200
2003-10-02,10.0369,10.1039,10.0148,10.0861,1017900
2003-10-03,10.2287,10.2308,10.1688,10.1859,2016900
2003-10-06,10.2372,10.2472,10.1952,10.2251,356400
2003-10-07,10.2572,10.2572,10.1930,10.2144,529200
2003-10-08,10.3042,10.3107,10.2779,10.2907,351000
2003-10-09,10.4554,10.5138,10.4425,10.4639,987300
2003-10-10,10.5195,10.5951,10.5195,10.5922,1278000
2003-10-13,10.6564,10.7626,10.6564,10.7526,1638000
2003-10-14,10.7219,10.7219,10.5423,10.5473,1341000
2003-10-15,10.6742,10.7134,10.6492,10.6749,2833200
2003-10-16,10.6749,10.6991,10.6564,10.6720,284400
2003-10-17,10.6763,10.6763,10.5851,10.6072,273600
2003-10-20,10.6863,10.6984,10.6528,10.6663,448200
2003-10-21,10.6913,10.7198,10.6777,10.7198,977400
2003-10-22,10.6991,10.6991,10.5188,10.5623,1390500
2003-10-23,10.4069,10.4069,10.3370,10.4069,849600
2003-10-24,10.3356,10.3520,10.3007,10.3520,1303200
2003-10-27,10.4211,10.4782,10.4211,10.4710,1175400
2003-10-28,10.6065,10.6271,10.5780,10.6143,625500
2003-10-29,10.6492,10.7063,10.6279,10.7027,775800
2003-10-30,10.7505,10.7597,10.6635,10.6642,603900
2003-10-31,10.6728,10.6792,10.5651,10.5787,305100
2003-11-03,10.7633,10.8346,10.7490,10.8310,1420200
2003-11-04,10.9037,10.9058,10.8445,10.8609,923400
2003-11-05,10.8866,10.9037,10.8388,10.8752,1408500
2003-11-06,10.8310,10.8310,10.7426,10.7975,745200
2003-11-07,10.8075,10.8481,10.7954,10.8089,659700
2003-11-10,10.7854,10.7854,10.6528,10.6599,644400
2003-11-11,10.5815,10.5815,10.4853,10.5231,731700
2003-11-12,10.5908,10.7234,10.5758,10.7105,657900
2003-11-13,10.7868,10.7939,10.7013,10.7932,972900
2003-11-14,10.7690,10.8046,10.7013,10.7383,451800
2003-11-17,10.6564,10.6564,10.4653,10.5288,1896300
2003-11-18,10.5958,10.6243,10.5494,10.5494,1236600
2003-11-19,10.5138,10.5138,10.4468,10.4810,1089900
2003-11-20,10.3891,10.4033,10.3356,10.3456,505800
2003-11-21,10.3812,10.4354,10.3812,10.4354,363600
2003-11-24,10.4354,10.5530,10.4176,10.5487,1182600
2003-11-25,10.5808,10.6136,10.5494,10.5851,2041200
2003-11-26,10.6785,10.6820,10.6243,10.6820,1207800
2003-11-28,10.6913,10.8082,10.6778,10.7775,619200
2003-12-01,10.9344,11.0862,10.9344,11.0862,1340100
2003-12-02,11.0862,11.0862,11.0235,11.0370,2511900
2003-12-03,11.0926,11.1019,10.9985,10.9985,824400
2003-12-04,10.9985,10.9985,10.8880,10.9230,709200
2003-12-05,10.9080,10.9322,10.8474,10.9023,1263600
2003-12-08,10.8880,10.9344,10.8816,10.9237,753300
2003-12-09,10.9843,11.0021,10.8780,10.8780,1598400
2003-12-10,10.9344,10.9415,10.8132,10.8346,561600
2003-12-11,10.9308,11.0384,10.9201,11.0320,819000
2003-12-12,11.0826,11.0840,11.0491,11.0826,1101600
2003-12-15,11.1753,11.1924,11.0627,11.0912,1232100
2003-12-16,11.1019,11.1019,10.9928,11.0448,669600
2003-12-17,10.9743,10.9743,10.8902,10.9165,1114200
2003-12-18,10.9614,11.0926,10.9614,11.0926,657900
2003-12-19,11.0662,11.1347,11.0662,11.1197,559800
2003-12-22,11.1621,11.2767,11.1371,11.2767,1562400
2003-12-23,11.2767,11.3075,11.2531,11.3075,1328400
2003-12-24,11.3426,11.3626,11.3197,11.3440,279000
2003-12-26,11.3841,11.3841,11.3633,11.3726,216900
2003-12-29,11.4557,11.5445,11.4414,11.5445,1450800
2003-12-30,11.6125,11.6597,11.5960,11.5996,1374300
2003-12-31,11.6649,11.7580,11.6649,11.7458,979200
2004-01-02,11.8297,12.0654,11.8297,12.0074,1845000
2004-01-05,12.3384,12.4287,12.2524,12.4287,2981700
2004-01-06,12.4287,12.4287,12.2703,12.2883,3776400
2004-01-07,12.2166,12.3169,12.2166,12.3169,1075500
2004-01-08,12.3463,12.3886,12.2582,12.3635,1148400
2004-01-09,12.3735,12.4402,12.3348,12.3413,1143900
2004-01-12,12.3706,12.3850,12.2832,12.3305,1753200
2004-01-13,12.3563,12.3671,12.2202,12.2603,1361700
2004-01-14,12.2173,12.2997,12.2130,12.2797,1150200
2004-01-15,12.2309,12.2316,12.0124,12.0289,1397700
2004-01-16,12.0196,12.0826,12.0016,12.0805,1698300
2004-01-20,12.3241,12.4423,12.3004,12.4316,1243800
2004-01-21,12.4294,12.4925,12.3599,12.4480,1260000
2004-01-22,12.4065,12.4488,12.3155,12.4165,1600200
2004-01-23,12.4323,12.4387,12.3671,12.3957,811800
2004-01-26,12.4294,12.4781,12.3757,12.4781,1946700
2004-01-27,12.5032,12.5412,12.3957,12.4151,2822400
2004-01-28,12.4817,12.5003,12.2238,12.2395,2428200
2004-01-29,12.1908,12.2159,11.8447,12.0468,3085200
2004-01-30,11.9658,12.0325,11.9407,12.0303,1413900
2004-02-02,12.0461,12.0489,11.9802,12.0332,1466100
2004-02-03,12.0411,12.0411,11.9472,11.9658,941400
2004-02-04,11.9013,11.9192,11.8583,11.8583,1133100
2004-02-05,11.8232,11.8770,11.8046,11.8548,1764000
2004-02-06,11.9780,12.1564,11.9672,12.1249,1868400
2004-02-09,12.2524,12.3592,12.1808,12.2997,882000
2004-02-10,12.3040,12.3155,12.2603,12.2890,665100
2004-02-11,12.3269,12.4953,12.2911,12.4796,2990700
2004-02-12,12.5369,12.5369,12.4459,12.4731,2559600
2004-02-13,12.6143,12.6214,12.4738,12.4817,1157400
2004-02-17,12.6537,12.7325,12.5978,12.7325,2004300
2004-02-18,12.7475,12.7475,12.5469,12.5591,894600
2004-02-19,12.5612,12.5942,12.4495,12.4495,1216800
2004-02-20,12.3241,12.3384,12.2066,12.3097,2828700
2004-02-23,12.3814,12.4022,12.1865,12.2023,1368000
2004-02-24,12.1750,12.1750,12.1091,12.1378,950400
2004-02-25,12.1793,12.2725,12.1621,12.2703,752400
2004-02-26,12.3334,12.3334,12.2797,12.3312,1440000
2004-02-27,12.4724,12.5326,12.4387,12.5061,2112300
2004-03-01,12.5992,12.8034,12.5913,12.7912,1488600
2004-03-02,12.8056,12.8056,12.6881,12.6895,1095300
2004-03-03,12.6100,12.6200,12.5247,12.6107,2036700
2004-03-04,12.6465,12.7002,12.6315,12.6967,837900
2004-03-05,12.6967,12.7626,12.6465,12.7432,1043100
2004-03-08,12.7970,12.8256,12.6214,12.6214,1356300
2004-03-09,12.6608,12.6608,12.4681,12.5390,1146600
2004-03-10,12.5534,12.5534,12.2273,12.2524,3870900
2004-03-11,12.0948,12.1256,11.9873,11.9873,3832200
2004-03-12,12.0016,12.1163,12.0016,12.0876,1795500
2004-03-15,11.9945,12.0196,11.8619,11.8619,2127600
2004-03-16,11.9228,12.0124,11.9157,12.0088,2355300
2004-03-17,12.1449,12.1937,12.1177,12.1736,3899700
2004-03-18,12.2080,12.2474,12.1457,12.2453,1188000
2004-03-19,12.2933,12.2933,12.0840,12.0840,2424600
2004-03-22,12.1672,12.1672,11.8218,11.8906,3333600
2004-03-23,11.9651,12.0224,11.9651,12.0102,1305000
2004-03-24,12.0568,12.0762,12.0052,12.0196,889200
2004-03-25,12.0504,12.1414,12.0375,12.1371,1724400
2004-03-26,12.1378,12.1693,12.1127,12.1149,1903500
2004-03-29,12.2883,12.3026,12.2646,12.2703,1031400
2004-03-30,12.3577,12.4301,12.3420,12.4208,2089800
2004-03-31,12.5319,12.5749,12.5046,12.5749,1773900
2004-04-01,12.6028,12.6852,12.6014,12.6773,1648800
2004-04-02,12.8221,12.8328,12.7776,12.8041,4001400
2004-04-05,12.9102,12.9102,12.8686,12.8937,1177200
2004-04-06,12.8987,12.9689,12.8937,12.9654,721800
2004-04-07,13.0334,13.0377,12.8615,12.9188,1936800
2004-04-08,13.0427,13.0478,12.8966,12.9295,802800
2004-04-12,13.0263,13.0693,13.0005,13.0291,1048500
2004-04-13,13.0370,13.0370,12.8500,12.8772,1538100
2004-04-14,12.7812,12.7812,12.6773,12.6874,2323800
2004-04-15,12.6931,12.6931,12.5046,12.5820,1017000
2004-04-16,12.6214,12.6967,12.5691,12.6752,1371600
2004-04-19,12.6737,12.6967,12.6372,12.6967,1085400
2004-04-20,12.7526,12.7526,12.5462,12.5856,2962800
2004-04-21,12.5706,12.5706,12.4753,12.4925,1021500
2004-04-22,12.3814,12.4946,12.3470,12.4889,3693600
2004-04-23,12.5390,12.6573,12.5390,12.5820,1196100
2004-04-26,12.5856,12.5856,12.3993,12.4029,1556100
2004-04-27,12.4638,12.4667,12.3370,12.3370,837000
2004-04-28,12.3105,12.3105,11.9673,11.9837,3704400
2004-04-29,11.8225,11.8225,11.5560,11.5889,5024700
2004-04-30,11.4822,11.5452,11.3274,11.3425,4438800
2004-05-03,11.3768,11.4571,11.3625,11.4564,2169900
2004-05-04,11.6957,11.7458,11.5882,11.6806,1849500
2004-05-05,11.7215,11.7673,11.6527,11.7093,1089900
2004-05-06,11.5359,11.5488,11.4413,11.4664,3132000
2004-05-07,11.3281,11.3281,11.1268,11.2085,5904900
2004-05-10,10.7499,10.8266,10.6589,10.6675,4054500
2004-05-11,10.8567,10.9985,10.8516,10.9842,3686400
2004-05-12,11.0078,11.0558,10.6904,10.9878,7226100
2004-05-13,10.8481,11.0222,10.8337,10.9591,3628800
2004-05-14,10.8602,10.8789,10.5607,10.6704,7549200
2004-05-17,10.2462,10.5314,10.2426,10.2433,4436100
2004-05-18,10.5829,10.6395,10.4504,10.5478,2379600
2004-05-19,11.1454,11.1468,10.8273,10.8395,4035600
2004-05-20,10.8638,10.8824,10.7528,10.7728,3769200
2004-05-21,10.9648,11.0558,10.9498,10.9498,3830400
2004-05-24,11.2844,11.2844,11.0236,11.1203,2328300
2004-05-25,11.1046,11.3854,11.0343,11.3654,3232800
2004-05-26,11.4499,11.4499,11.3002,11.3210,1452600
2004-05-27,11.5280,11.5481,11.4363,11.5001,1737000
2004-05-28,11.6219,11.6219,11.4356,11.4750,847800
2004-06-01,11.4857,11.4857,11.3604,11.3955,2627100
2004-06-02,11.3819,11.4270,11.2780,11.3955,2570400
2004-06-03,11.1669,11.2214,11.1325,11.1425,2385000
2004-06-04,11.2586,11.3525,11.2493,11.3066,2214900
2004-06-07,11.5287,11.7115,11.4213,11.6971,2310300
2004-06-08,11.6434,11.6434,11.4643,11.5345,3527100
2004-06-09,11.4385,11.4385,11.2658,11.2737,1899000
2004-06-10,11.2572,11.3066,11.2443,11.2866,1696500
2004-06-14,10.9734,10.9763,10.8516,10.8516,3090600
2004-06-15,11.0480,11.1418,11.0143,11.0616,1977300
2004-06-16,11.0673,11.0673,10.9004,10.9133,2049300
2004-06-17,10.9082,11.0222,10.8918,10.9677,2328300
2004-06-18,11.0816,11.0816,10.8194,10.9054,2426400
2004-06-21,11.0974,11.0974,10.9541,10.9555,876600
2004-06-22,11.0107,11.1010,10.9734,11.0716,971100
2004-06-23,11.0773,11.2815,11.0272,11.2686,1182600
2004-06-24,11.4478,11.4485,11.3124,11.3138,1177200
2004-06-25,11.4234,11.4736,11.4127,11.4284,845100
2004-06-28,11.5431,11.5431,11.3253,11.3310,1017900
2004-06-29,11.3210,11.4284,11.3210,11.4177,727200
2004-06-30,11.5037,11.6355,11.4062,11.5810,3212100
2004-07-01,11.5008,11.5209,11.4134,11.4363,2195100
2004-07-02,11.4643,11.5037,11.4299,11.4356,1892700
2004-07-06,11.4714,11.4750,11.3131,11.3131,1564200
2004-07-07,11.3353,11.5252,11.3353,11.4607,1983600
2004-07-08,11.3926,11.4112,11.2973,11.2973,1692900
2004-07-09,11.3568,11.4449,11.3374,11.3575,1484100
2004-07-12,11.3274,11.3518,11.2493,11.3281,1049400
2004-07-13,11.3811,11.4005,11.3131,11.3797,1014300
2004-07-14,11.3224,11.3740,11.2708,11.2708,1017900
2004-07-15,11.2156,11.2522,11.1562,11.2120,3766500
2004-07-16,11.3754,11.3919,11.3210,11.3353,983700
2004-07-19,11.3460,11.3976,11.2608,11.3181,995400
2004-07-20,11.3281,11.3661,11.2729,11.3661,1849500
2004-07-21,11.4635,11.4635,11.1913,11.2350,1780200
2004-07-22,11.1354,11.2350,11.0917,11.2350,3069000
2004-07-23,11.2049,11.2049,10.9942,11.0415,1970100
2004-07-26,11.0250,11.0716,10.9125,10.9391,1141200
2004-07-27,10.9627,11.1476,10.9627,11.1476,1133100
2004-07-28,11.1053,11.1454,11.0164,11.1440,1314000
2004-07-29,11.1296,11.2135,11.0931,11.2135,2531700
2004-07-30,11.2192,11.2343,11.1440,11.1597,2052900
2004-08-02,11.1074,11.1246,11.0781,11.1038,2377800
2004-08-03,11.1039,11.1913,11.0945,11.1168,2743200
2004-08-04,11.0952,11.1275,11.0200,11.1275,2527200
2004-08-05,11.2923,11.2995,11.0551,11.0558,2399400
2004-08-06,11.0902,11.0917,10.9627,10.9756,1493100
2004-08-09,11.1060,11.1418,11.0673,11.0673,726300
2004-08-10,11.0594,11.2070,11.0594,11.1920,963900
2004-08-11,11.0773,11.0967,10.9792,11.0881,1772100
2004-08-12,11.0702,11.0773,10.9641,10.9641,736200
2004-08-13,11.1024,11.1046,10.9656,10.9813,1442700
2004-08-16,10.9878,11.1490,10.9878,11.1311,1655100
2004-08-17,11.1683,11.2364,11.1411,11.2056,1665000
2004-08-18,11.1820,11.3389,11.1440,11.3382,1214100
2004-08-19,11.4607,11.4607,11.3109,11.3503,1306800
2004-08-20,11.3675,11.4600,11.3496,11.4069,1683000
2004-08-23,11.4220,11.5015,11.3424,11.4686,2262600
2004-08-24,11.4392,11.4908,11.4213,11.4356,881100
2004-08-25,11.4643,11.5753,11.4499,11.5717,1098900
2004-08-26,11.6147,11.6147,11.5631,11.5875,1036800
2004-08-27,11.6183,11.6190,11.5624,11.5660,1988100
2004-08-30,11.5287,11.5287,11.4786,11.5037,738900
2004-08-31,11.5180,11.5674,11.4686,11.5538,2889000
2004-09-01,11.6427,11.6491,11.5574,11.6491,3053700
2004-09-02,11.6935,11.8118,11.6420,11.7939,2511900
2004-09-03,11.7437,11.7437,11.6362,11.6685,2269800
2004-09-07,11.6978,11.7831,11.6971,11.7580,2881800
2004-09-08,11.6613,11.8046,11.6613,11.7509,1415700
2004-09-09,11.7079,11.8110,11.7079,11.7867,2348100
2004-09-10,11.8333,11.9415,11.8225,11.8985,851400
2004-09-13,11.9909,12.0518,11.9837,12.0074,1343700
2004-09-14,12.0733,12.0733,11.9945,12.0031,1825200
2004-09-15,12.0210,12.0267,11.9271,11.9501,1323000
2004-09-16,12.0876,12.1378,12.0554,12.0998,1190700
2004-09-17,12.0647,12.2453,12.0625,12.1808,1954800
2004-09-20,12.2001,12.2166,12.0625,12.1930,1203300
2004-09-21,12.2524,12.3800,12.2453,12.3205,2047500
2004-09-22,12.2524,12.2646,12.1328,12.1342,1795500
2004-09-23,12.0661,12.1915,12.0633,12.1879,1719900
2004-09-24,12.1586,12.1664,12.1084,12.1535,1989900
2004-09-27,12.1442,12.1442,12.0267,12.0812,2089800
2004-09-28,12.1070,12.2510,12.1070,12.2309,1298700
2004-09-29,12.2023,12.3026,12.1822,12.2954,530100
2004-09-30,12.3097,12.3599,12.2668,12.3599,1413900
2004-10-01,12.4373,12.6107,12.4172,12.5964,2111400
2004-10-04,12.7253,12.8371,12.6988,12.8113,2671200
2004-10-05,12.6866,12.7762,12.6537,12.7167,2332800
2004-10-06,12.7325,12.8636,12.7088,12.8636,2286000
2004-10-07,12.8113,12.8135,12.7182,12.7540,3072600
2004-10-08,12.7397,12.7898,12.6307,12.6608,1929600
2004-10-11,12.7210,12.7346,12.6823,12.7268,1278000
2004-10-12,12.5032,12.5304,12.4244,12.5261,3061800
2004-10-13,12.5111,12.5111,12.2746,12.3563,4212900
2004-10-14,12.3062,12.3413,12.1700,12.1879,1920600
2004-10-15,12.1994,12.3921,12.1994,12.3506,775800
2004-10-18,12.4000,12.4989,12.3814,12.4817,1413900
2004-10-19,12.5856,12.6415,12.4215,12.4215,1402200
2004-10-20,12.4015,12.4108,12.2968,12.3434,3414600
2004-10-21,12.4101,12.5211,12.3957,12.5211,1761300
2004-10-22,12.5569,12.5569,12.4172,12.4316,1204200
2004-10-25,12.3957,12.4652,12.3298,12.4652,3783600
2004-10-26,12.4602,12.5247,12.4380,12.5104,2438100
2004-10-27,12.5727,12.7540,12.5476,12.7253,3141000
2004-10-28,12.6644,12.7540,12.5942,12.6623,3662100
2004-10-29,12.6859,12.7325,12.6580,12.7117,4755600
2004-11-01,12.8206,12.8292,12.7447,12.8063,1892700
2004-11-02,12.8615,12.9589,12.8256,12.8357,1888200
2004-11-03,13.1266,13.1481,13.0091,13.0227,2423700
2004-11-04,13.0334,13.2670,13.0162,13.2197,7040700
2004-11-05,13.2914,13.2950,13.2341,13.2699,5571000
2004-11-08,13.1911,13.2054,13.1130,13.1201,1092600
2004-11-09,13.1839,13.2090,13.1638,13.2047,1039500
2004-11-10,13.2914,13.2950,13.2104,13.2197,1553400
2004-11-11,13.2555,13.3960,13.2369,13.3702,1473300
2004-11-12,13.4239,13.6117,13.3430,13.5959,3261600
2004-11-15,13.6640,13.6654,13.5493,13.6088,2475900
2004-11-16,13.6174,13.6174,13.4418,13.4533,964800
2004-11-17,13.7213,13.8345,13.6833,13.7571,4002300
2004-11-18,13.6761,13.8725,13.6761,13.7822,1527300
2004-11-19,13.7607,13.7643,13.5851,13.5851,1489500
2004-11-22,13.5808,13.6783,13.4705,13.6382,2629800
2004-11-23,13.6109,13.7177,13.6066,13.6618,2463300
2004-11-24,13.8001,13.8230,13.7578,13.8073,2287800
2004-11-26,13.8825,14.0466,13.8632,14.0365,1315800
2004-11-29,14.0509,14.0516,13.9506,13.9506,5048100
2004-11-30,14.0652,14.0652,13.9670,13.9764,3993300
2004-12-01,14.0580,14.1046,14.0186,14.0831,6652800
2004-12-02,14.1870,14.1870,14.0509,14.0623,2802600
2004-12-03,14.0537,14.1297,14.0222,14.1261,1987200
2004-12-06,14.1154,14.1154,14.0079,14.1060,1561500
2004-12-07,14.0795,14.0795,13.8366,13.8897,2119500
2004-12-08,13.8431,13.8431,13.7027,13.8166,2682000
2004-12-09,13.5780,13.6683,13.4906,13.5916,3485700
2004-12-10,13.4777,13.5887,13.4175,13.5780,2543400
2004-12-13,13.7141,13.7843,13.6389,13.7843,2016000
2004-12-14,13.8266,13.9219,13.8073,13.9112,2101500
2004-12-15,14.0509,14.1039,14.0151,14.1039,2272500
2004-12-16,14.1390,14.1390,13.9312,14.0330,1358100
2004-12-17,14.0588,14.0903,13.9721,14.0007,2043000
2004-12-20,14.1512,14.1849,14.0115,14.1834,1858500
2004-12-21,14.2228,14.3210,14.1512,14.3196,2205900
2004-12-22,14.3353,14.3590,14.2852,14.3160,3082500
2004-12-23,14.4395,14.4395,14.3372,14.4134,2463300
2004-12-27,14.4547,14.4663,14.3793,14.4025,1151100
2004-12-28,14.4714,14.5033,14.4591,14.4772,1299600
2004-12-29,14.5251,14.5570,14.4874,14.5570,1217700
2004-12-30,14.5962,14.6078,14.5113,14.5200,2145600
2004-12-31,14.6433,14.6433,14.5759,14.6397,1507500
2005-01-03,14.6288,14.6832,14.4605,14.4874,4275000
2005-01-04,14.4511,14.4584,14.0413,14.0413,4205700
2005-01-05,14.0268,14.0537,13.8673,13.8694,3006900
2005-01-06,13.9144,13.9340,13.7897,13.8600,2268000
2005-01-07,13.9543,13.9804,13.8165,13.8868,4920300
2005-01-10,13.9688,14.0421,13.8999,13.9043,2007000
2005-01-11,13.9688,13.9724,13.8535,13.8781,2440800
2005-01-12,13.9688,14.0493,13.8651,14.0486,3574800
2005-01-13,14.0914,14.0993,13.9797,13.9906,2884500
2005-01-14,14.1429,14.2408,13.9253,14.2408,4399200
2005-01-18,14.2328,14.2328,14.1320,14.2154,2329200
2005-01-19,14.2865,14.2865,14.0196,14.0196,2631600
2005-01-20,14.0341,14.0500,13.8455,13.8455,4074300
2005-01-21,14.1066,14.1247,13.9797,14.0341,3189600
2005-01-24,14.2060,14.2081,13.9985,14.0123,4424400
2005-01-25,14.1066,14.2227,14.0921,14.1392,2938500
2005-01-26,14.3605,14.3605,14.2154,14.3459,3998700
2005-01-27,14.3510,14.3786,14.3104,14.3597,2467800
2005-01-28,14.3931,14.4076,14.3119,14.3728,1911600
2005-01-31,14.5055,14.6324,14.5026,14.5621,3035700
2005-02-01,14.6491,14.7158,14.5983,14.6868,4391100
2005-02-02,14.6883,14.7332,14.6506,14.7332,2074500
2005-02-03,14.6868,14.7325,14.6448,14.7180,1639800
2005-02-04,14.8050,14.9697,14.7666,14.9479,2437200
2005-02-07,14.9697,15.0183,14.9697,14.9951,3883500
2005-02-08,15.0241,15.0458,14.9711,15.0241,3652200
2005-02-09,15.0603,15.0698,14.9545,14.9755,1933200
2005-02-10,14.9225,15.0487,14.9051,15.0480,1835100
2005-02-11,15.0799,15.2656,15.0205,15.1945,3395700
2005-02-14,15.3033,15.3345,15.2598,15.3033,2181600
2005-02-15,15.3505,15.4121,15.2888,15.3396,2188800
2005-02-16,15.3396,15.3446,15.2518,15.2924,2810700
2005-02-17,15.3505,15.3708,15.2670,15.2670,2733300
2005-02-18,15.3468,15.4759,15.3396,15.4549,2485800
2005-02-22,15.5354,15.6224,15.3686,15.3983,3030300
2005-02-23,15.5572,15.5572,15.4411,15.4694,3665700
2005-02-24,15.6369,15.7356,15.5463,15.7095,4342500
2005-02-25,15.8473,16.0322,15.7863,15.9989,3551400
2005-02-28,16.1374,16.1396,15.9038,15.9720,3399300
2005-03-01,15.9945,16.0286,15.9372,16.0170,2586600
2005-03-02,15.8843,15.9031,15.7385,15.7530,4113900
2005-03-03,15.8835,15.8835,15.7022,15.7965,3303000
2005-03-04,15.9539,16.0192,15.9234,15.9851,2894400
2005-03-07,16.0300,16.1301,16.0235,16.0902,6369300
2005-03-08,16.1011,16.1011,15.9648,15.9677,4140000
2005-03-09,15.9923,16.0503,15.8480,15.8763,9405900
2005-03-10,15.7747,15.8473,15.6884,15.7240,6785100
2005-03-11,15.7377,15.8473,15.6159,15.6355,7883100
2005-03-14,15.5941,15.6768,15.4556,15.5158,5286600
2005-03-15,15.4919,15.4919,15.1147,15.1292,10213200
2005-03-16,15.0495,15.1931,14.9421,15.0009,9432900
2005-03-17,15.0009,15.2924,14.9907,15.2743,5334300
2005-03-18,15.3758,15.3758,15.1590,15.2054,3633300
2005-03-21,15.2112,15.2134,14.9443,14.9856,7577100
2005-03-22,14.9624,15.1532,14.6658,14.7086,9414000
2005-03-23,14.5128,14.7369,14.5055,14.5222,9893700
2005-03-24,14.5780,14.7594,14.5055,14.5062,7579800
2005-03-28,14.7158,14.7158,14.5251,14.6063,4377600
2005-03-29,14.5490,14.5490,14.2045,14.2284,9969300
2005-03-30,14.4330,14.6143,14.3314,14.5526,7332300
2005-03-31,14.5135,14.7593,14.5135,14.7086,8780400
2005-04-01,14.7594,15.1379,14.7594,14.7956,16286400
2005-04-04,14.8573,14.8573,14.6549,14.8283,6831000
2005-04-05,14.8319,14.9407,14.8087,14.8246,6283800
2005-04-06,14.9407,15.2010,14.9407,15.0277,7750800
2005-04-07,15.0930,15.1945,15.0495,15.1793,7542900
2005-04-08,15.1437,15.1604,15.0821,15.1075,4489200
2005-04-11,15.0516,15.0632,14.8312,14.9624,4360500
2005-04-12,14.9624,15.1510,14.7303,15.1510,9810000
2005-04-13,15.0712,15.0712,14.8493,14.8493,8005500
2005-04-14,14.7956,14.7956,14.4555,14.4692,11493000
2005-04-15,14.3967,14.4917,14.1429,14.1646,10748700
2005-04-18,14.0703,14.3322,14.0537,14.3322,8464500
2005-04-19,14.4148,14.5773,14.4148,14.5722,10558800
2005-04-20,14.5853,14.5853,14.2284,14.2284,5861700
2005-04-21,14.3822,14.6455,14.3612,14.6382,8097300
2005-04-22,14.5925,14.6099,14.3604,14.4765,3726900
2005-04-25,14.5635,14.7659,14.5381,14.7507,5287500
2005-04-26,14.6506,14.7434,14.5613,14.5998,7710300
2005-04-27,14.4982,14.5613,14.3750,14.4678,5884200
2005-04-28,14.3967,14.3967,14.2103,14.2372,5853600
2005-04-29,14.3967,14.5548,14.2524,14.5251,8967600
2005-05-02,14.5962,14.7956,14.5055,14.6215,8076600
2005-05-03,14.6143,14.6701,14.5534,14.6078,4197600
2005-05-04,14.6506,15.0545,14.6506,15.0059,13998600
2005-05-05,15.0495,15.1844,14.8972,15.0850,8592300
2005-05-06,15.0640,15.1836,15.0640,15.1256,5188500
2005-05-09,15.0132,15.1822,15.0132,15.1394,2353500
2005-05-10,14.9552,15.0045,14.7956,14.7992,11310300
2005-05-11,14.8681,14.8841,14.6825,14.8681,4614300
2005-05-12,14.8355,14.8754,14.5780,14.6143,7258500
2005-05-13,14.6506,14.6549,14.4344,14.4642,14046300
2005-05-16,14.5418,14.6361,14.4584,14.6361,6050700
2005-05-17,14.5338,14.6854,14.4932,14.6397,5792400
2005-05-18,14.6868,15.0132,14.6868,14.9312,9004500
2005-05-19,14.9711,15.0204,14.9225,14.9856,4374900
2005-05-20,14.9291,14.9552,14.8370,14.9479,3003300
2005-05-23,14.8899,15.0277,14.8739,14.9972,4296600
2005-05-24,14.9240,14.9537,14.8972,14.9537,2808000
2005-05-25,14.9240,14.9240,14.8319,14.8464,2107800
2005-05-26,14.9225,15.0487,14.9189,15.0132,2253600
2005-05-27,15.0785,15.1343,15.0466,15.1147,1422900
2005-05-31,15.0857,15.0857,14.9661,14.9842,2979000
2005-06-01,14.9407,15.1728,14.9320,15.1612,12789000
2005-06-02,15.1437,15.2808,15.1292,15.2765,4039200
2005-06-03,15.2808,15.3388,15.1699,15.1974,5648400
2005-06-06,15.2315,15.3534,15.2018,15.3505,3159900
2005-06-07,15.3193,15.4150,15.2525,15.2743,5063400
2005-06-08,15.3294,15.3700,15.2141,15.2163,3300300
2005-06-09,15.2090,15.4701,15.1024,15.2961,2521200
2005-06-10,15.6877,15.6877,15.2351,15.3396,1604100
2005-06-13,15.3613,15.4484,15.2961,15.4005,2461200
2005-06-14,15.4331,15.4658,15.3722,15.4636,3508500
2005-06-15,15.4636,15.5789,15.4114,15.5789,4562400
2005-06-16,15.5572,15.7421,15.5572,15.7182,7155300
2005-06-17,15.7530,15.9227,15.7530,15.9075,9405000
2005-06-20,15.7530,15.8052,15.6529,15.7639,3104400
2005-06-21,15.7312,15.7312,15.6659,15.6877,1580100
2005-06-22,15.8835,15.8901,15.7334,15.8357,1702500
2005-06-23,15.8400,15.8400,15.5376,15.5572,3368400
2005-06-24,15.5376,15.5680,15.4701,15.5028,2401500
2005-06-27,15.5202,15.6877,15.4723,15.6007,2256000
2005-06-28,15.6115,15.7421,15.6007,15.7182,2268000
2005-06-29,15.7530,15.7530,15.6050,15.6268,2398800
2005-06-30,15.8705,15.8705,15.2591,15.5789,6049800
2005-07-01,15.7182,15.7334,15.5898,15.6355,3820200
2005-07-05,15.5572,15.7051,15.5354,15.7051,4650300
2005-07-06,15.5419,15.7095,15.5419,15.6290,3660600
2005-07-07,15.4484,15.6768,15.4484,15.6746,2380200
2005-07-08,15.6877,15.8487,15.6747,15.8378,3537300
2005-07-11,15.8814,16.0794,15.8814,16.0794,4310400
2005-07-12,16.1446,16.2948,16.1055,16.2708,2952900
2005-07-13,16.3187,16.3187,16.2164,16.2599,9842700
2005-07-14,16.5363,16.5363,16.3209,16.3535,9327300
2005-07-15,16.4253,16.4253,16.2099,16.2643,2388000
2005-07-18,16.2643,16.2643,16.1664,16.2143,3743100
2005-07-19,16.2534,16.4035,16.2338,16.3992,5014500
2005-07-20,16.3731,16.4384,16.2861,16.4014,5917800
2005-07-21,16.4318,16.6124,16.4253,16.5798,4680900
2005-07-22,16.5798,16.5863,16.5210,16.5406,2613000
2005-07-25,16.5863,16.6342,16.3970,16.3970,4800900
2005-07-26,16.4362,16.4906,16.3317,16.4906,5155800
2005-07-27,16.5036,16.6777,16.4601,16.5798,5392500
2005-07-28,16.6451,16.8409,16.6342,16.7865,7756800
2005-07-29,16.8039,16.8431,16.7560,16.7756,4639200
2005-08-01,16.9062,17.0498,16.9062,17.0498,5386200
2005-08-02,17.2652,17.3522,17.1346,17.3522,4568100
2005-08-03,17.3631,17.3783,17.2130,17.3087,3892500
2005-08-04,17.2717,17.2956,17.1129,17.1564,5318400
2005-08-05,17.1542,17.1564,16.7582,16.8409,7166400
2005-08-08,16.8518,17.0585,16.8518,16.9562,6216900
2005-08-09,16.9932,17.3174,16.9932,17.2978,3804600
2005-08-10,17.4871,17.5763,17.3326,17.4828,6550200
2005-08-11,17.5263,17.5263,17.3000,17.3848,4969200
2005-08-12,17.3631,17.3631,17.0258,17.1999,4800600
2005-08-15,17.2978,17.3609,17.2151,17.3196,4788300
2005-08-16,17.3152,17.3174,17.0193,17.0193,4863300
2005-08-17,17.0737,17.1107,16.9714,17.0302,5755200
2005-08-18,16.8083,16.8518,16.6799,16.7169,7233000
2005-08-19,16.7974,16.8191,16.6233,16.6516,3652200
2005-08-22,16.9170,17.0367,16.8083,16.8583,6493500
2005-08-23,16.8583,16.8583,16.6886,16.6995,8372100
2005-08-24,16.7191,16.7191,16.4819,16.4819,6586500
2005-08-25,16.6233,16.7321,16.5602,16.6668,5783700
2005-08-26,16.7343,16.7539,16.5885,16.6451,6064800
2005-08-29,16.6103,16.8300,16.5667,16.8278,6831300
2005-08-30,16.8170,16.8191,16.6516,16.6516,7609500
2005-08-31,16.7539,17.0084,16.7539,16.9976,5673000
2005-09-01,17.0802,17.2565,17.0802,17.2325,3919800
2005-09-02,17.2652,17.4066,17.2652,17.3848,3695100
2005-09-06,17.5154,17.6568,17.4523,17.6024,5546700
2005-09-07,17.6895,17.6895,17.5197,17.6242,5695800
2005-09-08,17.4305,17.6547,17.4305,17.5959,3900600
2005-09-09,17.6568,17.8875,17.6568,17.8548,4093800
2005-09-12,18.0594,18.0594,17.8113,17.8287,3704400
2005-09-13,17.6916,17.8135,17.6177,17.6285,3419400
2005-09-14,17.7112,17.7112,17.5154,17.5654,4386000
2005-09-15,17.7330,17.7504,17.6590,17.6677,3421800
2005-09-16,17.7787,17.9440,17.7787,17.9397,2344200
2005-09-19,17.9941,18.0050,17.8918,17.9136,2944200
2005-09-20,18.0811,18.1094,17.9070,17.9614,5556900
2005-09-21,18.1399,18.1464,17.7874,18.1312,7039500
2005-09-22,18.2856,18.2856,17.8222,17.9506,13828800
2005-09-23,17.8853,17.9680,17.8004,17.9353,3488400
2005-09-26,17.9092,18.1203,17.9092,18.0942,5961300
2005-09-27,18.1138,18.1138,17.9462,17.9745,5322000
2005-09-28,18.0659,18.1856,18.0485,18.1790,2720400
2005-09-29,18.2769,18.5250,18.1899,18.4989,5568300
2005-09-30,18.4902,18.4945,18.3770,18.4684,5457600
2005-10-03,18.5489,18.6294,18.4684,18.5859,11126100
2005-10-04,18.6903,18.6947,18.3553,18.4118,5229600
2005-10-05,18.2769,18.5620,17.8418,17.8526,9299700
2005-10-06,17.7352,17.7352,17.0541,17.2282,16650600
2005-10-07,17.4066,17.7286,17.4066,17.6546,11688900
2005-10-10,17.6699,17.9462,17.5785,17.5959,6595500
2005-10-11,17.8418,17.9288,17.6264,17.6721,7642500
2005-10-12,17.6024,17.6460,17.0694,17.1303,18120300
2005-10-13,16.9497,17.0367,16.6668,17.0237,10996200
2005-10-14,17.0781,17.0911,16.6559,16.9584,8911800
2005-10-17,16.9823,17.2543,16.9823,17.1455,10719000
2005-10-18,17.1607,17.1607,16.7103,16.7103,7567500
2005-10-19,16.3731,17.0650,16.3274,17.0367,15258000
2005-10-20,17.0150,17.1216,16.2861,16.3513,8560800
2005-10-21,16.5907,16.8300,16.5145,16.7865,5144700
2005-10-24,16.8627,17.2543,16.8409,17.2391,11245800
2005-10-25,17.1890,17.2108,16.8104,16.8996,8218500
2005-10-26,17.1477,17.2086,16.6799,16.9606,6779400
2005-10-27,16.9932,17.0150,16.5145,16.5580,8886000
2005-10-28,16.7212,17.0106,16.6233,16.9932,12135300
2005-10-31,17.0693,17.4501,17.0693,17.2978,15594000
2005-11-01,17.3305,17.6198,17.3305,17.6024,12283800
2005-11-02,17.6242,17.9397,17.5916,17.8744,8200500
2005-11-03,17.9506,18.1355,17.8418,17.8940,11960400
2005-11-04,17.9462,17.9462,17.5263,17.8570,7893600
2005-11-07,17.8635,17.8744,17.6459,17.8701,4339200
2005-11-08,17.6155,17.8157,17.5916,17.7025,5464500
2005-11-09,17.7112,17.9919,17.6808,17.9680,6615600
2005-11-10,17.9506,18.0267,17.7003,17.9963,10086300
2005-11-11,17.9941,18.0528,17.9070,18.0354,3302100
2005-11-14,17.9702,18.0028,17.8004,17.9876,3023100
2005-11-15,17.9745,18.0572,17.8244,17.8853,6796800
2005-11-16,17.9419,18.0376,17.8222,18.0376,5853900
2005-11-17,18.1681,18.3596,18.1507,18.3031,10072200
2005-11-18,18.3205,18.5097,18.2334,18.3531,9530400
2005-11-21,18.3661,18.4292,18.2508,18.3640,7098000
2005-11-22,18.0920,18.3640,18.0354,18.3553,4916400
2005-11-23,18.4075,18.6359,18.3857,18.5489,5970300
2005-11-25,18.5576,18.5924,18.5163,18.5359,1453200
2005-11-28,18.5772,18.6534,18.3748,18.4184,6867300
2005-11-29,18.4945,18.5685,18.2508,18.2552,9563100
2005-11-30,18.2900,18.4619,18.2900,18.2987,7608600
2005-12-01,18.4619,18.8209,18.4619,18.7774,7673100
2005-12-02,18.8078,18.9079,18.7382,18.7556,7122000
2005-12-05,18.9253,18.9406,18.7774,18.9079,4209300
2005-12-06,19.0276,19.1581,18.9841,19.0820,6533400
2005-12-07,19.2104,19.2343,18.8601,18.9014,7268400
2005-12-08,18.7991,18.9689,18.7121,18.7600,6384000
2005-12-09,18.8187,18.9645,18.7665,18.9514,2322900
2005-12-12,18.9797,19.2212,18.9797,19.0602,4220400
2005-12-13,19.1690,19.3279,19.0189,19.3104,9045000
2005-12-14,19.3213,19.3213,19.0994,19.1821,6297600
2005-12-15,19.3105,19.3105,19.0494,19.1037,6546900
2005-12-16,19.0385,19.1473,19.0341,19.0385,4561200
2005-12-19,19.2017,19.2648,18.9841,18.9950,8100000
2005-12-20,19.1473,19.1908,19.0385,19.1581,4222200
2005-12-21,19.2996,19.4845,19.2343,19.4693,9747900
2005-12-22,19.4388,19.5607,19.3975,19.4736,5450700
2005-12-23,19.5590,19.6492,19.4930,19.5898,2106000
2005-12-27,19.4930,19.8010,19.3720,19.3720,3692400
2005-12-28,19.4710,19.4710,19.3390,19.4248,3779100
2005-12-29,19.5656,19.5656,19.4160,19.4270,4242300
2005-12-30,19.4270,19.4886,19.1960,19.4160,5410500
2006-01-03,19.8406,20.1860,19.8010,20.1420,20919600
2006-01-04,20.2410,20.3863,20.2410,20.3246,9089400
2006-01-05,20.2234,20.4280,20.2234,20.4280,4833600
2006-01-06,20.6921,20.8945,20.5381,20.8549,6328800
2006-01-09,21.0111,21.1013,20.7801,21.0595,6943800
2006-01-10,20.8527,20.9011,20.6327,20.8065,6392700
2006-01-11,20.8571,21.0529,20.6811,21.0507,7186200
2006-01-12,21.0991,21.0991,20.7273,20.7581,8059500
2006-01-13,20.8131,20.8901,20.7141,20.7801,5502300
2006-01-17,20.5667,20.6811,20.3532,20.4170,16205700
2006-01-18,20.0760,20.6129,20.0738,20.4060,16159200
2006-01-19,20.6811,21.0947,20.6811,21.0661,13730700
2006-01-20,21.0947,21.1981,20.4390,20.4390,17342400
2006-01-23,20.6855,21.0331,20.6371,21.0331,13689900
2006-01-24,20.9913,21.3653,20.9913,21.3631,10876500
2006-01-25,21.5699,21.6359,21.2861,21.3741,7494300
2006-01-26,21.4995,21.8801,21.4929,21.8801,7874700
2006-01-27,22.0011,22.3069,21.9175,22.1309,11523600
2006-01-30,21.9351,22.1001,21.9351,22.0275,8699400
2006-01-31,22.0671,22.1969,21.8933,22.1727,10566900
2006-02-01,22.1991,22.2211,22.0363,22.1617,9951600
2006-02-02,22.0121,22.0385,21.4599,21.5919,14202900
2006-02-03,21.2311,21.5919,21.0551,21.2971,13244400
2006-02-06,21.6447,21.8031,21.5105,21.8031,7114500
2006-02-07,21.5611,21.6491,21.1563,21.2311,12815700
2006-02-08,21.0155,21.4269,21.0155,21.2971,13062600
2006-02-09,21.4511,21.6359,21.3301,21.3521,9540600
2006-02-10,21.5831,21.5831,21.0969,21.3191,10590300
2006-02-13,21.1431,21.1915,20.7911,20.7933,13001100
2006-02-14,20.9957,21.3411,20.7251,21.3191,14792700
2006-02-15,21.2751,21.5611,21.0133,21.2091,18738600
2006-02-16,21.4269,21.7635,21.3411,21.7591,10565400
2006-02-17,21.7613,21.8207,21.6711,21.7305,6347700
2006-02-21,21.9461,21.9461,21.5391,21.5391,9556800
2006-02-22,21.7173,21.8273,21.5567,21.6557,8539200
2006-02-23,21.7965,21.8251,21.5963,21.6491,8505900
2006-02-24,21.7041,21.8141,21.6491,21.6909,7235700
2006-02-27,21.9065,21.9615,21.7195,21.8889,5115000
2006-02-28,21.8185,21.8185,21.2751,21.3191,20988300
2006-03-01,21.5369,22.1815,21.4049,21.9087,9530100
2006-03-02,21.8383,21.9461,21.7349,21.9263,10189200
2006-03-03,21.6645,21.8251,21.5413,21.5611,15171600
2006-03-06,21.7371,21.7371,21.1673,21.2311,13545300
2006-03-07,20.8659,20.8901,20.3840,20.4831,32533800
2006-03-08,20.4809,20.6393,20.1310,20.6041,32375100
2006-03-09,20.7251,20.9121,20.3290,20.3950,20971200
2006-03-10,20.7801,20.8989,20.4589,20.8241,18543600
2006-03-13,20.8879,21.0991,20.7845,20.8021,19936800
2006-03-14,20.7515,21.4511,20.7515,21.4511,20653200
2006-03-15,21.3873,21.6997,21.3565,21.6997,14973900
2006-03-16,21.6909,21.7107,21.4951,21.5061,17170200
2006-03-17,21.6579,21.8999,21.5193,21.6579,5374200
2006-03-20,21.7525,21.8757,21.6579,21.7811,8230200
2006-03-21,21.7789,21.7789,21.2311,21.3411,17346300
2006-03-22,21.1629,21.6271,21.1629,21.5765,11249100
2006-03-23,21.5765,21.6997,21.3609,21.3763,10087200
2006-03-24,21.3301,21.7217,21.3301,21.5611,7353900
2006-03-27,21.5611,21.7239,21.4951,21.6931,7625100
2006-03-28,21.4951,21.6271,21.2333,21.2971,15700200
2006-03-29,21.4577,21.7305,21.3191,21.7041,11307600
2006-03-30,21.7261,22.0869,21.6051,21.8141,16846200
2006-03-31,21.9087,22.0979,21.6711,21.7811,18236100
2006-04-03,22.0627,22.4852,22.0561,22.3972,17877300
2006-04-04,22.6018,22.6018,22.3421,22.5292,12881400
2006-04-05,22.5710,22.7602,22.5292,22.7602,12655500
2006-04-06,22.6854,22.7932,22.3972,22.6436,21627900
2006-04-07,22.7162,22.7712,22.2431,22.2981,12541200
2006-04-10,22.3972,22.6172,22.1969,22.2211,10635600
2006-04-11,22.4940,22.4940,22.0011,22.0319,17663700
2006-04-12,22.0583,22.1771,22.0231,22.1595,7422600
2006-04-13,22.3421,22.3421,22.0341,22.2651,9084900
2006-04-17,22.4147,22.6238,22.4015,22.5292,12517500
2006-04-18,22.8328,23.2948,22.7624,23.2772,22776900
2006-04-19,23.3168,23.4422,23.0902,23.4202,11622600
2006-04-20,23.5390,23.5412,23.1188,23.3366,12247800
2006-04-21,23.7568,23.7568,23.3542,23.5192,7167600
2006-04-24,23.4246,23.4246,23.0462,23.2112,9843000
2006-04-25,23.1298,23.3124,22.8592,22.8922,12576600
2006-04-26,23.1100,23.3762,23.0682,23.3432,10150200
2006-04-27,22.8812,23.2552,22.8460,22.9758,12132900
2006-04-28,23.0242,23.2354,22.9252,23.2002,8287500
2006-05-01,23.3080,23.4576,23.1892,23.1936,7207500
2006-05-02,23.4312,23.6468,23.3212,23.6028,8359800
2006-05-03,23.7370,23.7502,23.4554,23.6292,9237600
2006-05-04,23.6732,23.9790,23.6732,23.8602,8972700
2006-05-05,24.0274,24.2452,24.0142,24.2452,9864600
2006-05-08,24.2496,24.4763,24.2452,24.4213,9239700
2006-05-09,24.3553,24.4719,24.3024,24.4433,4636500
2006-05-10,24.4565,24.4565,24.0956,24.1792,11206200
2006-05-11,24.2431,24.2453,23.5566,23.5632,17960100
2006-05-12,23.4972,23.5170,22.8482,22.9472,22257600
2006-05-15,22.6612,22.6612,21.6139,22.3972,24311100
2006-05-16,22.3971,22.6942,22.3641,22.5094,15832800
2006-05-17,22.1221,22.5512,21.6491,21.7371,30187800
2006-05-18,21.8735,22.0077,21.2311,21.3191,28706100
2006-05-19,21.6183,21.7789,21.0551,21.7789,27077400
2006-05-22,20.9011,20.9187,20.3510,20.7537,36723000
2006-05-23,21.1849,21.5171,20.4830,20.5271,23924100
2006-05-24,20.7229,20.8681,19.9440,20.3840,40896900
2006-05-25,20.6635,21.5611,20.6415,21.2509,27125400
2006-05-26,21.3961,21.4071,20.8813,21.1871,21078600
2006-05-30,21.0881,21.0991,20.2212,20.2740,21595500
2006-05-31,20.4611,20.8131,20.3400,20.6151,21795000
2006-06-01,20.6657,21.0771,20.4611,21.0375,21657900
2006-06-02,21.3411,21.4665,20.9781,21.2531,21639000
2006-06-05,21.0397,21.1211,20.3488,20.3510,21981600
2006-06-06,20.4831,20.5029,19.6030,20.2014,32128500
2006-06-07,20.0342,20.4390,19.7350,19.7570,25623900
2006-06-08,19.2642,19.5040,18.6790,19.4050,53812500
2006-06-09,19.5964,19.7108,19.0948,19.1520,17875800
2006-06-12,19.1520,19.2356,18.4391,18.4391,23369400
2006-06-13,18.0629,18.4061,17.8979,18.0299,39589800
2006-06-14,18.2961,18.5469,18.0629,18.5469,36358200
2006-06-15,18.9342,19.6382,18.9210,19.6272,41565600
2006-06-16,19.4578,19.6690,19.2070,19.5150,28824000
2006-06-19,19.5480,19.5810,18.7890,18.7890,20487600
2006-06-20,18.9650,19.2180,18.8770,19.0200,19972800
2006-06-21,18.9958,19.7086,18.9672,19.6360,21750900
2006-06-22,19.5260,19.5260,19.1432,19.2840,10948800
2006-06-23,19.2796,19.3566,18.9210,19.2510,12987600
2006-06-26,19.2092,19.3368,19.0904,19.2510,6643800
2006-06-27,19.3610,19.5612,18.8880,18.8880,17815200
2006-06-28,19.2950,19.4864,19.1410,19.4798,16581900
2006-06-29,19.6998,20.6371,19.6734,20.6371,36345000
2006-06-30,20.7207,20.8571,20.4501,20.6591,16226700
2006-07-03,21.0331,21.1409,20.8901,21.1167,9471900
2006-07-05,20.8505,20.8549,20.3928,20.4610,14130900
2006-07-06,20.6217,20.8901,20.5293,20.8791,13339200
2006-07-07,20.7141,20.8131,20.3840,20.4831,14808000
2006-07-10,20.5953,20.8791,20.5205,20.6481,14485800
2006-07-11,20.4831,20.7911,20.3026,20.7471,19364100
2006-07-12,20.5711,20.7449,20.2850,20.2850,13653900
2006-07-13,19.8934,20.1178,19.4820,19.4820,29471700
2006-07-14,19.6052,19.6910,19.3038,19.5810,26451300
2006-07-17,19.5392,19.6140,19.2048,19.2730,14676600
2006-07-18,19.5150,19.6360,19.1564,19.5414,28726800
2006-07-19,19.6866,20.7471,19.5876,20.7471,45463500
2006-07-20,20.7251,20.7251,20.0496,20.1508,26586900
2006-07-21,20.2080,20.3070,19.6690,19.7592,17352000
2006-07-24,20.2410,20.7361,20.0760,20.6481,29593800
2006-07-25,20.4875,20.8263,20.4193,20.7031,24092100
2006-07-26,20.5491,20.6987,20.4170,20.6151,21140400
2006-07-27,20.8395,21.2421,20.7559,20.8989,26686200
2006-07-28,20.9891,21.4005,20.9231,21.3477,19556400
2006-07-31,21.0947,21.2223,21.0001,21.1431,12055500
2006-08-01,21.0661,21.0661,20.7053,20.8021,12905700
2006-08-02,21.0287,21.2531,20.9649,21.0771,11765400
2006-08-03,20.9209,21.1255,20.8351,21.0551,20232600
2006-08-04,21.3543,21.5083,20.9781,21.0991,13248300
2006-08-07,21.0705,21.2443,20.9011,20.9671,10211100
2006-08-08,21.0991,21.3741,20.9583,20.9671,21186600
2006-08-09,21.4269,21.4489,21.0265,21.0463,16465500
2006-08-10,20.9913,21.2619,20.9803,21.2619,16806000
2006-08-11,21.1409,21.1959,20.9737,21.0045,10008000
2006-08-14,21.2311,21.3587,21.0155,21.0881,13225200
2006-08-15,21.4071,21.6161,21.3081,21.6051,15625800
2006-08-16,21.7745,21.8757,21.6711,21.8163,16954200
2006-08-17,21.7371,22.0011,21.7151,21.8471,14195700
2006-08-18,21.8031,21.8031,21.4621,21.6403,15367800
2006-08-21,21.4533,21.5281,21.4049,21.5281,8211900
2006-08-22,21.5171,21.6381,21.3939,21.5215,13214100
2006-08-23,21.5171,21.5699,21.1101,21.1321,16609800
2006-08-24,21.2597,21.2597,20.9957,21.0749,19815600
2006-08-25,21.0771,21.2861,21.0661,21.1343,15732000
2006-08-28,21.1233,21.3741,21.0507,21.3741,12025500
2006-08-29,21.4093,21.4621,21.2311,21.4467,13001400
2006-08-30,21.4313,21.5611,21.4137,21.5391,9975900
2006-08-31,21.5523,21.5897,21.4203,21.4775,6705300
2006-09-01,21.5171,21.7767,21.4907,21.7173,10823100
2006-09-05,21.8383,21.9131,21.8075,21.8361,11867100
2006-09-06,21.6909,21.6909,21.2091,21.2091,15465600
2006-09-07,21.1211,21.2047,20.9121,20.9671,22688400
2006-09-08,21.0881,21.1761,21.0661,21.1387,10068300
2006-09-11,20.8703,20.9011,20.5315,20.6833,28418400
2006-09-12,20.8197,21.0969,20.7933,21.0375,17313600
2006-09-13,20.9891,21.4115,20.9891,21.3521,17062500
2006-09-14,21.3191,21.3191,21.1695,21.1761,13438500
2006-09-15,21.3411,21.4115,21.1673,21.3015,17227500
2006-09-18,21.3961,21.7085,21.3653,21.5413,17154300
2006-09-19,21.5435,21.5897,20.8901,21.2091,35435700
2006-09-20,21.3301,21.6931,21.3301,21.6447,39691800
2006-09-21,21.5721,21.6161,21.0661,21.1167,40404300
2006-09-22,20.9561,20.9935,20.7625,20.8483,25682100
2006-09-25,20.9495,21.0903,20.5865,21.0903,29428800
2006-09-26,21.0243,21.3433,20.9671,21.3389,23627700
2006-09-27,21.3433,21.3631,21.1629,21.2905,30248400
2006-09-28,21.3719,21.4621,21.2575,21.4621,17789400
2006-09-29,21.3741,21.4401,21.2641,21.2905,14059800
2006-10-02,21.1981,21.5105,21.1211,21.2553,14692200
2006-10-03,21.1343,21.1893,20.9671,20.9671,26399400
2006-10-04,20.8791,21.5611,20.8791,21.5281,32286300
2006-10-05,21.5303,22.0077,21.5303,21.8141,23440200
2006-10-06,21.7239,21.8119,21.6073,21.7591,22264500
2006-10-09,21.5633,21.8119,21.5457,21.6777,14041500
2006-10-10,21.6711,21.8735,21.6623,21.8735,10648500
2006-10-11,21.7371,21.9285,21.6821,21.7569,14990100
2006-10-12,21.8097,22.3311,21.8097,22.2871,29405400
2006-10-13,22.3092,22.5182,22.2872,22.4192,20139600
2006-10-16,22.4522,22.5446,22.4170,22.4808,12192600
2006-10-17,22.2871,22.3840,22.0715,22.1859,22278300
2006-10-18,22.4412,23.2772,22.2717,22.4038,13058100
2006-10-19,22.3972,22.5226,22.2937,22.5028,17712900
2006-10-20,22.5754,22.5754,22.3202,22.3972,8516100
2006-10-23,22.3641,22.4412,22.1947,22.3773,10940100
2006-10-24,22.4060,22.5050,22.3400,22.5050,13887300
2006-10-25,22.5622,22.7668,22.5138,22.7668,13429500
2006-10-26,22.8812,22.8878,22.6854,22.8218,14022600
2006-10-27,22.6546,22.7382,22.4324,22.4412,16726200
2006-10-30,22.3641,22.3641,22.1243,22.3641,13016100
2006-10-31,22.5468,22.7932,22.4214,22.7932,15638700
2006-11-01,22.8570,22.9538,22.5644,22.5644,21519900
2006-11-02,22.5644,22.7140,22.5182,22.6348,11107500
2006-11-03,22.7580,23.3212,22.6678,22.7052,14080500
2006-11-06,22.8856,23.2662,22.8856,23.2442,17758200
2006-11-07,23.2662,23.3608,23.1276,23.1452,17495400
2006-11-08,22.9934,23.2904,22.9472,23.2046,13207500
2006-11-09,23.3542,23.5412,23.2640,23.2838,13462800
2006-11-10,23.3718,23.4312,23.2442,23.3168,7724700
2006-11-13,23.2750,23.4070,23.2112,23.3960,7749600
2006-11-14,23.5390,23.7854,23.5104,23.7612,13497900
2006-11-15,23.7392,23.8294,23.6292,23.8052,9692700
2006-11-16,23.8602,23.8712,23.5566,23.5654,18023400
2006-11-17,23.4708,23.5390,23.3498,23.5390,16318800
2006-11-20,23.3982,23.5896,23.3542,23.4466,19312500
2006-11-21,23.5412,23.8206,23.5412,23.8206,19997400
2006-11-22,23.8932,24.0626,23.8074,23.9878,18803400
2006-11-24,23.8470,24.0516,23.8382,23.9834,6264900
2006-11-27,24.1704,24.1704,23.5302,23.5302,26716200
2006-11-28,23.5302,23.6666,23.3542,23.6666,28599900
2006-11-29,23.8250,24.1506,23.8250,24.0494,22907400
2006-11-30,24.1308,24.3267,24.0252,24.1572,13969500
2006-12-01,24.2584,24.3201,23.8712,24.0582,29047200
2006-12-04,24.2012,24.6127,24.1572,24.5599,16613100
2006-12-05,24.6501,25.0021,24.6017,24.9889,32339400
2006-12-06,24.7557,24.9339,24.7293,24.8173,11058000
2006-12-07,24.8173,24.9163,24.6171,24.7293,15916500
2006-12-08,24.6633,24.7997,24.5357,24.6193,11158500
2006-12-11,24.6633,24.6809,24.5335,24.6303,6801900
2006-12-12,24.4763,24.5093,24.1748,24.3332,17909100
2006-12-13,24.3971,24.4983,24.3619,24.4653,9894000
2006-12-14,24.6017,24.9009,24.5973,24.8833,11988300
2006-12-15,25.0681,25.0703,24.9053,24.9933,11638500
2006-12-18,25.0153,25.1605,24.7953,24.8195,12088800
2006-12-19,24.5533,24.7535,24.3333,24.6633,31979400
2006-12-20,24.9228,24.9853,24.8469,24.9362,12470700
2006-12-21,24.9362,24.9920,24.7644,24.8915,14906700
2006-12-22,24.9920,25.0143,24.7777,24.9808,9581100
2006-12-26,24.9696,25.2463,24.9496,25.2129,5689800
2006-12-27,25.3914,25.5721,25.2865,25.5721,16816200
2006-12-28,25.5833,25.6168,25.4204,25.5230,8598900
2006-12-29,25.5387,25.6123,25.4539,25.4762,8026500
2007-01-03,25.8845,25.9760,25.4918,25.6926,38546100
2007-01-04,25.4940,25.5007,25.1772,25.3378,26830200
2007-01-05,25.0812,25.1370,24.5948,24.5970,33141600
2007-01-08,24.7420,24.8670,24.6037,24.7755,23326500
2007-01-09,24.5903,24.6238,24.0882,24.2221,43958400
2007-01-10,23.9677,24.2690,23.7915,24.1663,58526400
2007-01-11,24.3091,24.8023,24.2266,24.4720,47418300
2007-01-12,24.6505,24.9696,24.5234,24.9696,25530900
2007-01-16,25.0701,25.0924,24.9005,25.0589,25978500
2007-01-17,24.9920,25.0991,24.8558,24.9540,20523900
2007-01-18,25.1705,25.1928,24.6907,24.6907,31396500
2007-01-19,24.7800,25.1348,24.7800,25.1348,18093900
2007-01-22,25.1705,25.3334,25.0254,25.1058,20959200
2007-01-23,25.1035,25.6770,25.0723,25.6770,28305600
2007-01-24,25.6592,25.9961,25.5989,25.9001,20193900
2007-01-25,25.7350,25.7729,25.1035,25.1035,28913700
2007-01-26,25.2151,25.3222,24.9362,25.2575,27627600
2007-01-29,25.1303,25.1482,24.8670,24.9228,29898300
2007-01-30,25.0053,25.3088,25.0053,25.3088,20502600
2007-01-31,25.0790,25.5052,24.9384,25.5052,31860600
2007-02-01,25.6168,25.8399,25.6168,25.8176,34173900
2007-02-02,25.8287,25.8801,25.6614,25.7395,20925300
2007-02-05,25.6636,25.7908,25.5498,25.7640,16254900
2007-02-06,25.9537,26.0720,25.8399,26.0184,17354700
2007-02-07,26.0809,26.0988,25.8421,25.9180,16291500
2007-02-08,25.7774,25.9180,25.6569,25.7796,19789500
2007-02-09,25.8845,25.9425,25.4382,25.4717,31971900
2007-02-12,25.5163,25.5163,25.1727,25.2977,27900000
2007-02-13,25.4271,25.7506,25.4092,25.6993,30303300
2007-02-14,25.7283,26.3040,25.7172,26.2527,37476600
2007-02-15,26.2750,26.3420,26.1902,26.2683,14388000
2007-02-16,26.1657,26.3286,26.0831,26.3286,14832300
2007-02-20,26.1300,26.4424,26.1144,26.3978,15368400
2007-02-21,26.2371,26.5272,26.1367,26.4759,14292600
2007-02-22,26.5941,26.6834,26.3509,26.4089,23298600
2007-02-23,26.3844,26.4759,26.0407,26.2192,27175200
2007-02-26,26.3397,26.3821,26.0117,26.2081,14965800
2007-02-27,25.2151,25.2463,23.0930,24.0771,89951400
2007-02-28,24.4341,24.9518,24.2444,24.6796,63694500
2007-03-01,23.8919,24.5791,23.5505,24.3248,58851900
2007-03-02,24.1105,24.6282,23.9990,24.0994,59927700
2007-03-05,23.5527,24.0101,23.1086,23.4813,54968400
2007-03-06,23.8807,24.5702,23.8807,24.5122,49910400
2007-03-07,24.3337,24.5546,24.2243,24.3627,31768200
2007-03-08,24.7911,25.3133,24.7130,24.9920,36276000
2007-03-09,25.1682,25.1705,24.7420,25.0366,26060700
2007-03-12,25.0589,25.3401,24.9830,25.1593,25128600
2007-03-13,24.9339,25.1013,24.2957,24.4274,44023200
2007-03-14,24.4006,24.6751,23.9477,24.6282,49965900
2007-03-15,24.4564,24.9942,24.4564,24.8291,30401100
2007-03-16,24.8893,25.0009,24.5234,24.6171,22194900
2007-03-19,24.9473,25.1928,24.8982,25.1571,24143400
2007-03-20,25.1169,25.3490,25.0410,25.3222,15362400
2007-03-21,25.4092,26.1813,25.3222,26.0809,42041700
2007-03-22,26.1367,26.2482,25.9113,25.9693,21576300
2007-03-23,26.0541,26.1612,25.9693,26.0898,16886100
2007-03-26,26.0541,26.1523,25.7060,26.0742,22027500
2007-03-27,26.0742,26.0742,25.7439,25.9582,18514500
2007-03-28,25.6435,25.7730,25.3914,25.4940,22615800
2007-03-29,25.8845,26.0608,25.6391,26.0006,23175900
2007-03-30,26.0407,26.1523,25.7395,25.9961,28557900
2007-04-02,26.0742,26.2550,25.9336,26.1746,18873300
2007-04-03,26.4424,26.6343,26.3442,26.6030,24303000
2007-04-04,26.6968,26.7949,26.5852,26.7704,20481300
2007-04-05,26.7325,26.9333,26.6655,26.7949,20437800
2007-04-09,26.9645,27.1698,26.8909,26.9489,21373500
2007-04-10,26.9668,27.1118,26.9511,27.0761,15370500
2007-04-11,27.1877,27.2792,26.7548,26.8262,28048500
2007-04-12,26.8664,27.2926,26.7503,27.2747,23445900
2007-04-13,27.3350,27.4398,27.0002,27.4086,11782200
2007-04-16,27.5693,27.7567,27.5157,27.7344,20166600
2007-04-17,27.7054,27.7054,27.3952,27.5849,26238600
2007-04-18,27.3350,27.4867,27.2747,27.3796,16978800
2007-04-19,26.9355,27.1921,26.7235,27.1587,30470700
2007-04-20,27.5336,27.6585,27.3595,27.4822,15983100
2007-04-23,27.4711,27.5514,27.3104,27.3729,14394900
2007-04-24,27.3684,27.4532,27.2256,27.3684,18733200
2007-04-25,27.5492,27.7344,27.4019,27.7076,17789700
2007-04-26,27.6719,27.7478,27.5045,27.6340,20426100
2007-04-27,27.3706,27.5224,27.2524,27.4956,24456300
2007-04-30,27.3216,27.3997,26.8574,26.9645,27583800
2007-05-01,27.0538,27.1743,26.8440,27.0716,28771800
2007-05-02,27.1988,27.6384,27.1676,27.6094,26205600
2007-05-03,27.7009,27.8883,27.5893,27.8415,15720900
2007-05-04,27.9174,28.1048,27.7946,27.8326,15575700
2007-05-07,27.9151,28.1137,27.9151,28.0133,10084800
2007-05-08,27.8750,27.8750,27.5402,27.6496,27634200
2007-05-09,27.7143,28.1450,27.6831,28.0959,22212600
2007-05-10,27.9464,28.0959,27.3461,27.4086,36275100
2007-05-11,27.5581,28.2164,27.5581,28.1048,21416100
2007-05-14,28.0512,28.3391,27.6831,27.8259,28344000
2007-05-15,27.8326,28.1204,27.6764,27.8593,27392700
2007-05-16,28.0222,28.3369,27.8058,28.2632,18247200
2007-05-17,28.1182,28.2722,27.9174,28.1606,17952600
2007-05-18,28.2342,28.3324,28.0959,28.3056,16459500
2007-05-21,28.2811,28.5154,28.2565,28.3569,33299100
2007-05-22,28.4127,28.4998,28.3525,28.3614,23904900
2007-05-23,28.5622,28.6515,28.1249,28.3168,41565600
2007-05-24,28.2722,28.3614,27.5090,27.6362,52781700
2007-05-25,27.9397,28.1160,27.8616,28.0602,20317500
2007-05-29,28.1717,28.2498,27.6697,27.9642,20445900
2007-05-30,27.4465,28.2498,27.4064,28.2498,35050500
2007-05-31,28.2699,28.4507,28.1650,28.3302,23850900
2007-06-01,28.5065,29.0375,28.5065,29.0375,24035700
2007-06-04,28.7876,29.0063,28.7296,28.9081,26454900
2007-06-05,28.7943,28.8791,28.5778,28.8077,27272400
2007-06-06,28.6069,28.6069,28.0825,28.0825,40848900
2007-06-07,28.1137,28.3257,27.5001,27.6496,66178500
2007-06-08,27.7255,28.2498,27.6987,28.1383,42430200
2007-06-11,28.1583,28.5511,28.0445,28.3793,22266000
2007-06-12,28.0646,28.2989,27.7924,27.8861,31146300
2007-06-13,28.0892,28.5488,28.0825,28.4440,31558200
2007-06-14,28.5555,29.0554,28.5555,28.8903,22374900
2007-06-15,29.2317,29.5485,29.2317,29.5485,45032700
2007-06-18,29.6021,29.7114,29.4437,29.5753,14039100
2007-06-19,29.3946,29.7337,29.3745,29.6088,20064600
2007-06-20,29.8319,29.8855,29.2317,29.3566,31779600
2007-06-21,29.3990,29.7828,29.2964,29.7226,26637900
2007-06-22,29.4994,29.6913,29.1870,29.3298,22471500
2007-06-25,29.3098,29.4280,28.9327,29.1067,29348400
2007-06-26,29.2183,29.2852,28.8523,28.8523,29622000
2007-06-27,28.7631,29.2785,28.6069,29.2629,31400400
2007-06-28,29.0755,29.4548,29.0755,29.2696,22270200
2007-06-29,29.3923,29.5664,29.0598,29.3722,39395100
2007-07-02,29.4548,29.9680,29.4548,29.9680,30585300
2007-07-03,30.0127,30.2068,30.0127,30.2068,13577400
2007-07-05,30.0372,30.3786,30.0372,30.3407,25942800
2007-07-06,30.5103,30.9856,30.5080,30.8606,31670700
2007-07-09,31.0793,31.2623,31.0614,31.1596,28652100
2007-07-10,30.8249,30.9320,30.4857,30.5460,40039500
2007-07-11,30.7089,30.8963,30.4589,30.7981,25900200
2007-07-12,30.9967,31.6059,30.9967,31.4742,29064900
2007-07-13,31.6818,31.8871,31.5724,31.8647,24262800
2007-07-16,31.6171,31.7309,31.4028,31.5523,23917200
2007-07-17,31.6171,31.6416,31.3783,31.5278,21789600
2007-07-18,31.1306,31.3604,30.8874,31.1418,34859700
2007-07-19,31.3537,31.6684,31.3515,31.4519,24539100
2007-07-20,31.6081,31.7197,31.0614,31.2355,48010800
2007-07-23,31.8781,32.1548,31.7733,32.1392,35516700
2007-07-24,31.9094,31.9741,30.9744,31.0391,53650200
2007-07-25,31.5100,31.6862,30.8383,31.2176,45873600
2007-07-26,30.5772,30.6062,28.9572,29.6266,99222600
2007-07-27,29.7917,29.9993,29.0755,29.2428,64008900
2007-07-30,29.5664,30.4523,29.5664,30.2001,50423400
2007-07-31,30.6085,30.7133,29.5820,29.5820,63243600
2007-08-01,29.2138,29.7293,28.8858,29.4660,106336500
2007-08-02,29.4994,29.9680,29.4191,29.7918,46615800
2007-08-03,29.7672,29.7895,28.2855,28.5064,64852500
2007-08-06,28.8322,29.2116,28.2387,29.0152,72395400
2007-08-07,28.8992,29.5463,28.7720,29.2317,54839100
2007-08-08,29.8208,30.4523,29.7873,30.2135,50678700
2007-08-09,29.2897,29.6333,28.7541,28.9639,78721500
2007-08-10,28.3547,29.2451,28.0914,28.4618,82478700
2007-08-13,29.1312,29.3120,28.7251,28.7430,39933300
2007-08-14,28.8947,28.9527,27.8928,27.9999,50445600
2007-08-15,27.6942,27.9888,26.7883,26.8998,77352600
2007-08-16,26.3643,26.7079,24.8603,26.4424,140054700
2007-08-17,27.4465,28.3123,26.4736,27.2792,99855300
2007-08-20,27.5826,27.6853,26.8597,27.3349,64116300
2007-08-21,27.1966,27.5581,27.0092,27.2345,43294500
2007-08-22,27.6920,28.4730,27.6920,28.4060,57893700
2007-08-23,28.6716,28.7809,28.1539,28.5511,46373700
2007-08-24,28.5600,29.2941,28.4730,29.2317,52962000
2007-08-27,29.2026,29.8565,29.1134,29.3655,28239300
2007-08-28,29.0174,29.1223,28.0334,28.1717,56966400
2007-08-29,28.6939,29.4303,28.5734,29.2874,42499800
2007-08-30,28.9639,29.5485,28.8300,29.1379,29959500
2007-08-31,29.9011,30.3920,29.6757,29.8899,53820900
2007-09-04,29.5998,30.6107,29.5998,30.3942,33802200
2007-09-05,30.1376,30.1376,29.6266,29.9346,38522400
2007-09-06,30.1042,30.3184,29.8810,30.1689,20809800
2007-09-07,29.6177,29.7404,29.2428,29.4883,48953400
2007-09-10,29.9011,29.9145,29.0665,29.5106,32317200
2007-09-11,29.8587,30.2247,29.8208,30.1064,32632200
2007-09-12,29.9524,30.3451,29.8007,30.2135,29448900
2007-09-13,30.4166,30.7691,30.3228,30.5482,22941300
2007-09-14,30.4032,30.7089,30.2514,30.6084,17142600
2007-09-17,30.3742,30.4768,30.0618,30.4143,22866300
2007-09-18,30.5036,31.9428,30.3697,31.8871,68338200
2007-09-19,31.9763,32.5520,31.9272,32.0321,63006000
2007-09-20,32.1124,32.3177,31.7420,31.9317,34842000
2007-09-21,32.3043,32.4538,32.2486,32.3557,30381000
2007-09-24,33.0251,33.0251,32.5788,32.7573,31511400
2007-09-25,32.4895,32.7685,32.2820,32.6346,28052400
2007-09-26,33.0697,33.1701,32.8309,33.0697,27536400
2007-09-27,33.5807,33.9177,33.2326,33.5606,32771700
2007-09-28,33.6387,33.7369,33.1076,33.3486,40628400
2007-10-01,33.6655,34.5358,33.5093,34.3974,38391000
2007-10-02,34.7232,35.0311,34.2903,34.6317,40943400
2007-10-03,34.5291,34.6451,33.5829,33.5829,49248300
2007-10-04,33.7168,34.0225,33.3442,33.9177,23239800
2007-10-05,34.2858,35.2052,34.2524,35.0490,64093800
2007-10-08,34.5849,34.7768,34.4331,34.6763,32786100
2007-10-09,34.9307,35.2431,34.7879,35.2164,30145200
2007-10-10,35.1070,35.3837,34.9129,35.2632,36825900
2007-10-11,35.7073,35.8813,34.3327,34.9530,71038800
2007-10-12,35.1159,35.5912,35.0021,35.5912,27468300
2007-10-15,35.6515,35.7363,34.7009,35.1561,40017900
2007-10-16,34.9196,34.9374,34.2635,34.5045,60320100
2007-10-17,35.3011,35.4596,34.6094,35.3011,67459200
2007-10-18,34.6986,35.5577,34.6496,35.4796,55143300
2007-10-19,35.1695,35.2520,33.6700,33.9623,82591500
2007-10-22,33.6276,34.2100,33.2460,34.2077,60902100
2007-10-23,34.6451,35.2878,34.4777,35.1561,55527300
2007-10-24,34.8348,35.0401,33.7972,34.9263,49925100
2007-10-25,35.3882,35.4685,34.7544,35.3703,43169400
2007-10-26,36.1602,36.5307,35.8144,36.3722,44119500
2007-10-29,36.9747,37.2090,36.7783,37.2090,38281200
2007-10-30,36.6623,36.7516,36.3834,36.5061,36921900
2007-10-31,36.8207,37.3719,36.3722,37.3072,63320400
2007-11-01,36.2740,36.5217,35.6738,35.8010,56598300
2007-11-02,36.0375,36.3566,35.3592,36.0040,59190000
2007-11-05,35.0557,35.2320,34.5045,34.7522,43943400
2007-11-06,35.7653,36.2093,35.2587,36.0710,40065300
2007-11-07,35.5421,35.8501,34.7477,34.9218,46819800
2007-11-08,35.0825,35.4573,33.8931,35.1003,83404200
2007-11-09,34.4666,34.9441,34.0091,34.2747,52806000
2007-11-12,33.7949,34.0047,32.3601,32.3780,69956100
2007-11-13,33.6722,34.7924,33.5316,34.6652,74957100
2007-11-14,35.3257,35.5466,34.4487,34.6987,47813100
2007-11-15,34.3015,34.6585,33.5584,33.8998,55260300
2007-11-16,34.0158,34.3818,33.5048,34.3193,60026400
2007-11-19,33.6744,33.7414,32.4449,32.7372,52244700
2007-11-20,33.1344,33.9601,32.7975,33.6365,83208600
2007-11-21,32.5141,32.6435,31.7353,31.9428,77409000
2007-11-23,32.5230,33.2929,32.5230,32.8867,24243900
2007-11-26,33.0296,33.3509,31.5814,31.5814,72462000
2007-11-27,32.0767,32.9336,31.8938,32.7908,75099600
2007-11-28,33.1523,34.5871,33.1367,34.5871,100931400
2007-11-29,34.1743,34.6429,33.9132,34.1631,62430600
2007-11-30,35.0958,35.1896,34.1787,34.4532,64310400
2007-12-03,34.3885,34.5737,34.0739,34.1542,41652600
2007-12-04,34.0091,34.4733,33.9645,34.0649,32139000
2007-12-05,34.8772,35.5801,34.8772,35.5778,46454100
2007-12-06,35.3904,36.1825,35.2565,36.1379,49785000
2007-12-07,35.9706,36.0152,35.5399,35.7095,47259900
2007-12-10,35.7028,35.8657,35.5444,35.7206,30087600
2007-12-11,35.8768,35.9750,34.0739,34.2077,67515900
2007-12-12,35.7697,36.0687,34.4666,35.2342,72613200
2007-12-13,34.2524,34.5380,33.7949,34.2658,75751200
2007-12-14,33.5606,34.0002,33.4290,33.4491,52611000
2007-12-17,32.8823,32.9381,32.0076,32.0232,62022000
2007-12-18,33.0362,33.0608,32.0723,32.9024,69887400
2007-12-19,33.0206,33.3196,32.8042,33.1166,56490000
2007-12-20,33.2750,33.3776,32.8600,33.2973,45520800
2007-12-21,33.7838,34.3015,33.7168,34.3015,56436300
2007-12-24,34.3686,34.8861,34.3257,34.8816,18304800
2007-12-26,34.6127,35.1393,34.5449,35.0624,23497500
2007-12-27,34.7460,34.8116,34.1697,34.2533,30705600
2007-12-28,34.6036,34.7008,34.1245,34.3821,37557000
2007-12-31,34.4771,34.5539,33.9030,33.9685,26840400
2008-01-02,34.1991,34.4115,33.2024,33.4081,68029800
2008-01-03,33.8104,33.9392,33.5527,33.7087,47760300
2008-01-04,33.3990,33.4600,32.3797,32.6961,83071200
2008-01-07,32.9674,33.1775,32.4159,32.9357,54090900
2008-01-08,33.3177,33.6680,32.5922,32.6803,88767900
2008-01-09,33.1572,33.7516,32.6803,33.7516,85492200
2008-01-10,33.2046,34.3415,33.0464,34.1494,84510900
2008-01-11,33.4262,33.8217,32.9945,33.1888,78241200
2008-01-14,33.6838,33.8443,33.3809,33.6770,70594500
2008-01-15,33.0193,33.1482,32.0475,32.1537,90633900
2008-01-16,31.6746,31.8125,30.3253,30.8158,141276600
2008-01-17,31.3017,31.5232,29.7852,29.9186,133308000
2008-01-18,30.8406,31.0215,29.8711,30.6011,119655300
2008-01-22,28.6868,30.5333,28.3636,29.8327,153342900
2008-01-23,28.5038,30.1242,27.5794,30.0225,173383800
2008-01-24,29.9683,30.8135,29.9050,30.6056,93140700
2008-01-25,31.1842,31.3740,30.0157,30.1400,65709300
2008-01-28,30.0813,30.8858,28.7026,30.8858,61924200
2008-01-29,30.8090,30.8745,30.3028,30.7344,42873000
2008-01-30,30.2734,31.4328,30.0903,30.3299,90782400
2008-01-31,29.7513,31.1435,29.6315,30.9378,91635900
2008-02-01,31.0983,31.6610,30.9627,31.5548,66237600
2008-02-04,31.7853,31.8667,31.4644,31.6520,47431800
2008-02-05,30.9514,31.0192,29.6519,29.9479,81961200
2008-02-06,30.1717,30.5355,29.3603,29.4575,94311600
2008-02-07,29.3581,30.2463,29.0665,29.9570,81689400
2008-02-08,29.5841,30.1106,29.4778,29.9005,64338300
2008-02-11,29.7920,30.2824,29.4417,30.2711,62668500
2008-02-12,30.5695,31.2814,30.4971,30.7593,95163900
2008-02-13,31.0870,31.5413,30.7367,31.4509,80838300
2008-02-14,31.7334,31.8305,31.0169,31.0463,77572200
2008-02-15,31.1458,31.2881,30.7774,31.2678,40972800
2008-02-19,32.0882,32.1176,31.4893,31.6769,60714600
2008-02-20,31.1774,32.0611,31.0328,31.9413,67324200
2008-02-21,32.1492,32.2193,31.3785,31.4938,47179200
2008-02-22,31.8147,31.9684,31.1073,31.9164,58150800
2008-02-25,31.8554,32.5538,31.6249,32.5108,62952600
2008-02-26,32.2690,33.0645,32.1582,32.9402,62865300
2008-02-27,32.6916,33.4148,32.6148,33.2182,59912700
2008-02-28,32.8747,33.1391,32.6962,32.8611,52139100
2008-02-29,32.4995,32.5108,31.4983,31.5548,69116400
2008-03-03,31.5571,31.9436,31.1887,31.7266,85376100
2008-03-04,31.1955,31.4870,30.4112,30.9898,95442600
2008-03-05,31.3514,31.7763,31.1277,31.6407,63579300
2008-03-06,31.4599,31.5616,30.5175,30.5559,57511500
2008-03-07,30.2711,30.8565,29.9344,30.1332,70810500
2008-03-10,30.3480,30.3480,29.3174,29.6044,70676700
2008-03-11,30.8632,31.6181,30.3638,31.5955,100189800
2008-03-12,31.2565,31.6407,30.9220,31.0102,59353200
2008-03-13,30.1287,31.0373,29.8892,30.7276,85102500
2008-03-14,30.7163,30.7932,29.4033,29.6383,94845000
2008-03-17,28.5354,29.1592,28.2190,28.9060,104934000
2008-03-18,29.5050,30.4632,29.4394,30.4090,82055700
2008-03-19,30.0700,30.2621,28.5444,28.5828,98289000
2008-03-20,28.5603,29.1433,28.2009,29.0642,83455200
2008-03-24,29.4665,30.4067,29.3151,30.1785,63315000
2008-03-25,30.2078,30.6937,30.2056,30.6418,49837200
2008-03-26,30.4858,30.5288,30.1016,30.3932,46039800
2008-03-27,30.6892,30.7073,30.2011,30.2463,45650100
2008-03-28,30.5129,30.5672,30.0790,30.1920,42123300
2008-03-31,30.2508,30.4022,30.1016,30.3706,51357900
2008-04-01,30.7118,31.5616,30.6418,31.5367,59322000
2008-04-02,31.5367,31.7944,31.1887,31.5593,48963000
2008-04-03,31.4486,32.1470,31.3582,31.9436,49385100
2008-04-04,31.7808,32.2351,31.5797,31.8147,48387300
2008-04-07,32.3707,32.6690,32.0407,32.2374,48936600
2008-04-08,31.9684,32.2260,31.8396,32.0611,37712100
2008-04-09,31.9526,32.0656,31.4283,31.5616,38654100
2008-04-10,31.7966,32.1515,31.5119,32.0136,38757600
2008-04-11,31.6927,31.8645,31.3424,31.4915,45471000
2008-04-14,31.3627,31.6814,31.1910,31.4170,43521300
2008-04-15,31.7673,31.8509,31.4938,31.7854,34587600
2008-04-16,32.1650,32.9063,32.1605,32.7255,52355400
2008-04-17,32.4137,32.6284,32.2396,32.4882,35445900
2008-04-18,32.9380,33.1549,32.6848,32.9786,43182300
2008-04-21,32.8227,33.1934,32.0927,33.1459,39228000
2008-04-22,33.0352,33.0894,32.5945,32.8385,45971400
2008-04-23,33.1821,33.3312,32.9063,33.3109,38048400
2008-04-24,33.2024,33.3244,32.6170,32.8837,38298300
2008-04-25,33.1549,33.1843,32.6464,33.1256,36429900
2008-04-28,33.2340,33.3222,33.0058,33.0623,28076100
2008-04-29,32.9741,32.9741,32.4453,32.4769,43114200
2008-04-30,32.6803,33.2499,32.5854,33.1459,56735100
2008-05-01,33.1323,33.5663,32.9380,33.4985,36340500
2008-05-02,33.9188,33.9618,33.5617,33.8194,36100200
2008-05-05,33.7878,33.9414,33.6115,33.7945,22732500
2008-05-06,33.6725,34.2511,33.5165,34.1720,36007500
2008-05-07,33.8962,33.9799,33.0894,33.1549,52249200
2008-05-08,33.3199,33.6273,33.2498,33.4962,34318500
2008-05-09,33.1934,33.3335,33.0239,33.2227,33387000
2008-05-12,33.2725,33.6635,33.0284,33.6499,31889100
2008-05-13,33.7312,33.8804,33.5052,33.8104,24984000
2008-05-14,34.0703,34.2330,33.8262,33.8917,27882000
2008-05-15,34.0906,34.6330,33.9889,34.6127,41979600
2008-05-16,34.7935,35.0760,34.6669,35.0534,30127200
2008-05-19,35.0669,35.5868,34.9833,35.0602,45427200
2008-05-20,34.5652,34.5788,34.2556,34.4522,44971500
2008-05-21,34.5991,34.8432,33.9821,34.1019,47546700
2008-05-22,34.2827,34.3369,33.9776,34.2013,26301300
2008-05-23,33.9053,33.9799,33.4601,33.6047,31783500
2008-05-27,33.4985,33.6386,33.2092,33.5504,35205600
2008-05-28,33.6544,34.0024,33.3470,34.0024,31076400
2008-05-29,34.0341,34.4658,33.8849,34.0770,36030300
2008-05-30,34.2782,34.4703,34.1494,34.1946,29933400
2008-06-02,34.1674,34.1674,33.5753,33.7878,39888600
2008-06-03,33.7991,33.8510,33.0442,33.1776,44795100
2008-06-04,32.9945,33.2951,32.8272,32.8882,46607100
2008-06-05,33.1730,33.9347,33.0758,33.9347,36879600
2008-06-06,33.4600,33.5278,32.7052,32.7052,48717600
2008-06-09,32.8182,32.9538,32.2283,32.6216,49329300
2008-06-10,32.1334,32.1492,31.8034,31.8690,67029600
2008-06-11,31.9797,32.0633,31.3695,31.3921,72144300
2008-06-12,31.6294,32.0385,31.4305,31.5752,59169900
2008-06-13,31.5955,32.0227,31.4260,31.9164,42621000
2008-06-16,31.8893,32.1424,31.8102,32.0249,34441200
2008-06-17,32.3617,32.4498,32.1379,32.1605,38012100
2008-06-18,32.1085,32.2486,31.6859,32.0046,48612300
2008-06-19,31.8554,32.1560,31.7401,32.0543,52999500
2008-06-20,31.5367,31.6113,30.9469,31.0079,94397400
2008-06-23,31.1322,31.2361,30.9649,31.0983,50194200
2008-06-24,30.9310,31.3130,30.6757,30.9604,55306800
2008-06-25,31.1712,31.8410,31.1712,31.5804,64861200
2008-06-26,31.0660,31.1506,30.4717,30.4968,69863700
2008-06-27,30.6386,30.9449,30.4717,30.7917,54488400
2008-06-30,31.0089,31.1300,30.8352,31.0249,52705800
2008-07-01,30.3231,30.5929,29.9048,30.4717,88602600
2008-07-02,30.6111,30.7049,29.5299,29.6030,77359500
2008-07-03,29.9025,29.9025,29.2419,29.5185,51487800
2008-07-07,29.7631,30.0739,29.1458,29.4133,84791100
2008-07-08,29.3653,29.7973,28.9835,29.7745,91546200
2008-07-09,29.9002,30.1425,29.0956,29.1733,89474400
2008-07-10,29.5322,29.8476,29.2121,29.7013,82659300
2008-07-11,29.4705,29.9345,29.2030,29.5025,74596200
2008-07-14,29.9139,30.0694,28.6201,29.4659,48638400
2008-07-15,29.0132,29.4979,28.4761,28.9744,108376500
2008-07-16,28.9721,29.8888,28.8190,29.8111,72721800
2008-07-17,29.9756,30.2248,29.7333,29.9505,88662300
2008-07-18,29.7013,29.9528,29.5870,29.6922,50926800
2008-07-21,29.8750,30.1516,29.8270,30.0602,42357300
2008-07-22,29.6899,30.0831,29.4979,30.0785,47977800
2008-07-23,30.2294,30.4168,30.0168,30.1219,142368000
2008-07-24,29.9413,30.1745,28.5149,29.0087,33791200
2008-07-25,29.2487,29.3173,28.9675,29.2076,26549400
2008-07-28,29.2419,29.3104,28.6315,28.7138,22918200
2008-07-29,28.7961,30.3048,28.6384,30.3048,28970800
2008-07-30,29.8111,30.4488,28.8167,29.9894,38187600
2008-07-31,29.3790,29.9619,29.2487,29.3173,65916000
2008-08-01,29.6259,29.6259,28.9127,29.1184,36367800
2008-08-04,28.7687,28.8578,28.0897,28.2269,55599400
2008-08-05,28.2543,28.6589,28.1240,28.5903,42552600
2008-08-06,28.5286,29.1596,28.4943,29.1596,34367700
2008-08-07,28.6109,28.6658,28.0760,28.1583,38381200
2008-08-08,27.8223,28.3160,27.7125,28.2269,51194100
2008-08-11,28.0555,28.2132,27.8291,27.9320,43444700
2008-08-12,27.7194,27.9183,27.4245,27.6988,39537600
2008-08-13,27.4588,27.7880,27.1845,27.6920,52150600
2008-08-14,27.6783,28.1652,27.6714,28.0554,34218600
2008-08-15,27.9389,28.0829,27.5685,27.6166,37679300
2008-08-18,27.7400,27.7743,26.9239,27.1502,34649700
2008-08-19,26.8347,27.0131,26.5604,26.9239,58501700
2008-08-20,27.2874,27.6303,27.1982,27.6097,39617100
2008-08-21,27.2531,27.7331,27.2051,27.5685,26882500
2008-08-22,27.7331,27.7468,27.2051,27.5480,19299700
2008-08-25,27.4588,27.5000,26.9582,26.9788,30942400
2008-08-26,27.0611,27.1982,26.8828,27.0268,25493200
2008-08-27,27.2531,27.6714,27.1776,27.6028,31425700
2008-08-28,27.6577,27.8497,27.5891,27.7948,29213700
2008-08-29,27.7400,27.7606,27.3285,27.4657,26262300
2008-09-02,26.9993,27.2325,26.5810,26.6359,43801700
2008-09-03,26.5810,26.5810,25.9981,26.1970,58412400
2008-09-04,25.9021,25.9981,24.9626,24.9900,70453100
2008-09-05,24.9694,25.3946,24.6539,25.3466,58892600
2008-09-08,26.4576,26.5741,25.2849,25.6621,64826300
2008-09-09,25.1683,25.2917,23.8310,24.2219,71020700
2008-09-10,24.6402,24.8323,24.1602,24.6128,74811000
2008-09-11,23.7762,24.3111,23.5567,24.2493,103649900
2008-09-12,24.1739,25.3672,24.0299,25.0586,83241400
2008-09-15,23.5567,24.1808,23.0081,23.0904,108168400
2008-09-16,22.0754,23.4881,21.9108,23.2892,115788300
2008-09-17,22.5486,22.7955,21.5199,21.6365,153448700
2008-09-18,22.4252,23.8653,21.4033,23.4607,155272500
2008-09-19,26.5879,27.2599,24.7225,26.3821,157949600
2008-09-22,25.8884,25.8884,24.6059,24.6608,112364700
2008-09-23,24.4345,24.9008,23.5773,23.8927,75596800
2008-09-24,24.3111,24.5099,23.8516,24.1670,64728700
2008-09-25,24.4962,25.7169,24.3453,25.4083,98210700
2008-09-26,24.0710,24.7363,23.3167,24.5442,56618700
2008-09-29,23.4058,23.5430,21.1770,21.6776,126723300
2008-09-30,22.7886,23.6801,22.4594,23.4333,77582900
2008-10-01,23.1864,23.7144,22.6995,23.7144,69638300
2008-10-02,22.8161,22.8229,21.5748,21.6365,81034600
2008-10-03,21.8971,22.6858,21.0193,21.0673,83974700
2008-10-06,19.5311,19.8055,18.1870,19.4831,155814800
2008-10-07,19.7986,19.9632,17.9676,17.9676,115117100
2008-10-08,17.5561,18.7768,17.2475,17.9676,133618100
2008-10-09,18.4407,18.7219,16.5686,16.6440,129263500
2008-10-10,15.8896,17.8235,15.2518,16.8360,181837700
2008-10-13,18.3447,20.8273,17.9538,20.6695,177204100
2008-10-14,20.6421,21.4308,19.0717,19.6409,154341500
2008-10-15,18.4133,18.4819,16.3971,16.4657,153732000
2008-10-16,16.8703,17.2749,15.4644,17.2749,182101100
2008-10-17,16.3902,17.7618,16.1708,16.7331,121812700
2008-10-20,17.2543,17.9744,17.0006,17.9058,84463900
2008-10-21,17.1446,17.3846,16.4794,16.4794,86398800
2008-10-22,15.7388,15.8485,14.4975,14.7444,157052000
2008-10-23,14.6758,15.4507,14.1683,15.1558,153277100
2008-10-24,13.2905,14.2712,13.1602,13.5923,170199600
2008-10-27,13.2425,14.0174,13.1396,13.2356,142877900
2008-10-28,14.1546,16.6234,13.7843,16.0062,219283400
2008-10-29,15.2381,16.4657,14.9295,15.4987,159872300
2008-10-30,16.8017,17.6589,16.7126,17.5904,186225900
2008-10-31,17.1583,17.7961,16.9732,17.4395,162086800
2008-11-03,17.5835,17.6658,17.2063,17.2818,90109900
2008-11-04,18.1184,18.9482,17.9333,18.8591,138685300
2008-11-05,17.9333,18.0910,16.3217,16.4588,153152800
2008-11-06,16.4177,16.5823,15.3136,15.6290,158025800
2008-11-07,16.3560,16.9252,16.0542,16.8977,152078400
2008-11-10,17.6315,17.6315,16.5823,17.0555,96111900
2008-11-11,16.4794,16.6508,15.7113,15.9925,128587900
2008-11-12,15.6496,15.6633,14.6346,14.8061,182266000
2008-11-13,15.0598,16.9595,14.3260,16.8566,241229100
2008-11-14,15.9102,16.2257,15.1901,15.2381,180106800
2008-11-17,15.1147,15.6290,14.8747,14.9844,118832400
2008-11-18,14.7924,15.0667,14.1820,14.7649,111377600
2008-11-19,14.4906,14.6484,13.4482,13.4894,155995700
2008-11-20,13.3659,13.7637,12.4950,12.5224,244592200
2008-11-21,13.7431,14.3946,13.0162,14.3260,248682100
2008-11-24,14.2643,15.5330,14.2506,15.1970,188103000
2008-11-25,15.4644,15.4987,14.5661,14.9090,133691700
2008-11-26,14.8198,16.0748,14.7924,16.0474,120738500
2008-11-28,15.6633,15.8279,15.5879,15.7388,36642700
2008-12-01,15.1901,15.2244,14.1889,14.2232,138664600
2008-12-02,14.8404,15.1764,14.4975,15.1216,112480900
2008-12-03,14.5798,15.3410,14.5043,15.2450,93150400
2008-12-04,14.8267,15.2244,14.4152,14.5935,117519200
2008-12-05,14.4906,15.4644,14.3192,15.4576,96640400
2008-12-08,16.0611,16.6028,16.0336,16.4451,122277400
2008-12-09,16.2325,16.6577,15.9651,16.2188,103924100
2008-12-10,16.7126,17.2269,16.6851,17.1858,100967300
2008-12-11,17.0418,17.5424,16.6851,16.7469,112643600
2008-12-12,16.3697,17.1240,16.2531,16.9800,98443000
2008-12-15,17.0555,17.0829,16.5411,16.7537,67469800
2008-12-16,17.0143,18.1459,16.9389,18.0910,146597700
2008-12-17,17.6315,18.0567,17.5698,17.7755,97104500
2008-12-18,17.8853,17.9470,17.2955,17.3846,92867800
2008-12-19,17.6178,17.8304,17.2749,17.4464,56422900
2008-12-22,17.3161,17.3641,16.5823,16.7949,73538500
2008-12-23,16.8157,16.9200,16.5515,16.6558,70285300
2008-12-24,16.7949,16.8992,16.4611,16.7740,29365000
2008-12-26,16.7949,16.8435,16.5028,16.7184,24728700
2008-12-29,16.9270,16.9687,16.5445,16.6905,36240900
2008-12-30,16.8366,17.1843,16.8018,17.1356,50083900
2008-12-31,17.0035,17.4347,16.9200,17.3651,44815800
2009-01-02,17.5251,18.3387,17.4764,18.1927,69494900
2009-01-05,18.0814,18.6100,18.0397,18.4291,64779500
2009-01-06,18.7004,18.9716,18.5682,18.8464,67960000
2009-01-07,18.3179,18.3318,17.6920,17.7615,83175000
2009-01-08,17.4486,17.7268,17.3164,17.6850,56783900
2009-01-09,17.5529,17.6224,17.1287,17.3025,103377500
2009-01-12,17.1078,17.1217,16.4541,16.5723,65283500
2009-01-13,16.4750,16.8505,16.3915,16.6210,55003100
2009-01-14,16.2524,16.2594,15.6683,15.8143,103322800
2009-01-15,15.8282,16.1898,15.2440,15.9951,109003500
2009-01-16,16.4541,16.4680,15.6683,16.1690,79520400
2009-01-20,15.6683,15.7169,14.9450,14.9659,126067100
2009-01-21,15.3623,15.8560,14.9798,15.7795,103794300
2009-01-22,15.2579,15.5500,14.9241,15.2579,83312100
2009-01-23,14.6946,15.5987,14.6668,15.4527,77371100
2009-01-26,15.6126,16.0507,15.4457,15.6335,67314400
2009-01-27,15.8213,16.0368,15.6822,15.9117,72898600
2009-01-28,16.4124,16.8157,16.3289,16.7184,93809800
2009-01-29,16.1829,16.2455,15.8630,15.8699,59937600
2009-01-30,16.0507,16.2177,15.6265,15.7517,99451200
2009-02-02,15.4388,15.7308,15.3692,15.5918,47753900
2009-02-03,15.7517,16.1064,15.5709,16.0577,53163700
2009-02-04,16.2176,16.5445,16.0368,16.1759,65511300
2009-02-05,16.0716,16.7045,15.9186,16.5167,95946700
2009-02-06,16.7671,17.4138,16.7045,17.3443,79125400
2009-02-09,17.3164,17.4625,17.1078,17.2539,53789200
2009-02-10,17.1217,17.2817,16.2107,16.2107,92940400
2009-02-11,16.6210,16.8088,16.2941,16.6975,66598400
2009-02-12,16.1829,16.6280,16.0368,16.5932,69735000
2009-02-13,16.6627,16.7879,16.4541,16.6766,58072700
2009-02-17,15.7100,15.7934,15.3553,15.6126,115591100
2009-02-18,15.6265,15.7865,15.2162,15.5013,83947600
2009-02-19,15.8282,15.8421,15.3205,15.3553,59593900
2009-02-20,14.8824,15.2649,14.7433,14.9659,102871400
2009-02-23,15.3901,15.4248,14.5695,14.5973,103469300
2009-02-24,14.7364,15.4388,14.6390,15.3970,99563300
2009-02-25,15.2858,15.4527,14.8824,15.1328,81182000
2009-02-26,15.3275,15.5083,14.9798,15.0006,56997700
2009-02-27,14.6112,15.2649,14.6042,14.7642,74829200
2009-03-02,14.3400,14.4373,13.8114,13.8671,97424500
2009-03-03,14.2217,14.3330,13.8323,14.0618,85418100
2009-03-04,14.7781,15.2649,14.6460,15.0493,102892700
2009-03-05,14.5277,14.7503,14.3469,14.4304,101629700
2009-03-06,14.7294,14.9241,14.2913,14.6738,76598000
2009-03-09,14.4791,14.8268,14.3469,14.3886,67052500
2009-03-10,15.0076,15.5709,14.9589,15.5570,92651000
2009-03-11,15.6752,15.7865,15.3205,15.5570,73894400
2009-03-12,15.4944,16.1898,15.4318,16.1551,77706800
2009-03-13,16.2802,16.3359,15.9047,16.2455,67993700
2009-03-16,16.5028,16.6905,16.2385,16.2594,58545900
2009-03-17,16.2176,16.6140,16.0994,16.6140,61603300
2009-03-18,16.4402,17.0452,16.1898,16.9618,80664200
2009-03-19,17.1565,17.2052,16.7740,16.8505,95853100
2009-03-20,16.8018,16.9409,16.5654,16.6210,68480300
2009-03-23,17.3582,18.1857,17.3234,18.1579,135850200
2009-03-24,17.6850,17.9423,17.5390,17.5946,101954700
2009-03-25,17.7546,18.1718,17.5042,17.8589,111157000
2009-03-26,18.2622,18.4152,18.0675,18.3457,76714100
2009-03-27,17.9493,17.9702,17.6850,17.8033,98452500
2009-03-30,17.0591,17.0661,16.7392,16.8853,78970500
2009-03-31,17.3651,17.5251,17.1565,17.2539,83243900
2009-04-01,17.2469,17.8797,17.1913,17.8241,62557700
2009-04-02,18.4917,19.0620,18.4709,18.7908,106959400
2009-04-03,18.6656,19.0689,18.5960,19.0203,75869500
2009-04-06,18.8186,18.8534,18.4709,18.7838,71265800
2009-04-07,18.4570,18.5821,18.3179,18.3526,45654200
2009-04-08,18.4987,18.7769,18.3666,18.6239,48555500
2009-04-09,19.2498,19.4514,19.2150,19.4375,90146100
2009-04-13,19.3889,19.6531,19.2219,19.5558,52643700
2009-04-14,19.4375,19.6253,19.2011,19.2428,59824500
2009-04-15,19.2984,19.5279,19.1802,19.5210,54941500
2009-04-16,19.6253,19.8200,19.3819,19.6879,81078700
2009-04-17,19.6531,19.7088,19.4514,19.5488,53672500
2009-04-20,19.0481,19.0550,18.5752,18.5960,81304500
2009-04-21,18.5474,19.0411,18.4222,18.9925,78959000
2009-04-22,18.7073,19.1941,18.6725,18.8325,49027000
2009-04-23,19.0968,19.1663,18.8464,19.1246,60314600
2009-04-24,19.4236,19.5905,19.3054,19.4862,55511400
2009-04-27,18.9159,19.1246,18.7143,18.8325,63328900
2009-04-28,18.4431,18.9438,18.4291,18.7699,47904400
2009-04-29,19.2915,19.9313,19.2289,19.7574,74377700
2009-04-30,20.1330,20.1886,19.7713,19.9382,98171200
2009-05-01,19.9661,20.3833,19.8757,20.2303,57110400
2009-05-04,20.8284,22.2888,20.7589,21.6282,98247800
2009-05-05,21.4613,21.4821,21.1900,21.4334,68791600
2009-05-06,21.7464,21.9759,21.4821,21.8020,73761000
2009-05-07,22.1080,22.1219,21.0927,21.2596,75753800
2009-05-08,21.7534,22.0385,21.5099,21.9689,75762100
2009-05-11,21.5586,21.6699,21.3152,21.4543,58826800
2009-05-12,21.8020,21.8507,21.3291,21.6073,49679000
2009-05-13,21.1135,21.1692,20.7450,20.8145,67084800
2009-05-14,20.7311,21.2457,20.7102,21.1135,44896300
2009-05-15,21.1275,21.3013,20.7589,20.9188,53304900
2009-05-18,21.6212,22.1567,21.5586,22.0802,74264200
2009-05-19,22.1637,22.5670,22.0732,22.3306,73775000
2009-05-20,22.5948,22.8869,22.3167,22.4001,77054600
2009-05-21,21.9828,22.1080,21.7186,21.9828,63183300
2009-05-22,22.0385,22.3097,21.9620,22.0802,44241600
2009-05-26,21.7325,22.3932,21.5378,22.3445,67058200
2009-05-27,22.5948,22.6922,22.0733,22.0872,98036100
2009-05-28,22.4557,22.8313,22.2680,22.7687,69977300
2009-05-29,23.1373,23.2346,22.8661,23.1164,70410400
2009-06-01,23.8258,24.2639,23.7145,24.0900,75198300
2009-06-02,23.8049,23.9648,23.6171,23.7423,100627600
2009-06-03,23.3876,23.4711,22.5948,22.9008,108756900
2009-06-04,23.0747,23.4015,21.4056,23.3250,71566500
2009-06-05,23.7562,23.7632,23.0399,23.3737,71692700
2009-06-08,22.8661,23.2068,22.6713,23.0121,64025700
2009-06-09,23.1581,23.1929,22.7339,23.0538,62174500
2009-06-10,23.5824,23.6102,23.0191,23.3459,60045900
2009-06-11,23.4572,24.0622,23.4294,23.8466,68831300
2009-06-12,23.5198,23.5545,23.2277,23.4641,55824300
2009-06-15,23.0051,23.0190,22.3792,22.6226,75789300
2009-06-16,22.7409,22.8660,22.1984,22.2819,71535900
2009-06-17,22.1080,22.2610,21.7881,22.0315,94091200
2009-06-18,21.9411,22.1706,21.8020,21.9689,62572000
2009-06-19,22.2680,22.3027,22.0246,22.0802,60687200
2009-06-22,21.7742,21.8298,21.2665,21.2804,80985000
2009-06-23,21.4256,21.4887,21.1171,21.4186,87108200
2009-06-24,21.9865,22.2178,21.7341,21.8883,80955800
2009-06-25,21.7481,22.5403,21.7411,22.5403,83273600
2009-06-26,22.5473,22.7717,22.4772,22.6595,64981100
2009-06-29,22.8628,22.8979,22.5964,22.8278,52781900
2009-06-30,22.8067,22.9049,22.4352,22.5964,92032200
2009-07-01,23.0802,23.2765,22.9540,23.0101,83474500
2009-07-02,22.6174,22.6315,22.3440,22.3791,59912900
2009-07-06,22.0636,22.3650,21.8883,22.3300,52119200
2009-07-07,22.2949,22.3440,21.7902,21.8042,68778800
2009-07-08,21.8883,21.9514,21.2082,21.5518,92051000
2009-07-09,22.0075,22.1197,21.7761,21.9374,64758500
2009-07-10,21.6429,21.7761,21.4396,21.6780,74323300
2009-07-13,21.5448,21.9444,21.2433,21.8322,70112100
2009-07-14,22.0986,22.1828,21.8532,22.0706,41729700
2009-07-15,22.7296,23.2835,22.6946,23.2554,91648100
2009-07-16,23.1222,23.4588,22.9399,23.2975,63985200
2009-07-17,23.3676,23.5920,23.2344,23.5359,56901900
2009-07-20,24.1108,24.3772,24.0407,24.3772,68482100
2009-07-21,24.5034,24.5174,23.9285,24.3071,68861800
2009-07-22,23.9635,24.4613,23.9495,24.2510,69406200
2009-07-23,24.4263,25.0853,24.3772,24.9381,79876800
2009-07-24,24.6787,24.8399,24.4894,24.8189,49263200
2009-07-27,24.9241,25.0643,24.6717,25.0362,42808800
2009-07-28,24.8189,24.9942,24.5665,24.9241,53859400
2009-07-29,24.6156,24.6296,24.2089,24.3632,53099700
2009-07-30,25.0502,25.2536,24.9381,24.9661,90259400
2009-07-31,25.1274,25.2746,24.9030,25.0853,119531600
2009-08-03,25.7584,26.0739,25.6392,26.0248,78103100
2009-08-04,25.6252,25.9336,25.5761,25.7864,53355600
2009-08-05,25.5761,25.6742,25.1835,25.5691,47802100
2009-08-06,25.7023,25.7373,25.0923,25.3587,53346600
2009-08-07,25.5971,25.7654,25.3728,25.6111,57768600
2009-08-10,25.3938,25.4709,25.1063,25.3237,61356900
2009-08-11,25.1134,25.1274,24.6927,24.8469,70127000
2009-08-12,24.7558,25.2396,24.7418,25.0713,64542700
2009-08-13,25.4919,25.5130,25.1063,25.5060,67566500
2009-08-14,25.4709,25.4990,24.9241,25.0432,52588400
2009-08-17,24.1669,24.2160,23.9285,24.0617,105003100
2009-08-18,24.3772,24.6015,24.3071,24.5875,67450600
2009-08-19,24.1038,24.7137,24.0337,24.6506,67893600
2009-08-20,24.7207,25.1274,24.6647,25.0783,71352300
2009-08-21,25.3167,25.5410,25.2185,25.4569,81207200
2009-08-24,25.7373,25.8775,25.4709,25.5691,58467000
2009-08-25,25.7513,25.9406,25.4990,25.5130,61418900
2009-08-26,25.3868,25.5060,25.2325,25.4359,57206000
2009-08-27,25.2746,25.4359,24.9100,25.3868,59720400
2009-08-28,25.5340,25.5761,25.1134,25.2536,51683600
2009-08-31,24.8259,24.8469,24.6717,24.7558,72348200
2009-09-01,24.8189,25.1484,24.2650,24.2861,95728700
2009-09-02,24.3211,24.6506,24.2861,24.5455,68401900
2009-09-03,24.9030,25.0573,24.6717,25.0362,53720900
2009-09-04,25.2185,25.5480,25.0082,25.5200,58976200
2009-09-08,25.9617,26.0879,25.9196,26.0458,59862900
2009-09-09,26.1510,26.3543,26.0178,26.1860,67098400
2009-09-10,26.2001,26.5506,24.9100,26.5296,58466700
2009-09-11,26.6277,26.7609,26.3683,26.5436,45286800
2009-09-14,26.1580,26.5015,26.1229,26.4454,36747500
2009-09-15,26.4875,26.7820,26.3964,26.7609,61595600
2009-09-16,27.1536,29.4461,27.0133,27.4340,80170500
2009-09-17,27.3639,27.5882,27.1606,27.2868,76626800
2009-09-18,27.4200,27.4480,27.2307,27.3639,66818800
2009-09-21,26.9993,27.1816,26.7469,27.1255,78144500
2009-09-22,27.4901,27.5952,27.3078,27.5391,46286700
2009-09-23,27.4901,27.7004,27.1255,27.1255,72549000
2009-09-24,27.2237,27.2727,26.4314,26.5927,93478600
2009-09-25,26.5927,26.8381,26.5366,26.7048,61306900
2009-09-28,26.7750,27.2237,26.7259,27.0484,52268400
2009-09-29,27.1886,27.2727,26.9292,27.1115,42189900
2009-09-30,27.3218,27.5672,26.9222,27.2797,147148900
2009-10-01,27.2096,27.2517,26.4945,26.5366,107061100
2009-10-02,26.2071,26.6277,26.1510,26.5436,73683200
2009-10-05,26.7890,27.2377,26.6488,27.1606,73828900
2009-10-06,27.4410,27.8897,27.3849,27.6093,80646200
2009-10-07,27.5251,27.6303,27.3288,27.5812,51404500
2009-10-08,27.8196,28.0159,27.6303,27.9177,62070300
2009-10-09,27.9037,28.0159,27.8196,27.9388,54136800
2009-10-12,28.1281,28.3104,28.0369,28.1701,38014600
2009-10-13,28.1141,28.2753,27.8687,28.2192,58368400
2009-10-14,28.8011,29.1306,28.7100,29.1306,96043000
2009-10-15,28.8222,29.0395,28.7591,28.9694,72494700
2009-10-16,28.5277,28.6890,28.2893,28.5698,72392900
2009-10-19,28.8081,29.1657,28.6819,29.1166,60428800
2009-10-20,28.9624,28.9694,28.4436,28.7310,84292300
2009-10-21,28.5978,29.1306,28.5628,28.5768,74510100
2009-10-22,28.5347,28.9133,28.2543,28.8151,71024900
2009-10-23,28.9974,29.0465,28.4295,28.5768,73930400
2009-10-26,28.8152,29.0465,28.1561,28.2192,79280900
2009-10-27,28.2262,28.2683,27.7284,27.7284,95899600
2009-10-28,27.4410,27.4410,26.3964,26.4595,169924100
2009-10-29,26.9222,27.7074,26.9222,27.6303,99431400
2009-10-30,27.3919,27.4130,26.1650,26.3403,222474200
2009-11-02,26.7329,27.1255,26.2772,26.7329,137964200
2009-11-03,26.2491,26.8661,26.2211,26.7750,71908600
2009-11-04,27.3709,27.6233,27.0834,27.2727,95721700
2009-11-05,27.4691,27.8406,27.3358,27.8336,75480000
2009-11-06,27.5602,27.9528,27.4901,27.7986,58868500
2009-11-09,28.3033,28.8572,28.2963,28.8222,106762900
2009-11-10,28.5137,28.8362,28.4716,28.6890,62713800
2009-11-11,29.0886,29.1867,28.7310,28.9343,69184200
2009-11-12,28.7240,28.8712,28.2403,28.2893,75713600
2009-11-13,28.4716,28.8642,28.3454,28.7731,70021000
2009-11-16,29.1867,29.6144,29.1727,29.4952,101093400
2009-11-17,29.2008,29.3901,29.0045,29.3901,49649500
2009-11-18,29.3760,29.4251,29.0676,29.1587,46360800
2009-11-19,28.8432,28.8432,28.3594,28.6188,119413400
2009-11-20,28.4646,28.6188,28.3174,28.4997,66353700
2009-11-23,29.1307,29.3480,28.9694,29.0956,62386100
2009-11-24,28.8853,28.9624,28.5978,28.9343,71683700
2009-11-25,29.0816,29.2989,28.9133,29.2709,56185100
2009-11-27,27.8827,28.4997,27.5462,28.1351,105903600
2009-11-30,28.3665,28.4786,28.0930,28.4085,102168700
2009-12-01,28.9834,29.3270,28.9554,29.2218,88987900
2009-12-02,29.2498,29.5583,29.2218,29.3410,64268600
2009-12-03,29.5092,29.6635,29.0185,29.0675,65363400
2009-12-04,29.6354,29.8107,28.9554,29.3340,108670600
2009-12-07,29.1447,29.3830,29.0605,29.0816,78376400
2009-12-08,28.7941,28.8081,28.4646,28.5417,76088400
2009-12-09,28.5838,28.7450,28.4015,28.7170,62353800
2009-12-10,28.8642,28.9904,28.6890,28.8853,43126100
2009-12-11,29.0255,29.0535,28.8081,28.9904,41518600
2009-12-14,29.1306,29.2358,29.0115,29.1867,54210800
2009-12-15,28.8712,29.1447,28.8502,28.8853,47034600
2009-12-16,29.1026,29.3340,28.9554,29.0535,45982000
2009-12-17,28.5347,28.5838,28.2122,28.2192,77310300
2009-12-18,28.3174,28.3945,28.0439,28.2963,61829500
2009-12-21,28.3805,28.5557,28.2332,28.2613,54922800
2009-12-22,28.3765,28.5461,28.3341,28.5461,61633400
2009-12-23,28.7440,28.9490,28.5532,28.8288,48971700
2009-12-24,29.0691,29.1398,28.9772,29.1186,19694800
2009-12-28,29.3094,29.3377,29.0833,29.2175,27343900
2009-12-29,29.2826,29.2967,29.0705,29.1129,31570300
2009-12-30,29.1483,29.2472,29.0776,29.2402,30589200
2009-12-31,29.4310,29.5230,29.2614,29.3391,36499500
2010-01-04,29.8199,30.2158,29.8057,30.1946,70761600
2010-01-05,30.3360,30.5198,30.2299,30.4137,50196300
2010-01-06,30.4561,30.6046,30.4066,30.4773,50670000
2010-01-07,30.2935,30.3854,30.1309,30.3006,41803700
2010-01-08,30.3148,30.5551,30.2158,30.5410,41118100
2010-01-11,30.7177,30.7319,30.3289,30.4773,42546400
2010-01-12,30.1239,30.1875,29.8340,29.9895,65902300
2010-01-13,30.1097,30.1875,29.7987,30.0814,48040100
2010-01-14,30.0602,30.1309,29.9542,30.0037,52893800
2010-01-15,29.9188,29.9613,29.5724,29.6573,76681800
2010-01-19,29.7492,30.2582,29.7421,30.2582,57597300
2010-01-20,29.7704,29.7704,29.2897,29.5300,78934700
2010-01-21,29.3745,29.4664,28.6180,28.6392,116104300
2010-01-22,28.4342,28.5261,27.9464,28.0030,108173800
2010-01-25,28.3706,28.5049,28.0454,28.2080,86170400
2010-01-26,27.6636,27.9959,25.3165,27.6212,89832400
2010-01-27,27.4233,27.6566,27.1334,27.5505,91623300
2010-01-28,27.7979,27.9111,27.1192,27.3596,98086600
2010-01-29,27.6778,27.7555,26.9213,27.0627,151695100
2010-02-01,27.3172,27.8192,27.2960,27.7909,81928100
2010-02-02,27.8474,28.0737,27.5859,28.0171,86791200
2010-02-03,28.0242,28.1514,27.7626,27.8545,64323800
2010-02-04,27.3950,27.4303,26.5820,26.5961,131791500
2010-02-05,26.3628,26.4406,25.5781,26.2992,165899900
2010-02-08,26.2850,26.4971,26.0305,26.0376,78752400
2010-02-09,26.6739,27.1263,26.4618,26.8860,133342000
2010-02-10,26.8930,27.0698,26.5183,26.8153,84646000
2010-02-11,26.9991,27.5505,26.7728,27.5222,90206600
2010-02-12,26.9637,27.2748,26.7729,27.1758,63053000
2010-02-16,27.5859,27.8969,27.3950,27.8757,73196700
2010-02-17,28.0878,28.1090,27.8050,27.9747,63631100
2010-02-18,27.7555,28.1797,27.7131,28.0807,61597600
2010-02-19,27.7626,28.0171,27.6848,27.8404,77264800
2010-02-22,28.0100,28.0242,27.7838,27.8757,56446600
2010-02-23,27.7202,27.8757,27.2112,27.2324,103220800
2010-02-24,27.4162,27.6212,27.2536,27.4940,73043700
2010-02-25,26.8435,27.3172,26.6951,27.2677,73641500
2010-02-26,27.2960,27.6000,27.1263,27.5434,65727300
2010-03-01,27.8757,28.0878,27.8050,28.0100,73146100
2010-03-02,28.2928,28.4908,28.1726,28.3282,66353000
2010-03-03,28.4766,28.7170,28.2575,28.3635,68779900
2010-03-04,28.3847,28.4201,28.0383,28.2151,61065500
2010-03-05,28.6039,28.9503,28.4978,28.9503,78177700
2010-03-08,29.0139,29.1200,28.9291,28.9715,56724000
2010-03-09,28.8443,29.2684,28.8372,29.1341,66759800
2010-03-10,29.1977,29.4593,29.1341,29.3391,73994500
2010-03-11,29.1695,29.3745,29.0139,29.3462,42415700
2010-03-12,29.4805,29.4876,29.1624,29.2472,48949200
2010-03-15,29.0776,29.1553,28.8513,29.0351,43560300
2010-03-16,29.1341,29.4240,29.0210,29.4098,58417000
2010-03-17,29.6997,29.8694,29.6007,29.7280,72017100
2010-03-18,29.6714,29.7138,29.3603,29.5017,73867900
2010-03-19,29.1200,29.6007,29.0776,29.1200,65993900
2010-03-22,28.8230,29.2543,28.7523,29.2260,57583400
2010-03-23,29.2614,29.4523,29.1270,29.4310,50528500
2010-03-24,29.1200,29.2402,28.9927,28.9927,65081100
2010-03-25,29.2331,29.3391,28.8584,28.9149,72397600
2010-03-26,29.1553,29.2614,28.8089,29.0563,69798700
2010-03-29,29.3603,29.5936,29.2967,29.5795,57961300
2010-03-30,29.6502,29.7774,29.4947,29.6926,50327500
2010-03-31,29.5936,29.8552,29.5795,29.7775,52858500
2010-04-01,30.2158,30.5551,30.2158,30.5551,96281100
2010-04-05,30.7106,30.9298,30.6399,30.8308,63633700
2010-04-06,30.7106,30.9934,30.6894,30.9227,42926300
2010-04-07,30.7955,30.8732,30.4915,30.6541,55642000
2010-04-08,30.4491,30.7955,30.3006,30.7601,52083200
2010-04-09,30.8238,32.9871,30.7743,30.9510,46651000
2010-04-12,30.7177,30.8732,30.7036,30.7036,43558300
2010-04-13,30.6187,30.6753,30.3360,30.6400,47072900
2010-04-14,30.9581,31.1207,30.8167,31.0924,42957800
2010-04-15,30.8945,31.0924,30.8591,30.9227,43463300
2010-04-16,30.5763,30.6258,29.8835,30.0178,142486200
2010-04-19,29.6643,29.9613,29.4452,29.8976,89434600
2010-04-20,30.1663,30.3006,30.0108,30.2511,63883700
2010-04-21,30.1946,30.2370,29.8764,30.1521,64141600
2010-04-22,29.8835,30.3077,29.6855,30.2794,72788900
2010-04-23,30.1804,30.4774,30.0390,30.4420,64724100
2010-04-26,30.6329,30.6824,30.3925,30.4420,46317300
2010-04-27,30.1027,30.1733,29.2896,29.3533,132888400
2010-04-28,29.6997,29.7350,29.1907,29.6007,68981700
2010-04-29,29.8764,30.1239,29.8057,30.0885,69912900
2010-04-30,30.0744,30.1804,29.6997,29.7280,77528000
2010-05-03,29.8269,29.9895,29.6219,29.8906,47649800
2010-05-04,29.2543,29.2755,28.4413,28.5191,159998800
2010-05-05,27.9818,28.4625,27.7343,28.0030,131994700
2010-05-06,27.7909,28.1090,25.8609,26.8577,225063100
2010-05-07,27.1193,27.4586,26.3345,26.9991,191265100
2010-05-10,28.7241,29.0069,28.5544,28.9432,187916400
2010-05-11,28.2787,28.8443,28.2080,28.4201,119869600
2010-05-12,28.6604,28.8230,28.5615,28.7736,73936600
2010-05-13,28.7736,28.9362,28.4837,28.5049,71622500
2010-05-14,28.2999,28.3211,27.6424,27.9181,113085000
2010-05-17,27.8545,28.0454,27.1475,27.7485,101708500
2010-05-18,28.0242,28.1302,27.0768,27.1687,113529000
2010-05-19,26.7941,27.0768,26.4123,26.9072,129633400
2010-05-20,25.8821,26.2002,25.4508,25.5710,174383500
2010-05-21,25.2458,26.4264,25.2175,26.3981,169452900
2010-05-24,26.4194,26.6032,26.0871,26.1224,90936400
2010-05-25,25.0761,25.8821,24.8923,25.8396,144257100
2010-05-26,26.1083,26.5254,25.7619,25.8255,128281900
2010-05-27,26.8365,27.4374,26.6385,27.3879,147181800
2010-05-28,27.2324,27.2819,26.8082,26.9354,113223700
2010-06-01,26.6597,27.1687,26.4264,26.4406,91068700
2010-06-02,26.7446,27.3879,26.6032,27.3667,103740800
2010-06-03,27.5434,27.5788,26.9213,27.2677,70470800
2010-06-04,26.6809,26.9496,26.2214,26.2992,108937200
2010-06-07,26.3982,26.5113,25.8679,25.8891,82131900
2010-06-08,26.1790,26.5183,25.8609,26.4830,108438000
2010-06-09,26.5961,26.9496,26.2002,26.3416,87947600
2010-06-10,26.8930,27.2960,26.8506,27.2607,92855100
2010-06-11,26.8647,27.4233,26.8577,27.4020,66496500
2010-06-14,27.7414,27.9252,27.3384,27.4091,83991300
2010-06-15,27.7131,28.2716,27.6071,28.2363,96494500
2010-06-16,27.9323,28.3635,27.8899,28.2363,63906600
2010-06-17,28.3140,28.3211,27.8616,28.0949,68660100
2010-06-18,28.2151,28.3706,28.0595,28.2221,64639800
2010-06-21,28.9574,29.0776,28.4908,28.7099,96721100
2010-06-22,28.6534,28.7948,28.0878,28.1585,100336600
2010-06-23,28.3592,28.3805,27.9322,28.2311,93969400
2010-06-24,28.1030,28.1030,27.6262,27.7329,82636000
2010-06-25,27.8112,28.1315,27.5906,28.0603,60657800
2010-06-28,28.0389,28.1101,27.7756,27.8681,36242500
2010-06-29,27.1138,27.1423,26.6157,26.7366,120391400
2010-06-30,26.8718,27.1138,26.4875,26.5587,84176700
2010-07-01,26.6868,26.7864,26.1602,26.7509,113344200
2010-07-02,26.8291,27.0142,26.6370,26.8647,63854500
2010-07-06,27.5550,27.7827,27.0853,27.3629,76509800
2010-07-07,27.3273,27.9749,27.2988,27.9678,68037800
2010-07-08,28.0176,28.1315,27.7400,28.1030,60958700
2010-07-09,28.1243,28.4730,28.0816,28.4446,43777100
2010-07-12,28.3307,28.4944,28.0888,28.2169,53211600
2010-07-13,28.4588,28.6367,28.3876,28.5442,52194800
2010-07-14,28.3592,28.5656,28.2596,28.4873,46615600
2010-07-15,28.3592,28.4161,28.0034,28.3521,66745400
2010-07-16,28.1172,28.1172,27.4554,27.5052,99497500
2010-07-19,27.7685,27.9322,27.5764,27.8681,46717800
2010-07-20,27.6831,28.5656,27.6689,28.5229,92255200
2010-07-21,28.6438,28.6652,28.0959,28.2311,66007400
2010-07-22,28.7221,29.1349,28.6937,29.0851,74052900
2010-07-23,29.0068,29.3128,28.8146,29.2843,65675400
2010-07-26,29.2274,29.5121,29.1135,29.4836,64865500
2010-07-27,29.6473,29.6828,29.2843,29.4338,63763700
2010-07-28,29.2559,29.4480,29.1633,29.2701,43131400
2010-07-29,29.5761,29.6402,29.0993,29.3199,49588200
2010-07-30,29.0993,29.5548,29.0068,29.4622,54277200
2010-08-02,30.0173,30.3091,29.9390,30.2237,69623700
2010-08-03,29.9889,30.1952,29.8394,30.0814,60207900
2010-08-04,30.0885,30.1952,29.8892,30.1241,55875600
2010-08-05,29.9035,30.0316,29.7967,29.9889,43650600
2010-08-06,29.7896,30.0244,29.6046,29.9461,65731600
2010-08-09,30.1454,30.1668,30.0031,30.1027,27051000
2010-08-10,29.5761,29.8821,29.4765,29.6900,68735400
2010-08-11,29.0708,29.0708,28.6937,28.7435,92778600
2010-08-12,28.4730,28.8787,28.4446,28.7933,43919400
2010-08-13,28.9143,29.0495,28.8289,28.9499,28672700
2010-08-16,28.9356,29.2487,28.8645,29.2203,34651900
2010-08-17,29.5121,29.6900,29.3982,29.5263,39414300
2010-08-18,29.4622,29.6544,29.3199,29.5049,38009500
2010-08-19,29.5121,29.5975,29.0922,29.2772,56729300
2010-08-20,29.1705,29.2132,28.9570,29.1918,54134900
2010-08-23,29.2630,29.3626,28.9143,28.9285,44767900
2010-08-24,28.5869,28.7008,28.3307,28.5584,80709600
2010-08-25,28.2667,28.4873,27.9749,28.3734,89890000
2010-08-26,28.5229,28.6439,28.1528,28.1955,59948200
2010-08-27,28.4659,28.8218,28.1599,28.8146,77005500
2010-08-30,28.6367,28.7648,28.3307,28.3378,48054700
2010-08-31,28.3592,28.6225,28.2738,28.5086,72404500
2010-09-01,29.0281,29.5263,29.0068,29.5121,83435900
2010-09-02,29.4551,29.6188,29.3555,29.5619,47351900
2010-09-03,29.9177,30.0102,29.7540,29.9106,48712700
2010-09-07,29.7255,29.7469,29.4622,29.4765,45210000
2010-09-08,29.6971,29.9177,29.6473,29.7967,40612600
2010-09-09,30.1098,30.1312,29.8181,29.9675,34925400
2010-09-10,29.9746,30.1312,29.9390,30.0742,33236500
2010-09-13,30.6507,30.8286,30.6222,30.7930,63308900
2010-09-14,30.7076,30.9780,30.5866,30.7788,65151200
2010-09-15,30.6649,30.8428,30.5795,30.8215,41107300
2010-09-16,30.5795,30.7219,30.5511,30.6649,36078100
2010-09-17,30.8073,30.8215,30.5724,30.6151,40115200
2010-09-20,30.8357,31.1346,30.7361,31.0990,53864500
2010-09-21,31.1133,31.1844,30.8215,31.0065,54263300
2010-09-22,31.0634,31.2485,30.9354,31.0279,45586800
2010-09-23,30.8357,31.1488,30.7503,30.8286,62060200
2010-09-24,31.2058,31.4193,31.2058,31.3979,57929100
2010-09-27,31.3766,31.4691,31.2912,31.3410,40319500
2010-09-28,31.3837,31.6256,31.1275,31.5687,50012300
2010-09-29,31.5901,31.8178,31.5402,31.6755,58310500
2010-09-30,31.9032,32.0171,31.6328,31.8605,60498400
2010-10-01,32.2021,32.3800,32.0953,32.3302,69689800
2010-10-04,32.3088,32.3871,32.0811,32.2306,49852800
2010-10-05,32.4725,32.8781,32.4298,32.8141,76615300
2010-10-06,32.8070,32.8995,32.7358,32.7999,50339900
2010-10-07,32.8710,32.8782,32.3444,32.5081,49224000
2010-10-08,32.4867,32.9493,32.4156,32.8995,54002700
2010-10-11,32.8426,32.9422,32.7572,32.8781,32413800
2010-10-12,32.5864,32.8141,32.4014,32.7429,63619500
2010-10-13,33.1201,33.4546,33.1130,33.3478,69189600
2010-10-14,33.3194,33.4404,33.1201,33.2909,50754200
2010-10-15,33.4617,33.4688,33.0063,33.2482,83974500
2010-10-18,32.9920,33.3052,32.9422,33.2625,51898000
2010-10-19,32.5081,32.6149,32.0811,32.2092,90101300
2010-10-20,32.4796,32.9351,32.4512,32.7216,62292200
2010-10-21,32.9066,33.0916,32.3729,32.7216,85422400
2010-10-22,32.8568,32.8853,32.6504,32.7572,42843800
2010-10-25,33.1557,33.3692,33.0917,33.1130,53950800
2010-10-26,32.8995,33.1343,32.7999,33.0845,36715600
2010-10-27,32.6148,32.6148,32.2163,32.5223,70436800
2010-10-28,32.8212,32.8497,32.5579,32.7287,45927000
2010-10-29,32.6718,32.8283,32.6148,32.8212,38056300
2010-11-01,33.1557,33.3549,33.0062,33.1842,47366500
2010-11-02,33.4831,33.6254,33.4119,33.5969,48355900
2010-11-03,33.6752,33.8246,33.2624,33.8033,94125200
2010-11-04,34.3157,34.5719,34.2801,34.5719,83567900
2010-11-05,34.3939,34.5861,34.3655,34.5078,53781000
2010-11-08,34.2374,34.3940,34.1520,34.3655,37106100
2010-11-09,34.5363,34.6003,33.8175,33.9314,55351100
2010-11-10,34.1164,34.2374,33.7108,34.1805,66304400
2010-11-11,33.8460,33.8745,33.6610,33.8460,48410200
2010-11-12,33.3692,33.5400,32.8924,33.0276,88808000
2010-11-15,33.1913,33.3621,32.9920,33.0134,48585300
2010-11-16,32.6718,32.7073,32.0384,32.1451,136332900
2010-11-17,32.2519,32.4796,32.1879,32.3088,80352800
2010-11-18,32.9280,33.1415,32.9066,33.0774,77989900
2010-11-19,32.9208,33.1272,32.7216,33.0988,48175100
2010-11-22,32.9280,33.1486,32.6148,32.9991,46793100
2010-11-23,32.1309,32.1950,31.8818,31.9530,86768900
2010-11-24,32.4725,32.7074,32.4298,32.6931,63287600
2010-11-26,32.0384,32.2021,31.8818,31.8818,60387100
2010-11-29,31.9957,32.1878,31.6755,32.1309,80428200
2010-11-30,31.7538,32.1309,31.6897,31.8676,78842700
2010-12-01,32.6647,32.8497,32.5579,32.7785,81889600
2010-12-02,32.8853,33.4332,32.8710,33.4261,72593100
2010-12-03,33.1415,33.5969,33.1415,33.5471,44688700
2010-12-06,33.3550,33.5400,33.3265,33.4902,44988700
2010-12-07,33.8673,33.8816,33.3265,33.3336,64406800
2010-12-08,33.2696,33.3550,32.9351,33.1201,48924100
2010-12-09,33.2482,33.2767,32.9137,33.0063,63131000
2010-12-10,33.0276,33.1557,32.9066,33.1557,44844200
2010-12-13,33.3550,33.5329,33.2624,33.3692,49177500
2010-12-14,33.3977,33.5471,33.3123,33.4190,53611300
2010-12-15,33.2269,33.2767,32.8426,32.8781,69038700
2010-12-16,32.9066,33.0134,32.7500,32.9707,55441400
2010-12-17,32.8853,33.0347,32.8283,33.0205,43610700
2010-12-20,32.9920,33.0276,32.7928,32.8710,48887300
2010-12-21,33.2289,33.4656,33.2217,33.3508,59666300
2010-12-22,33.3365,33.5015,33.3078,33.4656,24942400
2010-12-23,33.3509,33.4441,33.3078,33.4298,27545100
2010-12-27,33.3078,33.3867,33.2289,33.3222,29293100
2010-12-28,33.3867,33.4082,33.2791,33.3508,30330000
2010-12-29,33.5984,33.7994,33.5913,33.7778,30891500
2010-12-30,33.9644,34.0075,33.8496,33.9501,28376000
2010-12-31,34.0362,34.2156,33.9501,34.1869,34328200
2011-01-03,34.4667,34.6677,34.4667,34.5170,40116200
2011-01-04,34.6318,34.6748,34.2658,34.6748,45176300
2011-01-05,34.3735,34.6605,34.3591,34.5887,47527100
2011-01-06,34.4524,34.4739,34.1438,34.2228,43977400
2011-01-07,34.0936,34.1725,33.6774,33.9070,57124900
2011-01-10,33.5841,33.6200,33.3760,33.5554,62556500
2011-01-11,33.9214,34.0075,33.7778,33.9142,53337100
2011-01-12,34.3734,34.5959,34.3304,34.5959,67254100
2011-01-13,34.5170,34.5241,34.2084,34.2945,53294600
2011-01-14,34.1797,34.4022,34.1653,34.3950,38685900
2011-01-18,34.3376,34.4165,34.2658,34.3447,30565800
2011-01-19,34.4452,34.4524,33.9572,34.0792,64940400
2011-01-20,33.8209,33.8281,33.3903,33.7061,75797500
2011-01-21,33.7276,33.7778,33.3257,33.3544,87318900
2011-01-24,33.3544,33.6199,33.3042,33.6128,61839300
2011-01-25,33.4405,33.5123,33.1750,33.4118,63557800
2011-01-26,33.7276,33.8352,33.5984,33.7061,66604500
2011-01-27,33.7850,33.8352,33.5482,33.5913,80518400
2011-01-28,33.4477,33.4549,32.4718,32.5292,185092200
2011-01-31,32.8091,32.9956,32.7014,32.8736,97695000
2011-02-01,33.1607,33.7133,33.1248,33.6702,105876000
2011-02-02,33.5554,33.8281,33.3831,33.4190,68880600
2011-02-03,33.4764,33.5554,33.1966,33.3760,56934900
2011-02-04,33.4262,33.4836,33.1033,33.3688,76698100
2011-02-07,33.2970,33.5554,33.2611,33.4118,60078400
2011-02-08,33.3114,33.4477,33.1535,33.4262,74244600
2011-02-09,32.9669,33.0387,32.5149,32.6584,105680200
2011-02-10,32.1847,32.5077,32.0771,32.3498,114356000
2011-02-11,32.1417,32.7875,32.1345,32.7445,126541100
2011-02-14,32.7947,32.8091,32.5651,32.5794,79051200
2011-02-15,32.6010,32.7588,32.5149,32.6440,57068800
2011-02-16,32.7158,32.9669,32.6655,32.9167,64667700
2011-02-17,32.8162,33.0674,32.7804,33.0315,55294900
2011-02-18,33.1392,33.3186,33.0315,33.2325,50410700
2011-02-22,32.5292,32.7732,32.0699,32.1704,107176000
2011-02-23,32.2637,32.4216,31.8331,32.1991,91843500
2011-02-24,32.1847,32.3354,31.9766,32.2780,71568500
2011-02-25,32.5722,32.7229,32.4216,32.6655,62718900
2011-02-28,32.7947,32.9669,32.6655,32.8593,54078600
2011-03-01,33.0746,33.1105,32.4574,32.5220,69711700
2011-03-02,32.6081,33.0243,32.6081,32.9669,60123300
2011-03-03,33.3760,33.6774,33.3186,33.6200,61309300
2011-03-04,33.6630,33.8352,33.3473,33.6558,66742500
2011-03-07,33.6989,33.7348,33.0531,33.1822,47781500
2011-03-08,33.4764,33.8209,33.2253,33.6271,63985100
2011-03-09,33.6487,33.7850,33.4764,33.6917,47005200
2011-03-10,33.0459,33.0961,32.6584,32.6942,91093100
2011-03-11,32.4933,33.1392,32.4861,33.0315,75103800
2011-03-14,32.9023,33.2396,32.8019,33.2253,59912300
2011-03-15,31.9336,32.8449,31.9336,32.6727,103041800
2011-03-16,32.6655,33.1392,31.7542,32.0053,106325500
2011-03-17,32.4790,32.5651,32.2134,32.4000,68572300
2011-03-18,32.7517,32.7875,32.4431,32.4574,81209800
2011-03-21,33.0674,33.1894,33.0028,33.0818,49424900
2011-03-22,33.1679,33.2109,33.0315,33.1822,38871500
2011-03-23,33.2540,33.6917,33.1463,33.6200,53485200
2011-03-24,33.7850,34.0505,33.6343,34.0075,53767500
2011-03-25,34.0146,34.1869,33.8927,33.9716,44773600
2011-03-28,33.9357,34.0218,33.7778,33.7994,36577100
2011-03-29,33.9501,34.1941,33.8209,34.1869,56950300
2011-03-30,34.4954,34.7323,34.4524,34.6246,70036900
2011-03-31,34.8327,34.9834,34.7825,34.9260,73140800
2011-04-01,35.3350,35.5647,35.1628,35.4857,82168900
2011-04-04,35.6508,35.8015,35.5288,35.7871,45858900
2011-04-05,35.6293,35.9020,35.5503,35.7154,69539700
2011-04-06,36.0311,36.0957,35.8374,35.9091,69303000
2011-04-07,35.9307,36.0957,35.6651,35.8732,48786300
2011-04-08,36.0742,36.0814,35.7369,35.9091,54649200
2011-04-11,35.8158,35.8661,35.4140,35.4857,52980300
2011-04-12,35.2059,35.2633,34.7681,34.8184,72883500
2011-04-13,35.4212,35.4857,34.9260,35.1054,53492200
2011-04-14,35.0336,35.2776,34.8973,35.2131,57128000
2011-04-15,35.2059,35.2705,34.9906,35.2561,54453100
2011-04-18,34.5529,34.5816,34.1295,34.3735,93596400
2011-04-19,34.6605,34.8829,34.6246,34.8686,50803200
2011-04-20,35.6364,35.7082,35.4786,35.6939,49837100
2011-04-21,35.9091,36.0168,35.7297,36.0096,30217500
2011-04-25,35.9594,35.9881,35.6149,35.7154,33470800
2011-04-26,35.8230,36.0455,35.6364,36.0239,39700000
2011-04-27,35.9737,36.0024,35.4283,35.9594,60926500
2011-04-28,35.6364,35.7154,35.4427,35.6651,45836600
2011-04-29,35.6938,35.9809,35.6364,35.8804,38277100
2011-05-02,36.0527,36.1890,35.7656,35.8876,50952000
2011-05-03,35.3925,35.4140,34.8614,35.0911,83696700
2011-05-04,34.9475,34.9762,34.3519,34.5098,82919100
2011-05-05,34.2299,34.5098,33.9214,34.1797,79810600
2011-05-06,34.7107,35.0624,34.3591,34.6246,92669900
2011-05-09,34.6174,34.7753,34.3950,34.6892,48367900
2011-05-10,34.7825,35.0982,34.7538,35.0982,54996900
2011-05-11,34.8471,34.8614,34.1079,34.3232,82957400
2011-05-12,34.0434,34.4883,33.8353,34.4237,71004700
2011-05-13,34.2586,34.3304,33.4549,33.6702,83193600
2011-05-16,33.5554,34.0290,33.4980,33.6200,72402600
2011-05-17,33.4262,33.7491,33.2970,33.7276,60103700
2011-05-18,33.9500,34.3304,33.8137,34.2730,49432300
2011-05-19,34.1940,34.2371,33.8568,34.0505,37836800
2011-05-20,33.9716,34.0003,33.5984,33.7778,60130900
2011-05-23,32.9598,33.1535,32.8449,33.0746,59786200
2011-05-24,33.3760,33.5051,33.2683,33.4047,46599000
2011-05-25,33.2037,33.5913,33.1966,33.4764,43400000
2011-05-26,33.6056,33.9285,33.5482,33.9070,47128400
2011-05-27,34.1366,34.3519,34.1008,34.2658,38849400
2011-05-31,34.8542,34.8758,34.5529,34.8255,58762300
2011-06-01,34.7538,34.8471,34.1510,34.2012,55372400
2011-06-02,34.4380,34.5887,34.1653,34.5242,38988300
2011-06-03,34.1223,34.5313,34.1079,34.3519,42955600
2011-06-06,34.3160,34.3160,33.7563,33.7994,51477600
2011-06-07,34.2371,34.3448,34.0505,34.0649,58042500
2011-06-08,33.9429,34.0362,33.7204,33.8209,63855900
2011-06-09,33.8065,34.1869,33.7061,34.0864,40819000
2011-06-10,33.7061,33.7061,33.2827,33.3473,61946000
2011-06-13,33.5051,33.5912,33.1894,33.2899,37673300
2011-06-14,33.7420,33.9214,33.7061,33.7922,46392600
2011-06-15,33.3544,33.5267,32.9885,33.0674,66901900
2011-06-16,32.8593,33.1105,32.5579,32.8162,66078600
2011-06-17,33.0602,33.0746,32.7875,32.8593,61268200
2011-06-20,32.7014,32.8593,32.6297,32.8091,40025300
2011-06-21,33.1033,33.4549,33.0315,33.4118,48523000
2011-06-22,33.1662,33.3981,33.0429,33.0792,40580400
2011-06-23,32.6371,33.0502,32.4486,33.0357,63556800
2011-06-24,33.2531,33.2676,32.9125,32.9777,44225900
2011-06-27,32.9632,33.4343,32.9125,33.3619,53450600
2011-06-28,33.3908,33.8257,33.2966,33.8185,45598200
2011-06-29,33.9054,34.2026,33.7025,34.1301,55289100
2011-06-30,34.3113,34.5142,34.2098,34.4997,46188400
2011-07-01,34.4853,34.9999,33.8837,34.9056,44635400
2011-07-05,34.9926,35.0216,34.7752,34.8911,51374800
2011-07-06,34.7389,34.8042,34.5070,34.6592,56118500
2011-07-07,35.0579,35.2463,34.9926,35.1376,49542300
2011-07-08,34.7389,34.7969,34.3910,34.7389,50271000
2011-07-11,34.1374,34.1953,33.7170,33.7677,58197700
2011-07-12,33.5213,33.7750,33.3981,33.4271,46966300
2011-07-13,33.7315,34.2606,33.6518,33.9707,59429900
2011-07-14,34.1519,34.1881,33.5358,33.6083,53279700
2011-07-15,33.9344,33.9489,33.6010,33.8185,35171100
2011-07-18,33.5068,33.5793,33.1951,33.4271,46489100
2011-07-19,33.7025,33.9489,33.6010,33.9127,37413900
2011-07-20,34.0866,34.1374,33.9272,34.0142,29604100
2011-07-21,34.1881,34.6230,34.0866,34.5577,45701000
2011-07-22,34.5650,34.6302,34.3693,34.5360,31952700
2011-07-25,34.3113,34.6012,34.2388,34.4635,32505900
2011-07-26,34.6737,34.7752,34.4635,34.5795,29118300
2011-07-27,34.4563,34.4563,33.8837,33.9707,54477400
2011-07-28,34.1301,34.2606,33.8764,33.9997,44734300
2011-07-29,33.7387,34.2461,33.6445,34.1446,48432100
2011-08-01,34.5505,34.5650,33.7967,34.1156,48466100
2011-08-02,33.8330,33.8909,33.0429,33.0647,73705600
2011-08-03,33.0502,33.0719,32.3689,32.9487,73967200
2011-08-04,32.0645,32.1515,31.0135,31.0643,139352000
2011-08-05,31.2745,31.3542,29.9481,30.8613,154381700
2011-08-08,29.5205,29.8901,28.0564,28.2884,175336300
2011-08-09,28.9914,29.9626,28.1289,29.9481,191406700
2011-08-10,29.0349,29.3828,28.3536,28.3608,122586600
2011-08-11,29.0276,30.2960,28.8174,29.9264,121153900
2011-08-12,29.9481,30.1221,29.5930,29.9119,64752000
2011-08-15,30.3757,30.6801,30.3685,30.6077,65966400
2011-08-16,30.2815,30.5642,29.9626,30.3467,61578100
2011-08-17,30.5497,30.7889,30.2670,30.5642,45131600
2011-08-18,29.4480,29.4915,28.7305,29.1219,106805200
2011-08-19,28.7160,29.5277,28.7087,28.7595,72408800
2011-08-22,29.2378,29.3610,28.6362,28.7305,51908100
2011-08-23,29.1074,29.7669,28.8029,29.7379,73244900
2011-08-24,29.2741,29.6220,28.9769,29.4480,48121000
2011-08-25,29.4408,29.5567,28.7160,28.8754,57125600
2011-08-26,28.9044,29.3828,28.4333,29.3683,74396200
2011-08-29,29.9191,30.3250,29.8974,30.3178,46759900
2011-08-30,30.1438,30.5497,29.9843,30.3612,51881500
2011-08-31,30.9121,31.1150,30.7381,30.9845,74774800
2011-09-01,31.0715,31.3614,30.8033,30.8178,76392600
2011-09-02,30.3395,30.4917,29.9698,30.1221,69255200
2011-09-06,29.1291,29.8321,29.1146,29.8104,66073000
2011-09-07,30.3178,30.7164,30.1510,30.6946,49845600
2011-09-08,30.1656,30.5207,29.9336,30.0133,59110100
2011-09-09,29.5495,30.3177,28.8827,28.9986,76809100
2011-09-12,28.4623,28.9696,28.2521,28.9406,69385300
2011-09-13,28.7957,29.0204,28.5565,28.9841,68090600
2011-09-14,28.7812,29.1509,28.1869,28.9044,82237200
2011-09-15,29.2740,29.3320,28.8464,29.3248,62836900
2011-09-16,29.4625,29.5857,29.1001,29.3755,46199300
2011-09-19,28.3391,28.6507,28.2086,28.5058,67923900
2011-09-20,28.6145,28.8174,28.2811,28.2956,53481200
2011-09-21,28.1289,28.3028,27.2229,27.2447,105520500
2011-09-22,25.9545,26.1647,25.1573,25.3312,159906700
2011-09-23,25.6501,26.0415,25.4617,26.0053,102748900
2011-09-26,25.7806,26.4329,25.4327,26.3967,94311200
2011-09-27,27.2592,27.7158,27.0997,27.2374,112508800
2011-09-28,27.1069,27.2954,26.3894,26.4184,80061600
2011-09-29,27.1214,27.2084,26.3749,26.7808,74702700
2011-09-30,26.0995,26.3532,25.3892,25.4399,102866200
2011-10-03,25.4182,25.7951,24.8529,24.9036,107059200
2011-10-04,24.5919,25.3240,24.2223,25.2877,111600000
2011-10-05,25.1935,25.9111,24.9978,25.8748,81013800
2011-10-06,25.9328,26.7518,25.8168,26.7301,140578300
2011-10-07,26.8895,26.9910,26.2372,26.4112,76503200
2011-10-10,27.1504,27.6360,27.1287,27.5926,69649800
2011-10-11,27.2374,27.7448,27.1794,27.6071,72086900
2011-10-12,28.1869,28.7885,28.1724,28.3826,101798900
2011-10-13,28.1506,28.2739,27.7520,28.1289,57089300
2011-10-14,28.5565,28.7087,28.3826,28.6942,72966500
2011-10-17,28.3898,28.4550,27.6940,27.7230,63743000
2011-10-18,27.7738,28.6000,27.3461,28.4623,85366100
2011-10-19,28.2811,28.4188,27.8825,27.9187,52363200
2011-10-20,27.6940,27.7013,26.9113,27.3824,83654600
2011-10-21,27.8245,28.1941,27.8100,28.1651,69672700
2011-10-24,28.5130,29.3538,28.4840,29.2668,87934300
2011-10-25,28.9189,29.0059,28.5783,28.6870,76772100
2011-10-26,29.2741,29.3610,28.6435,29.2161,62940200
2011-10-27,30.5062,31.3252,30.2453,30.9918,156301800
2011-10-28,30.4555,30.9193,30.3975,30.7309,59840500
2011-10-31,30.1510,30.2090,29.5422,29.5785,69667800
2011-11-01,28.4768,29.2161,28.3681,28.8609,91614700
2011-11-02,29.6727,29.8177,29.2958,29.7452,64629600
2011-11-03,29.9264,30.1728,29.4770,30.0496,58912200
2011-11-04,29.7959,29.9046,29.3900,29.8539,50083800
2011-11-07,29.8104,30.1728,29.6944,30.1076,44450000
2011-11-08,30.1583,30.4989,29.7887,30.4627,70276800
2011-11-09,29.2813,29.3973,28.6145,28.6797,111322800
2011-11-10,29.1291,29.2088,28.6652,28.8682,48436000
2011-11-11,29.2596,29.6437,29.2596,29.5640,48885300
2011-11-14,29.3538,29.4263,28.9914,29.1581,47272600
2011-11-15,29.1219,29.4987,28.8899,29.3393,45852500
2011-11-16,28.8102,29.1146,28.5493,28.5493,64823000
2011-11-17,28.7015,28.7740,27.6723,27.8245,102951000
2011-11-18,28.2304,28.2376,27.7738,27.9332,51240500
2011-11-21,27.1867,27.2954,26.7301,27.0345,59896200
2011-11-22,27.1432,27.2954,26.8098,27.1287,46355600
2011-11-23,26.6648,26.6866,26.2517,26.2517,65700800
2011-11-25,26.2590,26.6213,26.1647,26.1647,30076300
2011-11-28,27.3389,27.4403,27.1504,27.4186,79397700
2011-11-29,27.3389,27.7013,27.2664,27.2954,52655900
2011-11-30,28.6290,29.0421,28.4768,28.9986,92375400
2011-12-01,29.0131,29.2451,28.8537,28.9117,46229200
2011-12-02,29.2741,29.3031,28.8102,28.8247,47176100
2011-12-05,29.3538,29.4190,29.0784,29.2958,59551400
2011-12-06,28.8899,29.1146,28.6942,28.8972,43432800
2011-12-07,28.8247,29.1074,28.6362,29.0131,73276600
2011-12-08,28.5783,28.6725,27.8897,27.9694,86315100
2011-12-09,28.0564,28.6145,28.0492,28.5348,51866700
2011-12-12,27.7158,27.7520,27.2954,27.4621,82239000
2011-12-13,27.7158,27.8680,27.1214,27.2084,59290300
2011-12-14,27.1069,27.2519,26.8025,26.8170,66643900
2011-12-15,27.3534,27.3606,26.9040,26.9910,82103600
2011-12-16,27.2664,27.4259,27.0852,27.1939,64381200
2011-12-19,26.9837,27.0200,26.4401,26.4909,56108700
2011-12-20,27.1912,27.6595,27.1692,27.6009,71387400
2011-12-21,27.5351,27.6960,27.2204,27.6887,47572400
2011-12-22,27.7253,28.0766,27.7180,28.0546,58644600
2011-12-23,28.0400,28.1717,27.9229,28.1644,21521600
2011-12-27,27.9375,28.0253,27.8351,27.8936,26198500
2011-12-28,27.7546,27.7912,27.3887,27.4253,39326100
2011-12-29,27.5643,27.7765,27.5351,27.7399,32240500
2011-12-30,27.7180,27.9082,27.7034,27.7619,33432400
2012-01-03,28.5229,28.7351,28.4571,28.6107,72557500
2012-01-04,28.3473,28.5156,28.2448,28.4497,46225600
2012-01-05,28.2741,28.4131,28.0473,28.3253,54383000
2012-01-06,28.2961,28.2961,27.9521,27.9668,50333100
2012-01-09,28.2302,28.3180,28.0765,28.2595,45814800
2012-01-10,28.9034,29.0351,28.8010,28.8741,59620000
2012-01-11,28.7058,28.9107,28.6253,28.8961,47747100
2012-01-12,29.0424,29.0863,28.8156,29.0132,43328400
2012-01-13,28.8010,28.8156,28.4936,28.7497,57195200
2012-01-17,29.3717,29.4522,29.1815,29.2985,70477600
2012-01-18,29.4522,30.0522,29.3790,30.0376,72674100
2012-01-19,30.1912,30.3522,30.1034,30.3010,68477400
2012-01-20,30.2278,30.3596,30.0888,30.2791,43400800
2012-01-23,30.4254,30.7181,30.3742,30.5717,62223900
2012-01-24,30.2937,30.6157,30.1693,30.6157,39864800
2012-01-25,30.3815,31.0401,30.2864,30.9596,64939200
2012-01-26,31.1791,31.2889,30.7181,30.8352,68097200
2012-01-27,30.8498,31.1059,30.8352,30.9962,51983800
2012-01-30,30.3742,30.6522,30.2571,30.5498,43104400
2012-01-31,30.9303,31.1352,30.6083,30.8132,69525300
2012-02-01,31.2815,31.6474,31.2230,31.4937,82799300
2012-02-02,31.6474,31.8669,31.5669,31.5815,71522900
2012-02-03,31.9986,32.1523,31.8157,32.1084,72000800
2012-02-06,31.6767,31.8377,31.6108,31.8377,40208500
2012-02-07,31.6913,31.9620,31.4937,31.9035,47240100
2012-02-08,32.1011,32.2694,31.9840,32.1303,53168200
2012-02-09,32.1742,32.1962,31.9108,32.1157,44004500
2012-02-10,31.4206,31.4645,31.2742,31.4059,62254000
2012-02-13,31.9255,31.9547,31.6767,31.9181,47447900
2012-02-14,31.6986,31.7937,31.4498,31.6547,42652500
2012-02-15,32.0352,32.0425,31.6693,31.7425,51791500
2012-02-16,31.6181,32.1084,31.5230,32.0864,52445100
2012-02-17,32.2035,32.2694,32.0352,32.1450,50694200
2012-02-21,32.2328,32.2547,31.9621,32.0133,46318500
2012-02-22,32.0572,32.1230,31.9474,32.0718,40179600
2012-02-23,32.0060,32.0864,31.8230,32.0133,36443800
2012-02-24,32.1669,32.3864,32.1450,32.3352,37876800
2012-02-27,31.8816,32.1303,31.7425,32.0133,42999300
2012-02-28,32.2181,32.4669,32.1377,32.4596,40977700
2012-02-29,32.6645,32.8621,32.3499,32.4377,72109200
2012-03-01,32.5474,32.8328,32.5035,32.7450,51045600
2012-03-02,32.6352,32.7450,32.5035,32.6645,32352400
2012-03-05,32.3645,32.3718,31.9620,32.1011,50657400
2012-03-06,31.2815,31.3181,30.8937,31.0254,103961400
2012-03-07,31.2815,31.4279,31.1352,31.3986,45233800
2012-03-08,31.8816,32.1157,31.7572,32.0572,40673600
2012-03-09,32.0572,32.2255,31.9694,32.0425,36487700
2012-03-12,31.8230,31.8669,31.5742,31.6913,31488700
2012-03-13,32.0059,32.5840,31.9181,32.5547,61336000
2012-03-14,32.3864,32.4669,31.9620,32.0425,59777900
2012-03-15,32.2182,32.3279,32.0206,32.2986,35060300
2012-03-16,32.2474,32.3791,32.1450,32.2621,36520100
2012-03-19,31.9840,32.2694,31.9401,32.1376,30002500
2012-03-20,31.5815,31.6620,31.3913,31.5815,53828200
2012-03-21,31.5962,31.7132,31.4206,31.6401,49696000
2012-03-22,31.3254,31.3474,31.0108,31.1571,73056000
2012-03-23,31.1937,31.4279,31.0401,31.3913,31693200
2012-03-26,31.5962,31.9547,31.5376,31.9401,67482700
2012-03-27,31.9401,31.9767,31.7425,31.7718,35627500
2012-03-28,31.6181,31.6840,31.1059,31.2376,55592200
2012-03-29,30.8937,31.2303,30.6669,31.2010,53897700
2012-03-30,31.5011,31.5084,31.1937,31.4279,48514500
2012-04-02,31.3913,31.9986,31.3108,31.8596,62056300
2012-04-03,31.9108,32.0133,31.4645,31.6767,58379300
2012-04-04,31.1425,31.1937,30.9083,31.1059,49766700
2012-04-05,31.1132,32.0864,31.0986,31.2742,45579600
2012-04-09,30.7986,30.9596,30.7108,30.8132,42343200
2012-04-10,30.7108,30.7986,30.1254,30.2132,81350300
2012-04-11,30.6449,30.7327,30.4693,30.5425,45581000
2012-04-12,30.6961,31.3328,30.6888,31.3254,64008500
2012-04-13,31.1571,31.2449,30.7620,30.8498,64221100
2012-04-16,31.0693,31.1059,30.5571,30.6961,62839600
2012-04-17,30.8571,31.1206,30.7181,31.0474,51806300
2012-04-18,30.7766,30.9888,30.7254,30.9010,40456400
2012-04-19,30.8425,31.0840,30.6010,30.7620,42080500
2012-04-20,30.9596,31.1352,30.9230,30.9742,43456900
2012-04-23,30.4181,30.4474,30.0522,30.3815,63093800
2012-04-24,30.4620,30.6449,30.3888,30.4474,50567200
2012-04-25,30.6961,30.7400,30.5352,30.7254,45739900
2012-04-26,30.6157,30.9596,30.5791,30.9157,35715200
2012-04-27,30.9376,31.0254,30.7693,30.9596,40038100
2012-04-30,30.9596,30.9669,30.7840,30.8937,39795800
2012-05-01,30.9157,31.3767,30.8352,31.0986,37657900
2012-05-02,31.0035,31.0913,30.8425,31.0401,35379800
2012-05-03,31.0547,31.0766,30.6669,30.8059,45671000
2012-05-04,30.6376,30.6888,30.2132,30.2644,58478500
2012-05-07,30.2132,30.4181,30.1766,30.3742,44100000
2012-05-08,30.0961,30.1034,29.5766,29.8912,66820200
2012-05-09,29.3498,29.7083,29.1741,29.5034,86829800
2012-05-10,29.8108,29.8108,29.5766,29.6278,48337700
2012-05-11,29.2766,29.6498,29.2180,29.2473,56290000
2012-05-14,28.7351,28.7863,28.5741,28.5814,63048400
2012-05-15,28.6034,28.7058,28.2229,28.3326,61529000
2012-05-16,28.1790,28.3546,27.8936,27.9302,82693600
2012-05-17,27.9156,27.9741,27.5204,27.5497,74320200
2012-05-18,27.6302,27.7034,27.1985,27.2863,75155600
2012-05-21,27.4399,27.9814,27.4107,27.9375,62509500
2012-05-22,27.9082,28.1058,27.4692,27.6448,52847900
2012-05-23,27.3521,27.4765,26.8472,27.4546,72030300
2012-05-24,27.5351,27.5424,27.0521,27.3155,57707700
2012-05-25,27.2058,27.3448,27.1107,27.1838,47685000
2012-05-29,27.9156,28.0692,27.7107,27.9522,71172100
2012-05-30,27.4180,27.5497,27.2936,27.4692,80092500
2012-05-31,27.5204,27.7253,27.2351,27.5863,66528900
2012-06-01,27.0229,27.1619,26.8107,26.8472,79955400
2012-06-04,26.8911,27.0668,26.7594,26.9643,57106800
2012-06-05,26.9716,27.1107,26.8180,27.0375,58858400
2012-06-06,27.3375,27.8643,27.3302,27.8278,55300800
2012-06-07,28.4205,28.4790,27.9009,27.9960,49633200
2012-06-08,27.5790,27.7985,27.4765,27.7546,39729500
2012-06-11,28.0034,28.0326,27.3302,27.3521,51800800
2012-06-12,27.7400,27.9448,27.6009,27.9229,54033500
2012-06-13,27.8790,28.1424,27.7546,27.8204,43926900
2012-06-14,27.7839,28.1131,27.6375,28.0180,46464200
2012-06-15,28.1497,28.5375,28.0839,28.5302,63027500
2012-06-18,28.3473,28.6619,28.2741,28.5888,37552500
2012-06-19,28.8302,29.2327,28.7863,29.0498,50142100
2012-06-20,29.0498,29.1376,28.6693,28.9546,58814400
2012-06-21,28.7532,28.7902,27.8572,27.8942,58815500
2012-06-22,28.1164,28.1312,27.8276,27.9831,33162400
2012-06-25,27.5684,27.5758,27.3093,27.4648,44292700
2012-06-26,27.6499,27.8128,27.4426,27.7017,35913100
2012-06-27,27.8720,27.9757,27.7832,27.8794,28255200
2012-06-28,27.6277,27.7758,27.4351,27.7461,34183500
2012-06-29,28.6199,29.0198,28.5755,28.9754,78076300
2012-07-02,28.9235,29.0198,28.7236,28.9754,38509900
2012-07-03,29.2493,29.5604,29.1605,29.5529,36099700
2012-07-05,29.2938,29.4271,29.0790,29.2419,33512700
2012-07-06,28.8051,28.8717,28.5903,28.7088,49424200
2012-07-09,28.5829,28.6569,28.4274,28.6051,34530600
2012-07-10,28.8717,28.8939,28.1830,28.2867,48650000
2012-07-11,28.3978,28.5681,28.2349,28.4348,37130100
2012-07-12,27.8942,28.1312,27.7313,27.9609,45106800
2012-07-13,28.1978,28.5311,28.1756,28.5014,37182200
2012-07-16,28.3385,28.5014,28.1978,28.4348,26278800
2012-07-17,28.6125,28.8421,28.2941,28.8124,40019400
2012-07-18,28.3978,28.8124,28.3830,28.7384,47417000
2012-07-19,28.8865,29.0568,28.7828,29.0050,44699700
2012-07-20,28.6495,28.7236,28.4718,28.5755,43769200
2012-07-23,27.7610,27.9683,27.5092,27.8276,55593300
2012-07-24,27.9609,27.9683,27.5314,27.7091,46775500
2012-07-25,27.9091,28.0201,27.6721,27.8424,34494400
2012-07-26,28.2793,28.5163,28.1608,28.4718,50710800
2012-07-27,28.7902,29.3234,28.7014,29.2715,50860600
2012-07-30,29.0716,29.2567,29.0346,29.1012,41406700
2012-07-31,29.2419,29.3604,28.9680,28.9680,58788800
2012-08-01,29.2790,29.9528,28.9828,29.0198,49853100
2012-08-02,28.6940,28.9531,28.4644,28.6792,50858700
2012-08-03,29.2716,29.6344,29.2345,29.5677,60512600
2012-08-06,29.6048,29.8862,29.6048,29.7529,37181300
2012-08-07,29.7973,30.0491,29.7899,29.8343,43260000
2012-08-08,29.7307,30.0195,29.7010,29.8936,36569300
2012-08-09,29.9972,30.1972,29.9676,30.0194,34528300
2012-08-10,29.9010,30.1972,29.8121,30.1601,32246700
2012-08-13,29.9676,30.0565,29.7233,29.8936,40396800
2012-08-14,30.0639,30.1083,29.8343,29.8862,26731300
2012-08-15,29.8047,29.9158,29.7455,29.8417,18836100
2012-08-16,29.9232,30.1675,29.7751,30.1157,37695800
2012-08-17,29.9824,30.0046,29.7973,29.9676,46358100
2012-08-20,29.7751,29.9676,29.7010,29.9528,28711200
2012-08-21,30.1157,30.2416,29.8195,29.9084,27937400
2012-08-22,29.7307,29.9898,29.6270,29.9232,36551000
2012-08-23,29.8491,29.8936,29.5603,29.6492,39512000
2012-08-24,29.5233,29.7751,29.3974,29.6566,34421500
2012-08-27,29.5085,29.5381,29.3308,29.3530,23179600
2012-08-28,29.3160,29.4271,29.2493,29.2938,24377800
2012-08-29,29.3234,29.3382,29.0568,29.1531,31372600
2012-08-30,28.9679,28.9679,28.7680,28.8124,36609900
2012-08-31,29.0272,29.2197,28.8421,29.0864,41552000
2012-09-04,29.1012,29.1012,28.8273,28.9235,32627400
2012-09-05,28.8050,28.8569,28.6421,28.7754,33041200
2012-09-06,28.9457,29.5085,28.9383,29.4123,47868700
2012-09-07,29.8121,30.1083,29.7751,30.0935,59898600
2012-09-10,29.9232,30.0194,29.6862,29.7084,37361500
2012-09-11,29.8788,30.1527,29.8491,30.0639,32692200
2012-09-12,30.2416,30.3082,30.0787,30.1972,44014400
2012-09-13,30.0713,31.1080,30.0046,31.0117,95670600
2012-09-14,31.3301,31.7226,31.2487,31.3745,85091000
2012-09-17,31.2190,31.2783,30.9599,31.0339,47652400
2012-09-18,31.0265,31.1450,30.8932,31.0487,37259800
2012-09-19,31.0561,31.1006,30.9303,31.0487,39322800
2012-09-20,30.6933,30.8858,30.5156,30.8636,46217400
2012-09-21,31.1228,31.1376,30.9006,30.9377,49929300
2012-09-24,30.8118,30.9525,30.7229,30.9080,29068900
2012-09-25,30.9599,31.0043,30.4415,30.4489,49642600
2012-09-26,30.3527,30.4045,30.1083,30.3082,44745200
2012-09-27,30.6785,30.8932,30.5378,30.7896,40566600
2012-09-28,30.7155,30.7451,30.5082,30.6044,55360900
2012-10-01,30.8710,31.1746,30.8266,30.9080,40299700
2012-10-02,31.0783,31.1154,30.7970,30.9525,36829800
2012-10-03,30.9599,30.9747,30.6933,30.7451,41571300
2012-10-04,30.8488,31.0858,30.7673,31.0635,44450900
2012-10-05,31.2190,31.3449,30.9525,31.0635,53557500
2012-10-08,30.6785,30.8340,30.6341,30.7896,33006200
2012-10-09,30.7525,30.7748,30.4341,30.5600,44369700
2012-10-10,30.6044,30.6118,30.3008,30.3749,51701800
2012-10-11,30.7081,30.8192,30.6414,30.6563,41911800
2012-10-12,30.6193,30.7822,30.4934,30.5600,35969600
2012-10-15,30.6415,30.8192,30.5156,30.7377,35889600
2012-10-16,30.9376,31.1450,30.9302,31.0561,54306500
2012-10-17,31.1450,31.3671,31.0413,31.3005,58925200
2012-10-18,31.1450,31.3597,31.0709,31.2116,48731300
2012-10-19,31.0191,31.0265,30.6415,30.7303,49582400
2012-10-22,30.9969,31.1376,30.8266,31.0265,42518400
2012-10-23,30.5378,30.5378,30.2268,30.3897,58436700
2012-10-24,30.6637,30.7155,30.4193,30.4193,35063000
2012-10-25,30.8562,30.9080,30.4341,30.7525,41000200
2012-10-26,30.5600,30.6415,30.4045,30.5156,36208200
2012-10-31,30.6044,30.6711,30.3749,30.4711,58457500
2012-11-01,30.7599,31.0191,30.7081,30.9673,63484700
2012-11-02,31.1376,31.1376,30.7155,30.8044,53942400
2012-11-05,30.7673,30.9821,30.7081,30.9525,33477200
2012-11-06,31.0339,31.2931,31.0191,31.1968,48097800
2012-11-07,30.9451,30.9599,30.4934,30.6859,65258900
2012-11-08,30.6637,30.8562,30.2638,30.3008,73473600
2012-11-09,30.3379,30.6044,30.2934,30.3601,60594400
2012-11-12,30.4860,30.5896,30.4119,30.4711,43640500
2012-11-13,30.1083,30.3453,30.0046,30.1972,56929600
2012-11-14,30.2416,30.2712,29.6640,29.7307,65058700
2012-11-15,29.7899,29.9232,29.6640,29.8343,56282800
2012-11-16,29.8047,29.9454,29.5603,29.9232,55419900
2012-11-19,30.1898,30.4638,30.1898,30.4489,60801400
2012-11-20,30.2046,30.3897,30.1231,30.3897,49350300
2012-11-21,30.2712,30.3897,30.1972,30.3305,49863200
2012-11-23,30.6933,30.8636,30.6711,30.8266,38725400
2012-11-26,30.7007,30.8340,30.6415,30.8266,38361700
2012-11-27,30.7970,30.8414,30.5600,30.5674,39719300
2012-11-28,30.3823,30.7673,30.2860,30.7377,45433200
2012-11-29,30.9080,31.0635,30.7896,30.9599,60142000
2012-11-30,31.0265,31.0413,30.8636,30.9451,60627600
2012-12-03,31.1376,31.1376,30.9303,30.9303,47979700
2012-12-04,31.0561,31.1894,30.9969,31.0191,48560100
2012-12-05,31.3375,31.5300,31.2487,31.3523,60792500
2012-12-06,31.3968,31.6115,31.3745,31.5893,45175200
2012-12-07,31.6485,31.7078,31.5301,31.6856,33920200
2012-12-10,31.6781,31.9225,31.6559,31.8633,52020900
2012-12-11,31.8929,32.0780,31.8633,32.0262,55722500
2012-12-12,32.1298,32.3224,31.9966,32.1224,57451400
2012-12-13,32.1002,32.1891,31.8855,31.9817,55617900
2012-12-14,32.0410,32.1817,32.0040,32.1224,39422900
2012-12-17,32.0484,32.2187,32.0114,32.2039,55647600
2012-12-18,32.1756,32.4587,32.0340,32.4289,61649000
2012-12-19,32.4661,32.5779,32.3916,32.4140,50249100
2012-12-20,32.4214,32.6151,32.3246,32.6077,57106100
2012-12-21,32.0564,32.2575,32.0117,32.2352,66038300
2012-12-24,32.1905,32.2203,32.1011,32.1681,18908100
2012-12-26,32.3991,32.4661,32.2501,32.2650,25381900
2012-12-27,32.4468,32.5288,32.1934,32.4468,41600600
2012-12-28,32.4319,32.6778,32.4095,32.5660,42093300
2012-12-31,32.6033,33.1026,32.5437,33.0504,49353800
2013-01-02,33.4678,33.7808,33.3709,33.6988,101185100
2013-01-03,33.4603,33.7435,33.4156,33.4603,66217800
2013-01-04,33.3038,33.5423,33.2368,33.5274,51087000
2013-01-07,33.2666,33.3038,33.1697,33.2740,50598800
2013-01-08,33.0877,33.1250,32.8567,32.9759,48456800
2013-01-09,33.0803,33.1995,33.0579,33.1175,38511200
2013-01-10,33.3187,33.4752,33.1846,33.4081,44170700
2013-01-11,33.1473,33.1697,32.7524,33.1399,54701600
2013-01-14,33.2740,33.3262,33.1175,33.2815,63801400
2013-01-15,33.0579,33.1548,32.8641,33.1399,55408900
2013-01-16,32.8865,33.1250,32.8716,33.1101,32090000
2013-01-17,33.2591,33.4230,33.2293,33.2964,39873100
2013-01-18,33.3038,33.3858,33.1920,33.3709,51709600
2013-01-22,33.2591,33.3187,33.1846,33.3187,46493900
2013-01-23,33.1622,33.1920,33.0355,33.1399,32607900
2013-01-24,33.1026,33.2218,32.9387,33.0206,38920500
2013-01-25,32.9536,33.0132,32.7300,32.9089,52779500
2013-01-28,32.8194,32.8194,32.5735,32.6778,56862100
2013-01-29,32.8641,33.1250,32.6927,33.0430,46274900
2013-01-30,32.9014,32.9983,32.8716,32.8865,47812800
2013-01-31,32.9238,32.9908,32.8269,32.9536,51081600
2013-02-01,33.1399,33.2666,33.0206,33.1697,50348500
2013-02-04,32.9163,32.9461,32.6331,32.7300,48193600
2013-02-05,32.8641,32.9312,32.7374,32.7673,41440100
2013-02-06,32.6108,32.7300,32.5064,32.7300,52411700
2013-02-07,32.6778,32.6853,32.2829,32.4394,47884300
2013-02-08,32.5362,32.7300,32.5288,32.6778,36378000
2013-02-11,32.6182,32.7002,32.5139,32.6629,25661600
2013-02-12,32.6629,32.8865,32.5512,32.7524,40661300
2013-02-13,32.9387,32.9983,32.8418,32.9163,32068400
2013-02-14,32.7896,32.9461,32.7449,32.9014,28975200
2013-02-15,32.9312,32.9461,32.7598,32.7822,42285100
2013-02-19,32.8120,32.9536,32.8120,32.8492,55626600
2013-02-20,32.9983,32.9983,32.5288,32.5586,47496700
2013-02-21,32.2978,32.3127,31.9550,32.1115,78468500
2013-02-22,32.3276,32.3276,32.1189,32.2531,73001800
2013-02-25,32.5139,32.5437,31.7389,31.8208,81527900
2013-02-26,31.9997,32.0966,31.7910,31.9997,69633700
2013-02-27,32.0071,32.3872,31.9848,32.3499,45986600
2013-02-28,32.3350,32.4021,32.1711,32.2009,43961100
2013-03-01,32.0966,32.3052,31.9699,32.2754,52273200
2013-03-04,31.9177,32.0146,31.7985,31.9699,43730400
2013-03-05,32.2978,32.5213,32.2754,32.3574,49300100
2013-03-06,32.5139,32.5735,32.4096,32.5139,42439500
2013-03-07,32.5214,32.6406,32.4766,32.6033,44079200
2013-03-08,32.8120,32.9610,32.6629,32.8865,61841100
2013-03-11,32.7374,32.7449,32.6108,32.7076,44046200
2013-03-12,32.5437,32.5884,32.2605,32.3350,50934700
2013-03-13,32.2754,32.2829,32.0071,32.0295,80500000
2013-03-14,32.1413,32.2531,32.1189,32.1636,40119600
2013-03-15,31.9848,32.0220,31.8432,31.8730,61240400
2013-03-18,31.5078,31.6867,31.4780,31.5153,69344000
2013-03-19,31.5376,31.5525,31.0905,31.2917,81729400
2013-03-20,31.5302,31.6047,31.4482,31.4706,53647100
2013-03-21,31.3141,31.3662,31.1129,31.1501,50647800
2013-03-22,31.2247,31.3066,31.1501,31.2694,41763400
2013-03-25,31.4780,31.5227,31.1129,31.2396,46751300
2013-03-26,31.5153,31.7016,31.5078,31.6867,55547100
2013-03-27,31.4855,31.8134,31.3960,31.8059,42991800
2013-03-28,31.7165,31.8804,31.6494,31.8730,43219200
2013-04-01,31.8357,31.8506,31.4706,31.5302,48386600
2013-04-02,31.7016,31.7016,31.5004,31.5451,39392900
2013-04-03,31.5004,31.5526,31.1054,31.1725,66774600
2013-04-04,31.1427,31.2098,30.9042,31.0831,72963600
2013-04-05,30.5465,31.1203,30.4943,31.0085,93360600
2013-04-08,30.8893,31.1054,30.8073,31.0607,46406900
2013-04-09,31.1054,31.5675,31.0234,31.3662,77324700
2013-04-10,31.5898,31.8879,31.5600,31.6643,49605200
2013-04-11,31.7165,31.7761,31.5898,31.6941,46004700
2013-04-12,31.3513,31.3812,30.9638,31.2098,109321200
2013-04-15,30.9340,30.9415,30.4198,30.4496,69582100
2013-04-16,31.0682,31.1501,30.8297,31.0756,51188300
2013-04-17,30.8148,30.8148,30.3751,30.5838,87858500
2013-04-18,30.7701,30.7924,30.4571,30.5838,47811900
2013-04-19,31.0085,31.0980,30.9042,31.0309,50232400
2013-04-22,31.1352,31.1799,30.9117,31.1799,33583200
2013-04-23,31.1203,31.3961,31.0682,31.3290,64692700
2013-04-24,31.3886,31.6345,31.3811,31.5153,51542700
2013-04-25,31.6867,31.9177,31.6271,31.7985,41501800
2013-04-26,31.6345,31.6793,31.3737,31.4780,51739700
2013-04-29,31.7612,31.9177,31.6271,31.8059,43874800
2013-04-30,31.9177,32.3499,31.7836,32.2605,80948900
2013-05-01,32.2083,32.2233,31.8059,31.9103,64532800
2013-05-02,32.0444,32.1785,31.9624,32.1636,46989800
2013-05-03,32.3499,32.6182,32.3127,32.4319,57682900
2013-05-06,32.4319,32.4990,32.3350,32.4766,31402200
2013-05-07,32.6033,32.7673,32.5139,32.7076,38932900
2013-05-08,32.8418,32.9908,32.8194,32.9610,47973100
2013-05-09,32.9014,32.9312,32.5586,32.7225,40290500
2013-05-10,32.5064,32.5511,32.3201,32.4692,44867100
2013-05-13,32.2754,32.2978,32.1413,32.1711,51315300
2013-05-14,32.2978,32.4617,32.2531,32.3201,39457200
2013-05-15,32.2456,32.3797,32.1636,32.3276,54677500
2013-05-16,32.3276,32.4468,32.2083,32.2158,34833500
2013-05-17,32.2903,32.4021,32.2307,32.3574,37786100
2013-05-20,32.3499,32.4766,32.2605,32.4394,33022100
2013-05-21,32.3798,32.5288,32.1636,32.3723,39757800
2013-05-22,32.4617,32.7598,31.8953,32.0146,95248900
2013-05-23,31.5078,31.8059,31.3439,31.7761,84326400
2013-05-24,31.5004,31.5228,31.3215,31.5004,70236100
2013-05-28,31.8805,31.9475,31.6420,31.6718,51418200
2013-05-29,31.4631,31.5153,31.2470,31.2694,71460900
2013-05-30,31.2247,31.4780,31.2023,31.2694,57619400
2013-05-31,31.0160,31.0607,30.6583,30.7030,109498200
2013-06-03,30.8521,31.2619,30.6359,31.1576,103868200
2013-06-04,31.1427,31.1725,30.6881,30.7775,61790500
2013-06-05,30.7105,30.7626,30.2037,30.2261,88096500
2013-06-06,30.1814,30.5093,30.0994,30.4794,79388500
2013-06-07,30.3080,30.5316,30.1292,30.3229,83416900
2013-06-10,30.0547,30.0547,29.8013,29.9131,94653100
2013-06-11,29.3020,29.5628,29.2051,29.3467,91969100
2013-06-12,29.5852,29.6001,29.0784,29.1455,110462700
2013-06-13,29.1306,29.7715,29.0859,29.7640,109955800
2013-06-14,29.6672,29.7342,29.2126,29.2945,101834900
2013-06-17,29.6224,29.7566,29.3840,29.5628,59802800
2013-06-18,29.4883,29.7119,29.4138,29.6895,57237000
2013-06-19,29.4659,29.6001,28.7207,28.7729,106460000
2013-06-20,28.0873,28.0873,27.1483,27.4837,151378100
2013-06-21,27.8712,28.0500,27.4091,27.8786,122377400
2013-06-24,27.1930,27.6029,26.9471,27.3123,105810400
2013-06-25,27.7817,27.9233,27.4837,27.8935,81147700
2013-06-26,28.1097,28.4450,28.1022,28.3332,79737000
2013-06-27,28.6752,28.9470,28.6677,28.9017,95787800
2013-06-28,28.6828,29.1433,28.6375,29.0678,92251600
2013-07-01,29.2037,29.3547,29.0452,29.1584,64188900
2013-07-02,29.0829,29.2792,28.4563,28.6375,91594600
2013-07-03,28.2373,28.6224,28.2071,28.3732,51565400
2013-07-05,28.4185,28.4563,27.9202,28.1920,94284700
2013-07-08,28.1920,28.4487,28.1467,28.2298,63868900
2013-07-09,28.5393,28.6375,28.3279,28.5997,68925700
2013-07-10,28.4638,28.6526,28.2977,28.3279,72780900
2013-07-11,29.3774,29.7398,29.2264,29.7171,99047500
2013-07-12,29.3849,29.4529,29.2566,29.4000,48446100
2013-07-15,29.5586,29.8606,29.5435,29.7020,78940600
2013-07-16,29.7775,29.8530,29.5586,29.8228,59925000
2013-07-17,30.0720,30.1248,29.9663,30.0946,64775200
2013-07-18,29.9059,29.9965,29.6945,29.7398,63396800
2013-07-19,29.6945,29.7020,29.5435,29.6567,56381200
2013-07-22,29.7322,30.0040,29.6190,29.9512,60947300
2013-07-23,30.2381,30.3816,30.1475,30.2758,69873900
2013-07-24,30.2758,30.2834,29.7851,29.9663,73854100
2013-07-25,29.8681,30.1701,29.8530,30.1399,45387700
2013-07-26,29.9738,30.1097,29.7473,30.0720,37847700
2013-07-29,29.8304,29.8681,29.6794,29.6945,50232900
2013-07-30,29.8304,29.8530,29.5661,29.6265,38655400
2013-07-31,29.3925,29.8077,29.2641,29.4529,81129000
2013-08-01,29.7700,30.0946,29.7096,29.9889,81917200
2013-08-02,29.9059,30.1550,29.8832,29.9814,46528200
2013-08-05,29.8832,29.8908,29.6718,29.7926,41164800
2013-08-06,29.6718,29.6718,29.3472,29.4151,51415100
2013-08-07,29.1358,29.2641,29.0754,29.0980,54242300
2013-08-08,29.4227,29.7851,29.2339,29.6567,75526500
2013-08-09,29.6643,29.8908,29.6567,29.7171,56199400
2013-08-12,29.8379,30.1097,29.8379,29.9965,61381800
2013-08-13,30.1852,30.2683,30.0267,30.1777,61264100
2013-08-14,30.2985,30.3513,30.2305,30.2758,48288100
2013-08-15,29.8908,29.9889,29.6114,29.9285,59751700
2013-08-16,29.9512,30.0040,29.6341,29.6718,72806300
2013-08-19,29.4378,29.4680,29.0980,29.1131,53829000
2013-08-20,28.9697,29.2415,28.9546,29.0603,53697600
2013-08-21,28.7130,28.7507,28.3204,28.3808,108745800
2013-08-22,28.6979,28.9017,28.6752,28.8413,57470900
2013-08-23,29.0678,29.2339,28.8942,29.1811,57345100
2013-08-26,29.2188,29.2415,28.8111,28.8640,42254600
2013-08-27,28.3883,28.4412,28.1392,28.1996,89367100
2013-08-28,28.1543,28.5318,28.0637,28.2600,69409900
2013-08-29,28.5922,28.8111,28.4185,28.4865,63988700
2013-08-30,28.8187,28.8338,28.4940,28.7054,104219900
2013-09-03,29.1207,29.2264,28.8187,28.8866,62694800
2013-09-04,29.0527,29.4076,28.9923,29.4000,60083400
2013-09-05,29.4227,29.8228,29.3849,29.7473,59046600
2013-09-06,30.1626,30.3060,29.8304,30.1852,75420400
2013-09-09,30.4872,31.0384,30.4646,30.9780,116120500
2013-09-10,31.1592,31.2800,31.0686,31.2121,80651200
2013-09-11,31.0913,31.3329,31.0309,31.2347,73495900
2013-09-12,31.1215,31.1517,30.8648,30.8723,58460500
2013-09-13,30.9252,31.1139,30.8572,31.0762,44927100
2013-09-16,31.6122,31.6349,31.3480,31.4235,68924400
2013-09-17,31.4310,31.4839,31.2951,31.3555,46999400
2013-09-18,31.2649,32.7070,31.1290,32.6692,113370100
2013-09-19,32.5635,32.5937,32.2993,32.4956,100087700
2013-09-20,32.3446,32.3446,31.7179,31.7708,77275200
2013-09-23,31.8161,31.9973,31.7632,31.8840,61143000
2013-09-24,31.7632,31.8387,31.5518,31.6122,43438700
2013-09-25,31.6122,31.6349,31.3329,31.3706,56353100
2013-09-26,31.5518,31.6651,31.3253,31.4990,54419200
2013-09-27,31.2498,31.3102,31.0384,31.1290,69028500
2013-09-30,30.6458,30.8950,30.5703,30.7742,93884500
2013-10-01,30.9856,31.4008,30.9629,31.3857,62524700
2013-10-02,31.2347,31.5216,31.1290,31.5065,46985900
2013-10-03,31.6575,31.7255,31.1592,31.3857,51161500
2013-10-04,31.4612,31.8236,31.4084,31.7934,36780900
2013-10-07,31.3782,31.6575,31.3480,31.5216,51699900
2013-10-08,31.6349,31.6802,31.1894,31.2196,66218200
2013-10-09,31.4386,31.5896,31.1894,31.4537,67258400
2013-10-10,31.8463,32.2540,31.8236,32.1936,99094900
2013-10-11,32.0577,32.3748,32.0048,32.3370,42764200
2013-10-14,32.0652,32.6013,32.0124,32.5258,43319800
2013-10-15,32.3823,32.4880,32.1256,32.2087,54388300
2013-10-16,32.3672,32.5937,32.3144,32.4654,64749400
2013-10-17,32.4352,32.6994,32.3823,32.6692,58641300
2013-10-18,32.8127,32.8504,32.6617,32.6994,55660500
2013-10-21,32.7221,32.7749,32.5786,32.6466,44243400
2013-10-22,32.8806,33.1524,32.8353,32.9637,74992500
2013-10-23,32.4125,32.4503,32.1785,32.1936,69411000
2013-10-24,32.3748,32.3748,32.0803,32.1256,57466500
2013-10-25,32.1483,32.3370,32.0652,32.2766,45414700
2013-10-28,32.3219,32.5182,32.2917,32.4654,44569400
2013-10-29,32.5786,32.6315,32.5333,32.5711,32543300
2013-10-30,32.6994,32.6994,32.2464,32.3899,55442300
2013-10-31,32.4654,32.4729,32.0426,32.0577,68089000
2013-11-01,32.1785,32.2464,31.8689,32.0728,83621600
2013-11-04,32.1332,32.2842,32.1256,32.2691,35360700
2013-11-05,31.8538,31.8991,31.5971,31.6198,73296100
2013-11-06,31.8538,31.8916,31.6953,31.7179,61350100
2013-11-07,31.7783,31.7934,31.0762,31.1441,94546100
2013-11-08,30.9629,31.0913,30.7666,31.0762,79167700
2013-11-11,31.0460,31.0988,30.8421,30.9176,58492300
2013-11-12,30.9251,30.9629,30.5325,30.7515,81455800
2013-11-13,30.4571,30.8723,30.4420,30.8044,69898800
2013-11-14,30.8270,31.3102,30.7440,31.3027,87793800
2013-11-15,31.6575,32.0350,31.6198,31.8991,94070900
2013-11-18,32.3144,32.5333,32.1785,32.1860,80437300
2013-11-19,32.2766,32.3219,31.9520,31.9897,59573100
2013-11-20,32.0199,32.0652,31.4990,31.5518,62635400
2013-11-21,31.4537,31.5745,31.3555,31.5216,51401400
2013-11-22,31.5443,31.7859,31.4839,31.7481,49745300
2013-11-25,31.7330,31.7406,31.3102,31.3404,59685800
2013-11-26,31.3329,31.5443,31.2423,31.4461,37990900
2013-11-27,31.5745,31.7179,31.4461,31.6500,45419400
2013-11-29,31.8916,32.0577,31.8312,31.9746,41826600
2013-12-02,31.8538,31.9067,31.2423,31.3027,67975400
2013-12-03,31.1894,31.4234,30.9780,31.1969,108126900
2013-12-04,31.0007,31.2423,30.8346,31.1592,62378500
2013-12-05,31.0686,31.2649,30.9629,30.9780,56729300
2013-12-06,31.5065,31.7783,31.4159,31.6651,75512400
2013-12-09,31.7557,31.8916,31.6802,31.7104,56365100
2013-12-10,31.5518,31.7557,31.5443,31.7255,44343900
2013-12-11,31.4914,31.4914,30.9856,31.0233,74628400
2013-12-12,30.8950,30.9554,30.7062,30.8421,62076500
2013-12-13,30.9403,30.9931,30.7893,30.9176,62277400
2013-12-16,31.1063,31.3404,31.0761,31.1214,59551600
2013-12-17,31.0837,31.0837,30.8270,30.8497,53390900
2013-12-18,31.0599,31.7532,30.5800,31.4637,107981900
2013-12-19,30.9152,31.0066,30.6409,30.8847,70838100
2013-12-20,30.8847,31.0447,30.8085,30.8390,86690800
2013-12-23,31.0904,31.2123,31.0066,31.0675,56621800
2013-12-24,31.2123,31.2961,31.1894,31.2504,18409100
2013-12-26,31.1209,31.1666,30.9685,30.9837,24739900
2013-12-27,31.3037,31.4713,31.2580,31.4637,35691100
2013-12-30,31.5094,31.6465,31.4713,31.6008,39861800
2013-12-31,31.6770,31.8827,31.6160,31.8446,38839400
2014-01-02,31.2351,31.2428,30.5876,30.6181,138488400
2014-01-03,30.7704,30.7780,30.4276,30.5647,83579700
2014-01-06,30.4428,30.4428,30.2676,30.2752,55735100
2014-01-07,30.4352,30.5419,30.3133,30.4047,57341500
2014-01-08,30.4505,30.4809,30.2143,30.3057,63182600
2014-01-09,30.2067,30.2600,29.9096,30.1457,74405200
2014-01-10,30.3209,30.7933,30.3133,30.6790,110244200
2014-01-13,30.7400,30.7780,30.2295,30.3133,62209500
2014-01-14,30.4809,30.7323,30.3438,30.6409,75830700
2014-01-15,30.6181,30.7095,30.5647,30.6333,47361900
2014-01-16,30.5952,30.6714,30.3971,30.4657,56673900
2014-01-17,30.4505,30.4581,30.2752,30.3133,61288200
2014-01-21,30.4733,30.5114,30.1381,30.2676,46683100
2014-01-22,30.5190,30.6790,30.3819,30.6714,56188400
2014-01-23,30.2981,30.2981,29.7039,29.9172,109930400
2014-01-24,29.5210,29.5439,29.1020,29.1325,127153900
2014-01-27,29.1706,29.2315,28.7744,29.0182,118532300
2014-01-28,29.2087,29.3306,29.1020,29.2010,86568700
2014-01-29,28.8201,29.1020,28.6373,28.7820,142219100
2014-01-30,29.1934,29.2620,28.9420,29.0487,84660600
2014-01-31,28.7059,29.1553,28.6297,29.0944,102329500
2014-02-03,28.8430,28.8887,28.2259,28.2716,123117200
2014-02-04,28.7363,29.0182,28.6601,28.8430,138955500
2014-02-05,28.7211,28.9192,28.5306,28.7363,86064900
2014-02-06,28.9420,29.3839,28.9420,29.3382,99403100
2014-02-07,29.5667,29.6505,29.3458,29.5058,80356700
2014-02-10,29.3763,29.3991,29.0487,29.1782,68839500
2014-02-11,29.3382,29.8791,29.3306,29.8105,93164800
2014-02-12,30.0086,30.1533,29.7267,29.8181,68705700
2014-02-13,29.3839,29.8715,29.3839,29.8486,50414900
2014-02-14,30.0543,30.3743,30.0010,30.2143,69806400
2014-02-18,30.1990,30.2600,29.9172,29.9324,69542600
2014-02-19,29.8181,30.0619,29.6581,29.7267,101924800
2014-02-20,29.6962,29.9019,29.5134,29.8334,71686300
2014-02-21,29.9934,30.1610,29.9248,30.0391,66907700
2014-02-24,30.0086,30.3057,29.9705,30.0391,58971200
2014-02-25,29.9781,30.0467,29.6124,29.6962,77028600
2014-02-26,29.8638,29.9248,29.5972,29.7191,59122600
2014-02-27,29.9857,30.3362,29.9248,30.2828,67962200
2014-02-28,30.3057,30.3514,29.8791,30.0772,88240700
2014-03-03,29.4982,29.6658,29.3229,29.5439,98832200
2014-03-04,30.1152,30.1610,29.9172,30.0467,63103000
2014-03-05,29.9553,30.1152,29.9019,30.0695,42856900
2014-03-06,30.3438,30.6409,30.3362,30.4961,86027600
2014-03-07,30.3590,30.3743,29.9248,30.1076,66565600
2014-03-10,29.9095,29.9172,29.6505,29.9019,57747100
2014-03-11,29.9476,30.0391,29.4905,29.5667,72692600
2014-03-12,29.3915,29.6581,29.3001,29.6277,56882800
2014-03-13,29.6962,29.7115,28.9725,29.0944,79967400
2014-03-14,29.1401,29.4220,29.1401,29.2544,64589800
2014-03-17,29.5134,29.6810,29.5134,29.6124,57492000
2014-03-18,29.6810,30.0391,29.6581,30.0238,68135000
2014-03-19,29.8105,29.9476,29.2544,29.3839,95953000
2014-03-20,29.1858,29.5743,29.0791,29.5134,60572300
2014-03-21,29.7115,30.0543,29.6581,29.6962,86969000
2014-03-24,29.9629,30.0543,29.7800,29.9857,54328100
2014-03-25,30.2905,30.4428,30.1991,30.3286,93531000
2014-03-26,30.5952,30.6942,30.3819,30.3971,91289900
2014-03-27,30.5114,30.8390,30.4962,30.7933,73438700
2014-03-28,31.0675,31.2504,30.9990,31.0371,67464400
2014-03-31,31.2275,31.4256,31.2123,31.2427,75256100
2014-04-01,31.5399,31.6084,31.4180,31.6084,65717300
2014-04-02,31.4865,31.6999,31.4408,31.6694,44076300
2014-04-03,31.5246,31.5703,31.2351,31.5475,84659200
2014-04-04,31.8827,32.0960,31.4180,31.4637,127800700
2014-04-07,31.4942,31.6846,31.4180,31.6008,60586200
2014-04-08,32.0427,32.1951,31.8598,31.9665,107043300
2014-04-09,32.0046,32.3550,31.7913,32.2103,71617000
2014-04-10,32.2027,32.3169,31.8294,31.8675,74792500
2014-04-11,31.6465,31.9132,31.6389,31.8675,76310100
2014-04-14,31.9665,31.9741,31.6389,31.7989,44883400
2014-04-15,31.6008,31.6237,30.9304,31.3189,155302100
2014-04-16,31.4713,31.7456,31.3951,31.7151,64113100
2014-04-17,31.7456,32.1112,31.6541,32.0046,69955200
2014-04-21,31.9589,31.9665,31.7227,31.8065,29288500
2014-04-22,31.8446,31.8903,31.7075,31.7227,43060000
2014-04-23,31.5703,31.5856,31.3113,31.4942,58299300
2014-04-24,31.5170,31.5323,31.2504,31.5246,39310800
2014-04-25,31.1133,31.1209,30.8847,31.0980,72613500
2014-04-28,31.1361,31.3570,30.9837,31.2504,64020600
2014-04-29,31.4485,31.6694,31.4332,31.5475,71181600
2014-04-30,31.3037,31.4865,31.2656,31.4865,49063100
2014-05-01,31.4485,31.6008,31.2961,31.5246,31161300
2014-05-02,31.4637,31.7913,31.4408,31.6999,63037500
2014-05-05,31.4789,31.5551,31.3875,31.5246,26894600
2014-05-06,31.5551,31.8522,31.5399,31.6694,41163100
2014-05-07,31.5780,31.8446,31.5246,31.8370,43226500
2014-05-08,31.9284,32.0274,31.7608,31.7608,49820300
2014-05-09,31.7913,31.8675,31.6618,31.7075,43953000
2014-05-12,32.1722,32.2636,32.0503,32.2408,63396500
2014-05-13,32.2941,32.4998,32.2484,32.3627,53342400
2014-05-14,32.5455,32.6979,32.4998,32.5912,57544700
2014-05-15,32.5455,32.5531,32.1722,32.2865,56308800
2014-05-16,32.5607,32.7588,32.4693,32.7131,70419600
2014-05-19,32.6674,32.7588,32.6369,32.7131,32471500
2014-05-20,32.5912,32.6674,32.3626,32.4464,63707800
2014-05-21,32.6217,32.7131,32.5988,32.6979,50661300
2014-05-22,32.8578,32.9264,32.7893,32.9264,51415000
2014-05-23,32.8807,32.9797,32.8502,32.8655,55456100
2014-05-27,32.7283,32.7817,32.4769,32.5836,40155800
2014-05-28,32.7512,32.8426,32.6369,32.7740,45095400
2014-05-29,32.8578,32.9188,32.7740,32.8655,28979600
2014-05-30,32.6598,32.6979,32.3474,32.4160,72201700
2014-06-02,32.5531,32.6217,32.4922,32.5150,33550800
2014-06-03,32.5531,32.7893,32.5455,32.6979,38021700
2014-06-04,32.4769,32.5760,32.4236,32.5150,25656100
2014-06-05,32.8121,32.9112,32.6826,32.8578,41040500
2014-06-06,33.1245,33.2616,33.0712,33.1854,45429100
2014-06-09,33.1473,33.3530,33.1473,33.3073,38995600
2014-06-10,33.3454,33.5054,33.2997,33.4825,31573300
2014-06-11,33.2845,33.4292,33.2769,33.3683,44721500
2014-06-12,33.4216,33.4521,33.1016,33.2083,40265500
2014-06-13,33.0940,33.2540,33.0255,33.2235,27554000
2014-06-16,33.1245,33.1550,32.9721,33.0712,32040700
2014-06-17,33.0331,33.0940,32.9416,33.0788,35013500
2014-06-18,33.0026,33.4673,32.9036,33.4445,62131500
2014-06-19,33.3378,33.3987,33.1550,33.2540,48497900
2014-06-20,33.1397,33.2083,33.0635,33.1854,36744000
2014-06-23,33.1626,33.1778,33.0026,33.1169,27608300
2014-06-24,33.2083,33.4368,33.0331,33.1016,49441000
2014-06-25,33.1177,33.2022,33.0179,33.1715,35940200
2014-06-26,33.2636,33.2636,33.0947,33.2099,21873800
2014-06-27,33.2099,33.3097,33.1101,33.2867,21988900
2014-06-30,33.3020,33.3404,33.1715,33.1945,34343200
2014-07-01,33.4403,33.5401,33.4249,33.5094,42222400
2014-07-02,33.6476,33.7244,33.6245,33.7090,35955800
2014-07-03,33.6322,33.9317,33.6092,33.9087,26627100
2014-07-07,33.8395,33.9087,33.7704,33.8856,26962800
2014-07-08,33.8626,33.8856,33.6629,33.7320,29106700
2014-07-09,33.7474,33.9624,33.7090,33.9240,29892600
2014-07-10,33.4326,33.7551,33.3481,33.7397,43704000
2014-07-11,33.6015,33.7628,33.5785,33.7013,32082600
2014-07-14,33.9010,33.9701,33.8395,33.9624,23136700
2014-07-15,33.9931,34.0315,33.7781,33.9394,38034000
2014-07-16,34.1083,34.1467,33.9777,34.0238,26424000
2014-07-17,33.7858,33.8472,33.3251,33.3865,66994900
2014-07-18,33.8626,33.9854,33.7397,33.9087,51870700
2014-07-21,33.7397,34.0929,33.7244,34.0238,56034400
2014-07-22,34.4001,34.4231,34.3233,34.3386,43480300
2014-07-23,34.4154,34.4154,34.2926,34.3694,29647900
2014-07-24,34.4154,34.5536,34.3770,34.5229,31503700
2014-07-25,34.3617,34.4231,34.2772,34.3847,34409200
2014-07-28,34.4308,34.6381,34.3694,34.6227,38243200
2014-07-29,34.6535,34.6535,34.3924,34.4154,35722000
2014-07-30,34.5613,34.5920,34.0853,34.2465,54177600
2014-07-31,33.8319,33.9010,33.5247,33.6476,88181200
2014-08-01,33.7474,33.9240,33.5170,33.8319,108800800
2014-08-04,33.9854,34.2235,33.8472,34.1467,43918900
2014-08-05,33.8011,33.8933,33.5170,33.6245,67276000
2014-08-06,33.4402,33.5785,33.3558,33.3942,63560700
2014-08-07,33.4710,33.4940,33.1254,33.2636,77763500
2014-08-08,33.4095,33.6169,33.2713,33.5631,53612400
2014-08-11,33.7244,34.0238,33.7013,33.9931,49923100
2014-08-12,33.8549,34.0392,33.8165,34.0315,36823500
2014-08-13,34.3003,34.3847,34.1236,34.2158,49491900
2014-08-14,34.2388,34.3310,34.1928,34.2695,33152100
2014-08-15,34.3463,34.4231,34.0008,34.1774,66006100
2014-08-18,34.3540,34.5076,34.2772,34.5076,38360500
2014-08-19,34.5383,34.6842,34.5229,34.6688,33591600
2014-08-20,34.5076,34.6612,34.4462,34.5997,30889600
2014-08-21,34.5229,34.5844,34.4078,34.4538,35476300
2014-08-22,34.4922,34.5460,34.2311,34.3617,45995800
2014-08-25,34.4538,34.6304,34.4078,34.6151,31989900
2014-08-26,34.6842,34.8454,34.6688,34.8224,45918400
2014-08-27,34.8915,34.9990,34.8147,34.9990,34239100
2014-08-28,34.5460,34.6919,34.5076,34.6535,38157700
2014-08-29,34.6842,34.7379,34.5537,34.5997,39791500
2014-09-02,34.5920,34.5997,34.4615,34.5460,48129000
2014-09-03,35.1295,35.1603,34.9376,34.9990,51700200
2014-09-04,35.1142,35.1910,34.8147,34.9069,41676700
2014-09-05,34.9683,35.2063,34.8762,35.2063,53035700
2014-09-08,35.0758,35.1065,34.7226,34.7917,50222700
2014-09-09,34.5844,34.6611,34.2158,34.3617,85940600
2014-09-10,34.0392,34.2772,33.9624,34.2158,57439600
2014-09-11,33.9778,34.0392,33.9317,33.9854,70622500
2014-09-12,33.7781,33.7858,33.5094,33.6245,85785600
2014-09-15,33.5247,33.5631,33.3558,33.4556,68507800
2014-09-16,33.4249,34.1236,33.4019,33.8933,97318600
2014-09-17,33.9394,33.9931,33.5708,33.5785,76121700
2014-09-18,33.6860,33.7474,33.5785,33.6245,50513900
2014-09-19,33.7244,33.7628,33.2867,33.3712,88033100
2014-09-22,33.0794,33.1178,32.7185,32.8644,83094000
2014-09-23,32.7876,32.9412,32.6340,32.6801,82990700
2014-09-24,32.9181,33.2176,32.7569,33.1485,55218900
2014-09-25,32.6417,32.6570,32.3422,32.4267,68810700
2014-09-26,32.4574,32.6878,32.4113,32.5726,54551800
2014-09-29,31.7663,32.0735,31.7586,31.9122,74208400
2014-09-30,31.8277,31.9736,31.7586,31.9122,87704500
2014-10-01,31.7433,31.7740,31.2519,31.2595,109933300
2014-10-02,31.3747,31.6511,30.9985,31.4285,92880600
2014-10-03,31.5436,31.7817,31.3977,31.6972,61010900
2014-10-06,32.3422,32.3729,32.1042,32.1119,84259600
2014-10-07,32.0658,32.1503,31.8278,31.8278,41767500
2014-10-08,31.8892,32.3653,31.5283,32.3038,90901600
2014-10-09,32.1733,32.2117,31.6895,31.7970,82942800
2014-10-10,31.4515,31.5590,31.0753,31.1060,104177200
2014-10-13,31.6358,31.8661,31.4054,31.4208,89761000
2014-10-14,31.5283,31.8047,31.3593,31.6051,71636700
2014-10-15,31.1751,31.3363,30.5454,31.2058,122284500
2014-10-16,30.4840,31.2672,30.4686,30.9217,101076200
2014-10-17,31.2595,31.4822,31.0829,31.2672,73616400
2014-10-20,31.2365,31.3978,31.1674,31.3594,50853900
2014-10-21,31.2979,31.6128,31.2749,31.4899,49877200
2014-10-22,31.4515,31.5129,31.1751,31.2826,50711600
2014-10-23,31.3594,31.4592,31.2365,31.2749,43661600
2014-10-24,31.3056,31.6511,31.2826,31.4976,43721100
2014-10-27,30.9985,31.2979,30.9294,31.2519,44793200
2014-10-28,31.6281,31.9736,31.6204,31.8815,73890500
2014-10-29,32.1810,32.2654,31.7279,31.9276,75308700
2014-10-30,31.9890,32.3576,31.9890,32.2270,54208200
2014-10-31,32.3729,32.5035,32.2501,32.3653,108786100
2014-11-03,32.2577,32.2808,32.0197,32.0965,59606600
2014-11-04,32.1349,32.1579,31.9045,32.1272,41428100
2014-11-05,31.8661,31.9045,31.6588,31.8431,48726600
2014-11-06,31.7510,31.7970,31.4361,31.4515,52054400
2014-11-07,31.5436,31.6972,31.4899,31.6511,42327500
2014-11-10,31.9890,32.0120,31.7126,31.7356,45891600
2014-11-11,31.6358,31.7586,31.5897,31.7049,28395000
2014-11-12,31.7202,31.8661,31.6127,31.6435,25122300
2014-11-13,31.7817,31.7970,31.4745,31.5590,30709800
2014-11-14,31.5053,31.8354,31.4822,31.8201,47386400
2014-11-17,31.5513,31.5513,31.4208,31.4822,38237800
2014-11-18,31.5283,31.6742,31.5206,31.6511,23114500
2014-11-19,31.5513,31.7586,31.4131,31.6358,49215300
2014-11-20,31.6127,31.7279,31.5590,31.5820,28926200
2014-11-21,32.3960,32.6033,32.2347,32.5879,111455200
2014-11-24,32.4113,32.4267,32.2885,32.3192,38061300
2014-11-25,32.3729,32.4036,32.0888,32.1119,43794300
2014-11-26,32.3960,32.5419,32.3653,32.5188,30953300
2014-11-28,32.1503,32.1579,31.8508,31.8661,49144700
2014-12-01,31.5206,31.5283,31.2826,31.3210,75105900
2014-12-02,31.4131,31.4438,31.2826,31.3133,47273300
2014-12-03,31.3901,31.5283,31.3594,31.3977,37508300
2014-12-04,31.5436,31.5590,31.3824,31.4515,31459900
2014-12-05,31.2979,31.4822,31.2288,31.3901,32496300
2014-12-08,31.1827,31.1904,30.8833,30.9293,43437900
2014-12-09,30.5608,30.6606,30.4610,30.6376,54564100
2014-12-10,30.5531,30.5608,30.1538,30.1845,55591700
2014-12-11,30.0540,30.2152,29.8851,29.9311,65853700
2014-12-12,29.8697,29.8774,29.4320,29.4397,79274600
2014-12-15,29.5011,29.5242,28.8638,29.0174,93921700
2014-12-16,28.6949,29.4244,28.5874,28.9713,117074100
2014-12-17,29.0920,30.0267,29.0609,29.6373,119530800
2014-12-18,30.0891,30.2760,29.8398,30.0423,70091400
2014-12-19,30.0968,30.3928,30.0890,30.2526,61239600
2014-12-22,30.6187,30.7277,30.5564,30.6732,47398500
2014-12-23,30.4240,30.4473,30.2214,30.3928,52339300
2014-12-24,30.4473,30.5019,30.3149,30.4629,21433900
2014-12-26,30.7433,30.8680,30.6810,30.7044,28723000
2014-12-29,30.7122,30.7745,30.5174,30.5174,38964300
2014-12-30,30.4785,30.6421,30.4707,30.5798,32332700
2014-12-31,30.7433,30.7589,30.5408,30.6031,34940700
2015-01-02,30.5252,30.5408,30.1202,30.1981,65010000
2015-01-05,30.0034,30.0034,29.6139,29.6606,83166600
2015-01-06,29.6684,29.8008,29.3802,29.5360,52066100
2015-01-07,30.0423,30.1981,29.9410,30.1747,64948700
2015-01-08,30.6187,30.8290,30.5798,30.6888,55081600
2015-01-09,30.7823,30.7978,30.4941,30.5875,38550100
2015-01-12,30.4941,30.5330,30.2993,30.3383,55381800
2015-01-13,30.7277,30.8835,30.3539,30.6031,55565600
2015-01-14,30.2682,30.5019,30.1903,30.4318,83761000
2015-01-15,30.8368,30.9458,30.4551,30.5019,57441600
2015-01-16,30.4785,30.7978,30.4318,30.7589,72675200
2015-01-20,30.6966,30.7355,30.5486,30.7122,57716900
2015-01-21,30.9692,31.4210,30.9536,31.3898,74714900
2015-01-22,31.5534,32.0207,31.4054,31.9896,95318400
2015-01-23,31.7948,31.9039,31.7325,31.7481,52368100
2015-01-26,31.6469,31.8649,31.6001,31.7637,47266100
2015-01-27,31.3898,31.6702,31.3820,31.5923,42525200
2015-01-28,31.5144,31.5456,31.1639,31.2496,56698000
2015-01-29,31.2107,31.2730,30.9380,31.2496,53124400
2015-01-30,30.6109,30.8056,30.3928,30.3928,103745400
2015-02-02,30.7901,31.0549,30.7200,30.9380,50443600
2015-02-03,31.2808,31.5612,31.2418,31.5222,48552700
2015-02-04,31.4833,31.6546,31.3197,31.3664,34900700
2015-02-05,31.2730,31.5768,31.2652,31.5534,32092400
2015-02-06,31.0860,31.2496,30.9303,31.0159,64292000
2015-02-09,30.9147,31.0705,30.9069,30.9692,35632500
2015-02-10,30.8680,30.9381,30.7667,30.8913,46949400
2015-02-11,30.6421,30.7589,30.4551,30.6654,44240300
2015-02-12,31.0004,31.3664,30.9770,31.3197,55855400
2015-02-13,31.4911,31.6936,31.4911,31.6780,44640000
2015-02-17,31.5845,31.6235,31.3431,31.6079,30152800
2015-02-18,31.4521,31.6546,31.3664,31.6001,36036700
2015-02-19,31.3431,31.6313,31.3119,31.4677,38785800
2015-02-20,31.3509,31.7247,31.2808,31.6780,32542700
2015-02-23,31.4833,31.5144,31.2886,31.3587,34091700
2015-02-24,31.5300,31.9039,31.3587,31.8104,64630500
2015-02-25,31.7170,31.8338,31.6780,31.7481,28592500
2015-02-26,31.7871,31.8338,31.7014,31.7559,25889800
2015-02-27,31.6936,31.9350,31.6936,31.7325,43207600
2015-03-02,31.6546,31.7092,31.5690,31.6858,36669900
2015-03-03,31.4989,31.5378,31.4288,31.4443,40406100
2015-03-04,31.1951,31.2107,30.9692,31.1016,51564400
2015-03-05,31.1561,31.2107,30.9536,31.0549,33714000
2015-03-06,30.7978,30.8602,30.5097,30.5798,72516900
2015-03-09,30.5642,30.5875,30.4629,30.4629,34915600
2015-03-10,30.0034,30.0267,29.7697,29.7853,84229600
2015-03-11,29.9644,30.0657,29.8787,30.0112,47978700
2015-03-12,30.4084,30.4395,30.1514,30.1981,46829700
2015-03-13,29.9644,29.9644,29.6529,29.8320,69885200
2015-03-16,30.1280,30.2215,30.0657,30.1903,50569900
2015-03-17,30.2215,30.5564,30.1903,30.5408,53697700
2015-03-18,30.4707,31.3898,30.4084,31.2886,101688200
2015-03-19,31.0004,31.0081,30.6654,30.7589,64499900
2015-03-20,31.0549,31.2885,31.0315,31.2184,67345300
2015-03-23,31.2808,31.3665,31.1561,31.3119,35502700
2015-03-24,31.3509,31.4521,31.3119,31.4366,45280300
2015-03-25,31.4288,31.4599,30.9147,30.9380,49779900
2015-03-26,30.7901,30.8212,30.5252,30.6499,76980100
2015-03-27,30.6576,30.7667,30.5953,30.7355,42212000
2015-03-30,31.0938,31.3898,31.0783,31.3275,51535700
2015-03-31,31.1328,31.3041,31.0393,31.2574,47508800
2015-04-01,31.5067,31.6858,31.4366,31.6469,56392700
2015-04-02,31.9195,32.1999,31.8572,32.1220,62389200
2015-04-06,32.4258,32.7139,32.3946,32.5348,54678400
2015-04-07,32.4647,32.5582,32.3634,32.3712,33279500
2015-04-08,33.1190,33.1735,32.8697,33.0489,65023100
2015-04-09,33.2436,33.3916,33.1268,33.3760,52128800
2015-04-10,33.2280,33.4072,33.2047,33.3994,49899000
2015-04-13,33.4617,33.5785,33.1891,33.2047,55031100
2015-04-14,33.2825,33.4228,33.1346,33.3526,42601100
2015-04-15,33.3449,33.6019,33.2826,33.5863,40254700
2015-04-16,33.6798,34.0459,33.6253,33.8512,55057700
2015-04-17,33.1423,33.3137,33.0645,33.2592,76688000
2015-04-20,33.2202,33.3293,33.1969,33.2280,28811300
2015-04-21,33.5084,33.5785,33.4072,33.4228,33309100
2015-04-22,33.6486,33.8122,33.5629,33.7810,29271900
2015-04-23,33.6954,34.1082,33.6798,34.0303,32056500
2015-04-24,34.1705,34.1939,34.1004,34.1549,44030100
2015-04-27,34.2873,34.3652,34.2172,34.2873,41819300
2015-04-28,34.3029,34.4197,34.1939,34.3419,32442100
2015-04-29,33.9991,34.0926,33.8200,33.9135,45752900
2015-04-30,33.6408,33.6486,33.3916,33.3994,98330200
2015-05-01,33.5629,33.6954,33.3916,33.6019,44928900
2015-05-04,33.6175,33.8512,33.6019,33.7966,31314300
2015-05-05,33.6408,33.6876,33.4228,33.4305,38738700
2015-05-06,33.4773,33.5084,32.9554,33.0177,52439700
2015-05-07,32.8230,32.9788,32.7607,32.9710,44347000
2015-05-08,33.3527,33.5474,33.2514,33.3916,56822800
2015-05-11,33.3526,33.4072,33.0411,33.0722,34705400
2015-05-12,32.8152,33.0489,32.7918,32.9632,38432500
2015-05-13,33.2670,33.3293,33.0021,33.0255,41156700
2015-05-14,33.2514,33.4072,33.2047,33.3526,37071400
2015-05-15,33.3293,33.6175,33.2514,33.6097,40940700
2015-05-18,33.4227,33.4383,33.2514,33.2670,35675300
2015-05-19,33.3449,33.3682,33.2592,33.3215,32065300
2015-05-20,33.2514,33.3916,33.1346,33.2981,37659200
2015-05-21,33.0567,33.2047,33.0099,33.1813,27575700
2015-05-22,33.3526,33.3916,33.2202,33.2903,37907000
2015-05-26,33.0800,33.0878,32.6594,32.7607,51008600
2015-05-27,32.5036,32.7918,32.4491,32.7685,35464700
2015-05-28,32.2700,32.3790,32.1531,32.3401,42689100
2015-05-29,32.2855,32.3167,31.9896,32.0285,59462200
2015-06-01,32.0441,32.0597,31.8338,31.9039,52509700
2015-06-02,31.8727,32.1687,31.8260,32.0285,42331700
2015-06-03,31.8883,31.9818,31.7871,31.8649,39291400
2015-06-04,31.5845,31.6858,31.3664,31.3820,46637300
2015-06-05,31.1406,31.3976,31.0860,31.2418,51982800
2015-06-08,31.2886,31.3275,31.2029,31.2340,34008200
2015-06-09,31.1094,31.1328,31.0081,31.0471,33384100
2015-06-10,31.3431,31.5378,31.3275,31.4989,64828100
2015-06-11,31.4210,31.4288,31.2574,31.3431,33808000
2015-06-12,31.3509,31.3820,31.2496,31.3431,40975900
2015-06-15,30.9692,31.0315,30.8991,30.9926,34097000
2015-06-16,30.8835,31.0471,30.8212,31.0004,33605900
2015-06-17,31.0082,31.3664,30.8290,31.1873,70505900
2015-06-18,31.4287,31.5923,31.3742,31.4755,60019000
2015-06-19,31.3275,31.4365,31.2029,31.2029,55891700
2015-06-22,31.7403,31.7559,31.6157,31.6546,45009800
2015-06-23,31.7793,31.9818,31.7715,31.9662,40579100
2015-06-24,31.9350,31.9896,31.7403,31.7403,56107100
2015-06-25,31.7803,31.7960,31.6077,31.6313,33663800
2015-06-26,31.3488,31.5057,31.3017,31.3331,34721500
2015-06-29,30.8309,30.9486,30.6268,30.6347,59610800
2015-06-30,31.1840,31.1997,30.9799,31.0898,61266600
2015-07-01,31.2624,31.2781,30.9956,31.0663,38622300
2015-07-02,31.2546,31.4037,31.1918,31.2153,34085800
2015-07-06,30.3836,30.5562,30.2266,30.3443,66892500
2015-07-07,29.7715,29.9441,29.3556,29.8892,100698500
2015-07-08,29.0967,29.2301,28.8142,28.8612,93899000
2015-07-09,29.7401,29.8421,29.4105,29.4184,72889000
2015-07-10,30.1560,30.2659,29.9677,30.1639,64726600
2015-07-13,30.3600,30.4385,30.2894,30.3679,43846200
2015-07-14,30.2266,30.4463,30.1952,30.4228,30252200
2015-07-15,30.2345,30.2580,30.0462,30.0775,44039400
2015-07-16,30.4150,30.5013,30.3286,30.4542,36217600
2015-07-17,30.5013,30.5091,30.3600,30.4150,35714800
2015-07-20,30.1246,30.2816,29.9912,30.2188,31707000
2015-07-21,30.3522,30.3757,30.2031,30.2266,27625400
2015-07-22,29.9755,29.9834,29.7637,29.7950,39326800
2015-07-23,29.7794,29.8029,29.4812,29.5047,42787700
2015-07-24,29.2615,29.2693,28.9319,29.0810,55194200
2015-07-27,28.5945,28.7043,28.4611,28.5317,73051800
2015-07-28,28.7514,28.8456,28.5631,28.8220,49701300
2015-07-29,28.8926,29.2301,28.8063,29.1045,61119900
2015-07-30,28.7828,28.8691,28.6337,28.8142,44051400
2015-07-31,29.0888,29.2379,29.0103,29.1280,85020500
2015-08-03,28.7749,28.7985,28.5317,28.6415,45674700
2015-08-04,28.8848,28.9790,28.6572,28.7435,38618400
2015-08-05,29.0182,29.0417,28.6965,28.7514,30785300
2015-08-06,28.6023,28.6180,28.4218,28.5003,42182300
2015-08-07,28.5003,28.6101,28.4218,28.4846,37027200
2015-08-10,28.6572,29.0260,28.6259,28.9633,43071900
2015-08-11,28.2806,28.3669,28.0766,28.3277,58642500
2015-08-12,27.8176,27.8961,27.6607,27.8882,64540000
2015-08-13,27.8961,28.0216,27.7941,27.8411,58165600
2015-08-14,27.9118,27.9981,27.8490,27.8804,35715200
2015-08-17,27.4802,27.6057,27.4253,27.5743,42609500
2015-08-18,27.2683,27.3468,27.1820,27.2762,42639500
2015-08-19,27.0721,27.2134,26.7190,26.9387,112308600
2015-08-20,26.5778,26.6562,26.4444,26.5150,116628600
2015-08-21,26.1227,26.2482,25.6675,25.6989,129140200
2015-08-24,23.9569,25.2830,23.5410,24.5768,218802300
2015-08-25,26.0991,26.1148,24.8907,24.8907,135001800
2015-08-26,25.5106,25.8166,25.0398,25.7146,134618500
2015-08-27,26.2168,26.8995,26.2090,26.8524,144856300
2015-08-28,26.4444,26.6876,26.3581,26.5072,68659200
2015-08-31,26.3110,26.6013,26.0834,26.5542,98538600
2015-09-01,25.7460,25.9108,25.3929,25.5263,83635900
2015-09-02,25.9265,25.9343,25.6048,25.8951,55551000
2015-09-03,25.9422,26.3424,25.9029,25.9971,67468200
2015-09-04,25.5106,25.5891,25.0712,25.2202,81962800
2015-09-08,25.9108,26.0599,25.7852,26.0206,53584300
2015-09-09,26.5072,26.5542,25.8872,25.8872,56389200
2015-09-10,25.9579,26.3110,25.8951,26.1540,49745400
2015-09-11,26.0834,26.2874,26.0285,26.2561,42195900
2015-09-14,26.1697,26.2482,26.0128,26.2168,39313800
2015-09-15,26.2090,26.5385,26.1776,26.4679,51913600
2015-09-16,26.8995,27.2212,26.8603,27.1114,85209600
2015-09-17,26.8995,27.7391,26.8838,27.0486,105902400
2015-09-18,26.7818,26.9780,26.4365,26.5464,90964900
2015-09-21,26.5542,26.6092,26.3973,26.4993,45318300
2015-09-22,25.9265,26.0285,25.8009,26.0049,58874100
2015-09-23,25.8872,25.9186,25.5812,25.5891,44721000
2015-09-24,25.1889,25.6047,25.0633,25.4792,79880800
2015-09-25,25.8480,25.8480,25.3850,25.4243,59861600
2015-09-28,25.2202,25.2281,24.8044,24.8828,58659500
2015-09-29,24.9691,25.1261,24.8279,25.0005,52829500
2015-09-30,25.6518,25.7774,25.4870,25.7225,80422200
2015-10-01,25.9343,25.9893,25.6675,25.8637,48402600
2015-10-02,25.7460,26.5621,25.6518,26.5542,83904700
2015-10-05,26.8603,27.1428,26.8132,27.1271,77869000
2015-10-06,27.0329,27.1428,26.9309,27.0800,47313400
2015-10-07,27.7470,27.9745,27.5900,27.8019,97905900
2015-10-08,27.6371,28.1393,27.6057,28.1001,64163600
2015-10-09,28.3826,28.4532,28.0687,28.2021,61563400
2015-10-12,28.2492,28.2649,27.9588,27.9902,44030200
2015-10-13,27.6607,27.8961,27.5116,27.5351,72241600
2015-10-14,27.7313,27.8804,27.6528,27.7470,57724900
2015-10-15,28.2021,28.4375,28.0373,28.4218,60410800
2015-10-16,28.3198,28.4532,28.1707,28.4454,65003800
2015-10-19,28.1472,28.1707,28.0138,28.1550,52354600
2015-10-20,28.0844,28.1943,28.0216,28.1472,44212500
2015-10-21,27.9667,27.9902,27.7234,27.7391,55037000
2015-10-22,28.0295,28.3747,28.0295,28.3120,56963300
2015-10-23,28.5238,28.5788,28.3669,28.4768,53727000
2015-10-26,28.3355,28.3512,28.1864,28.2178,41789200
2015-10-27,27.9196,28.0216,27.8333,27.8961,56392800
2015-10-28,27.9589,28.0923,27.4174,27.5743,125416000
2015-10-29,27.3076,27.4410,27.2605,27.3154,63886000
2015-10-30,27.5194,27.5273,27.3468,27.3625,72076000
2015-11-02,27.5979,27.9039,27.5822,27.9039,51896500
2015-11-03,27.8254,28.3826,27.8176,28.2727,68335400
2015-11-04,28.4454,28.4611,27.9589,28.0452,69243600
2015-11-05,28.0216,28.1864,27.9118,28.0922,43303000
2015-11-06,27.4723,27.7391,27.3232,27.6999,65547200
2015-11-09,27.2997,27.3939,26.9466,27.0094,76448600
2015-11-10,26.8917,26.9623,26.7740,26.8917,53876200
2015-11-11,27.1035,27.1114,26.8995,26.9466,34433100
2015-11-12,26.8289,27.0094,26.6641,26.6876,53097900
2015-11-13,26.5072,26.5307,26.2404,26.3188,72046800
2015-11-16,26.3973,26.8367,26.3502,26.8289,61895300
2015-11-17,26.8681,26.9152,26.7033,26.7504,58447500
2015-11-18,26.7190,27.0721,26.6955,27.0407,48166100
2015-11-19,27.2134,27.3546,27.1663,27.2840,68973900
2015-11-20,27.5508,27.6999,27.4723,27.5586,73122400
2015-11-23,27.4409,27.4959,27.2762,27.2997,55352100
2015-11-24,27.1192,27.4880,27.0957,27.4409,62017500
2015-11-25,27.2683,27.2919,27.1271,27.2291,37938300
2015-11-27,26.8681,26.8760,26.6013,26.6327,54817200
2015-11-30,26.5621,26.7033,26.4993,26.6719,91134900
2015-12-01,26.8053,26.9152,26.7504,26.8760,56692100
2015-12-02,26.7190,26.7583,26.4444,26.5542,59091000
2015-12-03,26.6562,26.6719,26.3031,26.4051,52692500
2015-12-04,26.1854,26.6327,26.1854,26.5856,79516400
2015-12-07,26.3345,26.3502,26.0756,26.1462,47613100
2015-12-08,25.6126,25.8794,25.5498,25.8559,71352200
2015-12-09,25.7774,26.0442,25.5812,25.6440,66422800
2015-12-10,25.5734,25.6754,25.4164,25.4713,59281000
2015-12-11,24.9456,24.9770,24.7180,24.7573,89806000
2015-12-14,25.0162,25.1732,24.7887,25.1575,83798000
2015-12-15,25.4713,25.6440,25.4635,25.5420,78124300
2015-12-16,25.7381,26.1776,25.6283,26.0442,105082200
2015-12-17,26.0599,26.0834,25.7068,25.7068,93646700
2015-12-18,25.7146,25.7852,25.5655,25.6204,96868900
2015-12-21,25.8683,25.8922,25.6372,25.8205,64002400
2015-12-22,25.8284,26.0356,25.7966,26.0277,49664600
2015-12-23,26.2269,26.4182,26.2189,26.3943,47464000
2015-12-24,26.2428,26.3464,26.2269,26.2986,21532700
2015-12-28,26.0914,26.1313,26.0038,26.1153,38299200
2015-12-29,26.1871,26.2428,26.1074,26.1392,43931500
2015-12-30,25.8842,25.9241,25.7169,25.7328,51320000
2015-12-31,25.7328,25.8364,25.6451,25.6531,44184700
2016-01-04,24.9837,25.0076,24.7446,24.9518,83489100
2016-01-05,25.0634,25.1032,24.9439,25.0076,57773900
2016-01-06,24.5374,24.6968,24.4338,24.5295,65835100
2016-01-07,23.8999,24.2346,23.7564,23.7724,88974700
2016-01-08,23.9318,24.0194,23.5094,23.5174,73528000
2016-01-11,23.7405,23.7564,23.2942,23.5094,56225500
2016-01-12,23.6767,23.7883,23.3898,23.5572,61357500
2016-01-13,23.8282,23.9078,23.2544,23.3102,71788700
2016-01-14,23.3341,23.7006,23.1587,23.6130,65521200
2016-01-15,22.6885,22.8320,22.3777,22.6806,117573900
2016-01-19,23.2703,23.3022,22.8400,23.0153,79535100
2016-01-20,22.4495,22.6806,22.0032,22.5132,103223500
2016-01-21,22.5052,22.8957,22.3379,22.6009,81845900
2016-01-22,23.3181,23.3819,23.1587,23.3739,75886600
2016-01-25,23.2145,23.3102,22.9595,22.9754,59623300
2016-01-26,23.1030,23.3500,23.0631,23.3102,60020100
2016-01-27,23.3022,23.5572,23.0711,23.2305,74020200
2016-01-28,23.6847,23.7405,23.3978,23.5970,84739900
2016-01-29,23.9716,24.3860,23.9477,24.3621,81973800
2016-02-01,23.9557,24.2027,23.8919,24.1310,43254600
2016-02-02,23.7325,23.7644,23.2862,23.3500,75516000
2016-02-03,23.5970,24.0274,23.2065,24.0114,117143200
2016-02-04,24.1947,24.4976,24.0433,24.1947,99923300
2016-02-05,24.0991,24.1788,23.8202,23.9158,70370700
2016-02-08,23.5492,23.7006,23.3102,23.5891,72716800
2016-02-09,23.1428,23.5333,23.0233,23.2623,67275700
2016-02-10,23.5253,23.7883,23.3500,23.3580,67192400
2016-02-11,22.8878,23.1269,22.7922,22.9675,86795500
2016-02-12,23.1667,23.3739,23.0551,23.3659,68436000
2016-02-16,23.8042,23.9158,23.7006,23.8839,54396200
2016-02-17,24.0991,24.4099,24.0752,24.3541,69297600
2016-02-18,24.4418,24.4418,24.1549,24.2107,59141200
2016-02-19,24.0593,24.2186,23.9716,24.0991,59069000
2016-02-22,24.5055,24.6968,24.4657,24.6968,42673400
2016-02-23,24.4179,24.4577,24.1390,24.1708,54666100
2016-02-24,23.7803,24.2027,23.6449,24.1150,59334200
2016-02-25,24.0832,24.2266,23.9078,24.1947,45895100
2016-02-26,24.3541,24.3701,23.9318,23.9557,54635600
2016-02-29,24.1947,24.3940,24.1390,24.1629,65543100
2016-03-01,24.6251,25.0395,24.6171,25.0235,69324500
2016-03-02,25.0554,25.3742,24.9996,25.3583,66977500
2016-03-03,25.3822,25.6531,25.3503,25.6452,69856900
2016-03-04,25.8922,26.2668,25.8284,26.1552,102487700
2016-03-07,25.9002,26.2428,25.8763,26.1153,67816600
2016-03-08,25.7966,25.8364,25.5734,25.6691,50510100
2016-03-09,25.8364,25.9719,25.7488,25.8284,54890300
2016-03-10,25.9799,26.0277,25.4937,25.8683,69716400
2016-03-11,26.2588,26.4660,26.2269,26.4102,74998500
2016-03-14,26.3225,26.4182,26.1791,26.2508,43838500
2016-03-15,25.8523,25.8842,25.7328,25.8763,66967800
2016-03-16,25.6691,26.4660,25.6611,26.3943,98218500
2016-03-17,26.7529,27.0398,26.6174,26.9760,114746800
2016-03-18,27.1115,27.2470,27.0876,27.1195,102194600
2016-03-21,27.0876,27.2390,27.0477,27.1752,59921400
2016-03-22,26.9362,27.2231,26.9282,27.1115,41960900
2016-03-23,26.8884,26.8884,26.6174,26.6493,58628500
2016-03-24,26.3624,26.5935,26.2986,26.5855,61479100
2016-03-28,26.6015,26.6812,26.5536,26.6732,40595500
2016-03-29,26.6732,27.0477,26.4580,27.0398,81638800
2016-03-30,27.4462,27.5578,27.3107,27.3187,53128600
2016-03-31,27.4143,27.5020,27.2151,27.2948,109595100
2016-04-01,26.7130,27.2629,26.6333,27.2151,76178800
2016-04-04,27.1992,27.2071,26.8645,26.8884,46429000
2016-04-05,26.4660,26.5536,26.3146,26.3624,61660900
2016-04-06,26.2907,26.6891,26.2189,26.6812,56608700
2016-04-07,26.3305,26.3863,26.0835,26.1472,75406000
2016-04-08,26.7210,26.7529,26.4979,26.6015,44785200
2016-04-11,27.0398,27.1354,26.9043,26.9441,63972000
2016-04-12,26.9441,27.4462,26.9202,27.3585,70261600
2016-04-13,27.7969,27.8606,27.6773,27.8447,95376400
2016-04-14,27.7969,27.8208,27.6694,27.7092,49781400
2016-04-15,27.6773,27.7251,27.5498,27.5498,61733700
2016-04-18,27.4542,27.8128,27.3984,27.6773,51810600
2016-04-19,27.9483,28.1634,27.9164,28.0997,70368800
2016-04-20,27.8765,28.1156,27.7729,27.9722,51670100
2016-04-21,27.9005,27.9005,27.6375,27.6933,59286600
2016-04-22,27.5817,27.7729,27.5020,27.5259,43727100
2016-04-25,27.5100,27.5100,27.3107,27.3506,40116100
2016-04-26,27.5578,27.6534,27.4781,27.6454,46394300
2016-04-27,27.5339,27.8606,27.4542,27.8128,56192100
2016-04-28,27.5339,27.7729,27.4621,27.5259,51718900
2016-04-29,27.5259,27.5578,27.1832,27.4064,86482700
2016-05-02,27.4064,27.4143,27.2071,27.3346,36887000
2016-05-03,26.8166,26.8644,26.5536,26.5616,94755400
2016-05-04,26.3943,26.4421,26.1153,26.1313,105838400
2016-05-05,26.3863,26.4182,26.0436,26.1233,83029500
2016-05-06,26.0356,26.2747,26.0197,26.1631,81640000
2016-05-09,26.1074,26.1153,25.7567,25.8284,84074300
2016-05-10,26.1153,26.3385,26.1074,26.3225,69384400
2016-05-11,26.2986,26.4421,26.1950,26.2588,58600300
2016-05-12,26.4102,26.4580,26.0914,26.1871,63469800
2016-05-13,25.9639,26.0755,25.6691,25.7169,62246800
2016-05-16,25.9719,26.1153,25.9639,26.0277,51206600
2016-05-17,25.9719,26.0914,25.8364,25.9081,63616400
2016-05-18,25.7328,26.0038,25.5097,25.6531,91541300
2016-05-19,25.4379,25.5017,25.2626,25.4140,74455000
2016-05-20,25.6531,25.7408,25.6212,25.6691,54928300
2016-05-23,25.6133,25.7806,25.5973,25.6212,52648200
2016-05-24,25.7567,25.9400,25.7328,25.8842,58219200
2016-05-25,26.1313,26.3146,26.1153,26.1950,53340200
2016-05-26,26.4022,26.4500,26.2269,26.3704,48215100
2016-05-27,26.4660,26.5218,26.2907,26.3624,43342900
2016-05-31,26.4261,26.5377,26.3225,26.3943,94760100
2016-06-01,26.2907,26.4341,26.2269,26.3783,52115100
2016-06-02,26.3544,26.6254,26.3146,26.5935,48252500
2016-06-03,26.9202,27.0159,26.7130,26.9999,89424800
2016-06-06,27.1035,27.3346,27.0796,27.2868,110069500
2016-06-07,27.4621,27.5657,27.4382,27.5339,59934000
2016-06-08,27.7172,27.7809,27.6215,27.7331,75850100
2016-06-09,27.3585,27.4781,27.3187,27.4143,54934300
2016-06-10,26.8565,26.9760,26.6572,26.7210,77417500
2016-06-13,26.3704,26.5935,26.3146,26.3464,56865500
2016-06-14,26.2668,26.3943,26.0436,26.2588,71023800
2016-06-15,26.5297,26.7688,26.4421,26.5377,64707000
2016-06-16,26.0596,26.4660,25.8922,26.4421,73981900
2016-06-17,26.4899,26.5297,26.3146,26.5138,56740400
2016-06-20,27.0159,27.1593,26.9601,26.9840,78204200
2016-06-21,27.1115,27.2709,26.9601,27.1912,75173100
2016-06-22,27.3727,27.4370,27.2121,27.2603,67273500
2016-06-23,27.6297,27.9189,27.5093,27.9189,70159900
2016-06-24,26.3125,26.8747,26.1599,26.2241,158566000
2016-06-27,26.1037,26.1117,25.6137,25.8868,101826000
2016-06-28,26.5053,26.6659,26.4089,26.6498,68332900
2016-06-29,27.1639,27.3245,27.1157,27.3245,82587300
2016-06-30,27.4450,27.6699,27.3165,27.5976,92761700
2016-07-01,27.8064,27.9108,27.7422,27.8627,66514800
2016-07-05,27.4771,27.5012,27.2281,27.2683,63420200
2016-07-06,26.8988,27.1960,26.7703,27.1960,61084500
2016-07-07,27.3245,27.4048,27.0434,27.1237,49586800
2016-07-08,27.4289,27.7181,27.3968,27.7100,74907900
2016-07-11,27.9430,28.0715,27.9269,27.9751,70202000
2016-07-12,28.3446,28.4570,28.2643,28.3687,89275200
2016-07-13,28.3767,28.3928,28.1357,28.3205,62034300
2016-07-14,28.6337,28.8104,28.5695,28.7301,99969200
2016-07-15,28.7060,28.7301,28.5534,28.6658,82124300
2016-07-18,28.5775,28.9309,28.5775,28.9229,75861700
2016-07-19,28.6658,28.7221,28.5293,28.6257,54832700
2016-07-20,28.6899,28.8345,28.6096,28.7703,48091500
2016-07-21,28.7060,28.8265,28.6016,28.6819,56354300
2016-07-22,28.7783,28.8988,28.6899,28.8907,45498600
2016-07-25,28.7863,28.7944,28.5775,28.6016,44174100
2016-07-26,28.7622,28.8827,28.7221,28.8265,63593800
2016-07-27,28.8747,29.0112,28.6337,28.9229,67888600
2016-07-28,28.8747,28.9309,28.7462,28.9309,45590000
2016-07-29,28.9389,29.1156,28.8104,29.0835,85265700
2016-08-01,29.1558,29.2040,28.9871,29.0273,57794000
2016-08-02,28.9791,29.0514,28.6096,28.8185,81854600
2016-08-03,28.6177,28.9309,28.5534,28.9148,42844900
2016-08-04,28.9952,29.1960,28.9309,29.0755,70532500
2016-08-05,29.2843,29.4449,29.2040,29.4128,55760000
2016-08-08,29.6056,29.6859,29.5735,29.6216,43636800
2016-08-09,29.7341,29.9429,29.7261,29.8224,65823600
2016-08-10,29.9750,29.9911,29.7421,29.8305,59111700
2016-08-11,29.9510,30.2321,29.9108,30.2160,82544300
2016-08-12,30.1196,30.1999,29.9831,30.1036,54790400
2016-08-15,30.3285,30.5052,30.3204,30.4168,55160100
2016-08-16,30.3525,30.3525,30.1758,30.2803,62084000
2016-08-17,30.0473,30.1678,29.7983,30.0875,106432500
2016-08-18,30.2803,30.3847,30.1999,30.3686,63045700
2016-08-19,30.0393,30.2240,29.9108,30.1999,63995700
2016-08-22,29.9188,29.9188,29.7100,29.7983,62902100
2016-08-23,30.0554,30.1196,29.6538,29.6779,72475000
2016-08-24,29.6297,29.7983,29.5734,29.7582,75080700
2016-08-25,29.6457,29.7983,29.6457,29.7823,56434300
2016-08-26,29.8465,30.1598,29.2923,29.5253,178796200
2016-08-29,29.5253,29.7903,29.5092,29.7501,49578800
2016-08-30,29.7903,29.8947,29.6216,29.6698,48196900
2016-08-31,29.5172,29.5494,29.2522,29.3405,98943200
2016-09-01,29.3727,29.5654,29.3004,29.5654,67120400
2016-09-02,29.9670,30.0634,29.8385,30.0473,88393000
2016-09-06,30.4489,30.7140,30.3847,30.6899,108573800
2016-09-07,30.6979,30.7140,30.5292,30.5935,58618800
2016-09-08,30.6015,30.6899,30.4409,30.5132,73367300
2016-09-09,30.0393,30.0473,29.4690,29.4851,124082600
2016-09-12,29.0835,29.7983,29.0273,29.6859,119811600
2016-09-13,29.2441,29.3566,28.7944,28.9389,160782500
2016-09-14,29.0353,29.3486,29.0112,29.0273,90163100
2016-09-15,29.2361,29.5975,29.1076,29.5253,87331100
2016-09-16,29.2843,29.3646,29.0514,29.3245,92612000
2016-09-19,29.6939,29.7983,29.5092,29.5574,55874700
2016-09-20,29.7903,29.7903,29.5654,29.5734,48531200
2016-09-21,29.8626,30.4409,29.7743,30.4007,123874800
2016-09-22,30.6658,30.7782,30.5051,30.6176,73865400
2016-09-23,30.3686,30.4489,30.2080,30.2240,56201900
2016-09-26,29.9510,30.0232,29.7823,29.7823,47253900
2016-09-27,29.9991,30.2080,29.8706,30.2080,60877300
2016-09-28,30.2562,30.5052,29.9831,30.4811,82411300
2016-09-29,30.3204,30.4007,29.8626,29.9510,74659100
2016-09-30,30.0875,30.1919,29.9429,30.0795,85539100
2016-10-03,30.1437,30.3445,30.0232,30.2883,77690300
2016-10-04,30.3044,30.3766,29.8546,29.9510,95339800
2016-10-05,30.2562,30.4248,30.1598,30.3847,61950100
2016-10-06,30.2240,30.4329,30.1517,30.4088,45429700
2016-10-07,30.4489,30.4891,30.0393,30.2722,77792800
2016-10-10,30.4730,30.6738,30.4248,30.6015,56113700
2016-10-11,30.0714,30.0875,29.7421,29.8947,79646900
2016-10-12,29.7983,29.9429,29.7020,29.8385,48482900
2016-10-13,29.3807,29.6859,29.2200,29.5734,67497300
2016-10-14,29.8224,29.8867,29.5654,29.6216,54235800
2016-10-17,29.5815,29.7020,29.5574,29.5895,37742300
2016-10-18,30.0955,30.1678,29.9911,30.1116,50174900
2016-10-19,30.2562,30.3606,30.1437,30.2963,49171200
2016-10-20,30.1919,30.3365,30.0955,30.2080,55283900
2016-10-21,30.0313,30.2240,29.9911,30.1999,33058500
2016-10-24,30.4409,30.4650,30.2481,30.3284,28142200
2016-10-25,30.3044,30.4168,30.2562,30.3606,32233900
2016-10-26,30.0232,30.1839,29.9429,30.0393,50715500
2016-10-27,30.0634,30.0634,29.7582,29.7823,47287000
2016-10-28,29.8144,29.9429,29.5172,29.6618,69558100
2016-10-31,29.7983,29.9349,29.7582,29.8305,60365100
2016-11-01,29.9429,29.9510,29.3566,29.5895,90113200
2016-11-02,29.4771,29.5574,29.0996,29.2361,82319300
2016-11-03,29.2682,29.3566,29.0514,29.1558,67403000
2016-11-04,28.9229,29.0594,28.8185,28.8586,78558900
2016-11-07,29.5654,29.9349,29.5172,29.9028,85341300
2016-11-08,29.9028,30.2562,29.6939,30.0955,83963300
2016-11-09,29.1879,29.4690,28.9871,29.1156,193443900
2016-11-10,28.8506,28.9550,28.1438,28.2883,206490900
2016-11-11,27.7502,27.9831,27.4048,27.7502,182114700
2016-11-14,27.5655,27.7101,27.3326,27.5494,107881600
2016-11-15,27.7663,28.1518,27.7502,28.1036,89937000
2016-11-16,27.7743,27.9430,27.7261,27.8707,65387900
2016-11-17,27.9671,28.1277,27.8627,27.9108,80829200
2016-11-18,27.9671,28.0233,27.7663,27.7823,51490500
2016-11-21,28.0313,28.1357,27.9751,28.0554,45251800
2016-11-22,28.4650,28.4972,28.2723,28.4811,61503100
2016-11-23,28.0795,28.2161,28.0153,28.1759,43495600
2016-11-25,28.3365,28.3606,28.2723,28.3124,28572700
2016-11-28,28.4249,28.5373,28.3928,28.4249,50953000
2016-11-29,28.3365,28.5534,28.3044,28.4650,36457700
2016-11-30,28.5936,28.6337,28.4972,28.5132,86930300
2016-12-01,28.4329,28.4972,28.1679,28.1759,80947500
2016-12-02,28.1759,28.3446,28.1598,28.2080,58727500
2016-12-05,28.3446,28.4651,28.3285,28.4410,53275100
2016-12-06,28.5293,28.6016,28.4570,28.5936,48356900
2016-12-07,28.7703,29.1076,28.7221,29.0755,61773300
2016-12-08,28.9952,29.2441,28.9791,29.2040,60291800
2016-12-09,29.0273,29.1397,28.9711,29.0514,60173400
2016-12-12,28.8907,28.9952,28.7783,28.8586,40766300
2016-12-13,29.0273,29.2441,29.0193,29.1799,48943200
2016-12-14,28.9470,29.0514,28.3044,28.3124,95190000
2016-12-15,28.3285,28.4731,28.2482,28.3606,68897000
2016-12-16,28.2964,28.3847,28.1518,28.2321,75471100
2016-12-19,28.2482,28.2562,28.0394,28.0394,45241700
2016-12-20,28.1197,28.1920,28.0634,28.1357,39157800
2016-12-21,28.1812,28.1894,27.9944,28.0188,52040600
2016-12-22,27.7182,27.7344,27.5720,27.6857,48802800
2016-12-23,27.7101,27.8482,27.6857,27.8482,32062900
2016-12-27,27.9132,28.0025,27.9050,27.9700,25959900
2016-12-28,28.2056,28.2381,28.1081,28.1812,33745600
2016-12-29,28.4656,28.6768,28.4493,28.6443,48465500
2016-12-30,28.6362,28.6524,28.3600,28.4412,60515600
2017-01-03,28.7499,28.9611,28.6768,28.7824,64483700
2017-01-04,28.9449,29.0586,28.9286,29.0017,83072600
2017-01-05,29.2130,29.3673,29.1967,29.3186,60303200
2017-01-06,29.2211,29.2454,29.1155,29.1967,33132200
2017-01-09,29.1805,29.2454,29.1398,29.1723,33950800
2017-01-10,29.3510,29.5054,29.3267,29.3429,46621700
2017-01-11,29.3998,29.7166,29.2861,29.6923,92509300
2017-01-12,29.8141,29.8222,29.6679,29.8222,38318100
2017-01-13,29.7085,29.8222,29.6760,29.7979,35242000
2017-01-17,29.7329,29.8303,29.6922,29.7816,38367000
2017-01-18,29.7979,29.8060,29.5623,29.6191,37054200
2017-01-19,29.6273,29.6354,29.4079,29.5298,52877000
2017-01-20,29.5623,29.6273,29.4242,29.5866,59295600
2017-01-23,29.7897,30.0334,29.7735,30.0253,51401800
2017-01-24,30.1553,30.3259,30.1391,30.2122,45519900
2017-01-25,30.4234,30.5615,30.3503,30.5452,42660800
2017-01-26,30.5371,30.5452,30.3909,30.4153,43300100
2017-01-27,30.4153,30.4803,30.3178,30.4396,30457500
2017-01-30,30.2203,30.2853,30.1472,30.2772,34712000
2017-01-31,30.3097,30.3909,30.2203,30.3340,67258600
2017-02-01,30.4559,30.5127,30.2690,30.3503,54321500
2017-02-02,30.4478,30.5128,30.3990,30.4803,26814000
2017-02-03,30.6102,30.7240,30.5452,30.6671,34305200
2017-02-06,30.6346,30.6671,30.5696,30.5940,30250100
2017-02-07,30.5290,30.5615,30.4071,30.4396,31693700
2017-02-08,30.4559,30.6590,30.4478,30.6265,37862900
2017-02-09,30.6265,30.8215,30.6265,30.7646,38286700
2017-02-10,30.8377,31.0489,30.8214,31.0489,38798700
2017-02-13,31.0489,31.1789,31.0408,31.1464,34007000
2017-02-14,31.1464,31.1789,30.8946,31.1789,55327300
2017-02-15,31.1870,31.4470,31.1545,31.4307,49527300
2017-02-16,31.4632,31.4632,31.2926,31.3170,42986800
2017-02-17,31.0733,31.1951,31.0489,31.1870,54880700
2017-02-21,31.3820,31.5363,31.3495,31.5282,42603700
2017-02-22,31.4795,31.6257,31.4632,31.6257,39083500
2017-02-23,31.7882,31.8044,31.5851,31.6338,46763100
2017-02-24,31.2520,31.3251,31.2114,31.2601,44575100
2017-02-27,31.1708,31.2601,31.0895,31.1627,53625500
2017-02-28,31.1301,31.1383,30.8539,30.8621,71508900
2017-03-01,31.1139,31.3576,31.0977,31.3414,93966300
2017-03-02,31.0327,31.0895,30.7808,30.7889,63518000
2017-03-03,30.9352,31.0570,30.8377,31.0245,54969900
2017-03-06,31.0733,31.0814,30.9433,31.0408,30455800
2017-03-07,31.1383,31.1545,31.0164,31.0733,43470400
2017-03-08,31.0002,31.0489,30.7565,30.7808,60587000
2017-03-09,30.6265,30.6752,30.3746,30.5371,64159100
2017-03-10,30.7808,30.8783,30.7077,30.8783,45184900
2017-03-13,31.2033,31.3333,31.1708,31.3089,42405900
2017-03-14,31.2114,31.2520,31.1058,31.1302,56600300
2017-03-15,31.2926,31.9994,31.2033,31.9425,124080900
2017-03-16,32.1700,32.2106,32.0400,32.1375,137911800
2017-03-17,32.1700,32.1862,32.0563,32.0806,68267900
2017-03-20,32.2837,32.5437,32.2350,32.4543,70310000
2017-03-21,32.6168,32.6818,32.0725,32.0969,71712900
2017-03-22,32.0725,32.3243,31.9913,32.2512,70134100
2017-03-23,32.1375,32.3731,32.1294,32.2593,53877500
2017-03-24,32.2350,32.3974,32.2268,32.3406,68871400
2017-03-27,32.1294,32.3081,32.0319,32.2512,52896700
2017-03-28,32.2268,32.4381,32.2268,32.3406,51799000
2017-03-29,32.2675,32.4218,32.2025,32.3974,36857000
2017-03-30,32.2675,32.3650,32.2025,32.2269,33282500
2017-03-31,32.0238,32.0725,31.9344,31.9994,94971500
2017-04-03,32.0969,32.2106,31.9831,32.1781,60048300
2017-04-04,32.1131,32.2431,32.0563,32.1944,44136500
2017-04-05,32.3325,32.4137,32.0806,32.0969,44099200
2017-04-06,32.0644,32.1212,31.9425,32.0400,35544800
2017-04-07,31.9750,32.1294,31.9506,31.9831,40355800
2017-04-10,31.8613,31.8938,31.7557,31.8532,33853800
2017-04-11,31.8450,31.8857,31.5932,31.7800,46002800
2017-04-12,31.9182,31.9425,31.7394,31.9344,55149100
2017-04-13,32.0075,32.0888,31.7882,31.7963,48182500
2017-04-17,31.9425,32.1294,31.8938,32.1294,29862300
2017-04-18,31.7638,31.8775,31.6501,31.7232,50889200
2017-04-19,31.8044,31.8125,31.4470,31.5282,58751100
2017-04-20,31.8694,31.9263,31.7719,31.9181,46722900
2017-04-21,31.9263,31.9669,31.8613,31.9181,32949500
2017-04-24,32.3893,32.4381,32.2918,32.3731,63549800
2017-04-25,32.6087,32.7468,32.5762,32.6574,50957400
2017-04-26,32.6005,32.6980,32.4949,32.5356,56452000
2017-04-27,32.6005,32.6087,32.3975,32.4949,42298100
2017-04-28,32.5274,32.6005,32.4381,32.5437,56635400
2017-05-01,32.6899,32.8199,32.6168,32.7305,41171000
2017-05-02,32.8686,33.0067,32.8280,32.9661,55325500
2017-05-03,32.8280,32.8605,32.6574,32.7468,58336100
2017-05-04,32.5680,32.5843,32.3568,32.3812,81078300
2017-05-05,32.3325,32.6493,32.3243,32.6493,52581000
2017-05-08,32.7387,32.8199,32.6168,32.6412,35951500
2017-05-09,32.8930,33.1530,32.8686,33.0555,70127300
2017-05-10,33.1530,33.2748,33.1123,33.2748,47629100
2017-05-11,33.3154,33.4048,33.1530,33.3479,37366100
2017-05-12,33.3967,33.5185,33.3885,33.4860,65418200
2017-05-15,33.6566,33.8435,33.6323,33.8272,52561000
2017-05-16,33.8029,33.8760,33.7379,33.8597,41936300
2017-05-17,33.5673,33.6079,33.2667,33.2829,63287300
2017-05-18,32.4787,33.0230,32.3487,32.7305,121234700
2017-05-19,33.2098,33.4942,33.2017,33.4292,63742000
2017-05-22,33.4617,33.5673,33.4292,33.4617,46357500
2017-05-23,33.4860,33.5348,33.4048,33.4942,39495600
2017-05-24,33.5023,33.6810,33.4698,33.6241,48549600
2017-05-25,33.8029,33.9003,33.7216,33.7866,39606900
2017-05-26,33.8516,33.9247,33.8191,33.9085,31372700
2017-05-30,33.7216,33.7785,33.6648,33.7297,35122800
2017-05-31,33.7298,33.7298,33.4129,33.4698,80159500
2017-06-01,33.5591,33.7622,33.4779,33.7541,46802100
2017-06-02,33.8760,33.9491,33.7947,33.9247,43699200
2017-06-05,33.9166,33.9978,33.8516,33.8841,39245500
2017-06-06,33.8435,33.9735,33.8272,33.9003,34184900
2017-06-07,33.7947,33.9247,33.6729,33.8597,34745400
2017-06-08,34.0872,34.1034,33.9328,34.0628,48941400
2017-06-09,34.0872,34.1522,33.6160,33.8029,73660800
2017-06-12,33.6079,33.6404,33.4617,33.6241,52374200
2017-06-13,33.8029,33.8272,33.6729,33.7866,38327800
2017-06-14,34.0385,34.0547,33.6648,33.7785,70500400
2017-06-15,33.3723,33.4454,33.2261,33.4292,87660700
2017-06-16,33.5023,33.5429,33.3398,33.4860,53875900
2017-06-19,33.6891,33.8760,33.6648,33.8191,68181200
2017-06-20,33.7228,33.7310,33.4208,33.4453,71372000
2017-06-21,33.6004,33.6820,33.4616,33.5188,54840400
2017-06-22,33.6983,33.8289,33.6167,33.6902,50400700
2017-06-23,33.7473,33.9350,33.7228,33.8697,46141200
2017-06-26,34.1880,34.2859,34.0819,34.1962,44381000
2017-06-27,34.1962,34.1962,33.7881,33.7963,54898400
2017-06-28,33.8942,34.0901,33.8126,34.0574,33600800
2017-06-29,33.8942,33.9024,33.3963,33.6249,66218700
2017-06-30,33.8289,33.9268,33.7554,33.7799,76054300
2017-07-03,33.9676,34.0819,33.9024,33.9758,38427000
2017-07-05,33.7799,33.9268,33.6167,33.9105,49491000
2017-07-06,33.6657,33.7310,33.4535,33.5024,48464800
2017-07-07,33.5922,33.6494,33.4208,33.5677,69254100
2017-07-10,33.6820,33.9105,33.6657,33.8860,38230800
2017-07-11,34.0656,34.2043,33.9676,34.1635,41916900
2017-07-12,34.6450,34.8980,34.6205,34.8246,80106600
2017-07-13,34.8817,35.0123,34.8491,34.9960,38698800
2017-07-14,35.2327,35.4612,35.2163,35.4367,51171300
2017-07-17,35.2979,35.3224,35.2000,35.2735,44288000
2017-07-18,35.2082,35.4122,35.1592,35.3796,49195500
2017-07-19,35.3796,35.7468,35.3796,35.6734,37949700
2017-07-20,35.7060,35.7142,35.5509,35.6326,35990000
2017-07-21,35.6407,35.6489,35.5101,35.6081,34217900
2017-07-24,35.7631,35.7631,35.6081,35.7142,37613800
2017-07-25,35.7550,35.8040,35.6162,35.6244,37103900
2017-07-26,35.6815,35.9590,35.6326,35.9182,49001700
2017-07-27,36.0325,36.0406,35.4693,35.7223,61916500
2017-07-28,35.5918,35.7142,35.5020,35.7060,46072600
2017-07-31,35.7795,35.7795,35.6489,35.7468,60833500
2017-08-01,35.9100,35.9345,35.8121,35.8529,37138400
2017-08-02,35.9182,35.9509,35.6979,35.8856,29234800
2017-08-03,35.7142,35.7387,35.5591,35.7387,45351400
2017-08-04,35.8203,35.8937,35.6570,35.8692,48442700
2017-08-07,35.9998,36.1386,35.9753,36.1141,23791100
2017-08-08,36.2120,36.3834,36.0733,36.1222,33793700
2017-08-09,35.7060,35.8203,35.6081,35.7958,29007400
2017-08-10,35.4938,35.5020,34.9307,34.9470,104326500
2017-08-11,34.9878,35.1755,34.8654,35.0286,52964600
2017-08-14,35.4122,35.5591,35.3469,35.3877,37340400
2017-08-15,35.3632,35.4530,35.2898,35.4285,29467800
2017-08-16,35.7223,35.8203,35.6734,35.7958,43356300
2017-08-17,35.7142,35.7713,35.2898,35.3388,65838600
2017-08-18,35.4775,35.7876,35.3306,35.6407,67014400
2017-08-21,35.7223,35.8448,35.6407,35.7713,27756400
2017-08-22,36.0243,36.2202,35.9917,36.1712,30935800
2017-08-23,36.1059,36.3753,36.0814,36.3426,48383900
2017-08-24,36.5058,36.5385,36.3426,36.4569,52141700
2017-08-25,36.6609,36.7833,36.5956,36.6691,55530900
2017-08-28,36.6527,36.6527,36.4650,36.5385,37424900
2017-08-29,36.5385,36.5385,36.1222,36.4732,45507800
2017-08-30,36.4242,36.5548,36.3997,36.5303,46687600
2017-08-31,36.5385,36.6691,36.4977,36.5875,62118300
2017-09-01,36.7343,36.8731,36.6854,36.8568,55195500
2017-09-05,36.5711,36.6446,36.1875,36.3752,49130500
2017-09-06,36.5140,36.6527,36.4569,36.6119,44733800
2017-09-07,36.7915,36.8813,36.7425,36.8813,39114300
2017-09-08,36.8241,36.8323,36.5711,36.6364,41973600
2017-09-11,36.9384,37.1506,36.9302,37.1261,45287800
2017-09-12,37.1261,37.1587,37.0282,37.0853,49495000
2017-09-13,36.9384,36.9955,36.8078,36.8894,54758700
2017-09-14,36.7996,37.0037,36.7670,36.9874,36057900
2017-09-15,37.0526,37.2567,36.9792,37.2077,47816300
2017-09-18,37.4444,37.5097,37.2893,37.3383,37633400
2017-09-19,37.3628,37.4281,37.2485,37.4199,63741000
2017-09-20,37.4362,37.4934,36.8976,37.2485,78810000
2017-09-21,37.2485,37.3709,37.1669,37.2485,32668200
2017-09-22,37.0445,37.1098,36.9792,37.0363,39264300
2017-09-25,36.7262,36.7262,36.2691,36.4079,85660600
2017-09-26,36.4813,36.5303,36.2528,36.3100,62892900
2017-09-27,36.2039,36.2773,35.9835,36.1794,80084700
2017-09-28,35.9917,36.2039,35.9835,36.1549,54957600
2017-09-29,36.4324,36.6609,36.3589,36.5711,70546800
2017-10-02,36.5711,36.7507,36.5548,36.5793,68124300
2017-10-03,36.8731,37.1669,36.8323,37.1587,54087400
2017-10-04,37.1424,37.2404,37.1016,37.1506,45574100
2017-10-05,37.3056,37.5342,37.2975,37.4281,38759200
2017-10-06,37.0853,37.2648,36.9792,37.2404,44870200
2017-10-09,37.1424,37.2159,37.0771,37.2159,25022400
2017-10-10,37.5015,37.6076,37.4526,37.5831,45691800
2017-10-11,37.5750,37.7708,37.5668,37.7545,48802900
2017-10-12,37.7708,37.8443,37.7055,37.7382,35546600
2017-10-13,38.0810,38.1544,38.0320,38.0810,61902200
2017-10-16,38.1789,38.2116,38.0483,38.0565,34089400
2017-10-17,37.9586,37.9749,37.7872,37.8606,38828200
2017-10-18,37.9912,38.0728,37.8769,37.9504,36187200
2017-10-19,37.5587,37.6403,37.4526,37.6158,51487000
2017-10-20,37.8035,37.8280,37.6892,37.7545,46370200
2017-10-23,37.6892,37.6974,37.4444,37.4525,47564000
2017-10-24,37.5260,37.6566,37.4444,37.4525,40213400
2017-10-25,37.5995,37.6484,37.0771,37.3709,57309600
2017-10-26,37.3954,37.4689,37.1098,37.1179,55320500
2017-10-27,37.3138,37.6974,37.1996,37.6566,55225600
2017-10-30,37.5342,37.6321,37.3709,37.4199,35732500
2017-10-31,37.6484,37.7708,37.5913,37.7708,63902300
2017-11-01,38.1136,38.2360,37.9422,37.9667,51926300
2017-11-02,38.0238,38.0565,37.8361,38.0157,38024500
2017-11-03,37.9830,37.9994,37.6158,37.8198,42909900
2017-11-06,37.9994,38.2524,37.9830,38.2442,30828500
2017-11-07,38.2034,38.2524,37.9422,37.9994,46904400
2017-11-08,38.1136,38.2034,38.0483,38.1789,35006300
2017-11-09,37.9177,38.0238,37.6566,37.9422,39894900
2017-11-10,37.8933,37.9177,37.6974,37.7790,32484400
2017-11-13,37.6484,37.7790,37.5586,37.6974,52239700
2017-11-14,37.6321,37.6729,37.3954,37.4444,56682300
2017-11-15,37.2567,37.3546,37.0935,37.2485,49000900
2017-11-16,37.7953,38.1381,37.7872,38.0238,46316400
2017-11-17,38.1381,38.3748,38.1136,38.2116,46258900
2017-11-20,38.1708,38.4401,38.1544,38.4074,45493800
2017-11-21,38.8726,39.0767,38.8563,38.9216,63587700
2017-11-22,39.0440,39.1175,38.8889,39.0195,60764000
2017-11-24,38.8971,38.9624,38.8563,38.9379,25838000
2017-11-27,38.6115,38.6278,38.3503,38.3666,47853200
2017-11-28,38.6768,38.7829,38.5054,38.6523,54357600
2017-11-29,38.4972,38.4972,37.9504,38.0402,66269800
2017-11-30,37.9259,37.9341,37.5995,37.6239,118059300
2017-12-01,37.5260,37.5995,37.2322,37.4117,88358900
2017-12-04,37.8280,37.8933,37.4525,37.4852,67381600
2017-12-05,37.5097,37.7137,37.4281,37.4607,32126400
2017-12-06,36.8241,37.0363,36.7752,36.9547,81862800
2017-12-07,37.0526,37.1587,36.7670,37.0608,70820800
2017-12-08,37.4770,37.5423,37.3301,37.4934,42794900
2017-12-11,37.6974,37.7545,37.6239,37.6811,46795900
2017-12-12,37.3301,37.5097,37.2648,37.4281,47157800
2017-12-13,37.6648,37.9994,37.6566,37.8769,75946200
2017-12-14,37.7545,37.8525,37.5995,37.5995,50968200
2017-12-15,37.6729,37.7545,37.4852,37.6811,67881200
2017-12-18,38.0075,38.2360,37.9749,38.1055,61186100
2017-12-19,38.1693,38.1693,37.8461,37.9041,51306800
2017-12-20,38.0781,38.1278,37.9456,37.9538,42832800
2017-12-21,38.1113,38.3350,38.0864,38.2024,40602200
2017-12-22,38.3515,38.5338,38.3018,38.5255,40032700
2017-12-26,38.4592,38.5007,38.3267,38.4924,29614100
2017-12-27,38.5421,38.6415,38.4841,38.5918,35373200
2017-12-28,38.9480,38.9812,38.7658,38.8569,34284300
2017-12-29,39.1717,39.2049,38.9895,39.0392,46485100
2018-01-02,39.5860,39.8263,39.5446,39.7766,68969400
2018-01-03,40.0085,40.2157,40.0003,40.1577,56228700
2018-01-04,40.2571,40.4145,40.2405,40.3565,52154900
2018-01-05,40.4476,40.7128,40.4062,40.7045,50026900
2018-01-08,40.6465,40.7790,40.6133,40.7045,36998200
2018-01-09,40.6962,40.7045,40.4559,40.6382,42131600
2018-01-10,40.3317,40.4642,40.2074,40.3814,72183900
2018-01-11,40.3234,40.6382,40.3151,40.6299,38720900
2018-01-12,40.7128,41.0442,40.6051,41.0193,69358300
2018-01-16,41.1767,41.3010,40.7873,40.8619,80418000
2018-01-17,41.1767,41.4998,41.1187,41.4004,65863500
2018-01-18,41.3921,41.5081,41.3341,41.4501,33947000
2018-01-19,41.6573,41.7898,41.5330,41.7898,60503700
2018-01-22,41.7650,42.0384,41.6738,42.0301,49191200
2018-01-23,42.0301,42.2455,41.9638,42.2289,61277300
2018-01-24,42.5023,42.6846,42.2869,42.5852,63963100
2018-01-25,42.6266,42.9414,42.4278,42.5603,61533700
2018-01-26,42.8586,43.1486,42.7592,43.1486,80566200
2018-01-29,42.6266,42.6763,42.4361,42.4941,58884200
2018-01-30,42.0384,42.0881,41.7401,41.9141,87601400
2018-01-31,42.4858,42.5355,41.9555,42.2786,96654200
2018-02-01,41.8975,42.1295,41.6738,41.7070,72143800
2018-02-02,41.2762,41.3010,40.6051,40.6382,116832800
2018-02-05,40.5802,40.9945,39.2132,39.2132,151202100
2018-02-06,39.2049,40.8288,39.0889,40.4891,183650300
2018-02-07,39.7683,40.1991,39.1883,39.2132,156301200
2018-02-08,39.4617,39.4949,37.8047,37.8544,163250200
2018-02-09,38.3681,38.7575,37.3159,38.4592,153419800
2018-02-12,39.0061,39.3457,38.6581,39.0640,104447700
2018-02-13,39.1220,39.4783,39.0806,39.3623,55739700
2018-02-14,39.2795,40.4476,39.2629,40.3482,96491500
2018-02-15,41.0607,41.3093,40.5885,41.1767,95168100
2018-02-16,40.8785,41.4170,40.8702,41.0442,70876400
2018-02-20,40.3151,40.6216,40.2571,40.4808,78660300
2018-02-21,40.8453,41.3093,40.4145,40.4476,66591900
2018-02-22,40.5719,40.8868,40.4394,40.4725,62436300
2018-02-23,40.9696,41.2099,40.7956,41.1933,43623300
2018-02-26,41.3010,41.5744,41.0690,41.5744,51742600
2018-02-27,41.0359,41.0856,40.3648,40.3648,94671000
2018-02-28,40.4559,40.5057,39.7849,39.7849,102169900
2018-03-01,40.0748,40.3896,39.3540,39.7103,112694400
2018-03-02,39.2297,39.9588,39.0309,39.8760,72756200
2018-03-05,39.4452,40.0085,39.3954,39.9340,55905400
2018-03-06,40.6051,40.6216,40.1991,40.3068,57199200
2018-03-07,40.0500,40.3731,39.8677,40.3482,46554800
2018-03-08,40.4228,40.4642,40.1660,40.3565,46733900
2018-03-09,40.6879,41.2347,40.6548,41.2182,58818700
2018-03-12,41.2679,41.4004,41.1022,41.3176,52944500
2018-03-13,41.5081,41.5744,40.7956,40.9447,60376000
2018-03-14,41.2513,41.3093,40.7873,41.0110,51067200
2018-03-15,41.1436,41.2016,40.7128,40.8619,65778900
2018-03-16,40.7128,40.8867,40.6962,40.7708,66155800
2018-03-19,40.5056,40.5968,40.0914,40.3317,65394200
2018-03-20,40.6713,40.8785,40.5802,40.7790,60101700
2018-03-21,40.7293,41.1767,40.6051,41.0193,78575100
2018-03-22,40.0748,40.2737,39.5860,39.6523,87622700
2018-03-23,39.7186,39.7848,38.8321,38.8486,82908800
2018-03-26,39.8511,40.1577,39.3954,40.1080,73320800
2018-03-27,40.1411,40.1991,39.2877,39.3789,84232100
2018-03-28,39.2546,39.3954,38.9149,39.1800,78140800
2018-03-29,39.4617,40.1411,39.4120,40.0002,82685500
2018-04-02,39.7268,39.9091,38.9066,39.2794,72405700
2018-04-03,39.6357,39.7186,39.3209,39.6689,52874500
2018-04-04,38.6001,39.7103,38.5587,39.6854,68352400
2018-04-05,39.8428,39.9837,39.6274,39.7849,48247700
2018-04-06,39.3872,39.6606,38.7741,39.0061,76156700
2018-04-09,39.2877,39.4866,39.0392,39.0475,55352700
2018-04-10,39.6191,39.8677,39.4452,39.8097,87142000
2018-04-11,39.5611,39.9174,39.5529,39.8263,51569200
2018-04-12,39.7434,39.9257,39.6771,39.8097,52968500
2018-04-13,39.7766,39.8180,39.3043,39.4120,56518000
2018-04-16,39.3540,39.4949,39.2297,39.4617,43005800
2018-04-17,39.2877,39.6606,39.2712,39.5446,58168100
2018-04-18,39.6937,40.0251,39.6357,39.8843,80289500
2018-04-19,39.9837,40.0085,39.5197,39.6523,67581100
2018-04-20,39.4286,39.4534,38.9812,39.1552,80997700
2018-04-23,39.0806,39.1883,38.7575,38.8403,74337500
2018-04-24,39.1552,39.2380,38.4675,38.6581,72196800
2018-04-25,38.3681,38.4509,38.1195,38.3598,69106800
2018-04-26,38.5835,38.9398,38.5587,38.9149,45047800
2018-04-27,39.1386,39.2215,38.9149,39.1552,33545000
2018-04-30,39.2960,39.3457,38.8652,38.8735,49179000
2018-05-01,38.6415,38.7409,38.1941,38.6829,75839300
2018-05-02,38.7244,38.8072,38.3432,38.3764,66837900
2018-05-03,38.3515,38.4012,37.7799,38.2935,83449200
2018-05-04,37.9207,38.6001,37.8876,38.4675,60099100
2018-05-07,38.1527,38.4012,38.1278,38.2438,58886100
2018-05-08,38.3350,38.4758,38.0947,38.4592,58783600
2018-05-09,38.5752,38.6167,38.3350,38.5338,46129500
2018-05-10,38.9978,39.4783,38.9315,39.3374,115804000
2018-05-11,39.5031,39.5446,39.1717,39.2712,68838600
2018-05-14,39.4866,39.5860,39.2629,39.3209,34353300
2018-05-15,38.5918,38.6912,38.3432,38.5089,78379300
2018-05-16,38.8735,39.1635,38.8735,39.0889,60004200
2018-05-17,38.6664,38.7741,38.3681,38.4924,73014000
2018-05-18,38.1527,38.2687,38.0615,38.1693,59258700
2018-05-21,38.4841,38.5587,38.2438,38.4012,59330200
2018-05-22,38.5669,38.7326,38.4841,38.5338,32584700
2018-05-23,38.0781,38.5504,38.0698,38.5172,70687800
2018-05-24,38.3101,38.3847,37.8876,38.3101,79762900
2018-05-25,38.3018,38.5255,38.2687,38.4675,39374500
2018-05-29,37.8958,38.0118,37.3822,37.5727,112089900
2018-05-30,37.5810,37.9124,37.4153,37.8710,72813800
2018-05-31,37.8213,38.0450,37.6639,37.8544,92066200
2018-06-01,38.1610,38.4012,38.1113,38.3847,66762200
2018-06-04,38.7078,38.8652,38.6912,38.7741,36302900
2018-06-05,38.6581,38.7243,38.4592,38.4758,40092200
2018-06-06,38.8072,39.0640,38.7244,39.0558,46801500
2018-06-07,38.9149,38.9563,38.2190,38.4592,89752500
2018-06-08,38.2521,38.5504,38.1030,38.3847,73944700
2018-06-11,38.4261,38.5255,38.3267,38.3847,38323500
2018-06-12,38.3681,38.4178,38.1361,38.2852,57189800
2018-06-13,38.3515,38.4095,37.7964,38.0284,100698800
2018-06-14,38.0284,38.1030,37.7301,37.7716,76094800
2018-06-15,37.4236,37.5230,37.2165,37.4733,86066000
2018-06-18,36.9431,37.0673,36.7359,37.0176,83532600
2018-06-19,36.3338,36.6841,36.2004,36.6090,122657600
2018-06-20,36.9426,36.9926,36.7258,36.7675,69822800
2018-06-21,36.5423,36.5590,36.2004,36.2504,86214100
2018-06-22,36.7758,36.7925,36.5006,36.6257,48711000
2018-06-25,36.2838,36.3255,35.7751,36.1337,110854500
2018-06-26,36.1504,36.2171,35.9002,35.9919,69228700
2018-06-27,35.9419,35.9502,35.1913,35.2998,95340400
2018-06-28,35.2664,35.6166,35.1497,35.6000,105345300
2018-06-29,36.0586,36.2338,36.0253,36.1337,108877000
2018-07-02,35.5416,35.8335,35.4665,35.7751,78848700
2018-07-03,36.0086,36.0420,35.7501,35.8001,28637200
2018-07-05,35.9002,35.9335,35.5666,35.7084,67394400
2018-07-06,35.8168,36.3422,35.7918,36.2004,69933900
2018-07-09,36.7007,36.8592,36.5173,36.8508,80552700
2018-07-10,36.7341,36.7841,36.4756,36.7675,63808300
2018-07-11,36.1670,36.3422,35.9085,36.0503,58679200
2018-07-12,36.4923,36.6257,36.3588,36.5423,53833300
2018-07-13,36.5006,36.6507,36.3755,36.5673,40515300
2018-07-16,36.3922,36.4422,36.2337,36.3672,31717300
2018-07-17,36.2254,36.7007,36.1837,36.6340,46911500
2018-07-18,36.4339,36.6257,36.3255,36.5923,41182100
2018-07-19,36.0253,36.3005,35.9085,36.1420,72549300
2018-07-20,36.5006,36.7258,36.4756,36.6590,75114300
2018-07-23,36.4923,36.5089,36.3005,36.4172,57679100
2018-07-24,37.0176,37.1677,36.8425,36.9509,66639400
2018-07-25,37.1928,37.5764,37.0927,37.5513,77820500
2018-07-26,37.2344,37.3429,37.1094,37.1344,68705800
2018-07-27,37.4096,37.4846,37.0677,37.2678,63743400
2018-07-30,37.3512,37.4096,37.1010,37.2094,41541400
2018-07-31,37.2094,37.4679,37.1177,37.4096,88217500
2018-08-01,37.0843,37.2678,36.9759,37.0760,61755000
2018-08-02,36.3171,36.6424,36.2421,36.5840,68678600
2018-08-03,36.7091,36.9092,36.6674,36.8675,41043800
2018-08-06,36.6007,36.7091,36.5006,36.5840,33153800
2018-08-07,37.0093,37.1511,36.9426,36.9593,38719500
2018-08-08,36.8842,36.9593,36.7675,36.9092,30610200
2018-08-09,36.9593,37.0426,36.7758,36.8008,35013900
2018-08-10,35.9752,36.1337,35.9002,36.0169,86629900
2018-08-13,35.6834,35.7667,35.3331,35.4248,75183500
2018-08-14,35.5583,35.7417,35.4916,35.6417,56724600
2018-08-15,34.6410,34.7827,34.2991,34.6160,138633600
2018-08-16,34.9579,35.1163,34.8161,34.8328,78123900
2018-08-17,34.7077,35.2831,34.6243,35.1997,76030400
2018-08-20,35.2831,35.3915,35.1663,35.3581,50762900
2018-08-21,35.7167,35.9502,35.6917,35.8084,70462300
2018-08-22,35.8418,36.1504,35.8418,36.0920,45602900
2018-08-23,35.9669,36.0753,35.4665,35.5082,68878400
2018-08-24,36.0419,36.1921,35.9252,36.1670,69304200
2018-08-27,36.5006,36.8258,36.4923,36.6841,96574800
2018-08-28,36.7841,36.8425,36.4756,36.5506,50093400
2018-08-29,36.4672,36.7925,36.3922,36.7758,58165600
2018-08-30,36.2087,36.2087,35.6917,35.8168,120206400
2018-08-31,35.7668,36.1170,35.7251,36.0003,88660500
2018-09-04,35.4332,35.4332,35.2164,35.2998,76724700
2018-09-05,34.8911,34.9495,34.6827,34.7911,77835800
2018-09-06,34.8578,34.9495,34.5909,34.8244,73104400
2018-09-07,34.7160,34.9745,34.5159,34.6493,61590700
2018-09-10,34.6410,34.6410,34.2657,34.3074,61116600
2018-09-11,33.9738,34.3908,33.8821,34.3825,74608700
2018-09-12,34.2240,34.7661,34.0989,34.5576,116612700
2018-09-13,35.0746,35.2581,34.8661,35.0246,96306500
2018-09-14,35.2164,35.2581,34.8244,34.9912,65202700
2018-09-17,34.7327,34.8661,34.6243,34.6743,74603900
2018-09-18,34.8411,35.0663,34.8328,35.0079,52000700
2018-09-19,35.2998,35.5333,35.2914,35.4916,55892400
2018-09-20,35.8001,35.9085,35.6000,35.8835,93427400
2018-09-21,35.9335,36.1087,35.8835,36.0503,102750700
2018-09-24,35.6333,35.6834,35.5166,35.6417,54411700
2018-09-25,35.7000,35.8668,35.6583,35.7834,49467000
2018-09-26,35.8418,36.2838,35.8085,35.8585,84080400
2018-09-27,35.9669,36.1504,35.9335,36.0336,45547200
2018-09-28,35.7668,35.9836,35.6750,35.7918,64732800
2018-10-01,35.9669,35.9919,35.7167,35.8001,31030500
2018-10-02,35.3331,35.5249,35.2414,35.3498,57719700
2018-10-03,35.6000,35.6250,34.9578,35.0579,76571200
2018-10-04,34.6993,34.7077,34.0322,34.1823,132360900
2018-10-05,34.1990,34.2574,33.7403,34.0572,80578500
2018-10-08,33.8237,34.1823,33.7570,34.1073,59744400
2018-10-09,33.8321,34.1573,33.7153,33.9822,60976800
2018-10-10,33.8070,33.8154,32.9648,32.9731,99036700
2018-10-11,32.7897,33.1399,32.3310,32.6396,168923800
2018-10-12,33.5735,33.6569,33.1399,33.5986,116892100
2018-10-15,33.3067,33.4735,33.1733,33.2400,52651000
2018-10-16,33.6569,34.1073,33.5986,34.0739,65949500
2018-10-17,33.8154,33.8404,33.4902,33.6569,69718700
2018-10-18,33.2984,33.3234,32.6562,32.7730,107005100
2018-10-19,33.2817,33.4902,33.0065,33.0815,81176200
2018-10-22,33.6403,33.7070,33.2900,33.4401,67724900
2018-10-23,32.6479,33.2650,32.4644,33.0732,89864600
2018-10-24,32.9064,32.9481,31.9891,32.0058,87632500
2018-10-25,32.3727,32.8480,32.2810,32.6229,80961600
2018-10-26,31.9474,32.4978,31.8056,32.2476,139198800
2018-10-29,32.5312,32.5812,31.3387,31.6889,102322800
2018-10-30,31.8807,32.3143,31.8140,32.3060,99881500
2018-10-31,32.6562,32.8480,32.5228,32.6562,92768300
2018-11-01,33.1733,33.8487,32.9898,33.8237,120482200
2018-11-02,34.3991,34.5242,33.6986,34.0406,111324700
2018-11-05,34.0322,34.2073,33.9488,34.1323,58319600
2018-11-06,33.9655,34.1323,33.8904,34.0739,40847800
2018-11-07,34.5326,34.7744,34.3157,34.7160,81011500
2018-11-08,34.2657,34.3824,33.7070,33.8154,90610900
2018-11-09,33.2984,33.3401,32.9314,33.1899,82943700
2018-11-12,33.0815,33.1399,32.6396,32.7229,68569700
2018-11-13,33.0398,33.4234,32.8897,33.0982,106305600
2018-11-14,33.4068,33.5152,32.9981,33.2984,96621100
2018-11-15,33.4735,34.2324,33.4068,34.0406,146475800
2018-11-16,33.7654,34.2824,33.6653,34.1073,135075800
2018-11-19,33.8738,33.9238,33.5569,33.6486,77777300
2018-11-20,33.1232,33.2817,32.8064,32.9231,98272800
2018-11-21,33.5319,33.7570,33.4652,33.5319,68104600
2018-11-23,33.1399,33.3150,33.1149,33.1399,32048200
2018-11-26,33.6069,33.7070,33.4234,33.5485,76320100
2018-11-27,33.4318,33.7820,33.3817,33.7820,81069100
2018-11-28,34.0155,34.6160,33.7487,34.5909,121010900
2018-11-29,34.3491,34.5242,34.1239,34.2907,104239600
2018-11-30,34.1573,34.3324,34.0239,34.2574,92961200
2018-12-03,35.1330,35.1497,34.7744,34.9495,125024100
2018-12-04,34.9829,35.0412,34.1239,34.2073,134758200
2018-12-06,33.2984,33.9238,33.0899,33.8904,165155100
2018-12-07,33.8404,34.0656,33.1733,33.2567,134304600
2018-12-10,33.0315,33.0899,32.4978,32.9064,104465300
2018-12-11,33.3734,33.3817,32.9231,33.1566,104014700
2018-12-12,33.7737,34.0072,33.6736,33.6986,89712200
2018-12-13,33.8237,33.9238,33.6486,33.6903,72445400
2018-12-14,33.2650,33.5068,33.1899,33.2150,94915600
2018-12-17,33.2650,33.3901,32.7980,32.9064,109276200
2018-12-18,33.1553,33.3330,33.0368,33.1299,102509800
2018-12-19,33.2907,33.6293,32.3088,32.5797,204046200
2018-12-20,32.9098,33.1214,32.5543,32.8336,183908800
2018-12-21,32.9267,33.1045,32.4358,32.6051,143673400
2018-12-24,32.5374,32.7744,32.3004,32.3004,50709500
2018-12-26,32.5120,32.9775,32.1988,32.9437,96347200
2018-12-27,32.5035,32.9352,32.3681,32.9013,81792700
2018-12-28,33.1722,33.4007,33.0114,33.2145,72869100
2018-12-31,33.4346,33.4685,32.9521,33.0622,72972200
2019-01-02,32.6643,33.1722,32.6559,33.1468,57198800
2019-01-03,32.7828,32.8082,32.4189,32.5458,62767600
2019-01-04,33.0198,33.7393,32.9437,33.5954,103055100
2019-01-07,33.6208,33.8155,33.4261,33.6716,76597000
2019-01-08,33.6885,33.8578,33.4938,33.7986,70518200
2019-01-09,34.1456,34.5858,34.1371,34.3995,125118800
2019-01-10,34.2133,34.6704,34.2133,34.6450,85207600
2019-01-11,34.3657,34.5350,34.2810,34.4757,63136200
2019-01-14,34.0356,34.3488,33.9763,34.1879,76217000
2019-01-15,34.3826,34.6112,34.3234,34.4249,78913000
2019-01-16,34.6704,34.9667,34.6619,34.8482,82543600
2019-01-17,34.5688,35.1698,34.5350,35.0005,85522800
2019-01-18,35.1444,35.3137,35.0598,35.1698,98168900
2019-01-22,34.7550,34.8312,34.4080,34.5604,101294900
2019-01-23,34.8820,34.9413,34.6196,34.9159,66625200
2019-01-24,34.9413,35.2798,34.9413,35.2545,76076900
2019-01-25,35.6354,35.8131,35.5846,35.7200,105779500
2019-01-28,35.1867,35.3730,35.0767,35.3476,85543100
2019-01-29,35.5253,35.5422,35.3222,35.4068,56518900
2019-01-30,35.6184,36.2533,35.4491,36.1771,127796800
2019-01-31,36.2194,36.5157,36.2109,36.4818,119929200
2019-02-01,36.2109,36.2617,36.0840,36.1940,65766100
2019-02-04,36.0840,36.3548,36.0078,36.2533,45770200
2019-02-05,36.4225,36.7865,36.3633,36.7527,81720100
2019-02-06,36.5834,36.6088,36.1771,36.2533,58194900
2019-02-07,35.9655,36.1517,35.5761,35.8893,101061400
2019-02-08,35.6269,35.7454,35.4237,35.6861,64212200
2019-02-11,35.7539,35.7708,35.5507,35.5676,42213400
2019-02-12,35.8639,36.0163,35.8131,35.8639,66073100
2019-02-13,35.8808,35.9485,35.5253,35.6100,82318100
2019-02-14,35.3984,35.8046,35.3306,35.6777,91302500
2019-02-15,35.6608,35.6608,35.5084,35.6269,72362200
2019-02-19,35.4915,35.9824,35.4915,35.9062,64391100
2019-02-20,36.1009,36.3379,36.0078,36.1094,73694800
2019-02-21,36.0840,36.1178,35.8639,36.0332,48092400
2019-02-22,36.3379,36.5326,36.2617,36.4310,58022200
2019-02-25,36.8373,37.0151,36.7527,36.8373,66533800
2019-02-26,36.5834,36.8373,36.5580,36.7103,58330600
2019-02-27,36.4733,36.5326,36.2702,36.3972,69471200
2019-02-28,36.1602,36.1771,35.9231,35.9231,87434700
2019-03-01,36.2109,36.2363,35.8978,35.9655,94263900
2019-03-04,36.1602,36.2109,35.7031,36.0163,94168300
2019-03-05,36.1855,36.4310,36.1094,36.3718,54576700
2019-03-06,36.3887,36.4395,36.1094,36.1686,61237800
2019-03-07,35.9570,35.9655,35.4407,35.4999,83415300
2019-03-08,35.0767,35.2798,35.0344,35.2460,97742100
2019-03-11,35.5592,35.9485,35.5592,35.9062,63002300
2019-03-12,36.0924,36.1855,36.0247,36.0924,42726900
2019-03-13,36.1094,36.1855,36.0163,36.1348,61450000
2019-03-14,35.9909,36.0078,35.7962,35.9401,58460400
2019-03-15,36.2702,36.5157,36.2448,36.4649,139870800
2019-03-18,36.7273,36.8881,36.6765,36.8712,42149100
2019-03-19,36.9135,37.0235,36.8035,36.8881,53192700
2019-03-20,36.7696,37.2521,36.5157,36.9473,90678800
2019-03-21,36.7527,37.0066,36.6680,36.9981,71400600
2019-03-22,36.4395,36.5241,35.8808,35.9147,118616600
2019-03-25,35.8385,36.1094,35.8046,35.9993,53285300
2019-03-26,36.1178,36.2109,35.9147,36.1094,57145800
2019-03-27,35.9231,35.9993,35.6015,35.7200,72804300
2019-03-28,35.8385,35.9993,35.7115,35.9570,41052500
2019-03-29,36.3548,36.3972,36.1602,36.3294,70439100
2019-04-01,36.8204,36.9643,36.7357,36.9304,70455500
2019-04-02,36.9643,36.9812,36.6934,36.8119,48692200
2019-04-03,37.1674,37.3621,37.0151,37.0658,73639400
2019-04-04,37.0574,37.3621,37.0405,37.2944,47028400
2019-04-05,37.3960,37.5991,37.3621,37.5822,50360800
2019-04-08,37.3960,37.6160,37.3367,37.5822,30209000
2019-04-09,37.6076,37.6330,37.4721,37.5060,49530300
2019-04-10,37.6668,37.7853,37.5906,37.6838,51143400
2019-04-11,37.4129,37.4383,37.1759,37.2775,55153600
2019-04-12,37.6499,37.6837,37.4637,37.5483,54695700
2019-04-15,37.5145,37.5314,37.2097,37.3536,37957800
2019-04-16,37.5145,37.6838,37.5145,37.6330,43860100
2019-04-17,37.8954,37.9546,37.6499,37.7430,56935400
2019-04-18,37.6076,37.7938,37.4975,37.7176,56639800
2019-04-22,37.3621,37.5145,37.2944,37.4721,35929100
2019-04-23,37.4129,37.6245,37.3706,37.5568,32829900
2019-04-24,37.3029,37.3113,36.9304,37.0489,68961600
2019-04-25,36.8204,37.0066,36.7103,36.9981,61168500
2019-04-26,37.0574,37.2097,36.9389,37.1420,55441700
2019-04-29,37.2436,37.2859,37.1420,37.2182,34398300
2019-04-30,37.1166,37.2690,36.9304,37.1843,69577000
2019-05-01,37.2521,37.5399,36.8542,36.9050,98629100
2019-05-02,36.9897,37.1166,36.7780,36.9897,53101500
2019-05-03,37.2605,37.4806,37.2097,37.4298,56642000
2019-05-06,36.2617,36.7273,36.2194,36.6596,80977000
2019-05-07,36.2787,36.2787,35.7285,35.9401,94189000
2019-05-08,36.0416,36.1940,35.8724,35.8893,73548600
2019-05-09,35.0852,35.4915,34.8312,35.3222,130849000
2019-05-10,35.4237,35.6438,34.9921,35.5338,90343300
2019-05-13,34.4334,34.5942,34.1795,34.3488,154670900
2019-05-14,34.8143,34.9582,34.6873,34.8312,89406800
2019-05-15,34.6196,34.9667,34.5688,34.8989,79039500
2019-05-16,34.8482,35.0598,34.7127,34.7297,60101000
2019-05-17,34.1541,34.3911,34.0694,34.1033,83972200
2019-05-20,34.0017,34.1118,33.8324,33.9594,53810000
2019-05-21,34.1879,34.3995,34.1033,34.3911,59832600
2019-05-22,34.3488,34.3826,34.1879,34.2218,44117200
2019-05-23,33.7563,33.9255,33.6462,33.7816,86731100
2019-05-24,34.0440,34.0864,33.7816,33.8155,66379700
2019-05-28,34.1710,34.2133,33.8663,33.9340,98395200
2019-05-29,33.7986,34.1710,33.7562,34.1541,82060400
2019-05-30,34.2641,34.4757,34.2387,34.3403,69626300
2019-05-31,34.1795,34.5434,34.1541,34.4588,85220400
2019-06-03,34.7466,34.9582,34.6789,34.7720,75619900
2019-06-04,34.6281,34.8736,34.5519,34.8482,64141900
2019-06-05,34.8905,34.9074,34.4757,34.5688,64072200
2019-06-06,34.5688,34.6619,34.4419,34.5858,47722500
2019-06-07,34.7720,35.1444,34.7550,34.8566,63584200
2019-06-10,35.1783,35.3899,35.1021,35.2206,57245800
2019-06-11,35.6777,35.7369,35.5169,35.6184,69040600
2019-06-12,35.3645,35.3899,35.1698,35.2375,55120600
2019-06-13,35.2883,35.3476,35.0682,35.1783,59717500
2019-06-14,34.9497,34.9667,34.7720,34.7889,71468300
2019-06-17,34.8154,34.9945,34.8154,34.9262,48715600
2019-06-18,35.3100,35.8474,35.3015,35.7706,112482400
2019-06-19,35.8388,36.2482,35.7535,36.0691,105746200
2019-06-20,36.8282,36.8538,36.4529,36.5979,89200400
2019-06-21,36.4529,36.5638,36.3932,36.4785,55544000
2019-06-24,36.4614,36.5211,36.3932,36.4273,37025600
2019-06-25,36.2823,36.3250,36.0009,36.0520,62167500
2019-06-26,36.3335,36.5211,36.3079,36.3932,45126700
2019-06-27,36.5467,36.6661,36.4870,36.6491,42358200
2019-06-28,36.6491,36.6747,36.4870,36.5979,66235700
2019-07-01,37.2717,37.3058,36.8964,37.0329,73169000
2019-07-02,36.9988,37.0244,36.8367,36.9391,67518700
2019-07-03,36.7685,36.8708,36.7173,36.8708,31218500
2019-07-05,36.6150,36.7003,36.4273,36.6150,51678000
2019-07-08,36.3591,36.4444,36.2994,36.3932,37679000
2019-07-09,36.1032,36.3250,36.0947,36.2823,28227600
2019-07-10,36.6491,36.7856,36.5553,36.5894,53673100
2019-07-11,36.7173,36.7173,36.4188,36.5211,44486100
2019-07-12,36.5553,36.5808,36.4017,36.5467,30512200
2019-07-15,36.7003,36.7600,36.6491,36.6832,28026300
2019-07-16,36.7258,36.8282,36.5979,36.6320,37093700
2019-07-17,36.6150,36.6832,36.4785,36.5211,32865600
2019-07-18,36.5041,36.7855,36.4870,36.7429,63374400
2019-07-19,36.8453,36.8623,36.5212,36.5553,81774700
2019-07-22,36.6491,36.7003,36.5382,36.5638,29826200
2019-07-23,36.6064,36.6917,36.4615,36.6064,37246400
2019-07-24,36.5638,36.6917,36.5638,36.6661,40358800
2019-07-25,36.5894,36.7685,36.2738,36.3420,55327700
2019-07-26,36.4870,36.5211,36.3165,36.4188,33068600
2019-07-29,36.2994,36.3762,36.1715,36.3506,31912400
2019-07-30,36.0691,36.1203,35.9582,36.0691,57335800
2019-07-31,36.0521,36.0776,35.2077,35.6256,98764700
2019-08-01,35.6341,35.9071,34.8324,34.9262,139325900
2019-08-02,34.7898,34.8665,34.4827,34.5851,92796300
2019-08-05,33.6298,33.6980,33.1351,33.3057,131194100
2019-08-06,33.8772,33.9539,33.5616,33.7833,88071500
2019-08-07,33.4422,33.9539,33.3057,33.9369,106772500
2019-08-08,34.1501,34.3718,34.0648,34.3548,81187700
2019-08-09,34.1416,34.1927,33.8601,34.0051,64704000
2019-08-12,33.5786,33.7066,33.5019,33.5957,78559800
2019-08-13,33.3398,34.2098,33.2801,34.0222,110271800
2019-08-14,33.3398,33.4251,33.0243,33.0413,102911500
2019-08-15,33.3484,33.3995,33.1010,33.2631,78018300
2019-08-16,33.5701,33.8601,33.5701,33.7236,52047900
2019-08-19,34.1501,34.1586,33.8345,33.8601,43330900
2019-08-20,33.9710,34.0904,33.8857,33.9283,44920900
2019-08-21,34.2866,34.2866,34.0904,34.2524,39677100
2019-08-22,33.9966,34.0477,33.7151,33.8089,41603000
2019-08-23,33.7322,34.0477,33.2545,33.3057,80560300
2019-08-26,33.5445,33.5872,33.3995,33.4848,58145000
2019-08-27,33.7151,33.8345,33.5189,33.5445,62899100
2019-08-28,33.4848,33.6981,33.3995,33.6383,49483900
2019-08-29,33.8516,34.0392,33.7322,34.0136,43359900
2019-08-30,34.2951,34.3036,34.0819,34.2780,57071300
2019-09-03,33.8857,34.0733,33.8857,34.0648,50339600
2019-09-04,34.5339,34.6789,34.4571,34.6362,65958900
2019-09-05,35.0456,35.1565,35.0115,35.0286,72704000
2019-09-06,35.2247,35.3015,35.1394,35.1821,48716200
2019-09-09,35.2759,35.3953,35.1821,35.2930,38554200
2019-09-10,35.2589,35.3868,35.1139,35.3186,48449600
2019-09-11,35.4465,35.5915,35.3868,35.5659,62563900
2019-09-12,35.7962,36.0350,35.6682,35.8218,74590100
2019-09-13,36.0350,36.1203,35.9582,36.0265,58403500
2019-09-16,35.7450,35.9156,35.6597,35.7450,62905800
2019-09-17,35.4209,35.7706,35.3953,35.7450,98835700
2019-09-18,35.6853,35.7365,35.3186,35.6000,70984700
2019-09-19,35.6000,35.7194,35.3953,35.4550,52527900
2019-09-20,35.7194,35.7621,35.3441,35.4891,84880500
2019-09-23,35.3186,35.5403,35.3186,35.5233,41828800
2019-09-24,35.5062,35.5147,35.1139,35.1480,57006500
2019-09-25,34.9177,35.1992,34.7898,35.1224,43393200
2019-09-26,35.1821,35.2247,35.0115,35.1139,37645800
2019-09-27,35.1139,35.1992,34.5339,34.6618,79236200
2019-09-30,34.9518,35.0542,34.8154,34.8580,43961000
2019-10-01,34.8836,34.8921,34.5851,34.6107,48520000
2019-10-02,34.3548,34.4060,34.1757,34.3462,41806300
2019-10-03,34.4657,34.7898,34.3718,34.7898,62287700
2019-10-04,34.6874,35.0115,34.6533,34.9433,54314800
2019-10-07,34.7301,34.9092,34.6277,34.6533,57065700
2019-10-08,34.5851,34.6277,34.3804,34.4060,57784200
2019-10-09,34.6874,34.8068,34.6277,34.6704,41122500
2019-10-10,34.7983,35.1736,34.7898,35.0286,49289100
2019-10-11,35.5659,35.8644,35.5062,35.5915,95248800
2019-10-14,35.5488,35.6000,35.4294,35.4380,29228200
2019-10-15,35.5403,35.8303,35.5233,35.7535,50663000
2019-10-16,35.7194,35.8900,35.6427,35.8559,40768400
2019-10-17,36.1373,36.1544,35.9412,35.9923,56380200
2019-10-18,35.9156,36.0094,35.7109,35.8047,78858900
2019-10-21,35.9582,36.1373,35.9071,36.1288,38432200
2019-10-22,36.1544,36.2823,36.1032,36.1544,53409500
2019-10-23,36.0094,36.2056,35.9838,36.1629,43342700
2019-10-24,36.3165,36.3250,36.1373,36.1629,61391900
2019-10-25,36.1629,36.4444,36.1459,36.4188,49443700
2019-10-28,36.5894,36.7258,36.5723,36.6320,56279100
2019-10-29,36.4444,36.5553,36.4103,36.4444,33949800
2019-10-30,36.3591,36.6064,36.2056,36.6064,60881000
2019-10-31,36.4700,36.4785,36.1288,36.3165,56057700
2019-11-01,36.7002,36.8879,36.6832,36.8623,72772400
2019-11-04,37.3314,37.3740,37.1694,37.2291,62191600
2019-11-05,37.4508,37.4764,37.2717,37.4423,62354500
2019-11-06,37.4167,37.4508,37.2035,37.3229,61670500
2019-11-07,37.6043,37.7408,37.5532,37.5958,97598200
2019-11-08,37.2973,37.3826,37.1779,37.2546,68666900
2019-11-11,36.7941,37.0329,36.7600,36.9902,47092800
2019-11-12,36.8964,36.9135,36.6832,36.7514,57453500
2019-11-13,36.3847,36.5382,36.3335,36.4700,63134600
2019-11-14,36.4359,36.5467,36.3079,36.4956,48737400
2019-11-15,36.7344,36.8623,36.7003,36.7856,67670700
2019-11-18,36.7941,36.8623,36.6917,36.7258,52545500
2019-11-19,36.9988,36.9988,36.7514,36.8026,40853600
2019-11-20,36.6747,36.8111,36.4870,36.6406,51991800
2019-11-21,36.4956,36.5808,36.4017,36.5638,43842600
2019-11-22,36.6320,36.6661,36.4785,36.5638,23519900
2019-11-25,36.7941,36.9647,36.7600,36.9305,57048200
2019-11-26,36.7259,36.8367,36.5809,36.8197,49571200
2019-11-27,36.7514,36.8794,36.6832,36.8623,30402300
2019-11-29,36.3676,36.4359,36.2823,36.2823,35476600
2019-12-02,36.3932,36.4017,36.1373,36.2738,59762300
2019-12-03,35.9582,36.0947,35.7962,36.0862,50471700
2019-12-04,36.3591,36.4188,36.3079,36.3591,47026100
2019-12-05,36.4359,36.5723,36.3762,36.5211,43346400
2019-12-06,36.7344,36.7856,36.6576,36.7344,56766600
2019-12-09,36.7003,36.8197,36.5723,36.5894,37622000
2019-12-10,36.6661,36.7941,36.5979,36.7173,34791300
2019-12-11,36.9220,37.2888,36.9050,37.2546,60083200
2019-12-12,37.3655,37.9540,37.3314,37.9028,132196700
2019-12-13,37.9967,38.2696,37.7834,37.8858,160526800
2019-12-16,38.2334,38.3379,38.1724,38.2072,81828000
2019-12-17,38.5034,38.5992,38.4337,38.5557,79046200
2019-12-18,38.7299,38.7735,38.6428,38.7648,67065000
2019-12-19,38.6428,38.7909,38.6167,38.7822,59364600
2019-12-20,38.8257,38.9128,38.7647,38.8606,69295600
2019-12-23,38.8431,38.9128,38.7996,38.9128,29479500
2019-12-24,38.8344,38.8693,38.7473,38.8257,18951500
2019-12-26,38.9738,39.1219,38.9564,39.1045,24947900
2019-12-27,39.3571,39.3745,39.1567,39.2613,48407900
2019-12-30,39.3571,39.3571,38.9477,39.0000,44522800
2019-12-31,39.0261,39.1306,38.9215,39.0871,47292800
2020-01-02,39.5139,39.8798,39.5052,39.8798,78570100
2020-01-03,39.2264,39.4268,39.1219,39.1393,78998200
2020-01-06,38.8519,39.0871,38.8431,39.0435,40085300
2020-01-07,39.0174,39.1132,38.9303,39.0174,65705300
2020-01-08,38.9651,39.4616,38.9303,39.2439,86913300
2020-01-09,39.6184,39.6184,39.4268,39.5052,53199900
2020-01-10,39.7578,39.8711,39.6620,39.7143,67573300
2020-01-13,39.9930,40.3502,39.9059,40.3328,79593800
2020-01-14,40.0976,40.1324,39.9146,40.1063,75746900
2020-01-15,39.9582,40.0017,39.7317,39.7927,60620600
2020-01-16,40.0540,40.1063,39.9233,40.0453,50712700
2020-01-17,40.1760,40.2979,40.0801,40.2718,72382100
2020-01-21,39.4355,39.5052,39.2264,39.2526,106662600
2020-01-22,39.6881,39.7056,39.4616,39.5749,57584900
2020-01-23,38.9564,39.2874,38.7473,39.1655,88714300
2020-01-24,39.2177,39.2264,38.6689,38.8519,88654500
2020-01-27,37.2316,39.1742,37.1619,37.5103,129321800
2020-01-28,37.6497,37.8936,37.4842,37.8239,82396700
2020-01-29,38.1201,38.1463,37.8936,38.0069,51814700
2020-01-30,37.1619,37.4842,36.9615,37.4406,105864200
2020-01-31,36.8483,36.8744,36.4824,36.6828,99532200
2020-02-03,36.8222,37.1793,36.8134,37.0922,71309200
2020-02-04,38.0504,38.2682,38.0243,38.0504,73939300
2020-02-05,38.7299,38.7386,38.2421,38.2682,74350800
2020-02-06,38.6167,38.6341,38.2943,38.3031,80118800
2020-02-07,37.9198,37.9372,37.6758,37.7717,58449900
2020-02-10,37.7891,38.0069,37.7891,37.9807,45350800
2020-02-11,38.4511,38.6863,38.3989,38.4773,58708400
2020-02-12,38.8431,39.0609,38.7647,39.0000,41641100
2020-02-13,38.5818,38.7212,38.4686,38.4860,64757500
2020-02-14,38.7299,38.7386,38.3640,38.5034,45095300
2020-02-18,38.2334,38.3727,38.1637,38.2508,40176200
2020-02-19,38.5470,38.6167,38.4947,38.5295,45651500
2020-02-20,38.2247,38.6254,37.8065,37.9285,109316300
2020-02-21,37.8414,37.9198,37.6584,37.7107,70553100
2020-02-24,36.1165,36.5086,36.0904,36.2995,101505600
2020-02-25,36.8309,36.8918,36.0120,36.0120,118601100
2020-02-26,36.4389,36.7960,36.2733,36.2995,109411100
2020-02-27,35.8988,36.1688,35.4196,35.4284,151063200
2020-02-28,34.4527,35.3848,34.2175,35.2977,201191200
2020-03-02,35.4022,36.0730,35.1932,36.0643,135152300
2020-03-03,36.0730,36.6566,35.5677,35.8204,141798700
2020-03-04,36.3605,36.5260,36.1601,36.4563,80064800
2020-03-05,36.1688,36.3082,35.5416,35.6897,107474200
2020-03-06,35.0799,35.1845,34.6792,34.9580,104006900
2020-03-09,32.4317,33.1896,31.8829,32.5711,143376900
2020-03-10,33.9300,34.2611,33.2506,34.2262,142773700
2020-03-11,33.2767,33.3899,32.4230,32.6321,137795400
2020-03-12,29.7313,30.2017,28.6511,29.3654,171341200
2020-03-13,31.8916,31.9700,29.9490,31.4822,128272900
2020-03-16,27.8758,29.1650,27.5186,27.5535,101553900
2020-03-17,28.3636,29.4525,27.9019,29.4525,92310900
2020-03-18,26.9263,27.8932,26.2642,26.9088,101136100
2020-03-19,26.8391,27.4838,26.3513,27.1179,68919700
2020-03-20,28.3897,28.5030,27.2224,27.3183,100290200
2020-03-23,27.0569,27.1440,26.2206,26.6649,97832900
2020-03-24,28.4072,28.7208,28.1807,28.6685,84450500
2020-03-25,29.1912,30.0797,28.9124,29.6790,79588900
2020-03-26,29.9316,30.8811,29.8619,30.8027,89991500
2020-03-27,29.1389,29.5832,28.9124,29.0518,74103800
2020-03-30,29.1563,29.5570,28.9385,29.5309,47544900
2020-03-31,29.6006,30.0971,29.5483,29.7313,64131300
2020-04-01,28.8340,29.0344,28.4159,28.4594,65580600
2020-04-02,28.9995,29.5657,28.9211,29.4177,55784000
2020-04-03,29.3480,29.4960,28.7033,28.8601,68672500
2020-04-06,30.0013,30.4456,29.8793,30.4369,82394800
2020-04-07,31.4386,31.4648,30.5327,30.5937,74322600
2020-04-08,30.6721,30.9857,30.4369,30.9073,47112900
2020-04-09,31.2383,31.4386,30.7156,30.7940,67239300
2020-04-13,30.7853,30.8811,30.4891,30.8376,38193400
2020-04-14,31.5432,31.7784,31.3690,31.5432,52817400
2020-04-15,30.7940,30.8898,30.5937,30.7330,60775200
2020-04-16,31.1686,31.2034,30.7940,30.8986,37215100
2020-04-17,31.7348,31.7784,31.3602,31.5867,40870300
2020-04-20,31.2557,31.5693,31.1250,31.1860,44402700
2020-04-21,30.4717,30.6459,30.2626,30.3236,46166600
2020-04-22,31.1686,31.2470,31.0902,31.1512,37455800
2020-04-23,31.3951,31.6129,31.0205,31.0379,40733100
2020-04-24,31.0902,31.1338,30.7069,30.9944,30553700
2020-04-27,31.4038,31.6826,31.3515,31.6216,30617400
2020-04-28,32.0746,32.1007,31.6651,31.6826,34463600
2020-04-29,32.2227,32.6669,32.1617,32.6059,45483100
2020-04-30,32.4404,32.5450,31.7087,31.9178,59181700
2020-05-01,31.1425,31.2557,30.6633,30.7679,56829000
2020-05-04,30.8898,31.1338,30.7679,31.0989,37036200
2020-05-05,31.4125,31.5693,31.2383,31.2731,41772700
2020-05-06,31.4648,31.4996,31.1599,31.1773,36584500
2020-05-07,31.4735,31.5693,31.2818,31.4299,36883300
2020-05-08,31.8306,32.1878,31.8045,32.0920,60613000
2020-05-11,31.9003,32.0920,31.8481,31.8829,31053700
2020-05-12,32.1442,32.3707,31.7522,31.7610,49641400
2020-05-13,32.1181,32.1878,31.4909,31.7000,55002900
2020-05-14,31.0902,31.8742,30.9770,31.8219,58633700
2020-05-15,31.3254,31.5345,31.2209,31.3864,40402000
2020-05-18,32.1617,32.6843,32.1530,32.6147,47487700
2020-05-19,32.5624,32.7192,32.3359,32.3533,36152600
2020-05-20,32.8673,33.0241,32.5972,32.7802,43140300
2020-05-21,32.5798,32.6930,32.2488,32.4056,42845500
2020-05-22,31.9003,31.9003,31.6303,31.7348,47355000
2020-05-26,32.7366,32.8673,32.3969,32.4317,54511200
2020-05-27,32.5798,32.6059,32.1530,32.5362,47182400
2020-05-28,32.6408,32.7976,32.2923,32.3098,53388700
2020-05-29,32.5362,32.9282,32.3098,32.8673,63616700
2020-06-01,33.1722,33.6513,33.1112,33.6251,49360200
2020-06-02,34.0346,34.4701,33.9562,34.4266,54010500
2020-06-03,34.8883,35.2977,34.8360,35.2280,60769300
2020-06-04,34.7663,35.0015,34.5572,34.7315,50969300
2020-06-05,35.6287,35.8552,35.5590,35.6461,52467500
2020-06-08,35.5416,35.8813,35.3325,35.8639,39777100
2020-06-09,35.3500,35.6984,35.2193,35.6200,44389800
2020-06-10,35.7245,35.9859,35.4284,35.8813,81172700
2020-06-11,34.7228,34.9144,33.9649,34.0084,91271100
2020-06-12,34.8621,34.9318,34.2175,34.7315,73779500
2020-06-15,33.8378,34.6176,33.7326,34.4160,76868600
2020-06-16,35.2835,35.2835,34.3898,34.6351,79638000
2020-06-17,34.9330,35.1433,34.8629,34.9680,61471100
2020-06-18,34.8804,35.1170,34.8717,34.9856,48131400
2020-06-19,35.4587,35.4675,34.8541,34.9768,72411300
2020-06-22,35.2134,35.4850,35.1345,35.4061,39024200
2020-06-23,35.8267,35.9844,35.7128,35.7478,32995800
2020-06-24,35.6077,35.7128,35.0294,35.2747,51150200
2020-06-25,35.1520,35.4324,35.0294,35.4236,48199000
2020-06-26,35.3185,35.3360,34.8454,34.9943,53901200
2020-06-29,35.0031,35.1696,34.8016,35.1520,34712700
2020-06-30,35.0907,35.1257,34.8191,35.0381,67644600
2020-07-01,35.2309,35.5638,35.2046,35.4324,51766200
2020-07-02,36.1947,36.4488,36.0808,36.2385,42240200
2020-07-06,37.4827,37.8068,37.4827,37.7981,69159900
2020-07-07,37.3162,37.5703,37.1497,37.1672,34004100
2020-07-08,37.6754,38.1310,37.6316,38.1310,42278100
2020-07-09,38.4640,38.5165,37.7893,38.1310,64950400
2020-07-10,37.8769,37.9383,37.6316,37.8857,45293500
2020-07-13,38.1485,38.4289,37.5615,37.6316,47039600
2020-07-14,37.1935,37.7893,37.1059,37.6842,56528000
2020-07-15,37.9120,37.9821,37.6491,37.7981,48309100
2020-07-16,37.0708,37.2986,37.0183,37.2636,36512000
2020-07-17,37.5352,37.5528,37.2811,37.4739,40913000
2020-07-20,37.6842,37.9996,37.5790,37.9558,23319300
2020-07-21,38.5516,38.5691,38.2887,38.3063,44420500
2020-07-22,38.2975,38.2975,37.9295,38.1398,31232200
2020-07-23,38.1135,38.2624,37.6491,37.8331,39243400
2020-07-24,37.4301,37.7981,37.3512,37.7981,30184800
2020-07-27,38.0609,38.4114,37.9470,38.3851,39112200
2020-07-28,38.3150,38.3588,38.0259,38.0697,31219100
2020-07-29,38.4202,38.7881,38.4202,38.6830,37830900
2020-07-30,38.2274,38.3413,37.8419,38.1923,47900300
2020-07-31,38.2274,38.2362,37.6404,37.9295,62457700
2020-08-03,38.0697,38.2800,38.0346,38.1923,30603000
2020-08-04,38.3588,38.7005,38.3501,38.7005,40597400
2020-08-05,39.0422,39.2963,39.0160,39.1211,36768200
2020-08-06,39.0072,39.2613,38.8670,39.2438,33523700
2020-08-07,38.5428,38.6830,38.2362,38.4377,35759300
2020-08-10,38.4990,38.6129,38.2362,38.5341,26964700
2020-08-11,38.7881,38.8670,38.3851,38.4289,34166400
2020-08-12,38.8232,39.0598,38.7356,38.9459,30740100
2020-08-13,38.9021,38.9634,38.6655,38.8320,26509200
2020-08-14,38.7356,38.8232,38.6830,38.7619,24593800
2020-08-17,39.0510,39.2700,38.9897,39.2525,26422200
2020-08-18,39.2525,39.3138,38.9546,39.2087,34464800
2020-08-19,39.0860,39.0948,38.7181,38.7268,28391100
2020-08-20,38.0784,38.6129,37.9996,38.6041,38399500
2020-08-21,38.5341,38.8144,38.3676,38.7969,34657800
2020-08-24,39.3752,39.4015,39.0773,39.2262,26576500
2020-08-25,39.3577,39.6556,39.2700,39.6205,27608400
2020-08-26,39.6293,39.7695,39.5767,39.7256,31465300
2020-08-27,39.8308,39.8308,39.2262,39.3927,31947400
2020-08-28,39.6380,39.9184,39.5329,39.9097,24151700
2020-08-31,39.1737,39.1824,38.7706,39.0247,52790000
2020-09-01,39.3927,39.7169,39.3577,39.6906,34212200
2020-09-02,39.7432,39.7519,39.2350,39.5855,50638400
2020-09-03,39.3752,39.3839,38.5866,38.8320,82433300
2020-09-04,38.9196,39.1299,38.1836,38.8495,62284500
2020-09-08,38.1661,38.5165,38.0522,38.1748,50051100
2020-09-09,38.5603,38.8232,38.4640,38.7443,49010500
2020-09-10,38.7882,38.8495,38.1223,38.1223,54276200
2020-09-11,38.6480,38.7706,38.2975,38.4902,49400700
2020-09-14,38.9984,39.1737,38.9459,39.1123,38892300
2020-09-15,39.5942,39.6293,39.4453,39.5241,30541000
2020-09-16,39.6468,39.7870,39.4540,39.4716,38179100
2020-09-17,38.9984,39.3752,38.9721,39.3139,38231100
2020-09-18,39.3489,39.3839,38.9459,39.0072,34270500
2020-09-21,38.3501,38.6742,38.0171,38.6480,42901100
2020-09-22,38.5078,38.5253,38.0434,38.3588,44884000
2020-09-23,38.2449,38.3150,37.7280,37.7630,40837000
2020-09-24,37.2373,37.8506,37.1760,37.5878,46493800
2020-09-25,37.2724,37.6404,37.0533,37.6228,44165700
2020-09-28,38.1223,38.2011,37.8594,38.0434,45528300
2020-09-29,37.9295,38.1398,37.8944,38.0171,25333200
2020-09-30,38.3150,38.7356,38.2887,38.6304,48674300
2020-10-01,38.9196,39.0160,38.6918,38.9897,51521100
2020-10-02,38.4026,38.8845,38.3588,38.5428,32647100
2020-10-05,38.7531,39.0598,38.7531,39.0598,36059100
2020-10-06,39.1824,39.4277,38.9984,39.1298,43464800
2020-10-07,39.4891,39.6818,39.3752,39.5592,45691100
2020-10-08,39.6994,39.9272,39.3839,39.8834,29669900
2020-10-09,39.9797,40.2689,39.8658,40.1550,31901900
2020-10-12,40.3740,40.6018,40.2864,40.5054,40037700
2020-10-13,40.3653,40.3915,40.1287,40.3390,35585000
2020-10-14,40.3215,40.4266,40.0498,40.0674,42300500
2020-10-15,39.4891,39.8133,39.4453,39.7782,41119300
2020-10-16,39.9184,40.0323,39.7870,39.9184,31611400
2020-10-19,40.0411,40.2075,39.7256,39.8045,30869500
2020-10-20,40.0498,40.4529,40.0323,40.2426,51631300
2020-10-21,40.3039,40.5843,40.2514,40.3565,42909300
2020-10-22,40.4266,40.4616,40.1462,40.3477,41884100
2020-10-23,40.3828,40.5843,40.1900,40.5843,36931400
2020-10-26,40.1024,40.3390,39.7344,40.0586,53574300
2020-10-27,40.1725,40.3477,40.0411,40.2338,41828600
2020-10-28,39.5942,39.6468,39.1912,39.2262,67047200
2020-10-29,39.3752,39.7519,39.2350,39.6205,44763400
2020-10-30,39.2963,39.3577,38.9108,39.1737,66155200
2020-11-02,39.5855,39.6906,39.3577,39.6731,51001600
2020-11-03,39.7432,39.9535,39.5855,39.8483,49744300
2020-11-04,40.3828,41.2590,40.3039,41.1012,81110200
2020-11-05,41.8022,41.9774,41.4517,41.8022,78029300
2020-11-06,41.7671,42.1527,41.6532,41.9949,57353300
2020-11-09,43.3530,43.3968,42.2666,42.2841,74889400
2020-11-10,42.1176,42.2227,41.6182,41.8022,68735600
2020-11-11,41.7408,42.1439,41.6708,42.0738,46272000
2020-11-12,42.1789,42.3279,41.6532,41.7584,41292600
2020-11-13,42.2666,42.3717,42.0475,42.3454,48143400
2020-11-16,42.8010,43.0113,42.7222,42.8711,63565900
2020-11-17,42.6083,42.9412,42.5469,42.8273,34661600
2020-11-18,43.0113,43.0201,42.6696,42.6783,32343400
2020-11-19,42.4768,42.8098,42.3892,42.7485,27524000
2020-11-20,42.8448,43.1077,42.8098,42.9850,35259100
2020-11-23,43.4494,43.4581,43.0025,43.0989,38979600
2020-11-24,43.4581,43.7035,43.2303,43.6772,39275200
2020-11-25,43.2829,43.4581,43.1602,43.4319,47358000
2020-11-27,43.7648,43.9576,43.7298,43.8437,27040300
2020-11-30,43.2040,43.2040,42.6783,42.6959,60622800
2020-12-01,43.4494,43.7035,43.2391,43.5370,50376400
2020-12-02,43.4669,43.6860,43.3004,43.5983,42826100
2020-12-03,44.0101,44.3168,43.9751,44.0978,61408300
2020-12-04,44.4395,44.5796,44.3606,44.5534,42230900
2020-12-07,44.4920,44.6760,44.3781,44.5534,43115100
2020-12-08,44.5008,44.5709,44.3606,44.5709,28632600
2020-12-09,44.7111,44.7111,43.9751,44.1854,40762600
2020-12-10,44.1328,44.8075,44.1065,44.7549,36032000
2020-12-11,44.4745,44.6059,44.3606,44.4395,38034400
2020-12-14,44.5448,44.5714,44.1819,44.2084,34407200
2020-12-15,44.4032,44.7130,44.2792,44.6864,39345000
2020-12-16,44.7750,44.9697,44.6776,44.8989,38243300
2020-12-17,45.1910,45.2441,45.0494,45.1910,36323800
2020-12-18,45.1025,45.1645,44.9520,45.1379,47662800
2020-12-21,44.1376,44.6599,44.1199,44.4740,48558100
2020-12-22,44.3589,44.4032,44.0579,44.1199,35229900
2020-12-23,44.5448,44.6687,44.4828,44.5714,36469400
2020-12-24,44.4474,44.5536,44.1376,44.3766,20689000
2020-12-28,44.5891,44.6510,44.4032,44.5005,26906100
2020-12-29,44.8989,45.1999,44.8635,45.1645,41965900
2020-12-30,45.7133,45.9258,45.6690,45.7664,35759500
2020-12-31,46.0231,46.0320,45.4654,45.7399,35680200
2021-01-04,46.5808,46.7490,45.8815,46.0320,48201300
2021-01-05,46.4658,47.1562,46.4658,47.1385,53358000
2021-01-06,46.7844,47.3067,46.6162,46.7402,56418700
2021-01-07,46.9880,47.1828,46.7579,47.1828,41031300
2021-01-08,48.0238,48.4575,47.7493,48.4310,76024300
2021-01-11,47.7936,48.0680,47.7228,47.7759,40816400
2021-01-12,48.0769,48.3424,47.9441,48.2451,47570500
2021-01-13,48.3336,48.5903,48.0503,48.3513,33561200
2021-01-14,48.8824,49.1126,48.7408,48.8028,38837200
2021-01-15,48.2982,48.3955,47.9883,48.1123,58519000
2021-01-19,49.1303,49.1657,48.7939,48.9090,50429300
2021-01-20,49.7500,49.8031,49.5286,49.7677,38832500
2021-01-21,49.9359,49.9713,49.6703,49.8562,31457000
2021-01-22,49.1657,49.5287,49.1037,49.4224,48223800
2021-01-25,49.9713,50.0509,49.3162,49.7942,50793700
2021-01-26,49.3870,49.5109,49.1569,49.4313,32283000
2021-01-27,48.3867,48.5815,48.0238,48.0592,45279700
2021-01-28,47.9706,48.5726,47.8467,48.3956,38055000
2021-01-29,47.5546,47.6697,46.9615,47.1916,57657800
2021-02-01,48.1742,48.5549,47.9441,48.4664,51427000
2021-02-02,49.1746,49.2100,48.9444,49.0949,33172200
2021-02-03,49.4224,49.5286,49.1923,49.3428,32363100
2021-02-04,49.2896,49.3959,48.9887,49.3605,40161800
2021-02-05,49.5818,49.8031,49.3959,49.7854,24242300
2021-02-08,49.6083,49.9624,49.5995,49.8739,21606000
2021-02-09,49.8827,50.4493,49.8739,50.4050,27200000
2021-02-10,50.8565,50.9273,50.2811,50.5821,30531200
2021-02-11,51.0335,51.3434,50.9362,51.1221,48875000
2021-02-12,50.9008,51.3168,50.8211,51.1663,28400400
2021-02-16,51.4585,51.6001,51.1575,51.2903,34954000
2021-02-17,51.2017,51.3434,50.9450,51.3080,37789100
2021-02-18,50.4758,50.5998,50.0509,50.5998,46118400
2021-02-19,50.9008,51.1752,50.7591,50.9273,39809800
2021-02-22,49.5729,49.9004,49.3782,49.4313,46924200
2021-02-23,49.1126,49.8208,48.5018,49.6526,40316200
2021-02-24,48.8293,49.3516,48.5283,49.3339,36631300
2021-02-25,49.3605,49.4844,48.1388,48.2097,50895200
2021-02-26,47.8998,47.9352,47.2625,47.5634,68933600
2021-03-01,48.5283,48.9798,48.4221,48.8382,53421400
2021-03-02,48.5726,48.6080,48.2097,48.3601,38533600
2021-03-03,48.7231,48.8470,48.0857,48.2628,43013300
2021-03-04,48.0680,48.2893,46.8907,47.1385,70653800
2021-03-05,47.8113,47.8290,46.7402,47.6520,64018500
2021-03-08,46.8110,46.9438,46.2533,46.3684,54120600
2021-03-09,47.0500,47.6520,46.9880,47.3864,42450100
2021-03-10,47.5988,47.6166,46.9526,47.1739,42853900
2021-03-11,48.2539,48.7231,48.0415,48.6611,57247200
2021-03-12,47.6608,47.7936,47.4307,47.7936,41559600
2021-03-15,47.5634,47.9175,47.4395,47.9087,32447400
2021-03-16,48.0592,48.2893,47.8998,48.1123,41261600
2021-03-17,47.4926,48.3867,47.3775,48.1742,57032400
2021-03-18,47.7405,47.8821,47.2625,47.2890,49205900
2021-03-19,47.3598,47.8733,47.2093,47.8733,60265700
2021-03-22,47.5723,47.8733,47.4041,47.7316,24860300
2021-03-23,47.1120,47.2713,46.7933,46.8198,40356400
2021-03-24,46.5189,46.5897,45.7487,45.7487,45315400
2021-03-25,45.6425,46.0940,45.6071,45.9612,73684400
2021-03-26,46.3861,47.2005,46.1736,47.1562,142402800
2021-03-29,46.7756,47.0235,46.5985,46.8287,51309500
2021-03-30,46.8110,47.0766,46.6782,46.9792,44414300
2021-03-31,46.9261,47.3775,46.9261,47.2182,38807500
2021-04-01,47.9087,47.9972,47.6342,47.6785,44592700
2021-04-05,47.9706,48.0238,47.7582,47.8644,30891600
2021-04-06,47.8733,48.3336,47.7670,48.1300,31509200
2021-04-07,47.4572,47.5811,47.2536,47.4218,47888100
2021-04-08,47.9087,48.0503,47.7936,47.8113,50373000
2021-04-09,47.3510,47.4218,47.2448,47.4041,35808300
2021-04-12,47.0766,47.1739,46.9703,47.1208,30045900
2021-04-13,47.1297,47.4838,47.0589,47.3156,33697900
2021-04-14,47.7405,47.8379,47.5103,47.5546,27449500
2021-04-15,47.9441,48.0326,47.7936,47.9883,42622000
2021-04-16,48.1123,48.1831,47.8910,48.1123,32031300
2021-04-19,48.0149,48.1034,47.7670,47.9352,34318500
2021-04-20,47.8821,47.9795,47.4129,47.5457,27732600
2021-04-21,47.3244,47.8644,47.2182,47.8379,33407600
2021-04-22,47.8733,47.9706,47.5192,47.6697,39452000
2021-04-23,48.1388,48.4133,48.1034,48.3601,27062900
2021-04-26,48.2805,48.4664,48.1831,48.4221,26805200
2021-04-27,48.4133,48.5460,48.3159,48.3956,25563100
2021-04-28,48.6257,48.9887,48.4752,48.7585,37381000
2021-04-29,48.9178,48.9267,48.2451,48.6434,36617000
2021-04-30,48.0415,48.1300,47.6697,47.7847,46299900
2021-05-03,47.7493,48.0061,47.5900,47.7847,20628000
2021-05-04,47.4307,47.5015,46.8995,47.2448,38634800
2021-05-05,47.4749,47.6254,47.3244,47.4661,26062900
2021-05-06,47.7139,47.9441,47.5634,47.9175,29454200
2021-05-07,48.2097,48.6257,48.1477,48.4133,41590600
2021-05-10,48.2185,48.2362,47.5015,47.5457,40686800
2021-05-11,46.6516,47.4306,46.6162,47.4129,37374100
2021-05-12,46.6339,46.8375,46.0408,46.1028,53632900
2021-05-13,46.2444,46.4835,45.8018,46.0408,42935200
2021-05-14,46.5720,46.9526,46.4569,46.8730,40363000
2021-05-17,46.5720,46.8641,46.5012,46.8287,23169500
2021-05-18,47.4395,47.6962,47.3775,47.4572,32405300
2021-05-19,46.8730,47.4926,46.8375,47.3156,46284100
2021-05-20,47.3864,47.6874,47.3775,47.5900,33273000
2021-05-21,47.5723,47.5723,46.9703,47.0411,39110900
2021-05-24,47.2625,47.5457,47.1651,47.4307,22436200
2021-05-25,48.0415,48.1211,47.8290,47.8998,40993700
2021-05-26,48.0857,48.3070,48.0680,48.2539,26984700
2021-05-27,48.2982,48.3956,48.1565,48.2628,35598900
2021-05-28,48.3867,48.6877,48.3690,48.5726,43730300
2021-06-01,49.6968,49.7323,49.4136,49.5729,41656100
2021-06-02,49.5021,49.6880,49.3693,49.6526,24532400
2021-06-03,49.1391,49.2719,48.9887,49.1214,40790400
2021-06-04,49.4667,49.5995,49.3959,49.5641,29038100
2021-06-07,49.3162,49.3428,49.0949,49.3162,24830500
2021-06-08,49.1480,49.1746,48.9178,49.0772,38113700
2021-06-09,49.0241,49.1569,48.8913,48.9355,30916900
2021-06-10,49.1142,49.3988,49.0698,49.3276,28571100
2021-06-11,49.2032,49.2476,48.9987,49.1587,28375700
2021-06-14,49.1943,49.3988,49.1409,49.2921,26421400
2021-06-15,49.1676,49.1765,48.8475,48.9542,34121300
2021-06-16,48.8564,48.9898,48.0918,48.2874,44138300
2021-06-17,48.4919,48.7408,48.4119,48.5541,27846900
2021-06-18,48.3496,48.4385,48.1273,48.2163,42443600
2021-06-21,48.1629,48.4207,47.9406,48.4207,26977400
2021-06-22,48.0118,48.2429,47.8784,48.1985,35862600
2021-06-23,48.5452,48.8120,48.4652,48.4919,26049200
2021-06-24,48.7764,48.9809,48.7319,48.9364,20096200
2021-06-25,49.3632,49.4254,49.1587,49.3454,24992400
2021-06-28,49.3276,49.4521,49.2565,49.3899,22644900
2021-06-29,49.0431,49.3721,48.9364,49.3543,18308800
2021-06-30,49.0076,49.1765,48.9453,49.0342,33223400
2021-07-01,49.0609,49.1231,48.5185,48.7586,27478400
2021-07-02,48.5630,48.7141,48.4119,48.7053,24289100
2021-07-06,48.1185,48.1985,47.6739,47.8517,38126800
2021-07-07,48.1273,48.1362,47.6206,47.7984,25651700
2021-07-08,46.7581,46.9804,46.6425,46.8026,45146300
2021-07-09,47.3271,47.6294,47.2027,47.6117,28860500
2021-07-12,47.4605,47.6828,47.3716,47.6561,22116100
2021-07-13,47.7361,48.0029,47.6917,47.7006,29025300
2021-07-14,48.1273,48.1807,47.8162,47.9051,19739600
2021-07-15,48.1007,48.2696,47.9140,48.0207,33310600
2021-07-16,48.0829,48.1185,47.5494,47.6472,23386300
2021-07-19,46.9004,46.9359,46.5981,46.8470,33737900
2021-07-20,46.6336,47.1138,46.5270,46.9982,37946000
2021-07-21,46.7492,47.3094,46.7048,47.3005,24101400
2021-07-22,47.4338,47.4516,47.1849,47.3894,27160800
2021-07-23,46.8470,46.8559,46.4380,46.6870,31210100
2021-07-26,45.7090,46.0113,45.6112,45.7979,43701400
2021-07-27,44.8199,44.9621,44.3042,44.8732,73640700
2021-07-28,45.4156,46.1802,45.3089,46.0913,56446200
2021-07-29,46.4558,46.4825,46.1357,46.3225,43339400
2021-07-30,45.7445,46.1091,45.7268,45.8779,59797000
2021-08-02,46.2780,46.4558,46.1535,46.2069,40234700
2021-08-03,46.1446,46.4292,45.9579,46.4025,30589900
2021-08-04,46.7492,46.9359,46.5447,46.6425,32586600
2021-08-05,46.5714,46.7315,46.5359,46.5714,15941700
2021-08-06,46.3847,46.4025,46.0468,46.1802,36049500
2021-08-09,46.3847,46.5003,46.2780,46.3314,24062300
2021-08-10,46.5270,46.5536,46.3314,46.3936,15222600
2021-08-11,46.6692,46.6781,46.3136,46.5181,22374700
2021-08-12,46.1269,46.1446,45.9224,46.1091,25726000
2021-08-13,45.9135,45.9935,45.6912,45.9935,28396200
2021-08-16,45.6023,45.6201,45.3800,45.5756,46222700
2021-08-17,44.7487,45.0066,44.5620,44.7398,78463000
2021-08-18,45.0688,45.2466,44.7932,44.8110,42994800
2021-08-19,43.9308,44.2242,43.8952,44.0463,63275200
2021-08-20,43.6818,44.0908,43.6640,44.0108,44682100
2021-08-23,44.4287,44.7398,44.3309,44.6776,45453900
2021-08-24,45.3444,45.7623,45.3444,45.6912,51292000
2021-08-25,45.6378,45.7890,45.5311,45.7445,25272500
2021-08-26,45.4600,45.5134,45.2644,45.3089,29030600
2021-08-27,45.5756,45.8690,45.4334,45.8690,32971400
2021-08-30,45.9313,46.0291,45.7268,45.9668,18518900
2021-08-31,46.6514,46.6959,46.5270,46.5981,43226700
2021-09-01,46.8826,47.3716,46.8826,47.1938,35980500
2021-09-02,47.1404,47.2382,46.9093,46.9804,24988400
2021-09-03,47.0782,47.2916,47.0604,47.2294,21311000
2021-09-07,47.3805,47.6383,47.3449,47.5050,33509700
2021-09-08,47.2205,47.2293,46.7048,46.8115,53397900
2021-09-09,46.5803,46.8115,46.5003,46.7226,34707100
2021-09-10,47.0782,47.1315,46.6603,46.6692,40329300
2021-09-13,46.7315,46.9182,46.5536,46.7937,35318400
2021-09-14,46.6692,46.6959,46.3136,46.4025,35994400
2021-09-15,46.2424,46.3936,46.0557,46.3936,38735100
2021-09-16,45.7268,45.9046,45.5667,45.8690,43721300
2021-09-17,45.8868,45.9401,45.5845,45.6734,45481400
2021-09-20,44.5887,44.8288,44.0730,44.4464,52798200
2021-09-21,44.7754,44.8999,44.5798,44.7754,39347200
2021-09-22,45.1933,45.6467,45.1844,45.3356,46189200
2021-09-23,45.5489,45.7356,45.4511,45.6912,27138400
2021-09-24,45.2111,45.3000,45.1044,45.1488,29743500
2021-09-27,45.1933,45.5489,45.0510,45.4422,31181700
2021-09-28,45.2200,45.2733,44.7132,44.8554,44156300
2021-09-29,44.7398,44.8643,44.4198,44.4376,43140500
2021-09-30,44.9532,45.1133,44.7043,44.7932,66460100
2021-10-01,44.7843,44.9088,44.3486,44.7487,45259100
2021-10-04,44.3753,44.4109,43.8152,44.0908,43597100
2021-10-05,44.2153,44.5709,44.1708,44.4020,28761900
2021-10-06,43.7441,44.1975,43.6640,44.1530,57466000
2021-10-07,44.7843,45.2289,44.7487,45.0155,60345100
2021-10-08,45.1311,45.2644,45.0244,45.1844,24990600
2021-10-11,45.4067,45.5489,45.0777,45.0955,26808200
2021-10-12,45.1222,45.1844,44.8288,44.8643,29309400
2021-10-13,45.2822,45.5756,45.1577,45.4867,35305500
2021-10-14,45.7268,45.7712,45.4689,45.6290,23980900
2021-10-15,45.9046,46.2602,45.8068,46.1802,41223700
2021-10-18,45.8868,46.1980,45.8512,46.0646,26239000
2021-10-19,46.4203,46.7314,46.3491,46.6781,40639700
2021-10-20,46.7848,46.7848,46.5625,46.6692,27540300
2021-10-21,46.3136,46.4292,46.2247,46.3669,35404000
2021-10-22,46.4203,46.6070,46.1002,46.2691,51231000
2021-10-25,46.4825,46.5803,46.2513,46.5092,32479900
2021-10-26,46.6248,46.6781,46.1891,46.2691,32195200
2021-10-27,45.9846,46.2069,45.8512,45.8957,32422100
2021-10-28,45.6912,45.9401,45.5667,45.9401,27363500
2021-10-29,45.3355,45.4067,45.0332,45.2733,51488900
2021-11-01,45.2466,45.6467,45.2111,45.6290,31197400
2021-11-02,45.3000,45.3267,45.1488,45.2200,34098000
2021-11-03,45.1666,45.5045,45.0066,45.4334,49350800
2021-11-04,45.5312,45.5578,45.1666,45.3267,23722200
2021-11-05,45.4867,45.5045,45.1222,45.2733,23969900
2021-11-08,45.5934,45.7445,45.5400,45.6912,23735200
2021-11-09,45.7179,45.8601,45.4333,45.5134,28482200
2021-11-10,45.6201,45.8157,45.2200,45.3267,36032600
2021-11-11,45.9224,46.2336,45.9135,46.1091,55636800
2021-11-12,46.1002,46.2869,46.0379,46.2336,31956200
2021-11-15,46.3402,46.3580,46.0379,46.0824,31610700
2021-11-16,46.1535,46.2424,45.9757,46.1446,32898900
2021-11-17,46.1980,46.2158,45.7712,45.9046,22601900
2021-11-18,45.4511,45.4689,45.1222,45.3444,36719300
2021-11-19,45.3978,45.5489,45.2466,45.2733,36975700
2021-11-22,45.2111,45.3356,44.8910,44.9088,37116100
2021-11-23,44.9177,45.0866,44.6687,44.8643,38638200
2021-11-24,44.5798,44.8110,44.4731,44.8021,32810400
2021-11-26,43.6285,43.6640,43.1306,43.2995,58023300
2021-11-29,43.7529,43.7618,43.3262,43.4684,44405000
2021-11-30,43.4684,43.7174,42.9883,43.4240,81647500
2021-12-01,44.1086,44.4376,43.5573,43.5840,52613200
2021-12-02,44.1086,44.4287,43.8774,44.1175,73971400
2021-12-03,44.0641,44.1442,43.3084,43.4951,79115000
2021-12-06,43.4595,43.8596,43.2728,43.8330,54871300
2021-12-07,44.3753,44.5531,44.3397,44.5265,51825000
2021-12-08,44.5442,44.8288,44.4287,44.7043,38176500
2021-12-09,44.5620,44.7309,44.4375,44.4909,36476000
2021-12-10,44.4820,44.5887,44.3664,44.5265,42011300
2021-12-13,44.1720,44.2171,43.7121,43.8203,50773400
2021-12-14,43.5678,43.8384,43.5317,43.7211,42023900
2021-12-15,43.4325,43.6309,42.9726,43.5949,57129100
2021-12-16,43.9376,44.1089,43.5678,43.6490,60401000
2021-12-17,43.3243,43.6039,43.2341,43.4325,55420900
2021-12-20,42.8283,42.8283,42.5217,42.7832,40091700
2021-12-21,43.1349,43.5137,43.1079,43.5047,31786900
2021-12-22,43.3784,43.7301,43.2882,43.7121,27630800
2021-12-23,43.7752,44.0187,43.6490,43.9376,22174400
2021-12-27,43.9466,44.1991,43.9466,44.1360,27011600
2021-12-28,44.1540,44.1901,43.9736,43.9917,24529800
2021-12-29,43.9105,43.9285,43.5949,43.7933,27939200
2021-12-30,43.7626,44.4123,43.7626,44.2950,34900300
2021-12-31,44.1957,44.5296,44.0694,44.0784,30439000
2022-01-03,44.2859,44.4484,44.0152,44.3942,27572700
2022-01-04,44.4484,44.4484,44.1506,44.2408,24579500
2022-01-05,44.0333,44.3491,43.5099,43.5190,46425100
2022-01-06,43.6363,43.9250,43.4558,43.7175,34288700
2022-01-07,43.9340,44.1957,43.7626,44.1145,32640900
2022-01-10,44.1596,44.2859,43.8167,44.1145,43581800
2022-01-11,44.4935,45.1522,44.3581,45.1341,57536400
2022-01-12,45.6936,45.9191,45.5311,45.8830,56499100
2022-01-13,45.6936,45.7297,45.1973,45.2334,33229000
2022-01-14,45.1071,45.2965,44.9537,45.2153,40642300
2022-01-18,44.4032,44.6649,44.3491,44.4123,45012000
2022-01-19,44.7461,44.8454,44.5657,44.6017,43998100
2022-01-20,45.3507,45.6033,44.8183,44.8634,58279500
2022-01-21,44.7732,44.8364,44.1686,44.2138,59673800
2022-01-24,43.5190,43.6002,42.5805,43.5912,87752800
2022-01-25,43.3385,43.7445,43.0588,43.5099,54804100
2022-01-26,43.7536,43.8348,42.8693,42.9595,55516700
2022-01-27,42.9505,43.0227,42.4452,42.4632,61062300
2022-01-28,42.5535,42.6978,42.1023,42.6708,48799200
2022-01-31,43.2122,44.1235,43.1671,44.0694,65614900
2022-02-01,44.2318,44.3401,43.8528,44.3401,50158000
2022-02-02,44.5115,44.5386,43.9701,44.2679,35128100
2022-02-03,43.7175,44.0152,43.6453,43.7987,38246800
2022-02-04,43.6002,44.1145,43.5099,43.9070,36644200
2022-02-07,43.7175,44.0694,43.6814,43.8167,31917100
2022-02-08,43.7445,44.2498,43.7265,44.2408,25562200
2022-02-09,44.6108,44.9627,44.5566,44.9356,40082900
2022-02-10,44.5657,45.2153,44.5566,44.6378,55440700
2022-02-11,44.6559,44.8454,43.8889,43.9611,53838300
2022-02-14,43.7716,43.8709,43.4197,43.6543,59439800
2022-02-15,44.2408,44.6378,44.2047,44.6017,32938500
2022-02-16,44.5476,45.1071,44.5115,44.9266,47236800
2022-02-17,44.7191,44.8093,44.3130,44.4032,41245300
2022-02-18,44.2408,44.2679,43.8709,43.9611,41312300
2022-02-22,43.3295,43.6453,43.0588,43.3385,60704500
2022-02-23,43.5280,43.5551,42.7520,42.8332,38873700
2022-02-24,40.6406,41.9760,40.6135,41.9489,95679500
2022-02-25,42.1294,42.7700,41.9219,42.7249,58887800
2022-02-28,41.7324,42.2738,41.6692,42.1655,79366600
2022-03-01,41.9579,42.2828,41.3624,41.6060,72297300
2022-03-02,41.6421,41.8587,41.2451,41.6782,61858700
2022-03-03,41.5158,41.5970,41.0105,41.0917,57514100
2022-03-04,40.2796,40.5233,40.0360,40.2616,68351300
2022-03-07,39.5758,39.7202,38.7186,38.7547,77557700
2022-03-08,38.9532,39.3683,38.5562,38.8810,90831500
2022-03-09,39.4946,40.0811,39.3502,39.9819,59840900
2022-03-10,39.3593,39.4224,38.9893,39.2329,59158300
2022-03-11,39.4585,39.5036,38.4028,38.4118,72846700
2022-03-14,37.9607,38.2314,37.3742,37.4824,85651000
2022-03-15,36.9591,37.5997,36.8147,37.5366,85987500
2022-03-16,39.2780,40.6406,39.0886,40.5593,134225700
2022-03-17,40.2074,40.4240,39.8375,40.3518,80743600
2022-03-18,40.0180,41.0105,39.9187,40.9293,77755100
2022-03-21,40.3338,40.4691,39.9909,40.2977,58558700
2022-03-22,40.8571,41.1639,40.8300,41.0286,61380900
2022-03-23,40.6315,41.2090,40.5323,40.7579,76986600
2022-03-24,40.7849,41.0105,40.6496,40.9744,52016600
2022-03-25,40.6045,40.6676,40.3789,40.6496,39294500
2022-03-28,40.6857,40.8030,40.4330,40.7849,49757000
2022-03-29,41.4887,41.5970,41.2632,41.4797,54088200
2022-03-30,41.4075,41.7143,41.2722,41.3624,57717400
2022-03-31,41.1729,41.2000,40.7127,40.7398,74448400
2022-04-01,41.5158,41.6421,41.1639,41.4166,54193400
2022-04-04,41.9580,42.2106,41.8136,42.1474,48057700
2022-04-05,41.9760,41.9760,41.2993,41.3714,45058100
2022-04-06,41.1007,41.1549,40.6315,40.8300,56877100
2022-04-07,40.5954,40.6947,40.3067,40.5052,38954900
2022-04-08,40.6225,40.7579,40.4962,40.5413,41263400
2022-04-11,40.1894,40.3608,40.0180,40.0360,47878200
2022-04-12,40.3608,40.3969,39.8736,39.9097,41815200
2022-04-13,40.1262,40.4962,40.0992,40.4330,33529400
2022-04-14,40.2165,40.2345,39.8826,39.9097,38915000
2022-04-18,39.7021,39.9638,39.5758,39.7743,29106500
2022-04-19,39.3593,39.6029,39.1878,39.5758,40066400
2022-04-20,39.6209,39.6300,39.2690,39.3412,36373300
2022-04-21,39.3502,39.4224,38.5021,38.5833,44857400
2022-04-22,38.6555,38.9081,38.2314,38.2404,68371900
2022-04-25,37.6088,38.0148,37.5276,37.9607,67643800
2022-04-26,37.7170,37.7622,37.1305,37.1305,70774400
2022-04-27,37.4102,37.7982,37.3561,37.5636,61594000
2022-04-28,37.8704,38.1592,37.4824,38.1050,43763100
2022-04-29,38.8269,38.9983,38.2133,38.2404,61703900
2022-05-02,38.1321,38.3306,37.7261,38.1862,55015700
2022-05-03,38.4299,38.5201,38.2855,38.4660,45593000
2022-05-04,38.0780,38.9532,37.8434,38.8810,57175300
2022-05-05,38.0780,38.1411,37.1035,37.4463,63268900
2022-05-06,37.0944,37.2117,36.7155,36.9320,67425600
2022-05-09,36.2643,36.4628,35.8402,35.8673,83251500
2022-05-10,36.4087,36.4538,35.7229,36.0387,69865000
2022-05-11,36.2823,36.5621,35.7590,35.7861,75198500
2022-05-12,35.4161,35.8673,35.1454,35.5515,73481300
2022-05-13,35.9485,36.5440,35.9214,36.5350,49196100
2022-05-16,36.2643,36.5440,36.1831,36.3906,32425000
2022-05-17,37.3561,37.4012,36.9862,37.2839,49516400
2022-05-18,37.0223,37.1756,36.3365,36.3906,53296300
2022-05-19,36.5350,37.1305,36.5350,36.9681,55163500
2022-05-20,37.3651,37.5005,36.6252,37.1215,59025400
2022-05-23,37.3471,37.5095,37.1576,37.4012,36619400
2022-05-24,36.8237,36.8508,36.4087,36.7515,46400400
2022-05-25,36.6523,37.0222,36.5891,36.9320,37863200
2022-05-26,36.8689,37.5997,36.8689,37.5095,51355800
2022-05-27,37.7712,37.9607,37.6539,37.9426,31262900
2022-05-31,38.9171,38.9261,38.4750,38.4750,72069000
2022-06-01,38.7186,38.7637,38.0419,38.2043,40495600
2022-06-02,38.3577,38.8810,38.2584,38.8630,44322300
2022-06-03,38.4930,38.5021,38.1411,38.2314,39337000
2022-06-06,38.9171,39.0074,38.3396,38.4389,43126000
2022-06-07,38.2043,38.5923,38.1411,38.5562,57455300
2022-06-08,38.7457,38.9171,38.6013,38.7637,43591800
2022-06-09,38.4198,38.5017,37.8192,37.8465,53116000
2022-06-10,37.7646,37.8374,37.3369,37.4279,44176700
2022-06-13,36.4542,36.6817,35.9719,36.1175,67647000
2022-06-14,36.4906,36.7727,36.3905,36.6180,58868400
2022-06-15,36.7454,37.3551,36.5452,37.1003,67577900
2022-06-16,35.9901,36.1448,35.7262,35.9628,68035800
2022-06-17,36.3541,36.4451,35.8718,36.0993,63646300
2022-06-21,36.6180,36.8364,36.5634,36.6817,35943900
2022-06-22,35.9264,36.2631,35.8627,36.0265,41337900
2022-06-23,36.1357,36.3268,35.8172,36.1357,44261600
2022-06-24,36.5543,37.0184,36.4906,36.9911,41176300
2022-06-27,37.2368,37.2550,36.9729,37.0366,27076400
2022-06-28,37.3369,37.4825,36.7818,36.8091,31095700
2022-06-29,36.7272,36.8091,36.5452,36.6635,33969200
2022-06-30,36.1721,36.5725,35.9537,36.4906,52233200
2022-07-01,36.0538,36.2722,35.8263,36.2631,44010400
2022-07-05,35.5169,35.9810,35.3713,35.9810,49452600
2022-07-06,35.7171,35.8627,35.4532,35.7626,36060300
2022-07-07,36.2540,36.6453,36.2449,36.4815,56831500
2022-07-08,36.3632,36.6362,36.2267,36.4815,20993400
2022-07-11,35.6534,35.6989,35.3622,35.5078,52682500
2022-07-12,35.3622,35.5533,35.1984,35.3713,24669600
2022-07-13,34.8526,35.4805,34.8526,35.2894,39435300
2022-07-14,34.9163,35.0346,34.6251,34.9709,43245400
2022-07-15,34.9891,35.1893,34.6888,35.1529,44468400
2022-07-18,35.7080,35.8900,35.3440,35.3986,38982900
2022-07-19,35.8081,36.0174,35.7353,35.9810,33006200
2022-07-20,35.8445,35.9446,35.6625,35.8263,38969800
2022-07-21,35.9446,36.2540,35.8809,36.2358,36814900
2022-07-22,36.1539,36.2267,35.7080,35.8718,25611800
2022-07-25,35.9355,36.0356,35.8445,35.9992,21653200
2022-07-26,36.0083,36.0993,35.6534,35.7171,22891400
2022-07-27,36.0083,36.4724,35.8627,36.3814,37678900
2022-07-28,36.4360,36.5907,36.0265,36.5361,37796700
2022-07-29,36.0629,36.3905,35.8991,36.3632,54050700
2022-08-01,35.9901,36.3177,35.7717,36.0538,34808000
2022-08-02,35.7353,36.2631,35.6534,35.8809,41014300
2022-08-03,35.9355,36.2358,35.7899,36.1630,34939500
2022-08-04,36.3996,36.5270,36.2722,36.4178,31865200
2022-08-05,36.1903,36.5088,36.1630,36.4542,28488300
2022-08-08,36.5179,36.7181,36.4178,36.4997,39087300
2022-08-09,36.5361,36.5907,36.2904,36.3632,22828600
2022-08-10,36.6089,36.8546,36.4724,36.8182,27028200
2022-08-11,37.1185,37.4916,36.8910,36.9638,39235300
2022-08-12,36.9638,37.3733,36.9456,37.3551,24877900
2022-08-15,37.0275,37.2550,37.0002,37.1822,29734500
2022-08-16,37.0912,37.2732,37.0548,37.1731,20907000
2022-08-17,36.9911,37.2004,36.9092,37.0184,34206700
2022-08-18,36.8819,36.9092,36.6362,36.8091,30611900
2022-08-19,36.4724,36.5088,36.1994,36.3086,36042800
2022-08-22,36.0174,36.1266,35.9537,35.9901,26934100
2022-08-23,36.0265,36.3268,35.9537,36.1812,33028200
2022-08-24,35.8900,36.3905,35.8627,36.1721,23561600
2022-08-25,36.5634,36.9638,36.4906,36.9547,44653100
2022-08-26,37.2368,37.2732,36.3723,36.4087,41080900
2022-08-29,36.2449,36.4633,36.1721,36.1812,22689800
2022-08-30,36.2995,36.3086,35.6170,35.7535,34508600
2022-08-31,36.0993,36.2540,35.8536,35.8809,37142200
2022-09-01,35.5351,35.6079,35.2348,35.5988,38353400
2022-09-02,35.5351,35.6898,35.1893,35.2712,35916900
2022-09-06,35.1438,35.1984,34.8253,34.8526,50091500
2022-09-07,34.6888,35.1711,34.6524,35.1620,39074600
2022-09-08,34.7980,35.0073,34.6888,34.9709,55415100
2022-09-09,35.2894,35.5715,35.2803,35.4896,26119600
2022-09-12,35.8263,36.0720,35.7353,36.0174,41791000
2022-09-13,35.3167,35.4623,34.8435,34.9072,44191300
2022-09-14,35.1256,35.1893,34.9345,35.0801,37146200
2022-09-15,34.8253,35.0528,34.6433,34.7070,47618900
2022-09-16,34.3794,34.4977,34.2247,34.3885,67125000
2022-09-19,34.1064,34.5250,34.0882,34.4977,33531700
2022-09-20,34.3339,34.4613,34.1792,34.3066,36967300
2022-09-21,34.1064,34.3248,33.6878,33.7333,62370500
2022-09-22,33.7151,33.8061,33.4967,33.5695,41989200
2022-09-23,32.9507,32.9962,32.5776,32.7414,49807100
2022-09-26,32.5412,32.7232,32.2773,32.3410,53011900
2022-09-27,32.5594,32.7869,32.1590,32.3046,47114100
2022-09-28,32.0953,32.6686,32.0225,32.5867,49946800
2022-09-29,32.0134,32.0316,31.5948,31.8587,43114100
2022-09-30,31.7768,32.0771,31.7131,31.7404,50082400
2022-10-03,31.9588,32.3410,31.8132,32.2591,41489700
2022-10-04,32.9416,33.4148,32.9143,33.3147,51598600
2022-10-05,33.2237,33.4512,32.9871,33.3329,30037200
2022-10-06,33.2237,33.4148,33.1054,33.1327,29747200
2022-10-07,32.8233,32.8779,32.3865,32.4411,35957400
2022-10-10,32.2318,32.2500,31.8678,31.9861,31109900
2022-10-11,31.6312,31.8587,31.3764,31.4765,46679000
2022-10-12,31.5038,31.6767,31.4037,31.5129,42471500
2022-10-13,30.7121,31.7768,30.6393,31.6039,51431200
2022-10-14,31.8041,31.8132,31.1034,31.1307,33384600
2022-10-17,31.7677,32.0953,31.7677,31.9861,51122100
2022-10-18,32.2955,32.3683,31.7586,31.9952,33911100
2022-10-19,31.4947,31.6767,31.2945,31.4128,31393700
2022-10-20,31.6403,32.1044,31.5766,31.6130,44240000
2022-10-21,31.5402,32.1317,31.4219,32.0953,43879500
2022-10-24,30.9123,30.9487,30.4755,30.8759,55046000
2022-10-25,30.9214,31.1944,30.8941,31.1307,31871500
2022-10-26,31.2217,31.9224,31.2217,31.6403,37973800
2022-10-27,31.4219,31.7131,31.3582,31.3946,34227600
2022-10-28,30.9669,31.2399,30.8941,31.2035,46296700
2022-10-31,30.8668,31.1853,30.8668,31.1125,44107400
2022-11-01,31.9406,31.9861,31.5766,31.6858,50932800
2022-11-02,31.7586,32.1408,31.3946,31.4219,47639100
2022-11-03,31.2126,31.7040,31.1944,31.6039,38319300
2022-11-04,32.7869,32.9416,32.4593,32.9416,70533600
2022-11-07,33.1509,33.2237,32.8415,32.9598,38404800
2022-11-08,33.0235,33.3693,32.9052,33.1964,36282400
2022-11-09,32.9507,33.1054,32.5776,32.6231,34148700
2022-11-10,33.5058,33.8334,33.3693,33.8061,53986900
2022-11-11,34.4613,34.7707,34.3794,34.7252,52270400
2022-11-14,34.5341,34.7616,34.3794,34.5159,42158100
2022-11-15,35.5988,35.6352,35.0710,35.3076,77069300
2022-11-16,35.0073,35.0528,34.6888,34.7434,49376500
2022-11-17,34.1155,34.8526,34.1064,34.8071,56473600
2022-11-18,34.7070,34.7161,34.4431,34.6069,45040200
2022-11-21,34.1610,34.2429,33.9881,34.1701,29250900
2022-11-22,34.0882,34.2611,34.0245,34.2520,33677500
2022-11-23,34.2975,34.5614,34.2884,34.5341,43490300
2022-11-25,34.4340,34.4704,34.3430,34.3703,19986900
2022-11-28,34.2065,34.5796,34.2065,34.2156,45015900
2022-11-29,34.9436,35.1074,34.8617,34.9527,50909500
2022-11-30,35.7080,36.1084,35.4714,35.9628,103403400
2022-12-01,36.0629,36.1357,35.7171,35.8445,50195900
2022-12-02,35.4987,36.0902,35.4987,35.9810,47593700
2022-12-05,35.9719,35.9901,35.4805,35.5715,62268800
2022-12-06,35.7080,35.7535,35.4350,35.5260,31558200
2022-12-07,35.2621,35.4532,35.1984,35.3167,46263200
2022-12-08,35.6625,35.8536,35.5442,35.7444,41138200
2022-12-09,35.8081,35.8627,35.5078,35.5078,48742700
2022-12-12,35.3804,35.3986,35.0983,35.3986,41524600
2022-12-13,36.1321,36.2245,35.5778,35.6517,60886900
2022-12-14,35.6610,35.8457,35.3930,35.6702,62300900
2022-12-15,35.4023,35.5224,34.8203,34.8480,48081300
2022-12-16,35.0143,35.1713,34.8942,34.9496,48065200
2022-12-19,35.2083,35.2083,34.9126,34.9773,22995200
2022-12-20,34.8572,35.1067,34.8203,34.9681,25688000
2022-12-21,34.9126,35.2822,34.8387,35.2822,23607700
2022-12-22,35.1806,35.2083,34.7094,34.9681,27011800
2022-12-23,34.9126,35.0235,34.7463,34.9219,19543300
2022-12-27,35.2268,35.6240,35.1806,35.4392,42338900
2022-12-28,35.3469,35.3838,34.9034,34.9219,31813900
2022-12-29,35.3191,35.5593,35.2729,35.5039,27088700
2022-12-30,35.2360,35.3930,34.8849,35.0143,38297800
2023-01-03,35.4208,35.6979,35.2083,35.3099,35557900
2023-01-04,35.9381,36.4093,35.7349,36.3723,57044200
2023-01-05,36.0213,36.3354,36.0120,36.2615,25175600
2023-01-06,36.4924,37.0375,36.2707,37.0190,49058000
2023-01-09,37.4625,37.5826,37.2777,37.2962,59967500
2023-01-10,37.3978,37.5734,37.2130,37.5641,34936500
2023-01-11,37.4994,37.7304,37.4348,37.7212,41854800
2023-01-12,37.7766,37.9891,37.4163,37.9059,42088800
2023-01-13,37.8597,38.1831,37.8505,38.1554,32838900
2023-01-17,37.8967,37.9891,37.7858,37.9429,41016000
2023-01-18,38.2755,38.3217,37.6657,37.6842,54860300
2023-01-19,37.8413,38.1092,37.8228,37.9706,33834900
2023-01-20,38.2385,38.5526,38.1184,38.5526,42854900
2023-01-23,38.6081,39.0146,38.5804,38.8298,38252700
2023-01-24,38.6820,38.8852,38.6265,38.8575,34713300
2023-01-25,38.6543,38.8945,38.4418,38.8945,30325100
2023-01-26,39.2086,39.2917,38.9961,39.2640,28722100
2023-01-27,39.1347,39.1531,38.8945,39.0792,36989100
2023-01-30,38.4603,38.6358,38.2755,38.2940,38598300
2023-01-31,37.9614,38.2108,37.8875,38.2108,43197800
2023-02-01,38.3863,38.8298,38.1277,38.6820,51809100
2023-02-02,38.6820,38.7097,38.2662,38.4510,45943800
2023-02-03,37.9799,38.2478,37.6750,37.7674,42341000
2023-02-06,37.0930,37.2870,36.9544,37.2131,41471500
2023-02-07,37.2685,37.5087,37.0006,37.3609,31941600
2023-02-08,37.4532,37.5087,37.1576,37.3147,38255400
2023-02-09,37.8413,37.8782,37.3609,37.4902,27083800
2023-02-10,37.2777,37.2962,37.0098,37.1299,34463800
2023-02-13,37.2592,37.5087,37.1761,37.4348,20906700
2023-02-14,37.1669,37.5456,37.0468,37.3701,21664300
2023-02-15,36.8065,37.0560,36.7419,37.0560,31114000
2023-02-16,36.8805,37.2408,36.7788,37.0652,30045300
2023-02-17,36.6495,36.7511,36.5109,36.6587,35131700
2023-02-21,36.4001,36.6033,36.1876,36.1968,33984300
2023-02-22,36.0952,36.2153,35.9104,36.0213,37035500
2023-02-23,36.4832,36.5479,35.9658,36.1968,28551700
2023-02-24,35.3930,35.5593,35.2452,35.3838,48596300
2023-02-27,35.5963,35.6610,35.4947,35.5686,24344400
2023-02-28,35.4392,35.5871,35.2822,35.3191,39670600
2023-03-01,36.1876,36.2245,36.0028,36.0767,39597500
2023-03-02,35.9104,36.2984,35.8457,36.2060,28952900
2023-03-03,36.3261,36.5664,36.2800,36.5294,20682400
2023-03-06,36.5017,36.6587,36.3908,36.4001,26014300
2023-03-07,36.2522,36.2615,35.7626,35.7903,36382400
2023-03-08,35.7995,36.0120,35.7903,35.9381,18795900
2023-03-09,35.5778,35.6425,35.0697,35.1436,40118900
2023-03-10,35.1251,35.3376,34.9219,34.9588,49329400
2023-03-13,34.8572,35.2637,34.7833,35.0143,43071400
2023-03-14,34.9588,35.1251,34.8480,35.0327,36333400
2023-03-15,34.2659,34.4415,34.0904,34.4322,53217000
2023-03-16,34.3768,34.9773,34.3214,34.9588,39880200
2023-03-17,34.9311,34.9865,34.6262,34.7463,40165600
2023-03-20,34.6724,34.9496,34.5893,34.8757,28310700
2023-03-21,35.1436,35.2822,35.0050,35.1898,27670600
2023-03-22,35.4485,35.8642,35.3099,35.3284,40375300
2023-03-23,36.0028,36.2245,35.6425,35.8180,39622100
2023-03-24,35.5316,35.7349,35.4670,35.7256,28044500
2023-03-27,35.4762,35.5593,35.3468,35.5316,36646700
2023-03-28,35.8457,36.0397,35.8088,36.0397,43707600
2023-03-29,36.0305,36.1968,35.9381,36.1414,32173100
2023-03-30,36.4555,36.5941,36.3539,36.5017,32982200
2023-03-31,36.5017,36.6033,36.3261,36.4555,36174700
2023-04-03,36.4370,36.5571,36.3261,36.5294,19637700
2023-04-04,36.4647,36.5571,36.3539,36.5294,31518500
2023-04-05,36.4555,36.4832,36.1137,36.2430,35785500
2023-04-06,36.1598,36.4647,36.0582,36.3908,22277700
2023-04-10,36.2800,36.4370,36.2153,36.4278,20271700
2023-04-11,36.7419,36.8066,36.6310,36.6495,23177000
2023-04-12,36.7696,36.7973,36.3169,36.3908,30341900
2023-04-13,36.8158,36.9544,36.7788,36.8897,28752600
2023-04-14,36.7234,36.8805,36.5202,36.6957,26673200
2023-04-17,36.8435,36.9082,36.7049,36.8527,26173500
2023-04-18,36.9174,36.9636,36.7142,36.8065,23990600
2023-04-19,36.3816,36.4832,36.3077,36.4370,25851700
2023-04-20,36.3908,36.6033,36.2707,36.3816,29763400
2023-04-21,36.0675,36.0859,35.8365,36.0397,26632600
2023-04-24,35.9566,36.0120,35.8365,35.9566,19963200
2023-04-25,35.4762,35.5039,35.2268,35.2822,31095100
2023-04-26,35.7164,35.7441,35.4577,35.4854,45521300
2023-04-27,35.6887,36.0120,35.6517,35.9658,23496200
2023-04-28,35.9751,36.1783,35.9566,36.1506,22481000
2023-05-01,36.0028,36.2799,35.9843,36.0305,16797000
2023-05-02,35.8919,35.8919,35.5501,35.6794,24041500
2023-05-03,35.7164,35.8642,35.5963,35.6240,18827800
2023-05-04,35.9196,36.0305,35.8273,35.9104,29417100
2023-05-05,36.0767,36.4185,36.0213,36.3908,18248200
2023-05-08,36.5201,36.5386,36.3446,36.4093,19721300
2023-05-09,36.0397,36.2153,36.0028,36.1876,17294900
2023-05-10,36.1506,36.2707,35.9751,36.1691,22410300
2023-05-11,35.8550,36.0490,35.7534,36.0397,34620300
2023-05-12,35.7903,35.7995,35.5409,35.6148,32789300
2023-05-15,35.9936,36.3169,35.8827,36.2707,28911000
2023-05-16,36.0213,36.1691,35.9936,36.0120,24887200
2023-05-17,36.0120,36.2245,35.9474,36.1783,24358200
2023-05-18,36.0397,36.0582,35.8273,35.9843,30378900
2023-05-19,36.0767,36.1137,35.9381,36.0120,26847500
2023-05-22,36.2707,36.4647,36.2707,36.3077,30254000
2023-05-23,35.9843,36.0767,35.7256,35.7441,43844500
2023-05-24,35.7072,35.7256,35.4577,35.4762,31559600
2023-05-25,35.5778,35.5778,35.3376,35.4023,28492700
2023-05-26,35.7164,36.0952,35.7164,36.0305,24941700
2023-05-30,35.9381,35.9474,35.5131,35.6148,25536900
2023-05-31,35.3284,35.3376,35.0235,35.2822,35917900
2023-06-01,35.3376,35.9289,35.3191,35.9104,32875300
2023-06-02,36.4924,36.6218,36.4832,36.5294,53717000
2023-06-05,36.4278,36.5386,36.3539,36.5202,16947400
2023-06-06,36.4462,36.8897,36.4093,36.8435,35447700
2023-06-07,36.8342,37.0297,36.6293,36.6852,44313300
2023-06-08,36.7132,36.9832,36.7038,36.9459,26886800
2023-06-09,37.0856,37.2904,37.0763,37.1135,22199200
2023-06-12,37.1321,37.2346,37.0763,37.1880,25267100
2023-06-13,37.5884,37.6815,37.4580,37.5605,35053100
2023-06-14,37.5698,37.9236,37.5511,37.8398,37898300
2023-06-15,38.0260,38.2122,37.9515,38.1936,36328400
2023-06-16,38.2588,38.2588,37.9608,38.0632,40001900
2023-06-20,37.5139,37.5698,37.2066,37.3184,50477100
2023-06-21,37.1135,37.2066,37.0018,37.1415,20771300
2023-06-22,36.9087,37.0577,36.8528,37.0111,22804200
2023-06-23,36.5269,36.5269,36.3686,36.4711,26321700
2023-06-26,36.6200,36.7597,36.5549,36.5921,18302400
2023-06-27,36.8901,36.9832,36.7970,36.9646,21799500
2023-06-28,36.6759,36.7876,36.5921,36.7411,21628400
2023-06-29,36.4618,36.5735,36.4524,36.5456,23278300
2023-06-30,36.8342,36.9832,36.7504,36.8342,23366700
2023-07-03,37.2532,37.4394,37.1973,37.2439,15417000
2023-07-05,37.0856,37.1042,36.9552,37.0204,15853800
2023-07-06,36.4711,36.5269,36.1359,36.2662,36352500
2023-07-07,36.3873,36.8714,36.3780,36.6759,21518600
2023-07-10,36.4524,36.7225,36.4431,36.7038,22273400
2023-07-11,36.9273,37.0949,36.7690,37.0763,19616000
2023-07-12,37.6442,37.9329,37.6256,37.9049,61015900
2023-07-13,38.1098,38.4729,38.0912,38.3984,44062400
2023-07-14,38.3053,38.3240,38.1564,38.1843,26724500
2023-07-17,38.0260,38.2401,37.8677,38.2308,25782900
2023-07-18,38.0167,38.1005,37.8398,37.9515,29377700
2023-07-19,38.0074,38.1657,37.8305,37.8770,26941200
2023-07-20,37.7094,37.8025,37.5418,37.5977,31226700
2023-07-21,37.7001,37.7374,37.5139,37.5418,21620500
2023-07-24,37.6722,38.1936,37.6349,38.0539,47123600
2023-07-25,38.5195,38.5474,38.3519,38.3705,32437300
2023-07-26,38.2029,38.7057,38.1843,38.5940,34963100
2023-07-27,38.6219,38.6498,38.0819,38.1191,37548500
2023-07-28,38.8640,39.0688,38.7988,39.0409,34529000
2023-07-31,38.9105,39.1061,38.8454,39.0595,28029100
2023-08-01,38.7429,38.7802,38.5195,38.5660,34635600
2023-08-02,37.9422,37.9422,37.5604,37.6442,35588700
2023-08-03,37.6908,37.9329,37.6536,37.7932,20893600
2023-08-04,37.8956,38.1005,37.7001,37.7467,29249200
2023-08-07,37.8491,37.8491,37.5325,37.6908,19419100
2023-08-08,37.1228,37.2439,36.9366,37.2346,22600700
2023-08-09,37.4767,37.5046,37.1787,37.3277,27936800
2023-08-10,37.5977,37.8957,37.3184,37.3835,26321200
2023-08-11,36.9645,36.9925,36.7411,36.8342,32303600
2023-08-14,36.4804,36.7318,36.3500,36.6573,25510000
2023-08-15,36.4804,36.4804,36.1917,36.2383,31837500
2023-08-16,36.0335,36.2104,35.9031,35.9124,37596400
2023-08-17,36.3593,36.3780,35.9683,35.9962,35544200
2023-08-18,35.6238,35.8286,35.5772,35.7541,33913100
2023-08-21,35.6983,35.8659,35.6331,35.8379,24331900
2023-08-22,35.9776,36.0148,35.7076,35.7634,26689500
2023-08-23,36.0335,36.3780,36.0148,36.3314,27643300
2023-08-24,36.4618,36.5363,36.1824,36.1917,25776700
2023-08-25,36.2010,36.3035,35.9217,36.2290,20154800
2023-08-28,36.4897,36.6200,36.4245,36.5828,21426800
2023-08-29,36.6852,37.0763,36.5828,37.0483,30243400
2023-08-30,36.8435,37.0297,36.8249,36.9273,16164200
2023-08-31,36.6573,36.6759,36.4152,36.4711,35424700
2023-09-01,36.9739,37.0856,36.8156,36.8994,26152300
2023-09-05,36.7038,36.7411,36.5642,36.6014,23571600
2023-09-06,36.5176,36.7038,36.3407,36.3966,29118500
2023-09-07,36.0334,36.0614,35.8938,35.9683,23907500
2023-09-08,36.0707,36.1545,35.9869,36.0428,15126500
2023-09-11,36.4431,36.5083,36.3035,36.4897,20748000
2023-09-12,36.2197,36.4897,36.2104,36.3780,26259600
2023-09-13,36.3407,36.4618,36.2662,36.3314,20707900
2023-09-14,36.5456,36.6666,36.4338,36.5735,22611200
2023-09-15,36.5828,36.6387,36.3966,36.4338,32981700
2023-09-18,36.3221,36.4059,36.2197,36.3873,22967000
2023-09-19,36.2290,36.2942,36.0986,36.1731,17394800
2023-09-20,36.2755,36.4152,36.0241,36.0241,24521800
2023-09-21,35.4748,35.5679,35.3910,35.4003,33915600
2023-09-22,35.9776,36.0428,35.7914,35.8193,40006500
2023-09-25,35.5214,35.6983,35.5214,35.6610,29050100
2023-09-26,35.3072,35.4096,35.1303,35.1582,39426100
2023-09-27,35.3351,35.3631,35.0372,35.2141,27723500
2023-09-28,35.0558,35.3444,34.9906,35.3072,31425500
2023-09-29,35.6889,35.6889,35.2700,35.3351,41783600
2023-10-02,35.2700,35.3165,35.0651,35.1582,30529200
2023-10-03,34.8230,34.9627,34.6368,34.6927,52953900
2023-10-04,34.6275,34.6927,34.4692,34.5903,36174300
2023-10-05,34.5996,34.7485,34.4785,34.7206,27725900
2023-10-06,34.7113,35.3072,34.6554,35.2234,33737600
2023-10-09,34.7485,35.0651,34.6927,35.0558,21799900
2023-10-10,35.2886,35.6145,35.2606,35.5586,35189100
2023-10-11,35.8193,35.9124,35.6331,35.7821,24577700
2023-10-12,35.8565,35.8752,35.2886,35.3817,36022000
2023-10-13,35.4096,35.5307,35.1675,35.2513,26187900
2023-10-16,35.2513,35.5958,35.2048,35.5120,21117700
2023-10-17,35.2234,35.5958,35.2141,35.4189,24251700
2023-10-18,35.0837,35.1303,34.8230,34.8789,29849100
2023-10-19,34.7765,34.9627,34.6554,34.6740,28401800
2023-10-20,34.3761,34.4971,34.2271,34.2551,39070000
2023-10-23,34.0037,34.3668,33.8733,34.2271,34568600
2023-10-24,34.3482,34.7299,34.3482,34.6647,33962200
2023-10-25,34.3109,34.4506,34.1713,34.2085,25267400
2023-10-26,33.9571,34.1247,33.8919,34.0409,28415700
2023-10-27,34.3482,34.4040,33.9571,34.0130,34216900
2023-10-30,34.5437,34.5903,34.2457,34.3668,30506700
2023-10-31,34.0875,34.1899,33.9012,34.1713,37734300
2023-11-01,34.1619,34.5064,34.1247,34.4878,27879300
2023-11-02,34.9999,35.1210,34.8882,35.0930,33661400
2023-11-03,35.5586,35.8845,35.5400,35.8100,41736500
2023-11-06,36.2755,36.3035,36.0521,36.0986,32347100
2023-11-07,35.8752,36.0614,35.7076,36.0335,18218400
2023-11-08,35.8193,35.9590,35.7169,35.7914,18963500
2023-11-09,35.7727,35.8752,35.4096,35.4562,25631100
2023-11-10,35.4562,35.7076,35.4003,35.7076,18540300
2023-11-13,35.5865,35.8379,35.5120,35.6983,23437400
2023-11-14,36.2383,36.7038,36.2290,36.6480,66042500
2023-11-15,36.9552,37.1601,36.8714,36.9552,43281700
2023-11-16,36.5362,36.7690,36.4431,36.6014,22868300
2023-11-17,36.6107,36.7131,36.5362,36.6480,28460900
2023-11-20,36.8156,37.1694,36.7969,37.1042,35801100
2023-11-21,37.0111,37.0856,36.7970,36.8714,20929700
2023-11-22,36.8249,36.9087,36.6666,36.7970,20006500
2023-11-24,36.6480,36.8435,36.6200,36.8156,11365000
2023-11-27,36.6573,36.7038,36.5642,36.6666,22925200
2023-11-28,36.8342,37.0390,36.7690,36.9739,35006700
2023-11-29,36.7876,36.9832,36.7225,36.7597,26049200
2023-11-30,36.8435,36.8807,36.5828,36.8342,30482700
2023-12-01,36.5828,36.9925,36.5083,36.9925,27140200
2023-12-04,36.7038,36.7783,36.4897,36.5735,28074900
2023-12-05,36.2476,36.3966,36.1638,36.3500,25462300
2023-12-06,36.5735,36.5921,36.2942,36.3035,23069000
2023-12-07,36.4245,36.4990,36.3128,36.4804,19735000
2023-12-08,36.2476,36.4431,36.1731,36.3221,25195400
2023-12-11,36.3221,36.5456,36.2755,36.5362,20426400
2023-12-12,36.4245,36.5642,36.2569,36.5456,20278300
2023-12-13,36.3314,36.9273,36.1545,36.9087,42607800
2023-12-14,37.1508,37.5046,37.1508,37.4487,51998900
2023-12-15,37.4115,37.5046,37.2253,37.2253,37110300
2023-12-18,37.1973,37.2346,37.0390,37.2066,37419400
2023-12-19,37.3649,37.5791,37.3370,37.5232,33688600
2023-12-20,37.2747,37.3316,36.8003,36.8477,44766600
2023-12-21,37.3600,37.5687,37.2936,37.5403,33402800
2023-12-22,37.2462,37.4359,37.2082,37.3600,17082900
2023-12-26,37.6636,37.7300,37.5498,37.6541,16173200
2023-12-27,37.8439,37.9292,37.7775,37.8723,30120600
2023-12-28,38.2139,38.3657,38.1569,38.1664,36660400
2023-12-29,38.1380,38.3467,38.1095,38.1475,48758200
2024-01-02,37.7869,37.9008,37.6162,37.7016,20839200
2024-01-03,37.3126,37.6162,37.3031,37.4928,32220700
2024-01-04,37.3695,37.5687,37.3600,37.3695,20922700
2024-01-05,37.4264,37.6731,37.3600,37.4170,21875600
2024-01-08,37.1608,37.5403,37.1229,37.5213,16208600
2024-01-09,36.9805,37.0754,36.9141,36.9900,31344300
2024-01-10,36.9426,36.9711,36.8193,36.9046,20149400
2024-01-11,37.1039,37.1608,36.7908,37.0564,24682100
2024-01-12,37.3221,37.4739,37.1608,37.1893,21605800
2024-01-16,36.5346,36.5536,36.2311,36.2880,44484400
2024-01-17,35.5765,35.7662,35.5575,35.7472,50591600
2024-01-18,36.0224,36.0793,35.8895,36.0413,31884600
2024-01-19,36.1267,36.4493,35.9939,36.4208,31372000
2024-01-22,36.0034,36.1931,35.9654,36.0982,25753700
2024-01-23,36.2500,36.4588,36.2311,36.4113,34710400
2024-01-24,37.0659,37.0849,36.7813,36.8193,38215800
2024-01-25,36.9711,37.0185,36.7529,36.8667,23157000
2024-01-26,36.8288,36.9995,36.8003,36.8952,21031500
2024-01-29,36.9995,37.0090,36.7149,36.9141,24133600
2024-01-30,36.5157,36.6295,36.4398,36.6200,22928200
2024-01-31,36.4872,36.7434,36.3070,36.4208,37689700
2024-02-01,36.6390,36.7908,36.5536,36.7718,22048300
2024-02-02,36.6105,36.7054,36.4777,36.6675,29803500
2024-02-05,36.5726,36.8098,36.5157,36.7149,26934900
2024-02-06,37.2936,37.5687,37.2177,37.5498,41288400
2024-02-07,37.4739,37.6446,37.4454,37.5972,22270000
2024-02-08,37.4359,37.4739,37.2841,37.3885,23485800
2024-02-09,37.4359,37.6067,37.2367,37.5498,22416400
2024-02-12,37.6067,38.0431,37.5972,37.8439,33026500
2024-02-13,37.3600,37.5023,36.9521,37.1323,42252400
2024-02-14,37.5782,37.7016,37.5023,37.6636,28923100
2024-02-15,37.6921,37.8628,37.6731,37.8439,27273300
2024-02-16,37.9957,38.1474,37.9387,38.0241,36729000
2024-02-20,38.1759,38.2518,37.9862,38.0810,32493800
2024-02-21,38.1569,38.2613,38.0241,38.1475,29069400
2024-02-22,38.4890,38.5744,38.3562,38.5364,32548100
2024-02-23,38.5080,38.5744,38.3846,38.5174,37973600
2024-02-26,38.3087,38.4131,38.2803,38.3467,23804700
2024-02-27,38.4510,38.4795,38.3751,38.4226,21206300
2024-02-28,38.0621,38.0810,37.8534,37.9198,31288900
2024-02-29,38.1190,38.1285,37.8818,37.9387,43973800
2024-03-01,38.2139,38.4795,38.1380,38.4036,35477300
2024-03-04,38.4605,38.4605,38.2708,38.3182,38144500
2024-03-05,38.1285,38.2234,37.9103,37.9767,32915100
2024-03-06,38.5554,38.6787,38.4700,38.5269,45875000
2024-03-07,38.5839,38.7926,38.5080,38.7641,26916100
2024-03-08,38.8874,39.0108,38.6787,38.7262,30341400
2024-03-11,38.8021,38.9444,38.7736,38.8116,22761600
2024-03-12,39.1341,39.2574,38.9633,39.2385,37392400
2024-03-13,39.0772,39.1910,39.0487,39.1151,25742900
2024-03-14,39.1436,39.1910,38.8116,38.9159,31566200
2024-03-15,38.7451,38.8210,38.6218,38.6787,32816600
2024-03-18,38.9064,38.9444,38.6977,38.7451,23107900
2024-03-19,38.4985,38.6313,38.3467,38.5554,23851800
2024-03-20,38.6313,39.0108,38.5744,38.9918,32308000
2024-03-21,39.2574,39.2669,39.0203,39.0392,27655700
2024-03-22,38.8021,38.8590,38.6977,38.7641,30355600
2024-03-25,38.7072,38.8495,38.7072,38.7926,12894800
2024-03-26,38.8875,38.9064,38.7451,38.7641,15363300
2024-03-27,38.7451,38.8305,38.6503,38.8305,21819500
2024-03-28,38.9159,39.0867,38.9159,38.9728,28296300
2024-04-01,39.1436,39.3333,38.9539,39.0392,20857100
2024-04-02,39.1721,39.3049,39.1246,39.1626,22346100
2024-04-03,38.9823,39.2859,38.9444,39.1910,33272500
2024-04-04,39.5800,39.6464,39.0298,39.0487,33317700
2024-04-05,39.0013,39.2195,38.9254,39.1341,31564000
2024-04-08,39.3428,39.4662,39.3238,39.3903,18452500
2024-04-09,39.6464,39.7223,39.4661,39.6559,23963700
2024-04-10,39.1721,39.2195,38.9539,39.1151,37281800
2024-04-11,39.3997,39.4187,39.1056,39.3523,23648600
2024-04-12,38.7926,38.8021,38.3657,38.4510,50234600
2024-04-15,38.6787,38.6787,38.1380,38.2044,31290100
2024-04-16,37.6921,37.8723,37.5877,37.7016,43707900
2024-04-17,37.9008,37.9198,37.5593,37.6731,26019400
2024-04-18,37.8534,38.0431,37.7395,37.8249,20581900
2024-04-19,37.6731,37.7680,37.5498,37.6731,29537400
2024-04-22,37.7490,38.1475,37.7205,38.0810,25738800
2024-04-23,38.1190,38.4321,38.1000,38.3941,21907100
2024-04-24,38.6313,38.6597,38.4036,38.5269,18118100
2024-04-25,38.2044,38.6598,38.1569,38.6123,21962500
2024-04-26,38.9728,39.0677,38.9159,39.0582,24407700
2024-04-29,39.2479,39.4472,39.2005,39.4377,31041200
2024-04-30,39.0677,39.2005,38.8874,38.8874,32748700
2024-05-01,38.9539,39.3523,38.8780,38.9254,34489500
2024-05-02,39.4472,40.0259,39.3238,39.9310,48855700
2024-05-03,40.1682,40.3105,40.0069,40.2915,31815100
2024-05-06,40.2915,40.3579,40.2251,40.3295,19706300
2024-05-07,40.1397,40.2061,40.0544,40.1018,21316800
2024-05-08,39.8456,40.1302,39.8456,40.1113,18933700
2024-05-09,40.0828,40.2441,39.9974,40.2346,22204400
2024-05-10,40.5002,40.5477,40.2726,40.3200,28056400
2024-05-13,40.5951,40.7564,40.5761,40.6236,22233800
2024-05-14,40.6615,40.8608,40.6426,40.8418,24295800
2024-05-15,41.1359,41.2782,40.9367,41.2782,30011900
2024-05-16,41.3161,41.4584,41.2213,41.3636,27395100
2024-05-17,41.3920,41.6197,41.3161,41.5438,30865100
2024-05-20,41.2972,41.4679,41.2687,41.3920,24234000
2024-05-21,41.1359,41.2023,41.0220,41.1359,18470000
2024-05-22,41.1738,41.2023,40.9177,41.0031,23030800
2024-05-23,41.2118,41.2402,40.6236,40.6995,28607000
2024-05-24,40.7659,40.9177,40.7374,40.8133,20986300
2024-05-28,40.9461,41.0315,40.6805,40.7564,21179400
2024-05-29,40.1872,40.2251,40.0733,40.1492,30803500
2024-05-30,39.8836,40.1397,39.8646,40.0354,20741500
2024-05-31,39.6559,39.6749,39.3333,39.6464,49609100
2024-06-03,40.2061,40.2536,39.8931,40.0638,33839300
2024-06-04,39.4282,39.5800,39.2859,39.5041,38401100
2024-06-05,39.9026,40.1682,39.8267,40.1397,28092300
2024-06-06,40.3295,40.3769,40.1967,40.3390,26450400
2024-06-07,40.1872,40.2441,39.8551,39.8836,37626400
2024-06-10,39.9500,40.1967,39.8551,40.1208,30846300
2024-06-11,39.9297,39.9870,39.7482,39.9870,35763000
2024-06-12,40.5124,40.6270,40.3118,40.3882,34679600
2024-06-13,40.4360,40.5124,40.1494,40.2927,21553600
2024-06-14,40.2067,40.3691,40.1399,40.3405,18813600
2024-06-17,40.4455,40.6653,40.3405,40.5984,21037700
2024-06-18,40.6939,41.0474,40.6939,40.9709,35675300
2024-06-20,41.1524,41.1524,40.7512,40.9041,43438100
2024-06-21,40.8181,40.9041,40.7417,40.7608,20232900
2024-06-24,40.8372,41.0665,40.7512,40.7608,19840000
2024-06-25,40.6939,40.6939,40.5602,40.6653,25337500
2024-06-26,40.5602,40.6366,40.4838,40.5793,18961900
2024-06-27,40.7894,40.7990,40.5697,40.6079,24041500
2024-06-28,40.8659,40.8945,40.6079,40.6844,22614500
2024-07-01,40.9423,40.9996,40.7130,40.7799,18805300
2024-07-02,40.6366,40.9232,40.6175,40.9041,21593200
2024-07-03,41.1715,41.5250,41.1715,41.5059,27233300
2024-07-05,41.6683,41.6969,41.3721,41.6778,21337800
2024-07-08,41.7829,41.8498,41.6587,41.6874,18685200
2024-07-09,41.7734,41.9166,41.7160,41.8593,19364300
2024-07-10,42.0122,42.1077,41.9262,42.0981,15332700
2024-07-11,42.5471,42.5853,42.2319,42.3465,35650400
2024-07-12,42.4802,42.6426,42.4707,42.5185,24799300
2024-07-15,42.2892,42.3083,42.0217,42.0695,24174900
2024-07-16,42.0886,42.3179,42.0504,42.3083,19234300
2024-07-17,41.7925,41.8593,41.5919,41.6205,42630900
2024-07-18,41.6969,41.7256,41.1620,41.2289,42400100
2024-07-19,41.0856,41.1429,40.8276,40.8276,34590700
2024-07-22,41.0951,41.2098,40.9900,41.1715,17057500
2024-07-23,40.8659,40.9327,40.7512,40.8085,22891900
2024-07-24,40.6270,40.6748,40.2067,40.2163,28113700
2024-07-25,40.0443,40.3596,39.9106,40.0539,27940500
2024-07-26,40.3882,40.5602,40.3023,40.4647,21393700
2024-07-29,40.4264,40.4360,40.1876,40.3309,14299200
2024-07-30,40.3596,40.3691,40.0157,40.1494,19193600
2024-07-31,41.0283,41.1811,40.9041,41.0283,38600400
2024-08-01,40.8754,40.9614,40.2067,40.3118,35497100
2024-08-02,39.6718,39.8055,39.5190,39.7387,36857000
2024-08-05,37.6467,38.8694,37.6275,38.6115,60439500
2024-08-06,38.4777,39.1177,38.4013,38.8312,32540200
2024-08-07,39.7004,39.7291,39.0509,39.0700,36654400
2024-08-08,39.5954,39.9870,39.4616,39.9584,30021900
2024-08-09,40.0539,40.2545,39.9011,40.1781,21142800
2024-08-12,40.2736,40.4742,40.2067,40.3118,15042300
2024-08-13,40.4169,40.7703,40.3978,40.7608,21073600
2024-08-14,40.7035,40.7226,40.3882,40.5411,17537100
2024-08-15,40.7417,41.0760,40.6653,40.9900,26914000
2024-08-16,41.2289,41.4868,41.2098,41.4677,31457900
2024-08-19,41.6778,41.9453,41.6205,41.8689,26716600
2024-08-20,41.7447,41.7542,41.4390,41.5441,19230800
2024-08-21,41.5632,41.7925,41.5536,41.7065,14644400
2024-08-22,41.5919,41.6014,41.1333,41.1906,22515000
2024-08-23,41.6014,41.9644,41.4963,41.8784,27848700
2024-08-26,41.6587,41.7065,41.4677,41.5250,18429300
2024-08-27,41.5250,41.6396,41.4104,41.5823,14424700
2024-08-28,41.4772,41.5059,41.1715,41.3244,15443000
2024-08-29,41.4008,41.5632,41.3244,41.3435,15497600
2024-08-30,41.5536,41.5727,41.2480,41.4295,29450400
2024-09-03,41.0378,41.0856,40.5602,40.6079,35293700
2024-09-04,40.5029,40.8372,40.5029,40.5984,24895900
2024-09-05,40.6175,40.8181,40.5315,40.6557,22513900
2024-09-06,40.6366,40.6844,39.8819,39.9106,32436800
2024-09-09,40.1494,40.3405,40.0921,40.2449,19917400
2024-09-10,40.1685,40.1685,39.8246,40.0921,19700400
2024-09-11,40.0252,40.4073,39.7005,40.3882,26253300
2024-09-12,40.4742,40.7321,40.3691,40.7226,19993200
2024-09-13,40.8563,40.9805,40.8372,40.9136,16882300
2024-09-16,41.0665,41.0856,40.8659,41.0474,14733000
2024-09-17,41.2575,41.2862,40.9900,41.0951,20623700
2024-09-18,41.1715,41.4963,40.8945,40.9518,26010500
2024-09-19,41.6683,41.9166,41.4295,41.8211,41025500
2024-09-20,41.8498,41.8880,41.5919,41.7351,33038100
2024-09-23,41.9549,42.1937,41.9262,42.0599,24891700
2024-09-24,43.1394,43.5979,42.9770,43.4928,64472700
2024-09-25,43.2253,43.3400,43.0056,43.0343,41967800
2024-09-26,44.6296,44.7824,44.2284,44.6105,80876300
2024-09-27,44.5818,44.8493,44.4481,44.5245,51540100
2024-09-30,44.2761,44.3048,43.7030,43.8080,61400400
2024-10-01,44.0373,44.1424,43.5501,44.1233,38648900
2024-10-02,44.9926,45.0403,44.6391,44.9926,55790400
2024-10-03,44.1806,44.6296,44.1328,44.4576,31198300
2024-10-04,44.7824,44.8875,44.5914,44.8684,29476800
2024-10-07,45.1836,45.3173,44.9161,45.2409,42198000
2024-10-08,44.0755,44.2188,43.7412,44.1233,47817300
2024-10-09,43.5406,43.9991,43.4928,43.8845,35395800
2024-10-10,43.9609,44.0660,43.5979,43.9704,18052400
2024-10-11,43.7030,44.3048,43.6552,44.2857,28389200
2024-10-14,43.9513,44.3525,43.8367,44.1042,20415200
2024-10-15,43.7030,43.7316,43.0630,43.1680,31270700
2024-10-16,43.4737,43.6552,43.4164,43.5024,25111200
2024-10-17,43.3686,43.5215,43.2158,43.4355,36885700
2024-10-18,44.1042,44.1137,43.8176,43.8654,30391600
2024-10-21,43.5024,43.6648,43.3113,43.5597,19614900
2024-10-22,43.3495,43.5597,43.3304,43.4642,19243400
2024-10-23,43.3113,43.4355,43.0438,43.2062,19822000
2024-10-24,43.1585,43.2158,42.9388,43.1394,16257100
2024-10-25,43.2827,43.4259,43.0343,43.1012,21428500
2024-10-28,43.1967,43.3877,43.1394,43.2922,15169300
2024-10-29,43.2731,43.3113,43.1203,43.1585,15439300
2024-10-30,42.7191,42.9197,42.6522,42.7382,24149900
2024-10-31,42.6044,42.6044,42.2128,42.4611,43988700
2024-11-01,42.7764,42.9006,42.4898,42.4993,17525900
2024-11-04,42.9292,43.0630,42.7191,42.7382,24674200
2024-11-05,43.2062,43.3782,43.1680,43.3209,21398300
2024-11-06,42.5376,42.9292,42.3656,42.7859,37143300
2024-11-07,43.5119,43.8558,43.4928,43.7316,39247600
2024-11-08,42.9961,43.0725,42.4707,42.6522,44833800
2024-11-11,42.4898,42.5089,42.1937,42.3274,21342300
2024-11-12,41.7351,41.7734,41.3913,41.5250,33946300
2024-11-13,41.5727,41.5823,41.1906,41.2575,26586800
2024-11-14,41.2002,41.2957,41.0187,41.0283,34443200
2024-11-15,41.1620,41.1906,40.9327,41.0283,29127800
2024-11-18,41.2289,41.5154,41.2289,41.4963,27765000
2024-11-19,41.3626,41.5727,41.3339,41.4677,16624500
2024-11-20,41.4104,41.4486,41.2002,41.4199,18358000
2024-11-21,41.2862,41.3721,41.1429,41.3339,16086900
2024-11-22,41.1811,41.3530,41.1715,41.3435,14104100
2024-11-25,41.5154,41.5345,41.2575,41.3721,18855100
2024-11-26,41.3721,41.3817,41.1524,41.2002,19119700
2024-11-27,41.4486,41.4963,41.1047,41.2575,17922000
2024-11-29,40.8945,41.3626,40.8850,41.3244,17372200
2024-12-02,41.4199,41.5441,41.2766,41.4868,16508700
2024-12-03,41.3244,41.6014,41.1715,41.5728,49462500
2024-12-04,41.7065,41.7447,41.5441,41.6778,21339100
2024-12-05,41.8880,42.0026,41.8689,41.9548,23736100
2024-12-06,42.0599,42.0886,41.8307,41.8880,13142400
2024-12-09,42.7859,43.0821,42.7286,42.7477,34841300
2024-12-10,42.2987,42.3370,42.0313,42.0599,26979800
2024-12-11,42.1555,42.2605,42.0217,42.2319,20405600
2024-12-12,42.0886,42.2414,41.9644,42.0217,17662900
2024-12-13,42.1268,42.1364,41.9166,42.0599,19381200
2024-12-16,41.8689,41.9931,41.8211,41.8307,32259800
2024-12-17,41.4975,41.7792,41.4683,41.7306,30224000
2024-12-18,41.6723,41.7792,40.6815,40.7592,33249500
2024-12-19,41.1575,41.1964,40.8952,40.8952,31146900
2024-12-20,40.7592,41.2741,40.7301,41.0604,25512200
2024-12-23,41.0701,41.3323,41.0021,41.2935,17955400
2024-12-24,41.2935,41.4489,41.2449,41.4198,7066800
2024-12-26,41.1478,41.3615,41.1284,41.2741,16152200
2024-12-27,41.0215,41.1186,40.9049,41.0895,22672400
2024-12-30,40.8369,40.8855,40.6427,40.7592,25055000
2024-12-31,40.7398,40.8369,40.5941,40.6232,40524000
2025-01-02,40.6718,40.7884,40.4872,40.5650,25287200
2025-01-03,40.8855,40.9827,40.7592,40.9438,17706000
2025-01-06,41.3809,41.5072,41.0701,41.0895,26200900
2025-01-07,41.2449,41.2546,40.7592,40.7981,30912500
2025-01-08,40.5455,40.6524,40.4193,40.6038,20257500
2025-01-10,40.0890,40.0890,39.8461,39.9141,42204300
2025-01-13,39.4673,39.6616,39.4479,39.6421,28154900
2025-01-14,40.1570,40.2055,39.9627,40.0890,23438600
2025-01-15,40.5164,40.6330,40.4290,40.6135,22557000
2025-01-16,40.7398,40.7495,40.5552,40.5650,17711400
2025-01-17,40.7592,41.1672,40.7010,40.8855,30692300
2025-01-21,41.2449,41.3809,41.0798,41.3226,16728200
2025-01-22,41.3809,41.4586,41.2352,41.3518,16894600
2025-01-23,41.2643,41.4878,41.1866,41.4489,15212800
2025-01-24,41.6820,41.8180,41.5266,41.7209,20962800
2025-01-27,40.9924,41.1089,40.8758,40.9632,25964200
2025-01-28,41.0312,41.2838,40.7884,41.2644,22438200
2025-01-29,41.5072,41.5946,41.2255,41.2741,24922400
2025-01-30,41.5946,42.0997,41.5752,41.9735,30450300
2025-01-31,41.9832,42.0803,41.4295,41.4975,29974700
2025-02-03,40.8175,41.4489,40.7689,41.1964,37505700
2025-02-04,41.7112,42.0706,41.6529,41.9346,26992900
2025-02-05,41.7792,41.9346,41.7209,41.8278,21829200
2025-02-06,41.9637,42.0220,41.8763,42.0026,19365700
2025-02-07,42.3717,42.4689,41.9249,41.9637,32804300
2025-02-10,42.3717,42.4689,42.2649,42.4689,19596700
2025-02-11,42.1775,42.4009,42.1095,42.3037,19596800
2025-02-12,42.2455,42.6923,42.1386,42.5369,19986000
2025-02-13,42.2454,42.8088,42.2357,42.8088,22841000
2025-02-14,43.0906,43.1391,42.9254,43.1391,24329400
2025-02-18,43.4791,43.5083,43.3140,43.4111,23037100
2025-02-19,43.3723,43.4111,43.2460,43.3431,20275200
2025-02-20,43.6637,43.9357,43.5180,43.7414,29210500
2025-02-21,43.9648,44.1202,43.4597,43.6151,33974700
2025-02-24,43.3723,43.3820,42.9254,42.9448,38307000
2025-02-25,43.0808,43.1003,42.7991,42.9740,19955500
2025-02-26,43.4694,43.7025,43.2945,43.4014,25171000
2025-02-27,43.0323,43.1294,42.5271,42.5563,30518900
2025-02-28,41.8180,42.0220,41.6335,41.9735,52402300
2025-03-03,42.2163,42.3523,41.4586,41.6043,45587700
2025-03-04,41.7500,42.3134,41.4878,41.9540,30082400
2025-03-05,42.7020,43.2751,42.5757,43.2071,47763400
2025-03-06,43.1780,43.3625,42.8963,42.9351,33544500
2025-03-07,43.0711,43.2654,42.7506,43.1488,23474500
2025-03-10,42.4980,42.6243,41.8569,42.1192,29502500
2025-03-11,42.4786,42.6923,42.1775,42.4689,21184100
2025-03-12,42.6534,42.7603,42.3814,42.7020,17731600
2025-03-13,42.2746,42.6534,42.2455,42.5271,17870100
2025-03-14,43.0420,43.3140,42.9934,43.3043,21858400
2025-03-17,43.4597,44.1008,43.4597,44.0425,37712400
2025-03-18,43.9551,43.9842,43.6540,43.8191,19974200
2025-03-19,43.9939,44.0814,43.7122,43.9259,31657500
2025-03-20,43.3237,43.5860,43.2654,43.5180,25180900
2025-03-21,43.1683,43.3723,43.1294,43.3043,19403800
2025-03-24,43.4694,43.6151,43.3820,43.4985,20479000
2025-03-25,43.4597,43.5762,43.3334,43.3723,29535900
2025-03-26,43.3431,43.4014,43.0517,43.1100,22002200
2025-03-27,43.1488,43.4791,43.1488,43.3237,15749100
2025-03-28,42.9060,42.9546,42.4494,42.5174,27866500
2025-03-31,42.0706,42.4883,41.9249,42.4494,25638300
2025-04-01,42.4009,42.7020,42.2649,42.5854,21530300
2025-04-02,42.4689,42.7797,42.4591,42.6437,18068100
2025-04-03,41.7500,42.0512,41.7306,41.7403,26997500
2025-04-04,40.1667,40.2930,38.9913,39.4187,75853000
2025-04-07,37.7285,39.3799,37.4662,37.9519,87724900
2025-04-08,39.0690,39.0982,37.0971,37.4177,57879100
2025-04-09,37.6314,40.1473,37.3594,40.0113,71100600
2025-04-10,39.6616,39.7199,38.6902,39.3216,44475900
2025-04-11,39.9433,40.6135,39.7976,40.5552,43956500
2025-04-14,40.8272,41.1672,40.6621,40.9244,22549600
2025-04-15,40.9924,41.1381,40.8758,40.8855,18077500
2025-04-16,40.5941,40.8272,40.2444,40.4095,19984700
2025-04-17,40.8564,41.0215,40.6815,40.7204,23264400
2025-04-21,40.9632,41.0118,40.4192,40.7107,16440700
2025-04-22,41.1672,41.6043,41.1284,41.3226,25716100
2025-04-23,42.0512,42.2746,41.7500,41.7986,24787400
2025-04-24,41.9152,42.3329,41.8666,42.2843,28843500
2025-04-25,41.9832,42.2066,41.9055,42.2066,18363700
2025-04-28,42.2649,42.3426,42.0803,42.2843,11002200
2025-04-29,42.3426,42.5077,42.3134,42.4009,12809100
2025-04-30,42.3426,42.5757,42.1677,42.5077,20928800
2025-05-01,42.6729,42.7020,42.4592,42.4980,14740500
2025-05-02,43.8579,43.8774,43.5568,43.7122,33945900
2025-05-05,44.1591,44.2271,44.0425,44.0425,22661100
2025-05-06,43.7122,44.0425,43.6928,43.8677,17418700
2025-05-07,43.5374,43.5471,43.2460,43.3625,23390500
2025-05-08,43.5082,43.5860,43.2848,43.3334,17573700
2025-05-09,43.8094,43.8677,43.5471,43.6248,16091100
2025-05-12,44.7031,44.7031,44.4019,44.5671,26843500
2025-05-13,44.2659,44.8099,44.2368,44.6448,23970300
2025-05-14,45.0819,45.1305,44.9265,44.9848,22561700
2025-05-15,44.9070,44.9653,44.7225,44.9653,21682500
2025-05-16,44.8876,44.9750,44.7419,44.9362,23296900
2025-05-19,44.6253,45.0430,44.6253,45.0333,16823000
2025-05-20,44.8488,44.9945,44.8099,44.9848,20233700
2025-05-21,45.1596,45.2665,44.8002,44.8682,25570400
2025-05-22,44.6545,44.8293,44.5865,44.7225,16773000
2025-05-23,44.5962,44.9848,44.5573,44.9070,22018900
2025-05-27,44.7516,44.8585,44.6545,44.8002,26278900
2025-05-28,44.6836,44.7030,44.5573,44.5962,26970500
2025-05-29,44.9945,45.0139,44.6156,44.7613,24291700
2025-05-30,44.3534,44.3534,43.9357,44.2174,42291600
2025-06-02,44.3825,44.5573,44.2174,44.5379,20576500
2025-06-03,44.5282,44.6933,44.4311,44.6448,20943400
2025-06-04,45.0722,45.2567,45.0236,45.1985,26497800
2025-06-05,45.5870,45.6356,45.3150,45.4316,26292800
2025-06-06,45.4704,45.6064,45.3830,45.5773,16629900
2025-06-09,45.8201,46.0338,45.7619,45.9658,22715200
2025-06-10,46.1893,46.2670,45.9853,46.2281,26583600
2025-06-11,46.4710,46.5973,46.3641,46.4224,28230800
2025-06-12,46.3641,46.5293,46.3253,46.5001,19734400
2025-06-13,45.6550,45.9464,45.6356,45.7619,35198100
2025-06-16,46.2738,46.5877,46.2738,46.3229,26995900
2025-06-17,46.0090,46.1071,45.6461,45.7148,35176900
2025-06-18,45.7246,45.8913,45.5873,45.7050,26286900
2025-06-20,45.8815,45.8815,45.4009,45.4402,32783300
2025-06-23,45.3617,45.8227,45.2636,45.8129,22233200
2025-06-24,46.5288,47.0192,46.4994,46.9996,36113900
2025-06-25,46.9800,47.0683,46.9015,47.0388,23739200
2025-06-26,47.2546,47.4312,47.1271,47.3527,21962200
2025-06-27,47.1173,47.3233,47.0388,47.1664,37593400
2025-06-30,47.0781,47.3429,46.9800,47.3135,32966300
2025-07-01,47.4214,47.4900,47.2644,47.4017,25393000
2025-07-02,47.2448,47.6077,47.2056,47.6077,23950600
2025-07-03,47.6469,47.8627,47.6469,47.8235,20080100
2025-07-07,47.3527,47.4606,47.0388,47.1467,24462300
2025-07-08,47.4410,47.4900,47.3135,47.4410,16316900
2025-07-09,47.4508,47.4508,47.2252,47.3625,14846200
2025-07-10,47.4508,47.4998,47.2742,47.4900,21892100
2025-07-11,47.4116,47.4606,47.2939,47.3331,27338400
2025-07-14,47.3429,47.4410,47.2742,47.4017,16882100
2025-07-15,47.9019,47.9412,47.6764,47.7450,24890500
2025-07-16,47.7254,47.9804,47.5489,47.9706,32620000
2025-07-17,47.9118,48.2747,47.8627,48.2452,22323900
2025-07-18,48.3825,48.4708,48.1079,48.1373,23408000
2025-07-21,48.3825,48.6473,48.3041,48.4512,16861700
2025-07-22,48.3139,48.4904,48.1079,48.4806,22316500
2025-07-23,48.7847,49.0004,48.7356,48.9710,23744600
2025-07-24,48.8239,48.8925,48.6768,48.7062,18948000
2025-07-25,48.4316,48.5885,48.3629,48.5591,15605000
2025-07-28,48.3433,48.3923,48.1471,48.2354,27703400
2025-07-29,48.3433,48.4022,48.1864,48.2550,24742400
2025-07-30,48.0981,48.1864,47.8039,47.9019,37855400
2025-07-31,47.7941,47.8725,47.5489,47.6273,30587100
2025-08-01,47.4508,47.4508,47.0585,47.2742,27234300
2025-08-04,47.8039,47.8529,47.6273,47.7646,32920400
2025-08-05,48.0196,48.0785,47.7941,47.9019,18709100
2025-08-06,47.9608,48.1570,47.8627,48.1275,17094000
2025-08-07,48.6473,48.7258,48.4021,48.5297,23378900
2025-08-08,48.3825,48.5100,48.3433,48.4904,16926700
2025-08-11,48.4512,48.5100,48.2845,48.3531,15176100
2025-08-12,48.5591,48.9710,48.5198,48.9416,22908400
2025-08-13,49.4810,49.6183,49.4418,49.5301,28585500
2025-08-14,48.9122,49.0495,48.7847,48.9220,28016600
2025-08-15,49.0691,49.1181,48.9220,48.9808,24042600
2025-08-18,49.1966,49.2751,49.1377,49.2653,19212500
2025-08-19,49.1377,49.1377,48.8043,48.8631,17226800
2025-08-20,48.7749,48.8435,48.5002,48.7945,20299200
2025-08-21,48.6277,48.7847,48.5885,48.6866,14428500
2025-08-22,48.9710,49.6576,48.9318,49.6576,31264200
2025-08-25,49.5693,49.6968,49.3633,49.3731,23701400
2025-08-26,49.3241,49.3928,49.1966,49.2456,25684000
2025-08-27,48.6768,48.9710,48.6375,48.9514,31452900
2025-08-28,48.9024,49.1574,48.8827,49.1377,21353800
2025-08-29,48.8533,48.9416,48.6964,48.9024,24867400
2025-09-02,48.4610,48.8729,48.4022,48.8631,24343900
2025-09-03,49.0102,49.1083,48.9220,49.0495,29035600
2025-09-04,48.7356,48.8925,48.5787,48.8925,14791900
2025-09-05,49.5595,49.6478,49.2162,49.4810,24805800
2025-09-08,49.7360,49.9420,49.6576,49.9322,23345100
2025-09-09,50.1283,50.3049,50.1185,50.2068,23818600
2025-09-10,50.6089,50.7561,50.5109,50.5501,27152000
2025-09-11,50.8934,51.3151,50.8738,51.2857,38948300
2025-09-12,51.3249,51.3445,51.1876,51.2563,17773100
2025-09-15,51.5701,51.6584,51.4818,51.6290,22076400
2025-09-16,51.8644,52.0507,51.7565,52.0115,28614400
2025-09-17,52.2272,52.6392,51.9722,52.2371,53353400
2025-09-18,51.8938,52.1390,51.7761,52.1096,30544400
2025-09-19,52.0507,52.0997,51.8938,51.9919,37385100
2025-09-22,52.0311,52.2567,51.9624,52.2469,18357700
2025-09-23,52.2959,52.5019,52.2272,52.2763,21298600
2025-09-24,52.2371,52.3253,52.0311,52.0997,24947100
2025-09-25,51.7663,51.9624,51.6290,51.7957,27611900
2025-09-26,51.4328,51.6976,51.3445,51.6976,22608400
2025-09-29,52.2174,52.3646,52.0997,52.1684,26754400
2025-09-30,52.3155,52.4136,52.1782,52.3744,25165300
2025-10-01,52.5607,52.8157,52.5607,52.7863,29971300
2025-10-02,53.3061,53.3061,52.8648,53.0315,27872000
2025-10-03,53.2865,53.3453,53.0217,53.1884,21836000
2025-10-06,53.3061,53.5023,53.2571,53.4336,17890500
2025-10-07,53.6298,53.6396,52.9825,53.0217,18605600
2025-10-08,53.0903,53.4434,53.0805,53.4434,15391200
2025-10-09,53.4729,53.4827,52.7667,52.8942,24685200
2025-10-10,52.9236,53.0021,50.8247,50.9424,67908200
2025-10-13,52.4136,52.6196,52.1782,52.4234,34717200
2025-10-14,51.5995,52.3449,51.5211,51.9526,36062800
2025-10-15,52.8157,53.0021,52.4823,52.8059,31145700
2025-10-16,53.2963,53.5317,53.0119,53.1492,29782000
2025-10-17,52.7961,53.2375,52.7667,53.1394,24373600
2025-10-20,53.5121,53.9731,53.5121,53.8652,29450600
2025-10-21,53.5415,53.5415,53.2669,53.2669,27091800
2025-10-22,53.3846,53.6396,52.9726,53.2178,23595100
2025-10-23,53.4336,53.8063,53.4140,53.6886,19655800
2025-10-24,54.1202,54.1496,53.9534,54.0417,19506300
2025-10-27,54.6498,54.6694,54.4340,54.6400,24016300
2025-10-28,54.3163,54.6988,54.2673,54.6204,25911500
2025-10-29,55.1402,55.2285,54.6792,54.9342,32924600
2025-10-30,54.3850,54.5910,54.2575,54.3654,22532800
2025-10-31,54.2771,54.3261,53.9731,54.2379,29316400
2025-11-03,54.6204,54.6596,54.3065,54.5812,18735900
2025-11-04,53.6788,54.0123,53.5611,53.5807,25655800
2025-11-05,53.5905,54.1888,53.5611,54.0613,22362000
2025-11-06,54.0123,54.1594,53.4729,53.6592,24880700
2025-11-07,53.1688,53.5023,52.7667,53.5023,32432300
2025-11-10,54.2183,54.4831,54.0417,54.4438,27712200
2025-11-11,54.4438,54.6302,54.3065,54.5027,22791800
2025-11-12,54.5910,54.5910,54.3556,54.5125,24137600
2025-11-13,54.6302,54.6596,53.7671,53.8750,29877500
2025-11-14,53.4827,54.2379,53.3650,53.9044,27660000
2025-11-17,53.4729,53.8357,53.1002,53.2669,24765100
2025-11-18,52.8451,53.2080,52.6490,53.0021,29360300
2025-11-19,52.8059,53.1296,52.5803,52.8157,20897700
2025-11-20,53.3846,53.4434,52.0605,52.0899,32026400
2025-11-21,51.6976,52.3057,51.3740,52.0801,40328800
2025-11-24,52.0997,52.6686,52.0997,52.6294,33650600
2025-11-25,52.5999,52.8353,52.1880,52.8157,25248200
2025-11-26,53.0609,53.2865,52.9236,53.1982,22161600
2025-11-28,53.1198,53.3257,53.0805,53.2767,15057500
2025-12-01,53.1100,53.4042,53.1100,53.2375,17854000
2025-12-02,53.3159,53.3355,53.0315,53.2571,22523100
2025-12-03,53.1002,53.3061,53.0119,53.2963,16750200
2025-12-04,53.3650,53.3650,53.1394,53.2865,14443500
2025-12-05,53.8750,54.0613,53.6200,53.6886,20114400
2025-12-08,53.8161,53.8161,53.4336,53.5709,29055600
2025-12-09,53.2571,53.5317,53.2080,53.4827,17789200
2025-12-10,53.6004,54.1790,53.5317,54.0809,35022900
2025-12-11,53.6494,53.8946,53.4336,53.8259,22013500
2025-12-12,53.8554,53.8946,53.0609,53.1982,30590000
2025-12-15,53.5023,53.5317,53.0315,53.0413,29137000
2025-12-16,52.6862,52.8553,52.4971,52.7060,38180700
2025-12-17,52.9846,53.0343,52.3081,52.3280,35740800
2025-12-18,52.9945,53.2234,52.8652,52.9249,29985700
2025-12-19,53.2632,53.6113,53.2234,53.4422,28831700
2025-12-22,53.6909,53.7705,53.6113,53.7307,21645200
2025-12-23,53.7108,54.0491,53.6213,54.0292,25319700
2025-12-24,54.1287,54.1784,54.0590,54.1386,9565300
2025-12-26,54.2878,54.5365,54.2480,54.5166,11352000
2025-12-29,54.2381,54.3973,54.1486,54.3774,18816700
2025-12-30,54.5863,54.7057,54.5266,54.5962,24643000
2025-12-31,54.6161,54.6360,54.3973,54.4271,20000900
2026-01-02,55.6010,55.9591,55.5214,55.9492,38255900
2026-01-05,56.2974,56.5660,56.0686,56.5660,37082500
2026-01-06,56.8744,57.1330,56.8644,56.9838,29801700
2026-01-07,56.7351,56.7550,56.5063,56.5560,26931300
2026-01-08,56.4566,56.5958,56.3272,56.5759,27719800
2026-01-09,56.5859,56.8644,56.4168,56.8445,31540700
2026-01-12,56.9440,57.6702,56.9142,57.6404,47304300
2026-01-13,57.4713,57.5111,57.0833,57.2126,34414900
2026-01-14,57.2823,57.4713,57.1430,57.4514,45156200
2026-01-15,57.8493,58.0781,57.6305,57.7896,60438100
2026-01-16,57.6702,57.7100,57.2723,57.5708,30624000
2026-01-20,57.0534,57.4514,56.9440,57.0137,37026900
2026-01-21,57.6901,58.1776,57.6205,57.9587,44193800
2026-01-22,58.3965,58.6253,58.1975,58.3965,33731400
2026-01-23,58.2572,58.8441,58.1279,58.7646,31584700
2026-01-26,58.7347,59.0829,58.6850,58.8640,37945000
2026-01-27,59.6599,60.0578,59.5704,60.0280,62222300
2026-01-28,60.5552,60.5552,60.0578,60.4359,52067700
2026-01-29,60.5453,60.6348,59.2421,60.1275,70851900
2026-01-30,59.5007,59.7594,58.5258,58.7944,73861200
2026-02-02,58.2771,59.1625,58.2572,58.9735,44512300
2026-02-03,59.6201,59.6798,58.7248,59.2918,41132300
2026-02-04,59.5803,59.6002,58.2472,58.4960,50852400
2026-02-05,58.2472,58.7248,57.9190,58.2273,50880900
2026-02-06,58.9337,59.7793,58.9138,59.7594,37534800
2026-02-09,59.6599,60.3364,59.5903,60.1971,35324300
2026-02-10,60.4060,60.5055,60.1076,60.2866,32247100
2026-02-11,60.8636,61.3113,60.4657,61.2417,38158900
2026-02-12,61.5202,61.5899,60.3662,60.5453,48070600
2026-02-13,60.4060,60.8935,59.8191,60.8040,40091300
2026-02-17,60.4060,60.7642,59.8788,60.5552,38127200
2026-02-18,60.7144,61.2317,60.5950,60.8736,29966900
2026-02-19,60.5155,60.7542,60.2667,60.7244,38043800
2026-02-20,60.6945,62.0375,60.6547,62.0176,56421600
2026-02-23,61.6993,61.9281,61.1919,61.3312,36573400
2026-02-24,61.9182,62.5151,61.7888,62.2962,44407300
2026-02-25,63.0921,63.1020,62.7140,62.9826,42201200
2026-02-26,62.9528,62.9826,61.7590,62.3857,52083200
2026-02-27,61.8784,65.6189,61.7988,62.2564,34830100
2026-03-02,60.4757,61.5302,60.4757,61.1820,46879900
2026-03-03,57.6702,58.6054,56.4466,58.1179,99942900
2026-03-04,58.2472,59.2719,57.9389,58.7447,74073300
2026-03-05,57.7200,58.2771,56.5958,57.3320,81396900
2026-03-06,56.5361,57.4016,56.2675,57.0236,55731800
2026-03-09,56.3670,58.3467,55.9492,58.1478,65072500
2026-03-10,58.3567,59.5704,58.0383,58.3766,56415100
2026-03-11,58.3965,58.8541,58.0881,58.5258,35658200
2026-03-12,57.6901,57.7299,56.5660,56.6555,53035000
2026-03-13,57.3221,57.7100,56.3670,56.5063,47897100
2026-03-16,57.7498,58.3368,57.6901,58.0781,36204900
2026-03-17,58.5755,58.7546,58.2273,58.4462,24929100
2026-03-18,58.0781,58.3268,57.2425,57.2624,37207400
2026-03-19,56.1482,57.5708,55.9691,57.3221,50957600
2026-03-20,56.6555,56.7152,55.1533,55.3523,78534200
2026-03-23,56.5958,57.5409,56.2675,57.0137,61193400
2026-03-24,55.8398,56.6257,55.7403,56.2277,37191900
2026-03-25,57.1231,57.4713,56.7351,57.1231,36444000
2026-03-26,55.9691,56.3471,55.1533,55.1832,42794900
2026-03-27,55.0638,55.4518,54.7156,54.9146,38596100
2026-03-30,55.2130,55.2528,54.1585,54.4669,32281500
2026-03-31,54.6559,56.5660,54.5962,56.4963,64809400
2026-04-01,56.9142,57.5310,56.7252,56.9341,51176300
2026-04-02,55.2827,56.7351,55.1434,56.2974,33449800
2026-04-06,56.6555,57.1231,56.4466,56.8147,19981700
2026-04-07,56.8744,57.0336,56.0387,57.0137,28112800
2026-04-08,60.5453,60.6746,59.5903,60.1275,50444800
2026-04-09,59.4510,60.2071,59.1824,59.9683,35719500
2026-04-10,60.3961,60.5751,60.0578,60.2469,20508400
2026-04-13,59.7693,60.8139,59.6897,60.7542,24457400
2026-04-14,61.2815,61.9381,61.2516,61.9182,23734200
2026-04-15,61.7192,61.9978,61.5401,61.8784,26278700
2026-04-16,62.1072,62.4056,61.7391,62.1271,32327600
2026-04-17,63.2015,63.8879,63.0423,63.3109,46228600
2026-04-20,62.7837,62.9329,62.4554,62.8533,20045600
2026-04-21,62.9528,63.0423,61.8286,61.9281,25552600
2026-04-22,62.6643,63.0921,62.5648,63.0523,19635300
2026-04-23,62.4255,62.7439,61.3810,62.0276,33271500
2026-04-24,62.9528,63.4900,62.7737,63.4104,26360600
2026-04-27,63.5696,63.6492,63.1716,63.3109,14689400
2026-04-28,62.4653,62.7936,62.2067,62.6643,20628900
2026-04-29,62.7439,62.7936,62.1171,62.3658,21066100
2026-04-30,62.9130,63.8083,62.5549,63.6591,32197000
2026-05-01,63.5099,64.3356,63.4701,63.7984,22489200
2026-05-04,64.1366,64.5346,63.4800,63.7685,19751800
2026-05-05,64.6440,65.2906,64.5545,65.0618,18701000
2026-05-06,66.5043,67.2405,66.2954,67.1410,35376400
2026-05-07,67.3201,67.3201,66.1362,66.2457,34734700
2026-05-08,66.9818,67.6086,66.9321,67.5887,27606300
2026-05-11,67.4793,67.7976,67.2405,67.5389,14667100
2026-05-12,65.8776,66.1661,64.6539,65.4797,37773400
2026-05-13,66.2258,67.1012,65.9273,66.8625,26065400
2026-05-14,66.6038,67.1709,66.4844,67.0316,21184400
2026-05-15,64.8927,65.1315,64.3853,64.7335,34830900
2026-05-18,65.3205,65.4200,64.0471,64.6340,37739800
2026-05-19,63.2910,64.5147,63.1518,63.9277,37009400
2026-05-20,64.1565,65.2210,64.0670,65.1215,32484700
2026-05-21,64.8927,66.0069,64.7136,65.6886,28726400
2026-05-22,65.6587,66.0467,65.4001,65.5393,30851000
2026-05-26,67.3698,68.1458,67.3400,68.0463,25457000
2026-05-27,68.4045,68.6034,67.5887,68.0364,31991500
2026-05-28,67.3002,68.4144,67.0813,68.2552,33058600
2026-05-29,68.5736,68.7526,68.1458,68.2453,32143100
2026-06-01,69.0212,70.1454,68.7725,69.7176,31731100
2026-06-02,69.9265,70.4936,69.6977,70.4339,16577400
2026-06-03,70.0559,70.1056,69.2003,69.5584,22147100
2026-06-04,68.1657,68.9317,67.7280,68.7427,21260300
2026-06-05,66.3850,66.5441,64.0272,64.2560,56184500
2026-06-08,65.7284,66.0268,65.2508,65.4100,29088400
2026-06-09,66.8625,67.1112,63.7387,65.4797,42106700
2026-06-10,64.9723,65.9373,64.2461,64.3257,37541900
2026-06-11,64.9325,67.2504,64.8430,67.1510,41505700
2026-06-12,67.1808,67.8473,66.7431,67.5290,39782800
2026-06-15,69.6100,69.8800,69.3800,69.7500,37751500
2026-06-16,69.3300,69.7400,68.5800,68.6400,31283500
2026-06-17,69.5700,70.0800,68.4100,68.5600,36131300
2026-06-18,70.1800,70.9200,70.1500,70.7900,49998100
2026-06-22,71.2900,71.5700,70.9900,71.2100,25302200
2026-06-23,67.2500,68.2300,67.0700,67.1700,39069000
2026-06-24,67.3800,67.6100,66.6000,67.2500,22973300
2026-06-25,68.9100,68.9900,67.2700,67.9600,24474400
2026-06-26,66.3400,67.7200,66.2700,67.1900,24158700
2026-06-29,66.9900,67.4600,66.0000,67.4300,18609700
2026-06-30,67.5900,68.5000,67.4800,68.4100,20384300
2026-07-01,66.9100,67.4600,66.4800,66.4800,28146700
2026-07-02,66.5300,67.1900,64.8000,65.7000,34258700
2026-07-06,67.2500,67.7900,67.2100,67.5700,24039300
2026-07-07,65.9900,66.3300,65.2600,65.7200,26285100
2026-07-08,65.1600,66.2500,64.9700,66.2300,20723500
2026-07-09,66.5700,66.9600,66.3700,66.7800,19566800
2026-07-10,66.5400,67.0200,66.1900,66.9000,18694800
2026-07-13,65.1900,65.2900,64.3900,64.5000,25474800
2026-07-14,65.5300,65.8000,65.1100,65.6700,18557800
2026-07-15,65.8700,66.0400,64.6600,65.5700,30073900
2026-07-16,64.4300,64.7200,63.9200,64.1900,21565700
2026-07-17,62.3000,63.8900,62.0100,63.2900,35145100
2026-07-20,64.0400,64.1700,63.4800,63.5600,19269600
2026-07-21,65.1200,65.5000,64.8200,65.3400,20839300
2026-07-22,64.6400,65.1900,64.6300,64.9900,13399800
2026-07-23,64.4900,65.0400,63.9900,64.6000,13003300
2026-07-24,63.9500,64.1500,63.2500,63.3300,20525600
2026-07-27,64.2200,64.2700,62.8500,63.6200,23439900
2026-07-28,62.0600,62.8000,61.6800,62.3600,28991800
2026-07-29,61.7300,62.7000,60.7700,61.0700,32436600
2026-07-30,62.4800,63.6400,62.3000,63.5900,42233300
2026-07-31,64.9300,65.0600,63.5100,64.0900,31148600
2026-08-03,63.7400,64.4500,63.3400,64.3200,21829600
2026-08-04,65.2200,66.1400,65.1200,66.0000,25811400
2026-08-05,65.9500,66.2400,65.6700,65.7200,21452700
2026-08-06,64.6800,65.5600,64.4700,65.0200,20782000
2026-08-07,65.8700,65.9400,65.0100,65.6400,21462100
2026-08-10,65.2100,65.3600,64.9800,65.1700,19094800
2026-08-11,65.6200,65.7500,65.1900,65.4300,9763400
2026-08-12,66.6100,66.6700,66.2000,66.4600,20256500
2026-08-13,66.4200,66.9700,66.3500,66.6800,14548800
2026-08-14,66.8500,67.0900,66.4200,66.6100,11964600
2026-08-17,67.3300,67.9400,67.2300,67.3200,17036900
2026-08-18,66.0300,66.2800,65.2500,65.3400,24782800
2026-08-19,66.5500,66.6000,65.8400,66.1100,16168600
2026-08-20,66.1800,66.8100,66.1400,66.6200,16821800
2026-08-21,67.4300,67.4900,66.9700,67.1200,18381100
2026-08-24,66.4000,66.4400,65.7800,66.1100,16073600
2026-08-25,66.8400,67.2900,66.6300,67.2500,16396000
2026-08-26,67.3600,67.5500,67.1400,67.1700,14934200
2026-08-27,67.5700,67.6900,67.2100,67.6100,10911200
2026-08-28,67.7000,68.0000,66.9700,67.1400,11763200
2026-08-31,67.2900,67.4100,66.8100,67.0200,20905000
2026-09-01,67.0600,67.4300,66.5600,66.7700,17084500
2026-09-02,66.8100,67.2000,66.7700,67.1500,9798200
2026-09-03,67.0700,67.5500,66.7100,67.4700,12193800
2026-09-04,67.7300,68.7300,67.7300,68.7000,22132500
2026-09-08,68.9900,69.1300,68.7200,68.8300,18049000
2026-09-09,68.6600,69.0000,68.3000,68.4800,16270900
2026-09-10,67.3700,67.5100,66.9600,67.0000,22821000
2026-09-11,67.9800,68.0300,67.6900,67.8400,21480000
2026-09-14,65.9500,66.4900,65.7200,65.9900,24205200
2026-09-15,66.1200,66.1400,65.5600,65.7600,13861700
2026-09-16,66.4100,66.5800,65.2900,65.7200,17607500
2026-09-17,66.7800,67.0800,66.7100,66.9100,18612300
2026-09-18,66.8400,67.0700,66.5700,67.0300,19432100
2026-09-21,68.2900,68.9300,68.1300,68.8300,21966000
