date,o,h,l,c,v
2007-04-11,31.0848,31.0967,31.0848,31.0848,1900
2007-04-12,31.1056,31.1056,31.0848,31.1056,6100
2007-04-13,31.0967,31.1265,31.0490,31.0490,3400
2007-04-16,31.0609,31.0609,31.0252,31.0371,7600
2007-04-17,31.0252,31.0997,31.0222,31.0222,28100
2007-04-18,31.0371,31.0609,31.0252,31.0311,6300
2007-04-19,31.0401,31.1503,30.9984,31.1384,47500
2007-04-20,31.1414,31.1414,31.1146,31.1205,4900
2007-04-23,31.1563,31.1771,31.1146,31.1384,1700
2007-04-24,31.1563,31.3707,31.1056,31.3529,398500
2007-04-25,31.3618,31.4005,31.3618,31.4005,16300
2007-04-26,31.4065,31.4571,31.3648,31.4571,48200
2007-04-27,31.4303,31.4571,31.4303,31.4571,8300
2007-04-30,31.4452,31.4661,31.3767,31.4601,15500
2007-05-01,31.4461,31.4939,31.4461,31.4640,8600
2007-05-02,31.4700,31.4819,31.4252,31.4520,4700
2007-05-03,31.4759,31.5088,31.4252,31.4550,17200
2007-05-04,31.4700,31.4968,31.4281,31.4939,4600
2007-05-07,31.4610,31.4909,31.4550,31.4909,4200
2007-05-08,31.5267,31.5297,31.4998,31.5148,16100
2007-05-09,31.5417,31.5446,31.4132,31.4311,9400
2007-05-10,31.5745,31.6074,31.5178,31.5446,17400
2007-05-11,31.5566,31.5984,31.5327,31.5626,12200
2007-05-14,31.5715,31.5745,31.5297,31.5596,11600
2007-05-15,31.5745,31.6432,31.5357,31.5357,39400
2007-05-16,31.6134,31.6223,31.6104,31.6193,78100
2007-05-17,31.6313,31.6432,31.5715,31.6104,14500
2007-05-18,31.6492,31.6492,31.6193,31.6193,5200
2007-05-21,31.6462,31.6522,31.6193,31.6492,14600
2007-05-22,31.6881,31.6910,31.5835,31.6522,10200
2007-05-23,31.6402,31.6970,31.5745,31.6283,22500
2007-05-24,31.6761,31.6761,31.6193,31.6373,17100
2007-05-25,31.6552,31.8045,31.6044,31.6820,7400
2007-05-29,31.5745,31.5805,31.5387,31.5566,4900
2007-05-30,31.6253,31.6462,31.5895,31.6283,4300
2007-05-31,31.6313,31.6313,31.5596,31.5775,6200
2007-06-01,31.5733,31.5793,31.5253,31.5733,13500
2007-06-04,31.6003,31.6063,31.5463,31.6003,21800
2007-06-05,31.6034,31.6034,31.5553,31.5553,4500
2007-06-06,31.5403,31.5583,31.5042,31.5162,74600
2007-06-07,31.4622,31.4622,31.2999,31.3690,12100
2007-06-08,31.3030,31.3210,31.2159,31.2849,17800
2007-06-11,31.2098,31.2609,31.1197,31.2189,2900
2007-06-12,31.1708,31.1738,30.9605,31.0596,67300
2007-06-13,31.1287,31.1828,30.9004,31.1137,24600
2007-06-14,31.0416,31.1378,30.9876,31.1378,18200
2007-06-15,31.0897,31.1438,31.0897,31.1318,13500
2007-06-18,31.2128,31.2128,31.0596,31.1498,14600
2007-06-19,31.1918,31.1918,31.0476,31.1888,19600
2007-06-20,31.1918,31.1918,30.9125,30.9125,16900
2007-06-21,30.9395,31.0686,30.9395,30.9695,13900
2007-06-22,31.0056,31.0476,30.8914,31.0296,27800
2007-06-25,31.0296,31.0416,30.8344,30.8494,29000
2007-06-26,30.9215,30.9966,30.8494,30.9395,43600
2007-06-27,30.8764,30.8794,30.7833,30.8313,6800
2007-06-28,30.8043,30.8314,30.6181,30.6692,9500
2007-06-29,30.6691,30.7893,30.5820,30.5820,14600
2007-07-02,30.7310,30.9032,30.6403,30.8217,19600
2007-07-03,30.7915,30.7915,30.7008,30.7643,11700
2007-07-05,30.7763,30.7793,30.5134,30.6524,14600
2007-07-06,30.6494,30.7582,30.5527,30.6857,8200
2007-07-09,30.6494,30.8156,30.6373,30.7794,8400
2007-07-10,30.6645,30.7461,30.5195,30.6978,19700
2007-07-11,30.7068,30.7099,30.3865,30.4681,17200
2007-07-12,30.5195,30.5588,30.4319,30.5588,8300
2007-07-13,30.6101,30.6887,30.5195,30.6857,5200
2007-07-16,30.6313,30.7642,30.5980,30.6978,17100
2007-07-17,30.7310,30.7340,30.5860,30.7340,10600
2007-07-18,30.7219,30.7219,30.4591,30.5044,15600
2007-07-19,30.5286,30.5376,30.5286,30.5376,6400
2007-07-20,30.5134,30.6162,30.3956,30.4591,18600
2007-07-23,30.4288,30.4319,30.3684,30.3926,9000
2007-07-24,30.3684,30.3714,30.1750,30.2173,44900
2007-07-25,30.1871,30.1871,29.8184,29.9302,28100
2007-07-26,29.7641,30.0662,29.1265,29.5072,43200
2007-07-27,29.3108,29.3108,28.8545,29.0147,44600
2007-07-30,29.3078,29.3169,29.1144,29.2957,24600
2007-07-31,29.3108,29.6734,29.3108,29.3954,34000
2007-08-01,29.4532,29.4532,28.9727,29.3346,33500
2007-08-02,29.4988,29.6022,29.4988,29.5018,28800
2007-08-03,29.6083,29.6083,29.3133,29.5018,20100
2007-08-06,30.0341,30.0341,29.2129,29.4380,30400
2007-08-07,30.1862,30.1862,29.4411,29.6479,68800
2007-08-08,30.1101,30.5663,29.8060,29.9976,30300
2007-08-09,29.9946,30.0858,29.8090,29.9672,12800
2007-08-10,29.8669,29.9186,29.7300,29.9064,18800
2007-08-13,30.1162,30.1253,29.9277,30.1253,21300
2007-08-14,30.2075,30.2075,29.8577,29.8911,12400
2007-08-15,29.9125,30.1223,29.8912,30.0584,9100
2007-08-16,30.4143,30.4143,29.7999,30.0189,15300
2007-08-17,30.1101,30.4143,29.9885,30.3230,30000
2007-08-20,30.4143,30.4143,30.0341,30.0341,49300
2007-08-21,30.1862,30.3687,29.8242,29.8790,33700
2007-08-22,29.9885,30.1710,29.8364,30.1101,52700
2007-08-23,30.1619,30.3535,30.1102,30.2926,59400
2007-08-24,30.3230,30.3687,30.1588,30.3687,11600
2007-08-27,30.4143,30.5663,30.3839,30.5663,11800
2007-08-28,30.5663,30.6880,30.4143,30.4599,55800
2007-08-29,30.4143,30.6880,30.3139,30.5815,18300
2007-08-30,30.6394,30.7306,30.4812,30.6454,42900
2007-08-31,30.8644,30.9252,30.7215,30.9222,11300
2007-09-04,31.2046,31.2046,30.9078,31.1373,13500
2007-09-05,31.1067,31.1771,30.9782,31.1496,14400
2007-09-06,31.0578,31.1343,31.0578,31.1312,16400
2007-09-07,31.1832,31.1832,30.7395,30.7762,50700
2007-09-10,31.0608,31.0608,30.7885,30.9078,10000
2007-09-11,31.0547,31.2138,30.9078,31.1618,24100
2007-09-12,31.2138,31.3668,31.0241,31.3026,32000
2007-09-13,31.2903,31.2903,30.9751,31.1924,10900
2007-09-14,31.1985,31.5015,30.9752,31.4862,33900
2007-09-17,31.5199,31.6729,31.3240,31.6300,20100
2007-09-18,31.7494,31.9360,31.5137,31.8565,31400
2007-09-19,31.9024,32.4685,31.8871,32.4654,85900
2007-09-20,32.4501,32.4501,31.5199,31.6698,410400
2007-09-21,32.1288,32.2543,31.2444,31.7494,105100
2007-09-24,31.4219,31.9636,31.4128,31.9636,45500
2007-09-25,31.5199,32.0401,31.5199,32.0401,167500
2007-09-26,32.0401,32.0401,31.8657,31.9238,25300
2007-09-27,31.9789,31.9942,30.9568,31.8259,49200
2007-09-28,31.9697,31.9728,31.7035,31.8259,46700
2007-10-01,32.1692,32.1784,31.8182,31.9475,50300
2007-10-02,31.5718,32.0214,31.5718,32.0091,72100
2007-10-03,32.0245,32.1692,31.8151,31.8397,35300
2007-10-04,31.9629,32.0091,31.8059,31.9752,17600
2007-10-05,32.0152,32.0245,31.8767,31.9937,22900
2007-10-08,32.0922,32.1446,31.9814,32.1015,18600
2007-10-09,32.1230,32.1292,32.0245,32.1261,14600
2007-10-10,32.1723,32.1723,32.0706,32.0984,21200
2007-10-11,32.1754,32.1784,32.0245,32.1446,22300
2007-10-12,32.1538,32.2092,32.1538,32.1784,73700
2007-10-15,32.3940,32.3940,32.1785,32.3324,24600
2007-10-16,32.1784,32.2339,32.0553,32.2092,60600
2007-10-17,32.0337,32.2246,31.8120,31.8120,15200
2007-10-18,32.0953,32.1015,31.7936,31.7966,13200
2007-10-19,31.7935,32.0060,31.4086,31.6550,40200
2007-10-22,31.6550,31.6550,31.3624,31.3624,64600
2007-10-23,31.4671,31.6242,31.3932,31.6242,27000
2007-10-24,31.5934,31.6396,31.5010,31.6242,22200
2007-10-25,31.7135,31.7135,31.6057,31.6704,16600
2007-10-26,31.6242,31.7443,31.5934,31.7443,10800
2007-10-29,31.8674,31.8705,31.7350,31.8397,19900
2007-10-30,31.8089,31.8089,31.6242,31.7781,10500
2007-10-31,31.9044,32.0245,31.7288,31.9783,12000
2007-11-01,31.8357,31.8946,31.6157,31.7706,29400
2007-11-02,31.7675,31.7706,31.5908,31.6931,32300
2007-11-05,32.8555,32.8555,31.4607,31.6776,13800
2007-11-06,31.6776,31.9721,31.6776,31.8419,34900
2007-11-07,31.5599,31.9566,31.5599,31.8016,11900
2007-11-08,31.8791,31.8791,31.1228,31.3987,121000
2007-11-09,31.4824,31.5382,31.1538,31.5382,38400
2007-11-12,31.9318,31.9318,31.5846,31.6621,41400
2007-11-13,31.9101,31.9101,31.4793,31.5382,15300
2007-11-14,31.8481,31.8481,31.5227,31.6157,7800
2007-11-15,31.6125,31.7210,31.5165,31.6063,15500
2007-11-16,31.9256,31.9256,31.4700,31.6157,18400
2007-11-19,31.8326,31.8326,31.5475,31.6157,16700
2007-11-20,31.5382,31.7366,31.1228,31.3057,26500
2007-11-21,31.2127,31.2127,30.0659,30.7168,139600
2007-11-23,30.7477,31.1507,30.6579,30.6579,3100
2007-11-26,30.3758,31.3057,30.3758,30.9957,69500
2007-11-27,31.1507,31.4545,30.8407,31.0422,25700
2007-11-28,30.8655,31.3677,30.8655,31.3367,11700
2007-11-29,31.5381,31.5381,31.0267,31.4916,20200
2007-11-30,31.6157,31.7706,31.4638,31.6188,34900
2007-12-03,32.1278,32.1278,31.5351,31.9375,31400
2007-12-04,32.1278,32.1278,31.8159,31.8159,16300
2007-12-05,31.7161,31.9718,31.2731,31.4416,270600
2007-12-06,31.6942,31.7379,31.1920,31.7223,33200
2007-12-07,31.3792,31.9687,31.3792,31.7067,27100
2007-12-10,31.4197,31.7036,31.4197,31.6599,23500
2007-12-11,31.8689,31.9656,31.4572,31.6287,30300
2007-12-12,31.9718,32.3617,31.6599,31.8003,29400
2007-12-13,31.7379,31.9032,31.5757,31.7847,44500
2007-12-14,31.9718,31.9718,31.5632,31.8315,15600
2007-12-17,31.9718,31.9718,31.5414,31.6599,18900
2007-12-18,31.6318,31.8159,31.6318,31.6911,53200
2007-12-19,31.5383,31.8471,31.5383,31.8471,24000
2007-12-20,31.6287,31.8003,31.6287,31.7784,31300
2007-12-21,31.9656,31.9656,31.6256,31.8783,37600
2007-12-24,31.8221,31.8970,31.5664,31.7660,66800
2007-12-26,31.6693,31.7223,31.5663,31.6256,48400
2007-12-27,31.7370,31.8687,31.7370,31.8342,22900
2007-12-28,31.8060,31.8750,31.4453,31.5237,88500
2007-12-31,31.4327,31.5990,31.3261,31.5927,38800
2008-01-02,31.2288,31.6491,31.1473,31.2100,61800
2008-01-03,31.2413,31.3511,31.1347,31.1504,64800
2008-01-04,31.3700,31.3825,31.0030,31.1159,48600
2008-01-07,31.2069,31.2069,30.8336,30.9308,177200
2008-01-08,31.2068,31.2068,30.7395,30.7520,42100
2008-01-09,30.8932,30.8932,30.4039,30.4164,51600
2008-01-10,30.4791,30.7928,30.4101,30.6423,154800
2008-01-11,30.6893,30.8964,30.5231,30.7082,71700
2008-01-14,30.6265,30.7614,30.5450,30.6015,20600
2008-01-15,30.7238,30.7238,30.6140,30.6799,20000
2008-01-16,30.6893,30.7081,30.5544,30.6454,20700
2008-01-17,30.5827,30.5827,30.4290,30.4290,31600
2008-01-18,30.5733,31.0375,30.4352,30.6674,84500
2008-01-22,30.3317,30.6956,29.2653,30.4541,192400
2008-01-23,30.3756,30.6109,29.8048,30.5137,59600
2008-01-24,30.5074,30.8963,30.3882,30.8963,62700
2008-01-25,30.7740,31.2100,30.4447,30.9434,43700
2008-01-28,30.8963,30.8963,30.5827,30.8022,44800
2008-01-29,30.6705,30.8493,30.6705,30.8336,39200
2008-01-30,30.8713,30.9716,30.7176,30.9528,27400
2008-01-31,30.7834,31.0155,30.6611,31.0155,76500
2008-02-01,31.0863,31.1052,30.6315,31.0326,83100
2008-02-04,30.7105,31.0673,30.7105,31.0389,44900
2008-02-05,30.8810,30.8810,30.6315,30.7894,66300
2008-02-06,30.8463,30.8557,30.6884,30.7263,101100
2008-02-07,30.6000,30.7263,30.3158,30.5968,58100
2008-02-08,30.4736,30.4736,30.3157,30.3662,80400
2008-02-11,30.0820,30.3820,30.0820,30.1262,74500
2008-02-12,30.0789,30.4073,30.0789,30.2399,85200
2008-02-13,30.3126,30.3347,30.1610,30.1610,60700
2008-02-14,30.4958,30.4958,30.1421,30.3094,48800
2008-02-15,30.2368,30.2368,30.1105,30.2336,49700
2008-02-19,30.2368,30.3157,29.9999,30.0789,102900
2008-02-20,30.2652,30.2652,30.0094,30.1579,65800
2008-02-21,30.2842,30.3157,30.1579,30.2621,55800
2008-02-22,30.2968,30.3410,30.2052,30.3157,48200
2008-02-25,30.2526,30.4515,30.2242,30.4073,81000
2008-02-26,30.4105,30.6158,30.3789,30.6031,80200
2008-02-27,30.6221,30.6252,30.4705,30.5968,75900
2008-02-28,30.4736,30.6094,30.2178,30.5526,61300
2008-02-29,30.4357,30.4610,30.2178,30.4357,72900
2008-03-03,30.5711,30.5711,30.3518,30.4440,53500
2008-03-04,30.4472,30.4949,30.3550,30.4090,29900
2008-03-05,30.3518,30.5108,30.3518,30.4949,73300
2008-03-06,30.4917,30.4917,30.3518,30.4154,21000
2008-03-07,30.2660,30.3518,30.2660,30.3518,44200
2008-03-10,30.3391,30.3677,30.2724,30.2819,26800
2008-03-11,30.2374,30.4154,30.2088,30.3582,36200
2008-03-12,30.2756,30.3550,30.2724,30.3518,53200
2008-03-13,30.2628,30.2628,29.8115,30.1389,80100
2008-03-14,30.1389,30.1929,29.8910,29.9577,37300
2008-03-17,29.8846,29.8846,29.6526,29.8179,55100
2008-03-18,30.0213,30.8254,29.9673,30.2565,46700
2008-03-19,30.3391,30.3772,30.2247,30.2883,75800
2008-03-20,30.2756,30.4313,30.2565,30.4313,55600
2008-03-24,30.5076,30.7014,30.4440,30.6633,104900
2008-03-25,30.6696,30.7491,30.5807,30.7427,90200
2008-03-26,30.7014,30.7555,30.6379,30.6696,149700
2008-03-27,30.7014,30.7014,30.5457,30.5711,97800
2008-03-28,30.5743,30.5870,30.5139,30.5870,46400
2008-03-31,30.5171,30.7332,30.3931,30.7237,246500
2008-04-01,30.6763,30.8619,30.6763,30.8587,988000
2008-04-02,30.8491,30.9227,30.7947,30.8747,92200
2008-04-03,30.9259,30.9259,30.5867,30.8203,98300
2008-04-04,30.8747,31.4282,30.7819,30.9387,142200
2008-04-07,30.9707,31.2042,30.9387,31.1850,117300
2008-04-08,31.0827,31.2906,31.0027,31.2906,85300
2008-04-09,31.0347,31.0987,30.9643,31.0187,79400
2008-04-10,31.0059,31.5178,30.9835,31.1306,176900
2008-04-11,31.0667,31.0763,30.8747,30.8811,59600
2008-04-14,30.9675,31.0027,30.8811,30.9899,54700
2008-04-15,30.9675,31.0987,30.9195,30.9867,59400
2008-04-16,31.0923,31.1690,30.9835,31.1211,84700
2008-04-17,31.1530,31.1530,31.0667,31.1530,61900
2008-04-18,31.2970,31.3706,31.1403,31.3642,123700
2008-04-21,31.3482,31.3482,31.2778,31.3130,70500
2008-04-22,31.3994,31.4570,31.2042,31.3546,77600
2008-04-23,31.4826,31.5754,31.2842,31.4826,103800
2008-04-24,31.5306,31.5306,31.3226,31.4922,114400
2008-04-25,31.6042,31.6426,31.5466,31.6426,87600
2008-04-28,31.7290,31.8346,31.5114,31.8282,595700
2008-04-29,31.8249,31.8249,31.6458,31.7354,144500
2008-04-30,31.7417,31.9817,31.5146,31.7673,113400
2008-05-01,31.9212,32.4425,31.9212,32.4425,428500
2008-05-02,32.2816,32.3041,32.0531,32.1142,133900
2008-05-05,32.0209,32.0821,32.0209,32.0627,121900
2008-05-06,31.9469,31.9469,31.7538,31.8343,121400
2008-05-07,31.9276,31.9308,31.7345,31.8568,65700
2008-05-08,31.9115,31.9179,31.7763,31.7892,59700
2008-05-09,31.8149,31.8568,31.6927,31.8568,73100
2008-05-12,31.8311,31.8343,31.6959,31.8150,91900
2008-05-13,31.8504,31.8697,31.7635,31.8053,59500
2008-05-14,31.8375,31.9018,31.5672,31.7603,153100
2008-05-15,31.9083,31.9372,31.6155,31.8439,146600
2008-05-16,31.7667,31.9019,31.7281,31.8890,79300
2008-05-19,31.9694,32.0434,31.9212,32.0145,58900
2008-05-20,32.0177,32.0177,31.8793,31.9533,49300
2008-05-21,31.9694,31.9694,31.8632,31.8954,97300
2008-05-22,31.8568,31.9340,31.7699,31.8472,51700
2008-05-23,31.7603,31.7957,31.4385,31.6573,401400
2008-05-27,31.6509,31.6509,31.3870,31.4803,65800
2008-05-28,31.4063,31.6444,31.4063,31.6348,73700
2008-05-29,31.6155,31.6638,31.5350,31.6026,76300
2008-05-30,31.6090,31.6090,31.5575,31.6058,53600
2008-06-02,31.6071,31.6330,31.0338,31.3448,374500
2008-06-03,31.5132,31.5132,31.1893,31.3675,80200
2008-06-04,31.3933,31.3933,31.2379,31.3350,46100
2008-06-05,31.4160,31.4808,31.3771,31.4711,49200
2008-06-06,31.4063,31.5391,31.3448,31.3836,43100
2008-06-09,31.5035,31.5359,31.2897,31.4840,47100
2008-06-10,31.4160,31.5002,31.3707,31.4970,52400
2008-06-11,31.5780,31.7334,31.4160,31.4905,66500
2008-06-12,31.3933,31.5294,31.3221,31.4387,41200
2008-06-13,31.4484,31.5779,31.2055,31.5779,58900
2008-06-16,31.2865,31.4387,31.1278,31.1407,61200
2008-06-17,31.1019,31.3512,31.0824,31.1958,87300
2008-06-18,31.1893,31.3674,31.1083,31.2638,67200
2008-06-19,31.1634,31.1634,30.9788,31.0662,86600
2008-06-20,31.0273,31.0533,30.8492,30.9431,40500
2008-06-23,30.9593,30.9755,30.7974,30.8298,37800
2008-06-24,30.8006,30.9723,30.6031,30.7002,176700
2008-06-25,30.6517,30.8136,30.6063,30.8039,92900
2008-06-26,30.5027,30.6387,30.3796,30.5610,96000
2008-06-27,30.4508,30.5091,30.3116,30.4768,58300
2008-06-30,30.4120,30.4768,30.2954,30.4444,84900
2008-07-01,30.1447,30.6567,30.1186,30.4121,957200
2008-07-02,30.3371,30.4936,30.1903,30.3893,81800
2008-07-03,30.4512,30.5197,30.3273,30.3762,41700
2008-07-07,30.5164,30.5164,30.2360,30.4023,102500
2008-07-08,30.3795,30.3991,30.2197,30.3208,170000
2008-07-09,30.2654,30.3958,30.1838,30.2164,79000
2008-07-10,30.1414,30.3599,30.1153,30.2556,99100
2008-07-11,30.1055,30.2686,30.0795,30.2164,310000
2008-07-14,30.3827,30.3827,29.9718,30.1447,41200
2008-07-15,29.9098,29.9392,29.5902,29.6783,149100
2008-07-16,29.7435,29.8642,29.6783,29.7761,25300
2008-07-17,29.9066,30.1838,29.8283,29.8642,41900
2008-07-18,30.0338,30.3436,29.9294,30.3436,48800
2008-07-21,30.5002,30.5556,30.3306,30.4936,49500
2008-07-22,30.4284,30.6208,30.3697,30.5980,103000
2008-07-23,30.5425,30.6339,30.5099,30.5165,193500
2008-07-24,30.5947,30.7349,30.4153,30.5882,64100
2008-07-25,30.5752,30.8296,30.5589,30.6534,188000
2008-07-28,30.4741,30.5686,30.4284,30.5491,75200
2008-07-29,30.5132,30.6013,30.3958,30.5556,65900
2008-07-30,30.4447,30.5719,30.3306,30.5621,103900
2008-07-31,30.4512,30.6241,30.3306,30.6241,82000
2008-08-01,30.4477,30.5692,30.3492,30.4871,25200
2008-08-04,30.3426,30.3754,30.2309,30.2769,75800
2008-08-05,30.3262,30.7761,30.2243,30.4904,70600
2008-08-06,30.3032,30.3328,30.2178,30.2868,44200
2008-08-07,30.2736,30.3032,30.2178,30.2506,42700
2008-08-08,30.2408,30.3098,30.2079,30.3032,62300
2008-08-11,30.1685,30.2671,30.0076,30.2178,49800
2008-08-12,30.2769,30.3722,30.1850,30.3360,95000
2008-08-13,30.3163,30.3820,30.2178,30.3820,47200
2008-08-14,30.3492,30.3820,30.2703,30.3820,58400
2008-08-15,30.3623,30.4608,30.3557,30.4510,39900
2008-08-18,30.4641,30.5430,30.2244,30.3820,91100
2008-08-19,30.4313,30.4641,30.2999,30.4411,101400
2008-08-20,30.4411,30.4871,30.3262,30.4346,30700
2008-08-21,30.3393,30.4149,30.2999,30.3919,103100
2008-08-22,30.3656,30.4641,30.2178,30.2178,58300
2008-08-25,30.2539,30.3886,30.2539,30.3820,60600
2008-08-26,30.4017,30.4017,30.1850,30.2178,259900
2008-08-27,30.3426,30.3426,30.1619,30.2506,68400
2008-08-28,30.3426,30.3557,30.2244,30.2933,74100
2008-08-29,30.3656,30.4116,30.2178,30.3492,59500
2008-09-02,30.5013,30.5972,30.2962,30.3558,57200
2008-09-03,30.4219,30.4550,30.3657,30.4550,50200
2008-09-04,30.5872,30.5872,30.5244,30.5872,46700
2008-09-05,30.5079,30.5641,30.2632,30.5608,62400
2008-09-08,30.7989,30.7989,30.4715,30.5244,59300
2008-09-09,30.6104,30.7228,30.4881,30.5906,168700
2008-09-10,30.5806,30.5806,30.4219,30.4219,61200
2008-09-11,30.4781,30.5343,30.3095,30.4219,101600
2008-09-12,30.3822,30.4318,30.2500,30.4219,121100
2008-09-15,30.3822,30.3822,29.0992,29.3042,377800
2008-09-16,28.7818,28.9041,27.1945,28.6297,283800
2008-09-17,28.4941,28.5701,26.2058,26.9102,283100
2008-09-18,27.4425,29.1653,26.9201,29.0331,226400
2008-09-19,29.4299,30.4384,29.1323,29.4034,77800
2008-09-22,29.4630,29.8267,29.2976,29.3770,34600
2008-09-23,29.6184,29.6779,28.7686,29.0893,64200
2008-09-24,29.1157,29.6580,29.1157,29.3505,57700
2008-09-25,29.3803,29.3803,28.6032,28.6032,73600
2008-09-26,28.2659,28.7487,28.0841,28.5040,50900
2008-09-29,28.5139,28.5139,25.1312,26.1959,174700
2008-09-30,27.2838,27.3268,26.6523,27.1152,113200
2008-10-01,27.4553,28.4124,27.3453,28.2957,991400
2008-10-02,28.3024,28.3024,27.0151,27.5587,230900
2008-10-03,27.7555,27.9322,27.2619,27.4587,51400
2008-10-06,26.8451,27.2619,25.8613,26.4616,134200
2008-10-07,26.5149,27.5687,25.9747,26.0147,240800
2008-10-08,25.5512,26.0781,24.7508,24.9276,157800
2008-10-09,25.0776,26.0981,24.3473,24.3473,113800
2008-10-10,23.8004,23.8004,21.3293,22.7233,274300
2008-10-13,23.5269,25.5111,23.4969,25.5111,230000
2008-10-14,26.0947,26.4549,25.1777,25.6779,372300
2008-10-15,25.3411,25.3411,23.9705,24.5574,374900
2008-10-16,24.7842,24.7875,23.3435,23.6270,167400
2008-10-17,23.5136,23.6237,23.1768,23.3435,120700
2008-10-20,23.8604,23.9438,23.3436,23.8104,1460200
2008-10-21,23.7504,24.3073,23.4969,23.6737,398300
2008-10-22,23.9038,23.9038,23.4336,23.4769,113300
2008-10-23,23.4769,23.9738,23.3769,23.8738,157700
2008-10-24,23.4769,23.6103,23.0301,23.2768,155600
2008-10-27,23.3569,23.4703,22.0930,22.0930,1313600
2008-10-28,22.5732,22.9100,22.3431,22.3431,158600
2008-10-29,22.4798,23.6770,22.4798,23.3602,318700
2008-10-30,23.6603,24.0005,23.5103,24.0005,169900
2008-10-31,23.8771,24.0972,23.8738,24.0105,126500
2008-11-03,24.3304,24.3304,24.1418,24.2058,168900
2008-11-04,24.5054,24.5054,24.1586,24.4785,430300
2008-11-05,24.5054,24.6536,24.2428,24.2765,392100
2008-11-06,23.9095,24.4112,23.9061,24.2765,198100
2008-11-07,24.4549,24.5593,24.2428,24.5290,221000
2008-11-10,24.5964,24.7209,24.2428,24.5324,148600
2008-11-11,24.7782,24.7782,24.2597,24.4886,107100
2008-11-12,24.4751,24.4751,24.0879,24.1418,129400
2008-11-13,23.9465,24.1957,23.7950,24.0139,211900
2008-11-14,24.0341,24.0341,23.5694,23.7209,115200
2008-11-17,23.7209,23.8859,23.2697,23.3539,157200
2008-11-18,23.2327,23.3809,22.7613,22.8623,174700
2008-11-19,22.5728,22.8185,21.9061,22.0812,174100
2008-11-20,21.8926,22.0003,21.0441,21.3471,606400
2008-11-21,21.8589,21.9768,21.2832,21.5593,238500
2008-11-24,21.9398,22.1182,21.5593,21.6569,232500
2008-11-25,22.1687,22.1687,21.4717,21.8825,313500
2008-11-26,22.2428,22.4044,21.9196,22.3909,256400
2008-11-28,22.0138,22.4010,22.0138,22.3068,420700
2008-12-01,22.1564,22.3435,21.6663,21.8467,409700
2008-12-02,22.2108,22.2108,21.8637,22.0815,501700
2008-12-03,22.0509,22.0951,21.9182,22.0849,247800
2008-12-04,22.0883,22.1189,21.8365,21.9556,214200
2008-12-05,21.8195,21.9658,21.6085,21.9658,485500
2008-12-08,21.9658,22.2482,21.7106,22.2210,703700
2008-12-09,22.1904,22.2346,21.9488,22.0543,631800
2008-12-10,22.1393,22.1632,21.7786,22.0372,379100
2008-12-11,21.9590,22.1189,21.8671,21.8671,914500
2008-12-12,21.8977,22.2210,21.7956,22.1700,320000
2008-12-15,21.9216,22.3367,21.9216,22.0543,611300
2008-12-16,22.4626,22.4694,21.9828,22.4626,523700
2008-12-17,22.5885,23.1738,22.3231,23.0377,1671500
2008-12-18,23.3848,24.6575,23.1704,24.3751,2134800
2008-12-19,24.1573,24.2458,23.8646,24.2117,1174700
2008-12-22,24.2764,25.3041,24.0926,25.1815,1764700
2008-12-23,25.3109,25.6205,25.1169,25.5491,1220400
2008-12-24,25.4129,25.6920,25.0046,25.1475,787700
2008-12-26,25.1781,25.6375,24.8515,25.6273,1291200
2008-12-29,25.7863,25.9714,25.5293,25.8000,1020000
2008-12-30,26.0982,26.0982,25.6355,25.8788,530100
2008-12-31,25.8857,26.0947,25.7246,26.0468,707400
2009-01-02,25.8994,26.1975,25.8994,25.9645,673600
2009-01-05,25.8446,28.0548,25.8274,27.2187,1907500
2009-01-06,27.4791,27.6231,27.2495,27.4483,2267000
2009-01-07,27.3935,27.5374,26.6430,26.9514,1748100
2009-01-08,26.8349,26.8349,26.3381,26.5608,972100
2009-01-09,27.0234,27.0234,26.5745,26.9514,826600
2009-01-12,27.0679,27.1056,26.1153,26.3655,867700
2009-01-13,26.6636,26.6636,25.9816,26.2695,613500
2009-01-14,25.8891,26.1119,25.2483,25.9337,1006000
2009-01-15,25.7383,25.8823,25.5362,25.8309,1122500
2009-01-16,25.7829,26.0845,25.2860,26.0399,574800
2009-01-20,25.7041,25.8823,25.3648,25.5944,544100
2009-01-21,25.6390,25.7144,25.2483,25.5978,534200
2009-01-22,25.6561,25.6561,25.2757,25.5293,454800
2009-01-23,25.2963,25.4710,24.8097,25.1215,1556100
2009-01-26,25.2826,25.4402,25.0393,25.1866,573600
2009-01-27,25.4162,25.5088,25.2106,25.4197,637500
2009-01-28,25.6801,26.3415,25.6218,26.3209,1549400
2009-01-29,26.0262,26.1667,25.5362,25.6664,685200
2009-01-30,25.9028,25.9028,25.5670,25.7829,469800
2009-02-02,25.5728,25.6870,25.0605,25.2336,1037900
2009-02-03,25.4309,25.4447,25.0986,25.2786,642100
2009-02-04,25.4343,25.4655,25.2128,25.2578,891500
2009-02-05,25.3824,25.5313,24.9324,25.0501,836600
2009-02-06,25.2336,25.5589,25.1297,25.5555,830900
2009-02-09,25.5105,25.8185,25.4620,25.7528,831400
2009-02-10,25.8047,25.8116,25.4482,25.5832,831000
2009-02-11,25.7009,25.7320,25.4759,25.5243,592100
2009-02-12,25.2993,25.4447,25.2128,25.4447,509200
2009-02-13,25.5001,25.5451,25.3028,25.5451,299100
2009-02-17,25.5382,25.5589,24.7836,24.8944,1521100
2009-02-18,25.0328,25.0847,24.0567,24.7455,1414600
2009-02-19,24.8598,25.0398,24.7559,24.8701,385300
2009-02-20,24.2955,24.6348,24.0671,24.5067,647700
2009-02-23,24.5136,24.8147,23.6275,23.8906,884500
2009-02-24,23.9909,24.4029,23.8836,24.2298,647300
2009-02-25,24.2852,24.2852,23.9529,24.1121,567600
2009-02-26,24.1432,24.1848,23.4094,23.6344,603200
2009-02-27,23.5410,23.6933,23.1914,23.2779,824700
2009-03-02,23.2076,23.3755,22.6722,22.7947,993600
2009-03-03,22.9906,23.1971,22.7072,22.8857,752700
2009-03-04,22.9661,23.2495,22.6757,22.8822,572900
2009-03-05,22.8647,22.8822,21.7766,21.7976,1117900
2009-03-06,21.9375,22.3014,21.6471,21.6926,1216800
2009-03-09,21.8046,21.9830,21.5177,21.5666,645100
2009-03-10,21.8150,22.7107,21.8150,22.6337,1111400
2009-03-11,22.9032,23.0746,22.7212,22.9941,769500
2009-03-12,23.0046,23.3860,22.9242,23.3755,762800
2009-03-13,23.4490,23.4805,23.2670,23.4280,632300
2009-03-16,23.5015,23.7324,23.4630,23.5609,514600
2009-03-17,23.5469,23.5819,23.2390,23.4280,460100
2009-03-18,23.4315,24.0088,23.2950,23.9668,611000
2009-03-19,23.9528,24.0088,23.5294,23.7569,711800
2009-03-20,23.7884,23.9248,23.6274,23.7114,394900
2009-03-23,24.0053,24.2117,23.6624,24.2012,461200
2009-03-24,24.1662,24.3027,24.0123,24.2467,425000
2009-03-25,24.2782,24.5091,24.2782,24.3761,800700
2009-03-26,24.5301,24.7610,24.3972,24.7540,660200
2009-03-27,24.7015,24.7015,24.1103,24.5021,1157900
2009-03-30,24.3692,24.3692,23.3545,23.3545,1299900
2009-03-31,23.8408,24.0613,23.6169,23.7219,632700
2009-04-01,23.9612,24.0533,23.6921,23.7594,654300
2009-04-02,24.0923,24.6588,23.8692,24.6234,1469600
2009-04-03,24.6836,25.0696,24.6092,24.9704,1355600
2009-04-06,24.8288,25.1014,24.5915,24.8890,648200
2009-04-07,24.8181,24.8181,24.4747,24.6021,459900
2009-04-08,24.3614,24.9987,24.3614,24.8925,721600
2009-04-09,25.1404,25.6892,25.1404,25.6007,1123800
2009-04-13,25.2997,25.6644,25.1404,25.5830,801800
2009-04-14,25.5795,25.5795,25.3210,25.4520,617000
2009-04-15,25.5724,25.6715,25.3776,25.6680,501700
2009-04-16,25.7459,26.3195,25.7317,26.0752,1109500
2009-04-17,26.1637,26.8223,26.0256,26.6453,683000
2009-04-20,26.4257,26.5390,25.6290,25.6715,1003100
2009-04-21,25.6396,26.1318,25.3280,25.9619,264800
2009-04-22,25.8592,26.2593,25.5369,26.0858,715200
2009-04-23,26.0999,26.2026,25.9441,26.0575,701300
2009-04-24,26.1991,26.5001,26.0964,26.4611,522500
2009-04-27,26.2735,26.3868,26.1354,26.2522,813400
2009-04-28,26.1672,26.5072,25.9725,26.3089,460200
2009-04-29,26.5532,26.8400,26.5071,26.7975,1167900
2009-04-30,27.0241,27.0843,26.7515,27.0064,919500
2009-05-01,27.0389,27.1531,26.6249,26.9640,609400
2009-05-04,27.0817,27.1031,26.7641,26.8997,1043400
2009-05-05,26.9069,27.1353,26.8890,27.1317,799800
2009-05-06,27.2387,27.4029,26.9604,27.3565,738600
2009-05-07,27.6741,27.7133,26.6892,26.9068,1546800
2009-05-08,27.2744,27.5135,27.1959,27.3886,1375800
2009-05-11,27.3244,27.3958,26.9140,27.2459,531000
2009-05-12,27.1210,27.3529,27.0139,27.3529,682300
2009-05-13,27.2923,27.3065,26.9426,26.9961,1118700
2009-05-14,26.9461,26.9889,26.5464,26.7106,966300
2009-05-15,26.7106,26.7249,26.0789,26.3359,1007100
2009-05-18,26.5286,26.9211,26.4679,26.8962,831000
2009-05-19,26.9247,27.1674,26.7142,27.0746,902800
2009-05-20,27.1602,27.5456,27.0746,27.4743,1158400
2009-05-21,27.3672,27.4528,27.1210,27.1210,1274700
2009-05-22,27.2387,27.6170,27.1317,27.4957,762300
2009-05-26,27.4100,27.5813,27.2566,27.4243,855100
2009-05-27,27.5992,27.6598,27.4743,27.4743,757300
2009-05-28,27.6527,27.7276,27.4743,27.5706,583900
2009-05-29,27.7597,27.8953,27.6384,27.7776,621200
2009-06-01,28.0171,28.4457,28.0171,28.4349,1293700
2009-06-02,28.3304,28.3556,28.0675,28.3520,782200
2009-06-03,28.4241,28.4313,28.0963,28.1900,776100
2009-06-04,28.0999,28.3448,28.0999,28.2764,638100
2009-06-05,28.4493,28.4493,28.2044,28.3665,704400
2009-06-08,28.4421,28.5429,28.2080,28.4169,593000
2009-06-09,28.3124,28.5357,28.3124,28.4709,559600
2009-06-10,28.5501,28.6330,28.3520,28.5069,636700
2009-06-11,28.4997,28.7987,28.4997,28.5717,524400
2009-06-12,28.6726,28.7662,28.5718,28.7194,566000
2009-06-15,28.6870,28.7086,28.2656,28.2944,574500
2009-06-16,28.4493,28.5357,27.8334,28.0243,1180400
2009-06-17,28.0171,28.1900,27.7398,27.8622,1240800
2009-06-18,27.7506,28.1683,27.7506,28.1287,766200
2009-06-19,27.9883,28.1972,27.9883,28.1576,667900
2009-06-22,28.1215,28.1215,27.5525,27.7758,1096700
2009-06-23,27.6821,27.9991,27.6821,27.8226,582200
2009-06-24,27.9090,28.2008,27.8226,27.9631,576400
2009-06-25,28.0531,28.2512,27.9523,28.2296,647900
2009-06-26,28.2152,28.2332,28.0171,28.2224,495900
2009-06-29,28.2512,28.5754,28.2404,28.5754,647700
2009-06-30,28.6329,28.7590,28.5321,28.7086,538900
2009-07-01,28.8049,28.8994,28.6377,28.7795,922100
2009-07-02,28.6850,28.6959,28.2452,28.2779,651200
2009-07-06,28.1761,28.3651,27.8454,27.8563,794500
2009-07-07,28.0344,28.1034,27.4674,27.4674,886300
2009-07-08,27.4819,27.9471,27.4601,27.6346,1382300
2009-07-09,27.8526,28.1252,27.6927,28.0307,544900
2009-07-10,27.9689,28.3142,27.6709,27.8163,393700
2009-07-13,28.0634,28.0634,27.7254,27.8781,521500
2009-07-14,27.8417,28.1325,27.8017,27.9871,506600
2009-07-15,28.1325,28.6050,28.0889,28.6050,1040200
2009-07-16,28.5432,28.7140,28.3506,28.6922,515600
2009-07-17,28.6523,28.7213,28.5868,28.7177,597100
2009-07-20,28.7977,29.1539,28.7977,29.1175,784700
2009-07-21,29.2011,29.3865,29.0085,29.2593,938600
2009-07-22,29.2229,29.3537,29.0775,29.2956,483000
2009-07-23,29.4410,29.7281,29.2302,29.5937,750700
2009-07-24,29.7318,29.8081,29.3428,29.7681,639300
2009-07-27,29.8662,29.9099,29.6663,29.8226,512700
2009-07-28,29.8553,29.9571,29.7318,29.8553,591800
2009-07-29,29.9644,30.0807,29.8263,29.9571,627900
2009-07-30,30.1134,30.4987,30.0407,30.2043,976900
2009-07-31,30.4406,30.7677,30.3061,30.6950,740700
2009-08-03,30.7056,30.8595,30.6763,30.7533,880400
2009-08-04,30.8999,30.9145,30.4307,30.6873,615100
2009-08-05,30.6213,30.7825,30.3537,30.5883,756000
2009-08-06,30.6836,30.7166,30.2767,30.3464,619500
2009-08-07,30.5040,30.8302,30.3464,30.5590,711300
2009-08-10,30.6543,30.7056,30.4454,30.6983,527800
2009-08-11,30.6983,30.8082,30.5113,30.6250,623000
2009-08-12,30.5260,30.6579,30.4233,30.5480,491400
2009-08-13,30.5480,30.5517,30.0861,30.1594,825300
2009-08-14,30.2841,30.2841,29.9652,30.0091,585500
2009-08-17,29.8332,29.9285,29.1881,29.2761,1160800
2009-08-18,29.5253,29.8332,29.3237,29.7819,639200
2009-08-19,29.7416,29.9029,29.5070,29.9029,501700
2009-08-20,29.9322,29.9982,29.7856,29.8112,601200
2009-08-21,29.9469,30.2181,29.8809,30.2181,570400
2009-08-24,30.2327,30.2401,29.9542,30.0605,874600
2009-08-25,30.1961,30.1961,29.9835,30.0568,565000
2009-08-26,30.1814,30.2217,30.0458,30.1741,476100
2009-08-27,30.2584,30.2914,30.0128,30.0202,968500
2009-08-28,30.2401,30.2401,30.1008,30.1704,595800
2009-08-31,30.2034,30.2401,30.0641,30.1741,498500
2009-09-01,30.1974,30.1974,29.7981,29.8905,742300
2009-09-02,29.8905,29.9053,29.6133,29.7316,698800
2009-09-03,29.8314,29.9756,29.7427,29.9238,486000
2009-09-04,30.0125,30.2824,29.9423,30.1530,667000
2009-09-08,30.2898,30.5819,30.2529,30.5819,974200
2009-09-09,30.4969,30.6115,30.2233,30.2935,1454000
2009-09-10,30.4525,30.7778,30.3231,30.7630,695600
2009-09-11,30.8887,31.1069,30.7852,31.0551,607200
2009-09-14,31.0810,31.1106,30.8739,31.0921,579300
2009-09-15,31.1919,31.3213,31.0995,31.3139,1289500
2009-09-16,31.5431,31.7279,31.4433,31.7169,1143900
2009-09-17,31.7169,31.7723,31.4840,31.7723,733400
2009-09-18,31.6910,31.8167,31.3731,31.6836,565700
2009-09-21,31.6097,31.7021,31.3989,31.7021,510600
2009-09-22,31.8019,31.8426,31.6097,31.6651,413400
2009-09-23,31.7576,31.9276,31.7206,31.7613,464900
2009-09-24,31.9054,31.9757,31.6873,31.8204,774000
2009-09-25,31.8315,31.9350,31.5912,31.7169,454800
2009-09-28,31.8500,31.9942,31.5579,31.9683,455200
2009-09-29,31.9609,31.9757,31.8647,31.9313,693000
2009-09-30,31.9239,32.0496,31.7724,31.9239,688000
2009-10-01,31.8177,31.8363,31.0834,31.0834,3014800
2009-10-02,30.9529,31.1654,30.5652,31.0945,1694100
2009-10-05,31.1877,31.5120,31.1430,31.5120,556200
2009-10-06,31.6052,31.7469,31.3853,31.4039,813300
2009-10-07,31.3555,31.7133,31.3555,31.6351,637400
2009-10-08,31.6350,31.8400,31.6350,31.8363,824700
2009-10-09,31.7245,31.9593,31.6648,31.9593,680100
2009-10-12,32.0078,32.0115,31.8885,31.9519,354200
2009-10-13,32.0078,32.0078,31.7543,31.9444,295500
2009-10-14,32.0562,32.1009,31.9519,32.0711,749900
2009-10-15,32.0823,32.0935,31.9631,32.0637,382100
2009-10-16,32.0824,32.0898,31.9072,32.0600,443100
2009-10-19,32.1196,32.1569,32.0376,32.0674,534700
2009-10-20,32.1047,32.2165,32.0600,32.1270,419300
2009-10-21,32.1792,32.4029,32.1121,32.1830,869100
2009-10-22,32.3060,32.4290,32.2314,32.4290,646200
2009-10-23,32.5035,32.5035,32.2836,32.3731,420200
2009-10-26,32.3022,32.4439,32.2873,32.3917,779800
2009-10-27,32.3917,32.3917,32.0749,32.1383,1527900
2009-10-28,32.1979,32.2352,31.6052,31.6089,1266000
2009-10-29,31.7506,32.2240,31.7021,32.0525,1350500
2009-10-30,32.0563,32.1345,31.6351,31.7506,1466000
2009-11-02,31.9208,32.1614,31.8156,31.9998,1437000
2009-11-03,31.7930,32.1651,31.7930,32.0712,1135400
2009-11-04,32.2854,32.3230,32.0599,32.1200,687800
2009-11-05,32.1839,32.1952,32.0373,32.1463,506800
2009-11-06,32.1238,32.1915,32.0862,32.1764,547700
2009-11-09,32.2441,32.3155,32.2102,32.3042,571400
2009-11-10,32.2741,32.3155,32.1952,32.2929,667800
2009-11-11,32.3080,32.3982,32.2779,32.3117,509500
2009-11-12,32.3568,32.3644,32.2291,32.3493,619900
2009-11-13,32.2817,32.4170,32.2290,32.2854,491100
2009-11-16,32.4470,32.5673,32.3418,32.4357,714900
2009-11-17,32.5034,32.5034,32.3794,32.4282,438400
2009-11-18,32.4583,32.4884,32.3455,32.3455,630200
2009-11-19,32.3982,32.4357,32.2741,32.4132,679700
2009-11-20,32.3756,32.4508,32.3230,32.4057,544200
2009-11-23,32.4282,32.4621,32.3606,32.3719,428600
2009-11-24,32.4207,32.4357,32.3418,32.3906,526800
2009-11-25,32.4170,32.5673,32.4019,32.4057,548900
2009-11-27,32.0825,32.2666,31.9659,32.1802,570000
2009-11-30,32.1727,32.3606,32.1727,32.2854,674100
2009-12-01,32.4036,32.4944,32.3127,32.4452,749100
2009-12-02,32.4452,32.5436,32.4073,32.4793,537400
2009-12-03,32.5323,32.6572,32.5058,32.5209,489600
2009-12-04,32.6383,32.7708,32.6383,32.6534,532000
2009-12-07,32.6875,32.7253,32.6193,32.6950,397200
2009-12-08,32.6913,32.7481,32.6307,32.7329,359000
2009-12-09,32.7556,32.7973,32.7216,32.7329,357000
2009-12-10,32.7935,32.8957,32.7897,32.8957,401000
2009-12-11,32.9373,32.9601,32.8768,32.9146,444100
2009-12-14,32.9373,33.2251,32.9373,33.1796,1132700
2009-12-15,33.1645,33.2024,33.0358,33.1456,417600
2009-12-16,33.2213,33.2364,33.0547,33.2213,621100
2009-12-17,33.1645,33.2326,33.1228,33.2023,350200
2009-12-18,33.2326,33.2516,33.1683,33.1834,281600
2009-12-21,33.2440,33.2932,33.1834,33.2819,646800
2009-12-22,33.3159,33.3614,33.2667,33.3538,432500
2009-12-23,33.3727,33.4863,33.3614,33.4333,440100
2009-12-24,33.4636,33.6075,33.4295,33.5582,188800
2009-12-28,33.5923,33.6188,33.4106,33.4598,532400
2009-12-29,33.4788,33.4979,33.2692,33.2807,494600
2009-12-30,33.3455,33.4522,33.3188,33.4217,421600
2009-12-31,33.4751,33.4979,33.3760,33.4751,346000
2010-01-04,33.5361,33.7380,33.5361,33.7380,1316800
2010-01-05,33.8218,33.9476,33.6961,33.8981,733000
2010-01-06,33.9324,34.0162,33.9171,33.9857,715700
2010-01-07,34.0619,34.1572,33.9590,34.1229,956000
2010-01-08,34.1305,34.2258,34.1115,34.1763,711400
2010-01-11,34.1077,34.1877,34.1000,34.1458,895800
2010-01-12,34.1077,34.4087,33.9362,33.9705,1133900
2010-01-13,33.9552,34.0772,33.9552,34.0467,868900
2010-01-14,34.0848,34.1000,33.9971,34.0848,394600
2010-01-15,34.1153,34.1153,33.9133,33.9476,835300
2010-01-19,33.9171,33.9933,33.9057,33.9628,796900
2010-01-20,33.9743,33.9972,33.8638,33.9133,588500
2010-01-21,33.9781,33.9781,33.3836,33.3836,1416800
2010-01-22,33.5322,33.5513,33.0063,33.0673,1394400
2010-01-25,33.2464,33.3226,33.0596,33.1168,711300
2010-01-26,33.2311,33.3188,33.1168,33.1587,576000
2010-01-27,33.1397,33.3150,33.1244,33.1702,876500
2010-01-28,33.1969,33.2464,32.9834,33.0292,833700
2010-01-29,33.2578,33.2578,32.8577,32.8615,1357000
2010-02-01,33.0086,33.1353,32.8934,33.0201,924700
2010-02-02,33.1315,33.2621,33.0278,33.1200,1238500
2010-02-03,33.1814,33.3004,33.1123,33.2889,641200
2010-02-04,33.1430,33.1622,32.7897,32.8166,1762600
2010-02-05,32.7705,32.7705,32.0485,32.6245,3261500
2010-02-08,32.5670,32.6937,32.4095,32.4825,1202400
2010-02-09,32.5900,32.6629,32.4364,32.5477,853800
2010-02-10,32.5285,32.6130,32.1061,32.1099,1463200
2010-02-11,32.2251,32.4210,32.0254,32.2405,1157700
2010-02-12,32.2443,32.3250,32.0216,32.2213,743100
2010-02-16,32.1330,32.6514,32.1330,32.5400,1061300
2010-02-17,32.7090,32.8242,32.6937,32.7897,1400200
2010-02-18,32.8319,33.1776,32.8319,33.1008,1153400
2010-02-19,33.1699,33.3273,33.1430,33.3235,1485600
2010-02-22,33.3696,33.4349,33.3005,33.3657,1596200
2010-02-23,33.4195,33.4502,33.0086,33.1238,1014900
2010-02-24,33.2467,33.4041,33.1622,33.2505,1047000
2010-02-25,33.1353,33.2774,33.0278,33.2544,503400
2010-02-26,33.3158,33.4963,33.2813,33.4771,697900
2010-03-01,33.5413,33.5762,33.4678,33.5026,1468800
2010-03-02,33.6149,33.7387,33.5414,33.7193,1291800
2010-03-03,33.7696,33.8083,33.6961,33.7541,986800
2010-03-04,33.8277,33.8277,33.6922,33.7812,641100
2010-03-05,33.8895,33.9863,33.7735,33.9824,975800
2010-03-08,34.0366,34.0869,33.9669,33.9902,937900
2010-03-09,33.9785,34.1372,33.9708,34.1372,630800
2010-03-10,34.0559,34.1643,34.0482,34.1488,640200
2010-03-11,34.1140,34.1449,34.0560,34.1179,488500
2010-03-12,34.1217,34.1914,34.1062,34.1256,636700
2010-03-15,34.1294,34.1449,34.0211,34.0869,471400
2010-03-16,34.1333,34.2339,34.0443,34.2030,923300
2010-03-17,34.2301,34.2958,34.1798,34.2030,918300
2010-03-18,34.2339,34.2958,34.2068,34.2533,637200
2010-03-19,34.0830,34.2803,34.0366,34.0830,674600
2010-03-22,34.0289,34.2494,33.9747,34.2455,759000
2010-03-23,34.2494,34.2803,34.1759,34.2417,699200
2010-03-24,34.2339,34.2765,34.1836,34.2223,430800
2010-03-25,34.2958,34.3616,34.2455,34.3036,1005200
2010-03-26,34.2881,34.3190,34.2416,34.2919,1312500
2010-03-29,34.3345,34.3422,34.3190,34.3345,546200
2010-03-30,34.3384,34.3848,34.2649,34.2997,605600
2010-03-31,34.2687,34.2803,33.9747,34.1914,1255400
2010-04-01,34.2412,34.3036,34.1087,34.1087,773100
2010-04-05,34.1672,34.2958,34.0736,34.0931,930200
2010-04-06,34.1126,34.3348,34.0892,34.3153,679100
2010-04-07,34.2685,34.3972,34.2646,34.3660,859000
2010-04-08,34.3426,34.4401,34.3075,34.4245,736100
2010-04-09,34.4205,34.5258,34.4050,34.4751,679800
2010-04-12,34.5180,34.5609,34.4752,34.4829,443300
2010-04-13,34.5531,34.6233,34.5531,34.5765,1162900
2010-04-14,34.6545,34.7012,34.6155,34.6701,857700
2010-04-15,34.7012,34.8766,34.6622,34.7636,1251000
2010-04-16,34.7519,34.8299,34.3426,34.4829,1334100
2010-04-19,34.4050,34.4946,34.3231,34.4167,757200
2010-04-20,34.5609,35.2119,34.5024,34.7870,1299400
2010-04-21,34.8260,34.8533,34.7285,34.7909,553100
2010-04-22,34.7792,34.7792,34.6077,34.6896,250700
2010-04-23,34.6934,34.9273,34.6428,34.9156,676000
2010-04-26,34.8494,34.9663,34.8494,34.9156,440100
2010-04-27,34.9156,34.9780,34.4478,34.4751,1220700
2010-04-28,34.6155,34.6622,34.4985,34.4985,988000
2010-04-29,34.6583,34.7831,34.6505,34.7363,812200
2010-04-30,34.6778,34.8961,34.6778,34.8494,809800
2010-05-03,34.8651,34.9789,34.8454,34.8454,639000
2010-05-04,34.7708,34.7983,34.4764,34.4881,786100
2010-05-05,34.2565,34.2958,33.8050,34.0170,2567500
2010-05-06,33.8757,33.9660,31.0016,33.1729,6587300
2010-05-07,33.1571,33.4202,32.3954,33.1689,2584000
2010-05-10,34.1151,34.3154,33.6126,33.7892,1670100
2010-05-11,33.6361,34.1112,33.6008,33.7500,1524400
2010-05-12,33.9620,34.1701,33.9345,34.1623,1031200
2010-05-13,34.1937,34.2565,33.9502,33.9502,1151600
2010-05-14,33.8482,33.9463,33.5144,33.7539,1050700
2010-05-17,33.7461,33.8403,33.4202,33.7108,1120800
2010-05-18,33.8913,33.9463,33.5341,33.6401,1067400
2010-05-19,33.5341,33.6283,33.0825,33.4438,1565100
2010-05-20,32.9373,32.9373,31.9322,32.4465,3092800
2010-05-21,31.9950,33.1375,31.9714,33.0982,1815000
2010-05-24,33.0197,33.4516,32.9765,33.1493,1266200
2010-05-25,32.6664,33.1100,32.1991,33.1100,1507500
2010-05-26,33.2317,33.3927,32.6624,32.7135,1738300
2010-05-27,33.0354,33.3260,33.0354,33.1650,828500
2010-05-28,33.2906,33.3102,33.1061,33.2199,1253900
2010-06-01,33.0787,33.3715,32.9838,33.0629,770300
2010-06-02,33.2053,33.2884,33.1143,33.2330,1414500
2010-06-03,33.3201,33.3913,33.1183,33.2449,877200
2010-06-04,33.0392,33.2924,32.9679,33.0589,1439000
2010-06-07,33.0234,33.3399,32.8295,32.8295,992900
2010-06-08,33.0431,33.0431,32.6594,32.8809,1085200
2010-06-09,32.9561,33.0154,32.8413,32.9521,1081900
2010-06-10,33.0787,33.2884,32.9838,33.2884,588200
2010-06-11,33.1104,33.3438,33.0708,33.3359,468300
2010-06-14,33.3715,33.5099,33.3319,33.3794,843100
2010-06-15,33.4902,33.7988,33.4546,33.7038,1387200
2010-06-16,33.6247,33.7553,33.5495,33.7315,1877200
2010-06-17,33.8265,34.0005,33.7711,33.9847,1097000
2010-06-18,34.0164,34.1549,33.9966,34.1311,734300
2010-06-21,34.3289,34.3487,34.2102,34.2537,1094400
2010-06-22,34.2221,34.2617,33.8740,34.0085,1011000
2010-06-23,34.0362,34.0599,33.7434,33.9847,882300
2010-06-24,33.9135,33.9333,33.7078,33.7513,613600
2010-06-25,33.8779,33.9214,33.7276,33.9056,536500
2010-06-28,33.9531,34.1034,33.8937,33.9808,682200
2010-06-29,33.8542,33.8581,33.4427,33.6405,1354400
2010-06-30,33.5693,33.6761,33.4348,33.5891,1111300
2010-07-01,33.6620,33.7656,33.2635,33.7497,2044000
2010-07-02,33.7019,33.9370,33.6780,33.7577,880400
2010-07-06,33.9609,34.0407,33.8214,34.0247,1176600
2010-07-07,34.0287,34.4671,33.9570,34.4352,1173900
2010-07-08,34.5388,34.6106,34.3236,34.5946,1525200
2010-07-09,34.5946,34.5946,34.4631,34.5149,778800
2010-07-12,34.5588,34.5628,34.2200,34.4870,786500
2010-07-13,34.5747,34.8139,34.4831,34.7541,1464900
2010-07-14,34.6943,34.7780,34.6265,34.7222,640400
2010-07-15,34.6584,34.7939,34.6425,34.7740,565900
2010-07-16,34.7501,34.7580,34.4671,34.5628,1215300
2010-07-19,34.6664,34.7620,34.5667,34.6783,556000
2010-07-20,34.6743,35.1367,34.6185,34.9573,2442800
2010-07-21,35.1048,35.2483,34.8218,34.9414,1376100
2010-07-22,35.0530,35.2563,35.0530,35.2523,809300
2010-07-23,35.2284,35.4117,35.0889,35.4117,985400
2010-07-26,35.3918,35.4555,35.2602,35.4276,887200
2010-07-27,35.4675,35.5113,35.2642,35.3798,887100
2010-07-28,35.4236,35.4515,35.2802,35.3041,603100
2010-07-29,35.4236,35.4436,35.3041,35.4117,628800
2010-07-30,35.3120,35.4197,35.2124,35.3200,1038700
2010-08-02,35.4681,35.5323,35.3919,35.5042,1021600
2010-08-03,35.3798,35.5644,35.3477,35.5042,1705900
2010-08-04,35.5443,35.5483,35.4280,35.4841,1844200
2010-08-05,35.4480,35.4761,35.3718,35.4681,708100
2010-08-06,35.4480,35.4681,35.2594,35.4601,830300
2010-08-09,35.5483,35.5483,35.3477,35.3959,1266200
2010-08-10,35.4039,35.4320,35.2915,35.3838,1271500
2010-08-11,35.1471,35.1912,34.8702,34.9224,1558600
2010-08-12,34.7699,34.9665,34.5893,34.8020,1261600
2010-08-13,34.8983,35.0427,34.7699,34.9545,776300
2010-08-16,34.9063,35.0989,34.9023,34.9986,1087600
2010-08-17,35.1310,35.2233,35.0989,35.1310,860800
2010-08-18,35.1511,35.2153,35.1110,35.1912,717000
2010-08-19,35.1912,35.2354,35.0227,35.1190,882800
2010-08-20,35.1190,35.2193,35.0949,35.2032,557700
2010-08-23,35.2313,35.2353,35.1390,35.2032,633300
2010-08-24,35.1150,35.1390,35.0106,35.0187,1000800
2010-08-25,34.9906,35.0387,34.8260,34.9705,788400
2010-08-26,34.9986,35.0869,34.8301,34.9224,1012400
2010-08-27,34.9906,35.0829,34.8742,34.9183,1302000
2010-08-30,34.9224,35.0829,34.9224,34.9826,620800
2010-08-31,34.9906,35.0628,34.9504,34.9705,1154800
2010-09-01,35.1261,35.3484,35.1180,35.3484,1697900
2010-09-02,35.3726,35.4090,35.2999,35.4050,603900
2010-09-03,35.4575,35.5101,35.3565,35.5101,999600
2010-09-07,35.4373,35.4616,35.3039,35.4575,883500
2010-09-08,35.4575,35.5101,35.4292,35.4656,835500
2010-09-09,35.6192,35.6192,35.4979,35.6071,789300
2010-09-10,35.6596,35.7162,35.5747,35.7000,957600
2010-09-13,35.8011,35.8981,35.7485,35.8860,1103500
2010-09-14,35.8819,35.8819,35.7768,35.8779,658700
2010-09-15,35.7566,35.8657,35.7566,35.8455,570800
2010-09-16,35.8658,35.9304,35.8294,35.9062,751400
2010-09-17,35.9910,35.9910,35.9304,35.9708,922800
2010-09-20,36.0112,36.0597,35.9910,36.0274,631900
2010-09-21,36.0638,36.0638,35.9183,35.9668,810900
2010-09-22,36.0112,36.0112,35.8172,35.8213,832700
2010-09-23,35.7687,35.7768,35.6677,35.7283,758800
2010-09-24,35.7809,35.9264,35.7809,35.8698,917200
2010-09-27,35.9425,36.0031,35.9061,35.9304,615900
2010-09-28,36.0355,36.0355,35.8900,35.9829,1038800
2010-09-29,36.0517,36.1366,36.0153,36.0678,826600
2010-09-30,36.1648,36.2699,36.0638,36.2497,2290800
2010-10-01,36.2932,36.3420,36.2037,36.2973,837800
2010-10-04,36.3217,36.3217,36.1631,36.1712,2490600
2010-10-05,36.3095,36.3380,36.2322,36.3014,993500
2010-10-06,36.2973,36.3420,36.2281,36.2688,1990200
2010-10-07,36.3502,36.4112,36.2607,36.3421,1371700
2010-10-08,36.3949,36.4844,36.3543,36.4641,1524800
2010-10-11,36.4763,36.5699,36.4641,36.5414,644900
2010-10-12,36.5210,36.5943,36.4804,36.5088,855200
2010-10-13,36.5861,36.7163,36.5414,36.6309,880300
2010-10-14,36.6634,36.6675,36.4316,36.4560,994400
2010-10-15,36.5292,36.6146,36.5089,36.5495,524200
2010-10-18,36.5943,36.6553,36.5007,36.5007,516300
2010-10-19,36.5292,36.5943,36.4845,36.4967,601800
2010-10-20,36.5414,36.6227,36.4681,36.6105,965600
2010-10-21,36.6512,36.6634,36.5536,36.5536,521000
2010-10-22,36.6431,36.7285,36.6187,36.7204,418000
2010-10-25,36.8058,36.9279,36.7977,36.8628,1051500
2010-10-26,36.8546,36.9279,36.8384,36.9197,568100
2010-10-27,36.8994,36.9401,36.8302,36.8791,910700
2010-10-28,36.9767,36.9808,36.8384,36.8994,1078600
2010-10-29,36.9442,36.9808,36.8831,36.9157,898000
2010-11-01,36.9816,37.0226,36.8383,36.8465,921400
2010-11-02,36.9407,37.0308,36.8874,37.0267,859800
2010-11-03,37.0430,37.1864,36.9980,37.1495,1301600
2010-11-04,37.2970,37.6656,37.2929,37.6328,1495800
2010-11-05,37.5877,37.6328,37.4813,37.5918,1281500
2010-11-08,37.5550,37.5918,37.4526,37.4813,1178800
2010-11-09,37.5509,37.5509,37.3092,37.3748,705400
2010-11-10,37.3707,37.3707,37.0553,37.0676,1250800
2010-11-11,37.0390,37.0758,36.7810,36.9202,1051000
2010-11-12,36.9161,36.9612,36.7851,36.7851,1088500
2010-11-15,36.9284,36.9407,36.6909,36.7154,1071300
2010-11-16,36.6867,36.7359,36.2403,36.3100,1674100
2010-11-17,36.5516,36.6007,36.4492,36.4943,1827000
2010-11-18,36.7850,36.9570,36.6867,36.9570,1197000
2010-11-19,36.8588,36.9448,36.7932,36.9448,592000
2010-11-22,36.7605,36.8383,36.6704,36.6868,424600
2010-11-23,36.6048,36.6048,36.1707,36.1830,1975700
2010-11-24,36.2731,36.4574,36.2731,36.4001,690700
2010-11-26,36.3550,36.3960,36.2485,36.2690,365000
2010-11-29,36.2486,36.4574,36.2363,36.3632,598300
2010-11-30,36.2813,36.4984,36.2117,36.4451,1459300
2010-12-01,36.6834,36.7947,36.6051,36.7823,1710800
2010-12-02,36.7989,36.8236,36.6917,36.8030,775600
2010-12-03,36.7741,36.8772,36.7576,36.8648,1621000
2010-12-06,36.8648,36.8648,36.7865,36.8442,776300
2010-12-07,37.0297,37.0668,36.9679,37.0338,946300
2010-12-08,36.9926,37.1039,36.8607,36.9143,1216200
2010-12-09,36.9679,36.9679,36.8318,36.8360,457200
2010-12-10,36.8978,36.9431,36.8195,36.8524,613100
2010-12-13,36.8566,36.9267,36.6175,36.6669,1176600
2010-12-14,36.8566,36.8566,36.6422,36.8483,1366900
2010-12-15,36.8565,36.8565,36.6545,36.7040,566500
2010-12-16,36.6504,36.8401,36.6010,36.8401,498600
2010-12-17,36.8360,36.9102,36.7865,36.8937,989700
2010-12-20,36.9514,36.9596,36.8978,36.9596,587700
2010-12-21,37.0256,37.0586,36.9638,37.0380,785400
2010-12-22,37.0421,37.1616,37.0091,37.1410,803000
2010-12-23,37.1658,37.2070,37.1534,37.1781,560500
2010-12-27,37.2358,37.2523,37.1534,37.2070,590800
2010-12-28,37.2887,37.3012,37.1518,37.2306,575100
2010-12-29,37.2763,37.3675,37.2265,37.3551,535700
2010-12-30,37.4007,37.4007,37.3260,37.3966,335400
2010-12-31,37.3966,37.4713,37.3634,37.4630,715700
2011-01-03,37.4630,37.6372,37.4547,37.4920,1448800
2011-01-04,37.5750,37.6663,37.5418,37.6621,1077800
2011-01-05,37.6082,37.7617,37.6041,37.7576,2537800
2011-01-06,37.7742,37.8074,37.6290,37.8032,2046600
2011-01-07,37.8074,37.8074,37.6331,37.6580,917900
2011-01-10,37.5958,37.6456,37.5792,37.6290,517400
2011-01-11,37.7202,37.7949,37.6953,37.7742,493300
2011-01-12,37.7784,37.8945,37.7784,37.8530,609600
2011-01-13,37.8572,37.9443,37.8281,37.8447,1563900
2011-01-14,37.9028,37.9235,37.8572,37.9069,912500
2011-01-18,37.9650,37.9650,37.8613,37.9028,1186800
2011-01-19,37.8696,37.9194,37.7825,37.7866,1073200
2011-01-20,37.7866,37.8115,37.6580,37.7120,766000
2011-01-21,37.7493,37.8986,37.7493,37.8655,681100
2011-01-24,37.8779,37.9443,37.8779,37.9194,697300
2011-01-25,37.9360,37.9775,37.8945,37.9775,686400
2011-01-26,38.0231,38.0563,37.9775,38.0563,985500
2011-01-27,38.0771,38.1103,38.0439,38.1061,679400
2011-01-28,38.1227,38.1269,37.8696,37.8779,2015100
2011-01-31,37.9775,38.0812,37.9070,38.0812,1183200
2011-02-01,38.1309,38.1894,38.0892,38.1560,944600
2011-02-02,38.2061,38.2144,38.1560,38.1977,550400
2011-02-03,38.2019,38.2353,38.1142,38.1977,1240800
2011-02-04,38.2938,38.3731,38.2186,38.3648,1667600
2011-02-07,38.4232,38.4399,38.3314,38.4358,2260600
2011-02-08,38.4692,38.4859,38.4191,38.4775,2632400
2011-02-09,38.4775,38.4775,38.2604,38.2604,936900
2011-02-10,38.2520,38.3815,38.2102,38.3021,801800
2011-02-11,38.3648,38.3982,38.2645,38.3982,586700
2011-02-14,38.3606,38.4274,38.3606,38.4274,660000
2011-02-15,38.4441,38.4441,38.3230,38.3522,1109100
2011-02-16,38.4232,38.4566,38.3648,38.3648,1378100
2011-02-17,38.4190,38.4608,38.4023,38.4524,658800
2011-02-18,38.4942,38.5736,38.4650,38.5694,870300
2011-02-22,38.4984,38.5193,38.2478,38.2520,1305600
2011-02-23,38.2646,38.3481,38.2478,38.2896,1062700
2011-02-24,38.3564,38.3814,38.2979,38.3188,857300
2011-02-25,38.3397,38.4525,38.3272,38.4358,1907800
2011-02-28,38.4775,38.6404,38.4107,38.6278,4044100
2011-03-01,38.6485,38.6527,38.5266,38.5686,1692100
2011-03-02,38.5560,38.6106,38.5350,38.6022,1271400
2011-03-03,38.6232,38.7535,38.6232,38.7409,1615300
2011-03-04,38.7409,38.7493,38.6316,38.6611,1057200
2011-03-07,38.7157,38.7199,38.6274,38.6695,1086800
2011-03-08,38.6610,38.6863,38.6232,38.6358,971400
2011-03-09,38.6442,38.6652,38.5140,38.5266,1241700
2011-03-10,38.5518,38.5770,38.3123,38.3249,1098400
2011-03-11,38.2870,38.3879,38.2660,38.3164,1023500
2011-03-14,38.2786,38.3501,38.1400,38.1610,1643400
2011-03-15,37.7786,38.0265,37.6105,37.9635,1598300
2011-03-16,37.9719,38.0811,37.7029,37.7281,2882900
2011-03-17,37.9131,38.1400,37.9131,38.1358,1634200
2011-03-18,38.2996,38.4383,38.2492,38.3164,1300400
2011-03-21,38.4468,38.5686,38.4131,38.5518,943800
2011-03-22,38.5014,38.5896,38.4636,38.5728,2285400
2011-03-23,38.5308,38.5854,38.4635,38.5266,749400
2011-03-24,38.5602,38.5980,38.5140,38.5602,923100
2011-03-25,38.5938,38.6022,38.5602,38.5728,478500
2011-03-28,38.6190,38.6190,38.5308,38.5854,844000
2011-03-29,38.5350,38.6232,38.5266,38.6064,1010700
2011-03-30,38.6400,38.6862,38.5560,38.6652,1868800
2011-03-31,38.6737,38.6737,38.6064,38.6443,924100
2011-04-01,38.6443,38.7034,38.5977,38.5977,1322400
2011-04-04,38.6654,38.8430,38.6273,38.8345,3254100
2011-04-05,38.7500,38.8641,38.7500,38.7923,1338100
2011-04-06,38.8641,38.8937,38.8345,38.8768,835300
2011-04-07,38.8726,38.9318,38.8683,38.9149,1156700
2011-04-08,38.9402,38.9529,38.8641,38.9149,1168900
2011-04-11,38.9360,38.9741,38.8726,38.8768,1045900
2011-04-12,38.8938,38.8938,38.7415,38.7542,940100
2011-04-13,38.8472,38.9402,38.8303,38.9402,1128100
2011-04-14,38.9022,38.9106,38.7500,38.7838,1538700
2011-04-15,38.8388,38.8599,38.8007,38.8345,658300
2011-04-18,38.7753,38.7753,38.6569,38.6992,1736400
2011-04-19,38.7500,38.8430,38.7373,38.8345,1020800
2011-04-20,38.9022,38.9994,38.8641,38.9825,716400
2011-04-21,39.0375,39.0840,38.9487,39.0755,632000
2011-04-25,39.0925,39.0925,39.0290,39.0333,978700
2011-04-26,39.0925,39.1221,39.0417,39.1221,575400
2011-04-27,39.1094,39.1474,39.1051,39.1474,738800
2011-04-28,39.1474,39.1813,39.1348,39.1686,697600
2011-04-29,39.2236,39.2616,39.1897,39.2616,799000
2011-05-02,39.2757,39.3225,39.2331,39.2416,848700
2011-05-03,39.3224,39.3267,39.1863,39.2501,977700
2011-05-04,39.3054,39.3054,39.1948,39.2374,959400
2011-05-05,39.2374,39.2374,39.0544,39.0757,1300000
2011-05-06,39.1905,39.3352,39.1905,39.2756,968900
2011-05-09,39.3097,39.3607,39.2671,39.3267,620500
2011-05-10,39.2841,39.4118,39.2841,39.4118,723600
2011-05-11,39.4373,39.4543,39.3012,39.3522,595200
2011-05-12,39.3437,39.3905,39.2544,39.3905,1129800
2011-05-13,39.3990,39.3990,39.2288,39.2288,1053400
2011-05-16,39.2544,39.3437,39.2544,39.3054,540400
2011-05-17,39.3012,39.3948,39.1906,39.3735,1674000
2011-05-18,39.3480,39.4245,39.3267,39.4203,813000
2011-05-19,39.4288,39.4288,39.3608,39.4033,715900
2011-05-20,39.4033,39.4033,39.3182,39.3735,538900
2011-05-23,39.2544,39.2926,39.1778,39.1863,1204800
2011-05-24,39.2756,39.3012,39.1140,39.1225,808100
2011-05-25,39.1565,39.1650,39.1012,39.1225,1407900
2011-05-26,39.1310,39.1437,39.0884,39.0884,787900
2011-05-27,39.1225,39.2544,39.1012,39.2076,1225700
2011-05-31,39.3139,39.3394,39.2544,39.3139,1848000
2011-06-01,39.2823,39.3379,39.0211,39.0853,2091600
2011-06-02,39.1110,39.1282,39.0425,39.0597,1177000
2011-06-03,38.9398,38.9912,38.8799,38.9055,1141100
2011-06-06,38.9312,38.9612,38.7728,38.8113,1660100
2011-06-07,38.9141,38.9269,38.7600,38.7814,995500
2011-06-08,38.7685,38.7771,38.5887,38.5973,1642600
2011-06-09,38.6187,38.7172,38.5802,38.6230,1480700
2011-06-10,38.6444,38.6786,38.2891,38.3704,3870000
2011-06-13,38.4218,38.5245,38.2249,38.2249,2015400
2011-06-14,38.5159,38.5374,38.4432,38.4646,1253000
2011-06-15,38.3490,38.4646,38.2591,38.3019,1319400
2011-06-16,38.2762,38.4004,37.5142,37.6212,7149900
2011-06-17,38.0536,38.1778,37.8010,38.0365,3486900
2011-06-20,38.0793,38.3447,38.0750,38.3019,1555600
2011-06-21,38.3661,38.5631,38.3404,38.5588,2212000
2011-06-22,38.4860,38.5459,38.2762,38.2805,1667400
2011-06-23,38.2077,38.5288,38.0279,38.4860,2999800
2011-06-24,38.5502,38.5502,38.2420,38.3019,1416400
2011-06-27,38.3190,38.3576,38.2548,38.2933,1137600
2011-06-28,38.4004,38.4475,38.3661,38.4475,1477500
2011-06-29,38.5716,38.8499,38.5074,38.8285,1752700
2011-06-30,38.8285,39.2138,38.8285,39.0896,2514300
2011-07-01,39.3748,39.4007,39.1379,39.2973,1749800
2011-07-05,39.2326,39.3533,39.1680,39.3490,2253200
2011-07-06,39.2025,39.3705,39.1723,39.3662,1969400
2011-07-07,39.4567,39.5213,39.3404,39.5213,2662100
2011-07-08,39.2757,39.4308,39.2671,39.4136,1771000
2011-07-11,39.2111,39.2628,39.0129,39.0259,1967100
2011-07-12,39.0000,39.0603,38.9138,38.9181,1407200
2011-07-13,39.0345,39.2370,39.0086,39.2197,1056800
2011-07-14,39.1508,39.4222,39.1250,39.1982,823300
2011-07-15,39.2800,39.2800,39.1594,39.1853,688800
2011-07-18,39.0991,39.2068,38.9957,39.1163,2103500
2011-07-19,39.1120,39.3059,39.0819,39.2930,894100
2011-07-20,39.3834,39.3834,39.2930,39.3274,878500
2011-07-21,39.4007,39.5385,39.3576,39.5170,936300
2011-07-22,39.4653,39.5773,39.4395,39.5687,670000
2011-07-25,39.4438,39.5256,39.3533,39.3576,1050600
2011-07-26,39.3964,39.4826,39.3490,39.4395,570200
2011-07-27,39.4308,39.4567,39.1292,39.1292,1158100
2011-07-28,39.1723,39.2843,39.1335,39.1896,689700
2011-07-29,38.9827,39.2413,38.9526,39.2283,1199100
2011-08-01,39.3545,39.4499,39.1204,39.3155,907000
2011-08-02,39.2244,39.2288,38.8257,38.8300,1286700
2011-08-03,38.8430,38.9947,38.4962,38.8083,2361600
2011-08-04,38.5786,38.7303,37.6727,37.6900,3396500
2011-08-05,37.9024,38.2015,36.6757,37.6510,4671900
2011-08-08,36.3549,37.2175,35.6873,36.0471,6491600
2011-08-09,36.5196,37.1481,35.9995,37.1481,5124100
2011-08-10,36.9097,36.9704,36.3636,36.5196,3395000
2011-08-11,36.2638,37.2391,36.2638,37.1828,2916900
2011-08-12,37.2695,37.3692,36.8577,37.0094,2273600
2011-08-15,37.2652,37.6640,37.1395,37.6119,3280700
2011-08-16,37.5079,37.6163,37.3302,37.3735,2712000
2011-08-17,37.5513,37.7897,37.5383,37.7853,1668900
2011-08-18,37.3562,37.3779,36.8924,37.3259,2342700
2011-08-19,36.9617,37.5296,36.8837,37.0007,1879400
2011-08-22,37.2782,37.4342,36.9964,37.0441,1681100
2011-08-23,36.9661,37.3822,36.7147,37.3215,2588800
2011-08-24,37.0614,37.3042,36.9271,37.1525,2550900
2011-08-25,37.3735,37.4776,36.8447,36.8534,1678800
2011-08-26,36.8664,37.2998,36.5413,37.2262,1629000
2011-08-29,37.4819,37.6466,37.3562,37.6033,2082100
2011-08-30,37.5426,37.6943,37.4906,37.6726,1774500
2011-08-31,38.0541,38.3098,37.9587,38.1581,3213700
2011-09-01,38.1682,38.2205,38.0547,38.1333,1624000
2011-09-02,37.7668,38.1987,37.7668,37.9544,1814600
2011-09-06,37.4134,37.6490,37.3087,37.5050,3004100
2011-09-07,37.7755,37.8497,37.5661,37.6883,916900
2011-09-08,37.7624,37.8889,37.6883,37.8061,1533100
2011-09-09,37.7581,37.8671,37.3567,37.4658,1978400
2011-09-12,37.2171,37.2826,36.9990,37.1429,2110000
2011-09-13,37.2302,37.5181,37.1430,37.4265,2331900
2011-09-14,37.5487,37.7624,37.3698,37.6752,1648300
2011-09-15,37.7624,37.9369,37.6795,37.9282,1534000
2011-09-16,38.0198,38.0198,37.7799,37.9064,1217200
2011-09-19,37.8410,37.9239,37.6839,37.8497,1251000
2011-09-20,37.9195,37.9893,37.7668,37.9108,1509100
2011-09-21,37.9108,37.9893,37.5792,37.5836,2524900
2011-09-22,37.1560,37.3087,36.9859,37.0732,2295700
2011-09-23,36.9641,37.3524,36.9510,37.1735,2251300
2011-09-26,37.2520,37.6839,37.0862,37.3131,2451400
2011-09-27,37.5356,37.5356,37.3000,37.3567,3481300
2011-09-28,37.3349,37.3436,36.8681,36.9379,2696800
2011-09-29,37.0819,37.2040,36.8027,36.8681,1643100
2011-09-30,36.6369,36.6369,36.0916,36.1352,2510700
2011-10-03,35.9718,36.2090,35.6996,35.6996,2560600
2011-10-04,35.3966,35.6469,34.2066,35.5898,4870500
2011-10-05,35.7567,36.0553,35.4493,36.0245,2563800
2011-10-06,36.1343,36.5866,35.9631,36.5822,2317200
2011-10-07,36.7886,36.7974,36.3012,36.6129,2686900
2011-10-10,37.0520,37.4033,36.8281,37.3989,2014300
2011-10-11,37.3375,37.3375,36.9642,36.9862,2278800
2011-10-12,37.2233,37.8864,37.0696,37.8469,4223000
2011-10-13,37.6931,37.7722,37.3726,37.6887,3361300
2011-10-14,37.8995,37.9654,37.7634,37.9522,2760400
2011-10-17,37.7722,37.7941,37.6448,37.7326,1904100
2011-10-18,37.7283,38.0181,37.5131,37.9347,2890000
2011-10-19,38.0049,38.2991,37.7897,37.8117,3574500
2011-10-20,37.9390,38.1498,37.8512,38.1454,1759800
2011-10-21,38.4001,38.6153,38.3123,38.6065,2405600
2011-10-24,38.6416,39.7306,38.5758,39.6516,5630300
2011-10-25,39.2608,39.4452,38.9314,38.9490,4506500
2011-10-26,39.3003,39.3003,38.8392,39.1159,2839500
2011-10-27,39.8448,40.1434,39.5198,39.6911,5132100
2011-10-28,39.5901,39.6077,39.4496,39.5725,2820700
2011-10-31,39.3706,39.3749,39.1686,39.2037,2972600
2011-11-01,38.6630,38.9236,38.3185,38.5040,3132800
2011-11-02,38.7072,38.9502,38.6321,38.8707,1812500
2011-11-03,39.1754,39.3079,38.9237,39.2549,1409900
2011-11-04,39.0385,39.2505,38.9016,39.2152,3759500
2011-11-07,39.1931,39.2196,38.8795,39.0827,1756000
2011-11-08,39.2019,39.2328,39.0164,39.1710,1823800
2011-11-09,38.7425,38.8574,38.3406,38.3406,2151500
2011-11-10,38.6807,38.7425,38.3715,38.3803,2487700
2011-11-11,38.6056,38.9192,38.5747,38.8883,1270200
2011-11-14,38.8176,38.8176,38.4289,38.6277,1603100
2011-11-15,38.5658,38.6056,38.3847,38.5261,1450000
2011-11-16,38.4157,38.4819,38.1418,38.1507,1788500
2011-11-17,38.2125,38.3273,37.7796,37.9651,2131700
2011-11-18,38.1109,38.1242,37.8945,37.9386,2226100
2011-11-21,37.8944,37.9519,37.4660,37.5102,3219000
2011-11-22,37.5013,37.6073,37.1877,37.2230,4123400
2011-11-23,37.1082,37.1921,36.4986,36.5516,4483000
2011-11-25,36.6576,36.9668,36.4545,36.5516,1476200
2011-11-28,37.3379,37.5102,37.1126,37.3688,2455000
2011-11-29,37.5102,37.6118,37.3776,37.6118,2010300
2011-11-30,38.1197,38.2876,38.0181,38.2522,2944100
2011-12-01,38.2295,38.4607,38.1584,38.4207,2442000
2011-12-02,38.5363,38.6741,38.4207,38.6385,2664700
2011-12-05,38.8697,38.9586,38.7274,38.8564,2719200
2011-12-06,38.8386,39.0564,38.7319,39.0297,2355600
2011-12-07,38.9319,38.9764,38.7586,38.9053,1740600
2011-12-08,38.8475,38.9053,38.6474,38.6519,1994200
2011-12-09,38.7186,39.0075,38.6741,38.9853,1355900
2011-12-12,38.8430,38.8430,38.6963,38.7763,1772000
2011-12-13,38.9008,38.9897,38.6163,38.6296,1742400
2011-12-14,38.6430,38.6652,38.4385,38.5630,1317700
2011-12-15,38.8253,38.8297,38.6430,38.7008,1562200
2011-12-16,38.7852,38.9008,38.6741,38.8830,1383900
2011-12-19,38.9141,39.0964,38.8297,38.8341,2268000
2011-12-20,39.0920,39.3498,39.0564,39.3187,1957100
2011-12-21,39.2120,39.4298,39.1631,39.4298,1792300
2011-12-22,39.3987,39.6343,39.3231,39.5810,1885800
2011-12-23,39.5587,39.7899,39.5054,39.7632,1255200
2011-12-27,39.8146,39.9354,39.7118,39.9220,2282000
2011-12-28,39.9845,40.0203,39.6939,39.7341,1899200
2011-12-29,39.8459,39.9980,39.7386,39.9711,1558600
2011-12-30,39.9666,40.0919,39.9175,39.9935,1553400
2012-01-03,40.1679,40.2439,40.0025,40.1232,3118800
2012-01-04,40.1142,40.1187,39.8504,40.0561,3010000
2012-01-05,40.0427,40.0606,39.7967,39.8817,2579700
2012-01-06,39.9756,39.9756,39.6894,39.7565,1916400
2012-01-09,39.7610,39.9041,39.7610,39.8101,2157800
2012-01-10,39.9801,40.0159,39.8906,39.9488,2318000
2012-01-11,39.9219,39.9488,39.8191,39.9085,1191100
2012-01-12,39.9085,39.9979,39.8191,39.8548,1558100
2012-01-13,39.8325,39.8593,39.6000,39.8101,1929400
2012-01-17,39.9711,39.9711,39.8280,39.8906,4144200
2012-01-18,39.8951,40.0069,39.7788,40.0024,2725800
2012-01-19,40.1232,40.1813,40.0069,40.0606,2953000
2012-01-20,40.0740,40.1322,40.0427,40.0606,2037500
2012-01-23,40.1455,40.2573,40.0964,40.1992,1680100
2012-01-24,40.1992,40.3244,40.1232,40.3021,2863800
2012-01-25,40.3826,40.6956,40.2126,40.6554,3882800
2012-01-26,40.8298,40.9103,40.6598,40.7537,6487500
2012-01-27,40.7001,40.7761,40.6062,40.6062,2431100
2012-01-30,40.4541,40.5748,40.4049,40.4765,2553000
2012-01-31,40.5838,40.6375,40.4854,40.5793,2864400
2012-02-01,40.6005,40.7983,40.6005,40.6544,4284200
2012-02-02,40.7399,40.7534,40.6589,40.6814,2079600
2012-02-03,41.0232,41.0322,40.7354,40.7983,2312900
2012-02-06,40.7624,40.8163,40.6994,40.8073,2270500
2012-02-07,40.8298,40.9198,40.7759,40.8883,2467000
2012-02-08,40.9423,40.9647,40.8388,40.9243,3336000
2012-02-09,40.9513,40.9648,40.7759,40.9423,3258700
2012-02-10,40.7354,40.7534,40.5870,40.5870,2909600
2012-02-13,40.6994,40.7983,40.6229,40.7039,2193100
2012-02-14,40.6814,40.7669,40.6499,40.7039,3000100
2012-02-15,40.7129,40.8208,40.5645,40.5735,1986600
2012-02-16,40.5735,40.7534,40.4701,40.7444,2514100
2012-02-17,40.8523,40.8613,40.6770,40.7309,2402700
2012-02-21,40.7804,40.9648,40.7669,40.8838,2265100
2012-02-22,40.9378,41.0367,40.9108,41.0142,3570600
2012-02-23,41.0412,41.2571,41.0142,41.1626,3212300
2012-02-24,41.1716,41.3065,41.1401,41.2885,1795500
2012-02-27,41.1896,41.3515,41.1896,41.2975,1608100
2012-02-28,41.3290,41.4280,41.3065,41.3785,2813200
2012-02-29,41.4190,41.4909,41.2705,41.4324,3085800
2012-03-01,41.4582,41.5442,41.3904,41.5035,3802800
2012-03-02,41.4944,41.4944,41.3180,41.3316,1709000
2012-03-05,41.3677,41.3813,41.0963,41.1009,2333700
2012-03-06,40.9561,41.0466,40.5535,40.5535,5792700
2012-03-07,40.6802,40.7164,40.5490,40.6666,5840700
2012-03-08,40.8249,40.9923,40.7299,40.9833,2249700
2012-03-09,41.0240,41.1371,40.9968,41.0285,2531300
2012-03-12,40.9923,41.0375,40.9380,41.0285,2153000
2012-03-13,41.1552,41.3270,41.0556,41.3270,2890700
2012-03-14,41.3044,41.3225,41.0149,41.2230,2928800
2012-03-15,41.2546,41.2546,41.0466,41.0828,1726800
2012-03-16,41.1235,41.1642,40.8476,40.9335,3570300
2012-03-19,40.9335,41.1009,40.8611,41.0873,2283900
2012-03-20,41.0556,41.1280,40.9878,41.0556,2756600
2012-03-21,41.1326,41.1326,40.9154,40.9245,3280100
2012-03-22,40.9154,41.0647,40.9064,41.0240,3500900
2012-03-23,41.0104,41.0511,40.8928,40.9380,3465200
2012-03-26,40.9923,41.1914,40.9697,41.1868,2081200
2012-03-27,41.1687,41.3044,41.1371,41.2592,4196700
2012-03-28,41.2773,41.2773,41.0601,41.1235,2803700
2012-03-29,41.0828,41.1416,40.9833,41.1190,2158600
2012-03-30,41.1506,41.1959,40.9787,41.0375,4020300
2012-04-02,41.1217,41.1718,41.0489,41.1081,5883800
2012-04-03,41.0990,41.1946,41.0671,41.0717,4099700
2012-04-04,40.9443,41.0034,40.8623,40.9215,2297600
2012-04-05,40.8988,40.9124,40.7713,40.8214,3658900
2012-04-09,40.7440,40.7622,40.5665,40.6120,2692500
2012-04-10,40.6257,40.6985,40.3754,40.4118,4471100
2012-04-11,40.6120,40.6803,40.5347,40.6576,2003700
2012-04-12,40.6939,41.0535,40.6575,41.0216,2753500
2012-04-13,41.0080,41.0489,40.8623,40.8896,2767400
2012-04-16,40.9761,41.0353,40.8259,40.9534,3804300
2012-04-17,41.0763,41.1809,41.0262,41.1309,2787400
2012-04-18,41.0671,41.1673,41.0444,41.1172,3322600
2012-04-19,41.1036,41.1809,40.9943,41.0398,2597800
2012-04-20,41.1673,41.1673,41.0080,41.1035,2241500
2012-04-23,40.9670,41.0307,40.8897,41.0171,2850700
2012-04-24,41.0626,41.1126,41.0034,41.1126,2049300
2012-04-25,41.2173,41.4130,41.1673,41.4130,3351000
2012-04-26,41.4130,41.4767,41.3948,41.4403,2641100
2012-04-27,41.4767,41.4813,41.3675,41.4221,2413000
2012-04-30,41.4267,41.5131,41.3220,41.5040,3989000
2012-05-01,41.5768,41.7232,41.5218,41.5356,3624600
2012-05-02,41.4899,41.7278,41.4624,41.6958,2040700
2012-05-03,41.7369,41.7598,41.6225,41.6683,1871900
2012-05-04,41.6180,41.6820,41.5539,41.5859,2381400
2012-05-07,41.5722,41.7553,41.4669,41.6546,1906100
2012-05-08,41.5951,41.6775,41.5173,41.6454,1688900
2012-05-09,41.5402,41.5814,41.3891,41.4990,3146800
2012-05-10,41.6363,41.6592,41.4258,41.4532,3354000
2012-05-11,41.4349,41.7141,41.4075,41.5585,2765200
2012-05-14,41.4166,41.4486,41.1878,41.2518,4544000
2012-05-15,41.2336,41.2702,41.0505,41.0505,5242100
2012-05-16,41.1008,41.2107,40.6340,40.6478,6224400
2012-05-17,40.6478,40.6523,39.9842,40.0849,8867800
2012-05-18,40.2771,40.4052,40.0345,40.0849,6525600
2012-05-21,40.1306,40.5288,40.1261,40.5013,4276900
2012-05-22,40.6203,40.7805,40.4464,40.4968,3675300
2012-05-23,40.4052,40.5837,40.2496,40.4556,4320900
2012-05-24,40.3869,40.5700,40.3869,40.4647,2183000
2012-05-25,40.5334,40.5654,40.3137,40.3366,1651500
2012-05-29,40.5151,40.8446,40.4784,40.7805,4380300
2012-05-30,40.6066,40.6432,40.5151,40.5974,2543300
2012-05-31,40.6386,40.6386,40.1581,40.1672,10706100
2012-06-01,39.8688,40.1359,39.7675,39.8182,5945600
2012-06-04,39.8504,39.9932,39.7998,39.8504,3125700
2012-06-05,39.8504,40.2372,39.8090,40.1037,2970100
2012-06-06,40.2879,40.5412,40.2050,40.5320,2334800
2012-06-07,40.7530,40.8635,40.5411,40.6839,5454300
2012-06-08,40.6747,40.9372,40.6102,40.8405,3738100
2012-06-11,40.9372,40.9786,40.5688,40.5734,5266700
2012-06-12,40.7115,40.9003,40.6425,40.8589,3648400
2012-06-13,40.7990,40.9464,40.6425,40.7392,3527200
2012-06-14,40.7484,41.0937,40.7207,41.0431,3874100
2012-06-15,40.9832,41.1582,40.9832,41.1168,2683200
2012-06-18,41.0246,41.1398,40.9832,41.1305,3628200
2012-06-19,41.3010,41.4944,41.1398,41.4207,2809100
2012-06-20,41.5266,41.6003,41.3608,41.5819,3719000
2012-06-21,41.6279,41.7660,41.1766,41.2411,4843700
2012-06-22,41.3838,41.5726,41.3746,41.5220,3211700
2012-06-25,41.3562,41.4667,41.2917,41.4575,3385600
2012-06-26,41.4944,41.4990,41.2872,41.3977,2357900
2012-06-27,41.4713,41.6555,41.4713,41.6463,1918000
2012-06-28,41.5312,41.6693,41.4805,41.6417,3068700
2012-06-29,41.8950,42.0378,41.8029,42.0378,3394900
2012-07-02,42.0507,42.0831,41.8654,42.0831,3810700
2012-07-03,42.1202,42.2637,42.0646,42.2359,1987500
2012-07-05,42.1433,42.3332,42.0137,42.2406,2221300
2012-07-06,42.0229,42.2035,42.0044,42.1850,2612400
2012-07-09,42.1387,42.2545,42.0924,42.1989,1916600
2012-07-10,42.2359,42.3008,41.9581,42.0136,1832600
2012-07-11,42.0785,42.1804,41.9766,42.1480,3188700
2012-07-12,42.1109,42.1248,41.8932,42.0553,1989100
2012-07-13,42.1016,42.2035,42.0322,42.1850,2316400
2012-07-16,41.9998,42.1572,41.9859,42.0229,2178900
2012-07-17,42.1433,42.2313,41.9998,42.2221,4036500
2012-07-18,42.2035,42.3980,42.1850,42.3980,3958600
2012-07-19,42.3795,42.5555,42.3656,42.5045,4718200
2012-07-20,42.3795,42.4258,42.2499,42.3054,2733500
2012-07-23,42.0692,42.2776,41.9488,42.2359,4561700
2012-07-24,42.1989,42.2174,41.9442,41.9766,3447700
2012-07-25,42.0924,42.1109,41.8840,41.8886,2891000
2012-07-26,42.0924,42.3378,42.0646,42.3193,4330900
2012-07-27,42.3147,42.5787,42.3147,42.5694,5556800
2012-07-30,42.5601,42.5833,42.4444,42.5694,3889700
2012-07-31,42.5833,42.6018,42.3934,42.4675,3530800
2012-08-01,42.5676,42.6980,42.4466,42.6980,3598100
2012-08-02,42.5909,42.6515,42.4466,42.5257,4516600
2012-08-03,42.6561,42.7958,42.6422,42.7027,4602000
2012-08-06,42.6794,42.8377,42.6747,42.6747,2864400
2012-08-07,42.7586,42.7958,42.5443,42.5909,3680600
2012-08-08,42.6468,42.7073,42.6002,42.6189,3162100
2012-08-09,42.6654,42.6841,42.5537,42.6235,2975600
2012-08-10,42.5723,42.6468,42.5211,42.5863,1533600
2012-08-13,42.5676,42.6095,42.4931,42.6095,2007800
2012-08-14,42.6095,42.7446,42.5956,42.6747,2381000
2012-08-15,42.7167,42.7167,42.4698,42.4698,2580400
2012-08-16,42.5350,42.6468,42.4139,42.6281,2914300
2012-08-17,42.6049,42.6794,42.5583,42.6281,2222000
2012-08-20,42.6375,42.7027,42.5676,42.6794,2333200
2012-08-21,42.7167,42.7772,42.7027,42.7725,2531200
2012-08-22,42.7306,42.7819,42.6934,42.7306,1889100
2012-08-23,42.7353,42.7725,42.6608,42.7213,1141700
2012-08-24,42.7353,42.9169,42.6980,42.9122,2082100
2012-08-27,42.8982,42.9448,42.8051,42.8796,1883600
2012-08-28,42.8749,42.9122,42.8191,42.8423,1795700
2012-08-29,42.9029,42.9216,42.8424,42.9029,1617600
2012-08-30,42.8796,42.9262,42.8424,42.8843,2022400
2012-08-31,42.9588,43.0287,42.8843,42.9961,1801800
2012-09-04,43.0185,43.0185,42.8733,42.9951,3921500
2012-09-05,43.0373,43.0419,42.9670,42.9998,1541000
2012-09-06,43.0138,43.2573,43.0138,43.2526,3306000
2012-09-07,43.3135,43.3604,43.2527,43.3276,3403300
2012-09-10,43.3042,43.4119,43.2292,43.2573,2138600
2012-09-11,43.2807,43.5523,43.2807,43.5523,4400300
2012-09-12,43.6085,43.6928,43.5851,43.6835,1957400
2012-09-13,43.7022,43.9738,43.6694,43.9644,5946800
2012-09-14,43.9691,44.0346,43.8801,43.9597,3467200
2012-09-17,43.9129,44.0066,43.8754,43.9223,3075500
2012-09-18,43.9363,43.9785,43.8380,43.9410,4099400
2012-09-19,43.9878,43.9878,43.8848,43.8848,3306500
2012-09-20,43.8426,43.8473,43.6741,43.6788,2122200
2012-09-21,43.7677,43.7677,43.5617,43.6179,3121700
2012-09-24,43.5570,43.6038,43.5195,43.5617,1867200
2012-09-25,43.5710,43.5944,43.1402,43.1730,5726800
2012-09-26,43.1637,43.1730,42.8359,42.9576,6554200
2012-09-27,43.1637,43.4259,43.0794,43.4259,3882600
2012-09-28,43.3885,43.3931,43.2152,43.2199,3668200
2012-10-01,43.4341,43.4341,43.1187,43.1469,5386700
2012-10-02,43.2316,43.2928,43.1375,43.2552,3151900
2012-10-03,43.2929,43.4717,43.2646,43.3635,3201000
2012-10-04,43.4152,43.5753,43.3917,43.5470,1847200
2012-10-05,43.6742,43.6789,43.4388,43.5235,2513500
2012-10-08,43.4294,43.4953,43.3964,43.4623,1143300
2012-10-09,43.5470,43.5470,43.3305,43.3399,5777300
2012-10-10,43.3776,43.4058,43.2128,43.2363,5431800
2012-10-11,43.4011,43.4811,43.3635,43.4717,2811000
2012-10-12,43.5141,43.6647,43.4529,43.5470,3696800
2012-10-15,43.6647,43.7636,43.5800,43.7447,2378500
2012-10-16,43.8059,43.9330,43.7495,43.9048,3536300
2012-10-17,43.9660,44.0413,43.9189,44.0036,2971500
2012-10-18,43.9424,44.0271,43.9189,43.9801,1676300
2012-10-19,43.9519,43.9754,43.7212,43.7589,2041200
2012-10-22,43.7777,43.8671,43.7400,43.7683,3021700
2012-10-23,43.6365,43.6882,43.5423,43.6035,3916900
2012-10-24,43.7024,43.7165,43.5423,43.5658,4332900
2012-10-25,43.7400,43.7589,43.5894,43.6365,2005600
2012-10-26,43.6506,43.6788,43.4387,43.5329,4591800
2012-10-31,43.5329,43.6223,43.5141,43.5847,2914100
2012-11-01,43.3917,43.6035,43.3352,43.5612,2092300
2012-11-02,43.6177,43.6600,43.4906,43.5000,2829300
2012-11-05,43.4953,43.5847,43.3587,43.4294,3361700
2012-11-06,43.5094,43.5517,43.4341,43.4953,1409000
2012-11-07,43.4246,43.4340,43.2128,43.2363,3698200
2012-11-08,43.2881,43.3823,43.0716,43.0951,5829400
2012-11-09,42.9680,43.1563,42.9539,43.0198,3953900
2012-11-12,43.0669,43.1045,42.9869,43.0339,2066000
2012-11-13,42.9681,43.0151,42.8692,42.9351,4347400
2012-11-14,43.0528,43.0716,42.6668,42.6997,5017500
2012-11-15,42.6244,42.7986,42.4079,42.6809,6989700
2012-11-16,42.7232,42.8362,42.6150,42.8033,4730200
2012-11-19,42.9445,43.3634,42.9351,43.3446,9498500
2012-11-20,43.3446,43.3917,43.2316,43.3493,4010400
2012-11-21,43.3070,43.4152,43.2928,43.3352,2984700
2012-11-23,43.4246,43.5141,43.3587,43.4811,1041100
2012-11-26,43.4529,43.4906,43.3117,43.4906,2160700
2012-11-27,43.4293,43.5752,43.4293,43.5329,4194100
2012-11-28,43.5000,43.6553,43.4200,43.5424,6528000
2012-11-29,43.6506,43.7542,43.5894,43.7353,3870500
2012-11-30,43.7306,43.8483,43.7165,43.8012,3276200
2012-12-03,43.9427,44.0232,43.8481,44.0232,5444400
2012-12-04,44.0042,44.0894,43.9380,44.0232,3121100
2012-12-05,44.1367,44.1462,43.9380,44.0941,4580900
2012-12-06,44.0799,44.1935,44.0799,44.1746,2261500
2012-12-07,44.2219,44.2456,44.0847,44.1083,2294400
2012-12-10,44.2456,44.2456,44.0895,44.1462,2140700
2012-12-11,44.2598,44.3450,44.1746,44.1888,3206300
2012-12-12,44.2692,44.3875,44.2172,44.3213,3305600
2012-12-13,44.2929,44.3876,44.1510,44.1652,4898700
2012-12-14,44.1793,44.2456,44.1320,44.1320,2741400
2012-12-17,44.1604,44.3402,44.1604,44.3024,2195600
2012-12-18,44.3733,44.3923,44.2834,44.3260,3409800
2012-12-19,44.3591,44.3591,44.2787,44.2787,2566400
2012-12-20,44.2929,44.4396,44.2881,44.4348,3191200
2012-12-21,44.2172,44.3307,44.2172,44.3071,3187900
2012-12-24,44.2125,44.2693,44.0989,44.1462,1221400
2012-12-26,44.2485,44.3151,44.1486,44.2533,2257200
2012-12-27,44.2723,44.3437,44.1962,44.3437,2332600
2012-12-28,44.2532,44.3627,44.1819,44.2247,2426100
2012-12-31,44.2342,44.4388,44.2152,44.4150,2918500
2013-01-02,44.7576,44.8337,44.6292,44.8337,3975200
2013-01-03,44.7624,44.8623,44.6672,44.6957,3950700
2013-01-04,44.7148,44.7623,44.6434,44.7243,2968000
2013-01-07,44.7338,44.7671,44.6434,44.7623,4137300
2013-01-08,44.7719,44.7814,44.6910,44.7291,2179100
2013-01-09,44.8385,44.8385,44.7291,44.8147,2183900
2013-01-10,44.8813,44.9051,44.8195,44.8908,1684300
2013-01-11,44.8670,44.9717,44.8242,44.9717,1982600
2013-01-14,44.9384,44.9479,44.8290,44.9099,2182400
2013-01-15,44.8290,44.9241,44.8052,44.9194,2136000
2013-01-16,44.8575,44.9146,44.8052,44.8432,3272700
2013-01-17,44.9241,45.0145,44.8718,45.0050,6058900
2013-01-18,44.9812,45.0668,44.9527,45.0668,2836800
2013-01-22,45.0336,45.1382,44.9812,45.0954,2295200
2013-01-23,45.0621,45.1002,45.0336,45.0431,2227900
2013-01-24,45.0906,45.1668,45.0526,45.1430,3175400
2013-01-25,45.1858,45.1858,45.0954,45.1287,2525100
2013-01-28,45.0907,45.1240,45.0526,45.1049,2331000
2013-01-29,45.0621,45.0811,44.9812,45.0288,1514300
2013-01-30,44.9384,44.9669,44.6720,44.7053,6595600
2013-01-31,44.6910,44.7766,44.5435,44.5673,5963700
2013-02-01,44.7438,44.8490,44.7055,44.7151,5713000
2013-02-04,44.6242,44.6768,44.4903,44.5285,3878000
2013-02-05,44.6003,44.6768,44.5811,44.6290,2590900
2013-02-06,44.5620,44.6242,44.5142,44.5620,2850500
2013-02-07,44.5381,44.5477,44.3946,44.4759,4071400
2013-02-08,44.4472,44.5333,44.4424,44.4855,3220400
2013-02-11,44.4329,44.5238,44.4185,44.4807,3146100
2013-02-12,44.4472,44.6577,44.4424,44.6338,3490600
2013-02-13,44.6864,44.7151,44.5668,44.7008,3672200
2013-02-14,44.6051,44.7486,44.6051,44.6816,2731800
2013-02-15,44.7055,44.8012,44.6099,44.6864,2483000
2013-02-19,44.7247,44.7677,44.6816,44.7294,3074300
2013-02-20,44.7629,44.8299,44.6768,44.6864,3830300
2013-02-21,44.6864,44.7677,44.6290,44.7342,7185300
2013-02-22,44.7868,44.8442,44.7294,44.8442,3367000
2013-02-25,44.8586,44.9303,44.7007,44.7055,5259300
2013-02-26,44.7916,44.9256,44.7103,44.9256,4075600
2013-02-27,44.8921,45.0356,44.8442,45.0021,3681600
2013-02-28,44.9973,45.0260,44.9351,44.9830,3822000
2013-03-01,44.9618,45.2022,44.9570,45.0724,4833200
2013-03-04,45.0387,45.1109,45.0195,45.0772,2222500
2013-03-05,45.1061,45.2167,45.1061,45.1686,3733400
2013-03-06,45.2215,45.2359,45.1301,45.1397,2118000
2013-03-07,45.1830,45.2071,45.1590,45.2071,2124900
2013-03-08,45.2888,45.2984,45.1686,45.2600,2464100
2013-03-11,45.2455,45.2792,45.2071,45.2311,2782800
2013-03-12,45.2023,45.2552,45.1878,45.2119,1526200
2013-03-13,45.2552,45.2888,45.1830,45.2215,1431200
2013-03-14,45.2888,45.3946,45.2407,45.3946,2954100
2013-03-15,45.3273,45.3994,45.3032,45.3898,2024300
2013-03-18,45.2071,45.4283,45.2071,45.3994,3000600
2013-03-19,45.4235,45.4620,45.3081,45.3225,3742800
2013-03-20,45.3658,45.4956,45.3610,45.4716,2553200
2013-03-21,45.3850,45.4764,45.3128,45.3898,3532400
2013-03-22,45.3898,45.4283,45.3273,45.3561,2201500
2013-03-25,45.3514,45.4187,45.2792,45.2888,2131700
2013-03-26,45.3946,45.3994,45.3273,45.3706,1169400
2013-03-27,45.2984,45.3465,45.2888,45.2936,2195100
2013-03-28,45.3225,45.3898,45.2840,45.3754,1959100
2013-04-01,45.3599,45.4856,45.2729,45.4566,3823000
2013-04-02,45.4179,45.5291,45.4034,45.4228,2528700
2013-04-03,45.4373,45.4663,45.3358,45.4228,2773100
2013-04-04,45.4034,45.5146,45.3792,45.4082,3040600
2013-04-05,45.3309,45.4518,45.2874,45.4518,2243800
2013-04-08,45.4759,45.5146,45.4179,45.5001,2346800
2013-04-09,45.5388,45.6452,45.5001,45.6452,2985400
2013-04-10,45.6113,45.8095,45.6113,45.7902,2932600
2013-04-11,45.8047,45.8240,45.7515,45.7902,2676200
2013-04-12,45.7515,45.8337,45.7080,45.8047,2040900
2013-04-15,45.8047,45.8047,45.5049,45.5146,3910600
2013-04-16,45.6403,45.8337,45.5968,45.8289,4138300
2013-04-17,45.7370,45.7660,45.6355,45.7563,5778600
2013-04-18,45.7370,45.7660,45.6645,45.6838,2476900
2013-04-19,45.7322,45.7612,45.6500,45.6597,2474800
2013-04-22,45.7757,45.8723,45.6983,45.7660,3641900
2013-04-23,45.8143,45.9497,45.8143,45.9449,2217400
2013-04-24,45.9690,46.0512,45.9304,46.0270,3872600
2013-04-25,46.0319,46.1769,45.9932,46.1527,2453100
2013-04-26,46.1479,46.1576,46.0851,46.1044,2679000
2013-04-29,46.1141,46.2108,46.1092,46.1914,1785300
2013-04-30,46.2301,46.3364,46.1914,46.3364,2953100
2013-05-01,46.3160,46.4229,46.2383,46.2480,4812400
2013-05-02,46.3938,46.5541,46.3306,46.5444,3368200
2013-05-03,46.6221,46.6998,46.5686,46.6172,2407400
2013-05-06,46.5978,46.6658,46.5783,46.6464,1458700
2013-05-07,46.6950,46.7095,46.5978,46.6124,2590900
2013-05-08,46.6464,46.7824,46.6464,46.7775,3801200
2013-05-09,46.7338,46.7775,46.6367,46.6415,1644900
2013-05-10,46.6610,46.6610,46.3743,46.3986,4654400
2013-05-13,46.3500,46.3937,46.2043,46.2091,2710000
2013-05-14,46.2480,46.3743,46.2043,46.2577,4473900
2013-05-15,46.2577,46.3160,46.1946,46.2626,3179800
2013-05-16,46.2917,46.4618,46.2383,46.3743,6036800
2013-05-17,46.4423,46.4569,46.3160,46.3743,4313300
2013-05-20,46.3743,46.4618,46.3258,46.4229,2086200
2013-05-21,46.4229,46.5298,46.4132,46.5103,4666500
2013-05-22,46.5007,46.5784,46.1995,46.2238,5243800
2013-05-23,46.1508,46.1606,46.0002,46.0974,3294400
2013-05-24,46.0294,46.0488,45.9905,46.0100,3420400
2013-05-28,46.1654,46.1654,45.8157,45.8400,3486700
2013-05-29,45.6845,45.7914,45.4465,45.6554,10958100
2013-05-30,45.6651,45.8400,45.5145,45.7477,5462100
2013-05-31,45.6505,45.7185,45.1307,45.1404,6809400
2013-06-03,45.1106,45.1790,44.8274,45.1009,14320900
2013-06-04,45.1692,45.4378,45.0178,45.1009,7927000
2013-06-05,45.0179,45.0423,44.6516,44.7102,10309200
2013-06-06,44.6321,45.2132,44.5930,45.0618,11849800
2013-06-07,45.1399,45.3987,45.0227,45.0911,8879800
2013-06-10,45.0911,45.2132,44.9641,44.9983,7678000
2013-06-11,44.7200,45.0422,44.5783,44.7200,9065200
2013-06-12,44.8909,44.9837,44.7444,44.7542,9193300
2013-06-13,44.7541,45.3255,44.7541,45.2669,7526400
2013-06-14,45.3059,45.3841,45.1936,45.3206,3909200
2013-06-17,45.3792,45.6331,45.3157,45.3157,3830700
2013-06-18,45.2962,45.4671,45.2962,45.4280,3609700
2013-06-19,45.3889,45.5452,44.7395,44.7493,7971700
2013-06-20,44.4807,44.7200,44.0851,44.3098,11094000
2013-06-21,44.4416,44.4905,44.0070,44.0217,9245400
2013-06-24,43.6799,43.9484,43.1036,43.4796,12116100
2013-06-25,43.7043,44.0998,43.7043,44.0998,6233300
2013-06-26,44.2902,44.5246,44.2268,44.4660,5527200
2013-06-27,44.6321,44.8958,44.6321,44.6809,5578600
2013-06-28,44.5832,44.5930,44.1779,44.3781,6112000
2013-07-01,44.4616,44.6678,44.4273,44.6187,5213400
2013-07-02,44.5696,44.6972,44.3536,44.4812,3799800
2013-07-03,44.3241,44.6040,44.3192,44.5843,1679600
2013-07-05,44.3732,44.3978,44.0002,44.1082,3312600
2013-07-08,44.2259,44.7169,44.1818,44.7169,5638400
2013-07-09,44.7218,44.7660,44.6089,44.7414,6127700
2013-07-10,44.7611,44.9378,44.7120,44.9181,6529900
2013-07-11,45.2519,45.4925,45.1636,45.4827,5865400
2013-07-12,45.3649,45.4925,45.2863,45.4385,5788300
2013-07-15,45.4925,45.6987,45.4385,45.6300,6791500
2013-07-16,45.6987,45.6987,45.3943,45.5171,3292100
2013-07-17,45.6692,45.9098,45.6545,45.8509,8660500
2013-07-18,45.9000,46.1454,45.8705,46.1258,6825000
2013-07-19,46.1209,46.1307,46.0325,46.0963,2603100
2013-07-22,46.1110,46.1503,46.0227,46.1307,3888200
2013-07-23,46.0914,46.1356,45.9834,46.0178,2483700
2013-07-24,45.9196,45.9687,45.4876,45.6300,5249800
2013-07-25,45.4140,45.5956,45.3796,45.5269,5995400
2013-07-26,45.3992,45.5465,45.3550,45.5465,4213600
2013-07-29,45.4581,45.5219,45.3697,45.4483,3850100
2013-07-30,45.4189,45.5907,45.4189,45.5121,4239400
2013-07-31,45.4041,45.6594,45.3010,45.6447,4076500
2013-08-01,45.5919,45.6758,45.1923,45.2121,4616600
2013-08-02,45.3650,45.5130,45.2910,45.4883,4309400
2013-08-05,45.4735,45.4735,45.2367,45.2565,2231000
2013-08-06,45.3502,45.3502,45.0690,45.2121,3398800
2013-08-07,45.1134,45.1578,45.0344,45.0690,2253300
2013-08-08,45.0986,45.1825,45.0789,45.1677,2857100
2013-08-09,45.1035,45.2219,44.9506,45.1726,1765600
2013-08-12,45.1085,45.2466,45.0986,45.1331,3840800
2013-08-13,45.1282,45.1726,45.0394,45.1331,2290500
2013-08-14,45.1035,45.1331,45.0197,45.0443,4605800
2013-08-15,44.8914,44.9358,44.7681,44.8125,6446100
2013-08-16,44.8766,44.9407,44.6053,44.6595,6922400
2013-08-19,44.6793,44.7089,44.2994,44.3636,6536300
2013-08-20,44.5461,44.8224,44.5362,44.7730,4208300
2013-08-21,44.7286,44.7829,44.5806,44.6102,3098100
2013-08-22,44.6793,44.8519,44.6398,44.8519,4049900
2013-08-23,44.8421,45.0690,44.8174,45.0394,3370400
2013-08-26,45.0493,45.0838,44.9555,45.0443,2365400
2013-08-27,44.9161,44.9555,44.7483,44.7533,3578500
2013-08-28,44.7730,44.9358,44.7237,44.9210,3860600
2013-08-29,44.8470,45.1381,44.8026,45.1035,4012900
2013-08-30,45.1233,45.1825,44.9851,45.0641,2486900
2013-09-03,45.0987,45.2178,44.7863,44.8260,9986800
2013-09-04,44.8954,45.0492,44.8855,44.9946,3507400
2013-09-05,44.9153,44.9550,44.7665,44.7665,3622300
2013-09-06,45.0244,45.1781,44.8409,44.9153,4713800
2013-09-09,44.9946,45.1285,44.9847,45.0293,4227400
2013-09-10,45.0690,45.1930,45.0641,45.1880,5287100
2013-09-11,45.1236,45.2575,45.0790,45.2476,3514200
2013-09-12,45.2228,45.2823,45.1782,45.1930,3594500
2013-09-13,45.2475,45.2872,45.1186,45.1583,2789300
2013-09-16,45.4806,45.5302,45.3517,45.4062,4331300
2013-09-17,45.4608,45.6145,45.4310,45.5550,5978600
2013-09-18,45.5451,46.0609,45.4806,45.9914,7476300
2013-09-19,46.1154,46.1154,45.8228,45.8575,5821100
2013-09-20,45.8427,45.8674,45.7633,45.8030,4033900
2013-09-23,45.7980,45.8526,45.7336,45.7980,6564600
2013-09-24,45.7583,45.8278,45.6542,45.6988,7947700
2013-09-25,45.6939,45.7534,45.5996,45.6195,3535700
2013-09-26,45.6790,45.6889,45.5104,45.5947,4751200
2013-09-27,45.5600,45.5947,45.4311,45.5451,6779700
2013-09-30,45.4211,45.5996,45.3765,45.4162,6248900
2013-10-01,45.4286,45.6230,45.3788,45.6130,5743900
2013-10-02,45.5781,45.6330,45.4735,45.6330,2765700
2013-10-03,45.6728,45.6928,45.5632,45.6628,3169700
2013-10-04,45.6479,45.7825,45.6180,45.7426,2048300
2013-10-07,45.5781,45.7276,45.5781,45.6229,2391700
2013-10-08,45.7226,45.7775,45.5931,45.6030,2944700
2013-10-09,45.7376,45.7376,45.6031,45.6429,2973700
2013-10-10,45.7575,45.8970,45.7575,45.8522,2899500
2013-10-11,45.9270,45.9668,45.8522,45.9370,3293900
2013-10-14,45.8472,46.0515,45.8472,46.0067,1003900
2013-10-15,46.0465,46.0465,45.8721,45.9917,2310100
2013-10-16,46.0116,46.2409,46.0067,46.2359,6949700
2013-10-17,46.2210,46.4701,46.2110,46.4602,7277900
2013-10-18,46.4851,46.5948,46.4702,46.5549,2873800
2013-10-21,46.5698,46.5748,46.4502,46.4502,2471400
2013-10-22,46.5350,46.6496,46.5250,46.5898,5488400
2013-10-23,46.6296,46.6396,46.5050,46.6296,2434200
2013-10-24,46.6446,46.6894,46.5748,46.6446,2284400
2013-10-25,46.6645,46.6944,46.6196,46.6595,2026000
2013-10-28,46.6695,46.6944,46.6346,46.6496,1697900
2013-10-29,46.6396,46.7392,46.6296,46.7243,1864600
2013-10-30,46.7243,46.7592,46.5000,46.5349,3691100
2013-10-31,46.5648,46.6147,46.4552,46.5599,5846500
2013-11-01,46.5699,46.7001,46.4697,46.4797,7882000
2013-11-04,46.6099,46.6099,46.5348,46.5599,2025500
2013-11-05,46.5298,46.5298,46.4347,46.4347,2770300
2013-11-06,46.5148,46.5749,46.4797,46.5699,4936700
2013-11-07,46.6200,46.6400,46.5298,46.5999,4802700
2013-11-08,46.4146,46.5498,46.3996,46.5198,4191100
2013-11-11,46.5398,46.5398,46.3345,46.3445,1607600
2013-11-12,46.3495,46.3646,46.2544,46.2794,2148900
2013-11-13,46.2544,46.4597,46.2293,46.4547,2795100
2013-11-14,46.4447,46.5949,46.3946,46.5899,4216800
2013-11-15,46.5999,46.6600,46.5498,46.6600,2990600
2013-11-18,46.6850,46.6950,46.4847,46.5248,3694600
2013-11-19,46.5098,46.5749,46.4647,46.5048,1415800
2013-11-20,46.4847,46.6049,46.4046,46.4597,2470600
2013-11-21,46.4847,46.6199,46.4497,46.6199,1895800
2013-11-22,46.5999,46.6700,46.5649,46.6550,1649200
2013-11-25,46.6700,46.7401,46.5999,46.7251,2813900
2013-11-26,46.6800,46.7852,46.6450,46.7601,2835300
2013-11-27,46.8903,46.8903,46.7201,46.7301,1845300
2013-11-29,46.7351,46.7952,46.7251,46.7802,958700
2013-12-02,46.7399,46.8104,46.7198,46.7953,5748100
2013-12-03,46.7248,46.7953,46.6745,46.7500,2710300
2013-12-04,46.6695,46.7299,46.5638,46.6292,3076100
2013-12-05,46.6292,46.6745,46.5638,46.5940,5354700
2013-12-06,46.7097,46.7852,46.6192,46.7248,2487900
2013-12-09,46.8204,46.9211,46.7450,46.8959,4313000
2013-12-10,46.8959,46.9160,46.8406,46.8959,1473200
2013-12-11,46.8959,46.8959,46.6896,46.7550,3586600
2013-12-12,46.7601,46.8003,46.6695,46.6695,4268800
2013-12-13,46.7248,46.7802,46.6896,46.7449,3523200
2013-12-16,46.7299,46.8154,46.7299,46.7852,3108500
2013-12-17,46.8356,46.8356,46.7349,46.7903,2799900
2013-12-18,46.7953,46.9362,46.6695,46.8708,4893500
2013-12-19,46.7953,46.8406,46.7500,46.8205,5775500
2013-12-20,46.8204,46.8506,46.7601,46.8506,12743900
2013-12-23,46.8405,46.9613,46.8003,46.8858,5525100
2013-12-24,46.8456,46.9009,46.8456,46.8607,1281600
2013-12-26,46.8339,46.9148,46.8339,46.9047,1577400
2013-12-27,46.9199,46.9199,46.8541,46.8996,1357300
2013-12-30,46.9148,46.9654,46.8642,46.9401,1888600
2013-12-31,46.9552,47.0108,46.9148,46.9704,2413400
2014-01-02,46.9603,47.0564,46.8844,47.0513,7412500
2014-01-03,47.0260,47.0867,47.0008,47.0362,1903300
2014-01-06,47.1070,47.1474,47.0615,47.1373,2622700
2014-01-07,47.1474,47.1879,47.1120,47.1373,3953000
2014-01-08,47.1373,47.1778,47.0918,47.1070,4540500
2014-01-09,47.1575,47.1828,47.1272,47.1778,3036600
2014-01-10,47.2385,47.3194,47.2081,47.3194,2423900
2014-01-13,47.3092,47.3396,47.2384,47.2688,4716600
2014-01-14,47.2739,47.3750,47.2739,47.3396,2636100
2014-01-15,47.3851,47.4357,47.3396,47.4357,1797400
2014-01-16,47.4306,47.4508,47.4003,47.4154,1269800
2014-01-17,47.4508,47.4812,47.3952,47.4255,2192300
2014-01-21,47.4863,47.5115,47.4458,47.4863,2056000
2014-01-22,47.5014,47.5065,47.4003,47.4154,3235400
2014-01-23,47.4256,47.4408,47.3244,47.3548,4989500
2014-01-24,47.2637,47.2688,47.0261,47.0412,7575400
2014-01-27,47.1070,47.1424,47.0058,47.0261,5482900
2014-01-28,47.0868,47.2739,47.0514,47.2334,5393600
2014-01-29,47.1575,47.1626,47.0817,47.0918,5781700
2014-01-30,47.1828,47.2486,47.1373,47.1727,3940200
2014-01-31,47.0968,47.2182,47.0918,47.1575,7756900
2014-02-03,47.2754,47.2754,46.9095,47.0162,16150600
2014-02-04,47.1382,47.1637,47.0518,47.0722,5246900
2014-02-05,47.0722,47.1128,47.0264,47.0722,3893000
2014-02-06,47.1535,47.2500,47.0925,47.2399,3426100
2014-02-07,47.2958,47.4787,47.2958,47.4787,5193300
2014-02-10,47.4787,47.5397,47.4228,47.5092,5199700
2014-02-11,47.5347,47.6465,47.4889,47.5906,3950800
2014-02-12,47.6058,47.6312,47.4991,47.5143,2432100
2014-02-13,47.4889,47.6617,47.4889,47.6515,3078400
2014-02-14,47.6211,47.7481,47.6160,47.7278,2158700
2014-02-18,47.6820,47.8193,47.6820,47.7938,3734700
2014-02-19,47.8294,47.8701,47.6617,47.6719,7273600
2014-02-20,47.7176,47.8192,47.7074,47.8192,3756900
2014-02-21,47.8243,47.8904,47.8243,47.8599,2574600
2014-02-24,47.9006,47.9971,47.9006,47.9666,3531600
2014-02-25,47.9768,48.0378,47.9667,48.0226,2979500
2014-02-26,48.0632,48.1039,48.0276,48.1039,2722100
2014-02-27,48.1039,48.2004,48.1039,48.1953,4377300
2014-02-28,48.1902,48.2919,48.1394,48.2461,3919300
2014-03-03,48.1966,48.2630,48.0638,48.2017,9488700
2014-03-04,48.3192,48.3907,48.2528,48.3754,9313600
2014-03-05,48.3601,48.3652,48.2630,48.2886,4531600
2014-03-06,48.3294,48.3498,48.1966,48.2170,4075500
2014-03-07,48.1660,48.2017,48.0128,48.0332,4552000
2014-03-10,48.0281,48.0536,47.9668,48.0383,1908200
2014-03-11,48.0792,48.0894,47.9770,47.9872,1618500
2014-03-12,47.9974,48.0791,47.9923,48.0689,2595000
2014-03-13,48.0996,48.0996,47.9208,47.9413,4829700
2014-03-14,47.9515,48.0128,47.8749,47.9055,4088200
2014-03-17,47.9617,48.0128,47.9310,47.9719,2943100
2014-03-18,48.0229,48.1251,47.9719,48.1149,2903500
2014-03-19,48.1047,48.1558,47.7727,47.8698,9983600
2014-03-20,47.9566,48.0434,47.8391,48.0332,4872300
2014-03-21,48.0128,48.0894,47.9872,48.0026,6106500
2014-03-24,48.1098,48.1098,47.9872,48.0179,5986100
2014-03-25,48.0536,48.1557,48.0536,48.1149,3468800
2014-03-26,48.1864,48.1864,48.0894,48.1251,3887200
2014-03-27,48.0945,48.1302,48.0434,48.0536,2255400
2014-03-28,48.1251,48.1864,48.0945,48.1353,2732600
2014-03-31,48.2375,48.2579,48.1813,48.2068,2641400
2014-04-01,48.2607,48.2966,48.2197,48.2966,4514900
2014-04-02,48.3069,48.3069,48.2248,48.2453,2285900
2014-04-03,48.2864,48.3120,48.2556,48.2659,2812400
2014-04-04,48.3274,48.4198,48.3120,48.3787,4555000
2014-04-07,48.3736,48.3890,48.2710,48.2761,1520900
2014-04-08,48.3120,48.3890,48.2761,48.3890,2804400
2014-04-09,48.3890,48.4711,48.3377,48.4660,4383400
2014-04-10,48.4916,48.4916,48.3274,48.3274,3226900
2014-04-11,48.3479,48.3479,48.1170,48.1221,7228500
2014-04-14,48.1529,48.3069,48.1529,48.2761,3355800
2014-04-15,48.3479,48.3479,48.2350,48.3274,3104900
2014-04-16,48.3480,48.3633,48.2864,48.3531,3450100
2014-04-17,48.3274,48.3633,48.2864,48.2966,2443800
2014-04-21,48.3582,48.3787,48.2864,48.2966,1682200
2014-04-22,48.3633,48.3736,48.2966,48.3479,2442800
2014-04-23,48.3582,48.4608,48.3377,48.3633,1591300
2014-04-24,48.3633,48.4403,48.3120,48.3736,1021700
2014-04-25,48.3941,48.3993,48.3172,48.3582,1195400
2014-04-28,48.3685,48.3890,48.3018,48.3479,1903900
2014-04-29,48.4198,48.4300,48.3326,48.4198,1775300
2014-04-30,48.4198,48.4506,48.3377,48.4095,4393100
2014-05-01,48.4575,48.4781,48.3595,48.3595,7322200
2014-05-02,48.4729,48.4729,48.3647,48.4729,2146000
2014-05-05,48.3337,48.4935,48.3234,48.4523,3541300
2014-05-06,48.5296,48.5296,48.4420,48.4626,2567800
2014-05-07,48.4987,48.5863,48.4781,48.5348,1578600
2014-05-08,48.5915,48.6121,48.4987,48.5245,4522400
2014-05-09,48.5348,48.6069,48.5245,48.5709,1736600
2014-05-12,48.6482,48.6482,48.5657,48.6224,1123000
2014-05-13,48.5915,48.7719,48.5812,48.6997,1933600
2014-05-14,48.6585,48.7564,48.6533,48.7255,1721400
2014-05-15,48.7616,48.7616,48.6276,48.6791,4240700
2014-05-16,48.7100,48.7873,48.6482,48.7770,3185000
2014-05-19,48.7616,48.8904,48.7152,48.8492,7351000
2014-05-20,48.8492,48.8544,48.7822,48.7874,4217800
2014-05-21,48.8286,48.8492,48.7100,48.7822,2925900
2014-05-22,48.7925,48.8286,48.7565,48.8183,1950900
2014-05-23,48.7925,48.8853,48.7925,48.8337,2289100
2014-05-27,48.8492,48.8904,48.8234,48.8801,4384700
2014-05-28,48.8904,48.9162,48.8698,48.8956,3904400
2014-05-29,48.9162,48.9678,48.8853,48.9420,4734800
2014-05-30,48.9574,49.0038,48.9317,48.9935,4445800
2014-06-02,49.0603,49.0603,48.8325,48.8377,5722500
2014-06-03,48.8843,48.8946,48.8325,48.8429,2978300
2014-06-04,48.8325,48.8791,48.8066,48.8429,2527200
2014-06-05,48.8895,48.9775,48.8429,48.9620,2034100
2014-06-06,48.9827,49.1432,48.9775,49.1017,3059100
2014-06-09,49.1742,49.1794,49.0758,49.1587,2906800
2014-06-10,49.0655,49.1897,49.0655,49.1328,2091000
2014-06-11,49.1277,49.1484,49.0759,49.1380,1699500
2014-06-12,49.0914,49.1535,49.0914,49.1069,1354000
2014-06-13,49.1794,49.1794,49.1017,49.1639,1276500
2014-06-16,49.1484,49.1898,49.1328,49.1380,1869500
2014-06-17,49.1328,49.1898,49.0759,49.1017,7251700
2014-06-18,49.1069,49.3503,49.1069,49.3244,4284800
2014-06-19,49.3296,49.3503,49.2674,49.3140,2882500
2014-06-20,49.3244,49.3969,49.3140,49.3606,2372300
2014-06-23,49.3658,49.4124,49.3399,49.3555,1551000
2014-06-24,49.3296,49.4021,49.3140,49.3140,1839300
2014-06-25,49.3451,49.3969,49.3192,49.3865,2385000
2014-06-26,49.3658,49.3917,49.2933,49.3347,1806400
2014-06-27,49.3503,49.3606,49.2881,49.3347,1702700
2014-06-30,49.2467,49.3555,49.2467,49.2933,2647600
2014-07-01,49.3687,49.4207,49.2907,49.3063,3472700
2014-07-02,49.3376,49.4052,49.3064,49.3376,2819400
2014-07-03,49.3323,49.3583,49.2491,49.2647,2776100
2014-07-07,49.2491,49.3011,49.2231,49.2283,1941300
2014-07-08,49.2699,49.2907,49.2283,49.2387,2035300
2014-07-09,49.2751,49.3011,49.1867,49.2023,3945400
2014-07-10,49.1659,49.1659,49.0359,49.0515,6011600
2014-07-11,49.0567,49.1607,49.0567,49.1347,2071400
2014-07-14,49.3011,49.3011,49.1139,49.1191,2632700
2014-07-15,49.1243,49.1503,49.0359,49.0411,2888400
2014-07-16,49.0983,49.0983,48.9527,48.9631,4264900
2014-07-17,48.9423,48.9579,48.6147,48.6199,5767800
2014-07-18,48.7655,48.8747,48.7031,48.8227,1994800
2014-07-21,48.8071,48.8227,48.6927,48.7395,3111700
2014-07-22,48.7655,48.8851,48.7603,48.8071,3707100
2014-07-23,48.8643,48.9267,48.8487,48.9007,1995900
2014-07-24,48.9215,49.0359,48.8799,48.9891,3089100
2014-07-25,48.9787,49.0047,48.8903,48.9059,3072300
2014-07-28,48.8903,48.9059,48.7499,48.7603,5355100
2014-07-29,48.7915,48.8851,48.6823,48.6927,3877100
2014-07-30,48.7447,48.7655,48.4170,48.4898,5415100
2014-07-31,48.2766,48.3494,48.0738,48.0946,7460000
2014-08-01,48.1003,48.2519,47.7137,48.0899,10942000
2014-08-04,48.1003,48.3982,48.0847,48.3825,7020400
2014-08-05,48.3877,48.3982,48.2153,48.2884,3612500
2014-08-06,48.2676,48.4504,48.2519,48.4034,4167700
2014-08-07,48.4295,48.5654,48.4191,48.4348,3833900
2014-08-08,48.3302,48.6228,48.3302,48.5863,3426300
2014-08-11,48.6542,48.8475,48.5862,48.8161,6908300
2014-08-12,48.8371,48.8841,48.7587,48.8057,4231700
2014-08-13,48.9311,48.9572,48.8318,48.9468,4960200
2014-08-14,48.9677,49.0931,48.9625,49.0408,4246600
2014-08-15,49.1244,49.1715,49.0461,49.1401,6051300
2014-08-18,49.1506,49.2916,49.1192,49.2812,5112800
2014-08-19,49.3073,49.3125,49.2394,49.2655,2747200
2014-08-20,49.2812,49.3648,49.2028,49.3021,2470000
2014-08-21,49.3021,49.3543,49.2916,49.3021,1869100
2014-08-22,49.2968,49.3282,49.1610,49.1819,3065500
2014-08-25,49.2498,49.3125,49.1558,49.2864,1958000
2014-08-26,49.2864,49.3596,49.2760,49.3230,1562400
2014-08-27,49.3596,49.3648,49.2708,49.2760,3685200
2014-08-28,49.2603,49.3177,49.1819,49.2028,1815400
2014-08-29,49.2394,49.2603,49.1767,49.2394,2046000
2014-09-02,49.2184,49.3286,49.2079,49.2971,4484800
2014-09-03,49.2971,49.2971,49.1659,49.1711,3200200
2014-09-04,49.1974,49.2184,48.9507,49.0084,4754500
2014-09-05,49.0137,49.0504,48.9455,48.9507,4752700
2014-09-08,48.9402,48.9979,48.8562,48.9035,2549200
2014-09-09,48.8877,48.8877,48.6620,48.6778,4647900
2014-09-10,48.6830,48.7197,48.5780,48.6987,3290600
2014-09-11,48.6463,48.7302,48.5938,48.6987,2822400
2014-09-12,48.6568,48.7092,48.5623,48.6410,5372500
2014-09-15,48.6830,48.6883,48.5360,48.5518,3592400
2014-09-16,48.5255,48.7407,48.5150,48.6515,5132200
2014-09-17,48.7460,48.8614,48.6882,48.8090,4399300
2014-09-18,48.8037,48.8562,48.7670,48.8247,3640300
2014-09-19,48.8667,48.9140,48.8247,48.8982,6000600
2014-09-22,48.8982,48.9402,48.7670,48.8090,4355300
2014-09-23,48.7040,48.7722,48.5203,48.5623,3573100
2014-09-24,48.5518,48.5518,48.3208,48.4153,6342700
2014-09-25,48.3418,48.3418,48.0269,48.0847,7348000
2014-09-26,47.8799,48.1476,47.7382,48.0532,11842500
2014-09-29,47.7854,47.9587,47.7067,47.9534,6289400
2014-09-30,48.1004,48.3051,48.0531,48.2631,6905400
2014-10-01,48.3638,48.4428,48.2425,48.3163,9996600
2014-10-02,48.2953,48.4323,48.1793,48.4112,6197300
2014-10-03,48.5483,48.7222,48.4798,48.5746,6371600
2014-10-06,48.6537,48.7275,48.5694,48.6273,4213800
2014-10-07,48.5641,48.6063,48.3954,48.4429,4994200
2014-10-08,48.4323,48.6959,48.3532,48.6748,7589400
2014-10-09,48.5746,48.6168,48.1108,48.1582,7177500
2014-10-10,48.0633,48.1318,47.7101,47.7681,14239800
2014-10-13,47.7312,47.9473,47.5204,47.5309,7908500
2014-10-14,47.7049,47.8472,47.5573,47.6891,11695300
2014-10-15,47.5520,47.6996,47.0249,47.6996,11711300
2014-10-16,47.4360,48.0211,47.3622,47.9684,12623100
2014-10-17,48.3585,48.6221,48.1793,48.3743,13575900
2014-10-20,48.4059,48.7591,48.3532,48.7222,7331400
2014-10-21,48.8224,49.1281,48.8224,49.1176,7453700
2014-10-22,49.1070,49.1281,48.7328,48.7960,8363900
2014-10-23,48.9542,50.0348,48.7644,48.7749,9482300
2014-10-24,48.7328,48.9805,48.7328,48.9120,5764300
2014-10-27,48.8803,48.8909,48.6748,48.7117,4911400
2014-10-28,48.7802,48.8698,48.6959,48.7908,6024200
2014-10-29,48.8276,48.8540,48.6062,48.7538,5320700
2014-10-30,48.7591,50.0506,48.7011,48.7327,3341700
2014-10-31,48.9225,48.9225,48.7591,48.7749,5065400
2014-11-03,48.8247,48.9782,48.8035,48.8776,4936200
2014-11-04,48.8618,48.8618,48.6871,48.7241,5886200
2014-11-05,48.7930,48.8035,48.6606,48.7135,4399300
2014-11-06,48.7506,48.8512,48.7453,48.8406,3747700
2014-11-07,48.8406,48.9094,48.7824,48.8882,3456300
2014-11-10,48.8723,48.9306,48.8618,48.9094,2680400
2014-11-11,48.9094,49.0365,48.8406,49.0206,2730700
2014-11-12,48.9623,48.9782,48.8459,48.8617,3218900
2014-11-13,48.9094,48.9094,48.6024,48.6606,5081300
2014-11-14,48.6076,48.6765,48.3959,48.4170,7868000
2014-11-17,48.4541,48.5335,48.3641,48.4117,5213700
2014-11-18,48.3959,48.4753,48.3112,48.3164,5227200
2014-11-19,48.2317,48.3164,48.1047,48.3058,7733300
2014-11-20,48.1788,48.3376,48.1364,48.3112,3274300
2014-11-21,48.5071,48.7135,48.4594,48.5759,7983000
2014-11-24,48.6394,48.6765,48.5123,48.5706,4569100
2014-11-25,48.5494,48.6818,48.5282,48.6500,4878500
2014-11-26,48.6818,48.7771,48.6553,48.7135,3055800
2014-11-28,48.4911,48.5229,48.1999,48.2476,5290500
2014-12-01,48.2247,48.2247,47.7301,47.7620,12432400
2014-12-02,47.8950,48.0386,47.7993,48.0226,6821200
2014-12-03,48.0386,48.1396,47.9747,48.1024,7627000
2014-12-04,48.0599,48.1343,48.0280,48.0705,4581600
2014-12-05,48.0067,48.0758,47.8897,48.0333,5237400
2014-12-08,47.9375,47.9748,47.7088,47.7886,6770800
2014-12-09,47.5014,47.8045,47.4588,47.7620,9702100
2014-12-10,47.5333,47.6025,47.0280,47.2142,15409400
2014-12-11,47.1344,47.2886,46.7621,47.0440,12053000
2014-12-12,46.6983,46.7727,46.3260,46.4057,11563300
2014-12-15,46.5068,46.5919,45.9856,46.3792,14114000
2014-12-16,45.9750,46.6238,45.8048,46.2143,14875500
2014-12-17,46.2515,47.3259,46.2143,47.1557,16864000
2014-12-18,47.8684,48.0333,47.1876,47.5333,16638700
2014-12-19,47.6663,48.0333,47.6131,47.9907,9952800
2014-12-22,47.9482,48.0279,47.7088,47.8737,6622400
2014-12-23,47.9960,48.0864,47.8418,48.0439,5314400
2014-12-24,48.0631,48.2340,48.0311,48.2073,2285700
2014-12-26,48.2608,48.3409,48.0204,48.0578,1815500
2014-12-29,48.0845,48.2020,47.9296,48.0845,4717100
2014-12-30,47.9509,48.0524,47.8922,47.9883,3624300
2014-12-31,48.0097,48.0738,47.7747,47.8601,4185400
2015-01-02,47.9082,48.0364,47.8014,47.8601,3271900
2015-01-05,47.5931,47.6679,47.3527,47.4168,7523100
2015-01-06,47.3260,47.5183,47.1871,47.2352,9489700
2015-01-07,47.6038,47.6892,47.4702,47.5290,8353100
2015-01-08,47.7052,47.9830,47.5290,47.8869,8388600
2015-01-09,47.9242,48.1486,47.7373,48.1272,6766700
2015-01-12,48.1646,48.1646,47.8815,48.0685,8698500
2015-01-13,48.0738,48.1967,47.8281,48.0685,7738700
2015-01-14,47.8121,47.9883,47.7266,47.9563,7415500
2015-01-15,48.0631,48.0631,47.6518,47.6625,7061300
2015-01-16,47.7213,47.9136,47.7160,47.8442,7685500
2015-01-20,47.9884,47.9884,47.6786,47.7587,5915300
2015-01-21,47.7320,48.0258,47.6999,48.0151,6110700
2015-01-22,48.0845,48.1646,47.9563,48.0792,6940100
2015-01-23,48.0792,48.1486,48.0364,48.0792,5134500
2015-01-26,48.1112,48.3355,48.0364,48.2982,8252300
2015-01-27,48.1166,48.3035,48.0792,48.2608,8771100
2015-01-28,48.2928,48.3409,48.0792,48.1593,5622400
2015-01-29,48.2554,48.3516,48.1539,48.3302,4923200
2015-01-30,48.2768,48.3302,48.1753,48.1967,6383000
2015-02-02,48.2852,48.3817,48.2047,48.3817,4120600
2015-02-03,48.4729,48.7142,48.4300,48.6552,11682400
2015-02-04,48.6123,48.6123,48.4300,48.4514,8333900
2015-02-05,48.5641,48.7410,48.4836,48.7357,10172500
2015-02-06,48.8429,48.8483,48.6874,48.7732,6076700
2015-02-09,48.7411,48.8000,48.6445,48.6552,4672800
2015-02-10,48.7517,48.8215,48.7464,48.8215,6846600
2015-02-11,48.7947,48.8215,48.7142,48.8054,5688000
2015-02-12,48.8805,48.8805,48.7732,48.8000,3185400
2015-02-13,48.8108,48.9073,48.7732,48.8698,4676600
2015-02-17,48.9341,48.9556,48.8215,48.8376,6624200
2015-02-18,48.8859,49.0146,48.8269,49.0038,4744400
2015-02-19,48.9502,48.9770,48.8805,48.8912,2964800
2015-02-20,48.8859,49.0307,48.8483,49.0253,5470600
2015-02-23,49.0468,49.0629,48.9502,49.0629,4165700
2015-02-24,49.0521,49.1272,49.0145,49.1111,3689300
2015-02-25,49.1433,49.2881,49.1111,49.2720,9048500
2015-02-26,49.2559,49.3256,49.2023,49.2613,7928200
2015-02-27,49.2881,49.3149,49.2399,49.2720,4521800
2015-03-02,49.3167,49.3383,49.1767,49.2629,6933000
2015-03-03,49.1874,49.2305,49.0797,49.1228,10032000
2015-03-04,49.0420,49.1012,49.0043,49.0312,7832800
2015-03-05,49.1066,49.1228,49.0366,49.1228,6412500
2015-03-06,48.9881,48.9989,48.7619,48.8104,9271900
2015-03-09,48.8696,48.8750,48.6811,48.7081,9607500
2015-03-10,48.6273,48.6596,48.4226,48.5196,12447300
2015-03-11,48.6649,48.7242,48.5141,48.6542,9214800
2015-03-12,48.7996,48.8212,48.6704,48.7512,4469900
2015-03-13,48.6704,48.6919,48.4603,48.5842,6184500
2015-03-16,48.6219,48.6596,48.5034,48.5357,4772600
2015-03-17,48.4118,48.4872,48.2017,48.2933,13059600
2015-03-18,48.2933,48.7296,48.2018,48.7242,11633900
2015-03-19,48.5680,48.6704,48.3041,48.3364,9226000
2015-03-20,48.5303,48.7350,48.4603,48.7134,9127300
2015-03-23,48.7081,48.7673,48.6434,48.7512,5459200
2015-03-24,48.7350,48.8643,48.7188,48.8266,6767200
2015-03-25,48.8589,48.9235,48.6919,48.6973,5364600
2015-03-26,48.7512,48.7619,48.6003,48.6919,4876400
2015-03-27,48.6865,48.7781,48.6650,48.7296,3822000
2015-03-30,48.7511,48.9020,48.7458,48.8643,4197700
2015-03-31,48.8481,48.9289,48.7781,48.8050,4498400
2015-04-01,48.8840,48.9273,48.7487,48.9056,9298200
2015-04-02,48.9435,49.0139,48.8840,48.9435,4774400
2015-04-06,48.9002,49.1329,48.9002,49.0679,5020700
2015-04-07,49.1113,49.3439,49.0680,49.3277,8659800
2015-04-08,49.3493,49.3980,49.2411,49.3168,7151900
2015-04-09,49.3385,49.3764,49.2357,49.2682,3415700
2015-04-10,49.2627,49.3872,49.2627,49.3818,3012700
2015-04-13,49.3818,49.4088,49.2790,49.2898,2866600
2015-04-14,49.3060,49.3439,49.1978,49.3114,2830000
2015-04-15,49.3655,49.5387,49.3493,49.5062,4438300
2015-04-16,49.4737,49.4737,49.3818,49.4034,5285400
2015-04-17,49.3655,49.3655,49.2357,49.2519,3901300
2015-04-20,49.3656,49.4413,49.2952,49.3602,3641000
2015-04-21,49.4954,49.4954,49.3655,49.3926,3730700
2015-04-22,49.4684,49.4738,49.3331,49.3439,4031100
2015-04-23,49.3764,49.4305,49.2790,49.3277,4755200
2015-04-24,49.3385,49.4197,49.3385,49.4088,4221400
2015-04-27,49.4792,49.5008,49.3818,49.4251,5049600
2015-04-28,49.3872,49.4035,49.3277,49.3493,4697400
2015-04-29,49.2357,49.3439,49.1924,49.2573,8152700
2015-04-30,49.2357,49.2790,49.1329,49.2303,11463800
2015-05-01,49.2694,49.3509,49.2422,49.3400,8053700
2015-05-04,49.4270,49.4379,49.2640,49.3292,6683700
2015-05-05,49.2857,49.3346,49.1770,49.2640,12736900
2015-05-06,49.2640,49.2857,49.0846,49.1172,13677500
2015-05-07,49.0738,49.2259,49.0574,49.1118,8676400
2015-05-08,49.3781,49.4977,49.3455,49.4977,10319600
2015-05-11,49.4596,49.4868,49.1716,49.1879,5499200
2015-05-12,49.1064,49.3075,49.0683,49.1825,6569200
2015-05-13,49.2477,49.3292,49.0901,49.1118,4349000
2015-05-14,49.2314,49.3835,49.2314,49.3509,5147100
2015-05-15,49.3998,49.4976,49.3509,49.4596,8939400
2015-05-18,49.4542,49.4542,49.3183,49.3781,2843700
2015-05-19,49.3890,49.3890,49.2585,49.3020,4743200
2015-05-20,49.3075,49.3781,49.2422,49.2422,2841700
2015-05-21,49.2368,49.3618,49.2368,49.3129,3709300
2015-05-22,49.3075,49.3727,49.2857,49.3509,3716900
2015-05-26,49.2748,49.3401,49.2422,49.2477,3951500
2015-05-27,49.3346,49.3998,49.2803,49.3564,3737800
2015-05-28,49.3509,49.3618,49.2857,49.3346,5440700
2015-05-29,49.3237,49.4379,49.3237,49.4053,4764000
2015-06-01,49.4828,49.5483,49.3791,49.4883,9372600
2015-06-02,49.5374,49.5374,49.3136,49.3955,5203700
2015-06-03,49.3409,49.3736,49.0952,49.1280,9532700
2015-06-04,49.0897,49.1334,48.9697,48.9697,11381700
2015-06-05,48.8496,48.9260,48.7623,48.8223,7747600
2015-06-08,48.8660,48.9151,48.7677,48.8223,6487800
2015-06-09,48.8114,48.8223,48.6749,48.7404,11416200
2015-06-10,48.7513,48.8441,48.7241,48.8059,5187500
2015-06-11,48.8387,48.9096,48.7895,48.9042,5202100
2015-06-12,48.8114,48.8659,48.7131,48.7240,5713500
2015-06-15,48.6203,48.7022,48.4784,48.4948,12726200
2015-06-16,48.4784,48.7677,48.4784,48.7677,5249800
2015-06-17,48.6913,48.8004,48.5493,48.7240,5660400
2015-06-18,48.7404,48.9588,48.7404,48.9042,6869900
2015-06-19,48.9970,48.9970,48.8332,48.9315,12585700
2015-06-22,49.0679,49.1225,48.9315,49.0297,5035400
2015-06-23,49.0024,49.0188,48.9314,48.9969,3474800
2015-06-24,48.9642,49.0133,48.8659,48.8659,2636900
2015-06-25,48.8933,48.9315,48.7186,48.7186,5176700
2015-06-26,48.7185,48.7568,48.5548,48.5766,6683200
2015-06-29,48.3910,48.4729,48.2382,48.2436,10156900
2015-06-30,48.4511,48.5057,48.3529,48.4729,4912700
2015-07-01,48.6950,48.6950,48.4483,48.4812,13614700
2015-07-02,48.6073,48.7169,48.5360,48.6621,5586300
2015-07-06,48.5689,48.6621,48.4757,48.5031,4719100
2015-07-07,48.4318,48.5963,48.3221,48.5415,8406300
2015-07-08,48.3441,48.4811,48.2837,48.3002,5744800
2015-07-09,48.4976,48.6511,48.4099,48.4099,6291000
2015-07-10,48.5744,48.7279,48.5579,48.6895,7097900
2015-07-13,48.7498,48.7663,48.6456,48.7334,6119200
2015-07-14,48.6566,48.7060,48.6018,48.6840,6354100
2015-07-15,48.6785,48.7443,48.6073,48.6840,5983300
2015-07-16,48.7388,48.8156,48.7333,48.7608,7523600
2015-07-17,48.7937,48.7937,48.5799,48.6292,7788400
2015-07-20,48.6073,48.6128,48.3989,48.4044,6740400
2015-07-21,48.3660,48.4263,48.3112,48.3167,4904800
2015-07-22,48.1796,48.2125,47.9877,48.0041,10578500
2015-07-23,47.9877,48.0919,47.9767,47.9767,4918400
2015-07-24,47.9767,48.0041,47.8122,47.8396,4702900
2015-07-27,47.7081,47.8506,47.5984,47.6368,11061700
2015-07-28,47.6861,47.9493,47.6642,47.8945,10471000
2015-07-29,47.8944,48.2125,47.8944,48.1741,8839500
2015-07-30,48.1467,48.3441,48.1467,48.3167,6127600
2015-07-31,48.2563,48.3825,48.2180,48.2344,5936500
2015-08-03,48.2432,48.2488,48.1221,48.1441,5416900
2015-08-04,48.1936,48.2652,48.1606,48.1716,3691400
2015-08-05,48.2708,48.3203,48.1000,48.1055,7778300
2015-08-06,48.0449,48.1000,47.8962,47.9072,10794800
2015-08-07,47.8356,47.8577,47.7420,47.7585,5483500
2015-08-10,47.7916,47.9017,47.7695,47.8962,3234500
2015-08-11,47.7145,47.7530,47.6208,47.6759,4598600
2015-08-12,47.5107,47.6319,47.3895,47.6098,6371900
2015-08-13,47.5713,47.6099,47.5217,47.5493,7422100
2015-08-14,47.5272,47.6484,47.5217,47.5768,3437900
2015-08-17,47.5272,47.6484,47.4776,47.5768,4153600
2015-08-18,47.5162,47.5878,47.4666,47.5162,5471300
2015-08-19,47.4831,47.6153,47.3785,47.4721,7208500
2015-08-20,47.3124,47.3509,47.1747,47.2408,11099100
2015-08-21,47.1086,47.2298,47.0205,47.0701,13158600
2015-08-24,46.1613,47.0260,45.9520,46.6845,19116200
2015-08-25,47.1251,47.1967,46.7671,46.7781,18194700
2015-08-26,46.9599,47.2573,46.9213,47.1692,10654800
2015-08-27,47.2904,47.6153,47.2904,47.5217,12772100
2015-08-28,47.4886,47.6429,47.4005,47.5658,9100000
2015-08-31,47.4997,47.5327,47.2188,47.4997,5408800
2015-09-01,47.4128,47.4515,47.2690,47.3464,4739100
2015-09-02,47.5401,47.5567,47.4018,47.5401,5259700
2015-09-03,47.5788,47.7060,47.5013,47.6065,8779000
2015-09-04,47.5013,47.6175,47.4958,47.5567,4671000
2015-09-08,47.7724,47.8222,47.7116,47.8167,5450300
2015-09-09,47.9107,47.9218,47.7116,47.7558,4914800
2015-09-10,47.7337,47.9108,47.7337,47.8720,4744100
2015-09-11,47.6618,47.8831,47.6397,47.8554,4834900
2015-09-14,47.7780,47.8222,47.7005,47.7724,4383100
2015-09-15,47.7171,47.8056,47.6894,47.7614,4247800
2015-09-16,47.5954,47.7060,47.5456,47.5898,5026700
2015-09-17,47.5843,47.8056,47.4958,47.6286,6576800
2015-09-18,47.4903,47.6064,47.4073,47.4958,10827600
2015-09-21,47.5013,47.5235,47.3630,47.4073,7579000
2015-09-22,47.2192,47.4073,47.0034,47.0643,7366900
2015-09-23,47.0532,47.0864,46.9481,46.9813,7686000
2015-09-24,46.8872,46.8872,46.6659,46.7489,9167500
2015-09-25,46.8042,46.8928,46.4944,46.5110,8384200
2015-09-28,46.2897,46.4834,45.7641,45.7973,12416300
2015-09-29,45.7586,45.9688,45.7143,45.7918,11417600
2015-09-30,45.9910,46.1072,45.8250,46.0795,14539800
2015-10-01,46.0006,46.0728,45.7615,45.7838,12179800
2015-10-02,45.5225,45.8449,45.3946,45.8282,14060200
2015-10-05,46.0672,46.4008,46.0339,46.3785,13531400
2015-10-06,46.4064,46.6843,46.3397,46.6343,13985800
2015-10-07,46.8900,47.1568,46.8066,47.1124,18000700
2015-10-08,47.0401,47.3236,46.9511,47.3069,9466900
2015-10-09,47.3792,47.5849,47.2402,47.3125,9900600
2015-10-12,47.3514,47.3903,47.1568,47.2235,3867000
2015-10-13,47.1346,47.2235,47.0456,47.1124,7772600
2015-10-14,47.1179,47.2235,47.0512,47.0790,7748100
2015-10-15,47.1513,47.2235,47.0345,47.1902,8049200
2015-10-16,47.2013,47.4125,47.1902,47.4070,5978200
2015-10-19,47.3347,47.5682,47.2958,47.5348,10347000
2015-10-20,47.4626,47.6349,47.4125,47.5793,10294800
2015-10-21,47.6126,47.6793,47.3958,47.5293,14332200
2015-10-22,47.5737,47.6293,47.4792,47.5459,11805100
2015-10-23,47.7516,47.8573,47.5738,47.7127,13201700
2015-10-26,47.7683,47.7739,47.6294,47.6627,9354100
2015-10-27,47.6238,47.6293,47.4403,47.5070,5585800
2015-10-28,47.5070,47.6460,47.4181,47.6349,8637000
2015-10-29,47.5015,47.6294,47.4904,47.5126,6064500
2015-10-30,47.5459,47.6738,47.4681,47.5682,8803100
2015-11-02,47.5704,47.7380,47.5313,47.7156,5476000
2015-11-03,47.6710,47.7938,47.6710,47.7659,5873700
2015-11-04,47.7882,47.7882,47.6039,47.6263,6082100
2015-11-05,47.6095,47.6598,47.4364,47.4420,8529600
2015-11-06,47.2577,47.2968,47.1013,47.2130,8207700
2015-11-09,47.1125,47.1572,46.9840,47.0175,10127900
2015-11-10,46.9673,47.0175,46.8388,46.9114,9673000
2015-11-11,46.9338,46.9673,46.7718,46.7997,3943900
2015-11-12,46.6155,46.7327,46.4758,46.4870,11570600
2015-11-13,46.5093,46.5540,46.3474,46.3530,7487900
2015-11-16,46.3027,46.5987,46.2469,46.5708,8228200
2015-11-17,46.6880,46.7662,46.5596,46.6042,9106400
2015-11-18,46.5763,46.7216,46.5763,46.6936,7479000
2015-11-19,46.5372,46.6266,46.2692,46.2748,9428300
2015-11-20,46.2860,46.4703,46.2469,46.2636,9763700
2015-11-23,46.2077,46.2915,46.1798,46.2245,5138900
2015-11-24,46.1575,46.3027,46.1128,46.2859,9529200
2015-11-25,46.2636,46.3474,46.2636,46.3362,7132500
2015-11-27,46.3641,46.4367,46.3195,46.4088,2259900
2015-11-30,46.4088,46.4367,46.3474,46.3809,5356300
2015-12-01,46.4920,46.7333,46.4640,46.7109,9849200
2015-12-02,46.6772,46.8231,46.5930,46.6154,11871300
2015-12-03,46.5313,46.6491,46.4190,46.4920,15290200
2015-12-04,46.4639,46.5369,46.2956,46.3854,14027900
2015-12-07,46.2002,46.2956,46.0262,46.0599,11989900
2015-12-08,45.6952,45.8018,45.4314,45.4875,25199100
2015-12-09,45.4875,45.8467,45.4819,45.7232,16703900
2015-12-10,45.6054,45.7737,45.4538,45.5324,14206800
2015-12-11,45.1957,45.1957,44.1183,44.6233,54233300
2015-12-14,44.5560,44.6177,43.8882,44.2361,38540500
2015-12-15,44.7805,45.1452,44.7580,44.9600,36337800
2015-12-16,45.1116,45.3921,44.9264,45.3024,30575300
2015-12-17,45.2855,45.3473,44.7805,44.7973,17345300
2015-12-18,44.6458,44.7749,44.5223,44.6290,23548900
2015-12-21,44.7244,44.8366,44.3708,44.4887,14468700
2015-12-22,44.5560,45.0386,44.5335,45.0274,12569500
2015-12-23,45.1789,45.3921,45.1284,45.3135,12824900
2015-12-24,45.3271,45.5245,45.2820,45.4061,5284300
2015-12-28,45.2650,45.2707,45.0619,45.1353,7151600
2015-12-29,45.2199,45.4286,45.2143,45.3948,7485500
2015-12-30,45.3384,45.4907,45.2312,45.4286,13145300
2015-12-31,45.4004,45.6261,45.3497,45.4568,7935200
2016-01-04,45.1353,45.2199,44.9435,45.1861,14787700
2016-01-05,45.3215,45.4287,45.1692,45.2707,11491300
2016-01-06,45.0902,45.3158,45.0902,45.2707,11320100
2016-01-07,44.9435,45.1297,44.9153,44.9773,11004700
2016-01-08,45.1522,45.2538,44.8476,44.8589,17902100
2016-01-11,45.0507,45.1015,44.7404,44.7912,16917700
2016-01-12,45.0676,45.1015,44.7348,44.8363,15217700
2016-01-13,44.8702,44.9153,44.2778,44.3399,20352700
2016-01-14,44.3738,44.5881,44.1594,44.5373,18572700
2016-01-15,43.8152,44.3850,43.6742,43.9506,27309900
2016-01-19,43.9732,44.0747,43.6573,43.7983,15975700
2016-01-20,43.4542,43.6742,42.7716,43.5050,25973500
2016-01-21,43.5050,43.9788,43.3245,43.7983,20065800
2016-01-22,44.2271,44.5204,44.1368,44.4696,17653100
2016-01-25,44.3343,44.4189,44.0183,44.0296,16448400
2016-01-26,44.2045,44.4471,44.1030,44.4245,12010900
2016-01-27,44.4076,44.6107,44.2158,44.3568,14563000
2016-01-28,44.6276,44.7291,44.4189,44.5825,14622600
2016-01-29,44.6784,44.8194,44.6389,44.7291,14218700
2016-02-01,44.6503,44.6673,44.3952,44.4632,8865500
2016-02-02,44.2478,44.3442,44.1231,44.1458,15442100
2016-02-03,44.2818,44.4462,44.0097,44.3612,15465200
2016-02-04,44.3442,44.4406,44.1798,44.2195,8989700
2016-02-05,44.2138,44.2138,43.8113,43.8793,14632300
2016-02-08,43.5222,43.5392,43.2444,43.3691,15649900
2016-02-09,43.1367,43.4031,43.0119,43.2047,18685000
2016-02-10,43.3181,43.4995,43.0573,43.1423,13086000
2016-02-11,42.7172,43.0120,42.5698,42.8532,22158200
2016-02-12,43.0063,43.5335,42.9553,43.4938,17751500
2016-02-16,43.5448,43.6696,43.4768,43.5335,14106000
2016-02-17,43.7546,43.9870,43.7149,43.8906,16353000
2016-02-18,44.0494,44.0778,43.9020,43.9304,13247300
2016-02-19,43.7376,44.0380,43.6809,44.0154,12879900
2016-02-22,44.2421,44.4179,44.1911,44.3952,13826600
2016-02-23,44.2535,44.3782,44.0721,44.3045,16809700
2016-02-24,43.9700,44.4292,43.9133,44.3782,13622100
2016-02-25,44.4065,44.6333,44.2535,44.6163,10699100
2016-02-26,44.7581,44.9565,44.7070,44.9168,12060200
2016-02-29,44.9451,45.4270,44.9338,45.3987,23746800
2016-03-01,45.4950,46.1675,45.3297,46.1162,24023200
2016-03-02,45.8768,45.9395,45.7172,45.8027,14987400
2016-03-03,45.7457,46.0877,45.5862,45.9566,12018400
2016-03-04,46.0364,46.2985,45.8768,46.0877,18029900
2016-03-07,45.9794,46.1617,45.9737,46.1446,12656200
2016-03-08,46.0421,46.0763,45.7970,45.8198,17813700
2016-03-09,45.9053,45.9908,45.7970,45.9338,7699600
2016-03-10,46.1959,46.2700,45.9053,46.2529,18167000
2016-03-11,46.5721,46.8798,46.5265,46.8114,18662700
2016-03-14,46.6633,46.7659,46.4638,46.6804,12512400
2016-03-15,46.3897,46.4353,46.2245,46.2473,16442600
2016-03-16,46.1218,46.7259,46.0591,46.5550,21567100
2016-03-17,46.6633,46.9311,46.5721,46.8513,18423000
2016-03-18,46.9026,47.0793,46.8912,46.9596,12922000
2016-03-21,46.9539,46.9938,46.8114,46.9083,12653600
2016-03-22,46.8114,46.8741,46.7202,46.7829,8941200
2016-03-23,46.7715,46.7715,46.5493,46.5664,11354200
2016-03-24,46.2301,46.4410,46.2073,46.3612,13497800
2016-03-28,46.3099,46.4068,46.1275,46.1503,11298900
2016-03-29,46.0136,46.3441,45.9794,46.3270,11348400
2016-03-30,46.4125,46.5664,46.3840,46.4923,11796400
2016-03-31,46.4410,46.6746,46.4353,46.5550,9436700
2016-04-01,46.3655,46.6689,46.2624,46.5888,10822400
2016-04-04,46.5258,46.6689,46.4227,46.4743,9269700
2016-04-05,46.2738,46.4170,46.2509,46.3025,13254500
2016-04-06,46.3826,46.7319,46.3655,46.6918,13935000
2016-04-07,46.5029,46.6116,46.4112,46.4628,11306100
2016-04-08,46.7090,46.7433,46.6174,46.6746,7953000
2016-04-11,46.7491,46.8693,46.7319,46.7376,8126900
2016-04-12,46.8178,47.0296,46.7892,47.0125,11772800
2016-04-13,47.1270,47.4190,47.1270,47.3216,13596100
2016-04-14,47.3216,47.3674,47.2357,47.3045,10758400
2016-04-15,47.2186,47.2758,47.1785,47.2300,7857300
2016-04-18,47.0411,47.5048,47.0239,47.4991,9211400
2016-04-19,47.6079,47.7568,47.5678,47.6995,11623600
2016-04-20,47.7396,47.9228,47.6480,47.7911,10128800
2016-04-21,47.8484,47.8656,47.6194,47.6423,13349500
2016-04-22,47.6823,47.7797,47.6423,47.7511,10982300
2016-04-25,47.6652,47.7339,47.5507,47.5678,8972400
2016-04-26,47.6881,47.7339,47.6137,47.7282,8291000
2016-04-27,47.7739,48.0430,47.7568,48.0087,10505400
2016-04-28,47.9973,48.1175,47.8942,47.9285,9229000
2016-04-29,47.8827,48.0430,47.7224,48.0087,20284700
2016-05-02,47.9581,48.0443,47.9063,48.0271,11420700
2016-05-03,47.8545,47.8660,47.6475,47.7165,18449200
2016-05-04,47.6302,47.6590,47.5152,47.5382,17645200
2016-05-05,47.6878,47.6935,47.4750,47.4980,18782100
2016-05-06,47.2966,47.5727,47.2851,47.4692,16204400
2016-05-09,47.3944,47.5037,47.3254,47.3829,11622800
2016-05-10,47.4117,47.7970,47.4117,47.7855,11420700
2016-05-11,47.7855,47.9466,47.6993,47.7510,20692000
2016-05-12,47.8775,47.8775,47.7165,47.8258,11312400
2016-05-13,47.7798,47.8430,47.5900,47.6130,11332400
2016-05-16,47.6992,47.9005,47.6647,47.8775,12981700
2016-05-17,47.7970,47.9236,47.7452,47.7798,7489900
2016-05-18,47.7970,47.9293,47.6532,47.7855,16612500
2016-05-19,47.6187,47.6878,47.5037,47.6532,20290200
2016-05-20,47.6590,47.8316,47.6590,47.8201,10556700
2016-05-23,47.8085,48.0846,47.7165,47.8315,10457400
2016-05-24,47.9523,48.1191,47.9178,48.1191,10838400
2016-05-25,48.2169,48.2687,48.1709,48.1939,15119600
2016-05-26,48.2802,48.2802,48.0501,48.0559,12269000
2016-05-27,48.0789,48.1364,48.0444,48.1364,6225600
2016-05-31,48.1709,48.2399,48.0386,48.0904,11994100
2016-06-01,47.9644,48.1898,47.9124,48.1667,16488600
2016-06-02,48.0858,48.2071,48.0337,48.1782,12118900
2016-06-03,48.2245,48.2938,48.1031,48.2649,13093000
2016-06-06,48.4210,48.5077,48.3285,48.4788,16126200
2016-06-07,48.5366,48.7504,48.5077,48.6926,18423500
2016-06-08,48.7561,48.8949,48.7504,48.8775,14652800
2016-06-09,48.8775,48.8775,48.6290,48.6868,11188300
2016-06-10,48.4903,48.5597,48.3516,48.4499,15259900
2016-06-13,48.2591,48.4383,48.1262,48.1262,17257900
2016-06-14,48.0453,48.1089,47.8372,47.9644,20578800
2016-06-15,48.1204,48.1898,47.9528,47.9875,14202800
2016-06-16,47.8835,48.0569,47.6523,48.0164,19195500
2016-06-17,48.0222,48.1609,48.0048,48.0453,16113800
2016-06-20,48.3921,48.5308,48.2765,48.3285,13368400
2016-06-21,48.4152,48.5366,48.3343,48.5135,12141800
2016-06-22,48.5423,48.6175,48.4845,48.5597,10759500
2016-06-23,48.7735,48.9180,48.7330,48.9180,9920200
2016-06-24,47.9644,48.6637,47.9124,48.1147,31416700
2016-06-27,47.9701,48.0048,47.3980,47.4211,27244200
2016-06-28,47.8719,48.0337,47.7910,48.0164,13910300
2016-06-29,48.3054,48.7215,48.2823,48.6232,23604300
2016-06-30,48.5828,49.0105,48.5134,48.9527,26304600
2016-07-01,48.9509,49.1832,48.9219,49.0496,16343000
2016-07-05,48.9509,48.9509,48.6896,48.7709,12078200
2016-07-06,48.7071,48.9916,48.6316,48.9858,9607000
2016-07-07,48.9974,49.1251,48.9219,49.0496,13058100
2016-07-08,49.2529,49.7291,49.2355,49.7000,21395600
2016-07-11,49.7291,49.8917,49.7058,49.7291,18313500
2016-07-12,49.9729,50.1239,49.8568,49.8684,16074300
2016-07-13,49.8626,49.8800,49.6536,49.7232,13040300
2016-07-14,49.8800,49.8858,49.7058,49.8220,7764400
2016-07-15,49.8510,49.9032,49.7058,49.7232,9163800
2016-07-18,49.7522,49.9032,49.7232,49.8916,7447200
2016-07-19,49.7813,49.8626,49.6710,49.7581,7349700
2016-07-20,49.8278,49.9323,49.7349,49.8858,7247500
2016-07-21,49.8103,49.9845,49.7871,49.8161,11265000
2016-07-22,49.8278,50.0891,49.7813,50.0368,10523500
2016-07-25,49.9903,49.9903,49.7523,49.7987,14768400
2016-07-26,49.7639,49.7929,49.5781,49.6071,14292600
2016-07-27,49.6942,49.7755,49.5549,49.7581,11730800
2016-07-28,49.6535,49.6535,49.4968,49.5490,17968100
2016-07-29,49.4619,49.6071,49.3516,49.5955,15202400
2016-08-01,49.5622,49.5681,49.2764,49.3173,18335300
2016-08-02,49.2997,49.3522,49.1656,49.2472,21959800
2016-08-03,49.2881,49.5156,49.2589,49.4689,13733700
2016-08-04,49.6497,49.8481,49.5797,49.7839,11832000
2016-08-05,49.9472,50.0347,49.8772,49.8947,12314900
2016-08-08,49.9880,50.1222,49.9297,50.0989,10800900
2016-08-09,50.1281,50.3089,50.1164,50.2739,13772300
2016-08-10,50.2855,50.3088,50.1630,50.1805,7250400
2016-08-11,50.2622,50.3730,50.2214,50.3030,6732600
2016-08-12,50.2739,50.3555,50.2330,50.3439,3996500
2016-08-15,50.4488,50.5247,50.3555,50.4955,9396400
2016-08-16,50.5130,50.5130,50.3671,50.3905,8104400
2016-08-17,50.4255,50.4838,50.3497,50.4605,14139600
2016-08-18,50.5013,50.6588,50.4663,50.6588,8582700
2016-08-19,50.5947,50.6355,50.4838,50.5072,7474000
2016-08-22,50.4547,50.4897,50.3438,50.4255,5364700
2016-08-23,50.5539,50.6413,50.5072,50.5947,7476400
2016-08-24,50.5889,50.6180,50.4489,50.4547,6655300
2016-08-25,50.4838,50.6122,50.4722,50.5480,7482800
2016-08-26,50.5188,50.7580,50.4022,50.4897,10544900
2016-08-29,50.5655,50.7696,50.5480,50.7405,10038500
2016-08-30,50.7405,50.8280,50.6238,50.7696,16157400
2016-08-31,50.7288,50.7638,50.5247,50.5713,16985000
2016-09-01,50.6129,50.6891,50.4489,50.6715,14952700
2016-09-02,50.8238,50.9820,50.7418,50.9058,13540100
2016-09-06,50.8883,50.9703,50.8765,50.9644,12662000
2016-09-07,50.9351,50.9703,50.7887,50.8238,8245100
2016-09-08,50.8297,50.8590,50.7242,50.7301,8430700
2016-09-09,50.5836,50.7067,50.2263,50.2439,25087600
2016-09-12,50.1443,50.5134,50.1150,50.4196,17718300
2016-09-13,50.2966,50.3610,49.9510,50.0330,21907200
2016-09-14,50.1033,50.2673,49.9627,50.0213,14257700
2016-09-15,50.0857,50.3376,50.0506,50.3142,9964800
2016-09-16,50.2497,50.3376,50.1326,50.3259,8396600
2016-09-19,50.3610,50.4196,50.2732,50.3552,9855500
2016-09-20,50.3786,50.4372,50.2146,50.2966,8705600
2016-09-21,50.3259,50.7418,50.3083,50.7125,17484300
2016-09-22,50.8824,51.0405,50.7945,50.8824,11813600
2016-09-23,50.8472,50.9468,50.7887,50.8238,13122600
2016-09-26,50.7125,50.7769,50.5602,50.6012,6590500
2016-09-27,50.5309,50.7535,50.4548,50.7477,8516500
2016-09-28,50.8355,51.0991,50.6539,51.0874,11149300
2016-09-29,51.0640,51.0757,50.7067,50.8941,13425800
2016-09-30,50.9644,51.1343,50.9527,51.1167,12158000
2016-10-03,51.0850,51.1379,50.9849,51.0850,10708800
2016-10-04,51.1556,51.1909,50.9320,50.9967,11057500
2016-10-05,51.1732,51.1850,51.0496,51.1320,9424500
2016-10-06,51.1732,51.1850,51.0320,51.1614,9455200
2016-10-07,51.1850,51.3027,51.0379,51.2791,10824200
2016-10-10,51.3144,51.4851,51.2791,51.4262,4182300
2016-10-11,51.3497,51.3556,51.0555,51.1379,8855400
2016-10-12,51.1144,51.2085,51.0320,51.1202,7915300
2016-10-13,50.9614,51.0555,50.8555,50.9908,10614800
2016-10-14,51.1379,51.1791,51.0379,51.1085,6766300
2016-10-17,51.0967,51.1850,51.0202,51.0379,7790000
2016-10-18,51.2203,51.2614,51.0849,51.2438,8404600
2016-10-19,51.2850,51.4203,51.2732,51.3909,9874300
2016-10-20,51.3909,51.4321,51.2968,51.3968,12558000
2016-10-21,51.2968,51.4556,51.2320,51.4086,8332900
2016-10-24,51.4733,51.5204,51.3556,51.4380,7200800
2016-10-25,51.3850,51.4380,51.3262,51.4086,6906500
2016-10-26,51.2791,51.3968,51.1850,51.2026,13813300
2016-10-27,51.2438,51.2673,50.9261,51.0143,19333100
2016-10-28,50.9555,50.9908,50.7260,50.7672,19745600
2016-10-31,50.7554,50.7849,50.5613,50.6142,21174600
2016-11-01,50.6414,50.6414,50.2218,50.4168,26184000
2016-11-02,50.3341,50.3813,50.1331,50.1922,19593600
2016-11-03,50.2986,50.3755,50.1627,50.2041,12699700
2016-11-04,50.2927,50.3873,50.1863,50.2277,10970400
2016-11-07,50.6828,50.9606,50.6473,50.9310,14416200
2016-11-08,50.6946,50.9074,50.6769,50.8187,20370600
2016-11-09,50.5055,50.8306,50.4168,50.4641,24858900
2016-11-10,50.3577,50.3577,49.7726,49.8021,33213300
2016-11-11,49.6425,49.7666,49.2051,49.3352,16442900
2016-11-14,49.2051,49.7607,49.1992,49.7016,21036000
2016-11-15,49.9558,50.4227,49.9558,50.3577,17888600
2016-11-16,50.1449,50.2395,50.0799,50.1568,11965700
2016-11-17,50.1508,50.2927,50.0208,50.0208,12017600
2016-11-18,50.1272,50.2040,49.9321,50.0208,17781800
2016-11-21,50.1508,50.4464,50.1449,50.4227,11581600
2016-11-22,50.5055,50.8483,50.4878,50.7951,16648100
2016-11-23,50.4109,50.6473,50.4050,50.6060,10662900
2016-11-25,50.6355,50.6887,50.5941,50.6710,2009600
2016-11-28,50.6060,50.8306,50.5173,50.6651,16897400
2016-11-29,50.5350,50.6532,50.4937,50.6000,9164000
2016-11-30,50.6532,50.7123,50.4936,50.6237,15211300
2016-12-01,50.6302,50.6540,50.3868,50.3868,18249400
2016-12-02,50.5055,50.6955,50.4521,50.6896,9360400
2016-12-05,50.7133,50.8617,50.6896,50.8202,9782100
2016-12-06,50.8974,51.0933,50.8499,51.0755,16090600
2016-12-07,51.1408,51.4139,51.0993,51.3308,20886400
2016-12-08,51.2773,51.3545,51.1348,51.3248,10782100
2016-12-09,51.3011,51.4257,51.2714,51.3486,6463400
2016-12-12,51.4436,51.4614,51.2239,51.2774,8457100
2016-12-13,51.4673,51.5564,51.3902,51.4020,10739200
2016-12-14,51.4020,51.5564,50.9686,51.0161,15672400
2016-12-15,50.9330,51.1407,50.9092,51.0398,11221700
2016-12-16,51.1823,51.2120,51.0755,51.0874,15722200
2016-12-19,51.1289,51.2833,51.1170,51.2180,5897900
2016-12-20,51.2358,51.3426,51.1704,51.2892,11072400
2016-12-21,51.2654,51.4257,51.2536,51.3783,17461400
2016-12-22,51.3878,51.4891,51.3282,51.4891,8507600
2016-12-23,51.5069,51.5903,51.4712,51.5844,4230500
2016-12-27,51.5188,51.6201,51.4950,51.5367,5840600
2016-12-28,51.6082,51.6082,51.4414,51.4652,6961200
2016-12-29,51.5069,51.5546,51.4533,51.5367,3794300
2016-12-30,51.5724,51.6439,51.4533,51.5546,7513400
2017-01-03,51.7512,51.7929,51.6439,51.7690,14050100
2017-01-04,51.8226,52.0549,51.8226,52.0490,11912400
2017-01-05,51.9775,52.0728,51.9417,51.9715,10458600
2017-01-06,51.9179,51.9894,51.8464,51.9596,6836400
2017-01-09,51.9477,51.9894,51.8524,51.9477,6648800
2017-01-10,52.0073,52.0788,51.9298,51.9537,11777000
2017-01-11,51.9716,52.0133,51.8882,51.9835,11914200
2017-01-12,51.9716,52.0014,51.9001,51.9954,12512300
2017-01-13,51.9775,52.0609,51.8822,52.0132,8861000
2017-01-17,51.9775,51.9954,51.9120,51.9596,8633000
2017-01-18,51.9417,52.0073,51.8822,52.0073,12715500
2017-01-19,51.9716,52.0013,51.7869,51.8405,10703200
2017-01-20,51.8584,51.9537,51.8048,51.9418,9262000
2017-01-23,51.9001,51.9537,51.8464,51.9418,13561300
2017-01-24,51.9120,52.0132,51.8882,51.9775,7490500
2017-01-25,52.0609,52.1622,52.0252,52.1622,8953900
2017-01-26,52.1204,52.1741,52.0668,52.1383,7443900
2017-01-27,52.0966,52.2336,52.0907,52.1860,7888100
2017-01-30,52.1085,52.1443,52.0073,52.0788,7637600
2017-01-31,52.0550,52.0728,51.9299,52.0252,12249400
2017-02-01,52.1699,52.2477,52.0203,52.2178,12489400
2017-02-02,52.2118,52.2716,52.1340,52.2477,10886200
2017-02-03,52.3614,52.3973,52.3075,52.3374,12674000
2017-02-06,52.3494,52.3674,52.2597,52.3016,7004900
2017-02-07,52.3614,52.3614,52.2178,52.2238,11170100
2017-02-08,52.2238,52.2657,52.1221,52.2597,11107300
2017-02-09,52.2597,52.3734,52.2597,52.3315,7292600
2017-02-10,52.3614,52.3793,52.2896,52.3674,5471800
2017-02-13,52.4093,52.4810,52.4033,52.4452,7477200
2017-02-14,52.4392,52.5050,52.3315,52.4810,8785000
2017-02-15,52.4272,52.5110,52.3913,52.4990,10582800
2017-02-16,52.4452,52.6964,52.3554,52.4571,8917800
2017-02-17,52.4033,52.5230,52.3554,52.5110,6247300
2017-02-21,52.5110,52.6845,52.5110,52.6845,10437800
2017-02-22,52.6546,52.7204,52.6127,52.7084,10963600
2017-02-23,52.8220,52.8280,52.6964,52.7562,8150200
2017-02-24,52.7144,52.8699,52.6844,52.7981,8390200
2017-02-27,52.7981,52.8639,52.7622,52.8639,5693300
2017-02-28,52.8280,52.8699,52.7921,52.8220,5868400
2017-03-01,52.9867,53.0648,52.9867,53.0167,10612100
2017-03-02,53.0288,53.0288,52.8485,52.8485,9193000
2017-03-03,52.8906,52.9326,52.7704,52.8726,15059300
2017-03-06,52.7884,52.8124,52.6923,52.7043,17066300
2017-03-07,52.5961,52.6382,52.3497,52.3618,17023100
2017-03-08,52.2356,52.3197,52.0072,52.0132,22433500
2017-03-09,51.9051,52.1094,51.7969,51.8750,21260700
2017-03-10,52.2055,52.2055,51.7248,51.8570,20643900
2017-03-13,51.9051,51.9652,51.7489,51.8991,13512300
2017-03-14,51.7489,51.8030,51.6708,51.7429,12808500
2017-03-15,51.9171,52.4579,51.8690,52.4579,19654600
2017-03-16,52.5781,52.5961,52.2957,52.3077,15807500
2017-03-17,52.4279,52.4279,52.3017,52.3257,9984500
2017-03-20,52.3197,52.3197,52.2236,52.2236,12220600
2017-03-21,52.3257,52.3798,51.8450,51.8510,16918200
2017-03-22,51.8209,52.0192,51.6887,51.9772,14054600
2017-03-23,51.9351,52.1274,51.8991,51.9952,10618900
2017-03-24,52.0373,52.1935,52.0373,52.1755,8920800
2017-03-27,51.9892,52.1455,51.9171,52.1214,7788700
2017-03-28,52.0974,52.4279,52.0974,52.4099,16871700
2017-03-29,52.4459,52.6081,52.4098,52.5180,12266300
2017-03-30,52.6382,52.7764,52.5601,52.7644,16367900
2017-03-31,52.7163,52.8185,52.6923,52.7463,11778400
2017-04-03,52.7783,52.7844,52.6395,52.7180,20664400
2017-04-04,52.7240,52.7964,52.6758,52.7361,8473900
2017-04-05,52.8206,52.9292,52.6637,52.6938,11102300
2017-04-06,52.7421,52.8145,52.6818,52.7602,7234500
2017-04-07,52.8327,52.8749,52.7361,52.7361,5457800
2017-04-10,52.8206,52.8749,52.7723,52.8085,7996900
2017-04-11,52.8447,52.8447,52.6456,52.7059,8005800
2017-04-12,52.7421,52.8628,52.6938,52.7421,8723800
2017-04-13,52.7240,52.7964,52.5973,52.6335,10446700
2017-04-17,52.6999,52.8024,52.6395,52.7904,7158700
2017-04-18,52.7844,52.8387,52.6396,52.7783,9062800
2017-04-19,52.8085,52.9232,52.6999,52.7301,8643200
2017-04-20,52.7904,52.9171,52.7663,52.9051,7766000
2017-04-21,52.8869,52.9292,52.7964,52.8628,11328200
2017-04-24,53.0800,53.1162,53.0318,53.1102,8904700
2017-04-25,53.1464,53.2249,53.1223,53.2068,12493400
2017-04-26,53.1585,53.2430,53.1464,53.1585,7269000
2017-04-27,53.1585,53.2008,53.1102,53.1947,6897900
2017-04-28,53.2007,53.2490,53.1464,53.1766,7542800
2017-05-01,53.1796,53.2402,53.1493,53.2039,10336000
2017-05-02,53.2645,53.2705,53.1857,53.2220,10792800
2017-05-03,53.2645,53.3008,53.2099,53.2705,7413400
2017-05-04,53.2342,53.2342,52.9372,52.9857,20562500
2017-05-05,52.9857,53.1251,52.9554,53.0766,14935200
2017-05-08,53.0948,53.1675,53.0524,53.1372,8199200
2017-05-09,53.2099,53.2402,53.0948,53.1009,10810000
2017-05-10,53.2402,53.3554,53.1675,53.3311,10824900
2017-05-11,53.2948,53.3554,53.2281,53.3372,8461400
2017-05-12,53.3675,53.3735,53.2766,53.3190,8929900
2017-05-15,53.4039,53.4826,53.3978,53.4402,10690200
2017-05-16,53.4948,53.5433,53.4402,53.5190,12638900
2017-05-17,53.3432,53.3917,53.2523,53.2826,14055700
2017-05-18,53.1251,53.4281,53.1069,53.3433,10731800
2017-05-19,53.4342,53.5190,53.4099,53.4402,15998800
2017-05-22,53.5493,53.6039,53.4948,53.6039,7181800
2017-05-23,53.6281,53.6281,53.5433,53.5978,6998400
2017-05-24,53.6342,53.7008,53.5736,53.6887,8533600
2017-05-25,53.6887,53.7857,53.6281,53.6463,7985500
2017-05-26,53.6342,53.6887,53.6342,53.6766,2909500
2017-05-30,53.6705,53.7554,53.6463,53.7311,5371100
2017-05-31,53.7372,53.7554,53.6523,53.7251,13758400
2017-06-01,53.7780,53.9241,53.7354,53.8815,19189300
2017-06-02,53.8937,53.9606,53.8632,53.9119,9491600
2017-06-05,53.8937,53.9484,53.8389,53.8632,10384400
2017-06-06,53.8510,53.8693,53.7476,53.7780,14386500
2017-06-07,53.8267,53.8267,53.6015,53.6685,13329000
2017-06-08,53.6806,53.7658,53.5772,53.7111,14208300
2017-06-09,53.7659,53.8328,53.6806,53.7537,10414900
2017-06-12,53.7719,53.8876,53.7354,53.8450,9900000
2017-06-13,53.8693,53.9485,53.8632,53.9424,8640400
2017-06-14,54.0093,54.0154,53.8754,53.9484,8850700
2017-06-15,53.8145,53.8328,53.6319,53.7415,10860500
2017-06-16,53.7902,53.7902,53.6380,53.6502,11996100
2017-06-19,53.7537,53.8328,53.7354,53.8146,6398400
2017-06-20,53.6502,53.6928,53.6198,53.6259,18318500
2017-06-21,53.6320,53.6563,53.2668,53.3155,26728100
2017-06-22,53.3702,53.4859,53.3337,53.4615,18699400
2017-06-23,53.4859,53.6928,53.4798,53.6806,11337700
2017-06-26,53.6685,53.7780,53.6502,53.7537,9504500
2017-06-27,53.7537,53.7658,53.5467,53.5833,15293300
2017-06-28,53.6867,53.8267,53.6259,53.8024,9755500
2017-06-29,53.7172,53.7963,53.5954,53.6685,14548400
2017-06-30,53.7415,53.8511,53.6867,53.7963,8202000
2017-07-03,53.7944,53.9411,53.7150,53.7700,13882000
2017-07-05,53.8067,53.8556,53.6905,53.7272,16269100
2017-07-06,53.7089,53.7211,53.5072,53.5927,15424700
2017-07-07,53.5500,53.6111,53.4522,53.5439,15731200
2017-07-10,53.5438,53.6294,53.5255,53.6049,12286600
2017-07-11,53.6050,53.6172,53.4949,53.5683,9261400
2017-07-12,53.7822,53.9167,53.7089,53.9167,17979900
2017-07-13,53.9228,53.9839,53.8678,53.9595,11744600
2017-07-14,53.9962,54.1367,53.9411,54.1123,12626700
2017-07-17,54.1245,54.1489,54.0817,54.1306,10158100
2017-07-18,54.1184,54.1795,54.0756,54.1551,9221100
2017-07-19,54.2101,54.2957,54.1734,54.2468,8250900
2017-07-20,54.3017,54.3078,54.1978,54.2773,11827800
2017-07-21,54.2651,54.2712,54.1857,54.2346,8771700
2017-07-24,54.2223,54.2773,54.1856,54.2773,4707500
2017-07-25,54.3201,54.3445,54.2712,54.3018,7292900
2017-07-26,54.3813,54.4241,54.3141,54.3813,7279800
2017-07-27,54.3751,54.3996,54.2834,54.3384,11624500
2017-07-28,54.3079,54.3445,54.2590,54.3445,4945300
2017-07-31,54.2773,54.3934,54.2712,54.3445,9779900
2017-08-01,54.3863,54.4293,54.3617,54.3986,14946800
2017-08-02,54.3986,54.4538,54.3740,54.4108,7422700
2017-08-03,54.3618,54.4170,54.2697,54.3065,9548300
2017-08-04,54.3065,54.3310,54.2635,54.3188,6451600
2017-08-07,54.3188,54.3188,54.2574,54.2942,5204700
2017-08-08,54.2697,54.3188,54.0057,54.0610,18534700
2017-08-09,53.9505,53.9996,53.8155,53.8523,15001700
2017-08-10,53.7418,53.7909,53.4656,53.5086,24749700
2017-08-11,53.6252,53.6804,53.5577,53.6006,17434300
2017-08-14,53.7602,53.9751,53.7602,53.8830,12566000
2017-08-15,53.8891,53.9444,53.8462,53.9014,6830500
2017-08-16,53.9444,53.9935,53.8891,53.9076,11716100
2017-08-17,53.8400,53.8892,53.5761,53.6068,14112300
2017-08-18,53.6988,53.8216,53.5761,53.6866,14324400
2017-08-21,53.7541,53.7725,53.6743,53.7418,7763400
2017-08-22,53.7909,54.0119,53.7602,53.9628,12982200
2017-08-23,53.8707,53.9935,53.8339,53.9689,6449500
2017-08-24,53.9935,54.0549,53.9382,54.0487,8480100
2017-08-25,54.0364,54.1653,54.0180,54.1469,6622800
2017-08-28,54.1776,54.1776,54.0978,54.1531,5161700
2017-08-29,54.0180,54.1039,54.0057,54.0855,8991600
2017-08-30,54.1040,54.2574,54.0978,54.2328,13431100
2017-08-31,54.2697,54.3863,54.2697,54.3801,12705200
2017-09-01,54.3309,54.4541,54.3309,54.4356,10535700
2017-09-05,54.3986,54.3986,54.2137,54.3124,9560500
2017-09-06,54.3801,54.4110,54.2630,54.2754,9023300
2017-09-07,54.3617,54.3617,54.2754,54.2815,8784000
2017-09-08,54.2754,54.2754,54.1090,54.1090,7688700
2017-09-11,54.2014,54.3555,54.1459,54.2815,8047600
2017-09-12,54.3062,54.3555,54.2692,54.3494,4752800
2017-09-13,54.3000,54.3801,54.2692,54.3678,11725900
2017-09-14,54.3432,54.4664,54.3370,54.4418,9554600
2017-09-15,54.4110,54.5034,54.3863,54.4911,8248000
2017-09-18,54.4726,54.4973,54.4356,54.4665,7442200
2017-09-19,54.4849,54.5281,54.4356,54.5219,7208300
2017-09-20,54.5342,54.5651,54.4356,54.5158,10087200
2017-09-21,54.5343,54.5404,54.4356,54.4480,6932300
2017-09-22,54.4418,54.5034,54.4233,54.5034,7570500
2017-09-25,54.4849,54.5466,54.4603,54.5342,4326200
2017-09-26,54.5835,54.6575,54.5712,54.6020,8816500
2017-09-27,54.6020,54.6452,54.5404,54.6267,7490100
2017-09-28,54.6267,54.6513,54.5958,54.6267,5934000
2017-09-29,54.6698,54.7068,54.6082,54.7068,8906900
2017-10-02,54.6233,54.7099,54.6109,54.6790,13097600
2017-10-03,54.6790,54.7842,54.6790,54.7780,5928800
2017-10-04,54.7595,54.7780,54.6914,54.7223,5832400
2017-10-05,54.7161,54.7904,54.7161,54.7904,5967900
2017-10-06,54.7408,54.7656,54.6789,54.7099,5847400
2017-10-09,54.7347,54.7532,54.6975,54.7161,3278400
2017-10-10,54.7904,54.7904,54.7099,54.7594,8786500
2017-10-11,54.7594,54.7594,54.6913,54.7037,7948700
2017-10-12,54.7099,54.7099,54.6418,54.6418,6181100
2017-10-13,54.7161,54.7285,54.6357,54.6666,3941200
2017-10-16,54.7037,54.7099,54.6356,54.6975,6060300
2017-10-17,54.6975,54.8089,54.6975,54.7780,7468100
2017-10-18,54.7966,54.8646,54.7842,54.8337,7974400
2017-10-19,54.7594,54.8646,54.7346,54.8398,7270600
2017-10-20,54.8708,54.9141,54.8398,54.8894,7107000
2017-10-23,54.8956,54.9203,54.8275,54.8275,7227200
2017-10-24,54.8461,54.8894,54.8213,54.8275,7103700
2017-10-25,54.7904,54.7904,54.5985,54.6728,16817000
2017-10-26,54.7285,54.7471,54.5800,54.6047,10649800
2017-10-27,54.6480,54.7656,54.6047,54.7532,13720000
2017-10-30,54.6480,54.7780,54.6480,54.7408,5954500
2017-10-31,54.7656,54.7780,54.7347,54.7532,7198400
2017-11-01,54.8005,54.8129,54.6948,54.7010,9505500
2017-11-02,54.6948,54.7383,54.6264,54.6699,6096800
2017-11-03,54.7010,54.7383,54.6078,54.6762,7003200
2017-11-06,54.6451,54.7135,54.6203,54.6824,12262400
2017-11-07,54.6700,54.6762,54.5084,54.5270,11805400
2017-11-08,54.5270,54.5270,54.2598,54.2847,18120000
2017-11-09,54.1541,54.1541,53.8931,54.0174,38343500
2017-11-10,54.0298,54.1790,53.9926,54.1355,24521600
2017-11-13,54.0920,54.1666,54.0858,54.0982,16280500
2017-11-14,54.0174,54.0423,53.8310,53.8683,13870600
2017-11-15,53.7316,53.9180,53.5824,53.8683,25382000
2017-11-16,54.1417,54.4400,54.0920,54.3965,30075200
2017-11-17,54.2909,54.3841,54.2784,54.3592,15942100
2017-11-20,54.3903,54.4587,54.3344,54.3717,8930300
2017-11-21,54.4214,54.5084,54.4214,54.4835,10102400
2017-11-22,54.5146,54.6078,54.5022,54.5705,9473800
2017-11-24,54.6078,54.6389,54.5830,54.6078,3126500
2017-11-27,54.6078,54.6078,54.4027,54.4400,10645400
2017-11-28,54.4649,54.6202,54.4587,54.6078,10403700
2017-11-29,54.5767,54.6140,54.4897,54.5394,11806200
2017-11-30,54.5581,54.6575,54.5519,54.5519,17981500
2017-12-01,54.5594,54.6093,54.2848,54.5344,15485800
2017-12-04,54.6093,54.6779,54.4970,54.5157,14801700
2017-12-05,54.5469,54.5781,54.4720,54.4845,9347600
2017-12-06,54.4782,54.5531,54.4221,54.4345,10081700
2017-12-07,54.4595,54.4907,54.4033,54.4595,8955900
2017-12-08,54.5032,54.5282,54.4657,54.5157,9100400
2017-12-11,54.5157,54.5406,54.4782,54.5282,11847900
2017-12-12,54.5781,54.5781,54.4969,54.5032,8846700
2017-12-13,54.5282,54.5781,54.5032,54.5344,7495000
2017-12-14,54.5094,54.5469,54.3409,54.4220,19337000
2017-12-15,54.4845,54.5094,54.4221,54.4283,14223900
2017-12-18,54.4470,54.5406,54.4408,54.4845,11735200
2017-12-19,54.4845,54.5157,54.3534,54.3721,10985000
2017-12-20,54.4221,54.4595,54.3534,54.4158,11857400
2017-12-21,54.4791,54.5167,54.4415,54.4729,11195700
2017-12-22,54.5042,54.5669,54.4666,54.5230,11136900
2017-12-26,54.4854,54.6045,54.4791,54.6045,5798900
2017-12-27,54.5731,54.6546,54.5731,54.6295,5625500
2017-12-28,54.6421,54.6546,54.5857,54.6045,6116500
2017-12-29,54.6107,54.7173,54.5731,54.6859,5116800
2018-01-02,54.7110,54.7486,54.6797,54.7361,7223500
2018-01-03,54.7361,55.0118,54.7361,54.9993,20557100
2018-01-04,55.0369,55.1434,55.0055,55.0933,13610900
2018-01-05,55.1309,55.1560,55.0745,55.1309,9851600
2018-01-08,55.1246,55.1685,55.0620,55.0870,9804000
2018-01-09,55.1434,55.1434,54.9053,54.9178,13550400
2018-01-10,54.8363,54.8739,54.6922,54.7987,33182000
2018-01-11,54.8489,54.9868,54.8113,54.9805,12911500
2018-01-12,54.8927,54.9679,54.8677,54.8865,12088500
2018-01-16,54.9241,54.9805,54.8050,54.8551,18474100
2018-01-17,54.8739,54.9554,54.8489,54.8614,16340400
2018-01-18,54.8363,54.8739,54.7737,54.8050,16134900
2018-01-19,54.7987,54.8677,54.7674,54.8614,14401800
2018-01-22,54.8301,54.9303,54.8301,54.9115,16674700
2018-01-23,54.9492,55.0870,54.9178,55.0745,11600300
2018-01-24,55.0244,55.0745,54.9304,54.9930,10746300
2018-01-25,55.0870,55.0870,54.9053,54.9554,11039300
2018-01-26,54.9742,55.0494,54.9178,54.9993,7164100
2018-01-29,54.9178,54.9491,54.7925,54.8050,19590800
2018-01-30,54.8050,54.8113,54.6107,54.6170,18469300
2018-01-31,54.7110,54.7862,54.6546,54.7110,12692800
2018-02-01,54.6644,54.7462,54.5763,54.6078,17920000
2018-02-02,54.4693,54.5134,54.2176,54.2616,24787000
2018-02-05,54.2050,54.4442,53.8589,53.9596,28071300
2018-02-06,53.8148,54.3498,53.8148,54.2868,33924300
2018-02-07,54.3623,54.5134,54.0351,54.0854,24298100
2018-02-08,54.0665,54.1232,53.6071,53.6134,25419300
2018-02-09,53.6701,53.7582,52.9086,53.4624,47230300
2018-02-12,53.6197,53.9092,53.5945,53.8274,23448100
2018-02-13,53.6952,53.7582,53.5631,53.6575,14679900
2018-02-14,53.4875,53.7707,53.4309,53.7519,19332400
2018-02-15,53.8778,54.1861,53.8778,54.1861,21931600
2018-02-16,54.1798,54.4442,54.1673,54.4064,29195600
2018-02-20,54.2491,54.3624,54.1924,54.2176,22740600
2018-02-21,54.2742,54.3623,53.9596,53.9722,15656700
2018-02-22,53.9973,54.2113,53.9596,54.0099,14626900
2018-02-23,54.0540,54.3875,54.0162,54.3686,15919500
2018-02-26,54.4064,54.5511,54.3686,54.4630,10996300
2018-02-27,54.4253,54.4379,54.2491,54.3183,13840900
2018-02-28,54.3812,54.4253,54.1987,54.2365,8751000
2018-03-01,54.2814,54.2940,53.8770,53.8770,24974200
2018-03-02,53.9085,54.2055,53.8896,54.1802,18767600
2018-03-05,54.0665,54.2181,54.0665,54.1802,9000200
2018-03-06,54.2308,54.3066,54.1423,54.2561,14462900
2018-03-07,54.1929,54.2181,54.0855,54.1234,8195200
2018-03-08,54.1866,54.2118,54.0918,54.1866,10201800
2018-03-09,54.2497,54.4203,54.1992,54.3824,8942600
2018-03-12,54.3382,54.3824,54.2055,54.2940,10126500
2018-03-13,54.2940,54.3635,54.0918,54.1234,19020400
2018-03-14,54.1676,54.1992,54.0349,54.0602,10802500
2018-03-15,54.0539,54.1802,54.0223,54.0981,8647900
2018-03-16,54.1107,54.2182,54.0792,54.2118,11006000
2018-03-19,54.1234,54.1423,53.9275,53.9907,14298800
2018-03-20,53.9781,54.1171,53.9781,54.0981,14317800
2018-03-21,54.0728,54.2182,54.0349,54.1171,8643700
2018-03-22,53.9907,54.0665,53.7822,53.7948,15972300
2018-03-23,53.8896,53.9528,53.5927,53.6558,21847400
2018-03-26,53.9275,54.0160,53.7885,54.0034,12454200
2018-03-27,54.0096,54.1044,53.8390,53.9528,12661500
2018-03-28,53.9338,53.9844,53.8327,53.9275,14642900
2018-03-29,54.0160,54.1486,53.9528,54.1107,10299600
2018-04-02,54.0022,54.0974,53.8563,53.9007,18902700
2018-04-03,53.9959,54.0593,53.8563,54.0530,12994100
2018-04-04,53.8627,54.2053,53.8627,54.1735,9677200
2018-04-05,54.1989,54.2941,54.1862,54.2179,10152000
2018-04-06,54.1862,54.2433,54.0340,54.0974,12680800
2018-04-09,54.2116,54.3131,54.1862,54.3004,9043200
2018-04-10,54.3703,54.5225,54.3576,54.4971,11434100
2018-04-11,54.4781,54.5606,54.4400,54.5161,7675500
2018-04-12,54.5796,54.7255,54.5415,54.7128,23692600
2018-04-13,54.7509,54.8207,54.7128,54.7445,16213400
2018-04-16,54.8080,54.8841,54.7382,54.8270,10781600
2018-04-17,54.9095,54.9793,54.8334,54.8524,15577600
2018-04-18,54.8905,54.9095,54.7763,54.7953,13745600
2018-04-19,54.6938,54.7128,54.5542,54.6240,19345500
2018-04-20,54.5923,54.6177,54.4781,54.4908,17693500
2018-04-23,54.4527,54.4591,54.2941,54.3449,15971100
2018-04-24,54.3639,54.4146,54.1672,54.2370,17872600
2018-04-25,54.1862,54.2687,54.0784,54.2433,15078400
2018-04-26,54.2878,54.4717,54.2560,54.4337,17479700
2018-04-27,54.4781,54.5098,54.3131,54.4083,7014700
2018-04-30,54.3702,54.4654,54.3639,54.3702,12473000
2018-05-01,54.3339,54.4104,54.2702,54.4104,18707700
2018-05-02,54.4103,54.5059,54.3594,54.3912,12057000
2018-05-03,54.4104,54.4104,54.2957,54.3849,21626200
2018-05-04,54.2893,54.4422,54.2574,54.4231,14862100
2018-05-07,54.4295,54.4932,54.4104,54.4741,23063900
2018-05-08,54.4422,54.4549,54.3530,54.3912,13693500
2018-05-09,54.3785,54.4995,54.3721,54.4804,10476200
2018-05-10,54.5187,54.6588,54.5059,54.6397,13375800
2018-05-11,54.6397,54.6907,54.5569,54.6206,8505100
2018-05-14,54.6142,54.6780,54.5187,54.6334,14695800
2018-05-15,54.5123,54.5378,54.3275,54.3657,20008800
2018-05-16,54.3912,54.4549,54.3403,54.4358,13028100
2018-05-17,54.3721,54.5123,54.3721,54.4677,13198300
2018-05-18,54.3785,54.4486,54.3658,54.4104,14241600
2018-05-21,54.4040,54.5186,54.4040,54.4868,7000400
2018-05-22,54.5123,54.5569,54.4804,54.5250,6220700
2018-05-23,54.4614,54.5697,54.4040,54.5697,13053100
2018-05-24,54.4868,54.6142,54.4868,54.6015,12468600
2018-05-25,54.5250,54.5632,54.4486,54.5123,12895700
2018-05-29,54.3912,54.4103,54.2574,54.2829,13519800
2018-05-30,54.3403,54.4677,54.3403,54.4486,15145000
2018-05-31,54.4677,54.4741,54.3849,54.3976,17391000
2018-06-01,54.4962,54.5474,54.4642,54.5218,12891000
2018-06-04,54.5730,54.6690,54.5474,54.6370,13830900
2018-06-05,54.6370,54.7330,54.5922,54.7010,10614100
2018-06-06,54.6626,54.8546,54.6434,54.8354,6920900
2018-06-07,54.8034,54.8930,54.7522,54.8546,13764400
2018-06-08,54.7842,54.8674,54.7650,54.8226,9784000
2018-06-11,54.8482,54.9442,54.8418,54.9250,10429300
2018-06-12,54.9314,55.0210,54.8930,54.9698,12432400
2018-06-13,54.9826,55.0722,54.9314,54.9890,9958900
2018-06-14,55.0914,55.1618,55.0594,55.1490,13954300
2018-06-15,55.1106,55.1426,55.0338,55.1170,16303700
2018-06-18,55.0722,55.1234,55.0274,55.1106,11512000
2018-06-19,55.0018,55.0594,54.9570,55.0338,12543200
2018-06-20,55.0914,55.1234,55.0594,55.0914,10422800
2018-06-21,55.0850,55.0850,54.9570,54.9762,8132500
2018-06-22,55.0658,55.0978,54.9634,54.9826,7385200
2018-06-25,54.8930,54.9186,54.8034,54.8546,13975400
2018-06-26,54.8546,54.8674,54.7842,54.8482,7503900
2018-06-27,54.8162,54.8546,54.7010,54.7330,13119200
2018-06-28,54.6242,54.6626,54.5026,54.5794,13829300
2018-06-29,54.6498,54.7330,54.4386,54.4514,17450500
2018-07-02,54.4134,54.5163,54.3877,54.5035,22438600
2018-07-03,54.5420,54.6192,54.4778,54.5099,10098600
2018-07-05,54.5806,54.7285,54.5742,54.7156,12729400
2018-07-06,54.7285,54.8570,54.7220,54.8570,9640300
2018-07-09,54.8827,54.9920,54.8763,54.9406,11517200
2018-07-10,54.9663,55.0178,54.9406,54.9470,7531700
2018-07-11,54.8956,54.9342,54.8377,54.8635,14111200
2018-07-12,54.9535,55.0628,54.9278,55.0371,10327300
2018-07-13,55.0821,55.1078,55.0371,55.0371,9860300
2018-07-16,55.0435,55.0499,54.9727,54.9985,7963100
2018-07-17,54.9599,55.0627,54.9342,55.0177,10721000
2018-07-18,55.0370,55.0820,54.9856,55.0435,12838600
2018-07-19,55.0113,55.0563,54.9599,55.0177,6907300
2018-07-20,55.0435,55.0885,55.0178,55.0435,9329000
2018-07-23,55.0756,55.0885,55.0242,55.0242,7459200
2018-07-24,55.0306,55.1785,55.0306,55.1399,11803700
2018-07-25,55.1528,55.2556,55.1078,55.2428,11342300
2018-07-26,55.2492,55.2942,55.2235,55.2492,9233600
2018-07-27,55.2556,55.2749,55.1656,55.2299,10811200
2018-07-30,55.2492,55.2942,55.1913,55.2492,8400500
2018-07-31,55.3521,55.3842,55.3199,55.3649,10709500
2018-08-01,55.3694,55.4469,55.3113,55.4146,23297900
2018-08-02,55.3695,55.4534,55.3436,55.4469,10989200
2018-08-03,55.4340,55.5179,55.4275,55.4921,6940500
2018-08-06,55.4404,55.5954,55.4404,55.5954,7521900
2018-08-07,55.4404,55.6729,55.4404,55.6212,8408200
2018-08-08,55.6083,55.6341,55.5760,55.5889,10103600
2018-08-09,55.5954,55.6148,55.5244,55.5502,6354700
2018-08-10,55.4598,55.5308,55.4082,55.4534,9473300
2018-08-13,55.4985,55.4985,55.3759,55.4146,10479000
2018-08-14,55.4469,55.5308,55.4340,55.5115,9767700
2018-08-15,55.4404,55.4598,55.3501,55.4146,14684800
2018-08-16,55.4663,55.5179,55.4340,55.4856,14931800
2018-08-17,55.4598,55.5696,55.4598,55.5502,15280900
2018-08-20,55.5825,55.6212,55.5437,55.5760,8174900
2018-08-21,55.5954,55.7116,55.5825,55.6600,9281400
2018-08-22,55.6535,55.7051,55.6535,55.6793,8297400
2018-08-23,55.6794,55.7310,55.6471,55.6729,7751800
2018-08-24,55.7052,55.7891,55.6858,55.7697,7458500
2018-08-27,55.7826,55.8214,55.7633,55.7891,5581700
2018-08-28,55.7633,55.7891,55.7310,55.7633,8175300
2018-08-29,55.7439,55.7762,55.7052,55.7310,7403700
2018-08-30,55.7375,55.7504,55.6664,55.6858,8481700
2018-08-31,55.7116,55.7955,55.7052,55.7568,9569300
2018-09-04,55.6926,55.7186,55.5824,55.6407,16029000
2018-09-05,55.6343,55.6537,55.5629,55.5824,13369200
2018-09-06,55.6342,55.6537,55.5824,55.6278,13137500
2018-09-07,55.5240,55.6148,55.5240,55.5694,12374700
2018-09-10,55.6342,55.6926,55.6148,55.6796,6997900
2018-09-11,55.6083,55.7510,55.6083,55.6926,17897800
2018-09-12,55.7121,55.8612,55.7121,55.8223,14041900
2018-09-13,55.8742,55.9649,55.8742,55.9260,10375800
2018-09-14,55.9196,56.0168,55.9131,55.9779,12945000
2018-09-17,55.9650,55.9779,55.9131,55.9390,13279900
2018-09-18,55.9520,55.9973,55.9195,55.9325,19882300
2018-09-19,55.9196,55.9520,55.8158,55.8288,14471100
2018-09-20,55.8417,55.9066,55.7185,55.9066,15360100
2018-09-21,55.9066,55.9455,55.8936,55.9196,10966700
2018-09-24,55.8936,55.9260,55.8158,55.8936,10229400
2018-09-25,55.8482,55.8807,55.8223,55.8482,13240400
2018-09-26,55.8871,55.9844,55.8742,55.9066,19504800
2018-09-27,55.9649,56.0233,55.9390,56.0103,7996600
2018-09-28,55.9909,56.0687,55.9455,56.0492,17085200
2018-10-01,56.1202,56.2114,56.1072,56.2114,22566000
2018-10-02,56.1854,56.2114,56.1333,56.1659,13577600
2018-10-03,56.1984,56.2179,55.9574,56.0160,17930600
2018-10-04,55.8988,55.9509,55.7425,55.8076,24935100
2018-10-05,55.7881,55.8011,55.5601,55.5601,25063300
2018-10-08,55.5927,55.5992,55.4168,55.4363,12869500
2018-10-09,55.4559,55.5666,55.4428,55.5210,19488500
2018-10-10,55.4363,55.4363,55.1106,55.1237,25204700
2018-10-11,55.2539,55.3647,55.0846,55.1693,37665300
2018-10-12,55.4364,55.5015,55.3256,55.4624,31877600
2018-10-15,55.4168,55.4884,55.3907,55.4233,16658500
2018-10-16,55.5275,55.6252,55.5210,55.6122,18955700
2018-10-17,55.5340,55.5992,55.4559,55.5015,18739400
2018-10-18,55.4624,55.4884,55.2670,55.2670,28653800
2018-10-19,55.3972,55.4102,55.2669,55.2995,20606400
2018-10-22,55.4298,55.4624,55.2800,55.3256,15049900
2018-10-23,55.1367,55.2995,55.0715,55.2735,20873200
2018-10-24,55.2865,55.3126,54.9804,54.9999,23827800
2018-10-25,55.1106,55.1497,54.9934,55.1106,29513700
2018-10-26,54.9152,55.0585,54.8240,54.8631,27424100
2018-10-29,54.9739,54.9999,54.7394,54.8111,23379400
2018-10-30,54.8240,54.9413,54.7068,54.9413,24105300
2018-10-31,55.0064,55.0976,54.9413,54.9413,23047900
2018-11-01,55.0428,55.2522,54.9839,55.1933,33115700
2018-11-02,55.2588,55.3308,55.0755,55.1606,19675800
2018-11-05,55.1606,55.2719,55.1344,55.2064,12299600
2018-11-06,55.2522,55.3504,55.2326,55.3504,14675500
2018-11-07,55.4027,55.6842,55.4027,55.6711,26155500
2018-11-08,55.5402,55.6908,55.5206,55.5337,20677500
2018-11-09,55.4224,55.4290,55.1671,55.2195,20869300
2018-11-12,55.1999,55.2522,54.8595,54.8791,22319600
2018-11-13,54.8922,54.9969,54.7416,54.7875,22907600
2018-11-14,54.8595,54.9773,54.5518,54.6827,44747700
2018-11-15,54.4536,54.6696,54.3227,54.6696,32332600
2018-11-16,54.4340,54.5257,54.3293,54.5060,64912800
2018-11-19,54.3620,54.4864,54.2638,54.3358,36567300
2018-11-20,54.1853,54.3096,54.1329,54.1656,21901900
2018-11-21,54.4406,54.5518,54.3751,54.4406,16560400
2018-11-23,54.2180,54.2638,54.1394,54.1394,9708100
2018-11-26,54.3489,54.4209,54.2703,54.3947,19807100
2018-11-27,54.2900,54.3751,54.2442,54.3686,14370700
2018-11-28,54.4013,54.8333,54.3686,54.8202,23513100
2018-11-29,54.7155,54.9119,54.6828,54.8333,17927900
2018-11-30,54.6958,54.8137,54.6893,54.7220,15081000
2018-12-03,55.0021,55.1205,54.9035,55.1008,27052900
2018-12-04,54.9890,55.0416,54.7062,54.7588,32066500
2018-12-06,54.4761,54.6339,54.3906,54.5682,27661900
2018-12-07,54.7457,54.8312,54.4630,54.4630,28901200
2018-12-10,54.4564,54.5485,54.2855,54.5024,23434700
2018-12-11,54.6931,54.7457,54.5550,54.6010,19243900
2018-12-12,54.7851,54.9627,54.7654,54.7786,17571500
2018-12-13,54.9035,54.9692,54.8575,54.9101,15859200
2018-12-14,54.8180,54.8903,54.6405,54.6799,16397600
2018-12-17,54.6339,54.6799,54.2788,54.3249,24124900
2018-12-18,54.4114,54.4577,54.1075,54.2264,25284300
2018-12-19,54.2529,54.3454,53.6715,53.7376,32062700
2018-12-20,53.5592,53.6385,52.8589,53.2685,68796100
2018-12-21,53.2421,53.4667,52.9184,53.0042,56295000
2018-12-24,53.0042,53.0835,52.6078,52.6078,18853600
2018-12-26,52.6739,53.4931,52.5550,53.4931,25010300
2018-12-27,53.1760,53.4931,53.1033,53.4601,31806100
2018-12-28,53.5063,53.7243,53.4138,53.5394,30106400
2018-12-31,53.6384,53.7309,53.5724,53.5790,14153600
2019-01-02,53.3279,53.5856,53.2817,53.5063,26977400
2019-01-03,53.4535,53.6186,53.3676,53.5327,32776600
2019-01-04,53.9555,54.5039,53.8895,54.4312,38754000
2019-01-07,54.5568,54.9598,54.5501,54.9598,38127600
2019-01-08,55.0919,55.3231,55.0060,55.3165,30795000
2019-01-09,55.3958,55.5015,55.3561,55.3826,40909400
2019-01-10,55.2703,55.6336,55.1976,55.6006,50520000
2019-01-11,55.3760,55.4817,55.3496,55.4222,19793300
2019-01-14,55.2769,55.3430,55.1976,55.2439,20137700
2019-01-15,55.2438,55.4552,55.1976,55.4288,24799000
2019-01-16,55.5015,55.5874,55.4685,55.5147,26508100
2019-01-17,55.4552,55.6864,55.4222,55.6666,24574400
2019-01-18,55.7723,55.9375,55.7525,55.8252,36236400
2019-01-22,55.7129,55.7195,55.3826,55.4552,25504200
2019-01-23,55.5345,55.6468,55.4090,55.5676,18529400
2019-01-24,55.5477,55.6402,55.4552,55.6270,17875500
2019-01-25,55.7327,55.8186,55.7195,55.7658,16775200
2019-01-28,55.6204,55.7129,55.5412,55.6799,14694100
2019-01-29,55.7261,55.7261,55.5147,55.6468,18717000
2019-01-30,55.7195,56.1753,55.7129,56.0895,25993500
2019-01-31,56.0763,56.3141,56.0763,56.2282,27070400
2019-02-01,56.1877,56.2541,56.1081,56.2010,24749900
2019-02-04,56.2076,56.3669,56.1545,56.3337,15968400
2019-02-05,56.3735,56.5925,56.3669,56.5328,33188300
2019-02-06,56.4864,56.5528,56.4267,56.4798,25936800
2019-02-07,56.3006,56.3470,56.1877,56.2873,27119400
2019-02-08,56.2209,56.2873,56.1347,56.2740,16728100
2019-02-11,56.2607,56.3271,56.2143,56.3006,10051800
2019-02-12,56.4665,56.5926,56.4599,56.5727,20174000
2019-02-13,56.6059,56.6191,56.4466,56.4930,25088400
2019-02-14,56.4001,56.5594,56.3205,56.4997,19406700
2019-02-15,56.5992,56.7187,56.5992,56.6788,24052000
2019-02-19,56.6125,56.7320,56.5860,56.6988,11317700
2019-02-20,56.7187,56.7784,56.6324,56.7452,9925700
2019-02-21,56.7121,56.7651,56.6457,56.6921,15479800
2019-02-22,56.7585,56.8580,56.7386,56.8049,12330300
2019-02-25,56.8846,56.9642,56.8249,56.8514,13698200
2019-02-26,56.8912,56.9908,56.8580,56.9244,16049300
2019-02-27,56.9443,56.9842,56.8979,56.9443,14818900
2019-02-28,56.9311,56.9643,56.8780,56.9112,21340600
2019-03-01,57.0325,57.1058,56.9992,57.0725,26455300
2019-03-04,57.1391,57.1658,56.8925,56.9858,16034400
2019-03-05,56.9858,56.9925,56.9058,56.9592,14510100
2019-03-06,56.9325,56.9458,56.8392,56.8658,16806400
2019-03-07,56.8858,56.8925,56.7192,56.8258,28101100
2019-03-08,56.6525,56.7458,56.5392,56.7325,21043400
2019-03-11,56.7125,56.9258,56.6992,56.9191,17922400
2019-03-12,56.8725,57.0525,56.8591,57.0191,20180500
2019-03-13,57.0525,57.1791,57.0391,57.1725,24524800
2019-03-14,57.1458,57.2192,57.1192,57.1325,12342500
2019-03-15,57.1725,57.2525,57.1658,57.1858,21775300
2019-03-18,57.1925,57.2192,57.1125,57.1658,10498900
2019-03-19,57.2058,57.3058,57.1658,57.1991,14067200
2019-03-20,57.2058,57.5325,57.0991,57.4458,31184400
2019-03-21,57.3725,57.5058,57.3591,57.4325,16400700
2019-03-22,57.3458,57.3658,57.1658,57.2258,27030400
2019-03-25,57.1858,57.2725,57.0991,57.2058,23592100
2019-03-26,57.2992,57.4325,57.2592,57.3458,18762700
2019-03-27,57.3791,57.4924,57.2524,57.3858,16706700
2019-03-28,57.3925,57.4991,57.3591,57.4991,19706700
2019-03-29,57.5458,57.6858,57.5325,57.6458,22358900
2019-04-01,57.7255,57.7723,57.6183,57.6317,21353900
2019-04-02,57.6451,57.6786,57.5447,57.6585,15129300
2019-04-03,57.7188,57.7925,57.6518,57.6786,13746500
2019-04-04,57.6853,57.7724,57.6719,57.7657,14435700
2019-04-05,57.8259,57.9197,57.8125,57.8728,14227000
2019-04-08,57.8460,57.8594,57.7924,57.8393,11472100
2019-04-09,57.8058,57.8661,57.7656,57.7991,19118700
2019-04-10,57.8728,58.0536,57.8728,58.0536,16767000
2019-04-11,58.0469,58.1607,58.0201,58.1406,20976100
2019-04-12,58.2076,58.2612,58.1139,58.2277,17442800
2019-04-15,58.2210,58.2210,58.1406,58.1875,13940000
2019-04-16,58.2277,58.2344,58.1339,58.1540,11543800
2019-04-17,58.2143,58.2143,58.0067,58.0134,11818600
2019-04-18,58.1138,58.1138,57.9732,58.0402,15295500
2019-04-22,58.0000,58.0268,57.9331,57.9398,24591400
2019-04-23,58.0134,58.1741,57.9799,58.1406,15094100
2019-04-24,58.1540,58.1540,58.0536,58.0603,11938800
2019-04-25,58.0536,58.1272,57.9665,58.0871,14369000
2019-04-26,58.1540,58.2411,58.1540,58.2344,11937200
2019-04-29,58.2210,58.2544,58.2076,58.2076,7601200
2019-04-30,58.2344,58.2812,58.2009,58.2143,11168100
2019-05-01,58.2250,58.4133,58.0166,58.0233,24574300
2019-05-02,58.0704,58.1511,57.9494,58.0637,24936600
2019-05-03,58.1779,58.2317,58.1443,58.2116,18522700
2019-05-06,57.9493,58.2452,57.8283,58.2385,18893700
2019-05-07,58.0973,58.1309,57.7947,57.8889,30266300
2019-05-08,57.8956,58.0300,57.8485,57.9090,27527500
2019-05-09,57.8216,57.8687,57.6131,57.8216,30890400
2019-05-10,57.8014,58.0368,57.6602,57.9830,33782400
2019-05-13,57.6131,57.6736,57.4383,57.4518,34801600
2019-05-14,57.5661,57.7140,57.5123,57.5795,18128500
2019-05-15,57.4854,57.6669,57.4517,57.6333,19543700
2019-05-16,57.7140,57.9023,57.6938,57.8081,29384100
2019-05-17,57.6871,57.8955,57.6871,57.7880,27089400
2019-05-20,57.7745,57.8821,57.6804,57.7342,15780000
2019-05-21,57.8216,57.9292,57.8216,57.9157,15004300
2019-05-22,57.8821,57.9628,57.8082,57.9628,14976200
2019-05-23,57.8014,57.8216,57.6064,57.6737,18333400
2019-05-24,57.7409,57.8082,57.5862,57.5930,17611600
2019-05-28,57.6602,57.7072,57.4853,57.5391,20544600
2019-05-29,57.4652,57.5056,57.3240,57.3845,25441900
2019-05-30,57.4854,57.5929,57.4517,57.5055,20311900
2019-05-31,57.3172,57.3845,57.0752,57.0886,34947400
2019-06-03,57.1805,57.2683,57.0589,57.1805,58940600
2019-06-04,57.3561,57.7614,57.3561,57.7547,34113300
2019-06-05,57.8087,57.9033,57.7074,57.8898,28368700
2019-06-06,57.8763,58.0654,57.8020,58.0114,23538600
2019-06-07,58.0924,58.2343,57.5250,58.1600,29934000
2019-06-10,58.2681,58.3221,58.2140,58.2478,17482200
2019-06-11,58.4369,58.5383,58.2410,58.3289,34293700
2019-06-12,58.3153,58.3288,58.1802,58.1937,18195500
2019-06-13,58.2951,58.3694,58.2613,58.3289,19438500
2019-06-14,58.3086,58.3356,58.2410,58.2883,8842000
2019-06-17,58.2545,58.2883,58.1735,58.2005,10554000
2019-06-18,58.4775,58.6126,58.4572,58.6058,22540400
2019-06-19,58.5653,58.8963,58.4639,58.8827,28212600
2019-06-20,59.0584,59.2070,58.9638,59.1800,48362000
2019-06-21,59.0246,59.0719,58.9908,58.9908,22467800
2019-06-24,58.9909,59.0179,58.9571,58.9841,13764100
2019-06-25,58.9773,58.9773,58.6936,58.7341,26173600
2019-06-26,58.8490,58.8760,58.6869,58.7071,19554600
2019-06-27,58.8085,58.9030,58.7814,58.8693,12995100
2019-06-28,58.9030,58.9368,58.8693,58.8895,14690800
2019-07-01,59.1175,59.2057,58.8936,58.9071,26036100
2019-07-02,58.9479,59.0700,58.9207,59.0361,20683200
2019-07-03,59.0632,59.2939,59.0496,59.2600,16237900
2019-07-05,59.0835,59.0903,58.9275,59.0225,17591400
2019-07-08,58.9953,58.9953,58.9004,58.9071,16679400
2019-07-09,58.8664,58.8936,58.8257,58.8393,19189100
2019-07-10,58.9818,59.0836,58.9547,59.0022,24497000
2019-07-11,59.0361,59.0361,58.8054,58.8868,19191200
2019-07-12,58.8868,58.9886,58.8393,58.9818,21291200
2019-07-15,58.9682,59.0767,58.9343,59.0225,10735200
2019-07-16,59.0157,59.0157,58.8461,58.9004,20147200
2019-07-17,58.9478,58.9478,58.8189,58.8257,9361300
2019-07-18,58.8325,58.8665,58.6968,58.8529,17236600
2019-07-19,58.8529,58.8800,58.7308,58.7511,14771000
2019-07-22,58.8189,58.9478,58.7918,58.9478,12852800
2019-07-23,58.9953,59.0700,58.9275,59.0496,14051800
2019-07-24,59.0361,59.1039,59.0225,59.0971,12713700
2019-07-25,59.1310,59.1310,58.9682,59.0157,14272500
2019-07-26,59.1107,59.1582,59.0835,59.1446,8512700
2019-07-29,59.1310,59.1378,59.0021,59.0564,14731800
2019-07-30,58.9614,59.0904,58.9207,59.0836,13794100
2019-07-31,59.1311,59.2057,58.7443,58.9818,23449700
2019-08-01,58.9729,59.2727,58.9320,58.9525,28839000
2019-08-02,58.9321,58.9321,58.7208,58.8639,23559600
2019-08-05,58.5096,58.5096,58.1553,58.2507,47727900
2019-08-06,58.5096,58.6799,58.3733,58.6254,28695000
2019-08-07,58.3869,58.6868,58.2234,58.6186,38028500
2019-08-08,58.6322,58.8843,58.6322,58.8503,27074700
2019-08-09,58.7481,58.8367,58.6527,58.7685,19090800
2019-08-12,58.6049,58.6935,58.5164,58.5641,17466700
2019-08-13,58.5573,58.8775,58.5164,58.8230,30078600
2019-08-14,58.5573,58.5777,58.2575,58.2984,29745300
2019-08-15,58.4006,58.5300,58.3597,58.4687,27296500
2019-08-16,58.5573,58.6867,58.5573,58.6663,15780200
2019-08-19,58.7754,58.8435,58.7481,58.8367,13603000
2019-08-20,58.8639,58.9184,58.7685,58.8844,16126800
2019-08-21,59.0342,59.1773,58.9934,59.1365,18334300
2019-08-22,59.2387,59.3000,59.1092,59.2455,20677200
2019-08-23,59.1365,59.3750,58.9252,58.9729,30340300
2019-08-26,59.1569,59.2659,59.1024,59.2659,14187800
2019-08-27,59.3818,59.4022,59.1365,59.2387,14722700
2019-08-28,59.2250,59.4090,59.2046,59.3818,13576000
2019-08-29,59.5112,59.5589,59.4090,59.4431,16271400
2019-08-30,59.5385,59.5453,59.2591,59.3886,14413600
2019-09-03,59.3414,59.3414,59.1155,59.2182,20561500
2019-09-04,59.3208,59.3619,59.2524,59.3414,13526700
2019-09-05,59.3961,59.6219,59.3824,59.5740,23399100
2019-09-06,59.6561,59.7382,59.5603,59.6287,25162700
2019-09-09,59.6630,59.7109,59.5467,59.6904,17484200
2019-09-10,59.6972,59.7451,59.6014,59.7246,14055800
2019-09-11,59.6904,59.7383,59.6493,59.7177,13999200
2019-09-12,59.7656,59.8272,59.7041,59.7520,23246400
2019-09-13,59.6493,59.7451,59.6082,59.6424,34407300
2019-09-16,59.7382,59.8614,59.6561,59.8546,23020800
2019-09-17,59.8751,59.8956,59.7656,59.8888,14626400
2019-09-18,59.8477,59.9025,59.6630,59.8546,15913800
2019-09-19,59.8203,59.9025,59.7588,59.7861,13327000
2019-09-20,59.8067,59.8820,59.7656,59.8614,23298400
2019-09-23,59.8135,59.8820,59.7998,59.8341,15456800
2019-09-24,59.8888,59.8957,59.6767,59.7520,21934200
2019-09-25,59.7041,59.7314,59.5535,59.6904,15142100
2019-09-26,59.6903,59.7109,59.5603,59.6493,13873100
2019-09-27,59.6424,59.6903,59.5329,59.5808,13419200
2019-09-30,59.5740,59.6493,59.5466,59.6493,21827700
2019-10-01,59.6630,59.6768,59.4638,59.5119,27665700
2019-10-02,59.4775,59.4844,59.1134,59.1615,33789500
2019-10-03,59.1684,59.2508,58.9142,59.1958,30387800
2019-10-04,59.2714,59.3882,59.2233,59.3813,17588600
2019-10-07,59.3401,59.4225,59.2576,59.3332,14542500
2019-10-08,59.2714,59.3058,59.1134,59.1134,15471500
2019-10-09,59.2714,59.3470,59.2577,59.2920,11351300
2019-10-10,59.3058,59.4157,59.2920,59.3676,11092800
2019-10-11,59.5256,59.6562,59.4775,59.6149,18661400
2019-10-14,59.6149,59.6836,59.5600,59.6561,9842600
2019-10-15,59.6630,59.8211,59.6356,59.7867,26321500
2019-10-16,59.7661,59.7798,59.7317,59.7386,11813000
2019-10-17,59.7798,59.8416,59.7729,59.8210,14814300
2019-10-18,59.8210,59.8623,59.7455,59.8348,21363700
2019-10-21,59.8829,59.8898,59.8485,59.8554,10090400
2019-10-22,59.8966,59.8966,59.8279,59.8691,15464300
2019-10-23,59.8760,59.9310,59.8348,59.9241,9097500
2019-10-24,59.9516,59.9928,59.8898,59.9928,14832800
2019-10-25,59.9791,60.0615,59.9791,60.0409,11593600
2019-10-28,60.0478,60.0753,60.0203,60.0340,10646500
2019-10-29,60.0272,60.0478,59.9104,59.9241,10655700
2019-10-30,59.9584,59.9653,59.7729,59.8485,24566400
2019-10-31,59.8348,59.8417,59.6287,59.6424,24576400
2019-11-01,59.7397,59.9605,59.7328,59.8984,23894100
2019-11-04,60.0088,60.0571,59.9812,60.0226,14135800
2019-11-05,60.0708,60.0777,59.8984,59.9605,21946800
2019-11-06,59.9605,59.9605,59.8708,59.8915,8976900
2019-11-07,59.9812,60.0088,59.8501,59.8639,15077600
2019-11-08,59.8570,59.9398,59.7742,59.9191,11692800
2019-11-11,59.8639,59.9122,59.8018,59.8846,4933600
2019-11-12,59.8501,59.9467,59.8363,59.8984,14690200
2019-11-13,59.8363,59.8638,59.8018,59.8363,15333600
2019-11-14,59.8432,59.8846,59.7811,59.8018,14965100
2019-11-15,59.8639,59.9880,59.8570,59.9811,12996200
2019-11-18,59.9329,59.9536,59.8777,59.9053,13135800
2019-11-19,59.8432,59.8501,59.6914,59.6914,20175500
2019-11-20,59.6569,59.7328,59.5603,59.5672,22566100
2019-11-21,59.6293,59.6431,59.5189,59.5810,17853800
2019-11-22,59.6707,59.8087,59.6086,59.8087,20394800
2019-11-25,59.8225,59.9812,59.8225,59.9674,16885300
2019-11-26,59.9881,60.0364,59.9536,60.0364,11469400
2019-11-27,60.0156,60.1260,59.9880,60.1122,11814700
2019-11-29,60.0984,60.0984,59.9742,59.9811,11519500
2019-12-02,60.0026,60.0026,59.8087,59.9403,20966400
2019-12-03,59.8018,59.8918,59.7325,59.8572,29757200
2019-12-04,59.8849,60.0580,59.8849,60.0373,12406800
2019-12-05,60.0789,60.1273,59.9680,60.1273,18158900
2019-12-06,60.2243,60.2658,60.1550,60.2104,16094700
2019-12-09,60.1896,60.2589,60.1896,60.2104,18034300
2019-12-10,60.2104,60.3628,60.1897,60.3559,15117100
2019-12-11,60.3698,60.4944,60.3213,60.4806,14127500
2019-12-12,60.5082,60.6814,60.4875,60.6191,18958100
2019-12-13,60.6399,60.7091,60.6052,60.6814,18088100
2019-12-16,60.7715,60.8338,60.7437,60.7992,17517400
2019-12-17,60.8061,60.9862,60.8061,60.9862,18650700
2019-12-18,61.0139,61.1247,60.9931,61.0970,31575700
2019-12-19,61.1067,61.1206,60.9746,61.0650,29429300
2019-12-20,61.1345,61.1623,60.9608,60.9747,31918800
2019-12-23,60.9955,61.0302,60.9816,61.0024,9720200
2019-12-24,61.0164,61.0511,60.9816,61.0511,4854900
2019-12-26,61.1276,61.1623,61.0928,61.1415,11382700
2019-12-27,61.1832,61.1832,61.0928,61.1137,11627100
2019-12-30,61.1693,61.1832,61.0094,61.0720,12524300
2019-12-31,61.0720,61.1345,61.0372,61.1276,8310800
2020-01-02,61.2388,61.3917,61.2040,61.3847,15756600
2020-01-03,61.2527,61.3639,61.1971,61.3222,17342200
2020-01-06,61.2458,61.2944,61.2040,61.2597,17936900
2020-01-07,61.2666,61.2805,61.1971,61.2040,9640300
2020-01-08,61.2179,61.3292,61.1832,61.2597,16088100
2020-01-09,61.3361,61.4265,61.2875,61.4195,16649500
2020-01-10,61.4265,61.4543,61.3778,61.4404,16182900
2020-01-13,61.4473,61.4821,61.4126,61.4404,17762400
2020-01-14,61.4265,61.5099,61.3639,61.4334,29157100
2020-01-15,61.4473,61.5377,61.4404,61.4473,24637900
2020-01-16,61.4960,61.5377,61.4334,61.4682,22349200
2020-01-17,61.5029,61.5238,61.4195,61.4195,29626700
2020-01-21,61.4056,61.4682,61.2875,61.2875,19724900
2020-01-22,61.3848,61.4265,61.3292,61.3987,17731800
2020-01-23,61.2944,61.3083,61.1832,61.2110,28566200
2020-01-24,61.2179,61.2179,60.9260,60.9538,40838300
2020-01-27,60.6410,60.7383,60.4464,60.5437,41372700
2020-01-28,60.8217,61.1415,60.7453,61.0650,32628300
2020-01-29,61.1484,61.3292,61.0164,61.0303,17308200
2020-01-30,60.8287,61.1067,60.8217,61.0928,20103300
2020-01-31,61.0303,61.0303,60.7453,60.8426,35659700
2020-02-03,60.9585,61.0562,60.8188,60.8328,25754700
2020-02-04,61.0771,61.2097,61.0632,61.1958,25063800
2020-02-05,61.3424,61.4680,61.3145,61.4471,36687700
2020-02-06,61.4261,61.5308,61.3354,61.4959,18329900
2020-02-07,61.4192,61.4610,61.3424,61.4052,12865100
2020-02-10,61.3912,61.4959,61.3424,61.4889,14220000
2020-02-11,61.6146,61.6216,61.5308,61.5308,16821500
2020-02-12,61.6495,61.7472,61.6076,61.6914,26688200
2020-02-13,61.6425,61.7472,61.6286,61.7123,13297900
2020-02-14,61.7333,61.7682,61.6704,61.7053,11398800
2020-02-18,61.6704,61.7053,61.5308,61.5797,26635300
2020-02-19,61.6425,61.6844,61.6006,61.6076,18547500
2020-02-20,61.6495,61.7333,61.4680,61.7123,31277000
2020-02-21,61.6635,61.6914,61.5378,61.6565,23027000
2020-02-24,61.0771,61.1469,60.8677,60.9934,57828300
2020-02-25,61.2586,61.2935,60.5117,60.5676,68418000
2020-02-26,60.6792,60.9026,60.4489,60.6304,69233800
2020-02-27,60.1208,60.5117,59.6950,59.8137,72596300
2020-02-28,59.1157,60.1348,59.1157,60.0580,97472600
2020-03-02,60.0440,60.5768,59.7565,60.5137,72357700
2020-03-03,60.5628,61.1307,60.1141,60.2543,58721000
2020-03-04,60.7591,61.1097,60.7101,61.0816,52664700
2020-03-05,60.5488,60.6540,60.1912,60.3104,62455700
2020-03-06,59.2657,59.7916,58.9572,59.6303,69860600
2020-03-09,55.8373,58.5366,55.8373,57.0642,73609600
2020-03-10,57.9266,58.1019,56.8819,57.9406,57598000
2020-03-11,56.9661,57.2746,56.2299,56.6786,60006600
2020-03-12,53.5516,56.2650,53.4464,54.4140,82926400
2020-03-13,56.1808,56.2860,54.7856,56.1247,69164600
2020-03-16,53.0889,54.4420,52.0933,53.0398,43080100
2020-03-17,52.9697,54.4771,52.3246,53.5376,68569400
2020-03-18,51.7778,52.4088,50.4176,51.1748,54289800
2020-03-19,50.3825,50.9504,49.6183,50.0250,45706300
2020-03-20,50.0670,50.5789,48.6648,48.9032,55796500
2020-03-23,49.1135,49.1626,47.3397,48.1179,48862100
2020-03-24,49.1416,50.4456,49.0083,50.1021,51304000
2020-03-25,50.6560,52.9837,50.5368,51.5113,45692600
2020-03-26,51.8900,53.8671,51.6726,53.8671,41965200
2020-03-27,52.8925,54.9468,52.8365,54.0073,66536800
2020-03-30,54.0564,54.7155,53.7339,54.4701,35016900
2020-03-31,54.2457,54.4841,53.9723,54.0354,31103400
2020-04-01,52.9749,53.0383,52.4041,52.5521,36859100
2020-04-02,52.4041,53.7641,52.3055,52.9608,31824800
2020-04-03,52.8481,52.9890,51.6643,51.8263,39986200
2020-04-06,52.8903,53.2426,52.7142,53.0876,32347800
2020-04-07,53.8557,54.0600,53.0171,53.0876,35120800
2020-04-08,53.5245,54.7013,53.3343,54.4687,46291400
2020-04-09,57.7594,59.2251,57.4212,58.0342,88846900
2020-04-13,57.6467,57.7242,56.6672,57.2027,40390500
2020-04-14,57.7171,57.8440,57.0548,57.4423,37632800
2020-04-15,56.5474,57.0125,56.3431,56.9068,34367500
2020-04-16,56.7659,56.8998,56.3220,56.8504,25821900
2020-04-17,57.3014,57.3577,56.9702,57.1393,38251800
2020-04-20,56.5756,56.9279,56.1740,56.2797,24676200
2020-04-21,55.6384,55.7089,55.1381,55.2509,42335600
2020-04-22,55.8498,55.9273,55.5539,55.7371,15720900
2020-04-23,55.8428,56.1317,55.4764,55.7089,23896700
2020-04-24,55.7512,55.8287,55.0747,55.1875,37915200
2020-04-27,55.4552,55.6173,55.3213,55.4129,20550700
2020-04-28,55.7159,55.7512,55.2720,55.5821,23927600
2020-04-29,55.9696,56.6249,55.8569,56.5615,34838300
2020-04-30,56.2656,56.7659,56.0401,56.6743,34636000
2020-05-01,56.1639,56.3055,55.6471,55.6967,31859400
2020-05-04,55.5905,55.8311,55.3569,55.6188,20400900
2020-05-05,55.7958,56.1002,55.7958,56.1002,26484200
2020-05-06,56.1568,56.2276,55.7604,55.7816,18823300
2020-05-07,56.0648,56.4258,55.9020,55.9232,19581700
2020-05-08,56.1568,56.4612,56.1143,56.4541,21770400
2020-05-11,56.3337,56.4328,56.1638,56.1992,14285100
2020-05-12,56.5674,56.6311,56.1285,56.1285,25332700
2020-05-13,56.1709,56.2205,55.7391,55.8312,29962000
2020-05-14,55.5409,55.8524,55.2011,55.6400,30429100
2020-05-15,55.4772,55.8099,55.3357,55.7179,34133400
2020-05-18,56.6028,56.7443,56.3904,56.7019,31900200
2020-05-19,56.6594,56.9354,56.5532,56.7726,18536500
2020-05-20,57.0699,57.5159,57.0204,57.3743,36053700
2020-05-21,57.3602,57.5018,57.1974,57.3602,23307300
2020-05-22,57.3035,57.5725,57.2044,57.5018,11311900
2020-05-26,57.9265,58.1601,57.4664,57.9336,27673800
2020-05-27,58.3442,58.3654,57.8062,58.0539,24905000
2020-05-28,58.1389,58.4362,58.0044,58.1105,23282500
2020-05-29,58.0823,58.4858,57.9619,58.3442,32189000
2020-06-01,58.2312,58.8068,58.1459,58.7855,46987000
2020-06-02,58.8779,59.3966,58.7144,59.3682,35930900
2020-06-03,59.6098,59.9651,59.5388,59.6454,35991000
2020-06-04,59.5814,59.6809,59.3540,59.4606,36405800
2020-06-05,60.1002,60.4271,59.9794,60.0220,35306500
2020-06-08,60.1641,60.1783,59.9438,60.0931,20493100
2020-06-09,59.7733,59.8017,59.3966,59.6240,28412400
2020-06-10,59.5459,59.8515,59.1692,59.5388,36663100
2020-06-11,58.6860,58.7144,57.8972,58.0109,48794500
2020-06-12,58.7997,58.8921,58.1672,58.5865,36156800
2020-06-15,58.2027,59.5388,58.0748,59.1550,39432300
2020-06-16,59.8728,59.9296,59.2048,59.3967,40976300
2020-06-17,59.3540,59.4250,59.0910,59.1195,17066700
2020-06-18,58.9560,59.1337,58.8636,59.0982,22223600
2020-06-19,59.2118,59.2474,58.7783,58.8992,32037600
2020-06-22,58.8921,59.0058,58.7642,58.8566,21536000
2020-06-23,59.0626,59.0839,58.9063,58.9418,17438000
2020-06-24,58.7570,58.8281,57.9469,58.3377,43720600
2020-06-25,58.1814,58.3946,57.9114,58.3591,31159700
2020-06-26,58.2809,58.2809,57.7266,57.8047,33705800
2020-06-29,57.8758,57.8829,57.1936,57.4778,76540200
2020-06-30,57.6697,58.1317,57.6200,58.0038,40554300
2020-07-01,58.0987,58.3556,58.0987,58.1843,28799100
2020-07-02,58.6910,58.8837,58.4983,58.6125,30623300
2020-07-06,58.9622,59.0478,58.8123,59.0336,22888200
2020-07-07,58.9693,59.1192,58.6125,58.6411,22408000
2020-07-08,58.6125,58.8766,58.6054,58.7980,21155700
2020-07-09,58.7981,58.8480,58.3984,58.6696,21655600
2020-07-10,58.5697,58.9051,58.5055,58.8694,17903400
2020-07-13,59.0907,59.1692,58.5411,58.5483,20039400
2020-07-14,58.5483,59.0764,58.5483,59.0478,31929700
2020-07-15,59.4047,59.4546,59.1692,59.3833,21291300
2020-07-16,59.3476,59.4475,59.2905,59.4404,17570400
2020-07-17,59.5759,59.6259,59.3832,59.6045,22863700
2020-07-20,59.6545,59.9899,59.5974,59.9613,16701600
2020-07-21,60.1611,60.3610,60.1397,60.2396,22331600
2020-07-22,60.3039,60.3895,60.1897,60.3609,15251400
2020-07-23,60.3538,60.3895,59.9256,60.3182,28434900
2020-07-24,60.1897,60.4466,60.1612,60.3752,14977500
2020-07-27,60.4680,60.5323,60.3110,60.5180,12931500
2020-07-28,60.4609,60.5180,60.3039,60.3609,14862900
2020-07-29,60.5465,60.7392,60.4466,60.6964,18012800
2020-07-30,60.5037,60.8534,60.4751,60.8248,54812400
2020-07-31,60.8034,60.9462,60.5893,60.9390,28623100
2020-08-03,60.9254,60.9827,60.7964,60.9541,17480600
2020-08-04,60.8824,60.9541,60.7606,60.9326,17120700
2020-08-05,60.9469,61.0687,60.9111,61.0401,14566000
2020-08-06,61.0401,61.1905,60.9756,61.1762,13258600
2020-08-07,61.1547,61.1547,60.9398,61.0257,14289900
2020-08-10,61.0902,61.1189,60.9111,61.0544,13708700
2020-08-11,61.0830,61.0974,60.4740,60.5027,20535400
2020-08-12,60.7678,60.9183,60.5170,60.5170,18003400
2020-08-13,60.5313,60.7678,60.2949,60.3522,28444900
2020-08-14,60.3379,60.4023,60.1301,60.2447,14072300
2020-08-17,60.3020,60.6316,60.2590,60.6030,13756500
2020-08-18,60.6316,60.7391,60.4812,60.6961,24900300
2020-08-19,60.6675,60.7535,60.4525,60.5242,18738300
2020-08-20,60.4238,60.7248,60.4167,60.7248,19912800
2020-08-21,60.7248,60.7678,60.6388,60.7176,17570600
2020-08-24,60.8322,61.0257,60.8251,60.9970,16058100
2020-08-25,61.0042,61.1045,60.8394,61.0615,24018600
2020-08-26,61.0687,61.1690,61.0257,61.0544,16243100
2020-08-27,61.1332,61.1547,60.8323,60.9612,19861800
2020-08-28,60.9971,61.0974,60.9684,61.0114,14418500
2020-08-31,60.9971,61.0687,60.8967,60.9254,21473800
2020-09-01,60.9405,61.3146,60.8902,61.2571,22774200
2020-09-02,61.2930,61.4297,61.1132,61.3290,15878600
2020-09-03,61.2211,61.2355,60.6959,60.9477,34169800
2020-09-04,61.0053,61.1060,60.4154,60.7822,36087300
2020-09-08,60.5305,60.7247,60.3650,60.4442,34967600
2020-09-09,60.7031,60.9621,60.6096,60.9189,32976800
2020-09-10,61.0125,61.0268,60.6096,60.6312,32866300
2020-09-11,60.6743,60.7822,60.5017,60.7535,20807100
2020-09-14,60.8758,60.9333,60.6240,60.6887,28958000
2020-09-15,60.8254,60.9477,60.7463,60.8542,22176900
2020-09-16,60.8973,61.1419,60.7966,60.8542,26951200
2020-09-17,60.6527,60.9045,60.5952,60.7894,25752400
2020-09-18,60.9117,60.9261,60.6096,60.6384,29891800
2020-09-21,60.3794,60.4513,59.9837,60.1492,42968900
2020-09-22,60.2211,60.3938,60.0844,60.3578,41396800
2020-09-23,60.4154,60.4154,59.6816,59.7463,39577800
2020-09-24,59.6168,59.9549,59.3938,59.7823,38755800
2020-09-25,59.7103,59.8254,59.5377,59.6744,36032200
2020-09-28,59.9837,60.1564,59.8470,60.0629,20277000
2020-09-29,60.1132,60.1492,59.9190,60.1132,20243400
2020-09-30,60.1132,60.4513,60.1060,60.3578,28797600
2020-10-01,60.5507,60.6085,60.4640,60.5652,31098000
2020-10-02,60.1678,60.5941,60.1678,60.5652,26284300
2020-10-05,60.6808,61.0348,60.6302,61.0203,27394000
2020-10-06,61.0348,61.2298,60.8469,60.8830,37848500
2020-10-07,61.0637,61.1431,61.0275,61.0998,20968200
2020-10-08,61.2949,61.3021,61.1504,61.2371,18738800
2020-10-09,61.3310,61.4321,61.2370,61.3743,21287800
2020-10-12,61.5694,61.7500,61.5044,61.6850,10503400
2020-10-13,61.5260,61.5983,61.3599,61.4104,25183100
2020-10-14,61.3816,61.4249,61.2082,61.2587,31620600
2020-10-15,61.0131,61.2515,60.9192,61.2154,32232100
2020-10-16,61.3093,61.3671,61.0637,61.1432,27456900
2020-10-19,61.2659,61.3093,60.9047,60.9264,20998100
2020-10-20,61.0348,61.2443,61.0276,61.1432,27650700
2020-10-21,61.1359,61.2660,61.0709,61.1359,26901600
2020-10-22,61.1287,61.2948,61.0131,61.2443,28977800
2020-10-23,61.3382,61.3527,61.1721,61.3166,20734700
2020-10-26,61.0925,61.1359,60.7530,60.7746,50102400
2020-10-27,60.8180,60.9336,60.7747,60.8036,30880900
2020-10-28,60.4062,60.4857,60.1895,60.2978,45794300
2020-10-29,60.2545,60.5001,60.1606,60.4712,37112600
2020-10-30,60.4207,60.6302,60.2762,60.6013,36801700
2020-11-02,60.7892,60.8400,60.5788,60.7457,25665400
2020-11-03,60.8690,61.2681,60.8690,61.2681,39777600
2020-11-04,61.4495,61.9719,61.4277,61.8413,57673400
2020-11-05,62.1388,62.3129,61.9792,62.0590,55079000
2020-11-06,62.0807,62.0952,61.7542,61.8413,25953400
2020-11-09,63.0385,63.0530,62.2839,62.3129,59347100
2020-11-10,62.2403,62.4435,60.4990,62.2258,39295700
2020-11-11,62.3420,62.3492,62.1315,62.2041,14416200
2020-11-12,62.1460,62.1460,61.7833,61.7833,43300100
2020-11-13,61.8558,62.0590,61.8485,61.9937,20277100
2020-11-16,62.3274,62.3710,62.1751,62.3419,28350400
2020-11-17,62.2404,62.4798,62.1968,62.3637,23747100
2020-11-18,62.4290,62.5016,62.2258,62.2476,22098900
2020-11-19,62.1896,62.5016,62.1460,62.4580,21704200
2020-11-20,62.3419,62.4145,62.2912,62.3419,48530200
2020-11-23,62.5016,62.5524,62.3710,62.4363,23790600
2020-11-24,62.6322,62.7773,62.5523,62.6249,26080100
2020-11-25,62.6177,62.7048,62.5379,62.5959,26510900
2020-11-27,62.7120,62.7628,62.6830,62.6975,7338500
2020-11-30,62.7120,62.7120,62.5088,62.6322,24256900
2020-12-01,62.8296,62.9316,62.7786,62.7932,26256700
2020-12-02,62.8078,63.0481,62.7568,62.9680,23705000
2020-12-03,63.0263,63.1574,62.9680,63.0044,20748400
2020-12-04,63.1355,63.3031,63.0263,63.2667,19362000
2020-12-07,63.2302,63.2594,63.1428,63.2375,17811300
2020-12-08,63.2084,63.2667,63.1574,63.1865,21408300
2020-12-09,63.2667,63.2667,63.0044,63.0918,36608500
2020-12-10,62.9971,63.2885,62.9826,63.2084,24251500
2020-12-11,63.1720,63.2739,63.0408,63.1428,17699600
2020-12-14,63.2521,63.2885,63.0845,63.1574,20705200
2020-12-15,63.2667,63.3759,63.1428,63.3541,25052800
2020-12-16,63.3322,63.3541,63.0846,63.2594,42386700
2020-12-17,63.3391,63.4050,63.2806,63.3538,23911400
2020-12-18,63.3830,63.4342,63.3099,63.4049,26741200
2020-12-21,63.1855,63.3098,63.0685,63.1782,30308300
2020-12-22,63.2221,63.3025,63.1635,63.2586,21975100
2020-12-23,63.3610,63.5732,63.3464,63.5439,15913900
2020-12-24,63.6024,63.6756,63.5951,63.6756,7327300
2020-12-28,63.7707,63.8073,63.6683,63.7561,22575500
2020-12-29,63.8658,63.8658,63.6683,63.6756,22893000
2020-12-30,63.6975,63.8438,63.6975,63.8073,21080100
2020-12-31,63.7926,63.8877,63.7634,63.8585,12059900
2021-01-04,63.9316,63.9316,63.5439,63.7268,34528300
2021-01-05,63.6537,63.8219,63.6244,63.7488,33725500
2021-01-06,63.7048,63.8877,63.6171,63.6317,37148100
2021-01-07,63.7707,63.9097,63.7341,63.8146,25868200
2021-01-08,63.8950,63.9170,63.7414,63.9097,27403600
2021-01-11,63.6536,63.7634,63.5586,63.5659,26608000
2021-01-12,63.5585,63.6902,63.4854,63.6463,41746100
2021-01-13,63.6244,63.8658,63.6024,63.8365,47710300
2021-01-14,63.8365,63.9169,63.7999,63.8219,25484800
2021-01-15,63.7414,63.8365,63.6756,63.7195,48134800
2021-01-19,63.8950,63.9170,63.7487,63.9023,24270500
2021-01-20,64.0925,64.0925,63.9097,64.0194,24534700
2021-01-21,63.9828,64.0560,63.9170,63.9828,20451400
2021-01-22,63.8438,63.9243,63.7707,63.8585,26615900
2021-01-25,63.8585,63.8877,63.6610,63.8731,28718200
2021-01-26,63.8512,63.8804,63.7707,63.7780,39103500
2021-01-27,63.6536,63.7999,63.5000,63.5951,46378600
2021-01-28,63.7561,63.9975,63.7414,63.7853,38836200
2021-01-29,63.7341,63.9097,63.5586,63.6171,46095900
2021-02-01,63.7331,63.8505,63.6230,63.8212,35620700
2021-02-02,63.9827,64.0634,63.9386,63.9753,29522300
2021-02-03,64.0194,64.1369,63.9974,64.0267,31911000
2021-02-04,64.1295,64.2176,64.1001,64.1589,21181100
2021-02-05,64.3351,64.3498,64.2250,64.2543,21653100
2021-02-08,64.3057,64.4452,64.2837,64.4452,16590100
2021-02-09,64.3498,64.4085,64.2910,64.3277,14404300
2021-02-10,64.3277,64.3718,64.2176,64.3130,20469400
2021-02-11,64.3424,64.3718,64.2690,64.3424,17047200
2021-02-12,64.2764,64.4526,64.2764,64.4452,17800100
2021-02-16,64.4085,64.4158,64.2910,64.3424,22264400
2021-02-17,64.2103,64.3204,64.1882,64.3204,20276700
2021-02-18,64.2176,64.3057,64.1589,64.2323,26366700
2021-02-19,64.3351,64.3351,64.2250,64.2396,28124800
2021-02-22,64.1442,64.2103,64.0414,64.0414,25455400
2021-02-23,64.0121,64.2470,63.8799,64.1956,29015900
2021-02-24,64.1001,64.2617,64.0414,64.2617,21791800
2021-02-25,64.1148,64.1809,63.5789,63.6523,59413400
2021-02-26,63.7845,63.8139,63.4394,63.4615,46615300
2021-03-01,63.8571,64.2181,63.7761,64.1739,48014200
2021-03-02,64.2108,64.2181,64.0487,64.0781,23988500
2021-03-03,63.9824,64.0339,63.8497,63.8718,30197000
2021-03-04,63.9160,64.0634,63.4224,63.6287,49020300
2021-03-05,63.7245,63.8939,63.4297,63.8202,46950100
2021-03-08,63.7834,63.8350,63.3413,63.3561,39868700
2021-03-09,63.5255,63.6950,63.4224,63.4445,31441100
2021-03-10,63.5255,63.7318,63.4739,63.6434,23776600
2021-03-11,63.7908,63.9971,63.7908,63.8792,27728500
2021-03-12,63.7761,63.8055,63.6361,63.7024,21842000
2021-03-15,63.6582,63.7687,63.5919,63.7097,14719400
2021-03-16,63.6803,63.7245,63.4961,63.5624,22931400
2021-03-17,63.4371,63.8424,63.3929,63.6508,28345800
2021-03-18,63.4076,63.4887,63.1497,63.1645,37150300
2021-03-19,63.2603,63.4739,63.1056,63.4076,47467800
2021-03-22,63.5108,63.7466,63.4740,63.6360,32979500
2021-03-23,63.6213,63.7318,63.5477,63.7024,24705800
2021-03-24,63.7613,63.9528,63.7392,63.7392,31374500
2021-03-25,63.6950,63.8497,63.6287,63.8497,24070300
2021-03-26,63.9234,64.0487,63.7834,64.0413,25948000
2021-03-29,63.9971,64.1002,63.8792,64.0781,17447500
2021-03-30,63.9750,64.0118,63.9087,63.9234,19622100
2021-03-31,63.9971,64.2550,63.9897,64.2329,41604700
2021-04-01,64.2950,64.3689,64.2062,64.3689,30806600
2021-04-05,64.3763,64.4502,64.3467,64.3985,20758300
2021-04-06,64.4133,64.5389,64.4133,64.5094,15367900
2021-04-07,64.5241,64.5537,64.4428,64.4871,15645400
2021-04-08,64.5611,64.5833,64.4946,64.5094,11052100
2021-04-09,64.4280,64.4724,64.3910,64.4650,17413100
2021-04-12,64.3911,64.4207,64.3319,64.3985,15464500
2021-04-13,64.3245,64.4650,64.2506,64.4428,20643500
2021-04-14,64.4576,64.5315,64.3837,64.4132,17992800
2021-04-15,64.5611,64.6720,64.5167,64.6720,20944400
2021-04-16,64.6868,64.7089,64.5389,64.5389,32509300
2021-04-19,64.4650,64.5315,64.4059,64.4354,23904900
2021-04-20,64.3615,64.4206,64.2876,64.3245,22901000
2021-04-21,64.2950,64.5389,64.2876,64.5389,19527000
2021-04-22,64.5537,64.5611,64.4058,64.4206,18506500
2021-04-23,64.4649,64.6498,64.4576,64.5906,14388700
2021-04-26,64.5980,64.6720,64.5315,64.5611,12746100
2021-04-27,64.5980,64.5980,64.4724,64.4724,17660600
2021-04-28,64.4945,64.6498,64.4428,64.5980,14795000
2021-04-29,64.7237,64.7237,64.5759,64.6720,17152900
2021-04-30,64.5906,64.6794,64.5759,64.6424,23367500
2021-05-03,64.7047,64.7789,64.6602,64.6676,15782400
2021-05-04,64.6157,64.6454,64.5119,64.6306,23089700
2021-05-05,64.6750,64.7714,64.6602,64.7566,13676300
2021-05-06,64.7492,64.7863,64.6454,64.7344,23110100
2021-05-07,64.7937,64.8382,64.7047,64.7789,17872700
2021-05-10,64.8012,64.8160,64.6306,64.6306,16580800
2021-05-11,64.4599,64.6009,64.3932,64.5638,28683600
2021-05-12,64.4748,64.5193,64.2522,64.2522,31630100
2021-05-13,64.3635,64.5341,64.3561,64.4822,28689600
2021-05-14,64.5712,64.6899,64.5489,64.6899,22550800
2021-05-17,64.6825,64.6899,64.5267,64.5712,13545000
2021-05-18,64.6602,64.6602,64.4080,64.4154,16447500
2021-05-19,64.2374,64.4154,64.2152,64.2448,34701000
2021-05-20,64.2967,64.7863,64.2967,64.5193,28013700
2021-05-21,64.5934,64.6305,64.4748,64.6157,36466200
2021-05-24,64.6676,64.7641,64.6083,64.6899,24277800
2021-05-25,64.7270,64.7418,64.6380,64.6973,15466600
2021-05-26,64.6528,64.7344,64.6528,64.7196,14354900
2021-05-27,64.8160,64.8160,64.6825,64.6899,12682100
2021-05-28,64.7566,64.7937,64.6676,64.6676,15464100
2021-06-01,64.7949,64.8693,64.7502,64.8619,22655300
2021-06-02,64.8619,64.9512,64.8396,64.9437,13698300
2021-06-03,64.7726,64.9214,64.7428,64.8098,16701800
2021-06-04,64.9214,64.9810,64.8768,64.9512,26829200
2021-06-07,64.9661,65.0107,64.9437,64.9735,9189800
2021-06-08,65.0777,65.0777,64.9810,65.0182,10983900
2021-06-09,65.1000,65.1149,65.0479,65.0702,13232200
2021-06-10,65.1223,65.2414,65.0926,65.1893,15290000
2021-06-11,65.2340,65.2638,65.1596,65.2117,12559600
2021-06-14,65.1893,65.1893,65.1000,65.1521,19408600
2021-06-15,65.1075,65.1745,65.0777,65.1447,16037000
2021-06-16,65.1447,65.1745,64.9437,65.0554,21267200
2021-06-17,65.0926,65.1224,65.0331,65.1000,21099000
2021-06-18,65.0033,65.0851,64.9660,65.0702,35134500
2021-06-21,65.1373,65.1968,65.0852,65.1968,21265000
2021-06-22,65.1744,65.2414,65.1372,65.2414,14604400
2021-06-23,65.2191,65.3085,65.1745,65.1745,16583100
2021-06-24,65.3010,65.3754,65.2712,65.3754,12722300
2021-06-25,65.3829,65.4573,65.3680,65.4424,16175000
2021-06-28,65.4722,65.4722,65.3903,65.4349,16019300
2021-06-29,65.4498,65.5168,65.4424,65.5168,12728000
2021-06-30,65.4722,65.5466,65.4647,65.5243,26093500
2021-07-01,65.5855,65.6527,65.5706,65.6527,31932400
2021-07-02,65.6826,65.7647,65.6527,65.7572,11464800
2021-07-06,65.7572,65.7722,65.6676,65.7199,17784300
2021-07-07,65.7797,65.7871,65.6602,65.7423,11463700
2021-07-08,65.5706,65.6602,65.5407,65.6004,21936400
2021-07-09,65.6228,65.7273,65.6153,65.7124,17698100
2021-07-12,65.7124,65.7274,65.6303,65.6900,17546700
2021-07-13,65.6527,65.6826,65.4884,65.4959,26938600
2021-07-14,65.5706,65.6228,65.5183,65.6004,16100200
2021-07-15,65.5407,65.5780,65.5033,65.5556,16384800
2021-07-16,65.5930,65.5930,65.4436,65.4660,17820400
2021-07-19,65.3092,65.3316,64.9508,65.0254,54224700
2021-07-20,65.0852,65.3615,65.0254,65.3540,26941300
2021-07-21,65.3988,65.5332,65.3839,65.5108,18522600
2021-07-22,65.5183,65.6004,65.4511,65.5482,17110500
2021-07-23,65.6228,65.7049,65.5855,65.6751,19441000
2021-07-26,65.6527,65.6900,65.5482,65.5780,15282700
2021-07-27,65.4884,65.5407,65.3839,65.4884,19919000
2021-07-28,65.5631,65.6004,65.4660,65.5407,15129200
2021-07-29,65.5855,65.7124,65.5855,65.6826,18675000
2021-07-30,65.6602,65.6900,65.5930,65.5930,21062100
2021-08-02,65.6776,65.6926,65.4304,65.4304,27274400
2021-08-03,65.4679,65.5203,65.3854,65.5053,16058700
2021-08-04,65.4529,65.4903,65.3855,65.3855,17113300
2021-08-05,65.4229,65.5652,65.4229,65.5353,15465700
2021-08-06,65.4978,65.5652,65.4529,65.4604,12923200
2021-08-09,65.4304,65.4454,65.3105,65.3105,10788700
2021-08-10,65.3180,65.3255,65.1532,65.1607,31522900
2021-08-11,65.2056,65.2955,65.1832,65.2656,15834400
2021-08-12,65.2656,65.3930,65.2431,65.3780,14127800
2021-08-13,65.4004,65.5203,65.4004,65.5203,10016800
2021-08-16,65.5053,65.5428,65.4379,65.5428,12598100
2021-08-17,65.4679,65.4754,65.3255,65.3930,18468400
2021-08-18,65.4005,65.4679,65.2431,65.2431,12147600
2021-08-19,65.1757,65.3255,65.1382,65.2356,20026700
2021-08-20,65.2506,65.4229,65.2431,65.3930,16784100
2021-08-23,65.4828,65.6177,65.4828,65.5952,21933100
2021-08-24,65.6102,65.7001,65.5877,65.6851,20828100
2021-08-25,65.7001,65.7900,65.6701,65.7525,19085400
2021-08-26,65.7451,65.7526,65.6102,65.7151,17676100
2021-08-27,65.7375,65.9173,65.7225,65.8948,18519700
2021-08-30,65.9099,65.9998,65.8949,65.9773,11640000
2021-08-31,65.9698,65.9998,65.9024,65.9923,19163900
2021-09-01,66.0111,66.1163,65.9960,66.0487,22973500
2021-09-02,66.1313,66.1463,66.0787,66.1313,16521300
2021-09-03,66.1012,66.1613,66.0486,66.1388,6491000
2021-09-07,66.1238,66.1238,65.9584,65.9659,11728800
2021-09-08,65.9735,66.0637,65.9134,66.0411,13020900
2021-09-09,66.0336,66.1163,66.0261,66.1012,23024700
2021-09-10,66.1914,66.1989,65.9960,66.0035,16112600
2021-09-13,66.0937,66.1764,66.0486,66.1689,17136900
2021-09-14,66.1914,66.2215,66.1087,66.1388,20108000
2021-09-15,66.1463,66.2365,66.1388,66.2365,17069500
2021-09-16,66.2140,66.2365,66.0937,66.2140,13859700
2021-09-17,66.1914,66.1989,66.1087,66.1313,38948500
2021-09-20,65.8307,65.9885,65.7931,65.8984,49641000
2021-09-21,66.0036,66.0411,65.8908,66.0111,27304200
2021-09-22,66.1087,66.1914,66.0185,66.1313,24344800
2021-09-23,66.1689,66.2515,66.1012,66.1613,27590300
2021-09-24,66.1012,66.1463,66.0261,66.0636,21713200
2021-09-27,65.9509,66.0486,65.9284,66.0035,17652900
2021-09-28,65.8758,65.9058,65.6654,65.7029,35515900
2021-09-29,65.7781,65.9134,65.7631,65.8232,19783400
2021-09-30,65.8607,65.8908,65.6654,65.7480,41680700
2021-10-01,65.8603,65.9584,65.7020,65.9056,30062800
2021-10-04,65.8604,65.8830,65.6568,65.6719,24726400
2021-10-05,65.7397,65.7624,65.6191,65.6417,22347700
2021-10-06,65.4984,65.6266,65.4230,65.6040,28905900
2021-10-07,65.6945,65.8227,65.5663,65.6115,29054000
2021-10-08,65.5965,65.6342,65.4156,65.4156,28064300
2021-10-11,65.4155,65.4532,65.2119,65.2119,16068400
2021-10-12,65.2949,65.4231,65.2798,65.3326,32922200
2021-10-13,65.3703,65.5060,65.2647,65.5060,29370400
2021-10-14,65.6342,65.8830,65.6266,65.8755,26937000
2021-10-15,65.8905,65.8905,65.7246,65.7623,29782900
2021-10-18,65.6115,65.7322,65.5889,65.7322,20338400
2021-10-19,65.7322,65.7850,65.6869,65.7774,26103300
2021-10-20,65.7849,65.8151,65.7397,65.8000,19720100
2021-10-21,65.7850,65.8151,65.5890,65.6342,19273600
2021-10-22,65.6115,65.6417,65.4457,65.4758,20734400
2021-10-25,65.5512,65.6568,65.4230,65.5889,20230000
2021-10-26,65.6869,65.7473,65.6040,65.6040,19617200
2021-10-27,65.6719,65.6945,65.5437,65.5512,18521300
2021-10-28,65.5814,65.7171,65.5814,65.7171,16374700
2021-10-29,65.6115,65.6342,65.5437,65.5437,26521600
2021-11-01,65.6019,65.6398,65.4658,65.4733,29987000
2021-11-02,65.4734,65.6852,65.4734,65.6322,26441600
2021-11-03,65.5868,65.7759,65.5717,65.7608,22984200
2021-11-04,65.8213,66.2297,65.8062,65.9347,28989800
2021-11-05,66.0331,66.1995,65.9952,66.1843,27595000
2021-11-08,66.2524,66.2676,66.0633,66.1012,11957900
2021-11-09,66.1012,66.1541,66.0180,66.1541,13732600
2021-11-10,66.0709,66.0709,65.7608,65.7835,30438400
2021-11-11,65.8288,65.8364,65.6700,65.6700,10086100
2021-11-12,65.7456,65.8440,65.6851,65.6927,26392400
2021-11-15,65.7381,65.7456,65.6019,65.6170,17057100
2021-11-16,65.6322,65.7078,65.6095,65.6473,14302000
2021-11-17,65.6700,65.6852,65.5793,65.5793,17919200
2021-11-18,65.6624,65.6624,65.5263,65.5263,23421300
2021-11-19,65.5263,65.6322,65.4733,65.4733,45282700
2021-11-22,65.5339,65.5566,65.2162,65.2237,26266000
2021-11-23,65.2237,65.3296,65.0725,65.1330,33967100
2021-11-24,65.0498,65.1330,64.8682,65.1178,31158800
2021-11-26,64.7548,64.7623,64.5505,64.6489,36123400
2021-11-29,64.9060,65.1481,64.8682,65.0498,31728900
2021-11-30,65.0195,65.1027,64.6867,64.7775,35465700
2021-12-01,65.0901,65.2191,64.7486,64.7866,41845200
2021-12-02,64.8245,65.3102,64.8169,65.2647,42383500
2021-12-03,65.3026,65.3405,65.1356,65.2647,47368800
2021-12-06,65.2875,65.6290,65.2647,65.5531,28211300
2021-12-07,65.8035,66.0767,65.7504,65.9021,42893500
2021-12-08,65.8566,65.9249,65.7807,65.8870,26598200
2021-12-09,65.8718,65.8718,65.5910,65.5910,24939100
2021-12-10,65.6897,65.7656,65.6669,65.7428,20247200
2021-12-13,65.7428,65.8035,65.6897,65.7428,17125800
2021-12-14,65.6441,65.7124,65.5151,65.6289,20310500
2021-12-15,65.6213,65.9021,65.5151,65.8794,31699000
2021-12-16,65.9068,65.9677,65.7849,65.8306,27374000
2021-12-17,65.7621,65.8763,65.6479,65.7697,27248200
2021-12-20,65.5870,65.7088,65.5565,65.6555,27560400
2021-12-21,65.7469,66.0134,65.7469,66.0058,24390500
2021-12-22,65.9829,66.1962,65.9753,66.1809,17433300
2021-12-23,66.2190,66.4094,66.2038,66.3713,15612100
2021-12-27,66.3789,66.4931,66.3485,66.4398,13396700
2021-12-28,66.4170,66.4322,66.3103,66.4093,17150700
2021-12-29,66.3637,66.3865,66.2875,66.3028,16760300
2021-12-30,66.3256,66.3256,66.2418,66.2723,12326100
2021-12-31,66.2952,66.3409,66.2343,66.2571,11505300
2022-01-03,66.1885,66.2266,66.0667,66.2266,35368400
2022-01-04,66.2495,66.2495,65.9982,66.0591,33609900
2022-01-05,66.0515,66.0819,65.5489,65.5489,44808500
2022-01-06,65.5641,65.7316,65.5260,65.5565,42823200
2022-01-07,65.5565,65.5641,65.3813,65.3890,34630100
2022-01-10,65.3052,65.4575,65.0082,65.4423,52621800
2022-01-11,65.4804,65.7469,65.2976,65.7469,32513100
2022-01-12,65.8458,65.8839,65.7468,65.8535,24621400
2022-01-13,65.8382,65.8687,65.5946,65.6174,31699700
2022-01-14,65.5717,65.6631,65.4879,65.5565,31046200
2022-01-18,65.3661,65.3737,65.1910,65.2367,46331500
2022-01-19,65.3509,65.4575,65.1529,65.1758,31390200
2022-01-20,65.2976,65.4651,65.0387,65.0539,38217700
2022-01-21,65.0539,65.1834,64.9778,65.0615,57098000
2022-01-24,64.8712,65.0387,64.5513,64.9930,79230800
2022-01-25,64.7950,64.9473,64.6503,64.8026,43642700
2022-01-26,65.0844,65.3890,64.4981,64.5818,63574900
2022-01-27,64.7417,64.8179,64.1554,64.3001,47351000
2022-01-28,64.1554,64.4904,63.9269,64.4828,51496700
2022-01-31,64.3457,64.5970,64.1325,64.4980,78932100
2022-02-01,64.6929,64.7923,64.4789,64.7541,42377300
2022-02-02,64.8840,64.9298,64.6624,64.8534,29261500
2022-02-03,64.5553,64.6088,64.2649,64.2726,44760800
2022-02-04,64.0127,64.1197,63.5848,64.0204,65508300
2022-02-07,63.8446,64.0892,63.7529,63.9745,37620700
2022-02-08,64.0280,64.0815,63.8752,63.9057,39549000
2022-02-09,64.1503,64.2879,64.1503,64.2420,37641800
2022-02-10,63.8446,64.0662,63.3860,63.3937,57751400
2022-02-11,63.6077,63.6230,63.0116,63.1721,58997100
2022-02-14,63.1644,63.3020,62.8358,63.0651,36550200
2022-02-15,63.2332,63.2867,63.0956,63.1721,32724800
2022-02-16,63.1339,63.5695,63.0804,63.5237,38996000
2022-02-17,63.4090,63.4090,63.2103,63.2562,30755200
2022-02-18,63.1950,63.4243,63.1415,63.3479,43848800
2022-02-22,63.3096,63.4701,63.1186,63.2027,37004300
2022-02-23,63.3173,63.3631,63.0727,63.0880,36545400
2022-02-24,62.5989,63.5695,62.5378,63.5389,56132500
2022-02-25,63.6000,63.9134,63.6000,63.8981,44118800
2022-02-28,63.6001,64.1045,63.6001,63.9440,54006400
2022-03-01,63.9954,64.1564,63.6272,63.7652,43268500
2022-03-02,63.7269,63.9417,63.6195,63.9187,41489200
2022-03-03,64.0337,64.0491,63.0596,63.7269,23594200
2022-03-04,63.6195,63.6195,63.2666,63.3127,32141100
2022-03-07,63.1976,63.2130,62.7067,62.7604,43675900
2022-03-08,62.8064,62.9675,62.5149,62.5380,57474500
2022-03-09,62.9061,63.1439,62.7834,63.0595,31143000
2022-03-10,62.7144,62.7987,62.4536,62.5303,46408900
2022-03-11,62.6147,62.6300,62.0240,62.0777,40097000
2022-03-14,62.0163,62.0317,61.2723,61.3413,61536700
2022-03-15,61.4641,61.9473,61.4411,61.8016,57385300
2022-03-16,62.1008,62.6991,61.7863,62.6684,66254800
2022-03-17,62.7221,63.1286,62.7067,63.0979,48573700
2022-03-18,62.9752,63.3127,62.8601,63.3050,59780500
2022-03-21,63.1976,63.2436,62.4535,62.5763,62364300
2022-03-22,62.6377,62.9522,62.5150,62.8985,40148600
2022-03-23,62.7911,62.9061,62.5840,62.6990,36294900
2022-03-24,62.6914,62.8524,62.5303,62.8294,18435800
2022-03-25,62.8371,62.8371,62.3309,62.3769,36497500
2022-03-28,62.3462,62.7834,62.3308,62.7680,26886100
2022-03-29,63.0519,63.5581,63.0135,63.5428,49781100
2022-03-30,63.3741,63.4354,63.1977,63.3511,43905200
2022-03-31,63.4277,63.4584,63.1056,63.1209,40717600
2022-04-01,63.0239,63.1779,62.8852,63.1163,31316100
2022-04-04,63.1702,63.6015,63.1548,63.5938,32710900
2022-04-05,63.4552,63.5168,62.7466,62.7697,51886400
2022-04-06,62.3384,62.6927,62.1459,62.2768,67118000
2022-04-07,62.3384,62.4154,62.1690,62.1767,42831400
2022-04-08,61.9841,62.1767,61.7916,61.7993,42177200
2022-04-11,61.5990,61.6684,61.2910,61.3757,42293400
2022-04-12,61.7993,62.0920,61.6684,61.8455,38031000
2022-04-13,61.9533,62.2922,61.9071,62.2152,31635500
2022-04-14,62.2152,62.2999,61.6376,61.7993,45130400
2022-04-18,61.7377,61.8917,61.6145,61.6992,20864100
2022-04-19,61.5836,61.7608,61.5066,61.6452,29920800
2022-04-20,61.8301,61.9533,61.7377,61.8378,25769700
2022-04-21,61.9918,62.0303,61.3603,61.4142,38695100
2022-04-22,61.3372,61.3526,60.9752,61.0445,28243000
2022-04-25,61.1523,61.6144,61.0522,61.5605,35914500
2022-04-26,61.5374,61.5374,61.1908,61.1985,31171600
2022-04-27,61.2063,61.3603,60.8366,60.8982,37598600
2022-04-28,61.0291,61.3295,60.7981,61.2371,30808800
2022-04-29,60.9521,61.0368,60.4438,60.4823,35697100
2022-05-02,60.4320,60.5402,60.1769,60.4861,38674400
2022-05-03,60.6176,60.8959,60.5789,60.8032,42665700
2022-05-04,60.8109,61.5841,60.3702,61.4217,55154900
2022-05-05,61.0583,61.0970,60.1614,60.3315,53807900
2022-05-06,60.0222,60.3083,59.8521,59.9913,39256900
2022-05-09,59.6356,59.7748,59.3186,59.3573,38442700
2022-05-10,59.8367,59.9449,59.4114,59.6975,48419700
2022-05-11,59.5351,59.9140,59.3341,59.3418,42473500
2022-05-12,59.2723,59.5197,59.0712,59.3186,49069700
2022-05-13,59.5197,59.5815,59.0944,59.3882,49084400
2022-05-16,59.4114,59.5042,59.2027,59.3032,33300100
2022-05-17,59.4269,59.4346,59.1021,59.2490,41666500
2022-05-18,58.9243,58.9552,58.6924,58.7619,47647800
2022-05-19,58.7233,59.2800,58.6614,59.1563,53929100
2022-05-20,59.3650,59.3805,58.9398,59.1176,56691000
2022-05-23,59.2568,59.4269,59.2104,59.3496,29917100
2022-05-24,59.2104,59.7362,59.1872,59.7052,42246500
2022-05-25,59.7748,60.6485,59.7439,60.6098,56661500
2022-05-26,60.8341,61.4835,60.6717,61.4526,64773400
2022-05-27,61.7001,62.0016,61.5531,62.0016,52813100
2022-05-31,61.6537,61.7464,61.3289,61.4681,68424700
2022-06-01,61.4968,61.6676,61.1242,61.2407,87646100
2022-06-02,61.2562,61.5046,61.0777,61.4968,34752500
2022-06-03,61.2174,61.2174,60.9457,61.0389,36008000
2022-06-06,61.1475,61.1630,60.5111,60.5809,35756100
2022-06-07,60.3791,60.7904,60.3325,60.7206,31499900
2022-06-08,60.5731,60.5964,60.1230,60.2006,25361600
2022-06-09,59.9677,60.1618,59.6029,59.7194,49468700
2022-06-10,59.1450,59.1605,58.4309,58.7025,59907000
2022-06-13,57.6314,57.6780,56.5758,56.7388,122714600
2022-06-14,57.0105,57.6159,56.7000,57.1114,62818600
2022-06-15,57.5926,58.5163,57.4684,58.2213,70628200
2022-06-16,57.3598,57.5538,56.8320,57.2977,61583400
2022-06-17,57.4296,57.8798,57.2899,57.4762,49281000
2022-06-21,57.8255,57.9574,57.3830,57.4374,45924600
2022-06-22,57.3365,57.6314,57.2899,57.4219,38204800
2022-06-23,57.5848,57.8876,57.4995,57.8332,30961800
2022-06-24,58.0195,58.4930,57.8953,58.2446,38198600
2022-06-27,58.2912,58.2912,57.8876,57.8876,25658200
2022-06-28,57.9729,58.0506,57.2433,57.2511,39303800
2022-06-29,57.2200,57.2744,56.9949,57.1657,36806800
2022-06-30,56.9173,57.3054,56.7078,57.1347,45139900
2022-07-01,57.3054,57.8746,57.2664,57.6796,38849300
2022-07-05,57.3132,57.6797,56.9390,57.6251,38316200
2022-07-06,57.5315,57.6952,57.3210,57.4068,44706000
2022-07-07,57.7654,58.3814,57.7186,58.3424,44430400
2022-07-08,58.1319,58.4437,57.9759,58.3891,31230300
2022-07-11,58.3190,58.4126,58.0461,58.0617,28213700
2022-07-12,58.1319,58.3969,58.0851,58.2956,24036500
2022-07-13,57.6952,58.4125,57.6329,58.2332,46874900
2022-07-14,57.7576,58.1864,57.3912,58.1241,53953100
2022-07-15,58.2956,58.8647,58.2878,58.8647,48360800
2022-07-18,59.0129,59.0363,58.2332,58.2956,33302800
2022-07-19,58.5061,59.2078,58.5061,59.0675,31028200
2022-07-20,59.3014,59.7380,59.1610,59.3247,82881900
2022-07-21,59.2702,60.0810,59.2000,60.0264,52282000
2022-07-22,60.1200,60.4553,59.7614,59.9485,51055800
2022-07-25,59.9952,60.1044,59.7614,59.9329,26032000
2022-07-26,59.7380,59.8081,59.4729,59.5119,24151200
2022-07-27,59.7769,60.4007,59.7769,60.1668,35075700
2022-07-28,60.4553,60.8295,60.2136,60.7827,42335900
2022-07-29,60.7827,61.0868,60.6190,60.9621,33606800
2022-08-01,60.7695,61.1139,60.6677,60.9808,31595600
2022-08-02,60.8712,60.9417,60.6599,60.6990,40604400
2022-08-03,60.8791,61.2470,60.7147,61.2313,35660900
2022-08-04,61.3174,61.4035,61.1373,61.3956,24386400
2022-08-05,60.6599,61.1374,60.5738,61.0826,31006700
2022-08-08,61.3174,61.5600,61.0904,61.1374,19465600
2022-08-09,60.9965,61.0199,60.6599,60.6834,24675700
2022-08-10,61.4583,61.6540,61.3566,61.5914,38121800
2022-08-11,61.9905,62.0844,61.1530,61.2391,37778700
2022-08-12,61.4583,61.8105,61.2783,61.7870,16912300
2022-08-15,61.6931,61.8340,61.5600,61.6774,18441100
2022-08-16,61.6227,61.6227,61.2548,61.3878,22963200
2022-08-17,60.9574,61.0826,60.7304,60.7539,28774600
2022-08-18,60.9026,60.9573,60.7852,60.8478,19089300
2022-08-19,60.5269,60.5582,60.0964,60.2294,45428900
2022-08-22,59.7676,59.7990,59.4937,59.5485,42014200
2022-08-23,59.5641,59.7989,59.3528,59.6972,33240000
2022-08-24,59.6737,59.8772,59.6111,59.7676,16917400
2022-08-25,59.9398,60.3781,59.8381,60.3312,20080000
2022-08-26,60.3625,60.3625,59.2823,59.3371,34460600
2022-08-29,58.9771,59.3058,58.9067,59.1102,28020200
2022-08-30,59.1728,59.2198,58.4684,58.6562,66233900
2022-08-31,58.6797,58.7971,58.3196,58.3353,39161800
2022-09-01,58.1669,58.5288,57.8995,58.4894,38499700
2022-09-02,58.9928,59.0479,58.3872,58.4501,22364500
2022-09-06,58.4501,58.5130,58.0883,58.2928,28820900
2022-09-07,58.3715,59.1423,58.3557,59.1344,26853200
2022-09-08,58.9142,59.4255,58.8198,59.3940,26928000
2022-09-09,59.6850,59.9131,59.4884,59.6300,29526800
2022-09-12,59.8423,59.9603,59.5985,59.8109,30276100
2022-09-13,58.9771,59.1266,58.4265,58.4501,47111300
2022-09-14,58.4895,58.9221,58.4501,58.5366,29672400
2022-09-15,58.4344,58.5524,58.1355,58.1669,46282300
2022-09-16,57.8130,58.3636,57.7107,58.3636,56479900
2022-09-19,58.1355,58.5917,58.0804,58.5838,26891900
2022-09-20,58.2220,58.2613,57.9467,57.9860,32769500
2022-09-21,58.1276,58.3951,57.5456,57.8130,37851300
2022-09-22,57.6163,57.7265,57.2624,57.4669,48278100
2022-09-23,57.0736,57.2073,56.5388,56.7354,53312000
2022-09-26,56.5702,56.7747,56.0511,56.0668,42287400
2022-09-27,56.5466,56.5702,55.7679,55.9488,45295500
2022-09-28,56.3735,57.0185,56.1926,56.9477,48935800
2022-09-29,56.5781,56.6095,56.0983,56.4129,38068800
2022-09-30,56.4208,56.8534,56.1455,56.1533,42928700
2022-10-03,56.5968,57.0157,56.4861,56.8892,48967900
2022-10-04,57.6244,58.1224,57.5216,58.1144,45901300
2022-10-05,57.6402,58.0196,57.3951,57.8852,47833500
2022-10-06,57.8220,58.0670,57.6244,57.7113,37196000
2022-10-07,57.3635,57.5216,56.9920,57.0078,33983000
2022-10-10,56.9683,56.9999,56.0593,56.3122,37759700
2022-10-11,56.4229,56.9288,56.3517,56.4861,46344600
2022-10-12,56.4466,56.7944,56.4466,56.5810,32784800
2022-10-13,55.7036,56.8418,55.6482,56.7074,48832500
2022-10-14,57.0632,57.2054,56.3834,56.5257,37152100
2022-10-17,57.0315,57.3872,57.0236,57.2212,33820000
2022-10-18,57.8062,57.9485,57.3714,57.6244,37648400
2022-10-19,57.2291,57.4188,56.8971,57.0710,33194000
2022-10-20,57.0790,57.5058,56.6995,56.7549,47281100
2022-10-21,56.5889,57.3714,56.5652,57.3003,60211200
2022-10-24,57.3556,57.4900,57.0394,57.3398,29551200
2022-10-25,57.4821,57.9010,57.4663,57.8931,37459200
2022-10-26,57.7508,58.2646,57.6639,58.0512,50552100
2022-10-27,58.1935,58.6045,57.9880,58.4781,49481500
2022-10-28,58.6915,59.0393,58.5887,58.9286,123446800
2022-10-31,58.6283,58.6362,58.0354,58.0433,60269700
2022-11-01,58.6702,58.6781,58.0909,58.3924,39586700
2022-11-02,58.3686,58.9479,57.8291,57.8608,50659500
2022-11-03,57.2657,57.6386,57.0435,57.4482,37507100
2022-11-04,57.8211,58.0909,57.4482,57.8449,39849100
2022-11-07,57.9640,58.0116,57.6704,57.8370,24913000
2022-11-08,57.8846,57.9798,57.5990,57.7815,39489200
2022-11-09,57.6069,57.7180,56.9880,57.0911,45728900
2022-11-10,58.7019,58.9320,58.2893,58.8685,67165700
2022-11-11,58.8924,59.2653,58.6622,59.0748,20934800
2022-11-14,58.9161,58.9479,58.6146,58.6384,37932800
2022-11-15,59.2256,59.2732,58.7733,59.1542,50673700
2022-11-16,59.1066,59.1701,58.9637,59.0272,31124900
2022-11-17,58.5670,58.8527,58.5035,58.7733,34338000
2022-11-18,59.0828,59.0828,58.7337,58.9003,31663800
2022-11-21,58.8368,58.9955,58.7336,58.8765,19070500
2022-11-22,58.9876,59.3446,58.9241,59.3050,24572500
2022-11-23,59.2574,59.7493,59.2415,59.6382,30316300
2022-11-25,59.6303,59.6541,59.4319,59.5192,9465900
2022-11-28,59.3526,59.4557,58.8685,58.8923,31668900
2022-11-29,58.8923,59.1939,58.7813,59.1463,27162300
2022-11-30,59.1939,60.0588,59.0272,60.0350,41702100
2022-12-01,60.2174,60.2891,59.9067,60.2573,42134200
2022-12-02,59.7553,60.2334,59.7553,60.2095,27535800
2022-12-05,59.9863,60.0023,59.5162,59.6357,29736500
2022-12-06,59.6596,59.7632,59.3090,59.4206,24976800
2022-12-07,59.4046,59.8190,59.4046,59.7473,24614200
2022-12-08,59.8190,59.8748,59.6039,59.7951,23839500
2022-12-09,59.6198,60.0182,59.6198,59.7951,20687300
2022-12-12,59.9385,60.0820,59.8429,60.0262,22415700
2022-12-13,61.0461,61.1178,60.3130,60.6477,45923300
2022-12-14,60.5680,60.7274,59.9385,60.3051,57177300
2022-12-15,60.0055,60.1657,59.7812,60.0776,41666500
2022-12-16,59.7331,59.9254,59.6050,59.7572,38197100
2022-12-19,59.5249,59.6450,59.3246,59.4528,24135100
2022-12-20,59.1564,59.4288,59.0282,59.3006,32917800
2022-12-21,59.5970,59.9174,59.5489,59.8052,23211500
2022-12-22,59.5730,59.6691,59.2125,59.4368,26893700
2022-12-23,59.3406,59.6370,59.2365,59.5890,13196500
2022-12-27,59.5329,59.5730,58.9401,58.9722,22108000
2022-12-28,59.0683,59.1404,58.1471,58.1791,41064800
2022-12-29,58.4114,58.9722,58.2753,58.9321,33378900
2022-12-30,58.7319,59.0122,58.6998,58.9802,15170300
2023-01-03,59.3647,59.4287,59.0042,59.0923,28787700
2023-01-04,59.4848,59.8052,59.2685,59.7732,37120100
2023-01-05,59.5649,59.7091,59.4208,59.6531,35142000
2023-01-06,59.9735,60.7024,59.8373,60.5021,60041200
2023-01-09,60.6784,60.8466,60.5903,60.7184,35806900
2023-01-10,60.6864,60.7745,60.5021,60.6463,35695500
2023-01-11,60.8786,61.0789,60.7585,61.0468,31826700
2023-01-12,61.1990,61.4394,60.9187,61.3913,29404900
2023-01-13,61.0869,61.4954,61.0549,61.3913,26301500
2023-01-17,61.2952,61.3192,61.1109,61.1830,30961200
2023-01-18,61.5595,61.7437,61.2391,61.2551,52989700
2023-01-19,61.0468,61.1430,60.8386,60.8946,50070900
2023-01-20,60.8786,61.0148,60.6623,61.0148,36625400
2023-01-23,60.9587,61.1750,60.8546,61.0068,26764800
2023-01-24,60.8866,61.0789,60.7825,61.0468,27774500
2023-01-25,60.8466,61.1029,60.7825,61.0388,25857700
2023-01-26,61.1670,61.2551,60.9507,61.1910,25512400
2023-01-27,61.0949,61.1750,60.9187,61.0068,35813400
2023-01-30,60.7825,60.9027,60.6543,60.6704,32002000
2023-01-31,60.8306,61.1670,60.8145,61.1430,41006600
2023-02-01,61.1575,61.9624,60.9965,61.7853,46900900
2023-02-02,62.2361,62.2521,62.0348,62.1395,56399900
2023-02-03,61.6565,61.8658,61.4392,61.4875,39682300
2023-02-06,61.2219,61.2541,61.0045,61.0931,40944200
2023-02-07,61.0367,61.4633,60.9965,61.3104,37101300
2023-02-08,61.2218,61.3023,60.9240,61.0528,34066600
2023-02-09,61.2621,61.2621,60.6021,60.6584,42581900
2023-02-10,60.3928,60.5699,60.1191,60.1915,65905000
2023-02-13,60.2318,60.5457,60.1674,60.3445,38741300
2023-02-14,60.2318,60.5216,59.9742,60.3606,54193600
2023-02-15,60.1432,60.2720,60.0305,60.2640,44897600
2023-02-16,59.9984,60.0386,59.7488,59.7810,89945400
2023-02-17,59.6845,60.1111,59.4591,60.0145,75910300
2023-02-21,59.4430,59.5879,58.8474,59.0888,98782400
2023-02-22,59.2418,59.7167,59.2418,59.4752,70093300
2023-02-23,59.7488,60.1513,59.6683,60.0628,47908100
2023-02-24,59.5637,59.8213,59.4993,59.7006,47576500
2023-02-27,59.9823,60.1835,59.8696,60.1030,40292000
2023-02-28,60.0789,60.0789,59.9018,59.9903,32999000
2023-03-01,59.9903,60.0065,59.6745,59.8203,45341400
2023-03-02,59.5045,59.9661,59.5045,59.8932,37886100
2023-03-03,60.1604,60.5815,60.0632,60.5086,50123300
2023-03-06,60.6463,60.7273,60.4600,60.5086,33430800
2023-03-07,60.5167,60.5491,60.0713,60.0794,40222100
2023-03-08,60.1199,60.2171,59.6745,59.7960,54303900
2023-03-09,59.8527,60.1037,59.3992,59.4640,52669500
2023-03-10,59.5044,59.8850,59.2534,59.4720,81516000
2023-03-13,59.2696,59.9094,58.9781,59.1482,78478100
2023-03-14,59.6745,59.8527,59.3344,59.5773,66395600
2023-03-15,58.9619,59.4397,58.7999,59.3830,81454700
2023-03-16,59.2210,59.8850,59.1319,59.7717,63386700
2023-03-17,59.4720,59.7474,59.3101,59.4154,55132200
2023-03-20,59.3020,59.5692,59.1724,59.2534,38540800
2023-03-21,59.6421,59.9903,59.5206,59.9013,38203400
2023-03-22,59.9094,60.5653,59.6907,59.9579,55263500
2023-03-23,59.9498,60.2252,59.5368,59.7231,54660900
2023-03-24,59.4802,59.6745,59.4316,59.6016,44225600
2023-03-27,59.7231,59.8122,59.4558,59.4558,30905100
2023-03-28,59.3425,59.4964,59.2291,59.4235,38277200
2023-03-29,59.6421,60.1766,59.6421,60.1685,44457300
2023-03-30,60.3062,60.5329,60.1442,60.5248,37130200
2023-03-31,60.7111,61.2617,60.6949,61.1808,54218900
2023-04-03,61.1254,61.2556,60.9871,61.1335,43302900
2023-04-04,61.1336,61.2230,60.8895,60.9546,46144300
2023-04-05,60.9139,60.9709,60.5397,60.6129,37633900
2023-04-06,60.5153,60.9790,60.4340,60.8814,35719600
2023-04-10,60.6699,60.8570,60.5316,60.8244,29083900
2023-04-11,60.8244,61.0929,60.7756,60.9546,28875100
2023-04-12,61.2637,61.3207,60.8895,60.9383,41457600
2023-04-13,61.0441,61.5159,61.0441,61.3532,95864000
2023-04-14,61.3369,61.4590,61.0766,61.2393,43767600
2023-04-17,61.0685,61.1417,60.8569,61.0766,26391100
2023-04-18,61.2230,61.3044,60.9953,61.1173,28030700
2023-04-19,60.8732,61.0034,60.8326,60.8732,26979400
2023-04-20,60.7268,60.9139,60.6455,60.8163,30203900
2023-04-21,60.9139,61.0359,60.7594,61.0034,33061800
2023-04-24,61.0359,61.2230,60.9708,61.1742,24661600
2023-04-25,61.1417,61.2556,61.0196,61.0766,34575300
2023-04-26,61.0603,61.1010,60.7512,60.8407,33762700
2023-04-27,60.9546,61.2149,60.8488,61.0441,39687600
2023-04-28,61.0604,61.4020,61.0604,61.3044,33821100
2023-05-01,61.2194,61.2766,60.8926,61.0233,37748300
2023-05-02,61.0234,61.0642,60.7619,60.9662,39045300
2023-05-03,61.0315,61.3093,60.9171,60.9335,33178300
2023-05-04,60.7701,60.7946,60.5331,60.7537,45207600
2023-05-05,60.9334,61.1622,60.8517,61.0805,31591500
2023-05-08,61.0315,61.0315,60.7701,60.9090,18367400
2023-05-09,60.7456,60.8518,60.6802,60.7537,21732900
2023-05-10,61.0887,61.2112,60.8926,61.1214,35392700
2023-05-11,61.0642,61.0887,60.9580,61.0233,25265500
2023-05-12,61.0151,61.1050,60.6883,60.8027,27553200
2023-05-15,60.8109,60.8599,60.7047,60.7864,19764500
2023-05-16,60.6720,60.6883,60.3043,60.3615,40998700
2023-05-17,60.4269,60.7374,60.4024,60.5249,38534100
2023-05-18,60.3452,60.6148,60.3043,60.5576,29129200
2023-05-19,60.6148,60.7537,60.5168,60.6230,36044900
2023-05-22,60.6393,61.0070,60.6393,60.8926,34897700
2023-05-23,60.7782,60.8518,60.5168,60.5740,32415500
2023-05-24,60.4024,60.4759,60.0266,60.1491,38083200
2023-05-25,60.3697,60.3861,60.0919,60.1083,21457900
2023-05-26,60.1737,60.5495,60.1491,60.4760,23547600
2023-05-30,60.7456,60.7456,60.5331,60.7374,27482600
2023-05-31,60.5739,60.6638,60.4187,60.5494,43393600
2023-06-01,60.5848,61.0034,60.5683,60.9131,42425700
2023-06-02,61.1266,61.3811,60.9952,61.2251,49950900
2023-06-05,61.1758,61.2005,61.0281,61.1758,24080200
2023-06-06,61.1184,61.2908,61.0116,61.2743,23006600
2023-06-07,61.3236,61.3975,60.8639,60.9377,32340900
2023-06-08,60.9378,61.3565,60.9378,61.3236,33987800
2023-06-09,61.3729,61.4549,61.3154,61.3400,27016700
2023-06-12,61.3975,61.4057,61.1430,61.2743,30629500
2023-06-13,61.4303,61.5206,61.2579,61.3482,39425900
2023-06-14,61.4057,61.5617,61.0855,61.3728,32864600
2023-06-15,61.4550,61.6930,61.4221,61.6684,42412300
2023-06-16,61.6438,61.6602,61.4878,61.5124,47560800
2023-06-20,61.4139,61.5124,61.3482,61.3482,31930500
2023-06-21,61.2251,61.3236,61.0691,61.1922,39751900
2023-06-22,61.0527,61.1430,60.9953,61.0117,31504700
2023-06-23,60.9213,60.9624,60.7489,60.9049,33811100
2023-06-26,60.9131,61.0198,60.8228,60.9377,36111900
2023-06-27,61.0035,61.2005,60.9870,61.1430,31707600
2023-06-28,61.1348,61.4960,61.0937,61.4960,35679600
2023-06-29,61.2743,61.3400,61.1019,61.3318,41712000
2023-06-30,61.5370,61.7669,61.4796,61.6273,35842000
2023-07-03,61.6381,61.6463,61.5060,61.5308,13046500
2023-07-05,61.5060,61.5225,61.2419,61.3409,37947100
2023-07-06,60.8953,60.9613,60.7302,60.8953,52251100
2023-07-07,60.8787,61.3492,60.8540,60.9530,42269100
2023-07-10,61.0108,61.3244,61.0025,61.2584,45752200
2023-07-11,61.4152,61.5886,61.3162,61.5886,32000700
2023-07-12,61.9765,62.1580,61.9187,62.0673,42820700
2023-07-13,62.3149,62.5047,62.2406,62.4387,33954200
2023-07-14,62.3726,62.4222,61.9435,61.9847,36081800
2023-07-17,61.9517,62.1993,61.9022,62.1003,28836600
2023-07-18,62.1498,62.3562,62.1251,62.2736,25990800
2023-07-19,62.3891,62.4387,62.2819,62.3231,26794800
2023-07-20,62.0755,62.1498,61.8857,62.0508,27028500
2023-07-21,62.0673,62.3066,62.0673,62.2076,37447800
2023-07-24,62.2571,62.3479,62.0838,62.1003,20925500
2023-07-25,62.0342,62.1250,61.9517,62.0590,30067600
2023-07-26,62.0342,62.3644,62.0012,62.3066,33068400
2023-07-27,62.4222,62.4717,61.6794,61.8114,48675800
2023-07-28,62.0755,62.2158,62.0260,62.1663,27588400
2023-07-31,62.2488,62.3974,62.2158,62.3149,30744800
2023-08-01,62.1639,62.1639,61.9317,62.0064,34529700
2023-08-02,61.7410,61.7990,61.5834,61.7410,37500500
2023-08-03,61.5420,61.6664,61.4425,61.5420,30348000
2023-08-04,61.9069,62.1474,61.8405,61.9069,37411900
2023-08-07,62.0230,62.0561,61.8654,62.0230,19412600
2023-08-08,61.9815,62.1971,61.9152,62.1557,32545600
2023-08-09,62.1640,62.2386,62.0313,62.1640,27569200
2023-08-10,62.2054,62.4874,61.9815,62.1474,43697200
2023-08-11,61.9317,62.0810,61.8488,62.0561,23329000
2023-08-14,61.9483,62.1391,61.8405,62.0478,28545100
2023-08-15,61.8820,62.0230,61.8239,61.8488,32968600
2023-08-16,61.8240,61.9898,61.6581,61.6581,31759400
2023-08-17,61.6912,61.7161,61.2517,61.4010,38546600
2023-08-18,61.2766,61.6332,61.2517,61.4425,44130500
2023-08-21,61.4342,61.4839,61.2351,61.4259,30768700
2023-08-22,61.5586,61.5834,61.4093,61.4590,18135400
2023-08-23,61.6995,62.0478,61.6995,61.9566,33378000
2023-08-24,61.9649,61.9649,61.5503,61.6166,34336100
2023-08-25,61.6332,61.9483,61.5835,61.8737,31149300
2023-08-28,62.1142,62.1391,61.9401,62.1059,21461600
2023-08-29,62.0396,62.4957,62.0147,62.4957,42178200
2023-08-30,62.4957,62.5952,62.4127,62.4708,29458200
2023-08-31,62.4210,62.5122,62.3298,62.4293,30824500
2023-09-01,62.6468,62.6885,62.3635,62.5468,33213100
2023-09-05,62.4551,62.4551,62.0885,62.1385,29500600
2023-09-06,62.0802,62.1136,61.8636,61.9886,30797500
2023-09-07,61.8886,62.2302,61.8886,62.1969,28757400
2023-09-08,62.3219,62.3885,62.1219,62.1719,26389100
2023-09-11,62.2552,62.2802,62.1302,62.2802,29159400
2023-09-12,62.1219,62.2885,62.1219,62.1802,21668500
2023-09-13,62.1552,62.4135,62.1552,62.3468,27498900
2023-09-14,62.4135,62.4885,62.3468,62.4218,29575900
2023-09-15,62.2385,62.3635,62.1885,62.1885,41636900
2023-09-18,62.1136,62.2968,62.1136,62.2302,19549700
2023-09-19,62.0969,62.1885,61.9969,62.0386,33937200
2023-09-20,62.1802,62.2885,61.9802,61.9886,26715100
2023-09-21,61.7386,61.7886,61.5470,61.5470,43327300
2023-09-22,61.6720,61.8802,61.6470,61.6553,36657300
2023-09-25,61.4970,61.6803,61.4303,61.5720,30197500
2023-09-26,61.5220,61.5636,61.2637,61.3054,39193000
2023-09-27,61.4803,61.5303,61.1137,61.2220,45532200
2023-09-28,61.1138,61.5387,61.0804,61.5137,45776600
2023-09-29,61.7719,61.8303,61.4137,61.4220,51698300
2023-10-02,61.2252,61.3425,60.9739,61.0493,69255900
2023-10-03,60.8064,60.9739,60.4044,60.4295,77754200
2023-10-04,60.5719,60.8315,60.4044,60.7394,138971500
2023-10-05,60.6975,60.8734,60.6389,60.7980,56138500
2023-10-06,60.5551,60.9907,60.3876,60.8818,52741500
2023-10-09,60.8902,61.3424,60.8902,61.3341,27277200
2023-10-10,61.1749,61.5099,61.0995,61.3173,50761600
2023-10-11,61.4346,61.5099,61.0409,61.3089,53330500
2023-10-12,61.2838,61.2838,60.7980,60.9823,60368000
2023-10-13,61.1498,61.3424,60.8734,60.9320,54191200
2023-10-16,60.9069,61.0661,60.8650,60.9153,39352900
2023-10-17,60.6556,60.8148,60.5468,60.6305,50948700
2023-10-18,60.5635,60.6892,60.2955,60.3374,58306500
2023-10-19,60.3374,60.6389,60.1196,60.1196,70971900
2023-10-20,60.1866,60.3792,60.1531,60.2452,64845500
2023-10-23,60.1112,60.6557,60.0359,60.4881,47508700
2023-10-24,60.6473,60.8232,60.5803,60.7980,46427900
2023-10-25,60.6473,60.6975,60.4044,60.4714,42518300
2023-10-26,60.4798,60.7897,60.3876,60.6808,45233400
2023-10-27,60.7394,60.8148,60.4965,60.6054,35621800
2023-10-30,60.5970,60.7226,60.5300,60.6221,29094000
2023-10-31,60.6473,60.9739,60.6222,60.7813,42185900
2023-11-01,60.8638,61.3606,60.8638,61.3606,59313100
2023-11-02,61.7480,62.1353,61.7395,62.0511,68930600
2023-11-03,62.4384,62.6995,62.3121,62.6574,88763600
2023-11-06,62.5142,62.6405,62.3458,62.4047,93899100
2023-11-07,62.3626,62.4890,62.2279,62.4132,50458200
2023-11-08,62.3963,62.5058,62.3626,62.4469,41143500
2023-11-09,62.3542,62.4721,62.0427,62.0595,62856100
2023-11-10,62.2363,62.3963,62.2027,62.3626,35563300
2023-11-13,62.1353,62.3626,62.1353,62.3037,37530100
2023-11-14,62.8342,63.0952,62.8342,62.9352,68210800
2023-11-15,62.8258,62.9100,62.6742,62.7331,44022800
2023-11-16,62.7584,62.8763,62.6910,62.8173,52928200
2023-11-17,62.8258,62.9605,62.7163,62.9605,44272100
2023-11-20,62.8595,63.1121,62.8595,63.0279,30846200
2023-11-21,62.9858,63.1289,62.9858,63.1121,29493900
2023-11-22,63.1963,63.2889,63.0531,63.2215,40866800
2023-11-24,63.1710,63.1795,63.1121,63.1542,8536200
2023-11-27,63.1541,63.3226,63.0952,63.2468,31007400
2023-11-28,63.2384,63.5500,63.1963,63.5247,44031100
2023-11-29,63.7773,64.0299,63.7520,63.8699,48815500
2023-11-30,63.8447,63.8784,63.5584,63.7520,55047100
2023-12-01,63.6878,64.2968,63.6116,64.2799,60321100
2023-12-04,63.9077,64.1615,63.9077,64.1192,33105700
2023-12-05,64.0092,64.2545,64.0092,64.1784,32466500
2023-12-06,64.2545,64.3137,64.1445,64.1868,21297200
2023-12-07,64.2799,64.4068,64.2207,64.2968,27779300
2023-12-08,64.1276,64.2122,64.0092,64.1699,30123200
2023-12-11,64.1192,64.1361,63.9246,64.1276,30141700
2023-12-12,64.0938,64.2968,63.9500,64.2714,29203400
2023-12-13,64.3729,65.2611,64.3391,65.2527,64201300
2023-12-14,65.5663,65.7789,65.4133,65.5408,67220400
2023-12-15,65.4813,65.7534,65.2433,65.3963,36336400
2023-12-18,65.5239,65.5239,65.2263,65.4389,34793600
2023-12-19,65.5154,65.7024,65.4899,65.6259,25269400
2023-12-20,65.7024,65.9149,65.6004,65.6344,38376400
2023-12-21,65.8894,65.9914,65.7279,65.9319,22861400
2023-12-22,66.0424,66.0934,65.8128,65.8554,18048400
2023-12-26,65.8809,65.9914,65.8639,65.9829,12374700
2023-12-27,66.0254,66.3739,65.9744,66.2549,22835300
2023-12-28,66.2209,66.2294,65.9149,66.0424,22648100
2023-12-29,66.0254,66.1869,65.7874,65.7874,36993900
2024-01-02,65.5664,65.6599,65.4898,65.5664,41547100
2024-01-03,65.2178,65.5238,65.0733,65.3878,39495500
2024-01-04,65.2944,65.3709,65.1158,65.1328,32856100
2024-01-05,65.1158,65.4558,65.0733,65.1838,31158500
2024-01-08,65.2008,65.6004,65.2008,65.5494,33479100
2024-01-09,65.4643,65.7279,65.4218,65.6514,25593500
2024-01-10,65.8044,65.8724,65.6938,65.7704,35702800
2024-01-11,65.7534,65.9914,65.6003,65.9829,35947100
2024-01-12,66.0339,66.2379,65.9914,66.0509,31155500
2024-01-16,65.9234,65.9234,65.5664,65.6344,43669900
2024-01-17,65.5238,65.5238,65.2263,65.3538,54160800
2024-01-18,65.4473,65.4983,65.3283,65.4898,34837600
2024-01-19,65.5153,65.6003,65.2688,65.6003,44359700
2024-01-22,65.6089,65.8214,65.6089,65.6514,36758900
2024-01-23,65.6174,65.6684,65.4813,65.5748,24561500
2024-01-24,65.7959,65.8214,65.4813,65.5408,27623300
2024-01-25,65.7704,66.0424,65.7109,66.0424,48268800
2024-01-26,66.0084,66.1104,65.9574,65.9914,26232800
2024-01-29,66.0169,66.1614,65.9404,66.1359,25924900
2024-01-30,66.1359,66.1614,65.9064,66.0509,32486600
2024-01-31,66.0509,66.2209,65.8214,65.8639,55548900
2024-02-01,66.0638,66.3030,65.8758,66.2432,48019300
2024-02-02,65.8246,66.0296,65.8161,65.9442,42727400
2024-02-05,65.7391,65.7904,65.4914,65.6366,51908600
2024-02-06,65.6708,65.9698,65.6708,65.8758,32948200
2024-02-07,66.0125,66.0382,65.7989,65.9869,42954100
2024-02-08,65.9356,66.0382,65.8844,65.9527,25548400
2024-02-09,65.9955,66.1321,65.9015,66.0894,33951400
2024-02-12,66.0638,66.1749,65.9271,65.9442,36249100
2024-02-13,65.4999,65.6110,65.3035,65.4145,69904200
2024-02-14,65.6025,65.7733,65.5512,65.6708,38603100
2024-02-15,65.7818,65.9783,65.7306,65.9015,44319900
2024-02-16,65.7221,65.7904,65.6281,65.7050,50322900
2024-02-20,65.6879,65.8929,65.6281,65.8417,31994100
2024-02-21,65.8331,65.8844,65.6281,65.7221,38674100
2024-02-22,65.9100,66.0467,65.8673,66.0382,45450200
2024-02-23,66.0980,66.1748,66.0296,66.0809,24686900
2024-02-26,66.0553,66.0809,65.8502,65.8673,32795300
2024-02-27,65.9100,65.9527,65.8246,65.9527,30926600
2024-02-28,65.9100,66.0211,65.8673,65.9442,24667600
2024-02-29,66.0381,66.1834,65.9869,66.0638,43322400
2024-03-01,66.0965,66.3370,65.9676,66.3112,39342900
2024-03-04,66.2597,66.3542,66.1824,66.2941,21607300
2024-03-05,66.2941,66.4573,66.2081,66.2425,38076900
2024-03-06,66.4144,66.5089,66.3113,66.4058,34335200
2024-03-07,66.5776,66.5948,66.4315,66.4831,30393000
2024-03-08,66.5776,66.7838,66.4917,66.5003,38317900
2024-03-11,66.4487,66.5260,66.4143,66.4917,27177600
2024-03-12,66.5948,66.5948,66.3800,66.5518,33351700
2024-03-13,66.5003,66.7408,66.5003,66.5776,28482200
2024-03-14,66.5604,66.5948,66.1824,66.2597,46677200
2024-03-15,66.2253,66.3628,66.1222,66.2167,53985300
2024-03-18,66.3885,66.4315,66.3112,66.3714,34649300
2024-03-19,66.3542,66.6549,66.3456,66.6377,41841500
2024-03-20,66.6205,66.8869,66.5604,66.8611,36886700
2024-03-21,66.9728,66.9814,66.7408,66.8267,34693300
2024-03-22,66.8525,66.9212,66.7236,66.7580,26955700
2024-03-25,66.6377,66.7322,66.6205,66.6549,29373100
2024-03-26,66.7322,66.7408,66.5604,66.5776,28522200
2024-03-27,66.7408,66.9298,66.6721,66.9298,28891100
2024-03-28,66.8439,66.9470,66.7752,66.7838,31546700
2024-04-01,66.7967,66.7967,66.4858,66.5117,47857400
2024-04-02,66.2872,66.4168,66.2527,66.3995,45551200
2024-04-03,66.3045,66.4858,66.2440,66.4513,29542300
2024-04-04,66.5895,66.6845,66.3045,66.3995,36056400
2024-04-05,66.3477,66.4340,66.3131,66.3391,30857300
2024-04-08,66.3477,66.5290,66.3045,66.4945,31067800
2024-04-09,66.5981,66.6931,66.5117,66.6327,32219100
2024-04-10,66.1923,66.2873,65.8900,66.0455,76623900
2024-04-11,66.0713,66.1145,65.8123,65.9850,50836000
2024-04-12,65.9591,65.9936,65.8468,65.9505,41441700
2024-04-15,66.0195,66.0195,65.4927,65.5705,55560400
2024-04-16,65.5532,65.5532,65.2768,65.3546,55746100
2024-04-17,65.5359,65.6655,65.3805,65.4409,48158800
2024-04-18,65.4409,65.5359,65.3200,65.4928,40291400
2024-04-19,65.5532,65.7000,65.5446,65.6136,54739500
2024-04-22,65.7518,66.0023,65.7259,65.9764,40772500
2024-04-23,66.0368,66.2872,65.9591,66.2441,43554400
2024-04-24,66.2095,66.2354,65.9504,66.0972,40496500
2024-04-25,65.7000,65.9763,65.5532,65.9591,46371600
2024-04-26,65.9504,66.2009,65.9504,66.1663,34500800
2024-04-29,66.2527,66.3650,66.2095,66.3650,33157800
2024-04-30,66.1491,66.2872,65.8814,65.8814,49937500
2024-05-01,65.9334,66.5238,65.9161,66.2286,71484700
2024-05-02,66.3935,66.6540,66.2633,66.6366,41497900
2024-05-03,66.9752,67.1835,66.7929,66.9144,44204400
2024-05-06,66.9926,67.0446,66.9492,66.9926,29547100
2024-05-07,67.0707,67.0881,66.8710,67.0012,34064000
2024-05-08,66.8363,66.8971,66.8016,66.8450,22959500
2024-05-09,66.8102,66.8970,66.7234,66.8623,24590900
2024-05-10,66.8536,66.8710,66.6800,66.7581,24633800
2024-05-13,66.8970,66.8970,66.7147,66.7408,22109800
2024-05-14,66.7755,66.8710,66.7582,66.8450,27298700
2024-05-15,67.0620,67.2443,67.0099,67.2356,56544400
2024-05-16,67.2443,67.2443,67.0707,67.0794,31749800
2024-05-17,67.0359,67.1141,66.9839,67.0880,31550300
2024-05-20,67.0446,67.1228,67.0186,67.1228,18665000
2024-05-21,67.0793,67.1922,67.0620,67.0707,20295900
2024-05-22,66.9752,67.0099,66.8623,66.9231,31110700
2024-05-23,66.9925,67.0360,66.6627,66.6887,36464700
2024-05-24,66.7929,66.9404,66.7060,66.9231,20488500
2024-05-28,66.9925,67.0099,66.6366,66.6540,27771700
2024-05-29,66.4456,66.5411,66.4282,66.4543,38800000
2024-05-30,66.5238,66.7408,66.5238,66.7234,44210200
2024-05-31,66.7755,66.9752,66.7755,66.9578,45381900
2024-06-03,67.0433,67.1654,67.0171,67.1654,36791300
2024-06-04,67.0869,67.2439,67.0782,67.1305,39230600
2024-06-05,67.2613,67.3486,67.1218,67.3486,29793700
2024-06-06,67.3137,67.3137,67.1915,67.2352,24398300
2024-06-07,66.9735,67.1043,66.9386,67.0607,32498800
2024-06-10,66.9910,67.1305,66.9474,67.1218,24875700
2024-06-11,67.0869,67.2177,67.0259,67.2090,25339600
2024-06-12,67.6712,67.7149,67.4619,67.4794,51775700
2024-06-13,67.6364,67.6364,67.3834,67.4706,38532000
2024-06-14,67.2526,67.3137,67.1131,67.2090,52953300
2024-06-17,67.1043,67.3224,67.0171,67.2526,33165000
2024-06-18,67.3311,67.5143,67.3137,67.4619,46845500
2024-06-20,67.4358,67.4532,67.2788,67.4183,26989000
2024-06-21,67.4096,67.5143,67.3398,67.4968,26857600
2024-06-24,67.4706,67.6015,67.4270,67.4270,28766200
2024-06-25,67.4706,67.5230,67.4009,67.5143,26111600
2024-06-26,67.3834,67.3922,67.3049,67.3660,29282000
2024-06-27,67.3311,67.4445,67.3137,67.4445,29404500
2024-06-28,67.4881,67.6102,67.2788,67.2788,34952000
2024-07-01,67.3971,67.4410,67.2393,67.2656,31113100
2024-07-02,67.2744,67.4673,67.2393,67.4497,30418400
2024-07-03,67.4410,67.6865,67.4410,67.6865,22067300
2024-07-05,67.7566,67.9057,67.7215,67.8881,25941500
2024-07-08,67.8706,67.9320,67.7829,67.8706,26962000
2024-07-09,67.8706,67.8706,67.7128,67.7917,19108500
2024-07-10,67.8706,67.9670,67.8355,67.9495,25361900
2024-07-11,68.1775,68.2476,68.1336,68.1950,44932500
2024-07-12,68.2038,68.4054,68.2038,68.3704,31688100
2024-07-15,68.4230,68.4493,68.3002,68.3791,23235600
2024-07-16,68.4493,68.6772,68.3879,68.6422,41375400
2024-07-17,68.4405,68.6071,68.4142,68.5632,32750400
2024-07-18,68.5983,68.6246,68.3616,68.4230,42513000
2024-07-19,68.4931,68.5019,68.2827,68.3704,36125700
2024-07-22,68.5369,68.6334,68.4843,68.6246,32378800
2024-07-23,68.6159,68.7561,68.5896,68.6334,28826900
2024-07-24,68.5632,68.6597,68.3967,68.4142,37612800
2024-07-25,68.4580,68.6772,68.4230,68.4230,35409000
2024-07-26,68.7123,68.7123,68.5720,68.6422,23683700
2024-07-29,68.7386,68.7737,68.5106,68.5808,28468400
2024-07-30,68.6772,68.6948,68.4931,68.6159,33652100
2024-07-31,68.8000,68.9139,68.7035,68.8613,50714800
2024-08-01,68.9134,69.0103,68.6930,68.7106,51319800
2024-08-02,68.5784,68.7194,68.4021,68.4815,71578700
2024-08-05,67.5472,68.1994,67.4944,68.0584,104456100
2024-08-06,68.2876,68.5784,68.0143,68.3140,60113400
2024-08-07,68.7283,68.7547,68.4022,68.4462,56107800
2024-08-08,68.6578,68.7635,68.5608,68.7283,31528100
2024-08-09,68.7635,68.8252,68.5961,68.7195,29759900
2024-08-12,68.7811,68.7811,68.6313,68.7635,33878400
2024-08-13,68.8428,69.0896,68.8252,69.0808,37310200
2024-08-14,69.0632,69.2306,69.0103,69.2042,36086900
2024-08-15,69.2394,69.2923,69.1425,69.2659,39411300
2024-08-16,69.2306,69.5215,69.2218,69.4862,33682600
2024-08-19,69.4598,69.6272,69.4069,69.6008,29604300
2024-08-20,69.6361,69.6537,69.4245,69.5391,33189300
2024-08-21,69.6096,69.7242,69.5479,69.6977,34266700
2024-08-22,69.6977,69.7065,69.5303,69.6096,29292100
2024-08-23,69.7859,69.9798,69.6977,69.9798,32590900
2024-08-26,69.9710,70.0062,69.8300,69.8388,20460100
2024-08-27,69.7594,69.9533,69.7242,69.8828,22784300
2024-08-28,69.9005,69.9093,69.7859,69.8476,22351600
2024-08-29,69.9181,69.9445,69.8300,69.9181,18353000
2024-08-30,69.9974,69.9974,69.8388,69.9269,27633300
2024-09-03,69.8561,69.9269,69.6524,69.6789,31596800
2024-09-04,69.6612,70.0066,69.6612,69.9357,32371800
2024-09-05,70.0598,70.2103,70.0066,70.1749,44675300
2024-09-06,70.2014,70.2988,69.9535,70.0863,49888900
2024-09-09,70.2014,70.2989,70.1040,70.2546,24823800
2024-09-10,70.2634,70.2900,70.0509,70.1218,38347600
2024-09-11,70.0420,70.2368,69.9357,70.2280,42342700
2024-09-12,70.1837,70.3963,70.1483,70.3254,28515000
2024-09-13,70.4228,70.5645,70.4051,70.5202,31806800
2024-09-16,70.5468,70.7593,70.5291,70.6974,31402400
2024-09-17,70.7594,70.7948,70.6708,70.7151,27423900
2024-09-18,70.7416,71.0959,70.6619,70.7771,39546900
2024-09-19,71.1047,71.1402,70.9276,70.9896,48785900
2024-09-20,70.9896,71.0782,70.8479,71.0782,43626300
2024-09-23,71.0162,71.0339,70.9188,70.9453,29049400
2024-09-24,70.9542,71.0073,70.8479,70.9542,28674500
2024-09-25,70.9188,70.9453,70.8656,70.8745,28899100
2024-09-26,71.0162,71.0162,70.8656,70.9896,32732300
2024-09-27,71.0428,71.1756,71.0251,71.1668,36712700
2024-09-30,71.1402,71.1756,71.0162,71.1136,31551500
2024-10-01,71.1848,71.1937,71.0157,71.0780,45992200
2024-10-02,70.9979,71.0869,70.9178,71.0869,41214300
2024-10-03,70.9979,71.0246,70.8644,70.9178,31147700
2024-10-04,70.9089,70.9356,70.7843,70.8377,40122800
2024-10-07,70.7843,70.7843,70.5263,70.5352,69202500
2024-10-08,70.6330,70.7131,70.5707,70.7042,40947200
2024-10-09,70.6953,70.7309,70.6063,70.6597,42426500
2024-10-10,70.6598,70.6687,70.5263,70.6242,30091700
2024-10-11,70.6064,70.8288,70.6064,70.8110,26970800
2024-10-14,70.8555,70.8644,70.6597,70.8466,12065800
2024-10-15,70.8377,70.9445,70.8199,70.8288,31134400
2024-10-16,70.9267,71.0246,70.8911,70.9534,31626300
2024-10-17,70.9890,71.0157,70.7309,70.8466,46599300
2024-10-18,70.9267,71.0157,70.8822,71.0157,28905600
2024-10-21,70.8911,70.9356,70.6597,70.7309,36341500
2024-10-22,70.6865,70.7132,70.5530,70.6331,35466600
2024-10-23,70.5352,70.5708,70.3661,70.4195,39761500
2024-10-24,70.5708,70.6776,70.4996,70.6242,30163900
2024-10-25,70.7132,70.7933,70.5263,70.5530,35590200
2024-10-28,70.6775,70.7665,70.6419,70.7309,31854500
2024-10-29,70.5263,70.7665,70.5085,70.7487,42992200
2024-10-30,70.7398,70.8822,70.5975,70.6242,28728700
2024-10-31,70.6419,70.6419,70.4284,70.4284,43194600
2024-11-01,70.6833,70.7280,70.4150,70.4328,44045700
2024-11-04,70.7011,70.7459,70.5580,70.6296,27291200
2024-11-05,70.6028,70.8353,70.6028,70.8264,31611900
2024-11-06,70.8532,70.9784,70.7280,70.9516,43173100
2024-11-07,70.9247,71.2825,70.8800,71.2557,51325800
2024-11-08,71.3541,71.3988,71.2557,71.3719,30543400
2024-11-11,71.3630,71.3898,71.2915,71.2915,11008700
2024-11-12,71.2020,71.2825,70.9516,71.0053,44594900
2024-11-13,71.1841,71.1930,70.9963,71.0231,33873600
2024-11-14,71.0678,71.1305,70.8711,70.8711,32749300
2024-11-15,70.8264,70.9069,70.7012,70.8621,33709500
2024-11-18,70.8979,71.0053,70.8264,70.9963,27780900
2024-11-19,70.9426,71.1662,70.9247,71.1036,34523200
2024-11-20,71.0947,71.1036,71.0053,71.0858,19934000
2024-11-21,71.1394,71.2289,71.0768,71.1126,28040000
2024-11-22,71.1036,71.1841,71.0589,71.0947,29564900
2024-11-25,71.3004,71.4167,71.3004,71.3630,35003000
2024-11-26,71.3720,71.3720,71.1752,71.2289,41103500
2024-11-27,71.2915,71.4435,71.2736,71.4435,30239600
2024-11-29,71.5598,71.6134,71.4524,71.5866,25037800
2024-12-02,71.8121,71.8121,71.4527,71.5605,32387400
2024-12-03,71.6234,71.6414,71.5246,71.5605,24868500
2024-12-04,71.6145,71.7313,71.5516,71.7313,22733500
2024-12-05,71.6863,71.7133,71.6144,71.6683,23106300
2024-12-06,71.7762,71.8750,71.7402,71.7851,29931300
2024-12-09,71.7851,71.8211,71.6773,71.6953,22095100
2024-12-10,71.8211,71.8211,71.6414,71.7313,27195200
2024-12-11,71.8211,71.8301,71.7222,71.7492,24730000
2024-12-12,71.7043,71.8660,71.5426,71.5516,29081600
2024-12-13,71.6144,71.6144,71.3180,71.3449,34201100
2024-12-16,71.4707,71.5336,71.4078,71.4797,22269000
2024-12-17,71.3449,71.4258,71.3270,71.3270,29039500
2024-12-18,71.4706,71.4706,70.5765,70.5946,80034500
2024-12-19,70.8474,70.9016,70.5223,70.5223,69005700
2024-12-20,70.4410,71.0461,70.4410,70.9648,63276200
2024-12-23,71.0280,71.0642,70.7752,70.7752,29239400
2024-12-24,70.8022,71.0190,70.7571,71.0009,11926100
2024-12-26,70.9016,71.1815,70.8655,71.1815,18384900
2024-12-27,71.1093,71.1274,70.9197,70.9377,20631800
2024-12-30,70.9648,71.1093,70.8926,71.0371,20659200
2024-12-31,71.1454,71.1996,70.9377,71.0280,18664900
2025-01-02,71.2357,71.2989,71.0912,71.1996,30415400
2025-01-03,71.3351,71.3712,71.2809,71.3080,32611000
2025-01-06,71.4796,71.5157,71.3622,71.4344,32110000
2025-01-07,71.4705,71.5428,71.1815,71.1996,43790200
2025-01-08,71.2086,71.3351,71.1274,71.2899,35304900
2025-01-10,71.1635,71.1635,70.8926,70.9197,37417300
2025-01-13,70.8835,70.9467,70.7752,70.9016,39180700
2025-01-14,71.0641,71.1003,70.9377,70.9919,29581100
2025-01-15,71.4886,71.6241,71.3983,71.6150,53574900
2025-01-16,71.5338,71.7144,71.4525,71.6963,32363000
2025-01-17,71.7866,71.8137,71.6963,71.7595,29546400
2025-01-21,71.8950,71.9763,71.8860,71.9492,32962700
2025-01-22,71.9763,71.9943,71.8137,71.8498,25028500
2025-01-23,71.8137,71.9492,71.7414,71.9401,27434800
2025-01-24,71.9763,72.0937,71.9402,72.0214,23648600
2025-01-27,71.9492,72.1208,71.8950,72.0756,28540600
2025-01-28,72.0395,72.0756,71.9492,72.0485,30439900
2025-01-29,72.0305,72.0937,71.9040,72.0034,20072100
2025-01-30,72.1930,72.1930,72.0575,72.1388,34495300
2025-01-31,72.1569,72.2201,71.9492,71.9943,37101100
2025-02-03,71.8220,72.0034,71.7040,71.9036,29965100
2025-02-04,71.9399,72.1304,71.8764,72.1304,28938600
2025-02-05,72.1576,72.3663,72.1576,72.3209,31834000
2025-02-06,72.3209,72.3844,72.1939,72.2121,24224100
2025-02-07,72.1758,72.1939,71.9762,71.9853,28778200
2025-02-10,72.1576,72.2030,72.0941,72.1304,23382600
2025-02-11,72.1486,72.1486,72.0306,72.1032,24410000
2025-02-12,71.8582,72.0578,71.8038,71.9490,34362700
2025-02-13,72.0578,72.3028,72.0125,72.2756,36149900
2025-02-14,72.3844,72.4751,72.3209,72.3572,26668300
2025-02-18,72.3481,72.4026,72.2483,72.2937,23274200
2025-02-19,72.2483,72.3572,72.1758,72.3481,38958600
2025-02-20,72.3391,72.4116,72.2846,72.3935,25789000
2025-02-21,72.3663,72.4479,72.2574,72.2574,32016500
2025-02-24,72.2756,72.4298,72.2483,72.3481,21029200
2025-02-25,72.5296,72.5568,72.4298,72.5296,30604400
2025-02-26,72.5749,72.6475,72.5477,72.6294,21777500
2025-02-27,72.6203,72.6475,72.4570,72.4933,40521800
2025-02-28,72.5659,72.6929,72.5114,72.6929,44321200
2025-03-03,72.6327,72.6874,72.4686,72.5415,40729100
2025-03-04,72.4687,72.5871,72.2864,72.5325,66274600
2025-03-05,72.4140,72.6236,72.4049,72.5689,32302200
2025-03-06,72.3957,72.4595,72.2590,72.2955,50431500
2025-03-07,72.3228,72.4687,72.3046,72.4140,52828900
2025-03-10,72.2773,72.3502,72.1314,72.1405,57602100
2025-03-11,72.1952,72.2408,71.8215,71.8853,75826700
2025-03-12,72.0585,72.1041,71.8945,71.9674,53763000
2025-03-13,71.8762,71.8853,71.5390,71.5663,81223200
2025-03-14,71.8489,71.9765,71.7395,71.8944,51469800
2025-03-17,71.9036,72.0950,71.8853,72.0676,33954200
2025-03-18,72.0129,72.0676,71.9400,71.9400,40195900
2025-03-19,71.9674,72.4960,71.9674,72.4140,45212700
2025-03-20,72.3593,72.4595,72.2408,72.3137,42977600
2025-03-21,72.2499,72.2864,72.0676,72.2044,35124000
2025-03-24,72.3866,72.4595,72.3228,72.4140,36393500
2025-03-25,72.4595,72.5324,72.3502,72.3775,29075500
2025-03-26,72.3684,72.3866,71.9765,72.0858,51236100
2025-03-27,72.0494,72.1314,71.9400,71.9491,38493100
2025-03-28,71.9947,72.0038,71.6939,71.8215,58896900
2025-03-31,71.5663,71.9309,71.5663,71.9035,47853500
2025-04-01,72.0611,72.0977,71.8321,72.0702,54256000
2025-04-02,71.9329,72.2259,71.9329,72.2168,49072400
2025-04-03,71.5299,71.6947,71.2002,71.3192,116401400
2025-04-04,70.3392,70.8247,70.1011,70.3026,181273300
2025-04-07,69.4875,71.0719,69.2676,69.6981,193374800
2025-04-08,70.5407,70.6415,69.0753,69.3776,106007700
2025-04-09,68.7823,71.2918,68.7639,71.2368,152382200
2025-04-10,70.5865,70.6873,69.7348,70.0736,93884100
2025-04-11,69.8538,70.6781,69.6065,70.2843,71884000
2025-04-14,70.7789,70.9437,70.4675,70.6323,50011400
2025-04-15,70.7422,70.9803,70.6873,70.8246,39790500
2025-04-16,70.8430,70.9987,70.6232,70.8155,52028800
2025-04-17,71.0903,71.2460,71.0078,71.2276,37355500
2025-04-21,70.9712,70.9895,70.6598,70.8064,36078000
2025-04-22,71.0536,71.2642,70.9895,71.0811,33941100
2025-04-23,71.9878,72.1160,71.4108,71.4383,63723400
2025-04-24,71.6947,72.1160,71.6032,72.0794,49007800
2025-04-25,71.9787,72.2992,71.9329,72.1435,47981700
2025-04-28,72.1527,72.2351,71.9420,72.1801,42220700
2025-04-29,72.0336,72.4000,72.0336,72.3725,51198600
2025-04-30,72.0153,72.0886,71.8596,71.9878,69994200
2025-05-01,72.1729,72.2557,72.0071,72.0808,50848600
2025-05-02,72.2649,72.3662,72.1360,72.3017,41354100
2025-05-05,72.2373,72.3938,72.1729,72.2741,39815300
2025-05-06,72.1821,72.2833,72.1084,72.2189,36292600
2025-05-07,72.3201,72.3754,72.1360,72.2833,32676200
2025-05-08,72.4214,72.5135,72.2189,72.2649,32684900
2025-05-09,72.3477,72.4490,72.3017,72.3109,23971200
2025-05-12,72.9461,73.0842,72.7528,73.0290,70558600
2025-05-13,73.0750,73.2591,73.0198,73.1579,52141900
2025-05-14,73.0934,73.1210,72.8541,72.8909,45406500
2025-05-15,72.7804,73.0290,72.7804,73.0290,49301300
2025-05-16,73.0750,73.1210,72.9738,73.1118,30657200
2025-05-19,72.7804,73.0842,72.7712,73.0750,26228800
2025-05-20,72.9737,73.0750,72.9185,73.0382,25933700
2025-05-21,72.7988,72.9277,72.5411,72.5503,54737300
2025-05-22,72.5503,72.7712,72.4951,72.6976,43242700
2025-05-23,72.5043,72.7068,72.4858,72.6792,29598900
2025-05-27,72.9830,73.1303,72.8817,73.1210,33524700
2025-05-28,73.1118,73.1302,72.9553,73.0750,27012900
2025-05-29,73.2407,73.2499,73.1026,73.1855,28616300
2025-05-30,73.1395,73.2591,73.0934,73.2499,28930300
2025-06-02,73.1907,73.2462,73.0520,73.2370,45527200
2025-06-03,73.2925,73.3942,73.2277,73.3757,28458700
2025-06-04,73.3850,73.5422,73.3850,73.5145,41403600
2025-06-05,73.5052,73.5237,73.3202,73.3572,44563900
2025-06-06,73.4220,73.4312,73.3017,73.3480,41300100
2025-06-09,73.3295,73.4682,73.3295,73.3849,30169000
2025-06-10,73.4497,73.5792,73.3757,73.5607,24234400
2025-06-11,73.6162,73.6624,73.5237,73.5422,30114400
2025-06-12,73.5422,73.6254,73.5052,73.6254,28373200
2025-06-13,73.4590,73.5329,73.3480,73.4035,35271000
2025-06-16,73.5515,73.6255,73.5237,73.5515,26225100
2025-06-17,73.5514,73.6624,73.4127,73.4682,27747200
2025-06-18,73.5237,73.7272,73.4682,73.5792,32833500
2025-06-20,73.6440,73.8197,73.6162,73.8105,45845800
2025-06-23,73.7827,73.9492,73.7272,73.9492,32361400
2025-06-24,74.0417,74.1897,73.9954,74.1527,50893200
2025-06-25,74.1619,74.1989,74.0694,74.1342,24156100
2025-06-26,74.2451,74.3561,74.1804,74.3469,28889100
2025-06-27,74.3654,74.4301,74.2729,74.3099,47849500
2025-06-30,74.4856,74.6151,74.4116,74.5966,52885900
2025-07-01,74.5306,74.5957,74.4377,74.5028,45411000
2025-07-02,74.5028,74.6422,74.4191,74.6422,32359500
2025-07-03,74.6236,74.7072,74.5864,74.6886,19750000
2025-07-07,74.6515,74.6607,74.4005,74.4377,37027200
2025-07-08,74.4284,74.4563,74.2890,74.3355,31358900
2025-07-09,74.4749,74.5493,74.4191,74.5400,30277500
2025-07-10,74.5399,74.5492,74.4656,74.4656,28776200
2025-07-11,74.3820,74.3913,74.2798,74.3727,30482200
2025-07-14,74.3541,74.4377,74.3169,74.4284,23716200
2025-07-15,74.4935,74.5028,74.2054,74.2054,37039500
2025-07-16,74.2983,74.4192,74.1125,74.4006,39780100
2025-07-17,74.3820,74.5121,74.3448,74.4749,25703200
2025-07-18,74.5864,74.6422,74.5121,74.5771,27686400
2025-07-21,74.6422,74.7630,74.6422,74.6794,28483300
2025-07-22,74.7537,74.8280,74.6608,74.8095,26017700
2025-07-23,74.8280,74.8559,74.7537,74.8466,26025000
2025-07-24,74.7537,74.8187,74.7258,74.7537,27013700
2025-07-25,74.8094,74.8838,74.7258,74.8001,30123100
2025-07-28,74.8280,74.8280,74.7537,74.7630,22093800
2025-07-29,74.8002,74.8559,74.7630,74.8095,21371800
2025-07-30,74.7630,74.8280,74.5771,74.6515,38392400
2025-07-31,74.7165,74.7909,74.6515,74.6979,41501300
2025-08-01,74.7577,74.8044,74.5335,74.7017,68963100
2025-08-04,74.8044,74.9538,74.7764,74.9538,37539200
2025-08-05,74.9165,74.9445,74.8137,74.9165,29656300
2025-08-06,74.9165,75.0005,74.8511,74.9912,30512900
2025-08-07,75.0099,75.0566,74.8698,74.9165,29405000
2025-08-08,74.9072,74.9539,74.8698,74.9258,24679000
2025-08-11,74.9258,74.9912,74.8791,74.9258,30159800
2025-08-12,74.9725,75.0939,74.9165,75.0939,40846200
2025-08-13,75.1500,75.2901,75.1500,75.2901,35039600
2025-08-14,75.1780,75.1780,75.0472,75.0939,36559900
2025-08-15,75.1593,75.1593,75.0659,75.1500,22754000
2025-08-18,75.1313,75.1780,75.0753,75.0939,25400800
2025-08-19,75.1406,75.1687,75.0566,75.0753,21700500
2025-08-20,75.1033,75.1220,75.0099,75.0472,29704900
2025-08-21,74.9632,75.0006,74.8978,74.9072,35825900
2025-08-22,75.0192,75.5236,75.0006,75.5143,59541500
2025-08-25,75.4489,75.4769,75.3648,75.3648,32714800
2025-08-26,75.4582,75.5610,75.4115,75.5329,33659900
2025-08-27,75.4862,75.6450,75.4862,75.6263,24335000
2025-08-28,75.6263,75.6637,75.5609,75.6637,24203800
2025-08-29,75.6450,75.6450,75.5236,75.5236,35070300
2025-09-02,75.3293,75.4795,75.2636,75.4419,51804000
2025-09-03,75.4607,75.6484,75.4607,75.6484,34283100
2025-09-04,75.6953,75.8642,75.6672,75.8549,37999700
2025-09-05,75.9956,76.1082,75.8643,75.8924,39147800
2025-09-08,75.9675,75.9863,75.8736,75.8924,27003400
2025-09-09,75.8736,75.9018,75.7047,75.8079,36704500
2025-09-10,75.8643,75.9581,75.8173,75.8643,38106100
2025-09-11,75.9299,76.1082,75.9299,76.0519,34221500
2025-09-12,76.0426,76.0426,75.9581,75.9769,25702800
2025-09-15,76.0895,76.2021,76.0801,76.1927,27248800
2025-09-16,76.2115,76.2302,76.1082,76.1364,33075600
2025-09-17,76.1927,76.2396,75.9299,76.0613,35955700
2025-09-18,76.1458,76.2678,76.0801,76.2302,43250000
2025-09-19,76.2490,76.2866,76.1552,76.2584,32042900
2025-09-22,76.1927,76.3241,76.1833,76.3147,26670200
2025-09-23,76.3335,76.3523,76.2021,76.2584,37088500
2025-09-24,76.2490,76.2490,76.1270,76.1552,28124300
2025-09-25,76.0144,76.0238,75.9112,75.9393,33509900
2025-09-26,76.0519,76.1176,75.9768,76.0895,31046800
2025-09-29,76.1646,76.2396,76.1364,76.2209,28558500
2025-09-30,76.1739,76.2115,76.1082,76.1927,54970300
2025-10-01,76.1936,76.3728,76.1654,76.3351,58042600
2025-10-02,76.3162,76.3445,76.2219,76.3068,33348900
2025-10-03,76.2973,76.3162,76.2031,76.2219,35109200
2025-10-06,76.2691,76.2879,76.2125,76.2408,29485100
2025-10-07,76.2691,76.2691,76.1465,76.1559,27672300
2025-10-08,76.2031,76.2219,76.0333,76.0428,34932200
2025-10-09,76.0334,76.0428,75.7222,75.8259,65586700
2025-10-10,75.8731,75.8919,75.3828,75.3828,83840400
2025-10-13,75.6468,75.8542,75.5902,75.8542,31926800
2025-10-14,75.5997,76.0334,75.5337,75.9391,63860100
2025-10-15,76.1088,76.2125,75.9956,76.1842,59802200
2025-10-16,76.1842,76.2031,75.8636,75.9108,75725200
2025-10-17,75.8448,76.1182,75.8353,76.1088,70044200
2025-10-20,76.1559,76.2879,76.1559,76.2596,43762300
2025-10-21,76.2596,76.3162,76.1465,76.1465,45418100
2025-10-22,76.1465,76.1936,75.9956,76.0711,50698600
2025-10-23,76.0899,76.2408,76.0899,76.2408,37962400
2025-10-24,76.4011,76.4576,76.3445,76.4482,39905600
2025-10-27,76.5331,76.6839,76.4954,76.6368,36495000
2025-10-28,76.6368,76.6368,76.5331,76.5614,31591400
2025-10-29,76.5614,76.5897,76.2785,76.3257,51827100
2025-10-30,76.1748,76.3162,76.1465,76.1842,39967300
2025-10-31,76.2691,76.3351,76.1371,76.1842,45044600
2025-11-03,76.1842,76.1937,75.9378,75.9473,54615100
2025-11-04,75.7957,76.0231,75.7767,75.9568,49705000
2025-11-05,75.9947,76.0800,75.9757,76.0326,42273700
2025-11-06,76.1084,76.1274,75.9378,76.0610,46629200
2025-11-07,76.0515,76.1463,75.8999,76.1274,47233800
2025-11-10,76.2411,76.4306,76.2221,76.3832,51875200
2025-11-11,76.3927,76.5064,76.3927,76.4685,17001100
2025-11-12,76.4685,76.4780,76.2790,76.3169,43962900
2025-11-13,76.2126,76.2126,75.9568,76.0042,53631300
2025-11-14,75.8904,76.1937,75.8904,76.0231,40853500
2025-11-17,75.9947,76.0705,75.8525,75.8999,42954200
2025-11-18,75.8336,75.9947,75.8051,75.9189,44098700
2025-11-19,75.9473,76.0989,75.8999,75.9568,33510100
2025-11-20,76.2032,76.2790,75.9094,75.9094,65471200
2025-11-21,76.0610,76.2032,75.9378,76.1653,62331700
2025-11-24,76.2126,76.3832,76.1937,76.3737,38964900
2025-11-25,76.3548,76.6675,76.3264,76.6391,56524800
2025-11-26,76.6012,76.7433,76.5633,76.7149,27454800
2025-11-28,76.7623,76.8287,76.7055,76.7528,29430800
2025-12-01,76.5481,76.6814,76.5291,76.6148,45274800
2025-12-02,76.6814,76.7766,76.6243,76.7576,38842600
2025-12-03,76.7481,76.9194,76.7100,76.8242,35019100
2025-12-04,76.8338,76.9004,76.7100,76.8814,34777400
2025-12-05,76.8623,76.9385,76.8052,76.8814,30486800
2025-12-08,76.8528,76.8718,76.6338,76.6909,43160800
2025-12-09,76.6909,76.7481,76.5862,76.6053,30558800
2025-12-10,76.5767,76.9195,76.5672,76.8623,53052100
2025-12-11,76.8718,76.8909,76.7957,76.8528,44546400
2025-12-12,76.8242,76.8433,76.6719,76.7100,45566100
2025-12-15,76.8052,76.8338,76.7100,76.7481,28983600
2025-12-16,76.7481,76.8052,76.7005,76.7957,27908000
2025-12-17,76.7862,76.8052,76.6529,76.7005,36999700
2025-12-18,76.9099,76.9290,76.8052,76.9099,52680500
2025-12-19,76.9396,76.9778,76.8439,76.8726,34413300
2025-12-22,76.9683,76.9683,76.8056,76.9396,37203900
2025-12-23,76.8822,76.9970,76.8630,76.9970,24341800
2025-12-24,77.0161,77.1405,76.9778,77.1405,10533500
2025-12-26,77.1405,77.1979,77.0926,77.1022,10922900
2025-12-29,77.0639,77.1596,77.0544,77.1309,22012700
2025-12-30,77.1405,77.2457,77.1118,77.2074,20146700
2025-12-31,77.2170,77.2457,77.1309,77.1309,17457100
2026-01-02,77.2170,77.2170,77.0926,77.1692,28403300
2026-01-05,77.2361,77.3987,77.1978,77.3700,38563200
2026-01-06,77.3892,77.4274,77.3126,77.3892,31721500
2026-01-07,77.4466,77.4848,77.3318,77.3700,27022700
2026-01-08,77.3318,77.4370,77.2935,77.4274,33516900
2026-01-09,77.4370,77.5135,77.4370,77.4848,31849200
2026-01-12,77.3988,77.5327,77.3892,77.5231,23983600
2026-01-13,77.5518,77.5614,77.4561,77.5231,27607400
2026-01-14,77.4848,77.5327,77.4179,77.5231,42994000
2026-01-15,77.5805,77.5901,77.4848,77.5231,30412400
2026-01-16,77.5614,77.5805,77.4753,77.5709,52466300
2026-01-20,77.2457,77.4370,77.1691,77.3700,38653400
2026-01-21,77.4657,77.6379,77.4466,77.5996,42023500
2026-01-22,77.6666,77.7144,77.6092,77.6570,35231900
2026-01-23,77.6570,77.6762,77.5231,77.6188,38360500
2026-01-26,77.6666,77.6953,77.5996,77.6570,27027500
2026-01-27,77.6570,77.6953,77.6188,77.6475,22961500
2026-01-28,77.6475,77.6570,77.5135,77.5231,35559200
2026-01-29,77.5327,77.5518,77.3892,77.5135,38201600
2026-01-30,77.4083,77.6092,77.4083,77.5996,59848000
2026-02-02,77.5506,77.6852,77.5218,77.6467,42890700
2026-02-03,77.6371,77.6852,77.4160,77.5987,49372700
2026-02-04,77.5794,77.5987,77.4256,77.5025,42829400
2026-02-05,77.4449,77.5025,77.3391,77.4160,75554200
2026-02-06,77.5506,77.6852,77.5025,77.6852,40915900
2026-02-09,77.6371,77.7909,77.6371,77.7909,33716900
2026-02-10,77.8198,77.8775,77.7140,77.7140,37886100
2026-02-11,77.7717,77.8006,77.5987,77.7044,27272300
2026-02-12,77.7813,77.8390,77.6275,77.6660,48457000
2026-02-13,77.7044,77.8102,77.6948,77.7236,36612400
2026-02-17,77.6948,77.7333,77.6179,77.6852,35682000
2026-02-18,77.7140,77.8486,77.6852,77.7813,33943100
2026-02-19,77.7525,77.8102,77.7044,77.8102,29531000
2026-02-20,77.8005,77.8678,77.7429,77.8678,37959800
2026-02-23,77.8294,77.8775,77.7140,77.7429,33666000
2026-02-24,77.7236,77.7429,77.5314,77.6852,54979900
2026-02-25,77.6948,77.8005,77.6948,77.7909,29428200
2026-02-26,77.7621,77.8102,77.6371,77.7236,54533600
2026-02-27,77.6275,77.6756,77.5314,77.5987,62450000
2026-03-02,77.3417,77.6798,77.3127,77.5542,74327000
2026-03-03,77.2258,77.5832,77.1292,77.3997,118126800
2026-03-04,77.5059,77.7185,77.4770,77.6702,58694100
2026-03-05,77.5446,77.5832,77.3031,77.3610,79841000
2026-03-06,77.0422,77.2837,76.9456,76.9843,82125600
2026-03-09,76.8877,77.4576,76.8394,77.4480,88695000
2026-03-10,77.3320,77.6508,77.3127,77.3224,67499600
2026-03-11,77.2741,77.3224,77.1002,77.1485,59983500
2026-03-12,77.0422,77.0422,76.6268,76.6558,68674300
2026-03-13,76.8297,76.9746,76.4336,76.5109,68652900
2026-03-16,76.8104,76.9650,76.7524,76.7524,57535600
2026-03-17,76.9070,77.1099,76.8683,77.1002,47967800
2026-03-18,76.9843,77.0422,76.6945,76.7041,50281900
2026-03-19,76.3467,76.9939,76.3080,76.9553,103981600
2026-03-20,76.8007,76.8297,76.1728,76.2404,109084800
2026-03-23,76.6075,76.9939,76.4819,76.7428,79015800
2026-03-24,76.5495,76.7138,76.3757,76.4819,71941600
2026-03-25,76.7524,76.8780,76.6558,76.7234,49917700
2026-03-26,76.5592,76.6365,76.1245,76.2404,74979300
2026-03-27,76.1631,76.1631,75.9023,76.0472,68174300
2026-03-30,76.3370,76.4143,76.0858,76.1341,55210700
2026-03-31,76.4723,76.9070,76.4336,76.8587,101521300
2026-04-01,77.0276,77.1344,76.9208,77.0470,69789200
2026-04-02,76.7655,77.2994,76.7655,77.2314,53828200
2026-04-06,77.1829,77.3771,77.1732,77.3673,37098300
2026-04-07,77.3382,77.4062,76.9985,77.3868,47264100
2026-04-08,78.1148,78.1634,77.6877,77.8430,58556400
2026-04-09,77.8042,78.0371,77.6586,77.9304,45207500
2026-04-10,77.9886,77.9886,77.6100,77.6197,33005600
2026-04-13,77.5421,77.9207,77.5421,77.9110,38561400
2026-04-14,77.9886,78.2022,77.9401,78.1439,42038000
2026-04-15,78.0954,78.1342,77.9983,78.1051,47834900
2026-04-16,78.1730,78.1730,77.9110,77.9983,37743400
2026-04-17,78.2410,78.3963,78.2022,78.2895,61651600
2026-04-20,78.2701,78.3090,78.1439,78.2216,21104400
2026-04-21,78.1925,78.2216,77.9595,78.0177,58623500
2026-04-22,78.1439,78.2119,78.0663,78.1439,28004500
2026-04-23,78.1051,78.1925,77.8139,78.0177,49921700
2026-04-24,78.0857,78.1731,77.9498,78.1245,33626300
2026-04-27,78.0857,78.1828,78.0663,78.1536,24643700
2026-04-28,77.9983,78.0760,77.9789,78.0469,36382400
2026-04-29,77.9692,77.9886,77.6391,77.7848,56809400
2026-04-30,77.8333,78.0663,77.8236,78.0274,51626100
2026-05-01,78.1240,78.2899,78.0948,78.1240,43740400
2026-05-04,78.0850,78.0850,77.7630,77.8703,35069300
2026-05-05,77.9582,78.0850,77.9582,77.9874,26357900
2026-05-06,78.1533,78.2997,78.1436,78.2216,38323100
2026-05-07,78.2802,78.2997,77.9289,77.9289,44772900
2026-05-08,78.0753,78.2119,78.0655,78.2021,29715200
2026-05-11,78.1436,78.2119,78.0460,78.0460,34366600
2026-05-12,77.8899,77.9582,77.7727,77.9386,37418900
2026-05-13,77.9094,78.0167,77.8606,77.9777,33257100
2026-05-14,78.0362,78.1143,77.9191,77.9191,27235600
2026-05-15,77.7142,77.7630,77.5386,77.5386,54466000
2026-05-18,77.7044,77.7727,77.5190,77.6166,38596100
2026-05-19,77.4898,77.5288,77.3141,77.4312,42904700
2026-05-20,77.5776,77.9386,77.4800,77.9289,58906300
2026-05-21,77.8215,78.0557,77.7240,77.9679,37584600
2026-05-22,78.0753,78.0850,77.9094,77.9777,22429400
2026-05-26,78.2021,78.2509,78.1045,78.2411,30406100
2026-05-27,78.2314,78.2704,78.1436,78.1923,22523800
2026-05-28,78.1436,78.3290,78.1045,78.2899,32001600
2026-05-29,78.3192,78.4168,78.2704,78.3680,39142200
2026-06-01,78.2591,78.3474,78.1120,78.3082,32671000
2026-06-02,78.3082,78.3670,78.2591,78.3670,25237500
2026-06-03,78.2199,78.2493,78.1022,78.1512,28203400
2026-06-04,78.2199,78.3180,78.2199,78.2984,22697900
2026-06-05,78.1709,78.1905,77.8276,77.9060,46035600
2026-06-08,78.0728,78.1218,77.9551,78.0139,25217800
2026-06-09,78.0924,78.2591,77.8962,78.0924,34705500
2026-06-10,78.0335,78.1120,77.9256,77.9453,30345200
2026-06-11,78.0434,78.4357,77.9943,78.4063,55089500
2026-06-12,78.4063,78.4651,78.2689,78.4063,29873300
2026-06-15,78.6024,78.6318,78.4945,78.5043,32019600
2026-06-16,78.4945,78.5730,78.4259,78.4945,24471900
2026-06-17,78.4553,78.5338,78.1807,78.2003,47184800
2026-06-18,78.4945,78.5338,78.3866,78.4749,41111700
2026-06-22,78.4063,78.4455,78.3376,78.4063,26479500
2026-06-23,78.2984,78.4357,78.2886,78.3376,29811300
2026-06-24,78.4063,78.4553,78.3082,78.3180,38841000
2026-06-25,78.3866,78.4455,78.2886,78.3474,29322400
2026-06-26,78.2886,78.4161,78.2787,78.2984,27647500
2026-06-29,78.4161,78.4945,78.3180,78.4749,37325700
2026-06-30,78.4651,78.5141,78.3866,78.4357,38103900
2026-07-01,78.3953,78.4938,78.3460,78.4248,38152300
2026-07-02,78.5628,78.6219,78.5037,78.5431,26111800
2026-07-06,78.5628,78.7402,78.5628,78.7007,25159400
2026-07-07,78.6810,78.7106,78.5529,78.5924,28558300
2026-07-08,78.4445,78.5135,78.3756,78.4938,30771300
2026-07-09,78.5628,78.6909,78.5037,78.5825,21882200
2026-07-10,78.6121,78.6613,78.4544,78.5431,24550300
2026-07-13,78.5037,78.5234,78.2967,78.3559,32133300
2026-07-14,78.5135,78.5234,78.4051,78.5135,28248700
2026-07-15,78.5431,78.6712,78.5431,78.6416,26948800
2026-07-16,78.5923,78.6712,78.5628,78.6318,22780300
2026-07-17,78.5825,78.6712,78.4642,78.4840,42020100
2026-07-20,78.5726,78.6022,78.5037,78.5135,19767900
2026-07-21,78.5529,78.5726,78.4347,78.4840,27198800
2026-07-22,78.4446,78.4840,78.3165,78.3559,24851700
2026-07-23,78.1194,78.2081,77.9913,78.0701,52554200
2026-07-24,78.0898,78.1489,78.0011,78.0701,41964600
2026-07-27,78.1785,78.2376,78.0800,78.1095,28939800
2026-07-28,78.1588,78.2573,78.0898,78.2573,33698300
2026-07-29,78.2081,78.3165,77.9814,78.0800,53074500
2026-07-30,78.2179,78.3362,78.1686,78.3066,30570700
2026-07-31,78.2967,78.3756,78.0800,78.3165,38659800
2026-08-03,78.4689,78.5481,78.3699,78.5283,30860100
2026-08-04,78.5878,78.8155,78.5878,78.7660,46524700
2026-08-05,78.7660,78.7759,78.6571,78.7363,25771800
2026-08-06,78.7264,78.7264,78.6274,78.6769,25818200
2026-08-07,78.8848,78.9046,78.7858,78.8254,23459400
2026-08-10,78.7858,78.7858,78.6274,78.6967,30292400
2026-08-11,78.7660,78.7858,78.7066,78.7264,17988300
2026-08-12,78.8551,78.8749,78.8056,78.8254,25243300
2026-08-13,78.9541,79.0729,78.8947,79.0036,28659200
2026-08-14,79.0135,79.0333,78.8749,78.9244,26611000
2026-08-17,78.8848,78.9244,78.8056,78.8254,22620500
2026-08-18,78.7759,78.7957,78.6868,78.7462,29462900
2026-08-19,78.9046,78.9541,78.8551,78.9244,29670000
2026-08-20,78.7660,78.8452,78.6967,78.7759,41762500
2026-08-21,78.8749,78.8749,78.7660,78.8254,37545400
2026-08-24,78.8353,78.9244,78.7957,78.9145,20714600
2026-08-25,79.0432,79.1521,78.9739,79.1323,29540300
2026-08-26,79.0729,79.1224,78.9937,79.1125,28585000
2026-08-27,79.1422,79.1818,79.0333,79.0828,32490100
2026-08-28,79.1125,79.1620,78.8749,78.9541,35134500
2026-08-31,78.9244,79.0234,78.8452,79.0234,36481400
2026-09-01,78.9189,78.9487,78.7098,78.7496,48867800
2026-09-02,78.7894,78.8791,78.7496,78.7596,34409100
2026-09-03,78.8591,78.9487,78.8193,78.8591,23037600
2026-09-04,78.8492,78.8890,78.7994,78.8094,25350900
2026-09-08,78.8392,78.8890,78.7496,78.7695,27470400
2026-09-09,78.7397,78.7596,78.6302,78.6302,31651700
2026-09-10,78.4410,78.4709,78.2618,78.2718,53424500
2026-09-11,78.4310,78.5107,78.2518,78.2518,38955300
2026-09-14,78.2021,78.2917,78.0627,78.1822,44071500
2026-09-15,78.1622,78.1622,78.0328,78.0328,42245600
2026-09-16,78.1523,78.3614,78.0129,78.0726,48625900
2026-09-17,78.3813,78.4012,78.3116,78.3713,45356000
2026-09-18,78.2618,78.3016,78.1324,78.1822,34871100
2026-09-21,78.3215,78.4012,78.2718,78.3315,44495800
2026-09-22,78.3614,78.4012,78.2518,78.3215,30714000
2026-09-23,78.2021,78.2419,77.7242,77.7541,68957400
2026-09-24,77.6545,77.8038,77.5052,77.5450,74979500
2026-09-25,77.5649,77.5848,77.3260,77.5151,58325400
2026-09-28,77.2563,77.3061,77.0771,77.1965,98803600
2026-09-29,77.2662,77.2662,76.8182,77.0173,152376600
2026-09-30,77.1269,77.2563,76.8282,76.8680,83243000
2026-10-01,76.7500,76.9800,76.3900,76.9000,115429800
2026-10-02,77.2200,77.2800,76.8300,76.9100,82489800
2026-10-05,76.8900,77.0200,76.8100,76.9800,39142800
2026-10-06,77.1500,77.3200,77.1400,77.2700,47352500
