date,o,h,l,c,v
2015-10-12,22.2293,22.2293,22.2028,22.2028,200
2015-10-13,22.2028,22.2028,22.2028,22.2028,0
2015-10-14,22.2028,22.2028,22.2028,22.2028,0
2015-10-15,22.2028,22.2028,22.2028,22.2028,0
2015-10-16,22.3438,22.3438,22.3350,22.3350,200
2015-10-19,22.3350,22.3350,22.3350,22.3350,0
2015-10-20,22.3350,22.3350,22.3350,22.3350,0
2015-10-21,22.3350,22.3350,22.3350,22.3350,0
2015-10-22,22.4232,22.5122,22.4232,22.5122,200
2015-10-23,22.5122,22.5122,22.5122,22.5122,0
2015-10-26,22.7405,22.7405,22.7405,22.7405,100
2015-10-27,22.7405,22.7405,22.7405,22.7405,0
2015-10-28,23.2341,23.2341,23.2341,23.2341,1100
2015-10-29,23.1812,23.1812,23.1812,23.1812,2100
2015-10-30,23.0754,23.0754,23.0754,23.0754,100
2015-11-02,23.0754,23.0754,23.0754,23.0754,100
2015-11-03,23.0754,23.0754,23.0754,23.0754,0
2015-11-04,23.0754,23.0754,23.0754,23.0754,0
2015-11-05,23.0049,23.0049,23.0049,23.0049,200
2015-11-06,23.0225,23.0225,23.0225,23.0225,1000
2015-11-09,23.0225,23.0225,23.0225,23.0225,0
2015-11-10,22.8806,22.8806,22.8806,22.8806,500
2015-11-11,22.8806,22.8806,22.8806,22.8806,0
2015-11-12,22.8806,22.8806,22.8806,22.8806,0
2015-11-13,22.4082,22.4082,22.4082,22.4082,200
2015-11-16,22.2998,22.5228,22.2998,22.5228,300
2015-11-17,22.5228,22.5228,22.5228,22.5228,0
2015-11-18,22.5228,22.5228,22.5228,22.5228,0
2015-11-19,22.9406,22.9406,22.8991,22.8991,500
2015-11-20,22.8991,22.8991,22.8991,22.8991,0
2015-11-23,22.8991,22.8991,22.8991,22.8991,0
2015-11-24,22.9168,22.9608,22.9168,22.9608,400
2015-11-25,23.3134,23.3134,23.3134,23.3134,200
2015-11-27,23.3134,23.3134,23.3134,23.3134,0
2015-11-30,23.3134,23.3134,23.3134,23.3134,0
2015-12-01,23.2394,23.2394,23.2341,23.2341,2000
2015-12-02,23.2341,23.2341,23.2341,23.2341,0
2015-12-03,23.2341,23.2341,23.2341,23.2341,0
2015-12-04,23.2341,23.2341,23.2341,23.2341,0
2015-12-07,23.2341,23.2341,23.2341,23.2341,0
2015-12-08,23.2341,23.2341,23.2341,23.2341,0
2015-12-09,23.2341,23.2341,23.2341,23.2341,0
2015-12-10,23.2341,23.2341,23.2341,23.2341,0
2015-12-11,23.2341,23.2341,23.2341,23.2341,0
2015-12-14,23.2341,23.2341,23.2341,23.2341,0
2015-12-15,23.2341,23.2341,23.2341,23.2341,0
2015-12-16,23.2341,23.2341,23.2341,23.2341,0
2015-12-17,23.2341,23.2341,23.2341,23.2341,0
2015-12-18,22.8201,22.8201,22.8201,22.8201,500
2015-12-21,22.8201,22.8201,22.8201,22.8201,0
2015-12-22,22.8201,22.8201,22.8201,22.8201,0
2015-12-23,22.8201,22.8201,22.8201,22.8201,0
2015-12-24,22.8201,22.8201,22.8201,22.8201,0
2015-12-28,22.8201,22.8201,22.8201,22.8201,0
2015-12-29,22.8201,22.8201,22.8201,22.8201,0
2015-12-30,22.8201,22.8201,22.8201,22.8201,0
2015-12-31,22.8201,22.8201,22.8201,22.8201,0
2016-01-04,22.8201,22.8201,22.8201,22.8201,0
2016-01-05,22.8201,22.8201,22.8201,22.8201,0
2016-01-06,22.5459,22.5459,22.5459,22.5459,200
2016-01-07,22.5459,22.5459,22.5459,22.5459,0
2016-01-08,22.5459,22.5459,22.5459,22.5459,0
2016-01-11,22.5459,22.5459,22.5459,22.5459,0
2016-01-12,22.5459,22.5459,22.5459,22.5459,0
2016-01-13,22.5459,22.5459,22.5459,22.5459,0
2016-01-14,21.7233,21.7233,21.7233,21.7233,300
2016-01-15,21.7233,21.7233,21.7233,21.7233,0
2016-01-19,22.0418,22.0418,22.0418,22.0418,400
2016-01-20,22.0418,22.0418,22.0418,22.0418,0
2016-01-21,21.4934,21.4934,21.4934,21.4934,1000
2016-01-22,21.4934,21.4934,21.4934,21.4934,0
2016-01-25,21.4934,21.4934,21.4934,21.4934,0
2016-01-26,21.4934,21.4934,21.4934,21.4934,0
2016-01-27,21.4934,21.4934,21.4934,21.4934,0
2016-01-28,21.5199,21.5199,21.5199,21.5199,800
2016-01-29,21.4934,21.9091,21.4934,21.9091,3300
2016-02-01,21.9091,21.9091,21.9091,21.9091,0
2016-02-02,21.7587,21.7587,21.6703,21.6703,300
2016-02-03,21.6791,21.6791,21.6703,21.6703,600
2016-02-04,21.6703,21.6703,21.6703,21.6703,0
2016-02-05,21.0069,21.0069,21.0069,21.0069,800
2016-02-08,21.0069,21.0069,21.0069,21.0069,0
2016-02-09,21.0069,21.0069,21.0069,21.0069,0
2016-02-10,20.9185,20.9185,20.9185,20.9185,300
2016-02-11,20.9185,20.9185,20.9185,20.9185,0
2016-02-12,20.7416,20.7416,20.7416,20.7416,100
2016-02-16,21.2015,21.2015,21.2015,21.2015,100
2016-02-17,21.2015,21.2015,21.2015,21.2015,0
2016-02-18,21.5022,21.5022,21.5022,21.5022,200
2016-02-19,21.5022,21.5022,21.5022,21.5022,0
2016-02-22,21.8649,21.8649,21.8649,21.8649,1000
2016-02-23,21.8649,21.8649,21.8649,21.8649,0
2016-02-24,21.8649,21.8649,21.8649,21.8649,0
2016-02-25,21.8649,21.8649,21.8649,21.8649,0
2016-02-26,21.8649,21.8649,21.8649,21.8649,100
2016-02-29,21.8649,21.8649,21.8649,21.8649,0
2016-03-01,21.8649,21.8649,21.8649,21.8649,0
2016-03-02,21.8649,21.8649,21.8649,21.8649,0
2016-03-03,21.8649,21.8649,21.8649,21.8649,0
2016-03-04,22.2983,22.2983,22.2452,22.2452,400
2016-03-07,22.2452,22.2452,22.2452,22.2452,0
2016-03-08,22.2452,22.2452,22.2452,22.2452,0
2016-03-09,22.2452,22.2452,22.2452,22.2452,0
2016-03-10,22.2452,22.2452,22.2452,22.2452,0
2016-03-11,22.2452,22.2452,22.2452,22.2452,0
2016-03-14,22.2452,22.2452,22.2452,22.2452,0
2016-03-15,22.2452,22.2452,22.2452,22.2452,0
2016-03-16,22.2452,22.2452,22.2452,22.2452,0
2016-03-17,22.3071,22.4044,22.3071,22.4044,1700
2016-03-18,22.4044,22.4044,22.4044,22.4044,0
2016-03-21,22.4044,22.4044,22.4044,22.4044,0
2016-03-22,22.4044,22.4044,22.4044,22.4044,0
2016-03-23,22.4044,22.4044,22.4044,22.4044,0
2016-03-24,22.4044,22.4044,22.4044,22.4044,0
2016-03-28,22.4044,22.4044,22.4044,22.4044,0
2016-03-29,22.4044,22.4044,22.4044,22.4044,0
2016-03-30,23.0413,23.0413,23.0413,23.0413,200
2016-03-31,23.0413,23.0413,23.0413,23.0413,0
2016-04-01,23.0413,23.0413,23.0413,23.0413,0
2016-04-04,23.0413,23.0413,23.0413,23.0413,0
2016-04-05,23.0413,23.0413,23.0413,23.0413,0
2016-04-06,23.0413,23.0413,23.0413,23.0413,0
2016-04-07,22.8086,22.8086,22.8086,22.8086,400
2016-04-08,22.9351,22.9351,22.9351,22.9351,1600
2016-04-11,22.9351,22.9351,22.9351,22.9351,0
2016-04-12,22.9351,22.9351,22.9351,22.9351,0
2016-04-13,22.9351,22.9351,22.9351,22.9351,0
2016-04-14,22.9617,22.9705,22.9617,22.9705,2500
2016-04-15,22.9705,22.9705,22.9705,22.9705,0
2016-04-18,22.9174,23.1562,22.9174,23.1562,600
2016-04-19,23.1562,23.1562,23.1562,23.1562,0
2016-04-20,23.1562,23.1562,23.1562,23.1562,0
2016-04-21,23.1562,23.1562,23.1562,23.1562,0
2016-04-22,23.1562,23.1562,23.1562,23.1562,0
2016-04-25,23.1562,23.1562,23.1562,23.1562,0
2016-04-26,23.1562,23.1562,23.1562,23.1562,0
2016-04-27,23.1562,23.1562,23.1562,23.1562,0
2016-04-28,23.1562,23.1562,23.1562,23.1562,0
2016-04-29,23.1562,23.1562,23.1562,23.1562,0
2016-05-02,22.8493,22.8493,22.8493,22.8493,100
2016-05-03,22.8493,22.8493,22.8493,22.8493,0
2016-05-04,22.8493,22.8493,22.8493,22.8493,0
2016-05-05,22.8493,22.8493,22.8493,22.8493,0
2016-05-06,22.8493,22.8493,22.8493,22.8493,0
2016-05-09,22.8493,22.8493,22.8493,22.8493,0
2016-05-10,22.8493,22.8493,22.8493,22.8493,0
2016-05-11,22.8493,22.8493,22.8493,22.8493,0
2016-05-12,22.8493,22.8493,22.8493,22.8493,0
2016-05-13,23.0678,23.0766,23.0678,23.0766,200
2016-05-16,23.0766,23.0766,23.0766,23.0766,0
2016-05-17,23.0766,23.0766,23.0766,23.0766,0
2016-05-18,23.0766,23.0766,23.0766,23.0766,0
2016-05-19,23.0766,23.0766,23.0766,23.0766,0
2016-05-20,22.7671,22.7671,22.7671,22.7671,400
2016-05-23,22.7671,22.7671,22.7671,22.7671,0
2016-05-24,22.7671,22.7671,22.7671,22.7671,0
2016-05-25,22.7671,22.7671,22.7671,22.7671,0
2016-05-26,22.7671,22.7671,22.7671,22.7671,0
2016-05-27,23.0236,23.1651,23.0236,23.1651,600
2016-05-31,23.1651,23.1651,23.1651,23.1651,0
2016-06-01,23.1651,23.1651,23.1651,23.1651,0
2016-06-02,23.1085,23.1828,23.1085,23.1828,500
2016-06-03,23.1828,23.1828,23.1828,23.1828,0
2016-06-06,23.1828,23.1828,23.1828,23.1828,0
2016-06-07,23.1828,23.1828,23.1828,23.1828,0
2016-06-08,23.1828,23.1828,23.1828,23.1828,0
2016-06-09,23.1828,23.1828,23.1828,23.1828,0
2016-06-10,23.1828,23.1828,23.1828,23.1828,0
2016-06-13,23.1828,23.1828,23.1828,23.1828,0
2016-06-14,22.9616,22.9793,22.9616,22.9616,500
2016-06-15,22.9616,22.9616,22.9616,22.9616,0
2016-06-16,22.9616,22.9616,22.9616,22.9616,0
2016-06-17,23.0344,23.0344,23.0344,23.0344,0
2016-06-20,23.0344,23.0344,23.0344,23.0344,0
2016-06-21,23.0344,23.0344,23.0344,23.0344,0
2016-06-22,23.0344,23.0344,23.0344,23.0344,0
2016-06-23,23.0344,23.0344,23.0344,23.0344,0
2016-06-24,23.0344,23.0344,23.0344,23.0344,0
2016-06-27,23.0344,23.0344,23.0344,23.0344,0
2016-06-28,23.0344,23.0344,23.0344,23.0344,0
2016-06-29,23.0344,23.0344,23.0344,23.0344,0
2016-06-30,23.0344,23.0344,23.0344,23.0344,0
2016-07-01,23.0344,23.0344,23.0344,23.0344,0
2016-07-05,23.0344,23.0344,23.0344,23.0344,0
2016-07-06,23.0344,23.0344,23.0344,23.0344,0
2016-07-07,23.0344,23.0344,23.0344,23.0344,0
2016-07-08,23.0344,23.0344,23.0344,23.0344,0
2016-07-11,23.0344,23.0344,23.0344,23.0344,0
2016-07-12,23.0344,23.0344,23.0344,23.0344,0
2016-07-13,23.0344,23.0344,23.0344,23.0344,0
2016-07-14,23.0344,23.0344,23.0344,23.0344,0
2016-07-15,23.0344,23.0344,23.0344,23.0344,0
2016-07-18,23.0344,23.0344,23.0344,23.0344,0
2016-07-19,23.0344,23.0344,23.0344,23.0344,0
2016-07-20,23.0344,23.0344,23.0344,23.0344,0
2016-07-21,23.0344,23.0344,23.0344,23.0344,0
2016-07-22,23.0344,23.0344,23.0344,23.0344,0
2016-07-25,24.1506,24.1506,24.1506,24.1506,500
2016-07-26,24.1506,24.1506,24.1506,24.1506,0
2016-07-27,24.1506,24.1506,24.1506,24.1506,0
2016-07-28,24.1506,24.1506,24.1506,24.1506,0
2016-07-29,24.1506,24.1506,24.1506,24.1506,0
2016-08-01,24.1506,24.1506,24.1506,24.1506,0
2016-08-02,24.1506,24.1506,24.1506,24.1506,0
2016-08-03,24.1506,24.1506,24.1506,24.1506,0
2016-08-04,24.1506,24.1506,24.1506,24.1506,0
2016-08-05,24.1506,24.1506,24.1506,24.1506,0
2016-08-08,24.1506,24.1506,24.1506,24.1506,0
2016-08-09,24.1506,24.1506,24.1506,24.1506,0
2016-08-10,24.1506,24.1506,24.1506,24.1506,0
2016-08-11,24.1506,24.1506,24.1506,24.1506,0
2016-08-12,24.1506,24.1506,24.1506,24.1506,0
2016-08-15,24.1506,24.1506,24.1506,24.1506,0
2016-08-16,24.1506,24.1506,24.1506,24.1506,0
2016-08-17,24.1506,24.1506,24.1506,24.1506,0
2016-08-18,24.1506,24.1506,24.1506,24.1506,0
2016-08-19,24.1506,24.1506,24.1506,24.1506,0
2016-08-22,24.1506,24.1506,24.1506,24.1506,0
2016-08-23,24.1506,24.1506,24.1506,24.1506,0
2016-08-24,24.1506,24.1506,24.1506,24.1506,0
2016-08-25,24.1506,24.1506,24.1506,24.1506,0
2016-08-26,24.1506,24.1506,24.1506,24.1506,0
2016-08-29,24.1506,24.1506,24.1506,24.1506,0
2016-08-30,24.1506,24.1506,24.1506,24.1506,0
2016-08-31,24.1506,24.1506,24.1506,24.1506,0
2016-09-01,24.1506,24.1506,24.1506,24.1506,0
2016-09-02,24.1506,24.1506,24.1506,24.1506,0
2016-09-06,24.1506,24.1506,24.1506,24.1506,0
2016-09-07,24.1506,24.1506,24.1506,24.1506,0
2016-09-08,24.3272,24.3272,24.3272,24.3272,100
2016-09-09,23.9572,23.9572,23.9572,23.9572,600
2016-09-12,23.9749,23.9749,23.9749,23.9749,100
2016-09-13,23.6910,23.6910,23.6910,23.6910,100
2016-09-14,23.6910,23.6910,23.6910,23.6910,0
2016-09-15,23.6910,23.6910,23.6910,23.6910,0
2016-09-16,23.8452,23.8452,23.8452,23.8452,100
2016-09-19,23.8452,23.8452,23.8452,23.8452,0
2016-09-20,23.8452,23.8452,23.8452,23.8452,0
2016-09-21,23.8452,23.8452,23.8452,23.8452,0
2016-09-22,23.8452,23.8452,23.8452,23.8452,0
2016-09-23,23.8452,23.8452,23.8452,23.8452,0
2016-09-26,23.8452,23.8452,23.8452,23.8452,0
2016-09-27,23.8452,23.8452,23.8452,23.8452,0
2016-09-28,24.2704,24.2704,24.2704,24.2704,300
2016-09-29,24.2704,24.2704,24.2704,24.2704,0
2016-09-30,24.2704,24.2704,24.2704,24.2704,0
2016-10-03,24.2704,24.2704,24.2704,24.2704,0
2016-10-04,24.2704,24.2704,24.2704,24.2704,0
2016-10-05,24.2704,24.2704,24.2704,24.2704,0
2016-10-06,23.7293,23.8541,23.7293,23.8541,300
2016-10-07,23.8541,23.8541,23.8541,23.8541,0
2016-10-10,23.8541,23.8541,23.8541,23.8541,0
2016-10-11,23.8541,23.8541,23.8541,23.8541,0
2016-10-12,23.8541,23.8541,23.8541,23.8541,0
2016-10-13,23.7115,23.7115,23.7115,23.7115,300
2016-10-14,23.7115,23.7115,23.7115,23.7115,0
2016-10-17,23.7115,23.7115,23.7115,23.7115,0
2016-10-18,23.7115,23.7115,23.7115,23.7115,0
2016-10-19,23.7115,23.7115,23.7115,23.7115,0
2016-10-20,23.8185,23.8185,23.8185,23.8185,300
2016-10-21,23.8185,23.8185,23.8185,23.8185,0
2016-10-24,23.8185,23.8185,23.8185,23.8185,300
2016-10-25,23.8185,23.8185,23.8185,23.8185,0
2016-10-26,23.8185,23.8185,23.8185,23.8185,0
2016-10-27,23.8185,23.8185,23.8185,23.8185,0
2016-10-28,23.8185,23.8185,23.8185,23.8185,0
2016-10-31,23.8185,23.8185,23.8185,23.8185,0
2016-11-01,23.8185,23.8185,23.8185,23.8185,0
2016-11-02,23.8185,23.8185,23.8185,23.8185,0
2016-11-03,23.8185,23.8185,23.8185,23.8185,0
2016-11-04,23.8185,23.8185,23.8185,23.8185,0
2016-11-07,23.8185,23.8185,23.8185,23.8185,0
2016-11-08,23.7204,23.7204,23.7204,23.7204,100
2016-11-09,23.3906,23.6135,23.3906,23.6045,4000
2016-11-10,23.6045,23.6045,23.6045,23.6045,0
2016-11-11,23.6045,23.6045,23.6045,23.6045,0
2016-11-14,23.6045,23.6045,23.6045,23.6045,0
2016-11-15,23.6045,23.6045,23.6045,23.6045,0
2016-11-16,23.6045,23.6045,23.6045,23.6045,0
2016-11-17,23.4762,23.4976,23.4762,23.4976,700
2016-11-18,23.5600,23.5600,23.4352,23.4976,800
2016-11-21,23.4976,23.4976,23.4976,23.4976,0
2016-11-22,23.4976,23.4976,23.4976,23.4976,0
2016-11-23,23.6732,23.6732,23.6732,23.6732,100
2016-11-25,23.6732,23.6732,23.6732,23.6732,0
2016-11-28,23.8631,23.8631,23.8631,23.8631,200
2016-11-29,23.8631,23.8631,23.8631,23.8631,0
2016-11-30,23.6696,23.6696,23.6696,23.6696,300
2016-12-01,23.6696,23.6696,23.6696,23.6696,0
2016-12-02,23.6696,23.6696,23.6696,23.6696,0
2016-12-05,23.6696,23.6696,23.6696,23.6696,0
2016-12-06,23.6696,23.6696,23.6696,23.6696,0
2016-12-07,23.6402,23.8167,23.6402,23.8167,400
2016-12-08,23.8167,23.8167,23.8167,23.8167,0
2016-12-09,23.8167,23.8167,23.8167,23.8167,0
2016-12-12,24.1189,24.1189,24.1189,24.1189,200
2016-12-13,24.1189,24.1189,24.1189,24.1189,0
2016-12-14,24.1189,24.1189,24.1189,24.1189,0
2016-12-15,24.1189,24.1189,24.1189,24.1189,0
2016-12-16,24.3647,24.3647,24.3647,24.3647,0
2016-12-19,24.3647,24.3647,24.3647,24.3647,0
2016-12-20,24.4485,24.4485,24.4485,24.4485,200
2016-12-21,24.5025,24.5025,24.5025,24.5025,100
2016-12-22,24.5025,24.5025,24.5025,24.5025,0
2016-12-23,24.5025,24.5025,24.5025,24.5025,0
2016-12-27,24.5025,24.5025,24.5025,24.5025,0
2016-12-28,24.5025,24.5025,24.5025,24.5025,0
2016-12-29,24.5025,24.5025,24.5025,24.5025,0
2016-12-30,24.4575,24.4575,24.4575,24.4575,100
2017-01-03,24.3134,24.3134,24.3134,24.3134,100
2017-01-04,24.4620,24.4620,24.4620,24.4620,600
2017-01-05,24.4620,24.4620,24.4620,24.4620,100
2017-01-06,24.4620,24.4620,24.4620,24.4620,0
2017-01-09,24.5745,24.5745,24.5745,24.5745,800
2017-01-10,24.4845,24.4845,24.4683,24.4845,2100
2017-01-11,24.4845,24.4845,24.4845,24.4845,0
2017-01-12,24.4845,24.4845,24.4845,24.4845,0
2017-01-13,24.4845,24.4845,24.4845,24.4845,0
2017-01-17,24.4845,24.4845,24.4845,24.4845,0
2017-01-18,24.6106,24.6106,24.6106,24.6106,100
2017-01-19,24.6106,24.6106,24.6106,24.6106,0
2017-01-20,24.7096,24.7096,24.7096,24.7096,200
2017-01-23,24.7096,24.7096,24.7096,24.7096,0
2017-01-24,24.7096,24.7096,24.7096,24.7096,0
2017-01-25,24.8627,24.8627,24.8627,24.8627,800
2017-01-26,24.8627,24.8627,24.8627,24.8627,0
2017-01-27,24.8627,24.8627,24.8627,24.8627,0
2017-01-30,24.8627,24.8627,24.8627,24.8627,0
2017-01-31,24.5385,24.7006,24.5385,24.6808,1400
2017-02-01,24.6808,24.6808,24.6808,24.6808,0
2017-02-02,24.6808,24.6808,24.6808,24.6808,0
2017-02-03,24.6808,24.6808,24.6808,24.6808,0
2017-02-06,24.6808,24.6808,24.6808,24.6808,0
2017-02-07,24.8078,24.8078,24.7979,24.7979,600
2017-02-08,24.7979,24.7979,24.7979,24.7979,0
2017-02-09,24.7979,24.7979,24.7979,24.7979,0
2017-02-10,24.7979,24.7979,24.7979,24.7979,0
2017-02-13,25.0986,25.1058,25.0986,25.1058,700
2017-02-14,25.1058,25.1058,25.1058,25.1058,0
2017-02-15,25.1058,25.1058,25.1058,25.1058,0
2017-02-16,25.1058,25.1058,25.1058,25.1058,0
2017-02-17,25.1058,25.1058,25.1058,25.1058,0
2017-02-21,25.4750,25.4750,25.4750,25.4750,700
2017-02-22,25.4750,25.4750,25.4750,25.4750,0
2017-02-23,25.5921,25.5921,25.5921,25.5921,200
2017-02-24,25.5921,25.5921,25.5921,25.5921,0
2017-02-27,25.5921,25.5921,25.5921,25.5921,0
2017-02-28,25.6641,25.6641,25.6641,25.6641,200
2017-03-01,25.6641,25.6641,25.6641,25.6641,0
2017-03-02,25.6641,25.6641,25.6641,25.6641,0
2017-03-03,25.7002,25.7002,25.7002,25.7002,500
2017-03-06,25.7002,25.7002,25.7002,25.7002,0
2017-03-07,25.7002,25.7002,25.6822,25.6822,300
2017-03-08,25.6822,25.6822,25.6822,25.6822,0
2017-03-09,25.6822,25.6822,25.6822,25.6822,0
2017-03-10,25.6822,25.6822,25.6822,25.6822,0
2017-03-13,25.6822,25.6822,25.6822,25.6822,0
2017-03-14,25.6822,25.6822,25.6822,25.6822,0
2017-03-15,25.6822,25.6822,25.6822,25.6822,0
2017-03-16,25.9253,25.9253,25.9253,25.9253,1400
2017-03-17,25.9388,25.9388,25.9388,25.9388,0
2017-03-20,25.9388,25.9388,25.9388,25.9388,0
2017-03-21,25.9388,25.9388,25.9388,25.9388,0
2017-03-22,25.1820,25.1820,25.1820,25.1820,200
2017-03-23,25.1820,25.1820,25.1820,25.1820,0
2017-03-24,25.1820,25.1820,25.1820,25.1820,0
2017-03-27,25.1820,25.1820,25.1820,25.1820,0
2017-03-28,25.1820,25.1820,25.1820,25.1820,0
2017-03-29,25.1820,25.1820,25.1820,25.1820,0
2017-03-30,25.1820,25.1820,25.1820,25.1820,0
2017-03-31,25.1820,25.1820,25.1820,25.1820,0
2017-04-03,25.5334,25.5334,25.5334,25.5334,700
2017-04-04,25.5334,25.5334,25.5334,25.5334,0
2017-04-05,25.5334,25.5334,25.5334,25.5334,0
2017-04-06,25.5334,25.5334,25.5334,25.5334,0
2017-04-07,25.5334,25.5334,25.5334,25.5334,0
2017-04-10,25.5604,25.5604,25.5604,25.5604,100
2017-04-11,25.5604,25.5604,25.5604,25.5604,0
2017-04-12,25.5604,25.5604,25.5604,25.5604,0
2017-04-13,25.5604,25.5604,25.5604,25.5604,0
2017-04-17,25.5604,25.5604,25.5604,25.5604,0
2017-04-18,25.1460,25.1460,25.1460,25.1460,200
2017-04-19,25.1460,25.1460,25.1460,25.1460,0
2017-04-20,25.1460,25.1460,25.1460,25.1460,0
2017-04-21,25.1460,25.1460,25.1460,25.1460,0
2017-04-24,25.8136,25.8397,25.8136,25.8397,1200
2017-04-25,25.8397,25.8397,25.8397,25.8397,0
2017-04-26,25.8397,25.8397,25.8397,25.8397,0
2017-04-27,25.8397,25.8397,25.8397,25.8397,0
2017-04-28,25.8397,25.8397,25.8397,25.8397,0
2017-05-01,25.9388,26.0019,25.9388,25.9856,35200
2017-05-02,25.8901,25.9118,25.8901,25.9028,4700
2017-05-03,25.9028,25.9028,25.9028,25.9028,0
2017-05-04,25.9028,25.9028,25.9028,25.9028,0
2017-05-05,25.9028,25.9028,25.9028,25.9028,0
2017-05-08,25.9568,25.9568,25.9298,25.9298,1200
2017-05-09,26.0289,26.0469,25.9568,25.9748,1900
2017-05-10,25.9748,25.9748,25.9748,25.9748,0
2017-05-11,25.9748,25.9748,25.9748,25.9748,0
2017-05-12,26.1731,26.1731,26.1731,26.1731,300
2017-05-15,26.2091,26.2298,26.1920,26.2001,2400
2017-05-16,26.2001,26.2001,26.2001,26.2001,0
2017-05-17,25.7136,25.7136,25.5370,25.5370,42500
2017-05-18,25.4523,25.5090,25.4523,25.5090,400
2017-05-19,25.5090,25.5090,25.5090,25.5090,0
2017-05-22,25.5090,25.5090,25.5090,25.5090,0
2017-05-23,26.0046,26.0046,26.0046,26.0046,100
2017-05-24,26.1280,26.1812,26.1280,26.1812,3300
2017-05-25,26.2947,26.3190,26.2947,26.3190,700
2017-05-26,26.3190,26.3190,26.3190,26.3190,0
2017-05-30,26.3190,26.3190,26.3190,26.3190,0
2017-05-31,26.3190,26.3190,26.3190,26.3190,0
2017-06-01,26.3190,26.3190,26.3190,26.3190,0
2017-06-02,26.3190,26.3190,26.3190,26.3190,0
2017-06-05,26.5298,26.5298,26.5298,26.5298,100
2017-06-06,26.5298,26.5298,26.5298,26.5298,0
2017-06-07,26.5298,26.5298,26.5298,26.5298,0
2017-06-08,26.5298,26.5298,26.5298,26.5298,0
2017-06-09,26.5298,26.5298,26.5298,26.5298,0
2017-06-12,26.5298,26.5298,26.5298,26.5298,0
2017-06-13,26.5298,26.5298,26.5298,26.5298,0
2017-06-14,27.0470,27.0470,27.0470,27.0470,100
2017-06-15,27.0470,27.0470,27.0470,27.0470,0
2017-06-16,27.0470,27.0470,27.0470,27.0470,0
2017-06-19,27.0470,27.0470,27.0470,27.0470,0
2017-06-20,27.0470,27.0470,27.0470,27.0470,0
2017-06-21,27.0830,27.0830,26.8100,26.8100,100
2017-06-22,26.8100,26.8100,26.8100,26.8100,0
2017-06-23,26.8100,26.8100,26.8100,26.8100,0
2017-06-26,26.7407,26.7407,26.7407,26.7407,200
2017-06-27,26.7407,26.7407,26.7407,26.7407,0
2017-06-28,26.8848,26.8848,26.8848,26.8848,100
2017-06-29,26.8848,26.8848,26.8848,26.8848,0
2017-06-30,26.7226,26.7226,26.7226,26.7226,500
2017-07-03,26.7226,26.7226,26.7226,26.7226,0
2017-07-05,26.7226,26.7226,26.7226,26.7226,0
2017-07-06,26.7857,26.8046,26.7857,26.7857,1200
2017-07-07,26.7857,26.7857,26.7857,26.7857,0
2017-07-10,26.7857,26.7857,26.7857,26.7857,0
2017-07-11,26.7857,26.7857,26.7857,26.7857,0
2017-07-12,27.3263,27.3263,27.2182,27.2479,500
2017-07-13,27.3083,27.3083,27.3083,27.3083,500
2017-07-14,27.3173,27.3173,27.3173,27.3173,400
2017-07-17,27.3173,27.3173,27.3173,27.3173,0
2017-07-18,27.3173,27.3173,27.3173,27.3173,0
2017-07-19,27.3173,27.3173,27.3173,27.3173,0
2017-07-20,27.3173,27.3173,27.3173,27.3173,0
2017-07-21,27.3173,27.3173,27.3173,27.3173,0
2017-07-24,27.2632,27.3443,27.2632,27.3443,600
2017-07-25,27.3443,27.3443,27.3443,27.3443,0
2017-07-26,27.3443,27.3443,27.3443,27.3443,0
2017-07-27,27.3443,27.3443,27.3443,27.3443,0
2017-07-28,27.3443,27.3443,27.3443,27.3443,0
2017-07-31,27.3443,27.3443,27.3443,27.3443,0
2017-08-01,27.3443,27.3443,27.3443,27.3443,0
2017-08-02,27.7137,27.7137,27.7137,27.7137,100
2017-08-03,27.7137,27.7137,27.7137,27.7137,100
2017-08-04,27.6777,27.6777,27.6777,27.6777,300
2017-08-07,27.6777,27.6777,27.6777,27.6777,0
2017-08-08,27.6777,27.6777,27.6777,27.6777,0
2017-08-09,27.6777,27.6777,27.6777,27.6777,0
2017-08-10,27.4029,27.4029,27.4029,27.4029,500
2017-08-11,27.4029,27.4029,27.4029,27.4029,0
2017-08-14,27.4029,27.4029,27.4029,27.4029,0
2017-08-15,27.4029,27.4029,27.4029,27.4029,0
2017-08-16,27.4029,27.4029,27.4029,27.4029,0
2017-08-17,27.2812,27.2812,27.2677,27.2677,1300
2017-08-18,27.2677,27.2677,27.2677,27.2677,0
2017-08-21,27.2677,27.2677,27.2677,27.2677,0
2017-08-22,27.2677,27.2677,27.2677,27.2677,0
2017-08-23,27.2677,27.2677,27.2677,27.2677,0
2017-08-24,27.4164,27.4164,27.4164,27.4164,500
2017-08-25,27.4164,27.4164,27.4164,27.4164,0
2017-08-28,27.4164,27.4164,27.4164,27.4164,0
2017-08-29,27.4164,27.4164,27.4164,27.4164,0
2017-08-30,27.4164,27.4164,27.4164,27.4164,0
2017-08-31,27.6416,27.6416,27.6353,27.6353,200
2017-09-01,27.6353,27.6353,27.6353,27.6353,0
2017-09-05,27.2993,27.3803,27.2993,27.3803,400
2017-09-06,27.3803,27.3803,27.3803,27.3803,100
2017-09-07,27.3803,27.3803,27.3803,27.3803,0
2017-09-08,27.3173,27.3173,27.3173,27.3173,100
2017-09-11,27.3173,27.3173,27.3173,27.3173,0
2017-09-12,27.3173,27.3173,27.3173,27.3173,0
2017-09-13,27.3173,27.3173,27.3173,27.3173,0
2017-09-14,27.3173,27.3173,27.3173,27.3173,0
2017-09-15,28.0164,28.0164,28.0164,28.0164,600
2017-09-18,28.2875,28.3419,28.2875,28.3419,500
2017-09-19,28.3147,28.3147,28.3147,28.3147,900
2017-09-20,28.2766,28.2875,28.2766,28.2875,400
2017-09-21,28.2875,28.2875,28.2875,28.2875,0
2017-09-22,28.2875,28.2875,28.2875,28.2875,0
2017-09-25,27.9158,27.9158,27.9158,27.9158,400
2017-09-26,27.9702,27.9702,27.9702,27.9702,100
2017-09-27,27.9702,27.9702,27.9702,27.9702,0
2017-09-28,27.9702,27.9702,27.9702,27.9702,0
2017-09-29,27.9702,27.9702,27.9702,27.9702,0
2017-10-02,27.9702,27.9702,27.9702,27.9702,0
2017-10-03,27.9702,27.9702,27.9702,27.9702,0
2017-10-04,27.9702,27.9702,27.9702,27.9702,0
2017-10-05,28.9222,28.9222,28.9086,28.9086,700
2017-10-06,28.8859,28.8859,28.8859,28.8859,200
2017-10-09,29.3030,29.3030,29.0038,29.0038,3600
2017-10-10,28.9856,28.9856,28.9856,28.9856,100
2017-10-11,29.0754,29.0754,29.0509,29.0509,500
2017-10-12,29.0763,29.0854,29.0763,29.0854,900
2017-10-13,29.2304,29.2304,29.2304,29.2304,200
2017-10-16,29.0763,29.2667,29.0763,29.2576,7400
2017-10-17,29.2522,29.2522,29.2522,29.2522,600
2017-10-18,29.2848,29.3302,29.2848,29.3166,600
2017-10-19,29.2576,29.2613,29.2549,29.2613,4100
2017-10-20,29.5840,29.6058,29.5840,29.6058,1000
2017-10-23,29.7835,29.7835,29.5568,29.5568,8100
2017-10-24,29.6475,29.7563,29.6294,29.7472,1200
2017-10-25,29.8198,29.8198,29.4752,29.5478,900
2017-10-26,29.5478,29.5478,29.5478,29.5478,0
2017-10-27,29.5478,29.5478,29.5478,29.5478,0
2017-10-30,30.1280,30.1280,30.0809,30.0809,800
2017-10-31,30.1008,30.1915,30.1008,30.1461,2100
2017-11-01,30.1643,30.2096,30.1189,30.1189,500
2017-11-02,30.2241,30.2278,30.2187,30.2187,500
2017-11-03,30.3773,30.3909,30.3773,30.3909,300
2017-11-06,30.3819,30.4907,30.3819,30.4907,1600
2017-11-07,30.6085,30.6085,30.1824,30.1933,5800
2017-11-08,30.1915,30.2006,30.1353,30.2006,1700
2017-11-09,29.9104,29.9104,29.9104,29.9104,400
2017-11-10,30.0183,30.0192,29.9675,30.0192,500
2017-11-13,30.1008,30.1008,30.1008,30.1008,300
2017-11-14,30.0827,31.5877,29.9621,30.0555,52200
2017-11-15,29.9467,30.0464,29.9467,29.9784,1700
2017-11-16,30.1897,30.2731,30.1897,30.2368,6400
2017-11-17,30.0918,30.1371,30.0918,30.1153,67700
2017-11-20,30.1552,30.2550,30.1552,30.1870,4700
2017-11-21,30.4454,30.4907,30.4327,30.4635,2200
2017-11-22,30.4317,30.4317,30.3275,30.4000,5800
2017-11-24,30.4000,30.4000,30.4000,30.4000,0
2017-11-27,30.4907,30.4907,30.3909,30.4363,3100
2017-11-28,30.5632,30.8080,30.5632,30.7989,15000
2017-11-29,30.7808,30.7808,30.4453,30.5315,5900
2017-11-30,30.8216,30.9621,30.8216,30.9340,2300
2017-12-01,30.8080,30.8080,30.6176,30.7491,3500
2017-12-04,31.1797,31.1797,30.6856,30.6901,8600
2017-12-05,30.5904,30.5904,30.4272,30.4934,9000
2017-12-06,30.5387,30.6539,30.5387,30.5877,1400
2017-12-07,30.8343,30.8352,30.7627,30.7627,3500
2017-12-08,31.0347,31.0347,30.8352,30.8443,1200
2017-12-11,30.9404,31.0256,30.9404,30.9667,4100
2017-12-12,31.0120,31.1344,31.0120,31.1027,4300
2017-12-13,31.1797,31.1797,31.0437,31.0437,8200
2017-12-14,31.1525,31.1525,30.9440,30.9893,1800
2017-12-15,31.0891,31.2232,31.0891,31.1299,2400
2017-12-18,31.3714,31.4286,31.3714,31.4105,4000
2017-12-19,31.2388,31.3333,31.2388,31.3333,500
2017-12-20,31.5376,31.5376,31.1199,31.3106,5900
2017-12-21,31.4559,31.4559,31.3069,31.3832,29700
2017-12-22,31.4014,31.4014,31.2016,31.2924,8500
2017-12-26,31.0745,31.1380,31.0745,31.1290,900
2017-12-27,31.1971,31.2007,31.1698,31.1698,800
2017-12-28,31.3015,31.3015,31.1834,31.2134,88800
2017-12-29,31.1880,31.2470,31.1880,31.2470,4400
2018-01-02,31.1880,33.8623,31.1880,31.3378,60000
2018-01-03,32.5910,32.5910,31.4513,31.6012,48600
2018-01-04,32.0098,32.0098,31.8917,31.9544,6900
2018-01-05,32.1006,32.1914,31.9281,32.1914,6000
2018-01-08,32.2096,32.2822,32.1142,32.2323,16300
2018-01-09,32.2459,32.4275,32.2459,32.4275,1800
2018-01-10,32.2641,32.4384,32.2550,32.4384,2000
2018-01-11,32.5819,32.6001,32.5083,32.5610,11100
2018-01-12,32.6455,32.8997,32.6455,32.8670,5100
2018-01-16,33.2539,33.2539,32.7072,32.8361,14800
2018-01-17,32.8271,33.1976,32.8271,33.1976,66100
2018-01-18,33.2720,33.2720,33.1858,33.2630,5300
2018-01-19,33.2729,33.3329,33.2629,33.3329,1700
2018-01-22,33.2629,33.5308,33.2266,33.5308,12000
2018-01-23,33.6625,33.7261,33.5989,33.7215,1800
2018-01-24,33.9168,33.9258,33.5889,33.7352,5800
2018-01-25,33.9349,33.9349,33.5535,33.5535,13200
2018-01-26,33.7079,34.0176,33.7079,34.0176,11900
2018-01-29,34.0167,34.0167,33.8260,33.8260,8700
2018-01-30,33.4809,33.5808,33.3174,33.4219,6700
2018-01-31,33.7651,33.8169,33.5263,33.5263,6000
2018-02-01,33.6897,33.8160,33.6353,33.6353,3900
2018-02-02,33.5172,33.5172,33.1903,33.1903,2100
2018-02-05,33.0359,33.0359,31.5930,31.5930,11300
2018-02-06,30.6931,32.0579,27.7146,32.0579,14800
2018-02-07,32.2359,32.6491,32.2359,32.3367,11100
2018-02-08,32.3639,32.3639,30.9655,30.9655,6900
2018-02-09,31.1662,31.1662,30.3217,31.1235,2000
2018-02-12,31.5739,32.0552,31.5739,31.9644,4300
2018-02-13,31.8827,32.1188,31.7737,32.1188,4500
2018-02-14,31.9916,32.6908,31.9916,32.6908,6400
2018-02-15,33.0541,33.0904,32.7317,33.0450,2200
2018-02-16,33.1177,33.2475,33.0995,33.1449,15700
2018-02-20,33.1267,33.2375,32.9460,33.1295,3900
2018-02-21,33.2130,33.3719,33.0632,33.0632,30200
2018-02-22,33.5989,33.5989,33.0541,33.0904,133900
2018-02-23,33.2720,33.2811,33.1812,33.2266,2000
2018-02-26,33.7124,33.9258,33.7124,33.8532,12000
2018-02-27,33.9531,34.0621,33.6443,33.6443,7000
2018-02-28,33.8260,33.9367,33.3538,33.3583,7500
2018-03-01,33.4536,33.4536,32.6364,32.8325,11800
2018-03-02,32.2404,32.9179,32.2368,32.9179,3100
2018-03-05,32.7090,33.3719,32.6228,33.3628,4900
2018-03-06,33.4809,33.4809,33.2402,33.4082,3800
2018-03-07,33.2266,33.5263,33.1295,33.5263,4500
2018-03-08,33.7261,33.7261,33.3946,33.5626,4500
2018-03-09,33.8441,34.3308,33.8441,34.3027,900
2018-03-12,34.5433,34.5433,34.2864,34.3890,3700
2018-03-13,34.5052,34.5052,34.0621,34.1846,1300
2018-03-14,33.9821,33.9821,33.8850,33.8850,1000
2018-03-15,33.7942,33.8405,33.7851,33.7851,2800
2018-03-16,33.9803,33.9803,33.8160,33.8895,17000
2018-03-19,33.6130,33.6130,33.0899,33.1763,4000
2018-03-20,33.4765,33.5893,33.4765,33.5675,5600
2018-03-21,33.5584,33.7403,33.4856,33.5220,11700
2018-03-22,33.1490,33.1490,32.3349,32.3667,6400
2018-03-23,32.2530,32.4486,31.9164,31.9164,6600
2018-03-26,32.2302,32.7124,32.2302,32.7124,22300
2018-03-27,32.6760,32.6833,31.8482,31.8482,2600
2018-03-28,31.4434,31.5298,31.4434,31.5298,400
2018-03-29,31.5844,32.0392,31.4725,32.0392,3900
2018-04-02,32.0210,32.0210,31.1213,31.1213,4000
2018-04-03,31.5671,31.5671,31.2578,31.2796,2000
2018-04-04,31.1204,32.0483,31.1204,32.0483,3500
2018-04-05,32.2848,32.4759,32.2457,32.3394,3400
2018-04-06,32.0883,32.0883,31.3842,31.3842,3000
2018-04-09,31.8118,32.1620,31.6481,31.6481,6500
2018-04-10,32.1757,32.2957,32.0210,32.2075,2400
2018-04-11,32.3067,32.3067,32.2439,32.2621,1200
2018-04-12,32.3667,32.4759,32.3030,32.4104,5400
2018-04-13,32.6851,32.6851,32.1029,32.2566,15600
2018-04-16,32.3667,32.5214,32.3212,32.4695,67800
2018-04-17,32.7852,33.1472,32.7852,33.1308,10900
2018-04-18,33.3128,33.3128,33.0626,33.1672,138100
2018-04-19,33.1672,33.2218,33.0490,33.2218,13200
2018-04-20,33.1581,33.1581,32.9216,32.9216,4300
2018-04-23,32.9398,33.0954,32.7488,32.7488,5600
2018-04-24,33.1308,33.1308,31.8937,32.0210,82400
2018-04-25,32.1120,32.1393,31.6117,32.0674,147300
2018-04-26,32.3758,32.8125,32.3567,32.6851,20700
2018-04-27,32.7033,32.7888,32.6760,32.6933,4900
2018-04-30,32.6578,32.6851,32.4922,32.4922,1600
2018-05-01,32.5941,32.6942,32.3121,32.6942,15300
2018-05-02,32.6578,32.7397,32.4031,32.4304,18400
2018-05-03,32.3758,32.5941,32.0301,32.4850,87100
2018-05-04,32.4031,32.9125,32.3485,32.8579,3000
2018-05-07,33.1126,33.1672,33.0399,33.0763,10400
2018-05-08,33.0217,33.1609,33.0217,33.0672,3300
2018-05-09,33.2218,33.5366,33.2036,33.5184,7800
2018-05-10,33.6494,33.9041,33.6494,33.8086,6400
2018-05-11,33.9405,33.9405,33.8040,33.8040,1900
2018-05-14,34.0769,34.0860,33.8768,33.8859,6200
2018-05-15,33.7039,33.7039,33.4219,33.4947,7500
2018-05-16,33.6221,33.6858,33.5311,33.6175,4600
2018-05-17,33.6948,33.7221,33.5038,33.5493,8800
2018-05-18,33.5493,33.6403,33.5402,33.6203,5700
2018-05-21,33.9768,33.9950,33.7858,33.9132,5000
2018-05-22,34.1315,34.1315,33.8222,33.8222,1300
2018-05-23,33.6766,33.8850,33.6039,33.8850,5000
2018-05-24,33.9314,33.9405,33.7130,33.8950,138500
2018-05-25,33.7585,33.9405,33.7585,33.8222,250400
2018-05-29,33.7039,33.7312,33.2864,33.4492,8000
2018-05-30,33.6666,33.9214,33.6130,33.9205,3200
2018-05-31,33.8404,33.9405,33.7676,33.7767,9700
2018-06-01,34.0669,34.2216,33.9768,34.1588,11600
2018-06-04,34.2862,34.4772,34.2816,34.4772,30000
2018-06-05,34.4772,34.5682,34.4499,34.5318,131100
2018-06-06,34.7683,34.8456,34.5818,34.7865,17200
2018-06-07,35.0321,35.0321,34.5318,34.7046,32500
2018-06-08,34.7228,34.7228,34.5772,34.6682,5200
2018-06-11,34.7501,34.9320,34.7501,34.8319,11300
2018-06-12,34.9957,34.9957,34.8319,34.9120,6300
2018-06-13,35.0685,35.0685,34.8047,34.8047,18700
2018-06-14,34.9684,35.0139,34.8956,34.8956,7600
2018-06-15,34.8593,34.8865,34.7319,34.8502,5500
2018-06-18,34.6660,34.9285,34.6660,34.8848,21400
2018-06-19,34.4746,34.6842,34.3926,34.6469,13500
2018-06-20,34.9121,34.9659,34.8128,34.8228,16200
2018-06-21,34.7499,34.7499,34.4564,34.5557,9400
2018-06-22,34.5019,34.5384,34.3926,34.4108,7300
2018-06-25,33.9368,33.9568,33.4992,33.7454,14800
2018-06-26,33.8629,34.0507,33.8365,33.8639,15600
2018-06-27,34.0917,34.0917,33.5084,33.5084,2200
2018-06-28,33.5266,33.8821,33.5266,33.8183,5800
2018-06-29,33.8274,34.1100,33.7727,33.7727,8000
2018-07-02,33.6724,33.8994,33.6724,33.8994,3900
2018-07-03,34.0644,34.0644,33.9003,33.9040,5200
2018-07-05,33.8639,33.9906,33.7226,33.9906,128800
2018-07-06,34.0553,34.3014,34.0289,34.2968,4000
2018-07-09,34.5475,34.6195,34.4655,34.6013,20500
2018-07-10,34.8119,34.8666,34.7490,34.8210,12400
2018-07-11,34.6751,34.7845,34.6387,34.6751,7500
2018-07-12,34.9486,35.2038,34.9486,35.2038,3800
2018-07-13,35.2312,35.2950,35.2312,35.2859,9600
2018-07-16,35.4499,35.4499,35.2312,35.2649,8800
2018-07-17,35.0762,35.4682,35.0762,35.4682,4100
2018-07-18,35.3861,35.6414,35.3861,35.6049,8400
2018-07-19,35.5502,35.5502,35.2922,35.2995,6500
2018-07-20,35.4308,35.5229,35.3570,35.3953,24300
2018-07-23,35.4773,35.4773,35.2603,35.4454,8100
2018-07-24,35.8875,35.8966,35.5429,35.6596,8500
2018-07-25,35.8146,36.1837,35.7416,36.1701,8600
2018-07-26,35.7690,35.8073,35.6505,35.7325,50900
2018-07-27,35.8328,35.9331,35.3041,35.4044,20100
2018-07-30,35.4044,35.4044,34.7936,34.7936,12300
2018-07-31,34.9759,35.0853,34.9486,34.9668,5300
2018-08-01,35.1309,35.1765,35.0306,35.0306,2100
2018-08-02,34.8848,35.3223,34.7663,35.2768,52300
2018-08-03,35.3861,35.3861,35.2294,35.3132,16300
2018-08-06,35.4089,35.5192,35.3770,35.5047,6100
2018-08-07,35.7052,35.8146,35.6687,35.7052,6400
2018-08-08,35.7963,35.8328,35.7234,35.7963,8100
2018-08-09,35.9331,35.9331,35.7416,35.7599,19100
2018-08-10,35.5238,35.6140,35.4299,35.5047,18400
2018-08-13,35.4773,35.7143,35.3716,35.3716,5400
2018-08-14,35.5402,35.6687,35.4317,35.6505,5800
2018-08-15,35.5046,35.5046,35.0397,35.2312,13300
2018-08-16,35.5046,35.6231,35.4226,35.4226,4900
2018-08-17,35.1947,35.4946,35.1947,35.4682,5600
2018-08-20,35.6232,35.6232,35.3770,35.5047,7800
2018-08-21,35.6869,35.7116,35.5502,35.5776,8900
2018-08-22,35.5958,35.6961,35.5138,35.6961,22800
2018-08-23,35.7234,35.8146,35.6478,35.7143,2600
2018-08-24,35.8419,35.9604,35.8146,35.9376,8700
2018-08-27,36.0424,36.3341,36.0424,36.3123,4500
2018-08-28,36.3980,36.4171,36.3250,36.3250,9600
2018-08-29,36.4344,36.7535,36.4344,36.7535,12100
2018-08-30,36.7535,36.7990,36.4763,36.5529,137100
2018-08-31,36.5620,36.6122,36.4344,36.5256,6300
2018-09-04,36.3888,37.1363,36.2430,36.5074,96200
2018-09-05,36.4618,36.4618,36.0251,36.1063,8100
2018-09-06,35.9714,36.1154,35.8529,36.1154,5300
2018-09-07,35.7508,36.1473,35.7508,35.9604,4400
2018-09-10,36.0242,36.0971,36.0060,36.0379,11300
2018-09-11,36.1336,36.3232,36.1245,36.3132,4500
2018-09-12,36.2886,36.3250,36.1500,36.2685,4700
2018-09-13,36.6076,36.6076,36.4545,36.5283,29800
2018-09-14,36.6605,36.6833,36.4618,36.6176,4400
2018-09-17,36.5894,36.5894,36.2248,36.2248,3600
2018-09-18,36.2065,36.5939,36.2065,36.5429,11300
2018-09-19,36.5912,36.5912,36.4344,36.5465,19900
2018-09-20,36.8446,36.8902,36.7079,36.8720,16700
2018-09-21,36.9358,36.9358,36.7352,36.7352,5200
2018-09-24,36.7736,36.8531,36.6731,36.8284,114500
2018-09-25,36.9197,36.9928,36.8558,36.9563,14000
2018-09-26,36.9928,37.1207,36.9289,36.9289,5700
2018-09-27,37.1024,37.1481,37.0476,37.0659,3400
2018-09-28,37.0659,37.1024,36.9837,37.0248,7800
2018-10-01,37.3490,37.4577,37.2431,37.3490,24200
2018-10-02,37.3582,37.3673,37.0750,37.1024,73200
2018-10-03,37.2659,37.2942,37.1115,37.1572,24900
2018-10-04,37.0750,37.0750,36.3260,36.5818,23000
2018-10-05,36.4904,36.4904,36.0063,36.2712,27200
2018-10-08,36.1159,36.1890,35.5222,35.9607,11100
2018-10-09,35.8419,36.2027,35.8419,36.0246,4100
2018-10-10,35.9150,35.9150,34.3074,34.3531,39700
2018-10-11,34.3074,34.5513,33.5675,33.8032,23800
2018-10-12,34.5632,34.8006,34.0882,34.6454,28300
2018-10-15,34.6271,34.6271,34.1795,34.1978,5000
2018-10-16,34.5540,35.2025,34.5540,35.2025,20500
2018-10-17,35.3030,35.3761,34.9559,35.0838,17000
2018-10-18,35.0838,35.0838,34.3439,34.4006,6000
2018-10-19,34.6874,34.7002,34.1065,34.2252,9300
2018-10-22,34.3531,34.3896,33.9786,34.2709,11600
2018-10-23,33.4671,34.0516,33.1930,33.8781,18100
2018-10-24,33.8598,33.9019,32.5354,32.5354,16000
2018-10-25,32.8734,33.7868,32.8734,33.6497,10700
2018-10-26,32.9738,33.2890,32.4578,32.8094,15000
2018-10-29,33.1839,33.3666,31.6868,31.6868,13300
2018-10-30,32.0723,32.5537,32.0723,32.4989,13300
2018-10-31,33.1200,33.6954,33.1200,33.3940,24700
2018-11-01,33.5219,33.7868,33.2478,33.7868,15200
2018-11-02,34.0608,34.1339,33.3940,33.6315,14000
2018-11-05,33.7776,33.7776,33.2479,33.7046,91700
2018-11-06,33.8553,33.8553,33.6589,33.8050,47100
2018-11-07,34.3348,35.0016,34.2535,35.0016,69900
2018-11-08,34.9176,34.9833,34.7093,34.7276,15200
2018-11-09,34.3805,34.4627,34.1338,34.4627,59200
2018-11-12,34.4353,34.4353,33.3849,33.4488,15900
2018-11-13,33.3575,33.6881,33.2022,33.3575,74000
2018-11-14,33.6954,33.6954,32.8770,32.9738,11200
2018-11-15,32.8094,33.5602,32.5811,33.4214,18500
2018-11-16,33.3392,33.4488,33.2022,33.4214,12500
2018-11-19,33.2570,33.2570,32.3436,32.4057,6500
2018-11-20,31.5032,32.0422,31.2749,31.6585,183500
2018-11-21,31.9600,32.1746,31.9189,31.9463,33600
2018-11-23,31.7499,31.8412,31.6677,31.7234,3200
2018-11-26,32.1883,32.3710,32.1061,32.3710,5800
2018-11-27,32.2157,32.5354,32.2157,32.5354,5800
2018-11-28,32.6998,33.7091,32.6998,33.7091,13200
2018-11-29,33.7320,33.8443,33.4059,33.7776,7600
2018-11-30,33.7594,33.9238,33.6406,33.9238,6000
2018-12-03,34.8098,34.8098,34.4079,34.5997,26300
2018-12-04,34.4627,34.4627,33.2022,33.2387,32500
2018-12-06,32.5902,32.9711,32.3893,32.8368,11500
2018-12-07,33.3940,33.5493,32.2248,32.2888,20400
2018-12-10,32.1244,32.4870,31.7782,32.4870,9200
2018-12-11,33.1200,33.1200,32.3162,32.4861,13100
2018-12-12,33.2478,33.2752,32.8487,32.8487,1400
2018-12-13,33.0469,33.0469,32.5902,32.7784,12300
2018-12-14,32.3217,32.4532,31.8631,31.9545,10200
2018-12-17,31.6403,31.8503,31.0082,31.0867,60500
2018-12-18,31.5672,31.5672,31.1653,31.3690,14800
2018-12-19,31.5032,31.8010,30.5716,30.9086,37400
2018-12-20,30.6355,30.6995,29.7495,30.2062,91900
2018-12-21,30.2154,30.3204,29.2563,29.4390,35000
2018-12-24,29.0896,29.3280,28.6127,28.6127,60600
2018-12-26,28.8603,30.4560,28.7869,30.4560,52300
2018-12-27,30.0433,30.6761,29.4656,30.6761,31500
2018-12-28,31.0796,31.0796,30.5385,30.6578,288400
2018-12-31,31.0338,31.0824,30.7183,30.9604,63200
2019-01-02,30.4927,31.1713,30.4202,31.0246,52200
2019-01-03,30.6761,30.7586,30.0525,30.0571,33300
2019-01-04,30.8512,31.2969,30.8512,31.2969,2500
2019-01-07,31.4006,31.8692,31.4006,31.7399,26500
2019-01-08,32.0701,32.0774,31.6390,32.0334,13800
2019-01-09,32.2956,32.4369,32.1434,32.3635,20100
2019-01-10,32.2351,32.4552,32.0059,32.4552,1700
2019-01-11,32.3332,32.4644,32.3177,32.4644,2700
2019-01-14,32.2718,32.3268,32.0976,32.2535,4700
2019-01-15,32.5286,32.7762,32.5286,32.7157,6800
2019-01-16,32.9046,32.9559,32.7762,32.8220,141400
2019-01-17,32.8450,33.1522,32.7670,33.0247,8200
2019-01-18,33.2989,33.5832,33.2503,33.5282,6300
2019-01-22,33.3539,33.3539,32.7102,32.9137,17700
2019-01-23,32.9413,32.9688,32.6570,32.9688,13900
2019-01-24,32.8496,33.1063,32.8496,33.1063,4200
2019-01-25,33.2714,33.5190,33.2714,33.3906,32100
2019-01-28,32.9321,33.0513,32.8505,33.0513,10400
2019-01-29,32.9688,32.9688,32.7432,32.8037,10700
2019-01-30,33.2714,33.5832,33.2714,33.5282,14700
2019-01-31,33.4640,33.8400,33.4640,33.7951,10800
2019-02-01,33.7575,33.8308,33.6657,33.6841,9600
2019-02-04,33.7575,34.0179,33.7575,34.0179,4400
2019-02-05,34.2820,34.3352,34.1747,34.2710,27300
2019-02-06,34.3811,34.3811,34.0253,34.2114,5100
2019-02-07,33.9317,33.9409,33.5557,33.8400,8100
2019-02-08,33.5649,33.8308,33.5649,33.8079,2600
2019-02-11,33.8400,34.0142,33.8400,33.8492,5600
2019-02-12,34.2059,34.4636,34.2059,34.4269,11800
2019-02-13,34.6378,34.6644,34.5241,34.5461,18900
2019-02-14,34.3820,34.6929,34.3719,34.5461,8500
2019-02-15,34.8396,34.9240,34.7846,34.9240,12400
2019-02-19,34.7937,35.0157,34.7937,34.9221,8900
2019-02-20,34.9863,35.0322,34.8213,34.9405,10100
2019-02-21,34.8213,34.9515,34.7993,34.8396,4800
2019-02-22,34.9772,35.2248,34.9772,35.1789,12500
2019-02-25,35.2523,35.4779,35.2064,35.2248,32900
2019-02-26,35.1514,35.3257,35.1422,35.2706,14200
2019-02-27,35.0964,35.2229,34.9726,35.1890,6600
2019-02-28,35.2339,35.2339,35.1239,35.1239,5300
2019-03-01,35.4449,35.4651,35.2248,35.3990,45100
2019-03-04,35.5366,35.5641,34.8855,35.1331,27600
2019-03-05,35.0175,35.1789,35.0175,35.1532,6500
2019-03-06,34.8946,34.8946,34.8855,34.8855,500
2019-03-07,34.5645,34.6553,34.4407,34.5140,1900
2019-03-08,34.0968,34.4453,34.0968,34.4453,3100
2019-03-11,34.5370,35.0093,34.5370,35.0093,11000
2019-03-12,35.1000,35.2248,35.0780,35.0780,13800
2019-03-13,35.1881,35.5384,35.1881,35.3944,16600
2019-03-14,35.4174,35.4724,35.3422,35.3807,79600
2019-03-15,35.5549,35.7246,35.5274,35.5962,10800
2019-03-18,35.6560,35.7065,35.6284,35.7065,17600
2019-03-19,35.7571,35.9134,35.7038,35.8123,9100
2019-03-20,35.7939,35.9502,35.7010,35.8454,7600
2019-03-21,35.9833,36.2987,35.9833,36.2720,5900
2019-03-22,36.1157,36.1957,35.7571,35.7571,93600
2019-03-25,35.7295,35.8766,35.6183,35.8490,40100
2019-03-26,36.1065,36.1800,35.8582,35.9364,7900
2019-03-27,35.9226,35.9226,35.5181,35.7249,5100
2019-03-28,35.7111,35.9208,35.7019,35.8582,44700
2019-03-29,35.9961,36.1147,35.9226,36.1129,4100
2019-04-01,36.3363,36.3382,36.2168,36.3382,5800
2019-04-02,36.3915,36.3915,36.2444,36.3557,18400
2019-04-03,36.4927,36.5046,36.3363,36.3796,9200
2019-04-04,36.4926,36.4926,35.9869,36.1865,31500
2019-04-05,36.2536,36.4182,36.2536,36.3492,8600
2019-04-08,36.2260,36.3823,36.1892,36.3575,44500
2019-04-09,36.1616,36.3299,36.1616,36.2628,9100
2019-04-10,36.3363,36.4430,36.3363,36.3759,6100
2019-04-11,36.4835,36.4835,36.1497,36.2545,9600
2019-04-12,36.1727,36.2674,36.1249,36.1322,17100
2019-04-15,36.2628,36.2628,36.1037,36.2251,6900
2019-04-16,36.2941,36.2941,35.8307,35.8775,5300
2019-04-17,35.5916,35.6560,35.3709,35.4445,160200
2019-04-18,35.5548,35.5962,35.4077,35.5962,4900
2019-04-22,35.5456,35.6835,35.5456,35.6835,13600
2019-04-23,35.7939,36.0495,35.7874,36.0495,2800
2019-04-24,36.1341,36.1479,36.0513,36.0624,13800
2019-04-25,35.9722,36.1488,35.9722,36.0973,10100
2019-04-26,36.2168,36.3639,36.1194,36.3639,1900
2019-04-29,36.4375,36.4375,36.2499,36.2628,5500
2019-04-30,36.2757,36.4862,36.2757,36.4862,3200
2019-05-01,36.3639,36.5018,36.1837,36.1837,38300
2019-05-02,36.1065,36.2260,36.0816,36.1754,5500
2019-05-03,36.5018,36.5570,36.3685,36.5386,85000
2019-05-06,36.0053,36.4595,36.0053,36.4595,6100
2019-05-07,36.3363,36.3363,35.7525,35.9079,21200
2019-05-08,35.8306,36.0421,35.8123,35.9042,3200
2019-05-09,35.6284,35.8996,35.4445,35.8398,58000
2019-05-10,35.7571,36.1856,35.4261,36.0136,4400
2019-05-13,35.3801,35.5824,35.3323,35.4813,6400
2019-05-14,35.5916,35.8582,35.5180,35.7084,5100
2019-05-15,35.6284,36.0063,35.6284,35.9226,2900
2019-05-16,35.9594,36.5754,35.9594,36.3455,8500
2019-05-17,36.2168,36.4439,36.1984,36.2812,4000
2019-05-20,35.9410,36.1800,35.9410,36.1341,7900
2019-05-21,36.3455,36.3970,36.2950,36.3483,28100
2019-05-22,36.3547,36.5018,36.3547,36.5018,1000
2019-05-23,36.2187,36.2187,35.9594,36.1387,9900
2019-05-24,36.1800,36.2784,36.1800,36.2223,3300
2019-05-28,36.4926,36.4926,36.0348,36.0366,3200
2019-05-29,35.8031,35.8215,35.4905,35.7019,9400
2019-05-30,35.8490,35.9042,35.8086,35.8748,100600
2019-05-31,35.4996,35.7074,35.4996,35.5824,102400
2019-06-03,35.5640,35.5640,35.2698,35.3130,15700
2019-06-04,35.6652,35.8766,35.4813,35.8766,80300
2019-06-05,36.0789,36.4494,36.0789,36.4485,4700
2019-06-06,36.4651,36.7299,36.4651,36.6425,4100
2019-06-07,36.8788,37.1611,36.8788,37.0572,7000
2019-06-10,37.1455,37.2374,37.0719,37.1271,59100
2019-06-11,37.2622,37.2622,36.8521,37.0075,21500
2019-06-12,37.0333,37.0719,36.9616,37.0370,3800
2019-06-13,37.1271,37.1363,36.9064,36.9983,3700
2019-06-14,36.9432,37.0710,36.9432,37.0590,8400
2019-06-17,37.0627,37.1271,37.0627,37.1032,2600
2019-06-18,37.3937,37.4489,37.2576,37.3045,12800
2019-06-19,37.3845,37.6695,37.3459,37.6465,2400
2019-06-20,38.1568,38.1568,37.7799,37.9362,41400
2019-06-21,37.8718,37.9362,37.8167,37.8167,4900
2019-06-24,37.7945,37.8305,37.7806,37.7973,4300
2019-06-25,37.8499,37.8499,37.4244,37.4244,2300
2019-06-26,37.2038,37.2776,37.0654,37.0838,7400
2019-06-27,37.2537,37.2537,37.2361,37.2518,1100
2019-06-28,37.3607,37.3607,37.1558,37.2998,8200
2019-07-01,37.6099,37.6099,37.4678,37.5961,22100
2019-07-02,37.5730,37.8222,37.5268,37.8222,12400
2019-07-03,37.9237,38.2477,37.9237,38.2440,10000
2019-07-05,37.9791,38.1720,37.9136,38.1064,1600
2019-07-08,38.0409,38.0705,38.0179,38.0705,7600
2019-07-09,38.1314,38.2209,38.1314,38.2209,3100
2019-07-10,38.3852,38.5771,38.3852,38.5052,13100
2019-07-11,38.5052,38.5329,38.3206,38.4627,12200
2019-07-12,38.6805,38.6805,38.3113,38.4867,6600
2019-07-15,38.5236,38.5476,38.4590,38.5393,6900
2019-07-16,38.5144,38.5421,38.4129,38.4129,4400
2019-07-17,38.3981,38.4498,38.3446,38.3446,3600
2019-07-18,38.2837,38.4313,38.0898,38.4313,6700
2019-07-19,38.4710,38.4710,38.0428,38.0428,3500
2019-07-22,38.0381,38.1729,37.9883,38.0963,9500
2019-07-23,38.3575,38.3575,37.9892,38.1443,2900
2019-07-24,38.0252,38.1914,37.9800,38.1904,6700
2019-07-25,38.1083,38.2190,38.0086,38.0086,9400
2019-07-26,38.0437,38.2652,38.0437,38.2495,9800
2019-07-29,38.1175,38.2421,38.1175,38.2283,25000
2019-07-30,38.1138,38.1406,38.0123,38.0123,5800
2019-07-31,38.0437,38.1083,37.6210,37.6210,10800
2019-08-01,37.7299,38.0151,37.4991,37.4991,19000
2019-08-02,37.5638,37.5638,37.1715,37.4345,56200
2019-08-05,36.9362,36.9362,35.9578,36.2624,221700
2019-08-06,36.4655,40.6002,36.4655,36.8623,280200
2019-08-07,36.4193,37.1115,36.4193,37.0100,159600
2019-08-08,37.1484,37.6468,37.1484,37.6007,32900
2019-08-09,37.6653,37.6653,37.3423,37.5001,14000
2019-08-12,37.2315,37.2869,37.0848,37.0977,6000
2019-08-13,37.1577,37.6164,37.1346,37.5278,17600
2019-08-14,37.0469,37.0654,36.5577,36.5900,9800
2019-08-15,36.5947,36.6962,36.4562,36.6408,13700
2019-08-16,36.9177,37.1115,36.9177,37.0829,3500
2019-08-19,37.3792,37.4189,37.3792,37.3976,1800
2019-08-20,37.3238,37.3266,37.1327,37.1327,1900
2019-08-21,37.4345,37.4419,37.3607,37.4419,8700
2019-08-22,37.5545,37.5545,37.3386,37.4059,12800
2019-08-23,37.3330,37.5296,36.6168,36.6316,6900
2019-08-26,36.7516,37.0100,36.7516,37.0100,3900
2019-08-27,36.9177,37.0783,36.9177,36.9906,1400
2019-08-28,36.8162,37.1207,36.8162,37.1207,4700
2019-08-29,37.3699,37.5638,37.3053,37.4899,32700
2019-08-30,37.5453,37.5462,37.3238,37.4770,2900
2019-09-03,37.4992,37.5176,37.3053,37.4788,29000
2019-09-04,37.6468,37.6561,37.5398,37.6478,4900
2019-09-05,37.8868,37.9606,37.7483,37.9089,23600
2019-09-06,37.9514,38.0068,37.9071,37.9071,8800
2019-09-09,37.9606,37.9606,37.4530,37.4991,10300
2019-09-10,37.4069,37.4069,36.8992,37.1946,14600
2019-09-11,37.1854,37.3146,37.1208,37.2961,13600
2019-09-12,37.5176,37.6247,37.4622,37.4622,13800
2019-09-13,37.4899,37.5545,37.3699,37.3976,5500
2019-09-16,37.2684,37.3053,37.2140,37.2776,19300
2019-09-17,37.4715,37.5342,37.4115,37.5342,2800
2019-09-18,37.4345,37.5361,37.2776,37.5361,9400
2019-09-19,37.5453,37.6948,37.5453,37.6210,1000
2019-09-20,37.7299,37.7299,37.5481,37.5610,6500
2019-09-23,37.5239,37.6860,37.5239,37.5925,3500
2019-09-24,37.7694,37.7694,37.4452,37.4915,57700
2019-09-25,37.4915,37.5906,37.3063,37.5906,4600
2019-09-26,37.6027,37.7972,37.5378,37.7231,7300
2019-09-27,37.1970,37.3257,37.1970,37.3257,3900
2019-09-30,37.6119,37.6508,37.5702,37.5925,800
2019-10-01,37.6397,37.6397,37.2155,37.2155,12800
2019-10-02,37.0655,37.0655,36.4079,36.6117,23800
2019-10-03,36.6302,36.9284,36.4320,36.9238,6700
2019-10-04,37.1766,37.5221,37.1535,37.5221,4800
2019-10-07,37.3396,37.5100,37.3183,37.3507,2400
2019-10-08,36.8617,37.1562,36.8330,36.8330,1600
2019-10-09,37.1303,37.3156,37.0470,37.2331,6600
2019-10-10,37.2359,37.3989,37.2359,37.3072,3700
2019-10-11,37.5434,37.6027,37.3906,37.3906,5400
2019-10-14,37.3433,37.4517,37.2739,37.2933,2800
2019-10-15,37.4267,37.4359,37.2970,37.3507,52300
2019-10-16,37.1257,37.3174,37.1164,37.3174,12300
2019-10-17,37.4823,37.4823,37.3619,37.3896,4400
2019-10-18,37.3498,37.3804,37.2878,37.3471,1500
2019-10-21,37.4915,37.4915,37.3341,37.4267,5900
2019-10-22,37.5656,37.5656,36.9636,36.9636,6300
2019-10-23,36.8895,37.0007,36.8895,36.9766,3300
2019-10-24,37.2192,37.2878,37.1488,37.2683,20900
2019-10-25,37.2600,37.2600,37.1303,37.1674,20500
2019-10-28,37.2498,37.2498,37.1674,37.2174,4200
2019-10-29,37.3118,37.4359,37.2998,37.3137,2100
2019-10-30,37.3433,37.5841,37.3433,37.5841,1000
2019-10-31,37.5841,37.6119,37.3989,37.4915,3000
2019-11-01,37.6027,37.6027,37.3711,37.4110,19200
2019-11-04,37.5008,37.6305,37.0192,37.0562,139500
2019-11-05,37.0655,37.0655,36.7043,36.7784,39200
2019-11-06,36.8895,37.0238,36.8895,37.0238,132300
2019-11-07,37.1211,37.1349,36.9636,36.9701,155400
2019-11-08,37.0192,37.1118,36.9729,37.0701,157800
2019-11-11,37.0655,37.0961,37.0377,37.0562,4600
2019-11-12,37.1025,37.3063,37.1025,37.2202,5300
2019-11-13,37.3341,37.6156,37.3248,37.5906,3400
2019-11-14,37.5193,37.6295,37.4962,37.6295,14200
2019-11-15,37.6212,37.7360,37.6212,37.7360,11800
2019-11-18,37.8750,37.9148,37.8342,37.8416,25800
2019-11-19,37.9176,38.0565,37.9176,37.9954,3200
2019-11-20,38.0194,38.1260,37.8435,38.0009,20400
2019-11-21,37.8620,37.8620,37.7045,37.7286,9600
2019-11-22,37.8064,37.8064,37.6027,37.6777,12000
2019-11-25,37.7508,37.8814,37.7508,37.8490,9300
2019-11-26,37.8805,38.2223,37.8805,38.2223,5900
2019-11-27,38.2417,38.3344,38.1602,38.3344,16100
2019-11-29,38.2417,38.2417,38.2297,38.2297,700
2019-12-02,38.2695,38.2695,37.8231,37.8926,3500
2019-12-03,37.6675,37.8509,37.6119,37.8509,6300
2019-12-04,38.0454,38.0454,37.9083,38.0259,14200
2019-12-05,38.0102,38.0361,37.9083,38.0111,6000
2019-12-06,38.2139,38.2695,38.1676,38.1825,7200
2019-12-09,38.0935,38.2325,38.0935,38.1019,1300
2019-12-10,38.1028,38.1297,38.0333,38.0333,3700
2019-12-11,38.0704,38.1028,37.9546,38.0982,6300
2019-12-12,38.3066,38.3066,38.0935,38.2325,10200
2019-12-13,38.3982,38.4418,38.2973,38.4418,2300
2019-12-16,38.5381,38.6409,38.5381,38.6381,4500
2019-12-17,38.6215,38.6215,38.5751,38.5807,2300
2019-12-18,38.5659,38.5937,38.5659,38.5752,2800
2019-12-19,38.5992,38.7882,38.5937,38.7882,3900
2019-12-20,38.9919,39.0938,38.9919,39.0938,3400
2019-12-23,39.2017,39.2017,38.9403,38.9403,5600
2019-12-24,38.9412,38.9971,38.8947,38.9971,3100
2019-12-26,38.9785,39.0529,38.9785,39.0482,1900
2019-12-27,39.1431,39.1831,39.1394,39.1580,13100
2019-12-30,38.9487,38.9487,38.9068,38.9273,5900
2019-12-31,38.9505,38.9878,38.8250,38.9878,7100
2020-01-02,39.1850,39.2101,39.0361,39.2101,10200
2020-01-03,38.7924,39.1803,38.7924,39.0892,41700
2020-01-06,38.8761,39.1180,38.8761,39.1180,4100
2020-01-07,39.0901,39.0901,38.8947,38.8947,8600
2020-01-08,38.8854,39.2575,38.8575,39.0901,14400
2020-01-09,39.3394,39.5087,39.3394,39.4901,13100
2020-01-10,39.5366,39.5645,39.4427,39.4427,24900
2020-01-13,39.4994,39.7301,39.4994,39.7301,4300
2020-01-14,39.6929,39.7413,39.6390,39.6501,4600
2020-01-15,39.6855,40.0669,39.6855,40.0204,16800
2020-01-16,40.1841,40.3320,40.1841,40.3320,21400
2020-01-17,40.4018,40.5841,40.4018,40.5841,6600
2020-01-21,40.4855,40.6902,40.4855,40.6436,5700
2020-01-22,40.9134,40.9544,40.7599,40.7655,8000
2020-01-23,40.5925,40.7674,40.5925,40.7674,9100
2020-01-24,40.8790,40.8855,40.5041,40.5664,2000
2020-01-27,39.9552,40.3367,39.8538,40.1841,5900
2020-01-28,40.4529,40.5460,40.4529,40.5078,5000
2020-01-29,40.5692,40.7367,40.3413,40.4567,10500
2020-01-30,40.3367,40.8465,40.3367,40.8465,9000
2020-01-31,40.4669,40.4669,40.1599,40.1599,3000
2020-02-03,40.3646,40.7767,38.2435,40.5748,21600
2020-02-04,40.9134,41.2483,40.9134,41.0465,25600
2020-02-05,41.2390,41.2437,40.9320,41.0455,18300
2020-02-06,41.0809,41.2641,41.0809,41.2548,140400
2020-02-07,41.1692,41.2344,41.0809,41.1078,8200
2020-02-10,41.0065,41.5014,41.0065,41.5014,25500
2020-02-11,41.4995,41.7497,41.4716,41.4716,12800
2020-02-12,41.4623,41.6111,41.4623,41.6111,1900
2020-02-13,41.4530,41.8493,41.4530,41.7069,4700
2020-02-14,41.7414,41.9674,41.7414,41.9674,23700
2020-02-18,41.9925,42.0381,41.8939,42.0065,17000
2020-02-19,42.1135,42.1553,42.0623,42.0623,2400
2020-02-20,41.7516,41.8902,41.4809,41.8902,3200
2020-02-21,41.5414,41.5832,41.5274,41.5274,1200
2020-02-24,40.6474,40.7832,40.3273,40.4287,9600
2020-02-25,40.4390,40.6641,39.2780,39.3506,17600
2020-02-26,39.3971,39.8901,39.1654,39.1980,18500
2020-02-27,38.3366,38.8482,37.2947,37.2947,36300
2020-02-28,36.6490,36.8295,35.7969,36.8295,100000
2020-03-02,37.1458,38.8668,37.1458,38.8668,17200
2020-03-03,39.0250,39.4715,37.7226,37.9086,13900
2020-03-04,38.6156,39.6203,38.6156,39.6017,7700
2020-03-05,38.8017,39.0715,38.5691,38.5757,2600
2020-03-06,37.5179,38.1784,37.1551,38.1784,15200
2020-03-09,35.1736,37.0063,35.0713,36.0779,58400
2020-03-10,37.1086,37.3728,35.6667,37.3728,31600
2020-03-11,36.2993,36.3756,35.2062,35.7374,8500
2020-03-12,33.0712,33.9336,32.0386,32.7066,54500
2020-03-13,34.3550,34.9420,32.6247,34.9420,14200
2020-03-16,31.6851,33.1242,29.5771,29.5771,111300
2020-03-17,32.5596,33.3596,31.3316,32.5968,182500
2020-03-18,30.9223,31.9614,30.4209,31.7409,14500
2020-03-19,31.4991,32.2712,31.1232,31.6777,8600
2020-03-20,32.0386,32.0386,30.0209,30.0888,5600
2020-03-23,30.1514,30.1514,28.3652,29.0451,19100
2020-03-24,30.4133,31.7506,30.4133,31.7506,8100
2020-03-25,31.9845,33.2002,31.5505,32.1893,12700
2020-03-26,32.4988,34.1177,32.4988,34.1177,30400
2020-03-27,33.1535,33.4761,33.0412,33.2844,10200
2020-03-30,33.7520,34.5918,33.6585,34.5918,37000
2020-03-31,34.9584,34.9584,33.5837,33.6819,63800
2020-04-01,32.2650,32.9599,32.1060,32.3052,29900
2020-04-02,32.5456,33.2433,31.4140,33.2433,48000
2020-04-03,33.2563,33.2807,32.5082,32.8130,11500
2020-04-06,34.1355,35.0987,33.9690,35.0987,4800
2020-04-07,36.0807,36.0807,34.7246,34.7246,12200
2020-04-08,35.0753,35.9348,35.0520,35.9348,2800
2020-04-09,36.5811,36.7447,36.4651,36.5904,20400
2020-04-13,36.0713,36.0713,35.5663,35.9610,34400
2020-04-14,36.7821,37.1936,36.7821,37.1936,2300
2020-04-15,36.4735,36.4875,36.3351,36.3463,2300
2020-04-16,36.2780,36.7541,36.2780,36.7541,3100
2020-04-17,37.7080,37.7080,37.1001,37.6659,5700
2020-04-20,37.1468,37.4181,36.8943,36.8943,34800
2020-04-21,36.1181,36.1836,35.6234,35.8375,6100
2020-04-22,36.5118,36.8494,36.5109,36.8494,6200
2020-04-23,36.8401,36.8401,36.4744,36.4744,3400
2020-04-24,36.5670,36.7728,36.4267,36.7728,4100
2020-04-27,37.1469,37.2909,36.9505,37.2909,3300
2020-04-28,37.7080,37.7080,36.9458,36.9458,47100
2020-04-29,37.4368,37.8483,37.4368,37.6996,4200
2020-04-30,37.4845,37.4845,37.1843,37.4237,8600
2020-05-01,36.9374,37.0253,36.6269,36.6269,9300
2020-05-04,36.4361,37.0075,36.4361,37.0075,7600
2020-05-05,37.4742,37.8445,37.4742,37.5434,1600
2020-05-06,37.8389,37.8389,37.3517,37.3517,7300
2020-05-07,37.7828,37.8913,37.6145,37.6799,4200
2020-05-08,37.8296,38.2542,37.8296,38.2542,14600
2020-05-11,38.2130,38.5964,38.2130,38.4964,6500
2020-05-12,38.4047,38.4767,37.7435,37.7435,30700
2020-05-13,37.6051,37.6949,36.9084,37.2806,10100
2020-05-14,37.1001,37.6032,36.6605,37.6032,18000
2020-05-15,37.2404,37.8389,37.2404,37.8389,12600
2020-05-18,39.0079,39.0463,38.7180,38.9051,8300
2020-05-19,39.5036,39.5036,38.6282,38.6282,4100
2020-05-20,39.0799,39.1248,38.8957,39.0023,10600
2020-05-21,38.9986,38.9986,38.5871,38.5871,2900
2020-05-22,38.5684,38.8396,38.5600,38.8293,2300
2020-05-26,39.6065,39.6065,38.8583,38.9425,8900
2020-05-27,38.7274,39.2333,38.5216,39.2333,2300
2020-05-28,39.3353,39.9525,39.3353,39.5812,5100
2020-05-29,39.6532,39.9675,39.4662,39.9675,2400
2020-06-01,39.9619,40.1583,39.9058,40.0273,296100
2020-06-02,40.2892,40.2985,39.9431,40.2985,28800
2020-06-03,40.4014,40.6259,40.4014,40.5763,14500
2020-06-04,40.3453,40.4949,39.9806,40.0479,9900
2020-06-05,40.9382,40.9999,40.9008,40.9008,2300
2020-06-08,41.0374,41.2244,40.7194,41.2244,5700
2020-06-09,40.9812,41.3273,40.9354,41.2150,8000
2020-06-10,41.3787,41.7201,41.3460,41.6181,5400
2020-06-11,40.7194,40.7194,39.3914,39.3970,4500
2020-06-12,40.2424,40.2424,39.3633,39.8599,3000
2020-06-15,38.8115,40.2611,38.8115,40.0760,2000
2020-06-16,41.1683,41.1683,40.6876,40.6876,2200
2020-06-17,41.0018,41.1215,40.7942,40.8410,4100
2020-06-18,40.7353,40.8559,40.6633,40.8559,1600
2020-06-19,41.4956,41.4956,40.6259,40.7035,14200
2020-06-22,40.8931,41.0536,40.8077,41.0536,2800
2020-06-23,41.3719,41.5033,41.1747,41.1747,4400
2020-06-24,41.0903,41.0903,40.0294,40.2688,158800
2020-06-25,40.2829,40.6143,39.9825,40.6143,1900
2020-06-26,40.6490,40.6490,39.7947,39.7947,6000
2020-06-29,39.7760,40.3017,39.6352,40.3017,157700
2020-06-30,40.7523,40.9964,40.5645,40.9964,11200
2020-07-01,41.0574,41.3672,41.0574,41.2226,2000
2020-07-02,41.7192,41.7192,41.3156,41.3156,1500
2020-07-06,41.9821,41.9915,41.7230,41.8723,3800
2020-07-07,42.0619,42.0854,41.6836,41.6836,3600
2020-07-08,42.0384,42.1389,41.7343,42.1389,4600
2020-07-09,42.3107,42.3107,41.7023,42.0929,5400
2020-07-10,41.9952,42.3154,41.9952,42.3154,6300
2020-07-13,42.6299,42.8185,41.6901,41.6901,1300
2020-07-14,41.5033,42.3595,41.5033,42.3595,3100
2020-07-15,42.6392,42.7566,42.3388,42.4890,2400
2020-07-16,42.3670,42.3670,42.1511,42.3097,1900
2020-07-17,42.4797,42.7331,42.3398,42.6721,16400
2020-07-20,42.9509,43.2570,42.9509,43.2570,1500
2020-07-21,43.3471,43.3471,43.0420,43.0420,4200
2020-07-22,43.2682,43.5677,43.2682,43.5677,5400
2020-07-23,43.4466,43.6512,42.7988,42.8805,4400
2020-07-24,42.6768,42.9678,42.5829,42.8364,1300
2020-07-27,43.0570,43.2297,43.0570,43.2044,10100
2020-07-28,43.2494,43.2983,42.9828,42.9828,4500
2020-07-29,43.4926,43.6062,43.4475,43.5377,6200
2020-07-30,43.5686,43.6541,43.5499,43.6541,2600
2020-07-31,44.1037,44.1413,43.4560,44.1385,5500
2020-08-03,44.6201,44.7703,44.5684,44.7064,2300
2020-08-04,44.8313,44.9402,44.7045,44.9402,10300
2020-08-05,45.0970,45.1082,45.0219,45.0557,10000
2020-08-06,45.0519,45.4396,45.0481,45.4396,3700
2020-08-07,44.9862,45.2960,44.9862,45.2312,2300
2020-08-10,45.1514,45.1514,45.0613,45.0791,1400
2020-08-11,44.9017,45.0303,44.4285,44.4285,12800
2020-08-12,44.7421,45.5119,44.7421,45.3795,5200
2020-08-13,45.5354,45.6903,45.3805,45.5006,2400
2020-08-14,45.5213,45.5588,45.3767,45.4143,2500
2020-08-17,45.6339,45.9315,45.6339,45.8874,4000
2020-08-18,45.7184,45.9813,45.7184,45.9250,5300
2020-08-19,46.0001,46.0658,45.7794,45.7794,3400
2020-08-20,45.7935,46.1878,45.7935,46.1878,8900
2020-08-21,46.2967,46.5690,46.2751,46.5690,4100
2020-08-24,47.2017,47.2017,46.5352,46.7398,7300
2020-08-25,46.7323,46.9097,46.6525,46.9097,26200
2020-08-26,46.9858,47.3970,46.9858,47.3970,6300
2020-08-27,47.5988,47.5988,47.3050,47.3735,4200
2020-08-28,47.4364,47.8025,47.4364,47.7828,6800
2020-08-31,47.8776,48.0560,47.8307,47.8870,27900
2020-09-01,47.9527,48.2813,47.9527,48.2813,5600
2020-09-02,48.7695,49.0999,48.5385,49.0999,5100
2020-09-03,48.5057,48.5057,46.7558,46.9229,11900
2020-09-04,46.7511,46.7511,45.1458,46.2066,331000
2020-09-08,45.1927,45.6030,44.8989,44.8989,11400
2020-09-09,45.3992,46.4225,45.3992,46.2338,14600
2020-09-10,46.4976,46.4976,45.2725,45.3617,13400
2020-09-11,45.3617,45.3617,44.7984,45.1702,9200
2020-09-14,45.7560,46.0705,45.7560,46.0254,2700
2020-09-15,46.5774,46.6197,46.2432,46.4338,4800
2020-09-16,46.3896,46.4610,45.9390,45.9390,2500
2020-09-17,45.1739,45.7738,45.1683,45.5495,255800
2020-09-18,45.3241,45.3241,44.7872,44.9768,1100
2020-09-21,44.0099,44.7365,44.0099,44.7365,2200
2020-09-22,45.4114,45.8254,45.3992,45.8254,6200
2020-09-23,45.6339,45.6339,44.5581,44.5581,4100
2020-09-24,44.7421,45.1458,44.5919,44.7881,47400
2020-09-25,44.7703,45.7935,44.6107,45.7607,14600
2020-09-28,46.1972,46.4319,46.1127,46.4056,11200
2020-09-29,46.5220,46.7323,46.4253,46.4910,16800
2020-09-30,46.5258,47.1529,46.4901,46.9201,7700
2020-10-01,47.3237,47.4270,47.1641,47.4082,105300
2020-10-02,46.8497,47.0074,46.2911,46.2911,5800
2020-10-05,46.9830,47.3566,46.9830,47.3566,9100
2020-10-06,47.8776,47.8776,46.5737,46.5737,6600
2020-10-07,47.3707,47.4552,47.0656,47.4326,10300
2020-10-08,47.5115,47.5491,47.3425,47.5021,11800
2020-10-09,47.6241,48.0560,47.6241,48.0335,15800
2020-10-12,48.6850,49.4829,48.5254,49.2032,19500
2020-10-13,49.0511,49.4088,49.0323,49.2407,15800
2020-10-14,49.2435,49.2435,48.5254,48.7648,2800
2020-10-15,48.0748,48.3376,48.0607,48.3376,116100
2020-10-16,48.8436,48.8436,48.2625,48.2625,5600
2020-10-19,48.6990,48.6990,47.4214,47.4214,1500
2020-10-20,47.8025,48.1499,47.5866,47.7002,172900
2020-10-21,47.7744,48.0297,47.4965,47.5772,7800
2020-10-22,47.4045,47.4045,46.8872,47.2524,4000
2020-10-23,47.3697,47.5490,47.2402,47.5321,2600
2020-10-26,47.1735,47.5584,46.5446,46.8788,5100
2020-10-27,46.9886,47.3425,46.9886,47.1266,235400
2020-10-28,46.4150,46.4216,45.5851,45.5851,24400
2020-10-29,45.9344,46.5446,45.9344,46.3343,23700
2020-10-30,45.7560,45.7560,44.6295,44.9101,3500
2020-11-02,45.5870,45.8311,45.0237,45.3007,7300
2020-11-03,45.7278,46.3446,45.5213,46.1597,13200
2020-11-04,47.2862,48.3658,47.2862,47.9903,76700
2020-11-05,49.1731,49.5956,48.8540,49.1910,43700
2020-11-06,49.1731,49.5205,48.9103,49.3628,13800
2020-11-09,50.4968,50.4968,47.5115,47.9715,213200
2020-11-10,47.2768,47.2768,46.6638,46.7239,180800
2020-11-11,47.6054,47.8673,47.5002,47.8373,6300
2020-11-12,48.0372,48.1292,47.5293,47.5556,2900
2020-11-13,47.8307,47.9020,47.5960,47.9020,43400
2020-11-16,47.8588,48.1311,47.8495,47.9696,7800
2020-11-17,47.9621,48.0100,47.7931,47.8194,2700
2020-11-18,47.8119,47.8119,47.2796,47.2796,5900
2020-11-19,47.1923,47.5115,47.1923,47.4890,18500
2020-11-20,47.5021,47.6242,47.3050,47.3425,7900
2020-11-23,47.5115,47.5115,46.8356,47.1735,274900
2020-11-24,47.0243,47.3622,47.0036,47.3237,4400
2020-11-25,47.5387,47.7180,47.5021,47.6758,6200
2020-11-27,48.1067,48.1067,47.9621,47.9903,400
2020-11-30,48.1217,48.3658,47.7274,48.3658,10000
2020-12-01,48.7131,48.8539,48.5348,48.8126,3800
2020-12-02,49.0793,49.0793,48.4606,48.6380,5900
2020-12-03,48.5629,48.7873,48.3273,48.3273,4600
2020-12-04,48.3752,48.5826,48.3752,48.5826,3200
2020-12-07,48.7319,48.9009,48.6944,48.7873,5700
2020-12-08,48.7037,48.9572,48.6850,48.8680,3300
2020-12-09,48.7225,48.7507,47.9649,48.1311,4600
2020-12-10,48.2672,48.2860,48.1874,48.2297,13900
2020-12-11,47.9856,48.0945,47.8025,48.0945,2400
2020-12-14,48.7131,48.7131,48.4071,48.4869,7600
2020-12-15,48.6897,48.8840,48.5348,48.8840,1900
2020-12-16,48.9994,49.3562,48.9994,49.2539,3200
2020-12-17,50.0462,50.0462,49.4642,49.5853,4200
2020-12-18,49.6613,49.6613,49.2041,49.5515,9200
2020-12-21,49.1861,49.4950,48.6286,49.3914,8700
2020-12-22,49.4780,49.5816,49.2991,49.5637,5400
2020-12-23,49.9112,49.9112,49.2981,49.2981,161900
2020-12-24,49.2708,49.3697,49.2388,49.3697,700
2020-12-28,49.7228,49.8104,49.5957,49.7991,1800
2020-12-29,50.5987,50.5987,49.6842,49.7492,5200
2020-12-30,49.8829,49.8829,49.6381,49.6701,15300
2020-12-31,49.6287,49.8264,49.4997,49.8264,9700
2021-01-04,49.9489,49.9489,48.7482,49.1409,6400
2021-01-05,48.9036,49.5533,48.9036,49.5354,20500
2021-01-06,49.5251,49.5251,48.7905,48.8000,10700
2021-01-07,49.3885,49.9206,49.3885,49.7605,2800
2021-01-08,50.1278,50.3067,49.7229,50.2220,79100
2021-01-11,50.0054,50.2879,49.8905,49.8905,6000
2021-01-12,50.0713,50.0713,49.5110,49.6306,2200
2021-01-13,49.6409,50.0525,49.5910,49.9065,9500
2021-01-14,50.1184,50.1184,49.5157,49.5251,8200
2021-01-15,49.2520,49.5581,49.2520,49.3546,3900
2021-01-19,49.3556,49.9592,49.3556,49.9592,9900
2021-01-20,50.3915,51.1185,50.3915,51.0855,8300
2021-01-21,51.3991,51.4547,51.1354,51.4509,7100
2021-01-22,51.5413,51.6157,51.4839,51.5178,3900
2021-01-25,51.9566,51.9566,51.4274,51.8267,3800
2021-01-26,51.7664,51.9726,51.7664,51.7928,4000
2021-01-27,50.8247,51.1637,49.8764,50.2672,34500
2021-01-28,51.0130,51.2484,50.4762,50.4762,234600
2021-01-29,50.2361,50.4480,49.5910,49.9159,12900
2021-02-01,50.2408,50.7964,49.8782,50.6269,13200
2021-02-02,50.9753,51.4933,50.9753,51.3021,52400
2021-02-03,51.6534,51.6534,50.9942,50.9942,8500
2021-02-04,51.2767,51.4745,51.0328,51.4745,289500
2021-02-05,51.5027,51.5592,51.3332,51.4801,7200
2021-02-08,51.8700,51.9171,51.6534,51.8568,3800
2021-02-09,51.9773,52.1148,51.8398,51.8398,2900
2021-02-10,52.0583,52.1337,51.5931,51.8784,6600
2021-02-11,52.0376,52.2467,51.9350,52.1318,45500
2021-02-12,52.6139,52.6139,52.1054,52.4510,5800
2021-02-16,53.0848,53.0848,52.2081,52.2533,5900
2021-02-17,51.9359,52.0866,51.7089,52.0866,3600
2021-02-18,51.5432,51.8229,51.4274,51.8022,15600
2021-02-19,51.7061,51.7438,51.3181,51.3181,5900
2021-02-22,50.8529,50.8529,50.2662,50.2662,6600
2021-02-23,49.8453,50.0911,48.9695,50.0421,7600
2021-02-24,50.0901,50.1899,49.5015,50.1871,7100
2021-02-25,50.1042,50.1042,48.6587,48.7482,244800
2021-02-26,49.2049,49.3075,48.6116,49.1964,2900
2021-03-01,49.5062,50.5045,49.5062,50.5045,163000
2021-03-02,49.8453,50.0525,49.4498,49.5063,44800
2021-03-03,49.3932,49.3932,48.0984,48.0984,5600
2021-03-04,48.0937,48.3282,46.9118,47.0776,20900
2021-03-05,47.4910,47.9336,46.3986,47.8997,5900
2021-03-08,48.0560,48.0560,46.8525,46.8525,19900
2021-03-09,48.0230,48.5702,48.0230,48.3423,4400
2021-03-10,48.6305,48.8461,48.2754,48.2754,5000
2021-03-11,48.8659,49.3932,48.8659,49.2397,40000
2021-03-12,48.7811,49.0100,48.4901,48.9732,4300
2021-03-15,48.7906,49.4159,48.7906,49.4159,3200
2021-03-16,50.0600,50.1118,49.7134,49.7294,21600
2021-03-17,49.0495,49.6296,49.0495,49.6296,1400
2021-03-18,48.9130,49.1559,48.5316,48.5316,3000
2021-03-19,48.6710,49.0166,48.6710,48.9459,5600
2021-03-22,49.3996,50.0597,49.3996,49.7674,2100
2021-03-23,50.1918,50.1918,49.3430,49.3449,1500
2021-03-24,49.7768,49.7768,48.5074,48.5074,6400
2021-03-25,48.2150,48.4640,47.8095,48.4640,26200
2021-03-26,48.7271,49.2062,48.5932,49.2062,3400
2021-03-29,49.0035,49.2411,48.9723,49.1081,3000
2021-03-30,48.6451,49.0318,48.6451,48.9620,1400
2021-03-31,49.6259,50.1918,49.6259,50.0088,11700
2021-04-01,50.3898,50.7963,50.3898,50.6690,6400
2021-04-05,51.0971,51.7007,51.0971,51.6526,3800
2021-04-06,51.7998,51.9082,51.5338,51.5338,14500
2021-04-07,51.7479,51.7564,51.3914,51.5621,3400
2021-04-08,52.1421,52.1893,52.0695,52.1317,130600
2021-04-09,52.3515,52.6533,52.1676,52.6533,7900
2021-04-12,52.6815,52.8702,52.5259,52.8315,3300
2021-04-13,53.3408,53.7123,53.3276,53.7029,9900
2021-04-14,53.8982,54.3320,52.9117,52.9117,15200
2021-04-15,53.4417,53.8670,53.4417,53.8670,18100
2021-04-16,54.2188,54.2188,53.6058,53.8783,22800
2021-04-19,53.3700,53.5775,53.0022,53.2012,4100
2021-04-20,53.4549,53.4738,52.5787,52.7768,10600
2021-04-21,52.8607,53.3351,52.7796,53.3342,5400
2021-04-22,53.3134,53.3794,52.6608,52.6608,3500
2021-04-23,53.2201,53.5162,53.2201,53.4407,2600
2021-04-26,53.7473,53.8699,53.5916,53.8434,1500
2021-04-27,53.5963,53.7095,53.5492,53.6501,12700
2021-04-28,53.2568,53.4643,53.2285,53.2474,8000
2021-04-29,53.4832,53.4832,52.5778,53.0003,23600
2021-04-30,52.6533,53.0305,52.6533,52.6910,3700
2021-05-03,52.8324,53.0211,52.3986,52.4175,22800
2021-05-04,51.8705,51.8705,51.1066,51.5687,14600
2021-05-05,51.9176,52.0402,51.6347,51.6347,70900
2021-05-06,51.8705,52.0025,51.2952,51.9997,10600
2021-05-07,52.2194,52.7268,52.2194,52.4363,5600
2021-05-10,51.9554,51.9554,51.2094,51.2094,3600
2021-05-11,50.6256,51.1914,50.1965,51.1632,12000
2021-05-12,50.7010,50.7010,49.5269,49.5693,9300
2021-05-13,49.9183,50.3709,49.7570,49.9654,14300
2021-05-14,50.4209,50.9745,50.4209,50.9745,40300
2021-05-17,50.5501,50.7670,50.2615,50.6152,10900
2021-05-18,50.7671,50.8981,50.3427,50.3427,22000
2021-05-19,49.6617,50.2955,49.6344,50.2955,11900
2021-05-20,50.8331,51.2669,50.8331,51.1622,7200
2021-05-21,51.4744,51.4744,50.9887,50.9887,3900
2021-05-24,51.5772,52.0308,51.5772,51.8252,8800
2021-05-25,51.9365,52.0025,51.7385,51.8403,5600
2021-05-26,51.9742,52.1345,51.9440,52.0176,12600
2021-05-27,52.1157,52.2279,52.1063,52.1817,6600
2021-05-28,52.4316,52.4835,52.2760,52.2760,1500
2021-06-01,52.0563,52.0563,51.8705,51.9223,3600
2021-06-02,52.0308,52.1534,51.8045,51.9148,12900
2021-06-03,51.5498,51.8139,51.3895,51.4584,134300
2021-06-04,51.6253,52.3043,51.6253,52.1911,5600
2021-06-07,52.4929,52.4929,52.0497,52.3552,15600
2021-06-08,52.5212,52.6674,52.1204,52.3232,2400
2021-06-09,52.4411,52.4618,52.2496,52.2911,2100
2021-06-10,52.8042,52.8796,52.5590,52.8013,3700
2021-06-11,52.9645,52.9928,52.7976,52.9654,1900
2021-06-14,53.0003,53.4360,53.0003,53.4360,18600
2021-06-15,53.1531,53.2729,53.0013,53.0013,1700
2021-06-16,53.2097,53.2285,52.5872,52.9928,12700
2021-06-17,53.3776,53.7567,53.3776,53.6935,4700
2021-06-18,53.5209,53.5869,53.3889,53.3983,4200
2021-06-21,53.2255,53.7278,53.2255,53.7042,4700
2021-06-22,53.7713,54.3472,53.7713,54.2821,2400
2021-06-23,54.5172,54.6418,54.5172,54.5729,3600
2021-06-24,55.1026,55.2914,55.0384,55.0384,4400
2021-06-25,55.0837,55.1592,54.9449,54.9798,3600
2021-06-28,55.0648,55.7512,55.0648,55.7418,20800
2021-06-29,55.9485,56.0222,55.9108,56.0222,1500
2021-06-30,55.7635,56.0656,55.7635,56.0269,21100
2021-07-01,56.0467,56.1166,55.7285,55.9740,3300
2021-07-02,56.3300,56.6321,56.3300,56.6321,2200
2021-07-06,56.6510,56.8314,56.3630,56.8144,5600
2021-07-07,57.1137,57.1137,56.7190,56.9720,25300
2021-07-08,55.9901,56.6510,55.4330,56.5075,3400
2021-07-09,56.5566,57.0240,56.4631,57.0240,6500
2021-07-12,57.2364,57.3969,57.2364,57.3780,3300
2021-07-13,57.5291,57.6707,57.1628,57.1628,2600
2021-07-14,57.3903,57.5433,57.0740,57.0740,4000
2021-07-15,56.9909,56.9909,56.4244,56.6010,13500
2021-07-16,56.6416,56.6416,55.9948,56.0175,3300
2021-07-19,55.2442,55.6927,55.1970,55.6691,4800
2021-07-20,55.8673,56.6038,55.7824,56.4999,17000
2021-07-21,56.4848,56.8096,56.4848,56.8096,6900
2021-07-22,56.9531,57.2034,56.9531,57.2034,1300
2021-07-23,57.4243,57.7840,57.3497,57.7840,4400
2021-07-26,57.6604,57.8218,57.6046,57.7208,3500
2021-07-27,57.4536,57.4630,56.3687,57.1042,154900
2021-07-28,57.1231,57.4139,56.9201,57.2968,72100
2021-07-29,57.4819,57.7982,57.4545,57.7264,107300
2021-07-30,57.0287,57.4252,57.0287,57.2751,5900
2021-08-02,57.6245,57.8784,57.3525,57.4441,7700
2021-08-03,57.7179,57.9729,57.2742,57.9729,7100
2021-08-04,58.1145,58.1900,57.8596,57.9257,10800
2021-08-05,58.3222,58.3222,58.1617,58.2901,5200
2021-08-06,58.2656,58.2656,57.9634,57.9729,2600
2021-08-09,58.1334,58.2127,58.0106,58.0182,9600
2021-08-10,58.0862,58.1050,57.6707,57.7623,15000
2021-08-11,58.0673,58.0673,57.4819,57.7482,2400
2021-08-12,57.6755,58.0862,57.6471,58.0427,6100
2021-08-13,58.2184,58.2656,58.1334,58.2656,4300
2021-08-16,58.2184,58.3128,57.6141,58.3128,3400
2021-08-17,57.6424,57.7840,57.1420,57.5102,9800
2021-08-18,57.4158,57.8454,56.9720,56.9720,5400
2021-08-19,56.6510,57.4904,56.6510,57.3289,12600
2021-08-20,57.4630,58.0578,57.4630,58.0286,35000
2021-08-23,58.7509,58.9171,58.7509,58.7754,2600
2021-08-24,58.8576,58.9501,58.7943,58.8415,24400
2021-08-25,58.9973,59.0464,58.9548,59.0464,13400
2021-08-26,58.9680,59.0086,58.6244,58.6338,109900
2021-08-27,58.8066,59.3514,58.8066,59.2702,1700
2021-08-30,59.7800,60.0973,59.7800,60.0425,5600
2021-08-31,60.2295,60.2295,59.7073,59.9056,7100
2021-09-01,60.0784,60.2011,59.8424,59.8424,4700
2021-09-02,60.1634,60.2408,59.9160,59.9934,13900
2021-09-03,60.2965,60.3617,60.2200,60.2937,4700
2021-09-07,60.4183,60.4183,60.1020,60.3041,4500
2021-09-08,60.1237,60.1237,59.8046,60.0454,2400
2021-09-09,60.2162,60.2191,59.6658,59.6658,6900
2021-09-10,60.1256,60.1256,59.3042,59.3467,2600
2021-09-13,59.3514,59.3514,58.8094,59.1012,2800
2021-09-14,59.4080,59.4269,58.9888,59.0200,3100
2021-09-15,58.9643,59.5308,58.9359,59.5308,2100
2021-09-16,59.1625,59.5383,59.0171,59.5383,3900
2021-09-17,59.1673,59.2390,58.9926,59.0502,3000
2021-09-20,57.6679,57.9172,57.1798,57.8312,17500
2021-09-21,58.0295,58.0456,57.6330,57.9181,7600
2021-09-22,58.3694,58.9171,58.3694,58.6848,5300
2021-09-23,59.6535,60.0236,59.6535,59.7545,2700
2021-09-24,59.5355,59.7347,59.5308,59.5402,2600
2021-09-27,59.7187,59.7187,59.4883,59.4883,4900
2021-09-28,58.5394,58.5394,58.0673,58.0928,3600
2021-09-29,58.1381,58.3742,57.7840,57.7840,6300
2021-09-30,58.0342,58.0342,57.0362,57.0362,6400
2021-10-01,56.9248,57.8029,56.5415,57.6603,4400
2021-10-04,57.4725,57.4725,56.6614,56.8776,4000
2021-10-05,57.6858,57.9615,57.6858,57.7085,2500
2021-10-06,56.8946,57.5480,56.8946,57.5480,5100
2021-10-07,57.9634,58.7235,57.9634,58.2523,3500
2021-10-08,58.4232,58.4232,58.1617,58.2080,6000
2021-10-11,58.4780,58.6376,57.7850,57.7850,3300
2021-10-12,57.5612,57.8341,57.5612,57.6792,1700
2021-10-13,57.4640,57.9162,57.4640,57.9162,9100
2021-10-14,58.6810,58.9784,58.6810,58.9586,2300
2021-10-15,59.5298,59.5610,59.4128,59.4609,2600
2021-10-18,59.6158,59.9047,59.6158,59.8707,31900
2021-10-19,60.0595,60.1917,60.0095,60.1058,40200
2021-10-20,60.0123,60.4051,60.0123,60.2106,24900
2021-10-21,60.3050,60.3881,60.1322,60.3881,15100
2021-10-22,60.4278,60.4278,60.1955,60.3598,2500
2021-10-25,60.2672,60.6827,60.2672,60.6194,149000
2021-10-26,61.0603,61.0603,60.5694,60.6289,7600
2021-10-27,60.7299,60.9093,60.4277,60.4277,2000
2021-10-28,60.8715,61.0273,60.7676,61.0273,8400
2021-10-29,60.9471,61.2397,60.9471,61.2397,172600
2021-11-01,61.1925,61.1925,60.9971,60.9971,52500
2021-11-02,61.2775,61.4928,61.0981,61.4928,2200
2021-11-03,61.5419,61.6467,61.0887,61.6354,4800
2021-11-04,61.4286,61.6542,61.3068,61.4607,27900
2021-11-05,61.8025,61.8251,61.3058,61.5183,5900
2021-11-08,61.8629,61.9243,61.7496,61.7968,2900
2021-11-09,61.9422,61.9422,61.5419,61.7033,2000
2021-11-10,61.4191,61.5324,60.8196,61.0169,20500
2021-11-11,61.3134,61.3861,61.1453,61.1925,4300
2021-11-12,61.4664,61.8487,61.4664,61.8487,2500
2021-11-15,61.8110,61.8799,61.7260,61.7260,2200
2021-11-16,61.8157,62.1566,61.7921,61.9271,4200
2021-11-17,61.4550,61.6004,61.4550,61.5976,4400
2021-11-18,61.5362,61.7779,61.3342,61.6420,27200
2021-11-19,61.6080,61.6080,61.4380,61.4427,2200
2021-11-22,62.0517,62.0517,61.5438,61.5438,4900
2021-11-23,61.3058,61.6599,61.2577,61.6599,3800
2021-11-24,61.3370,61.7184,61.3370,61.7033,4600
2021-11-26,60.6449,60.6449,60.1756,60.3286,3800
2021-11-29,61.3247,61.3644,60.7488,61.1642,6200
2021-11-30,60.6449,60.6449,59.4571,59.4571,27600
2021-12-01,60.2625,60.7214,58.6432,58.6432,24500
2021-12-02,58.8887,60.2059,58.8887,59.9377,17500
2021-12-03,60.1256,60.1256,58.9643,59.4080,16800
2021-12-06,59.6913,60.2219,59.6630,59.8707,12500
2021-12-07,60.7110,61.4852,60.7110,61.2577,5500
2021-12-08,61.1831,61.3228,60.9565,61.3228,900
2021-12-09,61.0131,61.2870,60.9263,60.9263,1300
2021-12-10,61.0972,61.3210,61.0792,61.3210,2000
2021-12-13,60.7582,60.7582,60.4844,60.5637,4500
2021-12-14,59.8896,60.3145,59.7385,60.1369,5100
2021-12-15,60.2389,60.8101,59.7102,60.8101,3200
2021-12-16,61.1274,61.4475,60.6496,60.6496,2900
2021-12-17,59.9774,60.2229,59.3608,59.6497,5600
2021-12-20,58.3725,58.5731,57.9563,58.5731,6400
2021-12-21,59.2051,59.7510,59.1209,59.7510,3800
2021-12-22,59.8295,60.2410,59.8295,60.2410,3400
2021-12-23,60.6147,60.7916,60.6147,60.7074,17300
2021-12-27,60.8323,61.3195,60.8323,61.3195,3200
2021-12-28,61.4567,61.4851,61.1426,61.1426,1600
2021-12-29,61.2552,61.4094,61.1729,61.3423,2300
2021-12-30,61.3905,61.4501,61.1710,61.1710,9400
2021-12-31,61.1540,61.3054,61.0055,61.0405,223100
2022-01-03,61.1161,61.1161,60.9127,61.0376,72300
2022-01-04,61.5230,62.0821,61.5230,61.9903,23600
2022-01-05,61.9960,61.9960,60.4757,60.4757,4400
2022-01-06,60.6242,60.8853,60.5485,60.6999,3400
2022-01-07,60.8986,60.8986,60.4066,60.6015,2600
2022-01-10,60.0092,60.3905,59.4794,60.3905,141800
2022-01-11,60.4823,60.8995,60.0670,60.8995,17600
2022-01-12,61.5949,61.5949,60.9837,61.2193,7700
2022-01-13,61.5892,61.6110,60.5173,60.5173,6100
2022-01-14,59.9336,60.3328,59.6573,60.3328,6500
2022-01-18,59.4511,59.4511,58.7652,58.7964,15700
2022-01-19,59.1578,59.1578,57.9714,57.9714,22000
2022-01-20,58.2874,58.8882,57.1710,57.1710,18700
2022-01-21,56.7926,57.3129,56.0641,56.1181,22300
2022-01-24,54.8059,56.3101,54.1200,56.3101,38400
2022-01-25,54.8153,56.1682,54.8153,55.6668,41200
2022-01-26,56.3385,56.8399,55.3830,55.3830,22400
2022-01-27,56.4482,56.5164,55.0490,55.1956,3700
2022-01-28,55.4303,56.0925,55.0490,56.0906,7400
2022-01-31,56.4993,57.1550,56.3480,57.1550,15500
2022-02-01,57.3035,57.8617,57.0197,57.8617,71700
2022-02-02,58.6847,59.0320,58.6847,59.0310,7200
2022-02-03,58.4236,58.7557,57.6535,57.6535,17700
2022-02-04,57.8995,57.9667,57.1398,57.8636,33600
2022-02-07,57.9657,58.0462,57.4643,57.4842,11800
2022-02-08,57.5779,58.1985,57.4076,58.1985,1900
2022-02-09,58.7983,59.2874,58.7983,59.2552,40400
2022-02-10,58.6280,59.3565,58.1266,58.3744,4100
2022-02-11,58.1408,58.4681,56.8068,57.1445,5300
2022-02-14,56.9534,56.9989,56.4142,56.6876,3900
2022-02-15,57.3035,57.5977,57.3035,57.5570,2200
2022-02-16,57.3319,57.8863,57.2278,57.8560,9100
2022-02-17,56.9487,56.9487,56.1370,56.1370,2600
2022-02-18,55.9913,56.4236,55.5438,55.6516,16000
2022-02-22,55.5183,55.6715,54.7302,54.9752,44600
2022-02-23,55.8560,55.8560,53.9345,53.9345,55400
2022-02-24,52.4691,54.9355,52.4691,54.8579,94900
2022-02-25,55.1654,56.2363,54.8872,56.2363,7400
2022-02-28,55.6100,56.2032,55.4303,55.9894,7900
2022-03-01,56.1398,56.1398,54.5561,54.7529,10900
2022-03-02,55.2978,56.1777,55.2978,55.9695,130800
2022-03-03,56.4520,56.4520,55.4776,55.7046,4700
2022-03-04,54.9194,54.9194,54.2571,54.7008,5300
2022-03-07,54.4937,54.4937,52.4407,52.4445,14400
2022-03-08,52.5637,53.8409,52.2704,52.4738,4600
2022-03-09,53.7936,54.7141,53.7936,54.3877,12200
2022-03-10,53.6516,54.2363,53.5930,54.2363,4300
2022-03-11,54.3092,54.4747,53.5939,53.5939,16900
2022-03-14,53.9118,53.9118,53.0140,53.0963,2500
2022-03-15,53.3489,54.0443,53.3489,53.9960,7500
2022-03-16,55.0897,55.7614,54.6299,55.6100,11700
2022-03-17,55.8910,56.2978,55.5627,56.2978,29300
2022-03-18,56.3792,57.0433,56.3035,57.0433,19000
2022-03-21,57.0471,57.5497,57.0471,57.4093,8200
2022-03-22,57.6350,57.9537,57.6350,57.8237,4900
2022-03-23,57.8152,57.8152,57.2747,57.2747,10200
2022-03-24,57.6066,58.1575,57.6066,58.1575,2300
2022-03-25,58.2514,58.6155,58.2514,58.6155,4600
2022-03-28,58.2419,58.5700,58.1016,58.5700,14500
2022-03-29,58.9816,58.9816,58.6022,58.9588,44100
2022-03-30,58.8962,58.8962,58.5928,58.6876,4300
2022-03-31,58.7160,58.7454,57.9802,57.9802,4400
2022-04-01,58.0437,58.0532,57.7109,58.0532,6800
2022-04-04,57.9859,58.2229,57.8816,58.0997,86600
2022-04-05,58.1490,58.1803,57.5592,57.5592,4400
2022-04-06,57.3221,57.7071,57.2273,57.6161,9700
2022-04-07,57.5402,58.0532,57.3980,58.0048,3200
2022-04-08,58.0617,58.3936,57.9527,58.1679,54600
2022-04-11,57.5734,57.5734,57.0092,57.0092,61400
2022-04-12,57.5592,57.6824,56.7512,56.9143,29600
2022-04-13,56.8764,57.4454,56.8243,57.4074,48400
2022-04-14,57.2273,57.4074,56.8982,56.8982,62400
2022-04-18,57.0187,57.1789,56.7057,56.9049,82900
2022-04-19,57.3411,57.5876,57.2557,57.5023,15900
2022-04-20,57.8816,58.0267,57.7014,57.7678,7400
2022-04-21,58.0333,58.0807,56.7152,56.7636,4600
2022-04-22,56.4023,56.4402,54.9420,54.9420,5200
2022-04-25,54.6196,55.1885,53.8610,55.0842,8100
2022-04-26,54.9515,55.0084,54.1900,54.1900,39400
2022-04-27,53.8705,54.4963,53.7007,53.9463,27600
2022-04-28,54.4584,55.3507,54.0411,55.0558,57500
2022-04-29,54.7713,54.7713,53.0360,53.0360,9100
2022-05-02,53.0360,53.4627,52.2233,53.2342,32500
2022-05-03,53.4058,54.0222,53.3110,53.6429,25300
2022-05-04,53.8515,55.3090,53.6239,55.2359,30000
2022-05-05,54.6670,54.8472,53.2294,53.6903,9200
2022-05-06,53.4153,53.9520,53.0644,53.7358,10900
2022-05-09,52.8369,52.8369,51.6496,51.8668,7000
2022-05-10,52.5808,52.7183,51.5852,51.8981,35300
2022-05-11,52.0213,52.9962,51.6658,51.6658,53400
2022-05-12,51.3007,51.6705,50.6559,51.4145,45700
2022-05-13,52.2300,52.7989,52.2110,52.6140,61300
2022-05-16,52.4955,53.1659,52.4955,52.6567,11900
2022-05-17,53.2588,53.5063,53.0379,53.4532,13900
2022-05-18,53.1403,53.1403,51.2258,51.2817,33500
2022-05-19,50.7602,51.5681,50.7279,51.0579,29300
2022-05-20,51.4903,51.4941,49.9257,50.9593,29300
2022-05-23,52.1920,52.2205,51.8222,52.0460,10000
2022-05-24,51.4856,51.7985,51.1489,51.7985,7500
2022-05-25,51.7786,52.5666,51.7786,52.3153,24900
2022-05-26,53.0834,53.5196,53.0834,53.2977,32500
2022-05-27,53.8221,54.4299,53.7576,54.4299,22900
2022-05-31,54.2498,54.5778,53.8610,53.8610,61800
2022-06-01,54.3066,54.3161,53.2920,53.6998,29200
2022-06-02,53.5670,54.3920,53.4096,54.3920,11700
2022-06-03,54.0411,54.1293,53.8012,53.9321,52000
2022-06-06,54.5437,54.6205,53.9463,54.0781,27600
2022-06-07,53.8515,54.7997,53.8515,54.6954,7600
2022-06-08,54.6480,54.7571,54.1815,54.2592,13200
2022-06-09,54.0791,54.2023,53.1024,53.1024,3900
2022-06-10,52.2584,52.2584,51.7369,51.7369,7200
2022-06-13,50.4188,50.5629,49.7209,49.9067,36300
2022-06-14,49.8783,50.2860,49.3378,49.5274,89600
2022-06-15,50.1628,50.2803,49.5198,49.9655,81100
2022-06-16,48.5981,48.7688,48.0491,48.4938,13700
2022-06-17,48.6266,48.6266,47.6594,47.9439,48900
2022-06-21,48.7736,49.7452,48.7736,49.5452,25900
2022-06-22,48.9546,49.8214,48.9546,49.4213,13400
2022-06-23,49.4756,49.5833,48.7450,49.3451,13600
2022-06-24,49.9072,50.7645,49.9072,50.7359,58600
2022-06-27,50.8121,51.0741,50.7264,50.8503,12200
2022-06-28,51.3932,51.4695,50.2311,50.2692,28700
2022-06-29,50.3644,50.3873,49.8786,49.9862,7100
2022-06-30,49.4785,49.8310,49.1689,49.4499,4700
2022-07-01,49.6595,50.0024,49.1356,49.8977,11600
2022-07-05,49.0022,49.6185,48.4973,49.5833,18500
2022-07-06,49.5357,49.9434,49.2118,49.6595,26400
2022-07-07,49.9453,50.7074,49.9453,50.4978,11300
2022-07-08,50.4883,50.7931,50.4025,50.5359,6000
2022-07-11,50.2787,50.3235,50.0024,50.0224,2800
2022-07-12,49.9091,50.1015,49.4975,49.5452,7100
2022-07-13,49.2384,49.5214,49.1451,49.1451,8800
2022-07-14,48.0972,48.8498,48.0782,48.8498,6200
2022-07-15,49.7452,49.8691,49.5966,49.8691,16200
2022-07-18,50.2387,50.3073,49.4499,49.5518,6500
2022-07-19,50.3997,51.0503,50.3997,50.9912,21800
2022-07-20,50.5931,51.1456,50.5931,51.0141,8700
2022-07-21,50.9265,51.1865,50.5931,51.1865,33000
2022-07-22,51.1742,51.1742,50.5740,50.6397,49900
2022-07-25,50.9455,51.1446,50.8922,51.1446,4000
2022-07-26,51.1789,51.1789,50.5740,50.7293,13900
2022-07-27,51.2599,52.2344,51.1646,52.0124,17900
2022-07-28,52.2696,52.7136,51.9286,52.6135,594100
2022-07-29,53.0127,53.4918,52.9174,53.3604,22500
2022-08-01,52.8317,53.2032,52.8126,52.9955,15600
2022-08-02,52.8126,53.2346,52.6507,52.7193,33900
2022-08-03,52.7745,53.2223,52.7745,53.1289,31300
2022-08-04,52.8069,52.8222,52.6221,52.6316,18000
2022-08-05,52.3363,52.9079,52.2030,52.8793,51600
2022-08-08,52.8412,53.1137,52.6888,52.7841,39600
2022-08-09,53.0698,53.0698,52.7755,52.8641,14700
2022-08-10,53.6033,53.7843,53.5557,53.7652,11100
2022-08-11,54.0701,54.3844,53.9910,54.0796,17300
2022-08-12,54.2511,54.9379,54.2511,54.9379,14800
2022-08-15,54.6607,55.0703,54.4006,55.0084,14300
2022-08-16,55.0703,55.2885,54.9703,55.1370,7700
2022-08-17,54.8322,55.1084,54.5654,54.8112,22800
2022-08-18,55.0798,55.2751,54.9560,55.1560,16000
2022-08-19,54.8503,54.8503,54.4711,54.6321,24400
2022-08-22,53.6700,53.8605,53.5461,53.6986,7500
2022-08-23,53.9462,54.0701,53.6852,53.7938,18500
2022-08-24,53.6319,54.0415,53.6319,53.9653,12400
2022-08-25,54.2892,54.6454,54.1749,54.6454,14300
2022-08-26,54.1272,54.4987,53.0860,53.0860,12700
2022-08-29,52.9079,53.2746,52.8888,52.9565,27200
2022-08-30,52.7974,52.7974,52.0744,52.2982,5300
2022-08-31,52.3649,52.3649,51.7838,51.7838,4000
2022-09-01,51.3151,51.6981,51.0503,51.6981,13500
2022-09-02,52.2030,52.4125,51.0979,51.3170,22400
2022-09-06,51.3456,51.4504,51.0360,51.1170,6400
2022-09-07,51.1551,51.9172,51.1265,51.7933,10200
2022-09-08,51.6314,52.2030,51.6314,52.1906,16500
2022-09-09,52.6031,53.0070,52.6031,52.9536,28600
2022-09-12,53.5557,53.5557,53.2127,53.3651,6700
2022-09-13,52.6507,52.6507,51.2694,51.3742,13200
2022-09-14,51.4980,51.6600,51.2218,51.5095,11400
2022-09-15,51.4590,51.6343,50.9550,51.1999,10400
2022-09-16,50.6245,50.9455,50.4206,50.8807,10600
2022-09-19,50.6107,50.9449,50.5829,50.9449,4900
2022-09-20,50.2660,50.6241,50.2660,50.6241,27300
2022-09-21,51.0158,51.0943,50.0027,50.0027,5100
2022-09-22,50.0697,50.3857,49.9309,49.9452,593000
2022-09-23,49.3611,49.3611,48.1738,48.5577,10200
2022-09-26,48.2839,48.6047,47.8865,47.8961,5600
2022-09-27,47.9823,48.1029,47.8003,48.0292,20300
2022-09-28,48.3892,49.4473,48.3892,49.3267,5900
2022-09-29,48.7224,48.7962,48.4993,48.7799,9600
2022-09-30,48.7196,48.7196,48.1719,48.1719,9400
2022-10-03,49.2730,49.8160,49.2730,49.6417,1900
2022-10-04,50.3378,50.8357,50.3378,50.8357,3800
2022-10-05,51.0081,51.4026,50.5006,51.0837,25600
2022-10-06,51.2149,51.2149,50.9506,50.9506,6700
2022-10-07,50.5197,50.7208,50.1329,50.1329,7000
2022-10-10,50.0314,50.0831,49.7317,49.8255,4400
2022-10-11,49.8945,50.3589,49.7920,49.7920,2800
2022-10-12,49.8878,50.0065,49.6723,49.6723,28500
2022-10-13,48.8728,51.2685,48.8728,51.1805,57200
2022-10-14,51.1517,51.1986,50.0688,50.0688,13600
2022-10-17,50.7974,51.0608,50.6557,50.7649,14600
2022-10-18,51.6209,51.6209,50.9171,51.3337,35400
2022-10-19,51.4677,51.4677,51.1153,51.3844,5500
2022-10-20,51.4581,51.8689,51.1709,51.2571,12900
2022-10-21,51.4677,52.6072,51.2379,52.5114,57000
2022-10-24,53.0285,53.3732,52.7700,53.2775,26100
2022-10-25,53.1626,53.4115,52.9375,53.3244,571100
2022-10-26,53.6222,54.2024,53.6030,53.8424,54600
2022-10-27,54.2254,54.4935,53.8970,53.8999,41200
2022-10-28,54.3011,54.8478,54.2541,54.8191,15900
2022-10-31,54.5797,55.2308,54.5797,54.7138,134700
2022-11-01,54.9148,55.0489,54.4935,54.7329,193300
2022-11-02,54.8095,55.2117,53.9583,53.9583,65600
2022-11-03,53.4766,54.6084,53.4498,54.2838,44300
2022-11-04,55.0872,55.0872,53.8070,54.7712,130900
2022-11-07,54.6659,55.0432,54.5759,54.9915,21000
2022-11-08,55.1255,55.5468,54.8191,55.3362,47600
2022-11-09,55.1159,55.1159,53.8491,53.9391,80400
2022-11-10,55.1734,55.1734,54.5146,55.0776,48100
2022-11-11,55.5181,55.5181,54.4074,54.8957,112200
2022-11-14,55.0202,55.5909,54.8191,54.8191,25600
2022-11-15,55.3649,55.3649,54.5797,55.0585,106800
2022-11-16,55.0298,55.3342,54.7281,54.7712,104600
2022-11-17,54.4169,55.0202,54.3154,55.0202,25600
2022-11-18,55.1255,55.3553,54.9177,55.3074,56700
2022-11-21,55.0872,55.3457,54.5414,55.1734,38100
2022-11-22,55.7288,56.1979,55.5756,56.1252,31600
2022-11-23,56.0352,56.1501,55.7335,56.0064,220100
2022-11-25,56.2267,56.4278,56.1501,56.1587,20000
2022-11-28,55.8054,55.9461,55.4319,55.4798,22900
2022-11-29,55.6713,55.7460,55.3706,55.6043,78500
2022-11-30,55.8245,56.5905,55.2883,56.4469,129900
2022-12-01,56.6863,56.7198,55.9873,56.1309,75600
2022-12-02,55.9298,56.2832,55.9107,56.2075,32100
2022-12-05,56.2267,56.2267,55.0681,55.3840,182900
2022-12-06,55.2979,55.4176,54.3882,54.9053,75000
2022-12-07,54.8382,55.2050,54.6755,54.7904,25800
2022-12-08,55.1159,55.2500,54.7904,54.8766,75600
2022-12-09,54.9532,54.9532,54.1488,54.1488,25400
2022-12-12,54.4552,55.0872,54.2733,55.0393,31800
2022-12-13,55.9490,55.9490,54.9532,55.0968,92500
2022-12-14,55.3170,55.5468,54.7521,55.0298,66900
2022-12-15,54.4935,54.5366,53.8568,54.2446,241100
2022-12-16,53.5743,53.8826,53.1827,53.6988,76400
2022-12-19,53.9009,53.9298,53.2656,53.5736,89800
2022-12-20,53.6795,54.0550,53.4610,53.7277,23800
2022-12-21,54.3534,54.6470,54.1994,54.4978,29800
2022-12-22,54.4112,54.4112,53.2993,54.0646,27900
2022-12-23,54.2090,54.7288,54.1031,54.6913,32200
2022-12-27,54.9406,55.0138,54.7529,54.9695,36500
2022-12-28,54.9984,55.0408,54.1801,54.1801,41100
2022-12-29,54.4112,54.7857,54.4015,54.5652,41900
2022-12-30,54.5171,54.6711,54.2090,54.6615,42300
2023-01-03,54.7192,54.7192,53.3214,53.7854,76200
2023-01-04,53.7662,53.9972,53.4215,53.6988,95800
2023-01-05,53.5544,53.8278,53.4100,53.6410,52300
2023-01-06,54.1416,54.6904,54.0502,54.5200,23400
2023-01-09,54.9214,54.9214,53.8817,53.9683,110700
2023-01-10,54.0453,54.1031,53.5832,53.9780,77600
2023-01-11,54.3245,54.3630,54.0068,54.3630,95800
2023-01-12,54.6422,54.7625,54.1753,54.5171,99100
2023-01-13,54.3630,54.6903,54.1869,54.5459,36900
2023-01-17,54.6422,54.8636,54.3438,54.4112,86100
2023-01-18,54.6326,54.6422,53.3695,53.3743,56300
2023-01-19,53.2944,53.7084,53.2367,53.5447,62700
2023-01-20,53.4870,53.9780,53.3118,53.9491,46400
2023-01-23,54.0165,54.4015,53.8952,53.9587,52900
2023-01-24,53.9394,54.0944,53.5544,54.0473,47500
2023-01-25,53.8624,54.1127,53.5929,54.1127,91400
2023-01-26,54.4208,54.7962,54.2542,54.7962,38900
2023-01-27,54.7096,54.7289,54.1994,54.1994,31800
2023-01-30,54.0742,54.2860,53.6121,53.6747,71100
2023-01-31,53.7469,54.4112,53.6218,54.4112,31000
2023-02-01,54.3727,54.3727,53.4774,53.9346,42000
2023-02-02,53.9009,53.9009,52.7072,53.0345,106900
2023-02-03,53.2559,53.2945,52.8035,52.8612,37900
2023-02-06,52.7746,52.9190,52.6591,52.8516,50100
2023-02-07,52.9575,53.5255,52.7168,53.5062,44700
2023-02-08,53.2656,53.4774,53.1115,53.2078,138200
2023-02-09,53.4966,53.6121,53.1009,53.1173,35000
2023-02-10,53.4004,54.2090,53.4004,54.1320,40100
2023-02-13,54.2090,54.3390,54.0453,54.3149,28100
2023-02-14,54.1994,54.5748,53.9346,54.1031,30600
2023-02-15,53.9491,53.9491,53.4774,53.7662,58200
2023-02-16,53.4870,53.7854,53.2944,53.2944,29700
2023-02-17,53.0345,53.1115,52.8420,53.0345,15000
2023-02-21,52.7168,53.0384,52.6514,52.6860,23300
2023-02-22,52.6976,52.8747,52.3606,52.4473,17100
2023-02-23,52.8901,52.9286,52.3703,52.6976,34400
2023-02-24,52.4184,52.5917,52.1488,52.4550,20600
2023-02-27,52.7746,52.7746,52.3895,52.4954,25000
2023-02-28,52.6687,52.6687,51.8504,51.9274,29300
2023-03-01,51.7638,52.1200,51.7445,52.0911,33200
2023-03-02,51.9852,52.5532,51.8456,52.4569,23900
2023-03-03,52.4088,52.9286,52.1488,52.8612,55900
2023-03-06,52.9286,53.1693,52.8131,53.1693,15500
2023-03-07,53.1308,53.1308,52.2480,52.3799,81900
2023-03-08,52.3895,52.4377,51.7638,52.0815,331200
2023-03-09,52.2259,52.4858,51.3594,51.4461,47100
2023-03-10,51.4653,51.8196,50.8290,50.9647,24600
2023-03-13,50.3967,51.5231,50.3823,50.8396,30200
2023-03-14,51.1862,51.6097,50.7530,51.2824,39100
2023-03-15,50.3486,50.5700,49.8885,50.4641,119500
2023-03-16,49.8288,50.8694,49.8288,50.8011,57200
2023-03-17,50.7529,50.8011,50.0117,50.0694,98700
2023-03-20,50.1305,51.1374,50.1305,50.9833,64900
2023-03-21,51.4775,51.8458,51.3951,51.6713,83100
2023-03-22,51.6326,51.7973,50.7895,50.7895,26900
2023-03-23,51.0414,51.3709,50.3340,50.6053,23500
2023-03-24,50.3534,51.1093,50.0723,50.9833,76800
2023-03-27,51.2449,51.7867,51.2352,51.5667,42000
2023-03-28,51.5163,52.0105,51.5163,51.8651,26900
2023-03-29,52.1559,52.3109,52.0260,52.2819,23500
2023-03-30,52.5338,52.5338,52.1849,52.4272,23100
2023-03-31,52.5532,52.8439,52.5532,52.8439,41800
2023-04-03,53.4738,54.2006,53.4738,54.0650,49500
2023-04-04,54.1522,54.1522,53.1928,53.4157,29400
2023-04-05,53.5417,54.1231,53.5417,54.0940,33700
2023-04-06,54.2200,54.2229,53.9109,53.9196,18400
2023-04-10,53.9487,54.1812,53.9487,54.1328,35900
2023-04-11,54.2975,54.6173,54.1812,54.3266,19100
2023-04-12,54.5883,54.8509,54.4429,54.4681,32800
2023-04-13,54.5592,54.9468,54.3693,54.9468,20300
2023-04-14,54.8984,54.9643,54.4914,54.6949,20600
2023-04-17,54.7239,54.8189,54.3944,54.5689,26800
2023-04-18,54.7239,54.7336,54.5301,54.6852,36900
2023-04-19,54.5301,54.6561,54.3208,54.4526,26300
2023-04-20,54.2006,54.4700,54.0553,54.4235,22600
2023-04-21,54.6367,54.6367,54.3082,54.4429,28000
2023-04-24,54.4817,54.8741,54.4817,54.8112,14200
2023-04-25,54.7336,54.7336,54.3072,54.3751,15600
2023-04-26,54.1231,54.1231,53.3866,53.4835,24900
2023-04-27,53.7161,54.0766,53.2412,54.0165,13300
2023-04-28,53.9487,54.5582,53.9487,54.3751,20100
2023-05-01,54.2782,54.5834,54.2685,54.4332,61100
2023-05-02,54.2685,54.2685,53.1443,53.4738,18000
2023-05-03,53.4932,53.8130,53.1637,53.1831,66700
2023-05-04,53.1056,53.1056,52.5823,52.7082,43100
2023-05-05,53.3382,53.8130,53.3285,53.5804,47300
2023-05-08,53.8905,53.8905,53.6095,53.6773,13400
2023-05-09,53.5126,53.8566,53.5126,53.5998,18300
2023-05-10,53.8518,53.8518,53.2316,53.5417,93200
2023-05-11,53.3091,53.3188,52.9728,53.2509,66800
2023-05-12,53.4932,53.6793,53.1056,53.3381,16200
2023-05-15,53.4641,53.4758,53.2025,53.3769,75100
2023-05-16,53.2897,53.2897,52.6404,52.6404,20400
2023-05-17,52.8730,53.2122,52.5726,53.0668,16400
2023-05-18,52.9408,53.1308,52.6113,53.1153,69000
2023-05-19,53.2606,53.5998,53.2412,53.3285,8500
2023-05-22,53.3672,53.6870,53.0377,53.0377,18700
2023-05-23,53.0668,53.1540,52.7276,52.8052,44500
2023-05-24,52.7858,52.8158,52.6017,52.6017,14300
2023-05-25,52.3206,52.3206,51.8361,52.1171,22100
2023-05-26,52.2334,52.3759,51.8361,52.0105,14400
2023-05-30,51.6810,51.7343,51.4969,51.6810,20300
2023-05-31,51.3418,51.5357,51.2837,51.3806,13000
2023-06-01,51.5647,52.0202,51.1722,51.8845,26900
2023-06-02,52.2334,52.9505,52.0977,52.8245,113700
2023-06-05,53.1637,53.2248,52.8391,52.9021,31600
2023-06-06,52.8148,52.8953,52.5241,52.8342,34100
2023-06-07,52.8439,53.1540,52.7082,53.0862,13400
2023-06-08,53.0862,53.4544,53.0280,53.3769,21500
2023-06-09,53.3963,53.5901,53.2509,53.3963,39900
2023-06-12,53.1831,53.2994,53.0183,53.2800,35900
2023-06-13,53.4835,53.7926,53.4835,53.6192,31500
2023-06-14,53.6870,53.6870,52.8391,53.0358,72100
2023-06-15,53.1249,53.9196,53.1249,53.7549,25600
2023-06-16,53.9487,53.9487,53.6289,53.6289,21400
2023-06-20,53.3951,53.4925,53.1321,53.2198,32000
2023-06-21,53.1906,53.7263,53.0493,53.5217,22700
2023-06-22,53.3951,53.5899,53.3298,53.5412,19200
2023-06-23,53.3659,53.4243,53.1711,53.2880,20200
2023-06-26,53.4146,53.5607,53.1711,53.4438,21900
2023-06-27,53.5120,53.6581,53.2880,53.6191,13500
2023-06-28,53.5996,53.5996,53.2100,53.5509,15300
2023-06-29,53.5607,54.0282,53.5607,54.0282,6900
2023-06-30,54.2425,54.6350,54.2425,54.4860,12600
2023-07-03,54.5639,54.5639,54.2629,54.5055,29600
2023-07-05,54.4276,54.4276,54.1169,54.2717,66400
2023-07-06,53.8626,54.0428,53.5704,53.6970,38100
2023-07-07,53.5899,53.9464,53.5120,53.5120,50600
2023-07-10,53.5899,54.0477,53.5899,53.8918,20100
2023-07-11,53.9795,54.2581,53.9065,54.2425,11200
2023-07-12,54.5347,54.5464,54.1841,54.2133,79000
2023-07-13,54.2717,54.2727,53.9396,53.9893,19800
2023-07-14,54.1548,54.1548,53.8042,53.8285,23100
2023-07-17,53.7555,54.0477,53.7068,53.9308,22000
2023-07-18,53.9406,54.6029,53.9406,54.2133,34700
2023-07-19,54.3399,54.6857,54.3399,54.3983,22500
2023-07-20,54.6613,55.1775,54.6613,55.1775,22900
2023-07-21,55.4211,55.4795,55.1824,55.4006,85800
2023-07-24,55.4405,55.6548,55.4405,55.5243,17900
2023-07-25,55.3431,55.6159,55.3431,55.5457,38700
2023-07-26,55.3431,55.4795,55.2642,55.3918,20700
2023-07-27,55.5184,55.5184,55.0529,55.0792,11100
2023-07-28,55.2263,55.2457,54.9672,55.2350,51700
2023-07-31,55.4308,55.4892,55.2886,55.4444,13200
2023-08-01,55.5087,55.6451,55.1873,55.4055,22900
2023-08-02,55.3431,55.4503,55.1581,55.2555,21000
2023-08-03,55.1678,55.4941,55.0412,55.2457,16400
2023-08-04,55.4892,55.6314,55.0217,55.0217,13100
2023-08-07,55.2555,55.6158,55.2555,55.5282,67800
2023-08-08,55.8204,56.2977,55.8204,56.2977,30500
2023-08-09,56.3269,56.8528,56.3269,56.5119,21600
2023-08-10,56.6678,56.9795,56.4535,56.5080,12800
2023-08-11,56.5412,57.0876,56.5412,57.0145,20600
2023-08-14,57.0963,57.2619,56.9600,57.2619,13200
2023-08-15,56.9600,56.9600,56.5606,56.6386,14000
2023-08-16,56.6483,56.9834,56.3853,56.4632,20200
2023-08-17,56.5704,56.7944,56.2392,56.2860,10000
2023-08-18,56.0249,56.6191,55.8603,56.5451,14700
2023-08-21,56.6386,56.7360,56.2684,56.5636,13300
2023-08-22,56.6386,56.6386,56.2324,56.2899,10100
2023-08-23,56.3464,56.5217,56.2197,56.4340,65900
2023-08-24,56.2879,56.4340,56.0444,56.0444,134800
2023-08-25,56.2782,56.6288,56.0347,56.3892,47600
2023-08-28,56.4535,56.7652,56.4340,56.6249,15800
2023-08-29,56.6580,56.9084,56.4632,56.9015,15200
2023-08-30,56.9210,57.1791,56.9210,56.9619,19100
2023-08-31,57.0379,57.0379,56.7564,56.7564,20200
2023-09-01,57.1256,57.4080,57.1158,57.2902,81000
2023-09-05,57.3788,57.4996,56.9600,57.0769,33500
2023-09-06,56.9502,56.9502,56.5606,56.9113,21900
2023-09-07,56.9795,57.3885,56.9795,57.1908,12100
2023-09-08,57.4372,57.8755,57.4372,57.6301,86800
2023-09-11,57.8853,58.0090,57.5833,57.5833,26000
2023-09-12,57.7294,58.2164,57.7294,58.1190,130500
2023-09-13,58.0509,58.0509,57.6905,57.8356,57200
2023-09-14,58.1970,58.4249,58.1872,58.3918,13800
2023-09-15,58.2749,58.2749,57.6320,57.6320,19500
2023-09-18,57.5420,57.9041,57.5420,57.7280,17000
2023-09-19,57.6888,57.6888,57.2484,57.6526,14200
2023-09-20,57.7475,57.9237,57.1114,57.1114,16100
2023-09-21,56.5145,56.5605,55.9958,55.9958,37800
2023-09-22,56.2111,56.4949,56.1328,56.2307,18200
2023-09-25,56.0252,56.3873,55.9175,56.3873,25100
2023-09-26,56.1328,56.1915,55.7022,55.7805,12100
2023-09-27,56.0056,56.1230,55.5065,55.9762,12800
2023-09-28,56.0643,56.8276,56.0447,56.5536,159300
2023-09-29,56.8961,56.8961,55.9175,56.0565,24900
2023-10-02,56.1230,56.3285,55.6778,56.0545,30000
2023-10-03,55.7120,55.9077,55.0759,55.2423,31100
2023-10-04,55.3206,55.7414,55.1738,55.6924,19700
2023-10-05,55.6729,55.8842,55.2912,55.6729,37900
2023-10-06,55.4869,56.8560,55.3402,56.6808,35400
2023-10-09,56.4460,57.0664,56.3569,56.9157,17900
2023-10-10,57.1506,57.8160,57.1212,57.4833,22800
2023-10-11,57.7377,57.9334,57.4539,57.9334,38800
2023-10-12,57.9726,58.2270,57.4539,57.6692,12000
2023-10-13,57.7671,57.9697,56.8971,57.0008,89100
2023-10-16,57.2876,57.7916,57.2876,57.7348,68600
2023-10-17,57.1799,57.7377,57.1065,57.5342,13500
2023-10-18,57.1506,57.1506,56.4851,56.6025,16900
2023-10-19,56.8668,56.8863,56.1035,56.1132,65900
2023-10-20,55.9958,55.9958,55.3499,55.3499,13800
2023-10-23,55.3010,56.0643,55.1532,55.7316,388000
2023-10-24,55.9958,56.3579,55.8295,56.1524,138500
2023-10-25,56.1230,56.1230,55.1425,55.1738,32200
2023-10-26,55.0661,55.0857,54.2637,54.4985,59600
2023-10-27,54.7726,54.7726,54.1365,54.2294,25100
2023-10-30,54.6747,55.0564,54.5573,54.9096,94700
2023-10-31,54.8019,54.9536,54.5768,54.9389,38000
2023-11-01,55.1151,55.8392,55.1151,55.7707,25100
2023-11-02,56.4166,56.8276,56.3481,56.7885,11100
2023-11-03,57.1408,57.6927,57.1408,57.3952,14000
2023-11-06,57.5714,57.8356,57.4882,57.8356,46100
2023-11-07,57.7671,57.9481,57.6497,57.8943,47300
2023-11-08,58.0215,58.3053,57.7279,58.2662,27000
2023-11-09,58.4032,58.5598,57.8552,57.8845,17700
2023-11-10,58.1879,59.0911,58.1879,59.0911,23500
2023-11-13,58.9316,59.5305,58.9316,59.3622,17900
2023-11-14,60.0864,60.4915,59.9298,60.3310,40200
2023-11-15,60.5170,60.5170,59.9748,60.0570,17100
2023-11-16,59.8222,60.0277,59.6949,60.0179,70700
2023-11-17,60.1549,60.4093,60.1353,60.3702,16300
2023-11-20,60.4093,61.0552,60.3898,61.0063,18800
2023-11-21,60.8399,60.8663,60.5757,60.7616,72500
2023-11-22,60.8888,60.9280,60.5659,60.7616,20700
2023-11-24,60.7714,60.7812,60.6833,60.6990,14200
2023-11-27,60.6246,60.7127,60.4798,60.4798,14200
2023-11-28,60.4583,60.5463,60.1255,60.3310,26900
2023-11-29,60.4778,60.5688,60.1989,60.2087,22100
2023-11-30,60.3017,60.3310,59.8603,60.3310,72900
2023-12-01,60.0962,60.7411,60.0962,60.5659,75300
2023-12-04,60.0962,60.2283,59.8466,60.1843,66200
2023-12-05,59.9983,60.1157,59.7683,59.9836,58500
2023-12-06,60.4876,60.4876,59.6656,59.7439,51800
2023-12-07,59.8515,60.1745,59.7938,60.1745,22400
2023-12-08,60.0472,60.8888,60.0472,60.7880,90300
2023-12-11,60.9378,61.3429,60.9378,61.2999,14700
2023-12-12,61.1531,61.8772,61.1012,61.8567,31300
2023-12-13,61.8870,62.7580,61.8870,62.6308,28400
2023-12-14,62.8950,62.8950,62.3793,62.6983,50700
2023-12-15,62.6503,63.1103,62.6503,62.8656,29400
2023-12-18,63.2816,63.6446,63.2816,63.4484,19800
2023-12-19,63.4876,64.0076,63.4876,63.9684,24900
2023-12-20,63.8703,64.0763,62.9579,62.9579,17300
2023-12-21,63.5171,63.7820,63.2914,63.6937,20800
2023-12-22,63.9390,64.0371,63.5563,63.8114,15000
2023-12-26,63.9095,64.2529,63.9095,64.1940,14600
2023-12-27,64.2922,64.4148,64.1725,64.3903,36600
2023-12-28,64.4884,64.5531,64.3707,64.4001,16200
2023-12-29,64.4786,64.4786,64.0174,64.2588,27900
2024-01-02,63.8605,63.9390,63.3258,63.6642,78200
2024-01-03,63.3699,63.5073,63.0462,63.1246,71400
2024-01-04,63.1737,63.8212,63.1737,63.1835,78200
2024-01-05,63.3601,63.8310,63.3111,63.5956,49800
2024-01-08,63.6446,64.5414,63.6446,64.5414,33800
2024-01-09,64.3314,64.7827,64.3314,64.5983,31400
2024-01-10,64.7827,65.3125,64.7827,65.2046,124100
2024-01-11,65.4695,65.5676,64.7533,65.5676,32400
2024-01-12,65.8521,65.8757,65.4401,65.5725,45800
2024-01-16,65.4106,65.6314,65.1300,65.3616,50500
2024-01-17,65.0771,65.1114,64.7631,64.9887,31600
2024-01-18,65.4401,65.9797,65.2635,65.9797,41000
2024-01-19,66.2053,67.0196,66.0876,66.9608,37000
2024-01-22,67.2944,67.3925,67.0707,67.1668,222800
2024-01-23,67.2355,67.2355,66.8440,67.1079,26600
2024-01-24,67.7947,68.2951,67.7152,67.7535,38500
2024-01-25,68.2657,68.3726,67.7761,68.2362,76400
2024-01-26,68.1283,68.2951,67.9517,68.0400,28300
2024-01-29,68.1774,68.6777,68.0596,68.6777,36200
2024-01-30,68.6679,68.8543,68.6228,68.8249,33400
2024-01-31,68.4423,68.6973,67.8830,67.8830,242300
2024-02-01,68.4521,69.1879,68.3147,69.1879,40900
2024-02-02,70.3064,71.4346,70.2966,71.1501,99300
2024-02-05,71.3954,71.7633,70.8499,71.5328,255500
2024-02-06,72.0135,72.0135,70.9588,71.3267,100700
2024-02-07,71.6014,72.3942,71.5357,72.3471,228300
2024-02-08,72.3667,72.5629,72.2588,72.4354,228900
2024-02-09,72.5433,72.8475,72.3863,72.8475,78000
2024-02-12,72.9063,73.3959,72.5825,72.8082,105200
2024-02-13,71.6897,72.4158,71.4935,72.0626,160600
2024-02-14,72.7395,73.2301,72.4060,73.2301,130400
2024-02-15,73.4950,73.8384,73.2056,73.7403,114200
2024-02-16,73.9463,74.0640,73.3478,73.4557,79800
2024-02-20,73.2497,73.3380,72.1617,72.5335,2985800
2024-02-21,72.0429,72.2392,71.6112,72.1999,224400
2024-02-22,73.9659,75.1413,73.8580,74.9961,357300
2024-02-23,75.3100,75.7417,74.7606,75.1040,355300
2024-02-26,75.2414,75.5553,75.1040,75.1825,222200
2024-02-27,75.2316,75.3493,74.9078,75.2610,349200
2024-02-28,75.0255,75.3395,74.8391,75.2315,166600
2024-02-29,75.6534,75.7790,74.9470,75.6829,189300
2024-03-01,75.9183,77.2134,75.8104,77.2134,262700
2024-03-04,77.4783,78.0267,77.3988,77.4194,274000
2024-03-05,77.2821,77.4096,76.3020,76.8210,1948000
2024-03-06,77.5960,77.9590,77.2458,77.5274,717900
2024-03-07,78.1258,78.9745,78.0915,78.9107,274500
2024-03-08,79.2345,79.4994,77.1329,77.5077,283500
2024-03-11,76.8504,77.0957,76.0361,76.5560,237100
2024-03-12,77.3311,78.1552,76.6796,78.1356,191600
2024-03-13,78.0571,78.0866,77.5077,77.9198,221600
2024-03-14,78.0768,78.0768,76.8308,77.3507,146700
2024-03-15,76.9190,77.5440,76.7523,77.1054,163500
2024-03-18,77.7806,78.0606,77.4219,77.6627,235800
2024-03-19,77.1517,78.2031,76.6800,78.2031,149800
2024-03-20,78.2719,79.0483,77.9231,79.0483,261400
2024-03-21,79.7755,79.8433,79.2546,79.3529,191300
2024-03-22,79.2252,79.6968,79.0679,79.4315,140000
2024-03-25,79.0384,79.4806,78.7829,79.1858,2148200
2024-03-26,79.3922,79.5101,78.6453,78.7633,568900
2024-03-27,79.2252,79.2252,78.2808,78.9107,271500
2024-03-28,78.7633,78.9402,78.4292,78.8321,171000
2024-04-01,78.8910,79.1858,78.3112,78.7240,213600
2024-04-02,77.8985,78.3083,77.5054,78.2719,354100
2024-04-03,78.0263,79.0188,77.8592,78.6945,231700
2024-04-04,79.4315,79.7214,77.5349,77.6430,232600
2024-04-05,78.0754,79.3431,77.8533,79.0581,237400
2024-04-08,79.1858,79.1858,78.5186,78.7633,131400
2024-04-09,79.0089,79.0089,77.3777,78.4292,188000
2024-04-10,77.3384,78.2425,77.2401,77.8789,117300
2024-04-11,78.3702,79.3332,77.8936,79.2645,594000
2024-04-12,78.4586,78.6060,77.6037,77.9476,186200
2024-04-15,78.5372,78.6994,76.4638,76.7684,282900
2024-04-16,76.6996,77.2106,76.4343,76.7094,405200
2024-04-17,77.1910,77.2558,75.4712,75.7759,192100
2024-04-18,75.9429,76.3950,75.2845,75.3238,190200
2024-04-19,75.1469,75.1764,73.2012,73.5157,258800
2024-04-22,74.2232,74.8030,73.3781,74.3706,512700
2024-04-23,74.8325,75.7464,74.6949,75.5695,289400
2024-04-24,76.1886,76.2132,74.9612,75.3926,126200
2024-04-25,73.4272,74.8423,73.1128,74.7932,272700
2024-04-26,75.1175,75.9134,74.9150,75.7267,169000
2024-04-29,75.9822,75.9822,75.1666,75.6973,209300
2024-04-30,75.7366,76.0609,74.5377,74.5377,150100
2024-05-01,74.4689,75.5695,73.8970,74.2134,245700
2024-05-02,74.7932,75.1145,73.9667,75.0585,128200
2024-05-03,76.3262,76.6898,75.9921,76.4736,151800
2024-05-06,76.8667,77.7806,76.7045,77.7806,347900
2024-05-07,77.9182,78.0263,77.5467,77.8690,384900
2024-05-08,77.4366,78.0557,77.2401,77.8592,170500
2024-05-09,77.8788,78.0950,77.5791,78.0656,244900
2024-05-10,78.4095,78.6650,77.9280,78.1737,223500
2024-05-13,78.5373,78.5373,77.7806,77.9771,443700
2024-05-14,77.7118,78.5078,77.6135,78.4390,343200
2024-05-15,78.7829,79.9327,78.7250,79.9229,156200
2024-05-16,79.9327,80.0899,79.4119,79.4610,125800
2024-05-17,79.6281,79.6281,78.9500,79.3529,207500
2024-05-20,79.4413,79.9818,79.3922,79.7951,157100
2024-05-21,79.5691,80.0211,79.4826,80.0211,285700
2024-05-22,80.1194,80.1980,79.4915,79.9130,170800
2024-05-23,80.9252,81.0333,79.6870,80.0703,235900
2024-05-24,80.2865,80.9449,80.1017,80.8957,145500
2024-05-28,81.2593,81.4264,80.8073,81.3085,410800
2024-05-29,80.7876,81.3969,80.7188,81.0824,1966100
2024-05-30,80.5813,80.6265,79.5445,79.8246,579700
2024-05-31,80.0506,80.0506,78.3800,80.0113,716100
2024-06-03,80.5125,80.6009,79.5101,80.5223,662300
2024-06-04,80.4928,80.7483,80.0113,80.6107,192000
2024-06-05,81.2888,82.4484,81.1119,82.4484,575600
2024-06-06,82.5761,82.7825,81.9964,82.3501,327200
2024-06-07,82.2617,82.9692,81.9767,82.4386,264800
2024-06-10,82.3403,83.0380,82.2519,82.9496,415500
2024-06-11,82.8710,83.6080,82.4484,83.6080,320300
2024-06-12,84.4236,85.1901,84.1288,84.6988,653700
2024-06-13,85.6127,85.6471,84.8462,85.4555,365200
2024-06-14,85.3768,85.9173,85.1606,85.9173,706200
2024-06-17,86.0647,87.1752,85.7060,86.8411,583300
2024-06-18,86.8312,87.0966,86.5757,87.0966,746400
2024-06-20,87.5584,87.6862,85.8996,86.4480,835300
2024-06-21,86.2514,86.3438,85.5046,85.8485,297100
2024-06-24,85.7000,86.0138,84.7608,84.7657,656500
2024-06-25,85.2181,85.9705,85.0706,85.9065,425600
2024-06-26,85.8377,86.2950,85.6804,86.2606,392700
2024-06-27,86.2803,86.7425,86.0836,86.5262,338900
2024-06-28,86.6737,87.4506,85.9459,86.0147,836300
2024-07-01,86.2114,86.6048,85.3371,86.5458,576600
2024-07-02,86.0541,87.0671,85.9577,87.0671,398600
2024-07-03,86.9884,87.7850,86.9500,87.7850,236100
2024-07-05,87.9030,88.7291,87.8833,88.6799,752700
2024-07-08,88.8963,89.0291,88.5718,88.9455,856900
2024-07-09,89.4274,89.5552,88.8176,89.1324,919700
2024-07-10,89.4864,90.1257,89.2209,90.1257,775400
2024-07-11,90.0077,90.0765,87.8538,88.2472,781800
2024-07-12,88.1685,89.3684,88.0407,88.5029,441000
2024-07-15,89.0635,89.5454,88.3751,88.8275,493100
2024-07-16,89.1619,89.2209,88.2571,88.6701,480800
2024-07-17,87.0080,87.0179,85.6804,85.6804,1060300
2024-07-18,86.6146,86.6146,84.5484,85.4050,639800
2024-07-19,85.4050,85.9852,84.7067,84.9231,371900
2024-07-22,85.8672,86.4376,85.4541,86.1917,452900
2024-07-23,86.2606,87.1556,86.1721,86.4475,453800
2024-07-24,85.3558,85.5623,83.1528,83.3889,1035000
2024-07-25,83.3495,84.0871,81.5104,82.3759,585700
2024-07-26,83.2708,83.8708,82.8873,83.3200,428300
2024-07-29,83.7134,84.0478,82.9217,83.1135,387700
2024-07-30,83.5265,83.7429,81.2941,81.8743,398600
2024-07-31,83.8708,84.8198,83.4803,84.5789,343500
2024-08-01,85.4738,86.0836,82.3267,83.0643,2496800
2024-08-02,80.9695,81.5842,79.6625,80.8417,3587500
2024-08-05,75.5407,79.4451,75.4817,78.2649,6040000
2024-08-06,79.0222,81.0236,78.3938,79.5238,1315300
2024-08-07,80.8515,81.3727,78.5993,78.7469,757300
2024-08-08,80.3893,81.4809,79.4845,81.4219,539100
2024-08-09,81.4416,82.5332,81.2842,82.2382,493400
2024-08-12,82.5037,83.0692,82.0218,82.6414,282900
2024-08-13,83.3200,84.5592,83.3200,84.5592,605800
2024-08-14,84.7952,85.3755,84.2641,85.0706,738200
2024-08-15,86.1131,87.0572,85.8229,87.0572,822900
2024-08-16,86.5950,87.1359,86.4180,86.9294,410400
2024-08-19,86.8409,87.9423,86.4966,87.9128,14305300
2024-08-20,87.9030,88.4046,87.5391,87.9030,1089300
2024-08-21,88.0210,88.6308,87.7161,88.3456,277900
2024-08-22,88.8176,89.0045,87.0277,87.2933,602700
2024-08-23,87.8637,88.5423,87.2539,88.1292,502300
2024-08-26,88.1784,88.2413,87.0081,87.3916,487000
2024-08-27,87.0474,87.8735,86.7523,87.7457,221300
2024-08-28,87.6571,87.7358,86.3295,87.0179,309900
2024-08-29,87.1359,87.8637,86.3983,86.5655,549300
2024-08-30,87.2146,87.7899,86.5360,87.7752,423800
2024-09-03,87.2343,87.2539,84.5297,85.0214,2640100
2024-09-04,84.3723,85.2820,84.0871,84.7067,474900
2024-09-05,84.3723,85.3558,84.0478,84.4412,1226600
2024-09-06,84.4412,84.5690,82.2480,82.5332,374000
2024-09-09,83.3692,83.7724,82.7693,83.7036,526300
2024-09-10,83.9888,84.3527,83.1430,84.2445,365400
2024-09-11,84.4608,86.4475,83.1037,86.2803,416500
2024-09-12,86.4376,87.5293,86.1426,87.3326,521600
2024-09-13,87.3818,87.8538,87.1654,87.6080,372900
2024-09-16,87.2047,87.3326,86.6294,87.3228,302100
2024-09-17,87.8243,87.8834,86.7229,87.1851,296600
2024-09-18,87.3916,88.1489,86.8113,86.8900,331000
2024-09-19,88.8275,89.3881,88.3948,89.0930,656300
2024-09-20,89.0143,89.3389,88.4439,89.0340,470400
2024-09-23,89.3480,89.5350,89.0921,89.5055,410700
2024-09-24,89.5448,89.7220,88.8460,89.7220,351300
2024-09-25,89.8794,90.0271,89.6137,89.8106,796600
2024-09-26,90.3617,90.5094,89.2840,89.6236,622500
2024-09-27,89.6137,89.6137,88.7279,88.9149,344500
2024-09-30,88.5704,89.2791,88.2653,89.2102,479200
2024-10-01,89.1511,89.2692,88.0882,88.5508,624100
2024-10-02,88.4720,89.1019,88.1669,88.8952,354600
2024-10-03,88.7673,89.2495,88.5508,88.8854,325400
2024-10-04,89.6925,90.2830,89.1807,90.2436,505300
2024-10-07,89.9877,90.1747,89.3578,89.6039,649100
2024-10-08,90.0369,90.7653,89.9582,90.6865,392200
2024-10-09,90.6865,91.5428,90.5172,91.4739,682000
2024-10-10,91.3952,91.5133,90.9621,91.2377,324400
2024-10-11,91.1294,92.2219,91.1294,92.1924,446100
2024-10-14,92.5861,92.8715,92.4581,92.7337,590900
2024-10-15,92.8124,92.8892,91.4837,91.7396,666300
2024-10-16,91.9660,92.3105,91.5428,92.1924,386200
2024-10-17,93.0093,93.1963,92.5073,92.5664,719100
2024-10-18,92.7042,92.7928,92.3105,92.5861,540900
2024-10-21,92.5664,92.7928,92.0743,92.6747,798200
2024-10-22,92.1825,92.6057,91.9463,92.3991,375200
2024-10-23,91.9758,92.2121,90.9916,91.5231,448400
2024-10-24,91.6904,91.6904,91.0113,91.4641,343500
2024-10-25,91.9266,92.1432,91.0999,91.2278,393100
2024-10-28,91.7200,91.8066,91.4345,91.5526,336000
2024-10-29,91.4542,92.0989,91.2032,91.9070,731900
2024-10-30,91.1885,91.7642,90.6373,91.2770,853900
2024-10-31,90.6078,90.6078,89.3677,89.3874,821800
2024-11-01,90.2338,90.9227,89.9188,89.9779,1285000
2024-11-04,89.9877,90.1206,89.3480,89.5547,512100
2024-11-05,89.8499,91.0310,89.8401,91.0310,466900
2024-11-06,93.5014,93.9443,92.5595,93.9443,1101800
2024-11-07,94.2494,94.6480,94.1116,94.5250,716200
2024-11-08,94.7415,95.6864,94.7415,95.3616,3212800
2024-11-11,95.8242,95.8242,94.9974,95.2140,4658500
2024-11-12,95.3813,95.4305,94.5211,95.0270,1204200
2024-11-13,95.1254,95.4502,94.8793,95.0466,893500
2024-11-14,95.0663,95.0663,93.8754,93.9443,642800
2024-11-15,93.1963,93.3715,92.0644,92.4188,822000
2024-11-18,92.4384,92.7436,91.8774,92.4680,667400
2024-11-19,92.1136,93.1372,91.9463,93.1274,613400
2024-11-20,93.1963,93.2947,92.2022,93.2750,580600
2024-11-21,93.7671,94.2888,92.9010,94.0132,731700
2024-11-22,94.0723,94.3282,93.7868,94.0723,508100
2024-11-25,94.4856,94.7218,93.6048,94.0132,945900
2024-11-26,94.3085,95.2238,94.3085,95.1648,632500
2024-11-27,95.0269,95.1451,94.2396,94.5939,629800
2024-11-29,94.8793,95.5289,94.8793,95.3025,328900
2024-12-02,95.5781,95.6687,95.1205,95.2435,736200
2024-12-03,95.3813,95.7937,95.2829,95.7454,595300
2024-12-04,96.2572,96.7198,96.1883,96.6608,604200
2024-12-05,96.6706,96.9167,96.4049,96.5919,792300
2024-12-06,96.7100,97.2031,96.6362,97.1430,613600
2024-12-09,96.9659,96.9757,95.4403,95.5584,2861000
2024-12-10,95.6667,95.7061,94.7022,94.8498,5200200
2024-12-11,95.5880,96.0309,95.4108,95.9521,532700
2024-12-12,95.7454,95.7454,95.1844,95.1844,722100
2024-12-13,96.4541,96.7887,95.8143,96.2277,513000
2024-12-16,96.7592,97.1726,96.6017,96.9954,557800
2024-12-17,96.3557,96.3557,95.4354,95.9423,756000
2024-12-18,96.1687,96.2966,92.7928,92.8223,893500
2024-12-19,93.9837,94.1412,92.9502,93.0585,650700
2024-12-20,92.9207,95.1057,92.8075,94.0723,580000
2024-12-23,94.2429,95.1502,93.7399,95.0812,656800
2024-12-24,95.4658,96.1956,95.3464,96.1956,557000
2024-12-26,95.8997,96.4520,95.6039,96.2646,487000
2024-12-27,95.6926,95.6926,94.4460,95.2587,740200
2024-12-30,93.9963,94.8346,93.4391,94.1837,561800
2024-12-31,94.4105,94.4687,93.4697,93.7004,570200
2025-01-02,94.4796,95.1502,93.4835,94.2330,872600
2025-01-03,94.8839,95.6926,94.7360,95.5545,754400
2025-01-06,96.2646,96.7962,95.9096,96.2252,1094700
2025-01-07,96.6985,96.6985,94.6768,94.9234,1007300
2025-01-08,95.2587,95.5052,94.4381,95.3080,712900
2025-01-10,94.8938,94.9766,93.6610,94.2626,1046000
2025-01-13,93.1975,94.2133,93.0890,94.1147,665700
2025-01-14,94.5585,94.5782,93.4342,94.1837,743600
2025-01-15,95.6926,96.0585,95.1995,95.9293,826500
2025-01-16,96.4619,96.7084,96.1068,96.2252,647700
2025-01-17,97.1325,97.4283,96.7084,97.2903,743500
2025-01-21,98.1187,98.8090,97.8672,98.6808,1650600
2025-01-22,99.4008,99.6375,99.0793,99.3515,1106800
2025-01-23,99.2824,100.0418,98.9767,100.0418,986200
2025-01-24,100.1404,100.4560,99.5931,99.9333,948500
2025-01-27,96.1581,96.9944,95.8701,96.8366,1847600
2025-01-28,97.2804,98.1088,96.4914,98.0398,824600
2025-01-29,97.9412,98.3850,97.2212,97.7341,602200
2025-01-30,98.8781,99.4402,98.3653,99.2923,747500
2025-01-31,99.4205,100.1503,98.5921,98.6611,1684000
2025-02-03,96.9550,98.9323,96.8070,98.6118,2003800
2025-02-04,98.7302,99.3712,98.4639,99.2331,1096600
2025-02-05,99.7953,100.6237,99.6967,100.5152,1280200
2025-02-06,101.0675,101.4521,100.5941,101.4521,1253300
2025-02-07,101.4817,101.6691,100.4560,100.6237,1491700
2025-02-10,101.0280,101.4876,100.8209,101.3732,928600
2025-02-11,100.9689,101.5409,100.7026,101.4718,4344200
2025-02-12,100.2982,101.1661,100.1503,100.9886,1453000
2025-02-13,101.0971,101.8466,100.7914,101.8367,951600
2025-02-14,101.8072,101.9945,101.4324,101.6395,785700
2025-02-18,101.9649,102.0182,101.1661,101.6494,924800
2025-02-19,101.2450,101.6691,100.9689,101.6691,995300
2025-02-20,101.2549,101.2549,99.8840,100.5054,1468600
2025-02-21,100.6631,100.6631,98.2962,98.5329,1414600
2025-02-24,99.0457,99.2529,97.5664,97.7637,1096100
2025-02-25,97.7933,98.0694,96.2843,97.5763,1198700
2025-02-26,98.1286,99.3811,97.9432,98.5724,999700
2025-02-27,99.3120,99.4402,96.5802,96.6492,1651200
2025-02-28,96.7183,98.5526,96.2745,98.4244,1095200
2025-03-03,98.7203,98.8978,95.6236,96.3139,1447100
2025-03-04,95.4461,96.3435,93.5624,94.7754,1991300
2025-03-05,95.0516,96.2932,94.3809,95.8800,1223300
2025-03-06,94.3218,94.9727,92.8484,93.3849,1671700
2025-03-07,93.1186,93.7596,91.0672,93.2369,1842200
2025-03-10,91.6984,92.0929,89.8049,90.8404,2167000
2025-03-11,90.6432,91.9835,89.9824,90.7122,1287100
2025-03-12,92.2310,92.5850,90.7122,91.6590,1030100
2025-03-13,91.6886,91.6886,90.0810,90.4952,795900
2025-03-14,91.4815,92.6748,91.2349,92.5663,1005000
2025-03-17,92.4677,93.7202,92.3691,93.2566,1182700
2025-03-18,92.7734,92.8523,91.7083,92.0140,1019700
2025-03-19,92.3000,93.8977,91.9105,93.1876,938500
2025-03-20,92.5860,94.0506,92.5071,93.0791,768400
2025-03-21,92.3691,93.1580,92.0436,92.9213,1060100
2025-03-24,94.5112,95.8748,94.3630,95.6376,1067200
2025-03-25,95.9933,96.1811,95.4795,96.1119,963600
2025-03-26,95.9340,96.0823,93.6713,94.0962,908900
2025-03-27,93.5033,94.5408,92.9994,93.2860,841100
2025-03-28,92.9500,93.1377,90.8157,91.0924,1073700
2025-03-31,89.3632,91.6062,88.6627,91.4283,1161700
2025-04-01,91.0331,92.4461,90.4106,92.0706,831800
2025-04-02,90.7218,93.7503,90.6873,93.0192,1201900
2025-04-03,88.6913,89.6102,87.3623,87.5945,1338700
2025-04-04,84.3239,84.7271,81.3043,81.3399,3480000
2025-04-07,78.2274,85.6085,77.3183,82.4861,3329700
2025-04-08,86.2606,86.8732,80.4407,81.6758,1935900
2025-04-09,81.6067,91.4086,80.9842,90.8256,2444000
2025-04-10,88.7210,89.1162,84.8081,87.2586,1261400
2025-04-11,86.9424,88.9680,86.2705,88.7506,2036600
2025-04-14,90.2723,90.4106,88.3208,89.1459,1260100
2025-04-15,89.3039,90.4205,89.2446,89.4521,1111000
2025-04-16,88.0293,88.6518,85.9573,87.2092,723500
2025-04-17,87.6637,88.0382,86.7892,87.2092,530000
2025-04-21,86.2013,86.4543,83.8496,84.9069,840300
2025-04-22,85.9839,87.9305,85.8426,87.3376,842700
2025-04-23,90.4402,91.4965,89.3039,89.6102,1086400
2025-04-24,89.5312,91.8137,89.3632,91.7248,949600
2025-04-25,91.8038,93.0389,91.5173,92.9006,973600
2025-04-28,93.1476,93.5903,91.7742,92.9895,4215600
2025-04-29,92.4856,93.7602,92.4273,93.6614,1731500
2025-04-30,91.8631,93.7010,90.8355,93.4440,871500
2025-05-01,94.8471,95.5882,94.3185,94.5902,1249400
2025-05-02,95.9834,97.0901,95.5388,96.6356,1369800
2025-05-05,95.7364,96.8431,95.6020,96.3194,1026200
2025-05-06,94.9756,95.9340,94.7977,95.4104,1172200
2025-05-07,95.4993,96.7542,95.3017,96.3392,987100
2025-05-08,97.3470,98.1770,96.4577,97.3273,1733200
2025-05-09,97.5743,97.7719,96.6998,97.3075,1163800
2025-05-12,100.9536,101.0148,99.5307,100.6670,2049200
2025-05-13,101.1314,103.0879,100.9733,102.5938,2857600
2025-05-14,103.0730,103.4930,102.7321,103.4139,1844000
2025-05-15,102.7223,103.6511,102.3567,103.3645,1412600
2025-05-16,103.4633,103.9475,102.9278,103.9475,1217900
2025-05-19,102.3072,104.0858,102.1195,103.9969,1933200
2025-05-20,103.4337,103.8388,103.0088,103.6510,1011500
2025-05-21,102.8705,103.7094,101.4674,101.7836,1074900
2025-05-22,101.6452,102.7321,101.4674,101.9614,1035500
2025-05-23,100.6967,102.2282,100.5880,101.6255,1172600
2025-05-27,103.0286,104.0265,102.6432,104.0265,1218700
2025-05-28,104.0957,104.3822,103.4732,103.6016,1233500
2025-05-29,104.9356,105.0146,103.4633,103.9771,1315800
2025-05-30,103.7103,104.2933,102.7519,104.0957,1130700
2025-06-02,103.8388,105.2518,103.4436,105.1628,1282600
2025-06-03,105.4296,106.1707,105.3308,105.8940,1732800
2025-06-04,106.1213,106.2596,105.4395,105.8545,1456400
2025-06-05,106.0422,106.2497,104.0463,104.5008,1369900
2025-06-06,105.7162,106.1608,105.2320,105.6470,1120500
2025-06-09,105.6174,105.8496,104.8980,105.6272,2028100
2025-06-10,105.7755,105.9405,104.7083,105.8249,1246300
2025-06-11,106.2201,106.5560,105.5136,105.8347,1541900
2025-06-12,105.4197,106.1608,105.3111,105.9434,922400
2025-06-13,104.7478,105.7656,104.4811,104.8961,1148800
2025-06-16,105.7557,106.8130,105.7063,106.3189,1092800
2025-06-17,105.8940,106.2122,105.2419,105.4691,881600
2025-06-18,105.6272,106.5560,105.5245,105.9237,1012900
2025-06-20,106.5462,106.6934,105.3308,105.6371,1206100
2025-06-23,105.7569,107.4400,105.5094,107.3410,1487900
2025-06-24,108.3508,109.0043,108.1806,108.8360,1928700
2025-06-25,109.3211,109.4003,108.6132,108.8558,1697900
2025-06-26,109.2617,110.2814,109.2023,110.1428,1963100
2025-06-27,110.3309,111.0636,109.9844,110.7270,2041700
2025-06-30,111.4695,111.5586,110.9448,111.3507,2080400
2025-07-01,110.6775,110.7963,109.0736,109.6379,2177800
2025-07-02,109.6973,110.3210,109.5438,110.2517,1583100
2025-07-03,110.9052,111.5388,110.8596,111.3903,1301400
2025-07-07,110.9349,111.2715,110.4200,110.9547,1836300
2025-07-08,111.0537,111.0537,109.6874,110.1329,1866000
2025-07-09,110.6577,111.1032,110.5290,110.9547,1832100
2025-07-10,111.2121,111.3903,110.4101,111.2913,2226400
2025-07-11,110.8854,111.3012,110.5785,111.0537,1335100
2025-07-14,111.1131,112.0239,110.9646,111.9249,1391100
2025-07-15,112.5487,112.6160,111.5487,111.6081,1700000
2025-07-16,111.8853,111.9744,110.5289,111.7566,2037700
2025-07-17,111.8556,112.6952,111.7170,112.5684,1599400
2025-07-18,112.8259,112.8259,112.2219,112.6972,1299900
2025-07-21,112.9546,113.4793,112.7853,112.9051,1686100
2025-07-22,112.5783,112.8061,111.1428,111.7368,1721400
2025-07-23,112.3011,113.2219,112.1724,113.2219,2154200
2025-07-24,113.2169,113.4694,112.8655,113.2021,1313900
2025-07-25,113.3605,114.1179,113.3011,113.8852,1291800
2025-07-28,114.0436,114.3703,113.7169,114.1624,1363900
2025-07-29,114.5782,114.7763,113.6525,113.7664,1522600
2025-07-30,114.0733,114.6654,113.5387,114.2713,1726200
2025-07-31,115.6970,115.9643,114.2317,114.5387,2185700
2025-08-01,112.5190,112.9942,111.1854,112.1031,2750200
2025-08-04,113.0041,114.1030,112.9447,114.1030,2365300
2025-08-05,114.4693,114.8159,113.0684,113.5981,3467300
2025-08-06,113.7466,115.3010,113.6278,115.2317,1458000
2025-08-07,115.8158,116.1425,114.4891,115.2218,1739700
2025-08-08,115.5782,116.4385,115.4990,116.0237,1420300
2025-08-11,116.1029,116.5088,115.7029,115.8851,1739800
2025-08-12,116.5484,117.3999,116.0336,117.3405,1716600
2025-08-13,117.6771,117.8850,116.0039,116.6870,2238200
2025-08-14,116.4593,117.3108,116.3108,116.9346,1732700
2025-08-15,117.1227,117.1227,115.9049,116.1425,1359500
2025-08-18,115.8356,116.3475,115.5089,116.1920,1451600
2025-08-19,115.9148,116.0336,114.2911,114.5387,1738800
2025-08-20,114.3505,114.5584,112.5090,114.3703,2074400
2025-08-21,113.9446,114.2258,113.1724,113.6476,3062700
2025-08-22,113.8258,115.8158,113.5882,115.3505,2065000
2025-08-25,115.2020,115.6772,114.8762,115.0832,1277100
2025-08-26,115.0733,116.1920,114.8456,116.1524,1836700
2025-08-27,115.9445,116.3801,115.6673,116.1128,1326000
2025-08-28,116.2811,116.7464,115.7366,116.6276,1753400
2025-08-29,116.3009,116.3603,114.8654,115.3208,2175700
2025-09-02,113.6080,114.4099,113.1209,114.4099,3301100
2025-09-03,114.4990,114.9248,113.8060,114.4396,1762000
2025-09-04,115.0535,116.1623,115.0535,116.1623,1063100
2025-09-05,117.3405,117.4989,114.8060,115.8851,1919300
2025-09-08,116.4742,116.9940,116.4197,116.5484,1422400
2025-09-09,116.7762,117.3999,116.3851,117.2910,2233100
2025-09-10,118.1622,118.9047,117.9741,118.3107,2805600
2025-09-11,118.8057,119.1523,118.3899,118.9344,2430800
2025-09-12,118.9196,119.4394,118.8057,119.2810,2202500
2025-09-15,119.7958,120.2562,119.5582,119.9245,2483400
2025-09-16,120.1473,120.1512,119.5384,119.8651,2464900
2025-09-17,119.7463,119.8750,118.3107,119.4790,2636300
2025-09-18,120.1027,120.7759,119.7067,120.2413,2388000
2025-09-19,120.6175,120.8155,120.1423,120.7165,2124400
2025-09-22,120.2128,121.2738,120.1345,121.0953,3297900
2025-09-23,121.0904,121.2342,119.9451,120.5896,5392300
2025-09-24,120.9367,120.9367,119.3699,119.8856,2145300
2025-09-25,118.9733,119.9054,118.2197,119.3005,1980200
2025-09-26,119.7468,120.0145,118.8840,119.5683,1736600
2025-09-29,120.1632,120.4211,119.3600,119.6972,2029900
2025-09-30,119.7467,120.1097,119.1597,120.0442,1746800
2025-10-01,119.1617,119.8211,118.6461,119.5484,2112000
2025-10-02,120.2426,120.2822,119.2410,119.7666,1823800
2025-10-03,120.0839,120.2128,118.8692,119.0824,2144100
2025-10-06,119.3997,119.5990,118.8930,119.3997,3809500
2025-10-07,119.7963,120.0046,118.5072,119.4592,3465500
2025-10-08,119.6873,120.4151,119.5336,120.4111,1371800
2025-10-09,120.6987,120.8970,120.2029,120.7780,2097800
2025-10-10,120.9912,121.5019,117.4561,117.5057,4105200
2025-10-13,119.4592,120.3814,119.2113,120.1533,2336200
2025-10-14,119.1022,120.5599,117.6554,119.5385,1966600
2025-10-15,120.9069,121.6011,119.2113,120.1731,1683000
2025-10-16,120.8474,121.2441,118.6461,119.2212,2205800
2025-10-17,118.8543,119.6773,118.0313,119.4096,1904900
2025-10-20,119.9451,120.5004,119.8558,120.2227,1620200
2025-10-21,120.4409,120.4736,119.5831,119.7269,1446600
2025-10-22,119.7567,119.8102,117.4462,118.4676,2582400
2025-10-23,118.5667,119.5881,118.3783,119.3303,1285000
2025-10-24,120.3764,120.9664,120.2426,120.6888,1382200
2025-10-27,121.8589,122.0027,121.4722,121.9680,1650800
2025-10-28,122.1068,122.7811,121.7002,122.4043,1861800
2025-10-29,122.8604,123.5099,121.9779,123.1381,2351200
2025-10-30,121.3631,122.0403,120.7681,120.7780,2335300
2025-10-31,121.4573,121.6606,120.1632,120.6789,1644300
2025-11-03,121.4920,121.5912,120.0740,120.6293,2163200
2025-11-04,118.9931,119.8013,118.1403,118.4577,1892900
2025-11-05,118.2395,119.5931,117.8875,118.7651,1845900
2025-11-06,118.4577,118.5568,116.7124,117.1487,2316600
2025-11-07,116.4695,117.5355,114.9672,117.5355,2556600
2025-11-10,118.9535,119.9302,118.5469,119.7666,1779000
2025-11-11,119.3204,119.5336,118.4180,119.2807,1790500
2025-11-12,119.7567,119.8162,118.9485,119.3303,1269000
2025-11-13,118.9733,119.1419,116.2662,116.6926,2242600
2025-11-14,115.2944,117.4561,114.5408,116.8413,2079100
2025-11-17,116.2464,117.1874,114.7094,115.5027,5772300
2025-11-18,114.8680,116.0381,114.0549,114.8680,5060900
2025-11-19,115.0564,116.2464,114.5239,115.7307,1945200
2025-11-20,117.9916,118.6659,113.3072,113.4599,2815400
2025-11-21,113.6979,114.3921,111.7147,113.3410,2494500
2025-11-24,113.9161,116.1274,113.8368,115.9588,1243200
2025-11-25,115.7902,117.1388,114.3921,116.9306,1125900
2025-11-26,117.6594,118.6857,117.5057,118.2792,1229400
2025-11-28,118.4676,119.1220,118.3287,119.1121,598400
2025-12-01,118.0808,118.5271,117.6406,117.9321,1414100
2025-12-02,118.4477,118.9931,117.7685,118.1602,1111000
2025-12-03,117.9024,118.5915,117.1983,118.4577,1434500
2025-12-04,118.9832,119.6129,118.7155,119.4889,1383000
2025-12-05,119.6178,120.3625,119.4493,119.8360,1116500
2025-12-08,120.3417,120.4905,119.4691,119.9847,1053000
2025-12-09,119.7765,120.2723,119.5385,119.7071,1314700
2025-12-10,119.7914,120.8474,119.3104,120.5103,1724300
2025-12-11,119.4096,120.8970,118.7799,120.7582,1332200
2025-12-12,120.0343,120.0938,117.6287,118.1007,2128700
2025-12-15,118.8047,118.8692,117.6346,117.6842,1111300
2025-12-16,117.3867,118.1255,116.9603,117.7040,1360300
2025-12-17,117.9718,118.0015,115.4927,115.5522,1298700
2025-12-18,116.8909,117.5414,116.3753,116.7124,959400
2025-12-19,117.3570,118.8345,117.2578,118.5271,1147200
2025-12-22,119.3680,119.5519,118.9654,119.5122,1156300
2025-12-23,119.2935,120.2875,119.2040,120.2577,988600
2025-12-24,120.1980,120.8044,120.1384,120.7249,578300
2025-12-26,120.8939,120.9734,120.5062,120.6553,1021800
2025-12-29,120.0489,120.3571,119.6116,119.9098,1151600
2025-12-30,119.9396,120.0589,119.5817,119.6314,1052300
2025-12-31,119.7507,119.8004,118.5877,118.6076,1039300
2026-01-02,119.5420,119.5420,118.3392,118.9555,2047100
2026-01-05,119.6414,120.0887,119.4127,119.7010,2409100
2026-01-06,119.7408,120.5857,119.2040,120.3273,2387900
2026-01-07,120.2776,120.4366,119.4277,119.4724,1877200
2026-01-08,119.3432,119.4128,117.9595,118.3094,1934900
2026-01-09,118.6672,119.5420,118.4585,119.3133,2042200
2026-01-12,118.6275,119.9694,118.5827,119.7507,2351200
2026-01-13,119.8402,119.9545,118.9853,119.4128,1336200
2026-01-14,118.8959,118.9754,117.2637,118.2000,1885800
2026-01-15,119.0648,119.8998,118.8959,119.0052,1654300
2026-01-16,119.4426,119.7905,118.7865,119.2835,1330200
2026-01-20,117.6036,118.0400,116.1424,116.2816,1936900
2026-01-21,116.5002,117.6235,115.6454,116.9476,1816800
2026-01-22,117.8919,118.0609,117.0370,117.2358,1499200
2026-01-23,116.9177,117.4247,116.6096,117.2160,1275400
2026-01-26,117.3849,118.4187,117.3849,118.1205,1527500
2026-01-27,118.5082,118.9018,118.1205,118.8959,1271700
2026-01-28,118.9356,119.1344,118.3193,118.4684,1956200
2026-01-29,119.8998,120.1782,117.9118,119.8004,2516100
2026-01-30,119.3233,119.9098,118.3293,119.1543,1642900
2026-02-02,118.9853,120.1782,118.9654,119.5519,1717500
2026-02-03,120.2974,120.6255,117.4645,118.8064,2481900
2026-02-04,118.7070,118.7070,115.1782,116.3313,3202500
2026-02-05,116.2418,117.2259,115.0191,115.3273,2104900
2026-02-06,117.0917,119.4128,116.8531,119.1245,1776500
2026-02-09,118.9853,121.3094,118.9654,120.7646,1417200
2026-02-10,121.1722,121.5102,119.9346,120.0589,1545500
2026-02-11,121.0330,121.1523,119.2438,119.8700,1315200
2026-02-12,120.1980,120.6255,117.4545,117.5639,1504800
2026-02-13,117.3651,118.4088,116.3611,117.5440,1294900
2026-02-17,117.2060,118.6076,116.6692,118.1503,1300300
2026-02-18,118.4187,119.3631,118.0708,118.6175,1195600
2026-02-19,118.2348,119.0549,118.0410,118.6772,868900
2026-02-20,118.1901,119.4724,117.9515,119.2438,1043100
2026-02-23,118.6672,119.0748,116.8482,117.2358,1015400
2026-02-24,116.6692,118.1106,116.0629,118.0410,954400
2026-02-25,118.7368,120.0639,118.6921,119.7706,1189600
2026-02-26,119.5022,119.6712,117.9366,119.2438,925700
2026-02-27,118.0410,118.7567,117.7328,118.7567,941800
2026-03-02,117.3551,119.8004,117.3452,119.3929,1628000
2026-03-03,117.3054,118.9654,116.1424,118.5082,1430300
2026-03-04,118.7865,119.9197,118.4734,119.5420,1464700
2026-03-05,119.3034,120.1185,117.7328,118.9356,2039800
2026-03-06,117.2955,118.4237,116.7160,117.5340,1955200
2026-03-09,116.2517,118.8660,115.5360,118.5877,2870600
2026-03-10,118.6672,119.6066,118.0708,118.3690,1380900
2026-03-11,118.5778,118.9058,117.3651,117.9913,1141600
2026-03-12,117.0370,117.2160,116.2120,116.4704,1389900
2026-03-13,116.7985,117.5042,115.2975,115.4863,2470500
2026-03-16,116.6295,117.2060,116.2418,116.6494,1291800
2026-03-17,117.1961,117.6533,116.5698,116.6494,1249200
2026-03-18,116.3114,116.7289,115.3174,115.3671,1167500
2026-03-19,114.5221,115.7448,114.1494,115.1881,2692400
2026-03-20,114.9396,115.0838,112.5042,113.1007,1327400
2026-03-23,114.7664,116.1420,113.7506,114.1683,2854600
2026-03-24,113.3509,114.9059,112.9621,114.4773,1510000
2026-03-25,115.0256,115.6087,114.2779,114.9558,1871600
2026-03-26,113.5801,113.5801,110.8986,110.9883,1674500
2026-03-27,110.5497,111.4619,109.6626,109.9616,1894200
2026-03-30,111.2176,111.2475,106.9013,107.4994,2008900
2026-03-31,108.9548,111.8456,108.7056,111.7559,1879100
2026-04-01,112.8425,115.0156,112.8425,114.1384,1731300
2026-04-02,111.4967,114.7963,111.3981,114.3776,1821300
2026-04-06,114.6368,115.3396,114.4374,115.3047,1082000
2026-04-07,115.1851,116.3314,114.2580,116.2816,1349000
2026-04-08,120.5780,121.0764,119.3020,120.9767,2113300
2026-04-09,120.9169,122.5607,120.8870,122.3723,2086600
2026-04-10,122.9206,123.7380,122.3424,122.9505,1833100
2026-04-13,122.4421,124.2165,122.3783,124.1965,1296600
2026-04-14,124.7647,126.2789,123.8476,126.2500,1907700
2026-04-15,126.1204,126.3188,124.5255,126.1802,1911800
2026-04-16,125.9709,126.5490,125.3578,126.3397,1567600
2026-04-17,127.2369,128.0244,126.9378,127.8948,1665800
2026-04-20,127.8948,128.1041,126.5989,127.2369,1689500
2026-04-21,127.4063,127.7154,125.8612,126.2500,1523600
2026-04-22,127.7054,128.7222,127.0574,128.7022,1424000
2026-04-23,128.6723,130.0230,127.5559,128.8219,1725200
2026-04-24,130.3221,131.4236,129.4897,131.1046,1479000
2026-04-27,131.4236,131.8722,130.4567,131.6928,1693600
2026-04-28,129.3103,130.5464,128.2437,129.5495,1538200
2026-04-29,130.7757,130.8305,129.4897,130.3570,1255000
2026-04-30,132.2410,133.5070,131.1445,133.3674,1558600
2026-05-01,132.6896,134.6334,132.3307,133.9955,1911900
2026-05-04,134.3892,135.2714,133.1441,134.0154,2583200
2026-05-05,136.0689,138.0028,135.9094,137.4445,2552100
2026-05-06,139.8669,141.2325,138.4832,141.1428,2293900
2026-05-07,140.5945,140.8438,138.0825,138.8600,2086600
2026-05-08,140.7640,143.3807,140.6743,143.3558,1924600
2026-05-11,144.3825,146.3264,144.1931,145.6087,2327800
2026-05-12,144.1333,144.6617,140.6095,143.9938,2385700
2026-05-13,145.6685,146.4161,143.4595,145.8280,1973300
2026-05-14,145.7731,147.4030,145.2398,147.0541,1697700
2026-05-15,143.8193,144.4124,142.7577,143.0268,2182900
2026-05-18,144.2530,144.2769,139.3485,140.9734,3589900
2026-05-19,139.2488,141.8207,137.6140,140.1859,2168000
2026-05-20,142.0499,143.3458,141.1927,142.8574,1686400
2026-05-21,142.2792,144.6019,142.2693,144.2330,1894400
2026-05-22,145.0504,145.6286,144.2031,144.4822,2004300
2026-05-26,147.1338,149.7137,146.9444,149.3269,2375900
2026-05-27,150.7524,150.9218,147.5824,149.1275,2118600
2026-05-28,149.0577,150.6427,147.7618,149.6559,2634400
2026-05-29,150.6527,151.4282,149.3967,150.1144,1630000
2026-06-01,149.8303,152.6354,149.6708,151.8389,2212300
2026-06-02,152.9554,154.0170,152.0483,153.8326,2125200
2026-06-03,154.6600,155.2481,152.9155,154.6002,2198300
2026-06-04,150.0745,153.5774,149.1275,152.3473,2164700
2026-06-05,148.9082,149.0119,143.5452,143.8243,3640900
2026-06-08,147.6921,148.4796,146.1071,147.4130,2269000
2026-06-09,149.4864,150.5929,141.1029,147.0441,3286800
2026-06-10,145.5190,148.2005,143.0568,143.2262,2378000
2026-06-11,145.0803,150.5331,144.9408,150.1044,2278100
2026-06-12,150.3337,152.8757,149.6459,151.9984,2438100
2026-06-15,156.4992,157.7402,156.1343,157.3415,2467100
2026-06-16,157.6206,158.4430,154.0918,154.1317,2021600
2026-06-17,156.2250,158.0991,154.6401,154.9989,2196500
2026-06-18,159.5345,160.1426,158.5975,159.3950,2446000
2026-06-22,161.6463,162.0357,159.8193,161.3967,2275200
2026-06-23,153.8940,156.5047,153.1102,154.0886,2867100
2026-06-24,154.5878,155.2218,151.0935,153.5395,2574000
2026-06-25,160.1138,160.5840,155.1070,159.3800,2733300
2026-06-26,155.9356,157.1437,153.7592,153.9489,2480900
2026-06-29,154.9872,158.3467,151.5228,158.2718,2893800
2026-06-30,158.6812,161.8859,158.4366,161.2769,2058000
2026-07-01,157.1986,157.9424,154.7276,155.0671,2593700
2026-07-02,155.5862,156.4248,148.7573,150.5844,3356300
2026-07-06,153.0004,154.4281,152.3415,152.7309,2143800
2026-07-07,148.9970,149.6758,146.4361,149.1767,2667600
2026-07-08,147.6641,150.5584,147.6591,150.3248,2488200
2026-07-09,154.4281,154.8823,152.5711,152.8307,1952600
2026-07-10,151.4130,154.0287,150.9088,153.4996,1628400
2026-07-13,150.8639,151.3331,149.0069,149.4861,1704400
2026-07-14,153.2700,153.3499,151.1734,152.6111,1657000
2026-07-15,152.7907,153.0214,146.8105,149.7557,2456700
2026-07-16,147.2798,148.0585,144.2647,145.0434,3541000
2026-07-17,141.8836,146.0218,140.2213,143.6557,2890800
2026-07-20,145.7722,147.2099,144.0251,144.2846,1907500
2026-07-21,148.1683,149.9005,147.0601,149.4562,3124200
2026-07-22,147.5194,151.0037,147.4894,149.8256,1473700
2026-07-23,148.5277,150.8539,148.5277,149.5860,1469100
2026-07-24,148.4279,149.0648,145.4028,146.2714,1762700
2026-07-27,147.3297,147.5553,141.8286,144.5143,2352700
2026-07-28,141.3295,141.6589,138.3244,140.7204,3489900
2026-07-29,141.0499,141.6290,136.0680,136.1479,2883200
2026-07-30,140.7804,143.5858,139.9916,143.1864,2408000
2026-07-31,146.9553,147.5194,142.1431,143.5958,2099700
2026-08-03,142.0283,145.5426,140.9700,145.1133,2213100
2026-08-04,148.3580,151.6726,148.2582,150.9238,3138000
2026-08-05,151.1884,152.9605,149.8556,150.0253,1922600
2026-08-06,148.1633,150.7541,147.1899,148.8572,1861200
2026-08-07,150.5245,150.7241,147.5893,149.4462,1802500
2026-08-10,149.6659,150.3428,148.3480,148.4578,1957200
2026-08-11,149.5460,149.5460,147.8688,148.3181,1077900
2026-08-12,151.2333,151.9122,150.2249,150.9637,1677100
2026-08-13,150.9937,153.7891,150.6842,152.4713,1972900
2026-08-14,153.1402,153.8091,151.9721,153.0603,1274600
2026-08-17,154.2584,155.9157,154.0487,154.9073,2455300
2026-08-18,151.6426,152.3615,149.7377,150.6542,2359600
2026-08-19,151.4230,151.4510,147.7190,148.1084,1962100
2026-08-20,147.7240,149.0868,147.3467,148.0685,1375100
2026-08-21,149.4762,149.5061,147.7090,148.4878,1235000
2026-08-24,147.0401,147.1639,144.6890,145.9020,1925700
2026-08-25,147.4695,148.0864,146.1117,147.1699,1326600
2026-08-26,146.8355,147.5393,146.5609,147.2798,1546200
2026-08-27,148.9470,149.0668,146.8904,148.3580,1543800
2026-08-28,147.9786,148.5577,146.2115,146.5410,1340100
2026-08-31,146.2614,146.9403,145.7223,146.8504,1397500
2026-09-01,145.2630,146.5110,144.5322,145.3030,2032500
2026-09-02,145.4527,146.1915,144.6840,146.1017,1330500
2026-09-03,145.9619,147.2598,144.5542,147.1699,1301400
2026-09-04,147.9586,149.5411,147.6092,149.4762,1466700
2026-09-08,150.7541,151.2533,149.8855,150.2249,1596300
2026-09-09,149.7557,150.7741,149.5460,150.0552,1970100
2026-09-10,148.0485,148.3280,146.9902,147.2897,1893000
2026-09-11,148.8771,149.1068,147.8388,148.0685,1222100
2026-09-14,143.5179,144.6441,143.1994,143.9552,2607600
2026-09-15,144.6341,144.7539,142.9269,143.4560,1385800
2026-09-16,144.8337,145.0833,142.3678,143.4260,1610300
2026-09-17,146.2814,146.7656,145.7722,146.3013,1389800
2026-09-18,147.0551,148.9670,146.9802,148.9670,1614700
2026-09-21,151.0100,152.4800,150.6220,152.1400,2102800
2026-09-23,153.2400,153.3800,151.0400,151.9200,2566900
