date,o,h,l,c,v
2002-07-30,35.5129,35.5781,35.4130,35.4130,6100
2002-07-31,35.5998,35.9691,35.5781,35.8518,29400
2002-08-01,35.8561,36.0646,35.8561,36.0559,25000
2002-08-02,36.1255,36.5338,36.0038,36.4252,52800
2002-08-05,36.5077,36.6815,36.4252,36.5859,61100
2002-08-06,36.4339,36.4469,36.1515,36.2732,64900
2002-08-07,36.3166,36.5512,36.2123,36.3600,40300
2002-08-08,36.3079,36.3904,36.2123,36.3600,40900
2002-08-09,36.4903,36.8726,36.4903,36.8726,35900
2002-08-12,37.0551,37.6633,36.9856,37.0985,32100
2002-08-13,37.2636,37.5634,37.0855,37.5547,75400
2002-08-14,37.9934,38.1845,37.6850,37.6980,130000
2002-08-15,37.5243,37.5764,37.2940,37.3679,87100
2002-08-16,37.5503,37.5851,36.8466,36.9508,85000
2002-08-19,36.9465,37.0725,36.7988,37.0638,47300
2002-08-20,37.1941,37.4851,37.1854,37.4765,40800
2002-08-21,37.2202,37.4026,37.1984,37.2766,40000
2002-08-22,37.1637,37.1637,36.9508,36.9508,34400
2002-08-23,37.0116,37.3374,37.0116,37.3157,20100
2002-08-26,37.2288,37.4504,37.2158,37.3504,23900
2002-08-27,37.0985,37.2202,37.0117,37.1159,301800
2002-08-28,37.3765,37.4374,37.2897,37.3027,18100
2002-08-29,37.6894,37.7328,37.5112,37.6025,135700
2002-08-30,37.6850,37.8500,37.5546,37.8283,78100
2002-09-03,37.9911,38.4099,37.9562,38.4099,102100
2002-09-04,38.4055,38.5233,38.3226,38.4012,66300
2002-09-05,38.6411,38.6760,38.1220,38.6106,648400
2002-09-06,38.3794,38.4753,38.0434,38.1569,140000
2002-09-09,38.1743,38.3182,38.0696,38.1001,83800
2002-09-10,38.0303,38.3924,37.9562,38.2834,336000
2002-09-11,37.9562,38.0870,37.8471,38.0827,177700
2002-09-12,38.1656,38.4536,38.1613,38.3794,43400
2002-09-13,38.5364,38.8025,38.4710,38.7327,155100
2002-09-16,38.9160,38.9247,38.7851,38.7982,73000
2002-09-17,38.6717,38.9683,38.5495,38.8724,75400
2002-09-18,38.8985,39.0730,38.8374,38.8811,196600
2002-09-19,39.1341,39.1647,38.9422,39.1429,109900
2002-09-20,39.0251,39.0556,38.8549,38.9596,113500
2002-09-23,39.2650,39.3697,39.1646,39.3086,163200
2002-09-24,39.3959,39.6751,39.3566,39.5617,251900
2002-09-25,39.3086,39.4221,38.9422,39.0818,127200
2002-09-26,38.8505,39.0599,38.6586,38.9901,429000
2002-09-27,39.0599,39.2824,39.0381,39.2824,298200
2002-09-30,39.5530,39.6577,39.2999,39.4395,297800
2002-10-01,39.0467,39.1080,38.8890,38.9503,257500
2002-10-02,39.0817,39.1868,38.9065,39.1737,91000
2002-10-03,39.1080,39.2000,38.8890,39.0774,29900
2002-10-04,38.7139,39.2919,38.7139,39.2000,131000
2002-10-07,39.3707,39.3970,39.1780,39.2656,433800
2002-10-08,39.1956,39.6423,39.1343,39.2788,530900
2002-10-09,39.5460,39.5810,39.3927,39.4803,402900
2002-10-10,39.4890,39.4890,39.0992,39.1693,97100
2002-10-11,39.0204,39.0730,38.5649,38.7051,421800
2002-10-14,38.7576,38.7795,38.5693,38.6482,18300
2002-10-15,38.1007,38.2321,37.7285,37.7329,297100
2002-10-16,37.9256,37.9256,37.6146,37.7504,125200
2002-10-17,37.2862,37.4701,37.2555,37.2906,233400
2002-10-18,37.2336,37.3957,36.9096,37.3869,459100
2002-10-21,37.4438,37.4876,37.0059,37.0234,134900
2002-10-22,37.1592,37.1592,36.8833,36.9183,205000
2002-10-23,37.1154,37.3125,36.8658,36.9315,127800
2002-10-24,36.8570,37.3344,36.8220,37.2555,339600
2002-10-25,37.3781,37.4701,37.2905,37.3913,146100
2002-10-28,37.4701,37.5051,37.3124,37.3387,97800
2002-10-29,37.5840,38.0526,37.5621,37.8248,125000
2002-10-30,37.8248,37.9606,37.6934,37.8117,31900
2002-10-31,37.6847,38.0394,37.6716,37.9825,512700
2002-11-01,37.9644,38.2416,37.5025,37.8237,125100
2002-11-04,37.6037,37.7225,37.5025,37.6565,342500
2002-11-05,37.6565,37.6565,37.4322,37.5113,73800
2002-11-06,37.4146,37.8897,37.3530,37.6609,118500
2002-11-07,38.2944,38.5935,38.2064,38.5935,147900
2002-11-08,38.8883,38.9982,38.6903,38.9059,294700
2002-11-11,38.9542,39.1170,38.8883,39.1170,70000
2002-11-12,39.2182,39.2182,38.8751,38.8927,494300
2002-11-13,38.9103,39.0158,38.6947,38.9763,104700
2002-11-14,38.5583,38.5583,38.1668,38.1668,118000
2002-11-15,38.0701,38.3736,37.9469,38.3208,110700
2002-11-18,38.2812,38.5496,38.2548,38.4924,32200
2002-11-19,38.6903,38.8135,38.4968,38.6331,51800
2002-11-20,38.8003,38.8091,38.1888,38.2548,307400
2002-11-21,38.0524,38.0524,37.7709,37.8853,323200
2002-11-22,37.9776,38.0040,37.7797,37.8501,184800
2002-11-25,37.8324,37.9996,37.7445,37.7797,288200
2002-11-26,37.9204,38.2812,37.8984,38.2548,377800
2002-11-27,37.9425,37.9776,37.3750,37.3926,325600
2002-11-29,37.4630,37.6697,37.4542,37.6345,31700
2002-12-02,37.2805,37.7401,37.1877,37.6694,284900
2002-12-03,37.8727,37.8727,37.6164,37.7225,113800
2002-12-04,37.9611,38.0053,37.8064,37.9169,129000
2002-12-05,37.6871,38.1290,37.6783,38.0141,206400
2002-12-06,38.4472,38.4870,37.8992,38.0804,440500
2002-12-09,38.0937,38.3809,38.0804,38.2925,400300
2002-12-10,38.2749,38.4163,38.2262,38.3942,151600
2002-12-11,38.5135,38.7345,38.4295,38.6505,163800
2002-12-12,38.4737,38.7123,38.4737,38.6151,135800
2002-12-13,38.5091,38.5179,38.2395,38.2395,425800
2002-12-16,38.4030,38.4030,37.9346,37.9522,115700
2002-12-17,38.1378,38.1599,37.8639,37.9522,290600
2002-12-18,38.2174,38.3102,38.1158,38.2483,191000
2002-12-19,38.3588,38.6637,38.2925,38.5886,134400
2002-12-20,38.5488,38.6947,38.5135,38.6151,41900
2002-12-23,38.6063,38.6240,38.1158,38.6240,74200
2002-12-24,38.8891,38.9245,38.8184,38.8405,46600
2002-12-26,38.8450,38.9157,38.7698,38.9157,13500
2002-12-27,39.1322,39.3443,39.0129,39.3443,140200
2002-12-30,39.2868,39.4371,39.1675,39.4371,274900
2002-12-31,39.5064,39.6752,39.2266,39.3376,109400
2003-01-02,38.9513,39.0401,38.2895,38.3206,192100
2003-01-03,38.2628,38.4360,38.1207,38.4094,311200
2003-01-06,38.2717,38.3250,38.1118,38.3072,35600
2003-01-07,38.2806,38.5293,38.2717,38.4449,69800
2003-01-08,38.5870,38.7025,38.5426,38.6359,160100
2003-01-09,38.2717,38.2717,37.7609,37.8942,237500
2003-01-10,38.1607,38.1607,37.8053,37.9919,145200
2003-01-13,37.9919,38.1385,37.9297,38.0541,53300
2003-01-14,38.1962,38.3205,38.1784,38.1873,98900
2003-01-15,38.3205,38.5071,38.2850,38.3738,129600
2003-01-16,38.3650,38.4627,38.0274,38.4271,57900
2003-01-17,38.6847,38.7469,38.6092,38.6181,97700
2003-01-21,38.5870,38.8402,38.5515,38.8402,107500
2003-01-22,38.9424,39.0401,38.8713,39.0312,107100
2003-01-23,38.7824,38.9512,38.7736,38.8402,110700
2003-01-24,38.9690,39.2799,38.9690,39.0712,285300
2003-01-27,39.0400,39.1022,38.8624,38.9290,150500
2003-01-28,38.9290,38.9867,38.6847,38.9290,454700
2003-01-29,39.0090,39.0312,38.6315,38.7158,221400
2003-01-30,38.7292,39.0401,38.6847,39.0045,108600
2003-01-31,39.0401,39.1777,38.8802,39.1111,182300
2003-02-03,39.0746,39.1815,38.9141,39.1682,55200
2003-02-04,39.3866,39.3999,39.2707,39.3420,56900
2003-02-05,39.3242,39.5337,38.9676,39.0033,223300
2003-02-06,39.1503,39.3375,39.1280,39.3197,120900
2003-02-07,39.1191,39.4534,39.0567,39.4088,247200
2003-02-10,39.2752,39.4000,39.0835,39.1325,76600
2003-02-11,39.0434,39.1815,38.9676,39.1236,259100
2003-02-12,39.1325,39.2796,39.0746,39.2618,121300
2003-02-13,39.3420,39.7476,39.2974,39.4757,440200
2003-02-14,39.3554,39.3866,39.0478,39.1370,829700
2003-02-18,39.0256,39.2128,38.9275,39.1860,213200
2003-02-19,39.3955,39.5337,39.3331,39.4534,62100
2003-02-20,39.3732,39.6228,39.3732,39.5871,486700
2003-02-21,39.4712,39.5426,39.3153,39.3554,250400
2003-02-24,39.6139,39.6228,39.4980,39.5425,168200
2003-02-25,39.8457,39.9571,39.6674,39.7253,358500
2003-02-26,39.8367,40.0016,39.7342,40.0016,334000
2003-02-27,39.8724,40.1086,39.8055,40.0685,695700
2003-02-28,39.9704,40.3537,39.9259,40.3225,213100
2003-03-03,40.2644,40.4657,40.2241,40.3717,204100
2003-03-04,40.3225,40.4657,40.2733,40.3986,83100
2003-03-05,40.5418,40.5462,40.2823,40.5328,126000
2003-03-06,40.5104,40.5686,40.2912,40.3762,166000
2003-03-07,40.5865,40.6178,40.2867,40.5149,263800
2003-03-10,40.6268,40.7252,40.5686,40.7252,147200
2003-03-11,40.7073,40.7834,40.5910,40.6536,82800
2003-03-12,40.6760,40.8728,40.6581,40.8012,454800
2003-03-13,40.3314,40.4388,40.0496,40.0496,830200
2003-03-14,40.2197,40.3181,40.0944,40.2465,590900
2003-03-17,40.4970,40.4970,39.7544,39.7633,724400
2003-03-18,39.7991,39.9065,39.3741,39.3875,415200
2003-03-19,39.3875,39.4009,39.0699,39.0967,398400
2003-03-20,39.2891,39.3472,38.8149,39.0341,206700
2003-03-21,38.8864,38.9446,38.4972,38.4972,843400
2003-03-24,38.9670,39.1907,38.8551,39.1057,373800
2003-03-25,39.2130,39.2891,38.8775,39.0609,606400
2003-03-26,39.0340,39.2130,39.0340,39.1414,309500
2003-03-27,39.2578,39.3114,39.0699,39.1683,191600
2003-03-28,39.3338,39.4054,39.2444,39.2578,253400
2003-03-31,39.5038,39.7857,39.5038,39.7723,643800
2003-04-01,39.7174,39.8926,39.4928,39.6590,289800
2003-04-02,39.3805,39.4029,39.2142,39.2457,312200
2003-04-03,39.2008,39.3490,39.1513,39.2232,245600
2003-04-04,39.1154,39.2232,39.0345,39.1109,184900
2003-04-07,38.7380,39.0255,38.6032,39.0210,485400
2003-04-08,39.1109,39.3535,39.0839,39.3355,194700
2003-04-09,39.2681,39.4748,39.1648,39.4523,102400
2003-04-10,39.4254,39.4703,39.2457,39.2682,53300
2003-04-11,39.0076,39.2322,38.9042,39.2053,450000
2003-04-14,39.1334,39.1379,38.9581,39.0974,207100
2003-04-15,39.2367,39.3265,39.1064,39.3085,128500
2003-04-16,39.3266,39.4928,39.2996,39.4703,97700
2003-04-17,39.6456,39.7174,39.4479,39.5332,106200
2003-04-21,39.3041,39.4614,39.2053,39.4479,148000
2003-04-22,39.6051,39.6545,39.3670,39.4254,299900
2003-04-23,39.4389,39.5422,39.3580,39.5063,42700
2003-04-24,39.7174,39.9825,39.7174,39.8612,199000
2003-04-25,39.8747,40.0320,39.8433,39.9511,529700
2003-04-28,40.0275,40.0275,39.8882,39.8882,80500
2003-04-29,39.7759,39.8837,39.6815,39.8208,177500
2003-04-30,39.8927,40.2206,39.8657,40.1892,293400
2003-05-01,40.2900,40.4706,40.1093,40.2086,231200
2003-05-02,40.2267,40.2312,39.8699,39.8924,231500
2003-05-05,39.8879,40.1409,39.8382,40.1047,77700
2003-05-06,40.1273,40.3803,39.9828,40.3035,260600
2003-05-07,40.6512,40.8003,40.5699,40.7732,306900
2003-05-08,40.9222,41.0577,40.7777,40.8725,437400
2003-05-09,40.7868,40.9313,40.7416,40.9132,110000
2003-05-12,41.1662,41.1887,40.9810,41.1707,364700
2003-05-13,41.0578,41.2701,41.0262,41.2610,227800
2003-05-14,41.4779,41.9973,41.3830,41.8934,1426500
2003-05-15,41.8256,42.2638,41.8256,42.0244,810300
2003-05-16,42.2231,42.3496,41.9837,42.3315,703900
2003-05-19,42.5077,42.5664,42.0650,42.1870,817800
2003-05-20,42.0740,42.8103,42.0605,42.8103,606600
2003-05-21,42.5709,43.2078,42.5122,42.8058,1799600
2003-05-22,42.9548,43.2258,42.8645,43.1852,576200
2003-05-23,43.2575,43.4562,43.1987,43.2936,690600
2003-05-27,43.1897,43.2303,42.5122,42.5122,846400
2003-05-28,42.4128,42.5212,42.1463,42.4399,730500
2003-05-29,42.5935,42.8193,42.4896,42.8103,508300
2003-05-30,42.6613,42.7922,42.4445,42.7290,722200
2003-06-02,42.5830,42.5830,42.2246,42.4151,478600
2003-06-03,42.5285,42.9004,42.5058,42.7553,389400
2003-06-04,42.8460,42.9594,42.6601,42.8823,394100
2003-06-05,43.1817,43.2633,42.5467,42.5467,820900
2003-06-06,42.5013,42.7054,42.3561,42.7009,276800
2003-06-09,42.9549,43.0365,42.7598,42.9866,282200
2003-06-10,43.1273,43.5128,43.1227,43.4992,534800
2003-06-11,43.6580,43.8167,43.4085,43.4448,633600
2003-06-12,43.5944,43.8757,43.5491,43.7849,315400
2003-06-13,43.9664,44.1251,43.8893,44.0798,478400
2003-06-16,44.2249,44.2975,43.6625,43.6625,789300
2003-06-17,43.5309,43.5582,43.2724,43.3178,691600
2003-06-18,43.1181,43.1181,42.7281,42.7644,657600
2003-06-19,42.6192,42.8551,42.4106,42.6827,817700
2003-06-20,42.5920,42.6600,42.1974,42.5239,561700
2003-06-23,42.5558,42.8324,42.4242,42.7780,819900
2003-06-24,42.7054,43.1726,42.6419,43.1726,292900
2003-06-25,43.2815,43.3132,42.3879,42.4831,1002800
2003-06-26,42.2972,42.2972,41.7846,41.9116,1423800
2003-06-27,41.9797,41.9797,41.5261,41.7620,735900
2003-06-30,41.6939,41.9661,41.5851,41.9570,541900
2003-07-01,41.9584,42.1132,41.6669,41.7489,449000
2003-07-02,41.5258,41.9219,41.4848,41.8536,338800
2003-07-03,41.7534,41.7580,41.2526,41.2526,559100
2003-07-07,41.1069,41.2481,40.9885,40.9885,465400
2003-07-08,41.1752,41.1979,40.8109,41.0249,389600
2003-07-09,41.2207,41.2936,41.0295,41.1570,270400
2003-07-10,41.2936,41.3209,41.0340,41.1433,718000
2003-07-11,41.1160,41.3391,41.0750,41.3391,389500
2003-07-14,41.2890,41.3755,40.8109,40.8655,465900
2003-07-15,40.7700,40.9157,39.7956,39.9094,3171100
2003-07-16,39.8001,40.3966,39.6817,40.1371,1205400
2003-07-17,39.7637,40.0869,39.6954,40.0141,1030600
2003-07-18,39.9094,40.0505,39.8137,39.9321,550800
2003-07-21,39.8411,39.8866,38.9987,39.0852,1267600
2003-07-22,39.1444,39.3220,38.9031,39.2765,1576900
2003-07-23,39.5223,39.6362,39.3402,39.4085,1374700
2003-07-24,39.1126,39.1945,38.9532,39.0625,701100
2003-07-25,39.1490,39.4404,38.8849,38.9577,1273500
2003-07-28,38.8121,38.8348,38.4296,38.4341,1268500
2003-07-29,38.3294,38.8621,37.9105,37.9105,2139300
2003-07-30,38.1291,38.5753,38.0517,38.3385,1963400
2003-07-31,38.1063,38.1154,37.4415,37.7693,4706400
2003-08-01,37.5534,37.8691,37.4986,37.7410,3061200
2003-08-04,37.7272,38.0657,37.6678,38.0657,1858700
2003-08-05,38.0612,38.0978,37.4162,37.5214,2413000
2003-08-06,37.7364,38.3173,37.6770,38.2625,2549700
2003-08-07,38.3311,38.4454,38.0292,38.4226,1796400
2003-08-08,38.5780,38.7839,38.2624,38.2670,2399100
2003-08-11,38.2167,38.2258,37.9239,38.0749,1355000
2003-08-12,38.1572,38.2624,37.8736,37.8965,1534200
2003-08-13,37.5992,37.6678,37.1372,37.1647,2258100
2003-08-14,37.2516,37.5534,37.0091,37.5306,1612300
2003-08-15,37.5992,37.7364,37.4620,37.5077,515100
2003-08-18,37.6450,37.7822,37.5123,37.6816,655300
2003-08-19,37.7593,38.2625,37.7364,38.2625,1086500
2003-08-20,38.3448,38.3631,37.8462,38.0566,503600
2003-08-21,37.9926,38.1710,37.6998,37.9651,783600
2003-08-22,37.9423,38.3539,37.9194,38.1344,413200
2003-08-25,38.1115,38.2121,37.6221,37.8370,648200
2003-08-26,37.7136,38.1344,37.6541,38.1344,837200
2003-08-27,38.0886,38.0886,37.7867,37.9605,409100
2003-08-28,38.0703,38.4134,38.0703,38.3539,557200
2003-08-29,38.3951,38.4180,38.1389,38.2625,651100
2003-09-02,38.4241,38.4333,37.6936,37.7028,868700
2003-09-03,37.8958,37.8958,37.6201,37.7626,639900
2003-09-04,37.9004,38.0015,37.7488,37.9739,562900
2003-09-05,38.3185,38.6355,38.2128,38.6263,838000
2003-09-08,38.4242,38.8009,38.2266,38.2266,621100
2003-09-09,38.3736,38.5666,38.0980,38.5023,599900
2003-09-10,38.5482,38.9158,38.5114,38.8928,1285900
2003-09-11,38.7136,38.7688,38.5023,38.6401,859500
2003-09-12,39.0628,39.2282,38.8009,38.9066,1375300
2003-09-15,38.8239,39.0031,38.6447,38.8469,367100
2003-09-16,38.7642,38.8239,38.5482,38.7871,655200
2003-09-17,38.9250,39.3109,38.8147,39.2695,1223900
2003-09-18,39.3523,39.3523,38.9755,39.2971,615000
2003-09-19,39.3522,39.5268,39.2787,39.3431,869300
2003-09-22,39.0536,39.1363,38.6998,39.0306,1126400
2003-09-23,38.9985,39.3017,38.8882,39.2971,632100
2003-09-24,39.3017,39.7382,39.2098,39.6371,1005300
2003-09-25,39.6509,39.8439,39.5820,39.8347,846800
2003-09-26,39.9450,40.1977,39.8898,40.1931,1869700
2003-09-29,39.9817,40.1793,39.8163,39.8714,743000
2003-09-30,39.9725,40.5468,39.9541,40.5331,1623900
2003-10-01,40.3702,40.5686,40.3010,40.3794,931900
2003-10-02,40.0657,40.3471,39.8627,40.1949,1194100
2003-10-03,39.7012,39.7704,39.2629,39.3506,1451200
2003-10-06,39.2721,39.5813,39.2537,39.5213,507200
2003-10-07,39.4244,39.4798,39.0461,39.0645,594200
2003-10-08,38.9630,39.2075,38.9168,39.0553,811800
2003-10-09,38.7185,38.8154,38.5939,38.7785,1385600
2003-10-10,38.9860,39.0922,38.8938,39.0091,256600
2003-10-13,38.9168,38.9860,38.8568,38.8568,116300
2003-10-14,38.6401,38.8015,38.5478,38.5893,337100
2003-10-15,38.3678,38.4324,38.2248,38.4001,465600
2003-10-16,38.5155,38.6493,38.1787,38.2479,564900
2003-10-17,38.3309,38.6124,38.2986,38.5432,354500
2003-10-20,38.5016,38.8246,38.4878,38.6723,281600
2003-10-21,38.7692,38.9307,38.6862,38.8153,429700
2003-10-22,39.0322,39.2167,38.9399,39.1937,798000
2003-10-23,39.2168,39.2168,38.7646,38.9076,1055600
2003-10-24,39.2167,39.4936,39.0599,39.3413,1412200
2003-10-27,39.2860,39.3690,39.1245,39.2629,346900
2003-10-28,39.1475,39.5351,39.0183,39.4705,2200300
2003-10-29,39.3459,39.3782,39.0368,39.1153,926600
2003-10-30,38.7554,39.0092,38.6631,38.9399,936300
2003-10-31,39.0922,39.3182,38.6354,39.3044,887400
2003-11-03,39.1738,39.1830,38.9329,39.1182,957700
2003-11-04,39.2155,39.3637,39.1877,39.3405,246500
2003-11-05,39.2943,39.2943,39.0348,39.0719,275100
2003-11-06,38.8078,38.8773,38.6827,38.7059,861600
2003-11-07,38.5067,38.7244,38.4743,38.6827,725700
2003-11-10,38.7291,38.8402,38.5437,38.6503,553900
2003-11-11,38.6596,38.6827,38.6179,38.6549,99900
2003-11-12,38.8495,38.9838,38.8170,38.9375,321400
2003-11-13,39.1923,39.5490,39.1645,39.5398,920400
2003-11-14,39.5166,39.8223,39.4702,39.8038,484800
2003-11-17,39.9057,40.1142,39.8177,39.8641,695000
2003-11-18,39.8270,40.1235,39.7390,40.1096,632200
2003-11-19,40.0355,40.1281,39.6370,39.6648,553900
2003-11-20,39.9567,40.0679,39.7482,40.0494,373300
2003-11-21,40.1096,40.2717,40.0725,40.0725,516900
2003-11-24,39.9243,39.9845,39.7251,39.7436,573800
2003-11-25,39.8177,40.0818,39.8177,39.9613,298700
2003-11-26,39.8872,40.0262,39.5305,39.7992,613800
2003-11-28,39.5398,39.5630,39.4379,39.4379,311300
2003-12-01,39.2926,39.3717,39.0133,39.2181,1106600
2003-12-02,39.2926,39.3857,39.1064,39.3857,589100
2003-12-03,39.3438,39.4695,39.0831,39.2274,1446100
2003-12-04,39.2274,39.4183,39.1948,39.3159,561500
2003-12-05,39.7116,40.1445,39.6278,39.9444,1163800
2003-12-08,39.9351,39.9351,39.6138,39.6651,436200
2003-12-09,39.7814,39.8978,39.2740,39.3857,939200
2003-12-10,39.6045,39.6185,39.3624,39.4509,555700
2003-12-11,39.3438,39.7488,39.2786,39.7349,510500
2003-12-12,39.7674,39.9816,39.7674,39.8093,553100
2003-12-15,39.8047,39.9816,39.6557,39.7861,690000
2003-12-16,39.7581,39.9723,39.6976,39.9164,462800
2003-12-17,40.1445,40.3401,40.1306,40.1864,533100
2003-12-18,40.1771,40.5496,40.1771,40.5496,708100
2003-12-19,40.4890,40.5356,40.3214,40.5356,477600
2003-12-22,40.5589,40.6613,40.3401,40.4239,483700
2003-12-23,40.2842,40.3634,39.9676,39.9676,446600
2003-12-24,40.2097,40.3447,40.1166,40.3447,138900
2003-12-26,40.4565,40.5217,40.4565,40.4937,80500
2003-12-29,40.3634,40.3960,40.1166,40.1306,187800
2003-12-30,39.9444,40.1026,39.8512,39.9676,393900
2003-12-31,39.9302,40.0238,39.8975,39.9676,171400
2004-01-02,39.7993,39.7993,39.3269,39.4952,867100
2004-01-05,39.2941,39.4672,39.2426,39.3923,626400
2004-01-06,39.5420,39.9396,39.5233,39.8273,690500
2004-01-07,39.8040,40.0846,39.7057,39.9864,252000
2004-01-08,39.8975,40.0565,39.8414,39.9723,513300
2004-01-09,40.6365,40.7254,40.2296,40.6692,1623000
2004-01-12,40.5055,40.8704,40.5055,40.6365,863200
2004-01-13,40.5430,40.9125,40.4868,40.9125,465700
2004-01-14,40.9218,41.1229,40.7628,41.1136,1180300
2004-01-15,41.1370,41.3054,40.9733,41.2680,1537200
2004-01-16,41.4785,41.5346,40.9780,40.9780,751800
2004-01-20,40.9265,41.1276,40.9265,40.9686,629600
2004-01-21,41.0434,41.0715,40.8984,41.0668,570500
2004-01-22,41.1370,41.3849,41.0247,41.3662,443600
2004-01-23,41.4223,41.5813,40.8142,40.8704,1021300
2004-01-26,40.8329,40.8610,40.5383,40.6225,639500
2004-01-27,40.5664,40.8797,40.5664,40.8751,576100
2004-01-28,40.8096,41.0903,40.1595,40.5149,1823800
2004-01-29,40.3278,40.4962,40.2342,40.4307,814500
2004-01-30,40.6459,40.7955,40.5055,40.7113,526200
2004-02-02,40.6024,40.8043,40.5695,40.6259,335600
2004-02-03,40.8231,40.8560,40.6728,40.8325,350900
2004-02-04,40.7621,40.7950,40.6165,40.7527,645700
2004-02-05,40.7855,40.8982,40.5037,40.5929,971400
2004-02-06,40.9264,41.0720,40.8748,41.0392,798200
2004-02-09,41.1237,41.1613,41.0439,41.1613,272400
2004-02-10,41.0861,41.1190,40.8795,40.9312,203200
2004-02-11,40.8701,41.4243,40.8184,41.2364,1335100
2004-02-12,41.2599,41.3304,40.9828,41.0627,256700
2004-02-13,41.2364,41.3773,41.1284,41.2364,513600
2004-02-17,41.2646,41.2787,41.1096,41.2082,644100
2004-02-18,41.3774,41.4149,41.1848,41.2646,990900
2004-02-19,41.1096,41.3069,41.0814,41.3069,668900
2004-02-20,41.2130,41.2505,40.9546,41.0204,1009800
2004-02-23,41.0439,41.2740,41.0110,41.2740,504000
2004-02-24,41.3538,41.5135,41.2646,41.3491,940900
2004-02-25,41.4337,41.4994,41.3444,41.4149,572300
2004-02-26,41.2599,41.3116,41.1143,41.2834,399100
2004-02-27,41.4336,41.6967,41.3115,41.6403,836000
2004-03-01,41.7139,41.7988,41.5159,41.6243,771900
2004-03-02,41.5536,41.5913,41.2141,41.3602,676000
2004-03-03,41.2093,41.3272,41.0773,41.2848,718000
2004-03-04,41.2140,41.4734,41.1857,41.4687,421600
2004-03-05,42.3316,42.4401,42.2137,42.2703,2789800
2004-03-08,42.4684,42.5910,42.4401,42.5203,1309400
2004-03-09,42.5580,42.8409,42.5297,42.8032,829000
2004-03-10,42.6853,42.8786,42.6664,42.7749,878900
2004-03-11,42.9352,42.9352,42.5108,42.8362,1337100
2004-03-12,42.7277,42.8220,42.5438,42.5721,442100
2004-03-15,42.6381,42.7419,42.5485,42.6429,756200
2004-03-16,42.5768,42.9965,42.4637,42.9965,1374200
2004-03-17,43.1333,43.1380,42.8645,42.9258,1936500
2004-03-18,42.7749,42.9399,42.6287,42.6994,1842100
2004-03-19,42.6617,42.7230,42.5391,42.6429,366700
2004-03-22,42.7183,42.9022,42.7183,42.9022,947200
2004-03-23,42.8598,42.9777,42.7938,42.9777,562200
2004-03-24,42.9871,43.0201,42.8739,42.9541,327400
2004-03-25,42.7796,42.8833,42.7466,42.7890,514000
2004-03-26,42.6664,42.7230,42.2515,42.3364,1378600
2004-03-29,41.9921,42.0770,41.9214,42.0534,2454000
2004-03-30,42.1100,42.1713,42.0016,42.0251,1021000
2004-03-31,42.0864,42.2656,42.0675,42.2279,1647300
2004-04-01,42.1228,42.1607,41.9192,42.0896,1309200
2004-04-02,41.2470,41.2470,40.9061,41.0481,2603700
2004-04-05,40.8636,40.8967,40.6695,40.7263,1422700
2004-04-06,40.9014,40.9488,40.8068,40.9488,1695400
2004-04-07,40.8541,41.0908,40.8304,40.8541,659600
2004-04-08,40.7925,40.9109,40.7026,40.7357,893700
2004-04-12,40.6221,40.6505,40.5227,40.5890,311700
2004-04-13,40.2055,40.2907,40.1298,40.1487,1449500
2004-04-14,39.7558,40.1251,39.7558,40.1156,2529200
2004-04-15,40.0824,40.1440,39.8505,39.8789,1184800
2004-04-16,40.0872,40.1771,39.9594,40.0304,986900
2004-04-19,40.1677,40.1961,39.9073,39.9452,682100
2004-04-20,39.8931,39.9688,39.5806,39.5806,1618700
2004-04-21,39.6327,39.9168,39.6327,39.7748,763600
2004-04-22,39.8836,40.0446,39.8316,40.0114,1024300
2004-04-23,39.8173,39.9262,39.6469,39.7842,963200
2004-04-26,39.8079,39.9026,39.7937,39.8505,515800
2004-04-27,39.9546,40.0256,39.8031,40.0020,1033400
2004-04-28,39.9073,39.9688,39.5806,39.6280,1215700
2004-04-29,39.6469,39.8505,39.2966,39.4339,2504900
2004-04-30,39.4954,39.6706,39.4197,39.5948,831500
2004-05-03,39.4927,39.7161,39.4927,39.6448,668800
2004-05-04,39.7446,39.8729,39.2978,39.3739,3950900
2004-05-05,39.5687,39.5687,39.2075,39.2645,2236600
2004-05-06,39.2360,39.2788,39.1458,39.1600,3163200
2004-05-07,38.7085,38.7323,38.5422,38.6468,1756400
2004-05-10,38.7228,38.7846,38.5470,38.5565,958700
2004-05-11,38.5469,38.7418,38.5469,38.7323,766000
2004-05-12,38.6848,38.7038,38.4661,38.4756,1945700
2004-05-13,38.4424,38.4567,38.2618,38.3283,1187000
2004-05-14,38.5137,38.6800,38.3663,38.6420,4086400
2004-05-17,38.9082,39.0032,38.8179,38.9842,1735600
2004-05-18,38.8273,38.9271,38.7656,38.8321,674200
2004-05-19,38.6848,38.7085,38.5659,38.7038,319200
2004-05-20,38.8463,39.0174,38.7893,39.0032,1745900
2004-05-21,39.1458,39.1505,38.7751,38.8464,1461900
2004-05-24,38.9366,39.0079,38.8178,38.9699,314800
2004-05-25,38.9842,39.1220,38.9747,39.0840,645300
2004-05-26,39.1600,39.3169,39.1220,39.2931,505500
2004-05-27,39.4594,39.6352,39.3644,39.6020,1122800
2004-05-28,39.4547,39.6828,39.3263,39.4927,612700
2004-06-01,39.2980,39.3123,38.9784,39.1310,662000
2004-06-02,39.1310,39.1835,39.0070,39.0308,906600
2004-06-03,39.0261,39.1453,38.9259,39.1119,1173600
2004-06-04,39.1406,39.1835,38.8543,38.8830,568200
2004-06-07,38.8448,38.9259,38.7493,38.8925,377200
2004-06-08,38.7398,38.9689,38.6826,38.9641,1294200
2004-06-09,38.8591,38.8925,38.6444,38.7971,589400
2004-06-10,38.8161,38.9306,38.7160,38.8734,336200
2004-06-14,38.7398,38.7684,38.5299,38.5633,892200
2004-06-15,39.0309,39.4173,39.0309,39.3791,1567400
2004-06-16,39.1453,39.2837,39.1167,39.2264,494700
2004-06-17,39.1645,39.4889,39.1072,39.4841,552800
2004-06-18,39.4841,39.5270,39.2980,39.3982,394500
2004-06-21,39.4221,39.4793,39.3553,39.4269,731900
2004-06-22,39.3266,39.4030,39.2932,39.3075,362700
2004-06-23,39.2599,39.4460,39.2074,39.3839,302900
2004-06-24,39.7226,39.7608,39.5509,39.6225,1087900
2004-06-25,39.5604,39.6701,39.5365,39.6606,253200
2004-06-28,39.4936,39.5366,39.2074,39.2551,573100
2004-06-29,39.3124,39.5223,39.2026,39.5032,401500
2004-06-30,39.6129,39.9564,39.5557,39.9087,1730800
2004-07-01,39.9260,40.0266,39.7248,39.9834,1099300
2004-07-02,40.5535,40.5678,40.3619,40.4050,1293300
2004-07-06,40.5104,40.5200,40.3044,40.3379,351600
2004-07-07,40.3331,40.4385,40.2996,40.3523,303500
2004-07-08,40.3810,40.4960,40.3475,40.3762,715200
2004-07-09,40.3571,40.4385,40.2804,40.4194,2152900
2004-07-12,40.5295,40.5535,40.4481,40.4768,1297800
2004-07-13,40.3331,40.3667,40.2134,40.3571,307100
2004-07-14,40.3906,40.4145,40.3092,40.3714,241400
2004-07-15,40.3762,40.4193,40.3187,40.4145,562700
2004-07-16,40.6445,40.9558,40.6445,40.9510,2970600
2004-07-19,40.9127,40.9893,40.8888,40.9798,978300
2004-07-20,40.8648,40.8984,40.5247,40.6109,1091500
2004-07-21,40.4337,40.5055,40.3283,40.5008,662800
2004-07-22,40.5151,40.6445,40.5151,40.5582,154700
2004-07-23,40.6110,40.7020,40.6110,40.6924,209200
2004-07-26,40.6397,40.6397,40.4576,40.5008,712000
2004-07-27,40.4289,40.4624,39.9547,39.9547,961200
2004-07-28,39.8637,40.0122,39.7775,39.9595,495200
2004-07-29,39.8876,40.0697,39.8876,40.0505,519600
2004-07-30,40.2708,40.5391,40.2373,40.5199,578400
2004-08-02,40.6353,40.6882,40.5488,40.5728,714800
2004-08-03,40.6305,40.7941,40.5873,40.7363,509500
2004-08-04,40.7219,40.9335,40.6353,40.7555,481300
2004-08-05,40.8181,40.9191,40.8085,40.8710,623100
2004-08-06,41.5539,41.7703,41.4144,41.5587,1240900
2004-08-09,41.4288,41.5202,41.3904,41.4144,322100
2004-08-10,41.4817,41.5683,41.2653,41.2653,860100
2004-08-11,41.2701,41.4865,41.2268,41.4432,898400
2004-08-12,41.3566,41.5298,41.3038,41.5298,697500
2004-08-13,41.6789,41.7895,41.6068,41.6645,637500
2004-08-16,41.5827,41.6116,41.3663,41.5202,729400
2004-08-17,41.5490,41.7654,41.5298,41.7558,182000
2004-08-18,41.8520,41.8664,41.5490,41.5538,365300
2004-08-19,41.5971,41.7174,41.5202,41.6548,372900
2004-08-20,41.6356,41.7174,41.5491,41.6164,875400
2004-08-23,41.4096,41.4384,41.3422,41.3759,1007200
2004-08-24,41.3326,41.4240,41.2461,41.4000,1044200
2004-08-25,41.5106,41.6644,41.4769,41.5442,588200
2004-08-26,41.6260,41.7799,41.5683,41.7799,478000
2004-08-27,41.7558,41.8520,41.6645,41.7510,304400
2004-08-30,41.8376,41.9482,41.7991,41.9482,259100
2004-08-31,41.9819,42.3185,41.9530,42.2079,1721100
2004-09-01,42.3430,42.3430,42.0775,42.2513,1388900
2004-09-02,42.1837,42.1837,41.8361,41.8361,867000
2004-09-03,41.7492,41.8409,41.5223,41.8409,958100
2004-09-07,41.6381,41.8023,41.6140,41.7975,475500
2004-09-08,41.6478,42.1596,41.6092,42.1499,584800
2004-09-09,42.1113,42.2851,41.9375,41.9906,284800
2004-09-10,42.1886,42.2610,42.0341,42.0534,711700
2004-09-13,42.1016,42.2609,42.0630,42.2368,152900
2004-09-14,42.1789,42.3334,42.0919,42.2802,695700
2004-09-15,42.2465,42.2465,42.0920,42.1837,642500
2004-09-16,42.2754,42.7196,42.2464,42.6617,1103400
2004-09-17,42.5507,42.6762,42.4348,42.4493,765400
2004-09-20,42.6134,42.7631,42.5796,42.7293,727200
2004-09-21,42.6617,42.9321,42.5362,42.8548,1018500
2004-09-22,42.8742,43.3618,42.8017,43.2990,2541200
2004-09-23,43.2942,43.3956,43.1252,43.1252,2391000
2004-09-24,43.1397,43.2073,43.0190,43.1783,1984300
2004-09-27,43.2604,43.4004,43.2459,43.3666,1420800
2004-09-28,43.2990,43.4294,43.0769,43.1928,1161100
2004-09-29,42.8258,42.9079,42.7582,42.7727,1970700
2004-09-30,42.5555,42.6665,42.4686,42.6086,1945700
2004-10-01,42.4200,42.4830,42.3182,42.3957,1999300
2004-10-04,42.1776,42.4685,42.1776,42.4588,1106200
2004-10-05,42.4345,42.5170,42.3812,42.4588,501700
2004-10-06,42.3958,42.4055,42.1873,42.2649,531300
2004-10-07,42.1776,42.2649,42.0516,42.0806,2128600
2004-10-08,42.6479,42.7642,42.5412,42.6382,1534500
2004-10-11,42.6382,42.7109,42.5315,42.6818,60800
2004-10-12,42.8272,42.8515,42.7400,42.7788,757900
2004-10-13,42.6624,42.9339,42.6382,42.9339,648000
2004-10-14,42.9048,43.1521,42.8612,43.1375,717100
2004-10-15,43.0551,43.1424,42.7497,42.9872,746400
2004-10-18,42.9775,43.0454,42.8418,43.0066,613600
2004-10-19,42.8224,43.1424,42.7933,43.1181,505400
2004-10-20,43.2732,43.4429,43.2441,43.4138,1127100
2004-10-21,43.3605,43.5835,43.3605,43.4429,1649200
2004-10-22,43.3896,43.5447,43.3266,43.5447,491500
2004-10-25,43.6659,43.6756,43.5350,43.5787,246800
2004-10-26,43.6078,43.6369,43.4478,43.4478,503700
2004-10-27,43.5690,43.6563,43.0115,43.0212,2351800
2004-10-28,43.0211,43.2248,42.9145,43.1617,839200
2004-10-29,43.2005,43.3848,43.1084,43.3605,1169300
2004-11-01,43.2028,43.3245,43.0324,43.0908,923500
2004-11-02,43.0714,43.1931,42.9886,43.1541,709300
2004-11-03,42.8523,43.2028,42.8377,43.1736,1066600
2004-11-04,43.2563,43.3732,43.2028,43.2174,2285100
2004-11-05,42.7111,42.8036,42.6040,42.7452,1838000
2004-11-08,42.5943,42.6430,42.5456,42.5943,454100
2004-11-09,42.5456,42.7062,42.5456,42.5699,373000
2004-11-10,42.5018,42.5797,42.3071,42.4093,1303400
2004-11-11,42.5700,42.5700,42.3168,42.3168,309700
2004-11-12,42.5164,42.8912,42.5115,42.7744,1125900
2004-11-15,42.8133,42.8377,42.7111,42.8133,763200
2004-11-16,42.7452,42.8133,42.6916,42.8133,520900
2004-11-17,42.7842,43.2077,42.7842,43.1785,1249400
2004-11-18,43.1054,43.3537,43.0373,43.3099,891500
2004-11-19,43.2758,43.3391,42.8815,42.9643,1244500
2004-11-22,43.0081,43.2612,42.9837,43.1882,511500
2004-11-23,43.0811,43.4219,43.0714,43.2417,746300
2004-11-24,43.2807,43.2807,43.1931,43.2417,309700
2004-11-26,42.9789,43.0032,42.9497,42.9594,697100
2004-11-29,42.5797,42.6430,42.4337,42.5018,1546400
2004-11-30,42.3217,42.4288,42.1708,42.3217,1754500
2004-12-01,42.3779,42.4024,42.1238,42.2557,2489800
2004-12-02,42.1189,42.1824,42.0407,42.0847,2881500
2004-12-03,42.5979,42.8472,42.4903,42.7396,2233700
2004-12-06,42.7641,42.9400,42.7445,42.8862,1314100
2004-12-07,42.8862,42.9596,42.7689,42.9400,784300
2004-12-08,43.2137,43.6097,43.1893,43.6097,2639700
2004-12-09,43.4973,43.6341,43.2920,43.3213,1428900
2004-12-10,43.4777,43.5266,43.3408,43.4288,1445000
2004-12-13,43.4142,43.6439,43.4044,43.5217,677400
2004-12-14,43.3750,43.7172,43.3555,43.6927,1568200
2004-12-15,43.9665,44.1131,43.9127,44.0887,2511500
2004-12-16,43.9372,43.9372,43.4288,43.4386,1998200
2004-12-17,43.2479,43.4435,43.2235,43.3799,1319800
2004-12-20,43.4386,43.5510,43.4141,43.4581,230500
2004-12-21,43.5315,43.6194,43.4533,43.5901,245200
2004-12-22,43.6048,43.6048,43.3555,43.4435,511600
2004-12-23,43.3750,43.3995,43.2919,43.3017,738600
2004-12-27,43.1747,43.1942,42.8667,42.9645,1322600
2004-12-28,42.9449,42.9694,42.7201,42.9303,1253500
2004-12-29,42.9498,43.0133,42.8032,42.8862,567500
2004-12-30,42.9156,43.2333,42.8863,43.1747,626400
2004-12-31,43.3586,43.4960,43.3243,43.4470,1056400
2005-01-03,43.2654,43.5892,43.2556,43.5402,1168000
2005-01-04,43.5304,43.5451,43.0839,43.0839,1935400
2005-01-05,43.1722,43.4470,43.1477,43.3145,1094100
2005-01-06,43.3194,43.4421,43.2851,43.3439,1057400
2005-01-07,43.5500,43.6040,43.3488,43.4420,738700
2005-01-10,43.4911,43.5304,43.4077,43.5107,379400
2005-01-11,43.6187,43.8051,43.5402,43.7659,844100
2005-01-12,43.6039,43.8836,43.5696,43.8247,722000
2005-01-13,44.0357,44.2467,44.0259,44.2467,1876700
2005-01-14,44.1093,44.3546,44.0652,44.2418,1043800
2005-01-18,44.0603,44.3988,44.0259,44.3890,1251600
2005-01-19,44.5509,44.5705,44.2909,44.5166,655800
2005-01-20,44.3644,44.6588,44.3301,44.6049,1064200
2005-01-21,44.4528,44.6736,44.4135,44.6539,606300
2005-01-24,44.6932,44.8944,44.6491,44.8453,561400
2005-01-25,44.8257,44.8453,44.4086,44.4233,1942200
2005-01-26,44.5755,44.6098,44.4675,44.5068,709800
2005-01-27,44.4135,44.5018,44.3252,44.4233,463900
2005-01-28,44.7570,44.9434,44.7325,44.8699,1128000
2005-01-31,44.8109,45.0170,44.7913,44.9974,1313900
2005-02-01,45.0343,45.0639,44.8423,44.9260,948200
2005-02-02,44.9161,45.0442,44.8619,45.0294,760300
2005-02-03,44.8471,45.0343,44.8471,45.0047,505800
2005-02-04,45.5416,45.7731,45.5367,45.6303,3483900
2005-02-07,45.6746,46.0095,45.6549,45.9701,1064600
2005-02-08,45.9848,46.3542,45.9651,46.2311,1383800
2005-02-09,46.0193,46.4133,45.9898,46.3542,2125800
2005-02-10,46.0440,46.1376,45.6796,45.7288,1240000
2005-02-11,45.5367,45.7928,45.5071,45.6992,1275200
2005-02-14,45.7534,45.9060,45.6696,45.8420,295000
2005-02-15,45.6057,45.7337,45.5909,45.6106,900200
2005-02-16,45.5613,45.5909,45.2117,45.4382,1189700
2005-02-17,45.1919,45.3791,45.1131,45.1525,1146400
2005-02-18,44.5960,44.7930,44.5517,44.7487,2655800
2005-02-22,44.6354,44.6945,44.5221,44.5517,914600
2005-02-23,44.8866,44.9014,44.5369,44.6994,1115000
2005-02-24,44.8964,44.9802,44.6009,44.6009,798500
2005-02-25,44.7634,44.8866,44.6305,44.8176,588800
2005-02-28,44.8669,44.8669,44.2710,44.3350,2797300
2005-03-01,44.2372,44.3953,44.1927,44.3212,1648500
2005-03-02,44.1927,44.3261,44.1779,44.2619,1139300
2005-03-03,44.2767,44.3656,44.1927,44.2371,1600600
2005-03-04,44.4595,44.7954,44.4002,44.7164,1567000
2005-03-07,44.8844,44.9536,44.8350,44.8943,889800
2005-03-08,44.5286,44.5978,44.4348,44.4694,680400
2005-03-09,44.0593,44.1680,43.6937,43.7431,2549600
2005-03-10,43.8419,44.1334,43.6690,44.0099,1357700
2005-03-11,43.7975,43.9061,43.6739,43.6888,1017900
2005-03-14,43.6591,43.9704,43.6246,43.9506,805000
2005-03-15,44.1137,44.1186,43.6740,43.6740,963900
2005-03-16,43.7431,44.1482,43.7431,43.9407,2097800
2005-03-17,44.1433,44.2569,44.0297,44.0840,1025300
2005-03-18,43.9210,43.9605,43.8074,43.8074,722700
2005-03-21,43.8074,43.8074,43.6641,43.6838,893100
2005-03-22,43.9407,43.9951,43.2490,43.3133,2544900
2005-03-23,43.2441,43.5554,43.2441,43.5208,1951700
2005-03-24,43.6344,43.7036,43.5653,43.6097,746800
2005-03-28,43.4714,43.4764,43.3380,43.3430,382200
2005-03-29,43.5159,43.6147,43.4714,43.5998,1135000
2005-03-30,43.5752,43.8469,43.5554,43.8172,1095600
2005-03-31,44.0692,44.1631,43.9012,44.1334,2410900
2005-04-01,44.3962,44.4607,43.8855,44.2822,2805300
2005-04-04,44.2723,44.4607,44.2177,44.2723,754800
2005-04-05,44.2524,44.3119,44.0987,44.1582,733300
2005-04-06,44.3367,44.3516,44.2326,44.3120,402800
2005-04-07,44.2822,44.4210,43.9400,43.9549,973000
2005-04-08,43.9152,44.1334,43.8061,44.1086,438600
2005-04-11,44.1185,44.4409,44.1037,44.3467,1460200
2005-04-12,44.2475,44.8277,44.1930,44.7583,1931500
2005-04-13,44.8029,44.8475,44.5301,44.6491,1001700
2005-04-14,44.6690,44.6888,44.4607,44.5797,1461800
2005-04-15,44.8971,45.1847,44.7384,45.1698,2807300
2005-04-18,45.3087,45.3186,45.0954,45.1351,3510800
2005-04-19,45.2938,45.6409,45.2839,45.5715,1733600
2005-04-20,45.2343,45.5070,45.2144,45.4574,1617900
2005-04-21,45.2739,45.3334,44.9764,44.9814,1288500
2005-04-22,45.2591,45.4128,45.1698,45.3582,876300
2005-04-25,45.4525,45.5318,45.3781,45.4922,818300
2005-04-26,45.6161,45.6458,45.2938,45.4227,549300
2005-04-27,45.6458,45.7202,45.5219,45.5814,684900
2005-04-28,45.6459,45.9434,45.5963,45.9186,1062000
2005-04-29,45.9037,46.0872,45.7301,45.8392,1445100
2005-05-02,45.8592,45.9139,45.6402,45.8293,1358200
2005-05-03,45.8194,46.0533,45.7447,45.9537,1884900
2005-05-04,45.5108,45.6452,45.3117,45.5506,2211500
2005-05-05,45.4362,45.7049,45.3914,45.6551,1757900
2005-05-06,45.2520,45.3864,45.1923,45.3167,850600
2005-05-09,45.2918,45.4063,45.2869,45.3615,327800
2005-05-10,45.4660,45.6850,45.4561,45.6850,495500
2005-05-11,45.8542,46.0433,45.7795,45.8243,1058700
2005-05-12,45.7845,46.0184,45.6452,46.0035,657000
2005-05-13,46.1379,46.2921,46.0682,46.1827,1698100
2005-05-16,46.3021,46.3170,46.1229,46.1279,824800
2005-05-17,46.2623,46.3767,46.2324,46.2573,856300
2005-05-18,46.6305,46.6803,46.4513,46.5658,1092300
2005-05-19,46.6305,46.6305,46.4215,46.4464,948800
2005-05-20,46.4066,46.5360,46.3867,46.5011,806800
2005-05-23,46.5807,46.8943,46.5658,46.8644,905600
2005-05-24,47.0435,47.1033,46.8694,46.9938,1695400
2005-05-25,47.0735,47.1033,46.6455,46.6654,1923300
2005-05-26,46.5758,46.8146,46.5758,46.6504,978300
2005-05-27,46.6504,46.7699,46.5509,46.7002,650600
2005-05-31,46.8893,47.3024,46.8893,47.2775,1979000
2005-06-01,47.5517,47.8714,47.5467,47.8564,3823200
2005-06-02,47.8164,48.0462,47.8164,47.9713,1703400
2005-06-03,48.4008,48.4508,47.5517,47.5766,5558100
2005-06-06,47.7016,47.8914,47.6266,47.8264,1088700
2005-06-07,48.1861,48.2410,47.9763,48.2061,1503100
2005-06-08,48.1062,48.1761,47.9763,47.9763,1272400
2005-06-09,47.7865,47.9563,47.6666,47.9363,612700
2005-06-10,47.7265,47.7265,47.3819,47.3969,1464800
2005-06-13,47.1921,47.2171,47.0372,47.1122,1616700
2005-06-14,46.9773,47.0322,46.7375,46.8025,1984500
2005-06-15,46.6476,46.8874,46.6176,46.8874,1996800
2005-06-16,46.8524,47.1621,46.7375,47.1221,1370300
2005-06-17,47.0072,47.1870,46.9623,47.1171,555900
2005-06-20,46.8624,47.0522,46.7525,47.0372,453000
2005-06-21,47.1421,47.3819,47.1122,47.3819,503100
2005-06-22,47.6966,47.9963,47.5817,47.9563,952200
2005-06-23,47.8514,47.9413,47.7215,47.9063,996300
2005-06-24,48.0712,48.1761,47.9613,48.1461,928000
2005-06-27,48.1960,48.3558,48.1261,48.2759,1203600
2005-06-28,48.1111,48.1361,47.9063,47.9463,982400
2005-06-29,48.1860,48.1910,47.7515,47.8713,1682400
2005-06-30,47.8813,48.3109,47.8564,48.3009,2159400
2005-07-01,48.1365,48.2468,47.6103,47.7155,2222700
2005-07-05,47.2895,47.4850,47.2494,47.2644,1076100
2005-07-06,47.4298,47.5301,47.3296,47.5251,854100
2005-07-07,47.8309,47.8910,47.5953,47.6254,1678000
2005-07-08,47.7406,47.7406,47.2745,47.4298,1259300
2005-07-11,47.1692,47.4399,47.0890,47.4298,982000
2005-07-12,47.2895,47.3797,47.1442,47.1642,743700
2005-07-13,47.1391,47.1642,47.0439,47.0940,886600
2005-07-14,47.1642,47.1842,46.9136,46.9737,874300
2005-07-15,46.8635,47.1291,46.8635,47.0990,1064700
2005-07-18,47.0389,47.0990,46.6630,46.7482,1204500
2005-07-19,46.7282,46.9737,46.6730,46.9136,1226900
2005-07-20,46.8685,47.2344,46.7031,47.1692,1884500
2005-07-21,46.8535,46.8835,46.4525,46.5277,3824200
2005-07-22,46.6630,46.9236,46.6279,46.8885,1614900
2005-07-25,46.8134,46.9688,46.6831,46.7181,305100
2005-07-26,46.7482,46.8183,46.6980,46.7933,340500
2005-07-27,46.6480,46.7482,46.6179,46.7181,593300
2005-07-28,46.8033,47.1993,46.8033,47.1341,578900
2005-07-29,47.0138,47.0138,46.5377,46.6680,1699500
2005-08-01,46.5347,46.5850,46.2932,46.4944,1760300
2005-08-02,46.4190,46.5145,46.2630,46.3435,1071400
2005-08-03,46.4089,46.6152,46.4089,46.5699,591100
2005-08-04,46.5799,46.6806,46.3837,46.4743,1046800
2005-08-05,46.1322,46.2178,46.0568,46.1121,1041600
2005-08-08,46.1222,46.2077,46.0014,46.0266,836600
2005-08-09,46.1322,46.2077,45.9209,46.1976,1474800
2005-08-10,46.2881,46.3334,46.0517,46.1473,909300
2005-08-11,46.2982,46.5095,46.1322,46.4693,881600
2005-08-12,46.5951,47.0076,46.5699,46.9422,1765100
2005-08-15,46.9170,46.9371,46.8114,46.8214,954300
2005-08-16,47.1283,47.2390,47.0377,47.1484,1311000
2005-08-17,47.0428,47.1535,46.7761,46.8365,1278200
2005-08-18,47.0126,47.1937,46.9221,47.1837,833900
2005-08-19,46.9673,47.2088,46.9572,47.1786,439200
2005-08-22,47.0579,47.1887,46.8868,47.1283,599300
2005-08-23,47.1535,47.4050,47.1132,47.3447,491800
2005-08-24,47.4251,47.4553,47.2138,47.3899,998200
2005-08-25,47.4302,47.5962,47.3195,47.5408,812400
2005-08-26,47.6163,47.7320,47.3899,47.5258,874600
2005-08-29,47.7069,47.7320,47.5409,47.5861,550100
2005-08-30,47.7069,47.9685,47.6515,47.8880,1392700
2005-08-31,47.9483,48.2954,47.9433,48.2904,1310800
2005-09-01,48.1158,48.3328,47.9239,47.9997,1899000
2005-09-02,47.8986,48.1056,47.8582,48.0400,621400
2005-09-06,47.9643,48.0451,47.6967,47.7018,965300
2005-09-07,47.5453,47.5453,47.1313,47.2525,1090200
2005-09-08,47.3989,47.4443,47.2525,47.3030,373100
2005-09-09,47.4342,47.6159,47.3938,47.4544,426300
2005-09-12,47.2827,47.3080,47.0455,47.1262,917300
2005-09-13,47.3333,47.5150,47.2727,47.3736,450400
2005-09-14,47.3635,47.3938,47.1414,47.1919,346400
2005-09-15,47.1262,47.1262,46.6466,46.8031,2225800
2005-09-16,46.5962,46.6871,46.3842,46.4952,2145500
2005-09-19,46.5356,46.6669,46.4952,46.5962,886100
2005-09-20,46.5911,46.8486,46.3841,46.7173,1848800
2005-09-21,47.0909,47.1566,47.0152,47.1515,993000
2005-09-22,47.1364,47.1768,47.0153,47.1061,761700
2005-09-23,46.9748,47.0001,46.7527,46.7527,656800
2005-09-26,46.5003,46.6366,46.4952,46.5407,680900
2005-09-27,46.5810,46.7275,46.4145,46.6063,827800
2005-09-28,46.6417,46.9597,46.5760,46.9193,712800
2005-09-29,46.7477,46.7527,46.6265,46.7073,657100
2005-09-30,46.7375,46.7930,46.4447,46.5457,1391800
2005-10-03,46.5214,46.7292,46.1717,46.1818,1370900
2005-10-04,46.3085,46.3947,46.2274,46.3339,783200
2005-10-05,46.4656,46.6176,46.4098,46.5365,1215800
2005-10-06,46.4758,46.4960,46.3440,46.3592,340000
2005-10-07,46.1666,46.6025,46.1007,46.5467,1337800
2005-10-10,46.5517,46.6126,46.4352,46.5163,159700
2005-10-11,46.5467,46.5873,46.3491,46.4200,679100
2005-10-12,46.3440,46.3440,45.9436,45.9690,1105700
2005-10-13,45.7409,45.8676,45.6547,45.8017,1376600
2005-10-14,45.9183,45.9690,45.5230,45.7308,1042600
2005-10-17,45.8270,45.9233,45.6750,45.7206,1058200
2005-10-18,45.8473,45.8574,45.7307,45.7713,878200
2005-10-19,45.9486,46.0551,45.7915,45.7915,904800
2005-10-20,45.7561,45.9182,45.6800,45.9132,810300
2005-10-21,46.0348,46.3592,45.9942,46.3389,1252800
2005-10-24,46.2832,46.3288,45.8625,45.9791,939100
2005-10-25,46.0298,46.1464,45.5787,45.5838,632900
2005-10-26,45.3354,45.4621,45.1884,45.2492,2895800
2005-10-27,45.4114,45.5077,45.2594,45.4114,1197400
2005-10-28,45.4723,45.5534,45.1682,45.4165,750400
2005-10-31,45.4976,45.6344,45.4013,45.5027,547700
2005-11-01,45.5266,45.6386,45.3535,45.4502,647100
2005-11-02,45.3484,45.5062,45.2211,45.2364,781100
2005-11-03,45.2517,45.2924,44.9208,44.9310,962900
2005-11-04,45.0124,45.1244,44.7273,44.8597,1888700
2005-11-07,45.0532,45.0888,44.9768,45.0124,1121600
2005-11-08,45.2517,45.4706,45.2517,45.4502,1396800
2005-11-09,45.1957,45.2720,44.9818,44.9818,1140300
2005-11-10,45.1652,45.5520,45.1193,45.5317,1695200
2005-11-11,45.6132,45.6641,45.5317,45.5572,193700
2005-11-14,45.5011,45.5367,45.1142,45.2160,1230100
2005-11-15,45.1804,45.6386,45.1804,45.5113,839800
2005-11-16,45.7150,46.0408,45.6895,45.9899,1822300
2005-11-17,45.9033,46.2749,45.8422,46.1019,1003100
2005-11-18,46.0051,46.0458,45.8473,45.8880,734200
2005-11-21,45.9898,46.1527,45.9847,46.0255,503300
2005-11-22,46.0051,46.1579,45.9950,46.0866,1026900
2005-11-23,46.1171,46.1680,45.7455,45.9084,768300
2005-11-25,46.0255,46.0916,45.9898,46.0764,421500
2005-11-28,46.0815,46.3971,46.0815,46.3055,883400
2005-11-29,46.3665,46.3818,45.8320,45.8676,889200
2005-11-30,45.9695,45.9695,45.7251,45.8167,1642800
2005-12-01,46.0161,46.0212,45.5969,45.7452,1214800
2005-12-02,45.6429,45.7861,45.5816,45.7605,746200
2005-12-05,45.6838,45.6838,45.4282,45.5560,431100
2005-12-06,45.7145,46.0775,45.6685,46.0213,968800
2005-12-07,45.9139,45.9701,45.7707,45.8474,386600
2005-12-08,46.0060,46.2002,45.9139,46.1440,976200
2005-12-09,46.0059,46.0213,45.7452,45.7810,817400
2005-12-12,45.8883,45.8883,45.5765,45.6941,440500
2005-12-13,45.8730,45.9241,45.6991,45.8628,598700
2005-12-14,46.1184,46.4354,46.0878,46.3332,635000
2005-12-15,46.2411,46.2411,46.0111,46.2207,724300
2005-12-16,46.4405,46.4917,46.3025,46.3741,684500
2005-12-19,46.3229,46.5786,46.3025,46.4201,469800
2005-12-20,46.3127,46.4252,46.2207,46.3638,236000
2005-12-21,46.2871,46.3127,46.1644,46.2820,193100
2005-12-22,46.4865,46.6859,46.4814,46.6501,692700
2005-12-23,46.6246,47.0592,46.5786,46.9365,2295800
2005-12-27,47.0234,47.3404,46.9365,47.3200,519500
2005-12-28,47.2496,47.3626,47.1059,47.1880,1295700
2005-12-29,47.2496,47.3010,47.0751,47.2907,740600
2005-12-30,47.5114,47.5371,47.0802,47.1829,1099500
2006-01-03,47.0237,47.3625,46.9672,47.1212,1392700
2006-01-04,46.9980,47.2701,46.9364,47.2342,387600
2006-01-05,47.1726,47.3061,47.0802,47.1778,453400
2006-01-06,47.1161,47.1829,46.9724,47.0905,1193700
2006-01-09,47.0802,47.1212,46.9980,47.1212,413600
2006-01-10,47.0443,47.0699,46.7362,46.7413,698900
2006-01-11,46.8491,46.8697,46.5924,46.6643,394600
2006-01-12,46.7876,46.9878,46.7208,46.9775,626600
2006-01-13,47.0237,47.3883,47.0186,47.2496,491000
2006-01-17,47.2342,47.4909,47.1983,47.4601,454300
2006-01-18,47.6244,47.6295,47.2958,47.4447,622100
2006-01-19,47.2702,47.4601,47.2137,47.3061,490600
2006-01-20,47.3985,47.4806,47.2599,47.4293,842600
2006-01-23,47.1315,47.4909,47.0956,47.4139,720400
2006-01-24,47.2342,47.3317,47.1110,47.1829,300500
2006-01-25,46.9827,47.0135,46.6130,46.6695,1204500
2006-01-26,46.4898,46.5154,46.2330,46.4692,764100
2006-01-27,46.6181,46.6181,46.2895,46.4692,1091400
2006-01-30,46.3614,46.4641,46.3306,46.4230,308500
2006-01-31,46.3871,46.5822,46.3101,46.5514,676100
2006-02-01,46.4489,46.6086,46.2943,46.3922,622300
2006-02-02,46.3922,46.5828,46.2994,46.4798,658500
2006-02-03,46.3716,46.8868,46.2788,46.8095,1524600
2006-02-06,46.8765,46.9950,46.8301,46.9023,755100
2006-02-07,46.9486,46.9486,46.6292,46.6807,280500
2006-02-08,46.8250,46.8250,46.5210,46.5725,261700
2006-02-09,46.4437,46.8353,46.4025,46.7838,1119200
2006-02-10,46.9899,47.0826,46.4952,46.5261,938000
2006-02-13,46.4952,46.5570,46.4540,46.5313,218700
2006-02-14,46.3201,46.4746,46.2273,46.3664,836100
2006-02-15,46.4437,46.6137,46.3097,46.4798,720300
2006-02-16,46.4746,46.5261,46.3716,46.4901,427800
2006-02-17,46.7837,46.9228,46.7837,46.8610,731400
2006-02-21,46.8353,46.8868,46.7735,46.7838,433300
2006-02-22,46.9486,47.1186,46.9332,47.1032,559000
2006-02-23,47.0465,47.0465,46.8508,46.9847,288300
2006-02-24,47.1135,47.1135,46.8610,46.9126,485700
2006-02-27,47.0671,47.0671,46.7477,46.8353,446200
2006-02-28,46.8868,47.1135,46.8456,47.0671,744200
2006-03-01,46.9327,46.9844,46.7311,46.7828,713600
2006-03-02,46.5656,46.5863,46.2243,46.4570,1640000
2006-03-03,46.2657,46.3019,46.1365,46.1882,1253300
2006-03-06,46.0072,46.0124,45.7590,45.7849,872700
2006-03-07,45.7073,45.8882,45.6607,45.8159,1692900
2006-03-08,45.7952,45.9555,45.7331,45.8004,1184700
2006-03-09,45.7900,45.8469,45.6401,45.8159,282100
2006-03-10,45.6659,45.7435,45.5056,45.6452,1086900
2006-03-13,45.5729,45.6401,45.5057,45.6091,1740100
2006-03-14,45.7331,46.0123,45.7331,45.9141,904400
2006-03-15,45.7280,45.7797,45.5780,45.6659,971000
2006-03-16,45.7642,46.1881,45.7228,46.0796,1048000
2006-03-17,45.9400,46.0175,45.8883,45.9400,703500
2006-03-20,46.1365,46.1416,46.0072,46.0124,576000
2006-03-21,46.0950,46.0950,45.6866,45.7745,817200
2006-03-22,45.8883,46.0072,45.8262,45.8728,205500
2006-03-23,45.9245,45.9503,45.6763,45.7280,613400
2006-03-24,45.7745,46.1674,45.7590,46.0640,954800
2006-03-27,46.0434,46.0434,45.8107,45.8934,467100
2006-03-28,45.7073,45.7228,45.4177,45.4643,1094900
2006-03-29,45.4125,45.5108,45.1747,45.2471,1071700
2006-03-30,45.0558,45.1334,44.7714,44.9317,1152000
2006-03-31,44.9731,45.0558,44.8800,44.9162,1167700
2006-04-03,44.7283,44.9930,44.6764,44.9307,1549700
2006-04-04,44.9982,45.1020,44.8218,44.8840,749100
2006-04-05,44.9982,45.0397,44.8944,44.9463,638600
2006-04-06,44.7854,44.7854,44.5103,44.6037,2022100
2006-04-07,44.3391,44.4429,44.0640,44.1678,1956500
2006-04-10,44.1937,44.2716,44.0951,44.2508,1527100
2006-04-11,44.4169,44.4792,44.2872,44.4065,1237300
2006-04-12,44.4273,44.4948,44.1159,44.1366,1902000
2006-04-13,43.8564,43.9291,43.7370,43.8253,3219400
2006-04-17,43.8772,44.1003,43.7786,43.9862,1465400
2006-04-18,44.0899,44.2560,43.9809,44.0640,2680300
2006-04-19,43.8304,43.9031,43.6280,43.7941,1830300
2006-04-20,43.8149,43.8616,43.6592,43.7578,1378200
2006-04-21,43.8719,44.0432,43.7266,44.0121,1303000
2006-04-24,44.0847,44.3183,44.0380,44.1885,991500
2006-04-25,44.1366,44.1678,43.6280,43.6643,2067400
2006-04-26,43.5190,43.6384,43.4567,43.5917,1544900
2006-04-27,43.4671,43.7526,43.4152,43.6488,1864200
2006-04-28,43.5813,43.7059,43.4723,43.6799,809400
2006-05-01,43.5966,43.6018,43.3100,43.3517,1795500
2006-05-02,43.3829,43.5288,43.3829,43.4663,1097900
2006-05-03,43.4663,43.4715,43.2162,43.3725,1114000
2006-05-04,43.4454,43.4558,43.2995,43.2995,977800
2006-05-05,43.7685,43.8102,43.5028,43.5601,1685900
2006-05-08,43.6330,43.6487,43.5236,43.5861,666400
2006-05-09,43.5340,43.6018,43.4194,43.5601,341300
2006-05-10,43.6643,43.7789,43.4298,43.6382,1320200
2006-05-11,43.4871,43.4871,43.2943,43.4246,1189800
2006-05-12,43.1484,43.2527,43.0182,43.0651,1804700
2006-05-15,43.0651,43.3673,43.0651,43.2370,1433500
2006-05-16,43.2891,43.5809,43.2891,43.5601,1677600
2006-05-17,43.2006,43.2891,43.1016,43.2891,1440800
2006-05-18,43.5340,43.8883,43.5236,43.8779,2177700
2006-05-19,43.8310,44.2166,43.8102,43.9925,2619500
2006-05-22,44.2062,44.3677,44.0186,44.0864,2652000
2006-05-23,43.7945,44.0603,43.7841,44.0603,1394900
2006-05-24,44.1905,44.2895,44.0446,44.0811,1226300
2006-05-25,44.1436,44.1488,43.8675,43.9092,678000
2006-05-26,43.8935,44.0290,43.8779,43.8779,398400
2006-05-30,43.8675,43.9248,43.7737,43.8571,482200
2006-05-31,43.9457,43.9926,43.5497,43.5966,880700
2006-06-01,43.6290,43.8591,43.6028,43.7911,1561100
2006-06-02,44.3195,44.4085,44.2044,44.3561,2041900
2006-06-05,44.3666,44.3719,44.2097,44.2986,1102900
2006-06-06,44.2881,44.5601,44.2515,44.5078,2188000
2006-06-07,44.3248,44.5183,44.2829,44.5183,1324100
2006-06-08,44.5916,44.8740,44.5235,44.6072,3496700
2006-06-09,44.6491,44.8950,44.6491,44.8427,657200
2006-06-12,44.8217,44.8793,44.7433,44.8793,528700
2006-06-13,44.9107,44.9578,44.7537,44.9107,1448300
2006-06-14,44.7276,44.7589,44.4189,44.4608,1439100
2006-06-15,44.3038,44.3823,44.1574,44.2044,1734600
2006-06-16,44.3091,44.3405,44.0370,44.1050,1184600
2006-06-19,44.0527,44.0946,43.9324,44.0423,1233700
2006-06-20,44.0109,44.0423,43.8801,43.9690,611400
2006-06-21,44.0736,44.0736,43.9795,43.9795,476000
2006-06-22,43.8592,43.8906,43.7127,43.7284,745500
2006-06-23,43.7441,43.8016,43.6028,43.6394,675500
2006-06-26,43.6395,43.6656,43.4825,43.5558,526100
2006-06-27,43.6185,43.8069,43.6185,43.7702,429100
2006-06-28,43.7493,43.7493,43.5191,43.5400,381300
2006-06-29,43.7232,43.8487,43.6081,43.6865,1609300
2006-06-30,43.6813,44.1521,43.6813,44.1103,1219000
2006-07-03,44.0614,44.0929,43.9721,44.0667,716800
2006-07-05,43.7988,43.8093,43.5625,43.7148,1289200
2006-07-06,43.7621,44.0037,43.7621,43.9827,451400
2006-07-07,44.2189,44.3555,44.1559,44.2662,1356900
2006-07-10,44.2085,44.3240,44.1402,44.3083,480400
2006-07-11,44.4238,44.5656,44.4185,44.4500,423800
2006-07-12,44.2872,44.5446,44.2557,44.4605,641000
2006-07-13,44.4815,44.6654,44.4710,44.6338,1347400
2006-07-14,44.5446,44.7231,44.5446,44.6601,1343900
2006-07-17,44.6233,44.7389,44.5603,44.7284,514100
2006-07-18,44.4815,44.5078,44.3240,44.3450,621000
2006-07-19,44.2872,44.7967,44.2400,44.7651,1267400
2006-07-20,44.6233,44.9700,44.6233,44.8964,1320200
2006-07-21,44.9542,44.9910,44.7441,44.8124,652100
2006-07-24,44.8544,44.9070,44.7494,44.7862,393900
2006-07-25,44.7599,44.8387,44.5866,44.6549,948200
2006-07-26,44.5918,44.8334,44.5708,44.8176,717100
2006-07-27,44.8912,44.8912,44.7021,44.7494,295500
2006-07-28,44.9805,45.1065,44.9542,45.0067,769800
2006-07-31,44.9647,45.0645,44.9280,45.0645,375100
2006-08-01,44.9864,45.0814,44.8388,45.0603,577800
2006-08-02,45.0128,45.2290,44.9232,45.2290,477400
2006-08-03,45.1499,45.3661,45.0919,45.2395,500500
2006-08-04,45.5559,45.5981,45.4979,45.5137,1246000
2006-08-07,45.5190,45.5506,45.4399,45.5401,1127600
2006-08-08,45.5454,45.6455,45.3924,45.4399,844400
2006-08-09,45.2132,45.3556,45.1921,45.2923,372400
2006-08-10,45.2659,45.2659,45.0550,45.2237,539000
2006-08-11,45.0655,45.0972,45.0075,45.0286,450800
2006-08-14,45.0023,45.0128,44.9179,44.9496,662300
2006-08-15,45.2290,45.3924,45.2290,45.3292,1093800
2006-08-16,45.6455,45.6824,45.5875,45.6350,838900
2006-08-17,45.7509,45.7509,45.5664,45.6191,922300
2006-08-18,45.7246,45.8248,45.6877,45.7510,1050700
2006-08-21,45.8143,45.9144,45.8037,45.9144,676400
2006-08-22,45.8723,45.9935,45.8565,45.9303,749300
2006-08-23,45.9039,45.9988,45.7984,45.9513,801700
2006-08-24,46.0884,46.1043,45.9988,46.0357,1206700
2006-08-25,45.9988,46.1833,45.9777,46.1043,569000
2006-08-28,46.0884,46.1464,45.9988,46.1464,582300
2006-08-29,46.0041,46.2097,45.8617,46.2097,1345600
2006-08-30,46.3099,46.3310,46.2203,46.3310,1180500
2006-08-31,46.2624,46.5050,46.2624,46.4417,1272400
2006-09-01,46.3835,46.5317,46.3041,46.4576,893400
2006-09-05,46.3252,46.3940,46.1399,46.1664,2271300
2006-09-06,45.9971,46.1029,45.9071,46.1029,1853400
2006-09-07,46.0182,46.2247,45.9176,46.1929,1716100
2006-09-08,46.3147,46.3729,46.2300,46.2300,540300
2006-09-11,46.3147,46.3147,46.0288,46.1876,557600
2006-09-12,46.1347,46.4311,46.0553,46.4206,820800
2006-09-13,46.6005,46.6005,46.4047,46.4417,797000
2006-09-14,46.3994,46.5158,46.2776,46.3358,672800
2006-09-15,46.4576,46.5582,46.2935,46.2988,1047200
2006-09-18,46.0394,46.2565,46.0394,46.2247,871400
2006-09-19,46.5105,46.7434,46.4999,46.7434,1229600
2006-09-20,46.7858,46.8387,46.6588,46.8123,827400
2006-09-21,46.7699,47.2622,46.7699,47.2411,1698600
2006-09-22,47.2834,47.4846,47.2834,47.4740,1428600
2006-09-25,47.5587,47.8075,47.5428,47.8075,2607600
2006-09-26,47.6434,47.6963,47.5481,47.6064,2200000
2006-09-27,47.7757,47.7916,47.4475,47.4687,1165400
2006-09-28,47.3417,47.4264,47.2570,47.3893,1796800
2006-09-29,47.4793,47.5004,47.1616,47.3310,1398000
2006-10-02,47.3544,47.5405,47.2854,47.4607,1211900
2006-10-03,47.5139,47.5351,47.3810,47.3970,854900
2006-10-04,47.4767,47.7531,47.4767,47.7424,1155500
2006-10-05,47.5883,47.5883,47.2747,47.4076,1241600
2006-10-06,47.3491,47.3545,46.8868,46.9133,2472400
2006-10-09,46.8229,47.0887,46.7751,47.0408,834900
2006-10-10,46.7432,46.8283,46.5732,46.6688,1398700
2006-10-11,46.7432,46.7857,46.4615,46.5306,1521600
2006-10-12,46.5732,46.6476,46.4934,46.5572,586400
2006-10-13,46.3924,46.4296,46.2968,46.3233,1414100
2006-10-16,46.4509,46.5359,46.4350,46.5306,897600
2006-10-17,46.7060,46.7964,46.5094,46.5678,730800
2006-10-18,46.6050,46.7060,46.5306,46.6635,499600
2006-10-19,46.5519,46.6422,46.4296,46.5785,797300
2006-10-20,46.5625,46.6103,46.5306,46.5306,280700
2006-10-23,46.3180,46.3499,46.1745,46.3446,1200600
2006-10-24,46.3287,46.3712,46.3180,46.3446,243400
2006-10-25,46.3818,46.7539,46.3606,46.7114,558400
2006-10-26,46.8495,47.0462,46.8495,47.0143,1558300
2006-10-27,47.3119,47.3279,47.1418,47.2322,1601500
2006-10-30,47.2428,47.3651,47.2163,47.3651,901200
2006-10-31,47.4341,47.7636,47.3757,47.7318,964600
2006-11-01,47.8092,48.0813,47.7238,47.9959,1440100
2006-11-02,47.8198,47.8945,47.7398,47.7985,853300
2006-11-03,47.3076,47.3983,47.1102,47.2329,1534100
2006-11-06,47.1369,47.3716,47.1369,47.3716,528000
2006-11-07,47.6331,47.7558,47.5477,47.5904,525900
2006-11-08,47.6117,47.7611,47.5317,47.7611,706300
2006-11-09,47.7344,47.7985,47.6864,47.7344,729600
2006-11-10,47.8305,48.0386,47.8305,47.9425,738100
2006-11-13,47.9318,47.9318,47.7344,47.9318,462400
2006-11-14,48.1986,48.2253,48.0812,48.1186,916400
2006-11-15,48.0439,48.0439,47.8785,47.9372,1803200
2006-11-16,48.0172,48.0439,47.6331,47.7184,1494400
2006-11-17,47.7825,48.1346,47.7558,47.9906,1752000
2006-11-20,48.0172,48.0812,47.9425,48.0652,857200
2006-11-21,48.0919,48.2253,47.9959,48.1826,605100
2006-11-22,48.2093,48.2893,48.1613,48.2626,770300
2006-11-24,48.4173,48.4974,48.3480,48.3480,533400
2006-11-27,48.1399,48.5240,48.0812,48.5240,784500
2006-11-28,48.6788,48.6841,48.4227,48.6254,1466300
2006-11-29,48.7108,48.7428,48.5027,48.5134,1206400
2006-11-30,48.6948,48.8868,48.6254,48.8335,1428600
2006-12-01,48.8828,49.1613,48.8132,48.9578,1156000
2006-12-04,48.8935,49.0649,48.8507,49.0435,460700
2006-12-05,48.9257,49.0113,48.7329,48.8132,1833700
2006-12-06,48.7489,48.8292,48.6739,48.7168,936100
2006-12-07,48.7275,48.7810,48.5990,48.6793,739200
2006-12-08,48.6525,48.7168,48.2991,48.3258,2090300
2006-12-11,48.5347,48.5936,48.4704,48.5347,727700
2006-12-12,48.5883,48.7168,48.4383,48.6365,802800
2006-12-13,48.3633,48.3847,48.1009,48.2027,1217900
2006-12-14,48.1009,48.1438,47.9831,48.0259,687600
2006-12-15,48.5079,48.5508,47.9831,48.0527,1162100
2006-12-18,48.0474,48.1116,47.9778,48.0688,441400
2006-12-19,47.9349,48.0955,47.9349,48.0045,930700
2006-12-20,48.0098,48.0259,47.9563,47.9991,336800
2006-12-21,48.0420,48.2990,47.9831,48.2401,770700
2006-12-22,48.1063,48.1170,47.7742,47.8706,1433200
2006-12-26,47.9027,48.0313,47.8546,48.0152,496200
2006-12-27,47.9738,48.0007,47.6622,47.6622,840700
2006-12-28,47.7697,47.8019,47.3183,47.5547,1080200
2006-12-29,47.4741,47.5816,47.3989,47.5171,775500
2007-01-03,47.9416,48.0706,47.6407,47.8556,1870400
2007-01-04,47.9416,48.1727,47.9416,48.1458,1697000
2007-01-05,47.7159,48.0383,47.6890,47.9362,1298400
2007-01-08,47.8879,48.0223,47.8503,48.0223,414200
2007-01-09,48.0814,48.0814,47.9416,48.0223,481500
2007-01-10,47.8610,47.8932,47.7589,47.8073,519600
2007-01-11,47.7105,47.7159,47.4257,47.5278,1293500
2007-01-12,47.3667,47.7374,47.2323,47.3076,846300
2007-01-16,47.4096,47.4150,47.3022,47.4096,702800
2007-01-17,47.3989,47.4311,47.1893,47.2646,724200
2007-01-18,47.2538,47.4365,47.1678,47.4096,918300
2007-01-19,47.3666,47.3666,47.2162,47.2807,882500
2007-01-22,47.3667,47.4634,47.3505,47.3935,432000
2007-01-23,47.2968,47.3129,47.0550,47.0819,1096800
2007-01-24,47.1034,47.1249,47.0174,47.0765,463700
2007-01-25,46.9905,47.0012,46.6842,46.7379,1397000
2007-01-26,46.6305,46.7917,46.5606,46.7004,1576800
2007-01-29,46.7809,46.8024,46.5338,46.5982,1015300
2007-01-30,46.6896,46.7003,46.6197,46.6520,1295100
2007-01-31,46.5875,47.0765,46.5875,47.0442,2078000
2007-02-01,47.2897,47.3491,46.9390,46.9876,986200
2007-02-02,46.9822,47.1495,46.9822,47.0470,814700
2007-02-05,47.1549,47.1872,47.0254,47.1117,395500
2007-02-06,47.0470,47.3869,47.0254,47.3707,770500
2007-02-07,47.4246,47.5433,47.3922,47.5109,836200
2007-02-08,47.4732,47.6458,47.4300,47.5487,980200
2007-02-09,47.4192,47.4354,47.2358,47.2789,878300
2007-02-12,47.2034,47.2897,47.1171,47.1710,467600
2007-02-13,47.2034,47.2034,47.0470,47.0685,1310600
2007-02-14,47.2196,47.5811,47.2196,47.5163,2262500
2007-02-15,47.7645,47.7915,47.6566,47.6566,893800
2007-02-16,47.7969,47.8670,47.7375,47.8239,1476700
2007-02-20,47.7484,47.9372,47.7484,47.9318,847400
2007-02-21,47.7645,47.8563,47.7376,47.8509,379800
2007-02-22,47.6998,47.7214,47.5272,47.5919,485200
2007-02-23,47.7645,47.9857,47.7430,47.9318,735700
2007-02-26,48.0991,48.2555,48.0775,48.2501,763400
2007-02-27,48.4173,49.2374,48.3418,48.8597,3243200
2007-02-28,48.6440,48.8112,48.4983,48.6386,1701900
2007-03-01,48.8947,48.9760,48.5535,48.6077,2423900
2007-03-02,48.7214,49.0030,48.5643,48.8514,1619800
2007-03-05,49.0031,49.0139,48.7756,48.9327,1505200
2007-03-06,48.7756,48.9381,48.7377,48.7864,837400
2007-03-07,48.7864,49.0139,48.7322,48.9760,915400
2007-03-08,48.9002,48.9706,48.8027,48.9327,574700
2007-03-09,48.4073,48.6890,48.3044,48.4182,1534700
2007-03-12,48.5968,48.7322,48.5698,48.6077,594400
2007-03-13,48.8677,48.9272,48.7323,48.9002,553800
2007-03-14,48.8243,49.0355,48.6564,48.6781,1698100
2007-03-15,48.6131,48.7214,48.5643,48.6727,394900
2007-03-16,48.5644,48.6998,48.5535,48.6618,623800
2007-03-19,48.5156,48.5806,48.4831,48.5590,693900
2007-03-20,48.6943,48.7160,48.5752,48.5860,768400
2007-03-21,48.4073,48.7918,48.0336,48.6077,1513400
2007-03-22,48.4615,48.4615,48.1094,48.2232,1484300
2007-03-23,48.3044,48.3098,48.0824,48.0878,1679700
2007-03-26,47.9957,48.3477,47.9307,48.1473,763600
2007-03-27,48.0065,48.0986,47.9632,48.0661,619800
2007-03-28,48.1528,48.2611,47.8820,47.9686,816900
2007-03-29,47.9523,48.0227,47.8332,47.9036,823000
2007-03-30,48.0119,48.1582,47.7791,47.8115,2015100
2007-04-02,47.8963,47.9561,47.8420,47.8909,579600
2007-04-03,47.8474,47.9289,47.8257,47.8311,617000
2007-04-04,47.9290,48.0214,47.7822,47.8801,576900
2007-04-05,47.8909,47.9018,47.6789,47.7007,436400
2007-04-09,47.4452,47.4615,47.3636,47.3854,1283900
2007-04-10,47.5049,47.5919,47.4614,47.5267,674400
2007-04-11,47.5485,47.6083,47.4452,47.4941,476200
2007-04-12,47.5647,47.6028,47.4452,47.5050,495100
2007-04-13,47.5159,47.5485,47.2984,47.3582,557800
2007-04-16,47.5104,47.6626,47.5104,47.6191,833600
2007-04-17,47.7768,47.9236,47.7496,47.8855,1254200
2007-04-18,48.0377,48.1410,48.0322,48.1247,450800
2007-04-19,48.1954,48.2225,47.9453,48.0432,1305900
2007-04-20,48.0812,48.0812,47.8692,47.9181,664500
2007-04-23,47.9127,48.1573,47.8583,48.0920,419000
2007-04-24,48.0812,48.2823,48.0812,48.2714,881300
2007-04-25,48.1464,48.2660,47.8964,48.1029,569000
2007-04-26,48.0703,48.0703,47.7550,47.7550,2048400
2007-04-27,47.8420,47.8637,47.7170,47.7441,428700
2007-04-30,48.0159,48.2443,47.9725,48.2443,485700
2007-05-01,48.3283,48.3610,48.0719,48.2792,487200
2007-05-02,48.2519,48.2737,48.1700,48.2519,443900
2007-05-03,48.2137,48.2137,48.0173,48.1428,427000
2007-05-04,48.2955,48.3610,48.2846,48.3392,262000
2007-05-07,48.3937,48.4756,48.3774,48.4701,210200
2007-05-08,48.5629,48.5629,48.3610,48.3610,488400
2007-05-09,48.3664,48.3719,48.1537,48.1700,634900
2007-05-10,48.2301,48.3337,48.1810,48.2846,519500
2007-05-11,48.3610,48.3938,48.0828,48.1155,1238400
2007-05-14,48.1373,48.1646,47.9900,47.9900,315200
2007-05-15,48.1155,48.1264,47.8263,47.9736,382400
2007-05-16,47.9355,48.0119,47.9191,47.9409,599500
2007-05-17,47.7936,47.8591,47.6900,47.7445,397000
2007-05-18,47.6572,47.7390,47.4007,47.4280,856500
2007-05-21,47.4281,47.5972,47.3735,47.5699,821100
2007-05-22,47.5644,47.5754,47.2916,47.3244,920200
2007-05-23,47.3789,47.3789,47.0898,47.1880,914500
2007-05-24,47.1716,47.2426,46.8988,47.2316,1598200
2007-05-25,47.1389,47.2535,47.1007,47.1225,754900
2007-05-29,47.1989,47.2316,46.8279,47.1170,1055700
2007-05-30,47.3517,47.3517,47.1334,47.2153,612000
2007-05-31,47.2262,47.2371,46.9425,47.1280,1725900
2007-06-01,47.0502,47.5651,46.8530,46.8804,1694300
2007-06-04,47.0118,47.1159,46.9242,47.0940,877700
2007-06-05,47.0447,47.0721,46.7654,46.7982,1145400
2007-06-06,46.7544,46.8530,46.6997,46.7763,1129200
2007-06-07,46.3546,46.3984,45.8616,45.9383,5010400
2007-06-08,45.7959,46.0752,45.6590,45.9000,5307600
2007-06-11,45.7301,45.9492,45.6042,45.7685,2043800
2007-06-12,45.4125,45.6918,45.0236,45.1058,9043900
2007-06-13,45.2974,45.8780,45.2701,45.6425,8751200
2007-06-14,45.5385,45.8507,45.4892,45.5275,3384700
2007-06-15,45.6918,45.8616,45.5713,45.8397,5827200
2007-06-18,45.8068,45.8178,45.0455,45.7466,17704600
2007-06-19,45.9109,46.2560,45.8562,46.1738,4620100
2007-06-20,46.0205,46.0534,45.7850,45.8014,3031700
2007-06-21,45.7575,45.8452,45.5768,45.5822,850400
2007-06-22,45.4892,45.8835,45.4344,45.8781,2118900
2007-06-25,46.0917,46.2012,45.9876,46.1300,1323500
2007-06-26,46.1684,46.1848,45.9931,46.1410,2187800
2007-06-27,46.3436,46.4148,46.1190,46.1848,6109300
2007-06-28,46.1848,46.3272,46.1081,46.1738,3612500
2007-06-29,46.4751,46.7216,46.3601,46.6504,1962200
2007-07-02,46.6316,46.9396,46.6316,46.8956,2811700
2007-07-03,46.8736,46.9231,46.5767,46.6097,1387500
2007-07-05,46.3568,46.4173,46.0324,46.0874,4586800
2007-07-06,45.9334,45.9389,45.7904,45.9004,1437800
2007-07-09,46.1148,46.1478,46.0104,46.0654,795400
2007-07-10,46.4502,46.8461,46.4228,46.8461,2258000
2007-07-11,46.7086,46.7856,46.3622,46.3622,1191300
2007-07-12,46.4887,46.5052,46.1148,46.2028,1941200
2007-07-13,46.4337,46.4887,46.1533,46.3292,725900
2007-07-16,46.4722,46.7966,46.4722,46.7746,952000
2007-07-17,46.6591,46.7856,46.4612,46.6756,734200
2007-07-18,46.6977,47.0331,46.6317,46.8516,1836800
2007-07-19,46.6812,46.8791,46.6262,46.8406,1021000
2007-07-20,46.9451,47.3300,46.9121,47.2640,1459900
2007-07-23,47.1155,47.2694,47.1155,47.1870,777900
2007-07-24,47.2915,47.3739,47.1320,47.3629,1351600
2007-07-25,47.3245,47.5004,47.2860,47.4564,881100
2007-07-26,47.6929,48.0888,47.6434,47.8523,2866400
2007-07-27,47.8633,48.1437,47.7533,47.9898,5367800
2007-07-30,47.9403,48.0338,47.7863,47.8523,1803900
2007-07-31,47.9073,48.2482,47.8083,48.1987,2467600
2007-08-01,48.1661,48.3207,48.0723,48.0943,2154700
2007-08-02,48.1385,48.2710,48.0171,48.2158,2079400
2007-08-03,48.1772,48.5360,48.1772,48.5360,1577600
2007-08-06,48.4090,48.4201,48.1165,48.1827,1298400
2007-08-07,48.2600,48.4145,47.9785,48.1441,1890800
2007-08-08,47.9619,47.9619,47.3934,47.5590,6453000
2007-08-09,47.8846,47.9453,47.3161,47.6252,2637500
2007-08-10,47.7411,47.8570,47.4596,47.5148,1496400
2007-08-13,47.4265,47.6914,47.4155,47.6528,1312600
2007-08-14,47.4817,47.9012,47.4762,47.7798,1314700
2007-08-15,47.8294,47.8846,47.6086,47.6086,1101700
2007-08-16,47.9509,48.3538,47.8901,48.0999,2410200
2007-08-17,47.6914,47.9729,47.4982,47.9067,2114400
2007-08-20,48.0005,48.1716,47.9288,47.9343,1048700
2007-08-21,48.0778,48.2490,48.0502,48.1662,1517200
2007-08-22,48.0502,48.1937,47.9177,48.0889,1137800
2007-08-23,48.0723,48.3980,48.0392,48.2545,1618800
2007-08-24,48.4476,48.6188,48.3317,48.4918,1614600
2007-08-27,48.7292,48.8396,48.6574,48.7458,1585400
2007-08-28,48.8120,48.9831,48.7292,48.8285,1298900
2007-08-29,48.8451,48.9997,48.6630,48.6961,2686700
2007-08-30,48.9113,49.1045,48.8341,49.0217,1806800
2007-08-31,48.9003,49.2370,48.8727,49.0604,2763200
2007-09-04,49.2333,49.3995,48.8841,49.0836,931000
2007-09-05,49.1945,49.5215,49.1723,49.4771,1271500
2007-09-06,49.4993,49.5991,49.2998,49.3497,1768400
2007-09-07,49.7432,50.1589,49.7099,50.0480,2852200
2007-09-10,50.1588,50.5856,50.1588,50.4360,2495200
2007-09-11,50.3695,50.5856,50.2697,50.3972,3925400
2007-09-12,50.3805,50.4027,50.1145,50.2087,4458300
2007-09-13,50.0480,50.0647,49.6490,49.7598,2020600
2007-09-14,50.2032,50.2087,49.6711,49.8319,1357200
2007-09-17,49.7820,50.0979,49.7487,50.0702,1285400
2007-09-18,49.7709,50.0147,49.3275,49.6933,3132800
2007-09-19,49.1668,49.3330,48.9783,49.2333,3854700
2007-09-20,48.8730,48.9340,48.2744,48.3021,5903200
2007-09-21,48.5405,48.8453,48.5405,48.7123,2217600
2007-09-24,48.7899,48.9284,48.7234,48.8509,1943600
2007-09-25,49.0504,49.1169,48.6790,48.6790,2513500
2007-09-26,48.5626,48.8453,48.4573,48.7233,2646400
2007-09-27,48.9063,49.2056,48.8564,49.0615,1802900
2007-09-28,49.4162,49.5104,48.8952,49.1723,1254700
2007-10-01,49.3476,49.5089,49.2029,49.4533,1399400
2007-10-02,49.3809,49.7259,49.3420,49.6091,887800
2007-10-03,49.7037,49.7593,49.3698,49.4644,1164600
2007-10-04,49.5256,49.6981,49.4700,49.6536,1128700
2007-10-05,49.1362,49.2085,48.8023,49.1195,2184700
2007-10-08,48.8357,49.2418,48.8357,49.0805,280100
2007-10-09,49.0527,49.1640,48.8412,49.0193,901000
2007-10-10,48.9525,49.2029,48.8468,49.0471,855500
2007-10-11,48.6966,49.0137,48.6576,48.9970,1533400
2007-10-12,48.6966,49.0638,48.6743,48.7578,1133900
2007-10-15,48.6743,48.8078,48.6298,48.7689,553300
2007-10-16,48.7689,48.9525,48.7077,48.7856,855500
2007-10-17,48.8357,49.4922,48.8357,49.3197,2377000
2007-10-18,49.5812,49.7092,49.5311,49.5924,1374100
2007-10-19,49.8706,50.4103,49.8595,50.3324,2561800
2007-10-22,50.3992,50.4382,50.1154,50.3380,1866500
2007-10-23,50.2211,50.3658,50.1321,50.2712,1046600
2007-10-24,50.4715,50.8498,50.3880,50.6440,2829300
2007-10-25,50.6662,50.7330,50.4659,50.4715,3062200
2007-10-26,50.2824,50.6329,50.2657,50.3547,1366500
2007-10-29,50.3547,50.6273,50.3435,50.5494,881000
2007-10-30,50.4827,50.6385,50.3102,50.5217,1439600
2007-10-31,50.3547,50.4660,49.9374,50.0654,2498500
2007-11-01,50.2743,50.8611,50.2743,50.7158,2563400
2007-11-02,50.5482,51.1573,50.4140,50.8779,1927700
2007-11-05,50.9450,51.0735,50.7438,50.8555,1021500
2007-11-06,50.6320,50.9394,50.5649,50.6096,575800
2007-11-07,50.5985,50.7214,50.4755,50.6991,1456100
2007-11-08,50.6599,50.8220,50.5370,50.6096,2179600
2007-11-09,50.8779,51.1852,50.8164,51.0399,887200
2007-11-12,51.4088,51.4088,51.0512,51.2244,460600
2007-11-13,51.0903,51.1294,50.9506,51.0344,1116600
2007-11-14,50.8276,51.1405,50.8108,51.0902,684400
2007-11-15,51.1965,51.7274,51.1294,51.5709,1312900
2007-11-16,51.5653,51.8056,51.5318,51.6435,1333800
2007-11-19,51.7162,52.2080,51.6435,51.9788,1343900
2007-11-20,52.0235,52.1353,51.8615,51.9229,1367800
2007-11-21,52.1968,52.2974,52.1074,52.2247,1297800
2007-11-23,52.2192,52.4203,52.1465,52.3812,437400
2007-11-26,52.6550,53.8510,52.5991,53.4151,4427000
2007-11-27,53.0686,53.2307,52.5265,52.9066,3100300
2007-11-28,52.8450,52.9177,52.4427,52.5488,2088100
2007-11-29,52.9904,53.3257,52.9010,53.0015,1594500
2007-11-30,52.4650,52.7501,52.3868,52.7445,1952100
2007-12-03,53.1686,53.3594,52.8993,53.1630,1272700
2007-12-04,53.2472,53.3370,52.8264,53.1575,1721200
2007-12-05,52.8657,53.0059,52.4954,52.5234,1866000
2007-12-06,52.3607,52.3719,51.9230,52.0633,2270200
2007-12-07,51.7211,51.8165,51.2722,51.4798,2171000
2007-12-10,51.4181,51.4461,50.9187,51.1712,2242500
2007-12-11,51.4686,52.3102,51.3844,52.1756,2892400
2007-12-12,51.3114,51.9847,51.2104,51.6369,2225400
2007-12-13,51.4012,51.5191,51.0029,51.0758,1222100
2007-12-14,50.9411,51.0141,50.7784,50.8402,1354900
2007-12-17,51.0982,51.3619,51.0197,51.2946,2046200
2007-12-18,51.3900,51.7884,51.3676,51.6257,1417100
2007-12-19,51.8445,52.4953,51.5527,52.3102,2252400
2007-12-20,52.3270,52.6693,52.1924,52.1980,1659400
2007-12-21,52.1250,52.1362,51.4293,51.4349,1767600
2007-12-24,51.1824,51.3227,51.1038,51.1936,550300
2007-12-26,51.0702,51.4125,50.6550,50.7448,674700
2007-12-27,51.1965,51.3543,50.9881,51.2980,468600
2007-12-28,51.6303,52.1542,51.5458,52.0979,1967800
2007-12-31,52.2669,52.5486,52.1655,52.4134,1647600
2008-01-02,52.5317,53.3654,52.5035,53.1683,2959600
2008-01-03,52.9542,53.1683,52.7683,53.0950,1256700
2008-01-04,53.2359,53.3992,53.0668,53.1063,2420200
2008-01-07,53.0556,53.3936,52.9711,53.3373,1315500
2008-01-08,53.2021,53.3542,52.9148,53.2753,1604800
2008-01-09,53.3992,53.6865,53.3034,53.3767,2203500
2008-01-10,53.4443,53.4893,52.5655,52.6556,2681800
2008-01-11,52.6838,53.1119,52.6162,53.0668,1872900
2008-01-14,53.0668,53.2640,52.9542,53.2640,906100
2008-01-15,53.6076,53.8724,53.5569,53.8611,1435300
2008-01-16,53.9007,54.0190,53.3655,53.4725,3505100
2008-01-17,53.4950,54.2442,53.4781,54.1654,2940500
2008-01-18,53.8274,53.9513,53.6415,53.7936,2676800
2008-01-22,54.3118,54.4301,53.6865,54.3681,5423500
2008-01-23,55.1963,55.2977,54.0133,54.2442,7636600
2008-01-24,53.8274,53.9401,53.1457,53.1570,5676700
2008-01-25,53.0612,54.0809,53.0274,54.0527,4371100
2008-01-28,53.9006,54.0809,53.7203,53.8499,1633500
2008-01-29,53.6753,53.6978,53.2809,53.4837,3100200
2008-01-30,53.3429,53.3880,52.7232,53.1345,3468000
2008-01-31,53.6865,53.7598,53.3091,53.5119,11441000
2008-02-01,53.7035,53.9296,53.4548,53.8335,4163700
2008-02-04,53.3587,53.5114,53.2117,53.2796,1729600
2008-02-05,53.9353,54.0484,53.5735,53.6866,2594600
2008-02-06,53.4944,53.6187,53.3418,53.5226,1339800
2008-02-07,53.4378,53.4378,52.0359,52.3694,5419700
2008-02-08,52.7143,52.9856,52.6238,52.9687,2832800
2008-02-11,53.2965,53.5339,52.9856,53.1891,2960200
2008-02-12,52.7538,52.9404,52.5503,52.8725,2897700
2008-02-13,52.5334,52.8104,52.2337,52.3129,3697500
2008-02-14,51.8945,52.0641,51.2501,51.5441,7505000
2008-02-15,51.7872,52.0472,51.7024,51.9398,3687800
2008-02-19,51.5215,51.8380,51.2388,51.4140,2911600
2008-02-20,51.2276,51.7702,51.1936,51.7702,2550100
2008-02-21,52.0528,52.4881,52.0359,52.3185,4197200
2008-02-22,52.2846,52.4881,51.9341,52.0189,1959700
2008-02-25,51.9794,52.0868,51.2445,51.4876,3460900
2008-02-26,51.4197,51.6345,51.2897,51.5045,2618900
2008-02-27,51.6854,51.7645,51.2219,51.5497,2494400
2008-02-28,52.1998,52.4825,52.1150,52.4655,3410900
2008-02-29,52.9404,53.3983,52.8669,53.2683,3822000
2008-03-03,53.1480,53.4487,52.9097,53.1310,2036900
2008-03-04,53.3012,53.4033,52.5011,52.6146,3401100
2008-03-05,52.8018,52.8018,51.9167,51.9848,3871200
2008-03-06,52.0983,52.4501,52.0132,52.2629,1342600
2008-03-07,52.9323,52.9664,52.0529,52.3309,3601300
2008-03-10,52.6033,53.4090,52.5465,53.1026,3579000
2008-03-11,52.7678,52.7848,52.3195,52.6486,3309200
2008-03-12,52.8415,53.7210,52.7508,53.6643,4752900
2008-03-13,53.9197,54.0104,52.9154,53.2445,5763500
2008-03-14,53.6870,54.3622,53.6870,53.9026,6174800
2008-03-17,54.2373,54.6459,54.0785,54.3168,3329300
2008-03-18,54.0728,54.5608,53.8742,54.1069,4022300
2008-03-19,53.9707,55.3041,53.9707,55.0033,5206400
2008-03-20,55.0373,55.4629,54.9636,55.1395,3905900
2008-03-24,54.7423,54.7423,54.0161,54.0728,5596200
2008-03-25,54.1182,54.3679,54.0615,54.2998,2038200
2008-03-26,54.3452,54.5835,54.0331,54.0728,1652000
2008-03-27,53.6983,54.1069,53.6416,53.6927,2405700
2008-03-28,53.9537,54.2204,53.7608,54.2147,1745500
2008-03-31,54.5324,54.6515,54.2827,54.4075,2546300
2008-04-01,54.0236,54.0464,53.4367,53.5221,3821800
2008-04-02,53.5563,54.0520,53.5563,53.6360,3794200
2008-04-03,53.8469,53.9437,53.6303,53.7557,2839100
2008-04-04,54.2287,54.4509,54.1261,54.2457,1745200
2008-04-07,53.9153,54.0064,53.5050,53.9608,2231800
2008-04-08,54.2344,54.2686,53.7102,53.7728,1305200
2008-04-09,53.8811,54.4965,53.8754,54.3312,2883600
2008-04-10,54.3084,54.4167,53.8868,54.1489,1846500
2008-04-11,54.4736,54.6560,54.3996,54.5135,1987700
2008-04-14,54.3255,54.5306,54.1261,54.1945,3195300
2008-04-15,53.8013,53.8925,53.5051,53.5221,2821600
2008-04-16,53.4480,53.5962,52.6674,52.9979,4691100
2008-04-17,52.9808,53.0948,52.5591,52.9067,2020000
2008-04-18,52.4223,52.9238,52.3198,52.8611,2199700
2008-04-21,52.6560,53.1517,52.5933,53.0719,2805800
2008-04-22,52.9409,53.3740,52.9409,53.2543,1799700
2008-04-23,53.0435,53.3512,52.7244,53.0777,1221100
2008-04-24,52.5705,52.6845,52.3141,52.6275,3213600
2008-04-25,52.5021,52.5648,52.1375,52.3198,1742000
2008-04-28,52.1545,52.6218,52.0862,52.4793,1883900
2008-04-29,52.6389,52.9124,52.5079,52.6788,1269100
2008-04-30,52.6617,53.1061,52.3369,53.0549,2827500
2008-05-01,53.4358,53.5559,52.8296,53.0583,3226500
2008-05-02,52.4864,52.8467,52.3492,52.3892,2730800
2008-05-05,52.5322,52.5379,52.1204,52.3892,1309300
2008-05-06,52.6180,52.6580,51.9203,52.0118,4037500
2008-05-07,51.8859,52.2862,51.8230,52.2348,3876200
2008-05-08,52.2920,52.7266,52.2805,52.7037,2829500
2008-05-09,53.0297,53.1098,52.7323,52.8982,2064300
2008-05-12,53.0468,53.2756,52.8123,52.8181,1947400
2008-05-13,52.5150,52.6408,52.2176,52.2405,2123300
2008-05-14,52.6122,52.6179,51.8802,52.2634,2600900
2008-05-15,52.1376,52.8009,52.0918,52.7380,2164300
2008-05-16,52.5436,53.1212,52.4864,52.5207,1902600
2008-05-19,52.7609,52.7609,52.2119,52.5894,1348200
2008-05-20,52.8638,52.8982,52.5550,52.8638,1466000
2008-05-21,52.6408,52.9954,52.5322,52.8753,1762100
2008-05-22,52.5722,52.5722,51.9488,52.2519,2855900
2008-05-23,52.5150,52.7838,52.4406,52.4807,1802000
2008-05-27,52.2577,52.3606,52.0289,52.1261,1985800
2008-05-28,51.7773,51.8459,51.5485,51.6629,3250700
2008-05-29,51.4742,51.5257,50.9767,51.2912,3302400
2008-05-30,51.5428,51.7201,51.5028,51.6286,2514600
2008-06-02,51.6441,52.0229,51.4375,51.8278,3076400
2008-06-03,51.6900,52.4649,51.5465,52.2008,2447700
2008-06-04,52.4533,52.4533,51.5981,51.7359,2813000
2008-06-05,51.5523,51.6728,51.3399,51.4260,2632200
2008-06-06,51.9081,52.2812,51.7761,52.0918,3864800
2008-06-09,51.9311,52.4534,51.7646,52.0918,1812000
2008-06-10,52.0286,52.0631,51.4834,51.7531,1935300
2008-06-11,51.6843,52.0688,51.4891,51.6326,2265400
2008-06-12,51.4030,51.4489,50.9783,51.1160,4413100
2008-06-13,51.0644,51.3916,50.8980,51.0070,1983600
2008-06-16,51.1448,51.1849,50.8635,51.0185,1756800
2008-06-17,51.1677,51.2366,50.8463,51.1218,1712200
2008-06-18,51.2481,51.6383,51.1333,51.5522,2590000
2008-06-19,51.3801,51.5121,51.0988,51.2481,1700500
2008-06-20,51.6211,51.6957,51.4776,51.5465,4580900
2008-06-23,51.7015,51.9024,51.5580,51.6556,1594100
2008-06-24,51.8737,52.1205,51.7359,51.9999,3118400
2008-06-25,52.0287,52.0918,51.5466,52.0229,3251600
2008-06-26,52.2295,52.4821,52.1090,52.3730,4052300
2008-06-27,52.6485,53.0560,52.4878,52.9871,4144800
2008-06-30,53.0388,53.2741,52.8494,52.9986,3743000
2008-07-01,53.3915,53.4376,52.8097,52.8731,3805100
2008-07-02,52.9710,53.2129,52.9191,53.1495,2413700
2008-07-03,52.8270,53.1668,52.7291,53.0344,1405100
2008-07-07,53.0343,53.6564,52.7521,53.2763,3528400
2008-07-08,53.2820,53.6506,53.2359,53.6218,2176600
2008-07-09,53.5355,53.9387,53.5239,53.8580,1582000
2008-07-10,53.7602,54.0078,53.5355,53.8523,2723600
2008-07-11,53.8696,53.9963,52.9134,53.0862,5466000
2008-07-14,53.2129,53.7198,53.1611,53.5528,4135400
2008-07-15,53.6103,53.8177,53.3972,53.5355,4541400
2008-07-16,53.0401,53.1323,52.5390,52.5678,3435900
2008-07-17,52.5678,52.7694,52.1646,52.2970,5899900
2008-07-18,52.2797,52.5332,52.0148,52.1012,3475200
2008-07-21,52.1012,52.3604,51.9860,52.3028,3657200
2008-07-22,52.2106,52.2798,51.8593,52.0436,2675200
2008-07-23,51.9687,52.0551,51.6980,51.9399,2871900
2008-07-24,52.0436,52.5620,52.0436,52.4468,2613300
2008-07-25,52.1588,52.3258,51.8420,51.9226,3765300
2008-07-28,52.3892,52.6887,52.2452,52.4468,1275900
2008-07-29,52.2222,52.4122,52.0205,52.2337,1349100
2008-07-30,51.8938,52.5851,51.8593,52.2855,1667500
2008-07-31,52.8327,53.0228,52.5735,52.8039,3898700
2008-08-01,52.5912,52.9323,52.5102,52.9207,1804800
2008-08-04,52.6606,52.9785,52.6143,52.7993,2029900
2008-08-05,52.8109,52.9554,52.3889,52.4062,2191200
2008-08-06,52.2675,52.2675,51.9264,52.1923,3139500
2008-08-07,52.3947,53.1289,52.2791,53.0422,2765600
2008-08-08,53.1230,53.2329,52.9207,53.1866,1035400
2008-08-11,53.0594,53.0594,52.3773,52.6779,3939400
2008-08-12,53.0768,53.2040,53.0132,53.1693,1315000
2008-08-13,53.3601,53.3890,52.8745,52.9843,1940300
2008-08-14,53.3370,53.5335,53.2271,53.3254,2605300
2008-08-15,53.5740,53.8804,53.5162,53.7879,1964900
2008-08-18,53.8110,54.0770,53.7417,54.0018,1262200
2008-08-19,54.0192,54.0712,53.7012,53.7937,1944700
2008-08-20,53.9844,54.1752,53.8515,53.9440,2500000
2008-08-21,54.1290,54.1290,53.6202,53.8457,2267000
2008-08-22,53.8283,53.8630,53.5566,53.8110,1990000
2008-08-25,54.4122,54.5336,54.2562,54.3487,2028300
2008-08-26,54.3197,54.4585,54.1752,54.3949,1270900
2008-08-27,54.0481,54.5106,54.0192,54.4874,1555300
2008-08-28,54.2908,54.5799,54.1636,54.4932,1886500
2008-08-29,54.3544,54.4354,54.0596,54.2504,1739100
2008-09-02,53.9487,54.7784,53.8674,54.7552,2916000
2008-09-03,54.6971,55.0569,54.6914,54.9873,2105000
2008-09-04,55.1207,55.4456,55.0105,55.4282,3049800
2008-09-05,55.7125,55.8808,55.3586,55.3992,4167800
2008-09-08,55.0627,55.6313,54.8654,55.6313,5426200
2008-09-09,55.6023,56.2115,55.4340,56.1825,3890200
2008-09-10,55.6893,56.0839,55.5965,55.8344,2407900
2008-09-11,56.1593,56.1999,55.7009,55.8054,3592000
2008-09-12,55.8228,55.8924,54.9757,55.0859,4138200
2008-09-15,55.8634,56.9600,55.7415,56.8730,5889900
2008-09-16,58.4337,58.5208,56.8091,56.8614,6684400
2008-09-17,57.3952,57.6621,56.7047,57.1457,4371300
2008-09-18,56.8324,57.1457,56.2347,56.3102,4188300
2008-09-19,54.4592,55.1323,54.3664,54.5231,7169200
2008-09-22,53.9197,54.5173,53.7282,54.5173,4726300
2008-09-23,54.3142,54.5985,54.0357,54.3084,2236000
2008-09-24,54.5231,54.9757,54.3084,54.5463,1014900
2008-09-25,54.8828,54.8828,54.0473,54.4360,1881200
2008-09-26,54.5811,54.9989,54.5811,54.8306,1992800
2008-09-29,55.2193,56.8207,55.2135,56.4262,4799800
2008-09-30,56.3044,56.4494,54.8886,55.0511,1358100
2008-10-01,55.8950,56.3955,55.2606,55.7437,1767800
2008-10-02,56.2034,56.3664,55.9124,56.1918,931900
2008-10-03,56.6748,56.9135,55.5749,56.6865,1903100
2008-10-06,57.4664,58.1182,57.3965,57.7166,2906200
2008-10-07,57.2220,58.0077,57.0241,57.5421,1972000
2008-10-08,58.0135,58.1648,56.2675,56.7156,3386300
2008-10-09,56.6690,56.8611,55.9997,56.2384,1785400
2008-10-10,56.2267,56.4013,55.5865,55.8426,2200000
2008-10-13,55.3537,55.8426,54.8590,55.1267,1532100
2008-10-14,54.8532,55.4410,54.6495,54.7717,2100000
2008-10-15,54.7776,55.3130,54.3702,55.2955,1449500
2008-10-16,55.2839,55.4468,54.8125,55.0103,1063200
2008-10-17,55.1093,55.2315,54.1373,54.6320,1691800
2008-10-20,54.3818,55.2548,54.3352,55.0686,1146800
2008-10-21,55.3421,55.8659,55.1384,55.3595,1243700
2008-10-22,55.9415,56.7389,55.7844,56.4828,1069800
2008-10-23,57.0066,57.5536,56.3489,56.9018,1802000
2008-10-24,57.5129,57.6468,56.1336,56.2965,1495400
2008-10-27,56.9018,57.1579,56.0405,56.3373,1534100
2008-10-28,55.9765,56.3955,55.3770,55.5167,1505500
2008-10-29,55.7378,55.8775,54.9579,55.2373,1745800
2008-10-30,54.9987,55.1733,54.5913,54.7368,1326000
2008-10-31,55.0802,55.2431,53.9220,54.0268,2282500
2008-11-03,54.1787,54.4065,53.9625,54.1728,1111600
2008-11-04,54.3189,55.3415,54.1027,55.1896,1608800
2008-11-05,55.4467,55.9024,55.1603,55.8440,1931700
2008-11-06,55.2772,55.5402,54.8156,55.4408,919700
2008-11-07,55.2305,55.2305,54.6637,55.0785,1277100
2008-11-10,54.8098,55.5694,54.7396,55.3473,1352100
2008-11-11,55.6336,55.9842,55.4876,55.5109,696000
2008-11-12,55.8499,56.1362,55.6044,55.8674,1199400
2008-11-13,55.4584,55.6570,54.4884,54.5293,1631900
2008-11-14,55.5752,55.7797,55.3882,55.6103,1059300
2008-11-17,55.9083,56.1128,55.6804,55.8557,490300
2008-11-18,56.3173,56.6796,56.0719,56.5744,924800
2008-11-19,56.9542,58.0645,56.8023,58.0235,2090400
2008-11-20,59.4961,61.0270,59.0753,61.0211,5459800
2008-11-21,60.3317,60.7582,59.2799,60.1388,3249300
2008-11-24,59.6889,59.7707,59.0169,59.1980,1587300
2008-11-25,60.7407,61.0445,59.9986,60.9394,2632700
2008-11-26,61.1906,61.7165,60.8225,61.0211,2577600
2008-11-28,61.5003,61.9210,61.3191,61.7749,986400
2008-12-01,63.1732,64.7328,62.8097,64.1406,4031600
2008-12-02,63.6481,64.7093,63.4312,64.3869,3289300
2008-12-03,64.6507,64.9673,63.6481,64.5686,2951000
2008-12-04,65.1549,65.9522,64.7093,65.8408,2825400
2008-12-05,65.6357,66.2513,64.7386,64.7738,4557600
2008-12-08,64.7738,65.2252,64.3106,64.6330,2119500
2008-12-09,64.8324,65.9757,64.6389,65.9112,2055500
2008-12-10,65.2956,65.7529,65.1490,65.7529,2414900
2008-12-11,65.7705,65.9171,65.0025,65.8819,2416900
2008-12-12,65.9816,65.9933,64.6918,65.8819,2547100
2008-12-15,65.8702,66.8024,65.6943,66.6324,1707700
2008-12-16,68.2799,68.5378,66.8200,68.2799,4015100
2008-12-17,70.8068,71.0179,69.9215,70.1326,6407500
2008-12-18,70.7892,72.2022,70.6192,71.6041,4442000
2008-12-19,71.1996,72.1084,71.1058,71.6804,2668500
2008-12-22,71.7566,71.7566,70.7833,71.1292,2221400
2008-12-23,70.4374,71.2348,70.2967,71.0354,1746400
2008-12-24,70.7834,71.1293,70.7189,70.8830,717200
2008-12-26,71.2875,71.5103,71.0589,71.1175,454400
2008-12-29,71.4323,71.7734,70.9499,71.0322,1416000
2008-12-30,70.8793,71.7205,70.6322,71.7087,2590500
2008-12-31,71.4205,71.7676,69.9145,70.2087,2738000
2009-01-02,70.6205,70.8558,68.4439,68.4439,3464200
2009-01-05,68.0027,68.3321,66.2379,66.6791,5395200
2009-01-06,65.6614,66.6262,65.2967,66.0085,4109300
2009-01-07,65.8615,66.2850,65.5320,66.2674,2565600
2009-01-08,66.2614,66.4261,65.8791,66.2144,2603600
2009-01-09,65.5673,66.6791,65.4556,66.3144,2727900
2009-01-12,65.6320,67.0909,65.6320,67.0026,2462800
2009-01-13,66.7673,67.1085,66.4497,67.0732,1767400
2009-01-14,67.4439,68.2615,67.4439,68.1792,2494800
2009-01-15,68.3556,68.7792,67.9909,68.2909,2827200
2009-01-16,66.7203,68.2910,66.6850,67.2380,2994800
2009-01-20,66.0556,67.4321,66.0203,67.2262,3268300
2009-01-21,65.8438,66.4967,64.9437,65.1026,2838100
2009-01-22,65.0614,65.1614,63.4613,63.8496,4016600
2009-01-23,63.4849,63.7202,62.7613,63.3496,2676200
2009-01-26,63.1966,63.4260,62.5319,62.7966,2240900
2009-01-27,63.4143,64.4673,63.3143,64.2731,3420800
2009-01-28,64.3026,64.5967,62.1907,62.6672,4348100
2009-01-29,62.0966,62.5378,60.9789,61.2260,3724400
2009-01-30,61.5025,61.6907,60.8495,61.0318,2630000
2009-02-02,61.3592,62.3384,60.9876,62.1674,2700200
2009-02-03,61.5244,61.8370,60.6101,60.6868,2846400
2009-02-04,60.6100,60.6808,59.9435,60.4744,2305400
2009-02-05,60.8991,61.2766,60.2915,60.5275,2279500
2009-02-06,60.3151,60.6750,60.1087,60.3387,1667500
2009-02-09,59.9848,60.5629,59.6132,60.5334,2257300
2009-02-10,61.4123,61.9137,61.0230,61.8488,3782800
2009-02-11,62.3561,62.8221,62.2499,62.6510,2774200
2009-02-12,62.5154,62.6334,61.7839,62.0612,1818400
2009-02-13,61.3179,61.3179,60.3033,60.4095,2466800
2009-02-17,61.6719,62.3266,61.5539,62.2912,2813900
2009-02-18,62.5626,62.8575,61.5244,61.7603,2768600
2009-02-19,60.5746,61.3828,60.3033,60.7103,3219400
2009-02-20,61.5067,62.0317,60.9345,61.3002,4272000
2009-02-23,61.1114,61.8665,60.8578,61.8665,2688700
2009-02-24,62.3502,62.9283,61.8017,61.8017,4197100
2009-02-25,62.0789,62.2264,60.7753,61.0879,3908100
2009-02-26,60.6808,60.9109,60.1558,60.4449,2611100
2009-02-27,60.5039,60.7634,59.7016,60.0969,3267700
2009-03-02,60.4648,61.0918,60.3879,61.0918,3302000
2009-03-03,60.4707,61.2633,60.2223,60.6836,3084900
2009-03-04,60.0330,60.4826,59.8378,60.4057,3178400
2009-03-05,61.5296,62.3695,61.1865,62.0856,4562400
2009-03-06,61.6715,62.6830,61.5709,61.6715,3125900
2009-03-09,61.8193,61.8430,60.9971,61.3106,2070500
2009-03-10,60.5890,60.7783,60.0448,60.1335,2602600
2009-03-11,59.9147,60.7842,59.7018,60.7842,3101500
2009-03-12,60.7251,61.4999,60.5180,61.0741,3558900
2009-03-13,60.7783,61.4467,60.5298,60.7664,2504000
2009-03-16,59.6367,60.0093,59.4474,59.8082,3265600
2009-03-17,60.1690,60.5299,59.3823,59.4829,3076200
2009-03-18,59.8141,63.9252,59.6840,61.7365,8578800
2009-03-19,62.4759,62.4996,61.6478,61.8134,3650900
2009-03-20,61.8844,62.1092,61.3876,61.4704,3479700
2009-03-23,61.6892,61.7661,60.9084,60.9380,2097000
2009-03-24,60.4470,62.2038,60.2932,61.5177,5477100
2009-03-25,61.0977,61.3521,60.5180,60.6896,2549600
2009-03-26,60.5949,61.5532,60.4293,61.3935,2385300
2009-03-27,61.6064,62.0678,61.2574,61.8490,1853900
2009-03-30,62.3695,62.6239,61.4822,62.0856,2300100
2009-03-31,62.1328,62.5824,62.1091,62.5291,1094600
2009-04-01,62.9516,63.2126,62.6016,63.0999,2383400
2009-04-02,62.8151,62.9219,62.1922,62.3287,1766300
2009-04-03,62.2338,62.3821,60.8991,61.0533,3316800
2009-04-06,61.4211,61.4507,60.6380,60.7923,1418100
2009-04-07,60.8279,61.2846,60.7923,60.9465,1312600
2009-04-08,61.1422,61.6108,61.0710,61.4863,1007800
2009-04-09,60.7864,61.2075,60.4957,60.7152,1088800
2009-04-13,61.0770,61.4033,61.0592,61.2728,946600
2009-04-14,61.2490,61.8185,61.0592,61.5931,1336000
2009-04-15,61.7710,61.8719,61.0295,61.4863,1152500
2009-04-16,61.0118,61.3677,60.9702,60.9999,1055600
2009-04-17,60.7863,60.9287,60.1338,60.3295,2582800
2009-04-20,60.8813,61.3380,60.7745,61.2431,1714400
2009-04-21,61.7177,61.8185,60.6380,60.6380,909100
2009-04-22,60.7745,60.8397,59.9796,60.2702,2278100
2009-04-23,60.1219,60.3592,59.8787,60.2643,1688300
2009-04-24,59.7897,59.9025,59.3804,59.6592,2830000
2009-04-27,59.9559,60.0270,59.3567,59.9143,2294600
2009-04-28,60.2109,60.2584,58.7813,58.9355,2332500
2009-04-29,59.1253,59.3685,58.2236,58.4135,3752600
2009-04-30,58.1228,58.3483,57.7728,58.1822,2778100
2009-05-01,57.7877,57.8888,57.4604,57.7817,2772200
2009-05-04,57.9304,58.2041,57.5913,57.9721,2246700
2009-05-05,57.9899,58.2101,57.5734,57.9006,1369000
2009-05-06,57.7877,58.3113,57.7163,57.7639,2045900
2009-05-07,57.0855,57.5377,56.1276,56.3537,5755200
2009-05-08,56.5381,56.7583,56.3120,56.4905,2193400
2009-05-11,57.1510,57.3890,56.9963,57.2938,2167400
2009-05-12,57.2283,57.7281,57.0022,57.5020,2304800
2009-05-13,57.9304,58.2696,57.8590,58.1268,1917500
2009-05-14,58.0733,58.4600,57.8948,58.3529,1704600
2009-05-15,58.3113,58.3410,57.9900,58.3351,2306600
2009-05-18,58.3172,58.3767,57.3414,57.4307,2234700
2009-05-19,57.2343,57.4009,56.9487,57.1272,1624300
2009-05-20,57.0795,57.8114,57.0200,57.7281,2825700
2009-05-21,58.0435,58.0971,56.1395,56.2763,4771700
2009-05-22,55.8241,56.2228,55.5444,55.6515,4483400
2009-05-26,55.9609,55.9907,54.8126,54.8126,3633100
2009-05-27,54.8840,55.0863,53.7773,53.8427,7490200
2009-05-28,54.6043,54.7293,53.6880,54.6222,9824300
2009-05-29,54.5626,56.0680,54.5269,56.0323,4746700
2009-06-01,55.1220,55.1459,54.0654,54.3758,6987000
2009-06-02,54.6863,54.7818,54.1908,54.6684,5063600
2009-06-03,54.8952,55.2832,54.5191,55.1817,6727200
2009-06-04,54.5788,54.7519,53.8684,54.0415,5438600
2009-06-05,53.6714,54.2624,53.4565,53.6296,8439600
2009-06-08,53.9699,54.1609,53.4148,53.4924,4084000
2009-06-09,53.8386,53.9102,53.2775,53.4864,6046300
2009-06-10,53.0506,53.3849,52.2686,52.6447,12142000
2009-06-11,52.3880,53.4386,52.3462,53.2297,10692800
2009-06-12,53.3789,54.1132,53.3789,53.7072,6606800
2009-06-15,54.0475,54.4117,54.0117,54.1908,4518700
2009-06-16,54.2982,55.1757,54.2027,55.1340,5376000
2009-06-17,55.1877,55.7130,54.8235,54.8235,7197200
2009-06-18,54.4713,54.6683,53.7908,53.9938,6794000
2009-06-19,53.9222,54.7400,53.8505,54.7340,4750700
2009-06-22,55.1817,55.4623,54.9549,55.2653,3952300
2009-06-23,55.3787,55.9995,55.2653,55.9160,5356900
2009-06-24,55.9040,56.1547,55.3130,55.3548,6550400
2009-06-25,55.6473,56.4114,55.3190,56.3696,7140000
2009-06-26,56.4831,56.6502,56.2383,56.4652,4050400
2009-06-29,56.7517,56.9308,56.4592,56.5487,4334900
2009-06-30,56.2263,56.7755,55.9995,56.4532,3743700
2009-07-01,55.9459,56.3472,55.8381,56.3412,3379900
2009-07-02,56.4909,56.6586,56.2933,56.4730,2645100
2009-07-06,56.3232,56.4670,55.9280,56.3652,1886700
2009-07-07,56.0658,56.8203,56.0598,56.7425,2592400
2009-07-08,56.9640,57.9761,56.8263,57.7905,7912900
2009-07-09,57.1017,57.3293,56.5628,57.1017,5241400
2009-07-10,57.2635,57.6887,57.1497,57.6288,3981900
2009-07-13,57.6827,57.8504,57.2275,57.3054,2604300
2009-07-14,56.7484,56.9700,56.1136,56.3532,3629100
2009-07-15,55.4908,55.6944,54.8980,54.9039,4664200
2009-07-16,55.5807,55.8023,55.3950,55.4968,4225200
2009-07-17,55.0357,55.3112,54.6404,54.6404,3845700
2009-07-20,54.4069,55.3890,54.3769,54.9279,4436500
2009-07-21,54.7662,56.1136,54.6704,56.0238,3895300
2009-07-22,55.9340,56.0118,55.3112,55.5208,1986700
2009-07-23,55.5507,55.5747,54.2392,54.5027,3818800
2009-07-24,54.4967,54.7662,54.3590,54.7662,1765300
2009-07-27,54.0356,54.2931,53.8619,54.1374,2755900
2009-07-28,54.3290,54.9878,54.1554,54.6165,3324800
2009-07-29,55.1974,55.2693,54.4608,54.9159,2910200
2009-07-30,54.8201,55.7843,54.6345,55.6945,4040700
2009-07-31,56.2034,56.8083,55.8621,56.7783,5697000
2009-08-03,56.3686,56.4046,55.6475,55.9179,4029300
2009-08-04,56.2604,56.3145,55.0827,55.4733,3832200
2009-08-05,54.8664,55.7317,54.6020,54.6441,4458300
2009-08-06,54.6200,55.2149,54.3316,54.8303,3228500
2009-08-07,54.3316,54.6381,54.2114,54.3737,3543200
2009-08-10,54.3857,55.0647,54.3256,55.0527,3150100
2009-08-11,55.5153,55.8037,55.2750,55.6896,3677800
2009-08-12,55.8519,55.9240,54.7342,55.0947,4729200
2009-08-13,55.1608,55.9720,54.9805,55.8758,3922300
2009-08-14,56.0621,56.6029,56.0080,56.0922,4410400
2009-08-17,56.4527,56.9334,56.4046,56.9214,3569700
2009-08-18,56.8793,56.9454,56.4887,56.5909,2557900
2009-08-19,57.1858,57.3060,56.7291,57.0596,3518200
2009-08-20,57.3120,57.6064,56.9515,57.5283,3282700
2009-08-21,57.4682,57.5223,56.3326,56.3446,6258300
2009-08-24,56.1763,57.3660,56.1583,57.3660,4460200
2009-08-25,57.3060,57.7386,57.0296,57.6905,3359700
2009-08-26,57.7927,58.0150,57.6304,57.9549,3225800
2009-08-27,57.7927,58.0571,57.5223,57.7266,2514000
2009-08-28,57.3480,57.9910,57.2699,57.9910,2072500
2009-08-31,57.9008,58.2013,57.5403,58.0450,2899800
2009-09-01,57.7599,58.2180,57.3500,57.9046,3304200
2009-09-02,58.1578,58.8691,58.0131,58.7485,4345000
2009-09-03,58.3748,58.5436,58.2000,58.3868,2703800
2009-09-04,58.1336,58.2301,57.3018,57.3922,3643000
2009-09-08,56.9522,57.4887,56.8799,56.9884,2468900
2009-09-09,56.5965,56.9220,56.3735,56.9220,3182400
2009-09-10,57.2234,58.2964,57.2114,57.9709,4417300
2009-09-11,58.3627,58.8811,58.2301,58.2904,4826200
2009-09-14,57.8805,58.2723,57.6575,57.7117,2119500
2009-09-15,57.3801,57.7298,57.3078,57.4163,2187900
2009-09-16,57.4706,57.8383,57.0245,57.5188,3732300
2009-09-17,57.6815,58.3084,57.3681,58.2421,2832000
2009-09-18,57.9890,58.1879,57.6695,57.7238,2813300
2009-09-21,57.9287,58.1638,57.4826,57.8564,3050200
2009-09-22,57.6574,58.0914,57.5730,57.9769,2068000
2009-09-23,57.8323,58.2181,57.3862,58.1518,5712000
2009-09-24,58.1698,58.5255,57.9709,58.3205,4658400
2009-09-25,58.6882,59.1102,58.3326,59.0620,3854500
2009-09-28,59.2669,59.6346,59.1403,59.5803,4263300
2009-09-29,59.2670,59.7793,59.1645,59.5262,3123200
2009-09-30,59.4116,59.7552,59.2910,59.4719,2744800
2009-10-01,59.8389,60.5040,59.7422,60.2864,5754400
2009-10-02,60.6371,60.6552,59.7905,59.8691,4827700
2009-10-05,60.1473,60.2622,59.7240,59.8752,2910100
2009-10-06,59.7180,59.7421,59.2463,59.2826,3936200
2009-10-07,59.6635,60.0626,59.6212,59.9780,3591000
2009-10-08,60.2924,60.3226,59.0649,59.3491,5871600
2009-10-09,59.0286,59.0830,57.7467,57.9886,8135900
2009-10-12,58.0672,58.2486,57.8071,58.0793,1939700
2009-10-13,58.4240,58.5631,58.2063,58.3817,2886500
2009-10-14,57.7527,58.1095,57.3839,57.5169,5421000
2009-10-15,57.1844,57.6984,57.0635,57.2509,3736900
2009-10-16,57.5593,57.7649,57.2811,57.7165,3716800
2009-10-19,57.8011,58.1760,57.6741,58.1699,3163800
2009-10-20,58.6658,58.8049,58.3756,58.4844,2912400
2009-10-21,58.1458,58.1760,57.7528,58.1337,3355200
2009-10-22,57.6742,57.9463,57.6439,57.8495,2572200
2009-10-23,57.3718,57.6984,57.3658,57.4142,2996200
2009-10-26,57.1057,57.1481,56.5676,56.6704,4127400
2009-10-27,56.8215,57.5109,56.7913,57.4444,4476300
2009-10-28,57.5291,57.9281,57.4202,57.7165,4585400
2009-10-29,57.3355,57.4806,56.8094,57.0876,4645300
2009-10-30,57.5048,58.0551,57.3658,57.9160,5118000
2009-11-02,57.9391,57.9815,57.5084,57.6600,3463800
2009-11-03,57.7995,57.8480,57.0230,57.0837,4470700
2009-11-04,56.7865,57.0655,56.2951,56.5620,5349500
2009-11-05,56.3376,56.5620,56.2951,56.5620,2852000
2009-11-06,56.6470,56.6894,56.0889,56.6166,3381100
2009-11-09,56.5863,56.8411,56.4953,56.6834,1697800
2009-11-10,57.0534,57.0837,56.3619,56.5802,2549900
2009-11-11,56.7986,57.1202,56.7076,56.8168,1771100
2009-11-12,56.5621,56.7744,56.0828,56.7137,3431300
2009-11-13,56.9200,57.0595,56.6894,56.9746,1594200
2009-11-16,57.4174,57.9027,57.3385,57.6418,5175700
2009-11-17,57.6236,58.1150,57.5144,57.9512,3174400
2009-11-18,57.8967,57.9513,57.4720,57.6115,2413600
2009-11-19,57.7753,58.1271,57.5751,57.7146,2969800
2009-11-20,57.6297,57.8541,57.3810,57.7025,4136300
2009-11-23,57.3506,57.6904,57.2293,57.6297,3219300
2009-11-24,57.6964,58.0543,57.6236,57.9937,2895200
2009-11-25,57.9270,58.3759,57.6115,58.2606,2789300
2009-11-27,58.4790,58.5760,58.2909,58.4790,2249100
2009-11-30,58.3577,58.6792,58.2363,58.6185,3115800
2009-12-01,58.2759,58.3793,57.9290,57.9655,3979100
2009-12-02,57.9898,58.3976,57.8073,58.0142,2193900
2009-12-03,57.4665,57.7160,57.3509,57.4117,3947300
2009-12-04,56.7727,56.9918,56.5415,56.8032,6108100
2009-12-07,56.7605,57.0466,56.6510,56.8762,2774200
2009-12-08,57.2352,57.4300,56.8214,56.9614,2378600
2009-12-09,57.0162,57.2353,56.4016,56.6997,3494300
2009-12-10,56.4076,56.4745,55.9573,56.0485,4446300
2009-12-11,55.8903,56.1459,55.5678,56.0424,3053400
2009-12-14,56.2007,56.2919,56.0181,56.1094,2380400
2009-12-15,55.7260,55.9877,55.6773,55.8599,2993900
2009-12-16,55.9451,56.1398,55.5982,55.7929,3301600
2009-12-17,56.2920,56.7362,56.1033,56.7119,4428900
2009-12-18,56.7179,56.9005,56.3832,56.4684,3789500
2009-12-21,56.0242,56.1094,55.4643,55.4643,3524000
2009-12-22,55.2573,55.2999,55.0261,55.1539,3078800
2009-12-23,55.3548,55.6165,55.0748,55.1661,2336000
2009-12-24,54.9714,54.9896,54.5697,54.5941,1698900
2009-12-28,54.4419,54.5454,54.3446,54.4419,3170900
2009-12-29,54.5140,54.8987,54.4773,54.8010,2617000
2009-12-30,54.9171,55.2591,54.8805,55.1614,1919100
2009-12-31,54.8194,55.0331,54.3858,54.8988,3242400
2010-01-04,54.8682,55.0270,54.7095,54.8499,2829100
2010-01-05,54.9965,55.3507,54.9659,55.2041,2841600
2010-01-06,55.0698,55.1248,54.4285,54.4652,4099600
2010-01-07,54.4896,54.7461,54.4285,54.5568,2793200
2010-01-08,54.6666,54.6972,54.2086,54.5323,2910700
2010-01-11,54.3491,54.5751,54.2147,54.2331,2181300
2010-01-12,55.0637,55.2042,54.8683,55.1614,4321200
2010-01-13,54.9231,55.1369,54.4895,54.5200,4755000
2010-01-14,54.7766,55.2835,54.6850,55.2835,4188800
2010-01-15,55.5950,55.7782,55.5645,55.6256,4142800
2010-01-19,55.4057,55.6500,55.2225,55.4667,2496000
2010-01-20,55.7721,56.0469,55.7416,56.0286,2800500
2010-01-21,55.9126,56.4256,55.8576,56.2851,4363100
2010-01-22,56.2424,56.3767,56.0469,56.1874,3666900
2010-01-25,55.9065,56.1386,55.8759,55.9309,2419500
2010-01-26,56.1996,56.2546,55.7660,55.9492,3138100
2010-01-27,56.0347,56.2424,55.8026,55.9187,3325700
2010-01-28,55.6561,56.0042,55.6134,55.8882,3058200
2010-01-29,55.8271,56.4073,55.7294,56.3768,4930600
2010-02-01,56.2082,56.2205,55.8037,55.8650,3598500
2010-02-02,55.8833,56.0488,55.7975,56.0243,3047500
2010-02-03,55.6566,55.7546,55.3256,55.3747,5343700
2010-02-04,55.7669,56.2756,55.7118,56.2511,6095000
2010-02-05,55.9998,56.6434,55.9018,56.3737,6875800
2010-02-08,56.3062,56.4779,56.1714,56.4472,3386000
2010-02-09,56.2266,56.5207,55.8588,55.8833,4790000
2010-02-10,55.9691,56.1407,55.2827,55.3501,5068000
2010-02-11,55.2827,55.3317,54.7801,55.0498,5087500
2010-02-12,55.3501,55.4176,55.1295,55.2766,2833800
2010-02-16,54.9947,55.4298,54.9947,55.3808,2440900
2010-02-17,55.1111,55.2153,54.5963,54.7495,4368200
2010-02-18,54.8292,54.8537,54.2470,54.5289,5121800
2010-02-19,54.6943,54.8598,54.4860,54.8231,3502500
2010-02-22,54.6208,54.7434,54.4982,54.5963,3382600
2010-02-23,54.7557,55.4911,54.7312,55.4482,5474500
2010-02-24,55.4972,55.6995,55.2705,55.5830,4423200
2010-02-25,55.8833,55.9508,55.7117,55.8956,3707700
2010-02-26,56.0550,56.4227,56.0243,56.1837,4349100
2010-03-01,56.1529,56.2759,55.9255,56.1591,2415200
2010-03-02,55.8763,56.1222,55.7656,56.0853,2260600
2010-03-03,55.9562,55.9992,55.7656,55.9439,2156100
2010-03-04,55.9255,56.3681,55.8455,56.2390,2374700
2010-03-05,55.8455,55.8701,55.4090,55.5012,3823200
2010-03-08,55.2737,55.3168,55.1508,55.2122,2850400
2010-03-09,55.3229,55.3352,54.9663,55.2245,2573700
2010-03-10,55.0216,55.1508,54.8372,55.0831,3216200
2010-03-11,54.9602,55.4213,54.9479,55.2860,2621000
2010-03-12,55.1938,55.7348,55.1692,55.6303,3099100
2010-03-15,55.5504,55.6242,55.3659,55.5565,1936800
2010-03-16,55.6796,56.0054,55.6673,55.9993,3932600
2010-03-17,56.1407,56.2390,55.9931,56.2390,3481200
2010-03-18,56.2083,56.2452,55.9562,56.0546,2750300
2010-03-19,56.1099,56.3067,55.8701,56.1099,2976300
2010-03-22,56.1652,56.2513,56.0853,56.1714,2452300
2010-03-23,55.9931,56.1468,55.8947,55.9070,2910000
2010-03-24,55.2368,55.4889,54.7572,54.8864,8049300
2010-03-25,54.8003,54.8679,54.3330,54.5359,8268400
2010-03-26,54.4375,54.7941,54.4068,54.6896,4110700
2010-03-29,54.5851,54.6282,54.2961,54.4806,3245100
2010-03-30,54.4253,54.6897,54.2716,54.6528,3254600
2010-03-31,54.8557,55.0401,54.6897,55.0278,4263900
2010-04-01,54.7822,54.9426,54.5724,54.8933,2912400
2010-04-05,54.2947,54.3934,53.9429,53.9799,5652000
2010-04-06,54.1836,54.2144,53.9059,54.0663,3584600
2010-04-07,53.9676,54.8747,53.8750,54.7575,6389900
2010-04-08,54.8562,55.0043,54.6032,54.7822,3797600
2010-04-09,54.6835,54.9612,54.5600,54.9118,2311300
2010-04-12,55.0290,55.2697,54.9796,55.2018,2939600
2010-04-13,55.4733,55.5104,55.2450,55.3808,3090900
2010-04-14,55.3931,55.4610,54.9920,54.9920,3570100
2010-04-15,54.8315,55.2327,54.7266,55.0537,3698000
2010-04-16,55.1710,55.5351,55.0722,55.4549,8303900
2010-04-19,55.4610,55.5598,55.2450,55.3191,3211500
2010-04-20,55.4486,55.5350,55.3190,55.5165,2285000
2010-04-21,55.7079,56.0535,55.7017,55.9732,4162200
2010-04-22,56.0967,56.2139,55.7449,55.8066,2841400
2010-04-23,55.6708,55.7634,55.4610,55.6091,4776000
2010-04-26,55.8560,55.9424,55.5042,55.6709,4753900
2010-04-27,56.0658,56.7261,55.9732,56.4546,13199200
2010-04-28,56.2386,56.3744,55.8375,55.9732,8379500
2010-04-29,56.0720,56.2942,55.8622,56.2078,4067200
2010-04-30,56.3311,56.8804,56.2262,56.8557,6924800
2010-05-03,56.6142,56.9858,56.5275,56.7814,4211800
2010-05-04,57.4750,57.8837,57.3202,57.8032,11054800
2010-05-05,58.2491,58.7383,57.8094,58.1438,12219100
2010-05-06,58.3110,61.9276,58.0757,59.9397,19578200
2010-05-07,59.3761,60.7447,58.9984,59.1903,18740600
2010-05-10,57.6917,58.1748,57.6484,57.9642,10240100
2010-05-11,58.1996,58.2243,57.5865,57.8156,7729100
2010-05-12,57.6793,57.7537,57.3511,57.3759,5530800
2010-05-13,57.7537,57.9333,57.0972,57.7537,6849700
2010-05-14,58.2863,59.1409,58.2677,58.7569,9796500
2010-05-17,58.6578,59.2708,58.5029,58.5401,6302200
2010-05-18,58.7692,59.5557,58.6887,59.4381,9904100
2010-05-19,59.4133,60.0388,59.4071,59.6362,14121200
2010-05-20,60.6333,61.0420,60.3980,60.8934,17666900
2010-05-21,61.6860,61.7727,60.6023,60.9553,18670600
2010-05-24,61.1473,61.2278,60.6271,60.7448,7721100
2010-05-25,61.7108,61.8594,60.9367,61.0420,12952700
2010-05-26,60.8252,60.9367,60.3174,60.8686,12644800
2010-05-27,59.9645,60.0636,59.3762,59.4877,7653200
2010-05-28,59.7539,59.9335,59.4629,59.7601,5805500
2010-06-01,60.4163,60.4536,59.8074,60.1802,5536200
2010-06-02,60.2671,60.3914,59.5401,59.6085,5656400
2010-06-03,59.1611,59.5961,59.0927,59.1735,8499500
2010-06-04,60.2361,60.8637,60.0869,60.7642,7479600
2010-06-07,60.5965,61.2614,60.4784,61.2303,5288200
2010-06-08,60.8513,61.2117,60.7456,60.9258,5510800
2010-06-09,60.6462,60.9693,60.4038,60.8574,5598000
2010-06-10,60.3976,60.4535,59.7079,59.7700,6075100
2010-06-11,60.3293,60.7767,60.0311,60.5282,6266700
2010-06-14,59.8508,60.2982,59.7887,60.2174,5310400
2010-06-15,60.3417,60.4287,59.6831,59.9689,4920100
2010-06-16,60.3914,60.4101,59.8943,60.3106,4011100
2010-06-17,60.3666,61.0377,60.3169,60.8016,5650900
2010-06-18,60.8264,60.9631,60.6276,60.7021,4171700
2010-06-21,59.9378,60.6151,59.9068,60.5282,5740900
2010-06-22,60.6959,61.2676,60.5343,61.2489,5658900
2010-06-23,61.2738,61.8703,61.2490,61.6653,9137800
2010-06-24,61.7336,61.8827,61.1122,61.2986,6184600
2010-06-25,61.0936,61.7212,60.9942,61.5472,5148300
2010-06-28,61.8889,62.1375,61.7771,62.1251,5436000
2010-06-29,62.3363,62.8396,62.2369,62.8024,7334200
2010-06-30,63.0137,63.2498,62.6346,63.2249,7205700
2010-07-01,63.3059,63.9853,63.1875,63.3246,12893400
2010-07-02,63.0192,63.2249,62.4271,62.8198,6297600
2010-07-06,62.8447,63.4181,62.7886,63.3371,6620400
2010-07-07,63.2374,63.2686,62.5393,62.5954,5727800
2010-07-08,62.2152,62.4271,62.0469,62.1965,6260600
2010-07-09,61.9534,62.1030,61.8163,61.8412,4286000
2010-07-12,61.9098,62.2276,61.7290,61.8163,4062100
2010-07-13,61.6106,61.6356,61.1930,61.2865,5842500
2010-07-14,61.5296,62.0095,61.3239,61.9036,5417300
2010-07-15,62.1653,62.6951,62.1404,62.5206,6996100
2010-07-16,62.5206,63.0317,62.4957,62.8260,7512400
2010-07-19,62.6764,62.7949,62.3149,62.4396,4305800
2010-07-20,62.7450,62.8883,62.4396,62.5331,5076600
2010-07-21,62.6079,63.7485,62.5830,63.5927,7894200
2010-07-22,63.2685,63.2748,62.8385,62.8572,5759700
2010-07-23,62.8260,62.9320,62.1342,62.1903,6259100
2010-07-26,62.0967,62.2089,61.7041,62.0843,4856400
2010-07-27,61.5670,61.8163,61.4361,61.4860,5328000
2010-07-28,61.3862,61.8225,61.2491,61.6854,5507200
2010-07-29,61.1432,61.7166,61.0310,61.6667,6305500
2010-07-30,62.4520,62.7076,62.2339,62.6265,7683200
2010-08-02,62.0538,62.1101,61.7474,61.7474,5769200
2010-08-03,62.0288,62.3164,61.8600,62.1038,4363500
2010-08-04,62.2164,62.2226,61.6286,61.6286,3820400
2010-08-05,62.1163,62.2101,61.8037,61.9162,3704200
2010-08-06,62.3977,62.6603,62.2101,62.5915,6042400
2010-08-09,62.3664,62.5165,62.2851,62.3602,2578500
2010-08-10,62.5665,63.1606,62.1976,62.4915,11251000
2010-08-11,62.7228,63.3981,62.7228,63.3294,6778300
2010-08-12,63.5170,63.7421,63.0730,63.1731,7590100
2010-08-13,63.5420,64.0610,63.4544,63.9609,7843600
2010-08-16,65.1615,65.5867,65.0739,65.5617,7976200
2010-08-17,65.5616,65.5679,65.0301,65.1865,6756800
2010-08-18,65.6555,66.0619,65.3366,65.3616,7721600
2010-08-19,65.5242,66.6622,65.4304,66.3808,13128500
2010-08-20,66.5371,66.7998,66.1807,66.3058,7040300
2010-08-23,66.0619,66.3996,65.8118,66.3183,6360100
2010-08-24,66.9310,67.6126,66.6997,67.3812,9812100
2010-08-25,68.0316,68.3692,66.9498,67.1624,13299800
2010-08-26,67.2562,67.8377,67.0873,67.7939,7039900
2010-08-27,67.3875,67.7377,65.7805,65.8743,13514000
2010-08-30,66.4120,67.1561,66.1682,67.1374,5535300
2010-08-31,67.6689,67.9378,67.2938,67.8815,8397000
2010-09-01,67.1177,67.1365,65.9073,66.4780,12480700
2010-09-02,65.9763,66.0390,65.4745,65.7756,8167600
2010-09-03,64.4209,65.1860,64.4083,64.9602,9210700
2010-09-07,65.9072,66.3400,65.7316,66.2898,6018400
2010-09-08,65.9072,65.9825,65.4494,65.7630,6698400
2010-09-09,65.0355,65.1233,64.3707,64.4648,8588900
2010-09-10,64.1261,64.4083,63.8752,64.1700,6910300
2010-09-13,63.8439,64.6278,63.8251,64.4836,7054800
2010-09-14,64.6153,65.1107,64.5776,65.1044,5978100
2010-09-15,64.4397,64.7595,64.0571,64.1387,7919100
2010-09-16,63.6746,63.8565,63.2482,63.5053,17116200
2010-09-17,63.8627,64.0696,63.5428,63.7623,9203600
2010-09-20,64.0634,64.2515,63.7749,64.1324,5277800
2010-09-21,64.3895,65.2362,64.1324,65.0229,12664000
2010-09-22,65.5685,65.8947,65.1295,65.6062,8229400
2010-09-23,66.1079,66.1393,65.3742,65.7944,7412200
2010-09-24,65.1986,65.2926,64.9101,64.9101,8942500
2010-09-27,65.5560,66.1330,65.5246,66.0389,7061600
2010-09-28,66.0891,66.6786,66.0640,66.4904,8262900
2010-09-29,66.5845,66.6472,66.0703,66.2145,5507100
2010-09-30,66.1017,66.2208,65.2425,66.1707,10618400
2010-10-01,65.6116,66.1845,65.4543,65.8508,9368400
2010-10-04,65.8572,66.0523,65.7250,66.0208,4422700
2010-10-05,65.9264,65.9767,65.4228,65.6242,8491800
2010-10-06,66.0334,66.7888,66.0082,66.4489,6476100
2010-10-07,66.2034,66.3356,65.8886,65.8949,5780700
2010-10-08,66.0145,66.3859,65.6053,65.6053,6128700
2010-10-11,65.5361,65.7376,65.4291,65.6180,1474200
2010-10-12,65.7249,65.9453,64.9507,64.9696,6122400
2010-10-13,64.4282,64.9129,64.2331,64.8689,8168400
2010-10-14,65.0199,65.2465,63.8742,63.8994,10945000
2010-10-15,63.3266,63.6099,62.8796,63.1189,12694700
2010-10-18,63.7043,63.8617,63.4399,63.6287,5592200
2010-10-19,63.3140,64.2645,63.2951,64.0128,8017500
2010-10-20,63.8113,64.3841,63.7106,64.1512,5515800
2010-10-21,64.0128,64.1513,63.3833,63.3896,6836100
2010-10-22,63.2259,63.8742,63.2070,63.8176,4770700
2010-10-25,64.2834,64.3904,63.9246,64.0001,5632300
2010-10-26,63.4903,63.6162,62.9804,63.0119,8432000
2010-10-27,62.7475,63.0559,62.4579,62.4579,9245200
2010-10-28,62.6845,62.8419,62.4201,62.6279,8052600
2010-10-29,62.8356,63.2385,62.7097,63.2133,6753800
2010-11-01,63.6547,63.6610,62.8274,62.9411,5921000
2010-11-02,63.4400,63.8378,63.4147,63.7684,6537400
2010-11-03,64.2420,64.5830,62.1581,62.4675,25541800
2010-11-04,62.6254,63.0674,62.5685,62.9537,13246500
2010-11-05,62.1075,62.3917,61.8739,61.8739,12435000
2010-11-08,62.2591,62.4675,61.7729,62.1518,6795200
2010-11-09,62.1959,62.2149,60.7435,60.7814,15061700
2010-11-10,60.8446,61.0909,59.9921,60.8635,18540400
2010-11-11,60.9077,61.0214,60.7119,60.8319,3368100
2010-11-12,60.7561,61.0908,60.5035,60.5035,11739500
2010-11-15,60.2004,60.4467,59.2405,59.2405,14978700
2010-11-16,59.9352,60.7814,59.3542,60.7119,19901300
2010-11-17,60.4972,61.1035,60.2067,60.3772,9915600
2010-11-18,60.4215,60.6236,59.8658,60.6236,12424800
2010-11-19,60.6803,60.9961,60.4909,60.9961,8359500
2010-11-22,61.4887,61.6466,60.7751,61.2551,10413500
2010-11-23,61.6781,61.8550,61.4066,61.5582,9566900
2010-11-24,61.1351,61.2487,60.3583,60.4594,11467600
2010-11-26,61.0782,61.3308,60.9709,61.2992,4848900
2010-11-29,61.6087,61.8549,61.3119,61.8234,8950000
2010-11-30,62.6506,62.6885,61.9560,62.1455,11947600
2010-12-01,61.2456,61.5371,60.7640,60.7640,15441200
2010-12-02,60.8084,61.1759,60.5359,60.6056,9318700
2010-12-03,61.0111,61.0428,60.1049,60.1303,10194800
2010-12-06,60.5296,60.9921,60.3965,60.9795,7001800
2010-12-07,60.0226,60.1493,59.0340,59.6740,18533100
2010-12-08,59.3889,59.4396,58.3686,59.0974,19275900
2010-12-09,59.3128,59.7374,58.7615,59.3889,17477100
2010-12-10,59.1164,59.4776,59.0213,59.0277,7078500
2010-12-13,58.9643,59.5853,58.6538,59.2495,12399900
2010-12-14,58.5524,58.9453,57.9441,58.3877,23516400
2010-12-15,58.3497,58.4511,57.3294,57.6273,26084000
2010-12-16,57.6843,58.0328,57.3928,58.0265,17939000
2010-12-17,58.2229,59.4206,58.2102,59.0847,16849700
2010-12-20,59.4079,59.7121,58.7045,59.0214,13703500
2010-12-21,59.0151,59.4333,58.6095,59.4333,8985100
2010-12-22,59.2305,59.2812,58.8883,59.0087,6440900
2010-12-23,59.0468,59.0785,58.6349,58.8884,7091800
2010-12-27,58.7806,59.4903,58.4891,59.4143,5285900
2010-12-28,59.0900,59.1790,58.0599,58.2507,13972100
2010-12-29,58.3461,59.4652,58.1617,59.2363,13115400
2010-12-30,59.0582,59.3125,58.7593,59.1917,7029900
2010-12-31,59.4588,60.2154,59.4142,59.8466,8516000
2011-01-03,59.2617,59.9675,59.1027,59.3952,13799400
2011-01-04,59.3952,59.6241,59.0773,59.4651,10466900
2011-01-05,58.8102,58.9374,57.9836,58.1553,17568000
2011-01-06,58.2061,58.5749,57.9645,58.4096,9317500
2011-01-07,58.1871,58.8992,57.8819,58.7212,12694600
2011-01-10,58.8674,59.1281,58.6131,59.0391,8295200
2011-01-11,58.8102,58.8801,58.3015,58.7085,9495400
2011-01-12,58.3333,58.6067,58.1489,58.2507,9522900
2011-01-13,58.2570,58.9882,58.1489,58.7720,14502400
2011-01-14,58.9946,59.0709,58.3460,58.3969,8960700
2011-01-18,58.0471,58.3142,57.6911,58.1234,10663600
2011-01-19,58.1235,58.5431,58.0917,58.5431,8886900
2011-01-20,58.1807,58.2506,57.4749,57.7356,14203400
2011-01-21,57.6657,58.1934,57.5512,58.1934,9085600
2011-01-24,58.4159,58.4350,58.1044,58.2188,7700200
2011-01-25,58.4605,59.0709,58.0662,58.7720,13438100
2011-01-26,58.6385,58.6640,57.7928,57.8818,13322900
2011-01-27,57.9073,58.2761,57.6529,58.1425,10868700
2011-01-28,57.7420,58.6767,57.7165,58.4478,11993200
2011-01-31,58.2824,58.4859,57.8946,58.0027,8647600
2011-02-01,57.7793,57.9644,57.5177,57.7155,11508400
2011-02-02,58.0027,58.0665,57.3646,57.7283,13624600
2011-02-03,57.4028,57.7921,57.2433,57.2497,12785800
2011-02-04,57.1093,57.2050,56.6435,56.6690,17172200
2011-02-07,56.5989,56.9817,56.5159,56.9626,8554800
2011-02-08,56.9880,57.1348,56.3819,56.4393,10454200
2011-02-09,56.5925,57.2114,56.2415,56.9307,13078600
2011-02-10,56.7264,56.8796,56.2670,56.2734,10486800
2011-02-11,56.8094,57.1285,56.6244,57.0838,11333400
2011-02-14,56.9881,57.3837,56.9881,57.1221,8033500
2011-02-15,57.1476,57.4092,57.0264,57.3773,7298000
2011-02-16,57.3454,57.6325,57.0072,57.1922,8446300
2011-02-17,57.4411,57.5432,57.2114,57.2816,6732500
2011-02-18,57.0582,57.1412,56.8413,57.1029,6080700
2011-02-22,57.3709,58.0282,57.2433,57.9580,11905700
2011-02-23,58.1303,58.4175,57.9006,58.1686,14522600
2011-02-24,58.4685,58.7301,58.3472,58.5386,12110900
2011-02-25,58.5387,58.8832,58.4748,58.8832,6841700
2011-02-28,58.8960,59.0363,58.7556,58.9598,9682500
2011-03-01,58.5866,59.1499,58.5546,59.1307,8048700
2011-03-02,58.7914,58.8875,58.2153,58.2217,8526400
2011-03-03,57.9528,58.1129,57.6008,57.6520,10607600
2011-03-04,57.6776,58.1577,57.6136,58.1321,9316200
2011-03-07,57.6264,58.1641,57.5176,57.7608,7522300
2011-03-08,57.6840,57.8312,57.3895,57.4087,8498700
2011-03-09,57.6712,58.1385,57.5175,57.9656,8904800
2011-03-10,58.1704,58.9578,58.0232,58.9386,13385800
2011-03-11,58.9195,58.9451,58.4650,58.6058,8407600
2011-03-14,58.5609,58.8426,58.4585,58.5801,6765200
2011-03-15,59.4060,59.5661,59.1244,59.4572,14893800
2011-03-16,59.7708,60.7759,59.5852,60.1293,24294200
2011-03-17,59.6876,59.9244,59.3803,59.6684,10528500
2011-03-18,59.3739,59.8413,59.3355,59.8284,7260900
2011-03-21,59.6172,59.6492,59.2587,59.4763,10542900
2011-03-22,59.4123,59.7196,59.3675,59.6748,6904700
2011-03-23,60.0781,60.0973,59.4892,59.5980,8358000
2011-03-24,59.3804,59.4572,59.1435,59.1499,9477600
2011-03-25,59.4444,59.5084,58.9067,59.0027,6447200
2011-03-28,58.9707,59.3228,58.8939,59.0859,3996800
2011-03-29,58.8810,59.2139,58.6185,58.6313,6487200
2011-03-30,58.7146,59.0987,58.6122,59.0987,5048300
2011-03-31,59.3227,59.3547,58.6442,58.9771,9654300
2011-04-01,58.8202,59.3152,58.7688,59.2638,7860400
2011-04-04,59.2702,59.5145,59.2252,59.3281,4469100
2011-04-05,59.2445,59.3859,58.9295,59.0902,9951600
2011-04-06,58.9938,59.0067,58.2031,58.2031,9090900
2011-04-07,58.1967,58.3445,57.9395,58.0874,9265100
2011-04-08,57.8109,58.0616,57.7595,57.7788,7605700
2011-04-11,57.7467,57.9974,57.6310,57.8303,5734000
2011-04-12,58.2481,58.6531,58.2160,58.4538,7686500
2011-04-13,58.2030,58.8202,58.1388,58.8202,7959300
2011-04-14,58.8459,58.9938,58.6402,58.7752,7609600
2011-04-15,59.3088,59.5981,59.1867,59.5724,10222900
2011-04-18,59.1352,59.8488,58.7881,59.7074,12036700
2011-04-19,59.6945,59.9645,59.6302,59.9645,5295100
2011-04-20,59.8294,59.9516,59.5337,59.5787,6754100
2011-04-21,59.7138,59.9323,59.5016,59.5273,3365600
2011-04-25,59.5466,59.7652,59.4631,59.7523,3626900
2011-04-26,59.9580,60.3437,59.9002,60.3309,7506300
2011-04-27,60.0674,60.1509,59.6238,59.7138,8869300
2011-04-28,59.9259,60.1702,59.7652,60.1702,8110200
2011-04-29,60.0866,60.3759,60.0095,60.3566,5900000
2011-05-02,60.2469,60.4793,60.1501,60.4535,5285100
2011-05-03,60.6601,60.7956,60.4147,60.7956,6486600
2011-05-04,60.8860,61.1507,60.8602,61.0668,7406300
2011-05-05,61.2798,61.7382,61.2088,61.6478,9600000
2011-05-06,61.0152,61.6478,60.9119,61.3767,9451500
2011-05-09,61.2669,61.4606,61.2282,61.3121,3731200
2011-05-10,61.1378,61.2605,60.8731,60.8731,5458300
2011-05-11,60.8925,61.3896,60.8021,61.2217,6078700
2011-05-12,61.2992,61.4025,60.6277,60.8343,8015800
2011-05-13,61.1055,61.6478,61.0280,61.3831,8380000
2011-05-16,61.3508,61.8415,61.1765,61.7253,6053600
2011-05-17,61.9964,62.3644,61.9642,62.3580,9826900
2011-05-18,62.1514,62.2288,61.5122,61.5316,7707600
2011-05-19,60.9829,61.5381,60.9829,61.5058,8052400
2011-05-20,61.3444,61.5962,61.1507,61.5381,5602300
2011-05-23,61.8027,62.0997,61.7123,61.8350,6300000
2011-05-24,61.7446,62.0674,61.6284,62.0674,5549100
2011-05-25,62.0739,62.1578,61.6801,61.7769,5664500
2011-05-26,61.9577,62.3322,61.9061,62.3063,8307900
2011-05-27,62.0610,62.3064,61.8996,62.2805,5390600
2011-05-31,62.0932,62.4677,62.0351,62.4225,7003900
2011-06-01,62.7996,63.3180,62.7802,63.2661,12746400
2011-06-02,62.5211,62.7932,62.0610,62.0610,15738700
2011-06-03,62.5793,62.5923,61.9249,62.4173,10644100
2011-06-06,61.8601,62.1970,61.6916,61.9443,8776900
2011-06-07,61.7046,62.2424,61.6333,62.2295,7399200
2011-06-08,62.3720,62.7478,62.3137,62.7154,7401800
2011-06-09,62.9162,63.0653,62.1581,62.4627,9963000
2011-06-10,62.7932,63.1042,62.7219,62.9422,7710800
2011-06-13,62.6829,63.0393,62.6181,62.6246,5540000
2011-06-14,62.0351,62.1387,61.6398,61.6787,8672400
2011-06-15,61.8018,62.8126,61.7953,62.7997,12979100
2011-06-16,62.9163,63.1949,62.7219,63.0847,10961200
2011-06-17,62.7608,62.9487,62.6182,62.7867,9622900
2011-06-20,63.0653,63.0847,62.5858,62.8644,6613800
2011-06-21,62.6571,62.8709,62.3784,62.5858,7894900
2011-06-22,62.8255,62.8903,62.4691,62.6246,5503700
2011-06-23,63.0069,63.3309,62.9486,63.1041,8586800
2011-06-24,63.0847,63.2986,62.8385,62.8385,7960900
2011-06-27,62.7543,62.7672,61.9119,61.9767,9331300
2011-06-28,61.8666,61.9962,61.3741,61.4778,12634300
2011-06-29,61.5232,61.6851,60.9206,61.0696,11084900
2011-06-30,61.0567,61.1085,60.3504,60.9724,11555600
2011-07-01,61.2000,61.2650,60.6993,60.8749,6637200
2011-07-05,61.1414,61.2259,60.9139,61.0114,4615600
2011-07-06,61.2390,61.4080,61.0114,61.3235,5652700
2011-07-07,61.0049,61.2065,60.8229,61.1415,6823700
2011-07-08,61.6615,62.1622,61.6550,62.0061,12129300
2011-07-11,62.4418,62.9359,62.2532,62.9359,9760800
2011-07-12,63.2610,63.2675,62.7799,63.1505,9083900
2011-07-13,62.8774,63.3455,62.4873,63.3260,13112200
2011-07-14,62.8189,63.6511,62.4223,62.4223,11471500
2011-07-15,61.9541,62.5458,61.9216,62.5263,7086200
2011-07-18,62.4548,62.5263,61.8956,61.9216,8206500
2011-07-19,61.9737,63.2415,61.8761,63.2090,15249400
2011-07-20,62.8839,62.9619,62.3312,62.4613,9673300
2011-07-21,61.9216,62.3247,61.7005,61.9801,11099200
2011-07-22,62.2142,62.4743,62.1102,62.4483,4974500
2011-07-25,61.7461,62.4483,61.6551,61.7656,10869400
2011-07-26,61.9606,62.3312,61.9216,62.1882,7682800
2011-07-27,61.9867,62.3117,61.8306,62.1947,11224200
2011-07-28,62.4873,62.6173,62.2272,62.4288,7081600
2011-07-29,62.9945,64.0607,62.9229,63.6641,19582400
2011-08-01,63.5303,64.5414,63.5042,64.3066,14348200
2011-08-02,64.7241,66.2571,64.5088,66.2375,20850600
2011-08-03,66.2571,67.4639,66.1201,66.3680,21179700
2011-08-04,66.7855,68.8534,66.7137,68.7294,34076600
2011-08-05,67.4770,68.8208,66.7203,66.7463,41677700
2011-08-08,67.3074,69.0099,67.1573,68.8534,38259500
2011-08-09,68.5011,71.3453,67.1899,69.0621,39881400
2011-08-10,70.2102,71.1496,69.7601,71.1170,46221000
2011-08-11,70.0211,70.3277,67.3204,67.5292,37790100
2011-08-12,68.1293,68.9251,67.8879,68.8664,15590800
2011-08-15,68.4554,68.8077,68.1488,68.1684,10051700
2011-08-16,68.2728,69.5644,68.2532,69.2969,15993200
2011-08-17,69.3556,70.5168,68.9969,70.5103,15906600
2011-08-18,71.8149,73.1522,71.2865,71.9584,27274600
2011-08-19,72.1802,72.6760,71.9063,72.5390,15708400
2011-08-22,72.0563,72.5782,72.0106,72.3564,13157700
2011-08-23,71.5997,72.5195,71.3322,71.3583,16017800
2011-08-24,71.2931,71.3714,69.2448,69.3296,14621600
2011-08-25,69.5971,70.3864,69.3818,70.0798,10565900
2011-08-26,70.9016,71.2800,70.0145,70.7712,11504800
2011-08-29,69.6035,70.0602,69.5383,69.7927,6764300
2011-08-30,70.7321,71.2017,70.6146,70.9147,9508700
2011-08-31,70.9800,71.0779,69.8189,69.8189,12186000
2011-09-01,70.3174,71.3054,69.4079,71.2989,10686600
2011-09-02,72.8822,73.6608,72.4046,73.6150,16557100
2011-09-06,74.8648,75.1985,74.1909,74.3806,14016200
2011-09-07,73.4645,73.5234,72.8299,72.9607,11524300
2011-09-08,73.4776,73.6935,72.8495,73.6150,11480900
2011-09-09,73.6347,74.7078,73.4188,74.4002,11492700
2011-09-12,74.3086,74.7535,74.0011,74.4787,7602200
2011-09-13,74.1973,74.3216,73.3533,73.4187,9282400
2011-09-14,73.2617,74.1647,73.1636,74.0404,11948500
2011-09-15,73.2683,73.6020,72.9084,72.9084,8884000
2011-09-16,72.8299,73.6674,72.7906,73.4384,10053500
2011-09-19,74.7208,75.3686,74.6685,74.8386,13033500
2011-09-20,74.8320,75.1591,74.6226,75.1526,6360600
2011-09-21,75.0021,77.7240,74.7208,77.6390,18687100
2011-09-22,79.4383,81.0479,79.3205,80.5571,25041400
2011-09-23,80.5572,80.7142,79.0588,79.0588,15173800
2011-09-26,78.5943,78.8887,77.5867,77.7895,15110100
2011-09-27,76.3893,76.7491,76.0687,76.5986,13589600
2011-09-28,76.4874,76.6248,75.7415,76.5724,12642600
2011-09-29,76.9519,77.7436,76.6117,77.1024,12341800
2011-09-30,78.5288,79.1112,77.8549,79.0392,13546400
2011-10-03,79.9483,81.2143,79.4432,81.2143,15882000
2011-10-04,81.5817,82.0146,80.1451,80.1845,17301400
2011-10-05,79.8040,79.8827,79.1480,79.6072,14275000
2011-10-06,79.1349,79.3776,78.1379,78.1379,9681600
2011-10-07,77.2392,78.0920,76.6489,77.5607,11564600
2011-10-10,76.6292,76.6883,75.9601,76.4652,3567600
2011-10-11,76.9374,76.9833,76.0256,76.2093,7520200
2011-10-12,75.2386,75.5141,74.4383,75.1009,14033400
2011-10-13,75.4551,76.4521,75.4092,75.8486,11263300
2011-10-14,74.7007,75.1795,74.5236,74.7466,8411000
2011-10-17,74.9762,76.0716,74.9237,76.0388,9664000
2011-10-18,76.1831,76.6291,74.9761,75.5665,12495600
2011-10-19,75.1336,75.9208,74.8844,75.5403,6629300
2011-10-20,75.0811,75.8749,74.8253,75.0024,7832100
2011-10-21,74.6875,74.9106,74.2087,74.2087,9906300
2011-10-24,74.7335,74.8319,74.1562,74.3333,6344500
2011-10-25,74.3727,76.3209,74.3530,76.2225,11791200
2011-10-26,75.6912,76.2290,74.8253,74.8909,12747000
2011-10-27,73.8086,74.0251,72.0375,72.3524,19471400
2011-10-28,72.7459,73.4412,72.6541,73.1132,10127900
2011-10-31,74.5235,76.0126,74.4252,76.0126,15242100
2011-11-01,78.0703,78.5833,77.0575,78.5570,24400600
2011-11-02,76.7025,77.8402,76.5644,77.5772,13181100
2011-11-03,76.5118,77.1760,76.2816,76.5118,8386700
2011-11-04,76.1040,76.9787,75.9790,76.6038,7583700
2011-11-07,76.7091,77.8336,76.4986,77.0905,9279700
2011-11-08,76.7814,77.3009,75.9593,76.1040,7539400
2011-11-09,77.7744,78.3466,76.9918,77.6824,13004500
2011-11-10,76.8011,77.3470,75.7686,76.5249,11644600
2011-11-11,76.1763,76.3999,75.9593,76.0580,2483900
2011-11-14,76.5447,77.3404,76.4263,77.2813,9252600
2011-11-15,77.4061,77.9059,76.7616,77.1759,7587500
2011-11-16,77.5771,77.8862,77.0641,77.8796,7470000
2011-11-17,77.6297,79.0240,77.6297,78.5044,9907900
2011-11-18,78.3795,78.6228,77.8139,78.4847,6792600
2011-11-21,79.1687,79.3988,78.8596,78.9516,7345600
2011-11-22,79.1489,79.8460,78.8201,79.8329,7866300
2011-11-23,79.6816,80.9246,79.5961,80.6155,10129300
2011-11-25,80.1025,80.1486,79.4054,79.4449,4311900
2011-11-28,78.0178,79.6751,77.9849,79.4054,7661900
2011-11-29,78.9385,79.5238,78.3137,78.7544,8952800
2011-11-30,77.8271,77.9718,77.1168,77.5245,11806800
2011-12-01,76.6675,77.2938,76.3444,77.1355,9647200
2011-12-02,76.8850,78.2432,76.8455,78.2168,7764900
2011-12-05,77.1355,78.3420,77.0564,78.0585,7862800
2011-12-06,77.6696,77.9860,76.9839,77.3136,8506300
2011-12-07,77.3531,77.9530,77.0366,77.5904,6588300
2011-12-08,77.6102,78.6717,77.4058,78.5596,8800500
2011-12-09,78.5003,78.5398,76.8916,76.9444,9855100
2011-12-12,77.7355,78.1179,77.5377,77.8014,5734600
2011-12-13,77.3202,78.8695,77.2411,78.5266,8901800
2011-12-14,78.9749,80.0298,78.7772,80.0100,11247700
2011-12-15,79.5486,79.9837,79.3574,79.7134,5438700
2011-12-16,80.0232,80.8407,79.9639,80.6429,9321900
2011-12-19,80.6430,81.7637,80.6034,81.6649,7845100
2011-12-20,80.8671,80.8737,79.5156,79.6277,13945400
2011-12-21,79.5288,79.6606,78.5003,78.5201,11600100
2011-12-22,79.1134,79.3903,78.6848,78.8497,5247400
2011-12-23,78.1641,78.2629,77.6234,77.9729,5409700
2011-12-27,78.0059,78.3432,77.7942,78.3432,4270300
2011-12-28,78.5351,80.0629,78.3433,79.7917,8302300
2011-12-29,79.6859,80.0893,79.4081,79.9372,4305000
2011-12-30,80.1026,80.5325,79.9570,80.1952,5948800
2012-01-03,78.9848,79.5007,78.6607,78.9914,9076900
2012-01-04,78.8790,78.8922,77.8339,78.0522,8417100
2012-01-05,78.1580,78.7731,77.7612,77.9133,6465800
2012-01-06,77.8802,78.6805,77.8538,78.5284,7348500
2012-01-09,78.3564,79.0641,78.2440,78.3895,5582400
2012-01-10,77.8670,78.6210,77.8339,78.2572,8932500
2012-01-11,78.7335,79.4081,78.6938,79.2758,8634500
2012-01-12,79.3353,79.4940,78.8657,79.1633,7205400
2012-01-13,80.0959,80.4531,79.9041,79.9504,9819000
2012-01-17,79.9968,80.4465,79.9174,80.3209,5449900
2012-01-18,80.3804,80.4333,79.3089,79.3486,5804000
2012-01-19,78.9253,79.0774,77.9927,78.2572,8625700
2012-01-20,77.8538,78.0191,77.3643,77.3710,6548200
2012-01-23,76.8088,77.1461,76.4252,76.8815,7274800
2012-01-24,77.1924,77.1924,76.5773,77.0205,5776500
2012-01-25,76.7624,78.3961,76.6500,76.8352,12867600
2012-01-26,77.1527,77.8538,77.1130,77.8538,7638500
2012-01-27,77.9332,78.2639,77.3908,78.0985,5165300
2012-01-30,79.2626,79.6263,78.9319,79.0178,8388400
2012-01-31,78.8790,79.9703,78.8327,79.9306,7998300
2012-02-01,79.3929,79.4923,78.7697,79.0150,7925200
2012-02-02,78.8692,79.2139,78.6570,78.9819,5596900
2012-02-03,77.2117,77.4371,76.8868,77.2846,12467400
2012-02-06,77.3642,78.1001,77.1321,78.0537,6180600
2012-02-07,77.3178,77.4901,76.7542,77.0857,8794800
2012-02-08,77.0393,77.4305,76.8934,77.1454,7613400
2012-02-09,76.8139,76.9332,75.9918,76.5686,11477700
2012-02-10,77.4371,77.7885,77.2515,77.5631,7193100
2012-02-13,77.3045,77.8150,77.1918,77.6625,6422900
2012-02-14,77.8614,78.4183,77.7222,78.0736,8271200
2012-02-15,78.0073,78.4117,77.8946,77.9343,6846100
2012-02-16,77.7487,77.9675,76.9929,77.3111,9036200
2012-02-17,76.8139,77.3111,76.7476,77.2912,6338000
2012-02-21,76.7542,76.8537,76.2106,76.4360,8338300
2012-02-22,76.8338,77.4106,76.7807,77.3973,7736800
2012-02-23,76.9995,77.7156,76.8603,77.3973,5163900
2012-02-24,77.7222,77.9542,77.5365,77.9012,5676900
2012-02-27,78.5642,78.7962,78.3122,78.5907,8180700
2012-02-28,78.8094,78.9884,78.1929,78.3321,6615700
2012-02-29,78.4780,78.5111,77.5432,77.8548,14235000
2012-03-01,77.1949,77.5338,76.7763,77.1218,12265600
2012-03-02,77.4807,78.0654,77.4475,77.8462,6669600
2012-03-05,77.7199,78.0389,77.2282,77.2282,6921900
2012-03-06,78.0455,78.4841,78.0388,78.1651,6299700
2012-03-07,78.0521,78.1518,77.6202,77.6867,5567500
2012-03-08,77.2946,77.4608,76.8428,76.9092,7982100
2012-03-09,76.7430,77.0753,76.3510,77.0620,6975600
2012-03-12,77.2946,77.4275,76.9956,77.0487,5280000
2012-03-13,76.5969,76.6899,75.6799,75.6932,14413600
2012-03-14,74.8891,74.9223,73.7262,73.7860,24515300
2012-03-15,73.6930,74.2512,73.6797,73.8990,14154000
2012-03-16,73.4272,74.0518,73.2279,74.0452,13427200
2012-03-19,73.9986,74.0784,72.8889,73.1614,14011400
2012-03-20,73.3807,73.6731,72.9953,73.4538,9443800
2012-03-21,73.6664,74.3508,73.6332,74.2844,10242000
2012-03-22,74.6167,74.6699,74.3376,74.5237,8009800
2012-03-23,74.8825,75.3476,74.8625,75.2280,8465300
2012-03-26,74.9755,75.0951,74.2911,74.8426,8118600
2012-03-27,74.9423,75.5536,74.8891,75.3808,6972300
2012-03-28,75.0353,75.7131,74.9888,75.2745,7886000
2012-03-29,75.7663,75.8792,75.4739,75.8394,7692900
2012-03-30,75.8925,75.9324,74.5503,74.5569,9467500
2012-04-02,75.2830,75.4829,74.7501,74.9699,8944000
2012-04-03,75.2897,75.5762,73.6641,73.6708,14774300
2012-04-04,74.4636,74.6968,74.2238,74.6835,10095600
2012-04-05,75.2830,75.3297,74.8367,75.2231,6364100
2012-04-09,76.9753,77.1285,76.7754,76.9819,14374600
2012-04-10,77.2484,78.1412,77.1352,77.8547,14421300
2012-04-11,77.0885,77.3217,76.8487,76.9220,8713000
2012-04-12,77.0619,77.1152,76.4956,76.6022,9008500
2012-04-13,77.3817,77.8813,77.3617,77.8414,8607700
2012-04-16,77.7481,78.3477,77.6615,77.7281,7735000
2012-04-17,77.6348,77.8346,77.4482,77.6814,5398600
2012-04-18,77.9813,78.0279,77.7681,77.9080,4074400
2012-04-19,78.1145,78.2611,77.9613,77.9813,5374300
2012-04-20,77.6548,78.0345,77.5016,77.9946,5043300
2012-04-23,78.6875,78.8873,78.4743,78.5609,5170100
2012-04-24,78.3543,78.4542,78.0012,78.0078,4336600
2012-04-25,77.5548,78.1611,77.0752,77.6081,8859500
2012-04-26,78.2278,78.2544,77.6748,78.0746,5133000
2012-04-27,77.9612,78.1878,77.8080,78.1411,3112900
2012-04-30,78.3277,78.4476,78.0745,78.1612,4198400
2012-05-01,78.4236,78.5505,77.5153,77.7558,7214300
2012-05-02,78.2834,78.3501,78.0029,78.3034,3565700
2012-05-03,77.8960,78.3835,77.8426,78.2834,3522900
2012-05-04,78.4570,78.9312,78.4036,78.8978,6367300
2012-05-07,79.0179,79.1114,78.8176,78.9111,3228200
2012-05-08,79.2651,79.8127,79.2451,79.3319,6051600
2012-05-09,79.7726,79.8527,79.0981,79.3853,5828900
2012-05-10,78.8176,79.2183,78.4303,79.1515,6300000
2012-05-11,79.7993,79.8728,79.4454,79.8060,5234300
2012-05-14,80.7210,81.0081,80.5407,80.9213,8789400
2012-05-15,80.8679,81.2953,80.6875,81.2485,6766400
2012-05-16,80.7944,81.5958,80.6208,81.4823,6462300
2012-05-17,81.4956,82.9982,81.4889,82.9248,14863400
2012-05-18,82.3237,83.1051,82.2169,82.9448,10137700
2012-05-21,82.7445,83.1118,82.5575,82.7712,9583500
2012-05-22,81.9765,82.0633,81.5157,81.8496,12475500
2012-05-23,82.5107,83.1585,82.3839,82.4173,11744900
2012-05-24,82.2970,82.6710,81.9765,82.1033,10256200
2012-05-25,82.4306,82.5041,82.2369,82.4106,4723600
2012-05-29,82.4039,82.6844,82.1434,82.1568,5874100
2012-05-30,83.6927,84.3606,83.6794,84.2403,17170800
2012-05-31,84.8347,86.2038,84.5943,85.2154,31174500
2012-06-01,86.2414,87.2519,86.0139,87.2385,23526000
2012-06-04,86.5358,87.1180,86.2882,86.5492,11681200
2012-06-05,86.0138,86.0874,85.3847,85.3914,12482800
2012-06-06,85.3646,85.3914,83.6849,83.6849,20806700
2012-06-07,83.4173,84.1467,83.2433,83.8121,18898200
2012-06-08,84.8226,84.9565,83.3637,83.7920,11239600
2012-06-11,83.5110,84.4612,83.4976,84.1735,10693800
2012-06-12,83.6314,84.0731,83.3169,83.4039,10921700
2012-06-13,83.5511,84.5081,83.2366,84.2270,11100000
2012-06-14,84.2872,84.5081,83.7786,84.1199,7688200
2012-06-15,84.7089,84.8896,84.4144,84.5884,6421400
2012-06-18,85.0903,85.2174,84.4947,85.0434,6698400
2012-06-19,84.5081,84.5683,83.8723,83.9326,8227900
2012-06-20,83.3637,84.6620,83.0425,84.3475,13720300
2012-06-21,84.2872,85.1572,84.2471,84.7958,9776600
2012-06-22,84.2538,84.4680,83.6582,83.6649,7830400
2012-06-25,84.5616,85.0033,84.5014,84.8828,6113800
2012-06-26,84.3943,84.9565,84.2806,84.5482,5359700
2012-06-27,84.6955,84.8494,84.3408,84.6821,5860700
2012-06-28,85.1907,85.3112,84.8494,84.8895,5257800
2012-06-29,83.6715,84.0730,83.4038,83.7853,8881900
2012-07-02,84.1334,85.3138,84.0798,84.6498,7818500
2012-07-03,84.4688,84.5023,83.9725,83.9993,5773100
2012-07-05,84.0664,84.7169,83.9993,84.4285,5974700
2012-07-06,84.9516,85.3137,84.9113,85.2131,5818300
2012-07-09,85.4277,86.0179,85.2467,85.9643,5647000
2012-07-10,85.7497,86.3399,85.6558,86.1387,4288000
2012-07-11,86.2393,86.8294,86.0179,86.2460,5960900
2012-07-12,86.5477,86.8898,86.4471,86.8562,6421000
2012-07-13,86.6684,86.6751,86.2459,86.6282,4175300
2012-07-16,87.3861,87.5940,86.9233,87.0306,5283500
2012-07-17,86.6885,87.0641,86.2727,86.3465,5590900
2012-07-18,86.6885,86.7422,86.3733,86.3935,4011000
2012-07-19,86.1521,86.5813,85.9173,86.1722,5246300
2012-07-20,86.9166,87.3861,86.7959,87.2251,6365900
2012-07-23,88.0634,88.1506,87.5269,87.7147,6141100
2012-07-24,87.4196,88.5530,87.3726,88.4054,6748800
2012-07-25,88.2780,88.6670,88.1774,88.6335,5328000
2012-07-26,88.2110,88.3786,87.7884,87.8220,6606200
2012-07-27,87.1111,87.1916,85.1461,86.1655,14685100
2012-07-30,86.1052,86.8362,86.0113,86.8094,6025300
2012-07-31,87.0575,87.1044,86.2326,86.9837,7448600
2012-08-01,86.3809,87.1941,86.1255,86.5489,7972000
2012-08-02,87.0933,87.8325,86.7841,87.0395,7972000
2012-08-03,85.9171,86.0448,85.1980,85.6349,9084800
2012-08-06,85.8029,86.1188,85.6013,85.6685,3673600
2012-08-07,84.6536,84.7678,84.2974,84.5662,6613600
2012-08-08,84.7880,84.9426,84.0353,84.1160,7250700
2012-08-09,83.8539,84.2101,83.1684,84.0555,7553500
2012-08-10,84.8149,84.8956,84.4117,84.4789,4670500
2012-08-13,84.7544,84.9359,84.3377,84.3377,3543700
2012-08-14,83.3095,83.6119,83.1684,83.1953,7994000
2012-08-15,82.6777,82.7987,81.9250,82.0258,11191000
2012-08-16,82.1334,82.3283,80.9976,81.3269,13240000
2012-08-17,81.5890,82.0729,81.5352,81.7234,6341100
2012-08-20,81.6898,82.1199,81.6562,81.8914,4427100
2012-08-21,81.6360,82.2947,81.0917,82.2543,9532700
2012-08-22,83.0138,83.6791,82.8054,83.6119,11384400
2012-08-23,83.8337,84.1026,83.7732,83.9614,7139100
2012-08-24,84.3243,84.3848,83.7866,83.8807,5001400
2012-08-27,84.2370,84.5461,84.1899,84.3714,3906100
2012-08-28,84.5125,84.9225,84.4050,84.5730,3412600
2012-08-29,84.4184,84.4319,83.9749,84.2034,3762700
2012-08-30,84.8619,84.9762,84.4990,84.6402,3886400
2012-08-31,84.5327,85.8365,84.4991,85.8365,9192600
2012-09-04,85.4809,85.9591,85.3731,85.7503,6009300
2012-09-05,85.4135,85.6627,85.2317,85.3461,3466700
2012-09-06,84.5447,84.5447,83.8847,83.9251,6505100
2012-09-07,84.9555,84.9825,83.4603,83.5344,7335300
2012-09-10,83.3054,83.7365,83.1842,83.7365,4912100
2012-09-11,83.5277,83.5816,83.0361,83.2112,3523300
2012-09-12,82.3154,82.4434,81.9517,82.1740,7040900
2012-09-13,82.4299,82.9013,81.0020,81.8506,12280200
2012-09-14,80.6586,80.7192,79.5069,79.6752,16871600
2012-09-17,80.0591,80.7528,80.0120,80.6316,5573300
2012-09-18,81.2984,81.4264,80.7933,81.0357,5366200
2012-09-19,81.7227,81.7497,81.2311,81.5678,5903300
2012-09-20,82.2615,82.3827,81.4802,81.7698,4604200
2012-09-21,81.3253,81.9248,81.2715,81.8641,4144300
2012-09-24,82.3356,82.6387,82.2884,82.5040,3627400
2012-09-25,82.7060,83.3391,82.2548,83.3189,5893500
2012-09-26,83.8914,84.2483,83.8173,84.2147,7193400
2012-09-27,83.8847,84.0530,83.3593,83.6152,5147700
2012-09-28,84.0194,84.3494,83.3863,83.6624,7173400
2012-10-01,83.6692,84.0066,83.2710,83.9729,4842600
2012-10-02,83.6287,84.0404,83.5612,83.8581,3540100
2012-10-03,83.5949,83.8919,83.4329,83.8851,3800900
2012-10-04,83.3249,83.5544,82.7243,82.8390,6214800
2012-10-05,82.0493,82.1236,81.6106,81.7659,8340700
2012-10-08,82.3261,82.5218,82.1303,82.4543,1568400
2012-10-09,81.9819,82.4610,81.9211,82.3058,4752700
2012-10-10,81.9751,82.9874,81.8401,82.8862,5429800
2012-10-11,82.3126,83.4599,82.2653,83.4599,5194100
2012-10-12,83.7366,84.2158,83.5409,83.6691,4934900
2012-10-15,83.5409,83.7839,83.3047,83.4802,3036100
2012-10-16,82.9470,82.9740,82.2991,82.3261,5398700
2012-10-17,81.7793,81.8401,81.3744,81.5634,6932500
2012-10-18,81.7457,82.0224,80.9020,81.0640,8558600
2012-10-19,81.2192,82.2113,81.1787,82.1641,7616700
2012-10-22,81.9549,82.2316,81.6242,81.6377,6910600
2012-10-23,82.4071,82.8323,82.3531,82.8053,5760600
2012-10-24,82.2451,82.5353,81.9886,81.9886,6824500
2012-10-25,81.3677,82.0291,81.2125,81.5702,5292500
2012-10-26,81.9616,82.7783,81.8469,82.7715,5889400
2012-10-31,82.7985,83.4870,82.7648,83.2575,5025600
2012-11-01,82.8592,82.9335,82.3936,82.5758,3659700
2012-11-02,81.8536,82.5488,81.8266,82.5150,3527800
2012-11-05,82.8930,83.1832,82.8727,82.9807,2935700
2012-11-06,82.7107,82.9200,82.1910,82.1978,4484600
2012-11-07,83.6556,84.0470,83.5274,83.6893,10071000
2012-11-08,83.5477,84.9448,83.3047,84.9313,8579500
2012-11-09,84.7895,85.0258,84.4858,85.0258,5036900
2012-11-12,84.9312,85.2957,84.8975,85.1675,2072200
2012-11-13,85.5791,85.5926,85.0325,85.4509,2863800
2012-11-14,84.8502,85.5724,84.7692,85.5319,4694600
2012-11-15,85.1067,85.7276,85.0392,85.3632,5549600
2012-11-16,85.2822,85.8424,85.2282,85.2890,4591100
2012-11-19,84.6748,84.9110,84.5668,84.8098,3621600
2012-11-20,84.6883,84.8165,83.9459,83.9594,4659300
2012-11-21,83.8176,83.9728,83.7029,83.9121,2422800
2012-11-23,83.8919,83.9931,83.7637,83.8312,987200
2012-11-26,84.4723,84.7152,84.1956,84.2293,2799000
2012-11-27,84.3238,84.6275,84.1618,84.5601,2544400
2012-11-28,85.0190,85.1742,84.4251,84.4386,3569700
2012-11-29,84.2698,84.6613,84.1349,84.4521,2761000
2012-11-30,84.6883,84.7288,84.1686,84.2226,3702300
2012-12-03,83.6647,84.3883,83.5971,84.3004,5427800
2012-12-04,84.5438,84.8075,84.4221,84.7873,2586300
2012-12-05,84.8008,85.0780,84.6452,84.7467,1978200
2012-12-06,85.1118,85.2606,84.8751,84.9292,2301200
2012-12-07,84.1922,84.5032,84.0840,84.1448,4020900
2012-12-10,84.5032,84.5843,84.2192,84.5167,2134300
2012-12-11,84.0299,84.0637,83.7391,83.8743,3777900
2012-12-12,83.7391,84.0840,82.8870,82.9006,7119700
2012-12-13,82.6976,83.2995,82.5894,82.9614,6381500
2012-12-14,83.3063,83.6580,83.2319,83.5836,3832800
2012-12-17,83.5159,83.5294,82.3054,82.3325,6870000
2012-12-18,82.0958,82.3527,81.0814,81.4939,12024200
2012-12-19,81.8050,82.2649,81.6360,81.7644,4880500
2012-12-20,82.0214,82.2581,81.5683,81.7780,4567900
2012-12-21,82.7112,82.7924,82.4678,82.6706,6087700
2012-12-24,82.5015,82.5556,82.4136,82.5218,1071100
2012-12-26,82.6492,82.8254,82.5543,82.8186,2247800
2012-12-27,82.6018,83.5574,82.5680,83.0966,4262700
2012-12-28,83.4557,83.5913,83.2117,83.5709,3928200
2012-12-31,83.2728,83.3405,81.9444,82.1274,6423000
2013-01-02,81.1650,81.2599,80.9278,81.0295,7472700
2013-01-03,80.9075,80.9820,79.9045,79.9316,10004300
2013-01-04,79.7418,80.2704,79.5384,80.2433,9574600
2013-01-07,80.2230,80.4670,79.9722,80.2772,4193100
2013-01-08,80.6771,80.8465,80.5280,80.8058,4380900
2013-01-09,80.8194,81.0159,80.5619,80.7313,3870300
2013-01-10,80.3992,80.8533,80.2162,80.5076,5602800
2013-01-11,80.3246,81.2328,80.2094,81.2260,4770700
2013-01-14,81.3548,81.5174,80.9007,81.0024,3064600
2013-01-15,81.7411,81.8021,81.3074,81.3751,5357800
2013-01-16,81.7546,81.7885,81.3344,81.5445,4286100
2013-01-17,80.8736,81.0227,80.4805,80.7313,7019200
2013-01-18,81.0363,81.4700,80.9617,81.3548,4660000
2013-01-22,81.0227,81.5310,80.9075,81.5107,3874100
2013-01-23,81.5581,81.7208,81.2938,81.3887,2848800
2013-01-24,81.2396,81.3073,80.8261,81.1040,4178900
2013-01-25,80.2568,80.3788,79.8163,79.9925,8750700
2013-01-28,79.3080,79.7825,79.2945,79.7011,6059900
2013-01-29,79.7147,80.0264,79.2064,79.2606,5553900
2013-01-30,79.0708,79.2674,78.7252,79.1250,9586800
2013-01-31,79.3148,79.5249,78.9895,79.5114,6789200
2013-02-01,79.9664,80.0479,78.4585,78.4789,10928600
2013-02-04,79.1921,79.6608,79.0766,79.4842,9291900
2013-02-05,78.9748,79.0834,78.6963,78.7778,6676500
2013-02-06,79.1446,79.4502,78.8253,79.4230,5892000
2013-02-07,79.3144,79.8713,79.2125,79.2464,5951700
2013-02-08,79.3347,79.5793,78.9476,79.5521,5603400
2013-02-11,79.5045,79.7287,79.4162,79.4909,3679900
2013-02-12,79.2601,79.4842,79.1038,79.2940,4513700
2013-02-13,78.6555,78.9748,78.4857,78.6487,6586400
2013-02-14,78.9883,79.4978,78.7846,79.3619,7096000
2013-02-15,79.2396,79.2940,78.8389,79.1310,5861800
2013-02-19,79.3756,79.4027,78.6827,78.7371,7383600
2013-02-20,78.5808,79.0427,78.4993,78.9747,9603900
2013-02-21,79.4027,79.6812,79.2940,79.4367,8297400
2013-02-22,79.4570,79.7015,79.3890,79.4909,5316900
2013-02-25,79.0291,81.0668,78.9883,81.0532,15948700
2013-02-26,80.6457,81.2842,80.5506,80.5846,9822100
2013-02-27,81.1619,81.1959,80.1499,80.3468,7459600
2013-02-28,80.4419,80.5981,80.1362,80.4962,6023400
2013-03-01,80.8938,81.1456,80.6896,80.9346,7786800
2013-03-04,80.8597,80.9823,80.4990,80.5058,4511400
2013-03-05,80.3697,80.4582,80.1042,80.2744,6539300
2013-03-06,79.7162,79.9816,79.5392,79.5460,6514900
2013-03-07,79.2397,79.3078,78.8994,78.9334,8526700
2013-03-08,78.1914,78.5249,78.0212,78.1097,15423600
2013-03-11,78.3616,78.4365,78.1029,78.1846,5815800
2013-03-12,78.4501,78.8177,78.4365,78.7496,9264200
2013-03-13,78.4432,78.7836,78.3003,78.6679,7371500
2013-03-14,78.3412,78.7155,78.2663,78.4297,9352100
2013-03-15,78.5045,78.8789,78.4841,78.7972,9673400
2013-03-18,79.5256,79.5596,79.0627,79.3963,9152200
2013-03-19,79.4915,80.2471,79.4371,79.9340,11986200
2013-03-20,79.4439,79.6345,79.0151,79.0423,8543900
2013-03-21,79.5460,79.8115,79.3214,79.8047,6119400
2013-03-22,79.8455,79.9816,79.4847,79.8659,6323800
2013-03-25,79.4847,80.1722,79.4167,79.7910,5839800
2013-03-26,79.5528,80.2607,79.4915,79.8864,5093200
2013-03-27,80.5262,80.8461,80.4445,80.5671,7742900
2013-03-28,80.4037,80.6283,80.1042,80.1586,5826400
2013-04-01,80.1688,80.7828,80.1484,80.7623,6113800
2013-04-02,80.5440,80.5918,80.3257,80.4349,5438000
2013-04-03,80.7078,81.3763,80.6668,81.1580,9527400
2013-04-04,81.5809,82.1403,81.4991,82.1267,9365700
2013-04-05,83.8253,84.2005,83.6548,83.7844,18626200
2013-04-08,83.6821,83.8185,83.0749,83.1432,8020300
2013-04-09,83.2455,83.3887,82.8020,82.9385,7176100
2013-04-10,82.2631,82.3109,81.7924,81.7993,10765200
2013-04-11,81.9766,82.1949,81.7856,81.9562,7501800
2013-04-12,82.7679,83.1841,82.4746,83.1772,9253000
2013-04-15,83.3137,83.9276,83.1363,83.9003,12948400
2013-04-16,83.1704,83.5797,83.1431,83.2113,6553500
2013-04-17,83.4296,84.2687,83.4296,83.7639,9020900
2013-04-18,83.7775,84.0572,83.6343,83.9685,7009500
2013-04-19,83.8663,83.8936,83.6548,83.7912,5474300
2013-04-22,83.7980,84.1050,83.6821,83.8526,4519400
2013-04-23,84.0846,84.4461,83.4842,83.5593,8042900
2013-04-24,83.5456,83.7844,83.4296,83.7707,3673600
2013-04-25,83.3955,83.4773,83.2932,83.4091,4297800
2013-04-26,84.0436,84.2551,83.9140,84.1732,4898800
2013-04-29,84.3028,84.4051,83.7434,83.8662,4916000
2013-04-30,84.0845,84.3779,83.6820,83.9140,4477400
2013-05-01,84.4001,84.9470,84.3796,84.7761,10724600
2013-05-02,84.4889,84.7487,84.4342,84.6666,4171800
2013-05-03,83.5113,83.5319,82.6021,82.6705,11283600
2013-05-06,82.8208,82.8892,82.2534,82.4653,5121900
2013-05-07,82.1645,82.3765,82.0688,82.1440,5049200
2013-05-08,82.2192,82.6021,82.1509,82.2739,5732900
2013-05-09,82.3834,82.9371,82.0210,82.0621,7527000
2013-05-10,81.8707,81.8912,80.5650,81.1803,11689000
2013-05-13,80.5854,80.7973,80.4145,80.5581,8050800
2013-05-14,80.9067,80.9683,79.6694,79.6831,9236100
2013-05-15,80.3462,80.4760,79.5873,80.2163,14608600
2013-05-16,80.6470,81.3101,80.6196,81.0503,8458400
2013-05-17,80.6333,80.7700,79.9702,80.0249,7435500
2013-05-20,80.4145,80.4418,79.8402,79.9291,5839800
2013-05-21,79.9360,80.5786,79.5873,80.5581,7781800
2013-05-22,80.6812,81.0435,79.1635,79.3618,18361500
2013-05-23,80.0864,80.1479,79.1430,79.7377,9207100
2013-05-24,79.9702,80.2710,79.7856,79.8471,5357600
2013-05-28,79.3618,79.4848,77.8099,77.8236,13567500
2013-05-29,78.3569,78.7397,78.2475,78.6987,11298600
2013-05-30,78.7875,78.8695,78.2953,78.5072,10011800
2013-05-31,78.5960,78.6302,77.3655,78.2406,18158800
2013-06-03,77.9699,79.1417,77.9151,78.6552,15564500
2013-06-04,78.0933,78.4565,77.8877,77.9288,7504300
2013-06-05,78.3194,79.0252,78.2098,79.0047,8056100
2013-06-06,78.7237,80.0326,78.4016,78.9567,8925200
2013-06-07,78.2715,78.6895,77.5451,77.5451,10459300
2013-06-10,77.2298,77.5177,77.0105,77.1750,7892600
2013-06-11,76.9352,78.0933,76.8324,78.0933,12841200
2013-06-12,77.4354,78.0042,76.9352,76.9763,10193200
2013-06-13,77.4834,78.2372,77.3600,78.1824,12506300
2013-06-14,78.1892,78.5729,77.9973,77.9973,6679100
2013-06-17,78.1343,78.1755,77.4354,77.5861,5982100
2013-06-18,77.3326,77.9013,77.2435,77.6272,5192700
2013-06-19,77.9425,77.9768,76.4897,76.8255,17138200
2013-06-20,75.8935,76.2088,74.8862,75.5646,27898500
2013-06-21,75.4824,75.6605,74.2626,74.2831,19781000
2013-06-24,73.8926,74.9616,73.8446,74.5916,24588900
2013-06-25,74.6258,74.7080,73.9131,73.9268,11078000
2013-06-26,74.6944,74.7286,74.0365,74.4066,13582200
2013-06-27,75.0644,75.3590,74.6600,75.1671,12026000
2013-06-28,74.7012,75.7085,74.5024,75.6811,12017000
2013-07-01,75.3665,75.8954,75.1605,75.8336,5500400
2013-07-02,75.8954,76.1014,75.7168,75.7855,5333900
2013-07-03,75.7649,75.9984,75.5589,75.5589,3839000
2013-07-05,73.6838,73.8349,72.9214,72.9833,14511900
2013-07-08,73.5395,73.8761,73.4571,73.6906,8044200
2013-07-09,73.8280,73.9173,73.5396,73.7662,4700400
2013-07-10,73.7593,73.7593,73.0107,73.1893,10792200
2013-07-11,73.8005,74.0890,73.4502,74.0478,10035500
2013-07-12,74.4118,74.5011,73.7250,73.9860,4730800
2013-07-15,74.0409,74.3980,73.9722,74.3774,4574800
2013-07-16,74.4736,74.7003,74.3637,74.6316,3650200
2013-07-17,74.9956,75.1124,74.6316,74.7690,5932000
2013-07-18,74.5973,74.6385,73.8212,73.8349,9066400
2013-07-19,74.3912,75.0094,74.3500,75.0025,8523800
2013-07-22,75.1124,75.3391,74.9544,75.1124,3972600
2013-07-23,74.6385,74.8651,74.3981,74.7964,5015500
2013-07-24,73.9379,74.1027,73.3472,73.8486,8853100
2013-07-25,73.4709,73.9036,73.3610,73.8212,6443400
2013-07-26,74.2058,74.3707,73.9311,74.2745,6795500
2013-07-29,73.9379,74.0547,73.5396,73.7319,6397800
2013-07-30,73.9792,74.0135,73.5258,73.7044,3635400
2013-07-31,72.8459,74.1234,72.7016,73.9723,10483100
2013-08-01,73.3250,73.3250,72.2990,72.5469,13568600
2013-08-02,72.9945,73.4076,72.9739,73.3457,9568400
2013-08-05,73.1185,73.1598,72.6709,72.7811,6611800
2013-08-06,72.6640,72.9945,72.5331,72.9945,4589000
2013-08-07,73.1047,73.6349,73.1047,73.5385,7183400
2013-08-08,73.6624,74.0893,73.5316,73.7382,5510900
2013-08-09,73.4008,73.8621,73.3181,73.8552,3623400
2013-08-12,74.0962,74.1100,73.3112,73.3526,7562800
2013-08-13,72.5263,72.5469,72.1613,72.2922,11485600
2013-08-14,72.2578,72.5470,72.2096,72.4024,6431600
2013-08-15,71.6793,72.0443,71.3970,71.4246,11846300
2013-08-16,71.5830,71.5899,70.6947,71.1767,10175900
2013-08-19,70.8737,70.9288,70.3779,70.5570,9022000
2013-08-20,70.8462,71.1698,70.8186,71.1010,10050100
2013-08-21,70.7635,71.0596,70.3091,70.3229,13248800
2013-08-22,70.5501,71.0803,70.3987,71.0390,8751200
2013-08-23,70.9288,71.8790,70.7429,71.8102,17441200
2013-08-26,71.9961,72.2234,71.8378,72.1683,5879100
2013-08-27,72.4987,73.1597,72.3266,73.0771,11573300
2013-08-28,72.5814,72.6915,72.2577,72.4850,7497900
2013-08-29,72.2165,73.2011,72.1545,73.0634,6672400
2013-08-30,73.0014,73.4559,72.8086,72.9807,8987600
2013-09-03,72.2068,72.2620,71.4612,71.9514,12084300
2013-09-04,72.1102,72.2483,71.7650,71.7926,4579600
2013-09-05,71.4336,71.5233,70.7846,70.7915,12290600
2013-09-06,71.2817,71.6753,70.9780,71.1437,9478400
2013-09-09,71.6615,71.6684,71.1644,71.1782,6874900
2013-09-10,70.9227,71.3439,70.6673,70.6811,8069000
2013-09-11,71.0539,71.3231,70.5499,71.3093,8962400
2013-09-12,71.6959,71.7995,71.1505,71.2127,6254400
2013-09-13,71.4612,71.6822,71.2679,71.4889,6106200
2013-09-16,72.0273,72.0825,71.0055,71.0124,8231600
2013-09-17,71.3646,71.6201,71.0885,71.5993,8795300
2013-09-18,71.5440,72.8696,71.0953,72.4830,19749200
2013-09-19,72.5244,72.5520,71.9100,72.0549,11627800
2013-09-20,72.2759,72.6142,72.1102,72.4347,8421000
2013-09-23,72.6348,72.9938,72.5658,72.9662,10242100
2013-09-24,73.1733,73.7601,73.0698,73.7532,11446600
2013-09-25,73.5531,74.0639,73.4495,73.9052,8130900
2013-09-26,73.5116,73.6083,73.3114,73.3874,5117100
2013-09-27,73.3805,73.7464,73.3528,73.5669,6460000
2013-09-30,73.6359,73.8016,73.3045,73.4564,8438800
2013-10-01,73.3028,73.3927,73.0466,73.2335,7592500
2013-10-02,73.3235,73.7042,73.2059,73.3443,5967200
2013-10-03,73.1989,73.6558,73.1643,73.2266,6648900
2013-10-04,73.1435,73.2197,72.9220,73.1712,5545300
2013-10-07,73.5104,73.6211,73.3581,73.4689,5761100
2013-10-08,73.3581,73.7250,73.2543,73.4896,5904000
2013-10-09,73.2820,73.3304,72.8874,72.9013,8439000
2013-10-10,72.5413,73.0466,72.3406,73.0189,9944100
2013-10-11,73.4828,73.5312,72.9636,72.9982,6500800
2013-10-14,72.9497,73.1228,72.2160,72.4098,4205600
2013-10-15,72.7836,72.8874,72.3545,72.3614,8291000
2013-10-16,72.3129,73.2750,72.1745,73.2681,14460200
2013-10-17,73.7319,74.1472,73.5727,73.9326,11303400
2013-10-18,74.1403,74.3964,74.0503,74.0918,9487800
2013-10-21,74.0019,74.0088,73.6904,73.8565,6161600
2013-10-22,74.4795,74.8394,74.4518,74.6802,9708500
2013-10-23,74.8048,75.2616,74.7840,74.9709,9163100
2013-10-24,75.1786,75.2201,74.6664,74.6802,7631400
2013-10-25,74.8463,75.0678,74.8117,74.9571,4429500
2013-10-28,74.7633,75.0194,74.6940,74.7010,6466400
2013-10-29,74.4933,74.8048,74.4171,74.7978,5270500
2013-10-30,74.7079,74.9017,74.2095,74.3479,10199300
2013-10-31,74.6941,74.7633,74.1611,74.5072,11452100
2013-11-01,74.2420,74.2628,73.6660,73.7007,11349500
2013-11-04,73.8950,74.0338,73.7215,73.7701,4733200
2013-11-05,73.4230,73.4508,72.8678,72.8886,8753400
2013-11-06,72.8331,72.9719,72.6596,72.9233,5643000
2013-11-07,72.9095,73.6035,72.8540,73.5411,7893700
2013-11-08,72.1599,72.2571,71.7574,71.7712,16889900
2013-11-11,71.8545,71.8892,71.4589,71.5005,4927200
2013-11-12,71.6324,71.8961,71.6116,71.8337,4839500
2013-11-13,72.0905,72.2085,72.0003,72.0974,5782900
2013-11-14,72.3959,72.9581,72.2848,72.5416,8895500
2013-11-15,72.6388,72.6943,72.3959,72.6874,6344800
2013-11-18,72.6318,73.1593,72.6318,73.1246,5451300
2013-11-19,72.8401,72.9719,72.4653,72.5694,7251100
2013-11-20,72.4722,72.7637,71.2438,71.3340,14190900
2013-11-21,71.1466,71.6186,70.9037,71.4520,8903000
2013-11-22,71.8267,72.2709,71.8198,72.1182,7950700
2013-11-25,72.0696,72.4722,72.0696,72.3264,3755500
2013-11-26,72.5208,72.8262,72.5139,72.5972,6659200
2013-11-27,72.6527,72.6666,72.1530,72.4722,6063000
2013-11-29,72.2362,72.5971,72.1460,72.4930,5084400
2013-12-02,72.2563,72.3329,71.8526,71.9292,7527800
2013-12-03,72.1868,72.3678,72.0197,72.1937,5076900
2013-12-04,71.5254,71.7343,71.2679,71.5045,8502700
2013-12-05,71.3375,71.5951,71.1565,71.3027,7445700
2013-12-06,71.3932,71.6925,71.2540,71.6438,7352000
2013-12-09,71.6298,71.8595,71.5811,71.8108,5678800
2013-12-10,72.2842,72.3608,72.0127,72.3260,7040400
2013-12-11,72.0823,72.2355,71.7134,71.7691,8190900
2013-12-12,71.7203,71.8108,71.4419,71.4976,6208600
2013-12-13,71.7969,71.9083,71.5533,71.8456,6471300
2013-12-16,72.1032,72.1798,71.5115,71.5811,6376400
2013-12-17,71.4280,71.9779,71.4141,71.9014,6014400
2013-12-18,71.5811,72.2007,71.3236,71.5394,12973200
2013-12-19,71.6020,71.7065,71.3166,71.4698,6708400
2013-12-20,72.2007,72.5975,71.9083,72.5696,12425700
2013-12-23,72.4304,72.6810,72.1589,72.1589,6378600
2013-12-24,71.8596,71.9431,71.5602,71.5811,4897000
2013-12-26,71.4798,71.4868,71.2424,71.3052,4645300
2013-12-27,71.2843,71.4519,71.0189,71.1027,4755000
2013-12-30,71.3402,71.6405,71.2913,71.5916,4491700
2013-12-31,71.4379,71.6195,70.6557,71.1376,7218600
2014-01-02,71.0399,71.5078,71.0189,71.3541,8580800
2014-01-03,71.1027,71.5497,71.0678,71.3541,4083800
2014-01-06,71.5008,71.9339,71.4939,71.6545,7796200
2014-01-07,71.8081,71.9268,71.6265,71.8360,4428100
2014-01-08,71.5497,71.7173,71.3052,71.6405,8513000
2014-01-09,71.9129,72.0805,71.5916,72.0595,6991100
2014-01-10,72.4715,73.0093,72.4157,72.9185,13197400
2014-01-13,72.9884,73.4284,72.9604,73.2817,9667400
2014-01-14,73.0861,73.2118,72.9045,72.9464,10343100
2014-01-15,72.6601,72.9883,72.5833,72.8696,7507500
2014-01-16,73.2258,73.3795,73.1351,73.3585,7137700
2014-01-17,73.2328,73.6938,73.1840,73.6658,7588600
2014-01-21,73.6449,73.8474,73.6100,73.7217,6436000
2014-01-22,73.5890,73.8544,73.4982,73.5401,4646700
2014-01-23,73.9452,74.7902,73.9452,74.5807,12960600
2014-01-24,74.8600,75.0696,74.7204,75.0626,11122200
2014-01-27,74.8810,75.1464,74.5178,74.5388,9218200
2014-01-28,74.6646,74.7204,74.4131,74.7204,5661500
2014-01-29,74.9858,75.5306,74.7204,75.3350,11709400
2014-01-30,75.0556,75.1953,74.8042,75.1184,5956900
2014-01-31,75.5654,75.7121,75.3210,75.6213,14690900
2014-02-03,75.4715,76.5568,75.3455,76.5428,20780300
2014-02-04,75.9826,76.0876,75.5975,75.7305,9573500
2014-02-05,75.4014,75.4644,74.9253,75.0303,10312200
2014-02-06,74.8973,74.9323,74.5822,74.7082,5708700
2014-02-07,74.5402,75.0724,74.5262,74.7713,7039200
2014-02-10,74.6452,75.0023,74.6172,74.9813,4370500
2014-02-11,74.6453,74.7013,74.3302,74.5473,5904900
2014-02-12,74.3372,74.3652,73.9521,74.1621,6723300
2014-02-13,74.6312,74.7293,74.4282,74.5822,6874600
2014-02-14,74.6172,74.6662,74.4072,74.6242,4989100
2014-02-18,74.6803,75.0584,74.6523,74.7923,4855800
2014-02-19,75.0444,75.0444,74.4282,74.4772,5522500
2014-02-20,74.4422,74.6592,74.0011,74.2952,5103200
2014-02-21,74.1831,74.6942,74.1831,74.6872,5250700
2014-02-24,74.7082,74.7362,74.3372,74.4982,3816700
2014-02-25,74.8553,75.1704,74.8413,75.1634,6225400
2014-02-26,75.1353,75.5624,75.0863,75.5624,7203900
2014-02-27,75.8145,76.0106,75.6885,75.9756,5394700
2014-02-28,75.8146,76.1366,75.4645,76.0176,8462600
2014-03-03,76.4198,76.6304,76.2513,76.5251,11089400
2014-03-04,76.0478,76.0478,75.3529,75.3740,8068100
2014-03-05,75.3389,75.6477,75.2406,75.5354,4798500
2014-03-06,74.9318,75.0792,74.7634,74.7914,7418200
2014-03-07,74.1457,74.5177,74.1176,74.3212,8270300
2014-03-10,74.3562,74.4755,74.2439,74.4264,3744300
2014-03-11,74.3843,74.6370,74.2440,74.6230,3815700
2014-03-12,75.0441,75.2827,74.9458,75.1423,6430500
2014-03-13,74.8896,76.1740,74.8545,76.1530,11815500
2014-03-14,76.4830,76.4900,76.0267,76.1671,9232800
2014-03-17,75.9284,76.0127,75.5705,75.5986,7381900
2014-03-18,75.5775,75.9074,75.5214,75.8723,4819500
2014-03-19,75.7460,75.7881,74.9669,75.2827,11557600
2014-03-20,75.1633,75.5424,75.0932,75.1493,5224400
2014-03-21,75.3880,76.0267,75.3600,75.9636,8986200
2014-03-24,75.8372,76.5671,75.7670,76.5040,7536400
2014-03-25,76.0899,76.3777,75.9214,76.2162,5032000
2014-03-26,76.1882,76.8409,76.1390,76.8128,7147200
2014-03-27,76.9532,77.4796,76.7988,77.1989,9772200
2014-03-28,77.1076,77.1286,76.5180,76.7637,6027000
2014-03-31,76.3215,77.9568,76.0407,76.5741,7488400
2014-04-01,76.1801,76.2505,75.8845,75.9197,9067300
2014-04-02,75.5679,75.6805,75.4131,75.4835,6887200
2014-04-03,75.6594,75.9549,75.6031,75.8142,4937400
2014-04-04,75.9057,76.4827,75.8916,76.3208,8977500
2014-04-07,76.4334,76.9049,76.4194,76.7782,7562500
2014-04-08,76.7219,77.0315,76.5038,76.9612,4213800
2014-04-09,76.6164,76.9471,76.4475,76.5812,5771500
2014-04-10,76.6445,77.5593,76.6304,77.2919,12706400
2014-04-11,77.7845,77.9605,77.4960,77.9182,10267000
2014-04-14,77.7423,77.8971,77.6157,77.7142,4142600
2014-04-15,77.8338,78.4671,77.6508,78.1997,7752000
2014-04-16,77.7071,78.2982,77.6719,78.2982,5523000
2014-04-17,78.3686,78.4248,77.1934,77.4397,8622500
2014-04-21,77.6649,77.8408,77.2919,77.3763,4316300
2014-04-22,77.1653,77.7493,77.1301,77.6367,5748700
2014-04-23,77.8267,78.1434,77.7775,78.0800,5748600
2014-04-24,77.7212,78.2560,77.7212,78.2278,6337800
2014-04-25,78.4530,78.8048,78.3334,78.3404,5976500
2014-04-28,78.1856,78.3052,77.7915,77.9604,7606000
2014-04-29,77.5241,77.9182,77.4327,77.8549,5235200
2014-04-30,77.9112,78.2912,77.6719,78.1786,7721400
2014-05-01,78.2131,79.0596,78.1849,79.0173,11556500
2014-05-02,78.6787,79.7791,78.5094,79.5040,12702100
2014-05-05,79.5392,79.5745,78.9255,79.0243,8043000
2014-05-06,79.0808,79.4970,79.0314,79.3418,6522600
2014-05-07,79.2218,79.4052,78.9609,79.0596,8199200
2014-05-08,79.2430,79.5393,78.6223,78.7210,10878800
2014-05-09,78.6716,78.8691,78.2837,78.4671,6000600
2014-05-12,78.3048,78.3895,77.9733,78.1496,4563800
2014-05-13,78.6081,78.8268,78.5305,78.8268,5501000
2014-05-14,79.4475,79.8708,79.3982,79.6803,8851400
2014-05-15,80.2588,80.7032,80.1318,80.3152,12627900
2014-05-16,80.1389,80.4140,80.0048,80.0895,5019200
2014-05-19,80.3645,80.3857,79.4405,79.4969,7403300
2014-05-20,79.4264,80.0471,79.4193,79.6733,6549800
2014-05-21,79.1583,79.2853,78.9114,79.1865,8224600
2014-05-22,79.1866,79.2853,78.8550,79.0737,6495700
2014-05-23,79.3699,79.6450,79.3206,79.4969,3835000
2014-05-27,79.6027,79.9907,79.2853,79.9625,6658300
2014-05-28,80.4844,81.0064,80.4774,80.9500,10361000
2014-05-29,81.0276,81.2534,80.5056,80.5198,10692000
2014-05-30,80.3857,80.6961,80.2799,80.4845,6518900
2014-06-02,79.9427,80.3953,79.5962,79.8862,11728200
2014-06-03,79.4972,79.5891,78.8607,78.9031,12694100
2014-06-04,79.0375,79.0800,78.6910,78.8819,7882000
2014-06-05,78.5920,79.1861,78.5142,78.9174,6915600
2014-06-06,79.2992,79.4973,78.8466,78.9174,7832800
2014-06-09,78.8183,78.9527,78.6415,78.8042,5162800
2014-06-10,78.5284,78.6910,78.3798,78.5142,5986000
2014-06-11,78.6839,78.8819,78.3940,78.6556,5569700
2014-06-12,78.7122,79.4548,78.5000,79.3558,9775900
2014-06-13,78.9031,79.6457,78.8748,79.3133,5412500
2014-06-16,79.3558,79.6528,79.2780,79.5114,5184600
2014-06-17,79.2568,79.2709,78.8395,78.8819,6668800
2014-06-18,79.0658,79.7447,78.8961,79.4902,11256500
2014-06-19,79.5679,79.6033,78.3161,78.4717,14215500
2014-06-20,78.4788,79.0658,78.4293,79.0658,7319100
2014-06-23,79.2638,79.3345,78.7900,78.8182,5821700
2014-06-24,79.3133,79.6669,79.0800,79.6174,9698300
2014-06-25,79.9852,80.1691,79.6952,79.8225,5699300
2014-06-26,80.0630,80.4802,80.0630,80.2044,6628900
2014-06-27,80.3954,80.4944,80.0347,80.0842,7216500
2014-06-30,80.3105,80.4802,79.9781,80.2822,5593100
2014-07-01,79.7660,79.9362,79.5533,79.6100,8019200
2014-07-02,79.1492,79.1775,78.6812,78.7592,9382500
2014-07-03,78.2628,78.6032,78.2345,78.4756,6173900
2014-07-07,78.8939,79.2768,78.8656,79.0499,5928900
2014-07-08,79.5817,80.0213,79.5817,79.9362,6352100
2014-07-09,79.8795,80.2198,79.6809,80.0000,6395200
2014-07-10,80.5034,80.5885,79.9929,80.0213,7196900
2014-07-11,80.3687,80.6027,80.3191,80.5318,4676500
2014-07-14,80.3191,80.4113,80.0709,80.1844,4743300
2014-07-15,80.0000,80.4538,79.7660,80.0213,7720000
2014-07-16,80.1206,80.5318,80.0780,80.4467,4615800
2014-07-17,80.9926,81.5740,80.7870,81.4606,10901000
2014-07-18,81.4535,81.5102,80.9076,81.1983,6677900
2014-07-21,81.5457,81.9853,81.5457,81.6024,5724100
2014-07-22,81.6024,81.8648,81.2905,81.7726,5753200
2014-07-23,81.9002,81.9853,81.6591,81.6662,3489600
2014-07-24,81.1983,81.2408,81.0068,81.0565,6609000
2014-07-25,81.7797,82.0208,81.6521,82.0137,7041800
2014-07-28,81.9570,82.1768,81.6237,81.9003,5138300
2014-07-29,82.1555,82.2973,81.8364,82.1980,6579300
2014-07-30,81.6450,81.8080,80.9501,81.0565,12251200
2014-07-31,80.4963,81.2408,80.4538,80.8154,18254000
2014-08-01,80.7443,81.6614,80.3676,81.4410,14951200
2014-08-04,81.4196,81.6187,81.2277,81.2277,5183800
2014-08-05,81.0927,81.6116,80.8154,81.4908,8032000
2014-08-06,82.0879,82.0879,81.4694,81.5405,7289200
2014-08-07,81.6400,82.3012,81.4481,82.3012,9745500
2014-08-08,82.4150,82.7633,82.0240,82.1235,9536700
2014-08-11,82.2159,82.3367,81.9600,82.1164,6668800
2014-08-12,82.0452,82.0666,81.5618,81.5831,8122400
2014-08-13,81.6614,82.1235,81.5974,82.1164,8210500
2014-08-14,82.4149,82.8201,82.0310,82.7775,9028200
2014-08-15,82.9695,84.1425,82.9552,83.6804,17606700
2014-08-18,83.3249,83.3889,82.7420,82.8486,7595300
2014-08-19,83.2325,83.2822,82.4505,82.5927,5936900
2014-08-20,82.4931,82.5429,82.1590,82.4576,7275600
2014-08-21,82.5145,83.0050,82.4789,82.9197,6790700
2014-08-22,82.9907,83.4813,82.6140,83.3817,10149900
2014-08-25,83.4955,83.7301,83.3249,83.6946,5760700
2014-08-26,83.8438,83.8794,83.3249,83.4244,5487600
2014-08-27,83.6732,84.1780,83.4600,84.1353,7265800
2014-08-28,84.6898,84.8604,84.3628,84.5760,9463600
2014-08-29,84.5406,84.9031,84.4197,84.6330,8512900
2014-09-02,83.5648,83.6361,83.1516,83.1730,10506000
2014-09-03,82.9379,83.6362,82.8738,83.6362,6553900
2014-09-04,83.0946,83.2799,82.6030,82.6172,12528900
2014-09-05,82.9663,83.0803,82.2538,82.4604,6886000
2014-09-08,82.9450,83.1017,82.2609,82.4961,9326400
2014-09-09,82.2894,82.5745,82.2609,82.4320,5353100
2014-09-10,81.9190,82.0258,81.7907,81.9118,8729400
2014-09-11,82.1256,82.3251,81.6339,81.6410,9274800
2014-09-12,81.0069,81.1708,80.6720,80.7860,11114900
2014-09-15,81.1209,81.2776,80.7718,80.9071,5510700
2014-09-16,80.9499,81.1280,80.5723,80.5794,9304700
2014-09-17,80.8929,81.1067,80.3229,80.3728,12917000
2014-09-18,80.6435,80.8573,80.4084,80.6293,7031200
2014-09-19,80.9286,81.7123,80.6578,81.6553,13236900
2014-09-22,81.6981,81.9688,81.5413,81.7551,6617200
2014-09-23,81.8762,82.2752,81.7764,82.2610,6362400
2014-09-24,82.1469,82.3322,81.6838,81.8049,5223300
2014-09-25,82.1612,82.7811,82.1612,82.7740,8947800
2014-09-26,82.6671,82.8595,82.3821,82.6529,7799600
2014-09-29,83.3653,83.4865,83.1231,83.3155,6791800
2014-09-30,83.1231,83.3939,82.7455,82.8452,7277500
2014-10-01,83.4945,84.4731,83.4517,84.4517,17194900
2014-10-02,84.1660,84.4302,83.6731,83.7159,8251800
2014-10-03,83.5731,84.1231,83.4517,84.0731,8561500
2014-10-06,84.0160,84.4231,83.8302,84.1231,4485500
2014-10-07,84.5088,85.3088,84.4159,85.2588,8837700
2014-10-08,85.3231,85.3731,84.6516,85.2802,9391300
2014-10-09,85.1946,85.4803,84.8446,84.9089,10291700
2014-10-10,85.3731,85.7731,85.2231,85.7517,8774400
2014-10-13,85.8303,86.5517,85.7517,86.2732,6450700
2014-10-14,86.6517,86.9875,86.2017,86.8375,11285400
2014-10-15,88.9875,91.2018,87.0303,87.5232,37407500
2014-10-16,88.6589,88.6661,86.7446,86.9660,18096600
2014-10-17,86.5660,86.9375,86.0589,86.4803,8524300
2014-10-20,86.9875,87.0375,86.3875,86.7946,7742500
2014-10-21,86.3160,86.6017,86.0946,86.1017,9754700
2014-10-22,86.0517,86.3231,85.8731,86.1945,9260200
2014-10-23,85.7446,85.8446,85.0446,85.4303,10936300
2014-10-24,85.6660,86.0089,85.3374,85.5160,5704900
2014-10-27,85.6374,85.9088,85.4731,85.6731,3391900
2014-10-28,85.3446,85.4660,85.0588,85.1374,5141300
2014-10-29,84.9731,85.5874,84.5874,85.3302,9105100
2014-10-30,85.9446,86.0446,85.3660,85.4017,7024400
2014-10-31,85.2446,85.5089,84.8803,85.1803,6664200
2014-11-03,85.1373,85.3235,84.6433,85.1803,9726600
2014-11-04,85.5097,85.8605,85.2662,85.4452,3664800
2014-11-05,85.1444,85.4738,85.0800,85.3234,4799600
2014-11-06,84.9225,85.1587,84.7148,84.7721,5901900
2014-11-07,85.0084,85.7459,84.9798,85.7459,8550500
2014-11-10,85.6242,85.6242,84.8938,84.9583,4787300
2014-11-11,84.8366,85.0729,84.7363,85.0156,2416500
2014-11-12,85.3521,85.5884,84.8151,84.9439,4040800
2014-11-13,84.9941,85.3378,84.8079,85.1444,4475900
2014-11-14,85.0943,85.6314,84.9798,85.5598,5191200
2014-11-17,85.7675,85.7746,85.1230,85.3450,4726200
2014-11-18,85.4380,85.6242,85.3234,85.5812,4471200
2014-11-19,85.1230,85.6242,85.0370,85.0370,5792500
2014-11-20,85.8533,85.8891,85.2519,85.4810,5683600
2014-11-21,85.6170,86.0395,85.5812,85.9965,3640100
2014-11-24,85.6887,86.1183,85.6028,86.0682,4033900
2014-11-25,86.1899,86.8343,86.1469,86.7842,6770000
2014-11-26,87.0992,87.2639,86.9775,87.0205,4339100
2014-11-28,87.4501,87.8368,87.4501,87.7079,4562200
2014-12-01,88.0430,88.1363,87.1675,87.1962,7728600
2014-12-02,86.7225,86.7297,86.3278,86.3493,5757200
2014-12-03,86.3350,86.6938,86.2130,86.6866,4868600
2014-12-04,86.6580,87.4115,86.5647,87.4115,4250500
2014-12-05,87.2464,87.2680,86.4929,86.9020,8030700
2014-12-08,87.1388,88.1579,86.9378,87.9641,6021800
2014-12-09,88.7033,88.9688,88.2440,88.4162,6639700
2014-12-10,88.4019,89.2774,88.3301,89.0621,6439200
2014-12-11,88.8038,89.4281,88.4808,89.4281,7863500
2014-12-12,90.0309,90.6768,89.7223,90.6410,9317400
2014-12-15,90.1673,90.9280,90.0166,90.4544,9387400
2014-12-16,91.4017,91.6601,90.6841,91.5740,7426400
2014-12-17,91.0787,91.2797,90.2103,90.7486,11558800
2014-12-18,89.6578,89.7798,89.1339,89.1339,12758200
2014-12-19,89.4066,90.3898,89.3061,90.3324,7894500
2014-12-22,90.0310,90.5620,89.9377,90.4544,4118800
2014-12-23,90.0310,90.1387,88.6244,88.6603,7406100
2014-12-24,88.5027,89.2219,88.4092,89.1428,4871400
2014-12-26,89.5744,89.6031,89.1932,89.4737,2921300
2014-12-29,89.8332,90.3726,89.7613,90.1425,4070700
2014-12-30,90.6028,90.7682,90.2791,90.3870,4372600
2014-12-31,90.4014,90.7394,90.3654,90.5596,4993300
2015-01-02,90.8257,91.8110,90.7250,91.5665,9432000
2015-01-05,92.0627,93.2278,92.0268,93.0049,9789500
2015-01-06,93.9973,95.2846,93.6305,94.6805,18331300
2015-01-07,93.9973,94.9107,93.6161,94.4935,9762900
2015-01-08,93.7528,93.7600,93.0768,93.2422,8055300
2015-01-09,92.9185,94.2922,92.8035,94.2634,9398800
2015-01-12,94.2131,95.1552,94.1555,94.8028,6658100
2015-01-13,94.4936,95.3710,94.3138,94.8028,8260800
2015-01-14,96.1692,96.4569,95.4356,95.5219,12324500
2015-01-15,95.5435,97.1114,95.4213,97.0251,11454200
2015-01-16,96.6080,96.8597,95.6730,95.7881,9390500
2015-01-20,96.4641,97.1689,96.4210,97.0610,7758700
2015-01-21,97.2336,97.5141,95.6227,95.9391,9803900
2015-01-22,96.3706,96.5001,95.1336,95.5939,10200000
2015-01-23,96.5864,97.1761,96.4785,96.9244,7334600
2015-01-26,96.9747,97.2264,96.4065,96.6295,5966500
2015-01-27,97.6148,97.9024,96.4785,96.7805,8079600
2015-01-28,96.9100,98.8230,96.8740,98.3627,12230300
2015-01-29,97.8952,98.2908,97.4206,97.7154,8881400
2015-01-30,99.0388,99.6069,98.6576,99.4487,14871200
2015-02-02,98.5111,99.3903,98.4823,99.0732,13689900
2015-02-03,97.7545,97.8553,96.8320,96.9762,14008700
2015-02-04,96.1979,97.2788,95.9312,97.1419,11360400
2015-02-05,96.5655,96.7312,95.9241,96.0754,8334600
2015-02-06,95.1602,95.3763,94.1080,94.3747,13685600
2015-02-09,95.1025,95.1097,94.2234,94.2234,8025500
2015-02-10,93.7837,94.0216,93.2793,93.4739,8290700
2015-02-11,93.4667,93.8774,92.9334,93.6468,6506400
2015-02-12,93.4378,94.0720,93.2865,93.3370,12548300
2015-02-13,93.3298,93.3442,92.3065,92.3785,8325200
2015-02-17,92.0975,92.1912,90.7427,90.9877,14968800
2015-02-18,91.3912,92.0542,91.1390,91.5282,14009200
2015-02-19,91.3624,91.8452,90.9228,90.9228,8584800
2015-02-20,91.5570,92.2488,90.8003,91.1895,12502500
2015-02-23,91.6579,92.3641,91.6363,92.2344,7500500
2015-02-24,91.9894,93.5316,91.6507,93.4451,11958300
2015-02-25,93.2937,93.9639,93.0199,93.8486,8019800
2015-02-26,93.4667,93.8991,92.5299,92.5659,11020500
2015-02-27,92.9766,93.4090,92.4361,93.3441,9225100
2015-03-02,93.1434,93.1940,91.5333,91.6055,11324000
2015-03-03,91.6199,91.9665,91.2517,91.2734,8599000
2015-03-04,91.6560,91.7282,91.0928,91.3022,6478900
2015-03-05,91.3600,91.6127,90.9051,91.1867,6045000
2015-03-06,90.0170,90.1325,88.7895,89.1722,20022900
2015-03-09,90.0242,90.1614,89.6271,89.9954,8889100
2015-03-10,90.9557,91.2950,90.8040,91.1795,9277900
2015-03-11,91.1650,92.0315,91.0640,91.8438,6663100
2015-03-12,92.5658,92.5658,91.4972,91.7788,10295900
2015-03-13,91.5261,92.1254,91.3311,91.4972,7247200
2015-03-16,92.3781,92.5297,91.8943,92.3781,6374600
2015-03-17,92.8186,93.2229,92.6236,93.1435,6314000
2015-03-18,93.8005,94.9702,92.8618,94.9413,13981900
2015-03-19,94.7320,95.0352,94.0605,94.4576,9543800
2015-03-20,94.7464,95.0930,94.6886,94.9558,5953800
2015-03-23,95.0930,95.1291,94.5804,94.8403,5555500
2015-03-24,95.1869,95.7717,94.9342,95.7573,6713000
2015-03-25,95.8295,95.8584,94.9197,94.9486,5635800
2015-03-26,94.6236,94.6886,93.2734,93.4684,9536300
2015-03-27,93.8872,94.6814,93.8511,94.6309,7907900
2015-03-30,94.5153,94.5875,93.9305,94.1615,7010600
2015-03-31,94.0388,94.5586,93.8005,94.3637,6844300
2015-04-01,95.0243,95.8563,95.0026,95.6031,9273900
2015-04-02,95.4584,95.4874,94.5033,94.5902,6663400
2015-04-06,95.0967,95.1328,93.8594,94.0620,5923800
2015-04-07,94.2284,94.9447,93.9534,94.8506,4764900
2015-04-08,94.8000,95.0460,94.0764,94.8796,5378900
2015-04-09,94.6915,94.7277,93.4325,93.6496,6484200
2015-04-10,94.2935,94.3876,93.7364,93.7870,4843000
2015-04-13,93.7219,94.0475,93.6206,93.9173,4010600
2015-04-14,95.0098,95.4078,94.4093,94.5829,6075500
2015-04-15,94.8217,94.9809,94.2936,94.5034,4425200
2015-04-16,94.6625,94.6842,93.6351,94.0331,7085500
2015-04-17,93.8955,95.2920,93.8449,95.1111,7268800
2015-04-20,94.7421,94.7927,94.0113,94.2718,4949400
2015-04-21,94.2284,94.3876,93.7436,93.8449,4563800
2015-04-22,93.7002,93.7364,92.2820,92.4123,9707600
2015-04-23,92.4702,93.2299,92.3327,92.8103,6843400
2015-04-24,93.0780,93.6496,93.0418,93.3891,4773000
2015-04-27,93.3891,93.7002,92.8826,93.3891,4334900
2015-04-28,92.7379,93.1503,92.0795,92.1012,7464300
2015-04-29,91.0303,91.4862,90.6468,90.9724,11554800
2015-04-30,90.4731,91.2908,90.0897,91.1316,12876000
2015-05-01,90.4341,90.6589,89.6801,89.9048,12378500
2015-05-04,90.1224,90.2891,88.9768,89.0566,9144700
2015-05-05,89.0783,89.2015,88.2300,88.9333,13935500
2015-05-06,88.4475,88.4982,87.2729,87.4107,14355000
2015-05-07,88.0415,88.8680,87.9835,88.5853,11933700
2015-05-08,89.4553,89.5786,88.6795,88.8245,11716400
2015-05-11,88.1792,88.2010,86.6422,86.6639,13738600
2015-05-12,86.3811,87.4615,86.1491,86.8887,15861700
2015-05-13,87.4759,87.5267,86.0186,86.1926,15760000
2015-05-14,86.2216,86.8814,86.0549,86.4247,9128400
2015-05-15,87.2802,88.3895,87.2149,88.1575,12630600
2015-05-18,87.2367,87.3165,86.6204,86.6784,10208300
2015-05-19,85.7503,86.8886,85.6488,85.9098,8435300
2015-05-20,86.1129,86.6059,85.6851,86.0549,7789700
2015-05-21,86.7001,87.4469,86.6059,87.2584,11760700
2015-05-22,87.4759,87.5484,86.8596,87.2947,5417900
2015-05-26,87.6137,88.8535,87.5412,88.7883,10469700
2015-05-27,88.5852,89.0782,88.1719,88.9912,6490300
2015-05-28,88.8172,89.2015,88.6142,88.7737,6237600
2015-05-29,89.3466,89.5931,88.8245,88.9695,7912000
2015-06-01,88.7254,88.9215,87.6936,88.0133,13108100
2015-06-02,87.3158,87.3812,86.5456,86.7854,10076200
2015-06-03,86.0225,86.1751,85.1578,85.3903,14810900
2015-06-04,85.9280,86.6764,85.8408,86.5020,10859300
2015-06-05,85.6228,86.1532,85.2885,85.4484,11200200
2015-06-08,85.7100,85.8553,85.2813,85.3540,5334000
2015-06-09,85.0560,85.1069,84.3658,84.6782,12393900
2015-06-10,84.2277,84.3803,83.7482,83.9371,12183600
2015-06-11,84.6927,85.7172,84.4602,85.7027,13849300
2015-06-12,85.4411,86.5165,85.4121,85.7027,7863100
2015-06-15,86.3857,86.5093,85.5501,85.8408,8194200
2015-06-16,86.1823,86.5238,85.6955,86.5165,7046400
2015-06-17,86.1024,86.1968,85.1941,85.8481,13626100
2015-06-18,85.2813,85.5502,84.8308,85.4267,10123300
2015-06-19,86.1096,86.6037,86.0951,86.5238,10439200
2015-06-22,85.6228,85.8408,84.7146,84.7582,9769000
2015-06-23,84.0897,84.9834,84.0606,84.2495,8945100
2015-06-24,84.6564,85.1359,84.4021,84.9761,8600400
2015-06-25,84.7145,85.0706,84.4239,84.6782,8287800
2015-06-26,84.0461,84.1914,83.4720,83.7264,11673000
2015-06-29,84.9834,86.2259,84.6201,85.9425,17132900
2015-06-30,85.3031,86.2477,85.2522,85.3467,13469000
2015-07-01,84.3404,84.7336,84.0564,84.1947,12451500
2015-07-02,84.7044,84.9520,84.3840,84.4714,6682100
2015-07-06,85.9642,86.4011,85.2433,86.0370,10605800
2015-07-07,87.1366,87.7410,86.6196,86.8453,16160100
2015-07-08,87.3987,87.7992,87.0200,87.5953,9951800
2015-07-09,86.4375,86.7434,85.8186,85.8695,11108900
2015-07-10,84.5005,84.9957,84.2966,84.5078,13636600
2015-07-13,84.0272,84.8064,84.0272,84.2457,8006700
2015-07-14,84.4860,84.6680,84.2238,84.5224,4227800
2015-07-15,84.5515,85.6001,84.5005,85.4181,8720400
2015-07-16,85.1195,86.0443,85.1049,86.0079,7306500
2015-07-17,86.1972,86.5759,86.1899,86.4521,7404900
2015-07-20,86.1389,86.4011,85.8549,86.0879,5941000
2015-07-21,85.6947,86.6050,85.6802,86.5540,5627500
2015-07-22,86.6633,87.3114,86.6196,87.0929,6228900
2015-07-23,87.0929,88.2580,86.9837,88.1779,9087700
2015-07-24,88.4765,88.5129,88.0541,88.3964,7307900
2015-07-27,88.9789,89.0518,88.4619,88.8697,8172000
2015-07-28,88.2289,88.5274,88.0395,88.2216,9128200
2015-07-29,88.1269,88.2362,87.6900,87.8939,6706400
2015-07-30,88.2653,88.7969,88.2216,88.5711,6146600
2015-07-31,89.1610,89.4960,88.8843,89.2266,9178400
2015-08-03,89.2682,90.3118,89.2682,90.1658,11753700
2015-08-04,89.8812,89.9980,89.3703,89.4506,6448800
2015-08-05,88.8667,88.9689,88.4435,88.7792,7574400
2015-08-06,89.0346,89.6696,89.0346,89.5674,6118100
2015-08-07,89.9833,90.8591,89.9396,90.7423,8317000
2015-08-10,90.0636,90.1804,89.4141,89.6184,7461700
2015-08-11,90.7131,91.3189,90.6110,91.0415,11145700
2015-08-12,91.1729,91.7421,90.4942,90.5453,8455200
2015-08-13,90.3702,90.8007,89.9250,90.2534,7691400
2015-08-14,90.1075,90.7643,89.9104,90.4650,4324700
2015-08-17,91.0123,91.2970,90.7788,90.8737,7880300
2015-08-18,90.3483,90.7059,90.0417,90.1585,5024300
2015-08-19,89.8082,91.1729,89.7571,91.0489,10736000
2015-08-20,91.4940,92.0268,91.3554,91.9684,9078300
2015-08-21,92.0705,92.4938,91.6546,92.2457,10718300
2015-08-24,93.6396,94.0848,91.8224,92.2165,16663400
2015-08-25,90.8956,91.0708,90.1731,90.7351,15354800
2015-08-26,89.7644,90.1366,88.5675,88.9835,16429900
2015-08-27,88.9032,89.6695,88.7792,89.0346,9127000
2015-08-28,89.8739,90.1074,89.2025,89.2973,9946200
2015-08-31,90.0271,90.1074,88.5529,88.6113,8617600
2015-09-01,88.9646,89.2937,88.4819,89.2498,15298200
2015-09-02,88.8037,89.2133,88.3941,88.4819,9515200
2015-09-03,88.7744,88.9865,88.2844,88.9134,7042500
2015-09-04,89.5570,89.9081,89.0962,89.7252,7951300
2015-09-08,88.7744,88.9061,88.3210,88.4014,7049500
2015-09-09,87.4946,89.0158,87.4434,88.8257,7441900
2015-09-10,88.5111,88.6355,88.0942,88.2259,6789700
2015-09-11,88.8402,89.2864,88.7378,88.7817,5890900
2015-09-14,89.1913,89.3376,88.7013,88.9207,4221700
2015-09-15,88.4161,88.5331,87.1215,87.2166,11895000
2015-09-16,87.0045,87.3556,86.7046,86.8875,6949800
2015-09-17,86.9460,88.0358,86.8363,87.9480,19843600
2015-09-18,88.6501,89.3741,88.5916,89.3010,14963300
2015-09-21,88.5038,88.5769,87.6042,87.8455,10085600
2015-09-22,88.8183,89.5131,88.5989,89.0670,9968200
2015-09-23,88.9500,89.2791,88.4892,89.0597,6769900
2015-09-24,90.0836,90.4566,89.5863,89.6667,9605800
2015-09-25,88.9719,89.1767,88.6940,88.8914,8383700
2015-09-28,89.3742,90.5224,89.3742,90.4127,9833400
2015-09-29,90.3542,90.9028,90.1421,90.6687,9006100
2015-09-30,90.2591,90.5444,90.0470,90.3542,9832600
2015-10-01,90.9376,91.2601,90.6298,90.7398,9069400
2015-10-02,92.0443,92.4987,91.0109,91.2894,13000400
2015-10-05,90.6737,90.7543,89.9848,90.0508,11362700
2015-10-06,89.8162,90.5858,89.7136,90.4392,5687800
2015-10-07,90.0068,90.3879,89.7869,90.1387,6712800
2015-10-08,90.3586,90.4172,89.1640,89.3839,12882300
2015-10-09,89.3912,89.8822,89.3399,89.6184,9038100
2015-10-12,90.1680,90.4612,90.0801,90.3000,4241000
2015-10-13,90.5345,90.5858,89.9995,90.4538,6147200
2015-10-14,90.6591,91.2820,90.3659,91.2454,9738100
2015-10-15,91.1062,91.2161,90.7177,90.7983,6924300
2015-10-16,91.0622,91.2234,90.7837,90.8276,8048300
2015-10-19,90.7251,90.8570,90.0801,90.5785,6238400
2015-10-20,89.9995,90.1241,89.8163,90.0215,6431300
2015-10-21,90.5931,91.0402,90.4905,90.9156,6603800
2015-10-22,90.9522,91.4506,90.5198,91.0695,6934100
2015-10-23,90.2193,90.4832,90.0361,90.2926,7058200
2015-10-26,90.7837,91.0256,90.7397,90.8936,5859800
2015-10-27,91.2527,91.5386,90.9962,91.1208,7156800
2015-10-28,91.0768,91.1281,90.3659,90.7543,8468700
2015-10-29,90.2780,90.3073,89.1933,89.3106,12108000
2015-10-30,89.5891,90.0068,89.4278,89.9848,11861400
2015-11-02,89.4464,89.7402,89.3730,89.5713,8751000
2015-11-03,89.3510,89.4171,88.7193,88.8368,8921600
2015-11-04,88.9470,89.2702,88.6532,88.9396,5980800
2015-11-05,88.9103,88.9176,88.3594,88.7046,7268400
2015-11-06,87.7644,87.7938,87.2136,87.4045,10604700
2015-11-09,86.7435,87.3311,86.6701,86.9125,9159500
2015-11-10,87.0373,87.5588,86.9492,87.1695,6712500
2015-11-11,86.9271,87.0961,86.8684,86.9859,2857900
2015-11-12,87.2209,87.7277,87.1842,87.4045,6805700
2015-11-13,87.6395,88.0656,87.5661,87.9040,7906600
2015-11-16,87.9848,88.1390,87.5000,87.8232,5485300
2015-11-17,87.4046,88.2346,87.1549,87.9701,5122900
2015-11-18,87.8306,88.2786,87.6690,88.1537,5233900
2015-11-19,88.7854,88.9837,88.6385,88.7413,6643000
2015-11-20,88.8222,88.9030,88.3447,88.4696,5971000
2015-11-23,88.5283,88.9617,88.3741,88.7413,5436300
2015-11-24,88.8001,89.0205,88.5651,88.7340,3371500
2015-11-25,88.9984,89.1820,88.8368,88.9396,3280900
2015-11-27,89.0572,89.1086,88.8442,88.8515,2570600
2015-11-30,88.9470,89.2628,88.9176,89.2041,5179800
2015-12-01,89.2534,90.4237,89.2534,90.4090,12766600
2015-12-02,90.2838,90.5635,89.9379,90.4384,7345800
2015-12-03,89.3270,89.3564,87.5825,87.9800,16612200
2015-12-04,87.9800,89.0105,87.9358,88.7528,11843800
2015-12-07,88.9222,90.1367,88.9148,89.6141,9016700
2015-12-08,90.0041,90.1145,89.3932,89.6582,7257500
2015-12-09,89.3196,89.9084,88.7013,89.5625,8993900
2015-12-10,89.6435,89.8202,89.4227,89.6803,5606900
2015-12-11,90.5562,91.3438,90.4384,91.0935,12300000
2015-12-14,90.5930,90.6445,89.6141,89.9158,10661100
2015-12-15,89.0767,89.5036,88.9369,89.3858,8795500
2015-12-16,89.1135,89.9231,88.6939,89.1945,10988600
2015-12-17,89.6361,90.3722,89.5331,90.2029,9923000
2015-12-18,90.5930,90.9168,90.4016,90.7034,10171700
2015-12-21,90.8506,91.1082,90.4752,90.6813,7494900
2015-12-22,90.2765,90.3869,89.7907,90.0262,5445800
2015-12-23,89.2313,89.5110,88.9663,89.3491,7287100
2015-12-24,89.5954,89.8905,89.5438,89.8609,3364600
2015-12-28,89.9790,90.4805,89.8757,90.1265,7586600
2015-12-29,89.7577,89.7945,88.5185,88.6291,7787500
2015-12-30,88.4522,88.9095,88.2678,88.5407,5508900
2015-12-31,88.9316,89.1455,88.6956,88.9390,7897700
2016-01-04,89.9347,90.3183,89.4848,89.5807,10591900
2016-01-05,89.1602,89.6175,88.9979,89.2192,6242600
2016-01-06,90.2076,90.4436,90.0232,90.4215,8916900
2016-01-07,90.4879,90.6723,89.8314,90.5838,10202200
2016-01-08,90.3035,91.0706,90.1560,90.9895,9577200
2016-01-11,90.0158,90.5690,89.8831,89.9937,10040300
2016-01-12,90.2371,91.6975,90.0970,91.2919,12897700
2016-01-13,91.1148,92.5679,90.9231,92.1917,15577600
2016-01-14,91.8082,92.1770,90.9747,91.3287,12873800
2016-01-15,92.4941,92.9072,92.2581,92.7523,13976300
2016-01-19,92.2950,92.9883,92.1622,92.4646,8926600
2016-01-20,93.6595,94.3529,93.2465,93.4382,17283300
2016-01-21,93.6301,93.8882,92.6933,92.8039,11001600
2016-01-22,92.1327,92.5900,91.8450,92.4499,10164300
2016-01-25,92.8998,93.1358,92.6785,92.9514,5738200
2016-01-26,92.9293,93.2760,92.7523,92.9957,5692600
2016-01-27,92.7523,93.1506,92.3392,92.9736,7957800
2016-01-28,92.5974,93.2391,92.5384,93.1063,10575400
2016-01-29,93.9767,94.3086,93.6153,93.8956,13170700
2016-02-01,93.6968,93.9037,93.3273,93.6081,9948400
2016-02-02,94.6648,95.3595,94.5909,95.3447,10400000
2016-02-03,94.7979,96.0246,94.5319,94.5540,13309000
2016-02-04,94.7535,95.0269,94.2288,95.0122,9953500
2016-02-05,94.5097,95.3300,94.2880,95.1231,9200800
2016-02-08,95.8620,97.2735,95.8325,97.1700,14452200
2016-02-09,97.5765,97.5913,96.7784,97.2735,15232100
2016-02-10,97.3252,98.1677,96.8892,98.1307,12797100
2016-02-11,99.3501,99.9486,98.2933,98.8180,21620200
2016-02-12,98.0199,98.3820,96.7562,97.1774,13888400
2016-02-16,96.6010,96.6232,95.9285,96.1502,11766000
2016-02-17,95.8030,95.9434,95.1157,95.5591,13157300
2016-02-18,95.6329,96.8079,95.5960,96.7340,10196700
2016-02-19,96.7636,97.4139,96.6084,96.8154,8188700
2016-02-22,96.8819,96.8893,96.5863,96.7636,5054300
2016-02-23,95.9803,97.3548,95.9064,97.1553,8320700
2016-02-24,97.8426,98.5742,96.7710,96.9632,9091200
2016-02-25,97.1626,97.9608,97.0444,97.3104,6097200
2016-02-26,96.2980,96.6675,96.0985,96.3719,9245000
2016-02-29,96.4163,96.9336,96.3793,96.7932,8016100
2016-03-01,96.8583,96.8805,95.0073,95.0887,13729100
2016-03-02,95.0073,95.4886,94.9259,95.4812,7047700
2016-03-03,95.5626,96.2068,95.3405,95.8291,6394800
2016-03-04,95.3257,95.6071,94.5927,95.2146,8687000
2016-03-07,95.1036,95.2665,94.8075,95.1851,5493300
2016-03-08,96.5104,96.9842,96.2142,96.2364,7175400
2016-03-09,95.5700,96.0217,95.3701,95.6515,7194700
2016-03-10,95.8810,96.1327,94.7112,95.2591,10091600
2016-03-11,95.3775,95.4220,94.1855,94.2966,8927000
2016-03-14,94.6371,95.0592,94.5187,94.5927,5177000
2016-03-15,95.1406,95.2591,94.4816,94.6815,6413200
2016-03-16,94.5853,95.1555,94.3040,94.9629,9728900
2016-03-17,95.1480,95.7625,95.1332,95.3553,7805500
2016-03-18,95.5404,95.8884,95.2887,95.5552,8198600
2016-03-21,94.9555,95.2294,94.5853,94.8222,5514800
2016-03-22,95.3849,95.5256,94.7112,94.8000,4997900
2016-03-23,95.0740,96.1179,94.9851,95.8736,10628200
2016-03-24,96.6806,96.7250,95.5108,95.9106,6343300
2016-03-28,95.7921,96.3696,95.7181,96.0364,5058700
2016-03-29,96.5325,97.0582,96.2660,97.0434,9396700
2016-03-30,96.2734,96.3030,95.4960,96.0217,8478700
2016-03-31,96.2364,96.8509,96.0957,96.7029,7832300
2016-04-01,97.1777,97.2890,96.3764,96.9551,9341400
2016-04-04,97.0367,97.1702,96.6509,97.0144,5145100
2016-04-05,97.9419,98.2016,97.7713,98.0754,6482800
2016-04-06,97.5857,97.6896,96.9996,97.3631,6393700
2016-04-07,98.0754,98.6689,97.9418,98.5651,5963300
2016-04-08,98.0605,98.2311,97.6673,97.9418,5584800
2016-04-11,97.4299,98.0680,97.2741,97.8157,4805500
2016-04-12,97.2518,97.6005,96.8438,97.1405,4276000
2016-04-13,96.9625,97.6228,96.8364,97.4818,5207900
2016-04-14,97.1257,97.4225,96.8141,97.0144,6967000
2016-04-15,97.4077,98.0532,97.3780,97.8454,5831100
2016-04-18,97.4373,97.5190,96.9403,97.4225,4486600
2016-04-19,97.2519,97.4225,96.6657,97.1183,5212200
2016-04-20,97.3112,97.6747,95.9089,96.0499,10920700
2016-04-21,95.2932,95.7606,95.1819,95.4787,11154200
2016-04-22,95.5974,95.6419,95.1448,95.2338,5826400
2016-04-25,95.0113,95.3526,94.8406,94.8406,5539500
2016-04-26,94.7887,94.7887,94.3138,94.4103,7840000
2016-04-27,94.9074,95.5751,94.6848,95.3525,8380100
2016-04-28,95.1225,95.8125,94.9964,95.7457,7974600
2016-04-29,95.3006,96.2354,95.1151,95.9906,7416300
2016-05-02,95.6486,95.8270,95.0093,95.0241,11035200
2016-05-03,96.3102,96.6596,96.1616,96.2210,10736700
2016-05-04,96.4069,96.7712,96.0426,96.7489,7211200
2016-05-05,96.6894,97.4403,96.4218,97.3957,7870400
2016-05-06,97.2767,97.2841,96.8603,96.9793,7232500
2016-05-09,96.9868,97.3065,96.8827,97.2842,4950800
2016-05-10,97.2767,97.4774,97.1280,97.2916,4331900
2016-05-11,97.2618,98.1316,97.1354,97.8417,9256000
2016-05-12,97.1355,97.5146,97.0834,97.3957,6087400
2016-05-13,97.7450,98.3695,97.5592,98.3398,8707300
2016-05-16,97.8640,97.8788,97.3733,97.4923,5137000
2016-05-17,97.5443,98.0052,97.5443,97.6558,4449100
2016-05-18,97.2470,97.2767,95.8345,96.2657,12681000
2016-05-19,96.4069,96.8901,96.3846,96.6820,6209400
2016-05-20,96.3846,96.9422,96.3103,96.7563,5348900
2016-05-23,96.9124,97.1875,96.5853,96.9719,6979700
2016-05-24,96.6225,96.7860,96.0798,96.5407,5968200
2016-05-25,96.5184,96.8306,96.1318,96.1764,6367400
2016-05-26,96.5035,96.9793,96.4961,96.6745,5419300
2016-05-27,96.6969,96.8381,96.4218,96.5333,5267600
2016-05-31,95.9162,96.9719,95.8865,96.7637,8344300
2016-06-01,97.3127,97.7895,96.9254,97.1563,9874900
2016-06-02,97.5139,98.1024,97.4916,97.8566,5835400
2016-06-03,98.9740,99.2496,98.7803,99.2496,11077200
2016-06-06,98.9144,98.9964,98.4078,98.5121,7573700
2016-06-07,98.8101,99.0634,98.7356,98.7505,4680200
2016-06-08,98.9815,99.3987,98.8623,99.2795,5313200
2016-06-09,100.0617,100.2255,99.7711,99.9201,6820300
2016-06-10,100.4118,100.8140,100.0169,100.4043,6984600
2016-06-13,100.6352,100.8587,100.3969,100.8513,7283300
2016-06-14,101.4547,101.4771,100.7321,100.7768,9012500
2016-06-15,100.9556,101.4845,100.7991,101.1642,7953200
2016-06-16,101.8644,102.4752,101.4472,101.6558,10372700
2016-06-17,101.4621,101.5143,100.7619,101.0226,8489900
2016-06-20,100.0021,100.2330,99.8307,99.9425,7365900
2016-06-21,100.0392,100.2553,99.4209,99.4805,6005800
2016-06-22,99.4508,99.8158,99.2646,99.6445,5773700
2016-06-23,98.7878,99.3167,98.3929,98.5047,9029100
2016-06-24,101.7676,101.7676,100.7917,101.1493,17155000
2016-06-27,103.1308,103.9875,103.1010,103.6746,16577100
2016-06-28,103.8758,104.2184,103.4586,103.8907,14006400
2016-06-29,104.0545,104.3898,102.9967,103.0936,12999800
2016-06-30,103.4064,104.2482,102.8701,103.4735,14698500
2016-07-01,105.0893,105.0968,103.8803,104.9102,15430200
2016-07-05,105.8655,106.6566,105.7536,106.2238,8840800
2016-07-06,106.5670,106.7237,105.9476,106.3953,14352800
2016-07-07,106.0446,106.8655,105.8132,106.3879,9676400
2016-07-08,106.6640,107.1864,106.2461,107.1715,10355300
2016-07-11,106.7610,107.0745,106.1565,106.2311,8099000
2016-07-12,104.7982,105.1266,104.2161,104.4848,15810600
2016-07-13,105.5072,105.8057,105.1937,105.7162,8181700
2016-07-14,103.9474,104.3653,103.8056,104.1788,10817000
2016-07-15,103.6564,103.8205,103.1265,103.2832,9958600
2016-07-18,103.7907,103.9325,102.7906,103.1862,5955900
2016-07-19,103.6937,103.9698,103.2907,103.7683,8073900
2016-07-20,103.1638,103.3727,102.9249,103.2011,6942500
2016-07-21,102.2756,103.4548,102.2383,103.4100,10398400
2016-07-22,102.9399,103.9176,102.8951,103.5892,5811400
2016-07-25,103.6937,103.9325,103.4325,103.5146,4243800
2016-07-26,104.1266,104.1266,103.3355,103.6788,5243400
2016-07-27,104.1489,104.9699,104.0370,104.9699,8508100
2016-07-28,104.3355,105.1117,104.2684,104.7758,7336100
2016-07-29,104.8206,105.7386,104.6489,105.6490,8766700
2016-08-01,104.5110,105.0494,104.3839,104.5036,9809300
2016-08-02,103.0531,104.1223,102.8063,103.4269,10051200
2016-08-03,103.6288,103.7634,103.1129,103.4868,4930600
2016-08-04,104.2718,104.7951,104.1297,104.2643,5646000
2016-08-05,103.9653,104.0625,103.0456,103.1802,7778600
2016-08-08,102.8811,103.5839,102.6718,103.3746,5185200
2016-08-09,103.7110,104.4662,103.6437,104.3914,5503200
2016-08-10,104.6008,105.0569,104.2793,104.7952,5843500
2016-08-11,104.7204,104.7354,103.5839,103.8606,7624600
2016-08-12,104.9821,105.3186,104.5784,104.7354,7989600
2016-08-15,104.1821,104.3989,103.7409,103.7484,5108600
2016-08-16,103.9129,104.0400,103.3521,103.4718,6182700
2016-08-17,103.6512,104.2568,103.5540,104.0923,5002000
2016-08-18,104.0774,104.4961,103.7709,104.2569,3805200
2016-08-19,103.6587,103.9653,103.2550,103.7111,5516300
2016-08-22,104.4138,104.7802,104.2045,104.5858,5549700
2016-08-23,104.8774,105.1166,104.4288,104.6979,6841400
2016-08-24,104.7504,104.8177,104.2195,104.4513,6027800
2016-08-25,104.1222,104.5110,103.8979,104.0549,5855500
2016-08-26,104.4737,105.1914,103.3447,103.4493,12962500
2016-08-29,104.2120,104.9372,104.0849,104.8326,7310400
2016-08-30,104.8027,104.8700,104.4288,104.4288,5161800
2016-08-31,104.4213,104.8026,104.1820,104.5783,7349700
2016-09-01,103.8323,104.9409,103.7949,104.6937,9149100
2016-09-02,104.0870,104.1544,103.4952,103.8398,8397000
2016-09-06,103.8997,104.9259,103.7499,104.5963,8542600
2016-09-07,105.1432,105.1806,104.5215,104.5215,5421800
2016-09-08,104.0121,104.3192,102.8136,103.2106,14301500
2016-09-09,101.9222,101.9596,101.4278,101.5102,13347700
2016-09-12,101.3605,101.7425,101.2406,101.5627,9096600
2016-09-13,101.7724,101.8698,99.8923,100.4092,15645400
2016-09-14,100.4092,101.0533,100.4092,100.5590,7037700
2016-09-15,100.0796,100.4092,99.6451,100.1245,9874500
2016-09-16,100.8062,100.9785,100.5365,100.9335,7507900
2016-09-19,100.7612,101.0234,100.5590,100.6039,7105900
2016-09-20,101.2331,101.5552,100.8736,100.9560,6054800
2016-09-21,100.8211,101.7874,100.5065,101.7724,10698100
2016-09-22,102.3717,102.8361,102.2443,102.5814,12426200
2016-09-23,102.6413,102.8735,102.4017,102.4840,5928800
2016-09-26,102.6713,103.2405,102.6338,103.1357,8661300
2016-09-27,103.8098,103.9672,103.3305,103.8922,9450400
2016-09-28,103.7424,104.2293,103.5327,103.6675,7958700
2016-09-29,103.0383,104.1694,102.9559,103.9297,8319800
2016-09-30,103.7799,103.8473,102.5215,103.0008,11747100
2016-10-03,103.3138,103.3813,102.6234,102.6610,7588800
2016-10-04,102.5183,102.6834,101.4227,101.4603,12048700
2016-10-05,101.3177,101.3627,100.6424,100.9875,8917700
2016-10-06,100.5298,101.0701,100.3122,100.4248,7839900
2016-10-07,100.4998,100.7699,99.8695,100.4923,9953200
2016-10-10,99.6894,99.9220,99.4343,99.8995,6089100
2016-10-11,99.6969,100.2146,99.4793,99.6744,9670400
2016-10-12,99.5543,99.8170,99.2317,99.7720,7582400
2016-10-13,100.2822,100.4998,100.0796,100.1471,7080600
2016-10-14,99.2542,99.7644,98.6989,98.7439,11415100
2016-10-17,99.1266,99.6069,99.1191,99.3742,10595900
2016-10-18,98.9465,99.7194,98.9240,99.6969,7151000
2016-10-19,99.3292,100.0045,99.2917,99.7794,6941300
2016-10-20,100.2822,100.3647,99.7269,99.8845,6082300
2016-10-21,100.1921,100.3422,99.7044,100.0346,9222700
2016-10-24,100.1096,100.1396,99.2692,99.5994,6507500
2016-10-25,99.4493,100.2222,99.4192,99.8620,5134700
2016-10-26,99.3967,99.6519,99.0441,99.1866,5842500
2016-10-27,98.3537,98.3537,97.5958,98.1061,10044700
2016-10-28,97.8434,98.2487,97.7984,97.8885,7541000
2016-10-31,98.2186,98.5188,98.0836,98.4888,7047500
2016-11-01,97.8573,98.9399,97.6468,98.4963,12622400
2016-11-02,98.7143,99.3233,98.5113,98.9248,8666200
2016-11-03,98.3008,98.5264,98.0677,98.1655,6085400
2016-11-04,98.6918,99.0827,98.5865,99.0451,7622600
2016-11-07,98.3008,98.4888,98.0677,98.2031,5386700
2016-11-08,98.5038,98.6466,97.5189,97.8046,7576500
2016-11-09,95.6469,95.7596,93.3914,93.6545,31233500
2016-11-10,93.2034,93.9477,92.2636,92.2712,22961200
2016-11-11,92.4441,92.5118,91.4592,91.7524,10040200
2016-11-14,91.1811,92.2186,90.7676,91.2036,21174400
2016-11-15,91.8878,92.3313,91.5570,91.6547,11963700
2016-11-16,91.9479,92.5794,91.8502,92.4817,9149500
2016-11-17,91.6848,91.8051,90.9630,91.1209,11221600
2016-11-18,91.4442,91.6998,90.4743,90.8578,13577700
2016-11-21,91.1284,91.3314,90.8878,91.0833,6488100
2016-11-22,91.4668,91.5419,90.8803,91.0532,9989900
2016-11-23,90.2112,90.9029,89.6548,90.6999,13563500
2016-11-25,91.1134,91.1886,90.5194,90.8352,3126300
2016-11-28,91.2788,91.5194,91.0382,91.5043,8555000
2016-11-29,91.3013,92.0230,91.1284,91.8877,8363000
2016-11-30,90.1962,90.9781,89.8278,90.3992,21163500
2016-12-01,89.2790,89.6406,88.6235,89.4447,21715700
2016-12-02,89.7761,90.5596,89.7535,90.1001,12487500
2016-12-05,89.5953,90.7028,89.2337,90.0022,12100100
2016-12-06,89.9042,90.3562,89.7384,89.9343,11526600
2016-12-07,90.2658,90.8685,90.2658,90.7028,10392200
2016-12-08,89.7611,89.8816,89.4823,89.6330,12041100
2016-12-09,89.3769,89.5426,88.3523,88.5181,14646400
2016-12-12,88.3448,88.7441,88.0510,88.6838,9496300
2016-12-13,89.1961,89.2639,88.4728,89.0002,12189200
2016-12-14,89.7083,89.8062,87.9907,88.0057,16618400
2016-12-15,88.5633,89.1132,88.1640,88.4503,12400500
2016-12-16,88.6009,88.8344,87.9907,88.2468,14924600
2016-12-19,88.8797,89.3317,88.6989,89.1961,10868300
2016-12-20,88.6160,88.8194,88.4276,88.7516,7030600
2016-12-21,88.8344,89.1960,88.6913,89.1433,4624700
2016-12-22,88.7725,89.1275,88.7498,88.9840,5177800
2016-12-23,89.3087,89.4220,89.0897,89.1652,4461600
2016-12-27,88.6894,88.9009,88.5459,88.8782,5276600
2016-12-28,89.0217,89.7921,88.9008,89.5278,7578600
2016-12-29,89.7317,90.0867,89.6260,89.8450,8581400
2016-12-30,89.7166,90.3737,89.6713,89.9810,10613900
2017-01-03,89.4372,90.6306,89.2634,90.3662,13217300
2017-01-04,90.4568,90.8193,90.2226,90.7136,6699600
2017-01-05,90.9780,92.1714,90.7665,92.1336,13265800
2017-01-06,91.4916,91.8013,91.2046,91.2877,8369300
2017-01-09,92.0581,92.1487,91.7409,92.0203,8839100
2017-01-10,91.8088,92.0808,91.6049,91.9599,8417900
2017-01-11,92.1034,92.6699,91.7031,92.2696,9402500
2017-01-12,92.7530,93.0098,92.0203,92.0657,9977600
2017-01-13,91.6427,91.9599,91.1064,91.6276,9820000
2017-01-17,92.7606,92.8588,92.1412,92.5869,7853300
2017-01-18,91.9750,92.1185,91.3254,91.4009,9064700
2017-01-19,91.0082,91.0762,90.2982,90.7740,11795600
2017-01-20,90.5172,90.8722,90.1018,90.5928,16953200
2017-01-23,90.8949,92.0505,90.6532,91.4992,13118400
2017-01-24,91.2197,91.4916,90.4871,90.8723,8395000
2017-01-25,90.0943,90.3360,89.5504,89.7317,11115100
2017-01-26,89.8148,90.0791,89.3767,90.0338,7827900
2017-01-27,90.1849,90.5097,90.0716,90.3586,7197800
2017-01-30,90.2152,90.5475,90.0339,90.0867,6569500
2017-01-31,90.1320,90.9402,90.0716,90.7136,13298500
2017-02-01,90.1527,90.4782,89.7591,90.1527,10975500
2017-02-02,90.7810,90.9400,90.0770,90.1149,6978600
2017-02-03,90.4102,90.7357,89.6759,90.0771,10275600
2017-02-06,90.6523,90.9324,90.1679,90.6220,8433800
2017-02-07,90.6675,91.5985,90.4328,91.2882,8418400
2017-02-08,91.9088,92.5522,91.9013,92.5295,15734200
2017-02-09,91.9013,92.0375,91.3336,91.4622,16890600
2017-02-10,90.9173,91.5531,90.9173,91.4093,7978500
2017-02-13,91.0232,91.1443,90.7431,91.1216,11536800
2017-02-14,91.0156,91.0610,89.9483,90.4631,13210500
2017-02-15,89.8954,90.2436,89.8121,90.0468,8481000
2017-02-16,90.2435,90.9929,90.1679,90.5388,10005800
2017-02-17,91.2957,91.3639,90.9324,91.0762,7886400
2017-02-21,90.5918,91.2957,90.5312,90.9172,8703800
2017-02-22,91.4395,91.4547,90.5236,91.0686,8101500
2017-02-23,91.2654,91.3941,91.0838,91.3411,5330800
2017-02-24,91.8559,92.4539,91.7877,92.3555,11336000
2017-02-27,92.2041,92.2722,91.7651,91.8105,11039800
2017-02-28,91.9694,92.4084,91.8332,92.1511,8410500
2017-03-01,90.5842,90.6676,90.2126,90.6070,10717100
2017-03-02,90.2581,90.4097,89.9623,90.2808,8201200
2017-03-03,90.4249,90.5160,89.9092,90.5160,9515200
2017-03-06,90.3416,90.3416,89.8865,90.0837,4489200
2017-03-07,89.8561,90.0078,89.6817,89.8106,7080100
2017-03-08,88.9688,89.4542,88.9082,89.3253,11336300
2017-03-09,88.9915,89.0977,88.5592,88.6123,10575400
2017-03-10,88.8399,88.9764,88.4910,88.9233,9218500
2017-03-13,88.6048,88.8020,88.3470,88.3621,6993100
2017-03-14,88.5593,88.9991,88.5138,88.7868,9869200
2017-03-15,89.1584,90.1216,89.0598,89.8713,14600500
2017-03-16,89.4845,89.6058,89.2115,89.4162,8018200
2017-03-17,89.5756,90.0609,89.5149,89.9775,7266800
2017-03-20,89.9092,90.4249,89.8713,90.3643,5497800
2017-03-21,90.2884,91.2365,90.2657,91.1151,12540700
2017-03-22,91.5550,91.8963,91.3350,91.4791,11661400
2017-03-23,91.6384,91.7825,91.0544,91.3502,6746500
2017-03-24,91.4109,91.8432,91.3123,91.6763,5819600
2017-03-27,92.3968,92.5030,91.9114,92.0934,6878500
2017-03-28,92.3665,92.3892,91.3805,91.4791,6811200
2017-03-29,91.7219,92.0556,91.6764,92.0252,6291000
2017-03-30,91.8204,91.8356,91.2516,91.2819,7042400
2017-03-31,91.2213,91.6233,91.1682,91.5474,5144800
2017-04-03,91.5436,92.6228,91.5056,92.4708,12996500
2017-04-04,92.2428,92.4100,91.9236,91.9692,6976700
2017-04-05,91.6272,92.3568,91.4752,92.2504,8555200
2017-04-06,92.1440,92.2732,91.5968,92.1136,6497000
2017-04-07,92.6000,92.9116,91.7260,91.7412,10270000
2017-04-10,92.0679,92.4327,91.9615,92.1667,5314500
2017-04-11,92.5696,93.2156,92.5088,93.0408,11297400
2017-04-12,93.1092,93.6260,92.9420,93.5500,11532500
2017-04-13,93.8236,94.0440,93.4132,93.8388,8396700
2017-04-17,93.8312,93.8996,93.3752,93.5500,8015000
2017-04-18,94.1352,94.9864,93.8996,94.7736,11529700
2017-04-19,94.3176,94.3708,94.0136,94.2568,7344000
2017-04-20,93.8768,94.1808,93.5880,93.8920,7932900
2017-04-21,94.1048,94.4240,93.8540,93.8920,9798500
2017-04-24,93.1396,93.6032,93.0712,93.4284,8066400
2017-04-25,92.8812,93.0712,92.2504,92.3036,8122300
2017-04-26,92.3568,92.8280,92.2884,92.8128,5766200
2017-04-27,92.5316,92.9876,92.4024,92.7824,4978300
2017-04-28,92.4176,93.0560,92.3796,92.9876,8166300
2017-05-01,92.6792,93.0219,91.9328,92.2146,8795900
2017-05-02,92.1308,92.7477,92.1079,92.6867,6727800
2017-05-03,93.0828,93.2123,92.5725,92.7477,8932900
2017-05-04,92.1613,92.3212,91.9023,92.2907,9707200
2017-05-05,92.4430,92.5116,92.0699,92.3745,5605400
2017-05-08,92.2375,92.2603,91.7957,91.8719,8057800
2017-05-09,91.6814,91.8718,91.4987,91.8642,5536700
2017-05-10,92.0851,92.1993,91.5139,91.7576,6517000
2017-05-11,91.3920,91.8261,91.3235,91.7576,7479800
2017-05-12,92.1613,92.5269,92.1385,92.4507,7463900
2017-05-15,92.1993,92.3136,91.9633,92.1993,5173200
2017-05-16,92.2375,92.8315,92.2375,92.5421,6722700
2017-05-17,93.3950,94.0881,93.2123,93.8901,11236400
2017-05-18,94.2481,94.3928,93.8216,93.9967,8350500
2017-05-19,93.9510,94.2709,93.6845,94.2176,11277400
2017-05-22,93.9891,94.1033,93.8749,93.9586,4062900
2017-05-23,94.0653,94.1491,93.2809,93.3266,7901300
2017-05-24,93.5246,93.8749,93.3265,93.8521,7355200
2017-05-25,93.6921,93.8901,93.4941,93.8825,6464800
2017-05-26,94.0957,94.2404,93.8673,94.0424,2963800
2017-05-30,94.4613,94.5451,94.2405,94.5070,4819400
2017-05-31,94.4766,94.9335,94.4613,94.7431,8000200
2017-06-01,94.4095,94.7835,94.3790,94.7530,9037300
2017-06-02,95.5697,95.9894,95.4399,95.8750,13245000
2017-06-05,95.3254,95.5239,95.2338,95.2796,6775500
2017-06-06,95.9284,96.0658,95.7071,95.7987,12841500
2017-06-07,95.5849,95.7986,95.2415,95.3407,12852400
2017-06-08,95.3102,95.3102,94.8675,95.0888,8758600
2017-06-09,94.6996,95.1270,94.6233,94.9438,5130500
2017-06-12,94.7988,95.3941,94.7454,94.9133,4335800
2017-06-13,94.6462,95.0354,94.6309,94.9286,4742600
2017-06-14,96.1039,96.7069,95.9589,96.3939,20212300
2017-06-15,96.2337,96.4169,96.0353,96.2413,5863700
2017-06-16,96.2260,96.5008,96.1726,96.4321,6672500
2017-06-19,96.4092,96.5313,96.1879,96.2947,5641300
2017-06-20,96.7679,97.2334,96.7679,97.1571,8405700
2017-06-21,97.0121,97.4166,96.8595,97.3556,5914800
2017-06-22,97.4700,97.5922,97.1648,97.5693,6608100
2017-06-23,97.2869,97.6151,97.2335,97.5235,4329900
2017-06-26,97.8975,98.1265,97.8135,97.8898,5541600
2017-06-27,97.2564,97.3022,96.6382,96.8442,8354200
2017-06-28,96.6763,96.7069,96.1497,96.5237,7357900
2017-06-29,95.4094,95.9513,95.3254,95.7147,9115800
2017-06-30,95.5468,95.6994,95.2873,95.4934,10189800
2017-07-03,95.5989,95.6295,94.8494,95.1859,11021100
2017-07-05,94.9870,95.3312,94.9259,95.2088,11394500
2017-07-06,94.4670,94.5588,94.0158,94.4211,10853100
2017-07-07,93.9469,94.0922,93.7557,93.8551,9401800
2017-07-10,93.9699,94.1458,93.8246,93.9928,3859200
2017-07-11,93.9623,94.3217,93.8475,94.1535,4425600
2017-07-12,94.7500,94.8647,94.4441,94.8035,7839900
2017-07-13,94.5282,94.5664,93.9240,94.2070,7449300
2017-07-14,94.9106,94.9565,94.1611,94.3217,6566800
2017-07-17,94.3217,94.8265,94.2758,94.5817,4737300
2017-07-18,95.1629,95.4229,95.0099,95.4076,9163000
2017-07-19,95.4307,95.6066,95.2853,95.4460,5140900
2017-07-20,95.9737,96.1572,95.5760,95.7213,12239100
2017-07-21,96.1572,96.3866,96.0348,96.1266,6201500
2017-07-24,95.9430,96.1037,95.7213,95.7518,5378500
2017-07-25,94.9411,94.9794,94.4287,94.5052,9743300
2017-07-26,94.2758,94.9029,94.1305,94.6582,8459500
2017-07-27,94.1535,94.3599,93.9317,94.1917,6390800
2017-07-28,94.2758,94.8265,94.2682,94.7500,5491800
2017-07-31,94.4211,94.8723,94.3752,94.8647,5464600
2017-08-01,94.4117,95.5844,94.3964,95.5307,9676800
2017-08-02,95.6304,95.9370,95.5614,95.5844,5745600
2017-08-03,96.0290,96.5885,96.0060,96.5731,10324500
2017-08-04,95.9217,95.9446,95.3775,95.7530,8485500
2017-08-07,95.6840,95.8833,95.5078,95.8603,4684600
2017-08-08,95.7070,95.7914,95.1552,95.5154,6197400
2017-08-09,96.5195,96.5348,95.9599,96.0366,9221800
2017-08-10,96.2818,96.9103,96.2052,96.8567,10378200
2017-08-11,96.3968,96.9257,96.2282,96.9027,5717800
2017-08-14,96.5654,96.7877,96.3662,96.4045,5111000
2017-08-15,95.5997,96.2206,95.5844,95.9983,7473200
2017-08-16,95.6764,96.5884,95.6610,96.3508,5283800
2017-08-17,96.3432,97.0943,96.1976,97.0713,9364700
2017-08-18,97.3243,97.4546,96.7724,97.0483,8382500
2017-08-21,97.1633,97.3549,96.9563,97.2859,7669800
2017-08-22,97.1786,97.1939,96.7801,96.9104,6140700
2017-08-23,97.3702,97.5771,97.1556,97.5695,7446400
2017-08-24,97.2476,97.5772,97.1250,97.2093,5569400
2017-08-25,97.3549,97.6845,97.2399,97.5848,7303300
2017-08-28,97.2783,97.6385,97.1326,97.5235,4448500
2017-08-29,98.4586,98.5046,97.5771,97.8377,7659400
2017-08-30,97.6922,97.9068,97.6002,97.8071,4735200
2017-08-31,97.8301,98.1290,97.7764,98.0984,7978400
2017-09-01,97.7781,97.8011,97.1022,97.3480,14128600
2017-09-05,98.0700,98.9225,98.0700,98.8917,15215700
2017-09-06,98.8610,99.0760,98.1083,98.2850,9066400
2017-09-07,98.5614,99.5138,98.5614,99.2911,13618900
2017-09-08,99.1605,99.1989,98.7458,99.0760,9808500
2017-09-11,98.2082,98.3464,97.7397,97.8933,17856700
2017-09-12,97.5784,97.6091,97.1790,97.3787,7557400
2017-09-13,97.4709,97.4786,96.9870,96.9947,6740000
2017-09-14,97.0562,97.4094,97.0254,97.3941,6674500
2017-09-15,97.5400,97.5477,97.1867,97.4325,9769200
2017-09-18,97.1560,97.2097,96.6491,96.8718,6863000
2017-09-19,96.9870,97.0100,96.5646,96.6337,5554900
2017-09-20,96.7489,96.8104,96.2574,96.7028,8037000
2017-09-21,96.8949,97.2021,96.6337,96.6491,6147800
2017-09-22,97.1560,97.3326,96.8181,96.9256,5660700
2017-09-25,97.0178,97.7474,96.9256,97.5324,9679000
2017-09-26,97.3634,97.4556,97.1023,97.3557,7251900
2017-09-27,95.9041,96.2344,95.7044,95.8888,12145700
2017-09-28,95.3972,95.7351,95.2128,95.6045,8883700
2017-09-29,95.8196,96.0270,95.4433,95.8196,11285500
2017-10-02,96.0520,96.1982,95.6133,95.6441,7860700
2017-10-03,95.3671,95.8212,95.3671,95.7365,6219800
2017-10-04,95.8365,95.8827,95.3363,95.7442,7447000
2017-10-05,95.6364,95.6595,95.1901,95.3825,8180300
2017-10-06,94.8823,95.5056,94.6822,95.1131,10375000
2017-10-09,95.2593,95.4748,95.1516,95.4133,3590900
2017-10-10,95.5364,96.0982,95.4440,95.5672,6666800
2017-10-11,95.8673,95.9365,95.6287,95.7518,4385900
2017-10-12,95.8519,96.1828,95.6133,96.1598,7141600
2017-10-13,96.6446,96.9217,96.3291,96.8524,7746900
2017-10-16,96.6061,96.8909,96.4907,96.7831,5737300
2017-10-17,96.4984,97.0371,96.4984,96.9063,4969600
2017-10-18,96.2367,96.3368,95.9520,96.2675,5943800
2017-10-19,96.7677,96.9755,96.4060,96.4368,8966500
2017-10-20,95.4287,95.6441,95.1516,95.4133,12326900
2017-10-23,95.5518,95.8057,95.4440,95.5826,6871100
2017-10-24,94.9438,95.1900,94.7745,94.9900,6842800
2017-10-25,94.2974,94.6437,94.2127,94.5359,9961400
2017-10-26,94.7053,94.7053,94.2204,94.2204,8179400
2017-10-27,94.6129,94.9130,94.4667,94.8438,10480900
2017-10-30,95.3209,95.7826,95.0900,95.7518,9051600
2017-10-31,95.8366,95.9366,95.7365,95.7827,4424300
2017-11-01,95.9006,96.5099,95.8621,96.2091,8940400
2017-11-02,96.4019,96.8030,96.3403,96.6333,7222700
2017-11-03,96.7644,96.9418,96.5099,96.8955,10984100
2017-11-06,97.1192,97.3428,96.9572,97.2580,6246700
2017-11-07,97.3506,97.7747,97.2735,97.6668,6422700
2017-11-08,97.6282,97.7901,97.3351,97.4508,3356200
2017-11-09,97.0729,97.3582,96.8261,97.1731,6280400
2017-11-10,96.1783,96.2786,95.5999,95.7079,11981000
2017-11-13,96.2477,96.2554,95.8698,95.9084,5880800
2017-11-14,96.2246,96.5870,96.2246,96.5562,6195900
2017-11-15,97.2194,97.6899,96.8955,97.6050,9568200
2017-11-16,97.1809,97.4277,96.7490,96.7567,5894900
2017-11-17,97.2272,97.5125,97.1423,97.4740,6938800
2017-11-20,97.1038,97.4663,97.1038,97.4354,4232300
2017-11-21,98.0138,98.1680,97.4122,97.7439,5818400
2017-11-22,97.6513,98.0986,97.5665,98.0601,4140700
2017-11-24,97.8904,97.9675,97.7053,97.7901,3141400
2017-11-27,97.8364,97.9829,97.4971,97.6513,6079900
2017-11-28,97.7670,98.0832,97.5357,97.7824,5983000
2017-11-29,96.8338,96.9264,96.4791,96.8184,14547100
2017-11-30,96.6410,96.8030,95.9700,96.4945,9630000
2017-12-01,97.2712,98.6776,96.6761,97.7967,24583100
2017-12-04,97.3098,97.8894,97.2248,97.8430,9609200
2017-12-05,97.7349,98.5308,97.7194,98.3299,10958900
2017-12-06,98.8167,99.0949,98.6544,98.6699,11834200
2017-12-07,98.8631,98.9944,97.6034,97.8971,13056800
2017-12-08,97.8275,97.9435,97.5571,97.9048,4786100
2017-12-11,98.0362,98.2139,97.6884,97.7039,3863800
2017-12-12,97.5030,97.6885,97.1166,97.6653,7502400
2017-12-13,97.9976,98.4458,97.8276,98.3994,8532900
2017-12-14,98.1830,98.9017,97.9821,98.8167,6885000
2017-12-15,98.7703,99.3731,98.5771,99.1876,7239400
2017-12-18,98.8940,98.9172,98.0749,98.2835,7239700
2017-12-19,97.6189,97.6653,96.6529,97.0084,11045800
2017-12-20,96.0656,96.3747,95.7873,95.9342,10005800
2017-12-21,96.0519,96.6947,96.0287,96.4934,7026900
2017-12-22,96.5709,96.6793,96.4392,96.6251,3974300
2017-12-26,96.7876,97.2136,96.7799,96.9115,3168400
2017-12-27,97.3530,98.3365,97.3452,98.1739,9059700
2017-12-28,97.9880,98.2204,97.8641,98.0887,5297100
2017-12-29,97.9648,98.4450,97.9493,98.2436,7580500
2018-01-02,97.9570,97.9725,96.8573,97.1826,16238200
2018-01-03,97.5776,97.7324,97.1826,97.6473,8605100
2018-01-04,97.3065,97.7015,97.0897,97.6318,9217900
2018-01-05,97.4769,97.7170,97.0819,97.3530,10915400
2018-01-08,97.5698,97.6008,96.9348,97.2910,8850600
2018-01-09,96.6560,96.6715,95.8816,95.9900,16226400
2018-01-10,95.1071,95.9745,94.9910,95.8738,14302600
2018-01-11,95.6492,96.4856,95.4943,96.2688,12511000
2018-01-12,96.1062,96.6405,95.9590,96.4314,9987100
2018-01-16,96.9348,97.0200,96.4624,96.8341,9125900
2018-01-17,96.8651,97.2987,96.4933,96.7024,8327000
2018-01-18,95.9745,96.2378,95.6725,95.8042,10843900
2018-01-19,95.5641,95.6880,95.2388,95.3008,11374300
2018-01-22,95.6028,95.8041,95.2465,95.3937,8984700
2018-01-23,95.8816,96.1836,95.4402,95.8042,12325700
2018-01-24,95.1381,95.3550,94.8981,95.2853,9038900
2018-01-25,95.3782,96.1449,95.0994,96.0674,12173300
2018-01-26,95.9358,95.9590,95.3317,95.7112,6462900
2018-01-29,95.2310,95.2310,94.7122,95.0452,12223000
2018-01-30,94.6966,94.7663,94.2475,94.4875,12064400
2018-01-31,95.1536,95.2001,94.4334,95.0452,18045100
2018-02-01,95.0491,95.0879,93.6134,93.6677,18632800
2018-02-02,93.2409,93.3263,92.5347,92.7986,23944400
2018-02-05,92.4804,94.5369,92.0691,93.6755,28606200
2018-02-06,93.4505,93.7997,92.9072,93.0935,10935400
2018-02-07,93.2254,93.3806,92.0070,92.2088,16271100
2018-02-08,91.5802,92.4882,91.4560,92.1079,15155100
2018-02-09,91.6578,92.4183,91.4095,91.5259,15661600
2018-02-12,92.0070,92.5813,91.7199,91.9294,10944600
2018-02-13,92.0458,92.3563,91.8751,92.3407,8157600
2018-02-14,91.9294,91.9915,91.1611,91.3163,12043300
2018-02-15,91.7199,92.1933,91.5647,91.6268,8222400
2018-02-16,92.3795,92.5114,91.8363,92.1234,8454100
2018-02-20,91.7897,91.9682,91.4017,91.7198,8268800
2018-02-21,91.7586,91.7974,90.4161,90.5946,12054300
2018-02-22,90.9826,91.3086,90.7964,90.8662,9317900
2018-02-23,91.4793,91.8130,91.3551,91.6733,9072900
2018-02-26,92.1001,92.2786,91.6035,91.7043,8771600
2018-02-27,91.9760,92.0846,90.9982,91.5724,12525700
2018-02-28,91.9372,92.2165,91.7664,92.1545,9311600
2018-03-01,92.0915,93.0168,91.8737,92.7835,12287700
2018-03-02,92.4180,92.4803,91.8504,92.0292,10064300
2018-03-05,92.3403,92.3792,91.4694,91.7804,5658200
2018-03-06,92.0370,92.2859,91.8504,91.8660,5452000
2018-03-07,92.2003,92.2858,91.7259,91.7648,4461800
2018-03-08,91.9981,92.5269,91.9593,92.2936,7086700
2018-03-09,91.7493,91.9670,91.4383,91.6871,6570400
2018-03-12,91.9982,92.2703,91.9048,92.2159,5801300
2018-03-13,91.9981,92.8224,91.9048,92.6824,7455300
2018-03-14,92.8457,93.6234,92.8224,93.4989,10175000
2018-03-15,93.4445,93.6933,93.2579,93.4989,6757900
2018-03-16,93.1568,93.3201,92.9624,93.1645,6084300
2018-03-19,92.6980,93.2890,92.6902,92.8691,8491200
2018-03-20,92.4647,92.7058,92.4025,92.4958,5446000
2018-03-21,92.2703,92.8613,91.8426,92.5969,9742400
2018-03-22,93.5534,93.9499,93.0557,93.5145,12136600
2018-03-23,93.0635,93.5534,93.0168,93.4445,7250400
2018-03-26,93.3123,93.6622,93.0557,93.0868,8237900
2018-03-27,93.1801,94.1832,93.1645,94.0821,9168500
2018-03-28,94.4398,94.5876,94.0510,94.3309,7412500
2018-03-29,94.5098,95.0930,94.4865,94.7897,9694300
2018-04-02,94.5638,95.3508,94.4157,94.9768,12036500
2018-04-03,94.5716,94.6651,94.1586,94.2443,9855000
2018-04-04,94.5637,94.6495,93.9793,94.0494,6654300
2018-04-05,93.5897,93.7221,93.3325,93.3481,7603700
2018-04-06,94.0261,94.4079,93.6832,94.3689,8831200
2018-04-09,94.0104,94.5248,93.7845,94.5248,6307500
2018-04-10,94.4469,94.5871,94.1196,94.3534,6046000
2018-04-11,94.9534,94.9846,94.5014,94.6885,5901300
2018-04-12,94.3222,94.3455,93.8312,93.9949,6622800
2018-04-13,93.9170,94.3923,93.9014,94.2131,4964000
2018-04-16,93.6910,94.2676,93.6520,94.2443,4491300
2018-04-17,94.2287,94.7430,94.1507,94.5014,5590400
2018-04-18,94.5170,94.5560,93.7299,93.7455,8138400
2018-04-19,93.0598,93.1455,92.5844,92.9818,9875800
2018-04-20,92.6468,92.8338,92.2883,92.3117,7579400
2018-04-23,92.2104,92.4364,92.0156,92.3351,7073200
2018-04-24,92.1169,92.3039,91.7662,91.9143,8190800
2018-04-25,91.4935,91.6805,91.1272,91.2986,6603800
2018-04-26,91.7428,92.0545,91.6337,91.9377,6528600
2018-04-27,92.3195,92.6935,92.2961,92.6468,5401800
2018-04-30,92.7948,93.1689,92.6857,92.8104,8321100
2018-05-01,92.7573,92.8119,92.3355,92.4761,7979200
2018-05-02,92.6558,92.8354,92.3590,92.3746,4644000
2018-05-03,92.8119,93.1790,92.6870,92.7885,6345300
2018-05-04,93.1166,93.1166,92.5387,92.9292,4283500
2018-05-07,92.9135,92.9526,92.7339,92.7807,3647800
2018-05-08,92.5854,92.9369,92.3902,92.6948,6091200
2018-05-09,92.2497,92.4840,92.1404,92.1404,7832500
2018-05-10,92.5855,92.9213,92.4293,92.8822,7101500
2018-05-11,93.1868,93.2181,92.7963,93.1165,4273400
2018-05-14,92.7807,92.9291,92.6167,92.6245,4996200
2018-05-15,91.8123,91.8280,91.1407,91.5702,12901000
2018-05-16,91.7030,91.7889,91.2110,91.2188,6518000
2018-05-17,91.0860,91.2344,90.6643,90.7580,7330300
2018-05-18,90.9923,91.6014,90.9923,91.5389,9606500
2018-05-21,91.4765,91.6717,91.3359,91.5858,4448500
2018-05-22,91.6015,91.6483,91.2578,91.4453,4700700
2018-05-23,91.9607,92.2419,91.8904,92.1091,9634000
2018-05-24,92.6949,92.9838,92.6558,92.8433,8204100
2018-05-25,93.3743,93.5930,93.3040,93.4212,8482800
2018-05-29,94.3349,95.6860,94.0538,95.4673,21668100
2018-05-30,94.4989,94.8738,94.2958,94.8269,11616300
2018-05-31,94.9363,95.2643,94.4599,94.6707,10769900
2018-06-01,94.0687,94.4914,93.8182,94.1704,8718800
2018-06-04,94.0218,94.0452,93.4425,93.4895,7156500
2018-06-05,93.9044,94.0609,93.6382,93.7087,5635900
2018-06-06,93.2155,93.2311,92.6988,92.9493,7813300
2018-06-07,92.9102,94.3192,92.9024,93.8495,13238300
2018-06-08,93.5912,93.8182,93.4973,93.5677,6790600
2018-06-11,93.2076,93.4581,93.1059,93.3955,6844200
2018-06-12,93.0980,93.5129,93.0667,93.4190,6048200
2018-06-13,93.5051,93.6539,92.8633,93.3721,8834700
2018-06-14,93.7634,94.1705,93.5286,94.1470,10078800
2018-06-15,94.5854,94.7889,94.1705,94.2331,7992800
2018-06-18,94.3114,94.3740,93.9670,94.1470,4893700
2018-06-19,94.6950,94.8985,94.4836,94.6950,6133300
2018-06-20,94.5384,94.5541,93.8574,93.8652,6879100
2018-06-21,94.2174,94.5227,94.1079,94.3584,7235800
2018-06-22,94.0061,94.4210,93.9826,94.3505,4082500
2018-06-25,94.4523,94.8046,94.4366,94.5619,8363700
2018-06-26,94.5384,94.7420,94.4523,94.6950,5450000
2018-06-27,95.3056,95.6422,95.1490,95.5874,8173400
2018-06-28,95.6030,95.6970,95.3682,95.6108,7109500
2018-06-29,95.6343,95.8927,95.2273,95.2821,11164700
2018-07-02,95.5135,95.5214,95.1605,95.2076,9662000
2018-07-03,95.3488,95.7411,95.3488,95.7175,3808800
2018-07-05,95.7645,96.1333,95.7253,95.9921,3860400
2018-07-06,96.3059,96.4393,96.0941,96.3059,4679900
2018-07-09,95.7724,95.8823,95.6391,95.6861,5952700
2018-07-10,95.6155,95.8195,95.5684,95.6783,5759700
2018-07-11,96.0706,96.1490,95.7881,96.0470,6869100
2018-07-12,95.8509,96.0863,95.8274,96.0392,4824700
2018-07-13,96.1961,96.4000,96.0862,96.2824,4079000
2018-07-16,95.8822,95.9450,95.4350,95.8822,5517100
2018-07-17,95.9450,96.0235,95.6390,95.7018,3764300
2018-07-18,95.7332,95.7488,95.2389,95.3173,6330000
2018-07-19,95.5606,96.0706,95.5371,95.9215,6166700
2018-07-20,95.3880,95.3958,94.6976,94.7447,10469500
2018-07-23,94.4465,94.4465,93.5050,93.5756,11571800
2018-07-24,93.5835,94.0072,93.4737,93.8973,9053500
2018-07-25,94.1641,94.3524,93.5678,93.7482,7357900
2018-07-26,93.9208,94.0542,93.4893,93.5678,6821100
2018-07-27,94.0306,94.0463,93.6776,93.7247,4542000
2018-07-30,93.3560,93.6855,93.3403,93.4031,7111200
2018-07-31,93.9836,94.0385,93.8031,93.9130,6797400
2018-08-01,93.0143,93.4467,92.8413,93.1479,13312600
2018-08-02,93.2737,93.3681,93.0221,93.2816,4451100
2018-08-03,93.4389,93.8006,93.4231,93.7455,6162400
2018-08-06,93.9971,94.2330,93.7848,93.8005,4200200
2018-08-07,93.5961,93.6511,93.2344,93.3130,5346900
2018-08-08,93.3052,93.5961,93.2659,93.4074,5640900
2018-08-09,93.7534,94.2252,93.6669,94.1937,7144100
2018-08-10,94.6498,95.1845,94.5790,94.8778,8457900
2018-08-13,94.5554,94.9093,94.5240,94.6812,7923200
2018-08-14,94.7835,94.7992,94.3824,94.4689,4251200
2018-08-15,94.8778,95.2474,94.8070,95.0193,7649800
2018-08-16,94.9957,95.0901,94.5790,95.0115,5400400
2018-08-17,95.2159,95.4518,94.9485,95.1294,3537600
2018-08-20,95.6484,95.8607,95.5698,95.7664,5603700
2018-08-21,95.4361,95.5619,95.2002,95.4439,4695000
2018-08-22,95.9315,95.9708,95.6012,95.8214,5309600
2018-08-23,95.9315,96.0337,95.7585,95.9708,5328700
2018-08-24,95.6327,96.1910,95.5305,96.1595,6092200
2018-08-27,95.7585,95.8293,95.5540,95.6091,6407400
2018-08-28,95.1451,95.2159,94.8935,95.0350,4929300
2018-08-29,95.0980,95.2631,94.8464,95.1609,5613300
2018-08-30,95.3889,95.5068,95.2080,95.3653,5302900
2018-08-31,95.8450,95.8686,95.0587,95.1452,9677500
2018-09-04,94.5399,94.6503,94.3744,94.5951,18343600
2018-09-05,94.3823,94.4926,94.2168,94.3429,9422600
2018-09-06,94.3823,94.8867,94.3271,94.6897,9566000
2018-09-07,94.0434,94.0986,93.7755,93.8858,11212600
2018-09-10,93.9173,94.2562,93.9173,94.2326,6386400
2018-09-11,93.8464,93.9173,93.4681,93.5154,5440000
2018-09-12,93.8228,93.9173,93.7045,93.7361,3347200
2018-09-13,94.0513,94.2326,93.7676,93.8780,4833000
2018-09-14,93.3184,93.7124,93.2317,93.4287,5579500
2018-09-17,93.1371,93.6415,93.0898,93.4287,5433000
2018-09-18,93.0425,93.0504,92.3332,92.4514,10182300
2018-09-19,92.2938,92.2938,91.5688,91.8998,13379600
2018-09-20,91.8761,92.4436,91.7894,92.3253,8657300
2018-09-21,92.1047,92.4278,92.0810,92.2859,6173800
2018-09-24,92.0022,92.4199,91.9865,92.0495,5505500
2018-09-25,91.7973,92.0022,91.7343,91.9549,6650900
2018-09-26,92.1520,92.6643,91.9392,92.6012,9512700
2018-09-27,92.3963,92.7194,92.2859,92.6642,5758500
2018-09-28,92.8770,92.9243,92.3805,92.4199,12807700
2018-10-01,92.1443,92.2785,91.7177,91.7414,22442400
2018-10-02,92.1521,92.5155,92.0969,92.3022,8266900
2018-10-03,91.8363,91.9073,90.2329,90.6989,20829200
2018-10-04,90.1459,90.3513,89.8142,90.0590,16207400
2018-10-05,89.5614,89.8221,88.9533,89.2850,18096500
2018-10-08,89.2455,89.3403,88.9691,88.9849,5855900
2018-10-09,89.3640,89.9248,89.3087,89.8853,11530800
2018-10-10,89.3640,89.7115,89.0876,89.6404,15290100
2018-10-11,90.0433,90.9516,89.8774,90.7305,16086800
2018-10-12,90.3513,90.8411,90.2645,90.4145,6794100
2018-10-15,90.5646,90.6910,90.2723,90.3750,7146300
2018-10-16,90.3513,90.6119,90.1696,90.5803,4762300
2018-10-17,90.5646,90.6673,90.0275,90.0433,5880700
2018-10-18,89.7431,90.3513,89.6879,90.0117,5728800
2018-10-19,89.9248,90.0038,89.5773,89.8142,10892400
2018-10-22,90.0038,90.1065,89.6721,89.6958,3244200
2018-10-23,90.6436,90.8489,89.9169,89.9801,10330700
2018-10-24,90.3276,90.6910,90.2328,90.6594,16008000
2018-10-25,90.4698,90.6277,90.2249,90.2802,12613200
2018-10-26,90.7778,91.0858,90.6672,90.8252,18582500
2018-10-29,90.7068,90.8489,90.2486,90.6199,7679900
2018-10-30,90.2486,90.4698,90.0591,90.1697,9939500
2018-10-31,89.8379,90.0117,89.4193,89.7115,8706400
2018-11-01,89.3512,89.9134,89.3433,89.7946,6100200
2018-11-02,89.6046,89.6759,88.5991,88.6782,11314800
2018-11-05,89.0583,89.2404,88.9554,89.0267,4760200
2018-11-06,89.1533,89.2563,88.9396,88.9712,3159900
2018-11-07,89.6205,89.7868,89.0029,89.0900,9313100
2018-11-08,89.4384,89.4463,89.0029,89.0821,6905100
2018-11-09,89.2721,89.8659,89.2483,89.7472,6465300
2018-11-12,90.2222,90.5073,90.1905,90.3331,6840000
2018-11-13,90.0322,90.2776,89.8501,90.2776,6525800
2018-11-14,89.8501,90.6735,89.7076,90.3331,8690800
2018-11-15,90.6102,90.6894,90.0084,90.2935,7879600
2018-11-16,90.4201,90.9031,90.1985,90.8160,9236700
2018-11-19,90.5864,91.0694,90.5864,91.0694,7027200
2018-11-20,91.2436,91.4178,90.9981,91.1011,6332600
2018-11-21,90.9665,91.1248,90.6894,91.0694,4951100
2018-11-23,91.5841,91.6553,91.1248,91.1644,3027900
2018-11-26,90.9427,91.1011,90.8794,90.9586,6599000
2018-11-27,90.9031,91.2515,90.8635,91.0615,5967200
2018-11-28,90.9348,91.0694,90.5468,90.6181,7814000
2018-11-29,90.9902,91.2515,90.7289,90.9744,7295600
2018-11-30,91.2990,91.3861,91.0377,91.3149,9127800
2018-12-03,91.0109,91.9633,90.9951,91.9633,9763800
2018-12-04,92.7013,94.1774,92.5585,93.5028,18100500
2018-12-06,94.0742,94.5980,93.7488,93.7965,15319400
2018-12-07,93.4949,94.0663,93.2648,93.9711,8608400
2018-12-10,94.3361,94.6615,93.9949,94.3599,8777700
2018-12-11,94.4155,94.7409,94.1298,94.3440,8071900
2018-12-12,94.1060,94.2171,93.8362,93.9235,6182200
2018-12-13,94.0107,94.1060,93.6298,93.7012,5564200
2018-12-14,94.0822,94.2568,93.8203,94.0266,8169200
2018-12-17,94.1139,94.6774,94.1060,94.5742,9726800
2018-12-18,94.7190,95.2918,94.6156,95.1406,10018800
2018-12-19,95.5463,96.7793,95.3951,96.3975,23046300
2018-12-20,97.0578,97.0737,95.9918,96.0475,18543700
2018-12-21,96.3657,96.4213,95.7690,96.0315,9945100
2018-12-24,96.3577,96.5884,96.1827,96.5088,8377500
2018-12-26,96.2463,96.5645,95.4349,95.4747,11700400
2018-12-27,96.4611,96.5566,95.4429,95.4906,12146500
2018-12-28,95.7770,96.2940,95.6895,96.2940,9879100
2018-12-31,95.9759,96.6998,95.8247,96.6600,17409000
2019-01-02,96.7793,97.1770,96.5247,97.1691,19841500
2019-01-03,97.2805,98.5294,97.2327,98.2748,21187000
2019-01-04,97.3202,97.4953,96.7714,97.1373,12970200
2019-01-07,97.5430,97.5668,96.7475,96.8509,8498100
2019-01-08,96.8032,97.0021,96.5645,96.5964,7737100
2019-01-09,96.4611,96.5963,96.0952,96.4452,9349200
2019-01-10,96.4770,96.5804,95.7293,95.8247,8222900
2019-01-11,96.1190,96.4690,95.9997,96.1986,5786900
2019-01-14,96.1747,96.2622,95.6497,95.8406,6730500
2019-01-15,95.9043,95.9122,95.4190,95.4906,8997400
2019-01-16,95.1326,95.7690,95.0690,95.5861,6048400
2019-01-17,95.6338,95.8804,95.3713,95.6099,8153400
2019-01-18,95.3315,95.5542,94.9735,95.1088,14106400
2019-01-22,95.7054,96.0315,95.5145,95.7531,8881100
2019-01-23,95.3633,95.9520,95.3236,95.7133,5776800
2019-01-24,96.1827,96.4611,96.0236,96.3418,7121900
2019-01-25,95.9282,96.0554,95.7134,95.8804,6460800
2019-01-28,95.8884,96.2066,95.7850,95.7850,6435800
2019-01-29,95.8804,96.2861,95.7691,96.2702,5750100
2019-01-30,96.1270,96.2384,95.7213,96.1986,10571300
2019-01-31,96.6918,97.1929,96.6520,97.0259,11843400
2019-02-01,96.8545,96.9262,96.3442,96.4399,12024600
2019-02-04,96.0253,96.1130,95.6905,96.0094,8966200
2019-02-05,96.2566,96.6552,96.2007,96.4479,6983300
2019-02-06,96.7588,96.7987,96.2565,96.4957,5184000
2019-02-07,96.8386,97.1973,96.6552,97.1336,8781000
2019-02-08,97.4764,97.6438,97.3249,97.5481,5885400
2019-02-11,97.1575,97.4126,97.0698,97.1655,4352800
2019-02-12,96.9980,97.0698,96.6312,96.9183,7939600
2019-02-13,96.5914,96.7828,96.4001,96.5515,4757700
2019-02-14,97.3807,97.4285,96.9342,97.1017,5868900
2019-02-15,96.9183,97.2850,96.9023,97.2531,5527200
2019-02-19,97.6039,97.6996,97.2292,97.5003,5872800
2019-02-20,97.2292,97.3328,96.9422,97.2212,4455800
2019-02-21,96.5276,96.5994,96.2326,96.3522,7382500
2019-02-22,96.8465,97.2292,96.8067,96.9263,6374600
2019-02-25,96.6073,96.7110,96.4080,96.6392,6293500
2019-02-26,97.0538,97.1256,96.7588,97.1176,6028900
2019-02-27,96.5675,96.5754,95.8977,96.0173,7737300
2019-02-28,96.1210,96.1688,95.4433,95.6904,9533400
2019-03-01,95.3413,95.5011,94.7900,94.8060,13541100
2019-03-04,95.3094,95.6929,95.1256,95.5491,9808500
2019-03-05,95.3013,95.7727,95.2933,95.7487,5595200
2019-03-06,95.8127,96.2921,95.7887,96.1003,7766700
2019-03-07,96.3880,96.8833,96.3640,96.7235,8187200
2019-03-08,96.7715,97.2269,96.5557,97.1310,7517600
2019-03-11,96.9952,97.0112,96.6596,96.8434,5157800
2019-03-12,96.9153,97.6583,96.8833,97.5225,6422300
2019-03-13,97.2029,97.4426,97.1709,97.3387,4386300
2019-03-14,97.2269,97.2828,96.6116,96.6356,8188400
2019-03-15,97.2668,97.4346,96.9952,97.2748,4302000
2019-03-18,97.1310,97.3707,97.0910,97.2189,3893300
2019-03-19,96.7475,97.1709,96.5877,97.0032,5220200
2019-03-20,97.2668,98.1537,97.2588,98.0179,10123700
2019-03-21,98.2416,98.3454,98.0658,98.2336,7182600
2019-03-22,99.2403,100.0952,99.1204,99.7596,13077000
2019-03-25,99.7197,100.6225,99.4800,99.9194,9736300
2019-03-26,99.6318,100.1032,99.5678,99.8475,7502000
2019-03-27,100.2071,100.9421,100.1192,100.7663,14207200
2019-03-28,100.8701,101.2217,100.6784,101.1178,9143200
2019-03-29,100.4147,101.0459,100.3828,101.0220,10841400
2019-04-01,100.3238,100.3798,99.4429,99.5871,16501500
2019-04-02,99.6752,99.8834,99.4910,99.7713,9725000
2019-04-03,98.9785,99.1867,98.7864,98.9065,10407000
2019-04-04,98.9705,99.2027,98.8424,99.1867,7503400
2019-04-05,98.9866,99.4270,98.9545,99.3148,6321800
2019-04-08,99.1547,99.2508,98.9065,98.9625,4446400
2019-04-09,99.4670,99.5631,99.1066,99.2748,7020300
2019-04-10,99.5070,99.7072,99.3709,99.5150,7519900
2019-04-11,99.2347,99.3068,98.8184,98.9305,8679300
2019-04-12,98.4020,98.5381,98.1938,98.2258,7005500
2019-04-15,98.3139,98.4821,98.2659,98.4741,3070000
2019-04-16,98.0977,98.1938,97.8015,97.8575,8927300
2019-04-17,97.7934,98.1458,97.7774,97.8975,6118500
2019-04-18,98.3379,98.5701,98.3139,98.4100,27589400
2019-04-22,98.0657,98.1458,97.8815,97.9376,6241200
2019-04-23,98.1778,98.2498,98.0016,98.1457,6239700
2019-04-24,98.5782,98.9625,98.5622,98.9465,7302000
2019-04-25,98.8824,98.9865,98.5702,98.8024,5380900
2019-04-26,99.2748,99.3068,99.0026,99.1387,5950700
2019-04-29,98.6742,98.7703,98.3700,98.5061,10246000
2019-04-30,98.4500,99.0826,98.4340,99.0105,7957400
2019-05-01,99.2505,99.8603,99.1782,99.4190,14371900
2019-05-02,99.2425,99.3468,98.7289,98.9456,6612800
2019-05-03,99.2264,99.4029,98.9937,99.2264,6191700
2019-05-06,99.7480,99.8041,99.4430,99.4992,4482500
2019-05-07,99.9245,100.4140,99.8122,100.2615,8984900
2019-05-08,100.4220,100.5424,99.7400,99.8282,6907600
2019-05-09,100.3899,100.5424,99.7480,100.2374,9411900
2019-05-10,100.2134,100.6627,99.9726,100.1010,6037800
2019-05-13,100.6226,101.0479,100.5022,100.8874,10501600
2019-05-14,100.7109,100.8232,100.4621,100.5905,5690400
2019-05-15,101.2725,101.3207,100.9195,101.2083,9566300
2019-05-16,100.9516,100.9676,100.7269,100.8713,7666400
2019-05-17,101.3287,101.3448,100.8553,101.0960,4747100
2019-05-20,101.2003,101.4089,100.8232,100.8874,6043100
2019-05-21,100.7831,100.8794,100.5424,100.7269,4021800
2019-05-22,100.9195,101.3689,100.8794,101.3047,5675300
2019-05-23,101.8182,102.7811,101.8102,102.4441,9743700
2019-05-24,102.3558,102.5323,102.2194,102.5323,4981900
2019-05-28,102.9255,103.4310,102.7811,103.2706,8098600
2019-05-29,104.0489,104.2335,103.5113,103.5835,13260600
2019-05-30,103.7761,104.4982,103.4230,104.4742,13024800
2019-05-31,105.0359,105.8383,104.9637,105.7822,18933600
2019-06-03,106.0636,106.6023,105.7741,106.4897,17822400
2019-06-04,105.6454,105.9429,104.9700,105.2756,14250000
2019-06-05,104.9459,105.2916,104.6243,104.6806,8815200
2019-06-06,105.3077,105.8062,104.7851,105.0182,9621100
2019-06-07,105.9670,106.1922,105.6856,105.9268,11378500
2019-06-10,105.0746,105.0907,104.7851,104.9298,8288700
2019-06-11,104.8655,105.1388,104.7851,104.9941,5115100
2019-06-12,104.8414,105.1308,104.7690,105.0745,5278700
2019-06-13,105.1710,105.5329,105.1630,105.4364,5560400
2019-06-14,105.4123,105.9027,105.4042,105.7017,5838800
2019-06-17,105.6454,105.9429,105.4364,105.8867,6046400
2019-06-18,106.7309,106.8274,106.0957,106.4173,10320700
2019-06-19,106.0233,106.7148,105.7982,106.5701,11962500
2019-06-20,106.8676,107.3500,106.6103,106.8515,10721500
2019-06-21,106.5459,106.5620,105.6374,105.6775,14495000
2019-06-24,106.2646,106.5621,106.2003,106.4656,6378800
2019-06-25,106.7711,107.0123,106.7148,106.7952,9604600
2019-06-26,106.6827,106.6988,106.0394,106.1118,12766800
2019-06-27,106.3852,107.0123,106.1279,106.8596,9724200
2019-06-28,106.6023,107.0043,106.4977,106.7872,8149200
2019-07-01,106.8033,106.9483,106.0138,106.5375,14131200
2019-07-02,106.8033,107.4639,106.7147,107.3592,10494300
2019-07-03,107.5687,108.1890,107.5606,108.1246,5380300
2019-07-05,106.7791,106.7871,106.0782,106.6904,12180100
2019-07-08,107.1900,107.3269,106.8355,106.8355,6490000
2019-07-09,106.8919,106.9161,106.4730,106.7952,6215700
2019-07-10,106.6261,106.6986,105.9494,106.2072,9470000
2019-07-11,105.7882,105.8688,104.5395,104.7892,14126800
2019-07-12,104.6683,105.0953,104.4750,104.9100,6992000
2019-07-15,105.0953,105.5787,105.0953,105.5143,6055500
2019-07-16,104.8698,105.2162,104.7006,105.2001,6172700
2019-07-17,105.5868,106.3602,105.5787,106.3360,9662200
2019-07-18,105.9171,106.6019,105.7318,106.3441,5724900
2019-07-19,106.0138,106.2877,105.9493,106.0943,5804800
2019-07-22,106.7227,106.7388,106.1346,106.2957,5204100
2019-07-23,106.0218,106.1346,105.5143,105.7157,8108900
2019-07-24,106.0218,106.2635,105.9171,106.1749,6389700
2019-07-25,105.7399,105.8688,105.1437,105.6674,8893100
2019-07-26,106.1024,106.1669,105.7399,105.9171,6188400
2019-07-29,106.1991,106.3038,105.8607,105.9493,6231800
2019-07-30,106.3441,106.4247,105.8849,106.2072,5678500
2019-07-31,106.1024,107.4156,106.0702,107.0611,15798700
2019-08-01,107.6778,109.2923,107.5729,109.1873,26664800
2019-08-02,109.5103,110.1964,109.3004,110.1964,15143100
2019-08-05,111.5122,112.1176,111.1247,112.1015,18543000
2019-08-06,111.5607,112.9976,111.4719,112.9976,12747400
2019-08-07,114.9511,115.4839,112.8361,113.0379,32582000
2019-08-08,112.3195,113.3608,111.3831,113.2801,14746000
2019-08-09,113.5545,114.2649,112.9087,113.0540,10626000
2019-08-12,114.4021,115.7825,114.2326,115.4112,14094300
2019-08-13,116.0893,116.1700,114.5878,115.0157,15974900
2019-08-14,117.1791,117.6392,116.8158,117.6069,15068900
2019-08-15,117.8167,119.9559,117.5181,118.9146,23588700
2019-08-16,117.9056,118.2688,116.9207,117.9621,17150500
2019-08-19,115.8956,116.7755,115.8471,116.2750,13614700
2019-08-20,117.2759,117.5504,116.9207,117.4777,7451500
2019-08-21,116.8239,117.6876,116.4768,116.6947,9372000
2019-08-22,116.2427,116.8077,115.8229,115.9198,13878800
2019-08-23,115.8552,118.0751,115.7825,117.8248,16191800
2019-08-26,117.7522,118.0913,117.2840,117.3486,12174500
2019-08-27,118.3657,119.2456,118.2446,119.1568,11332300
2019-08-28,120.1013,120.1981,119.1972,119.3102,10095900
2019-08-29,118.8662,118.9388,117.9621,118.8581,8884900
2019-08-30,118.3495,119.0518,118.1477,118.8904,13550800
2019-09-03,118.9470,120.2247,118.5265,119.0441,15660800
2019-09-04,118.4942,119.3756,118.4537,119.2219,7962200
2019-09-05,117.7907,117.9039,116.3593,117.0628,19382900
2019-09-06,117.4672,118.0899,117.3216,117.8958,9466400
2019-09-09,116.3108,116.4483,115.7932,115.8013,15862700
2019-09-10,115.5102,115.8741,113.7473,113.7715,13851400
2019-09-11,113.5370,114.1435,113.5289,113.5693,10941700
2019-09-12,114.4266,114.6692,112.4535,112.8254,19163300
2019-09-13,111.8226,112.1704,110.4156,110.4156,18922200
2019-09-16,111.4992,112.0572,110.9898,111.8227,10971600
2019-09-17,111.8873,112.8901,111.6124,112.4291,9081200
2019-09-18,113.1570,113.7473,112.8335,112.9063,10984600
2019-09-19,113.8281,114.0141,113.1893,113.2459,13176200
2019-09-20,113.8363,114.8148,113.5694,114.7420,11519800
2019-09-23,115.0250,115.7690,114.5883,114.7177,15246700
2019-09-24,115.1705,116.3269,115.1624,116.1005,12421600
2019-09-25,115.8498,116.0844,114.1355,114.4023,14147100
2019-09-26,115.0492,115.6315,114.7500,115.1382,9636500
2019-09-27,115.0897,115.6234,114.9441,115.4212,10386900
2019-09-30,114.7339,115.7123,114.7015,115.7043,8006900
2019-10-01,114.4324,116.5792,114.3352,116.0526,16613700
2019-10-02,116.2146,116.8708,116.0364,116.3361,12891500
2019-10-03,116.6359,118.0049,116.5872,117.3973,13470500
2019-10-04,117.7457,118.2966,117.6242,118.2642,11516200
2019-10-07,117.5917,117.8915,117.2272,117.2839,11013900
2019-10-08,118.1264,118.2155,117.1543,117.5998,14529700
2019-10-09,117.1382,117.1463,116.4901,116.9356,8608800
2019-10-10,115.9392,115.9878,114.8132,115.1939,15054200
2019-10-11,114.2055,114.3028,113.1767,113.7681,26294000
2019-10-14,114.6106,114.6349,114.2866,114.5944,5936900
2019-10-15,113.9545,114.1813,113.0472,113.2092,11832300
2019-10-16,113.1201,113.4603,112.8852,113.3469,7729500
2019-10-17,113.0229,113.7196,112.8447,113.0715,6219300
2019-10-18,113.2578,113.5981,112.9662,113.0715,6456100
2019-10-21,112.2533,112.5936,111.9779,112.2209,8038000
2019-10-22,112.9095,113.0310,112.3100,112.8771,6683300
2019-10-23,113.4360,113.6628,112.8933,112.9905,5995400
2019-10-24,113.1525,113.6061,112.6259,112.7636,6161700
2019-10-25,113.0310,113.0472,112.0427,112.2128,5669800
2019-10-28,111.4513,111.4513,110.9734,111.1921,11402100
2019-10-29,111.4838,111.5810,111.1192,111.2650,5296600
2019-10-30,111.6052,112.9661,111.6052,112.8932,10914100
2019-10-31,113.8006,114.7727,113.7601,114.4163,15834100
2019-11-01,114.2020,114.6402,113.4391,114.0640,11425500
2019-11-04,112.7737,112.9117,112.4167,112.5627,11124300
2019-11-05,111.3536,111.5322,110.9560,111.2968,13493000
2019-11-06,112.0029,112.3193,111.4510,111.9704,9351900
2019-11-07,110.6477,110.6558,109.1058,109.9417,19209800
2019-11-08,109.6738,110.3230,109.3736,109.4791,10222900
2019-11-11,109.8605,109.8686,109.2600,109.5522,4577000
2019-11-12,109.7793,110.3230,109.3817,110.0552,5772900
2019-11-13,111.0209,111.1427,110.5016,110.7694,6672400
2019-11-14,111.8243,112.3437,111.7188,111.9136,10213300
2019-11-15,111.5646,112.1165,111.5241,111.7919,4657600
2019-11-18,112.1570,112.4816,111.9298,111.9947,5943900
2019-11-19,112.2869,112.9929,112.2869,112.9280,7893100
2019-11-20,113.5366,114.0965,113.4230,114.0965,7905500
2019-11-21,113.3174,113.6745,112.8954,113.3823,5980900
2019-11-22,113.6908,113.8368,113.3499,113.5285,4664800
2019-11-25,113.8530,114.0397,113.7557,113.8612,4157300
2019-11-26,114.4211,114.6727,114.3724,114.5266,4281100
2019-11-27,114.0965,114.3481,113.9505,114.1939,4095700
2019-11-29,114.1127,114.1614,113.4311,113.9504,6251100
2019-12-02,112.2930,112.7238,112.1385,112.4311,17702200
2019-12-03,113.8374,115.2438,113.7480,114.7885,13062400
2019-12-04,114.0813,114.2113,113.1627,113.6423,8586300
2019-12-05,112.7156,113.3497,112.6668,113.0895,7273800
2019-12-06,112.2035,113.0896,112.0653,112.4637,7931100
2019-12-09,112.9839,113.0814,112.6425,112.7075,4016900
2019-12-10,113.1384,113.2766,112.5125,112.7157,4947600
2019-12-11,113.2359,113.9187,113.1790,113.6017,6256700
2019-12-12,113.1465,113.2196,111.0492,111.7320,14857000
2019-12-13,112.2767,113.4879,111.5532,113.0245,11335100
2019-12-16,112.5043,112.5531,111.7158,112.0084,9156600
2019-12-17,112.3499,112.4555,111.5370,111.8540,6179700
2019-12-18,111.6101,111.7320,110.7809,110.9354,6244700
2019-12-19,110.7302,111.4304,110.5348,111.1129,6591100
2019-12-20,110.8361,111.2921,110.6733,111.2595,5455700
2019-12-23,111.3897,111.5200,110.7302,111.0966,5175000
2019-12-24,110.6651,111.5933,110.6407,111.4142,4667400
2019-12-26,111.4711,111.7235,111.1455,111.6828,5290200
2019-12-27,111.9027,112.0574,111.7805,111.8050,7300500
2019-12-30,110.6407,111.4630,110.4534,111.3979,7979700
2019-12-31,110.9013,111.1048,110.2255,110.3069,10707400
2020-01-02,111.3735,111.9760,111.2758,111.5526,11034100
2020-01-03,112.5784,113.3031,112.2609,113.2705,12366000
2020-01-06,113.7346,113.7509,112.4807,112.6273,11369800
2020-01-07,112.5377,112.7413,112.0655,112.0736,8381200
2020-01-08,112.3016,112.6110,110.9908,111.3328,10621700
2020-01-09,110.7302,111.9027,110.6569,111.7235,7411500
2020-01-10,112.0899,112.7413,112.0574,112.7169,8776000
2020-01-13,112.2609,112.4318,111.8619,112.3749,5966900
2020-01-14,112.5051,113.0262,112.4726,112.9529,13920300
2020-01-15,113.5962,113.7916,113.1891,113.7020,6290500
2020-01-16,113.3845,113.6043,112.9611,113.3438,6798600
2020-01-17,112.0166,112.4726,111.8375,112.3749,9693100
2020-01-21,113.0181,113.7021,112.9856,113.5555,6794900
2020-01-22,113.7590,114.1010,113.6532,113.9544,6317000
2020-01-23,114.6790,115.1105,114.6220,114.7523,9747400
2020-01-24,115.1432,116.0632,115.0455,115.6805,8585000
2020-01-27,117.2031,117.4799,116.8367,117.4799,10935200
2020-01-28,117.1867,117.3170,116.2830,116.5598,10612900
2020-01-29,116.7878,117.8137,116.7797,117.6997,9566800
2020-01-30,117.9765,118.6035,117.4799,117.7160,14711800
2020-01-31,118.1964,118.8640,118.1312,118.7907,14538100
2020-02-03,118.2133,118.8739,117.5364,118.6945,15309000
2020-02-04,117.4304,117.5528,116.6720,117.0961,11388300
2020-02-05,116.0522,116.3784,115.7259,115.8157,10782600
2020-02-06,115.9543,116.5252,115.8075,116.3376,6683100
2020-02-07,117.6179,118.0420,117.3325,117.7892,11374800
2020-02-10,118.3357,118.4580,117.9932,118.1155,6699300
2020-02-11,117.9198,118.0258,117.3897,117.5201,7784100
2020-02-12,116.9248,117.0716,116.6149,116.9248,5595500
2020-02-13,116.9819,117.6017,116.8433,117.3734,7883400
2020-02-14,118.0584,118.3194,117.8056,117.8871,7137400
2020-02-18,118.5313,119.1104,118.1888,118.6945,6909200
2020-02-19,118.3520,118.7598,118.2378,118.6864,5707700
2020-02-20,119.1349,119.8363,119.0696,119.6161,9332900
2020-02-21,120.5376,121.4184,120.4153,120.7333,13860300
2020-02-24,123.0087,123.1148,122.3318,122.5357,15929300
2020-02-25,122.5031,123.7672,122.4460,123.1882,20802900
2020-02-26,122.2911,123.7346,121.9893,122.5357,22589500
2020-02-27,124.5338,124.8437,123.0088,123.8651,30687900
2020-02-28,125.9610,127.2088,125.7245,126.6624,44935200
2020-03-02,126.8413,127.8214,125.5835,125.7305,28152400
2020-03-03,125.6243,130.4349,124.4400,127.6825,38608000
2020-03-04,127.7478,128.5156,125.9346,126.3267,23463700
2020-03-05,128.3359,129.7162,128.0746,129.4712,17786200
2020-03-06,136.6422,138.3002,134.0368,136.2094,76288300
2020-03-09,146.2799,146.7699,139.1252,139.9011,41552800
2020-03-10,138.5535,141.2406,132.3381,132.7301,37728300
2020-03-11,135.1149,136.4217,127.1108,127.8459,29519300
2020-03-12,133.5468,135.8745,127.1353,128.6381,24361800
2020-03-13,126.5963,129.2099,124.3012,125.7305,19812900
2020-03-16,130.9904,135.7030,128.8914,133.8735,30496700
2020-03-17,133.5386,135.2783,124.7259,124.9464,18570900
2020-03-18,124.8321,125.8939,113.5364,117.8979,47061000
2020-03-19,120.0214,125.3303,118.6329,121.1077,21175300
2020-03-20,125.2078,130.2144,124.2358,130.2144,20863100
2020-03-23,128.6381,136.1440,127.8785,135.5804,19971800
2020-03-24,131.7010,135.1313,131.0149,133.0568,11948600
2020-03-25,133.6120,136.1358,132.0030,132.7544,10750600
2020-03-26,133.9470,135.3191,132.5340,133.4079,10576200
2020-03-27,135.1884,137.4182,134.4289,136.9689,12550000
2020-03-30,137.4590,138.9373,135.5315,135.8418,13473200
2020-03-31,135.3354,136.3318,134.4043,134.7392,11464800
2020-04-01,137.8048,138.1974,136.1035,136.6270,11334700
2020-04-02,138.0911,138.4101,136.8069,137.4940,5771200
2020-04-03,137.8621,139.3180,137.5267,137.8212,6570800
2020-04-06,136.5943,137.6331,136.2099,137.4613,9434800
2020-04-07,134.9257,136.1198,133.9032,136.0217,13811400
2020-04-08,135.0484,135.9318,134.2469,135.0321,10147100
2020-04-09,134.3695,135.6046,133.9606,135.2774,14259100
2020-04-13,134.7539,135.5392,134.0423,134.0423,8750300
2020-04-14,134.0097,134.7458,133.7152,134.0097,9019100
2020-04-15,136.4307,137.9030,136.3816,137.5594,10027800
2020-04-16,138.4427,139.3097,138.2464,139.1216,8265400
2020-04-17,138.9009,139.7352,136.8152,137.2568,8612100
2020-04-20,137.7721,138.4673,137.3795,138.3610,6462600
2020-04-21,140.6267,140.8066,139.6861,140.1032,7850700
2020-04-22,139.0236,139.3671,137.9930,138.6719,6230200
2020-04-23,138.9418,139.8088,138.7291,139.4080,5968600
2020-04-24,138.7291,139.7352,138.6964,139.7352,6211800
2020-04-27,138.7700,138.8436,136.9542,137.1341,9039500
2020-04-28,137.8620,138.9253,137.7802,138.7127,9905400
2020-04-29,138.6637,139.2608,137.3795,137.9930,8619600
2020-04-30,138.0175,138.4183,136.3571,136.3817,11606100
2020-05-01,137.1810,137.6806,136.3128,137.5495,10209400
2020-05-04,137.2300,137.3283,136.3455,136.9025,8300900
2020-05-05,135.6003,136.1736,135.3546,136.0262,7831800
2020-05-06,133.6840,134.0198,132.7176,133.8314,14721500
2020-05-07,133.9541,136.2555,133.7739,136.0671,9164800
2020-05-08,134.7158,135.4611,134.0524,134.2981,8129800
2020-05-11,134.0360,134.4947,132.7584,133.2498,8713500
2020-05-12,133.6265,135.0761,133.6019,134.6175,10057300
2020-05-13,135.2073,136.1900,134.9943,135.5594,13305600
2020-05-14,137.0336,137.7133,136.8124,136.8861,10080000
2020-05-15,137.8361,137.9917,136.2227,136.5339,7225600
2020-05-18,135.0761,135.1826,133.0205,133.5364,10073100
2020-05-19,133.1024,134.0688,133.0697,134.0361,8639100
2020-05-20,133.6347,134.8878,133.3972,134.4373,10927300
2020-05-21,135.0188,135.4283,134.5520,134.7731,8920000
2020-05-22,134.9042,135.6904,134.8141,135.5840,4956700
2020-05-26,134.0770,134.1425,133.4791,133.7658,8098900
2020-05-27,133.3235,134.2408,133.1598,133.5201,8047400
2020-05-28,132.6437,133.1433,132.3980,133.0286,10272600
2020-05-29,133.2580,134.3882,132.9632,133.9787,14632700
2020-06-01,132.9290,133.2079,132.5764,133.0766,13341400
2020-06-02,132.5764,132.9209,132.2320,132.5928,11517100
2020-06-03,131.3545,131.4776,130.3377,130.8297,12255700
2020-06-04,130.3214,130.3952,128.9027,128.9355,14038600
2020-06-05,126.7869,128.0580,125.5978,128.0170,17778500
2020-06-08,127.1642,128.6239,127.1478,128.5091,10346700
2020-06-09,130.4279,130.9118,129.8129,129.9687,9095300
2020-06-10,130.5838,131.9451,130.4280,131.8959,13135500
2020-06-11,133.8721,134.6757,133.3636,134.3887,17086400
2020-06-12,133.1833,134.2083,132.8880,133.0930,9716100
2020-06-15,134.3970,134.6676,132.9619,133.1669,7759800
2020-06-16,130.7232,132.2156,130.1409,131.1250,13698900
2020-06-17,131.4284,131.8384,130.6657,131.6662,7113900
2020-06-18,132.8799,133.2407,132.5273,133.0603,7691400
2020-06-19,132.0270,133.2571,131.9532,133.1669,8565500
2020-06-22,133.8229,134.0115,132.9044,133.1833,9319700
2020-06-23,132.4206,132.8962,132.1254,132.2730,9088600
2020-06-24,132.4617,133.7409,132.4535,133.6917,11436500
2020-06-25,134.6593,134.7741,133.9951,134.0771,10968000
2020-06-26,134.6921,135.5696,134.6347,135.5122,12119300
2020-06-29,135.1841,135.5285,134.7987,135.0857,7274400
2020-06-30,135.4958,135.5450,134.0607,134.4297,14841700
2020-07-01,133.6679,134.2836,133.1260,134.1687,13181000
2020-07-02,133.5775,134.4314,133.1999,134.3082,7599800
2020-07-06,133.2738,133.8403,132.7976,133.7582,7972700
2020-07-07,134.1687,135.7450,133.9881,135.6383,12791900
2020-07-08,134.9076,135.4002,134.5053,135.0964,7253900
2020-07-09,135.1867,137.4773,135.1374,137.2474,13373100
2020-07-10,137.8878,138.1012,136.4182,136.5578,8478000
2020-07-13,135.8763,137.0750,135.6546,137.0093,8054000
2020-07-14,137.8714,138.0438,137.0915,137.2064,11344600
2020-07-15,136.2212,137.0668,136.1473,136.5660,7840300
2020-07-16,137.4362,137.7400,137.1406,137.2145,9107400
2020-07-17,137.3295,137.4362,136.6727,136.9272,8549900
2020-07-20,137.5266,137.6169,136.9437,137.2639,6907200
2020-07-21,137.3542,137.6990,137.1736,137.3460,8454400
2020-07-22,138.1423,138.3065,137.6743,137.7564,6592100
2020-07-23,138.6842,139.4724,138.3230,139.3656,10471800
2020-07-24,138.7581,139.5052,138.6431,139.3574,7520700
2020-07-27,139.7761,139.8171,138.7416,138.8401,6146400
2020-07-28,139.1932,139.8500,139.1029,139.8007,8520700
2020-07-29,139.6120,139.8911,138.7335,139.5627,6733700
2020-07-30,140.4330,140.6054,140.1867,140.4822,9376100
2020-07-31,139.6940,140.7696,139.5216,140.3919,8886000
2020-08-03,139.1015,139.7179,138.8796,139.6850,9066200
2020-08-04,140.4083,141.0248,140.3179,141.0166,9878900
2020-08-05,139.7754,140.1864,139.4713,139.7836,6954100
2020-08-06,140.8604,141.5754,140.2357,140.5645,9481800
2020-08-07,140.7781,140.9590,139.3809,139.6275,8176900
2020-08-10,139.9069,139.9316,138.9617,139.0028,6408500
2020-08-11,137.4001,137.6631,136.3398,137.3508,19234200
2020-08-12,136.1919,136.4960,135.6083,136.1015,11744800
2020-08-13,135.8713,136.0932,134.1124,134.6467,12744700
2020-08-14,134.6385,134.9179,134.1042,134.1207,6398100
2020-08-17,134.7700,135.1727,134.3261,134.4577,6901500
2020-08-18,135.0905,135.5097,134.8686,135.4193,8140600
2020-08-19,135.9206,136.1179,134.2192,134.5726,12497700
2020-08-20,135.9371,136.1508,135.5590,135.7892,10319900
2020-08-21,136.2494,136.7097,135.6247,136.6028,6836000
2020-08-24,136.7015,137.2357,136.3234,136.3809,6490600
2020-08-25,135.0823,135.6905,134.6549,135.3371,10518300
2020-08-26,134.8357,135.0659,134.2029,134.8193,8276600
2020-08-27,135.4193,135.4687,132.4604,132.5262,19860100
2020-08-28,132.9617,133.1918,132.0329,132.4274,8415400
2020-08-31,132.8220,134.1781,132.7891,133.3069,11388100
2020-09-01,133.1037,135.0045,132.6264,134.8317,10587000
2020-09-02,134.5437,136.2306,134.5273,136.1154,15167700
2020-09-03,136.3869,137.6129,136.1318,136.5021,16416600
2020-09-04,135.2842,135.5228,133.6714,133.9101,13780300
2020-09-08,135.2513,135.9837,134.7330,134.7330,13790400
2020-09-09,134.8975,135.1526,133.9265,134.3709,9558900
2020-09-10,133.6797,135.2348,133.2600,135.0538,8847700
2020-09-11,135.2020,135.4159,135.0127,135.3419,5458200
2020-09-14,135.5969,135.8356,135.1361,135.3336,4274900
2020-09-15,135.0868,135.3336,134.7741,135.0045,6928500
2020-09-16,135.5887,135.6792,134.1076,134.6013,8815200
2020-09-17,135.6874,135.7368,134.7823,135.0127,7813900
2020-09-18,135.0867,135.1444,134.4038,134.5930,7246300
2020-09-21,135.6792,136.0988,135.0620,135.2760,11086900
2020-09-22,135.3089,135.6710,134.8399,135.1690,10524100
2020-09-23,135.1937,135.3830,134.5190,135.3501,6224800
2020-09-24,135.7368,135.8685,135.4571,135.8685,8278100
2020-09-25,135.8603,136.1153,135.5311,135.8685,5140300
2020-09-28,135.6627,135.6874,135.2513,135.4817,4470100
2020-09-29,135.6052,135.9672,135.4077,135.6381,10297600
2020-09-30,134.9468,134.9468,133.7537,134.3379,12971000
2020-10-01,133.8593,134.8725,133.5216,134.5595,11523900
2020-10-02,134.7655,134.8149,133.5876,134.0571,8828800
2020-10-05,132.5744,132.5744,131.3965,131.4377,14726000
2020-10-06,131.2401,132.9534,130.7047,132.1461,22419400
2020-10-07,131.4295,132.1379,130.8529,131.1824,9429200
2020-10-08,131.7673,131.9979,131.5119,131.8908,8431500
2020-10-09,131.3965,132.0143,130.8117,131.8660,8441500
2020-10-12,132.1460,132.3520,131.8825,132.2861,3962000
2020-10-13,132.7886,133.2993,132.7639,133.2334,7914300
2020-10-14,133.7112,134.0571,133.4146,133.5382,6954800
2020-10-15,134.2959,134.4195,133.1428,133.3075,9458800
2020-10-16,133.1592,133.7029,132.6980,132.9368,8416300
2020-10-19,132.2037,132.5991,131.8331,132.4344,9286600
2020-10-20,131.6766,131.8001,130.9270,131.1741,11189000
2020-10-21,130.7952,131.2730,130.4493,130.7211,10453700
2020-10-22,130.3834,130.6635,129.2961,129.3620,12664900
2020-10-23,129.1643,130.3175,129.1149,130.1528,8783800
2020-10-26,131.1412,131.8084,130.9764,131.3636,7227300
2020-10-27,131.9814,132.3685,131.7095,132.2449,6062300
2020-10-28,132.9286,132.9945,131.9567,132.3685,11765800
2020-10-29,132.3931,132.4755,130.5316,131.0835,11932400
2020-10-30,130.9929,131.2565,129.7903,129.7903,13095400
2020-11-02,130.8615,131.2655,130.5564,130.7625,10810500
2020-11-03,130.1605,130.2677,129.4926,130.0038,16228700
2020-11-04,133.2857,133.7228,132.3787,132.8240,21570800
2020-11-05,133.2857,133.3682,132.4117,133.0549,18537500
2020-11-06,131.6201,131.8675,131.0594,131.4470,12408400
2020-11-09,128.6104,128.7588,127.5054,128.6846,23245000
2020-11-10,127.7776,128.4785,127.6291,127.9425,12561000
2020-11-11,127.8270,128.5856,127.7858,128.4042,5888200
2020-11-12,129.4102,130.6141,129.2205,130.5893,15999700
2020-11-13,130.5811,130.6965,130.2100,130.4162,7344600
2020-11-16,130.0616,130.5151,129.9627,130.1028,6310400
2020-11-17,130.9192,131.2408,130.7708,130.9522,7444600
2020-11-18,131.4717,131.5789,130.5729,131.3315,10333300
2020-11-19,131.9087,132.5271,131.8015,132.0076,10637200
2020-11-20,132.3704,133.2032,132.2550,133.1785,7246800
2020-11-23,132.6096,132.7497,132.1643,132.5683,11300000
2020-11-24,131.9251,131.9499,131.1170,131.2490,10891700
2020-11-25,131.3150,131.8592,130.7955,130.8450,9145800
2020-11-27,131.6118,132.1560,131.5871,132.1148,4708200
2020-11-30,131.9581,132.3704,131.7355,131.9499,13071600
2020-12-01,130.8711,131.0279,129.3275,130.0044,13662800
2020-12-02,129.4926,129.5339,128.3370,128.9726,12114300
2020-12-03,129.5422,130.2686,129.2450,130.0127,9626500
2020-12-04,128.5104,128.5929,127.7510,128.1059,12734500
2020-12-07,129.0552,129.4927,128.9149,129.2616,9316100
2020-12-08,130.0621,130.4749,129.7567,129.8723,7397200
2020-12-09,129.2202,129.8558,128.7745,129.4431,7750100
2020-12-10,129.7897,130.6564,129.4513,130.5904,10025100
2020-12-11,130.9536,131.5645,130.6813,131.0527,8135900
2020-12-14,129.9961,130.9866,129.6824,130.6894,7535900
2020-12-15,130.2354,130.7390,129.8475,130.2520,6847500
2020-12-16,129.2450,130.3263,129.0881,129.9053,9954200
2020-12-17,130.6606,130.9332,129.2559,129.5616,9422700
2020-12-18,129.8260,130.0408,129.0493,129.1732,6505000
2020-12-21,129.8921,130.0078,129.2724,129.6855,8988200
2020-12-22,130.1895,130.4126,129.7929,130.3548,7370800
2020-12-23,129.4128,129.4707,128.4544,129.4542,9266600
2020-12-24,129.6442,130.0821,129.6029,129.9665,3117100
2020-12-28,129.2146,130.0987,128.9832,130.0243,7791100
2020-12-29,129.2228,129.9665,129.1980,129.8591,9030900
2020-12-30,129.5781,130.1648,129.4625,130.1400,9097300
2020-12-31,130.1070,130.6193,130.0987,130.3301,7742100
2021-01-04,129.4542,130.7018,129.3467,130.1730,13152900
2021-01-05,129.6856,129.6856,128.6197,129.2063,10458100
2021-01-06,127.0992,127.1240,125.8350,126.5539,22827300
2021-01-07,125.4219,125.7359,124.9840,125.4384,14651900
2021-01-08,125.1657,125.5624,124.4882,125.0335,13622500
2021-01-11,124.7691,124.9426,124.3477,124.8270,8370700
2021-01-12,124.5956,124.9014,123.8850,124.7278,12186300
2021-01-13,125.3145,126.4796,125.2402,126.1325,12533300
2021-01-14,126.0746,126.1242,124.5956,124.9509,14835500
2021-01-15,125.7524,125.8928,125.1575,125.4467,11624700
2021-01-19,125.2814,125.8929,125.1905,125.8516,9575600
2021-01-20,125.5872,125.9920,125.4219,125.9755,5368900
2021-01-21,125.1327,125.3888,124.8518,125.0914,8162700
2021-01-22,125.4715,125.6037,125.1162,125.4963,9507200
2021-01-25,126.2234,126.9919,126.1243,126.9753,8712600
2021-01-26,126.5044,126.9175,126.3556,126.7357,7690300
2021-01-27,127.3059,127.6612,126.8597,127.0580,7895200
2021-01-28,126.7522,126.8017,125.7276,126.3555,10667800
2021-01-29,125.1162,126.0003,125.0170,125.5954,14965900
2021-02-01,125.4598,126.0388,125.3191,125.7410,8165500
2021-02-02,124.6987,124.9882,124.5167,124.9303,9177500
2021-02-03,124.4422,124.5746,123.7391,123.8218,9633100
2021-02-04,123.3917,123.6647,123.0939,123.4910,8262600
2021-02-05,123.3420,123.7308,122.4486,122.4568,10258900
2021-02-08,122.6802,123.4744,122.4651,122.9946,11574800
2021-02-09,123.4413,123.8135,122.9780,123.0855,5218300
2021-02-10,123.4909,123.9045,123.3751,123.9045,8079800
2021-02-11,123.8217,123.9127,123.0524,123.2261,11962700
2021-02-12,122.1838,122.4982,121.6296,121.6958,14088400
2021-02-16,120.1323,120.4963,119.6691,119.8428,17789100
2021-02-17,120.7362,121.0919,119.9338,120.6039,11199100
2021-02-18,119.6277,120.4467,119.3878,120.1157,10755300
2021-02-19,119.1727,119.3878,118.1717,118.5192,12741700
2021-02-22,118.3206,118.9080,117.2369,117.6175,13203900
2021-02-23,117.0715,117.8822,116.7571,117.2783,12658500
2021-02-24,115.2764,116.7903,115.1192,116.5090,17363100
2021-02-25,115.4170,115.7479,113.0097,114.6063,52621700
2021-02-26,116.4511,118.5440,115.5494,118.3951,45423300
2021-03-01,116.5001,117.1213,116.0280,116.8314,22048000
2021-03-02,116.2848,116.8894,116.1937,116.8397,12482200
2021-03-03,115.4400,116.0777,114.9264,115.5725,19763700
2021-03-04,115.6470,115.9038,114.2638,114.8270,22366600
2021-03-05,114.4378,115.4068,114.2887,115.0507,20598000
2021-03-08,114.9844,115.0424,114.1562,114.1562,15236600
2021-03-09,115.3489,115.8044,115.1004,115.7381,14463400
2021-03-10,115.7878,116.0777,115.3571,115.9700,12387600
2021-03-11,115.2660,115.4399,114.6780,115.1335,14150700
2021-03-12,112.9718,113.0215,112.3506,112.6902,20402700
2021-03-15,113.0463,113.5433,112.9801,113.3528,11366500
2021-03-16,113.4853,113.5681,112.4334,112.8972,15567900
2021-03-17,111.9365,112.2512,111.1083,112.0525,27107500
2021-03-18,110.4125,111.3733,110.3131,110.9177,21615100
2021-03-19,111.0503,111.6715,110.8184,111.6052,18685000
2021-03-22,112.3838,112.9801,112.1187,112.8559,17047500
2021-03-23,113.1292,113.9160,112.7647,113.8746,16768400
2021-03-24,113.5184,114.5289,113.4273,114.4875,13863000
2021-03-25,114.6200,114.8436,113.5433,113.5847,20782000
2021-03-26,112.9883,113.6675,112.8227,113.1871,8433300
2021-03-29,113.3279,113.3445,111.7874,112.2263,13968100
2021-03-30,112.0607,113.0629,111.8205,112.8144,15020800
2021-03-31,112.9221,113.1292,111.7957,112.1850,19271300
2021-04-01,113.2507,114.1381,113.0433,114.0469,14885900
2021-04-05,113.2507,113.5991,112.7448,113.5493,8243000
2021-04-06,113.7566,114.4367,113.6322,114.3206,9282400
2021-04-07,113.9971,114.5362,113.5244,113.5244,11052700
2021-04-08,113.9473,114.5113,113.9225,114.4616,7847900
2021-04-09,114.0386,114.6109,113.6985,114.0469,8717800
2021-04-12,114.0054,114.0635,113.7069,113.9971,7659000
2021-04-13,113.8727,114.8763,113.7898,114.8514,13232800
2021-04-14,114.4782,114.6523,114.0967,114.4865,7293200
2021-04-15,115.6891,116.9248,115.6642,116.4023,23896700
2021-04-16,115.3656,115.8881,115.2246,115.4983,15238400
2021-04-19,115.0671,115.5398,114.9095,115.1666,13886800
2021-04-20,114.8265,115.9130,114.8099,115.6973,11476500
2021-04-21,115.7305,116.0374,115.3407,115.9296,11902200
2021-04-22,116.1120,116.4355,115.4485,116.4355,14156400
2021-04-23,116.4272,116.5019,115.6891,116.1618,12302200
2021-04-26,116.2364,116.5350,115.9876,115.9959,9103500
2021-04-27,115.7720,115.9627,114.8928,114.9841,14137300
2021-04-28,114.9924,115.1914,114.4201,115.0587,15263700
2021-04-29,113.9972,114.7519,113.7318,114.7187,17178200
2021-04-30,114.8762,115.0587,114.4367,114.9841,15692000
2021-05-03,115.2025,115.9916,114.8537,115.0530,16447700
2021-05-04,115.8587,116.4152,115.5846,115.8338,18639700
2021-05-05,115.4766,116.1577,115.3852,116.0248,11127900
2021-05-06,115.6593,116.4401,115.6178,116.2158,21907600
2021-05-07,116.3653,116.7806,115.3769,115.6427,18346900
2021-05-10,115.4102,115.6593,114.3636,114.4716,15146200
2021-05-11,113.9816,114.1892,113.5995,113.8238,15158600
2021-05-12,113.5165,113.6245,112.4284,112.6278,20859400
2021-05-13,112.9018,113.2673,112.6527,112.8022,13073900
2021-05-14,113.4002,113.8570,113.1427,113.8570,17566700
2021-05-17,113.6493,113.9317,113.4334,113.6161,6113800
2021-05-18,113.2922,113.4334,113.0181,113.3254,11423100
2021-05-19,113.4085,114.0397,112.6443,113.0513,14296000
2021-05-20,113.5912,114.1975,113.5164,113.9816,13310500
2021-05-21,114.3388,114.3720,113.8404,114.3471,10171600
2021-05-24,114.6128,115.1029,114.5297,114.7706,6868700
2021-05-25,115.1444,115.8670,115.1361,115.8338,12346900
2021-05-26,115.9418,116.2076,115.3521,115.6345,9793700
2021-05-27,115.0364,115.1942,114.6128,115.1693,10695200
2021-05-28,115.1029,115.7009,114.9036,114.9866,10258000
2021-06-01,114.6364,115.0024,114.1623,114.9608,11778500
2021-06-02,115.2436,115.4432,115.0523,115.2269,7347900
2021-06-03,115.2103,115.2103,114.6613,114.7944,10994000
2021-06-04,115.2186,116.3665,115.2186,116.3665,15773700
2021-06-07,116.1087,116.2085,115.8841,116.0089,7799800
2021-06-08,116.9986,116.9986,116.6243,116.8240,11230900
2021-06-09,117.9136,118.2380,117.4894,117.8554,12768300
2021-06-10,117.1401,118.5791,117.0153,118.5624,19698300
2021-06-11,118.3711,118.4460,117.9802,118.3711,8646700
2021-06-14,118.1964,118.1964,117.2898,117.4645,9401300
2021-06-15,117.1151,117.3563,116.8490,117.3231,18207300
2021-06-16,117.6142,117.8388,116.6244,117.2233,19676300
2021-06-17,117.9968,120.5504,117.8139,118.9783,35225800
2021-06-18,120.0097,121.4736,119.8766,121.2158,26616900
2021-06-21,120.1012,120.1844,118.9617,119.1862,16485000
2021-06-22,118.2546,119.5106,118.2130,119.4773,14530200
2021-06-23,119.0365,119.3609,118.7038,119.1696,12040900
2021-06-24,119.2944,119.6936,119.2195,119.3609,8788400
2021-06-25,119.1613,119.2778,117.5893,118.1216,15562200
2021-06-28,118.7122,119.6105,118.6955,119.3360,11460700
2021-06-29,119.0282,119.5439,118.9783,119.5356,11217900
2021-06-30,119.9848,120.5504,119.8350,120.0679,15708900
2021-07-01,119.9164,120.1912,119.5416,120.0746,10810000
2021-07-02,120.1246,120.7992,120.0246,120.7992,9650200
2021-07-06,121.3656,122.4233,121.3656,122.2151,20037200
2021-07-07,122.9064,123.7309,122.6149,123.2978,20964400
2021-07-08,123.9974,124.4638,123.4061,123.7809,17487800
2021-07-09,122.3234,122.4234,122.0069,122.0402,14483600
2021-07-12,122.5065,122.6231,121.7403,121.8819,10610400
2021-07-13,122.2817,122.8147,120.4660,120.9491,23340200
2021-07-14,121.6071,122.3650,121.4406,122.3234,16038600
2021-07-15,123.2228,123.7642,122.4566,123.6726,18462400
2021-07-16,122.7148,123.5477,122.6981,123.4394,12787900
2021-07-19,125.7214,126.5543,125.4466,126.1462,40203900
2021-07-20,127.0375,127.1874,124.7304,124.9303,25674800
2021-07-21,123.4144,123.6810,122.1568,123.3478,19988900
2021-07-22,123.3561,124.7719,123.3144,124.5137,18136900
2021-07-23,123.2145,123.8142,123.1729,123.6809,12639300
2021-07-26,124.0974,124.1474,123.1646,123.3145,10737700
2021-07-27,124.3722,124.6720,124.0890,124.6304,13036500
2021-07-28,123.8225,124.6554,123.4894,124.6387,14346700
2021-07-29,123.9142,124.2806,123.7059,123.9475,11532000
2021-07-30,124.2057,124.6971,124.1474,124.5305,14342100
2021-08-02,124.6239,126.1082,124.3987,125.6412,21232700
2021-08-03,125.7078,126.1081,125.4076,125.7078,13361900
2021-08-04,126.3333,126.6001,124.8490,125.9664,18267900
2021-08-05,125.7162,125.8497,125.0825,125.3243,15345400
2021-08-06,123.6816,124.0485,123.1562,123.2313,21144300
2021-08-09,123.5398,123.8817,122.7726,122.7893,12942400
2021-08-10,122.9894,123.0561,122.2139,122.2223,13716900
2021-08-11,122.0889,122.7726,121.5051,122.1472,17227600
2021-08-12,121.8220,122.1138,121.2716,121.9471,14709400
2021-08-13,122.4391,123.8817,122.4224,123.8733,18653800
2021-08-16,124.4071,125.0992,124.0902,124.1736,19170900
2021-08-17,124.1486,124.6406,123.9735,124.1236,14126900
2021-08-18,124.0068,124.6406,123.7900,124.5405,13144000
2021-08-19,125.3410,125.4661,124.9241,125.4577,15474300
2021-08-20,125.5745,125.7580,125.1742,125.5412,12388400
2021-08-23,125.2493,125.4994,125.0158,125.4577,10615000
2021-08-24,124.8824,125.1409,124.4821,124.4821,13835900
2021-08-25,124.4238,124.5572,123.0645,123.4481,16743800
2021-08-26,123.3897,123.8901,123.0061,123.7900,16657400
2021-08-27,123.8900,124.6572,123.6899,124.6322,15384700
2021-08-30,124.2403,124.9991,124.1902,124.9574,10596300
2021-08-31,124.8073,125.1575,123.8316,124.1068,15262400
2021-09-01,124.6320,124.7322,123.9807,124.3147,10807100
2021-09-02,124.6069,124.8658,124.1978,124.8574,9765900
2021-09-03,123.7970,123.9974,123.5215,123.7219,12928000
2021-09-07,122.9537,123.1708,122.4528,122.6782,15547800
2021-09-08,123.2878,123.7303,123.0623,123.5132,14533700
2021-09-09,123.7136,125.1497,123.4464,125.0077,20324600
2021-09-10,124.3231,124.5485,123.7052,123.9056,14894600
2021-09-13,124.4400,124.8157,124.3648,124.6571,15036100
2021-09-14,125.0161,126.5524,124.8909,126.1684,19918400
2021-09-15,126.2518,126.2852,125.1831,125.7258,11940300
2021-09-16,124.9660,125.6173,124.8241,125.1497,13328900
2021-09-17,124.5569,124.7072,124.1561,124.5485,13782900
2021-09-20,125.7175,126.3854,125.4336,126.0932,14660400
2021-09-21,125.8344,126.0431,125.4085,125.9846,10035800
2021-09-22,125.9011,126.7361,125.6089,126.7361,22277800
2021-09-23,125.5922,125.6173,123.8555,123.8722,23853300
2021-09-24,123.4380,123.4464,122.5196,122.6615,20203900
2021-09-27,121.9519,122.6282,121.8016,122.2107,13464300
2021-09-28,120.5074,121.1252,119.9313,120.3070,26613500
2021-09-29,120.8999,121.4259,119.9731,120.5158,23569400
2021-09-30,120.3154,120.6577,119.9396,120.4990,22567600
2021-10-01,121.0951,121.5549,120.5517,121.5131,26151800
2021-10-04,120.9446,121.6051,120.4681,121.2038,28027600
2021-10-05,120.8862,120.9698,119.9331,120.0334,22659200
2021-10-06,120.5768,120.9864,120.4096,120.7106,18696500
2021-10-07,119.7073,119.8327,119.2057,119.4481,14856000
2021-10-08,118.9299,119.0051,118.3196,118.6122,17257800
2021-10-11,118.3781,118.6289,118.2527,118.3112,7213400
2021-10-12,119.2392,120.3929,119.1138,120.3344,17968700
2021-10-13,120.8945,121.6636,120.8694,121.5048,23584600
2021-10-14,121.5299,122.0231,121.1787,121.9562,12946400
2021-10-15,121.2206,121.3376,120.7775,121.2457,11811500
2021-10-18,121.2205,122.0565,120.8192,121.8141,12115900
2021-10-19,120.9363,120.9948,120.0919,120.1337,12156300
2021-10-20,119.7575,120.1170,119.1389,119.3228,12782500
2021-10-21,119.5485,119.6739,118.9048,119.1807,13660000
2021-10-22,119.9247,120.7189,119.7241,120.4932,13740000
2021-10-25,120.1086,120.6353,120.0752,120.3093,8137900
2021-10-26,120.9029,121.3041,120.1672,121.3041,13671000
2021-10-27,122.3910,123.8790,121.9980,123.5112,22092300
2021-10-28,123.5529,124.0044,122.7587,123.0932,17497600
2021-10-29,122.4495,123.7285,122.3241,123.4694,19087300
2021-11-01,122.0446,122.8482,121.9609,122.5804,18035500
2021-11-02,122.6306,123.5263,122.6306,123.1245,9836700
2021-11-03,123.7355,123.8695,121.8186,121.8521,20639400
2021-11-04,122.1033,123.3505,122.0866,123.1329,15922400
2021-11-05,124.3215,125.2088,123.9950,124.9744,21513000
2021-11-08,124.6898,124.9577,124.3131,124.7400,12083800
2021-11-09,126.2300,127.0420,126.0961,126.3639,23430200
2021-11-10,126.2552,126.3389,123.0743,124.0537,28170600
2021-11-11,124.3131,124.4387,123.7942,123.8695,5552500
2021-11-12,123.8862,124.3131,122.8482,123.3254,12712000
2021-11-15,122.9571,123.0157,121.5592,121.7768,15232700
2021-11-16,121.9526,122.5302,121.2495,121.4671,12998700
2021-11-17,121.0151,122.4549,120.9230,122.4297,14239900
2021-11-18,122.2037,122.9655,122.1702,122.8901,11054600
2021-11-19,123.5347,124.3885,123.5347,124.1876,14022100
2021-11-22,123.3840,123.5849,122.3209,122.7311,15266000
2021-11-23,122.1535,122.3042,120.9565,120.9565,15318500
2021-11-24,121.3248,122.8985,121.1992,122.8985,13769700
2021-11-26,124.5810,126.1296,124.4470,126.0040,20064800
2021-11-29,124.1457,125.2590,124.0285,124.9912,23234200
2021-11-30,126.2551,127.2931,125.7696,126.8913,31481100
2021-12-01,126.1236,127.7327,125.5369,127.6740,30826500
2021-12-02,128.1686,128.2189,126.3500,127.8334,17754200
2021-12-03,127.1209,130.0040,126.8444,129.3586,34427100
2021-12-06,129.1072,129.3586,127.3304,127.5818,30924200
2021-12-07,127.1545,127.8334,126.4337,126.5511,22115900
2021-12-08,126.1069,126.1152,124.3385,124.3636,33633900
2021-12-09,125.1598,125.5789,124.4391,125.0592,17544900
2021-12-10,125.6459,125.9141,124.7157,124.7576,14298700
2021-12-13,126.0398,126.8108,125.9727,126.6013,17860500
2021-12-14,126.0231,126.4924,125.1347,126.2997,14015500
2021-12-15,125.3861,126.3750,124.9838,125.0843,25383900
2021-12-16,124.8058,125.7539,124.7890,125.1330,18677900
2021-12-17,126.1399,126.6769,125.9889,126.5510,18093500
2021-12-20,126.4839,126.7104,125.5190,125.6029,17147300
2021-12-21,124.2941,125.1834,123.8578,125.1247,16598200
2021-12-22,125.6280,125.7371,125.0323,125.7036,12253900
2021-12-23,125.5106,125.5190,124.2017,124.6129,11642500
2021-12-27,124.5625,125.0240,124.4451,124.9149,7821800
2021-12-28,125.5190,125.6700,124.1849,124.4199,9174600
2021-12-29,123.2619,123.5976,122.8424,123.0606,11771200
2021-12-30,123.5473,124.1514,122.8760,124.0926,10355000
2021-12-31,124.0172,125.0408,123.6983,124.3360,13402300
2022-01-03,122.8425,123.2872,121.0554,121.0722,33860400
2022-01-04,120.4932,120.9295,119.7633,120.5687,21996400
2022-01-05,120.9379,120.9547,119.7381,119.9143,20911700
2022-01-06,119.6374,120.3506,119.3857,120.2247,18996400
2022-01-07,120.0905,120.1828,118.7732,119.3605,18756800
2022-01-10,118.8487,119.8220,118.6054,119.6542,13775800
2022-01-11,119.8807,120.5100,119.7297,120.4513,24388700
2022-01-12,120.7365,120.8288,119.9814,119.9898,14440600
2022-01-13,120.3086,121.1728,120.0066,121.0554,15166000
2022-01-14,120.3338,120.3673,118.9661,119.2262,22997500
2022-01-18,118.2698,118.5635,117.4811,117.5482,21171700
2022-01-19,117.9090,118.8990,117.7244,118.3621,17930500
2022-01-20,118.6137,119.1339,118.3788,119.0920,13959000
2022-01-21,120.3170,120.9043,119.7045,120.5100,28916600
2022-01-24,121.0722,121.1309,119.5032,119.5200,25001600
2022-01-25,120.0737,120.5771,118.9745,119.3269,15599000
2022-01-26,119.3605,119.6206,117.8755,117.8838,23655500
2022-01-27,119.4864,120.2919,119.4193,120.0486,21501800
2022-01-28,119.2178,120.3673,119.0165,120.0904,12826500
2022-01-31,119.2934,119.9395,119.1088,119.4696,13998400
2022-02-01,119.5436,119.6108,118.5185,119.0731,20806100
2022-02-02,119.2663,120.6274,119.2495,119.4763,18404600
2022-02-03,117.9975,118.8713,117.7791,118.5437,17234100
2022-02-04,117.5018,117.7455,116.6028,116.7960,23609800
2022-02-07,116.7121,117.0481,116.4096,116.8717,12962400
2022-02-08,116.1239,116.4348,115.7962,116.0903,16269200
2022-02-09,116.5524,117.0986,116.1071,116.3088,14349100
2022-02-10,115.6618,115.8047,114.1327,114.4604,30896200
2022-02-11,114.9981,116.3760,113.7294,116.1576,43210300
2022-02-14,115.2165,115.7290,114.2418,114.7124,23157400
2022-02-15,113.9310,114.1327,113.3765,113.4101,18198500
2022-02-16,114.2251,114.3259,113.0152,114.0822,16473700
2022-02-17,114.6452,115.5862,114.1831,114.9308,24508200
2022-02-18,115.5442,116.2583,115.2417,116.1407,17522600
2022-02-22,115.6870,116.5104,115.5022,116.4432,19534000
2022-02-23,115.6786,115.8215,114.7460,114.8384,17757800
2022-02-24,116.8717,117.0985,114.4771,114.9140,28150400
2022-02-25,114.9897,115.3677,114.4183,114.9981,15025400
2022-02-28,116.3088,117.6615,116.2164,117.5187,25817700
2022-03-01,118.0866,119.7439,117.7837,118.8774,35664400
2022-03-02,117.6491,118.1370,114.7634,114.8138,30397400
2022-03-03,115.6720,116.6899,115.2765,115.9832,20649100
2022-03-04,118.0865,118.4735,117.2032,117.9856,25853100
2022-03-07,117.0434,118.3221,116.7489,117.0854,23710900
2022-03-08,115.6888,116.3114,115.4700,115.9075,28331300
2022-03-09,115.3186,115.5457,114.5277,114.7717,18819200
2022-03-10,113.4341,113.7201,112.5002,113.1228,26868900
2022-03-11,113.0134,113.9557,112.9125,113.5014,15583800
2022-03-14,111.6421,111.8019,110.8176,110.8513,24385000
2022-03-15,111.7767,112.0207,110.3717,110.6578,17518800
2022-03-16,110.9102,112.0039,109.6398,111.7431,25857700
2022-03-17,111.7431,112.1805,110.2708,110.9102,19330600
2022-03-18,111.5328,112.3488,111.5328,112.2647,55891700
2022-03-21,110.4474,110.7755,109.1602,109.6650,26122000
2022-03-22,108.4956,108.8153,107.9740,108.2600,21830900
2022-03-23,108.8405,110.7167,108.4115,110.6325,21266100
2022-03-24,109.0761,110.3633,109.0340,109.7660,17141600
2022-03-25,108.9499,108.9668,107.3935,108.2432,25684500
2022-03-28,108.8573,109.8417,108.5629,109.1686,17657800
2022-03-29,109.8417,110.6746,109.1518,109.9931,19319700
2022-03-30,109.4295,111.0616,109.3621,110.8513,16310200
2022-03-31,111.0363,111.6169,110.7671,111.1205,19901000
2022-04-01,109.5465,112.0322,109.2937,111.5435,23489700
2022-04-04,111.1643,111.2064,110.1364,110.7683,13609900
2022-04-05,110.1784,110.1953,108.0972,108.2657,25196900
2022-04-06,106.5300,108.1057,106.5047,107.3894,22952000
2022-04-07,106.2604,106.7322,105.6706,106.5806,23458800
2022-04-08,105.7042,106.0244,104.7015,105.4262,26859200
2022-04-11,104.4150,104.6426,103.2691,103.7578,30020700
2022-04-12,104.5246,104.6173,103.3618,103.6146,23124200
2022-04-13,103.6820,104.7353,103.5472,103.8252,17189500
2022-04-14,103.5219,103.5809,101.4322,101.7440,34274500
2022-04-18,101.8451,102.0221,100.8509,101.2385,18784300
2022-04-19,100.3959,100.8762,99.9915,100.4802,26012300
2022-04-20,101.2974,102.7720,101.0447,102.5024,31423200
2022-04-21,101.8114,101.8788,100.4127,101.7440,23323200
2022-04-22,101.1710,102.3254,100.9520,101.1036,19773400
2022-04-25,102.2749,102.9574,102.0642,102.1148,25418900
2022-04-26,103.1680,103.6652,102.5951,103.1427,26931300
2022-04-27,102.9574,103.0669,101.7609,101.8198,14560500
2022-04-28,101.4407,102.0137,101.1205,101.9715,16892500
2022-04-29,100.5307,101.9294,100.3622,100.6486,26153400
2022-05-02,99.4780,99.8240,98.6930,98.9040,29233900
2022-05-03,100.4739,100.7018,99.5033,99.5708,21256700
2022-05-04,99.5708,100.4148,99.0475,100.1194,25575700
2022-05-05,98.2035,98.3048,96.2369,97.3764,48384500
2022-05-06,96.3382,97.0978,95.6376,95.9415,32790500
2022-05-09,95.2578,96.8193,95.0552,96.7855,26773000
2022-05-10,97.8152,98.7183,97.4692,97.6633,33640800
2022-05-11,96.8446,99.5455,96.5914,99.5455,34173600
2022-05-12,99.6130,100.3473,99.3092,99.3598,26405700
2022-05-13,98.7352,98.8787,97.8236,97.8911,20782700
2022-05-16,98.0853,98.7014,97.7814,97.7899,11050600
2022-05-17,96.8193,97.3594,96.5239,96.6083,15040800
2022-05-18,96.8277,98.7521,96.7348,98.6677,21337300
2022-05-19,100.1363,100.2038,98.6255,98.9040,21937500
2022-05-20,98.8281,100.4570,98.8027,100.0266,22780900
2022-05-23,99.3514,99.8071,98.3638,98.3807,15925200
2022-05-24,99.5117,100.9803,99.4780,100.3220,23388200
2022-05-25,100.9550,100.9635,100.0941,100.7187,14410800
2022-05-26,100.4570,100.5161,99.4273,100.2629,14912900
2022-05-27,100.7440,101.0648,100.2207,100.5077,11190400
2022-05-31,98.9040,98.9462,97.8490,98.3807,28393700
2022-06-01,98.9531,99.2152,97.8201,98.2682,15544800
2022-06-02,98.6149,98.6826,97.6257,98.3190,9832000
2022-06-03,97.3128,98.1330,97.1268,98.1076,15330400
2022-06-06,97.3635,97.6679,96.2305,96.2981,20815400
2022-06-07,96.9070,97.8962,96.8816,97.3382,14278700
2022-06-08,96.9662,97.3466,96.4588,96.4757,11476100
2022-06-09,96.2559,96.9915,96.1206,96.7970,15527300
2022-06-10,96.6956,96.9069,95.5203,96.1967,21917100
2022-06-13,94.2689,94.4211,92.3664,93.1781,36968300
2022-06-14,93.4571,93.8376,91.8168,92.0028,21865900
2022-06-15,93.0851,93.8461,92.1889,93.7193,25202800
2022-06-16,91.6984,94.4633,91.4194,94.4633,26067300
2022-06-17,94.7086,95.4019,93.8208,94.7678,21614300
2022-06-21,93.0851,93.8715,92.8484,93.1612,17663800
2022-06-22,95.2835,95.8078,95.0214,95.7232,23703800
2022-06-23,96.3066,97.3804,95.9599,96.5095,20669200
2022-06-24,95.9346,96.5349,95.1229,95.1736,18161300
2022-06-27,94.0406,94.8861,93.9899,94.3619,12053000
2022-06-28,94.0998,94.8523,93.7447,94.8016,13706600
2022-06-29,95.0214,96.3066,94.8438,96.2812,12925400
2022-06-30,97.1184,97.8878,97.0253,97.1268,25802100
2022-07-01,98.1917,99.6235,97.6156,98.1240,21858800
2022-07-05,99.0305,99.7591,98.4205,98.8949,16689700
2022-07-06,99.4541,99.5812,97.2344,97.2344,20205400
2022-07-07,97.5140,97.5733,96.1669,96.3787,13088000
2022-07-08,96.1584,96.1584,94.9300,95.3112,15320000
2022-07-11,96.4041,97.2513,96.3279,96.9548,13639900
2022-07-12,97.8613,98.4713,97.4038,97.5309,18547300
2022-07-13,96.3872,98.8272,96.1161,98.6492,20594800
2022-07-14,97.4970,98.4120,96.9802,97.8444,15665000
2022-07-15,98.1409,98.9712,97.9376,98.3951,16022600
2022-07-18,97.6410,97.7003,96.7345,97.3699,15838300
2022-07-19,97.3530,97.5563,96.2940,96.8447,9276800
2022-07-20,97.8359,97.8952,96.6244,97.0988,9117300
2022-07-21,97.5902,98.8864,97.4377,98.7763,14754900
2022-07-22,100.2166,101.0468,99.9455,100.4369,17715300
2022-07-25,98.8780,99.5812,98.6746,99.4541,24868100
2022-07-26,100.6995,101.0214,99.4625,99.5303,13536000
2022-07-27,99.9794,100.3860,98.8780,98.9712,15725600
2022-07-28,100.0132,100.7503,99.3948,99.7591,16637900
2022-07-29,99.7167,101.0807,99.4032,99.4880,16655900
2022-08-01,100.3647,101.9349,100.2204,101.8840,17974600
2022-08-02,101.9774,102.4357,99.5499,99.7282,17896300
2022-08-03,99.4481,101.4172,98.7351,101.2983,16731200
2022-08-04,100.9843,101.4681,100.6108,101.2644,11003000
2022-08-05,99.3632,99.3972,98.3617,98.8540,19492300
2022-08-08,99.8470,100.6024,99.7791,100.4496,17476300
2022-08-09,99.9234,100.4581,99.6942,100.0592,8223200
2022-08-10,99.9234,100.9249,99.0746,99.4056,14665300
2022-08-11,99.1935,99.3547,96.8339,97.0886,20663800
2022-08-12,97.6912,98.0901,97.1225,98.0731,12178400
2022-08-15,98.7351,99.0916,97.9882,97.9882,9031800
2022-08-16,97.8184,98.4720,96.9612,98.3956,11066000
2022-08-17,97.6572,97.6912,97.0206,97.3686,14131300
2022-08-18,97.5808,98.1495,97.2583,97.5129,10738200
2022-08-19,96.1040,96.1973,95.6881,95.9427,16330900
2022-08-22,95.7899,95.8748,95.1703,95.6202,10457200
2022-08-23,95.2213,96.3162,94.8394,95.0940,17813200
2022-08-24,94.6272,94.9497,94.0924,94.3980,13971600
2022-08-25,94.4829,95.9852,94.2028,95.7136,21429700
2022-08-26,95.3147,96.7490,95.0685,96.4350,18764400
2022-08-29,95.8579,95.9173,95.1704,95.6372,14278300
2022-08-30,95.5863,96.3417,95.2383,95.8748,14346600
2022-08-31,95.6457,96.1974,94.7036,94.9582,13623500
2022-09-01,93.4493,93.7725,92.6583,93.2197,22490400
2022-09-02,93.2877,94.0362,93.1091,93.7470,13024400
2022-09-06,92.6243,92.6838,91.3655,91.4250,24648500
2022-09-07,92.1310,93.1176,92.0374,92.8709,17050100
2022-09-08,92.5732,93.1516,91.9013,91.9183,14671400
2022-09-09,92.1395,92.5392,91.5441,92.1225,12529800
2022-09-12,92.3946,92.6158,90.9402,91.3655,14806900
2022-09-13,90.6340,91.6377,90.3618,91.5781,22158900
2022-09-14,91.2974,92.0374,91.1103,91.8928,13077800
2022-09-15,91.7312,92.0204,91.5016,91.8333,10260200
2022-09-16,91.0338,91.9013,90.8126,91.0678,18903800
2022-09-19,90.9742,91.7057,90.8382,91.2804,11084400
2022-09-20,89.8940,90.8721,89.6474,90.3703,20133800
2022-09-21,90.7531,91.8928,90.1322,91.8843,23132900
2022-09-22,89.9791,90.1237,89.0775,89.5368,29030600
2022-09-23,89.5963,90.5234,88.9329,89.9025,23042200
2022-09-26,89.6134,89.6559,87.7932,88.1844,25104600
2022-09-27,87.3594,87.5891,85.8199,85.8624,34609500
2022-09-28,87.7166,88.8394,87.1638,88.7373,39283100
2022-09-29,87.5210,88.6522,87.4360,88.2780,19127100
2022-09-30,88.6863,89.1881,86.9511,87.1383,26485700
2022-10-03,88.5399,89.2475,87.9431,88.5229,27192200
2022-10-04,88.7957,89.2220,88.0710,88.2756,13788700
2022-10-05,87.5850,87.6788,86.6045,87.4315,20522100
2022-10-06,87.4656,87.6788,86.5619,86.9456,13965700
2022-10-07,85.9481,86.6387,85.6582,86.1016,14814800
2022-10-10,85.6838,85.6923,84.2344,84.7630,15652600
2022-10-11,85.0358,86.0248,84.3964,85.1381,33246700
2022-10-12,84.6436,85.7179,84.5669,85.5559,21447600
2022-10-13,83.8593,85.5815,83.8422,84.7374,30292500
2022-10-14,85.4195,85.4195,83.7655,84.0383,18728200
2022-10-17,84.6522,84.9676,83.5012,83.6291,18969900
2022-10-18,83.5097,83.9445,82.5889,83.8251,16931500
2022-10-19,82.8618,83.0578,82.1200,82.2991,25431600
2022-10-20,81.7875,82.1285,80.7729,80.8923,25434900
2022-10-21,79.3065,80.0824,78.6586,79.4344,46280300
2022-10-24,79.1360,79.7584,78.3090,78.7779,31332600
2022-10-25,80.6365,81.1907,80.5172,81.0714,31213100
2022-10-26,81.6511,82.4355,81.6511,82.2394,24843900
2022-10-27,82.6827,83.4671,82.0348,83.1005,20270000
2022-10-28,82.5804,83.2369,82.1968,82.5293,22244100
2022-10-31,82.1541,82.3758,81.0202,81.9410,23956700
2022-11-01,83.2281,83.2623,82.2282,82.7068,17585100
2022-11-02,82.8264,83.4418,82.0144,82.3478,25010500
2022-11-03,81.3393,82.3735,81.2709,81.9034,29097500
2022-11-04,81.2795,81.7581,80.5274,80.5274,23561400
2022-11-07,81.0231,81.0743,79.6898,79.7239,14522800
2022-11-08,80.1684,81.1598,80.1428,80.5957,20360600
2022-11-09,80.1855,81.2111,80.0744,80.8607,15637500
2022-11-10,82.6726,84.1255,82.5957,83.9717,45380900
2022-11-11,83.3905,84.0743,83.3649,83.6640,15943100
2022-11-14,83.6811,83.7495,82.9802,83.4589,13741100
2022-11-15,83.9717,84.8691,83.8520,84.8093,26608200
2022-11-16,85.4844,86.7066,85.2451,86.6639,28507700
2022-11-17,85.6383,85.9545,85.2793,85.7494,24528900
2022-11-18,85.9801,86.2280,85.0827,85.1597,14941300
2022-11-21,86.0571,86.1682,85.2964,85.5186,15534000
2022-11-22,86.0229,86.8520,85.9204,86.7323,18103100
2022-11-23,87.2964,88.2450,87.2451,88.2450,23234600
2022-11-25,87.6981,87.9715,87.5442,87.9459,9486100
2022-11-28,88.5527,88.7237,87.7664,88.1938,14563200
2022-11-29,87.3049,87.9972,87.0998,87.1596,16576400
2022-11-30,86.8519,87.8006,86.6383,87.8006,21581700
2022-12-01,88.3695,90.6483,88.3266,90.6055,53156800
2022-12-02,90.2114,91.7535,89.6203,91.7449,24479500
2022-12-05,90.6740,90.8025,89.8687,90.4598,20159700
2022-12-06,91.2394,92.0019,90.9739,91.6250,21754500
2022-12-07,92.8415,93.9638,92.6959,93.7839,30546700
2022-12-08,93.1242,93.7667,92.9272,93.5269,13377300
2022-12-09,92.4731,92.6702,91.0424,91.0938,25872200
2022-12-12,92.4046,92.6188,91.0338,91.3851,16897100
2022-12-13,93.4155,93.4497,92.0619,92.2675,23854700
2022-12-14,92.2332,92.7986,91.5736,92.6616,19517500
2022-12-15,93.0833,93.7102,92.8857,93.0231,20246200
2022-12-16,91.5460,92.6023,91.2970,91.9840,20838300
2022-12-19,90.8848,90.8934,90.1548,90.4382,26126800
2022-12-20,88.7807,89.1500,88.5403,88.8323,28869000
2022-12-21,89.5622,89.6567,88.4201,89.0555,15894100
2022-12-22,89.0298,89.4163,88.7808,89.0384,11322500
2022-12-23,88.0937,88.2913,87.6128,87.7331,15408900
2022-12-27,86.2989,86.7970,85.8867,85.9983,26475700
2022-12-28,86.4363,86.5479,85.3199,85.4916,17302900
2022-12-29,85.7579,86.7283,85.6977,86.4621,16593000
2022-12-30,85.7664,86.3504,85.3370,85.5002,20810200
2023-01-03,87.7674,87.8876,86.5995,87.1319,25313200
2023-01-04,88.6433,88.8666,87.7760,88.3256,21678200
2023-01-05,87.4840,88.7035,87.4067,88.6949,14771100
2023-01-06,88.1968,90.4296,88.1452,90.3266,27473700
2023-01-09,89.6653,90.9706,89.5450,90.8075,21472200
2023-01-10,89.7684,90.0174,88.8838,89.3046,20545200
2023-01-11,90.1462,90.7903,89.9143,90.7559,18794000
2023-01-12,90.8762,92.5851,89.7941,92.5422,32029600
2023-01-13,91.9754,92.5765,91.3571,91.6748,17750800
2023-01-17,90.7474,91.5976,90.7302,91.0823,13911700
2023-01-18,93.1434,93.4096,91.9926,93.2894,35497200
2023-01-19,92.8342,93.0661,92.2674,92.7054,17194700
2023-01-20,91.8552,92.0957,91.1253,91.2025,22754100
2023-01-23,90.6615,91.2025,90.5928,90.7731,12961500
2023-01-24,91.1338,92.2760,90.5069,92.0785,16417200
2023-01-25,92.2073,92.6710,91.5804,92.3018,11906500
2023-01-26,92.0098,92.4477,91.4515,91.8724,15549400
2023-01-27,91.1939,91.8552,91.1252,91.6405,11845500
2023-01-30,91.4258,92.0270,91.1939,91.3056,11459700
2023-01-31,91.8724,92.1300,90.9191,92.0355,13705300
2023-02-01,92.5995,93.4949,91.6266,93.1419,25305800
2023-02-02,93.7791,94.1493,93.0644,93.2625,19548400
2023-02-03,91.9279,92.2206,91.3338,91.8676,20619500
2023-02-06,91.0497,91.5319,90.9894,91.1875,15182400
2023-02-07,90.6881,91.4630,90.4040,90.4556,18290300
2023-02-08,90.4384,90.9033,89.8788,90.8861,13530700
2023-02-09,91.6696,91.7988,89.8788,90.0251,20469900
2023-02-10,89.8874,89.9218,88.7853,89.0178,16598300
2023-02-13,89.2933,89.9046,89.1813,89.7668,13134300
2023-02-14,89.7152,90.2576,88.8025,89.5602,15440300
2023-02-15,89.1555,89.4999,88.2515,88.7250,15246900
2023-02-16,87.8813,88.0104,87.2441,87.4680,19267300
2023-02-17,87.0461,88.1482,86.9342,88.1482,19560900
2023-02-21,86.9686,87.1322,86.3401,86.4348,22728000
2023-02-22,86.9514,87.5541,86.9170,87.2269,15165400
2023-02-23,87.4249,88.3290,87.3647,88.0793,15829100
2023-02-24,87.3389,87.6488,86.5812,86.9342,21403600
2023-02-27,87.2097,87.5627,86.8825,87.1753,14209200
2023-02-28,86.5898,87.5799,86.3401,87.5713,14955700
2023-03-01,87.0189,87.2002,86.2766,86.6305,19000000
2023-03-02,85.4998,86.0091,85.3445,85.8624,23763600
2023-03-03,87.1139,87.9511,86.8032,87.9425,30877300
2023-03-06,88.2273,88.3309,87.1657,87.2606,16631900
2023-03-07,87.5713,88.3567,87.0707,87.7957,23096500
2023-03-08,88.3826,88.8746,87.5368,87.8820,20252400
2023-03-09,87.6490,88.4862,87.4591,88.0978,21550400
2023-03-10,89.7895,91.2223,89.7636,91.1360,43921500
2023-03-13,93.3887,94.1655,90.6613,91.3431,51502500
2023-03-14,90.7476,91.1533,89.5479,89.8413,38417800
2023-03-15,92.1630,92.9657,90.9288,91.5761,45164100
2023-03-16,92.6809,93.2419,90.6612,90.8598,43089300
2023-03-17,92.0509,92.9830,91.8869,92.2235,38129000
2023-03-20,92.2494,92.3184,91.2482,91.4122,24242800
2023-03-21,90.6958,90.9892,90.2297,90.6267,18934900
2023-03-22,90.3333,91.8782,90.1434,91.8351,26388500
2023-03-23,90.9374,91.9645,90.4714,91.8351,25475100
2023-03-24,92.4306,92.7241,91.7143,92.2235,23652700
2023-03-27,90.6699,91.2827,90.0484,90.0571,22224500
2023-03-28,89.9708,90.3505,89.7809,90.2211,17794300
2023-03-29,89.5047,90.1520,89.4184,90.0398,16804400
2023-03-30,90.1606,90.6699,89.9966,90.4541,14315800
2023-03-31,90.9288,91.9732,90.6958,91.8092,25396700
2023-04-03,91.6180,92.6736,91.4622,92.2410,18234800
2023-04-04,91.5314,93.2793,91.5054,92.6996,18052400
2023-04-05,93.2534,93.7725,92.9419,93.6687,23047700
2023-04-06,93.8158,94.2052,93.7898,93.9110,16447300
2023-04-10,93.1409,93.2447,92.2063,92.3967,19134400
2023-04-11,92.6304,92.6650,92.1631,92.5871,13971200
2023-04-12,92.6304,92.7342,91.6180,92.4919,20563000
2023-04-13,92.6303,92.9245,91.6179,91.7650,22079400
2023-04-14,91.1939,91.3324,90.6575,90.9257,19801900
2023-04-17,90.3546,90.5017,89.7403,89.8441,19528800
2023-04-18,89.8268,90.5017,89.8181,90.1642,15922600
2023-04-19,89.9133,90.1989,89.5413,90.0777,16093900
2023-04-20,90.7094,91.0988,90.6402,90.8478,16450100
2023-04-21,91.1161,91.2545,90.2248,90.3373,15244700
2023-04-24,90.8219,91.2805,90.7181,91.2113,17034300
2023-04-25,92.0073,92.6996,91.9641,92.5525,21899900
2023-04-26,92.4054,92.7948,91.4363,91.5661,19610400
2023-04-27,91.0295,91.0901,90.5190,90.6575,20247600
2023-04-28,91.9035,92.3794,91.6006,92.1198,26954100
2023-05-01,91.3200,91.4501,89.2120,89.4636,32487300
2023-05-02,90.2183,91.6930,90.1229,91.6930,30057800
2023-05-03,91.9533,92.4738,91.3287,92.2048,23656200
2023-05-04,91.2766,92.3436,91.2159,91.2940,25110500
2023-05-05,90.5219,90.9990,90.3137,90.9903,15096500
2023-05-08,89.8019,90.1055,89.6284,89.7152,20587000
2023-05-09,89.7845,89.9060,89.3508,89.3942,19182500
2023-05-10,89.9320,90.4265,89.9060,90.2617,22886800
2023-05-11,91.3460,91.5369,90.8429,91.2159,19147200
2023-05-12,91.1292,91.3027,90.4352,90.4525,14198500
2023-05-15,89.6891,89.7585,89.4549,89.5156,20085300
2023-05-16,88.8303,89.2641,88.5788,89.2467,29251700
2023-05-17,89.4202,89.4896,88.7870,88.9865,21340900
2023-05-18,88.6568,88.7089,88.2665,88.3272,25536600
2023-05-19,87.8414,88.3619,87.5551,87.7026,29038000
2023-05-22,87.8327,88.2318,87.3296,87.3903,20131100
2023-05-23,87.1214,87.8327,86.9913,87.6419,21749500
2023-05-24,87.8588,87.9282,87.2082,87.2082,18473400
2023-05-25,87.3556,87.4423,86.7744,86.9912,22492800
2023-05-26,86.8525,87.7633,86.7484,87.6939,17030300
2023-05-30,87.9628,88.6915,87.8327,88.5701,23125200
2023-05-31,88.4747,89.5070,88.3706,89.3421,23787000
2023-06-01,89.8318,90.1362,89.2665,89.6927,21040400
2023-06-02,89.5883,89.6492,88.6663,88.7098,19136500
2023-06-05,88.1531,89.1012,88.0314,88.5445,14433200
2023-06-06,88.5793,89.1273,88.1879,89.0664,14332100
2023-06-07,88.8664,89.0925,87.6574,87.7443,25251100
2023-06-08,87.7357,88.8403,87.6748,88.7707,23845100
2023-06-09,88.3706,88.9533,88.1444,88.6489,22147400
2023-06-12,88.9272,88.9794,87.9531,88.9099,19010300
2023-06-13,88.8142,89.0055,87.8226,88.0314,25910800
2023-06-14,88.3967,88.9707,88.2488,88.7359,29094200
2023-06-15,89.6144,90.1363,89.2404,89.5883,25732000
2023-06-16,89.1012,89.4404,88.7446,89.2404,16759100
2023-06-20,89.6840,90.1624,89.6840,89.8579,17162900
2023-06-21,89.4231,90.1537,89.0142,90.0754,19720100
2023-06-22,89.4143,89.8057,88.8925,88.9881,23630700
2023-06-23,90.3102,90.4146,89.5709,89.8753,22901900
2023-06-26,90.1275,90.2841,89.7274,89.9710,12894900
2023-06-27,90.1015,90.4146,89.3795,89.7362,18105700
2023-06-28,89.9449,90.3189,89.4404,90.1189,23826800
2023-06-29,88.8664,89.0142,88.2401,88.4924,41091600
2023-06-30,88.7707,89.6405,88.6054,89.5361,32024900
2023-07-03,89.6914,90.0577,89.0111,89.0285,16011800
2023-07-05,88.8628,88.9588,87.8599,88.1825,28170300
2023-07-06,87.3889,87.5459,86.7522,86.9354,41375700
2023-07-07,86.4993,86.8656,86.3336,86.4121,28996500
2023-07-10,86.2202,86.8046,86.2115,86.5255,24665200
2023-07-11,86.8394,87.1883,86.5952,86.9703,20485500
2023-07-12,87.3017,88.1913,87.0139,87.9384,31928000
2023-07-13,88.3570,88.9326,88.1128,88.8628,32441500
2023-07-14,88.7146,88.9064,88.2959,88.3395,18569000
2023-07-17,88.2872,88.5139,88.0168,88.3831,18822000
2023-07-18,88.7843,89.0198,88.5837,88.7843,15407400
2023-07-19,88.9588,89.8135,88.7233,89.7873,27192500
2023-07-20,89.1506,89.2291,88.3308,88.6971,56951200
2023-07-21,89.0983,89.2640,88.6360,88.7233,20657500
2023-07-24,88.9500,89.0896,88.3483,88.4006,17546700
2023-07-25,87.9383,88.5227,87.9122,88.2349,17160600
2023-07-26,88.6797,88.6884,88.0256,88.3221,19310700
2023-07-27,87.8337,88.0255,86.2638,86.6039,44794400
2023-07-28,86.6912,87.0924,86.4731,87.0488,27434000
2023-07-31,86.9092,87.5023,86.8830,87.2581,28663800
2023-08-01,86.4403,86.5103,85.6183,85.8282,34943400
2023-08-02,84.8662,85.0411,84.3152,84.9099,38121300
2023-08-03,83.2483,83.3620,82.6798,82.9509,59394800
2023-08-04,83.2133,84.5513,83.1958,84.4202,42071800
2023-08-07,84.0528,84.1315,83.5194,83.5893,35862900
2023-08-08,84.7088,85.1548,84.3415,84.5601,24010500
2023-08-09,84.7263,85.0848,84.6913,84.9974,20151100
2023-08-10,84.8662,85.1460,83.5981,83.5981,37253200
2023-08-11,83.3445,83.8430,83.2570,83.4057,26753500
2023-08-14,83.2657,83.8954,82.9946,83.2220,19072000
2023-08-15,82.9072,83.2570,82.6973,82.7148,24125000
2023-08-16,82.4524,82.8984,81.9627,82.0676,23076700
2023-08-17,81.7703,81.8665,81.3505,81.7178,32244900
2023-08-18,81.7091,82.3737,81.5954,82.0064,24181700
2023-08-21,81.0356,81.1231,80.6596,80.9132,29254100
2023-08-22,81.0182,81.5779,80.8608,81.5342,21308700
2023-08-23,82.4699,83.5631,82.4087,83.5543,38294700
2023-08-24,83.1958,83.5631,82.9859,83.0034,22300800
2023-08-25,82.7848,83.5281,82.6536,83.2745,23865200
2023-08-28,83.6505,83.6593,82.9859,83.3619,16037300
2023-08-29,83.0558,84.4026,83.0296,84.2277,28478100
2023-08-30,84.0966,84.3065,83.8517,84.1403,17550100
2023-08-31,84.4289,84.8749,84.3327,84.5164,26959700
2023-09-01,84.0330,84.0506,82.9980,83.1997,32469700
2023-09-05,82.6997,82.7085,82.0068,82.0331,29435900
2023-09-06,82.5331,82.5506,81.9805,82.2348,23636300
2023-09-07,82.4541,82.5155,82.1734,82.4629,18091500
2023-09-08,82.7875,83.2436,82.6033,82.7787,17052100
2023-09-11,82.1910,82.4366,82.0594,82.1822,17061500
2023-09-12,82.3576,82.6646,82.0857,82.6559,20034300
2023-09-13,82.3839,82.9190,82.2962,82.6383,23332300
2023-09-14,82.4015,82.6383,81.9278,82.0419,27800600
2023-09-15,81.9804,81.9980,81.5418,81.5418,25642900
2023-09-18,81.4454,82.0419,81.4191,82.0068,17963400
2023-09-19,81.6471,81.9541,81.4015,81.4015,24941800
2023-09-20,81.8313,82.1033,81.6121,81.6559,29451200
2023-09-21,80.0770,80.1472,79.5507,79.5595,59958700
2023-09-22,79.6559,80.3577,79.5331,80.1998,29524500
2023-09-25,78.6472,78.9805,78.1998,78.2262,45587900
2023-09-26,78.4454,78.6121,77.8139,77.9542,38104100
2023-09-27,78.5419,78.6121,77.2700,77.5507,47111200
2023-09-28,76.8577,77.8314,76.4016,77.7875,60238000
2023-09-29,78.3051,78.4981,77.3051,77.7964,49010100
2023-10-02,77.2772,77.3740,76.3004,76.4940,44704300
2023-10-03,75.9484,76.2476,74.6989,74.8485,71362600
2023-10-04,75.4733,75.9485,75.1213,75.9045,56281600
2023-10-05,75.7725,75.8429,75.3589,75.5261,35758800
2023-10-06,74.0918,75.4029,73.9686,74.6109,62787900
2023-10-09,75.2357,76.3796,74.7517,76.3620,29424900
2023-10-10,75.5437,76.7052,75.2533,76.2564,54743900
2023-10-11,77.3036,77.8491,77.0836,77.8491,58517700
2023-10-12,77.4796,77.6028,75.6141,75.7373,66986700
2023-10-13,77.0836,77.2860,76.7052,77.0924,44183800
2023-10-16,75.8429,76.0013,75.5877,75.8517,38309800
2023-10-17,74.6989,75.3501,74.3558,75.0157,52949100
2023-10-18,74.2502,74.5494,73.7838,74.3558,63724600
2023-10-19,73.8102,74.4174,72.8070,72.8334,87696900
2023-10-20,73.0270,73.5110,72.8334,73.2470,52188800
2023-10-23,72.8686,74.6725,72.5254,74.1270,70890400
2023-10-24,74.3030,75.1037,73.9950,75.1037,46267700
2023-10-25,73.9334,74.0302,73.1502,73.4318,60737200
2023-10-26,73.4582,74.6374,73.3878,74.5582,49704100
2023-10-27,74.0830,74.7693,73.6870,74.2413,32362300
2023-10-30,73.7486,74.3557,73.2470,73.9070,45026900
2023-10-31,74.2414,74.5933,73.5198,73.5462,37269200
2023-11-01,74.2049,75.1585,74.1872,75.1408,72308500
2023-11-02,76.5360,77.0922,76.1298,76.8538,69739400
2023-11-03,78.4167,78.6286,77.3306,77.3748,77692300
2023-11-06,76.8803,76.9951,76.4653,76.6242,41341900
2023-11-07,77.3571,78.1429,77.3394,77.7544,37834200
2023-11-08,78.1253,79.1319,78.0988,79.0789,53893400
2023-11-09,78.5315,78.6109,76.5889,77.2600,88975100
2023-11-10,77.9045,78.0811,77.4984,77.6926,36516400
2023-11-13,77.0127,77.6485,76.7302,77.5160,25661500
2023-11-14,79.4674,79.5998,78.8405,79.2731,65666800
2023-11-15,78.5933,78.7080,77.9752,78.1606,56205300
2023-11-16,78.8493,79.4321,78.8052,79.1319,49473900
2023-11-17,79.6087,79.8471,79.1495,79.5027,44091400
2023-11-20,79.1319,80.0502,79.1230,79.9883,40477800
2023-11-21,79.9089,80.1738,79.3702,79.9530,27721000
2023-11-22,80.4563,80.6329,79.8029,80.2356,31197500
2023-11-24,79.5557,79.6970,79.2820,79.2908,20199600
2023-11-27,79.7323,80.6506,79.6528,80.6153,39804400
2023-11-28,80.2709,80.8183,80.1649,80.7742,44989300
2023-11-29,81.3305,81.8514,81.0391,81.7896,61647800
2023-11-30,81.2068,81.4894,80.4916,80.8448,60520900
2023-12-01,80.8794,82.4295,80.7199,82.3675,64172200
2023-12-04,81.9246,82.2257,81.5703,82.0397,33766300
2023-12-05,82.9344,83.8113,82.8812,83.8024,73588600
2023-12-06,84.2187,85.0779,84.0327,84.9185,61606100
2023-12-07,84.3073,85.1045,84.2010,84.4313,47970200
2023-12-08,83.6341,83.8999,83.1824,83.7404,44809200
2023-12-11,83.2709,83.6518,82.8458,83.5632,33909700
2023-12-12,83.3950,83.8821,83.1735,83.8113,36996900
2023-12-13,84.2984,85.9017,84.1656,85.7777,70828500
2023-12-14,86.7827,88.0090,86.5694,88.0090,87798600
2023-12-15,87.6980,88.2845,87.6002,88.1068,59941300
2023-12-18,87.5291,87.5291,87.1026,87.4047,34746000
2023-12-19,87.8490,88.2045,87.6713,87.8757,30018400
2023-12-20,88.0712,88.5866,87.6002,88.4711,51229400
2023-12-21,88.6310,88.7199,87.7513,87.9113,65231200
2023-12-22,88.3111,88.3111,87.2981,87.5114,29244200
2023-12-26,87.5647,87.8579,87.5114,87.7602,24019700
2023-12-27,88.6666,89.3330,88.4178,89.3153,45082800
2023-12-28,88.9420,89.3686,88.4711,88.6666,36213000
2023-12-29,88.0890,88.7021,87.7957,87.8668,41616200
2024-01-02,87.2892,87.6624,87.0848,87.3603,47797400
2024-01-03,86.5339,87.8402,86.3295,87.7246,58159500
2024-01-04,86.5694,86.7649,86.2584,86.3917,52604500
2024-01-05,85.7519,86.8005,85.4942,85.5653,45894800
2024-01-08,85.5120,86.5339,85.3876,86.4095,39485800
2024-01-09,85.8763,86.3473,85.8319,85.8585,34374000
2024-01-10,86.1251,86.2406,85.4142,85.4586,48227800
2024-01-11,85.4587,86.0451,85.0499,85.9385,78858900
2024-01-12,86.0007,86.4361,85.5475,85.7697,38883900
2024-01-16,84.9699,85.1210,83.9836,84.2590,61716700
2024-01-17,84.0635,84.4190,83.6725,84.1257,55506800
2024-01-18,83.9391,84.0457,83.0949,83.3437,77339100
2024-01-19,83.2727,83.6814,82.8728,83.6103,47030900
2024-01-22,84.2590,84.4901,83.8769,84.1080,35756400
2024-01-23,83.4326,83.5215,83.0238,83.4415,35786700
2024-01-24,83.9835,84.0102,82.7306,82.9527,54574900
2024-01-25,83.5304,83.7259,83.1483,83.4948,57019400
2024-01-26,83.4682,83.5926,83.0772,83.3349,29276900
2024-01-29,83.8058,84.5700,83.6370,84.2946,38243600
2024-01-30,84.8455,85.1654,84.1879,85.0588,40151400
2024-01-31,85.5031,86.1162,85.3076,85.8941,80646700
2024-02-01,86.8480,87.9623,86.6429,87.5790,84291200
2024-02-02,85.8228,86.1348,85.3057,85.6445,63823300
2024-02-05,84.3607,84.5569,83.8169,83.9150,53827400
2024-02-06,84.0130,84.8243,83.9863,84.7352,33411500
2024-02-07,84.3072,84.8956,84.2627,84.3251,40120200
2024-02-08,83.8169,84.0665,83.4960,83.8348,50087700
2024-02-09,83.5851,83.8080,83.4960,83.6654,27951300
2024-02-12,83.7100,83.9239,83.3534,83.7635,27890300
2024-02-13,82.7828,82.9611,82.3103,82.3281,49768500
2024-02-14,82.2836,82.9522,82.2212,82.7472,44191600
2024-02-15,83.4068,83.5495,82.9076,83.1751,49598500
2024-02-16,82.4441,82.7739,82.3192,82.6937,33116800
2024-02-20,82.7204,83.0770,82.6580,82.7650,24469300
2024-02-21,82.7561,82.8185,82.0251,82.1766,36343100
2024-02-22,82.3103,82.6937,82.2568,82.5778,45190700
2024-02-23,82.6848,83.7991,82.6848,83.6832,38406700
2024-02-26,83.7991,83.8259,83.0770,83.4336,27855000
2024-02-27,83.1216,83.3266,82.7739,82.8452,30242000
2024-02-28,82.9789,83.4425,82.8185,83.3712,34574200
2024-02-29,83.6386,84.0665,83.6030,83.9596,51038600
2024-03-01,83.5616,84.5185,83.1771,84.4827,45832800
2024-03-04,83.7941,84.2055,83.7762,84.1429,23864200
2024-03-05,85.1624,85.5648,84.9299,85.3413,37721900
2024-03-06,85.3949,86.0030,85.3233,85.8420,40571600
2024-03-07,86.1729,86.2087,85.3859,85.7615,39075000
2024-03-08,85.6721,85.8957,85.3859,85.6095,25023200
2024-03-11,85.8152,85.8599,85.2876,85.5648,17787900
2024-03-12,84.9925,85.1445,84.6795,84.8494,29566000
2024-03-13,84.5096,84.7242,84.2502,84.4380,38270100
2024-03-14,83.8209,83.8388,83.0429,83.1413,58365600
2024-03-15,83.2218,83.3380,82.9803,83.1145,34997700
2024-03-18,82.9267,83.1592,82.7210,82.8641,29519500
2024-03-19,83.0340,83.4096,82.8909,83.0966,26953100
2024-03-20,83.2575,83.8746,82.5332,83.0697,43460100
2024-03-21,83.4096,83.5527,82.9267,83.2486,34276600
2024-03-22,84.2323,84.2502,83.8657,84.0445,30262300
2024-03-25,83.8031,83.8389,83.4364,83.6242,24011800
2024-03-26,83.6242,83.9461,83.4185,83.8567,34423000
2024-03-27,84.0535,84.6884,84.0088,84.6884,50157800
2024-03-28,84.5006,84.9746,84.3486,84.6169,34540400
2024-04-01,83.7035,83.7124,82.9588,83.0395,48945400
2024-04-02,82.1602,82.7255,81.9539,82.5819,43086300
2024-04-03,81.8821,82.5909,81.6937,82.5640,45494400
2024-04-04,83.1113,83.2279,82.5819,83.1562,47957400
2024-04-05,82.2679,82.7075,81.9897,81.9987,42495900
2024-04-08,81.8552,82.1782,81.7654,81.9897,37879800
2024-04-09,82.4294,82.8690,82.4025,82.7524,32522000
2024-04-10,81.8282,81.9180,80.7964,80.9489,74368900
2024-04-11,81.0925,81.1463,80.3119,80.5811,65751200
2024-04-12,81.3258,81.6039,81.0028,81.0117,47900100
2024-04-15,80.0517,80.0876,79.4236,79.7556,55993100
2024-04-16,79.0019,79.4775,78.7686,79.2262,45103200
2024-04-17,79.7377,80.1952,79.3698,80.1055,57947000
2024-04-18,80.0697,80.0966,79.4865,79.7018,43839500
2024-04-19,80.2043,80.2043,79.7736,79.9889,44826800
2024-04-22,79.5672,79.9620,79.5403,79.8543,24969000
2024-04-23,79.6121,80.3388,79.4506,79.8812,27222700
2024-04-24,79.4595,79.5223,78.5085,79.3160,48986800
2024-04-25,78.4726,78.8673,78.3649,78.7597,49282600
2024-04-26,79.1814,79.5044,79.0020,79.1724,31589800
2024-04-29,79.5493,79.8723,79.3878,79.8364,39228600
2024-04-30,79.3339,79.6121,79.0468,79.1545,41054700
2024-05-01,79.7739,80.3232,79.4498,79.7379,59679500
2024-05-02,79.4228,80.1431,79.2607,80.0801,58925400
2024-05-03,80.9714,81.1425,80.3772,80.8904,50066100
2024-05-06,80.9174,81.2596,80.7373,81.2055,23868200
2024-05-07,81.8448,82.1509,81.5837,81.7007,30525800
2024-05-08,81.3136,81.4486,81.1785,81.2055,31171700
2024-05-09,80.9174,81.7278,80.8724,81.6017,39606700
2024-05-10,81.2866,81.3766,80.9984,81.1425,21913800
2024-05-13,81.5297,81.5837,81.3136,81.3496,23157500
2024-05-14,81.6197,81.8628,81.4126,81.8088,25746400
2024-05-15,82.7182,83.0693,82.5021,82.9253,65142900
2024-05-16,83.1864,83.2134,82.7812,82.8442,37902400
2024-05-17,82.5111,82.6551,82.2410,82.2860,24755000
2024-05-20,82.0069,82.2230,81.9439,82.0429,17922800
2024-05-21,82.5921,82.6281,82.3220,82.4661,15334400
2024-05-22,82.1780,82.6371,82.1690,82.5651,38073700
2024-05-23,82.6551,82.6551,81.7728,82.0339,51294700
2024-05-24,81.9078,82.3580,81.8448,82.2770,19164400
2024-05-28,82.2320,82.2590,81.0615,81.0975,45973700
2024-05-29,80.4402,80.4942,79.8460,80.1161,45508400
2024-05-30,80.6743,81.0074,80.5302,80.8904,29548600
2024-05-31,81.4667,81.6287,81.2596,81.4396,41308800
2024-06-03,81.8896,82.8201,81.8625,82.7569,42272100
2024-06-04,83.2989,83.8410,83.1092,83.7236,42581500
2024-06-05,84.0217,84.3379,83.4706,84.3379,43153900
2024-06-06,83.9494,84.4102,83.8952,84.2114,22891900
2024-06-07,82.9647,82.9647,82.5762,82.6665,35240500
2024-06-10,82.2148,82.2690,81.8986,82.1154,20586500
2024-06-11,82.2419,83.0008,82.1425,82.9647,30329200
2024-06-12,84.0398,84.5367,83.5609,83.5881,42554600
2024-06-13,84.2205,84.9161,83.9765,84.8168,33093800
2024-06-14,85.3046,85.6841,85.1420,85.5305,28776700
2024-06-17,84.4915,84.7535,84.2747,84.6813,31040200
2024-06-18,84.8258,85.4672,84.6812,85.4582,26881000
2024-06-20,84.3921,84.9252,84.3289,84.8890,30246300
2024-06-21,85.1420,85.3588,84.5548,84.8890,22596400
2024-06-24,84.9703,85.2323,84.6903,85.2323,56939100
2024-06-25,84.9884,85.4221,84.9613,85.3769,22890200
2024-06-26,84.2747,84.4463,84.1211,84.1572,38489100
2024-06-27,84.4915,84.6632,84.4012,84.4915,23140800
2024-06-28,84.6812,84.7174,82.9195,82.9195,55119600
2024-07-01,81.9506,82.5488,81.4068,81.4884,49735400
2024-07-02,82.1863,82.3041,81.6425,82.1228,34204700
2024-07-03,82.6304,83.2830,82.5579,83.2014,35563300
2024-07-05,83.6273,84.0443,83.2920,83.8902,34895500
2024-07-08,83.8721,84.1530,83.5820,84.0714,16095700
2024-07-09,83.8086,83.9989,83.2648,83.6999,30289800
2024-07-10,83.7905,83.9990,83.6183,83.9627,23572500
2024-07-11,84.9053,85.3222,84.7150,84.7784,49761800
2024-07-12,84.7693,85.1409,84.5971,85.1409,27796500
2024-07-15,84.2890,84.5609,84.0896,84.1621,37918900
2024-07-16,84.7693,85.3856,84.6424,85.3494,36383700
2024-07-17,85.1228,85.5579,84.9144,85.3675,29036800
2024-07-18,84.9053,85.3222,84.6334,84.7150,34553100
2024-07-19,84.3252,84.4340,84.1258,84.2165,32164700
2024-07-22,84.6515,84.7603,83.6546,83.9718,36160400
2024-07-23,84.1168,84.3162,83.8267,83.8539,23498000
2024-07-24,83.9174,84.1530,82.9023,82.9476,50757100
2024-07-25,83.4098,84.1621,83.3464,83.6274,44999100
2024-07-26,84.2437,84.4249,84.0261,84.2799,34423800
2024-07-29,84.8962,84.9143,84.4884,84.7331,25801300
2024-07-30,84.9687,85.2406,84.5609,85.0593,28169800
2024-07-31,85.6757,85.9566,85.4128,85.9294,47445300
2024-08-01,86.5160,87.2162,86.4978,86.6706,77254200
2024-08-02,88.2074,89.4532,88.1074,89.3714,91912900
2024-08-05,90.6535,90.8809,89.0258,89.8442,90686300
2024-08-06,89.2532,89.4896,87.8346,87.8346,61316900
2024-08-07,87.2526,87.7072,86.8433,87.2162,51337100
2024-08-08,86.4978,86.7524,86.2431,86.6796,37815800
2024-08-09,87.7618,87.7891,87.3799,87.5344,32141800
2024-08-12,87.3253,88.0437,87.1889,87.8527,24261400
2024-08-13,88.4802,88.5347,88.1892,88.4620,30366900
2024-08-14,88.7075,89.2622,88.6712,89.0167,31334100
2024-08-15,87.6709,88.2983,87.4890,88.2983,38723700
2024-08-16,88.6075,88.6984,88.2165,88.6075,28541000
2024-08-19,88.5893,89.2622,88.5802,89.0167,25322100
2024-08-20,89.4077,89.8988,89.2258,89.7260,25239300
2024-08-21,89.7260,90.2080,89.3077,89.7806,29230000
2024-08-22,89.3259,89.3895,88.5984,88.8894,33453800
2024-08-23,89.2895,89.7260,89.0804,89.4714,32005100
2024-08-26,89.7442,89.7533,89.1895,89.2440,23198700
2024-08-27,88.6529,89.1895,88.5802,89.0894,21507700
2024-08-28,89.1258,89.2986,88.8712,88.9803,18501400
2024-08-29,88.5438,88.7894,88.3256,88.6893,24988200
2024-08-30,88.8257,89.1076,87.7254,87.7436,42896200
2024-09-03,89.0053,89.4615,88.8776,89.1787,48947900
2024-09-04,89.2973,90.3464,89.2334,90.3282,40885200
2024-09-05,90.6293,90.9394,90.1184,90.8391,47450900
2024-09-06,90.8208,91.9430,90.4924,90.8300,57406400
2024-09-09,90.6840,91.3226,90.4650,91.2223,26961400
2024-09-10,91.1128,92.0616,91.0671,91.8609,31703400
2024-09-11,91.6784,92.3626,91.5507,91.7879,39497100
2024-09-12,91.5598,91.7331,90.9485,91.3591,41618700
2024-09-13,91.6510,91.7879,91.2496,91.6054,25722100
2024-09-16,91.8061,92.4812,91.6054,92.4448,30866300
2024-09-17,92.5725,92.7276,91.9065,91.9977,31699400
2024-09-18,91.4503,91.8974,90.8117,90.8573,48897000
2024-09-19,90.2461,90.6019,90.1092,90.5563,39979800
2024-09-20,90.3099,90.5471,90.0636,90.2096,37067600
2024-09-23,89.8629,90.4011,89.4250,90.0180,35703900
2024-09-24,89.4067,90.2187,89.2699,89.9997,31005400
2024-09-25,89.6440,89.6987,89.2152,89.2517,36738200
2024-09-26,89.4706,89.6348,88.8776,89.4615,33332300
2024-09-27,89.8994,90.1001,89.5983,89.9268,28317600
2024-09-30,89.9906,90.0545,89.2973,89.4980,34175500
2024-10-01,90.4279,90.9130,90.0526,90.1441,45254200
2024-10-02,89.1099,89.4486,88.8353,89.3845,35810800
2024-10-03,89.0916,89.2472,88.5424,88.5424,39677800
2024-10-04,87.3526,87.8285,87.3160,87.4533,56954100
2024-10-07,86.9316,87.1970,86.7303,86.7943,42606600
2024-10-08,86.3916,86.9773,86.3458,86.9407,33709600
2024-10-09,86.6479,86.8675,86.2451,86.4465,35807700
2024-10-10,85.9248,86.1170,85.4946,86.1079,53667400
2024-10-11,85.5587,86.0987,85.5038,85.7600,27406400
2024-10-14,85.1560,85.8333,85.1011,85.8241,28795300
2024-10-15,86.4557,86.9499,86.3733,86.8675,46429100
2024-10-16,87.3068,87.5174,87.0780,87.2336,32281500
2024-10-17,86.3001,86.4374,85.7326,85.8516,43427200
2024-10-18,86.0804,86.2909,85.9065,85.9157,25258600
2024-10-21,85.1377,85.2017,84.4146,84.4146,49504700
2024-10-22,84.7990,84.8997,84.2865,84.4970,32096900
2024-10-23,84.0577,84.5428,83.8929,84.2682,33354200
2024-10-24,84.4146,85.1194,84.1675,84.8082,32507400
2024-10-25,85.1102,85.1560,84.2224,84.3322,28667100
2024-10-28,84.4512,84.4695,83.6733,84.1034,33156500
2024-10-29,83.4444,84.2590,83.2705,84.2316,46545200
2024-10-30,84.9729,85.3848,84.3506,84.4787,41951100
2024-10-31,84.3872,85.0645,84.0851,84.6160,52173800
2024-11-01,84.7271,84.9659,83.3863,83.4230,80402000
2024-11-04,84.7455,85.0118,84.1485,84.7179,49747600
2024-11-05,84.5159,85.3148,84.1210,85.1679,46986000
2024-11-06,82.3210,83.3128,82.2384,82.8353,98895700
2024-11-07,83.3404,84.1393,83.2485,83.8730,56221400
2024-11-08,84.4883,85.0393,84.3414,84.9383,56756200
2024-11-11,84.7179,84.7638,84.1393,84.5250,22369200
2024-11-12,83.9098,84.3506,83.1200,83.2577,57908400
2024-11-13,84.0475,84.0659,82.3945,82.4680,49009100
2024-11-14,83.1659,83.5975,82.8996,82.9455,53328300
2024-11-15,82.5781,83.2485,82.2016,82.7251,73722400
2024-11-18,82.3394,83.1934,82.1190,82.8720,36010600
2024-11-19,83.4047,83.6343,83.2210,83.2945,29585100
2024-11-20,82.7894,83.4138,82.7526,83.0281,27755400
2024-11-21,83.0649,83.4322,82.6516,82.9638,28365700
2024-11-22,83.1200,83.2944,82.7894,83.0098,21547500
2024-11-25,84.6720,85.2046,84.4791,85.1587,56858000
2024-11-26,84.6353,84.8924,84.3138,84.8281,31122200
2024-11-27,85.4434,85.7556,85.1036,85.4159,39442200
2024-11-29,86.1230,86.3158,85.8108,86.2975,31905700
2024-12-02,85.9519,86.7629,85.7031,86.5048,39406000
2024-12-03,86.5601,86.6523,85.6939,85.7584,32768900
2024-12-04,85.3437,86.7997,85.2792,86.6799,35851100
2024-12-05,86.3666,86.9840,86.3113,86.8550,23695800
2024-12-06,87.2881,87.4079,86.6430,86.9840,31761500
2024-12-09,86.6154,86.6615,86.1362,86.1823,30509600
2024-12-10,85.7215,85.9795,85.6201,85.7768,28706500
2024-12-11,85.7676,85.9703,84.8829,84.9659,38748400
2024-12-12,84.4498,84.5512,83.8600,83.9337,45368400
2024-12-13,83.6757,83.7218,83.0122,83.0767,39486000
2024-12-16,83.4453,83.5098,82.9845,83.3255,23482300
2024-12-17,83.4176,83.8508,83.3624,83.5282,23839900
2024-12-18,83.2331,83.6032,82.4653,82.4838,61328400
2024-12-19,81.4754,81.7714,80.9573,81.2349,99083300
2024-12-20,81.9010,82.2525,81.6789,81.6974,45542400
2024-12-23,81.5587,81.6234,80.8926,80.9481,32764600
2024-12-24,80.5225,81.3089,80.4670,81.2904,22377600
2024-12-26,80.6798,81.3736,80.6705,81.2441,19981800
2024-12-27,80.9296,81.2071,80.5410,80.5780,27262300
2024-12-30,81.2534,81.4476,81.1053,81.2256,48519600
2024-12-31,81.5309,81.6697,80.7261,80.7908,31917300
2025-01-02,81.2256,81.5217,80.6798,81.0129,27841300
2025-01-03,81.1516,81.2996,80.6521,80.7538,21962200
2025-01-06,80.5318,80.6983,80.1802,80.3930,30231500
2025-01-07,80.1155,80.2727,79.3661,79.4864,41757200
2025-01-08,79.0701,79.7454,78.9498,79.5882,44590800
2025-01-10,78.8943,79.4216,78.7833,79.0608,47115800
2025-01-13,79.1256,79.2459,78.6723,79.0331,33258900
2025-01-14,78.8481,78.9683,78.5335,78.9036,33412900
2025-01-15,80.2080,80.4670,79.9304,80.2635,54120700
2025-01-16,80.1525,80.8556,79.8195,80.5226,34651100
2025-01-17,80.8833,80.9296,80.5225,80.6613,29875600
2025-01-21,81.3089,81.5679,81.0684,81.3829,30548600
2025-01-22,81.2904,81.3921,80.7815,80.9573,25278400
2025-01-23,80.1525,80.4763,80.0507,80.3283,31949000
2025-01-24,80.2265,80.7446,80.1155,80.6891,21110400
2025-01-27,81.5587,81.8084,81.2719,81.6419,42864200
2025-01-28,81.2626,81.5957,81.0961,81.5864,25519100
2025-01-29,81.8084,81.9842,81.0683,81.4199,25342800
2025-01-30,81.7900,82.0675,81.5679,81.7252,25094900
2025-01-31,81.7622,82.0212,80.8833,81.1886,48790100
2025-02-03,82.2396,82.7224,81.5154,81.8497,70657200
2025-02-04,81.2833,82.1189,81.2183,82.1003,33414000
2025-02-05,83.0473,83.7251,82.9916,83.4558,48331200
2025-02-06,83.4280,83.6972,83.1402,83.4187,22509900
2025-02-07,82.8523,83.0473,82.5738,82.8802,31171200
2025-02-10,82.8709,83.1216,82.4903,82.6295,22736100
2025-02-11,82.1932,82.3324,82.0539,82.1003,21513000
2025-02-12,81.0419,81.3297,80.6427,80.9862,48536200
2025-02-13,81.7847,82.5274,81.7661,82.3324,42718100
2025-02-14,82.9823,83.2609,82.7410,82.7688,27460700
2025-02-18,82.2025,82.4810,81.7382,81.7939,29429200
2025-02-19,81.6547,82.1189,81.5990,81.8961,20584300
2025-02-20,82.1189,82.4067,82.1189,82.2025,27913400
2025-02-21,82.5088,83.4929,82.4624,83.1959,46912300
2025-02-24,82.9359,83.6137,82.8709,83.4373,26218000
2025-02-25,84.4585,84.9506,84.3007,84.8763,50125100
2025-02-26,84.8763,85.4705,84.6721,85.3777,32220200
2025-02-27,84.7742,85.2198,84.6164,84.7742,53373600
2025-02-28,85.2755,85.8604,84.9227,85.8140,49388600
2025-03-03,85.1342,86.3449,85.0969,86.2145,42904200
2025-03-04,86.0934,86.4194,85.0037,85.1528,56722000
2025-03-05,85.2738,85.4974,84.3891,84.4729,50215900
2025-03-06,84.2680,84.5660,83.5695,84.1935,42827500
2025-03-07,84.8827,84.9013,83.8116,83.9234,36903600
2025-03-10,84.8268,85.3390,84.6685,84.7989,41440800
2025-03-11,84.7244,85.2087,83.9513,84.1935,40555700
2025-03-12,83.8210,84.1749,83.6161,83.6906,32734600
2025-03-13,83.4298,84.4822,83.2435,84.4263,38675400
2025-03-14,83.8302,84.2028,83.6905,83.9793,24658000
2025-03-17,84.5660,84.9199,84.1748,84.3984,26700300
2025-03-18,83.9513,84.7709,83.9327,84.4822,23654700
2025-03-19,84.4543,84.9572,84.1748,84.9199,31378700
2025-03-20,85.8699,85.9072,84.9013,84.9758,35645800
2025-03-21,85.0596,85.1621,84.3984,84.4729,29192100
2025-03-24,84.0072,84.0631,83.5415,83.6067,27985600
2025-03-25,83.4205,83.8954,83.3646,83.5974,22333800
2025-03-26,83.2528,83.4484,82.9734,83.0479,25095600
2025-03-27,82.7499,82.9175,82.5450,82.8058,23674500
2025-03-28,83.7092,84.1376,83.6440,83.9513,39869400
2025-03-31,84.9665,85.0689,84.1562,84.7802,38824300
2025-04-01,85.2906,85.9075,85.2532,85.5149,39800100
2025-04-02,86.3374,86.3374,84.7391,85.4588,43488400
2025-04-03,86.4776,86.6739,85.8420,85.8514,57467400
2025-04-04,87.5338,87.9451,86.7580,86.7861,92794200
2025-04-07,85.8794,86.1692,83.9353,84.1690,124987600
2025-04-08,83.4492,84.3091,82.4584,82.5800,73861900
2025-04-09,81.5705,83.1034,80.2806,83.0660,131353500
2025-04-10,82.0098,82.4211,80.7106,80.7760,78592000
2025-04-11,80.2619,81.5985,79.4487,81.2153,94814100
2025-04-14,81.6920,81.9818,81.1499,81.7948,37596400
2025-04-15,81.4583,82.4304,81.3555,82.0846,22553900
2025-04-16,82.0659,82.7202,81.7574,82.5426,35607300
2025-04-17,82.2902,82.4397,81.5331,81.8135,31758400
2025-04-21,80.9443,81.3836,80.3647,80.3834,39343200
2025-04-22,81.1499,81.3368,80.7573,80.8321,32552100
2025-04-23,83.0753,83.2436,81.4770,81.6172,44082200
2025-04-24,82.2809,82.5800,82.0285,82.4772,24190800
2025-04-25,83.0940,83.2903,82.8136,83.0847,22513900
2025-04-28,82.8697,83.6829,82.8230,83.6081,20130500
2025-04-29,83.4866,84.3185,83.4679,84.3091,22129500
2025-04-30,83.9166,84.1689,83.4960,83.6268,42630600
2025-05-01,83.7375,83.7563,82.8369,83.2028,29932800
2025-05-02,82.2834,82.6212,82.1239,82.3022,32090400
2025-05-05,81.9457,82.0020,81.4579,81.8425,22862800
2025-05-06,81.4297,82.1145,81.2796,82.1145,21095200
2025-05-07,82.4804,82.7525,82.3866,82.4617,23161600
2025-05-08,82.5742,82.6118,81.5142,81.5423,25483700
2025-05-09,81.6173,81.9082,81.5423,81.6642,17007900
2025-05-12,81.0357,81.4110,80.8575,80.9044,32115000
2025-05-13,80.8012,80.9513,80.2101,80.5760,53912200
2025-05-14,80.4447,80.5573,79.9287,80.0413,42119800
2025-05-15,80.3321,80.9794,80.1914,80.7449,59448000
2025-05-16,81.4954,81.5141,80.8668,80.9607,31778200
2025-05-19,79.6566,80.7918,79.5816,80.7261,49361900
2025-05-20,80.1445,80.3039,79.7974,80.1445,35493100
2025-05-21,79.4409,79.7974,78.5778,78.7748,77053100
2025-05-22,78.3527,79.2064,78.1463,79.1876,61747900
2025-05-23,79.5253,79.5722,79.0938,79.3189,47139200
2025-05-27,80.0694,80.7074,79.8818,80.4259,56773400
2025-05-28,80.1257,80.2477,79.7129,80.0788,34806800
2025-05-29,80.4634,80.9231,80.3415,80.8199,38933200
2025-05-30,80.7636,81.1201,80.5666,80.9419,49042100
2025-06-02,80.3110,80.4805,79.8402,80.1886,46213100
2025-06-03,80.4522,80.7347,79.9344,80.0473,33731300
2025-06-04,80.7818,81.5916,80.6500,81.3468,57441500
2025-06-05,81.6199,81.8553,81.1867,81.4033,37664700
2025-06-06,80.7818,80.9136,80.3016,80.3675,38130100
2025-06-09,80.0756,80.6406,80.0756,80.4522,26560800
2025-06-10,81.0737,81.1491,80.5276,80.8666,24857000
2025-06-11,80.8006,81.3562,80.7065,81.1114,36334800
2025-06-12,81.8176,82.1095,81.5445,82.0812,43017800
2025-06-13,81.6669,81.8082,80.7724,81.2903,49374000
2025-06-16,81.0549,81.3845,80.4711,80.4711,36496600
2025-06-17,80.9795,81.6010,80.7441,81.4504,34521600
2025-06-18,81.8082,82.0059,81.3091,81.5916,38589000
2025-06-20,81.1114,81.7234,80.9325,81.4410,26001900
2025-06-23,81.8553,82.3355,81.7046,81.7046,36851800
2025-06-24,81.4221,82.4767,81.3844,82.2978,32959100
2025-06-25,82.0248,82.4014,81.7329,82.4014,26345300
2025-06-26,82.4767,82.8157,82.1095,82.8157,30467500
2025-06-27,82.4579,83.0135,82.1472,82.2884,74993500
2025-06-30,82.7310,83.2771,82.4956,83.0982,53695200
2025-07-01,83.2948,83.4649,82.8506,83.3042,38960600
2025-07-02,82.4064,82.7844,82.3213,82.7750,39382200
2025-07-03,82.3875,82.5009,82.0850,82.1984,26729100
2025-07-07,81.7920,81.8109,81.2060,81.4140,38314700
2025-07-08,80.8753,81.3195,80.7524,81.3100,31407000
2025-07-09,81.4612,82.1606,81.4518,82.1606,29821900
2025-07-10,82.0661,82.2835,81.7448,82.2173,24525500
2025-07-11,81.4990,81.5368,80.9414,81.0832,40764800
2025-07-14,80.8469,81.1682,80.6390,80.9130,24609500
2025-07-15,81.1777,81.1966,80.2420,80.3460,40455000
2025-07-16,80.6012,80.9603,79.5710,80.4594,65987700
2025-07-17,80.5445,80.7996,80.3271,80.4405,31875500
2025-07-18,80.7429,80.7713,80.4310,80.5633,27534900
2025-07-21,81.4896,81.7637,81.2439,81.2817,40019500
2025-07-22,81.4423,82.0094,81.3856,81.7731,35190300
2025-07-23,81.3289,81.4707,81.0832,81.3195,31008500
2025-07-24,80.8564,81.5085,80.8186,81.1777,25164800
2025-07-25,81.0926,81.6975,81.0170,81.6881,27196200
2025-07-28,81.2722,81.4707,81.1210,81.1588,26812500
2025-07-29,81.4990,82.5481,81.4707,82.5292,47828300
2025-07-30,82.0094,82.1890,81.8109,82.1039,40670900
2025-07-31,82.3497,82.6143,82.0756,82.1512,49814100
2025-08-01,83.0724,83.4234,83.0345,83.3191,63434500
2025-08-04,83.4519,83.6322,83.1578,83.5468,36425200
2025-08-05,83.3476,83.9168,83.2811,83.8030,28586100
2025-08-06,83.3381,83.5373,82.4652,83.3191,42589300
2025-08-07,83.4140,83.7270,83.1009,83.1768,29213100
2025-08-08,82.8827,82.9111,82.6834,82.8163,21596300
2025-08-11,83.0534,83.1768,82.8068,82.9111,20100900
2025-08-12,82.4462,82.5126,82.1142,82.4937,41052300
2025-08-13,82.9586,83.3096,82.9491,83.1768,30817500
2025-08-14,83.0250,83.0250,82.4368,82.5601,33397400
2025-08-15,82.2185,82.3324,81.8295,81.9719,36343600
2025-08-18,82.0667,82.1047,81.5829,81.7347,26777500
2025-08-19,82.0193,82.3039,82.0193,82.2090,28780600
2025-08-20,82.1521,82.5126,82.1236,82.3893,25912500
2025-08-21,82.1237,82.2375,81.6967,81.9814,28643900
2025-08-22,82.3798,82.8257,82.2755,82.5885,49871900
2025-08-25,82.2850,82.5886,82.2091,82.3514,27011900
2025-08-26,82.0762,82.3419,81.8011,82.3039,30259300
2025-08-27,81.6967,82.2185,81.5924,82.2090,38142800
2025-08-28,82.3324,82.7878,82.2185,82.7498,32205900
2025-08-29,82.3134,82.4083,82.0098,82.1616,41686400
2025-09-02,81.5502,81.7502,81.4073,81.5502,48760600
2025-09-03,81.8359,82.6740,81.7978,82.4454,52499500
2025-09-04,82.8740,83.0835,82.4549,83.0740,40501600
2025-09-05,84.0168,84.3882,83.9406,84.3406,69668000
2025-09-08,84.9215,85.4834,84.8739,85.4644,54538700
2025-09-09,85.1406,85.2834,84.7501,84.9787,37126400
2025-09-10,85.1406,85.7787,84.9406,85.4644,40713600
2025-09-11,85.6263,86.1691,85.6168,86.0358,46694400
2025-09-12,85.5501,85.6929,85.2263,85.6644,32968600
2025-09-15,85.8548,86.1501,85.7787,85.8644,24820100
2025-09-16,85.7977,86.1882,85.7501,86.0453,26794200
2025-09-17,86.3882,86.7024,85.5882,85.8263,49121800
2025-09-18,85.0072,85.2072,84.6644,84.9406,55717900
2025-09-19,84.8263,84.9787,84.5596,84.7787,32509200
2025-09-22,84.5882,84.6739,84.3216,84.4739,24758200
2025-09-23,84.7311,85.1025,84.5216,85.0644,26689000
2025-09-24,84.8358,84.9120,84.4739,84.7406,28098000
2025-09-25,84.6168,84.7882,84.2454,84.7406,29882500
2025-09-26,84.7501,85.2072,84.4644,84.6644,30955100
2025-09-29,85.0358,85.4644,85.0073,85.3596,32286200
2025-09-30,85.3882,85.7501,84.9596,85.1120,38584000
2025-10-01,85.4847,85.6663,85.1407,85.3318,39408900
2025-10-02,85.3509,85.7141,85.2363,85.5803,23208300
2025-10-03,85.6567,85.7428,85.3127,85.4178,25884500
2025-10-06,84.7775,85.2076,84.7202,84.7393,28371000
2025-10-07,85.0260,85.4178,84.8731,85.2267,29103300
2025-10-08,85.6281,85.6472,85.1789,85.2936,22506200
2025-10-09,85.2171,85.3318,85.0642,85.2267,21578700
2025-10-10,85.9912,86.6984,85.9148,86.6029,59389400
2025-10-13,86.2779,86.5646,85.8766,86.5551,28035500
2025-10-14,86.6315,86.8896,86.4213,86.8322,29800000
2025-10-15,86.9278,87.2527,86.4595,86.6411,31333900
2025-10-16,86.5073,87.4438,86.4404,87.2909,39631200
2025-10-17,87.2049,87.2432,86.8704,87.1571,40240400
2025-10-20,87.4056,87.5012,87.2336,87.4916,28429300
2025-10-21,87.9121,88.1033,87.8357,87.9217,24514300
2025-10-22,87.9121,88.0937,87.7497,87.9790,30496200
2025-10-23,87.5490,87.7210,87.2432,87.3769,28275100
2025-10-24,87.5299,87.5394,87.1189,87.4152,28266000
2025-10-27,87.2718,87.7210,87.0520,87.7114,30033600
2025-10-28,87.7783,88.0937,87.7401,87.9408,23564500
2025-10-29,87.8070,87.8166,86.9851,87.0520,39551600
2025-10-30,86.3831,86.9373,86.3448,86.5455,42649200
2025-10-31,86.5455,86.6411,86.2015,86.2875,38247300
2025-11-03,85.9566,86.1484,85.7648,86.0717,40752300
2025-11-04,86.1100,86.3786,86.0717,86.2635,26383800
2025-11-05,85.8511,85.8894,85.2468,85.3236,44643400
2025-11-06,85.8990,86.1772,85.8703,86.0909,33027400
2025-11-07,85.7072,86.1964,85.7072,85.9086,28530100
2025-11-10,85.8319,86.0045,85.7360,85.8895,24093500
2025-11-11,86.2731,86.3882,86.1100,86.2827,18942300
2025-11-12,86.2731,86.6280,86.2060,86.4361,23594900
2025-11-13,86.1292,86.2635,85.7264,85.7264,33825900
2025-11-14,86.1196,86.1676,85.2373,85.2373,38550500
2025-11-17,85.4387,85.6497,85.3428,85.4483,25605800
2025-11-18,85.6976,85.7935,85.1701,85.4195,31967400
2025-11-19,85.5825,85.6593,85.2181,85.2468,25782400
2025-11-20,85.3523,85.7648,85.3523,85.5825,32945000
2025-11-21,85.9854,86.0045,85.5538,85.8415,41938600
2025-11-24,86.2731,86.3882,86.1100,86.3307,30865700
2025-11-25,86.6184,86.8869,86.4457,86.5512,36503300
2025-11-26,86.4649,86.9349,86.1580,86.9349,34099000
2025-11-28,86.7622,86.8294,86.2731,86.5225,40704300
2025-12-01,85.5224,85.6571,85.3876,85.4454,47086600
2025-12-02,85.2625,85.6283,85.1470,85.4839,27605700
2025-12-03,85.5898,85.8208,85.4165,85.7245,23278600
2025-12-04,85.5801,85.5994,85.1662,85.2625,25541500
2025-12-05,85.2336,85.2336,84.7524,84.8679,32808100
2025-12-08,84.8871,84.8967,84.2807,84.5887,32255200
2025-12-09,85.0315,85.0411,84.5502,84.6753,25771800
2025-12-10,84.7042,85.2048,84.5695,85.0026,46833500
2025-12-11,85.3684,85.5031,84.8582,84.8871,26778700
2025-12-12,84.1074,84.2229,83.9246,84.0689,47030100
2025-12-15,84.4347,84.5887,84.1171,84.1267,28611800
2025-12-16,83.9245,84.6272,83.9053,84.5887,41018700
2025-12-17,84.3481,84.6946,84.2999,84.5117,24668300
2025-12-18,84.8294,85.0700,84.7716,84.9160,39048900
2025-12-19,84.6570,84.8020,84.4638,84.5990,37858100
2025-12-22,84.4734,84.5121,84.3092,84.4154,25547100
2025-12-23,84.1352,84.6280,84.0966,84.5507,33624100
2025-12-24,84.8020,85.1112,84.6957,85.0629,25942000
2025-12-26,85.1305,85.1981,84.6473,84.7826,26522700
2025-12-29,84.9855,85.1015,84.8309,85.1015,29399800
2025-12-30,84.7826,85.0725,84.7150,84.8986,25106800
2025-12-31,84.7247,84.9469,84.1932,84.2222,36500000
2026-01-02,84.4541,84.4638,84.0869,84.0966,40731300
2026-01-05,84.2415,84.5700,84.1739,84.5121,30178000
2026-01-06,84.2125,84.3961,83.9709,84.3381,39015200
2026-01-07,84.8793,85.0435,84.5314,84.8309,39930900
2026-01-08,84.3865,84.5990,84.3092,84.4058,28204900
2026-01-09,84.3575,85.0339,84.1835,84.9662,57348800
2026-01-12,84.5507,84.9469,84.4638,84.7150,36103100
2026-01-13,84.9179,84.9469,84.5894,84.8599,30451400
2026-01-14,84.9469,85.4494,84.9276,85.3527,39233500
2026-01-15,85.6523,85.6716,85.3334,85.3334,37988900
2026-01-16,85.1595,85.3431,84.7536,84.8406,46382400
2026-01-20,83.7100,84.0966,83.6231,83.7294,66009500
2026-01-21,83.8743,84.5314,83.7004,84.3671,51220100
2026-01-22,84.3285,84.8020,84.2028,84.7343,42419300
2026-01-23,84.8696,85.0629,84.5507,84.9662,35968800
2026-01-26,85.4204,85.5073,85.2271,85.3721,38882400
2026-01-27,85.1402,85.2754,84.7246,84.8406,35180100
2026-01-28,84.5604,84.7440,84.3478,84.6473,38750300
2026-01-29,84.2125,84.7826,84.1449,84.6667,43855000
2026-01-30,84.4348,84.6087,84.1932,84.1932,45832200
2026-02-02,84.4085,84.4473,83.9526,83.9526,38171400
2026-02-03,83.8944,84.1757,83.8362,84.1563,27438200
2026-02-04,84.0302,84.1757,83.8653,83.9429,37872900
2026-02-05,84.3212,84.8547,84.1466,84.8547,50268900
2026-02-06,84.8256,84.9129,84.5831,84.9129,33461800
2026-02-09,84.5831,84.9517,84.4182,84.8935,24708900
2026-02-10,85.5919,85.8732,85.5725,85.8732,37253700
2026-02-11,85.3979,85.8247,85.3009,85.4173,37014000
2026-02-12,85.7083,86.6007,85.6986,86.5522,48454900
2026-02-13,86.9402,87.1148,86.8335,87.0275,56785200
2026-02-17,87.2312,87.4155,87.0663,87.1730,32356700
2026-02-18,86.9984,87.1633,86.7850,86.8432,35415400
2026-02-19,86.7171,87.0275,86.6880,86.9305,28658600
2026-02-20,87.0081,87.0469,86.2612,86.7268,49610800
2026-02-23,86.8626,87.2991,86.8432,87.0469,33614600
2026-02-24,87.2506,87.3476,87.0663,87.2021,24933900
2026-02-25,87.0178,87.3767,87.0178,87.2118,23625800
2026-02-26,87.3573,87.6095,87.3476,87.5610,29447100
2026-02-27,87.9684,88.1333,87.8326,88.0945,51272000
2026-03-02,87.5699,87.5797,86.9665,87.2098,55465500
2026-03-03,86.5967,87.2682,86.5578,87.0347,51850400
2026-03-04,86.8789,87.0444,86.7135,86.7622,47069500
2026-03-05,86.2561,86.5578,86.1393,86.4118,45768900
2026-03-06,85.9544,86.5578,85.6624,86.0906,58136900
2026-03-09,85.9349,86.9276,85.8473,86.8400,52478700
2026-03-10,86.4215,86.5675,85.9057,85.9155,48651500
2026-03-11,85.3997,85.4581,84.7476,84.8060,54679900
2026-03-12,84.5822,84.9131,84.4556,84.6406,48977000
2026-03-13,84.6016,84.8157,84.1539,84.2221,43460000
2026-03-16,84.8449,85.0006,84.6308,84.8741,37341500
2026-03-17,85.0201,85.2245,84.9812,85.1077,19578100
2026-03-18,85.0201,85.1369,84.6016,84.6308,37596600
2026-03-19,84.7281,85.3802,84.6406,85.1466,60307400
2026-03-20,84.4848,84.5335,83.4630,83.5311,78948500
2026-03-23,83.8717,84.3972,83.6381,84.0761,69686700
2026-03-24,83.4240,83.9788,83.2683,83.7063,51799400
2026-03-25,84.4264,84.5530,84.1637,84.5140,37861000
2026-03-26,84.0274,84.2902,83.6284,83.8036,39537000
2026-03-27,83.2099,83.7938,83.1613,83.3462,39928900
2026-03-30,84.3097,84.6211,84.1734,84.4556,36473200
2026-03-31,84.6016,84.8255,84.2513,84.3681,47112200
2026-04-01,84.3045,84.7247,84.2557,84.2850,31157600
2026-04-02,84.2361,84.8615,84.1775,84.8029,33310600
2026-04-06,84.5195,84.8615,84.4120,84.6661,14660300
2026-04-07,84.5390,84.6954,83.9430,84.6563,22747200
2026-04-08,85.3598,85.3696,84.7442,84.9299,22244900
2026-04-09,84.7051,85.1351,84.4120,84.7149,18909100
2026-04-10,84.6172,84.6954,84.3534,84.5097,13247700
2026-04-13,84.4609,84.8126,84.2752,84.7638,12719700
2026-04-14,84.7149,85.2426,84.6465,85.2132,16606900
2026-04-15,85.0276,85.0765,84.7442,84.8419,15119600
2026-04-16,84.9299,84.9787,84.2264,84.3045,20001000
2026-04-17,85.0569,85.2132,84.9006,85.0765,29604100
2026-04-20,85.1155,85.1351,84.7247,85.0569,14623500
2026-04-21,84.9787,85.0960,84.5488,84.5879,19798700
2026-04-22,85.0569,85.1644,84.7247,84.7540,13676800
2026-04-23,84.8419,85.0471,84.2655,84.5684,21106700
2026-04-24,84.4804,84.8322,84.2752,84.7247,22285700
2026-04-27,84.5097,84.6368,84.2166,84.3045,19250100
2026-04-28,84.1482,84.3925,83.9723,84.3925,14553600
2026-04-29,84.0212,84.0212,83.5913,83.7378,29020800
2026-04-30,83.9235,83.9332,83.4349,83.6596,28516200
2026-05-01,83.8509,84.3412,83.6940,83.9588,21281000
2026-05-04,83.7038,83.7136,83.1252,83.3213,27226000
2026-05-05,83.5076,83.8411,83.4488,83.7822,18226500
2026-05-06,84.3903,84.5080,84.2628,84.4197,22530700
2026-05-07,84.6158,84.6256,83.9490,83.9980,21178300
2026-05-08,84.4001,84.6158,84.3314,84.4197,30797600
2026-05-11,84.2235,84.2628,83.8411,83.9097,17713700
2026-05-12,83.5469,83.5567,83.2821,83.3507,27680600
2026-05-13,83.3017,83.4096,82.9584,83.1644,26295100
2026-05-14,83.6155,83.7332,83.2723,83.2821,25247200
2026-05-15,82.2523,82.3504,81.9777,82.0464,50796000
2026-05-18,82.0856,82.3014,81.7129,81.9483,26166200
2026-05-19,81.3599,81.6247,81.1735,81.4187,35346600
2026-05-20,81.4579,82.3798,81.4383,82.2915,44498000
2026-05-21,82.0071,82.6348,81.7227,82.5956,24887000
2026-05-22,82.9780,83.0467,82.5171,83.0467,27987700
2026-05-26,83.6940,83.7332,83.2625,83.4586,22531200
2026-05-27,83.6057,83.8313,83.5076,83.6548,23589600
2026-05-28,83.7136,84.1941,83.6253,84.0863,25417300
2026-05-29,84.1549,84.3020,83.8999,84.1059,33118600
2026-06-01,83.6195,84.2201,83.4915,84.1512,26322400
2026-06-02,84.4761,84.4958,84.1807,84.3284,20319000
2026-06-03,83.9739,84.1118,83.7869,83.9936,15372000
2026-06-04,84.2890,84.3875,84.1019,84.1807,15866500
2026-06-05,83.6786,84.0330,83.6096,83.7475,26461200
2026-06-08,83.9149,84.0133,83.3143,83.3143,22922700
2026-06-09,83.6589,83.8656,83.4718,83.8066,22617700
2026-06-10,83.8066,83.9838,83.3930,83.5703,21258300
2026-06-11,83.8558,84.7124,83.7278,84.6533,35190500
2026-06-12,84.3185,84.5056,84.0921,84.4465,23092600
2026-06-15,84.6336,84.7813,84.3481,84.3973,17632700
2026-06-16,84.6336,85.0471,84.6041,84.8601,26472500
2026-06-17,84.9979,85.2539,84.6041,84.9979,34507500
2026-06-18,85.7265,85.8348,85.3130,85.4114,32350900
2026-06-22,84.9684,84.9979,84.6435,84.7616,28595100
2026-06-23,84.7911,85.0964,84.7714,84.8699,19145500
2026-06-24,85.8052,86.1203,85.7757,86.0317,41837000
2026-06-25,86.2286,86.4354,85.9431,86.0022,28380000
2026-06-26,85.6674,86.0218,85.6576,86.0120,21650800
2026-06-29,86.0120,86.1892,85.9529,86.1006,19457200
2026-06-30,85.8052,85.8348,85.0471,85.0865,31079500
2026-07-01,84.4718,84.7782,84.4224,84.5114,28109800
2026-07-02,84.3730,84.7683,84.3631,84.5015,20816300
2026-07-06,84.4224,84.4718,84.1754,84.4422,17940900
2026-07-07,84.1161,84.1655,83.5429,83.5528,24816400
2026-07-08,83.3156,83.4540,83.0686,83.3651,25806600
2026-07-09,83.2860,83.6813,83.2662,83.4935,18625300
2026-07-10,83.5133,83.6319,83.2860,83.4738,14454100
2026-07-13,83.1971,83.2860,82.9401,82.9797,18742500
2026-07-14,83.1872,83.5034,83.0488,83.0884,23793500
2026-07-15,83.0884,83.4145,83.0884,83.2465,17837800
2026-07-16,82.8512,83.2267,82.8018,83.2168,20817800
2026-07-17,83.6220,83.8196,83.4935,83.5232,22065600
2026-07-20,83.3156,83.3453,82.8314,82.9006,24289000
2026-07-21,82.7524,82.7820,82.4460,82.6733,14287500
2026-07-22,82.6239,82.7128,82.3966,82.4559,15988400
2026-07-23,82.0112,82.2681,81.9816,82.1891,29152800
2026-07-24,82.3274,82.6733,82.2484,82.2681,15106000
2026-07-27,82.7425,82.8808,82.5350,82.7622,23816200
2026-07-28,82.8710,83.3453,82.8611,83.2465,25366900
2026-07-29,83.1081,83.1575,81.7246,81.8729,41445200
2026-07-30,81.8333,81.9223,81.5467,81.8234,40407300
2026-07-31,81.4776,81.4776,80.9242,81.2799,50359800
2026-08-03,81.5974,81.7066,81.3692,81.5478,32050800
2026-08-04,82.0042,82.1927,81.9249,82.1729,38408600
2026-08-05,82.3019,82.5003,82.1531,82.3515,29465800
2026-08-06,82.1233,82.2721,81.7562,81.8752,27566600
2026-08-07,82.1531,82.2027,81.8356,82.1134,96130000
2026-08-10,81.7562,81.8058,81.3891,81.4188,36743600
2026-08-11,81.6272,81.8157,81.4784,81.5478,23268500
2026-08-12,81.8058,81.8356,81.4089,81.4685,21444600
2026-08-13,81.9447,82.3515,81.8455,81.9447,26921500
2026-08-14,81.5875,81.7165,81.1807,81.3990,31374800
2026-08-17,81.1311,81.2204,80.6747,80.7144,31557700
2026-08-18,80.6251,81.1113,80.5358,81.0220,25037100
2026-08-19,82.1630,82.4110,81.9645,82.3713,51309500
2026-08-20,81.7165,82.1233,81.5081,81.6966,39569900
2026-08-21,81.5280,81.6272,81.2601,81.4089,24269100
2026-08-24,81.8455,82.2324,81.8058,81.9149,29038500
2026-08-25,82.4606,82.8277,82.3217,82.8178,35015100
2026-08-26,82.6194,82.6492,82.4209,82.6492,20658800
2026-08-27,82.5499,82.6988,82.3515,82.4805,17361900
2026-08-28,82.3912,82.9468,82.1332,82.2324,35804300
2026-08-31,81.8256,81.8852,81.5081,81.8752,37317400
2026-09-01,81.5615,82.0197,81.4520,81.5416,25623900
2026-09-02,81.6512,81.7209,81.4221,81.6213,21454300
2026-09-03,82.0296,82.0993,81.7308,81.7408,18033000
2026-09-04,81.9599,82.1691,81.8503,81.8802,16591900
2026-09-08,82.1093,82.1292,81.6013,81.8703,16094300
2026-09-09,81.8603,81.9798,81.0336,81.4022,40675400
2026-09-10,80.6751,81.0336,80.3464,80.4560,60481500
2026-09-11,80.9739,81.1532,80.4858,80.5456,32431000
2026-09-14,80.4958,81.0336,80.1372,80.6054,33740100
2026-09-15,80.3066,80.5257,80.1871,80.3862,35033000
2026-09-16,80.6153,81.2328,80.5356,80.5556,56481700
2026-09-17,81.2129,81.4619,81.0934,81.4520,41622600
2026-09-18,81.1432,81.1432,80.7647,80.9241,41105000
2026-09-21,81.3922,81.4918,81.2129,81.4719,26972500
2026-09-22,81.5615,81.6113,81.2129,81.4221,22769300
2026-09-23,81.1532,81.1830,79.9082,80.1372,53502400
2026-09-24,80.0277,80.2269,79.1014,79.1014,59160600
2026-09-25,79.0516,79.1413,78.5138,79.0018,62576700
2026-09-28,78.3345,78.5536,77.9560,78.3046,63463400
2026-09-29,78.2050,78.2050,77.5278,77.9162,76018400
2026-09-30,77.8465,77.8963,77.2389,77.4680,73132600
2026-10-01,76.9400,78.0500,76.7600,77.7100,83642600
2026-10-02,77.9400,78.3200,77.2800,77.4800,61365400
