date,o,h,l,c,v
2004-09-29,19.3283,19.3825,19.3244,19.3283,205800
2004-09-30,19.3864,19.5144,19.3825,19.4833,27900
2004-10-01,19.5221,19.8711,19.4833,19.8439,129800
2004-10-04,19.9253,19.9874,19.9253,19.9292,8100
2004-10-05,19.9292,19.9680,19.9099,19.9254,11900
2004-10-06,19.9680,20.0184,19.9641,20.0184,9300
2004-10-07,20.0262,20.0262,19.8129,19.8129,7900
2004-10-08,19.9951,19.9951,19.8711,19.9098,16400
2004-10-11,19.9680,19.9680,19.8129,19.8323,4500
2004-10-12,19.8517,19.8982,19.7741,19.8982,3600
2004-10-13,19.9874,19.9990,19.9486,19.9486,2500
2004-10-14,19.9486,20.1076,19.9486,20.1037,19200
2004-10-15,20.2006,20.3092,20.1929,20.3092,9800
2004-10-18,20.2976,20.4721,20.2743,20.4178,4000
2004-10-19,20.4720,20.5496,20.3092,20.3092,6200
2004-10-20,20.2782,20.2782,20.0223,20.2123,5500
2004-10-21,20.1735,20.4178,20.1735,20.4178,7400
2004-10-22,20.4139,20.5108,20.2549,20.2549,69900
2004-10-25,20.2394,20.2394,20.0882,20.1580,14000
2004-10-26,20.2123,20.3480,20.1696,20.3480,9000
2004-10-27,20.4953,20.5884,20.4488,20.5884,9100
2004-10-28,20.5535,20.6465,20.5380,20.6000,12800
2004-10-29,20.7163,20.7163,20.5418,20.5884,50200
2004-11-01,20.6271,20.7900,20.6194,20.7900,5400
2004-11-02,20.8288,20.8288,20.5884,20.5884,14100
2004-11-03,20.8947,20.8947,20.7667,20.7977,12800
2004-11-04,20.7822,21.1118,20.7822,21.1118,5200
2004-11-05,21.0498,21.0498,20.5108,20.5418,51900
2004-11-08,20.6078,20.6310,20.5069,20.5961,31600
2004-11-09,20.6000,20.6737,20.5651,20.6737,22300
2004-11-10,20.7047,20.8753,20.6504,20.8210,13600
2004-11-11,20.8326,20.9916,20.8210,20.9916,13600
2004-11-12,21.0420,21.4026,21.0110,21.4026,14900
2004-11-15,21.5305,21.6973,21.4995,21.6740,39900
2004-11-16,21.7981,21.7981,21.5422,21.5422,26000
2004-11-17,21.6158,21.6352,20.9683,21.0420,21500
2004-11-18,21.2436,21.2436,20.8326,21.0071,80200
2004-11-19,21.0420,21.1079,20.7900,20.7900,74800
2004-11-22,20.8753,20.9451,20.7435,20.9334,84200
2004-11-23,20.9179,21.0963,20.8481,21.0226,9100
2004-11-24,21.2281,21.4414,21.2281,21.3871,10600
2004-11-26,21.4801,21.5150,21.3444,21.3638,11800
2004-11-29,21.4220,21.4220,21.1855,21.2863,86900
2004-11-30,21.3638,21.4026,21.2165,21.4026,32800
2004-12-01,21.4608,21.8562,21.4530,21.8175,23600
2004-12-02,21.8175,21.8175,21.5344,21.6314,36900
2004-12-03,21.7128,21.9299,21.7128,21.9222,35800
2004-12-06,21.9648,22.1238,21.8911,22.0268,53800
2004-12-07,22.0734,22.0734,21.7167,21.7477,47900
2004-12-08,21.7942,21.9066,21.7128,21.8058,76000
2004-12-09,21.8252,21.9648,21.6895,21.9648,24900
2004-12-10,21.9454,22.1509,21.9377,22.1509,13700
2004-12-13,22.2168,22.2168,22.0656,22.0889,14900
2004-12-14,22.0617,22.0966,21.9532,22.0695,12800
2004-12-15,22.1625,22.1703,21.9803,22.1121,21700
2004-12-16,22.1470,22.1470,21.9105,21.9105,11000
2004-12-17,21.9648,22.1587,21.7322,22.1587,28300
2004-12-20,22.1393,22.1393,21.9881,22.0811,10500
2004-12-21,22.1587,22.3331,22.1587,22.3331,12500
2004-12-22,22.3609,22.4996,22.3212,22.4996,21200
2004-12-23,22.4204,22.4798,22.2419,22.3292,27100
2004-12-27,22.3292,22.3411,22.1032,22.1627,24900
2004-12-28,22.2023,22.2856,22.1984,22.2459,14800
2004-12-29,22.3014,22.3807,22.2816,22.3728,29400
2004-12-30,22.4362,22.4957,22.3411,22.4798,33700
2004-12-31,22.5472,22.5671,22.4204,22.4204,36500
2005-01-03,22.4997,22.4997,22.0041,22.1587,31900
2005-01-04,22.1587,22.3133,21.8257,21.8257,52500
2005-01-05,21.8732,21.8732,20.9455,21.1001,77300
2005-01-06,21.0724,21.3380,21.0724,21.2627,42200
2005-01-07,21.3578,21.3618,21.1199,21.2151,24200
2005-01-10,21.1913,21.2706,21.0922,21.1477,12500
2005-01-11,21.1596,21.1715,20.8741,20.9336,25300
2005-01-12,20.9732,20.9732,20.5133,20.8345,82800
2005-01-13,20.8305,21.1715,20.8028,20.8345,34200
2005-01-14,21.0287,21.1120,20.9336,21.0922,219900
2005-01-18,21.0724,21.3221,21.0089,21.2984,26000
2005-01-19,21.3697,21.6036,21.2627,21.3182,29600
2005-01-20,21.3499,21.4133,21.1675,21.2508,32500
2005-01-21,21.2310,21.4173,21.1556,21.2706,61200
2005-01-24,21.3102,21.3301,21.0922,21.1001,18100
2005-01-25,21.2111,21.2111,20.6997,20.7037,31000
2005-01-26,20.7869,20.7869,20.5807,20.6402,26400
2005-01-27,20.7116,20.7116,20.3746,20.4935,17200
2005-01-28,20.5570,20.6204,20.4380,20.5252,65900
2005-01-31,20.6799,20.7155,20.3270,20.5015,40500
2005-02-01,20.5768,20.6838,20.4975,20.6521,25600
2005-02-02,20.7354,20.8821,20.6481,20.8821,24500
2005-02-03,20.9138,21.0129,20.8860,20.9455,13900
2005-02-04,21.0050,21.2310,21.0050,21.2310,20000
2005-02-07,21.2508,21.3221,21.1239,21.1596,40900
2005-02-08,21.2111,21.2111,21.1318,21.2111,11500
2005-02-09,21.2508,21.3816,21.2468,21.3459,19900
2005-02-10,21.3895,21.5085,21.2587,21.5085,24100
2005-02-11,21.4450,21.5838,21.3261,21.5719,27100
2005-02-14,21.6076,21.6472,21.5085,21.5759,40600
2005-02-15,21.6076,21.6869,21.5759,21.6710,38200
2005-02-16,21.6869,21.8177,21.5640,21.7979,19400
2005-02-17,21.8138,21.8495,21.7543,21.7821,23600
2005-02-18,21.6829,21.6829,21.4768,21.5917,22900
2005-02-22,21.4450,21.4450,20.9732,20.9732,100300
2005-02-23,21.0922,21.2111,20.8940,20.8940,24000
2005-02-24,20.9931,20.9931,20.8226,20.9098,15800
2005-02-25,20.9217,21.2310,20.9217,21.2111,30500
2005-02-28,21.2270,21.2785,20.9376,21.1517,55100
2005-03-01,21.1120,21.3737,21.1120,21.3737,34900
2005-03-02,21.2310,21.3340,21.1794,21.2310,15700
2005-03-03,21.2310,21.3697,21.1873,21.3459,9900
2005-03-04,21.4609,21.7464,21.4054,21.7464,24200
2005-03-07,21.8058,22.0160,21.6790,21.8494,42800
2005-03-08,21.8851,21.8851,21.6433,21.7266,16200
2005-03-09,21.7265,21.7265,21.0962,21.1120,60700
2005-03-10,21.0525,21.3301,21.0525,21.2547,58500
2005-03-11,21.2111,21.2191,21.0129,21.0169,21200
2005-03-14,21.1080,21.3102,21.0724,21.3102,40200
2005-03-15,21.5164,21.6235,21.2508,21.2825,51500
2005-03-16,21.2746,21.2904,21.0208,21.0288,40800
2005-03-17,21.1873,21.3182,21.1794,21.2508,21100
2005-03-18,21.2508,21.2706,21.0525,21.1755,22700
2005-03-21,21.1318,21.1318,20.9217,21.0327,27100
2005-03-22,21.1953,21.1953,20.6561,20.6561,18100
2005-03-23,20.4777,20.7473,20.4182,20.6204,25000
2005-03-24,20.7183,20.9028,20.6380,20.6621,22600
2005-03-28,20.6742,20.6742,20.5217,20.5578,27700
2005-03-29,20.5819,20.7424,20.5137,20.5658,23500
2005-03-30,20.5779,20.8386,20.5779,20.8386,24100
2005-03-31,20.8627,21.0072,20.7424,20.7905,66500
2005-04-01,21.0994,21.0994,20.6421,20.8025,24800
2005-04-04,20.7544,20.7544,20.5097,20.7103,27300
2005-04-05,20.7424,20.7825,20.6180,20.6621,22400
2005-04-06,20.7464,20.8748,20.7303,20.7704,20300
2005-04-07,20.8627,21.0152,20.8226,20.9590,28500
2005-04-08,20.9911,21.0031,20.8627,20.8627,40300
2005-04-11,20.8828,20.8908,20.8025,20.8828,21800
2005-04-12,20.8627,21.1717,20.7905,21.1636,44300
2005-04-13,21.2118,21.2840,21.1436,21.1877,32000
2005-04-14,21.1877,21.2358,20.9871,20.9871,24600
2005-04-15,21.0433,21.1676,20.9550,21.1436,27800
2005-04-18,21.1436,21.1516,20.9068,21.1115,31900
2005-04-19,21.1315,21.2198,21.1315,21.2158,24100
2005-04-20,21.1997,21.2358,21.0914,21.1636,40000
2005-04-21,21.2078,21.2439,21.1155,21.1596,10900
2005-04-22,21.1797,21.3241,21.1797,21.3241,124700
2005-04-25,21.4244,21.5568,21.3361,21.5568,19800
2005-04-26,21.6250,21.6651,21.5448,21.5849,45100
2005-04-27,21.6130,21.7935,21.5207,21.7534,45700
2005-04-28,21.7494,21.7494,21.6491,21.7013,19600
2005-04-29,21.7494,21.9901,21.6451,21.9901,13800
2005-05-02,22.0663,22.0663,21.7333,21.9741,27600
2005-05-03,21.9059,22.0062,21.8497,22.0062,89000
2005-05-04,22.0262,22.1065,21.8497,22.0262,27600
2005-05-05,22.1065,22.3071,22.1065,22.3071,21900
2005-05-06,22.2148,22.2308,21.9339,22.0262,125700
2005-05-09,22.0864,22.4074,22.0583,22.4074,67900
2005-05-10,22.3713,22.4074,22.2629,22.4074,30400
2005-05-11,22.3873,22.4675,22.1947,22.4194,61000
2005-05-12,22.5077,22.5077,22.1787,22.1947,33400
2005-05-13,22.3472,22.3472,21.9981,22.1867,31200
2005-05-16,22.1867,22.2990,22.1426,22.2910,21600
2005-05-17,22.3271,22.5037,22.2349,22.4876,19400
2005-05-18,22.5678,22.7083,22.5678,22.7083,41200
2005-05-19,22.7885,23.0132,22.7885,23.0092,27100
2005-05-20,22.9209,23.0975,22.8688,23.0573,81400
2005-05-23,23.0092,23.1737,23.0092,23.1095,56900
2005-05-24,22.9691,22.9771,22.7163,22.7885,47900
2005-05-25,22.7283,22.7283,22.5077,22.5077,52200
2005-05-26,22.5077,22.7283,22.4074,22.4114,48000
2005-05-27,22.5558,22.5679,22.4355,22.5277,28000
2005-05-31,22.6280,22.8407,22.6280,22.7644,46300
2005-06-01,22.7885,23.0252,22.7163,23.0252,32500
2005-06-02,22.9891,23.0132,22.8888,22.9450,31500
2005-06-03,22.9089,23.1456,22.8888,22.9490,23900
2005-06-06,22.9691,23.1255,22.9691,23.1215,40800
2005-06-07,23.1897,23.4625,23.1616,23.3181,58700
2005-06-08,23.3101,23.5709,23.3101,23.4144,28800
2005-06-09,23.3903,23.4465,23.2700,23.4385,28000
2005-06-10,23.4385,23.4705,23.3341,23.3903,24000
2005-06-13,23.4224,23.5107,23.3462,23.4986,25800
2005-06-14,23.5508,23.6912,23.5428,23.6912,23900
2005-06-15,23.7915,23.7915,23.6230,23.7434,16000
2005-06-16,23.6230,23.7675,23.5949,23.7675,28700
2005-06-17,23.9320,24.0724,23.8798,24.0363,19100
2005-06-20,24.0523,24.1085,23.9560,24.0162,70500
2005-06-21,24.0523,24.0523,23.7514,23.8116,26600
2005-06-22,23.9520,23.9520,23.7073,23.7755,16800
2005-06-23,23.8116,23.8798,23.6912,23.6912,24500
2005-06-24,23.7514,23.8156,23.4946,23.6431,30000
2005-06-27,23.5676,23.6650,23.5636,23.6122,20800
2005-06-28,23.6488,23.7299,23.5758,23.7299,14200
2005-06-29,23.7907,23.8962,23.7583,23.8070,71900
2005-06-30,23.7299,23.8516,23.6041,23.8110,39600
2005-07-01,23.8151,24.0138,23.8029,24.0138,27600
2005-07-05,24.0503,24.3383,24.0260,24.3181,42400
2005-07-06,24.3383,24.3951,24.2288,24.2572,20100
2005-07-07,24.1315,24.3181,23.9773,24.2816,21700
2005-07-08,24.2816,24.7643,24.2653,24.6953,74700
2005-07-11,24.7318,25.0523,24.7237,24.9955,31700
2005-07-12,25.0482,25.1010,24.9144,24.9914,29300
2005-07-13,25.0279,25.0279,24.8211,24.8454,78200
2005-07-14,24.8251,24.8819,24.3789,24.4317,80800
2005-07-15,24.3181,24.5574,24.2856,24.5331,131700
2005-07-18,24.5615,24.6994,24.4398,24.5980,23500
2005-07-19,24.6912,24.8211,24.6588,24.7845,42500
2005-07-20,24.7846,25.0239,24.6750,25.0036,23500
2005-07-21,24.9468,24.9874,24.5412,24.6507,70200
2005-07-22,24.7440,24.8454,24.6264,24.8454,17200
2005-07-25,24.8860,24.9793,24.8048,24.8454,23600
2005-07-26,24.9833,25.1456,24.9752,25.1212,19500
2005-07-27,25.1902,25.2510,25.0077,25.1902,42600
2005-07-28,25.3119,25.5837,25.2389,25.5431,45500
2005-07-29,25.5553,25.5958,25.4741,25.5106,71900
2005-08-01,25.5958,25.5958,25.3971,25.4944,35600
2005-08-02,25.5309,25.7216,25.5025,25.6770,17600
2005-08-03,25.6364,25.7378,25.4741,25.6161,25500
2005-08-04,25.5512,25.5512,25.1537,25.1821,46000
2005-08-05,25.0604,25.0604,24.1436,24.3100,128300
2005-08-08,23.9611,24.0625,23.2918,23.4338,155000
2005-08-09,23.8151,23.8435,23.3445,23.5433,83100
2005-08-10,23.7299,24.1355,23.6731,23.7705,60100
2005-08-11,23.7380,24.0868,23.7380,24.0868,28500
2005-08-12,24.0179,24.1396,23.8678,24.0666,24700
2005-08-15,24.0950,24.4560,24.0138,24.2937,13600
2005-08-16,24.2937,24.5209,24.2937,24.4357,77100
2005-08-17,24.4235,24.4276,24.1153,24.2410,50700
2005-08-18,24.1558,24.1558,23.9936,24.0787,30200
2005-08-19,24.1071,24.1071,23.9408,23.9936,28500
2005-08-22,23.9246,24.1193,23.9246,24.0666,57000
2005-08-23,24.1680,24.2248,24.0625,24.1680,114300
2005-08-24,24.2897,24.4600,24.2004,24.2532,70300
2005-08-25,24.2532,24.4195,24.1436,24.2816,29000
2005-08-26,24.2937,24.3951,23.9814,23.9814,38900
2005-08-29,23.9449,24.0909,23.7867,23.9854,35300
2005-08-30,23.9854,24.0747,23.8435,24.0585,42800
2005-08-31,24.0220,24.5858,24.0220,24.4763,59200
2005-09-01,24.5736,24.9833,24.5128,24.6953,55900
2005-09-02,24.7197,24.8413,24.5331,24.6304,57900
2005-09-06,24.6020,25.1780,24.6020,25.1577,40900
2005-09-07,25.1861,25.1861,24.9062,25.1050,35200
2005-09-08,25.0239,25.0482,24.8535,24.9428,14700
2005-09-09,25.0077,25.0807,24.9711,25.0685,38400
2005-09-12,25.0077,25.0523,24.9509,24.9914,19200
2005-09-13,24.9387,24.9590,24.7602,24.8008,34200
2005-09-14,24.8373,24.8616,24.6669,24.7805,20100
2005-09-15,24.7805,24.8819,24.7561,24.7927,10700
2005-09-16,24.8616,24.9103,24.6953,24.8454,14200
2005-09-19,24.8860,24.8860,24.5939,24.6507,24400
2005-09-20,24.6020,24.7967,24.4033,24.4600,23700
2005-09-21,24.3667,24.4195,23.9205,23.9205,88900
2005-09-22,23.9733,24.1436,23.6893,24.0503,63300
2005-09-23,23.9733,24.2369,23.8881,24.0706,53700
2005-09-26,24.2044,24.3029,24.1100,24.2618,18000
2005-09-27,24.2495,24.2618,23.9172,24.2003,60300
2005-09-28,24.2167,24.2167,23.9090,23.9664,35800
2005-09-29,23.9664,24.4178,23.9008,24.4137,40300
2005-09-30,24.5367,24.8035,24.5367,24.8035,55200
2005-10-03,24.8486,24.8486,24.4916,24.7296,47500
2005-10-04,24.8034,24.8034,24.3111,24.3111,53400
2005-10-05,24.3111,24.3111,23.8967,23.9336,64000
2005-10-06,23.9623,24.0608,23.6833,23.9008,69800
2005-10-07,23.9500,23.9500,23.4781,23.6546,39500
2005-10-10,23.6546,23.6546,23.3099,23.3509,78500
2005-10-11,23.4658,23.4658,23.1294,23.2484,25700
2005-10-12,23.1909,23.1909,22.6370,22.8298,78900
2005-10-13,22.8093,23.0227,22.5836,22.8339,43300
2005-10-14,23.1417,23.3961,22.9817,23.3632,67300
2005-10-17,23.3879,23.4987,23.2935,23.4987,109600
2005-10-18,23.4986,23.5315,23.1704,23.2730,38500
2005-10-19,23.0637,23.5602,22.9817,23.5356,48500
2005-10-20,23.4699,23.5807,23.1007,23.1622,64600
2005-10-21,23.1745,23.5684,23.1745,23.3838,55300
2005-10-24,23.7695,23.9213,23.7366,23.8597,94800
2005-10-25,23.8433,23.9828,23.6669,23.7612,20300
2005-10-26,23.7613,23.7900,23.4576,23.5192,36100
2005-10-27,23.5069,23.5151,23.2648,23.2648,43800
2005-10-28,23.5848,23.9869,23.5684,23.9664,92200
2005-10-31,24.1305,24.2536,24.0526,24.0895,182500
2005-11-01,24.0895,24.0895,23.3345,23.5561,76300
2005-11-02,23.6258,23.7900,23.4330,23.7736,42300
2005-11-03,23.8597,24.0608,23.6053,23.7038,63400
2005-11-04,23.6956,23.6997,23.3838,23.5684,21500
2005-11-07,23.7571,23.8515,23.5930,23.6792,30800
2005-11-08,23.6053,23.6956,23.4330,23.6135,15500
2005-11-09,23.6915,24.0936,23.6915,23.8802,31800
2005-11-10,23.7982,24.4629,23.7530,24.4465,21300
2005-11-11,24.4588,24.6188,24.3808,24.5450,33200
2005-11-14,24.7378,24.7378,24.4301,24.5244,23200
2005-11-15,24.6024,24.6845,24.4054,24.5121,25900
2005-11-16,24.5367,24.5367,24.2618,24.3726,17900
2005-11-17,24.3972,24.7911,24.3521,24.7747,28600
2005-11-18,24.8486,24.9265,24.6804,24.8650,77700
2005-11-21,24.8896,25.0783,24.7296,24.9881,39600
2005-11-22,24.7829,25.3369,24.7829,25.3081,43500
2005-11-23,25.2548,25.4189,25.1768,25.4189,27800
2005-11-25,25.3943,25.5051,25.3409,25.5051,7300
2005-11-28,25.4517,25.4517,25.1809,25.2261,37900
2005-11-29,25.1973,25.3163,25.1358,25.2425,16700
2005-11-30,25.3369,25.3984,25.0743,25.0907,28900
2005-12-01,25.1645,25.5338,25.1645,25.4559,40900
2005-12-02,25.4271,25.4805,25.1809,25.3286,18200
2005-12-05,25.4230,25.4230,25.0578,25.2343,21400
2005-12-06,25.4394,25.4394,25.1276,25.1522,28500
2005-12-07,25.1686,25.2343,24.8486,25.0209,29100
2005-12-08,24.9471,25.4682,24.9471,25.2097,58800
2005-12-09,25.2179,25.3697,25.1235,25.2753,22100
2005-12-12,25.4353,25.4394,25.1317,25.2917,30400
2005-12-13,25.2876,25.4353,25.1768,25.4148,20300
2005-12-14,25.4107,25.6036,25.3122,25.4640,44200
2005-12-15,25.5215,25.6241,25.2671,25.2712,28300
2005-12-16,25.4394,25.4517,25.2794,25.3615,10800
2005-12-19,25.3656,25.3656,25.0209,25.0291,28500
2005-12-20,24.9471,25.1481,24.8773,25.0619,31400
2005-12-21,25.0619,25.2261,25.0619,25.2138,62000
2005-12-22,25.1112,25.3779,24.9306,25.3574,44600
2005-12-23,25.4189,25.5420,25.3984,25.4435,42800
2005-12-27,25.4928,25.5097,25.3285,25.3285,60900
2005-12-28,25.4718,25.4718,25.2105,25.2990,90700
2005-12-29,25.4212,25.4718,25.1473,25.1684,69600
2005-12-30,25.1473,25.2189,25.0546,25.0967,43200
2006-01-03,25.2569,25.6867,24.9282,25.6024,70300
2006-01-04,25.7920,25.7962,25.5813,25.7920,75000
2006-01-05,25.8047,26.1123,25.8047,25.9901,31200
2006-01-06,26.1291,26.2429,25.9985,26.2344,36000
2006-01-09,26.3777,26.4578,26.2302,26.4578,49200
2006-01-10,26.4578,26.7569,26.3187,26.6179,54900
2006-01-11,26.7232,26.7232,26.5336,26.6600,41900
2006-01-12,26.6811,26.6811,26.4957,26.5842,136400
2006-01-13,26.5842,26.5842,26.1460,26.2555,43000
2006-01-17,26.2555,26.2555,25.9648,26.1502,59500
2006-01-18,26.1460,26.2302,26.0238,26.1460,32700
2006-01-19,26.2092,26.5083,26.1544,26.4746,59000
2006-01-20,26.5041,26.5041,26.1207,26.2176,49000
2006-01-23,26.3356,26.3988,26.2471,26.3356,42800
2006-01-24,26.4114,26.6137,26.3988,26.5336,79800
2006-01-25,26.6137,26.7190,26.4367,26.5505,1518500
2006-01-26,26.6642,26.7232,26.5083,26.6390,1408300
2006-01-27,26.8412,27.0730,26.7570,26.9381,1885100
2006-01-30,27.0435,27.0435,26.8244,26.9171,1318700
2006-01-31,26.8244,27.1277,26.8201,26.9887,423900
2006-02-01,27.0308,27.2331,26.9676,27.1151,49700
2006-02-02,27.0856,27.1067,26.8454,26.9255,66700
2006-02-03,26.8665,26.8665,26.4030,26.6895,81000
2006-02-06,26.6895,26.7907,26.6347,26.7907,99800
2006-02-07,26.8117,26.8159,26.5547,26.5800,68500
2006-02-08,26.5589,26.5589,26.2471,26.4620,57900
2006-02-09,26.5041,26.6853,26.3988,26.5884,43700
2006-02-10,26.5505,26.7274,26.3861,26.6137,375200
2006-02-13,26.6516,26.6642,26.5547,26.6516,45700
2006-02-14,26.6516,26.8412,26.4409,26.7991,49100
2006-02-15,26.7022,27.0351,26.6980,27.0351,598900
2006-02-16,27.0519,27.2331,27.0350,27.2162,72400
2006-02-17,27.2837,27.5070,26.3946,27.5070,56400
2006-02-21,27.5575,27.6123,27.3890,27.4733,61200
2006-02-22,27.5365,27.8230,27.3890,27.7809,46700
2006-02-23,27.7851,27.8230,27.5491,27.7345,56800
2006-02-24,27.7345,27.7345,27.5028,27.5870,52500
2006-02-27,27.6839,27.7050,27.4901,27.5912,55600
2006-02-28,27.5196,27.6460,27.3890,27.4901,58500
2006-03-01,27.8946,27.8946,27.4353,27.6502,42200
2006-03-02,27.5154,27.6165,27.4438,27.6165,28300
2006-03-03,27.5786,27.5786,27.3384,27.4648,100300
2006-03-06,27.7050,28.2528,27.5997,27.9621,59900
2006-03-07,27.9789,27.9789,27.5786,27.6250,38500
2006-03-08,27.6334,27.7682,27.3890,27.7682,74700
2006-03-09,27.7977,28.0969,27.6840,27.9958,55800
2006-03-10,28.0548,28.2654,27.9199,28.2486,67100
2006-03-13,28.3582,28.4129,27.9536,28.0632,56400
2006-03-14,28.1390,28.3329,28.0548,28.2654,43400
2006-03-15,28.3834,28.8554,28.3834,28.8006,57000
2006-03-16,28.8427,29.2641,28.8385,29.0997,45300
2006-03-17,29.2009,29.3736,28.9818,29.3610,96100
2006-03-20,29.5195,29.5195,28.7693,28.8668,96700
2006-03-21,28.8160,28.9219,28.4006,28.5320,220100
2006-03-22,28.5659,28.6549,28.3964,28.5956,40600
2006-03-23,28.4981,28.7015,28.4981,28.6719,143000
2006-03-24,28.9261,28.9261,28.5235,28.6295,116100
2006-03-27,28.5956,28.6252,28.2226,28.2989,60300
2006-03-28,28.3074,28.7778,28.1972,28.6125,74400
2006-03-29,28.8202,29.2356,28.8202,29.1466,78200
2006-03-30,29.2228,29.2228,28.5956,28.7270,96900
2006-03-31,28.8329,28.8965,28.5235,28.7863,92200
2006-04-03,28.8838,28.9346,28.2226,28.2904,57200
2006-04-04,28.3498,28.3837,27.9726,28.0955,97900
2006-04-05,28.3625,28.3879,28.1590,28.2480,54800
2006-04-06,28.1463,28.3116,28.1167,28.1336,62900
2006-04-07,28.1802,28.1845,27.7098,27.7098,107100
2006-04-10,27.7352,27.7352,27.3919,27.4470,38700
2006-04-11,27.3834,27.5148,27.3072,27.3792,71300
2006-04-12,27.3792,27.5021,27.2309,27.3792,29700
2006-04-13,27.2859,27.3580,26.9511,27.0189,47500
2006-04-17,26.9554,27.1164,26.8960,26.9426,40300
2006-04-18,27.0444,27.7013,27.0189,27.5996,44100
2006-04-19,27.6335,28.0107,27.5487,27.9387,32900
2006-04-20,27.9938,28.0107,27.7352,27.9683,33500
2006-04-21,28.0149,28.1463,27.9005,27.9725,63400
2006-04-24,28.0361,28.0361,27.7013,27.8284,49900
2006-04-25,27.8454,27.8793,27.5530,27.6165,44900
2006-04-26,27.7267,27.7267,27.4724,27.5318,61400
2006-04-27,27.9725,27.9725,27.3198,27.7055,57900
2006-04-28,27.8115,28.0022,27.7183,27.8073,63100
2006-05-01,27.9683,28.0065,27.3877,27.4724,48800
2006-05-02,27.5487,27.5487,27.0401,27.1927,51800
2006-05-03,27.2732,27.2987,27.0274,27.2436,32300
2006-05-04,27.3368,27.7691,27.3368,27.6293,47200
2006-05-05,27.9386,28.1251,27.8878,27.9853,48100
2006-05-08,28.0488,28.1421,27.9429,28.1082,146300
2006-05-09,28.1421,28.2014,27.9090,28.0955,149400
2006-05-10,28.0531,28.2396,27.9725,27.9937,58000
2006-05-11,27.8581,27.9937,27.4428,27.4767,57000
2006-05-12,27.2817,27.3198,26.8579,27.1291,62600
2006-05-15,27.1588,27.5233,26.8621,27.5021,69600
2006-05-16,27.6038,27.6377,27.3538,27.3962,29900
2006-05-17,27.1842,27.1842,26.8155,26.8833,68700
2006-05-18,27.1885,27.2139,26.6544,26.6756,36800
2006-05-19,26.6121,27.0020,26.4256,26.7392,91700
2006-05-22,26.6375,26.6672,26.3069,26.6672,172000
2006-05-23,26.5315,26.8197,26.3747,26.3747,81700
2006-05-24,26.3917,26.6248,26.1459,26.4171,167100
2006-05-25,26.6375,27.0825,26.6163,26.9130,61800
2006-05-26,27.2478,27.2859,27.0571,27.2351,61900
2006-05-30,27.2351,27.2563,27.0105,27.0105,35000
2006-05-31,27.1927,27.2563,26.6375,27.0571,56700
2006-06-01,27.1249,27.5530,27.1249,27.5530,35600
2006-06-02,27.6843,27.9259,27.5953,27.8708,45600
2006-06-05,27.8454,28.4176,27.7691,28.0065,75500
2006-06-06,28.0955,28.0955,27.6504,27.6716,34300
2006-06-07,27.7394,28.0658,27.6208,27.8666,51200
2006-06-08,27.8666,27.9047,27.3877,27.8073,74800
2006-06-09,27.8073,28.0531,27.7861,27.9895,53200
2006-06-12,28.0785,28.0785,27.5445,27.6547,183600
2006-06-13,27.4216,27.6377,27.2987,27.3707,72100
2006-06-14,27.2012,27.4131,27.0783,27.1376,60000
2006-06-15,27.2732,27.7055,27.2732,27.7055,59500
2006-06-16,27.5996,27.7098,27.4470,27.6504,62700
2006-06-19,27.8242,27.8242,27.4173,27.4597,65800
2006-06-20,27.5487,27.5487,27.2097,27.3156,42100
2006-06-21,27.3156,27.6547,27.2817,27.6335,127000
2006-06-22,27.6335,27.6335,27.3326,27.4385,55300
2006-06-23,27.4936,27.4936,27.1418,27.2309,84100
2006-06-26,27.3499,27.5384,27.2857,27.5213,50100
2006-06-27,27.5641,27.6284,27.4013,27.4913,37200
2006-06-28,27.5213,27.6626,27.4613,27.5727,24600
2006-06-29,27.8639,28.1852,27.6798,28.1852,59700
2006-06-30,28.3137,28.5879,28.1638,28.3994,81800
2006-07-03,28.5793,28.9263,28.4936,28.9263,894900
2006-07-05,28.9005,28.9220,28.4294,28.8791,78200
2006-07-06,28.8663,28.9477,28.7378,28.9477,29800
2006-07-07,28.9691,29.0462,28.6564,28.8277,51700
2006-07-10,28.9477,29.0805,28.7849,29.0548,113000
2006-07-11,29.1062,29.1661,28.8749,29.1019,107100
2006-07-12,29.1918,29.1918,29.0291,29.1790,111000
2006-07-13,29.0762,29.1575,28.7292,28.7849,63600
2006-07-14,28.6564,28.7635,28.3908,28.3908,65300
2006-07-17,28.4594,28.4722,28.3137,28.3908,42100
2006-07-18,28.5450,28.8449,28.3651,28.8192,54600
2006-07-19,28.8449,29.2861,28.8449,29.2646,89000
2006-07-20,29.4360,29.4360,29.0248,29.0248,48700
2006-07-21,28.9519,28.9519,28.4979,28.5493,72200
2006-07-24,28.6607,29.0205,28.5964,29.0205,59900
2006-07-25,29.0462,29.2218,28.9519,29.1704,105600
2006-07-26,29.1875,29.3203,29.1147,29.2732,55900
2006-07-27,29.4274,29.5217,29.1747,29.1790,52600
2006-07-28,29.2346,29.6159,29.2346,29.6030,36900
2006-07-31,29.5645,29.5859,29.3075,29.5045,50400
2006-08-01,29.3889,29.4146,29.0462,29.3503,869700
2006-08-02,29.3589,29.4103,29.2475,29.2946,62800
2006-08-03,29.2004,29.5816,29.2004,29.5731,36700
2006-08-04,29.8043,30.0571,29.8043,30.0399,22600
2006-08-07,30.0571,30.0571,29.6759,29.7444,32500
2006-08-08,29.7658,29.7658,29.2389,29.3032,60900
2006-08-09,29.4917,29.4917,29.1233,29.1233,52100
2006-08-10,29.1704,29.2432,28.8448,29.1447,91500
2006-08-11,29.1918,29.1918,28.8491,28.9648,38000
2006-08-14,29.1533,29.4874,29.0890,29.2432,47700
2006-08-15,29.5002,29.6245,29.4917,29.5773,52200
2006-08-16,29.6759,29.6759,29.5945,29.6330,43000
2006-08-17,29.6373,29.7230,29.5345,29.5902,67700
2006-08-18,29.7187,29.7401,29.5473,29.7230,22700
2006-08-21,29.7016,29.9115,29.6587,29.8943,49700
2006-08-22,29.9200,30.1256,29.7915,30.1042,49300
2006-08-23,30.2070,30.2070,29.7872,29.8729,48400
2006-08-24,29.8943,30.0228,29.8472,29.9886,22000
2006-08-25,30.0185,30.0699,29.9157,29.9671,45400
2006-08-28,30.0271,30.3227,29.9543,30.3227,39000
2006-08-29,30.3569,30.3569,30.1085,30.3269,40200
2006-08-30,30.3698,30.5540,30.3055,30.5069,65800
2006-08-31,30.6482,30.6867,29.6930,30.5325,128600
2006-09-01,30.6653,30.6653,30.3569,30.3569,31200
2006-09-05,30.4726,30.6653,30.3698,30.6653,62900
2006-09-06,30.6268,30.6353,30.4897,30.5197,39700
2006-09-07,30.5411,30.5411,30.2370,30.2713,70000
2006-09-08,30.2755,30.5925,30.0956,30.5582,46200
2006-09-11,30.4255,30.6868,30.3227,30.6568,40200
2006-09-12,30.7681,31.0637,30.6054,31.0509,59900
2006-09-13,31.1194,31.3079,30.9823,31.2265,50100
2006-09-14,31.1408,31.1408,30.9224,31.0594,78900
2006-09-15,31.0894,31.3464,31.0894,31.3079,75500
2006-09-18,31.2907,31.2907,31.0380,31.0851,56500
2006-09-19,31.0551,31.3293,31.0551,31.3164,34900
2006-09-20,31.4406,31.5220,31.1622,31.2479,86800
2006-09-21,31.2050,31.2993,30.7681,30.9009,114700
2006-09-22,30.8838,31.0808,30.6910,30.9823,93200
2006-09-25,31.1112,31.1198,30.7955,31.0290,225200
2006-09-26,31.0463,31.0550,30.8906,30.9555,45900
2006-09-27,30.9555,31.2668,30.8604,31.2279,44300
2006-09-28,31.3274,31.3274,31.0247,31.1630,75600
2006-09-29,31.2193,31.2971,31.1025,31.1328,58200
2006-10-02,31.1890,31.3187,30.8301,31.0722,60700
2006-10-03,31.0031,31.4874,31.0031,31.3749,74800
2006-10-04,31.4139,31.7511,31.4139,31.7382,54500
2006-10-05,31.7727,32.0062,31.7727,31.9457,82000
2006-10-06,31.9976,31.9976,31.6473,31.7468,69100
2006-10-09,31.7857,31.9803,31.4701,31.9284,186100
2006-10-10,31.8895,32.1316,31.6084,31.9327,62400
2006-10-11,31.8030,32.0279,31.6214,31.8117,88400
2006-10-12,31.9025,32.1014,31.8246,32.1014,86200
2006-10-13,32.1403,32.4689,32.1014,32.4689,113800
2006-10-16,32.5035,32.5511,32.4127,32.5381,63400
2006-10-17,32.5381,32.5640,32.3824,32.4300,45800
2006-10-18,32.6462,32.6548,32.4732,32.5943,56500
2006-10-19,32.6246,32.6894,32.4516,32.5165,68300
2006-10-20,32.4603,32.5511,32.3046,32.4732,44000
2006-10-23,32.5511,32.6678,32.3565,32.6678,49100
2006-10-24,32.7197,32.7197,32.4300,32.4992,67700
2006-10-25,32.5684,32.7629,32.4862,32.6635,30500
2006-10-26,32.8581,32.9964,32.7197,32.9878,77400
2006-10-27,32.9489,32.9791,32.6981,32.7673,57700
2006-10-30,32.6894,33.0181,32.6635,32.9532,44700
2006-10-31,33.2083,33.2083,32.7932,33.0094,106200
2006-11-01,33.0872,33.1132,32.7110,32.7543,80100
2006-11-02,32.6851,32.6851,31.9846,32.1316,110800
2006-11-03,32.2570,32.2570,31.5263,31.7771,102300
2006-11-06,31.9544,32.1533,31.8808,32.0711,448000
2006-11-07,32.0841,32.0841,31.7208,31.7208,74600
2006-11-08,31.7079,31.9068,31.4311,31.8289,94800
2006-11-09,31.8722,31.9760,31.6776,31.8765,86200
2006-11-10,31.8981,32.0322,31.7814,32.0062,49900
2006-11-13,32.0452,32.1446,31.9241,32.0841,54300
2006-11-14,32.2354,32.5337,32.1489,32.4905,72400
2006-11-15,32.5381,32.6246,32.4300,32.5294,89000
2006-11-16,32.7327,32.7673,32.5900,32.7500,102300
2006-11-17,32.7543,32.7543,32.5381,32.6246,54500
2006-11-20,33.0743,33.8872,33.0743,33.7531,162200
2006-11-21,33.7920,34.3196,33.7920,34.2980,249300
2006-11-22,34.3974,34.5185,34.1726,34.4493,108800
2006-11-24,34.3542,34.5963,34.2893,34.5963,57600
2006-11-27,34.6785,34.6785,33.6537,33.6623,127700
2006-11-28,33.7272,33.7704,33.4115,33.7531,85500
2006-11-29,33.9434,34.2677,33.9088,34.2288,136400
2006-11-30,34.3888,34.6785,34.1769,34.5877,44000
2006-12-01,34.6785,34.7217,34.2504,34.5228,136500
2006-12-04,34.3758,35.0028,34.3758,34.9249,62500
2006-12-05,35.0892,35.0892,34.6309,34.6568,62700
2006-12-06,34.7217,34.7217,34.1855,34.4623,85900
2006-12-07,34.6352,34.6352,34.2461,34.2504,85300
2006-12-08,34.3498,34.4234,34.1596,34.3628,72600
2006-12-11,34.4190,34.5271,34.2374,34.4407,75800
2006-12-12,34.5704,34.5833,34.2028,34.2850,45900
2006-12-13,34.5488,34.5488,33.9261,34.1077,62400
2006-12-14,34.0082,34.3282,34.0082,34.1336,55500
2006-12-15,34.2547,34.2893,33.8612,33.8785,134700
2006-12-18,33.9391,34.0688,33.6580,33.6667,101100
2006-12-19,33.5542,33.5975,33.1305,33.3813,195900
2006-12-20,33.3856,33.7964,33.3856,33.7315,219600
2006-12-21,33.5975,33.7921,33.3683,33.4548,355700
2006-12-22,33.4742,33.4874,33.0553,33.1611,364700
2006-12-26,33.2008,33.5403,33.2008,33.3992,94400
2006-12-27,33.4213,33.7475,33.4213,33.6990,58800
2006-12-28,33.8401,33.9283,33.6285,33.7916,95300
2006-12-29,33.9063,34.1179,33.8269,33.9504,358400
2007-01-03,34.1003,34.2634,33.6858,34.0033,525700
2007-01-04,34.0518,34.0650,33.7872,34.0474,166100
2007-01-05,33.9944,33.9944,33.3992,33.4168,143700
2007-01-08,33.5094,33.5094,33.2581,33.4654,87000
2007-01-09,33.3904,33.9327,33.3904,33.8886,136300
2007-01-10,33.8269,34.3472,33.7519,34.3251,138600
2007-01-11,34.4354,34.9777,34.4354,34.7705,186800
2007-01-12,34.8101,34.9556,34.7484,34.8807,185900
2007-01-16,35.1629,35.4230,34.9600,35.3745,161800
2007-01-17,35.3789,35.4936,34.9733,35.3613,120000
2007-01-18,35.3833,35.4892,35.1893,35.3172,85200
2007-01-19,35.2467,35.6699,35.1012,35.6699,81800
2007-01-22,35.6920,35.6920,35.3128,35.3701,76000
2007-01-23,35.4318,35.6787,35.3921,35.5377,114300
2007-01-24,35.5817,36.0006,35.5376,36.0006,97500
2007-01-25,36.2255,36.4856,36.1020,36.2211,174500
2007-01-26,36.3534,36.3622,36.0227,36.3401,117000
2007-01-29,36.4195,36.5077,36.2387,36.4592,145600
2007-01-30,36.5165,36.6399,36.2652,36.6399,87400
2007-01-31,36.6840,37.0103,36.4459,36.9309,139800
2007-02-01,36.9618,37.0853,36.6576,37.0764,885600
2007-02-02,37.0985,37.1426,36.8957,37.1426,130900
2007-02-05,37.2131,37.2175,37.1029,37.1426,168400
2007-02-06,37.3674,37.6893,37.3101,37.6893,139400
2007-02-07,37.7114,38.4786,37.4997,38.4786,254600
2007-02-08,38.3110,38.5535,38.1170,38.1831,172600
2007-02-09,38.2493,38.3066,36.9177,37.7422,285800
2007-02-12,37.7422,37.7422,36.9089,37.0588,274400
2007-02-13,36.9706,37.7775,36.7634,37.7775,199300
2007-02-14,37.8304,37.9054,37.3851,37.5086,291800
2007-02-15,37.5879,37.9583,37.4424,37.7863,175700
2007-02-16,37.7157,37.7642,37.2131,37.6893,130500
2007-02-20,37.6276,38.0420,37.2616,37.9803,106900
2007-02-21,37.8921,37.8921,37.5438,37.8569,129900
2007-02-22,37.8965,37.8965,37.5129,37.6540,96900
2007-02-23,37.5879,37.6144,36.9486,36.9971,166700
2007-02-26,37.0632,37.1690,36.1814,36.8119,230500
2007-02-27,36.2167,36.3930,35.3084,35.6699,302000
2007-02-28,35.6743,36.2607,35.6611,35.9345,949600
2007-03-01,35.4495,36.0667,34.3913,35.5729,332600
2007-03-02,35.3966,35.5465,34.9336,35.0086,251600
2007-03-05,34.5853,34.6161,33.6417,33.6461,300100
2007-03-06,33.9945,34.9556,33.9945,34.8807,163300
2007-03-07,34.6911,34.9027,34.3428,34.3913,95000
2007-03-08,34.4354,35.1893,34.4354,34.9424,137100
2007-03-09,35.3613,35.4318,35.0835,35.4054,132200
2007-03-12,35.4010,35.7008,35.1541,35.5817,103800
2007-03-13,35.4936,35.5817,34.6206,34.7440,129500
2007-03-14,34.5676,34.9556,34.1708,34.9115,111900
2007-03-15,35.0394,35.2290,34.9733,35.2246,118300
2007-03-16,35.2202,35.2202,34.8057,34.8322,131400
2007-03-19,35.1629,35.3304,34.9821,35.1805,140300
2007-03-20,35.1849,35.3921,35.0041,35.3216,67800
2007-03-21,35.2510,35.8419,35.0526,35.7493,82300
2007-03-22,35.7537,35.8904,35.5465,35.7846,178900
2007-03-23,35.8242,36.0138,35.7360,35.8066,222000
2007-03-26,35.8274,35.8363,35.1223,35.2332,469400
2007-03-27,35.0691,35.1356,34.7010,34.8651,103300
2007-03-28,34.6567,34.9494,34.3152,34.6345,104800
2007-03-29,34.9450,34.9538,34.4882,34.6922,115900
2007-03-30,34.6124,35.1889,34.6124,35.1889,231300
2007-04-02,35.1667,35.4549,34.9893,35.4106,151100
2007-04-03,35.6235,35.8275,35.5170,35.7210,186400
2007-04-04,35.7210,35.7210,35.3219,35.5436,88500
2007-04-05,35.4771,35.6368,35.4771,35.5082,66900
2007-04-09,35.5215,35.6323,35.4771,35.5747,97800
2007-04-10,35.4461,35.8585,35.4461,35.7210,82500
2007-04-11,35.7343,35.7343,35.0203,35.1889,137800
2007-04-12,35.1179,35.1179,34.8031,34.9494,71600
2007-04-13,34.9006,35.3441,34.7897,35.3441,82700
2007-04-16,35.4328,35.4727,35.1977,35.3884,160900
2007-04-17,35.3795,35.8674,35.3795,35.8496,95200
2007-04-18,35.6501,35.7964,35.5880,35.6279,75300
2007-04-19,35.3352,35.4904,35.2199,35.3884,66700
2007-04-20,35.5658,35.6767,35.4860,35.6545,139200
2007-04-23,35.6545,36.1068,35.5658,36.0536,182400
2007-04-24,36.2532,36.2532,35.6013,35.8097,74800
2007-04-25,35.8895,36.0580,35.4461,35.7875,152000
2007-04-26,35.8718,35.9161,35.5880,35.8097,57800
2007-04-27,35.6545,35.8097,35.5791,35.7210,56500
2007-04-30,35.7787,35.7787,35.0869,35.1445,152300
2007-05-01,35.2554,35.2554,34.4971,34.8385,171500
2007-05-02,34.6567,35.1534,34.6567,35.1135,90800
2007-05-03,35.2465,35.3042,35.0558,35.2066,48800
2007-05-04,35.1711,35.1889,34.7365,34.9006,87500
2007-05-07,34.8740,35.0692,34.7232,34.9982,164000
2007-05-08,34.7410,34.8784,34.6966,34.7676,81900
2007-05-09,34.6523,35.2953,34.6523,35.1445,76800
2007-05-10,35.0514,35.0514,34.5991,34.6745,103300
2007-05-11,34.7454,35.1445,34.7365,35.1445,65600
2007-05-14,35.1135,35.2421,34.8518,34.9450,82500
2007-05-15,34.9893,35.0824,34.3064,34.4128,422900
2007-05-16,34.3507,34.4660,33.7920,33.9871,136700
2007-05-17,33.7210,33.7742,33.2909,33.3973,154700
2007-05-18,33.3174,33.3973,32.8208,33.0602,373200
2007-05-21,32.9893,33.6101,32.8829,33.1933,597400
2007-05-22,33.3041,33.8540,33.2332,33.6855,179700
2007-05-23,33.7033,34.0137,33.3396,33.4283,193000
2007-05-24,33.2731,33.3618,32.4616,32.8696,208700
2007-05-25,33.0292,33.4593,32.8740,33.0558,158400
2007-05-29,33.4372,34.5104,33.2598,34.2354,164500
2007-05-30,34.0802,35.1534,34.0802,35.1534,574700
2007-05-31,35.2864,35.4017,34.7809,35.0115,198100
2007-06-01,35.1401,35.2509,34.8119,35.0602,128100
2007-06-04,34.9450,35.3663,34.8563,35.2022,222700
2007-06-05,35.0780,35.0824,34.5902,34.6434,126300
2007-06-06,34.4793,34.6390,34.2177,34.4084,74000
2007-06-07,34.1112,34.1733,33.2465,33.3263,206300
2007-06-08,33.2820,33.7831,33.1268,33.7254,160900
2007-06-11,33.6013,33.6013,33.1977,33.2199,172200
2007-06-12,33.1844,33.1844,32.6123,32.6434,273900
2007-06-13,32.8740,33.4194,32.7942,33.3662,105100
2007-06-14,33.4594,33.4594,32.9494,33.0070,71600
2007-06-15,33.3130,33.5880,33.2731,33.3707,178100
2007-06-18,33.3263,33.3485,32.8341,32.8562,154200
2007-06-19,32.6611,32.9449,32.5148,32.9183,175900
2007-06-20,32.9183,32.9361,31.9294,31.9294,73500
2007-06-21,32.0403,32.1866,31.5968,32.1068,346500
2007-06-22,32.0181,32.0713,31.7343,31.9871,110800
2007-06-25,31.8937,32.0329,31.3638,31.4626,381600
2007-06-26,31.5344,31.6826,31.2516,31.3414,210800
2007-06-27,31.1663,32.2484,31.0450,32.1451,196400
2007-06-28,32.1316,32.4415,31.9610,31.9790,117100
2007-06-29,31.9880,32.4280,31.5973,31.8577,195300
2007-07-02,31.9745,32.6345,31.9116,32.5941,217100
2007-07-03,32.6256,32.7513,32.4100,32.5043,92000
2007-07-05,32.7737,33.3664,32.7737,32.9937,129100
2007-07-06,33.0521,33.1644,32.7019,32.9533,110800
2007-07-09,33.0072,33.0072,32.7109,32.9309,64600
2007-07-10,32.6794,32.7154,32.0553,32.0957,119300
2007-07-11,32.0149,32.1406,31.6916,32.0328,138700
2007-07-12,32.1047,32.4459,31.9924,32.4459,92000
2007-07-13,32.3112,32.7962,32.3023,32.7558,107200
2007-07-16,32.7378,33.1644,32.4819,32.4819,88200
2007-07-17,32.5986,32.7154,32.3427,32.3651,123700
2007-07-18,32.2619,32.2978,31.7410,32.2933,136500
2007-07-19,32.3831,32.5941,32.3741,32.4145,76900
2007-07-20,32.3292,32.3651,31.6557,31.8488,157100
2007-07-23,31.9700,31.9700,31.2964,31.2964,134300
2007-07-24,31.0899,31.3683,30.5466,30.6634,128900
2007-07-25,30.8923,31.1034,30.1245,30.3311,262800
2007-07-26,30.3670,30.3670,29.3298,29.7743,317500
2007-07-27,29.7249,30.0841,28.7865,28.7865,252000
2007-07-30,29.1681,29.4690,28.8403,29.3432,197200
2007-07-31,29.6800,30.1021,29.1906,29.2265,552700
2007-08-01,29.1906,29.7069,28.6024,29.6126,202500
2007-08-02,29.8776,30.1290,29.6531,30.1021,545600
2007-08-03,29.9449,29.9674,28.9391,28.9391,169300
2007-08-06,29.2983,29.9494,28.5350,29.9494,333300
2007-08-07,29.6082,30.3805,29.3522,30.1155,233700
2007-08-08,30.3042,31.3818,30.1694,31.3055,293500
2007-08-09,30.6993,31.4896,29.5498,30.9597,453700
2007-08-10,30.3446,30.9507,30.0123,30.0258,193700
2007-08-13,29.9719,30.4119,29.8821,29.8821,178000
2007-08-14,29.9045,29.9045,28.9840,29.0244,440600
2007-08-15,28.8987,29.7878,28.5350,28.5350,629200
2007-08-16,28.4632,29.6800,28.2970,29.6800,472100
2007-08-17,30.4299,31.1842,29.8686,30.3535,517700
2007-08-20,30.3086,30.9597,30.1964,30.9103,367800
2007-08-21,30.7262,31.2246,30.6499,31.0540,250600
2007-08-22,31.4312,31.6287,31.0675,31.4312,274700
2007-08-23,31.4312,31.5075,30.8564,30.8924,277300
2007-08-24,31.0360,31.1169,30.6454,31.0585,240900
2007-08-27,30.8834,30.9373,30.3850,30.3850,205100
2007-08-28,30.2996,30.2996,29.4555,29.4555,195400
2007-08-29,29.6396,30.5331,29.6396,30.5331,239200
2007-08-30,29.8327,30.7217,29.8327,30.6903,269100
2007-08-31,31.0001,31.5569,30.8295,31.1977,1092000
2007-09-04,31.2112,31.8802,31.1079,31.6108,359600
2007-09-05,31.2965,31.3728,30.8340,30.8519,255600
2007-09-06,31.0450,31.1752,30.6813,31.1258,181800
2007-09-07,30.5870,30.7397,30.3356,30.3760,330200
2007-09-10,30.5556,30.6678,29.8910,30.0617,188200
2007-09-11,30.3131,30.6858,30.3086,30.6858,369400
2007-09-12,30.5466,30.8205,30.4433,30.5062,107200
2007-09-13,30.7442,31.3414,30.6903,31.1932,133700
2007-09-14,30.8699,31.3952,30.6948,31.3952,427500
2007-09-17,31.2561,31.3593,30.9822,31.1663,107500
2007-09-18,31.3459,32.2753,31.2246,32.2753,154600
2007-09-19,32.3517,32.9803,32.3517,32.8815,200400
2007-09-20,32.6749,32.6749,32.0284,32.0284,498400
2007-09-21,32.3112,32.4190,32.1855,32.2574,82600
2007-09-24,32.3926,32.8689,32.3200,32.8689,131500
2007-09-25,32.4924,32.4924,32.0523,32.0523,380800
2007-09-26,32.3427,32.5196,32.1430,32.5196,155900
2007-09-27,32.6784,32.7691,32.5014,32.7691,141200
2007-09-28,32.6511,32.6511,32.3472,32.4198,174800
2007-10-01,32.7101,33.2092,32.7056,33.2092,884900
2007-10-02,33.3634,33.8126,33.2999,33.8126,205200
2007-10-03,33.6583,33.7899,33.4632,33.6493,168300
2007-10-04,33.7581,33.9940,33.4587,33.9940,136300
2007-10-05,34.1347,34.7925,33.8897,34.7925,266300
2007-10-08,34.2436,34.3615,34.1120,34.1347,140900
2007-10-09,34.2300,34.5158,33.8625,34.5158,159300
2007-10-10,34.5158,34.5611,34.1347,34.2753,187600
2007-10-11,34.6473,34.6973,34.0530,34.1392,111800
2007-10-12,34.2526,34.3343,33.8171,33.8171,129500
2007-10-15,33.8443,33.9532,33.1048,33.1820,205100
2007-10-16,33.0685,33.1366,32.6829,32.7782,205800
2007-10-17,33.0458,33.6266,32.0069,32.7283,263900
2007-10-18,32.4742,33.0685,32.1294,32.7373,134000
2007-10-19,32.5377,32.5377,31.3446,31.3446,184500
2007-10-22,31.3446,32.1657,31.1949,32.1657,246600
2007-10-23,32.4153,32.5060,31.9253,32.5060,185500
2007-10-24,32.2565,32.2565,31.4671,31.9616,370600
2007-10-25,32.3653,32.4651,31.7347,32.0296,310000
2007-10-26,32.4651,32.6965,31.9525,32.5151,144600
2007-10-29,32.5014,32.5786,31.9842,31.9842,133200
2007-10-30,32.1566,32.6058,32.1566,32.4243,178600
2007-10-31,32.6285,33.1003,32.1113,33.1003,263600
2007-11-01,32.2837,32.3563,31.5533,31.5533,278700
2007-11-02,31.7256,31.7256,30.6686,31.1041,306500
2007-11-05,30.6232,31.0542,30.5098,30.6550,309000
2007-11-06,30.4916,31.0406,30.3601,31.0406,212600
2007-11-07,30.3873,30.8047,29.9835,30.0743,495200
2007-11-08,30.2331,30.4327,29.6614,30.1650,294100
2007-11-09,29.8384,30.4009,29.7159,29.9200,247200
2007-11-12,29.9835,30.7094,29.8883,30.2648,277800
2007-11-13,30.2603,31.2674,30.2603,31.2674,175900
2007-11-14,31.7665,31.7665,30.6323,30.6323,311500
2007-11-15,30.7230,30.8682,30.1695,30.5778,342800
2007-11-16,30.9363,30.9544,29.8565,30.0062,361500
2007-11-19,29.9427,29.9427,29.3529,29.3529,316900
2007-11-20,29.6705,29.9291,28.3095,28.7858,482500
2007-11-21,28.4773,28.9355,28.2596,28.5862,339000
2007-11-23,29.1624,29.4618,28.8856,29.1488,164500
2007-11-26,29.4663,29.4663,27.7514,27.7514,221400
2007-11-27,28.1915,28.4138,27.7197,28.4002,291100
2007-11-28,28.8040,29.6478,28.8040,29.6478,302100
2007-11-29,29.6251,29.6750,28.9718,29.1715,152400
2007-11-30,29.8066,30.3692,29.5979,29.9654,275600
2007-12-03,30.0606,30.0606,29.3801,29.6433,423300
2007-12-04,29.6433,29.6433,28.8448,28.8448,299200
2007-12-05,29.4300,29.8293,29.1760,29.8157,223800
2007-12-06,29.8157,30.8274,29.7567,30.7639,180600
2007-12-07,30.8501,31.1313,30.6232,30.6550,264100
2007-12-10,30.6731,31.3128,30.5143,31.3128,248200
2007-12-11,31.4398,31.6077,29.6387,29.6614,280600
2007-12-12,30.6731,30.6777,29.2803,29.5616,416500
2007-12-13,29.4663,29.5344,28.8221,29.2259,318400
2007-12-14,28.6633,29.4981,28.4320,28.4909,922900
2007-12-17,28.2278,28.2369,27.6108,27.6108,509100
2007-12-18,28.0690,28.2414,27.2252,28.0373,494100
2007-12-19,28.1008,28.3231,27.8512,28.3231,370500
2007-12-20,28.6293,28.6293,27.9329,28.2050,998500
2007-12-21,28.3249,28.7584,28.3249,28.7584,374200
2007-12-24,28.7630,29.7684,28.7630,29.6900,121700
2007-12-26,29.4456,29.5009,29.0766,29.1965,371900
2007-12-27,29.0167,29.1458,28.4448,28.6154,353800
2007-12-28,28.6108,28.8230,27.9375,28.1128,395000
2007-12-31,28.2788,28.4679,27.9145,28.3433,335800
2008-01-02,28.3434,28.6016,27.8545,28.2557,5341700
2008-01-03,28.6939,28.6939,27.2181,27.3749,259300
2008-01-04,27.4026,27.4026,26.2220,26.2635,382300
2008-01-07,26.3004,26.6832,25.8162,26.5079,668600
2008-01-08,26.5632,27.2596,25.5487,25.5902,646700
2008-01-09,25.6870,26.0421,24.6863,26.0421,534600
2008-01-10,25.9914,26.8861,25.3089,26.4434,717000
2008-01-11,26.6970,26.8492,25.7654,26.4480,558300
2008-01-14,26.6647,26.9414,25.7470,26.3373,399900
2008-01-15,25.9314,26.0560,25.5302,25.8023,542700
2008-01-16,25.4611,26.5125,25.4611,26.0975,621800
2008-01-17,26.1759,26.3557,25.6501,25.7424,700400
2008-01-18,25.9407,26.1805,24.9953,25.4011,880900
2008-01-22,25.3504,26.4895,24.5941,26.0099,925800
2008-01-23,25.6870,28.4771,25.6870,28.4771,1329400
2008-01-24,28.5048,29.0997,27.5087,27.8084,755600
2008-01-25,28.1451,28.4079,27.3703,27.6470,690400
2008-01-28,27.6655,28.5832,27.2504,28.5832,814200
2008-01-29,28.5371,28.7769,28.0989,28.3249,532400
2008-01-30,28.2557,28.7630,27.5548,27.5686,589500
2008-01-31,27.4671,28.4540,27.2273,28.1220,743400
2008-02-01,28.2926,29.3395,28.2189,29.2980,848600
2008-02-04,29.2703,29.2703,28.5694,28.9936,520000
2008-02-05,28.4909,28.9106,27.9698,27.9698,711000
2008-02-06,28.1681,28.2465,27.4487,27.5133,558000
2008-02-07,27.4303,28.1635,27.2089,28.1635,462600
2008-02-08,28.0990,28.0990,26.9230,27.2642,837500
2008-02-11,27.2642,27.6009,26.5955,26.7108,720200
2008-02-12,26.8907,27.6055,26.8907,27.4718,902800
2008-02-13,28.0344,28.0344,27.1997,27.6885,814900
2008-02-14,27.6793,28.0159,27.1628,27.1720,1046100
2008-02-15,27.0705,27.3980,26.7938,27.3934,1150900
2008-02-19,28.2004,28.2004,26.8907,27.3242,1076500
2008-02-20,26.8169,27.5317,26.7938,27.4948,1518700
2008-02-21,27.7069,27.8268,26.7477,26.7477,1092300
2008-02-22,27.1997,27.5040,26.6232,27.5040,1063400
2008-02-25,27.8822,28.3433,27.1674,28.3433,984800
2008-02-26,28.3618,28.5739,27.9744,28.3387,889100
2008-02-27,28.2834,28.5601,28.0206,28.2050,447800
2008-02-28,28.0897,28.0897,27.6239,27.6239,627800
2008-02-29,27.5963,27.6101,27.1259,27.2273,556600
2008-03-03,27.2227,27.5179,26.8907,27.4164,629500
2008-03-04,27.0475,27.5225,26.8307,27.1582,517100
2008-03-05,27.0705,27.7023,27.0705,27.5317,558300
2008-03-06,27.5917,27.5917,26.2635,26.2773,535000
2008-03-07,26.3096,26.8538,25.9361,26.7062,636400
2008-03-10,26.8123,26.8354,26.2036,26.3281,752200
2008-03-11,27.1351,28.0390,26.7201,28.0390,577700
2008-03-12,27.8637,28.3849,27.4487,27.4487,363400
2008-03-13,27.3057,27.9975,26.6370,27.7715,503300
2008-03-14,28.2557,28.2557,26.7431,27.2089,615900
2008-03-17,26.9691,27.5455,26.7800,27.3749,1021200
2008-03-18,28.2235,28.5924,27.5963,28.5786,774700
2008-03-19,28.4679,29.0536,28.3618,28.3618,372600
2008-03-20,28.4771,29.5378,28.4125,29.3072,531200
2008-03-24,30.0174,30.2526,29.6577,29.9667,384200
2008-03-25,30.2525,30.3826,29.6112,30.0434,752900
2008-03-26,29.7506,29.9272,29.3881,29.4671,437000
2008-03-27,30.2664,30.2664,29.1604,29.2255,673300
2008-03-28,29.9458,29.9458,28.8119,28.8816,491400
2008-03-31,29.3556,29.6623,28.8583,28.9931,409000
2008-04-01,29.6205,30.6428,29.4021,30.6428,3876600
2008-04-02,30.7358,30.7729,30.1038,30.4941,483400
2008-04-03,30.6521,31.1912,30.2989,31.1912,508900
2008-04-04,31.4514,31.4514,30.6335,30.6986,1124600
2008-04-07,31.2237,31.2237,30.4012,30.4151,681300
2008-04-08,30.6521,30.6521,30.2060,30.3733,452500
2008-04-09,30.3222,30.4058,29.6019,29.6112,515900
2008-04-10,29.6019,30.0991,29.3835,29.8993,576600
2008-04-11,29.4904,29.9039,29.4253,29.5322,422300
2008-04-14,29.4532,29.8156,29.3138,29.3602,410800
2008-04-15,29.5647,29.6948,29.3138,29.6577,218700
2008-04-16,30.0480,30.8612,29.8528,30.8612,358200
2008-04-17,30.6753,30.9821,30.4291,30.9728,400600
2008-04-18,31.4189,31.5397,30.7265,30.7962,814400
2008-04-21,30.8380,30.8426,30.4569,30.5685,307700
2008-04-22,30.5499,30.6568,30.2478,30.4941,522800
2008-04-23,30.4941,31.0796,30.3872,30.8752,693300
2008-04-24,30.9217,31.6001,30.8194,31.4886,886400
2008-04-25,31.9765,31.9765,31.3213,31.6652,454400
2008-04-28,31.7628,31.7628,31.3910,31.6234,699600
2008-04-29,31.3166,31.5815,31.0936,31.2795,806100
2008-04-30,31.5490,31.5908,30.7590,30.8426,629600
2008-05-01,30.8798,31.5072,30.6335,31.5072,780200
2008-05-02,31.9347,31.9347,31.2748,31.4793,1311800
2008-05-05,31.4654,31.4793,31.0889,31.3910,295500
2008-05-06,31.6187,31.6234,31.0378,31.6094,336800
2008-05-07,31.5722,31.6001,30.6335,30.7497,496200
2008-05-08,31.0611,31.0611,30.3454,30.5638,419100
2008-05-09,30.5313,30.7125,30.2385,30.3965,342300
2008-05-12,30.4895,31.1261,30.4105,31.1261,287700
2008-05-13,31.2469,31.2748,30.8798,31.2516,307100
2008-05-14,31.5490,31.6187,31.3166,31.4468,297000
2008-05-15,31.5350,31.8278,31.2330,31.8278,415000
2008-05-16,31.8325,31.8325,31.4282,31.6605,323800
2008-05-19,31.6745,31.8418,31.4142,31.7117,256700
2008-05-20,31.4793,31.5304,31.0192,31.2841,1419600
2008-05-21,31.2190,31.4514,30.3872,30.5313,3444000
2008-05-22,30.3733,30.5452,30.1874,30.2711,3545600
2008-05-23,30.1967,30.2432,29.9783,30.1270,311300
2008-05-27,30.1363,30.6475,30.1363,30.5406,370600
2008-05-28,30.7590,30.7637,30.4058,30.5917,199800
2008-05-29,30.5824,30.9309,30.4802,30.9216,726700
2008-05-30,31.1122,31.1122,30.6103,30.7776,304700
2008-06-02,30.9821,30.9821,30.0387,30.2618,338500
2008-06-03,30.4337,30.5267,30.0898,30.4616,410000
2008-06-04,30.3408,30.8612,30.2664,30.6196,323800
2008-06-05,30.8240,31.3306,30.7264,31.3213,218100
2008-06-06,31.1540,31.1540,30.0015,30.0108,595100
2008-06-09,30.1409,30.3687,29.3556,29.4160,412100
2008-06-10,29.3138,29.6530,28.9188,29.4299,378600
2008-06-11,29.5879,29.7366,28.9466,28.9838,269600
2008-06-12,29.2394,29.5554,28.8491,29.2812,335700
2008-06-13,29.4392,29.7692,29.0535,29.7692,301900
2008-06-16,29.6158,30.1781,29.5089,30.1642,256900
2008-06-17,30.3175,30.3175,29.2441,29.3091,232400
2008-06-18,29.2533,29.2533,28.6446,28.8769,229400
2008-06-19,28.8351,29.5461,28.6817,29.5461,792100
2008-06-20,29.2208,29.2859,28.7096,28.8816,271400
2008-06-23,29.0814,29.0860,28.1659,28.1659,271800
2008-06-24,28.0849,28.5700,27.8306,28.1838,964300
2008-06-25,28.2639,29.0927,28.2639,28.6453,1119900
2008-06-26,28.9137,28.9184,27.6564,27.6894,476900
2008-06-27,27.7553,27.8824,27.2373,27.4728,1234000
2008-06-30,27.4257,27.8824,27.1855,27.5104,1266500
2008-07-01,26.7899,27.7082,26.7287,27.4869,2001800
2008-07-02,27.5293,27.6234,27.0113,27.1478,2487500
2008-07-03,27.1855,27.2608,26.7664,26.8700,2056800
2008-07-07,27.0113,27.1525,26.1636,26.2672,2200300
2008-07-08,26.3237,28.2309,26.0977,28.2262,4736200
2008-07-09,28.8996,28.8996,26.0506,26.3002,2749200
2008-07-10,26.2201,27.0160,25.9376,26.8088,2237100
2008-07-11,26.1401,27.2891,26.0459,26.6769,4163200
2008-07-14,26.7193,27.2138,25.6362,25.7492,3855400
2008-07-15,25.6127,26.3473,25.0476,25.4997,6946000
2008-07-16,25.4855,27.3597,25.2124,27.3597,4768500
2008-07-17,27.3597,27.7977,26.6534,27.6894,8110000
2008-07-18,27.6329,27.7788,27.2420,27.7365,4488700
2008-07-21,27.7223,27.9437,27.4963,27.9437,3129700
2008-07-22,27.6329,28.7395,27.3880,28.6924,6480900
2008-07-23,28.3957,29.7614,28.3957,29.5024,5532900
2008-07-24,29.6578,29.6578,27.4021,27.5481,2615400
2008-07-25,27.8354,28.3486,27.4775,28.0002,4093000
2008-07-28,28.1603,28.4146,27.2373,27.5434,1083800
2008-07-29,27.5057,28.8713,27.4398,28.8243,2094600
2008-07-30,29.7425,29.7425,27.8589,28.7254,4018500
2008-07-31,28.5605,28.7348,27.9531,28.3675,2728100
2008-08-01,28.3816,28.4475,27.6752,28.3910,3156300
2008-08-04,28.2592,28.3157,27.8071,27.9766,3286600
2008-08-05,28.1132,29.2857,28.0096,29.2339,2620900
2008-08-06,29.0597,29.2245,28.6689,29.0927,2221000
2008-08-07,28.8007,28.8949,28.0802,28.3251,2783500
2008-08-08,28.3157,29.6013,28.1838,29.1492,2850800
2008-08-11,29.4741,30.3830,29.1680,30.0910,5189800
2008-08-12,30.2511,30.2511,29.0456,29.4176,4389300
2008-08-13,29.2010,29.2528,28.6265,28.9891,4023000
2008-08-14,28.8290,29.5071,28.7018,29.4553,4712900
2008-08-15,29.5353,29.8179,29.1256,29.4129,2975400
2008-08-18,29.4553,29.5071,28.5417,29.0079,3402800
2008-08-19,28.5417,28.5464,27.9672,28.2921,4193500
2008-08-20,28.3251,28.4570,27.6988,28.3345,4381400
2008-08-21,27.9860,28.0284,27.6423,27.8306,3852600
2008-08-22,27.9060,28.7772,27.9060,28.7772,2729600
2008-08-25,28.7442,28.8666,27.7788,27.9060,1789900
2008-08-26,27.4916,28.2356,27.4916,28.2356,2080500
2008-08-27,28.4334,28.5182,27.9484,28.5182,1627200
2008-08-28,28.5605,29.2481,28.4569,29.2434,1363600
2008-08-29,29.0315,29.3140,28.7254,29.0409,1347300
2008-09-02,29.1963,29.7237,28.6830,29.2292,2444100
2008-09-03,29.1916,29.6907,28.9985,29.6907,2689600
2008-09-04,29.3658,29.5353,28.7819,28.8572,2620000
2008-09-05,28.5464,28.8949,28.1980,28.8619,3785300
2008-09-08,29.8979,30.1569,29.3140,30.1098,3510900
2008-09-09,29.9403,30.1946,28.7536,28.9844,3092300
2008-09-10,29.1351,29.3046,28.4240,29.0362,3161300
2008-09-11,28.8855,29.4788,28.4099,29.4788,4225200
2008-09-12,29.0833,29.6436,28.8243,29.3846,2567500
2008-09-15,28.9420,29.1115,27.6894,27.6894,6087100
2008-09-16,27.1525,29.0550,27.1243,29.0550,5486600
2008-09-17,28.4522,28.6123,27.1949,27.3833,4194600
2008-09-18,27.3174,29.7096,26.2908,29.7096,6149500
2008-09-19,32.4691,32.4691,29.0267,30.5949,2369000
2008-09-22,29.1963,30.3265,27.9248,28.0237,1726000
2008-09-23,28.6877,28.8525,28.1367,28.2121,2495000
2008-09-24,28.6424,29.2530,27.6930,28.0174,3085200
2008-09-25,28.5565,28.7092,27.7980,28.3657,2240200
2008-09-26,27.6883,29.2435,27.5833,29.2435,1991700
2008-09-29,28.1129,29.0431,27.0586,27.0586,3275700
2008-09-30,28.4563,29.0956,27.3973,29.0049,2369100
2008-10-01,28.8618,28.8618,27.8886,28.3037,2887000
2008-10-02,27.9984,28.0842,26.3907,26.4766,2279600
2008-10-03,27.0204,27.2494,25.1647,25.3316,4099000
2008-10-06,25.0072,25.1408,23.3280,24.5731,4331400
2008-10-07,24.3775,24.7258,22.4645,22.4645,3188200
2008-10-08,21.6154,23.1753,21.1431,22.1544,2313700
2008-10-09,22.0876,22.9511,20.2748,20.3989,5654200
2008-10-10,19.5116,22.5742,18.2855,22.3500,3060000
2008-10-13,23.7096,23.8289,22.0590,23.7717,1518600
2008-10-14,24.5540,24.5540,20.7042,22.1544,3512800
2008-10-15,21.4198,21.8444,19.1681,19.3112,2787600
2008-10-16,19.8598,20.6326,18.6051,20.4323,2282300
2008-10-17,19.4591,21.1431,19.3780,20.2128,3186700
2008-10-20,20.6947,20.6947,19.4161,20.3607,1889500
2008-10-21,20.1031,20.5754,19.6165,19.6642,1410200
2008-10-22,19.0822,19.4161,17.6463,18.2760,2564900
2008-10-23,18.2330,18.6576,16.4107,17.7989,5536300
2008-10-24,15.9289,17.7655,15.9289,16.7876,2853100
2008-10-27,16.6349,17.4411,15.7428,15.8335,2338400
2008-10-28,16.2199,18.3952,15.5186,18.3094,4867500
2008-10-29,18.1567,18.9534,17.4745,17.6606,3787300
2008-10-30,18.5813,18.7053,17.8800,18.6052,3782900
2008-10-31,18.7578,19.8932,18.3619,19.8026,11149000
2008-11-03,19.7501,19.9027,19.0870,19.1538,6681200
2008-11-04,19.6928,20.2939,19.2778,20.2271,6208700
2008-11-05,19.9361,19.9409,18.1042,18.2378,9770700
2008-11-06,18.0613,18.3285,17.3123,17.3839,12780800
2008-11-07,17.5890,18.5527,17.0499,18.4859,8636600
2008-11-10,18.6624,18.6719,16.6254,16.8305,3812600
2008-11-11,16.6015,16.9689,15.9289,16.5967,3649900
2008-11-12,16.2151,16.2199,15.2848,15.4089,5528600
2008-11-13,15.9289,17.1692,14.7028,17.1024,9470900
2008-11-14,16.8687,16.8782,15.0892,15.1751,2605900
2008-11-17,14.9938,15.2848,14.5883,14.6265,2647600
2008-11-18,14.6885,14.9271,13.6247,14.4882,3246200
2008-11-19,14.3403,14.4882,12.4034,12.5418,3068800
2008-11-20,12.3176,13.1667,11.3778,11.5495,4156200
2008-11-21,11.8310,12.5036,10.7433,12.3987,6877600
2008-11-24,12.8185,14.6742,12.2794,14.5072,5300100
2008-11-25,14.8078,15.0129,13.6581,14.7362,2949200
2008-11-26,14.7362,15.5568,14.2735,15.5329,2348000
2008-11-28,15.4470,15.6474,14.9700,15.3039,838000
2008-12-01,14.9223,14.9557,12.1410,12.3176,2431700
2008-12-02,12.6467,14.0159,12.6420,13.9539,3379600
2008-12-03,13.3432,14.7362,13.1238,14.7362,4203100
2008-12-04,14.4691,15.3850,14.0063,14.3307,2461400
2008-12-05,14.1113,15.8621,13.9014,15.8478,2176800
2008-12-08,16.2103,17.3505,15.9861,17.3266,1851300
2008-12-09,17.0929,17.3028,15.6951,15.8239,2632100
2008-12-10,16.1197,17.2217,16.0386,17.1835,1656000
2008-12-11,16.7923,16.8782,14.4739,14.7315,1955400
2008-12-12,14.3212,16.2723,14.2258,16.2723,1917500
2008-12-15,16.3296,16.4870,15.0225,15.7046,1425300
2008-12-16,17.6272,17.6415,15.6665,17.6272,2348400
2008-12-17,17.1740,18.7101,16.8353,17.9516,4069200
2008-12-18,18.1710,18.2330,16.4012,16.4584,1897500
2008-12-19,16.4966,17.6129,16.4966,17.6129,2274400
2008-12-22,17.4698,17.4745,16.1722,16.9498,3688700
2008-12-23,17.1215,17.2932,16.6826,16.8544,1580400
2008-12-24,16.9597,17.0528,16.6755,17.0528,615700
2008-12-26,17.1557,17.2978,16.7539,17.2978,608500
2008-12-29,17.1508,17.1508,15.9944,16.3031,1549800
2008-12-30,16.5040,17.0822,16.4060,16.9548,1765300
2008-12-31,17.0577,18.0280,16.9597,17.8613,1954200
2009-01-02,17.9496,17.9545,17.2831,17.2929,2181800
2009-01-05,17.2684,17.4546,16.8372,16.9744,7318600
2009-01-06,17.2733,18.0084,16.7343,17.8221,1913900
2009-01-07,17.7143,17.7486,17.0920,17.2243,1439600
2009-01-08,16.9940,17.2145,16.7490,17.0969,2063200
2009-01-09,17.1116,17.1263,16.1463,16.2198,1491800
2009-01-12,16.1120,16.1463,15.0143,15.2691,1760800
2009-01-13,15.0976,15.8180,14.9947,15.7297,1792700
2009-01-14,15.4259,15.4259,14.7497,14.9065,2330100
2009-01-15,14.9065,15.7543,14.1568,15.3965,3927500
2009-01-16,15.6808,16.0287,15.0045,15.9797,5540300
2009-01-20,15.7592,15.7690,14.1127,14.1911,3918700
2009-01-21,14.5243,15.6856,14.0441,15.6758,3471500
2009-01-22,15.1025,15.6121,14.5978,14.8183,3904300
2009-01-23,14.3332,15.3279,14.2352,15.2691,3563500
2009-01-26,15.2985,15.7052,14.8820,15.1809,3755700
2009-01-27,15.2887,15.6611,15.1074,15.3965,2490400
2009-01-28,16.2100,16.7931,15.7004,16.7294,2712800
2009-01-29,16.3766,16.4158,15.2985,15.3622,2714700
2009-01-30,15.5435,15.7739,14.5390,14.7301,2386500
2009-02-02,14.3920,15.1074,14.3381,15.0878,2732600
2009-02-03,15.1662,15.1858,14.6713,14.9359,2159200
2009-02-04,14.9408,15.3377,14.5733,14.5733,7818500
2009-02-05,14.2646,14.7840,13.8334,14.2646,4770500
2009-02-06,14.3430,15.4063,14.3136,15.2544,4500200
2009-02-09,15.4259,15.5043,14.9506,15.4798,2627000
2009-02-10,15.4553,15.4553,13.9755,14.1029,4686400
2009-02-11,14.2499,14.3724,13.6766,14.3724,3494300
2009-02-12,13.8628,14.2009,13.1032,14.1274,3502600
2009-02-13,13.9951,14.0049,13.2306,13.2600,3436000
2009-02-17,12.7406,12.8631,12.1967,12.3192,2560700
2009-02-18,12.4907,12.5838,11.9566,12.4956,5537100
2009-02-19,12.7406,12.8435,11.8488,11.9566,2946800
2009-02-20,11.6332,12.7700,11.3587,12.7112,6286800
2009-02-23,12.8288,12.9219,11.6871,11.7557,5058000
2009-02-24,12.1624,12.8043,11.7214,12.7504,5187300
2009-02-25,12.6083,13.0493,12.0105,12.5054,4889400
2009-02-26,12.7602,12.8925,11.8047,11.8635,3821000
2009-02-27,11.5401,12.1085,11.5156,11.7067,3676800
2009-03-02,11.5450,11.5450,10.7217,10.9765,4773700
2009-03-03,11.1137,11.2656,10.4620,11.0206,5413900
2009-03-04,11.2362,11.4714,10.8687,11.1970,3058600
2009-03-05,10.9128,11.0549,10.3542,10.5061,3390700
2009-03-06,10.5747,10.6874,9.7760,10.3640,4933800
2009-03-09,10.0504,10.6041,10.0504,10.5943,3882000
2009-03-10,10.8834,12.1134,10.7805,12.0693,3060900
2009-03-11,12.1183,12.2947,11.7067,11.8733,2695800
2009-03-12,11.8880,12.9268,11.7067,12.8435,2791300
2009-03-13,13.1277,13.2012,12.1477,12.5691,2757900
2009-03-16,12.6622,12.7798,11.5548,11.5793,2283000
2009-03-17,11.6038,12.4907,11.3391,12.4564,2398400
2009-03-18,12.2555,13.1473,11.9419,13.1375,3892800
2009-03-19,13.3433,13.3629,12.2800,12.3339,2177800
2009-03-20,12.2898,12.2898,11.2705,11.2705,2783100
2009-03-23,11.8047,13.1865,11.6871,13.0934,2763900
2009-03-24,12.7406,13.1620,11.9566,12.0840,4493200
2009-03-25,12.3628,12.5877,11.2734,12.2829,2340700
2009-03-26,12.4128,12.6776,11.7981,12.5577,3010400
2009-03-27,12.2729,12.4028,11.9730,11.9980,2526500
2009-03-30,11.6282,11.6782,11.2435,11.3434,1412900
2009-03-31,11.5483,12.3078,11.4084,12.1329,2461700
2009-04-01,11.9181,12.2479,11.7881,12.0680,1859200
2009-04-02,12.5027,13.0824,12.2379,12.9425,2353800
2009-04-03,12.9025,14.1168,12.6526,14.0568,2793400
2009-04-06,13.7670,14.2267,13.4422,13.8969,3235200
2009-04-07,13.5671,13.6421,12.7476,12.8575,2370000
2009-04-08,12.9175,13.1523,12.6626,13.0474,2579700
2009-04-09,13.6271,14.7964,13.3822,14.7964,2493800
2009-04-13,14.4316,15.1412,14.2817,14.8414,4314300
2009-04-14,14.5715,14.7364,13.5521,13.5821,3382100
2009-04-15,13.5471,14.8414,13.4522,14.7614,4144900
2009-04-16,14.7714,15.9607,14.1818,15.2561,5803700
2009-04-17,15.3561,16.0807,14.9513,15.5310,5805200
2009-04-20,15.0113,15.1462,13.8470,13.9319,4124800
2009-04-21,13.5871,15.2012,13.5022,15.1662,2776100
2009-04-22,14.8564,15.4410,14.5515,14.6365,9377100
2009-04-23,14.7314,15.3861,14.4916,15.2961,6132600
2009-04-24,15.4210,16.4904,15.1112,16.0207,7819400
2009-04-27,15.7309,15.8358,14.6265,15.0612,6108400
2009-04-28,14.9213,15.6409,14.6965,15.2611,6029900
2009-04-29,15.4510,16.1406,15.3061,15.9257,5113600
2009-04-30,16.1006,16.4754,15.7858,15.8558,5575000
2009-05-01,15.8708,15.8808,15.1312,15.3361,3926800
2009-05-04,15.6559,16.6353,15.4910,16.6004,5437900
2009-05-05,16.4604,16.4604,15.8358,15.9807,6108700
2009-05-06,16.3105,16.6753,15.8308,16.5904,8067300
2009-05-07,16.7952,16.8002,15.2262,15.6409,7561500
2009-05-08,15.8708,16.7902,15.6409,16.6853,6114200
2009-05-11,16.1756,16.4704,16.0007,16.0507,3484000
2009-05-12,16.2156,16.3305,15.3211,16.0057,3181700
2009-05-13,15.4710,15.5010,14.7164,14.9563,2867300
2009-05-14,14.7414,15.5560,14.4916,15.3111,2592500
2009-05-15,15.2262,15.3661,14.5066,14.7964,2103600
2009-05-18,14.9563,16.0906,14.9413,15.9857,2776800
2009-05-19,16.0557,16.1356,15.4810,15.6809,2909000
2009-05-20,16.0956,16.3405,15.4710,15.5560,3417700
2009-05-21,15.2811,15.7758,15.1462,15.6009,2684600
2009-05-22,15.8108,15.8108,15.1962,15.2162,1669600
2009-05-26,15.1312,16.2655,15.0662,16.1206,2517200
2009-05-27,16.1056,16.2256,15.4460,15.5360,2539800
2009-05-28,15.7808,15.9507,15.3361,15.7508,2397500
2009-05-29,15.9907,16.3055,15.6809,16.2705,1692900
2009-06-01,16.6603,17.4848,16.4904,17.1051,3811800
2009-06-02,16.8652,17.0051,16.6203,16.7503,2796300
2009-06-03,16.6703,16.7603,16.4554,16.7203,2019100
2009-06-04,16.8502,17.4049,16.7303,17.2550,2006000
2009-06-05,17.5298,17.5398,16.9152,17.2100,2798300
2009-06-08,17.3599,17.3599,16.7353,16.8952,3558400
2009-06-09,17.1101,17.1250,16.8002,16.8952,2516800
2009-06-10,17.1001,17.1500,16.1806,16.6004,2373100
2009-06-11,16.6003,16.7203,16.2106,16.2605,2714700
2009-06-12,16.2406,16.8502,16.1406,16.8502,1765400
2009-06-15,16.6103,16.7003,15.7808,16.0507,2129600
2009-06-16,16.0956,16.1756,15.5060,15.7558,2248100
2009-06-17,15.7309,15.8408,15.2811,15.4560,2144600
2009-06-18,15.5360,15.7009,15.3161,15.5610,1742400
2009-06-19,15.7409,15.7958,15.4810,15.7159,1292300
2009-06-22,15.4310,15.5959,14.8614,14.8963,2041900
2009-06-23,15.0812,15.2661,14.8164,15.0063,1855000
2009-06-24,15.4609,15.4659,15.1358,15.3339,4424500
2009-06-25,15.2374,15.5371,15.0190,15.5371,1872300
2009-06-26,15.4964,15.7910,15.3491,15.6691,2356600
2009-06-29,15.6996,15.8012,15.4253,15.6589,2342100
2009-06-30,15.7656,15.9129,15.6386,15.7504,1894200
2009-07-01,15.8621,16.1262,15.8266,16.0246,1682600
2009-07-02,15.7961,15.8266,15.1612,15.1764,2344000
2009-07-06,15.0850,15.5980,14.9428,15.5574,2654100
2009-07-07,15.5980,15.6031,14.9022,14.9529,2036100
2009-07-08,15.0342,15.0901,14.3892,14.8107,2370500
2009-07-09,14.9123,14.9733,14.5111,14.5314,1289300
2009-07-10,14.3993,14.5974,14.1301,14.5111,1123900
2009-07-13,14.5720,15.1561,14.4095,15.0596,3929500
2009-07-14,15.1104,15.3796,14.8412,15.2425,2822300
2009-07-15,15.5472,16.0297,15.3999,15.8062,1768200
2009-07-16,15.7402,16.1211,15.4964,15.9891,1606200
2009-07-17,15.8926,15.9281,15.4456,15.5624,1454700
2009-07-20,15.7605,16.1821,15.7148,16.1110,1687800
2009-07-21,16.2532,16.2532,15.7250,16.0653,2990100
2009-07-22,15.8316,16.3142,15.8113,16.0856,1949300
2009-07-23,16.1008,16.9186,16.0500,16.7256,2922400
2009-07-24,16.6138,16.8982,16.4005,16.8424,1272500
2009-07-27,16.8627,17.1319,16.7103,17.0862,2146100
2009-07-28,16.9795,17.1420,16.8170,17.0709,1451100
2009-07-29,16.9541,17.0760,16.7256,16.8576,1187200
2009-07-30,17.1624,17.7312,17.1217,17.4620,1918200
2009-07-31,17.4570,17.6246,17.2741,17.4468,2208800
2009-08-03,17.8226,17.8480,17.4874,17.7617,2541900
2009-08-04,17.6703,18.8639,17.5331,18.7318,3454100
2009-08-05,18.7420,19.5496,18.5947,19.4480,3965400
2009-08-06,19.7222,20.2200,19.3007,19.3007,5953400
2009-08-07,19.7680,20.7736,19.4734,20.3775,5471300
2009-08-10,20.3114,20.3571,19.7172,19.9406,4432000
2009-08-11,19.7426,19.8391,19.1229,19.3616,4275200
2009-08-12,19.3261,19.9000,19.3058,19.5038,4619200
2009-08-13,19.7273,19.8035,19.3515,19.6054,5339500
2009-08-14,19.5242,19.5394,18.9604,19.4429,3538500
2009-08-17,18.6810,18.7318,18.2849,18.4068,3385800
2009-08-18,18.4677,18.7978,18.3458,18.5896,2379900
2009-08-19,18.2595,18.5286,18.1528,18.4423,2693600
2009-08-20,18.4423,19.1940,18.4169,19.1788,5235500
2009-08-21,19.4429,20.0879,19.3464,19.6816,5953400
2009-08-24,19.9559,19.9660,19.5292,19.6156,5958400
2009-08-25,19.7578,19.9864,19.5902,19.8340,3483900
2009-08-26,19.7933,19.9254,19.6105,19.8949,2680900
2009-08-27,19.8848,20.1387,19.4784,20.0879,2465000
2009-08-28,20.2657,20.3368,19.9051,20.2657,3074500
2009-08-31,19.8949,20.0981,19.7375,19.9457,2961300
2009-09-01,19.7933,19.9711,18.8588,18.8791,4356400
2009-09-02,18.7217,18.8639,18.4982,18.4982,3443600
2009-09-03,18.7369,18.8893,18.3763,18.8689,1933100
2009-09-04,18.8639,19.0874,18.5286,19.0874,1587900
2009-09-08,19.3870,19.7527,19.2448,19.7527,2051900
2009-09-09,19.7426,20.2048,19.5750,20.1387,2825800
2009-09-10,20.1184,20.4841,19.8289,20.4384,2117300
2009-09-11,20.5552,20.6517,20.1489,20.4028,2384000
2009-09-14,20.1032,21.0225,20.0981,21.0073,2229900
2009-09-15,21.1546,21.6472,20.7279,21.3425,3555000
2009-09-16,21.5507,22.2415,21.4491,22.2110,3659700
2009-09-17,22.1907,22.9780,21.7844,22.1145,5152800
2009-09-18,22.2415,22.4345,21.7488,22.1450,2874100
2009-09-21,21.8352,22.0536,21.6371,21.7996,2423600
2009-09-22,22.0739,22.5259,21.9571,22.4904,4488000
2009-09-23,22.5666,22.5716,21.6422,21.6777,3291700
2009-09-24,21.8095,21.9019,20.7529,20.8863,4804900
2009-09-25,20.7426,21.1889,20.5529,20.9529,4635600
2009-09-28,21.1171,21.8454,21.0196,21.8198,2644700
2009-09-29,21.8711,22.0352,21.3889,21.4659,3198100
2009-09-30,21.6557,21.6608,20.9581,21.2607,3905300
2009-10-01,21.2145,21.2453,20.3067,20.3067,9101300
2009-10-02,19.8296,20.7426,19.8143,20.1630,4742800
2009-10-05,20.3887,20.7734,20.2092,20.7170,2928300
2009-10-06,20.9068,21.1684,20.3836,20.6606,3546900
2009-10-07,20.5888,20.8145,20.3528,20.6452,3338500
2009-10-08,20.9273,21.2351,20.8145,21.0401,3031900
2009-10-09,20.9324,21.2351,20.7580,21.2197,2673300
2009-10-12,21.3684,21.4505,21.0812,21.1889,1933400
2009-10-13,21.0504,21.1427,20.7170,20.8914,2546600
2009-10-14,21.2864,21.7377,21.1581,21.6557,3152400
2009-10-15,21.4813,21.5582,21.3479,21.4710,3492400
2009-10-16,21.1889,21.2504,20.8555,20.9068,3071500
2009-10-19,21.0555,21.4146,20.9427,21.3582,2579400
2009-10-20,21.3069,21.3582,20.8657,20.9632,2128100
2009-10-21,20.8145,21.2915,20.6555,20.6965,2481700
2009-10-22,20.6862,21.2607,20.3887,21.2402,3386000
2009-10-23,21.2966,21.3223,20.8863,20.9889,3243100
2009-10-26,20.9837,21.5018,20.8914,20.9376,3607400
2009-10-27,20.9478,21.0453,20.5426,20.6349,3593700
2009-10-28,20.5067,20.8093,19.7322,19.7681,4654200
2009-10-29,20.0810,20.7375,20.0143,20.6708,3309800
2009-10-30,20.5221,20.6503,19.7937,20.3118,4424100
2009-11-02,20.3631,20.7632,19.7168,20.3067,4906100
2009-11-03,20.0143,20.6452,19.9989,20.6042,4509500
2009-11-04,20.8863,20.9427,20.1477,20.1630,4320800
2009-11-05,20.4349,20.6657,20.2195,20.6196,2379300
2009-11-06,20.2656,20.6144,20.1169,20.2810,2442300
2009-11-09,20.5836,21.2863,20.4862,21.2812,2272300
2009-11-10,21.1273,21.2761,20.8145,21.1222,2548400
2009-11-11,21.3120,21.6710,21.2453,21.5172,3107300
2009-11-12,21.4915,21.6711,21.2453,21.2966,2920500
2009-11-13,21.3171,21.6454,21.2863,21.5838,2444100
2009-11-16,21.7326,22.3173,21.7326,22.1070,3053700
2009-11-17,21.9634,22.2147,21.7018,21.7223,2486000
2009-11-18,21.7172,22.1788,21.6916,22.1173,2928900
2009-11-19,21.8813,21.9224,21.5120,21.6095,1960500
2009-11-20,21.4915,21.5685,21.3787,21.4556,1782300
2009-11-23,21.8403,22.0660,21.5531,21.7275,2182700
2009-11-24,21.7069,21.7326,21.3223,21.4043,2051800
2009-11-25,21.5223,21.6403,21.4197,21.4915,1530100
2009-11-27,20.8606,21.2402,20.7580,20.8658,1315200
2009-11-30,20.9427,21.7275,20.7734,21.6454,2306800
2009-12-01,21.8660,22.0763,21.6351,21.9634,2229800
2009-12-02,21.8813,22.4353,21.8813,22.3225,2292500
2009-12-03,22.4404,22.7174,21.9993,22.0711,3429700
2009-12-04,22.6353,22.8867,22.2968,22.7225,3493900
2009-12-07,22.6661,22.7225,22.0865,22.2455,2004000
2009-12-08,22.0609,22.4866,22.0250,22.1173,2069600
2009-12-09,22.1891,22.3071,22.0403,22.0711,1942500
2009-12-10,22.1942,22.2660,21.8660,21.9839,1546900
2009-12-11,22.0814,22.3584,22.0096,22.3378,1555300
2009-12-14,22.4302,22.7892,22.1788,22.7430,3169900
2009-12-15,22.5994,22.6918,22.4609,22.5174,2450600
2009-12-16,22.6507,22.7943,22.5687,22.6815,2626100
2009-12-17,22.5122,22.6815,22.3635,22.5430,2526300
2009-12-18,22.6046,22.7225,22.3225,22.6918,2061600
2009-12-21,22.7738,23.0303,22.7533,22.9995,2957000
2009-12-22,23.0046,23.2611,23.0046,23.2406,1703500
2009-12-23,23.2355,23.7740,23.2355,23.5176,1531400
2009-12-24,23.6495,23.8677,23.6235,23.8573,560300
2009-12-28,23.9509,24.2314,23.8729,23.9717,2909600
2009-12-29,24.0600,24.1275,23.6080,23.6132,1939400
2009-12-30,23.5352,23.6755,23.4001,23.6495,1424300
2009-12-31,23.7638,23.8885,23.2183,23.2443,1259000
2010-01-04,23.4937,23.5976,22.9637,23.1456,2408400
2010-01-05,23.1196,23.1612,22.8235,23.1196,2054200
2010-01-06,23.1300,23.2962,23.0157,23.0780,2471200
2010-01-07,23.0988,23.4313,22.8339,23.3274,2091700
2010-01-08,23.2807,23.3014,22.9533,23.1560,2682000
2010-01-11,23.3118,23.4105,23.1612,23.2910,1924800
2010-01-12,23.0832,23.2599,22.7871,22.9014,3124500
2010-01-13,22.9533,23.4209,22.9274,23.3638,2133000
2010-01-14,23.3326,23.4106,23.1664,23.3430,1594700
2010-01-15,23.2495,23.3014,23.0676,23.1664,5577000
2010-01-19,23.1404,23.7067,23.0988,23.6391,2454200
2010-01-20,23.4625,23.4625,23.1456,23.3742,3339900
2010-01-21,23.3690,23.5196,22.6624,22.7040,4233400
2010-01-22,22.6260,22.8650,22.0649,22.1325,5039500
2010-01-25,22.4130,22.4130,21.8727,22.2883,3749000
2010-01-26,22.0649,22.4338,22.0389,22.0805,3352900
2010-01-27,22.1481,22.3091,21.7480,22.2779,3714400
2010-01-28,22.4494,22.4598,21.8727,22.0857,3750000
2010-01-29,22.2468,22.4338,21.8104,21.9610,4096200
2010-02-01,22.1273,22.3922,22.0753,22.3611,2839200
2010-02-02,22.4286,22.7767,22.1740,22.6676,3270000
2010-02-03,22.5897,22.5949,22.1688,22.2987,3079200
2010-02-04,22.1117,22.1377,21.4727,21.4727,3942800
2010-02-05,21.5558,21.9662,21.2285,21.8675,5100500
2010-02-08,21.9558,22.0234,21.3376,21.3895,2969600
2010-02-09,21.6545,21.7220,21.1557,21.3220,4785200
2010-02-10,21.3635,21.6285,20.9531,21.3635,2893900
2010-02-11,21.3532,21.5766,21.0934,21.5662,2706400
2010-02-12,21.2960,21.8208,21.2337,21.8208,3385000
2010-02-16,22.0493,22.4598,22.0078,22.4390,2730300
2010-02-17,22.5013,22.7299,22.4650,22.6416,3139000
2010-02-18,22.5533,23.0417,22.4806,22.9793,2737200
2010-02-19,22.8754,23.1196,22.7871,22.9949,3250100
2010-02-22,23.0676,23.2079,22.9378,23.0521,1757800
2010-02-23,22.9689,23.1248,22.8235,22.8754,2715900
2010-02-24,22.9170,23.1144,22.8806,23.1092,2965400
2010-02-25,22.8598,23.2443,22.7144,23.1975,2067000
2010-02-26,23.2547,23.4417,23.0832,23.1871,1784300
2010-03-01,23.3274,23.4729,23.2391,23.3846,1849600
2010-03-02,23.4781,23.5196,23.3378,23.3950,1575400
2010-03-03,23.4521,23.4937,23.2962,23.3326,1884000
2010-03-04,23.3378,23.5041,23.3170,23.4781,1557300
2010-03-05,23.5612,24.1639,23.5093,24.1171,2161800
2010-03-08,24.1327,24.4496,24.0859,24.3613,1729200
2010-03-09,24.3197,24.7925,24.2158,24.4185,2126000
2010-03-10,24.5379,24.7510,24.3977,24.6367,2311500
2010-03-11,24.5224,24.8081,24.4340,24.7821,1766200
2010-03-12,24.9848,25.1250,24.7769,24.9796,2344400
2010-03-15,24.9172,25.1042,24.6678,24.9224,2164400
2010-03-16,25.0263,25.6030,24.9536,25.5251,3905000
2010-03-17,25.6394,25.9563,25.5355,25.9043,3467900
2010-03-18,25.8212,26.0083,25.7225,25.7641,2448700
2010-03-19,25.4835,25.8784,25.4575,25.4835,2703900
2010-03-22,25.3017,25.8784,25.2601,25.8056,2922600
2010-03-23,25.8004,25.8420,25.4939,25.7329,3974700
2010-03-24,25.6498,26.0550,25.6186,25.8732,3241200
2010-03-25,26.0674,26.4338,25.9365,25.9365,4033400
2010-03-26,26.0569,26.1930,25.7376,25.8004,4339000
2010-03-29,25.9784,25.9941,25.7009,25.8789,1914200
2010-03-30,25.9260,25.9784,25.7376,25.8423,1968300
2010-03-31,25.7481,25.8685,25.5387,25.5492,2365900
2010-04-01,25.7376,25.8109,25.4445,25.6800,2198300
2010-04-05,25.7899,26.2872,25.7167,26.2453,1961200
2010-04-06,26.1982,26.9049,26.1040,26.8473,3307100
2010-04-07,26.7950,26.8630,26.1407,26.2558,3521700
2010-04-08,26.1406,26.3291,26.0935,26.2872,2047800
2010-04-09,26.3919,26.7217,26.2401,26.6589,1710500
2010-04-12,26.7583,26.7740,26.4652,26.4914,1872300
2010-04-13,26.5123,27.2346,26.4757,27.1404,1712600
2010-04-14,27.3498,27.3760,27.0253,27.1823,2026800
2010-04-15,27.0514,27.1038,26.4128,26.4390,2594700
2010-04-16,26.3762,26.6013,25.7742,25.8318,4450000
2010-04-19,25.6539,26.1511,25.5649,25.9470,2825700
2010-04-20,26.0935,26.3867,25.8161,26.3867,2193300
2010-04-21,26.3396,27.0043,26.3186,26.8473,2980100
2010-04-22,26.6431,27.3655,26.4966,27.2608,1552700
2010-04-23,27.3393,27.6534,27.0724,27.6220,3302900
2010-04-26,27.7057,28.0564,27.5958,27.8418,2486700
2010-04-27,27.6848,27.8732,26.9520,26.9520,4589700
2010-04-28,27.2818,27.3236,26.9258,27.0357,3500600
2010-04-29,27.3812,28.2972,27.3603,28.2553,3268600
2010-04-30,28.1978,28.4543,27.3132,27.3760,4056200
2010-05-03,27.6168,28.4490,27.6115,28.2868,4016000
2010-05-04,27.8628,28.0250,27.3969,27.6429,3672500
2010-05-05,27.2032,27.7686,26.8630,27.2713,3597300
2010-05-06,27.0776,27.2660,23.5548,26.1511,6191800
2010-05-07,26.3971,26.7636,25.2927,25.7114,5896600
2010-05-10,27.0933,27.4859,26.8682,27.4074,4817300
2010-05-11,27.0357,27.8366,26.9677,27.5696,3229100
2010-05-12,27.6953,28.1140,27.5068,28.0146,2577400
2010-05-13,28.0774,28.1402,27.5121,27.5592,2522000
2010-05-14,27.3289,27.3550,26.4024,26.6850,4558000
2010-05-17,26.8211,27.2242,25.9208,26.7217,2913300
2010-05-18,27.1404,27.1666,25.8946,26.0464,3725300
2010-05-19,25.8056,26.3814,25.1147,25.8056,5955800
2010-05-20,25.1147,25.3660,24.4290,24.4813,5847200
2010-05-21,24.0783,25.3345,23.9370,25.3031,5652000
2010-05-24,25.3241,25.4602,24.6960,24.7378,3826100
2010-05-25,24.0364,24.9891,23.7433,24.9367,4736400
2010-05-26,25.3555,25.6696,24.7221,24.8844,4937300
2010-05-27,25.5282,26.2767,25.2246,26.2506,2876100
2010-05-28,26.2087,26.4181,25.7481,25.9156,2769200
2010-06-01,25.5649,26.0150,25.3345,25.3764,2715000
2010-06-02,25.5544,25.9260,25.1095,25.8737,2015700
2010-06-03,26.0150,26.0412,25.5701,25.8004,2171700
2010-06-04,25.2927,25.4968,24.2091,24.3400,9751200
2010-06-07,24.4761,24.8791,24.1673,24.2091,3646600
2010-06-08,24.2981,24.6907,23.6752,24.6436,4966300
2010-06-09,24.8792,25.5021,24.6645,24.7902,4130400
2010-06-10,25.3241,25.9627,25.1042,25.8632,3918800
2010-06-11,25.5858,26.2349,25.5387,26.1721,2626800
2010-06-14,26.5175,26.7740,26.2296,26.4966,2967100
2010-06-15,26.6589,27.1457,26.4809,27.0881,2692500
2010-06-16,26.8892,27.0671,26.7060,26.8421,2496600
2010-06-17,26.9520,27.0253,26.6065,26.8996,3137100
2010-06-18,26.9991,26.9991,26.6798,26.8159,1981200
2010-06-21,27.1875,27.2975,26.5280,26.6065,2910100
2010-06-22,26.6798,26.7897,25.7481,25.8161,4468100
2010-06-23,25.7847,26.1878,25.3974,25.8842,2987900
2010-06-24,25.7167,25.8118,25.2517,25.3362,3163500
2010-06-25,25.4419,26.0918,25.2781,25.9756,4883700
2010-06-28,26.0707,26.0971,25.5687,25.6691,2439400
2010-06-29,25.2834,25.2940,24.6229,24.8290,4804700
2010-06-30,24.8660,25.2094,24.4855,24.5648,3616100
2010-07-01,24.5806,24.6969,23.8726,24.4802,7804700
2010-07-02,24.5806,24.6810,23.8832,24.0100,2682600
2010-07-06,24.4802,24.5965,23.2279,23.4763,4989800
2010-07-07,23.5133,24.6493,23.4869,24.6176,3702500
2010-07-08,24.9664,25.1460,24.4802,24.9241,2288500
2010-07-09,24.8818,25.2887,24.8078,25.2411,1597100
2010-07-12,25.1988,25.3996,24.9241,25.3204,2419900
2010-07-13,25.7008,26.0390,25.5687,25.9439,2622800
2010-07-14,25.8223,26.0337,25.4525,25.7906,2297300
2010-07-15,25.8276,25.8382,25.1936,25.7061,2560700
2010-07-16,25.5370,25.5740,24.6757,24.8712,2758100
2010-07-19,24.9135,25.3098,24.5014,25.1777,2740600
2010-07-20,24.7709,25.7378,24.6863,25.6480,3494800
2010-07-21,25.7642,25.8488,24.9822,25.1143,3526700
2010-07-22,25.4366,26.2662,25.4102,26.0548,3295200
2010-07-23,26.0178,26.4089,25.5951,26.3877,2956400
2010-07-26,26.4458,27.1116,26.2292,27.0482,3857800
2010-07-27,27.3071,27.3811,26.7312,27.0429,3483300
2010-07-28,26.9637,27.3177,26.8316,26.9901,2919200
2010-07-29,27.2173,27.2860,26.4934,26.7629,2276900
2010-07-30,26.4617,27.0588,26.3930,26.9214,2746300
2010-08-02,27.3600,27.9042,27.2754,27.8249,3018300
2010-08-03,27.7562,27.7774,27.3599,27.5555,1955500
2010-08-04,27.6823,27.7615,27.4234,27.7510,2041300
2010-08-05,27.6030,27.7404,27.3441,27.4022,1847300
2010-08-06,27.1116,27.3600,26.8210,27.2754,1836100
2010-08-09,27.4128,27.6770,27.2437,27.5872,2914500
2010-08-10,27.3600,27.5977,27.0324,27.3177,2180200
2010-08-11,26.8633,26.9954,26.4141,26.6361,2688600
2010-08-12,26.2873,26.5727,26.1552,26.3032,2632600
2010-08-13,26.2873,26.4987,26.2186,26.3032,2208700
2010-08-16,26.1711,26.5198,26.0231,26.2820,1827400
2010-08-17,26.5410,27.0746,26.3824,26.8844,2290800
2010-08-18,26.9637,27.0905,26.6889,26.9108,1651800
2010-08-19,26.8316,26.8316,26.0760,26.2239,2883700
2010-08-20,26.0760,26.1764,25.8699,26.1394,1585400
2010-08-23,26.2451,26.3349,25.9914,26.0020,1535700
2010-08-24,25.6268,26.0707,25.4208,25.8963,2611500
2010-08-25,25.6797,26.4405,25.6427,26.3085,1817700
2010-08-26,26.4987,26.6519,26.1129,26.1499,2792800
2010-08-27,26.3137,26.6308,25.7589,26.5832,2298700
2010-08-30,26.5462,26.7787,26.3507,26.3771,1641900
2010-08-31,26.2926,26.6625,26.1499,26.5779,2804700
2010-09-01,26.8897,27.5132,26.8844,27.4445,2037800
2010-09-02,27.4709,27.8302,27.4022,27.7932,1990000
2010-09-03,28.1790,28.2159,27.9095,28.2001,2093000
2010-09-07,27.9623,28.0627,27.7351,27.7668,1728300
2010-09-08,27.7985,27.9993,27.7034,27.8249,2043200
2010-09-09,28.1156,28.1525,27.4181,27.5026,1428600
2010-09-10,27.5872,27.7774,27.4339,27.6506,1024300
2010-09-13,27.9148,28.1261,27.8249,28.1050,1611000
2010-09-14,28.0310,28.2054,27.8461,27.9993,1842800
2010-09-15,27.8619,28.3480,27.8302,28.2424,3981000
2010-09-16,28.1895,28.2899,27.9834,28.0944,1490300
2010-09-17,28.2159,28.3005,27.9253,28.1790,1287600
2010-09-20,28.2793,28.9821,28.2212,28.8659,1801800
2010-09-21,28.9398,28.9398,28.3797,28.4432,3266300
2010-09-22,28.2899,28.4907,28.0046,28.0574,2927100
2010-09-23,27.8355,27.8936,27.2596,27.3652,2352800
2010-09-24,27.7395,28.1500,27.6809,28.1394,3617600
2010-09-27,28.2460,28.2460,27.6595,27.7928,1765200
2010-09-28,27.8835,27.9741,27.3823,27.9048,1755000
2010-09-29,27.8675,27.8728,27.5849,27.6862,2032200
2010-09-30,27.9101,28.1607,27.5529,27.7662,2745600
2010-10-01,27.9314,28.0434,27.5582,27.9048,6097900
2010-10-04,27.8568,28.1607,27.8035,28.1607,5232900
2010-10-05,28.3153,28.7045,28.1607,28.6085,2061300
2010-10-06,28.5019,28.5765,28.3046,28.4539,2100000
2010-10-07,28.5765,28.7312,28.3953,28.5339,1283000
2010-10-08,28.5499,28.6832,28.3846,28.6139,1118100
2010-10-11,28.6512,28.7045,28.5339,28.6085,954600
2010-10-12,28.5286,28.8858,28.4059,28.8111,1686500
2010-10-13,28.8964,29.3709,28.8484,29.1097,1634600
2010-10-14,29.0564,29.2217,28.8538,29.0350,1587600
2010-10-15,29.1897,29.2803,28.9338,28.9977,1794000
2010-10-18,28.9871,29.4029,28.9551,29.3709,1638000
2010-10-19,29.0297,29.4509,28.9124,29.0084,1987000
2010-10-20,29.0670,29.8987,29.0670,29.6428,1958700
2010-10-21,29.8188,29.9521,29.4189,29.6108,1848300
2010-10-22,29.6961,29.8081,29.4136,29.6268,1147900
2010-10-25,29.8561,29.8561,29.6268,29.6801,1663900
2010-10-26,29.4562,29.5522,29.3069,29.4669,1669500
2010-10-27,29.3389,29.4616,29.0564,29.2590,2485700
2010-10-28,29.3976,29.5255,28.7951,29.0777,1185400
2010-10-29,29.0191,29.2003,28.9604,29.0830,1017800
2010-11-01,29.2216,29.6108,29.1470,29.3336,1263100
2010-11-02,29.5575,29.6268,29.3656,29.5362,1166400
2010-11-03,29.6482,29.6482,29.2803,29.5362,1589400
2010-11-04,29.8081,30.2719,29.7335,30.2186,1186500
2010-11-05,30.3252,30.7358,30.1013,30.5438,1534200
2010-11-08,30.4585,30.5492,30.1227,30.3786,1784400
2010-11-09,30.4532,30.5012,28.9444,29.1470,3078600
2010-11-10,29.2750,29.5255,29.1630,29.5095,1480000
2010-11-11,29.3229,29.5522,29.1897,29.2750,1305100
2010-11-12,29.1097,29.3549,28.8591,29.0031,1683700
2010-11-15,29.0670,29.2270,28.6778,28.7258,2017000
2010-11-16,28.5286,28.5446,27.5209,27.7395,3883400
2010-11-17,27.8088,28.1180,27.7022,27.9527,1503300
2010-11-18,28.4219,28.4699,28.1447,28.2033,2498900
2010-11-19,28.1234,28.4219,27.8994,28.3526,2001900
2010-11-22,28.2780,28.5232,28.2620,28.4273,1443200
2010-11-23,28.1074,28.2567,28.0327,28.2033,2671600
2010-11-24,28.4273,28.7898,28.4166,28.7472,1555400
2010-11-26,28.6192,28.8165,28.5605,28.6885,661100
2010-11-29,28.5392,28.7578,28.2780,28.6725,1620500
2010-11-30,28.4166,28.7205,28.3686,28.5445,1652000
2010-12-01,28.8964,28.8964,28.4753,28.7098,2195300
2010-12-02,28.8005,29.1737,28.7312,29.1523,1353800
2010-12-03,28.9497,29.2216,28.8804,29.1470,1589000
2010-12-06,29.1310,29.2749,28.8324,29.2056,1602500
2010-12-07,29.4882,29.5469,29.2643,29.2696,1773500
2010-12-08,29.3443,29.3816,28.6672,28.8378,2263600
2010-12-09,28.9497,29.0457,28.5179,28.5819,1487900
2010-12-10,28.6352,28.9497,28.5872,28.7685,2754600
2010-12-13,28.9337,29.0244,28.7845,28.8165,1023800
2010-12-14,28.8644,29.1150,28.4059,28.5339,1645800
2010-12-15,28.5072,28.7205,28.2140,28.2620,1447800
2010-12-16,28.3100,28.4433,28.1234,28.3100,1270200
2010-12-17,28.3579,28.5712,28.2833,28.5445,2871200
2010-12-20,28.6352,28.9817,28.6085,28.8858,2388500
2010-12-21,28.9604,29.2376,28.9337,29.1897,2927500
2010-12-22,29.1470,29.6002,29.1470,29.4136,1398000
2010-12-23,29.4242,29.5095,29.2696,29.2803,1241600
2010-12-27,29.2722,29.6549,29.1644,29.6441,1275200
2010-12-28,29.6980,29.8004,29.4932,29.7627,2919200
2010-12-29,29.7681,29.8759,29.6549,29.8220,1511400
2010-12-30,29.7735,30.0106,29.7735,29.9028,1229500
2010-12-31,29.8974,30.0483,29.8058,29.8435,1168500
2011-01-03,30.0537,30.4202,30.0376,30.3987,1957400
2011-01-04,30.4418,30.5227,29.6441,29.8166,2315700
2011-01-05,29.7249,29.9837,29.7195,29.9244,1512700
2011-01-06,30.0052,30.0106,29.6279,29.6441,1819300
2011-01-07,29.8004,29.8866,29.3746,29.6549,2001200
2011-01-10,29.5363,29.7196,29.3315,29.6495,1668400
2011-01-11,29.7573,29.8543,29.3800,29.5848,1237500
2011-01-12,29.8112,29.8327,29.5686,29.7088,1639600
2011-01-13,29.7142,29.8974,29.6387,29.8058,1200400
2011-01-14,29.7842,30.0052,29.7088,30.0052,1334300
2011-01-18,29.9944,30.2639,29.8597,30.2639,1348900
2011-01-19,30.2316,30.2532,29.7250,29.8651,2340800
2011-01-20,29.8220,30.0968,29.7250,29.8705,1934400
2011-01-21,29.9675,30.0052,29.8112,29.8920,1196800
2011-01-24,29.9352,30.1939,29.8381,30.0430,1143000
2011-01-25,29.9621,30.4041,29.8705,30.3933,1249600
2011-01-26,30.4849,30.5927,30.2693,30.4418,2310600
2011-01-27,30.7059,30.9916,30.5873,30.9215,1926600
2011-01-28,30.9592,31.0455,30.3286,30.4095,1404200
2011-01-31,30.5550,30.9107,30.5011,30.8137,1916800
2011-02-01,30.9970,31.0293,30.5927,30.8892,2400100
2011-02-02,30.8730,31.0886,30.8406,30.8892,1698300
2011-02-03,30.7760,31.0509,30.7221,30.9754,1294300
2011-02-04,31.0131,31.0455,30.6197,30.7490,1842700
2011-02-07,30.7921,31.0994,30.7329,31.0509,1361500
2011-02-08,31.0778,31.2341,31.0293,31.1856,1356800
2011-02-09,31.1425,31.2341,31.0455,31.2072,1702500
2011-02-10,31.1102,31.4066,31.1102,31.3365,1364800
2011-02-11,31.2988,31.5683,31.1748,31.5413,1355200
2011-02-14,31.5845,31.6437,31.3311,31.5467,1062000
2011-02-15,31.4282,31.5359,31.2611,31.4282,1198500
2011-02-16,31.5198,31.7461,31.3581,31.4982,1084400
2011-02-17,31.5036,31.6491,31.4605,31.5306,1011000
2011-02-18,31.5790,31.7407,31.5305,31.6545,1288000
2011-02-22,31.4120,31.7300,31.3096,31.3796,2159100
2011-02-23,31.3688,31.4874,30.9215,31.1155,1966800
2011-02-24,31.0778,31.1748,30.6304,30.8784,1586800
2011-02-25,31.0131,31.5251,31.0131,31.4820,1135900
2011-02-28,31.7408,32.2636,31.6869,32.2636,1725800
2011-03-01,32.2474,32.3390,31.2988,31.3042,3119700
2011-03-02,31.2611,31.3473,30.9053,31.0185,2400000
2011-03-03,31.3311,31.4766,31.2287,31.4659,1590100
2011-03-04,31.4443,31.5036,31.0077,31.1640,1681900
2011-03-07,31.2718,31.3689,30.7490,30.9377,1661400
2011-03-08,30.9916,31.5413,30.9431,31.3742,2228600
2011-03-09,31.3742,31.5144,31.1101,31.3419,1358600
2011-03-10,31.0832,31.1209,30.8299,30.8622,1704800
2011-03-11,30.7490,31.2341,30.7329,31.1748,1349400
2011-03-14,30.9916,31.0509,30.7382,30.8622,1673700
2011-03-15,30.2478,30.9107,30.1346,30.7005,2439500
2011-03-16,30.6951,30.7275,30.0376,30.2478,3176100
2011-03-17,30.6089,30.6951,30.2316,30.4795,1837500
2011-03-18,30.7383,30.9161,30.6412,30.7868,1887600
2011-03-21,31.0562,31.2557,30.9754,31.1209,1340600
2011-03-22,31.1263,31.1910,30.8299,30.9215,2793800
2011-03-23,30.8676,30.8676,30.3771,30.5819,1699400
2011-03-24,30.7652,30.8029,30.3825,30.7113,1466700
2011-03-25,30.8372,31.0870,30.7069,30.9513,2441500
2011-03-28,30.9838,31.0978,30.8318,30.9133,1843000
2011-03-29,30.9458,31.1033,30.6092,31.0381,2293200
2011-03-30,31.2119,31.5267,31.0761,31.4887,1832700
2011-03-31,31.4670,31.7928,31.4345,31.7439,3204000
2011-04-01,31.9122,32.0045,31.6245,31.7928,4149100
2011-04-04,31.8905,31.9068,31.7059,31.7710,1072600
2011-04-05,31.7385,31.9339,31.7005,31.8036,1248100
2011-04-06,31.9448,31.9448,31.7276,31.8199,1286500
2011-04-07,31.8525,31.8633,31.3204,31.4670,1773000
2011-04-08,31.5539,31.6788,31.1467,31.2390,2259700
2011-04-11,31.2987,31.5050,31.1576,31.2607,1335300
2011-04-12,31.1576,31.3530,31.1250,31.2064,1996500
2011-04-13,31.3584,31.3639,31.1033,31.1576,1212600
2011-04-14,31.0653,31.6733,31.0001,31.6082,1423500
2011-04-15,31.6951,32.0317,31.6245,32.0154,1408600
2011-04-18,31.7765,31.7765,31.5213,31.7276,1709900
2011-04-19,31.7928,32.0316,31.7656,31.9774,1096500
2011-04-20,32.2542,32.4008,32.0316,32.3520,1432600
2011-04-21,32.4388,32.5854,32.2108,32.5691,1746900
2011-04-25,32.6397,32.9057,32.4714,32.7863,1421400
2011-04-26,32.9057,33.1935,32.7211,33.0740,2700000
2011-04-27,33.1392,33.3509,33.0252,33.3183,1860300
2011-04-28,33.3618,33.8667,33.3292,33.7635,2348200
2011-04-29,33.8178,33.8504,33.1663,33.5681,1777800
2011-05-02,33.7309,33.8558,33.3346,33.6169,2434500
2011-05-03,33.5192,33.7635,32.9492,33.3292,2052900
2011-05-04,33.2749,33.3835,32.9817,33.1392,1650200
2011-05-05,32.9600,33.3618,32.8569,33.1175,1900000
2011-05-06,33.3509,33.4161,32.7320,32.8243,2277700
2011-05-09,32.8406,33.0795,32.6940,32.9926,983300
2011-05-10,33.1283,33.5572,33.1066,33.5138,1699400
2011-05-11,33.4921,33.5029,33.0523,33.1609,1736000
2011-05-12,33.0632,33.2640,32.7863,33.2152,1429800
2011-05-13,33.2966,33.2966,32.7809,32.8623,1482300
2011-05-16,32.7157,33.1229,32.6994,32.9112,2157000
2011-05-17,32.8134,32.9817,32.6940,32.9003,2183400
2011-05-18,32.8949,33.2532,32.7592,33.2206,1323700
2011-05-19,33.3618,33.5029,33.1012,33.3618,1324000
2011-05-20,33.2043,33.3401,32.9220,32.9546,1385200
2011-05-23,32.6180,32.7700,32.5311,32.6180,1809700
2011-05-24,32.6831,32.8406,32.5963,32.7157,1299400
2011-05-25,32.6506,33.0360,32.4225,32.8677,1411900
2011-05-26,32.8351,33.3943,32.7211,33.3075,1095800
2011-05-27,33.3944,33.5355,33.2532,33.4975,970600
2011-05-31,33.7581,34.0404,33.6332,34.0296,1691500
2011-06-01,33.9536,33.9916,33.0089,33.0523,2859300
2011-06-02,33.0523,33.3346,32.7591,32.8134,2122900
2011-06-03,32.4877,33.0958,32.4008,32.9437,1897800
2011-06-06,32.8894,32.9980,32.4442,32.4605,1172700
2011-06-07,32.6397,33.0957,32.5420,32.8026,1252000
2011-06-08,32.6614,33.0143,32.6343,32.7103,1509400
2011-06-09,32.8026,32.8243,32.2108,32.3574,1381600
2011-06-10,32.2108,32.2651,31.4942,31.5430,2011600
2011-06-13,31.6245,31.9014,31.4779,31.6733,1780800
2011-06-14,31.9828,32.2325,31.8905,32.1457,1163900
2011-06-15,31.8633,32.0371,31.3910,31.6299,1761700
2011-06-16,31.6353,32.0316,31.4290,31.8796,2077100
2011-06-17,32.2271,32.2760,31.8851,32.1837,1912800
2011-06-20,32.0805,32.6560,32.0805,32.5746,1968200
2011-06-21,32.7700,32.8623,32.5691,32.8297,1375400
2011-06-22,32.7591,33.0523,32.6994,32.7320,3467800
2011-06-23,32.2868,32.3357,31.7765,32.0697,2618700
2011-06-24,32.1458,32.3264,31.8665,32.0746,2083800
2011-06-27,32.0910,32.3319,32.0472,32.2115,2519000
2011-06-28,32.3155,32.5071,32.1074,32.4798,1278700
2011-06-29,32.6550,32.9014,32.4798,32.8192,2049000
2011-06-30,32.9287,33.0711,32.7590,32.9068,1960900
2011-07-01,32.9999,33.5639,32.9178,33.4708,1796700
2011-07-05,33.5693,33.8322,33.3120,33.7281,1693200
2011-07-06,33.6296,34.0293,33.5858,33.9800,1655200
2011-07-07,34.2373,34.4892,34.1935,34.4071,1530900
2011-07-08,34.0183,34.3742,33.9252,34.3633,1956000
2011-07-11,33.8760,34.0457,33.6898,33.7665,1878600
2011-07-12,33.6570,34.3523,33.5967,33.8814,2078400
2011-07-13,33.9745,34.0567,33.5201,33.5474,1853600
2011-07-14,33.6296,33.6789,33.0875,33.2354,1715800
2011-07-15,33.3668,33.6077,33.1423,33.6022,1526200
2011-07-18,33.5037,33.5584,33.0766,33.3668,1272400
2011-07-19,33.5693,33.9198,33.4543,33.9033,1363100
2011-07-20,34.0347,34.2100,33.8376,34.1497,1508500
2011-07-21,34.3359,34.6206,34.3304,34.4235,1373600
2011-07-22,34.4892,34.6699,34.3359,34.5932,1184400
2011-07-25,34.2100,34.4892,34.1059,34.2702,2624300
2011-07-26,34.2483,34.4728,34.0621,34.3468,1815200
2011-07-27,34.1552,34.2373,33.3558,33.3832,1794700
2011-07-28,33.3722,33.7391,33.0547,33.4160,2360300
2011-07-29,33.1204,33.4763,32.8302,33.4215,1982300
2011-08-01,33.8212,33.9472,32.6550,32.9178,2668900
2011-08-02,32.7042,32.8740,31.8282,31.8665,3298000
2011-08-03,31.9158,31.9213,30.7769,31.6037,4775700
2011-08-04,31.2642,31.3518,29.9830,30.0596,4629400
2011-08-05,30.3663,30.4375,28.8551,29.3095,7017600
2011-08-08,28.3130,28.7127,26.6759,26.7635,9058400
2011-08-09,27.1139,29.2548,26.8073,29.2000,8039400
2011-08-10,28.6634,29.9447,28.2856,28.5266,7527500
2011-08-11,28.7346,30.5798,28.5430,30.0049,4463100
2011-08-12,30.3717,30.8317,29.8352,29.9994,4019100
2011-08-15,30.2294,31.1219,30.1746,31.0945,2630500
2011-08-16,30.7714,31.2040,30.4812,31.0014,2688800
2011-08-17,31.1821,31.4832,30.8098,31.0890,2230600
2011-08-18,30.0377,30.3608,29.3752,29.7038,3488600
2011-08-19,29.1288,29.9392,29.0577,29.1343,3271400
2011-08-22,29.7914,29.8845,28.7565,29.1672,2213600
2011-08-23,29.2055,29.9118,29.0193,29.8844,2687800
2011-08-24,29.8187,30.3772,29.5450,30.2786,3095000
2011-08-25,30.4320,30.7988,29.3971,29.7147,2370800
2011-08-26,29.5559,30.1856,28.8770,30.0761,2829900
2011-08-29,30.4594,31.1328,30.4539,31.1054,1976900
2011-08-30,31.0452,31.4230,30.5524,31.1930,2705900
2011-08-31,31.4394,31.6968,31.1109,31.5435,3047600
2011-09-01,31.4832,31.7351,30.9467,31.0890,4270000
2011-09-02,30.4648,30.9083,30.2677,30.3553,3459400
2011-09-06,29.4190,30.3553,29.3807,30.2239,3163900
2011-09-07,30.6127,31.4011,30.2568,31.3628,1902000
2011-09-08,31.1383,31.5325,30.9795,31.1219,2395000
2011-09-09,30.8372,30.9850,29.8735,30.1473,2436900
2011-09-12,29.6709,30.2677,29.5888,30.2458,4245800
2011-09-13,30.4374,30.4484,29.9720,30.3170,2166300
2011-09-14,30.3882,30.7276,29.9392,30.5141,2115200
2011-09-15,30.9083,31.0507,30.5689,31.0178,2848800
2011-09-16,31.0343,31.3299,30.6291,31.3190,2019000
2011-09-19,30.7879,30.9302,30.5524,30.6346,1958600
2011-09-20,30.6072,31.0233,30.5031,30.6181,1546600
2011-09-21,30.5962,30.6510,28.9810,29.0029,2825000
2011-09-22,28.3842,28.7729,27.8531,28.2966,4405500
2011-09-23,28.1954,28.6045,28.0019,28.5050,2688200
2011-09-26,28.7538,28.9528,28.2839,28.9031,2246100
2011-09-27,29.4061,29.7323,29.0413,29.1905,1777600
2011-09-28,29.1297,29.4449,28.3944,28.4497,2241900
2011-09-29,28.9915,29.0634,28.4663,28.8920,2151600
2011-09-30,28.4166,28.9528,28.1180,28.1236,1970600
2011-10-03,27.8305,28.3502,26.7525,26.7967,5785500
2011-10-04,26.4208,27.9632,26.0393,27.8526,5508100
2011-10-05,27.9632,27.9632,26.4650,27.6149,8885500
2011-10-06,27.5873,28.4221,27.2943,28.3723,2513100
2011-10-07,28.5105,28.6432,27.5209,27.5817,2993000
2011-10-10,28.1125,28.9639,28.0572,28.9584,2280500
2011-10-11,28.7483,28.8533,28.2341,28.3834,2206200
2011-10-12,28.6653,29.2845,28.3834,28.8478,2634100
2011-10-13,28.7206,28.8975,28.0904,28.6598,1850000
2011-10-14,28.9694,29.4559,28.9086,29.3232,1685600
2011-10-17,29.2016,29.2016,28.5603,28.6875,1835000
2011-10-18,28.6488,29.8319,28.5935,29.6992,3158600
2011-10-19,29.6660,29.8595,29.2293,29.3564,2348600
2011-10-20,29.5941,29.5941,28.7925,29.5223,1965200
2011-10-21,29.8318,30.4953,29.8153,30.4953,1636200
2011-10-24,30.5727,31.2969,30.4289,31.2527,2858800
2011-10-25,30.9597,31.0979,30.6114,30.7441,2190500
2011-10-26,31.0039,31.1255,30.4787,30.9707,1919000
2011-10-27,32.0101,32.6846,31.5789,32.4413,2167600
2011-10-28,32.1483,32.5242,32.1041,32.5077,1971100
2011-10-31,32.1981,32.5629,31.8442,32.1428,2033500
2011-11-01,31.1532,31.8221,30.9541,31.1089,3614000
2011-11-02,31.5733,31.9659,31.1421,31.7060,2302500
2011-11-03,32.0930,32.2257,31.2306,32.1428,2155400
2011-11-04,31.8774,31.9438,31.3467,31.8829,1500600
2011-11-07,31.8387,32.2699,31.4572,31.8885,1661500
2011-11-08,32.0654,32.3363,31.3522,32.3031,1250100
2011-11-09,31.5678,31.7392,30.7551,30.8270,1950700
2011-11-10,31.1421,31.2969,30.6280,30.8215,2765200
2011-11-11,31.1919,31.7447,31.0205,31.6507,1796700
2011-11-14,31.5015,31.5457,30.8546,31.0647,2019900
2011-11-15,30.9044,31.5181,30.7551,31.2969,1725800
2011-11-16,30.9929,31.4794,30.9210,30.9984,1466300
2011-11-17,30.9486,30.9873,30.2410,30.4289,2401000
2011-11-18,30.6169,30.6777,30.2686,30.6224,1924800
2011-11-21,30.1746,30.1746,29.6605,29.8484,2054100
2011-11-22,29.7268,29.9922,29.5167,29.7102,2021300
2011-11-23,29.4614,29.4614,28.7814,28.8146,1728000
2011-11-25,28.7483,29.4670,28.6875,28.9418,680200
2011-11-28,29.7876,29.9479,29.3453,29.5886,1721900
2011-11-29,29.6328,29.7710,29.3730,29.5444,1794100
2011-11-30,30.3018,30.9597,30.2741,30.9210,2171600
2011-12-01,30.9099,30.9099,30.3626,30.6667,2356400
2011-12-02,30.8657,31.1587,30.6114,30.6390,1374500
2011-12-05,31.0592,31.2361,30.6777,30.8988,1362900
2011-12-06,30.8546,31.0371,30.6390,30.8491,2075500
2011-12-07,30.8159,31.2969,30.5340,31.1863,1675500
2011-12-08,30.9707,31.0702,30.4123,30.4787,1642200
2011-12-09,30.6943,31.2969,30.5782,31.1476,1221700
2011-12-12,30.8768,30.8768,30.3350,30.5948,1710100
2011-12-13,30.7496,31.0205,30.0806,30.2354,1555200
2011-12-14,30.1249,30.7330,30.0198,30.4124,2213400
2011-12-15,30.6888,31.0481,30.6058,30.9210,1268500
2011-12-16,31.0481,31.5180,30.9928,31.2637,1749800
2011-12-19,31.3190,31.4407,30.9099,30.9928,1366200
2011-12-20,31.4296,31.9659,31.3356,31.9327,1248400
2011-12-21,31.9161,32.0322,31.6618,31.9216,2621500
2011-12-22,32.0377,32.5464,31.9659,32.3805,1388200
2011-12-23,32.5884,32.6108,32.2922,32.5214,2307400
2011-12-27,32.4766,32.8959,32.2978,32.6667,1173200
2011-12-28,32.7338,32.7673,32.2586,32.2754,1359300
2011-12-29,32.3648,32.6332,32.2698,32.5605,948500
2011-12-30,32.6276,32.8176,32.4096,32.4207,1969300
2012-01-03,33.0077,33.3431,32.4152,32.6947,6177500
2012-01-04,32.4766,32.5605,32.0406,32.1357,2393900
2012-01-05,32.1301,32.5046,31.8785,32.4375,1805000
2012-01-06,32.5214,32.6108,32.1804,32.3313,1337800
2012-01-09,32.4263,32.4878,32.1357,32.2195,1537200
2012-01-10,32.5940,32.7841,32.5270,32.5773,1558300
2012-01-11,32.5270,32.8679,32.4319,32.8065,1407000
2012-01-12,32.7785,32.8568,32.3704,32.5661,1734500
2012-01-13,32.4208,32.6443,32.2363,32.6388,1534700
2012-01-17,32.9630,33.1418,32.7785,32.9071,1450300
2012-01-18,32.9574,33.2480,32.8791,33.1362,1522000
2012-01-19,33.2648,33.3878,33.0971,33.2648,1277300
2012-01-20,33.2984,33.5052,33.0692,33.4716,1352900
2012-01-23,33.5778,33.7623,33.4101,33.6337,1238800
2012-01-24,33.5275,33.8909,33.4157,33.8909,1820800
2012-01-25,33.8685,34.3548,33.7343,34.3269,1499400
2012-01-26,34.5001,34.7237,34.4051,34.5672,1620800
2012-01-27,34.4666,34.6846,34.2933,34.5784,1498300
2012-01-30,34.4219,34.4219,34.1536,34.3213,2355500
2012-01-31,34.5057,34.5672,34.2654,34.4890,2069500
2012-02-01,34.7740,34.8803,34.6343,34.8299,3222200
2012-02-02,34.8579,34.9138,34.7237,34.9082,2712600
2012-02-03,35.2045,35.4113,35.0647,35.3945,2698900
2012-02-06,35.3051,35.3889,35.0815,35.2827,1778100
2012-02-07,35.2715,35.3274,35.1206,35.1933,1985800
2012-02-08,35.2548,35.4113,35.0088,35.2548,1735200
2012-02-09,35.3274,35.3666,34.7908,34.9976,1438000
2012-02-10,34.7126,34.9082,34.5672,34.6734,1675200
2012-02-13,34.8635,35.1150,34.8244,35.0256,1842100
2012-02-14,35.0088,35.0647,34.4554,34.6678,1866500
2012-02-15,34.7796,34.7796,34.3436,34.4610,1969800
2012-02-16,34.5952,34.8914,34.3883,34.8243,2318000
2012-02-17,34.9362,34.9362,34.6119,34.8523,1695100
2012-02-21,34.9250,34.9641,34.1759,34.3101,2815800
2012-02-22,34.2877,34.4275,33.9747,34.0194,2261300
2012-02-23,33.9803,34.4610,33.9747,34.4442,2453200
2012-02-24,34.5393,34.6119,34.2710,34.4890,1810800
2012-02-27,34.2989,34.5505,34.0083,34.4331,2002800
2012-02-28,34.5337,34.5784,34.1256,34.2318,2381700
2012-02-29,34.3213,34.4834,34.0362,34.0921,3013500
2012-03-01,34.1256,34.3884,34.0977,34.2989,3386900
2012-03-02,34.2207,34.4387,34.1312,34.2486,1860100
2012-03-05,34.2374,34.5952,34.0865,34.5952,1830300
2012-03-06,34.1871,34.4834,34.0697,34.1368,2236400
2012-03-07,34.2933,34.3324,33.9020,34.3213,1367200
2012-03-08,34.4051,34.4331,34.0474,34.1424,1454200
2012-03-09,34.2430,34.4331,34.0977,34.3101,1621800
2012-03-12,34.2933,34.6623,34.2933,34.5616,2644800
2012-03-13,34.7405,35.3163,34.6958,35.2604,2407300
2012-03-14,35.3051,35.4001,34.9473,35.1653,2280800
2012-03-15,35.2492,35.2492,34.9809,35.1150,1595600
2012-03-16,35.1653,35.3498,35.1094,35.3163,1799600
2012-03-19,35.3163,35.7579,35.1821,35.5622,2106100
2012-03-20,35.3442,35.6516,35.3386,35.5119,1795700
2012-03-21,35.5734,35.6293,35.4504,35.4616,1515200
2012-03-22,35.2604,35.2604,34.7629,34.9753,3203400
2012-03-23,35.0088,35.3666,34.8523,35.1933,2495000
2012-03-26,35.5043,35.6790,35.3804,35.6057,1630000
2012-03-27,35.6790,35.8255,35.5438,35.6114,3449500
2012-03-28,35.6227,35.6396,35.1944,35.5550,1573800
2012-03-29,35.3296,35.6001,35.1268,35.5719,1530300
2012-03-30,35.7128,35.9438,35.6565,35.8649,2059900
2012-04-02,35.9100,36.1579,35.7748,36.1185,6716800
2012-04-03,36.1016,36.1692,35.8368,35.9776,2338900
2012-04-04,35.7072,35.7635,35.4367,35.5832,2045700
2012-04-05,35.4874,35.6170,35.3184,35.4480,2925300
2012-04-09,35.0310,35.2282,34.8394,35.0704,1126900
2012-04-10,35.0761,35.1719,34.2816,34.3154,2670600
2012-04-11,34.6535,34.7662,34.4732,34.7549,1917300
2012-04-12,34.8281,35.2507,34.6704,35.2338,1373400
2012-04-13,35.1831,35.2902,34.9465,35.0873,2097600
2012-04-16,35.3015,35.7748,35.1944,35.5663,1973400
2012-04-17,35.7860,36.0227,35.5099,35.8706,1524000
2012-04-18,35.7917,35.8649,35.6283,35.6283,1278100
2012-04-19,35.6734,35.8480,35.4592,35.6283,2543700
2012-04-20,35.7804,36.2087,35.7184,36.0622,1649700
2012-04-23,35.8142,35.8311,35.4480,35.6903,1764500
2012-04-24,35.7466,36.2481,35.7241,36.2256,2618500
2012-04-25,36.4510,36.6538,36.3946,36.6425,2191000
2012-04-26,36.5805,36.8172,36.4397,36.7327,1885400
2012-04-27,36.9074,37.0539,36.6313,36.9862,2058500
2012-04-30,36.9355,36.9806,36.6425,36.8905,2165000
2012-05-01,36.9355,37.5779,36.8904,37.2905,3024200
2012-05-02,37.1158,37.3131,36.8792,37.2342,1801900
2012-05-03,37.3525,37.4145,37.0708,37.1046,2099900
2012-05-04,36.9581,36.9806,36.6538,36.7778,1480000
2012-05-07,36.6651,37.1215,36.6256,37.0370,1574000
2012-05-08,36.8285,37.0144,36.6256,36.9693,1610900
2012-05-09,36.6763,37.1102,36.5580,36.8510,2729800
2012-05-10,37.0877,37.1328,36.6313,36.8792,2346300
2012-05-11,36.6876,37.0933,36.5975,36.9581,2780400
2012-05-14,36.5580,36.8454,36.4679,36.4904,2759300
2012-05-15,36.5129,36.5298,36.1974,36.2988,2525400
2012-05-16,36.4678,36.4678,35.8368,35.8987,2051300
2012-05-17,35.8875,35.9044,34.8507,34.8507,3341500
2012-05-18,34.9634,35.1324,34.3210,34.4281,2888400
2012-05-21,34.5013,35.2395,34.4563,35.1775,2124900
2012-05-22,35.3127,35.4592,35.0761,35.2451,1767400
2012-05-23,34.9972,35.3803,34.6816,35.2958,2668900
2012-05-24,35.4311,35.6226,35.0366,35.4536,1369500
2012-05-25,35.4029,35.5945,35.2000,35.3127,1383000
2012-05-29,35.5269,35.8480,35.4423,35.8142,1423600
2012-05-30,35.5663,35.6170,34.9634,34.9634,1484000
2012-05-31,35.0310,35.5043,34.6647,35.2282,2127000
2012-06-01,34.7098,34.8225,34.2929,34.3661,3453800
2012-06-04,34.3492,34.4450,33.8872,34.1294,3573700
2012-06-05,33.9829,34.8958,33.9773,34.8338,2871000
2012-06-06,35.1099,35.6057,34.9352,35.6057,6758200
2012-06-07,35.9269,35.9889,35.3015,35.3522,2191500
2012-06-08,35.3297,35.8537,35.2733,35.8537,1696000
2012-06-11,36.1523,36.2143,35.0028,35.0479,2074000
2012-06-12,35.2113,35.4198,34.8732,35.3803,1951500
2012-06-13,35.2677,35.6452,35.0535,35.2000,1600500
2012-06-14,35.2395,35.8537,35.2113,35.7128,1532600
2012-06-15,35.8480,35.9776,35.6283,35.9326,1319900
2012-06-18,35.7692,36.4171,35.7015,36.2312,1754000
2012-06-19,36.4059,36.6087,36.0903,36.3777,2485300
2012-06-20,36.4228,36.5242,36.1467,36.3608,2001800
2012-06-21,36.4340,36.4791,35.7128,35.7691,3072600
2012-06-22,35.9269,36.0227,35.5381,35.7748,2204200
2012-06-25,35.4049,35.7060,35.3311,35.5924,3700200
2012-06-26,35.6776,35.8992,35.4731,35.7117,2121600
2012-06-27,35.8026,35.9333,35.6606,35.8537,1694800
2012-06-28,35.7174,36.2514,35.5299,36.2457,1726500
2012-06-29,36.9048,37.1945,36.7286,37.1718,2215800
2012-07-02,37.4615,37.5922,37.1150,37.5808,3891600
2012-07-03,37.6774,37.8876,37.5354,37.8024,1586100
2012-07-05,37.7399,37.8649,37.4899,37.5695,1407800
2012-07-06,37.2570,37.7229,37.2570,37.6604,1617000
2012-07-09,37.6604,37.7456,37.4899,37.7001,1785700
2012-07-10,37.8876,37.8933,37.0922,37.2968,1534000
2012-07-11,37.3479,37.4104,37.0809,37.3365,1630900
2012-07-12,37.1547,37.6376,36.9729,37.4502,2271800
2012-07-13,37.5695,37.9558,37.5126,37.9103,1484600
2012-07-16,37.8819,38.0864,37.7797,37.9842,1789000
2012-07-17,38.2058,38.4671,37.8365,38.3478,2007300
2012-07-18,38.2967,38.3535,37.9956,38.1205,1690200
2012-07-19,38.1376,38.2626,37.4672,37.7229,2365200
2012-07-20,37.4445,37.6376,37.3536,37.5240,1475600
2012-07-23,37.0809,37.3536,36.9957,37.2513,1342000
2012-07-24,37.2968,37.4388,36.8877,37.1263,1941200
2012-07-25,37.3024,37.3592,36.9104,37.1093,1350800
2012-07-26,37.5808,37.7342,37.2172,37.4388,1365900
2012-07-27,37.6717,38.0694,37.5979,37.7967,1469300
2012-07-30,37.8478,38.1092,37.7853,37.9728,1370800
2012-07-31,38.0126,38.0524,37.7910,37.9160,1782500
2012-08-01,38.1319,38.3364,37.7342,37.7342,2666100
2012-08-02,37.7228,37.9103,37.4501,37.8421,1637600
2012-08-03,38.2001,38.2967,38.0751,38.1376,1730800
2012-08-06,38.2853,38.3762,38.0978,38.0978,1768200
2012-08-07,38.2285,38.2285,37.6490,37.6490,2471600
2012-08-08,37.5581,37.6319,37.2684,37.3933,1899300
2012-08-09,37.4331,37.5410,37.2115,37.2740,1324000
2012-08-10,37.2059,37.3422,37.1547,37.3252,987000
2012-08-13,37.3081,37.3820,37.0979,37.2968,1448400
2012-08-14,37.4218,37.4331,37.1547,37.2172,1586100
2012-08-15,37.1718,37.4558,37.1718,37.3877,1079200
2012-08-16,37.4161,37.6717,37.2115,37.6717,1362700
2012-08-17,37.7001,37.7228,37.5410,37.6831,1773500
2012-08-20,37.6888,37.7456,37.3877,37.5751,2710100
2012-08-21,37.7115,37.7683,37.5751,37.6547,1429600
2012-08-22,37.5808,37.6490,37.2172,37.6319,1893100
2012-08-23,37.5751,37.6490,37.3820,37.5183,2421000
2012-08-24,37.4842,37.7456,37.3422,37.6433,1946500
2012-08-27,37.7853,37.8422,37.5695,37.7569,1191000
2012-08-28,37.6717,37.9217,37.5524,37.8876,1189900
2012-08-29,37.9615,37.9785,37.8024,37.8762,1198700
2012-08-30,37.7626,37.8592,37.6490,37.7910,1375000
2012-08-31,37.9615,37.9955,37.6092,37.9103,2484900
2012-09-04,37.9160,38.2171,37.6433,38.1773,1714000
2012-09-05,38.2285,38.2625,37.9444,38.1092,1612500
2012-09-06,38.2796,38.4557,38.2512,38.4500,2373700
2012-09-07,38.5296,38.5864,38.4046,38.4841,1648300
2012-09-10,38.4273,38.4387,38.1319,38.1830,3773600
2012-09-11,38.1773,38.3137,38.0751,38.2967,3574500
2012-09-12,38.3307,38.4216,38.2114,38.3762,3416200
2012-09-13,38.4160,38.9045,38.3591,38.8477,4467500
2012-09-14,38.9386,39.3136,38.9216,39.0636,4855800
2012-09-17,39.0807,39.2624,38.8989,38.9500,2430200
2012-09-18,38.8307,38.8648,38.4557,38.5807,2344400
2012-09-19,38.6148,38.6432,38.3648,38.3648,1972600
2012-09-20,38.1944,38.2001,37.6604,37.7967,4285400
2012-09-21,37.8592,37.9274,37.7683,37.8024,6134600
2012-09-24,37.6392,37.9370,37.6220,37.6621,4512700
2012-09-25,37.7823,37.8110,37.0895,37.1066,5153600
2012-09-26,37.0723,37.3242,37.0322,37.1009,2693300
2012-09-27,37.2498,37.5189,37.1295,37.2612,1542000
2012-09-28,37.1753,37.3758,36.9864,37.2040,2903500
2012-10-01,37.2784,37.3987,36.5455,36.9291,5154300
2012-10-02,37.0379,37.2097,36.8833,37.2097,2511100
2012-10-03,37.2612,37.6106,37.2212,37.2842,2928600
2012-10-04,37.4617,37.5762,37.0952,37.2727,2258000
2012-10-05,37.3071,37.5189,37.1983,37.3185,1636300
2012-10-08,37.1238,37.2555,37.0608,37.2384,1825600
2012-10-09,37.2498,37.4273,37.0895,37.1009,2292200
2012-10-10,37.1467,37.3300,37.0379,37.2498,1984800
2012-10-11,37.4273,37.5247,37.2212,37.2212,1537800
2012-10-12,37.2842,37.4330,37.0551,37.0895,1741200
2012-10-15,37.1009,37.3586,36.9119,37.3357,2209900
2012-10-16,37.4789,37.6277,37.4502,37.5647,2355800
2012-10-17,37.3987,37.5361,37.2154,37.4617,2665300
2012-10-18,37.4044,37.8568,37.4044,37.8453,2155900
2012-10-19,37.8281,37.9770,37.4731,37.5304,2046100
2012-10-22,37.5018,37.5361,37.1238,37.3414,1642900
2012-10-23,37.0723,37.1410,36.7001,36.9635,1976200
2012-10-24,37.0608,37.1925,36.8203,36.9348,1701100
2012-10-25,37.1410,37.3071,36.4653,36.8318,2028200
2012-10-26,36.8203,36.8203,36.3049,36.5111,2320000
2012-10-31,36.6714,36.9005,36.4997,36.8661,2616900
2012-11-01,36.9349,37.1925,36.7745,37.0437,2311200
2012-11-02,37.2555,37.5476,37.2269,37.2899,2587100
2012-11-05,37.2899,37.3357,36.8203,37.0437,1633100
2012-11-06,37.1753,37.2784,36.9635,37.2040,1415100
2012-11-07,36.9978,37.1868,36.8604,37.0379,2476300
2012-11-08,37.0494,37.0494,36.5913,36.5970,1793200
2012-11-09,36.5225,36.7573,36.3336,36.4996,2400500
2012-11-12,36.5684,36.6027,36.2763,36.4138,1182200
2012-11-13,36.2763,36.5970,36.2191,36.3851,1648100
2012-11-14,36.5397,36.5397,35.5892,35.7037,2489400
2012-11-15,35.7209,35.9213,35.3257,35.5376,3151600
2012-11-16,35.5663,35.7896,35.3086,35.7552,2446300
2012-11-19,36.1503,36.2992,35.9614,36.1961,2112300
2012-11-20,36.2477,36.4653,35.9957,36.4653,2490200
2012-11-21,36.4882,36.5684,36.2133,36.4023,1954000
2012-11-23,36.5340,36.7001,36.4195,36.6714,921500
2012-11-26,36.5913,36.9978,36.4767,36.7459,3668600
2012-11-27,36.4538,36.8719,36.2248,36.5397,5494200
2012-11-28,36.4767,36.5340,36.1389,36.4939,5931100
2012-11-29,36.7230,36.7344,36.3851,36.6943,3011100
2012-11-30,36.7058,36.9463,36.6657,36.7688,3312300
2012-12-03,36.9234,37.1353,36.8089,36.9177,3735500
2012-12-04,36.8661,37.1696,36.8432,36.9749,2379700
2012-12-05,36.9978,37.0436,36.7230,36.8604,2487100
2012-12-06,36.9692,37.2154,36.8489,37.2040,2335500
2012-12-07,37.2498,37.3471,37.1811,37.3414,2812900
2012-12-10,37.3930,37.5018,37.2498,37.3242,1934200
2012-12-11,37.4617,37.5189,37.3357,37.4159,2086900
2012-12-12,37.5247,37.6106,37.1639,37.3128,2335300
2012-12-13,37.2212,37.3586,36.9062,37.0265,2614500
2012-12-14,37.0322,37.1181,36.9291,37.0208,2544500
2012-12-17,37.1925,37.2555,37.0207,37.2154,2315800
2012-12-18,37.3357,37.5991,37.2555,37.5991,2532300
2012-12-19,37.7709,37.7881,37.5304,37.5476,3408800
2012-12-20,37.4960,38.0572,37.4960,38.0400,2695600
2012-12-21,37.7251,38.1145,37.6106,37.9770,2252500
2012-12-24,38.0043,38.1434,37.8420,38.0275,1802600
2012-12-26,38.2013,38.2013,37.7551,37.8478,1724100
2012-12-27,37.9115,38.0564,37.5638,37.9869,2305800
2012-12-28,37.8710,38.0912,37.7087,37.7377,1990300
2012-12-31,37.7435,38.1434,37.6102,38.1376,3718700
2013-01-02,38.7925,38.8853,38.3752,38.6129,5286400
2013-01-03,38.6129,38.7983,38.5375,38.6071,3571000
2013-01-04,38.7230,38.8041,38.5549,38.7867,2338700
2013-01-07,38.7983,38.9027,38.6940,38.8737,2243600
2013-01-08,38.8795,38.9490,38.6824,38.7983,1533700
2013-01-09,38.9259,38.9606,38.7925,38.9085,2134400
2013-01-10,39.0418,39.1519,38.7983,38.9490,2824100
2013-01-11,39.0012,39.0476,38.7751,38.9258,2022000
2013-01-14,39.0302,39.0418,38.9200,39.0360,1787200
2013-01-15,39.0012,39.2736,38.9200,39.2214,2101400
2013-01-16,39.1577,39.1983,39.0534,39.1751,2384800
2013-01-17,39.3431,39.3663,39.2504,39.2968,2421900
2013-01-18,39.3490,39.4649,39.2157,39.4649,2277500
2013-01-22,39.4996,39.6735,39.4185,39.6677,2187400
2013-01-23,39.6909,39.7199,39.5634,39.6561,2383100
2013-01-24,39.7605,39.8416,39.6040,39.7373,2346200
2013-01-25,39.8764,39.9865,39.7663,39.9633,2095600
2013-01-28,40.0908,40.1604,39.8822,40.0677,3364700
2013-01-29,40.0908,40.1836,40.0271,40.1836,2343700
2013-01-30,40.1720,40.1720,39.7257,39.8010,1872600
2013-01-31,39.7141,39.7663,39.4649,39.5634,2186400
2013-02-01,39.7721,39.9112,39.6156,39.7952,3376600
2013-02-04,39.6561,39.8590,39.5808,39.7025,2827500
2013-02-05,39.8474,39.8706,39.5576,39.6098,2401200
2013-02-06,39.5170,39.7547,39.4301,39.7489,8277600
2013-02-07,39.7489,39.8184,39.4765,39.5808,1793400
2013-02-08,39.6677,39.9459,39.6272,39.9459,2799900
2013-02-11,39.9053,40.0445,39.8764,40.0039,2177700
2013-02-12,40.0850,40.3111,39.9981,40.3053,2357700
2013-02-13,40.4038,40.4154,40.1720,40.2821,2525900
2013-02-14,40.2647,40.2763,40.0908,40.1140,2169200
2013-02-15,40.1836,40.1894,39.9749,40.1314,1504200
2013-02-19,40.2531,40.4560,40.2010,40.4502,1673700
2013-02-20,40.4734,40.6125,40.1894,40.1894,1764500
2013-02-21,40.1720,40.2010,39.7953,39.8880,2185700
2013-02-22,40.0792,40.2879,40.0155,40.2879,1941400
2013-02-25,40.4212,40.4676,39.5228,39.5228,2550400
2013-02-26,39.7257,39.9054,39.4823,39.7952,2382800
2013-02-27,39.8532,40.2705,39.7373,40.0851,1551400
2013-02-28,40.0850,40.2589,40.0271,40.0445,4566400
2013-03-01,39.9401,40.2299,39.7373,40.1778,3862400
2013-03-04,40.1546,40.5835,40.1546,40.4792,3141000
2013-03-05,40.6588,40.8849,40.4734,40.7979,2835800
2013-03-06,40.9254,41.0008,40.5255,40.6762,3021800
2013-03-07,40.8095,40.8095,40.4502,40.4850,1923300
2013-03-08,40.6994,40.7052,40.2995,40.5545,2473300
2013-03-11,40.5545,40.6415,40.4038,40.5893,1712600
2013-03-12,40.6472,40.6472,40.3690,40.4386,2190100
2013-03-13,40.4560,40.5893,40.3169,40.4792,1785000
2013-03-14,40.5429,40.7864,40.4908,40.7342,2647700
2013-03-15,40.6936,40.8443,40.5255,40.8269,2243800
2013-03-18,40.5023,40.7342,40.4966,40.6009,2398300
2013-03-19,40.6183,40.7052,40.1488,40.4038,3055200
2013-03-20,40.5603,40.6125,40.3922,40.5313,3110100
2013-03-21,40.3980,40.6878,40.3806,40.4096,1723800
2013-03-22,40.5346,40.6748,40.4528,40.6222,3143500
2013-03-25,40.6923,40.8850,40.5463,40.6280,2676500
2013-03-26,40.7390,41.0077,40.7390,40.9785,1722600
2013-03-27,40.8558,41.0544,40.7682,41.0544,2463100
2013-03-28,41.0953,41.2238,40.9435,41.1946,2632300
2013-04-01,41.2705,41.3348,40.9493,41.3173,2501200
2013-04-02,41.4574,41.6443,41.3465,41.4458,2546100
2013-04-03,41.5859,41.6268,41.2121,41.2997,2215900
2013-04-04,41.3757,42.0181,41.3289,41.9714,1905200
2013-04-05,41.5976,42.1992,41.5217,42.1992,2288300
2013-04-08,42.2167,42.5789,41.9539,42.5380,1773500
2013-04-09,42.6898,42.7249,42.3219,42.5438,2537900
2013-04-10,42.7074,42.8767,42.5789,42.8066,2088000
2013-04-11,42.9001,43.2681,42.7833,43.0578,2425000
2013-04-12,43.0520,43.1863,42.9351,43.1629,1618800
2013-04-15,43.0169,43.1162,42.2693,42.2693,3345500
2013-04-16,42.5730,43.0169,42.2518,42.9702,3296300
2013-04-17,42.8125,42.8592,42.2109,42.5146,3039700
2013-04-18,42.6081,42.6489,42.2459,42.4504,2616900
2013-04-19,42.6081,43.1337,42.4971,43.1045,1621200
2013-04-22,43.2272,43.2681,42.8008,43.0461,2638500
2013-04-23,43.2564,43.3732,42.9760,43.2856,3312300
2013-04-24,43.3265,43.4550,43.1921,43.3790,1750700
2013-04-25,43.4375,43.4608,42.9994,43.2330,2981700
2013-04-26,43.1921,43.3849,43.0520,43.0928,2601000
2013-04-29,43.4316,43.4959,43.1337,43.4608,1889800
2013-04-30,43.4842,43.9748,43.4374,43.9689,2439700
2013-05-01,44.0332,44.0565,43.5309,43.6185,6260100
2013-05-02,43.6828,44.0799,43.6828,43.9047,2590600
2013-05-03,44.2026,44.3136,43.9923,44.0799,2878800
2013-05-06,44.0858,44.3428,44.0858,44.3077,2427700
2013-05-07,44.3720,44.5764,44.2201,44.5530,2442800
2013-05-08,44.5005,44.6698,44.3311,44.5764,2703100
2013-05-09,44.4771,44.5881,44.2201,44.2843,2255800
2013-05-10,44.4129,44.4888,44.2435,44.4479,1706300
2013-05-13,44.4245,44.6874,44.4128,44.6582,2114100
2013-05-14,44.6698,44.9443,44.6523,44.8217,2081600
2013-05-15,44.8567,45.2656,44.6465,45.2656,2836800
2013-05-16,45.2013,45.3883,44.8918,45.0320,2485200
2013-05-17,45.1429,45.3065,45.0028,45.2831,1717700
2013-05-20,45.3590,45.4233,45.1897,45.3882,2534100
2013-05-21,45.4992,45.7504,45.4817,45.6452,2321300
2013-05-22,45.5752,46.0599,44.2435,44.5355,5514100
2013-05-23,44.1734,44.1734,43.4258,43.7003,5071800
2013-05-24,43.5484,43.6769,43.0928,43.5893,3020000
2013-05-28,44.0916,44.1559,42.9585,43.2155,3666200
2013-05-29,42.8767,42.9118,41.7845,42.2985,5983200
2013-05-30,42.2343,42.6081,41.8546,41.9013,3753500
2013-05-31,41.7495,42.1466,41.3231,41.3406,6474200
2013-06-03,41.3289,41.7612,40.9435,41.5743,6934600
2013-06-04,41.6327,41.7495,40.9960,40.9960,4116400
2013-06-05,40.9142,41.1596,40.5346,40.6573,4197000
2013-06-06,40.6864,41.3581,40.3886,41.3114,5111000
2013-06-07,41.4399,41.5451,40.7390,41.3173,3588900
2013-06-10,41.4107,41.4458,40.8734,40.9610,3347500
2013-06-11,40.5054,40.8558,40.3360,40.3535,4747000
2013-06-12,40.5813,40.6631,39.6760,39.8045,3558600
2013-06-13,39.6351,40.9668,39.6001,40.8383,4603500
2013-06-14,40.8792,41.4925,40.7332,40.9902,3547000
2013-06-17,41.2881,41.5159,40.8442,41.1070,4148100
2013-06-18,41.1713,41.5859,40.9435,41.3173,4303700
2013-06-19,41.1829,41.4283,39.9213,40.0498,4929600
2013-06-20,39.5884,39.6643,38.1925,38.3852,8148100
2013-06-21,38.6831,39.2321,38.2042,38.9050,7812200
2013-06-24,38.2275,39.5661,37.9032,38.7287,8414700
2013-06-25,39.1769,39.6132,38.7346,39.3774,11383300
2013-06-26,39.8196,40.0791,39.7017,39.9729,6721700
2013-06-27,40.2972,40.7925,40.2206,40.7748,5114900
2013-06-28,40.6215,40.8928,40.3267,40.5213,6234200
2013-07-01,40.8397,40.9989,40.3149,40.4328,3141000
2013-07-02,40.4918,41.0873,40.0495,41.0520,3707600
2013-07-03,40.9164,40.9164,40.2972,40.7808,2446400
2013-07-05,40.7748,40.8397,39.7253,40.5862,2506100
2013-07-08,40.7395,41.0166,40.5921,40.6274,2918000
2013-07-09,40.8633,41.3586,40.6687,41.2053,1955900
2013-07-10,41.1994,41.3232,40.8928,41.2230,3267800
2013-07-11,41.8362,42.2608,41.7006,42.2195,3844300
2013-07-12,42.3551,42.3964,41.7950,41.9601,3398200
2013-07-15,42.0898,42.2726,41.8893,42.1370,2942200
2013-07-16,42.0898,42.3374,42.0485,42.1664,2946400
2013-07-17,42.3551,42.4377,42.1134,42.3197,2209600
2013-07-18,42.5084,42.6971,42.3198,42.6794,1931600
2013-07-19,42.6382,42.7561,42.4672,42.6500,1864400
2013-07-22,42.6794,42.8622,42.5143,42.7797,1934800
2013-07-23,42.9153,42.9625,42.5792,42.7325,1402800
2013-07-24,42.8092,42.8681,41.6122,41.9011,3115300
2013-07-25,41.8598,42.0308,41.6240,41.9660,1760800
2013-07-26,41.8362,42.0721,41.6652,42.0013,1586800
2013-07-29,41.9070,42.1016,41.6240,41.6888,3562300
2013-07-30,41.8067,42.0603,41.4235,41.5650,2362600
2013-07-31,41.4707,41.7065,40.5508,40.8869,3443900
2013-08-01,41.0461,41.1640,40.6216,40.7277,3445000
2013-08-02,40.8279,40.8928,40.5154,40.5272,2578300
2013-08-05,40.4151,40.6746,40.3739,40.4977,2831300
2013-08-06,40.4505,40.6687,40.2913,40.3562,3889300
2013-08-07,40.4741,40.5095,40.0496,40.2500,2021200
2013-08-08,40.3739,40.4741,40.0555,40.2677,2476400
2013-08-09,40.2147,40.8515,40.1557,40.6215,2893000
2013-08-12,40.5744,40.5744,40.1498,40.3326,2709000
2013-08-13,40.3326,40.3916,39.6663,39.7783,3778200
2013-08-14,39.7429,39.8727,39.5955,39.6250,2538300
2013-08-15,39.3007,39.4010,38.7523,38.8997,3630500
2013-08-16,38.8703,38.8703,37.8796,37.9445,4256700
2013-08-19,37.9622,37.9622,37.4256,37.4433,4763500
2013-08-20,37.6615,38.4575,37.5317,38.2924,4124500
2013-08-21,37.9504,38.8113,37.7381,38.2039,4437200
2013-08-22,38.2983,38.4516,37.9917,38.4339,2499500
2013-08-23,38.4575,38.8467,38.2924,38.8349,2917800
2013-08-26,38.8349,38.9174,38.6049,38.7228,2925200
2013-08-27,38.3808,38.7641,38.3278,38.5341,3355100
2013-08-28,38.6049,38.6049,38.2157,38.2983,2142600
2013-08-29,38.1921,38.3631,38.0211,38.3573,2334600
2013-08-30,38.4516,38.6049,37.9799,38.0329,3852400
2013-09-03,38.1804,38.3219,37.3843,37.7027,6455100
2013-09-04,37.7381,38.1568,37.5671,38.0271,4261500
2013-09-05,38.0624,38.0624,37.5848,37.6261,3024700
2013-09-06,37.9681,38.5518,37.9681,38.2098,4582200
2013-09-09,38.2511,39.0059,38.2275,39.0059,3579700
2013-09-10,39.1002,39.2123,38.7523,38.9764,2905300
2013-09-11,39.0118,39.2889,38.9469,39.2889,2568000
2013-09-12,39.3007,39.5071,38.9646,39.0353,2628600
2013-09-13,39.0884,39.2241,38.9528,39.1474,2582600
2013-09-16,39.7253,40.0555,39.4363,39.5366,4413800
2013-09-17,39.5248,39.8373,39.4481,39.5130,3328300
2013-09-18,39.5130,40.8987,39.1002,40.8515,4452500
2013-09-19,40.9458,41.3173,40.7866,40.8161,5138400
2013-09-20,40.7277,40.9105,40.0614,40.1498,4082500
2013-09-23,40.1367,40.3331,39.8511,39.8749,3523100
2013-09-24,39.8630,39.9701,39.5476,39.5714,4447700
2013-09-25,39.6547,39.9582,39.3988,39.7023,2626300
2013-09-26,39.7678,39.9642,39.6785,39.9463,1465400
2013-09-27,39.8332,39.9939,39.5179,39.7797,3412300
2013-09-30,39.4464,39.8689,39.2084,39.3572,3804700
2013-10-01,39.3632,40.3450,39.2739,39.9285,4416100
2013-10-02,39.7321,40.0118,39.5417,39.9880,2604000
2013-10-03,39.8213,39.9046,39.0835,39.2917,6150600
2013-10-04,39.3096,39.5238,38.9942,39.2144,2389200
2013-10-07,39.0001,39.5536,38.9763,39.3929,2267400
2013-10-08,39.3393,39.5238,38.9585,38.9645,2622000
2013-10-09,38.9764,39.3810,38.9168,38.9704,2896600
2013-10-10,39.2858,39.9999,39.2739,39.9642,2370200
2013-10-11,39.8987,40.4045,39.7856,40.3628,2111100
2013-10-14,40.1308,40.4283,40.0237,40.3866,2278000
2013-10-15,40.3271,40.5771,40.1546,40.2379,3231700
2013-10-16,40.4045,41.0353,40.3271,40.9936,3066400
2013-10-17,40.8508,41.6898,40.7794,41.6125,3258600
2013-10-18,41.8326,41.8445,41.3328,41.5708,2685200
2013-10-21,41.5529,41.5827,41.1245,41.3209,2276500
2013-10-22,41.3566,41.8683,41.3268,41.7017,3611600
2013-10-23,41.6244,41.8029,41.4637,41.7791,4650000
2013-10-24,41.9219,41.9219,41.5292,41.7672,1600400
2013-10-25,41.8683,42.3265,41.7731,42.2789,2213000
2013-10-28,42.3087,42.3087,41.6244,41.9754,3347400
2013-10-29,41.7493,41.9755,41.4935,41.7315,3174900
2013-10-30,41.6779,41.7910,41.1781,41.3804,2466500
2013-10-31,41.4280,41.5232,40.8568,41.1364,4039600
2013-11-01,41.3030,41.4756,40.8984,41.3506,3448800
2013-11-04,41.5708,41.6243,41.0471,41.4280,2640800
2013-11-05,41.2673,41.2673,40.6723,40.7496,2533800
2013-11-06,40.8032,41.0591,40.6366,40.6901,2256900
2013-11-07,40.6961,40.8389,40.0951,40.1843,3236900
2013-11-08,39.8213,39.9999,39.0716,39.6428,3577500
2013-11-11,39.5714,39.9285,39.5417,39.6845,2243000
2013-11-12,39.5774,39.6607,39.1906,39.5060,2269900
2013-11-13,39.4464,39.7618,39.2501,39.7618,2547100
2013-11-14,39.8630,40.3331,39.8094,40.0415,2483500
2013-11-15,40.0772,40.2557,39.9523,40.1903,2140300
2013-11-18,40.3390,40.3450,39.8987,39.9404,1739500
2013-11-19,39.8571,39.9523,39.5000,39.6607,2202800
2013-11-20,39.6369,40.0296,39.0656,39.1787,2922700
2013-11-21,39.2858,39.5774,39.1251,39.4822,2998000
2013-11-22,39.5595,39.6012,39.1192,39.3274,1919400
2013-11-25,39.3691,39.3989,39.0894,39.1430,2934200
2013-11-26,39.2322,39.2382,38.9168,39.0061,2673400
2013-11-27,39.0240,39.3691,38.9645,39.3393,2990600
2013-11-29,39.1727,39.3870,38.9169,38.9764,2259600
2013-12-02,38.9347,39.0478,38.5955,38.7502,3659000
2013-12-03,38.6253,38.8038,38.5063,38.6729,2246800
2013-12-04,38.3634,39.0894,38.3158,38.8157,3189600
2013-12-05,38.7800,39.0061,38.5063,38.9525,2622100
2013-12-06,39.2263,39.3334,39.0418,39.2322,2022500
2013-12-09,39.4286,39.4584,39.0716,39.4227,2326100
2013-12-10,39.3512,39.5774,39.3215,39.3215,2439600
2013-12-11,39.3274,39.3929,38.3813,38.4170,2789100
2013-12-12,38.3575,38.4408,38.0600,38.2028,2746100
2013-12-13,38.3396,38.7502,38.1968,38.2980,3165400
2013-12-16,38.3872,38.5301,38.2563,38.4289,2571400
2013-12-17,38.4468,38.7145,38.2980,38.6074,2640100
2013-12-18,38.6253,39.3274,38.1730,39.2917,4120500
2013-12-19,39.1787,39.1965,38.5301,38.7502,3297500
2013-12-20,38.7443,39.0239,38.6491,38.9882,3832900
2013-12-23,39.1073,39.3036,39.0180,39.0656,4183400
2013-12-24,39.0886,39.1974,38.9979,39.1007,1801200
2013-12-26,39.1732,39.4270,39.0342,39.1309,4333500
2013-12-27,39.2215,39.2820,38.8710,39.2155,3277100
2013-12-30,39.2095,39.3787,39.1369,39.2276,3603900
2013-12-31,39.2336,39.3726,38.9496,39.0161,5576900
2014-01-02,38.8468,39.1309,38.7079,39.0221,5829600
2014-01-03,38.9738,39.3908,38.9254,39.2397,2771700
2014-01-06,39.3666,39.6204,39.2397,39.4391,2917500
2014-01-07,39.4270,39.7775,39.3243,39.6144,2582600
2014-01-08,39.5116,39.6567,39.2457,39.4210,3368400
2014-01-09,39.5781,39.5902,39.1309,39.4210,2543000
2014-01-10,39.7413,39.9830,39.6506,39.9588,2683900
2014-01-13,39.9467,40.0253,39.5841,39.6929,3650800
2014-01-14,39.8319,40.1039,39.6808,39.9830,2383400
2014-01-15,39.9769,40.3577,39.9769,40.2852,3069700
2014-01-16,40.2187,40.3758,40.2187,40.3577,2704800
2014-01-17,40.4000,40.4725,40.0857,40.1220,2957800
2014-01-21,40.3214,40.6417,40.2429,40.4846,3255800
2014-01-22,40.5088,40.7747,40.4906,40.6599,3432800
2014-01-23,40.5209,40.6478,40.3698,40.5632,3262600
2014-01-24,40.3819,40.4423,39.9709,40.0555,2745800
2014-01-27,40.0797,40.2368,39.5902,39.7473,3818500
2014-01-28,39.7956,40.1522,39.7594,40.0797,2406700
2014-01-29,39.8803,40.0616,39.6627,39.8621,3308200
2014-01-30,40.0132,40.6176,39.9770,40.4665,2990100
2014-01-31,40.1462,40.8653,40.0193,40.6840,5454400
2014-02-03,40.6236,40.6840,39.8803,40.0374,7310400
2014-02-04,40.0797,40.5450,39.9226,40.5209,4472100
2014-02-05,40.2489,40.4967,40.2126,40.4362,2656000
2014-02-06,40.4604,40.7928,40.4363,40.7324,2755500
2014-02-07,40.9862,41.1010,40.7324,41.0406,5918800
2014-02-10,41.1675,41.5482,40.9016,41.4274,6276300
2014-02-11,41.3548,41.7960,41.2944,41.5905,7136400
2014-02-12,41.7114,41.7174,41.4092,41.6147,3335400
2014-02-13,41.4636,41.9652,41.3911,41.7718,2754600
2014-02-14,41.7054,42.0136,41.7054,41.9350,2509200
2014-02-18,42.0680,42.1405,41.7174,42.1405,3819900
2014-02-19,42.0619,42.5635,42.0377,42.1163,4334000
2014-02-20,42.1224,42.4487,41.8746,42.0257,3503400
2014-02-21,42.0498,42.3036,41.8202,42.1284,2406000
2014-02-24,42.2916,42.6481,42.2070,42.2311,3690100
2014-02-25,42.3036,42.5696,42.2130,42.3701,3329500
2014-02-26,42.5152,42.6240,42.3097,42.4668,4623500
2014-02-27,42.4850,42.6240,42.1707,42.3520,3334400
2014-02-28,42.3943,42.9020,42.3339,42.7448,8733500
2014-03-03,42.4789,42.8113,42.3399,42.7690,5816200
2014-03-04,43.0712,43.4398,42.9926,43.3854,4444400
2014-03-05,43.4156,43.5184,42.9926,43.3310,3489400
2014-03-06,43.4096,43.4096,42.8717,42.9684,3705600
2014-03-07,42.7690,42.8899,42.3157,42.5031,3665900
2014-03-10,42.5212,42.5696,42.1163,42.2795,6387500
2014-03-11,42.3339,42.7086,42.3036,42.5454,5101900
2014-03-12,42.3943,42.7207,42.3943,42.6723,2711900
2014-03-13,42.7509,42.8294,42.3943,42.4729,3688000
2014-03-14,42.5091,42.7750,42.4004,42.5817,2713900
2014-03-17,42.9261,42.9503,42.5454,42.6723,3115600
2014-03-18,42.6844,42.8476,42.5091,42.7992,2483700
2014-03-19,42.9080,43.0228,41.8444,41.9894,4561500
2014-03-20,41.9229,42.0740,41.5724,42.0619,3811500
2014-03-21,42.1949,42.5877,42.1526,42.4487,2970400
2014-03-24,42.5696,42.5998,41.9531,42.1707,5826500
2014-03-25,42.5010,42.6348,42.2394,42.5557,3125500
2014-03-26,42.7322,42.8112,42.0691,42.0752,4286800
2014-03-27,42.0630,42.3793,41.8927,42.3428,3097600
2014-03-28,42.4341,42.7565,42.4158,42.5983,2278400
2014-03-31,42.8538,43.0850,42.4524,42.9572,3597700
2014-04-01,43.0485,43.1519,42.6592,43.1519,5804400
2014-04-02,43.1276,43.2310,42.9025,43.1884,3266700
2014-04-03,43.2492,43.2675,42.9451,43.0971,2372300
2014-04-04,43.2796,43.5108,43.0485,43.2431,3600300
2014-04-07,43.2553,43.6750,43.2370,43.3830,3845100
2014-04-08,43.4195,43.6750,43.2553,43.6507,2935500
2014-04-09,43.7967,43.7967,43.3100,43.5412,4339600
2014-04-10,43.6081,43.7845,43.0120,43.1275,4136300
2014-04-11,43.0485,43.2796,42.8052,42.8660,3785000
2014-04-14,43.0850,43.1823,42.8051,43.1215,2963500
2014-04-15,43.1823,43.6507,43.0910,43.6324,3800100
2014-04-16,43.7845,43.9670,43.6020,43.9122,2141600
2014-04-17,43.8818,43.8879,43.4986,43.6567,3736800
2014-04-21,43.7176,43.9548,43.6628,43.9061,2447200
2014-04-22,43.9548,44.0582,43.5777,44.0035,2889700
2014-04-23,43.9974,44.0826,43.7176,43.8271,3180700
2014-04-24,43.9183,44.0947,43.8392,44.0096,2332400
2014-04-25,44.0339,44.0582,43.7419,43.8392,2608900
2014-04-28,43.9731,44.2164,43.7602,44.1799,2994200
2014-04-29,44.3137,44.3989,44.0886,44.2103,2944200
2014-04-30,44.2955,44.3989,44.0704,44.3684,2660700
2014-05-01,44.4415,44.5996,43.9852,44.5570,3817400
2014-05-02,44.3441,44.7395,44.3198,44.5448,3495200
2014-05-05,44.4049,44.6726,44.2164,44.6361,2628500
2014-05-06,44.4414,44.6422,44.3259,44.4779,2879800
2014-05-07,44.5753,45.0436,44.5023,45.0132,4417300
2014-05-08,44.9950,45.3235,44.9524,45.1166,3389200
2014-05-09,45.1471,45.2870,44.8916,45.1471,3706300
2014-05-12,45.0984,45.3782,45.0984,45.2870,2983200
2014-05-13,45.3052,45.6337,44.9281,44.9950,2476600
2014-05-14,45.0436,45.1957,44.8247,45.0132,3956800
2014-05-15,45.0436,45.0619,44.6178,44.9889,2941200
2014-05-16,45.0315,45.4086,44.8003,45.4025,2478900
2014-05-19,45.3843,45.3843,45.0132,45.2200,2420400
2014-05-20,45.2505,45.3782,44.9342,45.0801,2210200
2014-05-21,45.2322,45.2322,44.7091,44.7821,2164800
2014-05-22,44.8247,44.9524,44.6787,44.7030,1820600
2014-05-23,44.7030,45.1166,44.7030,45.0984,1418000
2014-05-27,45.2201,45.4451,45.1227,45.4208,2713200
2014-05-28,45.2566,45.2748,44.8673,45.1349,2363100
2014-05-29,45.1957,45.2565,45.0193,45.2261,2379800
2014-05-30,45.1835,45.4877,45.1470,45.4329,3281400
2014-06-02,45.5729,45.6884,45.3539,45.5729,3096500
2014-06-03,45.5668,45.6033,45.3904,45.5485,1828800
2014-06-04,45.5546,45.7371,45.3965,45.6398,1910500
2014-06-05,45.7432,46.4974,45.5668,46.4792,4992400
2014-06-06,46.6982,46.6982,46.1994,46.2845,9927200
2014-06-09,46.3332,46.4366,45.6398,45.7249,2468000
2014-06-10,45.6884,45.7371,45.2200,45.3843,2614700
2014-06-11,45.2018,45.4573,45.0376,45.2626,2365800
2014-06-12,45.2565,45.2930,44.8003,45.1471,2249600
2014-06-13,45.1471,45.3356,44.8490,45.2626,1853100
2014-06-16,45.2261,45.4147,44.9646,45.0315,2643400
2014-06-17,45.0011,45.1957,44.8307,45.1471,1942400
2014-06-18,45.1531,45.5668,44.9646,45.4634,2734500
2014-06-19,45.5850,45.8405,45.4390,45.8405,2555800
2014-06-20,45.8405,46.0230,45.5911,45.9986,2133100
2014-06-23,45.9804,46.1751,45.8040,45.8101,4780100
2014-06-24,45.8132,45.9912,45.6965,45.8439,3286300
2014-06-25,45.7947,45.9114,45.6351,45.7518,3838900
2014-06-26,45.7763,45.7947,45.5737,45.7088,2612600
2014-06-27,45.6412,46.0649,45.6044,46.0587,2013100
2014-06-30,46.0894,46.0956,45.6413,45.9482,4124700
2014-07-01,45.9789,46.3166,45.8193,46.1938,3025500
2014-07-02,46.1938,46.1938,45.8193,46.0833,2935000
2014-07-03,45.9175,45.9728,45.6228,45.8193,2878500
2014-07-07,45.7456,46.0280,45.7456,45.9544,2436200
2014-07-08,45.8132,46.2429,45.8132,46.0894,3175000
2014-07-09,46.1508,46.2368,45.8377,46.1631,2534800
2014-07-10,45.9298,46.4762,45.8745,46.3718,3409400
2014-07-11,46.3534,46.4332,46.1508,46.3780,2629400
2014-07-14,46.4885,46.6481,46.2921,46.6052,1907000
2014-07-15,46.6359,46.7218,46.3964,46.6359,2907800
2014-07-16,46.7341,46.8262,46.5008,46.7832,2204200
2014-07-17,46.6972,46.7709,46.4762,46.5438,2930400
2014-07-18,46.5683,47.0165,46.5376,47.0042,2042200
2014-07-21,46.8814,46.9182,46.6911,46.8323,2612300
2014-07-22,46.9121,47.1209,46.9121,46.9797,2536100
2014-07-23,47.0349,47.1332,46.9121,47.0656,1972200
2014-07-24,47.1823,47.2007,46.8937,47.0042,2035000
2014-07-25,47.0656,47.0656,46.6604,46.6788,4739600
2014-07-28,46.7525,47.1270,46.7218,47.0042,2155500
2014-07-29,47.0902,47.1147,46.7157,46.7771,1898000
2014-07-30,46.7648,46.9551,46.4578,46.6788,3117400
2014-07-31,46.4455,46.6113,45.9851,45.9851,3195700
2014-08-01,45.9789,46.2920,45.8745,45.8745,3394800
2014-08-04,45.9973,46.2982,45.6719,46.1938,2458400
2014-08-05,46.0158,46.1692,45.6228,45.7211,2968400
2014-08-06,45.5921,45.9175,45.4325,45.7026,1930600
2014-08-07,45.8439,45.9728,45.6290,45.7272,2299300
2014-08-08,45.8009,46.0280,45.6351,45.9973,2574200
2014-08-11,46.1201,46.4210,46.0465,46.2859,2307300
2014-08-12,46.2736,46.4210,46.1263,46.2122,1510400
2014-08-13,46.2982,46.8998,46.2982,46.8814,1847200
2014-08-14,46.9674,47.0533,46.7525,46.8507,2020500
2014-08-15,46.9981,47.1025,46.6297,46.8016,2972400
2014-08-18,46.9121,47.2682,46.9121,47.2621,2328200
2014-08-19,47.3665,47.4770,47.2007,47.3603,1893300
2014-08-20,47.3665,47.6489,47.1025,47.5752,2361100
2014-08-21,47.6120,47.7901,47.4708,47.5015,2436900
2014-08-22,47.4831,47.5015,46.9613,47.1209,2568700
2014-08-25,47.3542,47.3971,46.8507,47.0165,1913700
2014-08-26,47.0411,47.2375,47.0288,47.1086,1762400
2014-08-27,47.1638,47.2743,47.0226,47.1393,1527300
2014-08-28,47.1025,47.2314,46.9674,47.1331,2491900
2014-08-29,47.1946,47.3849,47.0963,47.3849,1857400
2014-09-02,47.3050,47.4770,47.2621,47.3910,2356800
2014-09-03,47.4892,47.5752,47.3419,47.5138,2254000
2014-09-04,47.5138,47.6489,47.1884,47.3358,2032500
2014-09-05,47.4156,47.8576,47.3542,47.8392,2285600
2014-09-08,47.8024,47.9374,47.6489,47.7901,3472300
2014-09-09,47.7901,47.7901,47.4094,47.4954,2389600
2014-09-10,47.4278,47.4278,46.7095,46.7464,3369300
2014-09-11,46.6973,46.9244,46.5683,46.7832,3158100
2014-09-12,46.5683,46.5806,45.0948,45.3465,5664200
2014-09-15,45.3281,45.5553,44.9659,45.1255,4031200
2014-09-16,45.1439,45.7026,45.1255,45.5676,3866000
2014-09-17,45.7088,45.9544,45.4939,45.5553,3340200
2014-09-18,45.6106,45.6781,45.1317,45.1562,3321000
2014-09-19,45.1562,45.4079,45.0580,45.2115,3465500
2014-09-22,45.1562,45.1869,44.8554,44.8554,2511100
2014-09-23,44.8370,45.0334,44.5116,44.5300,5408600
2014-09-24,44.5225,44.9439,44.3242,44.4110,4459300
2014-09-25,44.4358,44.4978,44.0516,44.2127,5149900
2014-09-26,44.1446,44.8510,44.0702,44.8076,3992400
2014-09-29,44.5411,44.7766,44.2933,44.7456,3798600
2014-09-30,44.7642,44.8696,44.4172,44.5225,4720400
2014-10-01,44.3676,44.8572,44.3676,44.5597,6004400
2014-10-02,44.5226,44.7828,44.1941,44.4854,4035000
2014-10-03,44.6713,44.8758,44.4110,44.7642,3338400
2014-10-06,44.8820,45.1360,44.7704,44.8820,2874400
2014-10-07,44.7952,45.0121,44.5226,44.5288,2711000
2014-10-08,44.6403,45.5202,44.6093,45.4954,4952700
2014-10-09,45.4520,46.0345,45.4211,45.4954,4812800
2014-10-10,45.5636,46.1027,45.5264,45.5388,4856500
2014-10-13,45.7309,46.0469,45.5450,45.5822,4322300
2014-10-14,45.7743,46.6356,45.7123,46.3196,4833400
2014-10-15,46.1585,46.5117,45.7185,46.1399,6098400
2014-10-16,45.5388,46.3444,45.5388,46.2142,4380100
2014-10-17,46.5798,46.6356,45.8858,46.2700,3592900
2014-10-20,46.3505,46.9888,46.2824,46.9764,3538000
2014-10-21,47.1251,47.4287,46.8587,47.4040,3590600
2014-10-22,47.4350,47.7262,47.3358,47.4164,3685100
2014-10-23,47.6952,47.8873,47.4535,47.7820,4636200
2014-10-24,47.8191,47.9926,47.4721,47.7448,3367300
2014-10-27,47.7200,48.1166,47.6828,48.0980,3241900
2014-10-28,47.9617,48.3087,47.9121,48.3087,2537300
2014-10-29,48.2281,48.2591,47.6208,48.0360,3652200
2014-10-30,47.9741,48.3397,47.7944,48.3397,2619400
2014-10-31,48.5751,48.9841,48.5194,48.9469,5992000
2014-11-03,48.9717,49.3745,48.8726,49.3745,5130100
2014-11-04,49.3621,49.4612,48.9531,49.4550,2749400
2014-11-05,49.5604,49.6843,49.0647,49.3497,2257200
2014-11-06,49.3311,49.5170,48.8912,48.9717,3025000
2014-11-07,49.0213,49.1452,48.6743,48.9098,3680900
2014-11-10,48.7982,49.3373,48.7548,49.3125,2141300
2014-11-11,49.2939,49.3497,48.9035,49.1204,2158300
2014-11-12,49.1390,49.1700,48.6681,48.7486,3648500
2014-11-13,48.8478,49.1328,48.7858,49.0151,4038700
2014-11-14,49.0151,49.1018,48.5132,48.6123,3117900
2014-11-17,48.5503,48.9097,48.5503,48.8292,2501400
2014-11-18,48.8354,49.1080,48.7424,49.0399,2609900
2014-11-19,48.9036,49.0585,48.5937,48.5999,2985900
2014-11-20,48.5627,48.8230,48.3706,48.7610,3400800
2014-11-21,49.1328,49.1886,48.9283,49.0647,2827500
2014-11-24,49.1638,49.3993,49.1328,49.2382,3367400
2014-11-25,49.3435,49.4365,49.1452,49.3249,4664900
2014-11-26,49.3559,49.8454,49.3559,49.8021,2303900
2014-11-28,49.9260,50.4651,49.8206,49.9260,2225200
2014-12-01,49.8826,50.2296,49.7401,49.8021,5767100
2014-12-02,49.7959,50.1677,49.4860,50.1119,3641400
2014-12-03,50.1243,50.1801,49.9136,50.0623,3620900
2014-12-04,50.0499,50.2606,49.8021,50.1924,3367000
2014-12-05,50.0809,50.0809,49.5480,49.9384,4100400
2014-12-08,49.8516,51.0476,49.8454,50.2544,2651600
2014-12-09,49.7587,50.5890,49.7091,50.4837,3905800
2014-12-10,50.3536,50.6014,50.2234,50.4341,3634400
2014-12-11,50.4279,50.7315,50.3659,50.5271,2845100
2014-12-12,50.4155,50.6820,50.0685,50.0871,3903500
2014-12-15,50.3660,50.3722,49.3435,49.4365,5900900
2014-12-16,49.4365,49.8144,49.0585,49.3683,7097800
2014-12-17,49.4427,50.5271,49.4365,50.5023,7227900
2014-12-18,50.8555,50.9113,50.4589,50.8555,6041800
2014-12-19,50.9608,51.0847,50.6882,50.8307,5490300
2014-12-22,50.9708,51.7182,50.9456,51.6805,3600200
2014-12-23,51.8627,51.9004,51.3979,51.5361,4804100
2014-12-24,51.6680,51.7622,51.2660,51.3225,1306900
2014-12-26,51.5800,51.6617,51.3288,51.5047,2907700
2014-12-29,51.4418,51.9883,51.3790,51.7873,2789100
2014-12-30,51.7810,52.0574,51.6240,51.7496,3292600
2014-12-31,51.9883,52.1893,50.8263,50.8766,4494500
2015-01-02,51.3162,51.6868,51.0901,51.6428,5570500
2015-01-05,51.5047,52.0574,51.3476,51.9255,6073700
2015-01-06,51.9757,52.6039,51.9757,52.4405,7577100
2015-01-07,52.6415,53.3199,52.3652,53.2445,6920700
2015-01-08,53.6088,53.6151,53.0184,53.4455,5255000
2015-01-09,53.4455,53.7156,53.1126,53.4706,4643900
2015-01-12,53.6025,53.9354,53.5020,53.8789,5131800
2015-01-13,54.0673,54.2243,53.5146,53.7972,5859600
2015-01-14,53.7658,54.2871,53.4832,54.2620,6249100
2015-01-15,54.3751,54.5258,54.0422,54.3876,5004100
2015-01-16,54.3877,54.9278,54.1929,54.8587,4717000
2015-01-20,55.1037,55.1791,54.2997,54.4253,5012700
2015-01-21,54.4505,54.4505,54.1301,54.3876,4354500
2015-01-22,54.6012,55.4115,54.4630,55.3549,4450600
2015-01-23,55.3424,55.4931,55.0723,55.1979,3491800
2015-01-26,55.2733,55.7067,55.0472,55.6627,2885100
2015-01-27,55.5245,55.9014,55.4617,55.6815,3209400
2015-01-28,55.7946,56.0710,55.3110,55.3110,3948900
2015-01-29,55.5622,55.5622,54.9341,55.5057,3337500
2015-01-30,55.4052,55.4303,54.3562,54.3625,4969800
2015-02-02,54.3500,54.4505,53.1942,54.2181,7523600
2015-02-03,54.2243,54.7080,53.8035,54.6891,4617400
2015-02-04,54.5635,54.7017,54.1490,54.4630,3332800
2015-02-05,54.5949,55.1414,54.4379,55.1162,2921600
2015-02-06,54.9844,55.0597,53.2822,53.5146,6323300
2015-02-09,53.4643,53.7721,53.1252,53.1377,4235700
2015-02-10,53.2320,53.4267,52.6667,53.3073,6144500
2015-02-11,53.4141,53.5900,52.7860,53.1503,4027100
2015-02-12,53.2759,53.8412,53.0875,53.7847,4523100
2015-02-13,53.9543,53.9794,53.1126,53.4267,3444500
2015-02-17,53.3890,53.9291,53.1691,53.2948,6414800
2015-02-18,53.2885,53.8600,52.8990,53.7910,5487900
2015-02-19,53.8224,53.8224,52.5159,52.6353,5415600
2015-02-20,52.6478,53.2257,52.5662,53.1440,4982700
2015-02-23,53.1503,53.5962,53.1063,53.5711,3883800
2015-02-24,53.4832,53.4832,52.2898,52.5159,6027700
2015-02-25,52.5724,53.0937,52.4656,52.5284,6699700
2015-02-26,52.5222,52.5473,51.8375,51.9569,4738700
2015-02-27,52.1202,52.4971,51.7748,52.3652,4328200
2015-03-02,52.4971,53.2445,52.4217,52.6666,5353500
2015-03-03,52.5976,52.7169,52.1139,52.5662,4311400
2015-03-04,52.5661,52.6352,51.9443,52.0637,3054200
2015-03-05,52.1956,52.7295,52.1642,52.2144,3503900
2015-03-06,51.5423,51.5612,50.3866,50.4809,7166500
2015-03-09,50.6567,50.9959,50.6567,50.8828,6548000
2015-03-10,50.7321,51.0838,50.6567,50.8451,5985700
2015-03-11,50.9080,51.0587,50.6944,50.8891,2833100
2015-03-12,51.0775,51.8438,51.0587,51.7747,4013200
2015-03-13,51.7685,51.8878,51.3979,51.7433,2863500
2015-03-16,52.0323,52.5850,51.8941,52.2772,2761500
2015-03-17,52.1767,52.4971,51.9506,52.2584,3764800
2015-03-18,52.2647,53.5020,51.9632,53.3513,5781800
2015-03-19,53.2759,53.6465,53.1063,53.3262,5663200
2015-03-20,53.6402,54.7143,53.4581,54.6640,6004800
2015-03-23,54.6640,55.0283,54.4819,54.5949,3644100
2015-03-24,54.5572,54.5761,54.1175,54.1301,5828800
2015-03-25,54.2704,54.3905,53.0446,53.1963,5391800
2015-03-26,53.0636,53.1710,52.6781,52.9182,5638200
2015-03-27,52.9625,53.2152,52.7729,52.9877,2330600
2015-03-30,53.2152,53.7965,53.0825,53.7460,4149800
2015-03-31,53.5059,53.8850,53.1204,53.2721,2982800
2015-04-01,53.3100,53.4869,52.7792,53.1963,6666100
2015-04-02,53.2910,53.7965,53.1646,53.6006,3905900
2015-04-06,53.7775,54.3399,53.6954,54.1567,4398100
2015-04-07,54.1440,54.2199,53.2026,53.2026,3039000
2015-04-08,53.3732,53.4364,53.1331,53.2847,2630300
2015-04-09,53.1962,53.1962,52.0526,52.1789,5098700
2015-04-10,52.4506,52.7539,51.9894,52.1410,3651600
2015-04-13,52.1221,52.3306,51.9894,52.0020,2348700
2015-04-14,52.1158,52.4443,52.0652,52.1853,3662600
2015-04-15,52.3938,52.4001,51.7619,51.7935,3514000
2015-04-16,51.6987,52.1473,51.4523,51.9262,3395400
2015-04-17,51.7240,51.9894,51.3322,51.6861,5055300
2015-04-20,51.8946,52.0589,51.5976,51.7619,3191200
2015-04-21,51.9009,52.1790,51.7051,51.8504,3830400
2015-04-22,51.8630,52.2295,51.8188,51.9578,3852800
2015-04-23,51.9515,52.2105,51.8441,52.0968,2266200
2015-04-24,52.1537,52.5075,51.9705,52.2042,2291700
2015-04-27,52.2484,52.6402,52.0146,52.1347,2973300
2015-04-28,52.0842,52.2042,51.6987,52.0336,3423400
2015-04-29,51.5345,51.7872,50.8521,50.9847,3149400
2015-04-30,50.7825,50.8457,49.8474,50.1570,8753800
2015-05-01,50.2139,50.8836,50.1128,50.5361,5902600
2015-05-04,50.7004,51.0542,50.5108,50.5867,4563700
2015-05-05,50.5614,50.5614,49.4051,49.4872,6407200
2015-05-06,49.5062,49.6262,49.1081,49.3925,6480100
2015-05-07,49.4620,50.3466,49.4177,50.1507,6360600
2015-05-08,50.6435,51.5408,50.6246,50.8521,5136500
2015-05-11,50.6562,50.9974,49.9359,50.0875,3080600
2015-05-12,49.7147,50.3971,49.3609,50.2391,4739300
2015-05-13,50.5488,50.7699,49.6578,49.7589,6222300
2015-05-14,50.0369,50.7446,49.9106,50.7194,4905400
2015-05-15,50.9279,51.3891,50.8078,51.2375,4390600
2015-05-18,51.0669,51.2185,50.8268,51.1048,3450200
2015-05-19,50.8520,51.2312,50.8078,50.9279,2784700
2015-05-20,50.9974,51.2312,50.8205,50.8836,3427400
2015-05-21,50.9342,50.9974,50.4097,50.6435,2667800
2015-05-22,50.4603,50.9279,50.2960,50.5803,4067500
2015-05-26,50.5488,50.5804,50.0496,50.1949,3041700
2015-05-27,50.3845,50.7699,50.1444,50.6878,2978600
2015-05-28,50.6562,50.7952,50.3276,50.5867,2772000
2015-05-29,50.5045,50.6751,49.9358,50.0053,4786500
2015-06-01,50.1633,50.7130,49.9295,50.6183,4464400
2015-06-02,50.3971,50.4224,49.9358,50.1507,3313200
2015-06-03,50.0117,50.1128,49.3735,49.4304,3886000
2015-06-04,49.3798,49.5631,49.1776,49.3356,3710100
2015-06-05,48.6848,49.1587,48.3372,48.7859,6141000
2015-06-08,48.7795,48.9122,48.5900,48.6974,3347100
2015-06-09,48.5394,48.7859,48.2741,48.3436,4604500
2015-06-10,48.3183,49.1144,48.2614,48.6848,4332000
2015-06-11,49.0449,49.1650,48.8870,48.9817,9411000
2015-06-12,48.8048,49.1334,48.7922,48.9375,3125500
2015-06-15,48.8933,48.8933,48.5584,48.6721,3565200
2015-06-16,48.7164,49.1397,48.6153,49.0639,5474800
2015-06-17,49.1018,49.5188,48.7290,49.4809,3922300
2015-06-18,49.5125,50.3718,49.4809,50.1633,5616900
2015-06-19,50.1949,50.3023,49.6199,49.7779,5986300
2015-06-22,49.7779,49.9990,49.2155,49.2661,3898700
2015-06-23,49.0639,49.1713,48.7669,48.8554,2933200
2015-06-24,48.8743,49.0702,48.5710,48.5900,3900200
2015-06-25,48.6532,48.6532,48.0782,48.0971,4820600
2015-06-26,48.0601,48.5643,47.9261,48.4431,3789500
2015-06-29,48.2644,48.7494,47.6580,47.6899,5112000
2015-06-30,47.9516,48.1176,47.5495,47.6708,5855900
2015-07-01,47.4729,48.4558,47.4602,48.4558,6318900
2015-07-02,48.8005,49.2345,48.4941,48.5771,4303700
2015-07-06,48.3346,48.9473,48.2771,48.8834,5116700
2015-07-07,49.1451,49.7387,49.0239,49.6494,5921000
2015-07-08,49.3813,49.6302,49.3047,49.4579,4941800
2015-07-09,49.5792,49.7451,49.1005,49.2217,3312900
2015-07-10,49.4260,49.9621,49.3111,49.6302,4774100
2015-07-13,49.6685,50.2557,49.4387,49.7004,2887800
2015-07-14,49.7834,49.9749,49.5089,49.8025,2422900
2015-07-15,49.6749,50.0642,49.5791,49.8855,2238100
2015-07-16,49.9685,50.3514,49.9685,50.2876,2494800
2015-07-17,50.2557,50.3131,49.9557,50.1089,1803100
2015-07-20,49.9876,50.2557,49.8344,50.1663,2164800
2015-07-21,50.2174,50.4153,50.0195,50.0259,3540700
2015-07-22,50.0706,50.4216,50.0195,50.2429,2883500
2015-07-23,50.2110,50.2365,49.3175,49.6174,3188900
2015-07-24,49.6366,49.9940,49.4834,49.8281,2800300
2015-07-27,49.7451,50.2046,49.7451,49.9174,3003000
2015-07-28,49.9238,50.1089,49.7706,49.9493,2674000
2015-07-29,49.8919,50.3578,49.6877,50.2748,7988100
2015-07-30,50.1983,50.2812,49.8600,50.0259,2932500
2015-07-31,50.3706,50.8237,50.3259,50.4216,5490400
2015-08-03,50.5940,50.7855,50.4216,50.7344,3766400
2015-08-04,50.8812,50.9705,50.2493,50.3642,4087300
2015-08-05,50.4216,50.5174,49.8344,50.0323,3783100
2015-08-06,50.0770,50.1344,49.2664,50.1025,3473300
2015-08-07,50.0195,50.3578,49.6557,50.2876,3942600
2015-08-10,50.4855,50.5301,49.8983,50.1280,2605100
2015-08-11,50.0004,50.6705,49.9429,50.4599,4539900
2015-08-12,50.2812,50.6322,50.0131,50.6195,3229200
2015-08-13,50.5046,50.8876,50.0834,50.6769,2381900
2015-08-14,50.5301,50.9705,50.3387,50.9514,2558200
2015-08-17,51.0024,51.4237,50.7344,51.3854,2912600
2015-08-18,51.3599,51.5896,51.2131,51.5258,2904800
2015-08-19,51.3854,51.4556,50.9131,51.2194,2401000
2015-08-20,50.9705,51.2258,50.6897,50.8429,3999800
2015-08-21,50.5876,50.7791,49.8983,49.8983,4126300
2015-08-24,48.2005,49.1898,46.1135,47.5623,10864500
2015-08-25,48.2005,48.5069,46.2475,46.2539,9163900
2015-08-26,46.7134,47.6325,46.5028,47.5048,5067500
2015-08-27,47.9452,48.8069,47.5367,48.4239,5627400
2015-08-28,48.3920,48.4941,48.0091,48.3537,3881100
2015-08-31,48.2388,48.3473,47.2495,47.2495,6197200
2015-09-01,46.7772,47.0134,46.0177,46.3496,7218400
2015-09-02,46.6496,46.9942,46.4134,46.8283,5018500
2015-09-03,46.9879,47.3006,46.8474,46.9559,3712600
2015-09-04,46.6687,46.6687,45.7433,46.0816,4262900
2015-09-08,46.4900,46.9049,46.3432,46.7772,3004500
2015-09-09,47.1474,47.3197,46.1709,46.2411,3338100
2015-09-10,46.1645,46.8283,46.1135,46.3432,4609500
2015-09-11,46.3368,47.2432,46.2666,47.2304,3892500
2015-09-14,47.3006,47.3900,47.1155,47.2559,3040500
2015-09-15,47.2751,47.8240,46.9559,47.7218,2737200
2015-09-16,47.6899,48.3473,47.6708,48.2324,3318500
2015-09-17,48.2835,49.6174,48.0410,48.7813,6337800
2015-09-18,48.4367,49.2792,48.2133,48.6984,5798800
2015-09-21,48.7239,49.3622,48.6984,49.1132,3176300
2015-09-22,48.7686,49.0366,48.3856,48.4941,2963500
2015-09-23,48.6695,49.0434,48.4052,48.7984,3708700
2015-09-24,48.7275,48.9338,48.0442,48.3407,3707600
2015-09-25,48.5534,48.9402,48.2505,48.5341,3330000
2015-09-28,48.4245,48.4438,47.4253,47.7799,4094600
2015-09-29,48.0700,48.4954,47.7348,48.2891,3784900
2015-09-30,48.6372,48.7919,48.2891,48.6953,6237100
2015-10-01,48.7726,49.0111,48.4181,48.9338,4105200
2015-10-02,49.0627,49.3012,48.3729,49.2883,4602000
2015-10-05,49.4946,50.2037,49.4753,50.1199,5176500
2015-10-06,50.1457,50.4164,49.8620,50.0039,3570700
2015-10-07,50.2037,50.5776,50.0296,50.5776,4211900
2015-10-08,50.5324,51.0482,50.3648,51.0030,3953200
2015-10-09,50.9966,51.0417,50.6678,50.9192,3102700
2015-10-12,51.0288,51.4736,50.9192,51.2802,3216500
2015-10-13,51.1191,51.3124,50.7323,50.8805,2362700
2015-10-14,50.9837,51.0417,50.3906,50.5002,3349200
2015-10-15,50.5518,51.1900,50.5066,51.1900,2533600
2015-10-16,51.2222,51.6670,51.2029,51.5767,2875000
2015-10-19,51.5574,52.2987,51.4865,52.2987,3146100
2015-10-20,52.2020,52.4212,52.0602,52.2794,2781500
2015-10-21,52.3761,52.5308,52.0473,52.0860,3460600
2015-10-22,52.1891,52.7113,52.0924,52.5437,3504200
2015-10-23,52.5630,52.6533,51.7186,52.0344,3421300
2015-10-26,52.0538,52.1762,51.6025,52.0215,3280000
2015-10-27,52.0151,52.1376,51.7443,52.0022,7135300
2015-10-28,52.0022,52.3825,51.0868,52.0473,4576600
2015-10-29,51.8926,52.0473,51.6283,51.9764,3283100
2015-10-30,51.9829,52.0925,51.4543,51.4994,7057100
2015-11-02,51.6154,52.6017,51.4285,52.5952,6869600
2015-11-03,52.4792,52.5308,51.8604,52.0666,5285300
2015-11-04,52.0989,52.1891,51.6799,51.8346,3165100
2015-11-05,51.8539,52.0989,51.5574,52.0409,2804100
2015-11-06,51.2029,51.4156,50.1005,50.4229,7070200
2015-11-09,50.1005,50.2101,49.2367,49.5591,5919100
2015-11-10,49.5526,50.2424,49.5397,50.1263,4688800
2015-11-11,50.1263,50.3971,49.9974,50.1843,2228400
2015-11-12,50.0490,50.2875,49.7524,49.8427,3212200
2015-11-13,49.8685,50.1199,49.2367,49.2754,4250100
2015-11-16,49.1658,49.8427,49.0691,49.8427,3117900
2015-11-17,49.7073,50.2681,49.6557,49.8427,3845600
2015-11-18,49.9007,50.3133,49.5848,50.2810,3429200
2015-11-19,50.3455,50.6872,50.2101,50.4357,3628100
2015-11-20,50.7516,51.1255,50.6034,51.0675,3964600
2015-11-23,51.0933,51.3705,50.9966,51.1771,2370000
2015-11-24,50.8999,51.0095,50.4873,50.9063,3498900
2015-11-25,50.9321,51.2351,50.8806,51.1126,1959700
2015-11-27,51.0933,51.7186,51.0804,51.5574,1348700
2015-11-30,51.7443,51.8668,51.0417,51.1771,7609800
2015-12-01,51.2480,51.9055,51.1964,51.8862,3847300
2015-12-02,51.7379,51.8088,50.7516,50.8290,5713500
2015-12-03,50.7516,50.8290,49.8942,50.0296,4737300
2015-12-04,50.0748,51.1126,50.0554,50.9837,3434100
2015-12-07,50.8999,51.0481,50.6162,50.8419,4195100
2015-12-08,50.5647,50.9837,50.5131,50.7967,3638600
2015-12-09,50.6227,51.0288,50.2553,50.5131,4218800
2015-12-10,50.5969,50.7710,50.1070,50.1521,3465000
2015-12-11,50.0361,50.2875,49.7460,50.0619,3420800
2015-12-14,50.1328,50.3197,49.6815,50.2939,4775000
2015-12-15,50.5196,51.0933,50.5196,50.8419,3449100
2015-12-16,51.0546,51.9377,50.9321,51.8346,4699300
2015-12-17,51.8991,51.9506,51.4285,51.5767,3726800
2015-12-18,51.5187,51.6025,50.9772,50.9772,5724400
2015-12-21,51.2480,51.4865,50.8999,51.1771,4455300
2015-12-22,51.2931,51.7057,51.2866,51.3833,6484300
2015-12-23,51.5062,51.9246,51.4474,51.9115,4029000
2015-12-24,51.8134,52.0880,51.6239,51.9115,1426000
2015-12-28,51.7415,52.2056,51.6435,52.1991,6628800
2015-12-29,52.2906,52.8135,52.2056,52.7547,3499800
2015-12-30,52.7155,52.8854,52.5325,52.5717,3114300
2015-12-31,52.5455,52.7089,52.1076,52.1141,3292400
2016-01-04,51.6827,51.7023,51.0095,51.4866,8843700
2016-01-05,51.5062,52.6436,51.4605,52.4802,7114700
2016-01-06,52.0095,52.4148,51.9834,52.3363,5481200
2016-01-07,51.7023,51.9180,51.2644,51.3167,6297500
2016-01-08,51.6631,51.7023,50.5454,50.6304,4628600
2016-01-11,50.6761,51.2186,50.6565,50.9180,4956800
2016-01-12,51.1859,51.2513,50.3166,50.5781,5951900
2016-01-13,50.7415,51.1140,49.7414,49.8525,7679400
2016-01-14,49.7872,50.1859,49.3623,49.7349,5167500
2016-01-15,49.1139,49.5192,48.7283,49.3950,5571400
2016-01-19,49.6238,50.0421,49.3950,49.6565,4978100
2016-01-20,49.0878,49.2185,47.2772,48.3230,9091600
2016-01-21,48.5518,49.2773,48.1596,48.5910,6849300
2016-01-22,49.0616,50.1336,48.9832,49.9441,4542700
2016-01-25,49.8395,50.3755,49.4996,49.6303,4670100
2016-01-26,49.8591,50.6892,49.7610,50.6696,5214000
2016-01-27,50.6042,50.6042,49.3754,49.6891,4883200
2016-01-28,49.9767,50.1597,49.1205,49.3100,5584400
2016-01-29,49.6107,50.3754,49.2381,50.3231,11112200
2016-02-01,50.0160,50.8330,49.8525,50.4081,6925300
2016-02-02,50.1663,50.3297,49.6695,49.9506,6406000
2016-02-03,50.2055,50.4800,49.6630,50.2839,5729100
2016-02-04,50.2513,50.5846,49.7937,50.3101,4286700
2016-02-05,50.2055,50.2055,49.3100,49.3558,4033800
2016-02-08,49.0355,49.1009,47.1857,47.9439,5440900
2016-02-09,47.4602,47.5844,46.6955,47.0615,8405600
2016-02-10,47.3687,48.0289,47.1792,47.3884,3877700
2016-02-11,46.7217,47.0289,46.3360,46.7151,4930700
2016-02-12,47.1465,47.3818,46.7674,47.2511,5067000
2016-02-16,47.6171,48.1727,47.3949,48.1204,3888900
2016-02-17,48.1662,49.0813,48.1662,48.5322,3060900
2016-02-18,48.6368,49.1532,48.3361,49.0224,3539700
2016-02-19,48.8525,49.5127,48.6891,49.3035,2885500
2016-02-22,49.6957,50.1401,49.6761,49.7741,2966500
2016-02-23,49.7284,50.2317,49.5650,49.6434,2608300
2016-02-24,49.4277,49.6891,49.0747,49.5845,2997500
2016-02-25,49.8068,50.6238,49.8068,50.5977,3399900
2016-02-26,50.5454,50.7742,50.3166,50.3362,3180500
2016-02-29,50.2839,50.8395,50.0617,50.1401,5057700
2016-03-01,50.1859,51.5585,50.0944,51.5520,5309500
2016-03-02,51.3494,51.9507,51.2513,51.9246,3621700
2016-03-03,51.9442,52.1991,51.6762,52.1991,2907800
2016-03-04,52.1141,52.2514,51.8265,52.2056,2740000
2016-03-07,51.9376,52.4605,51.8461,52.3429,3504600
2016-03-08,52.2710,52.3168,51.7416,51.8069,2829000
2016-03-09,51.9703,52.3690,51.8527,52.0945,3566700
2016-03-10,52.4540,52.5586,51.3297,51.9049,2472500
2016-03-11,52.4278,53.1207,52.3102,53.0684,2520900
2016-03-14,52.9900,53.1272,52.7808,53.0750,2593900
2016-03-15,52.8527,53.2122,52.7416,53.1011,1898100
2016-03-16,52.9508,53.8266,52.7612,53.7417,3439600
2016-03-17,53.8266,54.6175,53.5848,54.4999,5526400
2016-03-18,54.6045,54.7417,54.2646,54.2646,3281800
2016-03-21,54.1714,54.3432,53.6823,53.7748,4343000
2016-03-22,53.6691,53.9401,53.4576,53.7748,4791300
2016-03-23,53.7748,53.8343,53.4509,53.4840,2837500
2016-03-24,53.3915,53.5501,53.0280,53.5038,2839400
2016-03-28,53.4906,54.1053,53.4774,53.9863,3885100
2016-03-29,54.0524,55.1826,53.8872,55.1562,5022700
2016-03-30,55.2950,55.4139,55.0042,55.0504,3503100
2016-03-31,55.0438,55.4602,54.9315,55.3875,7533800
2016-04-01,55.2752,55.4074,54.9711,55.3148,5267300
2016-04-04,55.4272,55.4801,55.0438,55.2355,6908900
2016-04-05,54.9909,55.1364,54.7332,54.8720,3251300
2016-04-06,54.8918,55.0306,54.5878,55.0042,2940500
2016-04-07,54.8720,55.0042,54.4159,54.6605,2339400
2016-04-08,54.9447,55.1892,54.8257,54.9645,3370300
2016-04-11,55.0703,55.2289,54.8389,54.8522,2848100
2016-04-12,54.9711,55.3809,54.8323,55.2487,2504600
2016-04-13,55.4073,55.4338,54.8191,55.0042,2827000
2016-04-14,54.9711,55.0108,54.5547,54.7001,2044200
2016-04-15,54.8059,55.2421,54.5283,55.1099,2429100
2016-04-18,55.0240,55.3809,54.9513,55.3743,2347400
2016-04-19,55.5263,55.5263,55.1760,55.4007,3137200
2016-04-20,55.4073,55.5197,54.4159,54.4622,4085800
2016-04-21,54.4357,54.5481,53.3253,53.4906,5046100
2016-04-22,53.4906,54.1647,53.4113,54.0722,3124400
2016-04-25,53.9004,54.5283,53.8872,54.5217,2385600
2016-04-26,54.7200,55.0438,54.5349,54.7332,3190800
2016-04-27,54.7200,54.8059,54.1053,54.7001,3244500
2016-04-28,54.3696,54.9182,54.1581,54.5878,2870600
2016-04-29,54.3234,54.4424,53.5567,54.0855,4117300
2016-05-02,54.0524,55.0636,54.0524,54.9248,4008000
2016-05-03,54.9050,55.0504,54.5878,55.0108,3305700
2016-05-04,54.6671,55.9031,54.6671,55.7973,4138600
2016-05-05,55.8700,56.0617,55.6056,55.9559,3324300
2016-05-06,55.9493,56.6169,55.6916,56.5706,3499300
2016-05-09,56.7491,57.2845,56.5905,57.1919,4568700
2016-05-10,57.3175,57.3836,56.9870,57.1853,4034800
2016-05-11,57.1523,57.1523,55.7444,55.9625,4063900
2016-05-12,56.0286,56.4715,55.5726,56.2864,3471000
2016-05-13,56.1344,56.1344,55.3941,55.7841,3991500
2016-05-16,55.7775,56.4781,55.7312,56.3128,3374900
2016-05-17,56.1740,56.1740,54.9645,55.2685,4308300
2016-05-18,55.0372,55.0967,53.7814,54.4027,4708500
2016-05-19,54.0590,54.1846,53.5104,53.7946,4316000
2016-05-20,53.9995,54.3234,53.9004,54.2242,3296100
2016-05-23,54.3168,54.4358,54.0987,54.2309,2744000
2016-05-24,54.5680,54.9976,54.3697,54.9050,2998500
2016-05-25,55.0505,55.0505,54.3631,54.9050,3250000
2016-05-26,54.7993,55.1760,54.6737,55.0108,3053400
2016-05-27,55.1033,55.5396,55.0505,55.3082,3006900
2016-05-31,55.2223,55.4668,54.9645,55.3016,4810900
2016-06-01,55.1099,55.4867,55.0570,55.3479,4417500
2016-06-02,55.1892,55.6519,55.0504,55.6321,8043500
2016-06-03,56.1675,56.3393,55.5858,55.8568,4295200
2016-06-06,55.9097,56.0286,55.1364,55.4272,3231900
2016-06-07,55.6717,55.9295,55.5131,55.7643,2424600
2016-06-08,55.7246,56.1674,55.5528,56.1212,3099000
2016-06-09,56.1212,56.3525,55.9229,56.2468,4132700
2016-06-10,56.0352,56.1939,55.7444,55.9824,2538400
2016-06-13,56.0022,56.4186,55.9295,55.9956,3250300
2016-06-14,55.9956,56.1939,55.6453,55.8502,3437300
2016-06-15,55.9758,56.5706,55.8964,56.3789,2829400
2016-06-16,56.2996,56.7160,56.0220,56.6962,2827100
2016-06-17,56.7292,56.7292,56.1674,56.6037,4408400
2016-06-20,56.8746,57.3637,56.6103,56.6830,3987000
2016-06-21,56.8924,57.0658,56.6390,56.8990,3614700
2016-06-22,57.0191,57.0258,56.6723,56.8124,3994500
2016-06-23,57.0724,57.3125,56.9791,57.0991,1672700
2016-06-24,56.1054,57.1658,55.7120,56.5923,5661700
2016-06-27,56.3655,56.7190,55.8254,56.6323,4769800
2016-06-28,56.9991,57.8327,56.7857,57.8260,5128700
2016-06-29,58.0995,58.6063,58.0261,58.5263,4395600
2016-06-30,58.6796,59.1331,58.1995,59.1331,6555800
2016-07-01,59.3332,59.6199,58.9797,59.1531,4731800
2016-07-05,59.1598,59.8067,59.0864,59.8067,3808400
2016-07-06,59.7200,59.7867,59.2532,59.5466,4577200
2016-07-07,59.4866,59.5266,58.6063,58.9331,5342000
2016-07-08,59.2598,59.9134,59.1865,59.8867,2663400
2016-07-11,59.9334,60.4136,59.5733,60.2868,3381400
2016-07-12,60.2935,60.3802,59.8067,60.2802,3727600
2016-07-13,60.4202,60.6136,60.1468,60.6136,4902800
2016-07-14,60.4269,60.5803,59.9334,60.0735,3060500
2016-07-15,60.0668,60.1401,59.6600,60.0935,3345600
2016-07-18,60.1801,60.2735,60.0201,60.2535,2699700
2016-07-19,60.2535,60.5469,59.9734,60.5469,1916500
2016-07-20,60.6536,60.7137,60.3602,60.5536,2100600
2016-07-21,60.4202,60.6737,60.1535,60.6737,2179600
2016-07-22,60.6136,61.3872,60.4869,61.2071,2482900
2016-07-25,61.2272,61.4472,60.8871,61.0938,2374700
2016-07-26,61.1472,61.3339,60.6470,60.7937,2460200
2016-07-27,60.7804,60.7804,59.8200,60.3202,3935200
2016-07-28,60.2268,61.1205,60.0868,60.8804,2853100
2016-07-29,61.0471,61.9674,60.8204,61.6540,3502600
2016-08-01,61.5740,61.8540,61.5273,61.7874,3335100
2016-08-02,61.6073,61.7140,60.6870,60.8004,3877100
2016-08-03,60.5869,60.8404,60.1201,60.4469,3829400
2016-08-04,60.5203,60.6336,60.0934,60.2001,2649700
2016-08-05,60.2335,60.4202,60.0268,60.2402,2941600
2016-08-08,60.2002,60.6270,60.0935,60.3469,2240200
2016-08-09,60.4469,60.6737,59.9801,60.6737,3474300
2016-08-10,60.8470,60.9537,60.4136,60.6070,5302900
2016-08-11,60.5870,60.6136,59.6000,59.9201,4788300
2016-08-12,60.0534,60.7270,59.8734,60.1735,2972100
2016-08-15,60.2669,60.4736,60.0868,60.1135,2961400
2016-08-16,59.9134,59.9867,59.3132,59.3932,4166800
2016-08-17,59.3399,59.6800,58.9331,59.6333,5192000
2016-08-18,59.5466,59.8134,59.1331,59.4132,4074800
2016-08-19,59.3332,59.3999,58.8597,59.0331,3284900
2016-08-22,59.1865,59.3999,59.0464,59.3532,3671000
2016-08-23,59.5599,59.6933,59.3599,59.3865,6526100
2016-08-24,59.5399,59.5466,58.7930,59.1265,6064800
2016-08-25,59.2865,59.7533,59.0998,59.3932,3219700
2016-08-26,59.4999,59.8667,58.4129,58.8064,5844000
2016-08-29,58.9331,59.5733,58.9264,59.3865,3318600
2016-08-30,59.5132,59.5866,58.7530,59.2732,3431900
2016-08-31,59.2132,59.5333,58.9998,59.3332,5003000
2016-09-01,59.3999,59.4199,58.8864,59.1865,4098000
2016-09-02,59.5333,60.4269,59.4399,59.7000,4439500
2016-09-06,59.9601,60.1668,59.4332,60.1601,3874300
2016-09-07,60.0801,60.5536,59.8800,60.5203,2874200
2016-09-08,60.2535,60.3535,59.7200,59.7800,3123900
2016-09-09,59.0998,59.2665,57.3992,57.4126,7589300
2016-09-12,57.2992,58.3595,57.1258,58.0928,7088200
2016-09-13,57.8027,57.8229,56.5067,56.6343,7223000
2016-09-14,56.7820,57.1312,56.5873,56.8156,4781900
2016-09-15,56.7954,57.1178,56.4933,57.0305,4320500
2016-09-16,56.9633,57.1111,56.6410,57.0573,6251400
2016-09-19,57.2454,57.6415,57.1849,57.5744,3407700
2016-09-20,57.8430,57.9169,57.4871,57.4871,3905800
2016-09-21,57.5878,58.3130,56.8089,58.2257,6905000
2016-09-22,58.7629,59.3203,58.6152,59.2666,3575700
2016-09-23,59.1054,59.6493,58.6152,59.4479,4722300
2016-09-26,59.2800,59.7299,59.0920,59.5889,3440200
2016-09-27,59.7836,59.7836,58.8569,58.9577,6479800
2016-09-28,59.0517,59.4881,58.8704,59.4411,2676300
2016-09-29,59.2397,59.2800,58.4742,58.6488,4662800
2016-09-30,58.8570,59.2196,58.2392,58.2459,6718600
2016-10-03,57.7557,57.9437,57.0439,57.1581,10473900
2016-10-04,57.0775,57.1043,56.0434,56.3791,7415500
2016-10-05,56.4866,56.7753,55.1771,55.2376,8125200
2016-10-06,54.9622,55.6606,54.4653,55.2577,6760300
2016-10-07,55.6002,56.1575,54.9085,55.1637,6036800
2016-10-10,55.1637,55.7412,55.1637,55.5062,2818300
2016-10-11,55.4323,55.5599,54.8212,54.9690,4306600
2016-10-12,55.0563,55.6808,54.9690,55.6002,3492600
2016-10-13,55.3786,56.1307,55.2107,56.0367,3633600
2016-10-14,55.9359,56.3993,55.6740,55.7882,3187500
2016-10-17,55.8352,56.2515,55.7882,55.9091,3154000
2016-10-18,56.2784,56.5940,56.0769,56.2650,2533200
2016-10-19,56.2784,56.4664,55.9628,56.3858,2871000
2016-10-20,56.3791,56.6276,55.9494,56.2583,3261100
2016-10-21,55.9897,56.1978,55.8016,56.0501,3193800
2016-10-24,56.3052,56.7484,55.9561,56.1777,3948800
2016-10-25,55.9494,56.1508,55.7748,56.0769,3161400
2016-10-26,55.8621,55.9426,54.9622,55.3450,4093100
2016-10-27,55.2443,55.2712,53.7469,53.8946,5969300
2016-10-28,53.9818,54.4855,53.8207,54.0221,4819100
2016-10-31,54.2572,55.0026,54.0356,54.9018,5009700
2016-11-01,54.6601,54.7071,53.5185,53.7065,7465200
2016-11-02,53.6193,53.7737,52.9075,52.9209,7847600
2016-11-03,52.9612,53.0552,52.4978,52.5113,7221900
2016-11-04,52.6388,53.1022,52.4172,52.9276,4432600
2016-11-07,53.3238,53.8744,53.3238,53.8543,5860500
2016-11-08,53.8409,54.3176,53.5857,54.1363,4023300
2016-11-09,52.8470,53.7200,52.2225,53.3171,10045800
2016-11-10,53.2499,53.2768,51.6920,52.4240,13504700
2016-11-11,52.3770,53.3909,52.3434,52.7396,5066000
2016-11-14,52.6456,54.1296,52.3904,53.9886,6755200
2016-11-15,54.1699,54.6198,53.1694,53.5387,7719900
2016-11-16,53.5588,53.7200,52.9813,53.3842,10337100
2016-11-17,53.3574,53.7603,52.7664,52.8403,3645200
2016-11-18,52.9075,53.1358,52.6590,52.9948,3655600
2016-11-21,53.1693,53.5521,52.7732,52.8336,3488200
2016-11-22,53.0955,53.7871,52.9343,53.7603,4226700
2016-11-23,53.2902,53.5857,53.0753,53.5320,6542100
2016-11-25,53.5857,54.1430,53.5454,53.8408,1904500
2016-11-28,53.8408,54.4452,53.8073,54.0893,4065700
2016-11-29,54.1430,54.8817,54.1027,54.6064,3754200
2016-11-30,54.0893,54.4251,53.7200,53.9819,6826400
2016-12-01,53.6662,53.8610,52.8873,53.1895,6361900
2016-12-02,53.4245,54.2773,53.3372,53.7200,3695900
2016-12-05,53.7267,54.1833,53.5387,54.1162,3457200
2016-12-06,54.2572,54.7071,54.0557,54.4654,4024800
2016-12-07,54.5056,55.6405,54.4385,55.5532,5754300
2016-12-08,55.3651,56.0904,55.0697,55.9359,4404200
2016-12-09,55.9695,56.3993,55.7479,55.8755,4506200
2016-12-12,55.7211,56.2784,55.6203,56.2448,3610700
2016-12-13,56.4731,56.5336,55.8285,56.2180,4015100
2016-12-14,56.1508,56.2918,54.8951,54.9891,4857300
2016-12-15,54.9421,55.3786,54.4989,54.6668,3915200
2016-12-16,54.7809,55.8486,54.6936,55.4860,6581100
2016-12-19,55.6740,56.3254,55.6673,56.0837,3663600
2016-12-20,56.0568,56.4597,55.8554,56.2113,5193600
2016-12-21,56.2112,56.5806,55.3450,55.3584,4998400
2016-12-22,55.2865,55.4510,54.7860,55.2659,3891700
2016-12-23,55.3413,56.4108,55.1836,55.4098,4504400
2016-12-27,55.4921,55.7389,55.2659,55.5264,3833000
2016-12-28,55.6567,55.6567,55.0122,55.1905,3979500
2016-12-29,55.3687,56.0406,55.1562,55.8761,4259400
2016-12-30,55.9378,56.6988,55.6704,56.5822,6673400
2017-01-03,56.8908,56.9045,56.3148,56.7673,9380300
2017-01-04,56.8428,57.7203,56.7879,57.5969,6598700
2017-01-05,57.3844,57.8506,56.8496,57.7820,8555700
2017-01-06,57.6037,58.0700,57.4666,57.7889,3901200
2017-01-09,57.9534,57.9534,57.2472,57.2678,3546100
2017-01-10,57.2952,57.2952,56.7536,56.7810,3959600
2017-01-11,56.8153,56.8770,56.3766,56.4314,4498000
2017-01-12,56.4931,56.7468,55.9446,56.7193,4670700
2017-01-13,56.7125,56.9181,56.4451,56.6371,3658100
2017-01-17,56.8770,57.1238,56.7399,57.0759,4139200
2017-01-18,57.0553,57.3638,56.9250,57.1718,3317400
2017-01-19,56.9593,57.0758,56.4519,56.5891,3169200
2017-01-20,56.6096,57.0347,56.4794,57.0004,3285400
2017-01-23,57.0827,57.5695,56.9044,57.4803,3165600
2017-01-24,57.4804,57.7340,57.2473,57.4941,4204200
2017-01-25,57.4598,57.6997,56.9456,57.1170,3461500
2017-01-26,57.1238,57.3981,56.9250,57.0073,4093700
2017-01-27,57.1718,57.2472,56.2326,56.4520,2996000
2017-01-30,56.2874,56.4040,55.9241,56.0680,3182600
2017-01-31,56.0817,56.8702,56.0817,56.4725,11091400
2017-02-01,56.4108,56.8290,55.7526,55.7938,4555800
2017-02-02,55.8281,56.5137,55.8212,56.4588,4754800
2017-02-03,56.8770,57.0622,56.5342,56.7673,4165000
2017-02-06,56.8359,56.9456,56.5548,56.6714,2985800
2017-02-07,56.7193,56.9250,56.3834,56.4725,3250700
2017-02-08,56.6439,57.0416,56.4245,56.9182,3316700
2017-02-09,56.9182,57.1650,56.8496,57.0553,2806600
2017-02-10,57.0347,57.4941,56.9250,57.4598,2983800
2017-02-13,57.5078,57.7272,57.1650,57.4803,3968200
2017-02-14,57.3432,57.3775,56.7331,57.1787,2687900
2017-02-15,56.8222,57.0759,56.4520,56.9867,3687300
2017-02-16,57.0484,57.7066,56.9867,57.3227,3097800
2017-02-17,57.4598,57.5215,56.9525,57.4324,2624100
2017-02-21,57.3707,58.2277,57.2953,58.1660,5646700
2017-02-22,58.2482,58.4470,57.6792,57.9740,3464400
2017-02-23,58.1317,58.3236,57.7409,58.2756,3430900
2017-02-24,58.2619,58.5705,57.9466,58.5499,3667400
2017-02-27,58.5430,59.0709,58.4950,58.8584,3326700
2017-02-28,58.8584,58.8584,58.3168,58.4539,5778100
2017-03-01,58.2756,58.6116,58.0700,58.2756,6282800
2017-03-02,58.1934,58.2414,57.7614,57.9603,3060400
2017-03-03,57.9123,57.9671,57.1444,57.7340,4177700
2017-03-06,57.6312,57.6586,57.1993,57.4735,3237400
2017-03-07,57.3501,57.4461,56.9250,57.1993,4658000
2017-03-08,56.8633,56.9319,56.1023,56.1434,4814100
2017-03-09,56.0337,56.3697,55.1768,55.3002,5604300
2017-03-10,55.7389,56.0200,54.8340,55.1288,6278800
2017-03-13,55.1905,55.6087,55.0808,55.2659,4691000
2017-03-14,55.2110,55.3893,54.8957,55.2522,4582400
2017-03-15,55.4167,56.6576,55.3824,56.3697,7177800
2017-03-16,56.3080,56.6439,56.1572,56.2600,4456700
2017-03-17,56.4931,56.6988,56.2189,56.5205,4380600
2017-03-20,56.5617,56.7262,56.3286,56.4725,2748500
2017-03-21,56.5479,56.7125,56.1366,56.2257,6969700
2017-03-22,56.2913,56.3259,55.6283,56.1946,4618000
2017-03-23,56.2015,57.0648,56.1187,56.6090,7610200
2017-03-24,56.6919,56.9405,56.4778,56.5469,4399200
2017-03-27,56.4640,56.7126,55.8631,56.0358,4556000
2017-03-28,56.1670,56.3604,55.6421,56.2775,4232100
2017-03-29,56.2568,56.6021,56.0841,56.5952,3123200
2017-03-30,56.5054,56.7886,56.1325,56.6988,4593300
2017-03-31,56.7195,57.2444,56.6228,57.0372,7167900
2017-04-03,56.8783,57.3134,56.8507,57.2029,7469000
2017-04-04,57.1200,57.5759,57.0441,57.2029,5359300
2017-04-05,57.2582,57.6035,57.1960,57.2858,4738600
2017-04-06,57.1615,57.6932,56.9267,57.5897,4711500
2017-04-07,57.7278,57.9281,57.5068,57.6725,4483800
2017-04-10,57.7070,58.1214,57.5689,58.0316,2547800
2017-04-11,58.0524,58.5427,57.9695,58.4322,3864200
2017-04-12,58.4115,58.6325,58.2250,58.3286,3526900
2017-04-13,58.3079,58.4598,58.1214,58.1974,2759500
2017-04-17,58.2872,58.9156,58.2250,58.9018,3875000
2017-04-18,58.8535,59.1159,58.8120,59.0606,2807300
2017-04-19,59.0123,59.1988,58.8742,58.9778,3622900
2017-04-20,58.8673,59.0261,58.5634,58.9847,3109100
2017-04-21,58.9502,59.0192,58.6739,58.7706,3261900
2017-04-24,59.0468,59.0814,57.5897,58.1214,6595300
2017-04-25,58.1214,58.4529,58.0247,58.3631,3412300
2017-04-26,58.3217,58.4391,57.7830,57.9281,4185400
2017-04-27,58.0178,58.1560,57.6656,57.7761,4822200
2017-04-28,57.6242,57.7140,56.9681,57.1753,5983700
2017-05-01,57.4239,57.6863,56.9474,57.5137,6003600
2017-05-02,57.5828,57.7278,57.2029,57.4170,4930000
2017-05-03,57.3894,57.4584,56.4640,56.6504,6207500
2017-05-04,56.2982,56.4640,55.7319,56.3742,8025100
2017-05-05,56.4985,56.9060,56.4709,56.9060,5458100
2017-05-08,57.0303,57.0303,56.1877,56.5054,3940600
2017-05-09,56.4985,56.5745,55.9805,56.2015,5790900
2017-05-10,56.1946,56.8369,56.0565,56.6435,3801400
2017-05-11,56.4363,56.5261,55.8700,56.3604,3542600
2017-05-12,56.3604,56.4778,56.0842,56.1325,3115400
2017-05-15,56.1808,56.7816,56.1463,56.2982,3263900
2017-05-16,56.2982,56.4156,55.7388,55.9184,4338600
2017-05-17,55.8839,56.3604,55.7665,56.1463,7243700
2017-05-18,56.0565,56.6021,55.7527,56.4571,4128200
2017-05-19,56.4156,57.0993,56.1808,56.7609,6390100
2017-05-22,56.7817,57.1822,56.7402,56.9819,3433700
2017-05-23,57.0993,57.3134,56.9957,57.0303,2960100
2017-05-24,57.1063,57.5275,57.0786,57.4930,2578500
2017-05-25,57.5896,57.7692,57.3756,57.4999,3146900
2017-05-26,57.4792,57.5482,56.9060,57.0855,3046100
2017-05-30,57.0786,57.1960,56.7264,56.7264,1865200
2017-05-31,56.8231,56.9957,56.5399,56.7609,5515000
2017-06-01,56.6021,57.1270,56.4640,57.0579,6557200
2017-06-02,57.2927,57.7692,57.2927,57.6449,3999500
2017-06-05,57.4999,57.5827,57.1339,57.3963,4919900
2017-06-06,57.4308,57.4446,57.0372,57.1200,4358300
2017-06-07,57.1062,57.6242,57.0579,57.5206,3191200
2017-06-08,57.5413,57.5413,56.8714,57.3825,2963600
2017-06-09,57.3825,57.9764,57.1822,57.7830,4950400
2017-06-12,57.7347,58.3148,57.6449,58.3010,4049500
2017-06-13,58.2734,58.4875,58.0317,58.4322,2787500
2017-06-14,58.7844,58.9087,58.3148,58.5151,5317300
2017-06-15,58.2665,58.9709,58.2181,58.8120,3757200
2017-06-16,58.8880,58.9225,58.4046,58.6601,4497900
2017-06-19,58.6601,58.6946,58.3839,58.6670,4892200
2017-06-20,58.7015,58.8673,58.0800,58.5289,3194300
2017-06-21,58.5289,58.6946,58.0386,58.4115,2559700
2017-06-22,58.3355,58.5841,58.1007,58.4667,6220800
2017-06-23,58.4884,59.0043,58.3907,58.6696,3759000
2017-06-26,58.8160,59.3041,58.8160,59.0880,6417400
2017-06-27,58.7951,59.1437,58.5232,58.5581,3925300
2017-06-28,58.7184,58.9764,58.5162,58.6975,2956300
2017-06-29,58.5093,58.5093,57.9236,58.0282,3985800
2017-06-30,58.1886,58.4814,57.8609,58.0282,4206900
2017-07-03,58.2583,58.8857,58.1258,58.7672,3169500
2017-07-05,58.8718,58.8718,57.8260,57.9376,5370200
2017-07-06,57.5820,57.8469,56.7802,56.8499,4091400
2017-07-07,56.9893,57.3310,56.7732,57.1706,3249800
2017-07-10,57.2961,57.3519,56.6059,56.6477,4164100
2017-07-11,56.6896,56.7453,56.1806,56.5850,3346600
2017-07-12,56.9685,57.6099,56.8499,57.2822,3189200
2017-07-13,57.3240,57.5123,57.1706,57.3728,2556100
2017-07-14,57.7214,58.0282,57.6656,57.9236,2577600
2017-07-17,57.9236,58.4814,57.8121,58.3908,2730700
2017-07-18,58.4116,58.5162,58.1049,58.2652,3012500
2017-07-19,58.3559,58.7254,58.2304,58.7045,2949700
2017-07-20,58.7393,58.8369,58.4047,58.4326,3140400
2017-07-21,58.4744,58.5441,58.1119,58.3908,2967100
2017-07-24,58.3768,58.4465,58.0142,58.2792,2659300
2017-07-25,58.3210,58.4116,57.9585,58.3559,2785000
2017-07-26,58.3768,58.9624,58.2443,58.7603,2976800
2017-07-27,58.5511,59.0740,58.2025,58.8300,2828800
2017-07-28,58.8439,59.0252,58.5511,58.6696,3024500
2017-07-31,58.7323,58.8300,58.2861,58.7463,2967600
2017-08-01,58.9276,59.2622,58.5441,59.0112,3142900
2017-08-02,58.8858,58.8858,58.2792,58.4744,2192000
2017-08-03,58.3698,58.6905,58.1467,58.3559,2032500
2017-08-04,58.3419,58.6626,58.2164,58.5511,2068700
2017-08-07,58.5650,58.6417,58.2652,58.4883,1642700
2017-08-08,58.3768,58.5093,58.0631,58.2095,2324400
2017-08-09,58.2513,58.2792,57.9027,58.0142,4508400
2017-08-10,57.8888,57.9933,57.5959,57.5959,4190800
2017-08-11,57.6099,57.6517,56.9824,57.2404,2692800
2017-08-14,57.4774,58.3071,57.3798,58.1955,2160200
2017-08-15,58.0840,58.0840,57.6377,58.0212,2260000
2017-08-16,58.0909,58.4326,58.0909,58.2513,2945300
2017-08-17,58.1816,58.3907,57.8609,57.8887,2053900
2017-08-18,57.7423,57.8330,57.1358,57.3031,2011600
2017-08-21,57.3101,58.0143,57.2194,57.9166,2487600
2017-08-22,57.9236,58.0979,57.5959,57.7493,1835300
2017-08-23,57.7702,58.4116,57.6238,58.3419,1889800
2017-08-24,58.4605,58.7951,58.1258,58.1607,2012200
2017-08-25,58.3489,58.6557,58.0840,58.4395,2147300
2017-08-28,58.4674,58.5232,57.8121,57.9933,2072000
2017-08-29,57.9097,58.1816,57.8678,57.9306,1401700
2017-08-30,57.8330,58.2652,57.6029,58.2583,2054100
2017-08-31,58.4186,58.7533,58.3071,58.5929,3212700
2017-09-01,58.6069,59.0392,58.5302,58.7951,3385900
2017-09-05,58.8579,59.0391,58.3419,58.6348,3705200
2017-09-06,58.7533,59.1855,58.6975,58.7881,3330500
2017-09-07,58.9067,59.2623,58.8160,59.1646,2313000
2017-09-08,59.0043,59.4296,58.9555,59.2134,2334500
2017-09-11,59.3459,59.8200,59.2622,59.7573,2352600
2017-09-12,59.6666,59.8200,58.8369,59.0531,3991300
2017-09-13,59.0670,59.0949,58.6975,58.8997,1840100
2017-09-14,58.8230,59.4156,58.6835,59.3877,2839400
2017-09-15,59.3529,59.5272,58.9694,59.4993,3172800
2017-09-18,59.4853,59.5899,58.9903,59.1786,3442200
2017-09-19,59.2274,59.2413,58.7463,58.7881,2916500
2017-09-20,58.9415,59.0252,58.3698,58.6278,2741300
2017-09-21,58.6208,59.0043,58.5093,58.5162,6278500
2017-09-22,58.5825,58.8008,58.0683,58.1035,4549600
2017-09-25,58.1035,58.6811,58.1035,58.4416,5536300
2017-09-26,58.5543,58.7304,58.3993,58.5402,3099300
2017-09-27,58.4204,58.5331,57.8076,58.0119,3812800
2017-09-28,57.8922,58.4627,57.8922,58.4063,4114300
2017-09-29,58.3218,58.5895,58.1950,58.5261,4245200
2017-10-02,58.6177,58.6458,58.3500,58.4416,4533800
2017-10-03,58.4345,58.4909,58.2232,58.3571,6710800
2017-10-04,58.4063,58.6951,58.2021,58.6529,4137400
2017-10-05,58.7304,59.1600,58.7233,58.8642,3398700
2017-10-06,58.5543,58.7233,58.1810,58.6740,2594800
2017-10-09,58.7022,58.9628,58.6388,58.8149,2248200
2017-10-10,58.9980,59.3925,58.8149,58.9910,6012600
2017-10-11,59.0403,59.3713,59.0332,59.1882,2944800
2017-10-12,59.2093,59.5686,59.1178,59.5686,2787500
2017-10-13,59.7869,59.8715,59.4488,59.7235,2662600
2017-10-16,59.6813,59.8010,59.3784,59.4277,1972300
2017-10-17,59.3643,59.5333,59.2516,59.4981,2191300
2017-10-18,59.4277,59.6531,59.3150,59.4347,1935900
2017-10-19,59.4206,59.5474,59.0544,59.2586,1838700
2017-10-20,59.2093,59.2375,58.6951,58.9205,2929900
2017-10-23,58.9910,59.0473,58.6247,58.6951,2618800
2017-10-24,58.5824,58.7726,58.1387,58.3430,2521400
2017-10-25,58.0964,58.3711,57.7724,58.1739,3490900
2017-10-26,58.3289,58.4627,57.4836,57.6949,3916400
2017-10-27,57.6597,58.1035,57.2934,57.9556,2979900
2017-10-30,57.6597,58.1387,57.6597,57.9062,3061000
2017-10-31,57.9133,58.0049,57.3991,57.8992,4422700
2017-11-01,57.9978,58.3078,57.8640,58.1810,3507700
2017-11-02,58.3571,58.9135,58.2725,58.6740,5159300
2017-11-03,58.3852,58.7515,58.1317,58.5261,2458400
2017-11-06,58.5754,59.0825,58.5402,58.9205,3156300
2017-11-07,58.9487,59.5897,58.9417,59.3995,3992500
2017-11-08,59.3573,59.7306,59.3291,59.6954,2058200
2017-11-09,59.4770,60.1180,59.3150,59.7587,3856400
2017-11-10,59.4559,60.0194,59.3432,59.8221,3657400
2017-11-13,59.8573,60.2095,59.7658,60.1250,3487200
2017-11-14,59.9560,60.1673,59.8926,59.9982,4039200
2017-11-15,59.9067,60.0123,59.3573,59.3925,5171100
2017-11-16,59.2445,59.9489,59.2375,59.8855,5137200
2017-11-17,59.7376,59.9207,59.5545,59.6249,2782600
2017-11-20,59.6672,59.7235,59.3502,59.4488,3613800
2017-11-21,59.6179,59.9278,59.5263,59.8926,3056900
2017-11-22,59.7799,59.9630,59.6108,59.7587,2347400
2017-11-24,59.8080,59.9348,59.7869,59.8362,1255000
2017-11-27,59.8996,59.9067,59.5333,59.5545,2218000
2017-11-28,59.5263,59.6038,59.0192,59.3291,2946800
2017-11-29,59.1812,59.4841,58.9980,59.3502,4633900
2017-11-30,59.5404,59.6249,59.2657,59.4418,4849800
2017-12-01,59.5122,59.8080,59.0614,59.5826,4664700
2017-12-04,59.7024,59.9419,59.2727,59.2868,4484100
2017-12-05,58.9910,59.3784,58.7797,58.7938,4372600
2017-12-06,58.7022,59.0121,58.4627,58.7374,3967900
2017-12-07,58.8853,58.9417,58.5402,58.8853,4049100
2017-12-08,59.1178,59.2939,58.8501,59.1882,3448600
2017-12-11,59.2023,59.2727,59.0544,59.1812,5326200
2017-12-12,59.4911,59.6320,58.9839,59.4699,4732000
2017-12-13,59.6038,59.8503,59.4559,59.5686,3887100
2017-12-14,59.6038,59.7869,59.4347,59.5545,4901000
2017-12-15,59.6320,60.0475,59.6108,59.9278,4909500
2017-12-18,60.0545,60.6744,60.0475,60.3222,5169400
2017-12-19,60.3434,60.3575,58.9346,59.0403,5259200
2017-12-20,59.0685,59.2305,58.3500,58.3571,7831900
2017-12-21,58.6174,58.6174,58.0666,58.1310,4701300
2017-12-22,58.1668,58.6174,58.0952,58.5316,6484400
2017-12-26,58.5459,58.9822,58.4243,58.8248,2874500
2017-12-27,59.2397,59.2397,58.8749,59.0180,4341500
2017-12-28,58.9321,59.3899,58.8749,59.3327,3172900
2017-12-29,59.4471,59.5687,59.2612,59.3542,2957300
2018-01-02,59.3971,59.4900,58.9393,59.1324,4639500
2018-01-03,59.1753,59.3184,58.8392,58.9608,5516900
2018-01-04,58.9751,58.9965,57.9307,57.9451,4734100
2018-01-05,58.0595,58.1024,57.8234,57.9736,5742900
2018-01-08,58.0523,58.3742,57.9665,58.2741,4763200
2018-01-09,58.2955,58.4600,57.5016,57.5230,4631000
2018-01-10,57.2941,57.3871,56.5860,56.8793,6244400
2018-01-11,57.0152,57.1725,56.6289,56.6861,5067100
2018-01-12,56.5288,56.6790,56.1282,56.2284,5154600
2018-01-16,56.4358,57.2441,56.3213,56.3357,5760800
2018-01-17,56.5717,56.7934,56.2927,56.7290,5560300
2018-01-18,56.5145,56.5789,55.9494,55.9995,4548200
2018-01-19,56.0925,56.3071,55.9351,56.2999,4546800
2018-01-22,56.3857,56.8435,56.3214,56.8149,4767400
2018-01-23,57.0724,57.6160,56.9794,57.6017,4599700
2018-01-24,57.5230,57.6589,57.1010,57.3013,6242500
2018-01-25,57.2012,57.3013,56.8292,57.2012,4765000
2018-01-26,57.2012,57.2798,56.6719,57.0009,4966400
2018-01-29,56.8507,56.8578,56.1998,56.2355,5280200
2018-01-30,55.9852,56.2141,55.7348,55.8278,6937600
2018-01-31,55.9852,56.8507,55.8063,56.8292,8845500
2018-02-01,56.5717,57.0366,55.5059,55.6061,7313200
2018-02-02,55.1912,55.5059,54.6762,55.1340,11151800
2018-02-05,54.8622,55.4630,53.4245,53.4960,8861900
2018-02-06,52.6090,53.7892,52.2800,53.5031,12554100
2018-02-07,53.4888,54.3042,53.2385,53.2742,7480000
2018-02-08,53.0382,53.5961,51.6935,51.7435,11116900
2018-02-09,52.0654,53.4602,51.5361,53.0382,12718500
2018-02-12,53.3529,53.3815,51.5790,53.0597,15209300
2018-02-13,52.9380,53.5818,52.5876,53.4316,8766100
2018-02-14,52.9738,53.1097,52.3301,53.0454,8225700
2018-02-15,53.1240,53.6534,52.9738,53.5604,7359200
2018-02-16,53.7249,54.1254,53.5174,53.8536,7002400
2018-02-20,53.6891,54.1326,53.1526,53.2170,5766000
2018-02-21,53.2170,53.3100,52.1655,52.1655,7852900
2018-02-22,52.4159,53.1526,52.3086,52.7592,7412700
2018-02-23,52.9524,53.6176,52.8737,53.6033,6884100
2018-02-26,53.8679,53.9037,53.3887,53.7535,6336100
2018-02-27,53.8608,53.8966,52.4874,52.5018,7635400
2018-02-28,52.6877,53.1812,52.4660,52.4660,9175500
2018-03-01,52.3515,53.1455,52.0940,52.5161,8794700
2018-03-02,52.2657,52.5518,51.9438,52.4946,8408100
2018-03-05,52.3515,53.3386,52.3158,53.0883,5558100
2018-03-06,53.1741,53.4531,52.7092,53.3386,6039100
2018-03-07,53.0954,53.7106,53.0668,53.6676,9868300
2018-03-08,53.7893,53.8965,53.4960,53.7678,6381300
2018-03-09,53.7678,54.0611,53.4173,54.0611,6293400
2018-03-12,54.0968,54.4259,53.9180,54.2971,6661400
2018-03-13,54.4759,54.7263,54.1612,54.3472,4877100
2018-03-14,54.2971,54.6118,54.1684,54.3972,5945100
2018-03-15,54.4902,54.5832,54.0968,54.3829,5680500
2018-03-16,54.3186,54.8336,54.1970,54.7620,4951000
2018-03-19,54.6905,54.7048,53.9466,54.2899,3999400
2018-03-20,54.2542,54.6333,53.8965,54.1040,5677000
2018-03-21,54.0396,54.2542,53.4173,53.7034,5905400
2018-03-22,53.5747,54.3400,53.3672,53.3887,5605700
2018-03-23,53.3744,53.5246,52.3015,52.4374,9530900
2018-03-26,52.7450,53.1278,52.4922,53.0339,6979200
2018-03-27,53.1062,53.9367,52.4850,53.2362,9132000
2018-03-28,53.4239,54.6734,53.3300,54.5723,8917300
2018-03-29,54.7240,54.8540,54.2834,54.5073,5993400
2018-04-02,54.4134,54.6517,53.4095,53.7706,6487700
2018-04-03,53.8573,54.4712,53.5034,54.2256,9987300
2018-04-04,53.9223,54.9551,53.7995,54.7962,5502800
2018-04-05,54.8323,54.8829,54.3051,54.7745,4195900
2018-04-06,54.6518,55.0707,54.1823,54.3629,4817500
2018-04-09,54.3990,54.6229,54.1028,54.1895,4466300
2018-04-10,54.4206,54.5217,54.0451,54.1317,7318500
2018-04-11,54.0306,54.6590,53.9801,54.2473,3892500
2018-04-12,54.3340,54.3412,53.4817,53.6406,4049600
2018-04-13,53.5901,53.9656,53.5106,53.9223,3817100
2018-04-16,53.9873,54.4351,53.8573,54.2545,4279000
2018-04-17,54.3773,55.1934,54.2112,54.8901,4503600
2018-04-18,55.0201,55.0923,54.7673,54.7745,4122900
2018-04-19,54.5940,54.6517,53.5973,53.9801,6917900
2018-04-20,53.9223,54.1390,53.4095,53.4817,5171200
2018-04-23,53.5034,53.7201,53.2001,53.4384,4325700
2018-04-24,53.4817,53.8645,53.3373,53.6406,5852200
2018-04-25,53.4673,53.7417,53.1206,53.5395,4055400
2018-04-26,53.6984,54.5434,53.6262,54.2401,5551000
2018-04-27,54.2112,55.3523,54.1462,55.1717,6278700
2018-04-30,55.1934,55.4029,54.9406,54.9551,6625500
2018-05-01,54.9479,55.5618,54.8467,55.4534,5251600
2018-05-02,55.3307,55.4895,54.7673,55.2512,5361800
2018-05-03,55.0779,55.4462,55.0057,55.2151,5839500
2018-05-04,55.1862,55.9662,55.1862,55.8218,3746600
2018-05-07,55.9012,56.2623,55.8651,56.1973,4670300
2018-05-08,56.1901,56.1901,55.7351,55.9157,4311600
2018-05-09,55.8001,56.3057,55.7279,56.2912,4685300
2018-05-10,56.5007,56.8401,56.3851,56.7318,3664000
2018-05-11,56.7607,56.9629,56.4501,56.5368,2694500
2018-05-14,56.4934,56.6162,55.7857,56.0529,3536200
2018-05-15,55.7712,55.7712,54.9768,55.1429,5134300
2018-05-16,55.2512,55.4318,54.8973,54.9768,4400400
2018-05-17,54.9551,55.1429,54.5867,54.7023,3998100
2018-05-18,54.7673,54.9768,54.5290,54.7745,3343800
2018-05-21,54.8973,55.5184,54.6012,55.4245,3671500
2018-05-22,55.4173,55.5762,55.1934,55.5040,3470800
2018-05-23,55.4679,56.2335,55.4607,56.0601,3983200
2018-05-24,56.0746,56.2912,55.6412,55.9446,3173500
2018-05-25,55.9951,56.3490,55.9157,56.1396,3597300
2018-05-29,56.0023,56.5007,55.8434,56.4068,4611800
2018-05-30,56.3707,57.3457,56.2118,57.1724,4901800
2018-05-31,56.9918,57.1940,56.7607,56.9774,5430500
2018-06-01,56.7607,57.3674,56.6451,57.2302,7233800
2018-06-04,57.3457,57.7429,57.1363,57.7285,5391500
2018-06-05,57.9379,57.9957,57.4613,57.5768,5543000
2018-06-06,57.5768,57.7140,57.2879,57.7140,4006100
2018-06-07,57.7213,57.8657,57.3674,57.7140,3353300
2018-06-08,57.7574,57.9741,57.6274,57.9235,2773200
2018-06-11,57.8585,57.9740,57.7285,57.8368,4168300
2018-06-12,57.8007,58.3351,57.6490,58.1835,3287900
2018-06-13,58.1835,58.2846,56.9196,57.0496,7230900
2018-06-14,57.2374,57.7863,57.2374,57.5913,4458200
2018-06-15,57.5768,57.9668,57.4396,57.5551,11131800
2018-06-18,57.4254,57.6222,57.1776,57.5712,6391600
2018-06-19,57.3962,57.7899,57.3962,57.5129,11275400
2018-06-20,57.5566,58.2345,57.5202,58.1543,7327500
2018-06-21,58.3147,58.5042,58.0377,58.4313,3719700
2018-06-22,58.5552,58.9270,58.2928,58.8906,4391700
2018-06-25,58.7885,58.9707,58.3803,58.7375,5904500
2018-06-26,58.8541,59.1675,58.5844,58.9270,3751000
2018-06-27,59.0801,59.2331,58.6864,58.7010,4559900
2018-06-28,58.7010,59.2987,58.6354,59.2259,3896700
2018-06-29,59.1165,59.6268,58.7666,59.3717,5235400
2018-07-02,59.4227,59.4372,58.3730,59.0436,7926500
2018-07-03,59.0728,59.9038,58.9270,59.4883,7325300
2018-07-05,59.6632,60.2245,59.4373,60.1954,7214700
2018-07-06,60.3484,60.6181,60.3120,60.5161,7887400
2018-07-09,60.5962,60.5962,59.7288,60.0350,6621300
2018-07-10,60.1443,60.3047,59.7944,60.1589,4561900
2018-07-11,60.0860,60.2901,59.9038,59.9621,5127900
2018-07-12,60.1516,60.2464,59.8309,60.1443,4042100
2018-07-13,60.1735,60.4286,59.9183,59.9621,5013800
2018-07-16,59.8527,59.9183,59.3060,59.6413,3023900
2018-07-17,59.7361,59.8163,59.1821,59.2477,4031200
2018-07-18,59.1603,59.3716,58.7156,58.9853,5185600
2018-07-19,58.9562,59.8819,58.7885,59.6778,4358700
2018-07-20,59.4737,59.6268,58.9416,59.1020,3265500
2018-07-23,59.0728,59.1748,58.6281,58.9780,4379600
2018-07-24,58.9634,59.0655,58.5334,58.6792,4174900
2018-07-25,58.7083,59.2477,58.5990,59.1457,4521400
2018-07-26,59.2259,59.6414,59.0801,59.3425,4385400
2018-07-27,59.4518,59.4883,58.6500,58.7083,4788000
2018-07-30,58.6864,58.8833,58.3074,58.7448,4002000
2018-07-31,58.9270,59.9985,58.9270,59.7288,5737300
2018-08-01,59.2988,60.1589,59.1384,60.1516,7798900
2018-08-02,60.0277,60.2537,59.7798,59.9111,4748200
2018-08-03,59.9402,60.5890,59.8819,60.5598,4342700
2018-08-06,60.5890,60.7785,60.3339,60.4796,4655000
2018-08-07,60.5890,60.7785,60.0641,60.3703,3047100
2018-08-08,60.3338,60.3557,59.8819,60.0204,2415400
2018-08-09,60.0204,60.2464,59.9111,60.0496,3720900
2018-08-10,60.1297,60.1370,59.4810,59.5903,4524100
2018-08-13,59.5247,59.6632,59.3206,59.4737,2755400
2018-08-14,59.4664,59.9183,59.4664,59.7653,3249400
2018-08-15,59.8017,60.2974,59.6340,60.2245,5202600
2018-08-16,60.2318,60.7202,60.1808,60.7129,3329800
2018-08-17,60.5817,61.2815,60.5817,61.2742,4698400
2018-08-20,61.3543,61.6313,61.2304,61.3179,4629200
2018-08-21,61.2304,61.3398,60.8004,60.9461,3149000
2018-08-22,60.8878,60.9680,60.3776,60.6035,2954900
2018-08-23,60.6108,60.7202,60.4286,60.4505,2528800
2018-08-24,60.4505,60.8149,60.3557,60.8076,3897100
2018-08-27,60.8587,60.9097,60.3849,60.5890,4479000
2018-08-28,60.6764,61.4127,60.5161,61.4054,4653100
2018-08-29,61.3981,61.5511,61.2814,61.4199,3564900
2018-08-30,61.4856,61.5001,60.9753,61.0263,2968300
2018-08-31,61.0701,61.3981,61.0263,61.2669,3305800
2018-09-04,61.1284,61.2815,60.4651,60.5379,4718600
2018-09-05,60.5161,61.0992,60.1954,60.8878,5407700
2018-09-06,60.9826,61.2304,60.9680,61.0628,3760300
2018-09-07,60.9024,60.9024,60.3338,60.3994,4234400
2018-09-10,60.6837,61.0117,60.5817,60.6692,3089200
2018-09-11,60.5088,60.8660,60.4140,60.6619,3980300
2018-09-12,60.6764,60.8441,60.4869,60.6910,2827800
2018-09-13,60.9461,61.1794,60.7493,60.9899,3813600
2018-09-14,60.9024,60.9534,60.1662,60.6035,5215800
2018-09-17,60.5963,60.9243,60.4067,60.8004,4414700
2018-09-18,60.7202,60.8878,60.4067,60.5088,8039400
2018-09-19,60.5379,60.5598,59.7070,59.8017,4410600
2018-09-20,59.8090,60.3994,59.6049,60.3630,4308300
2018-09-21,60.2755,60.6546,60.1881,60.3411,7292200
2018-09-24,60.1963,60.3219,59.0136,59.2575,4111200
2018-09-25,59.2723,59.5902,59.1910,59.2649,4781800
2018-09-26,59.2575,59.3388,58.5258,58.5553,8971900
2018-09-27,58.8510,59.1097,58.6736,58.8362,4942200
2018-09-28,58.9175,59.6345,58.8584,59.6345,6092300
2018-10-01,59.5754,59.7380,59.0728,59.0802,7215600
2018-10-02,59.0949,59.2723,58.8584,58.9471,5746700
2018-10-03,58.9471,59.1467,57.9788,58.3188,7104300
2018-10-04,58.0823,58.1340,57.4540,57.8310,6759300
2018-10-05,57.8458,58.1636,57.7645,57.8014,4971600
2018-10-08,57.8901,58.8584,57.8014,58.6366,5246900
2018-10-09,58.6514,58.9767,58.3632,58.7180,5852000
2018-10-10,58.5775,58.9028,57.8310,57.8458,8837400
2018-10-11,57.9419,57.9419,56.1235,56.1901,12471700
2018-10-12,56.7962,56.9662,55.7170,56.0422,10167900
2018-10-15,56.0201,56.9440,55.9757,56.4192,8526800
2018-10-16,56.5227,57.6905,56.2640,57.5797,5315400
2018-10-17,57.5205,57.6536,56.9514,57.3579,5088900
2018-10-18,57.3505,57.7866,57.0771,57.2471,6818700
2018-10-19,57.2840,57.9271,57.2840,57.7423,5357300
2018-10-22,57.7940,58.0823,56.9366,56.9366,7499300
2018-10-23,56.7444,57.5501,56.5005,57.1879,6988400
2018-10-24,57.3357,58.2301,57.2249,57.7275,6016200
2018-10-25,57.8014,58.7845,57.5501,58.4666,6215700
2018-10-26,58.5258,58.5258,56.6779,57.0623,11721400
2018-10-29,57.4466,58.1858,57.4244,57.7866,7159600
2018-10-30,57.8753,59.0210,57.7275,58.5775,9053000
2018-10-31,58.5553,58.6736,57.7792,57.8901,8322000
2018-11-01,57.9344,58.2818,57.6757,58.1636,6062700
2018-11-02,58.2745,58.2893,57.0253,57.6832,7609100
2018-11-05,57.8014,58.7327,57.7866,58.5406,6753000
2018-11-06,58.5997,58.8584,58.4519,58.8362,4127900
2018-11-07,59.0949,59.5606,58.7771,59.5384,7559200
2018-11-08,59.4423,59.6271,59.0949,59.5828,3559700
2018-11-09,59.5162,59.7749,59.2501,59.5754,3388500
2018-11-12,59.6567,60.1889,59.5310,59.6936,4969800
2018-11-13,59.7380,59.9671,59.2723,59.6345,4882600
2018-11-14,59.7158,59.8710,59.2058,59.4867,4545800
2018-11-15,59.3093,59.3389,58.4888,59.0802,6413700
2018-11-16,58.9693,59.8045,58.9101,59.7158,4347600
2018-11-19,59.8193,60.2332,59.4349,59.7971,7117500
2018-11-20,59.5014,59.9745,59.1762,59.1836,5295700
2018-11-21,59.1762,59.7306,58.9323,59.2354,4139600
2018-11-23,59.0432,59.3906,58.7697,59.1171,2815500
2018-11-26,59.3314,59.4867,58.9545,59.2280,4422200
2018-11-27,59.1762,59.4867,58.9397,59.4793,5183600
2018-11-28,59.5015,60.0632,59.2428,60.0115,8681300
2018-11-29,59.9745,60.3219,59.6197,60.0263,5681000
2018-11-30,60.1741,60.6472,59.9671,60.5954,6641000
2018-12-03,60.9650,61.0241,60.2849,60.9206,7407000
2018-12-04,60.8689,61.0758,59.8636,60.0189,9346700
2018-12-06,59.6862,61.5785,59.1467,61.5045,15059500
2018-12-07,61.3050,61.4159,60.4697,60.6989,9987800
2018-12-10,60.7358,60.7876,59.5606,60.3071,5804300
2018-12-11,60.6545,60.8985,60.3367,60.3367,5108800
2018-12-12,60.6989,60.7950,59.3241,59.4054,6943900
2018-12-13,59.4794,60.2124,59.4271,59.7487,6131600
2018-12-14,59.5243,59.8459,59.2700,59.5766,10390400
2018-12-17,59.6440,59.8310,57.1981,57.3327,20329300
2018-12-18,57.9610,58.3126,57.6469,57.9236,9575700
2018-12-19,57.9386,58.3425,57.0559,57.2878,10760000
2018-12-20,57.2130,57.3851,56.0163,56.4277,13284100
2018-12-21,56.5548,57.6095,55.5899,55.6423,16609300
2018-12-24,55.4104,55.5974,53.6152,53.6601,9335800
2018-12-26,53.7723,55.4553,53.1665,55.4553,16977000
2018-12-27,55.0439,55.5076,53.8696,55.4478,12102300
2018-12-28,56.0312,56.2332,55.2010,55.6273,12729300
2018-12-31,55.5824,55.8891,54.8270,55.7769,15750600
2019-01-02,55.0215,55.1262,54.2510,54.5652,12880400
2019-01-03,54.4306,55.7769,54.3857,54.9467,12264300
2019-01-04,55.1561,56.1135,54.8270,55.5899,9389000
2019-01-07,55.7993,56.5548,55.6497,56.1359,9227900
2019-01-08,56.4950,57.4374,56.3454,57.2953,10761000
2019-01-09,57.4299,57.4973,56.6670,57.2130,6434200
2019-01-10,57.0335,58.1555,56.9064,57.9909,8671800
2019-01-11,57.9386,58.2153,57.6693,58.1555,5141900
2019-01-14,57.9685,58.2976,57.7291,57.9610,4934500
2019-01-15,58.0433,58.6566,58.0209,58.5145,5377200
2019-01-16,58.4996,59.1353,58.4173,58.9259,6164000
2019-01-17,58.8137,59.2401,58.6940,59.2101,4327000
2019-01-18,59.4570,59.4644,58.9558,59.4121,6397100
2019-01-22,59.2850,59.4944,58.7763,59.2326,6062600
2019-01-23,59.3373,59.3897,58.8511,59.2401,3972000
2019-01-24,59.0680,59.5767,58.8586,59.4420,4142500
2019-01-25,59.6440,60.2274,59.5318,60.1825,5713400
2019-01-28,60.0703,60.8332,59.8833,60.7734,5471200
2019-01-29,60.6837,61.2821,60.5640,61.2521,4832200
2019-01-30,61.2746,61.9702,61.2073,61.7458,6635900
2019-01-31,61.6710,62.4339,61.1699,62.3891,13041700
2019-02-01,62.4489,62.6434,61.1250,61.9926,16142500
2019-02-04,61.9777,62.4564,61.4840,62.4564,13612800
2019-02-05,62.5162,62.8528,62.1273,62.8154,10279100
2019-02-06,62.5835,62.7481,62.2021,62.4040,8419900
2019-02-07,62.2170,62.9949,62.0151,62.9201,8823200
2019-02-08,62.6808,63.1670,62.5686,62.9201,6853900
2019-02-11,63.0174,63.2118,62.8004,63.0922,4999200
2019-02-12,63.2418,63.2418,62.4639,62.6957,8588900
2019-02-13,62.7032,63.0772,62.4713,63.0173,5697000
2019-02-14,63.1146,63.4587,62.8229,63.2193,6928100
2019-02-15,63.3839,63.6532,63.2343,63.6457,4998600
2019-02-19,63.5110,63.7803,63.3913,63.6307,5981200
2019-02-20,63.5858,63.5858,62.8154,63.2343,7918900
2019-02-21,62.8752,63.3540,62.6658,63.2941,4756900
2019-02-22,63.4213,63.9149,63.2193,63.6681,4490300
2019-02-25,63.7953,63.8476,63.1071,63.1670,4956800
2019-02-26,63.2567,63.4213,62.8678,62.9725,4777100
2019-02-27,62.7630,62.9276,62.1946,62.6583,8116400
2019-02-28,62.7032,63.5185,62.4713,62.8229,6547100
2019-03-01,62.7855,63.0099,61.9478,62.6284,10635700
2019-03-04,62.9201,62.9800,62.2170,62.9127,7103600
2019-03-05,62.8827,63.3614,62.7556,63.0847,9077500
2019-03-06,63.1445,63.2791,62.7182,62.7930,5370800
2019-03-07,62.9500,63.2417,62.4938,62.6583,8328500
2019-03-08,62.5536,62.9501,62.4489,62.7257,9264800
2019-03-11,62.9426,63.6906,62.8379,63.6457,4679300
2019-03-12,63.7279,64.0945,63.6606,63.9374,6072500
2019-03-13,64.0122,64.4236,64.0122,64.2515,4282900
2019-03-14,64.2964,64.3637,64.0421,64.3488,4303200
2019-03-15,64.4161,64.4685,64.0346,64.1468,4742200
2019-03-18,64.1767,64.3488,63.5185,63.8252,4125300
2019-03-19,63.8626,63.9598,63.4362,63.6307,6169200
2019-03-20,63.6158,64.2216,63.1595,63.8252,6499300
2019-03-21,63.7354,64.9920,63.7279,64.9621,6948200
2019-03-22,65.0220,65.3885,64.4759,64.4909,8769700
2019-03-25,64.5133,64.7826,64.1393,64.5732,6324300
2019-03-26,64.7153,65.1192,64.6479,65.0892,8576400
2019-03-27,65.1790,65.2912,64.4909,64.9023,7252600
2019-03-28,65.0500,65.5622,64.8616,65.5321,5600000
2019-03-29,65.5923,65.6601,65.2156,65.4718,13743500
2019-04-01,65.5396,65.5622,64.7185,65.4341,8528500
2019-04-02,65.5245,65.9539,64.9520,65.8937,10358100
2019-04-03,65.8936,66.0970,65.3738,65.8183,5004200
2019-04-04,65.8635,65.9163,65.3889,65.7129,4249100
2019-04-05,65.7204,66.2101,65.6149,66.1724,4827100
2019-04-08,66.1196,66.1648,65.5923,65.8032,4575500
2019-04-09,65.8032,65.9012,65.3437,65.4567,3507600
2019-04-10,65.6903,66.1196,65.5547,66.0594,4264500
2019-04-11,66.1272,66.3607,65.7505,66.0142,2925600
2019-04-12,65.9841,66.3532,65.5170,66.3306,4148900
2019-04-15,66.3682,66.3984,65.8183,65.9916,3468900
2019-04-16,66.0067,66.0368,64.2439,64.5000,7256100
2019-04-17,64.7185,64.8089,63.7015,63.9124,6121300
2019-04-18,64.1158,64.5377,63.7166,64.4021,4827400
2019-04-22,64.3267,64.5527,63.1139,63.6939,5012000
2019-04-23,63.9727,64.6281,63.6713,64.5377,4692300
2019-04-24,64.7637,65.2081,64.5301,65.0123,4853800
2019-04-25,64.8465,65.0499,64.3870,64.8767,3732500
2019-04-26,64.9972,65.4416,64.8842,65.3889,3109400
2019-04-29,65.3211,65.5170,64.6732,64.7486,4280600
2019-04-30,64.8013,65.5019,64.3945,65.3663,5541400
2019-05-01,65.3663,66.1649,65.3287,65.4191,7675800
2019-05-02,65.4492,66.1272,65.2910,65.4869,5675900
2019-05-03,65.7204,66.1347,65.4869,66.0443,4678400
2019-05-06,65.7279,66.0443,65.4417,65.8334,4836000
2019-05-07,65.7505,65.7505,64.1911,64.6431,7037100
2019-05-08,64.6959,65.2232,64.5377,64.5753,5976800
2019-05-09,64.4623,64.8691,64.0028,64.7411,4005000
2019-05-10,64.6959,65.5999,64.5678,65.4341,4269000
2019-05-13,65.0273,65.4642,64.8465,65.3663,5794100
2019-05-14,65.5019,65.8183,65.3437,65.6074,4740500
2019-05-15,65.5471,66.2101,65.3287,66.0519,3410600
2019-05-16,66.0293,66.6093,65.8786,66.3155,4008500
2019-05-17,66.0895,66.3457,65.8485,66.1875,5346600
2019-05-20,65.8560,66.0594,64.9671,65.2307,4221100
2019-05-21,65.4416,65.9539,65.3512,65.7882,2930100
2019-05-22,65.8560,66.0293,65.6601,65.9841,2825100
2019-05-23,65.8258,66.1950,65.6074,66.1347,3304500
2019-05-24,66.3080,66.6470,66.2854,66.3381,3121800
2019-05-28,66.5415,66.7374,65.6451,65.6827,4614500
2019-05-29,65.5848,65.6978,64.5678,64.8089,8170000
2019-05-30,64.8767,65.3739,64.8089,65.0801,3984100
2019-05-31,64.9068,65.8183,64.7034,65.4567,5369200
2019-06-03,65.6902,65.8334,65.1478,65.6149,6347800
2019-06-04,65.7279,65.7279,64.7486,65.3211,6993200
2019-06-05,65.6978,66.7600,65.5321,66.6846,6775400
2019-06-06,66.8956,66.9634,66.3306,66.8127,4077200
2019-06-07,67.1442,67.4756,66.9860,67.0613,3525700
2019-06-10,67.1894,67.2647,66.5943,66.8429,2945500
2019-06-11,67.0387,67.1894,66.5264,67.0236,3834000
2019-06-12,67.0764,67.4756,66.9709,67.2496,2768500
2019-06-13,67.3099,67.5359,67.1216,67.5359,2799400
2019-06-14,67.4982,67.8900,67.4606,67.5736,2981700
2019-06-17,67.7544,68.3872,67.7544,68.2968,3574900
2019-06-18,68.8015,68.9974,67.9201,68.2290,4449200
2019-06-19,68.1160,68.8241,67.8071,68.5981,3694600
2019-06-20,68.9748,69.1932,68.8467,68.9446,4862000
2019-06-21,68.5529,68.7563,67.8297,67.9728,7941700
2019-06-24,68.2742,68.4851,67.5359,67.7393,3773600
2019-06-25,67.7544,67.9276,66.7374,66.7374,5381300
2019-06-26,66.7675,66.8353,65.2458,65.4040,12897000
2019-06-27,65.8124,66.2916,65.6907,66.2459,6924500
2019-06-28,66.3296,66.9000,66.2764,66.4741,9638200
2019-07-01,66.9153,66.9153,65.6603,66.4437,9746000
2019-07-02,66.5045,67.5998,66.5045,67.5998,7633700
2019-07-03,67.7062,68.4592,67.6530,68.4060,5418000
2019-07-05,67.9268,68.3831,67.0978,68.1626,5375100
2019-07-08,68.0941,68.5201,67.9877,68.4060,4509700
2019-07-09,68.2615,68.7482,68.0789,68.6341,4906800
2019-07-10,68.9232,69.2122,68.5657,69.0297,6833700
2019-07-11,69.0373,69.0373,67.8736,68.1322,4020600
2019-07-12,68.1854,68.2767,67.7443,68.0409,2948600
2019-07-15,68.1322,68.4364,67.9192,67.9877,3185700
2019-07-16,67.8964,68.1246,67.5465,67.8279,3611600
2019-07-17,68.0029,68.2158,67.2043,67.5998,6422000
2019-07-18,67.4248,67.7823,67.0598,67.5998,7048200
2019-07-19,67.6682,67.7138,66.4057,66.4969,5064600
2019-07-22,66.5730,66.6947,66.1851,66.4361,3265200
2019-07-23,66.5958,67.1891,66.3905,67.1891,4239800
2019-07-24,67.2727,67.3107,66.8544,67.2423,2946100
2019-07-25,67.2195,67.2651,66.6110,66.8468,5629200
2019-07-26,66.9381,67.2651,66.6490,67.1510,3111900
2019-07-29,67.2651,67.7975,67.2195,67.3336,4898200
2019-07-30,67.2879,68.1170,67.2727,67.8736,3818100
2019-07-31,67.9496,68.4364,67.2195,67.6074,5979800
2019-08-01,67.6987,68.2387,67.1967,67.6074,8371300
2019-08-02,67.5541,68.2919,67.4401,67.9344,4794000
2019-08-05,67.7671,67.8051,65.7516,66.5958,6840000
2019-08-06,66.7479,67.7062,66.5806,67.3336,7789000
2019-08-07,67.0826,68.4440,66.4437,67.9877,8674600
2019-08-08,68.1398,69.1818,67.6758,69.1818,5766700
2019-08-09,69.0601,69.3263,68.4516,69.0981,3304800
2019-08-12,69.0144,69.1970,68.5581,68.9156,2944000
2019-08-13,68.8775,69.2274,68.4592,69.0144,4540200
2019-08-14,68.7102,68.8167,67.8051,67.9648,4645100
2019-08-15,68.0637,68.7863,67.9877,68.6418,4582900
2019-08-16,68.8015,69.4784,68.6417,69.3491,3951100
2019-08-19,69.6457,70.0108,69.3415,69.8511,3255600
2019-08-20,70.0792,70.1325,69.3035,69.3567,2556300
2019-08-21,69.5468,69.7902,69.2730,69.6457,2739400
2019-08-22,69.6381,70.0184,69.2502,69.9651,2587300
2019-08-23,69.9043,70.3911,68.7558,68.9840,5776500
2019-08-26,69.3643,69.5773,69.0372,69.5164,2736200
2019-08-27,69.8967,70.0716,69.2654,69.3187,3252300
2019-08-28,69.3111,69.6533,69.1437,69.5468,3498600
2019-08-29,69.8587,70.1629,69.6990,70.0869,2688000
2019-08-30,70.2846,70.3607,69.8282,70.1401,5678300
2019-09-03,70.1249,70.9159,69.9728,70.8398,5927900
2019-09-04,71.1897,71.5471,71.0680,71.4331,4757100
2019-09-05,71.5015,71.5015,70.7866,70.9159,6036600
2019-09-06,71.1212,71.3342,70.9007,71.0756,2986400
2019-09-09,71.0756,71.0832,70.5432,70.7333,3772100
2019-09-10,70.4747,70.4899,69.3947,70.0032,5379400
2019-09-11,69.9119,70.1933,69.5316,70.0792,3972200
2019-09-12,70.6192,70.8626,70.0412,70.4519,3486100
2019-09-13,70.3683,70.7257,69.4860,69.6990,6109300
2019-09-16,69.8207,70.4215,69.5849,70.3074,4688300
2019-09-17,70.6193,71.0984,70.4367,71.0680,3674800
2019-09-18,71.4711,71.4711,70.2313,70.8246,5655000
2019-09-19,70.9767,71.3798,70.9007,71.0756,2892800
2019-09-20,71.2353,71.4483,70.8702,71.0756,6900400
2019-09-23,70.9311,71.4939,70.9083,71.1897,3515200
2019-09-24,71.3844,71.5531,70.7941,71.0317,3705600
2019-09-25,71.0318,71.3384,70.8478,71.1698,7088700
2019-09-26,71.3844,71.9364,71.3001,71.7677,2984700
2019-09-27,71.9211,71.9977,70.8707,71.3691,4090300
2019-09-30,71.4457,71.8521,71.3844,71.4917,3189800
2019-10-01,71.4534,71.6681,70.7021,70.8171,5226300
2019-10-02,70.8247,70.8784,70.0657,70.5181,3384300
2019-10-03,70.4797,71.3921,70.3417,71.2004,6634500
2019-10-04,71.3384,71.6604,71.2848,71.6298,2189400
2019-10-07,71.3001,71.8291,71.1851,71.4764,3667600
2019-10-08,71.3921,71.6834,70.7557,71.1007,3108100
2019-10-09,71.8137,71.8137,71.1467,71.2387,4166000
2019-10-10,71.2081,71.4917,70.9551,71.3537,3719700
2019-10-11,71.6144,71.8981,71.2848,71.3231,3376300
2019-10-14,71.4074,71.5224,71.0854,71.3537,1877600
2019-10-15,71.4151,71.5224,70.9627,71.4457,3218500
2019-10-16,71.4074,71.4687,71.0087,71.4534,3413900
2019-10-17,71.5991,72.0361,71.4918,71.9211,3223100
2019-10-18,71.8597,72.5804,71.8291,72.4731,2492100
2019-10-21,72.5651,73.0557,72.3811,73.0251,2591900
2019-10-22,73.1861,73.2091,72.6724,72.8104,2644200
2019-10-23,72.9177,73.0404,72.3964,72.9714,3020200
2019-10-24,73.1171,73.1171,72.6111,72.7874,3148800
2019-10-25,72.7414,72.8257,72.0284,72.1664,4184600
2019-10-28,72.1664,72.1664,71.6451,71.7294,4897400
2019-10-29,71.8521,72.3657,71.7601,72.1664,5512200
2019-10-30,72.0821,72.4731,71.6604,72.4271,3861400
2019-10-31,72.5804,72.6494,72.0284,72.2967,4723500
2019-11-01,72.3811,72.6724,71.6451,72.2814,6520400
2019-11-04,72.2584,72.2814,71.6221,71.7754,3878100
2019-11-05,71.5684,71.5684,70.2804,70.5564,9141700
2019-11-06,70.7021,71.0471,70.5487,70.7097,4500400
2019-11-07,70.5181,70.5947,69.7514,70.0044,4945300
2019-11-08,69.9278,70.3034,69.6978,69.8358,7330200
2019-11-11,69.8434,70.2114,69.7667,69.9891,3525200
2019-11-12,70.0121,70.4414,69.3987,69.4601,5701600
2019-11-13,69.5367,70.2191,69.4984,70.0964,4316000
2019-11-14,70.2267,70.6561,70.1501,70.6407,5136200
2019-11-15,70.7557,71.0471,70.5717,71.0241,2785200
2019-11-18,71.1237,71.6834,71.0777,71.3691,3251900
2019-11-19,71.5607,71.6987,71.3001,71.4917,4065100
2019-11-20,71.5454,71.6681,71.1391,71.4534,5698800
2019-11-21,71.2617,71.3077,70.4261,70.4491,5002900
2019-11-22,70.5794,70.6331,69.8051,70.1884,5112000
2019-11-25,70.3341,70.8171,70.3341,70.4107,5183500
2019-11-26,70.5641,71.3844,70.4951,71.3461,4858500
2019-11-27,71.3461,71.7217,71.1314,71.6834,4121600
2019-11-29,71.6834,71.9517,71.3231,71.3537,3531100
2019-12-02,71.0701,71.3154,70.2344,70.2727,9430800
2019-12-03,70.2421,70.8171,70.1807,70.7251,4762900
2019-12-04,70.5871,71.2771,70.5104,71.0164,4129800
2019-12-05,71.0011,71.0854,70.6561,71.0547,4846800
2019-12-06,71.0317,71.5837,71.0317,71.2004,4486000
2019-12-09,71.3001,71.4687,71.0011,71.3384,3961000
2019-12-10,71.3614,71.5147,70.7634,70.9244,5227100
2019-12-11,70.9781,71.0011,69.9891,70.2037,5112100
2019-12-12,70.2114,70.4644,69.1534,69.2531,7923900
2019-12-13,69.2838,69.6134,68.7548,69.2684,6814200
2019-12-16,69.4677,69.9201,68.9847,69.7667,5185200
2019-12-17,69.9814,70.0121,68.9924,69.1074,9649900
2019-12-18,69.1361,70.1434,69.1361,69.9497,6340700
2019-12-19,69.9187,70.6084,69.8412,70.5696,6117400
2019-12-20,70.7633,71.2670,70.7091,70.9571,9514600
2019-12-23,71.3290,71.3290,70.5309,70.6006,5369100
2019-12-24,70.7711,70.9106,70.5154,70.7866,1962000
2019-12-26,70.8408,71.1121,70.7401,71.0966,2243900
2019-12-27,71.2593,71.4297,71.0578,71.3213,4195900
2019-12-30,71.2051,71.4530,70.9958,71.3910,3466500
2019-12-31,71.3600,71.9334,71.2903,71.9024,4649500
2020-01-02,72.2124,72.2512,70.5929,71.0578,5106600
2020-01-03,70.7014,71.6467,70.5386,71.4995,5015500
2020-01-06,71.4220,71.8404,71.1895,71.5847,4889000
2020-01-07,71.4298,71.4298,70.3991,70.7866,6529100
2020-01-08,70.8176,71.1431,70.5619,71.0036,6766100
2020-01-09,70.9881,71.1895,70.7944,70.9648,4213800
2020-01-10,71.1198,71.5925,70.9261,71.5073,5838800
2020-01-13,71.5770,72.3751,71.5537,72.3674,5552600
2020-01-14,72.2977,72.3364,71.6932,72.0962,4120700
2020-01-15,72.3054,72.9021,72.2744,72.7471,4471500
2020-01-16,72.8633,73.3283,72.7393,73.3283,4426700
2020-01-17,73.2895,73.6382,73.2430,73.3980,3581300
2020-01-21,73.4910,74.1496,73.2972,74.0954,4217400
2020-01-22,74.2736,74.5061,73.4755,73.5994,5024300
2020-01-23,73.6847,74.2504,73.3747,74.2194,4825000
2020-01-24,74.3124,74.4208,73.7389,73.9637,3518100
2020-01-27,73.5840,73.8552,73.4058,73.6072,3047000
2020-01-28,73.7312,74.1341,73.5917,73.9017,3006100
2020-01-29,74.1264,74.2194,73.5607,73.6305,3785500
2020-01-30,73.4367,73.8397,73.3050,73.6847,4142400
2020-01-31,73.6149,73.6924,72.5843,72.7858,6370900
2020-02-03,72.7471,73.5762,72.7238,73.0260,7508200
2020-02-04,73.2895,74.0799,73.0880,73.7777,4422900
2020-02-05,73.9172,74.1031,73.6537,73.8242,4413700
2020-02-06,74.0411,74.2891,73.9327,74.0721,3327500
2020-02-07,74.1729,74.2581,73.8629,74.0566,3176200
2020-02-10,74.3511,74.9013,74.2659,74.8858,4457000
2020-02-11,75.1415,75.9087,75.1415,75.4515,5362200
2020-02-12,75.5755,76.1334,75.2655,75.9009,6298700
2020-02-13,75.8854,76.5053,75.7459,76.3581,3683500
2020-02-14,76.5363,77.1640,76.4356,77.1485,3004800
2020-02-18,77.1950,77.2492,76.6216,77.0633,4186800
2020-02-19,77.1020,77.1020,76.0171,76.0249,4415200
2020-02-20,76.0636,76.9703,75.8389,76.9315,5556500
2020-02-21,76.9238,77.2725,76.7378,77.1562,3670800
2020-02-24,76.2419,76.8153,75.7459,76.1024,5214600
2020-02-25,76.2806,76.4201,73.8397,74.0412,7378900
2020-02-26,74.1884,74.7463,73.2043,73.2430,9407200
2020-02-27,72.1427,72.2976,69.3453,69.3453,11869100
2020-02-28,67.8032,68.3457,65.6025,67.6715,22471800
2020-03-02,67.9195,70.5696,67.5398,70.5619,14250500
2020-03-03,70.6549,72.3054,69.8180,70.3991,14654200
2020-03-04,71.4918,73.1500,71.3910,73.0570,10638200
2020-03-05,71.8482,72.4061,70.6316,71.4917,9803600
2020-03-06,69.9264,70.5231,68.0280,70.2597,10302700
2020-03-09,66.6409,67.0516,64.7502,64.8432,14017500
2020-03-10,66.4191,67.6452,63.9045,67.5827,11782100
2020-03-11,66.1067,66.1067,62.8892,63.5218,16447000
2020-03-12,59.2735,61.3274,56.6964,57.0868,16761500
2020-03-13,60.3902,62.1395,57.0244,62.0693,10968600
2020-03-16,56.1341,58.0630,50.9486,51.0658,11396500
2020-03-17,52.0342,55.0564,50.3239,54.0178,9100900
2020-03-18,50.7925,52.6667,47.2470,48.8792,15714500
2020-03-19,48.1919,50.1755,46.8565,49.0510,13090000
2020-03-20,49.6288,50.9174,46.3489,46.6066,18838000
2020-03-23,46.3801,46.4660,43.4047,44.4434,15558600
2020-03-24,46.5519,48.6214,45.9038,48.4418,14401600
2020-03-25,48.6449,53.7054,48.2856,51.0502,15209300
2020-03-26,51.5265,54.8612,51.2142,54.6503,14486100
2020-03-27,52.9400,56.0951,52.6355,54.7050,11521700
2020-03-30,55.2595,56.0951,53.4477,55.8998,12754300
2020-03-31,55.4937,55.6187,53.0650,54.5488,16815900
2020-04-01,51.9404,52.1669,49.8944,50.9643,12174800
2020-04-02,50.2302,52.1981,50.1130,51.1361,10916700
2020-04-03,50.7534,51.4484,49.4102,50.3942,8986700
2020-04-06,52.1747,54.4160,52.1747,54.1271,8382200
2020-04-07,56.2200,57.2821,54.6034,54.6269,7675100
2020-04-08,55.4469,58.6956,54.7440,58.3520,9628300
2020-04-09,59.3360,62.4675,59.3360,61.6241,13840900
2020-04-13,61.2337,61.3898,58.6253,59.0314,10139000
2020-04-14,60.2028,61.3274,60.2028,60.6870,9400800
2020-04-15,58.8127,59.4843,57.6569,58.2817,8568200
2020-04-16,58.3910,58.7346,57.2274,57.6179,6252800
2020-04-17,59.2891,59.7499,58.6253,59.4375,8593100
2020-04-20,58.2114,58.5394,57.2118,57.2274,6631000
2020-04-21,55.7280,56.6573,55.4391,56.1888,8620400
2020-04-22,57.0556,57.5242,56.5792,57.0478,6484200
2020-04-23,57.2196,57.7038,56.3762,56.5714,7648200
2020-04-24,56.9853,57.1025,56.1263,56.8135,6419000
2020-04-27,57.3289,58.9689,57.2040,58.7580,7669500
2020-04-28,59.8826,60.7573,59.1954,59.2423,8177900
2020-04-29,60.5230,60.9525,59.8826,60.1325,7307000
2020-04-30,59.2501,59.6327,58.4223,59.4375,8606000
2020-05-01,57.8522,58.0786,56.8213,57.4305,6013600
2020-05-04,56.7432,57.1962,55.8920,57.1493,7288000
2020-05-05,57.7116,58.3051,57.3446,57.4305,7520300
2020-05-06,57.6257,57.9068,56.3840,56.3996,6266800
2020-05-07,56.9307,58.0240,56.8916,57.2040,6727300
2020-05-08,57.9615,58.7581,57.8444,58.5628,6625600
2020-05-11,57.8912,58.6331,57.3992,57.7116,6874900
2020-05-12,57.9615,57.9615,55.0408,55.0876,11764700
2020-05-13,54.6893,54.9471,53.5023,53.7522,8358600
2020-05-14,53.0025,53.9397,51.7530,53.9397,8609800
2020-05-15,53.5960,53.7600,52.7761,53.7288,11916700
2020-05-18,55.4547,57.3445,55.4547,56.9072,8617200
2020-05-19,56.6886,56.9697,56.1419,56.1419,5804700
2020-05-20,56.8447,56.8838,56.2356,56.6417,5133700
2020-05-21,56.3918,57.0790,56.1497,56.6886,5385100
2020-05-22,56.6886,57.5008,56.4465,57.4539,4737900
2020-05-26,59.1642,59.9139,59.0002,59.6015,6001000
2020-05-27,60.9135,61.1243,59.3282,60.7885,5880500
2020-05-28,61.4523,61.5538,60.5855,61.0775,5642800
2020-05-29,60.5855,61.0228,60.0466,60.4683,8989500
2020-06-01,60.4137,62.3114,60.3434,61.8662,11218300
2020-06-02,62.3269,62.5534,61.7178,62.3660,7162100
2020-06-03,63.0142,64.6385,62.9986,64.3652,7485600
2020-06-04,64.0528,64.1309,63.1469,63.7248,5503500
2020-06-05,65.9818,67.2157,65.8334,66.1380,6158800
2020-06-08,67.0204,67.7857,66.9033,67.7779,7130500
2020-06-09,66.5441,67.0829,65.8334,66.6534,7168900
2020-06-10,66.4660,66.4660,64.4511,64.9587,6433900
2020-06-11,62.1396,62.9673,60.7026,60.7885,8611900
2020-06-12,62.9049,63.1938,61.2571,62.9673,8871700
2020-06-15,61.0306,64.1856,60.8979,63.8576,6138600
2020-06-16,66.0755,66.2551,64.0528,65.1149,5811700
2020-06-17,65.4976,65.5601,64.1622,64.1700,5041500
2020-06-18,63.4047,63.8186,63.1157,63.4671,5005900
2020-06-19,64.3887,64.3887,62.2254,62.5456,10402000
2020-06-22,62.4285,62.6550,61.4445,62.4831,3995500
2020-06-23,63.1001,63.2016,62.0380,62.2254,3958100
2020-06-24,61.4445,61.6007,59.0861,60.4527,7034900
2020-06-25,60.0734,61.2879,59.9629,61.2248,6626000
2020-06-26,61.0119,61.2406,59.9787,60.0497,7277100
2020-06-29,60.6333,61.2564,59.8131,61.2090,4687100
2020-06-30,61.4141,62.2343,61.0276,61.9346,5212200
2020-07-01,62.1476,63.6145,61.9898,63.3621,5023700
2020-07-02,64.4110,64.5924,62.8968,63.1807,4588100
2020-07-06,64.3559,64.4505,63.0467,63.1492,6174300
2020-07-07,62.4078,62.6918,61.8163,61.8952,3389200
2020-07-08,61.9819,62.2107,61.2485,61.8084,3848100
2020-07-09,61.6980,61.7532,60.4519,61.4220,3455900
2020-07-10,61.2958,61.9188,61.1696,61.6113,3809900
2020-07-13,61.8321,62.1870,60.7280,60.8778,6071800
2020-07-14,60.8541,61.5718,60.6806,61.3904,3473900
2020-07-15,62.4236,62.6129,61.5561,61.9898,3547200
2020-07-16,61.6507,61.8715,61.0119,61.2485,3605400
2020-07-17,61.4535,62.3053,61.0986,62.0450,3720500
2020-07-20,61.9898,62.3053,61.0907,61.3037,4364100
2020-07-21,61.8163,62.1003,61.2879,61.4535,3007200
2020-07-22,61.1696,62.4552,61.0119,62.3921,2682400
2020-07-23,62.2659,62.6287,61.3668,62.1318,4630900
2020-07-24,61.9819,62.3053,61.5718,61.6744,2702200
2020-07-27,61.6428,62.3289,60.9093,62.2580,4111800
2020-07-28,62.2343,63.8038,62.1002,63.4962,6613300
2020-07-29,63.8511,64.7265,63.7407,64.7265,5429600
2020-07-30,63.8827,64.3638,63.4647,64.3086,6602700
2020-07-31,64.2376,64.2770,63.1886,64.1902,9312300
2020-08-03,64.2139,64.2139,62.9993,63.3385,5629700
2020-08-04,63.2280,64.4426,63.1965,64.2849,4078000
2020-08-05,64.5136,64.7660,63.6461,63.9615,3374500
2020-08-06,63.7170,64.2454,63.6539,64.0641,3646500
2020-08-07,63.8274,65.0104,63.7249,64.9789,4447800
2020-08-10,65.1761,65.4758,64.7975,65.0814,3410000
2020-08-11,65.7203,65.8307,63.8984,64.1429,5193800
2020-08-12,64.6398,64.8921,64.3874,64.7896,2245300
2020-08-13,64.5767,65.1209,63.8275,63.9931,3585400
2020-08-14,63.8274,64.6003,63.7564,64.0009,3399300
2020-08-17,64.0404,64.5530,63.7486,64.5215,2749900
2020-08-18,64.5215,64.6004,63.8196,64.2139,3635300
2020-08-19,64.3637,64.4111,62.9678,63.0861,4376200
2020-08-20,62.7785,64.0956,62.6050,63.6855,2949900
2020-08-21,63.6776,64.0641,63.0072,63.7880,3380700
2020-08-24,63.8827,64.2218,63.0309,64.1981,2553700
2020-08-25,64.3637,64.5136,63.7486,64.3637,3123500
2020-08-26,64.2218,64.2218,63.3858,63.7723,3139800
2020-08-27,63.9063,64.9158,63.8905,64.7108,4006700
2020-08-28,64.8133,65.1366,64.1508,65.1366,4548700
2020-08-31,65.0499,65.0657,64.2297,64.4742,4835100
2020-09-01,64.2533,64.5767,63.7880,64.5215,3498500
2020-09-02,64.5925,65.8228,64.0719,65.7203,3136500
2020-09-03,65.7045,66.2802,64.4347,64.9316,5716500
2020-09-04,65.1209,65.5389,63.5120,64.5925,4956900
2020-09-08,64.3085,64.3480,63.3464,63.8038,3774000
2020-09-09,64.1350,65.2549,64.0719,64.4347,3158300
2020-09-10,64.5057,64.5924,63.5829,63.6460,4308700
2020-09-11,63.7959,63.8669,62.7075,63.2911,4255400
2020-09-14,63.7091,65.0341,63.6303,64.8369,3732000
2020-09-15,65.1130,66.2329,65.0657,65.6177,3017500
2020-09-16,66.0121,66.6351,65.6887,65.9647,3722400
2020-09-17,65.2865,65.7360,64.2612,64.6792,5981400
2020-09-18,64.6556,64.6556,63.1098,63.2202,5024200
2020-09-21,62.4315,62.4394,60.9803,61.3195,5297300
2020-09-22,61.5087,62.5577,61.3826,62.0529,4486400
2020-09-23,62.0924,62.0924,60.1049,60.1838,7876400
2020-09-24,60.1916,61.3668,59.8998,60.5071,6813300
2020-09-25,60.3720,61.8027,60.1813,61.7550,3503300
2020-09-28,62.6213,63.3207,62.5497,63.0187,3470900
2020-09-29,63.0107,63.0505,62.0570,62.5656,3662900
2020-09-30,62.8835,63.4876,62.1126,62.7564,4507100
2020-10-01,63.0107,64.0678,62.7325,64.0121,6406300
2020-10-02,63.1538,65.3235,62.9233,65.1169,3346700
2020-10-05,65.3554,65.6971,64.2426,65.4905,2654800
2020-10-06,65.6573,66.0229,64.8069,65.0613,5830300
2020-10-07,65.4666,65.4905,64.8546,65.1566,2362400
2020-10-08,65.5063,66.4283,65.3951,66.2455,2269000
2020-10-09,66.6508,66.6667,65.7527,65.9832,6556200
2020-10-12,66.0627,66.4760,65.6097,66.2932,5655800
2020-10-13,66.0230,66.0627,64.7751,65.1566,4406300
2020-10-14,65.0930,65.2520,64.2665,64.3618,4651400
2020-10-15,63.8611,65.2202,63.8452,64.6957,2915400
2020-10-16,64.7036,64.7195,64.1155,64.2347,2925400
2020-10-19,64.4016,64.5367,63.1379,63.2332,9873000
2020-10-20,63.6545,64.1711,63.5273,63.6863,4038600
2020-10-21,63.5114,63.7975,63.1935,63.4955,2685900
2020-10-22,63.4876,63.7578,63.2094,63.4876,3828900
2020-10-23,63.7260,64.1155,63.3366,63.8691,2588700
2020-10-26,63.3763,63.4717,62.3987,62.9551,2691200
2020-10-27,63.0266,63.3684,61.9457,61.9457,2264100
2020-10-28,60.9443,61.5404,60.2369,60.4674,4422000
2020-10-29,60.5627,61.7390,59.9746,61.2780,4645500
2020-10-30,60.9284,61.3735,60.1495,60.8727,3978900
2020-11-02,61.5165,62.3590,61.1032,62.3272,4254500
2020-11-03,62.9471,63.9009,62.7246,63.5273,4214600
2020-11-04,63.9804,64.6082,63.1379,63.6386,2867500
2020-11-05,64.1314,64.5446,63.6783,63.9406,3984900
2020-11-06,64.1314,64.4652,63.2650,63.5035,3696600
2020-11-09,67.1833,70.1717,65.6176,65.7527,8999300
2020-11-10,65.8481,66.7780,65.4825,66.7144,6146100
2020-11-11,66.9846,67.2787,66.3170,66.9687,3416100
2020-11-12,66.6667,66.9449,65.6414,66.0945,3939500
2020-11-13,66.4919,68.0099,66.4919,67.8589,3443000
2020-11-16,69.2816,69.4962,67.8112,68.6219,2978300
2020-11-17,68.1132,68.9557,67.6443,68.6855,3856900
2020-11-18,68.8206,69.2100,67.3026,67.3502,9655500
2020-11-19,67.2549,67.6920,66.5475,67.6125,4225400
2020-11-20,67.5807,67.6761,66.9449,67.2469,3136400
2020-11-23,67.7079,68.1689,67.2628,67.3741,4520000
2020-11-24,68.1212,68.6775,67.6523,67.7318,4805500
2020-11-25,67.7874,67.8828,65.9912,67.7715,5792800
2020-11-27,67.9702,67.9940,67.1913,67.4695,2063900
2020-11-30,67.3820,67.4377,66.5475,66.7621,6413600
2020-12-01,67.5251,67.8986,67.3184,67.6205,6489100
2020-12-02,67.4695,67.8668,67.0323,67.0880,3738500
2020-12-03,67.2390,67.9940,67.1357,67.6523,3386300
2020-12-04,67.9463,68.7014,67.9463,68.6855,3053200
2020-12-07,68.5186,68.7411,67.8351,68.0894,2620500
2020-12-08,67.7874,68.2086,67.7556,67.8510,2648100
2020-12-09,67.9940,68.0735,66.9847,67.4297,5024000
2020-12-10,67.0641,67.5728,66.8893,67.1356,3737900
2020-12-11,66.8098,67.2151,66.4203,67.0721,4044400
2020-12-14,67.6205,68.0973,66.7303,66.7780,3735200
2020-12-15,67.1595,68.1609,66.6429,68.1450,2867700
2020-12-16,68.3437,68.7173,67.8828,68.2245,3419900
2020-12-17,68.5583,68.9477,68.2881,68.8842,3341400
2020-12-18,68.9557,68.9637,67.0800,67.5013,3988500
2020-12-21,66.5237,67.1675,66.2455,67.1198,4993600
2020-12-22,67.1595,67.6523,66.8495,67.5887,2828900
2020-12-23,67.8510,68.2960,67.0959,67.1515,3659000
2020-12-24,67.4164,67.7556,67.2145,67.7395,1563600
2020-12-28,68.0706,68.2482,67.6749,68.1432,5655100
2020-12-29,68.3936,68.7570,67.4891,67.5618,3880100
2020-12-30,67.7314,68.4663,67.6022,67.9333,3995900
2020-12-31,67.9090,68.6843,67.3518,68.5874,4827300
2021-01-04,68.8055,68.8701,66.2777,66.3585,5311500
2021-01-05,66.3585,66.9238,66.3262,66.4554,4932600
2021-01-06,66.4312,67.0046,66.0032,66.5685,6520100
2021-01-07,66.6250,66.6573,66.0193,66.4393,4068400
2021-01-08,66.6492,67.3195,66.5362,67.0853,4931600
2021-01-11,66.6492,67.0449,65.9628,66.1970,6565100
2021-01-12,66.1082,66.4070,65.5994,66.3504,7857300
2021-01-13,66.3989,67.2953,66.3908,67.1580,9024900
2021-01-14,67.3841,68.0140,67.1338,67.5537,5866400
2021-01-15,67.4003,68.5390,67.1742,68.3290,3939700
2021-01-19,68.7570,68.7893,67.8283,68.1352,5521200
2021-01-20,68.1917,69.7503,67.9414,69.4354,5198300
2021-01-21,69.2335,69.2415,68.5067,69.1043,4213200
2021-01-22,68.7489,69.3788,68.5793,69.2658,5272700
2021-01-25,69.2415,70.3237,68.8539,69.7907,7819700
2021-01-26,69.9442,70.5095,69.8230,70.2833,4706300
2021-01-27,69.7584,70.4045,68.7005,69.0397,5907600
2021-01-28,69.0558,70.1864,68.8297,69.4111,6237000
2021-01-29,69.0235,69.7180,68.2482,68.6116,7349800
2021-02-01,69.0316,70.2268,68.1756,70.1784,6149000
2021-02-02,70.6306,70.8567,70.0007,70.5983,3849800
2021-02-03,70.6387,70.6468,69.4515,70.4206,5148700
2021-02-04,70.4368,71.3009,70.3398,70.9052,4118200
2021-02-05,71.2040,71.2928,70.9132,71.1555,2583900
2021-02-08,71.4139,71.5431,70.8971,71.5431,3212700
2021-02-09,71.6724,71.9792,71.3816,71.7935,2518800
2021-02-10,72.1650,72.7626,71.8662,72.1811,3421400
2021-02-11,72.3103,72.7545,71.9146,72.3346,3717000
2021-02-12,72.1488,72.4234,71.8016,72.3507,2297400
2021-02-16,72.6172,72.6576,71.3978,71.7935,2774500
2021-02-17,71.6320,71.8177,71.2686,71.7047,2939000
2021-02-18,71.4462,71.7046,71.2766,71.3978,3254600
2021-02-19,71.6562,72.2377,71.4624,71.8096,4170700
2021-02-22,71.6320,72.7222,71.4785,72.4072,3493000
2021-02-23,72.5849,73.0614,72.3992,72.8595,4378300
2021-02-24,72.8676,73.6428,72.6899,73.4167,3551200
2021-02-25,73.3279,73.8528,71.5189,72.0115,7548800
2021-02-26,72.2861,72.2942,70.8809,70.9617,6519800
2021-03-01,71.7693,72.4153,71.1959,71.2766,4834000
2021-03-02,71.3009,71.3009,70.1218,70.5902,4715600
2021-03-03,70.5579,70.8486,70.0411,70.1864,6231400
2021-03-04,70.3237,70.7033,68.5470,69.3869,6869500
2021-03-05,69.9199,70.3883,68.1998,70.1460,7166100
2021-03-08,70.4448,71.4947,69.9280,70.7517,4823000
2021-03-09,71.1716,71.7693,71.1232,71.2201,3873600
2021-03-10,71.4058,72.3830,71.1878,71.9308,3429700
2021-03-11,72.4395,73.1906,71.9954,72.7706,3830000
2021-03-12,72.7384,74.0224,72.7061,73.9901,3262800
2021-03-15,74.1597,75.2661,73.7801,75.0884,6026400
2021-03-16,75.0965,75.2661,74.4585,74.7815,3122500
2021-03-17,74.6442,74.8784,73.9497,74.8461,3663100
2021-03-18,74.5473,74.6200,73.8367,74.0870,3496000
2021-03-19,74.2001,74.3939,73.0129,73.0775,4429400
2021-03-22,73.0856,73.7721,72.8433,73.5944,2677000
2021-03-23,73.5702,74.0628,73.0775,73.4894,2966400
2021-03-24,73.5298,74.1193,73.0775,73.0775,4144500
2021-03-25,72.9687,73.9922,72.1564,73.8216,4218800
2021-03-26,74.1790,75.4543,74.0491,75.4137,3864600
2021-03-29,75.2512,75.4949,74.3171,74.9751,5116600
2021-03-30,74.8613,75.2837,74.7639,75.0725,5822100
2021-03-31,75.0725,75.4462,74.3171,74.6176,4430400
2021-04-01,75.0076,76.0148,74.7314,75.9742,5461200
2021-04-05,76.4860,76.4860,75.5275,76.2666,4239900
2021-04-06,76.3153,76.4697,75.9417,76.4616,5111600
2021-04-07,76.4778,76.7621,75.8523,76.5184,3038500
2021-04-08,76.5428,76.8271,76.1610,76.2341,5034300
2021-04-09,76.3560,76.4534,75.9661,76.1448,5371000
2021-04-12,76.2991,76.5915,75.6574,76.5915,2828200
2021-04-13,76.4778,77.0708,76.3803,76.9733,3975300
2021-04-14,77.0464,77.4445,76.4616,76.5672,4569100
2021-04-15,77.0383,77.9074,76.8758,77.9074,6497000
2021-04-16,78.1918,78.3055,77.8181,78.0780,3754200
2021-04-19,78.1187,78.2324,77.5826,78.2324,2882900
2021-04-20,78.1105,79.0203,78.0781,78.8741,4968700
2021-04-21,78.9716,79.5321,78.6873,79.3940,4407000
2021-04-22,79.3858,79.7108,78.7847,78.9634,3207200
2021-04-23,79.1422,79.5889,78.9066,79.4265,5225600
2021-04-26,79.6864,80.1332,79.4752,79.6620,5404600
2021-04-27,79.8976,79.9301,79.4508,79.6539,3091100
2021-04-28,79.8570,79.9626,79.4427,79.4833,3509200
2021-04-29,80.0113,80.5231,79.6295,80.1656,3319100
2021-04-30,79.9219,80.6611,79.7757,80.4824,4371300
2021-05-03,80.8723,80.8723,80.1494,80.3281,6844100
2021-05-04,79.9545,80.6043,79.3534,79.8082,6449000
2021-05-05,79.6701,79.6701,78.1674,78.4842,4580300
2021-05-06,78.5410,78.9878,78.1917,78.9228,5649700
2021-05-07,78.9797,80.0113,78.8497,79.9626,5884900
2021-05-10,80.2550,80.8805,79.9301,79.9382,3436700
2021-05-11,79.2559,79.2559,78.2730,78.9310,4036900
2021-05-12,78.7441,78.8985,76.8758,76.9327,4601200
2021-05-13,77.1683,78.4842,77.1195,77.9318,5118900
2021-05-14,78.3461,79.1340,78.2324,78.8578,3936600
2021-05-17,78.8253,79.1096,78.5410,78.9391,3320200
2021-05-18,78.9553,79.4671,78.4679,78.9553,3359800
2021-05-19,78.3461,78.7035,77.5419,78.7035,3602500
2021-05-20,78.7198,79.8407,78.5004,79.5889,2466500
2021-05-21,79.7839,79.9382,79.3209,79.5077,3020000
2021-05-24,79.8651,80.7992,79.7920,80.4987,3491500
2021-05-25,80.6449,80.8236,80.1494,80.4743,4243300
2021-05-26,80.6205,81.2866,80.4581,80.8317,4518100
2021-05-27,81.0835,81.0917,80.5474,80.6449,4362900
2021-05-28,81.1160,81.3678,80.8723,81.1323,3409400
2021-06-01,81.5303,82.6025,81.2379,82.5944,4385000
2021-06-02,82.9031,83.6504,82.5376,83.5611,4446100
2021-06-03,83.4636,83.4636,82.8625,83.2524,4187600
2021-06-04,83.6666,83.6666,82.9193,83.2930,3121200
2021-06-07,83.4555,84.6414,83.4311,84.2759,4773100
2021-06-08,84.4871,85.2019,84.3896,84.9744,3935800
2021-06-09,85.2181,85.4618,85.0475,85.0882,3243000
2021-06-10,85.1694,85.9167,84.9176,85.6974,4010100
2021-06-11,85.7136,85.8030,84.9338,85.3562,3274100
2021-06-14,85.3644,85.6893,85.2182,85.6893,3531700
2021-06-15,85.6162,85.6893,84.7714,84.7714,4099600
2021-06-16,84.9501,85.3319,84.0647,84.2190,4498600
2021-06-17,83.9997,84.2353,83.5529,84.1134,5055100
2021-06-18,83.6829,84.0484,82.6838,82.6838,5358000
2021-06-21,83.1061,84.6495,82.6919,84.3896,3672900
2021-06-22,84.3896,84.4871,83.8941,83.9510,3088200
2021-06-23,83.9510,84.2759,83.7316,83.8047,3682900
2021-06-24,84.1148,84.1148,83.1658,83.6240,3229000
2021-06-25,83.6485,84.2702,83.5094,84.1884,2739100
2021-06-28,84.3357,84.3848,83.1904,83.9430,3940700
2021-06-29,84.0739,84.4256,83.6567,83.7139,3777300
2021-06-30,83.7221,84.1802,83.1822,83.2722,6640100
2021-07-01,83.4685,84.2784,83.0431,83.6321,6491100
2021-07-02,83.9593,84.2948,83.5830,83.8857,4451800
2021-07-06,83.8612,84.6465,83.2722,84.4993,4478800
2021-07-07,84.3684,85.0719,84.0984,84.7938,5085500
2021-07-08,84.0412,84.8920,83.8612,84.5566,6426800
2021-07-09,84.9983,85.9555,84.7774,85.9473,5780200
2021-07-12,85.8982,86.7572,85.7182,86.6836,5627600
2021-07-13,86.4627,86.5363,85.1456,85.4728,5474100
2021-07-14,85.4810,86.3236,85.2847,86.0700,3397400
2021-07-15,85.8982,86.3072,85.8328,86.2091,2990100
2021-07-16,86.5199,86.8799,86.0945,86.1518,6435400
2021-07-19,85.1701,85.3501,83.9266,84.5811,5097800
2021-07-20,85.0392,86.9126,84.9165,86.5772,4999700
2021-07-21,86.7326,87.1417,86.4381,86.5690,4329100
2021-07-22,86.1682,86.1763,85.4401,85.8818,3932400
2021-07-23,86.1845,86.6917,85.8818,86.5936,4128200
2021-07-26,86.5118,86.8553,86.0045,86.6345,2857700
2021-07-27,86.5854,87.2644,86.2336,87.1253,3096100
2021-07-28,87.1989,87.3707,86.5527,86.8226,3577300
2021-07-29,87.1335,87.6816,86.7572,86.8390,3357700
2021-07-30,87.0108,88.1234,86.9126,86.9535,4325800
2021-08-02,87.4280,88.0743,86.5936,86.7654,4089800
2021-08-03,86.9290,87.0599,86.2500,86.8717,5178600
2021-08-04,86.8554,87.1989,86.2745,86.6018,4038300
2021-08-05,87.0762,87.6325,86.8553,87.6162,3294800
2021-08-06,87.7471,88.0661,87.3298,87.4607,2753600
2021-08-09,87.3053,87.3380,86.8390,86.9944,2727800
2021-08-10,87.1171,87.1253,86.0536,86.1682,3771000
2021-08-11,86.5199,86.7899,86.1273,86.6754,3256700
2021-08-12,86.8717,86.9126,86.4627,86.8635,2891900
2021-08-13,87.0435,87.4362,86.7572,87.3380,2601600
2021-08-16,87.2562,87.7143,87.0190,87.2317,3166800
2021-08-17,86.8635,87.1744,86.3891,87.1417,3004300
2021-08-18,86.9617,87.0108,86.2909,86.3481,3439200
2021-08-19,85.9146,86.8390,85.7755,86.7654,4069500
2021-08-20,86.5690,87.5589,86.0782,87.1989,3238900
2021-08-23,87.3708,87.5507,86.7899,87.0353,3230600
2021-08-24,87.1499,87.2235,86.2745,86.6508,2867100
2021-08-25,86.6345,87.1417,86.2500,86.5936,3329400
2021-08-26,86.6754,86.9044,86.2745,86.6263,2889400
2021-08-27,86.9372,87.8043,86.8472,87.5344,3059300
2021-08-30,87.5753,88.4179,87.3544,88.4097,3600600
2021-08-31,88.1397,88.9333,87.9761,88.8269,4210100
2021-09-01,89.0396,90.3158,89.0069,90.2504,5683100
2021-09-02,90.4304,90.7330,89.7023,90.7249,5207100
2021-09-03,90.5040,90.8557,89.7432,90.7412,4460700
2021-09-07,90.5203,90.5940,89.0233,89.7186,4929300
2021-09-08,89.4978,90.4385,89.2769,90.1686,4265700
2021-09-09,89.6777,89.7759,88.3115,88.3361,6221300
2021-09-10,88.4097,88.5569,87.0271,87.0435,5894700
2021-09-13,87.8043,88.3606,87.3871,87.6325,5725300
2021-09-14,88.0988,88.1316,86.9699,87.4771,3848200
2021-09-15,87.5835,88.1397,87.1171,87.7552,4027400
2021-09-16,87.6816,88.2461,87.1826,87.8289,3405200
2021-09-17,87.6407,88.0743,86.8717,87.0435,6964300
2021-09-20,86.0782,87.0108,85.4810,86.5118,6207000
2021-09-21,86.9535,87.5834,86.5281,86.5527,4371800
2021-09-22,87.1826,87.9270,86.7981,87.3953,4650400
2021-09-23,87.6489,87.9516,87.1417,87.2235,4042800
2021-09-24,86.9905,87.3363,86.0933,86.2909,4881000
2021-09-27,86.3238,86.9082,85.0479,85.1302,4311000
2021-09-28,84.6445,85.0232,84.0354,84.5540,7096500
2021-09-29,85.0314,85.5994,84.8668,85.1878,6227000
2021-09-30,85.4759,85.5665,83.7802,83.7802,7019300
2021-10-01,84.3235,85.5500,83.8296,84.9656,6106100
2021-10-04,84.8668,85.3525,84.4552,84.9820,5638600
2021-10-05,85.0479,85.1137,84.1013,84.3976,4313800
2021-10-06,84.0519,85.3113,83.1382,85.2043,5587900
2021-10-07,85.6652,86.4472,85.3278,85.4348,4055300
2021-10-08,85.4265,85.5336,84.5622,84.6281,5295400
2021-10-11,84.6445,85.2125,84.2412,84.8421,2634200
2021-10-12,85.0479,86.3155,84.8174,85.9534,3666500
2021-10-13,85.8463,86.6119,85.3031,86.5789,3371000
2021-10-14,87.0811,87.7149,86.8588,87.6326,2721900
2021-10-15,88.3323,88.4064,87.1799,87.5667,3065400
2021-10-18,87.2046,88.0771,87.0729,87.7890,3424100
2021-10-19,88.1676,88.3405,87.7561,87.8301,3104500
2021-10-20,87.9536,89.2130,87.8960,89.2130,6018900
2021-10-21,89.1637,89.3777,88.9661,89.3365,4849600
2021-10-22,89.4518,90.0609,89.3695,89.7563,4873000
2021-10-25,89.8880,90.2749,89.2295,90.0444,2625200
2021-10-26,90.2173,90.5959,90.0115,90.2914,2940600
2021-10-27,90.6289,90.6289,89.5176,89.5258,3573000
2021-10-28,89.6082,90.7935,89.5423,90.7770,3681000
2021-10-29,90.3819,90.7359,89.3530,89.7563,5990500
2021-11-01,89.9703,90.3819,88.7274,90.2008,5846500
2021-11-02,90.4972,90.9746,89.9209,90.6289,3405900
2021-11-03,90.6865,91.1804,90.2255,90.9334,2723200
2021-11-04,90.9663,91.2956,89.6987,90.0691,3378800
2021-11-05,90.8840,91.5919,90.4478,90.5301,3209300
2021-11-08,90.8511,91.0240,89.8798,90.4560,2989800
2021-11-09,90.5548,90.8100,90.3490,90.6124,2671500
2021-11-10,90.3408,90.9170,90.1597,90.1926,4021900
2021-11-11,90.3325,90.3572,89.7234,90.3407,2395200
2021-11-12,90.5877,90.6124,90.0197,90.2749,3194300
2021-11-15,90.4231,90.9334,90.0938,90.9087,2713500
2021-11-16,90.9664,91.0322,90.1020,90.3078,3043900
2021-11-17,90.0773,90.7112,88.8755,90.5877,4667900
2021-11-18,90.7112,90.7605,90.2008,90.6041,2812800
2021-11-19,90.6124,90.6947,89.7316,90.0691,2928800
2021-11-22,90.1597,90.4066,89.4682,89.6246,3352600
2021-11-23,89.8139,90.6124,89.4764,90.3490,3867100
2021-11-24,90.2914,91.6084,90.0774,91.4438,3227600
2021-11-26,90.1350,90.1350,88.3734,88.9002,3514700
2021-11-29,89.5588,90.3161,88.9002,89.5588,4825900
2021-11-30,89.0237,89.2542,87.7890,87.8631,6335800
2021-12-01,88.6862,89.7728,86.3896,86.4143,8641300
2021-12-02,86.8424,89.5258,86.6448,89.0072,7134400
2021-12-03,89.1060,89.5258,87.9454,88.7109,7798400
2021-12-06,89.2460,90.9170,89.2460,90.2667,7212400
2021-12-07,91.0075,91.8307,90.7853,91.5672,5363400
2021-12-08,91.5673,92.4480,91.3697,92.2258,5542400
2021-12-09,91.8718,91.9047,90.8676,90.8923,3724500
2021-12-10,91.3532,91.3697,90.7770,91.1721,3828200
2021-12-13,90.9910,92.4315,90.7194,92.0282,6555000
2021-12-14,91.7730,91.9541,90.4148,90.8511,5924500
2021-12-15,91.1227,92.2834,90.8511,92.1270,6675800
2021-12-16,92.4151,92.9501,91.5919,92.0941,6178900
2021-12-17,91.9377,92.9913,91.7730,91.9788,7201700
2021-12-20,91.0157,91.5261,90.2337,91.2627,6071100
2021-12-21,91.9706,92.7197,91.7813,92.2916,4251000
2021-12-22,92.5633,93.3288,92.4563,93.2383,4517500
2021-12-23,93.4687,93.5922,92.6538,93.1395,6977700
2021-12-27,93.1503,94.7373,93.0755,94.7206,9185100
2021-12-28,94.6625,95.1693,94.4464,95.0696,3630400
2021-12-29,95.2607,95.9171,94.7622,95.7094,3842900
2021-12-30,95.7509,96.5237,95.7509,96.1248,3990400
2021-12-31,96.1414,96.9723,96.0916,96.3907,5440300
2022-01-03,96.5569,96.5818,94.2720,95.6346,9845000
2022-01-04,95.9005,96.4489,95.4352,95.5183,5330700
2022-01-05,95.3521,95.3854,92.6850,92.7847,6928300
2022-01-06,92.9010,93.2416,91.8956,92.8677,5974500
2022-01-07,92.6268,92.9342,92.0286,92.2529,6999300
2022-01-10,91.6879,91.8126,90.5828,91.7212,6571900
2022-01-11,91.6214,91.9538,90.4499,91.8624,5568500
2022-01-12,91.8707,92.5354,91.8292,91.9704,4331700
2022-01-13,92.2280,92.6351,91.6298,91.7876,3921700
2022-01-14,91.2974,91.3888,89.8766,90.9567,6465300
2022-01-18,90.3585,90.4831,89.4030,90.0012,5828700
2022-01-19,90.4831,90.8654,88.7881,88.7881,5111000
2022-01-20,88.9045,89.9846,87.5917,87.6498,6982000
2022-01-21,87.6831,88.5721,87.2095,87.4338,8031500
2022-01-24,86.5448,87.8243,84.4177,87.6000,15646100
2022-01-25,86.6445,87.9157,85.6142,87.2510,9942900
2022-01-26,87.7578,88.7881,85.3067,85.8884,9589300
2022-01-27,86.4035,87.1347,84.1020,84.4676,7459300
2022-01-28,84.5839,87.2094,83.6034,87.2011,6924500
2022-01-31,86.8854,88.4392,86.4700,88.2730,7457700
2022-02-01,88.1982,88.5970,87.4255,87.9573,9610000
2022-02-02,88.4143,89.3365,88.3062,89.0790,4619300
2022-02-03,88.5139,88.9543,88.0653,88.1317,5453100
2022-02-04,87.5584,88.2979,86.4367,87.2593,6865600
2022-02-07,87.1928,87.7329,86.9436,87.1347,5860900
2022-02-08,87.0848,87.4006,86.5115,86.7275,6106100
2022-02-09,87.6332,88.7549,87.6332,88.6884,5746600
2022-02-10,87.4753,88.6884,86.1044,86.5946,6948000
2022-02-11,87.0350,87.3673,85.2901,85.8053,5679000
2022-02-14,85.9216,86.4534,84.6587,85.0243,5350200
2022-02-15,85.7637,86.2955,85.4812,85.7887,3612600
2022-02-16,85.8800,86.4035,85.2652,86.1875,4333000
2022-02-17,85.8634,86.1210,85.1572,85.2735,4847000
2022-02-18,85.0575,85.9548,84.6420,84.7583,4809500
2022-02-22,84.4343,85.0575,83.8942,84.4509,6656900
2022-02-23,85.1655,85.5311,83.0218,83.0550,6201000
2022-02-24,81.4348,84.7168,81.1856,84.4509,9479200
2022-02-25,84.7916,86.6112,84.4094,86.4866,5870300
2022-02-28,85.7720,86.1127,84.3014,85.1987,7296900
2022-03-01,85.4148,85.9299,84.2931,84.7501,8896200
2022-03-02,85.0575,86.7691,84.9328,86.3370,6946100
2022-03-03,86.8189,87.3341,85.9216,87.0433,6517000
2022-03-04,86.2872,87.5252,86.0628,87.4421,6438500
2022-03-07,87.2510,87.4587,85.6723,85.7139,6506200
2022-03-08,85.6723,86.8273,85.0076,85.2984,7090600
2022-03-09,86.7359,87.4753,86.4700,86.6112,5785900
2022-03-10,85.6973,87.0350,85.4646,86.8273,4034900
2022-03-11,87.4920,87.8991,86.0795,86.1376,5381600
2022-03-14,86.6278,86.7774,85.0824,85.4646,4539900
2022-03-15,86.2290,86.6860,85.2569,86.0379,5245000
2022-03-16,86.6694,87.4670,85.2153,87.0599,6561300
2022-03-17,86.7442,88.4059,86.7276,88.4059,3844300
2022-03-18,88.3561,88.7051,87.8742,88.4059,5815300
2022-03-21,88.4724,88.8795,87.4837,87.8659,4571900
2022-03-22,88.3976,88.6303,87.8991,88.0902,4749800
2022-03-23,87.7201,88.1378,86.9849,87.1019,4595400
2022-03-24,87.1269,87.6783,86.7928,87.6533,3893400
2022-03-25,88.0376,88.7477,87.7285,88.7477,4495100
2022-03-28,88.8312,89.6917,88.6474,89.6917,4130800
2022-03-29,90.5773,92.4737,90.4854,92.3233,5350500
2022-03-30,91.9474,92.1145,91.2456,91.6550,5216200
2022-03-31,92.0309,92.3066,90.5355,90.5355,7466900
2022-04-01,90.9532,92.3317,90.6608,92.2983,6568700
2022-04-04,92.3317,92.5322,91.0368,91.8471,6311800
2022-04-05,91.5882,92.7243,91.1203,91.3960,4993700
2022-04-06,91.0284,92.5739,90.5940,92.4820,5050800
2022-04-07,91.9474,92.0226,90.9616,91.5631,5338200
2022-04-08,91.6967,92.1145,91.0451,91.7134,5941000
2022-04-11,91.4712,91.9724,90.5355,90.7277,4315700
2022-04-12,90.7694,91.4210,90.2431,90.5940,5094800
2022-04-13,90.6525,91.3709,90.3601,91.2373,4673100
2022-04-14,91.5965,91.9975,90.7694,90.8446,4464700
2022-04-18,90.6608,91.1704,90.0343,90.4770,4256900
2022-04-19,90.9449,92.6993,90.8530,92.4486,7536100
2022-04-20,92.7828,94.2949,92.7160,93.9858,5395900
2022-04-21,94.4620,94.7461,93.2506,93.3342,4820700
2022-04-22,93.1003,93.1922,91.6383,91.6967,4917800
2022-04-25,91.4127,91.8388,89.9423,91.4628,6032300
2022-04-26,91.1955,91.7552,89.9006,89.9590,6217500
2022-04-27,90.0092,90.7360,89.2907,89.3659,6007100
2022-04-28,89.8087,91.3041,88.8563,91.0117,7235300
2022-04-29,90.4520,90.5773,86.6173,86.8345,9573900
2022-05-02,86.7761,87.3358,83.0083,84.7376,11885700
2022-05-03,85.0217,86.3082,84.4536,85.7903,7245400
2022-05-04,85.8487,86.9515,84.3283,86.7761,8686700
2022-05-05,86.4168,86.8680,83.8103,84.4619,8884000
2022-05-06,83.8604,84.1278,82.5989,83.4594,9398500
2022-05-09,82.7075,82.7075,79.4911,79.7835,8491700
2022-05-10,80.6858,81.2539,77.7033,78.3299,12528300
2022-05-11,78.4970,79.9924,77.9957,78.1628,9095800
2022-05-12,78.0208,78.8645,77.5947,78.7726,8312300
2022-05-13,79.4577,80.8779,78.9481,80.8529,7536700
2022-05-16,80.6607,81.0283,80.1762,80.3433,4614200
2022-05-17,81.3040,81.4627,80.2346,81.4377,4492000
2022-05-18,81.1954,81.3124,78.7643,79.0734,5130300
2022-05-19,78.4385,79.6666,78.4385,78.7225,6365100
2022-05-20,79.4494,79.6415,77.9874,79.2238,4471300
2022-05-23,79.9088,80.3683,78.7643,80.1428,4662400
2022-05-24,79.7752,80.9698,78.5805,80.8195,5895300
2022-05-25,80.5020,81.7217,80.2681,81.5045,4589300
2022-05-26,81.8136,82.4068,81.4961,81.6047,4355200
2022-05-27,82.0308,83.8103,82.0308,83.7936,4990000
2022-05-31,83.0250,83.3174,82.3149,82.7660,6276900
2022-06-01,83.0417,83.1336,81.0199,82.0809,4607100
2022-06-02,81.7718,83.2506,80.7777,83.2088,5450800
2022-06-03,82.5571,82.9999,81.8804,82.0976,4989900
2022-06-06,82.7827,82.9498,81.6382,81.8387,5445300
2022-06-07,81.4377,83.0083,81.1202,82.9665,6489200
2022-06-08,82.4318,82.6407,80.8779,81.0534,4566100
2022-06-09,80.7108,81.1620,79.1319,79.1319,4358600
2022-06-10,78.0960,78.3048,77.3274,77.3775,7260100
2022-06-13,75.6565,75.6983,73.1920,73.5094,8559700
2022-06-14,73.7601,73.9021,72.3733,72.9497,8707300
2022-06-15,73.6348,75.6983,73.4426,74.6790,8851100
2022-06-16,72.9079,73.5178,72.3983,72.7158,8083300
2022-06-17,72.6907,74.2279,72.5988,73.2672,7791800
2022-06-21,73.9439,75.0884,73.9105,74.2864,5933100
2022-06-22,73.5094,76.1912,73.5011,75.2304,6250200
2022-06-23,75.5079,76.8783,75.4658,76.6597,6139300
2022-06-24,77.2062,78.3917,76.9792,78.2908,4656500
2022-06-27,78.2319,79.0222,77.7106,78.1731,3784200
2022-06-28,78.6355,79.2324,77.1137,77.2230,4735900
2022-06-29,76.7858,76.8951,75.8946,76.7438,4606700
2022-06-30,76.2057,77.5425,75.6340,76.6009,6402600
2022-07-01,76.4831,78.1983,76.3402,77.9797,4512500
2022-07-05,77.1894,77.7863,75.9451,77.7611,5154400
2022-07-06,78.0049,78.6523,77.3575,77.6182,3428900
2022-07-07,78.0890,78.5178,77.6266,77.8284,3032400
2022-07-08,77.6602,77.9965,77.0464,77.4164,3509800
2022-07-11,77.1642,77.5593,76.6513,77.2482,3453200
2022-07-12,76.8447,77.7275,76.3991,76.9456,4396100
2022-07-13,76.0796,77.1389,75.6004,76.5756,5572400
2022-07-14,75.3061,76.2225,75.2052,75.8862,4494500
2022-07-15,77.1221,77.5425,76.4243,77.1726,5124800
2022-07-18,77.7107,77.7947,76.3234,76.6261,3397900
2022-07-19,77.3155,78.7027,77.2314,78.6102,3659100
2022-07-20,78.4673,79.3837,78.0385,78.4253,4212400
2022-07-21,78.5850,79.0558,77.6686,79.0474,5062800
2022-07-22,79.5183,79.9639,78.8541,79.4594,3615200
2022-07-25,79.5435,80.0479,79.1904,79.5939,3252800
2022-07-26,79.5855,80.1068,79.3837,79.6780,3337300
2022-07-27,79.8714,80.3506,79.1904,80.1572,4160900
2022-07-28,80.6869,82.8308,80.6785,82.7551,4100300
2022-07-29,82.7552,83.5034,82.4189,83.2008,3301300
2022-08-01,82.7719,82.9821,82.1330,82.5281,3572700
2022-08-02,82.5029,82.7383,81.4184,81.4688,4731300
2022-08-03,81.9732,82.5786,81.6874,81.7294,3107000
2022-08-04,81.8387,81.9648,81.1073,81.6033,2884200
2022-08-05,81.0064,81.8724,80.7205,81.8303,2719300
2022-08-08,82.3936,83.1503,82.0826,82.5618,4694200
2022-08-09,82.6711,83.0242,82.3095,83.0158,3403700
2022-08-10,83.9574,84.4030,83.6295,84.2769,3165200
2022-08-11,84.6469,85.0168,83.8397,84.0751,2151600
2022-08-12,84.5796,85.5801,84.5544,85.5212,3423700
2022-08-15,85.3447,85.9920,85.1933,85.8659,2135300
2022-08-16,85.4876,86.0677,85.3279,85.6389,3680800
2022-08-17,84.8654,85.6305,84.6132,85.1261,3683400
2022-08-18,85.1345,85.3447,84.1676,84.5628,2263400
2022-08-19,84.0583,84.3946,83.3773,83.6716,2788800
2022-08-22,83.0158,83.0830,81.7631,81.8471,3517500
2022-08-23,81.7631,81.8051,80.4851,80.7962,5605300
2022-08-24,80.8719,81.7547,80.8046,81.2586,2292200
2022-08-25,81.5108,82.4945,81.3427,82.4693,2129200
2022-08-26,82.5534,82.5534,80.3590,80.3927,3187200
2022-08-29,79.9134,80.4935,79.5183,79.6696,2833800
2022-08-30,79.9723,79.9723,78.3412,78.5682,3643600
2022-08-31,79.0138,79.3669,78.0217,78.1983,4100800
2022-09-01,77.7275,78.3580,76.9372,78.3412,4746100
2022-09-02,79.0222,79.1736,77.0633,77.2482,3561800
2022-09-06,77.5761,78.2739,77.1473,77.9460,4591800
2022-09-07,77.9461,79.6276,77.9124,79.4678,3681100
2022-09-08,79.0559,79.9639,78.8204,79.6864,3408300
2022-09-09,79.9386,80.8298,79.6023,80.5524,4129900
2022-09-12,80.8719,81.4856,80.7710,81.3343,2737500
2022-09-13,79.7453,79.9639,77.9713,78.2235,4824900
2022-09-14,77.8956,78.1310,76.7858,77.3323,5301500
2022-09-15,77.3575,77.5845,75.8189,75.9030,6727800
2022-09-16,75.5079,75.9955,74.9109,75.9114,6807800
2022-09-19,75.2304,75.8358,74.7260,75.8021,4467100
2022-09-20,75.0959,75.1632,73.5826,73.9609,5850800
2022-09-21,74.4738,74.9109,72.7670,72.7923,7128900
2022-09-22,72.5737,72.6073,71.6152,71.8674,6743600
2022-09-23,71.1331,71.4986,70.1303,70.9122,8982100
2022-09-26,70.5297,70.5807,68.2011,68.9235,8119600
2022-09-27,69.5184,69.9858,67.8357,68.0057,10015000
2022-09-28,68.6261,69.6969,67.9292,69.4164,9000200
2022-09-29,68.7196,68.7196,66.9094,67.3768,8576300
2022-09-30,67.7337,68.6176,67.5637,68.1331,9023600
2022-10-03,69.1785,69.7819,68.0227,69.3484,8718400
2022-10-04,70.1558,71.2776,70.0538,70.7507,6439300
2022-10-05,69.7904,69.9009,68.2181,69.3654,6518400
2022-10-06,69.1700,69.4504,67.2918,67.4362,7820800
2022-10-07,66.7989,67.1728,65.3711,65.8130,6913700
2022-10-10,65.9065,66.4674,65.0907,65.1926,6549500
2022-10-11,65.1502,66.3060,64.3853,65.8555,7189700
2022-10-12,65.8640,65.8640,64.7592,65.1671,6634400
2022-10-13,63.8669,66.6799,63.4504,66.3569,8561200
2022-10-14,66.8669,67.3768,64.6147,64.7082,7320700
2022-10-17,65.9065,67.4023,65.8555,67.1473,5823800
2022-10-18,68.2521,68.8300,67.2493,67.8782,5609200
2022-10-19,67.2153,67.4363,65.7790,66.1870,6452100
2022-10-20,66.2210,66.9603,65.7110,65.8980,4959700
2022-10-21,66.1275,66.4504,65.0482,66.4164,6060100
2022-10-24,66.9604,67.2323,65.9235,66.4079,4918000
2022-10-25,66.6374,69.1445,66.6374,69.0170,5815800
2022-10-26,68.9490,69.6119,68.5071,68.9745,5746800
2022-10-27,69.3570,69.8754,68.8555,69.0765,5239600
2022-10-28,68.7960,70.7762,68.6006,70.5977,4651400
2022-10-31,69.9434,70.9037,69.7564,70.5213,5112200
2022-11-01,71.2861,71.4986,70.3343,70.4958,4751100
2022-11-02,70.0538,70.8952,68.4221,68.5581,7240200
2022-11-03,67.9292,68.9830,67.1643,68.4646,5231600
2022-11-04,69.0085,69.8669,68.0737,69.3994,5664800
2022-11-07,69.7649,70.1558,68.9320,69.3994,5545800
2022-11-08,69.5864,70.3513,69.1700,69.6119,5578400
2022-11-09,69.4419,70.2153,68.7196,68.8980,5510300
2022-11-10,71.3881,74.0821,71.3456,73.9377,8312600
2022-11-11,73.9632,74.6941,73.6487,73.9292,5928000
2022-11-14,73.5212,73.6147,72.0765,72.1275,6181900
2022-11-15,73.0878,73.4193,72.1360,72.9094,5283900
2022-11-16,72.7224,73.0028,72.0765,72.2465,4258200
2022-11-17,71.3541,71.9065,71.0482,71.7535,4463400
2022-11-18,72.6119,72.9519,71.9320,72.6629,3854100
2022-11-21,72.4079,73.1133,72.1870,73.0453,3505900
2022-11-22,73.3598,73.5382,72.8838,73.4447,3514700
2022-11-23,73.3513,73.8612,72.9093,73.5042,4423800
2022-11-25,73.5722,73.9887,73.5722,73.9717,1524100
2022-11-28,73.5552,73.9037,71.8215,71.9915,4032700
2022-11-29,72.0510,73.2748,71.8215,73.1813,6035700
2022-11-30,73.0113,74.9065,72.4674,74.8555,7077800
2022-12-01,75.3994,75.9603,74.0821,74.6940,5038900
2022-12-02,73.8102,74.8470,73.5043,74.4731,3953700
2022-12-05,74.2521,74.2521,72.9519,73.1133,5983200
2022-12-06,73.2663,73.3003,72.1105,72.4249,5276900
2022-12-07,72.2805,73.3343,72.1360,72.5694,6206700
2022-12-08,72.7989,73.7422,72.6629,73.0793,3994400
2022-12-09,72.8414,73.6487,72.6629,72.9434,4572500
2022-12-12,73.1133,73.5127,72.2889,73.5042,5115900
2022-12-13,75.5354,76.0368,74.0057,74.8640,6864400
2022-12-14,74.8130,75.7309,73.9802,74.3541,6553300
2022-12-15,73.5212,74.0397,72.9518,73.3598,5325500
2022-12-16,72.5949,72.5949,70.6742,71.4646,8166400
2022-12-19,71.3881,71.3881,70.1303,70.5552,3776100
2022-12-20,70.2238,70.7847,69.5694,70.3768,6614800
2022-12-21,70.8442,71.7450,70.7507,70.9802,7101700
2022-12-22,70.3889,70.7250,69.3719,70.6820,6619400
2022-12-23,70.4665,71.3370,70.1562,71.3111,3539500
2022-12-27,71.2853,71.5094,70.6561,71.2853,3961900
2022-12-28,71.4318,71.7679,69.9666,70.0700,5168000
2022-12-29,70.5613,71.7593,70.3545,71.6042,5398400
2022-12-30,71.0871,71.4059,70.2424,71.0871,4897700
2023-01-03,71.6817,72.2764,70.3803,71.1560,5906600
2023-01-04,71.7507,73.4141,71.6817,72.7677,6860200
2023-01-05,72.1902,72.1902,70.6389,70.8112,6839500
2023-01-06,71.1646,72.9659,70.8457,72.7160,5962000
2023-01-09,72.9487,73.5434,72.4316,72.7418,5699200
2023-01-10,72.6298,72.9056,71.9403,72.9056,8040700
2023-01-11,73.4486,75.5429,73.4486,75.5171,5663300
2023-01-12,75.8446,76.5858,75.0947,76.4737,5890600
2023-01-13,75.6722,76.3014,75.4395,75.9997,4153800
2023-01-17,76.1117,76.6116,75.9135,76.2152,3943900
2023-01-18,76.4306,76.6892,74.9741,75.1034,5984200
2023-01-19,74.6897,75.5257,74.6466,74.6897,4696800
2023-01-20,74.7069,75.6032,73.8364,75.5774,4251100
2023-01-23,75.5860,76.3531,75.1034,75.9221,5154100
2023-01-24,75.7153,76.4306,74.9827,76.1117,3810600
2023-01-25,75.7670,76.2669,75.4136,76.1462,4953300
2023-01-26,76.5772,77.0167,76.1635,76.9995,3939000
2023-01-27,76.8271,78.1544,76.8271,77.8613,4972100
2023-01-30,77.2408,78.0682,76.8357,76.8702,4737700
2023-01-31,76.9564,78.5767,76.8271,78.4819,5449600
2023-02-01,78.0596,79.4989,77.2236,78.9645,9787400
2023-02-02,79.6799,81.4726,79.6540,80.7572,5218600
2023-02-03,79.6282,79.6713,78.2578,79.2403,5353000
2023-02-06,78.2578,78.7577,77.8613,78.6629,3787500
2023-02-07,78.2923,78.8525,77.4563,78.4905,5912700
2023-02-08,78.1285,78.5595,77.8441,78.1199,4886900
2023-02-09,78.4388,78.8870,77.0598,77.2666,2905100
2023-02-10,76.9219,77.6803,76.4996,77.5338,3270300
2023-02-13,77.7234,78.3440,77.6373,78.2233,2921900
2023-02-14,77.9734,78.5681,77.1374,77.6028,4217600
2023-02-15,77.1288,77.9303,76.9133,77.9131,3669900
2023-02-16,76.8185,77.8355,76.2065,77.1546,4493100
2023-02-17,76.8874,77.1029,76.1204,76.8530,4299600
2023-02-21,76.3703,76.3789,74.9741,75.3102,4926400
2023-02-22,75.4998,75.6463,74.2932,74.6293,4456500
2023-02-23,75.0861,75.3878,74.3708,75.1896,6074900
2023-02-24,74.3449,74.4052,73.4917,73.8709,5065400
2023-02-27,74.5862,75.1120,73.6640,73.9829,5170800
2023-02-28,73.9485,74.8448,73.7933,73.8795,7261100
2023-03-01,73.3624,73.5779,72.3626,72.9487,7041800
2023-03-02,72.4316,73.9140,72.3281,73.8019,5208800
2023-03-03,74.3880,75.0947,74.1725,74.9224,4542100
2023-03-06,75.2671,75.3361,74.4569,74.6293,3893700
2023-03-07,74.5776,74.6466,72.7332,72.8884,6540600
2023-03-08,72.8539,74.1553,72.8194,73.7244,5750400
2023-03-09,73.8450,73.9140,71.8800,72.0351,5974200
2023-03-10,71.9317,72.0782,69.2771,69.6477,10351000
2023-03-13,69.2857,71.5007,69.0272,70.5613,16288000
2023-03-14,71.7593,72.0696,70.4751,71.2422,8706400
2023-03-15,70.0787,71.4059,70.0700,71.1905,10284900
2023-03-16,70.5527,71.3887,69.7684,71.0353,10324300
2023-03-17,70.7423,70.8113,69.3547,69.4237,9103200
2023-03-20,69.9494,70.5182,69.3288,70.2166,6300300
2023-03-21,70.6733,70.8630,69.2944,69.9063,5024500
2023-03-22,69.5012,69.5270,67.2776,67.2948,8283600
2023-03-23,67.6396,68.5101,66.6312,66.8725,6274400
2023-03-24,66.5591,68.6048,66.3502,68.5874,8380000
2023-03-27,68.9965,69.2490,68.4046,68.5091,4956700
2023-03-28,68.0042,68.6483,67.7430,68.3437,4213800
2023-03-29,69.1532,69.9454,69.0314,69.8583,6364000
2023-03-30,70.5286,70.9900,70.4242,70.7724,4838000
2023-03-31,71.1815,72.3567,71.0683,72.2871,6148200
2023-04-03,72.2000,72.7920,71.3469,71.7125,7582700
2023-04-04,71.8605,72.0085,71.1380,71.6168,6243400
2023-04-05,71.4165,71.9040,71.1293,71.2337,7024100
2023-04-06,71.4862,71.7648,70.9204,71.7212,7008200
2023-04-10,71.3817,72.0694,70.9726,72.0520,3972100
2023-04-11,72.1913,72.9487,71.9040,72.3567,4839400
2023-04-12,73.0009,73.1054,71.8866,72.0085,5920500
2023-04-13,72.0607,72.1043,71.1032,71.7909,3884400
2023-04-14,71.8344,72.2609,70.1369,70.6766,5078300
2023-04-17,70.6766,72.1652,70.6766,72.1478,5148900
2023-04-18,72.2261,72.2348,71.6168,71.9824,4189600
2023-04-19,71.6168,72.5743,71.3556,72.4089,3624200
2023-04-20,71.9737,72.0520,71.3208,71.6951,4604400
2023-04-21,71.7212,72.0520,71.1032,71.7038,5136600
2023-04-24,71.6951,72.0259,70.8768,71.4340,3673500
2023-04-25,71.0335,71.2860,70.6505,70.7289,5127500
2023-04-26,70.5896,71.2250,69.8932,70.0498,5128500
2023-04-27,70.2936,71.8344,70.1717,71.6342,6439300
2023-04-28,71.7473,72.8703,71.5645,72.5134,5352800
2023-05-01,72.5221,72.7920,71.8605,71.9737,4817200
2023-05-02,71.7909,71.9389,70.2240,70.7550,5442500
2023-05-03,71.1032,71.8866,70.4155,70.4764,7538900
2023-05-04,70.4416,71.4775,70.0150,71.0596,7231800
2023-05-05,71.4775,72.4002,71.4601,72.2436,4560600
2023-05-08,72.0869,72.3132,71.5297,71.8257,4896000
2023-05-09,71.4775,71.8257,70.7288,71.5210,4522000
2023-05-10,72.2174,72.4873,71.4688,72.2087,6331600
2023-05-11,71.6951,71.7299,70.9726,71.4165,5175400
2023-05-12,71.5558,71.6342,70.8246,71.4078,3293800
2023-05-15,71.5297,71.7125,71.1032,71.2860,3477400
2023-05-16,71.1119,71.2076,69.4927,69.5014,5401000
2023-05-17,69.9454,70.5635,69.3099,70.4416,4849000
2023-05-18,70.1456,70.4677,69.5624,70.1021,4009000
2023-05-19,70.4155,70.7811,69.6494,69.9889,4803400
2023-05-22,70.0499,70.8420,69.6842,70.4155,4839100
2023-05-23,70.2588,70.9900,69.6668,69.7539,5460000
2023-05-24,69.3622,69.5537,68.1783,68.2566,4910700
2023-05-25,68.5874,68.7441,67.7343,68.2479,4810700
2023-05-26,68.3611,69.1619,68.0564,69.0313,3230700
2023-05-30,69.2751,70.0586,69.0923,69.2925,4449400
2023-05-31,69.1097,69.7974,68.8660,69.6407,4673800
2023-06-01,69.5537,70.0586,68.9008,69.6494,4016600
2023-06-02,70.4155,71.5471,70.2849,71.3469,5114900
2023-06-05,71.2599,71.6516,70.7201,70.8507,3936600
2023-06-06,71.1989,71.6777,70.6853,71.5297,4728200
2023-06-07,71.8518,73.0357,71.5123,72.8442,3825200
2023-06-08,72.5134,72.6353,71.6081,72.3915,3097900
2023-06-09,72.4176,72.5482,71.6777,71.9737,3199400
2023-06-12,71.9215,72.0085,71.3382,71.9911,4072500
2023-06-13,71.9040,72.5395,71.6864,72.4525,3693700
2023-06-14,72.7484,73.2359,72.1217,72.7223,5042700
2023-06-15,72.4525,73.2272,71.9737,73.1053,4661000
2023-06-16,73.2620,73.7147,72.8964,73.0531,4576900
2023-06-20,72.7920,72.8790,71.7909,72.1913,3826600
2023-06-21,71.7909,72.0172,71.2338,71.7561,4691300
2023-06-22,71.8518,71.9127,70.3023,70.7289,5114800
2023-06-23,70.3023,70.9030,69.7278,69.7539,3956400
2023-06-26,69.7539,71.4688,69.6581,71.3643,3246800
2023-06-27,71.6516,72.4438,71.1554,72.2436,3845900
2023-06-28,72.1739,72.4960,71.7038,72.3480,4691000
2023-06-29,72.1349,73.1825,71.8885,73.1561,5033400
2023-06-30,73.7812,73.9573,72.5311,73.5611,5758500
2023-07-03,73.4467,74.6087,73.1826,74.2830,3632400
2023-07-05,74.1245,74.9168,73.4467,74.4502,5766400
2023-07-06,73.4731,73.9661,72.5047,73.8780,5609000
2023-07-07,73.5083,74.1861,73.3498,73.7108,5865300
2023-07-10,73.4819,74.0893,73.2794,74.0277,3855600
2023-07-11,74.2302,75.1281,74.0541,75.0841,4038400
2023-07-12,76.0965,76.1933,75.4186,75.4890,5361600
2023-07-13,75.4802,75.9908,75.0577,75.9732,5067100
2023-07-14,75.6915,75.8764,75.3394,75.8236,5618100
2023-07-17,75.6299,75.9116,75.1897,75.3306,5610700
2023-07-18,75.4538,75.5595,74.2830,74.9168,4605100
2023-07-19,75.3570,76.1053,75.3394,75.7619,5363700
2023-07-20,75.4715,75.5507,74.5735,75.5155,5667100
2023-07-21,75.7179,76.0789,75.5331,75.8676,4767700
2023-07-24,75.8940,76.5630,75.8412,76.4926,4990600
2023-07-25,76.2109,76.7391,75.8676,75.9468,4968100
2023-07-26,75.8236,76.4486,75.7884,76.2902,7377400
2023-07-27,76.6863,76.8712,74.5735,74.6351,8010000
2023-07-28,75.5243,75.7091,74.4326,74.5735,5025800
2023-07-31,74.7760,75.4802,74.5383,75.0577,6121600
2023-08-01,74.8640,75.1985,74.5383,74.9344,4641600
2023-08-02,74.3094,74.6703,74.0277,74.5031,4147000
2023-08-03,73.7812,73.7988,72.7072,73.6931,6454100
2023-08-04,73.4995,74.1509,72.8392,73.0945,5148300
2023-08-07,73.2882,74.0453,73.1473,74.0101,3906500
2023-08-08,73.4202,73.7108,72.8304,73.5347,3854800
2023-08-09,73.2970,73.9309,73.0329,73.5259,2960200
2023-08-10,73.6843,74.2918,73.0505,73.2442,4451100
2023-08-11,72.9713,73.4643,72.7424,73.3586,3654700
2023-08-14,73.2354,73.2354,72.6544,72.8745,3376700
2023-08-15,72.3022,72.5487,71.8973,72.0557,3398400
2023-08-16,72.1085,72.1614,71.1226,71.1666,3703700
2023-08-17,71.2370,71.6948,70.5680,70.5944,4069800
2023-08-18,70.0926,70.9641,69.9869,70.8144,3307400
2023-08-21,70.6472,70.6736,69.5820,70.1630,3789800
2023-08-22,70.4095,70.6472,70.1454,70.3655,3380200
2023-08-23,70.6032,71.5627,70.6032,71.4747,3257800
2023-08-24,71.6772,72.4607,71.1402,71.2018,4523800
2023-08-25,71.2986,71.7476,70.9465,71.2546,4252000
2023-08-28,71.5451,72.3110,71.5451,71.9237,3448800
2023-08-29,71.8973,72.8216,71.6420,72.7952,3515300
2023-08-30,72.8128,73.2530,72.7336,73.0593,3042100
2023-08-31,73.0681,73.1826,72.5223,72.5223,3410200
2023-09-01,72.9801,73.2178,72.4519,72.6455,3403900
2023-09-05,72.4343,72.5839,71.7740,71.8004,3578000
2023-09-06,71.7036,71.9413,71.1138,71.6508,3681300
2023-09-07,71.4219,72.4167,71.4219,72.0997,5056100
2023-09-08,72.1525,72.3462,71.6508,71.8180,3317400
2023-09-11,71.9149,72.0469,71.4659,71.8268,2813600
2023-09-12,71.6772,71.9413,71.3163,71.7916,2959200
2023-09-13,71.7828,71.8532,70.8321,71.0081,3989000
2023-09-14,71.4131,72.4519,71.4131,72.2934,3926600
2023-09-15,71.9325,72.2494,71.7388,72.0205,3784500
2023-09-18,72.0205,72.0205,71.1930,71.3779,3117700
2023-09-19,71.2546,71.5803,70.8497,71.0521,2742500
2023-09-20,71.6332,71.9941,71.1050,71.1138,3827800
2023-09-21,70.5856,70.6912,68.6664,68.6928,6202200
2023-09-22,68.7192,69.0978,68.1206,68.1734,5061200
2023-09-25,67.9005,68.1734,67.6012,68.1118,3928200
2023-09-26,67.7069,67.8477,66.6328,66.8705,5220800
2023-09-27,67.1082,67.4780,66.0694,66.4216,6657600
2023-09-28,66.6678,67.3345,66.5344,67.0589,6659600
2023-09-29,67.9478,68.2411,66.8634,67.2545,6630600
2023-10-02,67.0322,67.2900,65.6011,66.0189,7564300
2023-10-03,65.6544,65.9122,64.5255,64.7300,7121000
2023-10-04,65.0766,65.5300,64.3033,65.5211,8748100
2023-10-05,65.3789,65.9655,65.1033,65.8856,5306900
2023-10-06,65.2989,66.4722,64.6678,66.0633,5919900
2023-10-09,65.6366,67.0322,65.5655,66.7833,3848200
2023-10-10,66.8011,67.6900,66.4900,67.1033,4585700
2023-10-11,67.6456,68.3123,67.5122,68.2678,6128600
2023-10-12,68.0545,68.1345,66.9256,67.2722,4429000
2023-10-13,67.5922,67.7878,66.8011,67.1033,5860800
2023-10-16,67.5745,68.0900,66.8900,67.9034,4381800
2023-10-17,67.2722,68.6945,67.2722,67.8056,5419300
2023-10-18,67.2989,67.5300,66.3122,66.3656,4853700
2023-10-19,65.7878,66.3655,64.6588,64.7922,8238400
2023-10-20,64.8900,65.2989,64.3122,64.3566,5874400
2023-10-23,63.7611,64.6144,63.5477,63.7255,6906600
2023-10-24,63.9833,64.7211,63.9655,64.5433,5755200
2023-10-25,63.8855,64.1255,63.0677,63.1566,6254500
2023-10-26,63.4766,64.8011,63.4322,64.3655,8144400
2023-10-27,64.6055,64.6055,63.1211,63.3344,12043000
2023-10-30,63.7166,64.2055,62.7655,63.7344,7041000
2023-10-31,64.2411,64.8900,63.6277,64.8189,5964700
2023-11-01,64.9078,65.2811,64.4811,65.2189,7021600
2023-11-02,66.3122,67.5478,66.1611,67.3611,6450300
2023-11-03,68.4811,69.8767,68.4634,68.9700,6394100
2023-11-06,68.8278,68.8723,67.6278,67.9745,4432100
2023-11-07,67.8856,68.0278,67.3167,67.4145,5235300
2023-11-08,67.6100,67.8945,67.3434,67.6367,4398300
2023-11-09,67.8678,67.9123,66.4189,66.5700,4922800
2023-11-10,66.9078,67.3345,66.3922,67.1922,3943800
2023-11-13,66.6945,66.9167,66.2322,66.6322,3791200
2023-11-14,68.8011,70.9434,68.6678,70.3301,7493800
2023-11-15,70.2679,71.1745,70.2056,70.5345,6033400
2023-11-16,70.6678,70.8812,70.1612,70.3834,4879800
2023-11-17,70.9878,71.0056,70.0367,70.3301,4379000
2023-11-20,70.2501,70.8456,69.6812,70.8456,4225000
2023-11-21,70.5434,70.6145,70.1701,70.3478,3703600
2023-11-22,70.9879,71.1923,70.3745,70.6945,5280200
2023-11-24,70.5256,70.9523,70.1967,70.8990,1893600
2023-11-27,70.9345,71.5479,70.6056,71.1567,5790800
2023-11-28,70.9701,71.6901,70.6056,71.6279,5811300
2023-11-29,72.1434,72.8279,72.0368,72.1256,4605400
2023-11-30,72.0723,72.6945,71.8145,72.6501,4118600
2023-12-01,72.5879,74.4457,72.3745,74.4368,7182800
2023-12-04,74.1168,74.9968,73.9479,74.9790,6740500
2023-12-05,74.5790,74.7035,74.0990,74.4813,6149900
2023-12-06,74.8546,75.3613,74.2057,74.2590,4405000
2023-12-07,74.3035,74.7035,73.9657,74.4724,6631500
2023-12-08,74.2146,74.5346,73.5923,74.3479,3416900
2023-12-11,74.0990,74.6857,73.9924,74.5524,3143200
2023-12-12,74.5435,74.7835,74.1168,74.5079,3158400
2023-12-13,74.6146,77.6280,74.4101,77.3613,5649600
2023-12-14,78.8013,80.0813,78.7924,79.5924,6918500
2023-12-15,79.4058,79.4502,77.9035,78.4724,7666400
2023-12-18,78.8458,78.9080,78.2058,78.2946,6353800
2023-12-19,78.6680,79.1124,78.5969,78.8902,5786900
2023-12-20,78.9702,79.5213,77.8769,77.9302,6072600
2023-12-21,78.6033,78.8193,77.7754,78.6213,4430000
2023-12-22,78.9272,79.5571,78.5313,78.9272,5100300
2023-12-26,78.9003,79.7281,78.8193,79.5122,4336600
2023-12-27,79.6651,79.9981,79.3052,79.8991,5383600
2023-12-28,79.8001,80.4660,79.6921,80.4660,3879100
2023-12-29,80.1781,80.2411,79.4222,79.5122,5331500
2024-01-02,79.2332,80.3220,78.9002,80.1961,6057900
2024-01-03,79.5661,79.5661,78.1264,78.2793,5159600
2024-01-04,78.1264,78.6663,77.7934,78.1354,5609900
2024-01-05,77.5684,78.6213,77.1185,77.9374,3805800
2024-01-08,77.8924,79.1432,77.7124,79.0532,5372100
2024-01-09,78.2883,78.8373,77.9104,78.5223,3819000
2024-01-10,78.6843,78.9812,78.3243,78.6123,3649900
2024-01-11,78.4503,78.4503,77.4335,77.8834,5512700
2024-01-12,78.6663,78.9182,77.9554,78.3513,3070300
2024-01-16,77.9104,78.2613,77.5235,77.7754,5125800
2024-01-17,76.7136,77.6854,75.5798,76.3536,4898900
2024-01-18,76.4706,76.7586,75.3908,75.9397,4537800
2024-01-19,76.1197,77.1005,75.5438,76.8486,6188700
2024-01-22,77.1185,78.0544,76.9565,77.3075,4203000
2024-01-23,77.6044,77.8654,76.5156,76.7766,4821800
2024-01-24,77.5594,77.6314,75.6247,75.6787,3265600
2024-01-25,76.5876,77.0465,76.2726,76.6506,4394300
2024-01-26,76.8036,77.0195,76.2636,76.4346,2783200
2024-01-29,76.4166,77.0915,76.2097,76.9386,3591900
2024-01-30,76.6056,76.8756,76.0747,76.2187,4580900
2024-01-31,76.4706,77.0555,75.3458,75.4898,8892900
2024-02-01,75.4088,76.8845,74.9948,76.8576,8950700
2024-02-02,75.7507,76.3806,74.6349,75.9037,7935800
2024-02-05,74.9588,74.9588,74.0860,74.3109,6269400
2024-02-06,74.4279,75.4538,74.1579,75.3098,5482300
2024-02-07,75.5797,75.6517,74.7789,75.2018,5074200
2024-02-08,74.9858,76.0297,74.9858,75.8137,3697200
2024-02-09,75.7687,76.0567,75.0758,75.9307,3478100
2024-02-12,76.0747,76.4976,75.7867,75.9487,3949000
2024-02-13,74.3109,74.4009,73.3751,74.3829,6203500
2024-02-14,74.7069,75.3908,74.3469,74.9678,5264400
2024-02-15,75.6517,76.7945,75.6067,76.7136,5164800
2024-02-16,75.8137,76.3626,75.2738,75.9217,4781000
2024-02-20,75.4807,76.0926,75.1208,75.7867,4739900
2024-02-21,75.9487,76.3176,75.6517,76.2096,4053000
2024-02-22,76.4526,76.7406,76.1917,76.3536,5000600
2024-02-23,76.3986,76.7586,76.1287,76.3176,4695600
2024-02-26,76.1197,76.5246,75.3368,75.4808,5943300
2024-02-27,75.8947,76.2366,75.4088,75.5707,3857800
2024-02-28,75.1838,76.8036,75.1028,76.3356,5170700
2024-02-29,76.9476,77.3885,76.6326,76.9836,6595400
2024-03-01,76.8666,77.9014,76.0657,77.9014,6560900
2024-03-04,77.6854,78.6753,77.1365,78.6303,5319000
2024-03-05,78.2074,78.7743,77.3165,77.6764,4722600
2024-03-06,78.1803,78.3603,77.6044,78.0634,4999400
2024-03-07,78.4773,78.6663,77.6584,78.0454,3164100
2024-03-08,78.7383,79.2152,78.5583,78.9453,4546400
2024-03-11,78.7743,79.2512,78.2343,78.5673,3467200
2024-03-12,78.4233,78.7203,77.7214,78.3963,3309000
2024-03-13,78.2613,78.7473,77.7484,78.0004,3418600
2024-03-14,77.6764,77.8294,76.1737,76.8306,4155000
2024-03-15,76.0927,76.9565,76.0747,76.6596,4214300
2024-03-18,76.8306,77.1005,76.5516,76.6956,3030800
2024-03-19,76.6236,76.9565,76.2097,76.6686,4165700
2024-03-20,76.1917,77.4065,75.8767,77.1725,4605800
2024-03-21,77.5055,78.0634,77.2625,77.7304,3753200
2024-03-22,77.7685,77.9410,76.6976,76.7521,3923200
2024-03-25,76.8247,77.1060,76.2802,76.2802,5262400
2024-03-26,76.4798,76.5706,75.9534,75.9716,4923000
2024-03-27,76.8428,77.9591,76.6613,77.9319,5191400
2024-03-28,78.0771,78.7487,78.0771,78.4855,4626900
2024-04-01,78.7215,78.7215,77.0243,77.1695,5331200
2024-04-02,76.5706,76.6341,75.8990,76.1985,5116000
2024-04-03,76.0170,76.3709,75.6993,76.2802,3632700
2024-04-04,76.9064,77.2694,75.5269,75.7901,5953600
2024-04-05,75.5269,76.3618,75.3363,76.1803,4789000
2024-04-08,76.4254,77.0697,76.3437,76.9971,3866900
2024-04-09,77.2785,78.0227,77.1151,78.0227,4075600
2024-04-10,75.7356,75.9716,74.3561,74.7917,8332800
2024-04-11,75.3181,75.4724,74.2926,75.0459,7145900
2024-04-12,74.5921,74.7645,73.8660,74.1565,5451200
2024-04-15,74.6465,74.7191,72.4866,72.8950,5478600
2024-04-16,72.5682,72.6499,71.6607,71.8694,6598800
2024-04-17,71.7242,72.0419,71.2977,71.3430,5554700
2024-04-18,71.6335,71.8059,71.0345,71.3521,4158300
2024-04-19,71.3884,72.0146,71.3612,71.6970,4585600
2024-04-22,71.9693,72.4775,71.4792,72.3323,3846100
2024-04-23,72.4684,73.2943,72.3504,72.9948,5484100
2024-04-24,72.7134,73.2580,72.2778,73.1309,4513600
2024-04-25,72.4049,72.8314,71.9420,72.7134,4082800
2024-04-26,72.8223,73.4849,72.6045,72.7497,3367700
2024-04-29,73.0674,73.7208,73.0674,73.4940,4374000
2024-04-30,72.9766,73.3215,72.2234,72.2506,7003900
2024-05-01,72.1508,73.6210,72.0328,72.2778,7204200
2024-05-02,72.9585,73.4577,72.1962,73.2943,4804800
2024-05-03,74.5649,75.0005,73.6119,73.7844,4270000
2024-05-06,74.3198,74.4469,73.5575,73.8479,3044800
2024-05-07,74.4287,74.7827,74.2200,74.5467,3667300
2024-05-08,74.1383,74.1383,73.6755,73.9205,4129800
2024-05-09,74.5104,75.4996,74.5104,75.4361,5452200
2024-05-10,75.5541,75.6358,75.0005,75.2274,5649800
2024-05-13,75.5087,75.9171,75.1185,75.4724,2848700
2024-05-14,75.9806,76.3890,75.6539,76.0533,3099700
2024-05-15,77.1695,77.5235,76.9245,77.1060,3544900
2024-05-16,77.1786,77.3964,76.9336,77.0516,2577000
2024-05-17,77.1423,77.2331,76.7612,77.0425,2791700
2024-05-20,76.8882,77.1151,76.4980,76.5887,2842800
2024-05-21,76.4072,76.6885,76.2438,76.5615,2655100
2024-05-22,76.2983,76.6069,75.6449,75.8718,3888000
2024-05-23,75.8717,75.8717,74.1928,74.2382,4061100
2024-05-24,74.5921,74.7101,74.1928,74.2926,2317800
2024-05-28,74.6465,74.9460,73.7208,73.8025,3046600
2024-05-29,73.0583,73.1945,72.7588,73.0855,3203100
2024-05-30,73.4486,74.1928,73.4486,74.1565,2748800
2024-05-31,74.6102,75.5995,74.2835,75.5450,4176900
2024-06-03,75.9534,75.9534,74.9823,75.3726,3301600
2024-06-04,75.1548,76.2711,75.1548,75.9534,2720700
2024-06-05,75.9988,76.1077,75.4089,75.8627,2373300
2024-06-06,75.5087,76.0260,75.1911,76.0079,4002100
2024-06-07,74.8099,75.4906,74.7555,75.2909,3227900
2024-06-10,75.0549,75.7991,74.5104,75.5450,2450800
2024-06-11,75.1911,75.6267,74.9733,75.2728,3261700
2024-06-12,76.8610,77.4509,75.8445,75.9444,4123500
2024-06-13,76.1168,76.4980,75.6721,76.2529,2619900
2024-06-14,75.9897,76.4526,75.6176,76.2348,2178600
2024-06-17,75.7901,76.3165,75.4724,75.9353,2168100
2024-06-18,76.1349,76.5161,75.9716,76.2348,3073600
2024-06-20,75.9988,76.2711,75.7719,76.0170,2432900
2024-06-21,76.1622,76.3709,75.6902,76.2075,2337000
2024-06-24,76.2438,77.5598,76.1259,76.7974,2834300
2024-06-25,76.6704,76.7067,75.4452,75.8536,2445900
2024-06-26,75.3272,75.8536,75.1820,75.6176,3287900
2024-06-27,75.7356,76.3800,75.5632,76.3528,4244800
2024-06-28,76.7139,77.2927,76.3831,76.9619,4090500
2024-07-01,76.8976,77.0906,75.7766,76.2361,3274800
2024-07-02,76.4566,76.7139,76.1534,76.5944,3141400
2024-07-03,76.6771,77.1273,76.5117,76.5209,1571500
2024-07-05,76.6679,76.8792,76.2452,76.7322,3217000
2024-07-08,76.8241,77.1641,76.6312,76.9803,3239200
2024-07-09,76.7966,77.2192,76.2177,76.9619,2123200
2024-07-10,77.2744,77.5959,76.7874,77.5316,2482400
2024-07-11,78.5240,80.0309,78.5240,79.7552,4363500
2024-07-12,80.3984,80.8762,80.0676,80.3616,3562600
2024-07-15,80.5087,81.0048,80.2789,80.9038,2928700
2024-07-16,81.4183,81.9237,80.9956,81.8961,3029300
2024-07-17,81.7950,83.0079,81.7950,82.4566,4757200
2024-07-18,81.9972,83.4214,81.5286,81.7307,4464700
2024-07-19,81.8502,81.9880,81.2346,81.5837,2809000
2024-07-22,81.8226,82.5117,81.2345,82.4290,3244400
2024-07-23,82.3004,82.9344,81.9329,82.3647,2655400
2024-07-24,82.3188,82.8517,81.0692,81.1518,3844900
2024-07-25,81.4551,82.4015,80.7108,80.8854,4723200
2024-07-26,81.4826,82.5852,81.2621,82.3004,3326000
2024-07-29,82.4290,82.9987,81.7031,82.7231,3371100
2024-07-30,83.0355,83.5592,82.7231,83.3663,2854000
2024-07-31,83.5133,84.1105,82.8333,83.0722,5633800
2024-08-01,84.0370,84.3678,83.1274,83.9084,6988100
2024-08-02,83.7062,84.6526,83.1090,83.8624,5223600
2024-08-05,82.2177,83.6327,81.2437,81.4643,6852600
2024-08-06,81.4459,83.9543,81.1059,83.0722,7321600
2024-08-07,83.4398,84.3953,82.4015,82.5025,4998600
2024-08-08,82.5117,83.4765,82.2544,83.3111,5981200
2024-08-09,83.6327,83.8532,82.7874,83.6970,4133800
2024-08-12,83.4030,83.4122,82.4933,83.0814,2925500
2024-08-13,83.6695,83.8992,83.2009,83.8073,3111300
2024-08-14,83.9543,84.4229,83.5500,84.0278,2966300
2024-08-15,84.1564,84.3402,83.5960,83.9635,4054400
2024-08-16,83.9635,84.2575,83.5408,83.9175,2260900
2024-08-19,83.9176,84.6159,83.9084,84.6159,2629800
2024-08-20,84.7078,84.8456,84.2208,84.5148,4934200
2024-08-21,84.6067,85.0110,84.1932,84.9650,2965900
2024-08-22,85.0110,85.2958,84.7353,85.2131,3182300
2024-08-23,85.5806,87.2070,85.5255,87.0875,8040200
2024-08-26,87.4459,87.6297,86.9038,87.0508,2748500
2024-08-27,86.4076,87.2437,86.3341,87.1794,1859300
2024-08-28,87.1611,87.3908,86.4260,86.8395,2664100
2024-08-29,86.7935,86.9405,86.2238,86.5730,3379500
2024-08-30,86.9681,87.4551,86.3341,87.4091,3490000
2024-09-03,87.0508,87.7491,86.8211,87.3632,5160800
2024-09-04,87.5837,88.4199,87.1519,87.6113,3041100
2024-09-05,88.1902,88.3372,87.1702,87.3264,6269400
2024-09-06,87.4643,87.4826,86.5454,87.2437,6965800
2024-09-09,87.2529,88.3831,87.1059,88.2177,2906400
2024-09-10,88.4750,89.5317,88.2361,89.4949,6001000
2024-09-11,88.6863,89.4214,87.6756,89.3203,3872100
2024-09-12,89.5225,89.7614,88.7598,89.6971,2713200
2024-09-13,90.2759,90.6526,90.0554,90.6343,3402700
2024-09-16,91.0110,91.3418,90.6434,90.9375,4144500
2024-09-17,91.0569,91.3050,90.0830,90.3035,2990700
2024-09-18,90.4413,91.4980,90.0646,90.1932,5097000
2024-09-19,90.9742,91.0110,89.6235,90.2116,4450200
2024-09-20,89.6971,90.1013,89.5317,89.8533,3708500
2024-09-23,90.4689,90.8456,90.2943,90.7445,3320700
2024-09-24,90.3862,91.1304,90.0922,90.8732,3279000
2024-09-25,90.9650,91.1672,90.0646,90.2667,2466000
2024-09-26,90.4229,90.4781,89.2009,89.4490,4776900
2024-09-27,90.1930,90.4061,89.5259,89.5629,4932800
2024-09-30,89.4054,90.3320,89.2016,90.2671,4207000
2024-10-01,90.4617,90.6192,89.2850,89.6834,4240300
2024-10-02,88.9421,89.4517,88.7197,89.3683,5161600
2024-10-03,89.0533,89.2479,88.2379,88.5530,2664400
2024-10-04,88.0526,88.3491,87.3206,88.1267,4602000
2024-10-07,87.6449,87.6449,86.9500,87.3484,3420200
2024-10-08,87.5708,87.9229,87.1816,87.5245,3773700
2024-10-09,87.3577,87.6264,87.0241,87.6171,4120600
2024-10-10,87.1168,87.7190,86.5701,86.8388,2664300
2024-10-11,87.2836,87.8210,87.1168,87.8210,2654000
2024-10-14,87.5615,88.4974,87.3577,88.3491,2529100
2024-10-15,88.7661,90.1745,88.7197,89.4147,2808500
2024-10-16,89.6278,90.5173,89.4610,90.3969,3177100
2024-10-17,90.0448,90.1467,89.4147,89.6834,2904100
2024-10-18,89.9058,90.3876,89.5629,90.3505,2080200
2024-10-21,89.9058,90.2671,88.4603,88.5808,4143000
2024-10-22,88.3120,89.0348,88.1731,88.7105,2530000
2024-10-23,88.4974,89.5259,88.4047,89.3591,2710500
2024-10-24,89.4703,90.1096,89.3961,89.5537,2632300
2024-10-25,90.1652,90.4432,88.6827,88.7105,3834800
2024-10-28,89.3498,89.8687,88.8773,88.9884,2296500
2024-10-29,88.7105,89.0904,88.0619,88.3491,2819600
2024-10-30,88.3491,89.3962,88.3028,88.7383,2930300
2024-10-31,88.0248,88.5622,87.1816,87.2372,4946300
2024-11-01,87.7283,87.9414,86.2273,86.2736,4835200
2024-11-04,86.5516,87.5245,86.5238,87.2187,3368200
2024-11-05,86.7369,88.4232,86.5330,88.3769,2398100
2024-11-06,88.6086,88.6086,85.5879,86.4960,6335400
2024-11-07,86.9129,87.7932,86.6720,87.5337,4871300
2024-11-08,87.8673,89.0996,87.7468,88.8402,4093600
2024-11-11,88.7753,89.3591,88.3398,88.3954,2279800
2024-11-12,88.0712,88.4510,87.1631,87.1724,4645800
2024-11-13,87.8951,88.4418,87.5245,87.6542,2884300
2024-11-14,87.6542,87.6542,86.6998,86.8666,3708000
2024-11-15,86.5516,87.0797,86.1809,86.9129,2786400
2024-11-18,86.5238,87.5430,86.3755,87.5430,2468100
2024-11-19,87.3113,88.1823,86.8944,87.9692,3041600
2024-11-20,87.6079,87.9785,87.1446,87.8580,3143000
2024-11-21,87.8766,88.7753,87.5152,88.5066,2988600
2024-11-22,88.8031,89.3406,88.7939,89.1738,2943700
2024-11-25,89.6927,90.8601,89.6927,90.4154,4001200
2024-11-26,90.2671,90.8694,89.9150,90.7767,2774500
2024-11-27,91.2956,91.9164,91.2771,91.3605,2383100
2024-11-29,91.4995,91.8145,90.8416,90.9528,1922400
2024-12-02,90.4895,90.5636,89.3869,89.6278,3659400
2024-12-03,89.7112,89.9799,89.1275,89.1738,1992500
2024-12-04,89.2664,89.2664,88.4603,88.9329,2220300
2024-12-05,88.5715,88.8031,88.2287,88.7197,2922300
2024-12-06,88.9607,89.2572,88.2009,88.5900,1866100
2024-12-09,88.7105,89.1367,88.5808,88.8402,2871900
2024-12-10,88.7290,88.7383,87.2743,87.5523,2902100
2024-12-11,87.5893,88.0063,87.1075,87.3484,4294900
2024-12-12,87.1260,88.1453,87.1260,87.2094,2255100
2024-12-13,87.0890,87.2743,86.7183,86.9592,2796200
2024-12-16,86.9129,87.6357,86.5886,86.6535,3644900
2024-12-17,86.3014,86.9407,86.0141,86.2365,3020200
2024-12-18,86.0141,86.4218,82.6599,82.6785,5409800
2024-12-19,82.9009,83.5309,81.3442,81.3998,5403600
2024-12-20,81.3998,83.7070,81.3998,82.7711,7622200
2024-12-23,82.4961,83.1977,82.1780,83.0948,4548900
2024-12-24,82.8422,83.7403,82.8048,83.6468,2182600
2024-12-26,83.4223,83.9555,83.0106,83.8713,2577400
2024-12-27,83.3755,83.9836,82.7954,83.0293,3816700
2024-12-30,82.7206,82.8516,81.8038,82.6177,4402400
2024-12-31,83.2351,83.5345,82.5896,83.3381,5045100
2025-01-02,83.3474,83.5158,82.3370,82.5990,5296100
2025-01-03,82.7954,83.7684,82.5335,83.6842,3469900
2025-01-06,83.5719,83.9368,82.4774,82.6083,4206500
2025-01-07,82.9638,83.2539,81.6073,81.8225,5679000
2025-01-08,81.8131,82.1031,81.0273,82.0377,5250300
2025-01-10,80.7466,80.9431,79.9701,80.0356,10056500
2025-01-13,79.9701,81.0928,79.7830,81.0179,3740200
2025-01-14,81.3641,81.9348,81.1583,81.7570,3829900
2025-01-15,84.0023,84.0771,82.1780,82.2248,3886700
2025-01-16,82.4119,84.0117,82.1499,83.9275,4112800
2025-01-17,84.1707,84.4420,83.8713,83.8713,3672400
2025-01-21,84.2923,85.4992,84.2175,85.4430,3634900
2025-01-22,85.1904,85.1904,83.8994,83.9555,2966300
2025-01-23,84.0959,84.5917,83.3100,84.5730,2706900
2025-01-24,84.2736,85.4056,84.2362,84.8630,3267300
2025-01-27,84.8536,86.0231,84.7507,85.9950,4107700
2025-01-28,85.7424,85.7424,84.7507,84.9566,2373800
2025-01-29,84.9846,85.2092,83.4316,83.8339,2820000
2025-01-30,84.8349,85.6208,84.2175,84.9004,3485100
2025-01-31,84.6759,85.5366,84.4794,84.7133,2566200
2025-02-03,83.9649,84.8630,83.1884,84.5356,5187600
2025-02-04,84.0210,84.7975,83.7310,84.6010,3371500
2025-02-05,85.3963,85.9763,84.6385,85.7892,3310400
2025-02-06,86.2663,86.2663,85.4524,86.0044,3468600
2025-02-07,86.1634,86.2195,85.2279,85.7237,2516200
2025-02-10,85.8734,85.9202,85.0408,85.6863,2195400
2025-02-11,85.3027,86.0979,85.2185,86.0605,2260000
2025-02-12,84.3391,85.5366,84.2081,85.2653,4747200
2025-02-13,85.1343,86.2663,84.9565,86.1166,3734300
2025-02-14,86.3318,86.7154,85.7050,85.7237,2344300
2025-02-18,85.5927,86.4066,85.4805,86.1073,2500700
2025-02-19,85.7330,86.3879,85.5553,86.1727,2339100
2025-02-20,86.1073,86.6873,85.6863,86.5844,2920000
2025-02-21,86.7434,86.7902,85.2279,85.7331,2534600
2025-02-24,85.8547,86.6125,85.4805,86.0698,3258700
2025-02-25,86.3131,87.5199,86.3131,87.1270,4329200
2025-02-26,87.3235,87.5106,86.4628,86.7621,2828800
2025-02-27,86.7809,87.6229,86.6405,87.1083,2379800
2025-02-28,87.5012,87.8848,86.8370,87.8474,4213800
2025-03-03,87.9784,88.8297,87.7538,88.2590,4596700
2025-03-04,88.2497,88.7829,87.1177,87.2393,4541100
2025-03-05,86.7060,88.3713,86.5283,88.2122,2574000
2025-03-06,87.3235,87.5854,85.7330,85.9482,4968800
2025-03-07,85.9763,86.8557,85.4243,86.4628,4447100
2025-03-10,86.3692,87.3048,85.1624,85.6301,3534300
2025-03-11,85.6301,86.0698,84.1146,84.6291,3918700
2025-03-12,84.7694,85.0969,83.9742,84.3672,3303000
2025-03-13,84.3672,84.9472,82.5990,82.7019,3881600
2025-03-14,83.4129,84.4326,82.9358,84.3578,3769100
2025-03-17,84.2362,86.0698,84.2362,85.7985,2233300
2025-03-18,85.6676,86.1728,85.0127,85.3495,1956000
2025-03-19,85.3588,86.0979,84.7320,85.4524,1882100
2025-03-20,85.4243,85.9201,85.0127,85.3962,2041100
2025-03-21,84.9004,85.0407,83.9274,84.4513,3395100
2025-03-24,84.9940,85.8921,84.6759,85.7518,3719000
2025-03-25,85.6497,85.7631,84.2792,84.7896,4210000
2025-03-26,85.0070,85.5646,84.8085,85.1204,3094100
2025-03-27,85.3283,85.9521,84.6951,84.9030,2993000
2025-03-28,85.1771,85.3283,84.2414,84.7896,3602900
2025-03-31,84.8085,86.0845,84.8085,85.5741,2964400
2025-04-01,85.8104,85.9994,84.5722,85.6119,4276600
2025-04-02,85.3283,86.2735,85.0920,86.1317,3427200
2025-04-03,84.7990,85.8104,83.1356,83.1923,5784700
2025-04-04,82.3322,82.4645,79.4873,79.5818,7803800
2025-04-07,77.7671,80.6404,75.6972,77.4930,13294200
2025-04-08,79.3455,79.5346,74.5252,75.4137,7401100
2025-04-09,74.0338,80.2812,72.7011,79.9126,10990300
2025-04-10,78.8446,79.7803,76.0847,78.0885,7442500
2025-04-11,77.5497,79.2037,76.6235,79.0431,5275900
2025-04-14,79.7425,81.1602,79.5156,80.6782,3228000
2025-04-15,80.9145,81.4532,80.4608,80.9239,2443200
2025-04-16,81.1697,81.8974,80.3190,80.8672,2393000
2025-04-17,80.9995,82.6914,80.9995,82.0770,3383500
2025-04-21,81.2547,81.4816,79.3644,80.3663,2406100
2025-04-22,81.2642,82.2660,81.0940,81.9258,2209800
2025-04-23,82.8426,83.7216,81.6233,82.0770,2493100
2025-04-24,82.1243,82.9560,81.7084,82.3795,2080800
2025-04-25,82.3795,82.5590,81.6422,82.2377,2409500
2025-04-28,82.1621,82.9182,81.9163,82.7481,2914900
2025-04-29,82.7103,83.5893,82.4173,83.1923,2740300
2025-04-30,82.7953,83.7783,81.9919,83.4853,3738300
2025-05-01,83.7783,84.4871,83.1356,83.7594,3574100
2025-05-02,84.7990,85.0826,84.4021,84.7896,2237700
2025-05-05,84.6478,85.1110,84.1469,84.6006,2289900
2025-05-06,84.2131,84.6384,83.5515,83.9484,2579700
2025-05-07,84.1185,84.7329,83.8633,84.0429,2220300
2025-05-08,84.3832,84.5250,83.4002,83.7121,2652600
2025-05-09,83.6460,84.4966,83.5231,84.2698,3460200
2025-05-12,85.4039,85.4134,84.2225,84.6856,3657300
2025-05-13,84.6667,84.7707,83.3624,83.6082,4178600
2025-05-14,83.3152,83.3152,82.4740,82.7859,3052500
2025-05-15,83.0883,84.3170,83.0033,84.2981,2563000
2025-05-16,84.3076,85.3756,84.1469,85.3472,2580300
2025-05-19,84.6195,85.4701,84.4588,85.3661,2956400
2025-05-20,84.7234,85.2338,84.6667,84.8652,2003300
2025-05-21,84.2414,84.5817,82.5401,82.6063,2677200
2025-05-22,82.6630,82.6630,81.6233,82.2282,2540100
2025-05-23,82.0770,82.5590,81.7935,82.3133,2123000
2025-05-27,82.9938,83.9484,82.7103,83.7499,2117700
2025-05-28,83.7783,83.7972,83.1072,83.6649,1912800
2025-05-29,83.7216,84.7612,83.5514,84.4210,2440300
2025-05-30,84.0902,84.6384,83.5987,84.4210,2525900
2025-06-02,83.7688,84.5628,83.0127,84.5344,3101600
2025-06-03,84.1469,84.4966,83.6365,84.3643,2155700
2025-06-04,84.3265,84.8841,83.9390,84.6006,2598200
2025-06-05,84.6384,84.9786,84.0902,84.5344,3148400
2025-06-06,84.8747,85.3283,84.4872,84.9408,2707200
2025-06-09,84.9692,85.5646,84.3926,85.0542,3676100
2025-06-10,85.1960,85.8387,85.1771,85.7820,4036000
2025-06-11,85.9049,86.2829,85.0070,85.3189,2874600
2025-06-12,85.2622,85.8198,85.1204,85.7347,2007200
2025-06-13,85.0542,85.5930,84.3454,84.9030,2334100
2025-06-16,85.2338,86.0088,84.6856,84.9692,2657500
2025-06-17,84.9597,85.2244,84.3737,84.6667,1879400
2025-06-18,84.8936,85.5930,84.4871,84.9597,2945800
2025-06-20,85.2622,85.7064,84.8085,84.9030,2940300
2025-06-23,85.0637,86.2451,84.9503,86.1790,3142100
2025-06-24,86.3207,86.7366,85.8293,86.4058,2727300
2025-06-25,85.9238,85.9238,84.2792,84.3265,4282500
2025-06-26,84.5059,84.5059,83.2079,84.2482,5886100
2025-06-27,84.2673,85.3363,84.1241,84.4582,3179200
2025-06-30,84.5155,85.0404,83.5610,85.0022,8752300
2025-07-01,84.8304,86.2716,84.7254,85.6226,5552800
2025-07-02,85.4222,85.9376,85.0786,85.8230,3469500
2025-07-03,85.8803,86.2525,85.5844,85.9185,2361700
2025-07-07,85.8898,86.3671,84.7254,85.1836,4467500
2025-07-08,84.9259,85.5176,84.7159,85.0595,3631300
2025-07-09,85.2599,85.3744,84.7636,85.1263,3837000
2025-07-10,85.2026,86.2334,84.9259,85.6608,5303600
2025-07-11,85.0499,85.8707,84.7541,85.6703,3987600
2025-07-14,85.6417,86.2430,85.4985,86.2239,3256900
2025-07-15,86.2239,86.3098,84.7922,84.9545,4483000
2025-07-16,85.3745,85.8994,84.9259,85.7562,4126500
2025-07-17,85.6894,86.0426,85.2695,85.6608,3406500
2025-07-18,85.8517,86.1762,85.4890,85.8421,2523700
2025-07-21,86.4339,86.7488,85.9948,86.1953,3904200
2025-07-22,86.4530,87.7605,86.4434,87.6746,2684200
2025-07-23,87.8083,87.9801,87.4647,87.8464,2981900
2025-07-24,87.6746,87.9323,87.4933,87.5410,3236600
2025-07-25,87.6651,87.6842,86.6629,87.5506,2960500
2025-07-28,87.3215,87.3597,86.0903,86.1475,2551300
2025-07-29,86.6343,87.6269,86.2048,87.5315,3713600
2025-07-30,87.4933,87.6460,85.7371,86.2907,4407900
2025-07-31,85.8039,86.2430,84.9640,85.0786,4823500
2025-08-01,85.9280,85.9948,84.2673,84.8686,5395600
2025-08-04,85.0499,85.9566,85.0213,85.7371,3385600
2025-08-05,85.8039,86.2239,85.4317,86.1284,3752600
2025-08-06,86.1857,86.2716,85.4222,85.4603,3604600
2025-08-07,85.8994,85.8994,85.1740,85.7085,3345600
2025-08-08,85.8421,85.8898,84.8113,85.0022,3228800
2025-08-11,84.6682,85.0881,84.4105,84.4391,2623500
2025-08-12,84.6968,84.9354,84.0669,84.9163,3240500
2025-08-13,85.0977,85.8421,84.7731,85.7085,3577300
2025-08-14,85.1645,85.3076,84.5536,85.0977,3524500
2025-08-15,85.1072,85.8230,85.0309,85.5844,2399500
2025-08-18,85.5940,85.7276,84.8304,84.8591,2562500
2025-08-19,85.3076,86.3575,85.2217,86.3193,4168400
2025-08-20,86.5293,87.2642,86.3193,86.5675,2931900
2025-08-21,86.1475,86.6248,85.9567,86.3098,2629800
2025-08-22,86.9111,88.4000,86.7584,87.9801,3318700
2025-08-25,87.8178,88.1328,87.4169,87.4742,2968600
2025-08-26,87.4456,87.7224,87.0733,87.2451,2739800
2025-08-27,87.4742,88.0278,87.4074,87.7892,1885400
2025-08-28,87.8178,87.8560,87.0447,87.5601,2525000
2025-08-29,87.6746,88.0660,87.5983,88.0373,2137100
2025-09-02,87.2451,87.3406,86.2716,86.5770,3424400
2025-09-03,86.4148,86.8347,86.2812,86.6248,2505500
2025-09-04,86.8920,87.3310,86.4434,87.2738,3689000
2025-09-05,87.8751,88.6863,87.6460,88.2569,3446100
2025-09-08,87.3692,87.7605,87.0829,87.7414,2880400
2025-09-09,87.4933,87.5696,87.1688,87.5410,2533900
2025-09-10,87.5506,88.0564,87.2547,87.3979,2242800
2025-09-11,87.6460,89.1636,87.5697,88.9918,2671400
2025-09-12,88.9345,89.0872,88.4859,88.5814,2165500
2025-09-15,88.8677,88.9918,88.1805,88.4382,2754600
2025-09-16,88.4286,88.5718,87.7224,87.9705,3260300
2025-09-17,88.2378,89.3163,87.7605,87.8560,4570600
2025-09-18,87.9610,88.4287,87.7510,88.0469,2966000
2025-09-19,88.1614,88.2759,87.4742,87.4742,3076000
2025-09-22,87.5028,87.6842,86.9397,87.4933,3646000
2025-09-23,87.6078,88.1805,87.4933,87.9705,3421200
2025-09-24,87.8954,87.9339,87.0956,87.1052,2709200
2025-09-25,87.0956,87.4425,86.7776,86.8451,4246500
2025-09-26,87.2016,87.8568,87.0089,87.7027,5430800
2025-09-29,87.7990,87.9050,87.3461,87.7316,3155100
2025-09-30,87.7605,88.1555,87.4810,88.0881,3002800
2025-10-01,88.0399,88.5313,87.9243,88.2230,2933500
2025-10-02,88.0303,88.0303,87.2112,87.7605,4186000
2025-10-03,87.8761,88.8011,87.8761,88.0881,2496500
2025-10-06,88.1459,88.1651,87.2305,87.2594,4154400
2025-10-07,87.3269,87.5003,86.5753,86.9414,4546200
2025-10-08,86.5464,86.8162,86.2670,86.4886,3325100
2025-10-09,86.6524,86.7102,85.7948,86.0164,3122700
2025-10-10,86.2573,86.4211,84.8794,84.9180,3996300
2025-10-13,84.9951,85.5443,84.8698,85.4576,2809800
2025-10-14,85.3419,86.4693,85.1685,86.3344,3047700
2025-10-15,86.6331,87.8376,86.5657,87.5870,3026500
2025-10-16,87.7508,88.0977,87.0860,87.2787,3719100
2025-10-17,87.2401,87.9532,86.9704,87.8472,2945200
2025-10-20,88.2615,88.7529,88.0592,88.7337,2036800
2025-10-21,88.6469,89.0805,88.3386,88.4831,2829500
2025-10-22,88.7529,89.0035,88.3482,88.8589,2490400
2025-10-23,88.9553,89.1962,88.0592,88.8011,2687000
2025-10-24,89.4370,89.5430,89.0613,89.0613,2619500
2025-10-27,89.1191,89.3503,88.7240,89.3118,2921900
2025-10-28,89.0998,89.0998,87.4907,87.5581,4635700
2025-10-29,86.9125,87.0667,85.0143,85.3034,5649700
2025-10-30,85.2360,86.2862,84.9854,85.7081,5183100
2025-10-31,85.2745,86.2188,84.9565,85.9297,3982700
2025-11-03,84.9854,85.9008,84.6578,85.8045,4522900
2025-11-04,85.9875,86.0742,85.5250,85.9490,4058700
2025-11-05,86.2188,86.3055,85.5057,86.0261,2885900
2025-11-06,85.9394,86.2862,85.5828,85.6117,3421600
2025-11-07,85.7948,86.9607,85.6985,86.9414,5277800
2025-11-10,86.7391,87.2787,86.3826,86.8933,3398100
2025-11-11,87.2112,87.9339,87.1920,87.8665,3190200
2025-11-12,87.4425,87.8472,87.1823,87.2113,3652300
2025-11-13,86.7487,87.1149,86.0068,86.1417,3734400
2025-11-14,86.3633,86.4693,85.8526,86.3248,3662800
2025-11-17,86.5560,86.5753,85.3709,85.6117,4071900
2025-11-18,85.5732,86.2092,85.3420,85.9586,4281500
2025-11-19,85.9490,86.0453,85.0047,85.2841,4029400
2025-11-20,85.8237,86.3055,84.8987,84.9276,5316600
2025-11-21,85.4287,86.6235,85.1589,86.3055,5770400
2025-11-24,86.3729,86.6620,85.8430,86.5367,3330800
2025-11-25,86.7680,87.7219,86.7680,87.3365,4230300
2025-11-26,87.1341,88.2326,87.0956,87.7219,3298000
2025-11-28,87.6159,88.2615,87.6159,88.0110,1627100
2025-12-01,87.1534,87.5003,86.9414,86.9993,3120800
2025-12-02,87.2209,87.3365,86.4115,86.6909,2736900
2025-12-03,86.5849,87.1245,86.5368,86.9125,3204000
2025-12-04,86.7487,87.2883,86.5946,86.7006,4837500
2025-12-05,86.5464,87.0571,86.4500,86.6042,3859800
2025-12-08,86.6427,86.6427,85.9008,85.9394,3971700
2025-12-09,86.1802,86.7006,85.5828,85.6117,4194000
2025-12-10,85.8815,86.5367,85.7659,85.9201,4633300
2025-12-11,86.1706,86.6427,86.0068,86.2959,5207200
2025-12-12,86.6716,86.9800,85.9779,86.1899,3855900
2025-12-15,86.5464,86.6042,85.8526,86.4597,3914800
2025-12-16,86.3826,86.7006,85.6888,85.8237,3717900
2025-12-17,85.7466,86.4886,85.7370,86.1417,3715300
2025-12-18,86.5656,86.7102,85.5925,85.6888,3818000
2025-12-19,85.4383,85.9201,85.3227,85.3612,4162000
2025-12-22,85.2261,85.9262,85.0608,85.7997,3593800
2025-12-23,85.8386,85.8386,85.4400,85.7414,3955900
2025-12-24,85.7706,86.4512,85.7706,86.3054,2730800
2025-12-26,86.2470,86.4609,86.0137,86.4026,2065600
2025-12-29,86.7721,86.8596,86.3345,86.5776,2604000
2025-12-30,86.6360,86.8013,86.4609,86.7526,2813400
2025-12-31,86.7138,86.7332,86.0039,86.0428,3301700
2026-01-02,85.9262,86.3929,85.4108,86.0720,3524400
2026-01-05,85.8581,86.6068,85.4497,86.2665,5501600
2026-01-06,85.9359,87.1027,85.8386,86.8985,4889800
2026-01-07,87.3847,87.5208,86.0331,86.0526,6668200
2026-01-08,85.6636,87.1513,85.5761,86.8207,5165900
2026-01-09,86.8402,87.5305,86.8402,86.9957,4126100
2026-01-12,87.1027,87.4722,86.8499,87.1124,3342500
2026-01-13,87.1416,87.6667,86.3540,87.5986,3085200
2026-01-14,87.5986,88.3765,87.5208,88.3570,3535400
2026-01-15,88.7751,89.3488,88.5029,88.9696,3845600
2026-01-16,88.8140,90.2531,88.6876,90.0586,4819500
2026-01-20,89.2807,89.5238,88.3278,88.3862,4648700
2026-01-21,89.0085,89.1543,88.0264,88.7362,6140200
2026-01-22,88.8432,89.0863,87.8125,87.8611,3922700
2026-01-23,87.7250,88.1236,87.3944,88.0361,2838200
2026-01-26,88.2792,88.5418,87.8222,87.9195,3004300
2026-01-27,87.8125,88.0750,87.5500,87.8903,3217100
2026-01-28,87.9778,88.1139,86.7721,86.9860,4520400
2026-01-29,87.4916,88.3181,86.9471,88.2014,7283700
2026-01-30,87.9584,88.3084,87.1805,88.2890,4617900
2026-02-02,88.3862,88.6293,87.3361,87.3749,5280500
2026-02-03,87.2680,87.6861,86.6068,87.1805,4821700
2026-02-04,87.7444,88.7946,87.4041,88.4348,3941100
2026-02-05,88.2501,88.8043,87.7444,88.3084,3588500
2026-02-06,88.9988,89.8253,88.8043,89.6989,3638600
2026-02-09,89.6113,90.1559,89.0668,90.0781,3021500
2026-02-10,90.1947,91.5074,90.1753,91.2838,4266300
2026-02-11,91.4685,91.5949,90.6518,90.7782,4425400
2026-02-12,91.8575,92.5186,90.5253,90.6712,7469400
2026-02-13,91.0018,92.3047,90.7198,91.9741,3906800
2026-02-17,92.3145,92.9173,91.7699,92.8492,3614800
2026-02-18,92.5867,92.7228,91.5463,91.7602,4163300
2026-02-19,91.6533,92.1881,91.1963,91.5658,2646600
2026-02-20,91.6824,92.2658,91.5074,92.2561,2840700
2026-02-23,92.1297,92.9951,91.9353,92.2658,3646100
2026-02-24,92.0325,92.6159,91.8672,92.4992,3788500
2026-02-25,92.4020,92.6840,91.8088,92.2464,3297000
2026-02-26,92.5381,93.0340,92.3047,92.8784,3761600
2026-02-27,92.5673,93.5688,92.5478,93.0437,4707900
2026-03-02,92.5673,93.5396,92.0033,93.2771,5477700
2026-03-03,91.7797,93.1021,91.0893,92.7812,4832600
2026-03-04,92.5381,92.9854,91.9158,92.8979,3896700
2026-03-05,91.9547,92.2172,91.2838,91.9644,4637600
2026-03-06,91.1865,91.2254,90.4962,90.9629,4606000
2026-03-09,90.1170,91.4782,89.0182,91.1671,4971400
2026-03-10,90.9046,91.8477,90.4670,91.0310,5106500
2026-03-11,90.5156,90.6906,89.8447,90.0878,4686600
2026-03-12,89.3196,90.1364,89.1154,89.4655,3933900
2026-03-13,90.3406,90.7295,89.5044,89.6113,4063300
2026-03-16,90.5351,91.0699,90.2434,90.3600,3479300
2026-03-17,90.9629,91.4393,90.6906,90.7587,2960900
2026-03-18,90.3989,90.4670,89.3683,89.4169,2838600
2026-03-19,89.0474,89.5335,88.5612,89.0571,4704900
2026-03-20,89.1057,89.1057,85.8873,86.2956,6295400
2026-03-23,87.4041,88.1139,86.9277,86.9666,6256500
2026-03-24,86.4516,87.2476,86.1371,86.3926,3917100
2026-03-25,86.8152,87.0412,85.9209,86.3238,5061200
2026-03-26,86.1470,86.9725,85.7932,86.2059,6108000
2026-03-27,86.0192,86.4713,85.3411,85.4983,4435200
2026-03-30,86.3926,86.9921,85.5377,85.8226,5474800
2026-03-31,86.9430,87.8864,86.1371,87.1690,4928400
2026-04-01,87.1690,87.8176,87.0216,87.4835,4412000
2026-04-02,87.3557,88.7709,86.9135,88.6726,3288900
2026-04-06,88.4072,89.0559,88.1812,88.8003,2537600
2026-04-07,88.5154,89.2426,88.1124,88.9281,3184800
2026-04-08,90.3138,90.6282,89.9600,90.5300,5049600
2026-04-09,90.1369,91.9549,90.0877,91.1786,3845600
2026-04-10,91.1884,91.6699,90.9722,91.3751,2568500
2026-04-13,91.1000,91.7682,90.7757,91.7191,2036000
2026-04-14,91.5913,92.6920,91.4341,92.5937,1921100
2026-04-15,92.3480,92.7117,92.0532,92.6625,2758800
2026-04-16,92.8885,93.5765,92.7510,93.5175,2005200
2026-04-17,93.8516,95.1390,93.7435,95.0113,2584300
2026-04-20,94.8344,95.3552,94.6673,95.3552,2246600
2026-04-21,95.2864,95.3847,93.5273,93.6649,3236100
2026-04-22,93.9499,94.3528,92.5053,92.8885,2708600
2026-04-23,93.2227,93.9106,92.8787,93.8418,3437500
2026-04-24,93.7828,94.3626,93.5765,93.6551,1994300
2026-04-27,93.3111,94.0482,93.0654,93.1441,2521200
2026-04-28,93.4782,94.0875,92.8492,93.9990,2867600
2026-04-29,93.5273,94.1465,92.8787,93.2620,2903100
2026-04-30,93.0458,94.7459,92.9180,94.6673,3730200
2026-05-01,94.9326,95.0407,94.1563,94.4020,3248800
2026-05-04,94.0875,94.6280,93.4389,93.8123,3595200
2026-05-05,93.9990,94.3037,93.3897,94.1071,2536800
2026-05-06,94.7361,95.6894,94.6968,95.4142,3238800
2026-05-07,95.1390,95.4633,94.3135,94.7263,2739700
2026-05-08,95.0014,95.5125,94.9130,94.9523,2186500
2026-05-11,95.2275,95.6402,94.7263,95.0211,3868500
2026-05-12,94.9523,95.2176,94.3135,95.0211,2325100
2026-05-13,94.5690,94.6182,93.7927,94.2349,5047300
2026-05-14,94.5002,94.6771,93.6059,93.6747,2521700
2026-05-15,93.4585,93.4782,92.1613,92.2891,4543700
2026-05-18,92.4168,93.5470,92.4168,93.3701,2766100
2026-05-19,93.3406,93.8811,92.8394,93.6354,2092700
2026-05-20,93.6256,94.8344,93.5077,94.8245,2655000
2026-05-21,94.3823,95.0899,93.8221,95.0014,2493900
2026-05-22,95.2766,95.5518,94.4806,95.0997,3549600
2026-05-26,95.4731,95.8564,95.1390,95.5419,3193000
2026-05-27,95.3749,96.0235,95.2373,95.2471,2509300
2026-05-28,95.0604,95.5616,94.6083,94.8835,2898600
2026-05-29,94.6870,94.7459,93.7337,94.0482,3342700
2026-06-01,93.4880,93.6059,92.4267,92.4660,3953200
2026-06-02,92.5053,92.9868,92.0630,92.8885,2143400
2026-06-03,92.7116,93.6846,92.4660,92.7804,2620300
2026-06-04,93.9204,94.4904,93.3406,94.4413,3786900
2026-06-05,94.1366,95.8368,94.0384,95.1194,3650300
2026-06-08,95.1587,95.4338,93.6944,93.8221,2774600
2026-06-09,94.3528,96.4166,94.3528,95.9842,3446800
2026-06-10,96.2397,96.7114,95.9645,95.9940,3787000
2026-06-11,96.1709,96.6033,95.5223,95.9252,3896700
2026-06-12,96.1709,97.1536,96.1709,96.8097,1985700
2026-06-15,96.8097,97.4386,95.8859,96.1316,3067400
2026-06-16,96.7605,97.0554,96.0628,96.3674,2619900
2026-06-17,96.0431,96.2888,93.6944,93.9597,2859900
2026-06-18,94.6476,94.8344,93.8025,93.9106,2666300
2026-06-22,94.2546,95.3454,93.8418,94.9228,4479200
2026-06-23,95.0899,96.3871,95.0899,96.1709,3173300
2026-06-24,96.4237,96.7211,95.7000,96.1759,4831600
2026-06-25,96.6517,96.7608,95.3431,96.3543,4014600
2026-06-26,96.9789,97.8910,96.7707,97.8216,3884800
2026-06-29,97.5440,97.7125,96.4534,97.3061,3136300
2026-06-30,96.1957,96.5625,95.5215,95.6008,5313100
2026-07-01,95.6901,96.7410,95.6603,95.9875,5198000
2026-07-02,96.5526,97.2168,96.3444,97.1772,3560200
2026-07-06,97.3556,97.3754,96.1263,96.4039,4493400
2026-07-07,96.9690,98.1983,96.8698,97.5539,2809500
2026-07-08,97.3457,97.4250,95.8983,95.9677,6050100
2026-07-09,96.1957,96.7905,95.9181,96.2552,2470000
2026-07-10,96.7707,96.9194,95.7396,96.4832,2539600
2026-07-13,96.7905,97.5242,96.6121,96.9888,3473600
2026-07-14,97.0879,97.3655,96.5328,96.7310,2307500
2026-07-15,97.0582,98.0893,96.6716,97.0185,2325300
2026-07-16,97.2862,99.2690,97.2664,99.2095,3254200
2026-07-17,99.4574,100.2109,98.6643,99.1600,3011800
2026-07-20,98.8626,99.3285,98.2677,98.6246,2178500
2026-07-21,98.8328,98.9518,98.2578,98.6643,2882900
2026-07-22,98.9419,99.0212,97.9901,98.1686,1881800
2026-07-23,97.7918,98.5453,97.5737,97.8414,2044000
2026-07-24,98.6147,100.2902,98.6147,99.9432,3205100
2026-07-27,99.8242,100.2703,99.4673,99.6755,1915100
2026-07-28,100.3992,100.9247,100.0621,100.0820,3292500
2026-07-29,100.1315,100.4389,99.3781,99.7945,3797200
2026-07-30,99.9928,100.1315,97.7324,98.6345,3839500
2026-07-31,98.6048,98.6841,97.5142,98.0992,3529300
2026-08-03,98.1587,98.7832,97.7720,98.2181,3229500
2026-08-04,97.2763,98.2479,96.6121,98.0694,4318800
2026-08-05,98.2875,98.4263,97.2168,98.0694,3314900
2026-08-06,98.7932,98.8031,96.9293,97.1970,2922400
2026-08-07,97.2862,98.0992,97.0285,97.5836,3000200
2026-08-10,96.8996,97.1078,95.9082,96.2750,3343300
2026-08-11,96.0569,96.2155,95.4720,95.5513,3331400
2026-08-12,95.9776,96.5625,95.6702,96.4733,2790900
2026-08-13,96.9690,97.9108,96.9293,97.7324,2587000
2026-08-14,97.7522,98.1587,97.5836,97.9802,2135700
2026-08-17,97.6729,97.6729,96.8698,97.1375,2565100
2026-08-18,97.7324,97.7918,96.7410,96.7806,2655400
2026-08-19,97.3358,97.8017,97.0185,97.7621,2572200
2026-08-20,97.6828,98.2380,97.3358,97.7522,2264600
2026-08-21,98.0397,98.1190,97.3259,97.6530,2895300
2026-08-24,97.8711,98.4660,97.5242,98.2479,2531200
2026-08-25,98.4164,98.5750,97.8711,98.3966,1856400
2026-08-26,98.3966,98.5453,97.7026,97.7621,1715900
2026-08-27,97.2168,97.5638,96.7905,96.8103,1875300
2026-08-28,97.2565,97.3358,96.3246,96.4039,2031400
2026-08-31,96.0866,96.0866,95.1151,95.6108,3329400
2026-09-01,95.7396,96.1263,95.1448,95.4720,3613900
2026-09-02,95.4422,95.6207,94.5797,94.9564,2958800
2026-09-03,95.6504,95.8784,95.1051,95.8289,2828700
2026-09-04,95.3133,95.9577,95.1250,95.1944,4083400
2026-09-08,94.7086,95.7991,94.6888,95.1051,5115500
2026-09-09,94.7681,95.0952,93.9551,94.1237,4112900
2026-09-10,94.1633,94.5202,93.1025,93.3107,3524400
2026-09-11,94.0344,94.3318,93.5784,93.9849,3168100
2026-09-14,93.8857,94.4508,93.1422,93.5189,4405800
2026-09-15,93.4792,93.5189,92.6266,93.2909,4019000
2026-09-16,93.3702,94.1931,92.1607,92.6762,3776100
2026-09-17,93.4594,93.4693,92.8051,93.0034,3103300
2026-09-18,92.3391,92.6465,92.0814,92.1111,3389100
2026-09-21,92.4680,93.1422,92.4482,93.0034,3018100
2026-09-22,93.1025,93.1223,92.6861,92.8150,2955100
2026-09-23,92.0800,92.6100,91.3500,91.4500,5415800
2026-09-24,91.7900,91.9400,91.1200,91.1700,5787500
2026-09-25,91.5500,91.5500,90.4600,90.9900,6148800
