date,o,h,l,c,v
2018-06-19,45.8127,46.1445,45.7021,46.0523,16600
2018-06-20,46.5040,46.9087,46.5040,46.6239,190000
2018-06-21,46.7990,46.8727,46.2736,46.3381,428700
2018-06-22,46.6331,46.6515,46.2643,46.5409,181500
2018-06-25,46.3012,46.3012,45.1812,45.5822,2509600
2018-06-26,45.8311,45.8864,45.4900,45.6578,104000
2018-06-27,45.9233,46.0892,45.2596,45.2596,144900
2018-06-28,45.2596,45.8956,45.1398,45.7113,336500
2018-06-29,45.9048,45.9417,45.5546,45.6560,152300
2018-07-02,45.2688,45.9417,45.1121,45.9417,321300
2018-07-03,46.0892,46.0892,45.3416,45.3794,97500
2018-07-05,45.7113,46.0892,45.4716,46.0708,324900
2018-07-06,46.2183,46.8414,46.0247,46.7990,199800
2018-07-09,47.1953,47.1953,46.6884,47.0663,118100
2018-07-10,47.2046,47.2046,46.8912,47.0469,1153200
2018-07-11,46.7345,47.2230,46.6884,46.9833,227500
2018-07-12,47.2875,47.7208,47.1400,47.7208,361400
2018-07-13,47.7300,47.7484,47.4249,47.6470,80100
2018-07-16,47.7300,47.7300,47.4258,47.5088,200700
2018-07-17,46.8359,47.6378,46.7529,47.5180,172600
2018-07-18,47.5548,47.5641,47.2230,47.3797,147800
2018-07-19,47.4074,47.4442,47.0165,47.0479,258400
2018-07-20,47.0571,47.1824,46.8635,46.8911,158400
2018-07-23,46.9465,47.1032,46.6884,47.0847,94800
2018-07-24,48.0342,48.0342,47.1585,47.4166,211200
2018-07-25,47.4995,47.8176,47.3613,47.7576,604300
2018-07-26,45.8588,46.1076,45.6928,45.9565,833400
2018-07-27,45.8772,45.9325,44.8337,45.0845,1111200
2018-07-30,45.1858,45.1858,44.1249,44.3747,251300
2018-07-31,44.5867,44.9554,44.3747,44.6697,1211400
2018-08-01,44.7618,44.9637,44.3553,44.4853,1250400
2018-08-02,44.3286,44.8540,44.1535,44.7803,190700
2018-08-03,44.3286,45.1029,44.3286,45.0845,117200
2018-08-06,45.0845,45.5454,45.0015,45.5361,110200
2018-08-07,45.7942,45.9039,45.5546,45.5914,128800
2018-08-08,45.6744,45.7205,45.4974,45.5546,114200
2018-08-09,45.5914,45.9832,45.5914,45.8034,306400
2018-08-10,45.6560,45.6560,45.3057,45.4163,177600
2018-08-13,45.4716,45.7297,45.3241,45.3518,261000
2018-08-14,45.5730,45.7481,45.2688,45.6744,189800
2018-08-15,45.3886,45.4439,44.6973,45.0384,555100
2018-08-16,45.3426,45.3840,44.9462,45.0199,177600
2018-08-17,44.8540,44.9923,44.6143,44.8079,226900
2018-08-20,45.0291,45.0291,44.5876,44.8817,145800
2018-08-21,45.1213,45.3794,44.9923,45.1582,384900
2018-08-22,45.0291,45.1951,44.9370,45.1029,501900
2018-08-23,45.0568,45.3241,44.9093,44.9185,283700
2018-08-24,45.1305,45.5730,45.0568,45.5730,330900
2018-08-27,45.8588,46.1067,45.7767,46.0155,299200
2018-08-28,46.1445,46.1445,45.7491,45.8127,150200
2018-08-29,45.9325,46.1076,45.7850,46.0708,270900
2018-08-30,45.9141,46.1215,45.6099,45.7850,344400
2018-08-31,45.7389,45.7389,45.2061,45.3333,235000
2018-09-04,45.2135,45.2135,44.6143,44.7710,343700
2018-09-05,44.7250,44.7250,44.0244,44.1903,773600
2018-09-06,44.1627,44.2272,43.4805,43.8585,599600
2018-09-07,43.5819,44.1995,43.5359,43.9507,755700
2018-09-10,44.2272,44.2272,43.8391,44.0429,310900
2018-09-11,43.9875,44.5775,43.9322,44.4853,615700
2018-09-12,44.3655,44.4761,44.1074,44.3562,713300
2018-09-13,44.5314,44.7250,44.4392,44.6697,754500
2018-09-14,44.8356,44.8356,44.4761,44.5867,1190800
2018-09-17,44.6328,44.6328,44.1166,44.1535,810800
2018-09-18,44.1995,44.6236,44.1535,44.4669,430100
2018-09-19,44.5130,44.6328,44.2364,44.5867,2385200
2018-09-20,44.9554,45.1213,44.7250,45.0752,4554200
2018-09-21,45.3082,45.3266,44.7536,44.8737,7974600
2018-09-24,44.5595,44.9384,44.3746,44.8737,6769400
2018-09-25,44.8645,44.9662,44.5965,44.8922,3994500
2018-09-26,44.9662,45.5207,44.9200,45.0678,5688600
2018-09-27,45.3451,45.7795,45.1880,45.4560,3649400
2018-09-28,45.3544,45.4006,45.1030,45.2897,2306600
2018-10-01,45.4468,45.4930,44.8922,45.1048,7636900
2018-10-02,45.0771,45.2555,44.9015,45.0678,5823500
2018-10-03,45.3174,45.4653,45.1510,45.2712,5146200
2018-10-04,45.2250,45.2250,44.2452,44.6242,5292200
2018-10-05,44.6889,44.8553,43.8848,44.1990,2648400
2018-10-08,43.9957,44.2083,43.4504,44.0511,2170000
2018-10-09,44.0511,44.4763,43.9680,44.0234,1991400
2018-10-10,43.9310,43.9402,42.2488,42.2858,4050700
2018-10-11,42.2026,42.7664,41.5278,41.9253,8840700
2018-10-12,42.9235,42.9790,42.1379,42.8588,5877600
2018-10-15,42.7109,43.1453,42.5168,42.6924,1576900
2018-10-16,43.1546,43.9079,43.0806,43.8201,3707300
2018-10-17,44.1251,44.1251,43.5428,43.9957,4571000
2018-10-18,43.8940,43.8940,42.8653,43.1916,21297200
2018-10-19,43.4411,43.8201,43.0160,43.1823,3544400
2018-10-22,43.4319,43.5520,42.9882,43.1546,2711700
2018-10-23,42.5446,43.2470,42.1823,43.0622,2779600
2018-10-24,43.0529,43.0529,40.9640,41.0103,3552300
2018-10-25,41.7497,42.6555,41.7497,42.3690,3391700
2018-10-26,41.0657,42.1471,40.7053,41.2229,5229100
2018-10-29,41.8698,42.1471,39.8087,40.5851,3491000
2018-10-30,40.5204,41.7497,40.3586,41.6942,6283600
2018-10-31,42.5076,43.0252,42.3227,42.5538,3577200
2018-11-01,42.6924,42.8958,42.2765,42.8034,2550000
2018-11-02,42.9328,43.2082,42.0917,42.3690,2628600
2018-11-05,42.4521,42.4521,41.8883,42.1933,2439500
2018-11-06,42.2396,42.6832,42.1194,42.4429,2040300
2018-11-07,42.8773,43.2470,42.6740,43.2193,2705800
2018-11-08,43.2470,43.2470,42.5630,42.8126,1295700
2018-11-09,42.2765,42.4336,41.6018,41.9345,2234500
2018-11-12,41.8883,41.9345,41.1304,41.3060,1203700
2018-11-13,41.4909,41.8606,41.0934,41.1766,2186100
2018-11-14,41.6203,41.7312,41.0472,41.3800,2137500
2018-11-15,41.1859,41.7589,40.7940,41.6850,3864100
2018-11-16,41.4447,41.6388,41.0842,41.4816,2092100
2018-11-19,41.3430,41.3707,40.1045,40.2246,2358000
2018-11-20,39.5037,40.1322,39.1709,39.6978,5028200
2018-11-21,40.1045,40.5389,40.0398,40.1692,3187400
2018-11-23,39.9196,40.0490,39.6423,39.6423,667100
2018-11-26,40.1045,40.5574,40.0028,40.5481,2563700
2018-11-27,40.4095,40.8069,40.2339,40.6775,2114400
2018-11-28,40.8901,41.5278,40.4187,41.5278,2707400
2018-11-29,41.3060,41.8745,41.1628,41.6665,2247700
2018-11-30,41.7404,41.7404,41.2598,41.6018,5563500
2018-12-03,42.4983,42.4983,41.5001,41.6665,5790400
2018-12-04,41.5926,41.8329,40.3448,40.4372,3268000
2018-12-06,39.8364,40.8901,39.7163,40.8901,3560400
2018-12-07,40.7515,41.0842,39.9381,40.1137,2625800
2018-12-10,40.2246,40.6128,39.6580,40.4187,3379500
2018-12-11,40.9086,41.0010,40.2339,40.4557,4425900
2018-12-12,40.8346,41.4354,40.8346,40.8901,3352600
2018-12-13,41.0195,41.1674,40.4464,40.7052,1984100
2018-12-14,40.2893,40.7977,40.2246,40.3078,1910800
2018-12-17,40.1599,40.5204,39.2264,39.5222,3275000
2018-12-18,39.7348,40.1322,39.4667,39.6978,3597400
2018-12-19,39.6423,40.2708,38.6256,38.8474,5714100
2018-12-20,38.6164,39.0138,37.6801,38.1635,9067000
2018-12-21,38.2599,38.5845,36.6279,36.9154,7987400
2018-12-24,36.6557,37.2399,36.1364,36.1364,3888500
2018-12-26,36.4146,38.1857,36.2023,38.1672,4104000
2018-12-27,37.6386,38.3434,36.8597,38.3434,3768600
2018-12-28,38.4917,38.7977,37.9817,38.2228,2631900
2018-12-31,38.5196,38.6494,37.7963,38.2785,5303600
2019-01-02,37.6479,38.9786,37.5737,38.7885,4625800
2019-01-03,38.5381,38.8348,38.0745,38.1394,3433700
2019-01-04,38.7699,39.8827,38.6401,39.7807,2647900
2019-01-07,39.8270,40.4020,39.6972,40.2351,4048400
2019-01-08,40.6245,40.9676,40.3278,40.9120,2144800
2019-01-09,41.0418,41.0696,40.6060,40.9676,1840800
2019-01-10,40.7914,41.1067,40.4854,41.0510,1340500
2019-01-11,40.7914,40.9120,40.4854,40.8471,1227900
2019-01-14,40.5781,40.8582,40.3834,40.6987,2344900
2019-01-15,40.9027,41.4683,40.8285,41.3756,2459700
2019-01-16,41.4220,41.5240,41.1438,41.1994,20343800
2019-01-17,41.1067,41.4776,40.9769,41.3663,3311000
2019-01-18,41.6723,41.9830,41.5054,41.7002,3375800
2019-01-22,41.4127,41.4683,40.5781,40.8378,4343200
2019-01-23,41.0696,41.1438,40.2814,40.6523,2540500
2019-01-24,40.6338,40.8841,40.4205,40.8378,2878700
2019-01-25,41.1994,41.4869,41.1253,41.3571,3341100
2019-01-28,40.9676,41.0511,40.6347,40.9954,4328200
2019-01-29,40.9676,40.9769,40.3834,40.5132,1138100
2019-01-30,40.7543,41.1753,40.3463,41.0974,2578000
2019-01-31,42.1916,42.9520,42.1082,42.7758,4798700
2019-02-01,42.6831,42.9891,42.5718,42.6274,4395100
2019-02-04,42.6645,43.0262,42.5255,43.0262,3703100
2019-02-05,42.9891,43.5362,42.9613,43.4991,2388600
2019-02-06,43.1467,43.1467,42.4327,42.5254,3748900
2019-02-07,42.1453,42.2742,41.6631,42.1174,2341500
2019-02-08,41.8207,42.4049,41.7836,42.4049,2600400
2019-02-11,42.5811,42.6738,41.9413,41.9691,2061100
2019-02-12,42.3678,42.5996,42.3493,42.4513,2442900
2019-02-13,42.6275,42.8129,42.4420,42.4791,3620700
2019-02-14,42.2565,42.8296,42.0804,42.6367,2103300
2019-02-15,42.9335,42.9335,42.5996,42.8222,2283500
2019-02-19,42.7016,43.0262,42.6367,42.8685,4218800
2019-02-20,42.9149,43.0076,42.4884,42.7202,3566300
2019-02-21,42.6182,42.6441,42.1638,42.3214,2631200
2019-02-22,42.4976,42.7387,42.3956,42.7202,4005400
2019-02-25,42.9705,43.0308,42.7294,42.7665,2410800
2019-02-26,42.6367,42.9650,42.5162,42.7665,4704600
2019-02-27,42.5718,42.7295,42.2473,42.5533,4009800
2019-02-28,42.5162,42.7202,42.4791,42.5811,2374200
2019-03-01,42.8593,42.9335,42.6645,42.9149,7114200
2019-03-04,43.1282,43.2395,42.4188,42.9705,2906600
2019-03-05,42.9798,43.3600,42.7665,43.2394,2805900
2019-03-06,43.3136,43.4045,43.0911,43.2209,6131600
2019-03-07,43.1653,43.1653,42.6275,42.8407,3377700
2019-03-08,42.3771,42.8407,42.2473,42.8129,2566500
2019-03-11,42.9242,43.5918,42.9242,43.5826,3594000
2019-03-12,43.6660,43.9071,43.6475,43.7773,8112500
2019-03-13,43.9349,44.0740,43.7680,43.9071,3486900
2019-03-14,43.7680,43.8607,43.5825,43.7124,3539800
2019-03-15,43.7709,43.8081,43.4337,43.6780,6868900
2019-03-18,43.4922,43.5387,43.2089,43.3064,2807200
2019-03-19,43.4736,43.7244,43.2089,43.3807,3570800
2019-03-20,43.3808,43.9009,43.2228,43.7709,7390700
2019-03-21,43.6315,44.3812,43.5944,44.3468,3183200
2019-03-22,44.1425,44.3255,43.5015,43.6316,5174600
2019-03-25,43.5108,43.7709,43.2786,43.5572,2408500
2019-03-26,43.7802,44.1611,43.5758,43.7709,2488600
2019-03-27,43.8266,43.9195,43.2228,43.4551,2465700
2019-03-28,43.4179,43.4736,43.1392,43.3529,1891100
2019-03-29,43.5851,43.6223,43.1021,43.4458,2542900
2019-04-01,43.7802,44.1425,43.7802,44.1053,4249700
2019-04-02,44.2354,44.4026,44.0839,44.3375,3323300
2019-04-03,44.5419,44.8949,44.4119,44.5047,2303600
2019-04-04,44.6905,44.9125,44.5326,44.7556,2788100
2019-04-05,44.9135,44.9228,44.7463,44.8856,2379700
2019-04-08,44.8299,44.8485,44.5791,44.8020,2340500
2019-04-09,44.6998,44.9971,44.6905,44.9228,4872800
2019-04-10,45.0250,45.1457,44.8670,45.1178,2265200
2019-04-11,45.2014,45.2572,45.0668,45.1457,2115300
2019-04-12,45.4894,45.5730,45.3269,45.5359,4894100
2019-04-15,45.5451,45.5777,45.2293,45.4987,2345700
2019-04-16,45.6288,45.6752,45.3687,45.5451,2157000
2019-04-17,45.7216,45.7449,45.5266,45.6287,2826000
2019-04-18,45.7495,45.7495,45.5266,45.6566,1755100
2019-04-22,45.5637,45.8610,45.5191,45.8610,2126800
2019-04-23,46.1025,46.5855,45.9910,46.4741,3929800
2019-04-24,46.4834,46.4926,46.1861,46.2604,3311500
2019-04-25,47.0593,47.0686,46.6320,46.7806,3064600
2019-04-26,46.9014,47.1708,46.6599,47.1522,2076600
2019-04-29,47.2544,47.6910,47.2544,47.5795,1340700
2019-04-30,46.7063,46.8364,46.3394,46.5112,3197100
2019-05-01,46.7063,46.7945,46.2651,46.2697,4262700
2019-05-02,46.3069,46.4183,45.6938,46.0839,4680800
2019-05-03,46.3254,46.5577,46.1536,46.5298,2050400
2019-05-06,45.7681,46.5298,45.7588,46.4555,3159800
2019-05-07,46.1861,46.2883,45.3408,45.7031,4342100
2019-05-08,45.7216,45.8981,45.5823,45.6287,3453500
2019-05-09,45.2665,45.6566,45.0157,45.4894,4241500
2019-05-10,45.3965,45.7848,44.7463,45.6194,2900500
2019-05-13,44.6998,44.9785,44.0774,44.2075,8211000
2019-05-14,44.4676,44.8485,44.1610,44.4583,5332000
2019-05-15,44.2261,45.5916,44.2261,45.4523,7292700
2019-05-16,45.4801,46.0839,45.4077,45.8517,4627100
2019-05-17,45.4615,45.9910,45.4058,45.5173,3662800
2019-05-20,45.0528,45.1271,44.6441,44.7649,3854100
2019-05-21,45.1271,45.3408,44.9413,45.2572,3023900
2019-05-22,45.1178,45.5080,45.1178,45.2107,2793700
2019-05-23,44.7556,44.8856,44.3190,44.5791,2570200
2019-05-24,44.8392,44.9785,44.5419,44.5698,3442300
2019-05-28,44.7556,45.1550,44.7184,44.7649,2793400
2019-05-29,44.5791,44.6348,44.1285,44.3283,2512500
2019-05-30,44.4211,44.5577,44.1982,44.4304,2520600
2019-05-31,43.9102,44.0180,43.6780,43.7430,2484800
2019-06-03,43.3157,43.3157,42.0895,42.3682,7155200
2019-06-04,42.7212,43.2786,42.4240,43.2786,7110700
2019-06-05,43.3993,43.3993,42.8884,43.2971,5526400
2019-06-06,43.3807,43.5572,43.1476,43.4829,3175900
2019-06-07,43.6687,44.3375,43.6316,44.1889,3345600
2019-06-10,44.4676,44.6255,44.0867,44.1518,5163000
2019-06-11,44.6348,44.7463,44.2837,44.3375,2869800
2019-06-12,44.3190,44.4955,43.9613,44.1239,2459400
2019-06-13,44.2632,44.6348,44.1610,44.6162,6500400
2019-06-14,44.6905,44.8299,44.5326,44.6998,2734900
2019-06-17,44.8670,45.3222,44.8299,45.2107,4248700
2019-06-18,45.8238,46.0468,45.3965,45.4615,3843500
2019-06-19,45.4615,45.5823,45.1457,45.5173,3319400
2019-06-20,46.0839,46.1062,45.4801,45.8052,3340000
2019-06-21,45.7289,46.0734,45.6823,45.9989,10006600
2019-06-24,46.0827,46.2038,45.9244,46.1107,5236900
2019-06-25,46.0920,46.0920,45.1655,45.2540,2431900
2019-06-26,45.3937,45.5892,44.9933,45.0771,2380900
2019-06-27,45.3844,45.4775,45.1795,45.3937,1984700
2019-06-28,45.5147,45.8686,45.3657,45.8313,6084800
2019-07-01,46.3435,46.4552,46.0269,46.2038,2851800
2019-07-02,46.2224,46.6600,46.2224,46.6321,2336600
2019-07-03,46.7532,46.9860,46.6600,46.8742,1260700
2019-07-05,46.7345,47.0046,46.4272,46.9394,3006100
2019-07-08,46.7532,46.7578,46.4086,46.5204,1152800
2019-07-09,46.3528,46.8835,46.2876,46.8090,1714900
2019-07-10,47.1163,47.3910,46.9301,47.3398,2294400
2019-07-11,47.4422,47.5540,47.1722,47.3677,5463100
2019-07-12,47.3584,47.7216,47.2839,47.7123,2621800
2019-07-15,47.7402,47.7774,47.4608,47.7216,4075900
2019-07-16,47.7495,47.8147,47.5260,47.6098,2540800
2019-07-17,47.6284,47.6936,47.1629,47.1629,4760700
2019-07-18,46.7252,46.8556,46.4133,46.7811,1813800
2019-07-19,46.9766,46.9766,46.1386,46.1758,1979600
2019-07-22,46.3155,46.3714,46.0501,46.3528,2391500
2019-07-23,46.5017,46.5390,46.0920,46.5297,2624700
2019-07-24,46.1851,46.9859,46.1479,46.9394,1840700
2019-07-25,47.0139,47.1535,46.5390,46.8183,2192600
2019-07-26,47.6471,48.2989,47.6191,48.1592,5049700
2019-07-29,48.0847,48.0847,47.6471,47.8892,2582300
2019-07-30,47.5912,47.8594,47.5260,47.6657,2095800
2019-07-31,47.6936,47.9636,46.8742,47.2839,2090800
2019-08-01,47.4143,48.0475,46.8658,47.0604,4095700
2019-08-02,46.8276,46.9580,46.3248,46.6042,4656200
2019-08-05,45.7103,45.8686,44.6674,45.0957,6247900
2019-08-06,45.5892,45.9803,45.3285,45.7475,6548200
2019-08-07,45.2074,45.9105,44.8480,45.8034,3323300
2019-08-08,46.1758,46.7345,45.9244,46.7252,2456700
2019-08-09,46.4459,46.6321,45.9151,46.2038,1837100
2019-08-12,45.9803,46.0268,45.5147,45.7103,2329400
2019-08-13,45.6637,46.8276,45.6078,46.3807,4091700
2019-08-14,45.7289,45.7661,44.6674,44.7326,4532700
2019-08-15,44.8815,45.0398,44.4905,44.8070,3998600
2019-08-16,45.1795,45.4589,45.0491,45.3844,2499600
2019-08-19,45.9151,46.2876,45.8779,46.0920,2163500
2019-08-20,45.9337,46.1014,45.6823,45.7848,2156600
2019-08-21,46.0920,46.1758,45.9058,45.9617,2792300
2019-08-22,46.0734,46.1619,45.4402,45.8593,1649100
2019-08-23,45.6265,45.9803,44.4486,44.6022,4020300
2019-08-26,45.0212,45.2819,44.7884,45.2726,3155300
2019-08-27,45.7196,45.7848,45.2168,45.3564,3139100
2019-08-28,45.1702,45.5333,44.9840,45.4682,2088900
2019-08-29,45.9431,46.3155,45.8313,46.1758,2169000
2019-08-30,46.3807,46.4273,45.8965,46.1200,3045500
2019-09-03,45.8034,46.1060,45.5427,45.6637,3122100
2019-09-04,46.1107,46.6321,46.0501,46.5483,1865900
2019-09-05,47.0046,47.3910,46.9208,47.3398,3624600
2019-09-06,47.3491,47.4236,47.1535,47.2373,3445400
2019-09-09,47.4888,47.6750,47.1256,47.3863,6421800
2019-09-10,47.2094,47.5726,47.1489,47.4515,3638500
2019-09-11,47.4888,47.7774,47.4422,47.7029,6274100
2019-09-12,47.9916,48.0940,47.7784,47.8426,4014500
2019-09-13,47.8426,47.9543,47.6564,47.7588,3569400
2019-09-16,47.4795,47.7029,47.3956,47.5819,2527600
2019-09-17,47.5726,47.6378,47.3119,47.6285,4556200
2019-09-18,47.5540,47.6284,47.0604,47.5726,1741500
2019-09-19,47.6657,47.8985,47.4795,47.6191,2357900
2019-09-20,47.7115,47.7115,47.0489,47.3102,6357900
2019-09-23,47.1515,47.2729,46.9089,47.1422,2177300
2019-09-24,47.3102,47.3195,46.1809,46.4329,5371100
2019-09-25,46.4049,47.0489,46.0876,46.9649,2181200
2019-09-26,46.8622,46.8622,46.1762,46.5075,1793800
2019-09-27,46.5915,46.6009,45.6302,45.9849,1852900
2019-09-30,46.0782,46.2975,45.9905,46.2182,2466600
2019-10-01,46.3395,46.4702,45.6769,45.7515,2758700
2019-10-02,45.3969,45.4435,44.8649,45.0609,4405500
2019-10-03,45.0982,45.5369,44.5382,45.4995,6945800
2019-10-04,45.6675,46.1809,45.5835,46.1155,1920200
2019-10-07,45.9942,46.4142,45.8635,46.1155,1365500
2019-10-08,45.8075,45.9289,45.3689,45.3689,2431400
2019-10-09,45.6489,45.8075,45.4949,45.6395,4070600
2019-10-10,45.5835,46.0782,45.5275,45.9009,3093400
2019-10-11,46.3395,46.8529,46.3302,46.4422,4104900
2019-10-14,46.3955,46.4562,46.2275,46.3395,1246200
2019-10-15,46.4142,47.2355,46.3489,47.1329,2105200
2019-10-16,47.0209,47.2729,46.9929,47.2169,2285200
2019-10-17,47.5902,47.6089,47.3195,47.4969,2037200
2019-10-18,47.3755,47.5202,46.6849,46.9462,1958200
2019-10-21,47.1422,47.3317,47.0890,47.2262,1425400
2019-10-22,47.3009,47.3475,46.7455,46.7689,2433600
2019-10-23,46.7595,47.1795,46.7595,47.1329,1958500
2019-10-24,46.8902,46.8995,46.4422,46.6009,2444800
2019-10-25,46.6662,47.2075,46.5729,46.9649,1210800
2019-10-28,47.2075,47.5435,47.1702,47.4035,2882900
2019-10-29,47.3102,47.3849,46.8902,46.9742,1788600
2019-10-30,47.0862,47.2355,46.7549,47.1049,3900600
2019-10-31,47.4502,47.4502,46.8249,47.2449,4059900
2019-11-01,47.5155,47.5622,47.1889,47.5529,3450700
2019-11-04,47.7115,47.8935,47.6275,47.8142,4650500
2019-11-05,47.8515,47.9449,47.7395,47.8329,1886900
2019-11-06,47.8329,47.8515,47.4502,47.6649,2288300
2019-11-07,47.8609,48.2995,47.7862,47.9635,1976200
2019-11-08,47.9542,48.2435,47.8889,48.0942,1537500
2019-11-11,47.8329,47.9355,47.7489,47.8702,1133400
2019-11-12,47.9169,48.0942,47.7955,47.9262,6801000
2019-11-13,47.8142,48.0242,47.7115,47.9075,1471400
2019-11-14,47.8795,48.2155,47.8142,48.1222,1526200
2019-11-15,48.3835,48.5422,48.2249,48.5235,2798500
2019-11-18,48.4489,48.7755,48.1875,48.6915,1833000
2019-11-19,48.8315,48.8315,48.4768,48.7195,2134400
2019-11-20,48.4955,48.6635,48.0475,48.4208,2428600
2019-11-21,48.4675,48.7195,48.2855,48.5515,1374400
2019-11-22,48.6355,48.6635,48.3555,48.5702,1623200
2019-11-25,48.7288,48.7802,48.6168,48.7195,2358700
2019-11-26,48.8222,48.8968,48.6449,48.8782,2146600
2019-11-27,49.0275,49.2795,48.9528,49.2235,3416700
2019-11-29,49.1115,49.2329,49.0089,49.0555,2396400
2019-12-02,49.1022,49.1862,48.2995,48.5889,4503300
2019-12-03,48.1222,48.5375,47.8795,48.4955,3795500
2019-12-04,48.7662,48.9109,48.6075,48.7475,4519600
2019-12-05,48.9622,48.9715,48.6355,48.9528,3688600
2019-12-06,49.2795,49.3075,49.1209,49.2422,4971800
2019-12-09,49.1582,49.5128,49.0369,49.0555,3016100
2019-12-10,49.0368,49.0835,48.7568,48.8875,6432200
2019-12-11,48.9995,49.1488,48.9248,49.1115,1436500
2019-12-12,49.1302,49.5222,48.9062,49.1675,2866800
2019-12-13,49.1582,49.2655,48.8455,49.0555,2834400
2019-12-16,49.3262,49.6062,49.3262,49.5408,5780800
2019-12-17,49.5408,49.6622,49.4102,49.4942,3222500
2019-12-18,49.6622,49.9991,49.6062,49.8302,1862800
2019-12-19,49.8675,50.2875,49.8675,50.2875,1873000
2019-12-20,50.5560,50.5887,50.1818,50.4437,3109700
2019-12-23,50.5840,50.6448,50.2800,50.3128,3248600
2019-12-24,50.3689,50.4063,50.2613,50.3034,891200
2019-12-26,50.3689,50.6869,50.3689,50.6869,830200
2019-12-27,50.8085,50.8366,50.4905,50.5934,3205000
2019-12-30,50.6121,50.6121,50.0134,50.0696,2141300
2019-12-31,49.9854,50.2286,49.9293,50.1631,2049700
2020-01-02,50.4811,50.7524,50.2660,50.7524,6379500
2020-01-03,50.2005,50.6963,50.0976,50.4250,2351400
2020-01-06,50.1444,51.1359,50.1350,51.0985,2535900
2020-01-07,51.1546,51.3604,50.9862,51.1639,2642800
2020-01-08,51.1920,51.7859,51.1265,51.5287,4161200
2020-01-09,51.9403,51.9637,51.5334,51.8000,2297100
2020-01-10,51.9964,51.9964,51.5194,51.5942,1941800
2020-01-13,51.8374,52.1086,51.6129,52.0806,2854000
2020-01-14,52.0712,52.1788,51.8842,51.9496,2909600
2020-01-15,52.0806,52.3051,51.9992,52.2022,2136800
2020-01-16,52.4267,52.6044,52.2583,52.6044,2031600
2020-01-17,52.8289,53.0300,52.6605,53.0159,6103700
2020-01-21,52.9224,53.0590,52.6979,52.9692,3182000
2020-01-22,53.1936,53.2264,52.8850,52.9411,4542800
2020-01-23,52.8476,52.8756,52.5763,52.7260,1985600
2020-01-24,52.8569,52.8569,51.8467,52.0899,3175800
2020-01-27,51.1171,51.4726,50.9862,51.2762,5708800
2020-01-28,51.6035,52.0759,51.3604,51.8654,6526600
2020-01-29,52.1554,52.1554,51.5942,51.7813,5983800
2020-01-30,50.6121,51.2855,50.4849,51.2575,3163200
2020-01-31,51.2575,51.2575,50.3128,50.4250,3635500
2020-02-03,50.8366,51.2668,50.8366,51.0236,5905700
2020-02-04,51.2294,51.5858,50.8272,51.5568,3504000
2020-02-05,52.0057,52.0525,51.3697,51.6410,3771700
2020-02-06,51.8935,52.3752,51.8935,52.2863,1998100
2020-02-07,52.1180,52.4360,51.9590,52.2489,2698600
2020-02-10,52.1274,52.5670,52.0899,52.5576,4420500
2020-02-11,52.8289,52.9037,52.4360,52.5015,1703300
2020-02-12,52.7634,53.2591,52.7447,53.1843,1730200
2020-02-13,52.8850,53.3947,52.7634,53.1936,2761600
2020-02-14,53.2404,53.3433,53.0393,53.2591,2111700
2020-02-18,53.1469,53.7221,53.1375,53.6146,2952900
2020-02-19,53.8110,54.0167,53.6052,53.8577,4301800
2020-02-20,53.6239,53.6660,52.8101,53.3059,2939000
2020-02-21,53.0627,53.1469,52.3425,52.4921,2927400
2020-02-24,50.8833,51.2388,50.3689,50.7337,5297200
2020-02-25,50.9114,51.1265,49.2839,49.3774,13048800
2020-02-26,49.6674,50.2856,49.0126,49.2839,6991500
2020-02-27,48.3392,49.0220,47.3383,47.3383,8635300
2020-02-28,46.0195,47.5628,45.8698,47.4786,17880300
2020-03-02,47.9744,49.1249,47.1793,49.1249,7324000
2020-03-03,49.1903,49.7702,47.2167,47.5067,9167600
2020-03-04,48.3205,49.2465,47.8621,49.2184,3398100
2020-03-05,48.1147,48.4140,47.0671,47.4225,4009100
2020-03-06,45.9072,46.8426,45.4770,46.5994,6736400
2020-03-09,43.5408,45.0841,42.0910,43.4940,6080000
2020-03-10,44.9532,45.7295,43.3818,45.7108,5108100
2020-03-11,44.6071,44.8316,43.1012,43.7466,5854600
2020-03-12,40.9311,42.4558,38.3963,39.6404,9472200
2020-03-13,42.1003,43.2602,39.8742,43.2040,7604700
2020-03-16,36.9559,40.8657,36.5817,38.3309,19813500
2020-03-17,39.0978,40.6505,37.5545,39.9958,14016600
2020-03-18,37.6948,38.9949,36.1795,38.6676,18094800
2020-03-19,38.3589,40.7067,37.6013,39.3598,14289200
2020-03-20,40.0987,40.1455,37.4610,37.6200,10077800
2020-03-23,37.5290,38.6171,36.6098,37.8198,15113800
2020-03-24,39.6958,40.1460,38.8985,40.1460,6497900
2020-03-25,40.0147,41.2247,38.8516,39.5269,5291400
2020-03-26,39.8458,41.9563,39.7427,41.7781,4691000
2020-03-27,40.5962,41.2106,39.9490,40.1085,3378100
2020-03-30,40.4837,41.7124,40.0428,41.5717,3025600
2020-03-31,41.5624,42.2424,41.2237,41.4967,4777200
2020-04-01,40.2867,40.7557,39.4706,39.8458,5481200
2020-04-02,39.6770,40.6056,39.6207,40.3524,4537200
2020-04-03,40.2773,40.4368,39.0110,39.5363,3071800
2020-04-06,41.0183,42.3690,40.7838,42.1439,3294700
2020-04-07,43.4383,43.5697,42.3221,42.4535,3694300
2020-04-08,42.9224,43.5603,42.4816,43.3633,2628200
2020-04-09,43.8980,44.1418,43.2226,43.6822,3256500
2020-04-13,43.5697,43.8323,42.7348,43.7479,2606200
2020-04-14,44.6577,45.3481,44.3857,45.0423,5554200
2020-04-15,44.2544,44.9954,44.0668,44.6202,1969100
2020-04-16,44.9485,44.9485,44.1606,44.7984,2475600
2020-04-17,45.5863,45.5863,44.7984,45.4081,3348400
2020-04-20,44.9860,45.5488,44.8359,44.9954,1948500
2020-04-21,44.4138,44.4945,43.2601,43.5790,4167700
2020-04-22,44.7234,45.0798,44.3013,44.7515,2151700
2020-04-23,44.9673,45.6145,44.8172,45.0704,2486900
2020-04-24,44.9766,45.6708,44.5546,45.6426,2693000
2020-04-27,46.0928,46.2429,45.8818,46.0178,2022300
2020-04-28,46.4868,46.4868,45.1080,45.1830,2583000
2020-04-29,46.8057,47.8000,46.7119,47.3685,3551600
2020-04-30,47.3967,47.6968,46.7607,47.1622,3663100
2020-05-01,46.6650,47.1903,46.1182,46.5056,2793500
2020-05-04,46.2148,46.8432,45.9615,46.7776,3721800
2020-05-05,47.1622,47.5561,46.9277,47.0215,2261500
2020-05-06,47.4060,47.4905,46.8714,46.8901,2486000
2020-05-07,47.5842,47.9501,47.4248,47.7718,3207200
2020-05-08,48.3534,48.7098,48.0720,48.6442,4640700
2020-05-11,48.3440,49.0100,48.2352,48.6723,2269700
2020-05-12,48.8224,48.9068,47.7156,47.7249,13806400
2020-05-13,47.6968,47.8281,46.2711,46.9089,4338800
2020-05-14,46.5150,47.4154,46.0159,47.4154,3219800
2020-05-15,47.0308,48.0720,46.7963,48.0720,3938600
2020-05-18,48.6067,49.3477,48.4660,49.0850,2852300
2020-05-19,49.0194,49.6478,48.8505,49.0757,5526800
2020-05-20,49.7885,50.5577,49.7510,50.4358,4532500
2020-05-21,50.6515,50.8203,50.0230,50.0793,4016100
2020-05-22,50.0605,50.4639,49.7979,50.3795,3870900
2020-05-26,51.3456,51.3925,50.4451,50.5202,3651100
2020-05-27,50.5577,50.8766,49.6150,50.8766,5946600
2020-05-28,50.4358,51.2143,50.2763,50.3982,4074500
2020-05-29,50.3701,50.8109,49.8495,50.6702,6113400
2020-06-01,50.5483,51.3268,50.4545,51.2518,6930100
2020-06-02,51.3081,51.4769,50.7172,51.4582,3468600
2020-06-03,51.5895,51.7818,51.4300,51.6176,3217000
2020-06-04,51.4769,51.6927,50.8578,51.2330,2235300
2020-06-05,51.5801,52.4337,51.5707,52.0678,2784300
2020-06-08,52.0772,53.0809,51.9365,53.0434,3216000
2020-06-09,52.7620,53.1559,52.6307,52.9120,3549200
2020-06-10,53.2403,53.2779,52.3961,52.7526,2638100
2020-06-11,51.5520,51.9084,50.2106,50.3232,4669100
2020-06-12,51.4300,51.6176,49.8167,50.7640,4944200
2020-06-15,50.0230,51.7583,49.9386,51.5801,4114300
2020-06-16,52.6119,52.6306,51.2612,52.0022,4335600
2020-06-17,52.1148,52.4618,51.6551,52.0678,2621400
2020-06-18,51.9647,52.2742,51.8427,52.2367,4696300
2020-06-19,52.8651,52.8651,51.7114,52.0960,4740400
2020-06-22,52.0509,52.2859,51.8685,52.2107,1995800
2020-06-23,52.5490,53.0848,52.3610,52.5490,4896900
2020-06-24,52.3704,52.4926,50.8948,51.3648,7736200
2020-06-25,51.3272,51.7031,50.8196,51.5903,4779400
2020-06-26,51.2802,51.3272,49.2218,49.3158,6241400
2020-06-29,49.0432,50.2275,48.8036,50.2275,3508300
2020-06-30,50.2087,50.9418,49.9737,50.7914,2815900
2020-07-01,50.9606,52.2483,50.9230,52.0509,5156500
2020-07-02,52.5208,52.6054,51.8065,51.8817,2252800
2020-07-06,52.4644,53.0002,52.3047,52.9250,2082200
2020-07-07,52.7934,53.5547,52.7032,52.7746,2392300
2020-07-08,52.8404,53.3385,52.4409,53.2445,3106800
2020-07-09,53.4701,53.5265,52.4738,53.3103,3453700
2020-07-10,53.2727,54.2690,52.9889,54.2314,2429100
2020-07-13,54.6638,54.9034,52.9626,53.1411,2954700
2020-07-14,52.6054,53.7239,52.3751,53.6675,3719800
2020-07-15,53.9024,54.2032,53.4043,53.9870,3089200
2020-07-16,53.5171,54.1562,53.3197,54.0810,2216700
2020-07-17,54.0904,54.1186,53.3949,53.9589,1928900
2020-07-20,53.8649,54.7295,53.4325,54.6074,2205300
2020-07-21,54.9645,55.0115,54.1938,54.3442,2228100
2020-07-22,54.3348,54.4429,54.0105,54.4006,1528700
2020-07-23,54.5040,54.6356,53.2351,53.5171,2271200
2020-07-24,53.1505,53.5979,52.8780,53.4325,3291800
2020-07-27,53.6299,53.8743,53.3460,53.7991,1556100
2020-07-28,53.6487,53.8461,53.1599,53.2445,1818100
2020-07-29,53.5077,53.8790,53.3103,53.7333,1720600
2020-07-30,53.2257,53.9776,52.9626,53.8837,2202100
2020-07-31,54.8705,54.8705,53.7944,54.6356,2741700
2020-08-03,54.7765,54.8423,54.2859,54.6826,2335700
2020-08-04,54.6638,55.0397,54.6638,55.0303,2829100
2020-08-05,55.1901,55.2747,54.7859,54.9457,1874200
2020-08-06,55.0303,56.4495,54.9363,56.3931,2277200
2020-08-07,56.2522,57.2203,55.8574,56.3274,2525900
2020-08-10,56.3086,56.8255,55.5942,56.1394,4230300
2020-08-11,56.0736,56.4072,55.1901,55.3029,3121200
2020-08-12,55.6130,56.3086,55.6130,55.9608,6266000
2020-08-13,56.0172,56.6450,55.9881,56.2428,1707300
2020-08-14,56.2898,56.4025,56.0454,56.2334,1205100
2020-08-17,56.4495,56.4495,56.1018,56.2992,1179400
2020-08-18,56.4495,56.9853,56.2005,56.8067,1353100
2020-08-19,56.8537,57.2766,56.5153,56.6469,2143500
2020-08-20,56.4213,57.4176,56.3884,57.3518,7930600
2020-08-21,57.2202,57.3988,56.9007,57.0981,2003100
2020-08-24,57.5116,58.0474,57.4393,57.7936,3340600
2020-08-25,57.8124,58.4374,57.6714,58.3387,4156100
2020-08-26,58.4609,60.3971,58.4421,60.3313,3234100
2020-08-27,60.2937,60.2974,59.3679,59.5982,5037200
2020-08-28,59.7485,59.8331,59.4290,59.7391,1819300
2020-08-31,59.6827,59.8613,59.3726,59.4572,2728400
2020-09-01,59.5700,60.0935,59.3256,59.9459,4703000
2020-09-02,60.2937,61.4121,60.0493,61.2242,4321700
2020-09-03,60.6790,60.8200,58.4468,59.1470,7536500
2020-09-04,58.8463,59.1752,56.5529,58.0662,10039900
2020-09-08,56.6375,57.3471,56.4119,56.5341,8138700
2020-09-09,57.3048,57.7560,56.5999,57.2108,4940700
2020-09-10,57.5586,57.9909,56.1958,56.3649,4882100
2020-09-11,56.7127,56.8753,55.5661,56.1864,5509000
2020-09-14,56.7973,57.4552,56.3744,56.4025,3241600
2020-09-15,57.0135,57.6808,56.8443,57.4082,2024000
2020-09-16,57.4082,57.8594,56.6939,56.7879,2368600
2020-09-17,55.8010,56.2428,55.0585,55.7446,4600500
2020-09-18,56.0642,56.0924,54.4758,55.2089,4665400
2020-09-21,54.3273,54.7417,53.7480,54.5628,7845700
2020-09-22,55.0620,55.7307,54.6475,55.6177,2304600
2020-09-23,55.7307,55.8437,54.1295,54.2896,3913000
2020-09-24,53.9505,54.9018,53.8564,54.3932,2944900
2020-09-25,54.3273,55.3078,53.9034,55.1185,1879800
2020-09-28,55.9473,56.0509,55.4293,55.8531,2016800
2020-09-29,55.9191,56.1310,55.5988,55.9097,3249100
2020-09-30,55.9662,56.5125,55.6365,55.9473,2884000
2020-10-01,56.4088,56.8751,56.3241,56.7479,7536600
2020-10-02,55.8343,56.4183,55.4010,55.6271,3320200
2020-10-05,55.9756,56.5690,55.9002,56.5407,2122200
2020-10-06,56.2770,56.5784,55.2598,55.3540,2198400
2020-10-07,55.8343,55.9285,55.2409,55.7589,2063400
2020-10-08,56.0509,56.5124,56.0509,56.4842,1352300
2020-10-09,56.7762,56.8986,56.5878,56.8233,1838300
2020-10-12,57.6615,58.9425,57.4402,58.3208,3935600
2020-10-13,58.6222,58.6882,58.1042,58.3774,2581900
2020-10-14,58.6222,58.6693,57.5108,57.6804,1999800
2020-10-15,56.9928,57.3696,56.7479,57.2377,1700200
2020-10-16,57.6144,57.8311,57.1576,57.2471,2932200
2020-10-19,57.4543,57.6380,56.0085,56.2205,3320800
2020-10-20,56.3429,57.1152,56.1074,56.6255,4365000
2020-10-21,57.3225,58.1136,57.1812,57.5768,3262000
2020-10-22,57.7651,58.0873,57.1859,57.9535,2492900
2020-10-23,58.1513,58.5186,57.7180,58.4998,1839900
2020-10-26,57.9912,58.2643,56.6773,57.2188,2771500
2020-10-27,57.4449,57.7463,57.1105,57.5862,1582100
2020-10-28,56.5784,56.6443,55.2503,55.3257,4236400
2020-10-29,55.9850,57.2518,55.7118,56.7196,3172900
2020-10-30,56.8609,57.2000,55.1656,55.7589,3421000
2020-11-02,56.1640,56.6726,55.2701,55.7307,3668600
2020-11-03,56.1640,57.0493,55.9567,56.5595,3494500
2020-11-04,58.1419,59.4417,58.0477,58.9990,4571200
2020-11-05,60.0068,60.5531,59.5830,60.1387,3258000
2020-11-06,60.1763,60.1763,59.3475,59.9974,5735300
2020-11-09,60.9016,61.0805,59.4511,59.4888,6021600
2020-11-10,58.8295,59.4888,58.2643,59.3004,12894000
2020-11-11,59.7148,59.9126,59.5264,59.8373,5063100
2020-11-12,59.7996,60.1292,59.2816,59.4982,7035900
2020-11-13,59.9314,60.4777,59.5924,60.3835,1661300
2020-11-16,60.4024,60.8404,60.3647,60.7697,4772300
2020-11-17,60.4872,60.8451,60.2517,60.5531,3483100
2020-11-18,60.5154,60.6849,59.9314,59.9409,2470000
2020-11-19,59.6866,60.4401,59.6018,60.3082,3390400
2020-11-20,60.3553,60.6190,60.1575,60.1669,1876300
2020-11-23,60.3836,60.5013,59.6018,60.1952,2190900
2020-11-24,60.3553,61.4855,60.3082,61.4290,2179000
2020-11-25,61.5515,61.5609,60.8846,61.4196,1693300
2020-11-27,61.7116,62.0130,61.5044,61.8152,1229900
2020-11-30,61.6739,61.6739,60.9581,61.5986,3617300
2020-12-01,61.9942,63.1527,61.9188,62.7288,3888900
2020-12-02,62.6440,63.5012,62.3426,63.3128,2380800
2020-12-03,63.2469,63.5388,62.9078,63.0302,2129300
2020-12-04,63.0302,63.2186,62.8889,63.0867,1997000
2020-12-07,63.0302,63.6565,62.9172,63.4823,1981800
2020-12-08,63.4164,63.4729,62.9031,63.3881,1712800
2020-12-09,63.4729,63.8685,62.2202,62.6346,5494600
2020-12-10,62.2861,62.7759,61.6928,62.6723,2287400
2020-12-11,62.5781,63.1432,62.4933,63.0491,2668300
2020-12-14,63.2186,63.6707,62.8042,62.8513,2622800
2020-12-15,63.1621,63.3693,62.5499,63.3693,1604200
2020-12-16,63.4729,63.5294,63.0688,63.3128,3249300
2020-12-17,63.5483,63.6848,63.0067,63.1527,2437600
2020-12-18,63.3033,63.4117,62.7100,63.2092,4397800
2020-12-21,62.4611,62.7818,61.7158,62.6686,4508500
2020-12-22,62.6686,62.6686,61.7064,62.0837,2041900
2020-12-23,62.3007,62.8762,62.1403,62.4422,1671200
2020-12-24,62.5083,62.7630,62.2960,62.5083,859700
2020-12-28,63.0177,63.7252,62.8196,63.6309,2806600
2020-12-29,63.7818,63.8950,63.4988,63.5743,1502000
2020-12-30,63.8195,63.8195,63.1120,63.1497,2151800
2020-12-31,63.0743,63.7629,63.0743,63.6592,2274200
2021-01-04,63.9139,63.9516,61.9611,62.7158,4456800
2021-01-05,62.5648,63.1120,62.4988,62.9422,2184600
2021-01-06,61.9705,63.0648,61.7724,62.6403,3904200
2021-01-07,62.9233,63.7724,62.8196,63.4705,2202600
2021-01-08,63.4988,63.7158,62.9045,63.6686,4993100
2021-01-11,62.7441,63.1026,62.4045,62.5365,2202900
2021-01-12,62.4422,62.7441,61.1875,61.5271,14316600
2021-01-13,61.4988,62.0460,61.3196,61.7441,3685300
2021-01-14,61.8573,62.0932,61.2960,61.3951,2543300
2021-01-15,61.4045,61.8856,61.1168,61.5932,4829000
2021-01-19,62.0177,62.8573,61.6215,62.7064,4431500
2021-01-20,63.9610,64.9705,63.7535,64.6780,4614800
2021-01-21,64.9516,65.2818,64.7440,64.9138,2393900
2021-01-22,64.8478,65.1827,64.6969,64.9422,1979400
2021-01-25,65.3667,65.6686,64.4516,65.3195,4084400
2021-01-26,65.2535,66.3195,65.2535,66.2063,3038300
2021-01-27,65.6403,65.8195,63.6214,64.0648,7709600
2021-01-28,64.6403,65.4421,64.2629,64.2912,6688200
2021-01-29,63.8950,64.0271,62.6780,63.0931,4555200
2021-02-01,63.6497,64.5554,63.1497,64.2724,3135100
2021-02-02,64.6969,65.6025,64.5742,65.2535,2010300
2021-02-03,66.2912,66.6780,65.7139,66.1308,2848300
2021-02-04,66.2535,66.5365,65.8761,66.5270,2639900
2021-02-05,66.8950,67.4516,66.8855,67.3667,1849400
2021-02-08,67.6874,67.7629,67.1119,67.6308,5201000
2021-02-09,67.4610,68.2157,67.3478,67.8572,6044200
2021-02-10,68.4704,68.7063,67.5459,68.4987,2494500
2021-02-11,68.6402,68.6402,67.9798,68.5742,1860100
2021-02-12,68.4893,68.9515,68.4327,68.8666,1573900
2021-02-16,68.8666,69.6638,68.8666,69.1968,1997000
2021-02-17,68.7911,69.4515,68.6685,69.3949,1976400
2021-02-18,68.9232,69.3289,68.5487,69.0553,2019900
2021-02-19,69.2534,69.2534,68.2817,68.3761,2500000
2021-02-22,67.7251,68.7345,67.6780,68.1025,2168100
2021-02-23,67.4893,68.8666,66.5082,68.6308,4639200
2021-02-24,67.9327,68.9232,67.7345,68.7534,4004600
2021-02-25,68.7817,69.2911,66.9987,67.2534,5492600
2021-02-26,67.6308,68.7487,67.0270,67.5176,5379400
2021-03-01,68.4138,69.4326,68.1308,69.2440,4196100
2021-03-02,69.2628,69.6873,68.6874,68.7345,4647700
2021-03-03,68.6496,68.9562,67.5836,67.7534,4724000
2021-03-04,67.7440,69.0081,66.8006,67.6308,8581100
2021-03-05,68.2062,69.4232,67.3478,69.2157,11937300
2021-03-08,69.2723,69.6873,68.2440,68.2911,8332000
2021-03-09,69.3855,69.6496,68.8760,69.0553,8758100
2021-03-10,69.9138,69.9138,68.9893,69.3477,5704600
2021-03-11,70.0270,71.0883,69.8760,70.6590,3256900
2021-03-12,70.0930,70.5553,69.8477,70.4609,3106500
2021-03-15,70.6402,71.0034,70.3194,70.9609,3338900
2021-03-16,71.3666,72.2628,71.1496,71.7062,3802800
2021-03-17,71.1619,71.9892,70.5081,71.7156,4617200
2021-03-18,70.8477,71.4986,70.4515,70.5270,5529800
2021-03-19,70.6402,71.5081,70.5553,71.1402,9243200
2021-03-22,71.3414,72.2203,71.0107,71.7384,5225800
2021-03-23,71.6628,72.0644,71.0910,71.2091,4294800
2021-03-24,71.2091,71.2091,69.3947,69.4136,4263400
2021-03-25,69.0261,69.5931,68.5347,69.0733,3846200
2021-03-26,69.1111,69.3002,67.1171,68.3173,4204600
2021-03-29,68.2984,69.2813,68.0810,69.0166,4274000
2021-03-30,69.0166,69.1679,68.7142,69.0166,2660300
2021-03-31,69.3001,69.7160,69.0355,69.2907,3857400
2021-04-01,69.9144,70.5287,69.9144,70.4815,4549600
2021-04-05,70.8217,72.0644,70.8217,71.9652,3970000
2021-04-06,71.9463,72.3621,71.7951,72.1447,2523500
2021-04-07,72.1636,72.7770,72.1636,72.7023,2347700
2021-04-08,73.0803,73.1370,72.4774,72.7118,2891400
2021-04-09,72.4283,72.7449,72.1637,72.6929,2324100
2021-04-12,72.4850,72.5180,72.0691,72.3999,2234300
2021-04-13,72.6078,72.9197,72.3905,72.4944,2891100
2021-04-14,72.4283,72.4566,71.5966,71.7478,3939200
2021-04-15,72.2392,72.8630,72.1353,72.6645,4523500
2021-04-16,72.8630,72.9008,72.3432,72.6173,3378100
2021-04-19,72.4282,72.8252,71.8329,72.2109,3188300
2021-04-20,72.0786,72.2676,71.2847,71.8234,3535200
2021-04-21,71.4076,71.9652,70.9634,71.9463,7034100
2021-04-22,72.1164,72.2629,71.1525,71.4171,3532900
2021-04-23,71.7289,72.4566,71.5758,72.2487,2741900
2021-04-26,72.3999,72.5322,72.2203,72.3999,2767100
2021-04-27,72.5133,72.6456,72.0219,72.1069,4684900
2021-04-28,73.0898,73.5718,72.7023,72.7685,3355400
2021-04-29,74.4790,74.8665,73.9498,74.7814,4816200
2021-04-30,73.8553,74.1010,73.6379,73.7608,3819500
2021-05-03,74.0537,74.1378,73.2882,73.3733,3861300
2021-05-04,72.9669,73.1937,71.6439,72.7118,6848700
2021-05-05,73.1560,73.3828,72.4802,72.5700,3829000
2021-05-06,72.4850,73.4395,72.3716,73.4206,5321700
2021-05-07,73.9687,74.3231,73.6190,73.9781,3636400
2021-05-10,73.6096,73.6379,72.5086,72.5606,4043500
2021-05-11,71.4927,72.5322,71.4076,72.3527,9642100
2021-05-12,71.4643,71.8990,70.7272,70.9351,5624800
2021-05-13,71.3792,72.0691,71.0012,71.4454,7711900
2021-05-14,72.0880,73.0047,71.9652,72.8535,3257000
2021-05-17,72.8346,72.8913,71.8045,72.2770,3006100
2021-05-18,72.2676,72.4944,71.5210,71.5399,2438200
2021-05-19,70.5127,71.7006,70.4437,71.6533,4936800
2021-05-20,72.0124,73.0378,71.8423,72.8819,3504500
2021-05-21,73.2221,73.2410,72.5984,72.6362,4452000
2021-05-24,73.1843,74.1482,73.0425,73.9592,3020000
2021-05-25,74.3561,74.4601,73.7891,73.9403,3079300
2021-05-26,74.1577,74.7342,74.0065,74.4223,4644900
2021-05-27,74.5149,74.8844,74.3892,74.7058,4462100
2021-05-28,74.9137,74.9421,74.3854,74.4601,2834100
2021-06-01,74.7342,74.8665,74.1482,74.5074,3301400
2021-06-02,74.6491,74.7531,73.9072,74.2805,2782000
2021-06-03,73.7608,73.9857,73.3260,73.7797,2812300
2021-06-04,74.0821,74.9421,73.9687,74.8381,2333200
2021-06-07,74.7153,75.2634,74.6397,75.2256,3321100
2021-06-08,75.4335,75.4335,74.6397,75.0082,3325100
2021-06-09,75.3485,75.4713,74.8948,74.9326,5168000
2021-06-10,75.0082,75.4571,74.7342,75.3390,2470300
2021-06-11,75.4524,75.4666,75.0744,75.4241,3729100
2021-06-14,75.4808,75.9438,75.2634,75.9249,2733200
2021-06-15,75.9911,76.1234,75.3607,75.4902,3085700
2021-06-16,75.6414,75.6414,74.1955,74.8287,4691900
2021-06-17,74.7247,75.5752,74.6964,75.1405,4556300
2021-06-18,74.8088,74.8854,74.1482,74.2616,6194800
2021-06-21,74.4330,75.0389,74.1111,74.9821,3274400
2021-06-22,75.0578,75.7300,74.8401,75.6259,4690300
2021-06-23,75.5596,75.9478,75.4886,75.5502,4669000
2021-06-24,75.9099,76.2981,75.8626,76.2602,3430900
2021-06-25,76.2413,76.4401,76.0945,76.3549,5843400
2021-06-28,76.5348,77.3111,76.2971,77.2164,3553900
2021-06-29,77.2259,77.3016,76.5868,76.7999,4272900
2021-06-30,76.7336,76.8661,76.3833,76.6578,2533700
2021-07-01,76.5632,77.3300,76.5442,77.2259,5227500
2021-07-02,77.5099,77.8744,77.3821,77.7655,4347500
2021-07-06,77.8981,77.9984,76.8661,77.5762,3829500
2021-07-07,77.9360,77.9360,77.2827,77.4626,3651700
2021-07-08,76.4685,76.9608,76.2318,76.6105,5237000
2021-07-09,76.6389,77.4067,76.6295,77.2922,2914300
2021-07-12,77.4531,77.8792,77.1596,77.8413,3568600
2021-07-13,77.7655,78.2436,77.5667,77.6425,3979100
2021-07-14,78.0874,78.1442,77.5005,77.5857,3459600
2021-07-15,77.6803,77.6803,76.7146,77.0365,4500500
2021-07-16,77.1501,77.3679,76.4590,76.5537,3509300
2021-07-19,75.9383,75.9478,75.0389,75.3892,6896900
2021-07-20,75.6448,76.5206,75.2425,76.2413,4111800
2021-07-21,76.3075,76.8803,76.2697,76.8756,2612700
2021-07-22,76.8661,77.1596,76.5158,77.1407,2254800
2021-07-23,78.0401,79.2699,77.6993,79.0531,3872500
2021-07-26,78.9584,79.4839,78.8353,79.4602,3189800
2021-07-27,79.3655,79.4413,77.9360,78.5135,4857500
2021-07-28,79.3466,79.6969,78.7691,79.1288,7295300
2021-07-29,78.6176,78.8827,78.2389,78.2768,5291200
2021-07-30,77.7939,78.5182,77.6614,78.0117,2999500
2021-08-02,78.3430,78.4188,77.6898,77.8318,3988200
2021-08-03,77.8602,77.8697,76.6010,77.4815,4860500
2021-08-04,77.5951,77.8886,77.2448,77.6993,3864600
2021-08-05,77.9265,78.4235,77.7371,78.4093,2261300
2021-08-06,78.2484,78.6271,78.2105,78.4093,2764400
2021-08-09,78.3998,78.4093,78.0022,78.2673,2367800
2021-08-10,78.3431,78.5040,78.0780,78.4188,6254400
2021-08-11,78.5703,78.6602,78.2768,78.5703,2457600
2021-08-12,78.4851,78.7502,78.0780,78.7123,2269000
2021-08-13,78.9111,79.0058,78.6981,78.7596,2144600
2021-08-16,78.4851,78.9111,77.8697,78.8922,3483200
2021-08-17,78.3809,78.7028,77.7277,78.2389,5941400
2021-08-18,78.0590,78.5040,77.5904,77.6425,3041200
2021-08-19,77.1596,78.0022,77.0839,77.6519,4409800
2021-08-20,77.6330,78.4453,77.4720,78.3241,4143100
2021-08-23,78.4283,79.6022,78.4283,79.2709,3062200
2021-08-24,79.4413,79.8360,79.2708,79.5265,3132700
2021-08-25,79.5549,79.8295,79.3845,79.6496,3835100
2021-08-26,79.5927,79.7158,78.9584,78.9584,3279800
2021-08-27,79.1383,80.3407,78.9868,80.2081,3437200
2021-08-30,80.1892,80.9277,79.9194,80.7572,2734700
2021-08-31,80.7288,81.2401,80.6342,81.0602,6091000
2021-09-01,81.1928,81.7561,81.1833,81.4673,3723200
2021-09-02,81.5336,81.6472,80.7762,80.9182,3229300
2021-09-03,80.7951,81.0555,80.5726,80.9182,2799000
2021-09-07,80.9182,81.2590,80.7288,81.1075,4117500
2021-09-08,80.9655,81.1927,80.4259,80.6910,3808500
2021-09-09,80.5490,80.8141,80.1655,80.2933,4114400
2021-09-10,80.5963,80.7194,79.7300,79.7726,5103400
2021-09-13,80.3028,80.3691,79.5738,79.9714,5291600
2021-09-14,80.1797,80.2744,79.1478,79.2803,5467600
2021-09-15,79.2614,79.8086,78.5939,79.6685,4996700
2021-09-16,79.5643,79.8389,79.0200,79.5928,3856600
2021-09-17,79.3750,79.5549,78.3752,78.7123,9970600
2021-09-20,77.6899,77.8038,76.1631,77.1304,8942900
2021-09-21,77.6520,77.8891,76.7511,76.8080,6469700
2021-09-22,76.5709,77.1778,76.4286,76.7700,6815400
2021-09-23,77.1114,77.9365,76.9787,77.5572,3989400
2021-09-24,77.2063,78.3396,77.1020,78.1926,4402100
2021-09-27,77.7753,78.4107,77.5382,78.1831,3459700
2021-09-28,77.3960,77.5856,76.1631,76.2769,8982600
2021-09-29,76.6468,77.0925,76.1062,76.2105,5467100
2021-09-30,76.4476,76.7700,75.9639,75.9734,10771000
2021-10-01,76.3717,77.5999,76.0303,77.2537,7308600
2021-10-04,76.7226,76.7700,74.9975,75.5846,9449000
2021-10-05,75.8502,77.1210,75.7838,76.7132,3316100
2021-10-06,75.9450,76.9028,75.6130,76.8459,6599900
2021-10-07,77.5003,77.9033,77.1209,77.1778,4263900
2021-10-08,77.3201,77.4244,76.7037,76.7985,2732400
2021-10-11,76.4761,76.7701,75.6131,75.6415,3590000
2021-10-12,75.6510,75.7164,74.6742,74.9397,7990700
2021-10-13,75.4139,75.5372,74.8259,75.2906,4690400
2021-10-14,75.9924,76.4761,75.8312,76.3528,3614600
2021-10-15,76.6088,76.6278,76.0587,76.1726,3100400
2021-10-18,76.0777,76.7795,75.9260,76.7605,2975400
2021-10-19,77.1589,77.5098,76.9692,77.5003,2460300
2021-10-20,77.6805,77.8701,77.3865,77.6520,2934600
2021-10-21,77.6236,77.9176,77.3485,77.8796,2681200
2021-10-22,76.7036,77.0071,75.8501,76.2295,3131000
2021-10-25,76.0019,76.5614,75.5751,76.5614,3225100
2021-10-26,76.8839,76.9787,75.5182,75.8786,6559500
2021-10-27,75.7648,76.4476,75.5704,75.6699,5846000
2021-10-28,75.7268,76.3622,75.2526,75.9165,3589100
2021-10-29,75.7458,76.2864,75.6415,76.1536,2845100
2021-11-01,76.4191,76.8744,76.0635,76.2769,4124600
2021-11-02,76.4760,76.6041,75.8454,76.2864,3982100
2021-11-03,75.8691,76.5899,75.6415,76.5614,2834100
2021-11-04,76.7985,77.2158,76.5140,76.8649,6281800
2021-11-05,77.5382,78.0977,77.3960,77.4813,3237500
2021-11-08,77.8701,77.8701,77.0640,77.1399,3171700
2021-11-09,77.3106,77.4528,76.5803,76.9502,3920900
2021-11-10,76.5614,76.8364,75.7837,76.0777,4074900
2021-11-11,76.0872,76.3622,75.8833,75.9260,2046900
2021-11-12,76.3053,77.1020,76.0208,77.0356,3240200
2021-11-15,77.2537,77.6805,77.0546,77.2537,2319200
2021-11-16,77.0925,77.2347,76.6278,76.6752,2383200
2021-11-17,76.6657,76.8364,76.2892,76.3812,7330300
2021-11-18,76.2010,76.2200,75.5182,75.8312,3335900
2021-11-19,76.1441,76.3243,75.4613,75.5751,6857100
2021-11-22,75.6794,75.8691,74.6457,74.6552,4517100
2021-11-23,74.5129,74.8543,73.9249,74.4560,5080500
2021-11-24,74.2569,74.6599,73.8775,74.5603,4243100
2021-11-26,73.8396,73.8443,73.1283,73.1947,4963000
2021-11-29,74.0198,74.1620,73.3796,73.8206,6518700
2021-11-30,73.5266,73.5266,71.3976,71.4782,10423700
2021-12-01,72.5024,72.7016,69.7901,69.8280,9392300
2021-12-02,70.0936,71.2932,69.9513,71.0040,7579100
2021-12-03,71.3454,71.4687,69.9229,70.8428,8986900
2021-12-06,71.2411,72.1847,70.9661,72.0093,7739200
2021-12-07,72.7679,73.0999,72.5309,72.7490,4549200
2021-12-08,72.9481,73.4650,72.6873,73.2801,9484400
2021-12-09,73.0714,73.4934,72.5309,72.7016,4065500
2021-12-10,73.1473,73.2896,72.1895,72.7395,4255400
2021-12-13,72.6541,72.9766,72.1373,72.3601,4980800
2021-12-14,71.5351,72.3032,71.4402,72.1705,7010600
2021-12-15,71.9998,73.0098,71.0448,72.9292,6693200
2021-12-16,73.0999,73.6784,72.5972,72.8249,7365300
2021-12-17,72.3507,73.0951,71.9049,72.5309,9932400
2021-12-20,71.8058,72.0718,71.3496,72.0243,4487000
2021-12-21,72.3665,73.4831,72.2049,73.3928,5198200
2021-12-22,73.2312,73.7729,73.0792,73.5733,3267000
2021-12-23,73.6684,74.4761,73.6304,74.2291,2383200
2021-12-27,74.4571,75.1176,74.4476,74.9513,2667600
2021-12-28,75.0368,75.5928,74.8040,74.9133,3214700
2021-12-29,74.9513,75.1414,74.3079,74.5427,3775600
2021-12-30,74.7232,75.2554,74.7042,74.8563,4483500
2021-12-31,74.6662,74.9513,73.7967,73.8204,5689100
2022-01-03,73.9915,74.6092,73.9345,74.3336,11984800
2022-01-04,74.6282,74.8183,73.7634,74.1721,11729100
2022-01-05,74.1815,74.5427,72.2904,72.3094,19325400
2022-01-06,72.3474,73.5353,72.1194,72.6325,14641300
2022-01-07,72.6325,73.1362,72.3665,72.6421,7882800
2022-01-10,71.9483,72.2049,70.5418,72.1859,9446100
2022-01-11,72.1194,73.0982,71.7392,73.0887,6813400
2022-01-12,73.3548,73.5923,72.8226,73.1837,5666800
2022-01-13,73.3643,73.5258,72.2952,72.4235,6354100
2022-01-14,71.7868,72.8131,71.7820,72.7561,6608600
2022-01-18,72.6991,72.8131,71.7250,71.8723,5903000
2022-01-19,72.0813,72.8596,71.7022,71.7487,6647000
2022-01-20,72.1669,73.0127,70.9552,71.0360,7335300
2022-01-21,70.1142,70.5086,68.6032,68.6317,14330900
2022-01-24,67.5673,69.2209,66.0278,69.1354,18812500
2022-01-25,67.9855,68.6317,67.1112,67.7194,9180300
2022-01-26,68.7552,68.7552,66.0563,66.7311,12982900
2022-01-27,67.2063,68.1851,66.6931,66.8071,9541500
2022-01-28,66.9687,68.7362,66.7121,68.7172,6249500
2022-01-31,68.7077,70.3233,68.2516,70.2757,6105900
2022-02-01,70.3233,70.9790,69.7341,70.8839,6284100
2022-02-02,72.7656,72.7656,71.5207,72.2999,5357300
2022-02-03,68.1375,68.8883,67.3298,67.4628,9281100
2022-02-04,67.2062,68.1898,66.5030,67.6339,6675800
2022-02-07,67.8049,67.8525,66.2892,66.4555,4843500
2022-02-08,66.1989,66.6598,65.9138,66.4270,6073900
2022-02-09,67.1967,68.3181,67.1302,68.2991,6325600
2022-02-10,67.3583,68.5224,67.0162,67.3203,6571600
2022-02-11,67.2823,67.6529,65.6287,65.8663,7358900
2022-02-14,65.7903,66.2939,65.3626,65.8758,5342600
2022-02-15,66.5790,66.8356,66.2369,66.7976,4291900
2022-02-16,65.9138,66.4745,65.5242,66.3320,4556400
2022-02-17,65.7808,65.9138,64.5216,64.5644,7516700
2022-02-18,64.7544,65.1773,63.8706,64.0607,7513300
2022-02-22,63.7281,64.4266,62.9583,63.4050,8859500
2022-02-23,63.8231,63.9752,62.2931,62.3406,6548700
2022-02-24,60.8867,64.2223,60.8486,64.0892,10993400
2022-02-25,64.2222,65.2153,63.7946,65.1250,7187100
2022-02-28,64.3363,65.4482,64.2603,65.0490,8388800
2022-03-01,64.7544,65.1726,63.8706,64.2318,6151100
2022-03-02,64.4123,65.0395,64.0132,64.7829,7782500
2022-03-03,65.2486,65.3626,63.8421,64.1082,6528200
2022-03-04,63.7566,64.0322,62.9013,63.1864,6324800
2022-03-07,63.0914,63.0914,61.0482,61.0862,7726800
2022-03-08,61.0007,62.5402,60.5208,60.9342,10154000
2022-03-09,62.3691,62.9631,62.1316,62.7588,6776000
2022-03-10,61.9130,62.4832,61.6231,62.2931,5783600
2022-03-11,62.6922,62.7683,61.0957,61.1717,4982600
2022-03-14,61.1622,61.8180,60.3355,60.4590,6998900
2022-03-15,60.9152,61.7229,60.5825,61.6184,6259300
2022-03-16,62.1506,63.3384,61.6374,63.3194,6621600
2022-03-17,63.1104,64.0037,62.8823,64.0037,5120700
2022-03-18,63.7661,64.9160,63.5665,64.8400,8622200
2022-03-21,64.5761,64.7094,63.5852,64.2331,6153900
2022-03-22,64.3283,65.7860,64.2902,65.4335,4462400
2022-03-23,64.9572,65.3716,64.5332,64.5379,5143200
2022-03-24,64.9476,65.6145,64.7190,65.5955,4300700
2022-03-25,65.7670,66.1099,65.1763,65.9099,3854400
2022-03-28,65.8336,66.1290,65.1667,66.1195,2914400
2022-03-29,66.6721,67.4629,66.5197,67.2723,6935100
2022-03-30,67.0055,67.2723,66.5482,66.7959,4664600
2022-03-31,66.7864,66.7864,65.5126,65.5288,4784900
2022-04-01,65.8432,66.0528,65.4812,66.0147,4019000
2022-04-04,66.4243,67.9058,66.4243,67.8344,5201400
2022-04-05,67.8630,68.1869,66.8054,66.9674,3991300
2022-04-06,66.2338,66.4053,65.2906,65.7193,5010900
2022-04-07,65.6145,65.7670,64.2235,65.1477,4387200
2022-04-08,65.0143,65.4240,64.5094,64.8619,3827900
2022-04-11,64.4331,65.0362,63.9377,64.0235,5360900
2022-04-12,64.7190,64.9667,63.1803,63.4995,8250300
2022-04-13,63.4042,64.6904,63.3089,64.4331,6185900
2022-04-14,64.6332,64.6332,63.2994,63.3375,4718700
2022-04-18,63.2994,63.6014,62.5753,63.1279,6386400
2022-04-19,62.9564,64.5570,62.8230,64.3855,4526200
2022-04-20,63.2232,63.2422,61.2987,61.5940,9530500
2022-04-21,61.7750,62.1656,59.6695,59.8410,8232100
2022-04-22,59.8505,59.9934,58.3166,58.4214,9702000
2022-04-25,58.3071,59.2503,57.9450,59.2217,13360400
2022-04-26,58.8216,58.8216,57.2496,57.2781,9913000
2022-04-27,56.4588,57.0876,55.6680,56.0015,17372400
2022-04-28,57.9450,58.6034,56.5255,58.2404,11269800
2022-04-29,57.8688,58.5739,56.1825,56.2682,9692600
2022-05-02,56.3826,57.8688,56.2682,57.8212,11094700
2022-05-03,57.6688,58.4976,57.2400,57.9736,8362100
2022-05-04,57.7164,60.1077,57.1686,59.9648,9761100
2022-05-05,59.2503,59.4789,57.1638,57.7545,9109600
2022-05-06,57.3067,57.4687,56.1349,56.5636,9318600
2022-05-09,55.7823,56.2778,54.8773,55.0964,11949000
2022-05-10,55.9729,56.3635,54.8391,55.3441,9633000
2022-05-11,55.1345,56.2587,54.2580,54.3437,15059700
2022-05-12,53.8959,55.6204,53.6197,54.9344,16809300
2022-05-13,55.1059,56.5160,55.0392,56.2206,5895400
2022-05-16,55.8967,56.5160,55.7252,55.8586,6900800
2022-05-17,56.7065,57.1162,56.2873,57.0781,10530000
2022-05-18,56.4302,56.6970,55.0487,55.2107,9766400
2022-05-19,54.9916,55.7823,54.9249,55.1345,8299200
2022-05-20,55.8109,56.0253,53.9626,55.2774,8785200
2022-05-23,55.7157,56.1920,54.9630,56.1063,9217000
2022-05-24,54.2199,54.3342,53.0480,54.1151,8468800
2022-05-25,53.9341,55.0869,53.8769,54.8392,5346200
2022-05-26,54.9725,56.3445,54.9535,56.1730,4975200
2022-05-27,56.4397,57.3925,56.3063,57.3734,5187100
2022-05-31,57.2591,57.9165,56.7637,57.3353,7167800
2022-06-01,57.7831,58.1070,56.4588,56.6779,6233000
2022-06-02,56.6112,58.1213,56.4683,58.0594,7218600
2022-06-03,57.4687,57.6306,56.6398,56.8018,4498500
2022-06-06,57.4306,57.6735,56.6922,57.0876,4689100
2022-06-07,56.5445,57.5544,56.4112,57.4973,3251500
2022-06-08,57.2877,58.1508,57.2353,57.3448,3947500
2022-06-09,57.0400,57.4210,55.5346,55.5823,4422200
2022-06-10,54.7486,54.9058,53.9293,54.0293,6654000
2022-06-13,52.7050,52.9623,51.3331,51.4760,7046500
2022-06-14,51.7999,51.9857,50.9044,51.3331,4388400
2022-06-15,51.8952,53.1719,51.5522,52.4859,7353100
2022-06-16,51.3426,51.6094,50.2422,50.5709,6917900
2022-06-17,50.7615,51.7047,50.3708,51.2950,11930100
2022-06-21,52.0208,52.4124,51.5385,51.6579,4110000
2022-06-22,51.4096,52.5079,51.3093,51.7439,6472000
2022-06-23,52.0113,52.5174,51.5338,52.3837,6001300
2022-06-24,52.7944,54.3798,52.7849,54.3798,8894500
2022-06-27,54.4944,54.5421,53.6157,53.8640,3790200
2022-06-28,54.0360,54.4371,52.2739,52.2978,4805000
2022-06-29,52.4410,52.6893,51.8967,52.4601,3939100
2022-06-30,51.9158,52.6082,51.0849,51.8298,4901600
2022-07-01,51.6484,52.4219,51.2902,52.3551,4400400
2022-07-05,51.6961,53.5966,51.1995,53.5680,4237400
2022-07-06,53.5680,54.0025,52.9969,53.5775,4234900
2022-07-07,53.7399,54.6376,53.5966,54.4180,3297100
2022-07-08,53.9118,54.5612,53.6444,54.1601,2566900
2022-07-11,53.5011,53.5584,52.4219,52.5174,3350600
2022-07-12,52.7084,53.1764,52.2882,52.4888,4103500
2022-07-13,51.6866,52.6320,51.6178,52.2500,4924000
2022-07-14,51.6006,51.8298,51.0085,51.5911,4174000
2022-07-15,52.1259,52.9377,51.9158,52.9186,4048200
2022-07-18,53.2910,53.7112,52.5079,52.6511,3790900
2022-07-19,53.3674,54.5851,53.2528,54.5230,3235800
2022-07-20,54.7809,55.7120,54.4380,55.4208,5639600
2022-07-21,54.9432,55.3921,54.2174,55.3921,6391000
2022-07-22,54.1792,54.7904,53.1191,53.4725,3765800
2022-07-25,53.5298,53.8736,52.9186,53.2910,2894300
2022-07-26,52.9759,52.9759,52.0686,52.2214,4278000
2022-07-27,53.1000,54.7236,52.9854,54.4275,4802200
2022-07-28,53.4247,53.8163,52.7562,53.8067,4808900
2022-07-29,53.3483,53.9500,53.0236,53.8354,5981000
2022-08-01,53.4343,54.3129,53.0809,53.7590,3758200
2022-08-02,53.4247,54.3177,53.3674,53.6730,4688400
2022-08-03,53.8831,55.1342,53.7876,54.9623,4331600
2022-08-04,54.8191,55.4781,54.6949,55.2011,3261800
2022-08-05,54.1410,54.8573,54.0312,54.5230,3421900
2022-08-08,54.8477,55.9269,54.7618,54.8382,3962700
2022-08-09,54.6949,54.6949,54.0359,54.3034,2718100
2022-08-10,55.5640,56.1084,55.3730,55.8314,3338800
2022-08-11,56.4999,57.0634,55.7837,55.8887,3001700
2022-08-12,56.4904,56.8915,56.1943,56.8820,2779000
2022-08-15,56.6145,57.2162,56.5190,57.0825,2623700
2022-08-16,56.8055,57.5314,56.5381,57.1971,2471200
2022-08-17,56.4713,56.6909,55.9747,56.0893,4400800
2022-08-18,55.9938,56.2325,55.4780,56.0033,2416900
2022-08-19,55.4971,55.5735,54.8429,55.0960,3337800
2022-08-22,54.3798,54.3798,53.4008,53.5202,3312500
2022-08-23,53.3674,53.7494,52.9759,53.0618,5294800
2022-08-24,52.8994,53.7685,52.8135,53.3770,4279000
2022-08-25,53.5871,54.4466,53.5298,54.4180,2492100
2022-08-26,54.2652,54.6519,52.6607,52.6798,5293800
2022-08-29,52.3073,52.8994,52.2223,52.2691,3620800
2022-08-30,52.4697,52.6893,51.4669,51.8107,3754600
2022-08-31,52.8135,53.0427,51.9253,51.9349,5491400
2022-09-01,51.8012,52.4601,51.4478,52.4124,6217300
2022-09-02,52.7371,52.7753,51.2186,51.4191,5575700
2022-09-06,51.3905,51.4573,50.4355,50.7793,9950000
2022-09-07,50.7315,51.8967,50.7220,51.8012,7466700
2022-09-08,51.3045,51.9253,51.0467,51.6770,11092400
2022-09-09,52.0590,53.1812,52.0590,53.1191,9515600
2022-09-12,53.2146,53.7065,52.9663,53.3961,4837200
2022-09-13,51.8680,51.9826,50.3209,50.4641,7053200
2022-09-14,50.6169,50.6647,49.8338,50.5501,7515200
2022-09-15,50.3400,51.1517,50.1346,50.3304,6948600
2022-09-16,49.9388,49.9952,49.3754,49.7956,10953500
2022-09-19,49.4989,50.0827,49.3505,50.0827,7144500
2022-09-20,49.5563,49.8817,49.1544,49.3075,5358400
2022-09-21,49.4319,49.7956,48.0825,48.1016,6596000
2022-09-22,47.9102,48.3504,47.7188,47.9293,6186200
2022-09-23,47.5082,47.5656,46.4315,47.0010,7014300
2022-09-26,46.7904,47.2498,46.1205,46.2353,6194000
2022-09-27,46.7139,47.0297,45.7472,45.9865,6616900
2022-09-28,46.1205,47.7379,46.1014,47.5561,7825400
2022-09-29,47.0488,47.0488,45.9769,46.3980,6384600
2022-09-30,46.3980,47.1158,45.8047,45.8334,6277400
2022-10-03,46.3598,47.3551,46.2258,47.1158,5783700
2022-10-04,47.7283,48.5801,47.7188,48.5610,8840100
2022-10-05,47.8049,48.4079,47.1541,48.1877,5179800
2022-10-06,48.0059,48.5706,47.7571,47.9293,6508700
2022-10-07,47.3168,47.4795,46.4172,46.6373,4890300
2022-10-10,46.7904,47.0201,46.1061,46.5129,4931000
2022-10-11,46.2162,46.4698,45.3931,45.6420,7811700
2022-10-12,45.6707,45.9434,45.3740,45.5845,5351800
2022-10-13,44.6466,46.8718,44.4772,46.6852,10305300
2022-10-14,47.0584,47.2498,45.8238,45.9195,8173300
2022-10-17,46.7043,47.4891,46.6660,47.1828,6105200
2022-10-18,48.2069,48.3217,47.1158,47.5369,5524000
2022-10-19,47.6422,48.2595,47.2977,47.5752,11117400
2022-10-20,47.6901,48.6232,47.5465,47.6901,6788900
2022-10-21,46.9244,48.0442,46.7617,47.9963,7086500
2022-10-24,48.1303,48.5897,47.5561,48.3313,6334600
2022-10-25,48.5610,49.7190,48.5514,49.6137,4684400
2022-10-26,48.4079,49.1831,47.9676,48.0442,5786000
2022-10-27,46.3215,46.9149,45.7377,45.7664,6867800
2022-10-28,45.9865,46.9627,45.8812,46.9244,8235200
2022-10-31,46.5799,46.7617,45.8717,46.1396,7609400
2022-11-01,46.7426,47.0393,45.8142,45.8429,4956900
2022-11-02,45.7855,46.2449,44.5318,44.5509,10548700
2022-11-03,44.0724,44.1681,43.4120,43.4599,11167500
2022-11-04,43.9575,44.1681,42.9335,43.7566,6621200
2022-11-07,44.2447,44.5701,43.9241,44.5414,7202200
2022-11-08,44.4361,45.0869,43.9767,44.5892,8273000
2022-11-09,44.4169,44.6945,43.9288,43.9863,7028600
2022-11-10,45.7568,46.7139,45.3166,46.6469,8306200
2022-11-11,46.6277,48.0633,46.6086,47.8719,9255300
2022-11-14,47.5274,48.3887,47.4795,47.6805,5432300
2022-11-15,48.6107,49.0012,47.7092,48.3887,8965500
2022-11-16,48.1112,48.2547,47.7044,47.9102,5374000
2022-11-17,46.9914,47.8288,46.8096,47.5465,7109400
2022-11-18,47.9389,48.0423,47.1445,47.4030,4049300
2022-11-21,47.5274,47.7188,46.8287,47.0106,3202100
2022-11-22,47.0967,47.7571,46.7426,47.7092,5479200
2022-11-23,47.6326,48.4174,47.6326,48.3122,4605800
2022-11-25,48.0250,48.2834,47.9868,48.0442,1895800
2022-11-28,47.7666,48.0490,47.1637,47.2785,3680300
2022-11-29,47.3072,47.4221,46.8670,47.2977,3823100
2022-11-30,47.1924,49.3123,47.0488,49.2979,10313800
2022-12-01,49.3936,49.9487,49.2070,49.5850,6604300
2022-12-02,48.7715,49.8387,48.7715,49.7095,4402200
2022-12-05,49.3171,49.8530,48.7763,48.9247,4033200
2022-12-06,48.7620,48.8290,47.3484,47.5178,5811000
2022-12-07,47.3838,47.6614,46.9914,47.2785,4700900
2022-12-08,47.4986,47.6231,47.0297,47.1828,5180800
2022-12-09,47.1733,47.8336,46.9340,47.3168,6325000
2022-12-12,47.3168,47.6996,46.9818,47.6901,5129600
2022-12-13,49.4319,49.8339,48.1399,48.4940,9909700
2022-12-14,47.8528,48.6567,47.3455,47.8623,10321600
2022-12-15,47.0010,47.1828,45.7855,45.9961,9817300
2022-12-16,46.0822,46.4076,45.7185,45.9865,8563500
2022-12-19,45.7543,45.8503,44.7853,44.9100,5688200
2022-12-20,44.7374,45.3130,44.5886,45.2171,5743800
2022-12-21,45.3802,46.0326,45.2171,45.8119,5863300
2022-12-22,45.3418,45.4473,44.5934,45.4185,4384300
2022-12-23,45.2363,45.8791,45.1499,45.8599,3845500
2022-12-27,45.7159,45.8119,45.1499,45.4473,3905700
2022-12-28,45.2842,45.6920,44.7757,44.7853,6047800
2022-12-29,45.1979,46.2005,45.1115,46.0230,3466900
2022-12-30,45.4569,46.0517,45.3034,46.0422,4828600
2023-01-03,46.6082,47.0591,46.1957,46.6370,8577900
2023-01-04,47.2798,47.8075,46.8193,47.5101,5837200
2023-01-05,47.4237,47.8890,47.0591,47.5772,5407700
2023-01-06,48.0185,48.4839,47.3469,48.3543,4578400
2023-01-09,48.5654,49.0259,48.3831,48.4311,6430100
2023-01-10,48.0377,49.1650,47.9917,49.1602,8684900
2023-01-11,49.2658,49.5248,49.0067,49.5152,4098400
2023-01-12,49.6495,50.2252,49.0739,50.0621,4193700
2023-01-13,49.7455,50.3019,49.6543,50.2252,3712300
2023-01-17,50.1005,50.1580,49.4481,49.7551,3529900
2023-01-18,49.8990,50.0525,49.0077,49.1506,5930300
2023-01-19,48.9012,49.6543,48.7381,49.4001,7387400
2023-01-20,49.8030,50.9985,49.6687,50.9447,4874200
2023-01-23,50.9927,51.9569,50.8680,51.8370,6279000
2023-01-24,51.4053,52.4318,51.2450,51.6931,8867000
2023-01-25,51.3285,51.9905,51.1462,51.8754,4976800
2023-01-26,52.2399,52.6909,51.9137,52.6813,4303600
2023-01-27,52.5757,53.3394,52.5757,53.0458,3764100
2023-01-30,52.5182,52.8780,52.1824,52.2112,3857100
2023-01-31,52.2208,52.8588,52.2208,52.8444,4265500
2023-02-01,52.4702,53.7222,52.0960,53.4680,7523200
2023-02-02,56.0776,57.3632,55.7658,56.9794,9444700
2023-02-03,55.6650,57.0178,55.6554,55.8377,7829200
2023-02-06,55.1853,55.6267,54.8495,55.1661,5708300
2023-02-07,55.0606,56.3846,54.9359,56.1927,7167000
2023-02-08,55.2909,55.4636,54.1396,54.4274,6530400
2023-02-09,55.1086,55.1278,53.0411,53.2377,6056300
2023-02-10,53.0938,53.3145,52.5853,52.7292,4483300
2023-02-13,52.9883,53.6599,52.8060,53.4776,2956300
2023-02-14,53.2090,53.6695,52.7388,53.4968,5887900
2023-02-15,53.1130,54.0149,53.0650,53.9861,4233800
2023-02-16,53.0363,53.8326,52.9211,53.1610,5267600
2023-02-17,52.7580,53.1466,52.5038,53.1034,4245100
2023-02-21,52.5661,52.8444,51.9137,51.9329,4176400
2023-02-22,51.8754,52.2591,51.7554,52.0385,4410600
2023-02-23,52.0864,52.1440,51.2134,51.7986,5151100
2023-02-24,51.0023,51.2038,50.7001,51.0791,4842300
2023-02-27,51.4532,51.7123,51.0886,51.2422,3659200
2023-02-28,51.1942,51.7842,51.1942,51.3285,5728600
2023-03-01,51.2326,51.4436,50.8584,50.9351,7092300
2023-03-02,50.6185,51.5252,50.5994,51.4149,4649200
2023-03-03,51.8754,52.5997,51.7507,52.5374,5373300
2023-03-06,52.8540,53.2617,52.5278,52.5374,5626400
2023-03-07,52.7772,52.9211,51.8466,52.0001,5464500
2023-03-08,51.9617,52.2495,51.6547,52.0289,4289400
2023-03-09,52.0960,52.4414,50.6809,50.8584,6195400
2023-03-10,50.7433,51.0071,49.8606,50.1388,13124300
2023-03-13,49.7455,50.8200,49.2850,50.1388,15248700
2023-03-14,51.0119,51.6547,50.8968,51.5588,10217800
2023-03-15,51.1174,52.1824,50.8488,52.1152,12706500
2023-03-16,51.9809,53.3529,51.8370,53.2857,11404200
2023-03-17,53.1130,53.4200,52.5853,52.7772,12329700
2023-03-20,52.8253,53.3063,52.6329,53.1717,7192200
2023-03-21,53.7585,54.4127,53.5372,54.3069,5008700
2023-03-22,54.2395,54.9610,53.3256,53.3544,6751500
2023-03-23,53.9124,54.8167,53.7825,54.2203,7071100
2023-03-24,54.2299,54.5714,53.8547,54.4993,5494600
2023-03-27,54.4993,54.7109,53.9798,54.1914,3758300
2023-03-28,54.0856,54.0856,53.4699,53.7489,4113000
2023-03-29,54.2491,54.5185,54.0182,54.4608,4815700
2023-03-30,54.5858,54.7975,54.4512,54.7205,6365100
2023-03-31,54.8360,55.8172,54.8167,55.7691,9690900
2023-04-03,55.3651,56.0289,55.3074,56.0000,8983800
2023-04-04,56.0385,56.3367,55.7691,56.1732,9755200
2023-04-05,56.2021,56.2598,55.5960,55.9904,12242800
2023-04-06,55.9038,56.8611,55.5671,56.6927,10713900
2023-04-10,56.2694,56.5821,55.9808,56.5676,4791100
2023-04-11,56.6735,56.8274,56.3512,56.4233,17443800
2023-04-12,56.7889,56.9140,55.7788,55.8365,5886200
2023-04-13,56.3271,57.0246,56.2598,57.0006,5416200
2023-04-14,56.6542,57.1737,56.4329,56.9813,4906200
2023-04-17,56.3560,56.7023,56.1828,56.6542,6479100
2023-04-18,56.8851,56.9525,56.2511,56.3656,4380300
2023-04-19,55.7422,56.1780,55.6248,55.9423,4409400
2023-04-20,55.3555,55.8942,55.2208,55.3651,4414100
2023-04-21,55.2208,55.5719,55.0380,55.4998,7125300
2023-04-24,55.5190,55.7499,55.0669,55.4421,4876000
2023-04-25,55.1823,55.2785,54.5666,54.5762,5345900
2023-04-26,54.5955,54.9418,53.9365,53.9990,6964600
2023-04-27,56.0289,57.3084,55.8942,57.1352,9597400
2023-04-28,56.8755,57.6355,56.8274,57.6259,7480600
2023-05-01,57.5393,57.8568,57.2074,57.6163,7220800
2023-05-02,57.4335,57.5297,56.2694,56.5484,10152100
2023-05-03,56.6831,57.1833,56.2357,56.3271,8671300
2023-05-04,56.0000,56.0193,55.3940,55.4228,7134000
2023-05-05,55.5575,56.2261,55.2496,56.1155,4970900
2023-05-08,56.0385,56.7697,55.9904,56.6831,3997000
2023-05-09,56.5388,56.7697,56.2790,56.3271,7635100
2023-05-10,56.8466,56.9957,56.0000,56.8274,6380700
2023-05-11,57.0679,57.7365,56.8178,57.3950,7617800
2023-05-12,57.5008,57.6066,57.0727,57.4431,4019800
2023-05-15,57.4431,57.8519,57.3132,57.7125,3557900
2023-05-16,57.4238,57.8616,57.3440,57.6451,3775800
2023-05-17,57.7413,58.5975,57.6066,58.3474,5544900
2023-05-18,58.3859,59.4489,58.3859,59.3960,6547900
2023-05-19,59.4345,59.8097,58.8477,59.0785,5739500
2023-05-22,59.1651,60.0598,59.1363,59.6173,4924900
2023-05-23,59.2806,59.7472,58.8765,58.8765,4214600
2023-05-24,58.5590,58.8813,58.2704,58.6071,6112700
2023-05-25,59.1555,59.2036,58.4436,58.6071,5962500
2023-05-26,58.7034,59.8386,58.4340,59.8001,8314700
2023-05-30,60.2811,60.3388,59.5596,59.8963,6807700
2023-05-31,59.6462,60.0213,59.4345,59.8770,7566500
2023-06-01,60.0502,60.7862,59.9155,60.6851,10175700
2023-06-02,60.4350,60.9689,60.2522,60.7621,8956400
2023-06-05,60.5312,61.4548,60.5312,60.9160,7260600
2023-06-06,60.8775,61.5414,60.7525,61.1662,4420100
2023-06-07,61.2816,61.8203,60.3677,60.4831,5343100
2023-06-08,60.2426,60.9930,60.1570,60.7910,4159300
2023-06-09,60.7717,61.2095,60.6322,60.8102,8008400
2023-06-12,61.0315,61.5798,60.9064,61.5317,4675100
2023-06-13,62.0224,62.2629,61.4836,61.7338,5138400
2023-06-14,61.6760,62.2533,61.1662,61.8396,5512800
2023-06-15,61.7434,63.0325,61.5125,62.8209,6185600
2023-06-16,63.0902,63.1191,62.2148,62.3014,7422300
2023-06-20,61.9400,62.2002,61.5160,61.9978,5617500
2023-06-21,61.7377,61.7858,61.2366,61.3811,5208100
2023-06-22,61.1980,61.8726,60.9668,61.8629,4281500
2023-06-23,61.3426,61.9400,61.2366,61.7280,6838400
2023-06-26,61.6317,62.0075,61.0053,61.1113,4905500
2023-06-27,61.1691,62.4025,61.1306,62.1424,6508500
2023-06-28,61.9689,62.5760,61.9352,62.4218,3975800
2023-06-29,62.1713,62.4122,61.9256,62.0845,3652600
2023-06-30,62.5567,62.9489,62.5567,62.7109,5248600
2023-07-03,62.5085,62.9325,62.4604,62.9229,2809000
2023-07-05,62.7494,63.6263,62.6820,63.4047,6774700
2023-07-06,62.9422,63.0722,62.5134,62.9036,5245600
2023-07-07,62.6820,63.3661,62.6049,62.6820,5070500
2023-07-10,62.7976,63.1060,62.1761,62.5182,4535300
2023-07-11,62.5471,63.7516,62.4411,63.6070,6782400
2023-07-12,64.1370,64.5610,63.9443,64.3779,6097200
2023-07-13,64.9368,65.4475,64.7923,65.3222,5963200
2023-07-14,65.1391,65.3704,64.5860,64.7055,6236300
2023-07-17,64.7056,64.8838,64.2334,64.4743,4982100
2023-07-18,64.4454,65.0235,64.4357,64.9175,5209500
2023-07-19,65.1680,65.5149,64.8886,65.1006,6908900
2023-07-20,64.6477,65.0235,63.6986,63.8094,8461900
2023-07-21,64.0021,64.0792,62.9614,63.1734,7016800
2023-07-24,63.4529,63.7130,63.0771,63.2890,5837200
2023-07-25,63.4529,63.7708,63.1927,63.4914,5463200
2023-07-26,64.6574,64.7826,63.9732,64.4839,6260700
2023-07-27,66.3822,66.7002,64.8983,65.0235,10384200
2023-07-28,65.6691,66.6231,65.5535,66.3051,6244300
2023-07-31,66.2473,66.6761,66.0257,66.2858,7829500
2023-08-01,65.9293,66.4111,65.8281,66.1991,5671800
2023-08-02,65.5439,65.6113,64.7537,64.9561,6492400
2023-08-03,64.5706,65.1825,64.4791,64.7923,4540500
2023-08-04,65.0235,65.5487,64.5793,64.6477,4904800
2023-08-07,65.0042,65.6788,64.9368,65.6498,4493400
2023-08-08,65.3126,65.6017,65.0052,65.4668,4531800
2023-08-09,65.5535,65.6595,64.5321,64.7634,8905900
2023-08-10,65.3222,65.7848,64.7923,64.9850,5574700
2023-08-11,64.5417,64.9946,64.3779,64.6766,4473700
2023-08-14,64.5514,65.1681,64.4165,65.1488,3788800
2023-08-15,64.8983,65.0139,64.4261,64.5706,5024700
2023-08-16,64.2816,64.5996,63.7998,63.7998,4912600
2023-08-17,63.9925,64.1274,63.0578,63.0674,6309800
2023-08-18,62.3736,62.9325,62.0942,62.6916,6811000
2023-08-21,62.6531,63.2630,62.4989,63.1445,3533500
2023-08-22,63.3661,63.5396,63.0481,63.1445,4628500
2023-08-23,63.3854,64.4694,63.3758,64.1659,5836600
2023-08-24,64.4357,64.5514,62.9325,62.9325,5732200
2023-08-25,63.0192,63.3083,61.9737,63.0000,6548200
2023-08-28,63.4047,63.8190,63.2409,63.7708,4719100
2023-08-29,63.9154,65.2933,63.8961,65.1873,5346300
2023-08-30,65.1970,65.3704,64.8597,65.1970,4556800
2023-08-31,65.2741,65.7366,65.2114,65.2644,4070400
2023-09-01,65.4764,65.4764,64.4868,64.6574,4034600
2023-09-05,64.5899,65.0283,64.5899,64.6477,4403700
2023-09-06,64.6477,64.7923,64.0840,64.4454,5208200
2023-09-07,64.1659,64.8404,63.8576,64.3297,4850300
2023-09-08,64.3490,64.8212,64.3490,64.5224,3645200
2023-09-11,64.8212,65.6258,64.8212,65.4957,5761100
2023-09-12,65.3511,65.3993,64.7537,64.8115,8751200
2023-09-13,64.8983,65.1681,64.5321,65.0235,4536000
2023-09-14,65.4282,66.0160,65.1054,65.9293,5912400
2023-09-15,65.9100,65.9727,64.9272,65.0524,7611000
2023-09-18,64.9539,65.3355,64.9259,65.0988,3755400
2023-09-19,64.9442,65.3355,64.6061,65.1471,3366200
2023-09-20,65.2823,65.3789,64.2584,64.2584,4766100
2023-09-21,63.7367,64.1231,63.4663,63.4663,6303400
2023-09-22,63.7850,64.1714,63.3890,63.3890,5348500
2023-09-25,63.1475,63.5435,62.9253,63.5435,4129700
2023-09-26,62.9253,63.0702,62.6548,62.8384,5199600
2023-09-27,63.0509,63.3300,62.1235,63.0026,6537600
2023-09-28,62.9832,64.0265,62.9736,63.6981,4803100
2023-09-29,64.1231,64.3260,63.1475,63.3407,6325900
2023-10-02,63.5242,64.0024,63.3301,63.8140,6891000
2023-10-03,63.4759,63.9106,62.8239,62.9543,6603800
2023-10-04,62.9060,63.6884,62.7224,63.5532,6884900
2023-10-05,63.4856,63.6401,62.8287,63.4663,4678000
2023-10-06,63.0412,64.7510,62.9543,64.6351,7387200
2023-10-09,64.3163,65.5151,64.2004,65.3306,6979700
2023-10-10,65.4176,66.1034,65.3500,65.7074,7788400
2023-10-11,65.9682,66.5333,65.9199,66.3063,7686800
2023-10-12,66.4029,66.4415,65.2147,65.5238,6276900
2023-10-13,65.5142,65.8040,64.4429,64.7897,8251500
2023-10-16,65.2727,65.9295,65.1423,65.8329,6463500
2023-10-17,65.4659,66.1662,65.4098,66.0648,4743600
2023-10-18,65.7460,66.0870,64.8042,64.9249,7334200
2023-10-19,65.9199,66.0165,64.8186,64.8573,9381400
2023-10-20,64.9346,65.1751,64.2149,64.2584,8249500
2023-10-23,64.2004,65.0553,63.8430,64.5965,6415200
2023-10-24,65.2437,65.7315,64.9056,65.3596,6181200
2023-10-25,63.9010,63.9879,62.4809,62.5292,11531200
2023-10-26,61.6598,61.8627,60.6842,61.1672,14266200
2023-10-27,61.2251,61.5729,60.6987,60.9450,10356300
2023-10-30,61.4763,62.4761,61.4280,62.2008,9146500
2023-10-31,62.3843,62.5486,61.9255,62.5196,6375400
2023-11-01,62.5003,63.4740,62.4326,63.4373,8172400
2023-11-02,64.2197,64.4226,63.8768,64.2777,7342500
2023-11-03,64.7993,65.4755,64.7800,65.2630,7059000
2023-11-06,65.2920,65.4321,64.8090,65.0891,4962500
2023-11-07,65.1857,65.6881,65.0457,65.4369,5996200
2023-11-08,65.2051,65.3789,64.8959,65.1278,4573700
2023-11-09,65.4755,65.7702,64.9442,65.1085,4941200
2023-11-10,65.2147,66.1566,64.9829,66.1421,5105500
2023-11-13,65.8426,66.2677,65.6581,65.9972,7809400
2023-11-14,67.0308,67.6104,66.9535,67.0694,6034400
2023-11-15,67.4655,67.5331,67.0453,67.3979,5401800
2023-11-16,67.4220,67.7263,67.0984,67.6973,7438400
2023-11-17,67.5331,67.7070,67.2916,67.6877,3914300
2023-11-20,67.5138,68.5233,67.4365,68.4508,5727700
2023-11-21,68.3059,68.4015,68.0065,68.2190,3902200
2023-11-22,68.5667,69.0642,68.5571,68.7793,4188500
2023-11-24,68.6923,68.8083,68.3591,68.5474,2416400
2023-11-27,68.2093,68.5667,68.0837,68.1224,3909800
2023-11-28,67.9775,68.3156,67.7746,68.2866,4779600
2023-11-29,68.4798,68.5474,67.6490,67.7939,4089000
2023-11-30,67.7939,67.9871,66.8279,67.3979,7202700
2023-12-01,67.2820,67.5785,66.8569,67.5331,7708500
2023-12-04,66.6541,66.9439,66.4126,66.8569,6609500
2023-12-05,66.6927,67.1226,66.1807,66.5478,5984500
2023-12-06,66.9439,67.0115,66.2966,66.3739,4552500
2023-12-07,67.0308,68.1175,67.0115,67.7650,6122600
2023-12-08,67.1950,68.2576,67.1950,68.0837,5282500
2023-12-11,67.8036,67.8422,67.2723,67.5621,6300500
2023-12-12,67.4848,67.8422,67.2047,67.8422,7862100
2023-12-13,67.9002,68.6295,67.6780,68.4798,7708400
2023-12-14,68.7020,69.1029,68.1852,68.7793,6461000
2023-12-15,68.4798,68.9435,68.3252,68.6054,7243200
2023-12-18,68.7545,69.7713,68.7545,69.4517,6993300
2023-12-19,69.5776,70.2603,69.5776,70.1586,4835800
2023-12-20,70.2167,70.9479,69.6067,69.6163,6523400
2023-12-21,70.1780,70.3620,69.7132,70.3039,4867100
2023-12-22,70.4492,70.7833,69.9843,70.3136,4763900
2023-12-26,70.4201,70.6719,70.2749,70.5847,2461800
2023-12-27,70.5944,70.7203,70.3378,70.5944,4508600
2023-12-28,70.6816,71.0379,70.6816,70.7881,5465800
2023-12-29,70.6428,70.7397,70.0812,70.3620,4744400
2024-01-02,70.0231,70.1296,69.3985,69.9650,6003800
2024-01-03,69.7907,70.2264,69.6067,69.7035,7592700
2024-01-04,69.8100,69.8972,69.4711,69.4711,6665400
2024-01-05,69.5292,70.1586,69.4711,69.7616,5277300
2024-01-08,69.9940,70.8704,69.8100,70.8462,4658200
2024-01-09,70.5072,70.9430,70.3717,70.7009,3533000
2024-01-10,70.8462,71.6373,70.7397,71.3594,7234900
2024-01-11,71.6596,71.6693,70.5073,71.1270,6962800
2024-01-12,71.4175,71.7662,71.3207,71.4756,3862400
2024-01-16,71.1754,71.4079,70.8220,71.0689,6365600
2024-01-17,70.6428,70.7106,70.0328,70.6332,6561800
2024-01-18,70.7590,71.5434,70.7590,71.4950,6420400
2024-01-19,71.8533,72.5070,71.5725,72.4634,6446700
2024-01-22,72.8314,73.2671,72.5699,72.6086,5694400
2024-01-23,73.1509,73.3630,72.9718,73.3252,4663500
2024-01-24,74.0709,74.4873,73.7165,73.7804,6991100
2024-01-25,74.1193,74.9812,73.8966,74.9812,6161800
2024-01-26,74.8746,75.5186,74.8553,75.2233,4718200
2024-01-29,75.1845,75.9108,74.9250,75.8527,4065400
2024-01-30,75.6687,75.8817,75.3007,75.3395,4596900
2024-01-31,73.9256,74.5163,73.4414,73.4802,9336400
2024-02-01,74.1483,74.5454,73.9111,74.2355,6907200
2024-02-02,76.5693,77.6781,75.8236,77.2181,11971800
2024-02-05,76.7823,77.0631,76.1044,76.1335,7886300
2024-02-06,76.5305,76.7145,75.7607,75.9011,6738300
2024-02-07,76.2594,76.5402,76.1074,76.2885,5980100
2024-02-08,76.7823,76.7920,76.2691,76.5790,4267600
2024-02-09,76.6564,76.9034,76.3669,76.6661,7624600
2024-02-12,76.6177,77.6539,76.5790,76.9082,4285300
2024-02-13,75.7171,76.2497,75.4557,75.8236,8023900
2024-02-14,76.5790,77.0535,76.1432,77.0341,7344700
2024-02-15,76.8114,77.8766,76.6661,77.6635,6672500
2024-02-16,77.2375,77.3149,76.3659,76.4531,7036600
2024-02-20,76.0463,76.5886,76.0076,76.3369,8030600
2024-02-21,76.0948,76.2981,75.7607,76.2497,6142700
2024-02-22,77.1406,77.6209,76.6467,77.3924,7108600
2024-02-23,77.3246,77.6974,77.0486,77.1987,7327500
2024-02-26,76.8888,76.9857,76.0464,76.0754,7872600
2024-02-27,76.1238,76.7048,76.0173,76.6952,4502500
2024-02-28,76.2788,76.4627,75.9979,76.1722,3774600
2024-02-29,76.6661,77.0922,76.1722,76.8501,6774300
2024-03-01,76.9082,77.7555,76.9034,77.4892,5829000
2024-03-04,77.3149,77.3633,76.3708,76.4724,7165800
2024-03-05,75.9592,76.2013,75.6009,75.8527,7602700
2024-03-06,76.4628,76.5693,75.7123,75.9592,6833300
2024-03-07,76.5499,77.4021,76.3853,77.1890,6460500
2024-03-08,77.3053,78.1816,76.6855,77.0728,8710000
2024-03-11,76.7823,77.2859,76.3320,76.9276,6934200
2024-03-12,77.3052,77.8766,76.8888,77.6054,7405100
2024-03-13,77.5764,78.1187,77.5376,77.7410,5496500
2024-03-14,77.9928,78.0509,77.1116,77.5570,7210300
2024-03-15,77.2278,77.6054,76.6274,76.7823,8166300
2024-03-18,78.2233,78.6593,78.1165,78.3592,5360600
2024-03-19,78.0582,78.3981,77.6504,78.3301,4777100
2024-03-20,78.4660,79.4079,78.2136,79.2525,4432700
2024-03-21,79.8643,79.8643,79.2234,79.2817,5377200
2024-03-22,79.4856,79.7769,79.3011,79.4467,3214200
2024-03-25,79.2234,79.2719,78.7573,79.1749,3732500
2024-03-26,79.3205,79.6361,78.9127,79.0098,5441600
2024-03-27,79.3787,79.4856,78.7767,79.4176,4177800
2024-03-28,79.3982,79.5244,79.1457,79.2914,5294700
2024-04-01,79.1846,79.9322,79.0001,79.9031,5290700
2024-04-02,79.2137,79.8351,79.0389,79.7769,5271200
2024-04-03,79.7186,80.4760,79.6506,80.4080,5158900
2024-04-04,80.7770,81.1605,79.2914,79.3205,8000500
2024-04-05,79.4759,80.5051,79.3205,80.1264,6619400
2024-04-08,80.2575,80.5731,80.0584,80.1361,3503100
2024-04-09,80.3400,80.7770,79.7380,80.2235,4733100
2024-04-10,79.4613,79.7380,79.2137,79.5924,6845300
2024-04-11,79.9128,80.5294,79.4273,80.2915,4072900
2024-04-12,79.7672,79.9322,78.8447,78.9709,5997200
2024-04-15,79.6118,79.7089,77.7669,77.9708,6494700
2024-04-16,77.7475,78.1456,77.5096,77.7086,7501000
2024-04-17,78.2427,78.3010,77.2134,77.6407,4862200
2024-04-18,77.9126,78.6602,77.8058,78.0194,4539400
2024-04-19,77.8446,77.8737,76.6017,77.1649,6854700
2024-04-22,77.6989,77.8931,76.6600,77.2717,5458300
2024-04-23,77.7475,78.7233,77.6601,78.4466,5068000
2024-04-24,78.6991,78.8738,77.7960,78.4952,6196600
2024-04-25,74.4170,75.9706,74.2616,75.6987,14354200
2024-04-26,77.5630,77.9660,77.0872,77.7863,13015600
2024-04-29,77.4562,77.5339,76.5629,76.8833,5357800
2024-04-30,76.6114,76.7571,75.6016,75.6016,7333500
2024-05-01,75.7084,77.5047,75.6501,76.3007,9300500
2024-05-02,76.6600,77.1843,76.0968,77.0678,6956800
2024-05-03,77.6407,78.0485,77.2426,77.8834,4813300
2024-05-06,78.2524,78.9418,78.0485,78.9418,4714000
2024-05-07,78.8544,79.2525,78.7864,79.0292,3453300
2024-05-08,78.2621,79.3225,78.2524,78.9030,2941300
2024-05-09,78.7962,79.3011,78.6894,79.3011,3995900
2024-05-10,79.1360,79.4856,78.8981,79.4176,3563900
2024-05-13,78.9418,79.3108,78.7428,79.2719,2715500
2024-05-14,79.3787,79.7186,79.2477,79.6312,2730100
2024-05-15,80.0779,80.2041,79.5827,80.1361,3487700
2024-05-16,79.9614,80.2876,79.8740,80.0779,3136600
2024-05-17,80.0779,80.2332,79.8740,80.2138,2714100
2024-05-20,80.0973,80.5391,80.0390,80.4469,2157300
2024-05-21,80.3109,80.5342,80.0973,80.3400,2317200
2024-05-22,80.2041,80.5634,80.1361,80.4371,2602600
2024-05-23,80.5925,80.7381,79.1758,79.5244,3534100
2024-05-24,79.8934,80.6216,79.7866,80.5440,2028000
2024-05-28,80.3109,80.7382,80.2332,80.6799,2786100
2024-05-29,80.1167,80.6022,80.0973,80.2527,2768800
2024-05-30,80.1556,80.1556,79.6604,79.9905,2942200
2024-05-31,79.8740,80.8838,79.4322,80.8450,3600000
2024-06-03,81.0780,81.4858,80.4760,81.1654,5947600
2024-06-04,81.0294,81.5635,80.8255,81.4761,2879000
2024-06-05,81.9907,82.4957,81.8742,82.4665,4160500
2024-06-06,82.4083,83.0685,82.3888,82.5151,3184500
2024-06-07,82.5054,82.8015,81.8781,81.9519,3463000
2024-06-10,81.8839,82.2432,81.5684,82.1558,3442900
2024-06-11,82.0102,82.3791,81.7577,82.3112,5804300
2024-06-12,82.8743,83.1462,81.6315,82.1364,4248000
2024-06-13,81.7092,81.7771,81.2722,81.4276,3595500
2024-06-14,81.0489,81.7189,81.0489,81.6897,2402800
2024-06-17,81.3790,82.3287,80.9858,82.0781,3420600
2024-06-18,81.9422,82.2238,81.3790,81.5926,3004500
2024-06-20,81.5829,81.9956,81.4373,81.9422,3650900
2024-06-21,82.2820,82.6170,82.0004,82.4762,3724700
2024-06-24,82.7527,83.2590,82.5726,82.7527,3724900
2024-06-25,82.7430,83.7165,82.6456,83.6776,3225400
2024-06-26,83.2200,83.7847,83.1422,83.6874,2746500
2024-06-27,83.8139,84.2618,83.7555,84.1644,2988500
2024-06-28,84.1254,84.7193,83.3661,83.3953,4025100
2024-07-01,83.5218,83.6581,82.6505,83.0448,3213100
2024-07-02,82.8403,83.7847,82.7917,83.7847,2934400
2024-07-03,83.6679,83.9745,83.6095,83.8139,2081200
2024-07-05,83.7944,85.5274,83.7944,85.4398,3344400
2024-07-08,85.4787,85.4982,84.5441,84.6706,3043300
2024-07-09,85.0795,85.2081,84.8069,84.9335,2347500
2024-07-10,84.9919,85.6101,84.9043,85.4689,5169400
2024-07-11,85.2840,85.5371,84.0573,84.3007,3949100
2024-07-12,83.8626,84.6414,83.7750,84.0281,3443500
2024-07-15,83.9989,84.9919,83.9599,84.3299,3543000
2024-07-16,84.6317,85.0698,84.1741,84.5538,3843000
2024-07-17,83.7457,83.8918,83.0740,83.2784,5222000
2024-07-18,83.9405,84.0086,83.0350,83.2298,4524600
2024-07-19,83.5121,83.6971,82.7819,82.8598,3402800
2024-07-22,83.2298,83.4245,82.7235,83.2103,4204700
2024-07-23,83.0837,83.5316,82.6992,83.0935,4242400
2024-07-24,81.7207,81.8765,80.8543,80.9224,7701200
2024-07-25,81.1171,81.5747,79.9683,79.9878,7788500
2024-07-26,81.0782,81.7840,80.7472,81.4871,6660500
2024-07-29,81.8765,82.5970,81.6429,82.2075,4184300
2024-07-30,82.3536,82.8014,81.8522,82.5385,5373800
2024-07-31,83.2979,83.9113,83.1032,83.5218,4545600
2024-08-01,85.2451,85.5955,83.2979,83.8626,7523000
2024-08-02,83.1032,83.6776,82.0323,82.4996,9145600
2024-08-05,79.3063,81.2729,79.0045,80.1338,10799500
2024-08-06,80.3091,82.0323,80.2312,81.0782,9076800
2024-08-07,81.9447,82.5483,80.5622,80.6498,8590900
2024-08-08,81.0100,82.3244,80.9322,82.2562,7612000
2024-08-09,81.9739,83.0448,81.8084,82.9572,4385800
2024-08-12,83.0545,83.0545,82.1978,82.3828,3131900
2024-08-13,82.8403,83.5656,82.7138,83.4537,4184100
2024-08-14,83.2200,83.4440,82.6164,82.9766,4069000
2024-08-15,83.4342,83.8139,83.2006,83.7263,3665400
2024-08-16,83.7166,84.2228,83.6289,83.9794,3929000
2024-08-19,84.2033,84.9627,84.2033,84.9335,2807400
2024-08-20,84.8069,85.1964,84.7145,84.8751,3355800
2024-08-21,84.9335,85.3911,84.7290,85.2353,3298900
2024-08-22,85.5663,85.6734,84.3396,84.5928,2984400
2024-08-23,85.1185,85.5274,84.5636,85.1866,3009000
2024-08-26,85.3327,85.6247,85.0406,85.3813,2976700
2024-08-27,85.1477,85.6929,85.0211,85.1866,2554100
2024-08-28,85.1477,85.2548,84.2033,84.6220,3182900
2024-08-29,85.1087,85.4884,84.2520,84.4467,3240300
2024-08-30,84.8556,85.0795,84.1547,85.0114,3072400
2024-09-03,84.6609,84.9238,83.0594,83.4537,5599400
2024-09-04,83.2103,84.2131,82.9913,83.0545,5200200
2024-09-05,82.9864,83.7068,82.8598,83.2979,3562800
2024-09-06,83.4342,83.8431,81.4676,81.5552,4422300
2024-09-09,81.9933,82.4314,81.4822,81.9057,4120300
2024-09-10,82.2173,82.4607,81.3118,81.8863,3924200
2024-09-11,81.9641,82.3730,80.4649,82.2270,5549300
2024-09-12,82.7138,83.7944,82.7138,83.7652,4689000
2024-09-13,83.6484,84.7631,83.6484,84.5733,3026500
2024-09-16,84.8361,85.5079,84.4857,85.4592,3275300
2024-09-17,85.7416,86.2867,85.0211,85.4592,4079400
2024-09-18,85.6150,86.2576,85.2548,85.3911,5009700
2024-09-19,86.8806,87.1727,86.3354,86.5496,4036400
2024-09-20,86.6762,86.7638,86.0920,86.5496,5857700
2024-09-23,86.9685,87.0759,86.5193,86.7439,3361400
2024-09-24,86.8611,87.1883,86.2557,87.1541,2735700
2024-09-25,87.0955,87.4763,86.8416,86.8807,2692100
2024-09-26,87.5642,87.7791,86.9246,87.3689,2245700
2024-09-27,87.6326,88.2282,87.5466,87.8962,2532000
2024-09-30,87.8865,88.3698,87.5398,88.2771,3269700
2024-10-01,88.5896,88.8435,87.5154,88.3454,4859400
2024-10-02,88.0232,88.3259,87.8669,88.0720,5005700
2024-10-03,87.5837,87.9743,87.3103,87.7693,5052600
2024-10-04,88.3161,88.8386,87.7888,88.7458,3345600
2024-10-07,88.7165,88.8141,87.4177,87.5544,2473800
2024-10-08,87.8572,88.4187,87.6130,88.3259,3753200
2024-10-09,88.3064,88.4236,87.5740,88.3552,2390400
2024-10-10,88.0037,88.3747,87.6716,87.7009,3136400
2024-10-11,87.9158,88.5310,87.7595,88.3064,1861400
2024-10-14,88.5407,88.9948,88.4138,88.7165,3436000
2024-10-15,88.9118,89.2975,88.6335,88.9118,3436500
2024-10-16,88.5114,88.9704,88.4236,88.8532,3198700
2024-10-17,89.2438,89.2634,88.2771,88.4333,2237600
2024-10-18,88.9997,89.3317,88.9118,89.0876,2665500
2024-10-21,89.0485,89.1169,88.2380,88.7360,2920800
2024-10-22,88.3357,88.9899,88.1599,88.8630,3423200
2024-10-23,88.6579,88.9802,87.8620,88.1892,3015500
2024-10-24,88.4333,88.5749,87.9451,88.4919,2044700
2024-10-25,89.0095,89.6491,88.6286,88.7165,2943700
2024-10-28,89.5661,89.6149,88.9509,89.2829,2079700
2024-10-29,89.2829,90.2301,89.0729,90.1227,3839600
2024-10-30,91.3824,91.7144,90.5670,90.6695,4871800
2024-10-31,90.7086,91.2262,89.8493,89.8786,4840000
2024-11-01,90.2106,90.8014,90.0446,90.2301,5714000
2024-11-04,90.4840,90.5133,89.4782,89.9274,3003700
2024-11-05,90.2887,91.0211,90.2106,90.9234,3090100
2024-11-06,92.2710,93.2573,92.1343,93.1597,5477400
2024-11-07,93.5796,94.5707,93.5210,94.3803,5268000
2024-11-08,94.3608,94.3608,93.6284,93.9213,3219700
2024-11-11,93.9409,94.5268,93.9164,94.4486,2625100
2024-11-12,94.5170,94.9564,94.1264,94.8783,3260600
2024-11-13,94.8881,95.3080,94.3315,94.9174,2937100
2024-11-14,95.0346,95.3275,94.4682,94.8100,3170300
2024-11-15,94.3315,94.5170,92.6079,92.9155,3526400
2024-11-18,93.1401,94.0385,92.9839,93.8335,3880700
2024-11-19,93.0229,94.5414,92.9839,94.4486,3186700
2024-11-20,94.6049,95.0687,93.8530,95.0541,3069500
2024-11-21,95.0053,95.0541,93.5112,94.8100,3833900
2024-11-22,94.4682,94.9467,94.2241,94.6049,3266100
2024-11-25,95.0834,95.6986,94.5951,95.0931,4387200
2024-11-26,95.1322,95.7377,95.1322,95.4447,2513400
2024-11-27,95.6498,95.8500,95.2640,95.5716,2413700
2024-11-29,95.5423,96.2220,95.4398,96.0892,1960500
2024-12-02,96.1576,96.9583,96.0111,96.8802,4975900
2024-12-03,96.9583,97.7102,96.8314,97.6614,3077300
2024-12-04,97.6321,97.9934,97.4710,97.8860,2550200
2024-12-05,98.1497,98.2180,97.5686,97.6614,2493900
2024-12-06,97.6516,98.7502,97.5930,98.5598,4364500
2024-12-09,98.4719,98.6086,96.4017,96.4603,5040300
2024-12-10,97.4270,98.2463,97.2317,97.9739,5125300
2024-12-11,98.1985,99.7414,98.1985,99.5754,4015700
2024-12-12,99.7511,100.2589,99.5851,99.7609,2885400
2024-12-13,99.2336,99.4875,98.5061,98.5696,3371500
2024-12-16,99.2238,99.6437,98.8430,98.9504,4222700
2024-12-17,98.8039,99.2824,98.1252,98.2082,4707900
2024-12-18,98.1789,98.6281,95.3373,95.4056,6406000
2024-12-19,96.5384,96.6946,95.1029,95.1420,5026100
2024-12-20,94.4584,96.7190,94.4291,95.6595,6285600
2024-12-23,95.8788,96.2705,95.1054,96.1823,3768900
2024-12-24,96.2998,97.0929,95.9474,97.0929,1626800
2024-12-26,96.7013,97.1076,96.4467,96.9656,3512400
2024-12-27,96.4467,96.5642,95.2327,96.1040,4100400
2024-12-30,94.9879,95.6341,94.3133,95.0956,3211100
2024-12-31,95.2033,95.5655,94.5669,94.7823,3616300
2025-01-02,95.2816,95.9572,94.4396,95.2425,6900500
2025-01-03,95.7809,96.1921,95.1641,95.8299,5454100
2025-01-06,96.2998,97.1076,96.2019,96.8677,5325300
2025-01-07,96.8187,97.2104,95.4187,95.7907,5058400
2025-01-08,95.3306,95.5558,94.5571,95.2229,4631600
2025-01-10,94.7138,94.8998,93.1669,93.8032,4797400
2025-01-13,93.1766,93.8914,92.9319,93.8424,6992500
2025-01-14,93.9305,94.0578,93.0004,93.5291,4194700
2025-01-15,94.8900,95.4383,94.6844,95.0662,4115700
2025-01-16,94.9096,95.1837,94.4935,94.5278,2943600
2025-01-17,95.7516,95.8103,94.8606,95.3502,3109100
2025-01-21,96.0159,96.6474,95.9180,96.2117,4817400
2025-01-22,97.4160,97.7195,97.0243,97.1712,5382400
2025-01-23,96.5642,97.4258,96.3831,97.4258,3721300
2025-01-24,97.6020,98.3461,97.5237,98.3069,3386700
2025-01-27,96.9068,99.1195,96.7208,98.8160,9407500
2025-01-28,98.8943,99.6551,98.5223,99.2957,5445400
2025-01-29,99.9126,100.1279,99.4622,99.7363,4797400
2025-01-30,100.2454,100.9699,99.1391,99.8342,5112700
2025-01-31,100.5685,101.3371,99.9909,100.2356,9101800
2025-02-03,99.0020,100.9063,98.9922,100.4510,7196700
2025-02-04,100.9112,101.5094,100.6175,101.3518,5543600
2025-02-05,100.1279,100.3923,99.4279,100.3727,6058900
2025-02-06,100.4608,100.8524,100.1182,100.8035,2892000
2025-02-07,101.3322,101.6651,100.4510,100.5881,3142800
2025-02-10,101.4497,101.4595,100.6468,101.0385,3042100
2025-02-11,100.5098,101.3322,100.4412,101.2049,2564500
2025-02-12,100.4902,101.5574,100.3140,101.3126,5391900
2025-02-13,101.3028,102.5364,101.1755,102.4777,2833500
2025-02-14,102.4875,103.3686,102.3994,103.1043,3425200
2025-02-18,103.0553,103.1239,101.9314,102.6245,3447900
2025-02-19,102.3798,102.8301,101.9882,102.7420,3469000
2025-02-20,102.4973,102.5168,101.5965,102.2623,2984900
2025-02-21,102.5462,102.6343,100.7741,100.8622,3639600
2025-02-24,101.4888,101.7777,100.5685,101.0580,5415600
2025-02-25,101.0776,101.1560,99.0216,99.5601,6021500
2025-02-26,99.4328,100.4608,99.1489,99.3839,5079500
2025-02-27,100.0398,100.4510,98.3705,98.4244,3727300
2025-02-28,98.7377,99.9860,98.0034,99.8636,5690800
2025-03-03,100.1965,100.8818,98.4048,98.8650,6074500
2025-03-04,98.5712,99.1880,97.1418,98.0817,7329500
2025-03-05,98.0719,99.6286,97.3768,99.3447,4899600
2025-03-06,98.4733,99.3202,97.1222,97.5628,4829600
2025-03-07,97.1027,98.5419,96.0159,98.1894,5501700
2025-03-10,96.7110,97.1516,94.9585,95.7418,6896200
2025-03-11,94.7529,95.7418,93.5389,94.3319,6699400
2025-03-12,95.2914,95.6047,93.5487,94.8019,4698800
2025-03-13,94.4788,94.8019,92.6382,92.8536,4763600
2025-03-14,93.5781,94.7725,93.0788,94.5571,3486000
2025-03-17,94.5571,95.6781,94.5571,95.2327,3031100
2025-03-18,94.8900,94.8900,93.1473,93.9012,4424100
2025-03-19,94.2634,95.7516,93.9403,95.0173,5875000
2025-03-20,94.4396,95.9376,94.3026,94.8117,4881600
2025-03-21,94.1459,95.6439,94.1459,95.5558,5717500
2025-03-24,96.8451,97.0660,96.4179,96.9089,3651300
2025-03-25,97.3213,98.2689,97.1249,98.1363,2499900
2025-03-26,98.0479,98.4014,97.1495,97.3017,4482900
2025-03-27,96.9776,97.7730,96.7714,96.8696,3319300
2025-03-28,96.6929,96.7812,93.9139,94.0121,5595200
2025-03-31,93.4131,94.8222,92.4312,94.7093,5187100
2025-04-01,94.4147,95.4458,93.7666,94.7682,5884200
2025-04-02,93.9827,95.5833,93.7765,95.1021,5557500
2025-04-03,92.3232,93.1578,90.7324,90.8601,10078100
2025-04-04,88.6310,89.3577,85.5968,85.6557,13027900
2025-04-07,82.9357,89.1122,82.5036,85.7735,22019700
2025-04-08,88.5034,88.7685,83.5838,84.5756,13553900
2025-04-09,83.9078,92.4508,83.4316,92.0482,23909100
2025-04-10,90.9386,91.1841,86.7457,88.8667,9320700
2025-04-11,88.7685,89.8879,87.9829,89.6228,4819500
2025-04-14,90.8306,91.4021,89.6424,90.2218,3668100
2025-04-15,90.5164,91.2725,90.2414,90.4476,3142400
2025-04-16,89.6621,89.8683,87.2661,88.0124,3857000
2025-04-17,88.5230,89.2300,87.9142,88.5819,3516700
2025-04-21,87.8356,88.1990,85.9110,86.5886,5533900
2025-04-22,87.3054,89.1711,87.2759,88.8471,4283800
2025-04-23,90.6047,91.7782,89.8683,90.2709,5029400
2025-04-24,90.0058,92.2495,89.7996,92.0777,3040400
2025-04-25,92.8338,92.9713,91.9893,92.6570,3168500
2025-04-28,92.9713,93.5015,92.1562,93.0105,2455000
2025-04-29,92.6963,93.7765,92.5186,93.6881,2714700
2025-04-30,92.7749,93.9679,91.4591,93.7176,3123000
2025-05-01,94.9941,95.1708,93.9434,94.1987,3753300
2025-05-02,94.8075,96.1587,94.6700,95.6618,3542600
2025-05-05,94.6406,96.3001,94.4933,95.8877,3764000
2025-05-06,94.9499,96.2510,94.9155,95.8680,4089000
2025-05-07,96.6339,97.0611,94.9057,95.6913,4160200
2025-05-08,96.2706,96.8352,95.6127,95.9171,3865800
2025-05-09,96.2412,96.3197,95.2788,95.4261,4425900
2025-05-12,97.7043,97.7190,96.5456,97.4097,3341400
2025-05-13,97.6846,98.7648,97.3999,98.3622,5384300
2025-05-14,98.3327,98.9710,98.1953,98.8728,4406000
2025-05-15,98.9317,99.7615,98.8139,99.2656,3259800
2025-05-16,99.6387,99.9775,99.0299,99.9431,4156300
2025-05-19,98.8532,100.0904,98.8532,100.0413,3947600
2025-05-20,99.8351,100.3261,99.2950,99.7958,2603100
2025-05-21,99.0986,100.6207,98.8139,99.0496,5864300
2025-05-22,99.3343,99.7075,98.7746,98.8335,3808400
2025-05-23,97.9399,98.7648,97.8025,98.3818,3894000
2025-05-27,99.3441,100.1493,99.0397,99.9824,3604100
2025-05-28,100.0217,100.5028,99.8351,99.9628,4014300
2025-05-29,100.3555,100.3555,98.3916,99.1576,4386200
2025-05-30,99.1281,99.8155,98.2345,99.5700,9044700
2025-06-02,98.7157,100.1493,98.5488,100.0610,5983100
2025-06-03,99.8449,100.1493,99.1379,99.7762,4102100
2025-06-04,99.9087,100.6059,99.8155,100.4145,4388200
2025-06-05,100.9840,101.5437,100.2672,100.5519,6785700
2025-06-06,101.5339,102.0543,101.2098,101.8383,4002100
2025-06-09,102.2016,102.4078,101.4455,101.5437,6371300
2025-06-10,101.9267,102.9921,101.4161,102.8301,7313500
2025-06-11,103.0756,103.2130,102.2507,102.5944,5455600
2025-06-12,102.3784,102.4864,101.5633,101.7597,5616100
2025-06-13,100.9349,101.6812,100.5667,100.7287,7342800
2025-06-16,101.4259,102.5404,101.3866,102.4569,6211900
2025-06-17,101.9365,102.2311,101.2933,101.5535,6034700
2025-06-18,101.8039,102.4275,101.5241,101.6026,5927300
2025-06-20,102.4275,102.7810,100.7876,100.9840,7469600
2025-06-23,101.1504,102.3414,100.3934,102.2626,6925400
2025-06-24,102.9418,103.6949,102.7647,103.5817,4685500
2025-06-25,103.6013,104.1427,103.3946,103.5620,4401800
2025-06-26,103.9065,104.8121,103.5620,104.7629,6375800
2025-06-27,104.8416,106.0622,104.8219,105.9933,6949700
2025-06-30,106.8398,107.0367,106.1803,106.8300,5652500
2025-07-01,106.4067,106.6626,105.6586,106.0720,6614100
2025-07-02,105.8752,106.0819,105.7127,105.7669,4865800
2025-07-03,106.2394,106.6528,105.9834,106.3476,3206100
2025-07-07,106.1508,106.2492,105.1172,105.3239,5533900
2025-07-08,105.5011,105.5110,104.6349,105.1074,4353000
2025-07-09,105.1664,106.0130,104.9204,105.3830,4973900
2025-07-10,105.1369,105.2157,104.6103,105.0286,4126500
2025-07-11,104.6743,104.8318,103.9163,104.3494,4769400
2025-07-14,104.4577,105.4814,104.3986,105.3731,6101100
2025-07-15,105.4617,105.6586,104.3150,104.3298,5813500
2025-07-16,104.7924,104.9794,104.0837,104.6447,6812600
2025-07-17,104.5562,105.1271,104.3150,105.0089,4640100
2025-07-18,105.0385,105.1074,103.9852,104.5266,5593900
2025-07-21,105.0975,106.1065,105.0582,105.9244,4468600
2025-07-22,106.3575,106.4264,105.8752,106.1705,5292500
2025-07-23,106.1212,106.7906,105.7964,106.7512,4967000
2025-07-24,107.6765,107.9816,106.9284,106.9284,5732700
2025-07-25,106.2443,106.5445,105.6881,105.9342,7300700
2025-07-28,105.8653,106.0425,105.1714,105.3633,6326900
2025-07-29,105.6586,105.8259,104.3986,104.4577,5396000
2025-07-30,104.8121,105.4864,104.4331,104.7825,6331700
2025-07-31,106.7414,106.9579,105.5110,105.7275,11450800
2025-08-01,105.1566,105.2747,103.9852,104.4577,9181900
2025-08-04,105.1369,106.4855,104.9991,106.4658,4883600
2025-08-05,106.5150,106.8595,105.6094,105.6389,5774100
2025-08-06,106.1803,106.3230,105.1960,106.0425,5141000
2025-08-07,106.6134,106.7414,104.9647,105.5897,6248300
2025-08-08,105.6291,106.5150,105.6291,105.9441,5984400
2025-08-11,106.2541,106.6380,106.1409,106.4854,4686800
2025-08-12,106.9776,108.6411,106.9284,108.5230,7128000
2025-08-13,108.8675,109.6599,108.7593,109.3695,8215500
2025-08-14,108.9463,110.0389,108.8971,109.4581,5120900
2025-08-15,109.7830,110.4622,109.5763,109.7338,5535500
2025-08-18,109.6353,109.6403,108.8380,109.0644,4295800
2025-08-19,109.0841,109.0841,108.0210,108.4541,5086000
2025-08-20,108.3754,108.5033,107.1154,108.1293,8825500
2025-08-21,107.8734,108.2769,107.5584,108.0112,3794600
2025-08-22,108.6510,109.9405,108.6165,109.5664,6382900
2025-08-25,109.4680,110.1422,109.3203,109.7436,5684400
2025-08-26,109.5270,109.5270,108.9364,109.2613,4680600
2025-08-27,108.9955,109.5467,108.8921,109.4483,3603900
2025-08-28,109.3794,109.9060,109.1038,109.8617,4645100
2025-08-29,109.5369,109.9651,109.1776,109.6452,4311800
2025-09-02,108.2277,109.4581,107.9816,109.4581,8205300
2025-09-03,110.8067,111.3678,110.5114,111.2890,8269300
2025-09-04,111.6827,112.3127,111.3727,112.2930,5497600
2025-09-05,112.4702,113.2823,112.0469,112.8935,5323600
2025-09-08,112.4308,113.4053,112.4062,113.0214,8005300
2025-09-09,112.9722,113.8040,112.7232,113.6613,5455400
2025-09-10,113.4742,113.5038,112.4555,112.8246,5378200
2025-09-11,113.0411,114.8277,112.5588,114.5570,14732600
2025-09-12,114.7637,115.7480,114.5865,115.5118,6091200
2025-09-15,116.0237,117.2492,115.9351,117.1360,7242400
2025-09-16,116.7767,116.9883,116.0138,116.6635,5802300
2025-09-17,116.9686,117.2442,116.0926,116.9686,5993800
2025-09-18,117.0966,117.6035,116.6290,117.0572,6022700
2025-09-19,117.3427,117.6773,116.8308,117.5395,5548000
2025-09-22,117.3963,117.7815,116.9419,117.1296,6412100
2025-09-23,117.3864,117.7717,116.8037,116.9617,4127600
2025-09-24,116.9617,117.0654,115.5047,115.9937,5099800
2025-09-25,115.4504,116.0530,115.0553,115.5986,3786700
2025-09-26,115.8455,117.0605,115.6084,116.7246,7462700
2025-09-29,117.3667,117.7964,116.9518,117.1000,4875800
2025-09-30,116.9913,117.2481,116.4629,116.9222,5740500
2025-10-01,116.0628,116.0628,115.0948,115.2825,7218900
2025-10-02,115.2627,115.2825,114.4281,115.0257,3984800
2025-10-03,115.1738,115.3072,114.6701,114.9664,3535900
2025-10-06,114.8182,115.1689,113.9836,115.0849,4293600
2025-10-07,115.2232,115.6677,114.5417,114.6404,4242900
2025-10-08,114.5614,114.6997,113.9885,114.1663,4957900
2025-10-09,114.0873,114.1268,113.2971,113.5144,4033800
2025-10-10,113.5835,114.3095,111.3314,111.4203,8248100
2025-10-13,112.3883,112.7439,112.1117,112.4476,4146000
2025-10-14,111.8154,113.4749,111.4302,113.1884,4587900
2025-10-15,113.7021,114.5515,113.0995,113.9885,4103500
2025-10-16,114.2058,114.7096,112.1414,112.7736,4682800
2025-10-17,112.6353,113.8206,112.5069,113.5341,4393700
2025-10-20,114.0577,114.9763,113.8996,114.8182,4281500
2025-10-21,115.1738,115.4998,114.6108,115.2232,6804100
2025-10-22,114.5960,115.0059,113.6527,114.2256,5438900
2025-10-23,114.6009,114.6108,113.8305,113.8403,3607200
2025-10-24,114.5021,114.8973,114.0873,114.1367,4758000
2025-10-27,114.9467,115.8011,114.8281,115.7270,5252300
2025-10-28,115.7566,115.8060,115.1393,115.1541,4920400
2025-10-29,115.1788,115.3299,114.2799,114.8676,6986800
2025-10-30,113.4798,114.4676,112.5760,112.9217,8434500
2025-10-31,113.1094,113.6774,112.6649,113.4057,5249700
2025-11-03,113.4847,113.4847,111.5092,112.2006,6410400
2025-11-04,111.1437,112.0130,111.1092,111.4302,5198200
2025-11-05,111.3808,112.5167,111.1092,112.0327,6273900
2025-11-06,111.9142,112.2797,110.9264,111.0252,6265900
2025-11-07,110.4819,110.7881,109.4793,110.7388,7460400
2025-11-10,111.4697,112.1315,111.0400,111.8944,4724100
2025-11-11,111.8451,112.8674,111.8352,112.8032,3841900
2025-11-12,112.8822,112.8921,111.8451,112.1513,4563800
2025-11-13,111.3907,111.5981,110.4079,110.5610,6354300
2025-11-14,109.9288,110.4424,109.4645,109.9683,4859800
2025-11-17,110.6252,111.2524,109.2522,109.8201,4582300
2025-11-18,109.7905,111.0943,108.8225,110.4424,8726100
2025-11-19,110.3832,111.6129,109.6374,109.8300,4416800
2025-11-20,111.4203,111.6524,108.5212,108.6249,7385400
2025-11-21,109.1682,111.1981,109.1682,110.5313,7535900
2025-11-24,111.3808,111.9537,111.1981,111.6277,5524000
2025-11-25,112.7340,113.1983,112.2451,112.9020,8890600
2025-11-26,112.8773,113.3563,112.8180,113.0600,6301600
2025-11-28,113.3909,113.9786,113.2477,113.9786,3731600
2025-12-01,113.1588,114.0280,113.0995,113.4452,5173500
2025-12-02,113.8897,114.0379,112.9810,113.8206,4777400
2025-12-03,113.6132,114.0774,113.2477,113.7218,4885500
2025-12-04,114.5664,114.6167,113.5539,114.3737,4654300
2025-12-05,114.6602,116.1764,114.5219,115.6973,6049400
2025-12-08,116.1419,116.1419,114.3836,114.8380,6128900
2025-12-09,114.6997,115.1146,114.1910,114.9664,4842700
2025-12-10,115.0158,115.9147,114.8973,115.6381,5882600
2025-12-11,115.4208,116.0134,115.1738,115.3813,6495600
2025-12-12,115.8060,116.0826,114.8044,115.1244,5955100
2025-12-15,115.4010,115.4583,114.5614,115.1442,5070100
2025-12-16,114.8084,115.5887,114.5614,115.2232,6178500
2025-12-17,115.2035,115.3615,114.3095,114.3935,6181900
2025-12-18,115.0059,115.7467,114.8429,115.0454,4791400
2025-12-19,115.1244,115.7467,114.9368,115.0948,6174800
2025-12-22,115.6260,116.0323,115.3881,115.6062,4704400
2025-12-23,115.5566,116.3989,115.5170,116.3296,3685000
2025-12-24,116.2503,117.0431,116.1908,117.0232,2044400
2025-12-26,116.8052,116.9539,116.6318,116.9043,2849500
2025-12-29,116.4881,117.0629,116.4584,116.8250,4699300
2025-12-30,116.6169,117.5980,116.5377,117.2214,4396200
2025-12-31,116.9440,117.2066,116.6269,116.6566,3003400
2026-01-02,117.0926,117.2462,115.5269,115.8440,6417600
2026-01-05,115.9480,117.2412,115.8836,116.6863,5984600
2026-01-06,116.5773,116.8151,115.4922,116.2701,5698200
2026-01-07,116.1413,116.6368,115.6260,116.0323,5050900
2026-01-08,116.2701,116.6021,115.4872,116.4187,5089300
2026-01-09,116.4584,117.1620,116.1314,116.8449,4187000
2026-01-12,116.3890,116.7854,116.2998,116.4881,5668000
2026-01-13,116.5377,116.8548,115.4040,115.8341,7757800
2026-01-14,115.6161,115.7746,115.0413,115.5863,5646400
2026-01-15,115.9332,115.9332,114.8828,115.1602,12267200
2026-01-16,115.3485,115.3485,114.0900,114.1296,5545100
2026-01-20,112.7621,113.6639,112.3508,112.4450,9177400
2026-01-21,112.2270,113.9611,112.1576,113.5945,7862800
2026-01-22,114.6846,115.4179,114.4021,115.1999,5517000
2026-01-23,115.0215,116.1561,115.0215,115.9034,6086200
2026-01-26,116.2007,116.9440,116.0273,116.7061,4763900
2026-01-27,116.8250,116.8250,115.4872,115.8440,3934000
2026-01-28,116.2701,116.7606,115.5863,115.6953,8319500
2026-01-29,118.2025,118.8714,116.8102,118.7079,9730200
2026-01-30,118.6881,119.1736,118.0638,118.9953,11651200
2026-02-02,118.4998,119.3173,118.4502,118.5890,7651800
2026-02-03,118.3164,118.5146,116.1908,116.6764,8132200
2026-02-04,117.1818,117.1818,115.3881,115.7449,11640200
2026-02-05,114.1593,115.6161,113.5053,115.1602,15513700
2026-02-06,115.0809,115.4575,113.4855,114.7143,9441200
2026-02-09,114.5954,116.1760,114.0652,115.8242,9210200
2026-02-10,116.0719,116.8399,115.8341,116.5178,5830200
2026-02-11,116.3097,116.5872,115.2791,115.6854,6988000
2026-02-12,115.7548,116.1413,113.4607,113.6044,8124600
2026-02-13,113.3368,114.0900,112.7522,113.5449,7423000
2026-02-17,113.3368,114.0107,112.2765,113.3666,6451700
2026-02-18,113.2179,113.9314,112.9008,113.5548,5277700
2026-02-19,113.5251,114.4170,113.4062,114.0999,5747600
2026-02-20,113.8621,115.9480,113.7630,115.7449,8195700
2026-02-23,115.9034,116.1115,114.1247,114.3179,8839300
2026-02-24,114.1296,115.2197,113.8521,115.1107,6109200
2026-02-25,115.2791,115.6854,115.0512,115.4476,6197700
2026-02-26,115.1701,115.9877,114.8877,115.6656,6649500
2026-02-27,115.2345,117.0926,115.0909,116.9836,7131100
2026-03-02,115.3981,117.0728,115.2791,116.8052,10466500
2026-03-03,115.1800,117.3602,114.8233,116.8944,13693000
2026-03-04,116.7061,118.0092,116.5476,117.7169,8139800
2026-03-05,117.5584,118.0836,116.7111,117.3701,8776300
2026-03-06,116.1661,116.5674,115.3485,116.3989,10809500
2026-03-09,115.4476,116.7259,114.4566,116.4980,10548900
2026-03-10,116.5773,117.0480,115.8935,116.3196,12013500
2026-03-11,116.3989,116.7259,115.4278,115.9431,6213400
2026-03-12,115.2494,115.6854,114.1593,114.2287,7816900
2026-03-13,114.4368,114.8530,112.8909,113.4161,11622700
2026-03-16,114.3873,114.6945,113.6837,114.2882,7299700
2026-03-17,114.6053,115.4466,114.3179,114.3278,8391100
2026-03-18,113.6242,114.1197,112.5837,112.6333,7022000
2026-03-19,112.2914,113.0098,111.3450,112.1180,10146300
2026-03-20,111.8108,112.0089,110.6117,111.2162,10086700
2026-03-23,112.2073,112.7839,111.5512,112.0483,8557700
2026-03-24,111.4916,111.8296,110.4080,110.4775,8634400
2026-03-25,111.2231,111.8693,110.1892,110.7857,6097800
2026-03-26,109.9606,110.2290,108.0419,108.1712,9765900
2026-03-27,107.6791,107.8729,106.0934,106.4116,9594600
2026-03-30,107.2615,108.0220,106.4374,107.3261,9490400
2026-03-31,108.4992,110.6068,108.1811,110.2091,10145200
2026-04-01,110.5968,111.2182,110.0550,110.5869,9856900
2026-04-02,109.4934,111.2132,109.0559,111.0442,5590500
2026-04-06,111.2430,111.8594,111.0044,111.1038,3803600
2026-04-07,110.9150,111.3424,110.3980,111.1635,4379300
2026-04-08,113.5892,113.8128,112.5453,113.1418,4579400
2026-04-09,113.1269,113.7979,112.5503,113.5991,4176700
2026-04-10,113.9669,114.1856,113.0126,113.2810,2667900
2026-04-13,112.9678,114.1856,112.6050,114.1459,5063500
2026-04-14,114.3348,116.1490,114.1658,115.8757,5396400
2026-04-15,116.1640,117.4265,116.0566,116.6710,5140000
2026-04-16,117.2078,118.2268,117.1382,118.1323,3708300
2026-04-17,117.9434,118.7785,117.6551,118.4007,3176900
2026-04-20,118.0429,118.4007,117.8241,118.0528,3297300
2026-04-21,118.1025,118.4306,116.3031,116.4721,3862300
2026-04-22,116.9593,117.2873,116.5964,117.1879,3079700
2026-04-23,117.2774,117.4961,115.8359,116.7008,3503600
2026-04-24,116.5218,116.5318,114.4143,114.8616,4857700
2026-04-27,114.7324,116.0645,114.7324,115.1301,4506200
2026-04-28,115.1748,115.5476,114.6429,115.0704,4052200
2026-04-29,114.8616,115.1002,114.3894,114.6131,4401500
2026-04-30,114.3248,115.9850,114.0266,115.8260,5276500
2026-05-01,116.1490,116.6113,115.9055,116.0347,7556000
2026-05-04,115.9403,116.0844,115.2792,115.4184,5485700
2026-05-05,115.6271,115.6271,114.5147,114.9511,5299100
2026-05-06,115.5377,116.9195,115.5377,116.6610,6220600
2026-05-07,116.9394,117.5060,116.3479,116.6908,4333300
2026-05-08,116.3280,116.5020,115.9303,116.2534,4153400
2026-05-11,115.8359,116.0347,114.7523,114.9014,4729300
2026-05-12,115.0008,115.2742,114.2950,115.1798,5336300
2026-05-13,114.8438,116.3429,114.6728,116.0745,4061300
2026-05-14,116.4125,117.2774,116.2485,116.4224,3558200
2026-05-15,116.2236,116.3528,115.2991,115.3985,4295100
2026-05-18,115.3587,117.1283,115.1698,116.2932,5125600
2026-05-19,116.2634,116.4522,115.0356,115.1698,5163900
2026-05-20,114.9710,115.5327,114.1359,115.4184,5148800
2026-05-21,114.7921,116.1689,114.3149,115.4184,4855400
2026-05-22,115.7265,116.0447,114.5584,114.7821,4108700
2026-05-26,114.9511,115.3935,114.3944,114.8716,4191600
2026-05-27,114.5535,116.3678,114.4839,115.5774,5747800
2026-05-28,115.4184,116.1540,114.8716,115.9850,4528300
2026-05-29,115.2494,115.3687,114.4640,115.0108,5493800
2026-06-01,114.7473,115.3637,114.1409,114.9312,5270300
2026-06-02,114.0813,114.2254,112.8535,112.9032,6493900
2026-06-03,112.5751,112.7640,111.1038,111.4220,6066700
2026-06-04,112.0781,113.6935,112.0284,112.4459,6056200
2026-06-05,112.1278,112.6944,110.4825,111.0144,9005000
2026-06-08,110.7559,110.8106,109.4735,110.4378,9077800
2026-06-09,110.8255,111.5711,109.8313,110.8255,6589000
2026-06-10,110.9348,111.7898,110.2787,110.3582,5435400
2026-06-11,110.2389,111.8594,109.5729,111.4617,5931800
2026-06-12,112.2471,112.3266,110.1793,110.9945,7465700
2026-06-15,111.2629,111.9290,110.9348,111.5313,6585200
2026-06-16,111.5810,111.9290,110.7559,111.6606,7896400
2026-06-17,110.8245,110.8354,108.3750,108.5589,9639800
2026-06-18,109.2150,109.7220,107.8729,108.8074,11655600
2026-06-22,107.7698,108.1785,105.9707,106.5090,7382300
2026-06-23,106.1701,107.2914,106.0405,106.9176,7949700
2026-06-24,107.1718,107.7299,106.1003,106.1900,9075500
2026-06-25,105.3328,106.2797,104.6850,105.2332,5323100
2026-06-26,105.3129,106.8977,105.0139,105.8312,9352100
2026-06-29,107.9442,108.1536,107.3163,107.5256,6573200
2026-06-30,107.1718,107.3263,106.0305,106.7781,4760200
2026-07-01,108.6718,110.4759,108.2781,109.3795,14529400
2026-07-02,109.2499,109.6486,108.1934,109.2400,8388900
2026-07-06,109.7134,110.0124,108.6220,109.8480,8938800
2026-07-07,111.3032,111.9012,110.5855,110.6553,7882400
2026-07-08,110.5556,110.6204,108.9210,109.1004,5527900
2026-07-09,107.7250,110.2317,107.4658,110.1470,6444300
2026-07-10,111.3530,111.7916,110.6603,111.2733,6465600
2026-07-13,111.4128,112.3896,111.0988,111.2234,5851900
2026-07-14,110.4659,111.4626,110.4659,111.0839,5061500
2026-07-15,111.3331,113.4860,111.1636,113.0076,6245600
2026-07-16,113.2268,113.6554,111.9012,112.2800,5648300
2026-07-17,110.8347,111.1437,109.9476,110.2865,7677700
2026-07-20,110.4510,111.2932,110.1470,110.4360,4011900
2026-07-21,110.1669,110.2566,109.6287,109.6686,3944800
2026-07-22,110.5457,110.7400,108.8014,108.8413,3998500
2026-07-23,106.6086,106.6086,104.9092,105.0338,12517500
2026-07-24,104.9491,106.5987,104.9491,105.9508,6151900
2026-07-27,107.1668,108.1835,107.0871,107.3064,6668500
2026-07-28,107.9741,109.6686,107.9741,109.3097,5307200
2026-07-29,109.1503,110.3762,108.5921,109.1503,7120100
2026-07-30,106.1203,106.2997,105.1465,106.2299,10083400
2026-07-31,106.4741,108.0489,106.2598,107.8844,5024600
2026-08-03,109.4692,111.6421,109.4293,110.9743,7789800
2026-08-04,110.1719,111.9062,110.0872,111.6720,5461000
2026-08-05,112.5241,112.5840,109.5789,110.5058,5777000
2026-08-06,110.8148,111.5523,110.4360,110.8148,3904200
2026-08-07,109.9078,111.3181,109.9078,110.8846,3166300
2026-08-10,110.8746,111.4626,110.3364,111.4626,4257000
2026-08-11,111.1935,111.9062,110.7450,110.9045,3383300
2026-08-12,110.9444,111.0590,109.5340,109.9078,5534200
2026-08-13,110.4958,112.2351,110.4609,112.1803,5538700
2026-08-14,112.3896,113.1272,112.2750,112.5790,2982800
2026-08-17,112.1354,112.2002,110.2965,110.4560,3690000
2026-08-18,110.4958,111.0889,110.0772,110.1171,3985200
2026-08-19,110.0672,111.7916,109.8878,110.9543,3385700
2026-08-20,110.8247,111.1686,109.9476,110.3164,3599100
2026-08-21,110.6553,111.6520,110.4061,111.0341,5055200
2026-08-24,111.0939,112.4394,111.0341,111.9510,4133500
2026-08-25,112.0407,112.9029,111.9261,112.8082,2701500
2026-08-26,113.4561,113.6255,112.0956,112.2401,3679700
2026-08-27,111.6620,112.0009,111.0042,111.0440,4425600
2026-08-28,111.5025,113.1571,111.4626,112.6188,3743500
2026-08-31,112.1105,112.2201,110.8846,111.0939,3317200
2026-09-01,110.1968,111.2633,109.9476,110.5158,5152000
2026-09-02,110.5656,112.6886,110.5407,112.0507,5123100
2026-09-03,113.0424,113.9146,112.4693,113.0076,3367500
2026-09-04,112.7534,112.9179,111.5075,111.6620,2689600
2026-09-08,111.2234,111.4377,110.6005,111.1537,5657900
2026-09-09,111.5524,111.5623,110.1669,110.4659,4817200
2026-09-10,110.2566,111.5274,110.0074,111.1337,4965600
2026-09-11,111.9710,112.6687,111.9411,112.2301,3979800
2026-09-14,113.2567,114.8814,113.2069,114.6920,4352100
2026-09-15,113.8747,114.2834,113.4461,113.6554,5533400
2026-09-16,113.8448,114.1388,112.1205,112.6288,4395900
2026-09-17,113.4361,113.6006,111.8364,111.9809,4251200
2026-09-18,112.0009,112.0308,110.3712,110.4460,7159100
2026-09-21,111.6200,115.5100,111.6100,114.7500,8394100
2026-09-23,113.5300,113.5400,112.2700,112.5600,5629800
2026-09-24,112.5150,114.0800,112.5150,113.9900,5487800
