date,o,h,l,c,v
1998-12-22,5.6733,5.6923,5.6429,5.6619,30400
1998-12-23,5.6809,5.7798,5.6733,5.7798,135600
1998-12-24,5.7950,5.7950,5.7418,5.7494,24600
1998-12-28,5.7798,5.7798,5.6809,5.7189,27000
1998-12-29,5.7341,5.7760,5.6809,5.7760,44000
1998-12-30,5.7722,5.7722,5.6847,5.6885,43600
1998-12-31,5.6809,5.6809,5.6505,5.6809,26000
1999-01-04,5.6657,5.7798,5.6657,5.6771,57200
1999-01-05,5.7113,5.7113,5.6391,5.6467,85400
1999-01-06,5.7113,5.8406,5.6733,5.8330,112800
1999-01-07,5.8330,5.8368,5.7380,5.8064,145200
1999-01-08,5.8406,5.9775,5.6885,5.8330,842200
1999-01-11,5.7798,5.7874,5.7037,5.7227,70000
1999-01-12,5.7189,5.7418,5.6277,5.6353,178400
1999-01-13,5.5364,5.6429,5.5212,5.5516,84800
1999-01-14,5.5364,5.5668,5.4452,5.4452,140000
1999-01-15,5.4908,5.5364,5.4642,5.5288,21400
1999-01-19,5.5516,5.5516,5.4832,5.5288,25600
1999-01-20,5.4984,5.5516,5.4794,5.4832,31600
1999-01-21,5.4832,5.5744,5.4756,5.5288,47800
1999-01-22,5.5364,5.5516,5.4908,5.4984,38600
1999-01-25,5.5212,5.5212,5.4452,5.4908,36400
1999-01-26,5.4984,5.4984,5.3919,5.4376,51400
1999-01-27,5.4452,5.4452,5.3235,5.3387,74200
1999-01-28,5.3539,5.3539,5.2626,5.3083,61600
1999-01-29,5.2778,5.3083,5.2170,5.3083,37200
1999-02-01,5.3083,5.3235,5.2550,5.2550,46200
1999-02-02,5.2626,5.3083,5.2398,5.2626,53000
1999-02-03,5.2931,5.4147,5.2931,5.3843,58800
1999-02-04,5.3843,5.4300,5.3691,5.4147,52000
1999-02-05,5.4299,5.5820,5.3995,5.5668,132000
1999-02-08,5.5897,5.6429,5.5820,5.6429,62200
1999-02-09,5.6505,5.6505,5.5364,5.5364,128600
1999-02-10,5.5592,5.6125,5.5212,5.5516,138600
1999-02-11,5.5288,5.5288,5.4223,5.5060,433600
1999-02-12,5.4452,5.5060,5.3919,5.3919,484600
1999-02-16,5.4338,5.4604,5.3007,5.3539,73200
1999-02-17,5.3235,5.3767,5.2931,5.3007,83400
1999-02-18,5.2931,5.3463,5.2398,5.3159,166000
1999-02-19,5.3387,5.3463,5.2398,5.2855,260600
1999-02-22,5.3235,5.3539,5.2778,5.3387,159000
1999-02-23,5.3539,5.3767,5.2931,5.2931,619200
1999-02-24,5.3083,5.3767,5.2702,5.2702,69000
1999-02-25,5.2664,5.3311,5.2626,5.2969,89200
1999-02-26,5.3159,5.3539,5.2626,5.2626,49800
1999-03-01,5.2740,5.2778,5.1942,5.2094,26600
1999-03-02,5.2170,5.2398,5.1334,5.1562,110200
1999-03-03,5.2018,5.2931,5.1638,5.2702,206600
1999-03-04,5.3159,5.4908,5.3159,5.4604,180800
1999-03-05,5.5973,5.6049,5.5060,5.5630,185400
1999-03-08,5.5935,5.6581,5.5706,5.6429,215200
1999-03-09,5.5820,5.6733,5.5592,5.5820,158000
1999-03-10,5.6049,5.9167,5.6049,5.9015,3467600
1999-03-11,6.0840,6.1448,5.9015,5.9851,1818000
1999-03-12,6.0536,6.0992,5.9015,5.9623,1208600
1999-03-15,5.9775,5.9927,5.8444,5.9167,1046000
1999-03-16,5.8634,5.9167,5.8406,5.8862,546600
1999-03-17,5.9167,6.0459,5.9015,6.0383,725600
1999-03-18,6.1448,6.1600,6.0688,6.1144,665200
1999-03-19,6.1669,6.1745,6.0143,6.0524,520800
1999-03-22,6.1058,6.1364,6.0410,6.0906,330000
1999-03-23,6.0448,6.0448,5.9227,5.9837,275800
1999-03-24,6.0143,6.0372,5.8998,5.9532,122200
1999-03-25,5.9379,5.9990,5.8769,5.9685,333000
1999-03-26,6.0295,6.0753,5.9761,6.0448,89400
1999-03-29,6.1974,6.2738,6.1898,6.2127,168800
1999-03-30,6.1745,6.1822,6.0830,6.0982,121600
1999-03-31,6.1440,6.1516,6.0066,6.0066,134000
1999-04-01,6.0143,6.0219,5.9341,5.9990,44000
1999-04-05,5.9990,6.1669,5.9990,6.1440,116800
1999-04-06,6.1287,6.1364,6.0372,6.0829,85200
1999-04-07,6.0753,6.0829,5.9761,6.0219,1672800
1999-04-08,6.0486,6.1516,6.0257,6.0829,1704600
1999-04-09,6.0868,6.2280,6.0791,6.1974,104800
1999-04-12,6.1669,6.2890,6.1669,6.2432,125000
1999-04-13,6.2051,6.2852,6.2051,6.2356,135600
1999-04-14,6.2280,6.2661,6.1593,6.1593,54000
1999-04-15,6.1974,6.4569,6.1974,6.4264,518800
1999-04-16,6.4951,6.6325,6.4417,6.6287,177000
1999-04-19,6.8080,6.9225,6.7012,6.7088,491000
1999-04-20,6.7317,6.7317,6.5371,6.6019,772800
1999-04-21,6.5638,6.6096,6.4417,6.5027,362400
1999-04-22,6.4875,6.6172,6.4111,6.6172,791800
1999-04-23,6.5905,6.5943,6.4836,6.5333,32600
1999-04-26,6.4875,6.4875,6.3539,6.3882,595600
1999-04-27,6.4608,6.5943,6.4569,6.5905,164800
1999-04-28,6.6248,6.9072,6.6248,6.8080,207400
1999-04-29,6.5485,7.0523,6.5333,7.0141,480200
1999-04-30,6.9301,6.9912,6.8385,6.8958,1932200
1999-05-03,6.8996,7.0675,6.8385,7.0675,553200
1999-05-04,7.0752,7.1133,7.0179,7.0752,717000
1999-05-05,7.0675,7.0675,6.8767,6.9721,762000
1999-05-06,7.0065,7.0217,6.8462,6.9530,805000
1999-05-07,6.9072,7.0026,6.8653,6.9950,721400
1999-05-10,6.9874,7.0599,6.9149,6.9149,541400
1999-05-11,6.9607,6.9683,6.8996,6.9378,143200
1999-05-12,6.7775,6.8385,6.6554,6.8080,1063400
1999-05-13,6.8538,6.9149,6.8080,6.8424,529400
1999-05-14,6.8080,6.8538,6.7546,6.7928,509800
1999-05-17,6.7012,6.7851,6.6859,6.7660,211600
1999-05-18,6.7012,6.7164,6.5981,6.6096,67600
1999-05-19,6.6630,6.7393,6.5981,6.7012,561400
1999-05-20,6.6783,6.8004,6.6783,6.7775,295000
1999-05-21,6.8080,6.9225,6.7622,6.8843,430200
1999-05-24,6.9149,6.9836,6.7202,6.7202,620600
1999-05-25,6.7317,6.8843,6.6935,6.6935,902000
1999-05-26,6.7851,6.9072,6.7470,6.8843,129400
1999-05-27,6.8385,6.9301,6.6783,6.6783,153400
1999-05-28,6.6935,6.7928,6.6706,6.7470,215600
1999-06-01,6.7317,6.7317,6.5981,6.7088,843000
1999-06-02,6.7355,6.8004,6.7355,6.7851,64000
1999-06-03,6.8614,6.8996,6.8080,6.8080,86600
1999-06-04,6.8767,6.9149,6.8080,6.9149,45000
1999-06-07,6.9225,7.0179,6.9072,6.9950,364600
1999-06-08,6.9607,6.9836,6.8843,6.8843,339600
1999-06-09,6.8767,6.9530,6.8691,6.8996,28800
1999-06-10,6.9301,6.9683,6.8691,6.9378,244200
1999-06-11,6.9759,7.0217,6.9454,6.9912,163400
1999-06-14,7.0217,7.0675,6.9683,7.0522,542000
1999-06-15,7.0675,7.1667,7.0255,7.1400,302600
1999-06-16,7.1744,7.1744,7.0446,7.0675,457600
1999-06-17,7.0217,7.0980,7.0065,7.0752,128600
1999-06-18,7.1187,7.1493,7.0650,7.0880,119600
1999-06-21,7.0726,7.0726,6.8655,6.9230,175000
1999-06-22,6.8425,6.8924,6.8348,6.8502,502000
1999-06-23,6.9039,6.9346,6.8770,6.9039,523600
1999-06-24,6.8578,6.8578,6.7543,6.7888,465000
1999-06-25,6.7888,6.7888,6.7198,6.7351,531000
1999-06-28,6.7274,6.7543,6.6699,6.6929,111200
1999-06-29,6.6929,6.7888,6.6661,6.7850,137400
1999-06-30,6.8118,6.9269,6.8118,6.8847,216000
1999-07-01,6.9039,6.9499,6.8655,6.9384,66400
1999-07-02,6.9422,6.9844,6.8962,6.9614,103200
1999-07-06,6.9959,7.1455,6.9959,7.0918,97600
1999-07-07,7.0803,7.0803,7.0189,7.0726,241200
1999-07-08,7.1187,7.1724,7.1072,7.1187,188600
1999-07-09,7.0918,7.1417,7.0726,7.1148,51400
1999-07-12,7.1800,7.1877,7.1187,7.1877,184400
1999-07-13,7.1263,7.1340,7.0726,7.1187,92400
1999-07-14,7.1302,7.1724,7.0803,7.1302,37600
1999-07-15,7.1762,7.2107,7.1340,7.1954,66000
1999-07-16,7.1417,7.1724,7.1033,7.1493,54000
1999-07-19,7.1340,7.1417,7.0650,7.1225,49200
1999-07-20,7.0956,7.1033,6.9346,6.9346,36800
1999-07-21,6.8885,7.0151,6.8732,7.0113,81000
1999-07-22,6.8809,6.9192,6.8003,6.9077,107000
1999-07-23,6.9652,6.9844,6.9154,6.9422,112600
1999-07-26,6.9269,6.9806,6.8118,6.8118,143600
1999-07-27,6.8579,6.8885,6.7926,6.8118,59400
1999-07-28,6.8195,6.9346,6.7735,6.9115,28400
1999-07-29,6.8655,6.9269,6.8502,6.8694,58800
1999-07-30,6.9806,7.0573,6.9652,7.0151,81200
1999-08-02,6.9691,6.9844,6.8617,6.8617,27000
1999-08-03,6.9230,6.9499,6.8732,6.9499,49000
1999-08-04,6.9384,7.0765,6.9384,7.0458,58200
1999-08-05,7.0995,7.1800,7.0803,7.1685,117200
1999-08-06,7.2107,7.2414,7.1417,7.1570,80800
1999-08-09,7.2414,7.3296,7.1992,7.3296,203400
1999-08-10,7.3296,7.3488,7.2107,7.2874,122800
1999-08-11,7.2644,7.3334,7.1839,7.3334,211800
1999-08-12,7.2874,7.4063,7.2874,7.3488,293600
1999-08-13,7.3219,7.3411,7.2874,7.3258,446800
1999-08-16,7.2913,7.2913,7.1915,7.2529,1744000
1999-08-17,7.2491,7.3066,7.2337,7.3066,1101400
1999-08-18,7.2491,7.3104,7.2452,7.2529,1350800
1999-08-19,7.2184,7.3258,7.2184,7.3028,504800
1999-08-20,7.2874,7.3450,7.2759,7.3258,83200
1999-08-23,7.3411,7.3795,7.3104,7.3641,196800
1999-08-24,7.2989,7.3181,7.2606,7.3181,761400
1999-08-25,7.3488,7.3488,7.2069,7.2836,585600
1999-08-26,7.2261,7.2261,7.0880,7.0956,111200
1999-08-27,7.1187,7.1455,7.0496,7.0918,77800
1999-08-30,7.1187,7.1187,6.9959,6.9959,207200
1999-08-31,7.0189,7.1455,7.0113,7.0918,582400
1999-09-01,7.0918,7.1340,7.0688,7.0726,141600
1999-09-02,7.0189,7.0458,6.9499,6.9959,99800
1999-09-03,7.0803,7.1033,7.0458,7.0803,30600
1999-09-07,7.0650,7.2184,7.0650,7.2107,299800
1999-09-08,7.1954,7.2874,7.1647,7.2337,97800
1999-09-09,7.2989,7.4370,7.2989,7.3948,223600
1999-09-10,7.4408,7.4408,7.3411,7.3718,134600
1999-09-13,7.3028,7.3028,7.2376,7.2567,322000
1999-09-14,6.9346,7.2721,6.9346,7.1762,452400
1999-09-15,7.1340,7.1647,7.0573,7.0726,56400
1999-09-16,7.0880,7.0880,7.0113,7.0688,38600
1999-09-17,7.0739,7.1432,7.0199,7.1355,821800
1999-09-20,7.1432,7.1432,7.0007,7.0277,463600
1999-09-21,6.8967,6.9275,6.7348,6.7965,407000
1999-09-22,6.8273,6.9044,6.8003,6.8042,53800
1999-09-23,6.8581,6.8889,6.7271,6.7271,261200
1999-09-24,6.7194,6.7194,6.4998,6.6578,374400
1999-09-27,6.7040,6.7657,6.6732,6.7194,293000
1999-09-28,6.6655,6.6655,6.4728,6.6115,1388400
1999-09-29,6.6038,6.7965,6.6038,6.7002,735600
1999-09-30,6.7194,6.7811,6.6809,6.7657,1219200
1999-10-01,6.7811,6.7811,6.7194,6.7425,170200
1999-10-04,6.8119,6.8119,6.6539,6.6655,136400
1999-10-05,6.6038,6.6038,6.4420,6.5191,132400
1999-10-06,6.5653,6.6347,6.5422,6.6347,138400
1999-10-07,6.5653,6.5653,6.4805,6.5114,441000
1999-10-08,6.4574,6.4574,6.3341,6.4382,730800
1999-10-11,6.4420,6.5422,6.4420,6.5345,368600
1999-10-12,6.5884,6.6270,6.5460,6.5692,91400
1999-10-13,6.5961,6.6578,6.5961,6.6115,44400
1999-10-14,6.6038,6.6501,6.5653,6.5884,1125600
1999-10-15,6.4882,6.5576,6.4420,6.4921,556200
1999-10-18,6.4497,6.5114,6.4035,6.5037,487000
1999-10-19,6.5268,6.5769,6.5229,6.5229,527600
1999-10-20,6.5576,6.6578,6.5383,6.6578,321400
1999-10-21,6.6732,6.6886,6.6269,6.6886,48200
1999-10-22,6.7579,6.8312,6.7425,6.8003,598000
1999-10-25,6.7502,6.7657,6.6732,6.6886,109200
1999-10-26,6.6269,6.6578,6.5345,6.5345,33600
1999-10-27,6.5615,6.6154,6.5345,6.5884,147600
1999-10-28,6.6770,6.6924,6.6192,6.6192,177600
1999-10-29,6.6424,6.6809,6.5961,6.6655,197000
1999-11-01,6.6732,6.7040,6.6424,6.6616,460800
1999-11-02,6.6115,6.6578,6.5884,6.6000,88000
1999-11-03,6.6000,6.6038,6.5345,6.5653,640400
1999-11-04,6.5576,6.5923,6.4305,6.4613,48200
1999-11-05,6.4805,6.4960,6.2571,6.3033,232000
1999-11-08,6.3572,6.5460,6.3572,6.5422,93400
1999-11-09,6.6578,6.6847,6.6231,6.6809,230600
1999-11-10,6.7425,6.8312,6.7425,6.8273,517400
1999-11-11,6.8350,6.8350,6.7849,6.8273,435200
1999-11-12,6.7348,6.9044,6.7348,6.8735,274200
1999-11-15,6.9005,6.9198,6.8735,6.9121,53400
1999-11-16,6.9814,7.0277,6.9429,7.0277,156200
1999-11-17,7.0508,7.1972,7.0508,7.1509,113800
1999-11-18,7.1818,7.1895,7.0931,7.1509,133000
1999-11-19,7.0662,7.0893,6.9891,6.9891,358800
1999-11-22,7.0238,7.0431,6.8774,6.8774,719800
1999-11-23,6.9044,6.9121,6.7194,6.7348,718600
1999-11-24,6.7271,6.8196,6.7117,6.8196,47000
1999-11-26,6.7657,6.7965,6.7194,6.7194,14800
1999-11-29,6.6847,6.6886,6.6462,6.6655,59000
1999-11-30,6.6616,6.7194,6.6385,6.6539,28600
1999-12-01,6.6424,6.7849,6.6424,6.7849,43400
1999-12-02,6.7811,6.7811,6.6886,6.7194,107600
1999-12-03,6.7194,6.7849,6.6809,6.6886,497000
1999-12-06,6.7040,6.7348,6.6424,6.6847,297200
1999-12-07,6.6424,6.6732,6.5576,6.5576,252000
1999-12-08,6.4960,6.6270,6.4497,6.6270,135800
1999-12-09,6.6655,6.7040,6.6038,6.6809,98200
1999-12-10,6.6578,6.6578,6.4882,6.4882,98000
1999-12-13,6.4882,6.5961,6.4574,6.5268,89800
1999-12-14,6.4805,6.5653,6.4651,6.5114,1014600
1999-12-15,6.5730,6.7194,6.5730,6.6424,436200
1999-12-16,6.6655,6.7502,6.6616,6.7079,124200
1999-12-17,6.7238,6.7392,6.6156,6.6774,1911800
1999-12-20,6.6465,6.6851,6.5228,6.5306,1562600
1999-12-21,6.5692,6.6310,6.5460,6.5499,1451600
1999-12-22,6.5306,6.5692,6.5074,6.5151,1210600
1999-12-23,6.5615,6.7006,6.5615,6.7006,288800
1999-12-27,6.7392,6.9247,6.6542,6.6542,2502400
1999-12-28,6.6079,6.7238,6.6079,6.6620,112200
1999-12-29,6.6851,6.7779,6.6581,6.7315,94800
1999-12-30,6.6929,6.7083,6.6465,6.6774,116400
1999-12-31,6.6774,6.7392,6.6310,6.7006,69600
2000-01-03,6.7547,6.7547,6.5228,6.5692,760600
2000-01-04,6.5074,6.5074,6.3992,6.4456,1444400
2000-01-05,6.4610,6.6156,6.4301,6.6156,675600
2000-01-06,6.6156,6.8861,6.6156,6.8706,266200
2000-01-07,6.8474,7.0252,6.8474,6.9440,936000
2000-01-10,6.9440,6.9440,6.8320,6.8861,244200
2000-01-11,6.8861,6.9402,6.8165,6.8938,289600
2000-01-12,6.8861,6.8861,6.8165,6.8629,114600
2000-01-13,6.9093,7.0020,6.8552,6.9827,298400
2000-01-14,6.9479,6.9479,6.8474,6.9402,71400
2000-01-18,6.8938,7.0638,6.8938,7.0252,221000
2000-01-19,7.0020,7.0793,6.9943,7.0020,380600
2000-01-20,7.0252,7.0252,6.9093,7.0020,688600
2000-01-21,7.1566,7.2300,7.1179,7.1952,966600
2000-01-24,7.2416,7.2648,6.9324,6.9402,593000
2000-01-25,6.9556,7.2880,6.8783,6.9247,115600
2000-01-26,6.8784,6.9943,6.8165,6.8165,93800
2000-01-27,6.8397,6.8938,6.5885,6.6774,3377600
2000-01-28,6.6620,6.6697,6.5538,6.6001,66200
2000-01-31,6.4765,6.7547,6.4610,6.7547,203200
2000-02-01,6.7547,6.7547,6.6774,6.7392,228400
2000-02-02,6.7547,6.8281,6.7392,6.7817,58800
2000-02-03,6.7702,6.7702,6.6079,6.7006,193600
2000-02-04,6.6388,6.6774,6.4687,6.5074,131200
2000-02-07,6.5074,6.6079,6.5074,6.5808,110600
2000-02-08,6.6156,6.6929,6.5228,6.5228,198800
2000-02-09,6.4610,6.4610,6.3064,6.3064,172400
2000-02-10,6.3683,6.5383,6.3605,6.4378,1230000
2000-02-11,6.4997,6.5383,6.2601,6.3605,415600
2000-02-14,6.3992,6.4919,6.3296,6.4610,1046000
2000-02-15,6.5847,6.7315,6.5383,6.7315,601400
2000-02-16,6.7161,6.8011,6.7161,6.7624,247800
2000-02-17,6.7779,6.7972,6.6620,6.7547,176000
2000-02-18,6.7238,6.7238,6.5383,6.5576,283400
2000-02-22,6.5847,6.5847,6.4301,6.4997,149200
2000-02-23,6.4456,6.4456,6.2833,6.3296,152400
2000-02-24,6.2446,6.2910,6.1673,6.2601,632000
2000-02-25,6.2214,6.3142,6.1055,6.1364,1325600
2000-02-28,6.1982,6.3915,6.0900,6.3219,912200
2000-02-29,6.3374,6.5151,6.3374,6.4687,160600
2000-03-01,6.4340,6.6542,6.4146,6.6310,1761200
2000-03-02,6.6504,6.7779,6.6465,6.7547,785400
2000-03-03,6.7392,6.7392,6.5769,6.6465,1223400
2000-03-06,6.6001,6.6774,6.5615,6.6079,559600
2000-03-07,6.5924,7.0638,6.5924,7.0638,999000
2000-03-08,6.8629,7.1334,6.8629,6.9479,2178800
2000-03-09,6.8474,6.9634,6.7702,6.9556,716800
2000-03-10,6.9247,7.0948,6.8552,6.8629,1326200
2000-03-13,6.8629,6.9788,6.7315,6.7624,701200
2000-03-14,6.7238,6.8552,6.6774,6.8474,720800
2000-03-15,6.7740,6.8629,6.7161,6.8165,839000
2000-03-16,6.7702,7.1179,6.6156,7.1102,1132600
2000-03-17,7.1030,7.1030,6.8898,6.8936,299600
2000-03-20,6.9247,6.9247,6.7541,6.7851,475000
2000-03-21,6.4516,7.0022,6.4516,7.0022,353000
2000-03-22,6.9867,7.0332,6.9169,6.9479,83800
2000-03-23,6.9014,7.0255,6.8626,6.9402,83000
2000-03-24,6.9944,7.0410,6.9324,6.9557,322800
2000-03-27,6.9324,7.0565,6.8471,6.9789,438200
2000-03-28,6.9944,7.0332,6.9014,6.9479,138600
2000-03-29,6.9169,7.3356,6.9169,7.3124,465600
2000-03-30,7.3744,7.4985,7.2503,7.3124,355800
2000-03-31,7.2891,7.4403,7.2736,7.2736,1255800
2000-04-03,7.3201,7.3977,7.2930,7.3977,281400
2000-04-04,7.4442,7.4830,7.1806,7.3046,829200
2000-04-05,7.3163,7.3356,7.0875,7.0875,102600
2000-04-06,7.1185,7.2891,7.1185,7.2736,76000
2000-04-07,7.2736,7.2891,7.1495,7.1612,510800
2000-04-10,7.1185,7.1457,7.0293,7.0565,54000
2000-04-11,7.0565,7.2348,7.0565,7.1806,975800
2000-04-12,7.2116,7.3356,7.1844,7.2426,484400
2000-04-13,7.2581,7.2891,7.1999,7.2271,881600
2000-04-14,7.2271,7.2891,7.0022,7.0720,3698200
2000-04-17,7.0100,7.0487,6.8277,6.9014,432200
2000-04-18,6.8549,6.9596,6.8549,6.9363,159200
2000-04-19,6.9479,7.0991,6.9479,7.0875,755600
2000-04-20,7.0875,7.1379,7.0255,7.0991,471200
2000-04-24,7.1495,7.1961,7.0604,7.1767,44000
2000-04-25,7.1767,7.2697,7.1767,7.1883,861600
2000-04-26,7.2116,7.2969,7.1728,7.2814,859000
2000-04-27,7.2271,7.3899,7.1999,7.3822,55000
2000-04-28,7.3667,7.3667,7.1650,7.1650,106000
2000-05-01,7.2426,7.3356,7.2038,7.2814,69400
2000-05-02,7.2814,7.4442,7.2814,7.3860,296000
2000-05-03,7.3822,7.3822,7.1961,7.1961,158200
2000-05-04,7.2426,7.3938,7.2426,7.3822,88000
2000-05-05,7.3822,7.4713,7.3511,7.4597,71200
2000-05-08,7.4132,7.5915,7.4132,7.5528,166000
2000-05-09,7.6303,7.6381,7.4907,7.5566,244800
2000-05-10,7.5528,7.6226,7.4985,7.5799,707400
2000-05-11,7.6148,7.8280,7.6148,7.8164,261600
2000-05-12,7.7854,7.8474,7.7738,7.8436,90200
2000-05-15,7.8629,8.0180,7.8164,8.0064,2556600
2000-05-16,7.9405,7.9715,7.7854,7.8513,1860800
2000-05-17,7.8940,7.8940,7.7815,7.8901,91200
2000-05-18,7.8784,7.9366,7.7854,7.8784,1779400
2000-05-19,7.8242,7.9366,7.7893,7.8940,142800
2000-05-22,7.8319,7.9211,7.8280,7.8280,216800
2000-05-23,7.8164,7.8784,7.7466,7.7970,280600
2000-05-24,7.7854,7.8435,7.7078,7.8048,129600
2000-05-25,7.8164,7.8164,7.5915,7.6613,663600
2000-05-26,7.6768,7.7815,7.6652,7.6652,69200
2000-05-30,7.7156,7.8164,7.6923,7.7738,124800
2000-05-31,7.7699,8.0180,7.7699,8.0064,229400
2000-06-01,7.9793,7.9793,7.7854,7.9327,82600
2000-06-02,7.9095,7.9172,7.6148,7.6613,99200
2000-06-05,7.6148,7.6923,7.5373,7.5528,2246600
2000-06-06,7.5915,7.8474,7.5915,7.8474,131400
2000-06-07,7.8164,7.8436,7.7001,7.7466,75800
2000-06-08,7.7311,7.8164,7.7079,7.7854,149000
2000-06-09,7.7815,7.7931,7.6923,7.7350,259600
2000-06-12,7.7234,7.9560,7.7234,7.9095,515000
2000-06-13,7.9250,7.9715,7.8862,7.9095,714200
2000-06-14,7.9560,8.0645,7.8009,7.8978,432400
2000-06-15,7.9327,7.9405,7.7350,7.7854,502800
2000-06-16,7.8230,8.0256,7.8230,7.9165,957000
2000-06-19,7.9321,7.9945,7.7919,7.8503,469400
2000-06-20,7.8230,7.8464,7.6555,7.8075,180800
2000-06-21,7.7607,7.9711,7.7451,7.9477,321400
2000-06-22,7.9828,8.0101,7.7373,7.7373,188600
2000-06-23,7.7919,7.9165,7.7919,7.8347,158000
2000-06-26,7.9010,7.9010,7.7295,7.7724,89000
2000-06-27,7.7841,7.7841,7.6360,7.7179,29200
2000-06-28,7.6711,7.6984,7.5893,7.6516,180200
2000-06-29,7.6360,7.7295,7.6205,7.6672,1088800
2000-06-30,7.6282,7.6828,7.5036,7.5659,255200
2000-07-03,7.5270,7.6399,7.5270,7.6127,108000
2000-07-05,7.4802,7.5075,7.2932,7.2971,2064800
2000-07-06,7.4023,7.5114,7.3711,7.3711,435600
2000-07-07,7.4335,7.4568,7.3867,7.4062,1044000
2000-07-10,7.4023,7.5075,7.4023,7.4412,346600
2000-07-11,7.4802,7.7256,7.4802,7.7062,142200
2000-07-12,7.7295,7.7412,7.6049,7.6049,308600
2000-07-13,7.5347,7.5659,7.4490,7.4880,137800
2000-07-14,7.5270,7.5270,7.4023,7.4802,423400
2000-07-17,7.4958,7.5270,7.3828,7.3828,456000
2000-07-18,7.3867,7.5270,7.3867,7.4490,202000
2000-07-19,7.4802,7.5036,7.3945,7.4296,114400
2000-07-20,7.4179,7.4646,7.3555,7.3555,371200
2000-07-21,7.3711,7.3789,7.2075,7.2153,75000
2000-07-24,7.2932,7.2932,7.0984,7.1413,232600
2000-07-25,7.1607,7.2309,7.0517,7.0750,975400
2000-07-26,7.1451,7.1763,7.0906,7.1335,70000
2000-07-27,7.1101,7.3945,7.1101,7.3789,312400
2000-07-28,7.3867,7.4334,7.3244,7.3244,59000
2000-07-31,7.3867,7.4179,7.2698,7.2776,534400
2000-08-01,7.3400,7.4412,7.3400,7.4140,147800
2000-08-02,7.4802,7.5815,7.4724,7.5542,211600
2000-08-03,7.6049,7.6360,7.4490,7.4490,88200
2000-08-04,7.4490,7.5270,7.3945,7.4802,60000
2000-08-07,7.4880,7.6283,7.4880,7.5776,69200
2000-08-08,7.5737,7.6205,7.5581,7.5932,59600
2000-08-09,7.6672,7.9165,7.6360,7.7295,97800
2000-08-10,7.7373,7.8230,7.7373,7.7997,108000
2000-08-11,7.8542,7.8542,7.7334,7.7919,316800
2000-08-14,7.8075,7.9399,7.7919,7.9010,346200
2000-08-15,7.9010,8.0023,7.8698,7.8698,537800
2000-08-16,7.8854,8.0101,7.8698,7.9789,85000
2000-08-17,8.0724,8.1971,8.0724,8.1659,452400
2000-08-18,8.1815,8.1815,8.0412,8.0724,1437600
2000-08-21,8.0880,8.1036,8.0412,8.1036,156400
2000-08-22,8.1036,8.1659,8.0646,8.0802,1300000
2000-08-23,8.1659,8.3217,8.1659,8.2906,406400
2000-08-24,8.3217,8.3217,8.0880,8.1113,478200
2000-08-25,8.1191,8.1347,8.0256,8.1347,523600
2000-08-28,8.0802,8.2438,8.0568,8.1659,221600
2000-08-29,8.1659,8.2087,8.1191,8.1737,213000
2000-08-30,8.1347,8.1737,8.0256,8.1036,331600
2000-08-31,8.1036,8.1347,8.0451,8.0724,157000
2000-09-01,8.0490,8.2126,8.0490,8.1542,205400
2000-09-05,8.1971,8.2594,8.1036,8.1542,1445000
2000-09-06,8.1971,8.3451,8.1971,8.3334,456000
2000-09-07,8.3061,8.3373,8.2750,8.2945,208800
2000-09-08,8.2750,8.2906,8.1425,8.1971,1784400
2000-09-11,8.1971,8.4776,8.1971,8.4581,1640600
2000-09-12,8.4931,8.5087,8.3373,8.4464,1106200
2000-09-13,8.4620,8.4620,8.2983,8.3061,219600
2000-09-14,8.3061,8.3373,8.2321,8.2828,834600
2000-09-15,8.3890,8.5925,8.3890,8.4986,1525600
2000-09-18,8.6081,8.6316,8.5142,8.5142,411000
2000-09-19,8.5299,8.5299,8.2716,8.2873,7629000
2000-09-20,8.3734,8.4007,8.1229,8.1229,2858400
2000-09-21,8.0916,8.1151,8.0173,8.0603,9151200
2000-09-22,8.0173,8.3577,7.9195,8.0095,2939000
2000-09-25,7.9821,7.9821,7.7630,7.8882,1014400
2000-09-26,7.9351,8.0916,7.9351,8.0760,930600
2000-09-27,8.0916,8.2481,8.0290,8.2286,166400
2000-09-28,8.2442,8.2638,8.1386,8.1973,645200
2000-09-29,8.2638,8.3264,8.2051,8.2051,254400
2000-10-02,8.2481,8.3851,8.2481,8.3734,629000
2000-10-03,8.3538,8.3851,8.3107,8.3694,184400
2000-10-04,8.3421,8.3421,8.1229,8.1229,303600
2000-10-05,8.1190,8.3851,8.0134,8.1112,4559600
2000-10-06,8.1699,8.2638,8.0290,8.0760,1080000
2000-10-09,8.1073,8.2403,8.1073,8.2012,2751600
2000-10-10,8.2481,8.4673,8.2481,8.3851,2462800
2000-10-11,8.4360,8.5925,8.3968,8.4634,797800
2000-10-12,8.5142,8.6629,8.5142,8.5925,4065600
2000-10-13,8.5925,8.7020,8.2325,8.2638,608200
2000-10-16,8.2364,8.2521,8.1581,8.1855,656200
2000-10-17,8.2638,8.3264,8.1895,8.1895,1022800
2000-10-18,8.2325,8.2638,8.0760,8.0799,2834400
2000-10-19,8.0916,8.2168,8.0290,8.1190,1954800
2000-10-20,8.0603,8.2795,8.0603,8.2795,977200
2000-10-23,8.2951,8.2951,8.1308,8.1464,411000
2000-10-24,8.1542,8.1699,8.0016,8.0095,160600
2000-10-25,8.0447,8.0447,7.7943,7.8138,794400
2000-10-26,7.9195,7.9508,7.8099,7.8490,901800
2000-10-27,7.9351,7.9351,7.7317,7.7943,684400
2000-10-30,7.8412,7.9508,7.7630,7.9273,753200
2000-10-31,7.9977,8.0173,7.8647,7.9821,926600
2000-11-01,8.0447,8.2403,8.0447,8.2403,4240200
2000-11-02,8.1973,8.1973,7.9195,7.9508,236000
2000-11-03,7.9508,8.0095,7.8725,7.9195,683600
2000-11-06,7.9195,8.0016,7.8256,7.9508,1016200
2000-11-07,7.9821,8.1073,7.9821,8.0134,485200
2000-11-08,8.0447,8.1229,8.0369,8.0916,120400
2000-11-09,8.1268,8.1542,7.9469,8.0056,608200
2000-11-10,8.1073,8.1503,7.8569,8.0290,670400
2000-11-13,8.0799,8.1347,7.8921,7.9664,100000
2000-11-14,7.9038,8.0838,7.9038,8.0134,96400
2000-11-15,8.0682,8.2012,8.0682,8.1699,142600
2000-11-16,8.1542,8.2482,8.1425,8.2012,310800
2000-11-17,8.1386,8.1934,8.0995,8.1347,341200
2000-11-20,8.1542,8.2325,8.0956,8.0956,435200
2000-11-21,8.1073,8.2795,8.1073,8.2795,635200
2000-11-22,8.2325,8.2325,8.1229,8.1464,485200
2000-11-24,8.2051,8.2638,8.1699,8.2638,100000
2000-11-27,8.2168,8.2638,8.1621,8.1973,91800
2000-11-28,8.2286,8.2951,8.1855,8.1895,99800
2000-11-29,8.2247,8.2247,7.8177,7.8295,1523600
2000-11-30,7.8725,7.8725,7.4891,7.5634,2520000
2000-12-01,7.5751,7.7943,7.5595,7.7317,619200
2000-12-04,7.7943,7.9038,7.7630,7.8647,402600
2000-12-05,7.8412,7.9351,7.7004,7.7004,333400
2000-12-06,7.7004,7.7317,7.5438,7.6378,1018400
2000-12-07,7.7630,7.7904,7.7043,7.7630,446800
2000-12-08,7.6847,7.7630,7.5908,7.7590,97200
2000-12-11,7.7160,7.8256,7.6847,7.7825,124800
2000-12-12,7.7943,7.8725,7.7864,7.8725,249800
2000-12-13,7.9351,7.9664,7.8412,7.8882,388400
2000-12-14,7.8725,7.8764,7.6260,7.6456,113200
2000-12-15,7.6606,7.8019,7.6606,7.7352,1258200
2000-12-18,7.7705,8.0020,7.7705,7.9745,408600
2000-12-19,7.9588,8.1394,7.9588,8.1119,516800
2000-12-20,7.9431,8.0138,7.8647,7.8725,381800
2000-12-21,7.9431,7.9785,7.9000,7.9314,659800
2000-12-22,7.9588,8.0373,7.9157,8.0373,116800
2000-12-26,8.0530,8.3788,8.0530,8.3748,1934200
2000-12-27,8.4298,8.4376,8.2924,8.3670,582400
2000-12-28,8.4298,8.5122,8.3591,8.5043,135000
2000-12-29,8.4965,8.5240,8.3277,8.3356,370800
2001-01-02,8.4769,8.5671,8.3552,8.3552,797000
2001-01-03,8.4298,8.4298,8.1001,8.1001,1038200
2001-01-04,8.0059,8.1001,7.8019,7.8490,773000
2001-01-05,7.8490,8.0844,7.8490,8.0177,849200
2001-01-08,8.1158,8.1158,7.9588,7.9902,743200
2001-01-09,8.0373,8.0373,7.8058,7.8293,264000
2001-01-10,7.8804,7.9039,7.8097,7.8804,255200
2001-01-11,7.8961,8.0373,7.8961,7.9667,97200
2001-01-12,7.8804,7.9863,7.8647,7.9157,60200
2001-01-16,7.9902,8.0059,7.8647,7.9118,66800
2001-01-17,8.0059,8.0059,7.8019,7.8725,191400
2001-01-18,7.8019,7.8490,7.6606,7.7234,744000
2001-01-19,7.6135,7.7391,7.5821,7.6881,643800
2001-01-22,7.7391,7.7862,7.6881,7.7705,78800
2001-01-23,7.8019,7.9078,7.7626,7.8921,123400
2001-01-24,7.9588,7.9588,7.8647,7.8843,94600
2001-01-25,7.9588,8.1433,7.9588,8.1197,225600
2001-01-26,8.1472,8.2061,7.9745,7.9824,344400
2001-01-29,8.0122,8.0122,7.9168,7.9168,126400
2001-01-30,7.9796,8.0047,7.8590,7.9846,469600
2001-01-31,8.0373,8.0876,7.9871,8.0700,198000
2001-02-01,8.0700,8.0700,7.9243,7.9670,692200
2001-02-02,8.0223,8.1152,8.0198,8.1001,353000
2001-02-05,8.1629,8.2860,8.1629,8.2634,408600
2001-02-06,8.2709,8.3362,8.1629,8.3161,145000
2001-02-07,8.3237,8.4065,8.2408,8.3387,206200
2001-02-08,8.3613,8.4292,8.3312,8.3839,78400
2001-02-09,8.4015,8.5497,8.4015,8.5196,483000
2001-02-12,8.4392,8.4819,8.4015,8.4066,591000
2001-02-13,8.3890,8.4216,8.3387,8.3890,2027800
2001-02-14,8.4066,8.4417,8.3212,8.3287,167200
2001-02-15,8.1880,8.2383,8.1378,8.2207,1109200
2001-02-16,8.3161,8.3538,8.2257,8.2935,114600
2001-02-20,8.3011,8.3638,8.2458,8.2458,749800
2001-02-21,8.2835,8.3412,8.1905,8.1905,189800
2001-02-22,8.2257,8.2609,8.1001,8.1504,420000
2001-02-23,8.1278,8.1478,7.9620,8.0474,682600
2001-02-26,8.0248,8.1453,8.0248,8.1353,681200
2001-02-27,8.1629,8.2081,8.0750,8.0851,81000
2001-02-28,8.1202,8.1202,7.9720,7.9720,47000
2001-03-01,7.9997,8.0926,7.9997,8.0624,328200
2001-03-02,8.1378,8.2558,8.1227,8.2458,157600
2001-03-05,8.1981,8.3337,8.1981,8.2910,3215800
2001-03-06,8.3136,8.3865,8.3111,8.3337,191800
2001-03-07,8.3890,8.5171,8.3890,8.5120,466800
2001-03-08,8.5372,8.5974,8.4543,8.5974,305600
2001-03-09,8.6251,8.6276,8.4894,8.5573,479000
2001-03-12,8.4266,8.4492,8.2734,8.2734,2822400
2001-03-13,8.1880,8.2257,8.0926,8.1755,304800
2001-03-14,8.0122,8.1604,8.0122,8.0524,218200
2001-03-15,8.1127,8.1579,8.0122,8.0574,159400
2001-03-16,8.0718,8.0718,7.9181,7.9232,446000
2001-03-19,7.9483,8.0970,7.9483,8.0239,482600
2001-03-20,8.0516,8.1726,8.0516,8.0945,976600
2001-03-21,8.0768,8.0768,7.8501,7.8627,701600
2001-03-22,7.7871,7.7871,7.4193,7.6309,533200
2001-03-23,7.6385,7.7443,7.6284,7.6914,880000
2001-03-26,7.8476,7.8476,7.7518,7.7921,105800
2001-03-27,7.8350,7.8854,7.7594,7.8350,199000
2001-03-28,7.7846,7.7846,7.6410,7.7216,276200
2001-03-29,7.5704,7.6183,7.5175,7.5579,214400
2001-03-30,7.7191,7.7846,7.6737,7.7342,226200
2001-04-02,7.6838,7.7468,7.5276,7.5906,212800
2001-04-03,7.5528,7.5579,7.3185,7.3815,2459000
2001-04-04,7.4369,7.5604,7.4092,7.5125,328000
2001-04-05,7.5956,7.7342,7.5579,7.7090,423800
2001-04-06,7.6108,7.7317,7.5856,7.7191,139600
2001-04-09,7.7846,7.9131,7.7846,7.9005,177800
2001-04-10,8.0012,8.0945,7.9559,8.0365,484000
2001-04-11,7.9609,7.9962,7.8929,7.8929,132400
2001-04-12,7.9987,8.0214,7.9106,7.9761,430800
2001-04-16,8.0491,8.1348,8.0491,8.1323,264600
2001-04-17,8.1474,8.2179,8.0642,8.1751,99400
2001-04-18,8.1373,8.2381,8.0768,8.1323,157800
2001-04-19,8.1020,8.1020,7.9559,7.9912,127600
2001-04-20,8.0768,8.1197,8.0416,8.0768,285000
2001-04-23,8.1877,8.3010,8.1877,8.2910,181400
2001-04-24,8.3691,8.4018,8.2683,8.3061,965800
2001-04-25,8.3136,8.4598,8.3111,8.4245,529800
2001-04-26,8.4850,8.6084,8.4850,8.5908,1502200
2001-04-27,8.5756,8.5832,8.5026,8.5328,224000
2001-04-30,8.5353,8.6260,8.4875,8.5328,366400
2001-05-01,8.4598,8.5253,8.4220,8.4774,470400
2001-05-02,8.2481,8.2708,8.1272,8.1474,838000
2001-05-03,8.0617,8.1121,8.0138,8.1071,270400
2001-05-04,8.1247,8.2733,8.1171,8.2355,1273000
2001-05-07,8.3086,8.3136,8.1751,8.2582,325200
2001-05-08,8.1902,8.2633,8.1625,8.2507,267800
2001-05-09,8.2582,8.3968,8.2582,8.3968,178800
2001-05-10,8.3842,8.4119,8.3136,8.3363,3399600
2001-05-11,8.3262,8.3262,8.2255,8.2557,65200
2001-05-14,8.3111,8.4220,8.3061,8.3842,165000
2001-05-15,8.4850,8.4900,8.4144,8.4598,275400
2001-05-16,8.5051,8.5631,8.4900,8.5303,795400
2001-05-17,8.5253,8.5656,8.4648,8.5580,137400
2001-05-18,8.6411,8.7444,8.6336,8.7369,1072600
2001-05-21,8.7923,8.7923,8.6663,8.7167,1178200
2001-05-22,8.7016,8.7041,8.5908,8.6286,305000
2001-05-23,8.5404,8.5908,8.4446,8.4975,4020000
2001-05-24,8.4396,8.4850,8.3892,8.4824,808400
2001-05-25,8.4900,8.4900,8.4043,8.4094,156800
2001-05-29,8.4799,8.5404,8.3968,8.3968,1769200
2001-05-30,8.4194,8.4346,8.3439,8.3640,698600
2001-05-31,8.4094,8.4572,8.3288,8.4522,226800
2001-06-01,8.4396,8.4522,8.3489,8.4144,2102200
2001-06-04,8.5278,8.5605,8.5177,8.5278,348000
2001-06-05,8.5278,8.5731,8.4724,8.5530,728400
2001-06-06,8.4396,8.4396,8.3136,8.3363,304200
2001-06-07,8.3212,8.3363,8.2330,8.2381,719800
2001-06-08,8.2633,8.2935,8.1700,8.2607,105400
2001-06-11,8.3640,8.3665,8.2834,8.2834,47800
2001-06-12,8.3136,8.3842,8.3136,8.3464,254800
2001-06-13,8.4396,8.4547,8.2834,8.3061,688400
2001-06-14,8.2381,8.2481,8.1373,8.1373,394000
2001-06-15,8.2261,8.2616,8.1401,8.1983,194800
2001-06-18,8.1300,8.2034,8.0743,8.1072,456000
2001-06-19,8.1249,8.1249,8.0135,8.0996,731200
2001-06-20,8.0009,8.2540,7.9477,7.9477,446200
2001-06-21,7.9983,7.9983,7.7807,7.8288,1274000
2001-06-22,7.8338,7.9806,7.7503,7.9806,392400
2001-06-25,7.9477,7.9806,7.8718,7.8870,177400
2001-06-26,7.8768,7.9401,7.8490,7.9351,116200
2001-06-27,7.8465,7.8465,7.7351,7.7452,3680200
2001-06-28,7.6693,7.6693,7.5529,7.5807,225000
2001-06-29,7.6187,7.7452,7.5554,7.6819,473400
2001-07-02,7.6440,7.7351,7.6313,7.6617,246000
2001-07-03,7.6187,7.6693,7.6187,7.6516,169600
2001-07-05,7.6440,7.7756,7.6440,7.7199,1662000
2001-07-06,7.7351,7.7655,7.6440,7.6921,598400
2001-07-09,7.6566,7.6668,7.5706,7.5832,132400
2001-07-10,7.6212,7.6288,7.5326,7.5934,930800
2001-07-11,7.4795,7.5174,7.3681,7.4921,472000
2001-07-12,7.4415,7.4870,7.3909,7.4820,63400
2001-07-13,7.4339,7.5883,7.3959,7.5098,125600
2001-07-16,7.5301,7.5301,7.3200,7.3858,308800
2001-07-17,7.4288,7.4288,7.3023,7.3529,217600
2001-07-18,7.2441,7.4972,7.1631,7.2744,134800
2001-07-19,7.3276,7.4288,7.3276,7.3504,1174400
2001-07-20,7.4668,7.5250,7.4339,7.5073,1823600
2001-07-23,7.5377,7.5680,7.2846,7.4212,226000
2001-07-24,7.3782,7.3782,7.1504,7.1555,216200
2001-07-25,7.2719,7.5149,7.2263,7.4870,481000
2001-07-26,7.5604,7.6389,7.4668,7.6389,405800
2001-07-27,7.5554,7.7148,7.5098,7.6743,231600
2001-07-30,7.6870,7.7300,7.6414,7.6819,134000
2001-07-31,7.7199,7.7452,7.5934,7.5934,401800
2001-08-01,7.6819,7.7148,7.5225,7.5655,973800
2001-08-02,7.5807,7.5832,7.4845,7.5604,1136800
2001-08-03,7.5402,7.5402,7.4288,7.4465,406000
2001-08-06,7.4288,7.4972,7.4086,7.4364,66400
2001-08-07,7.4668,7.4744,7.4086,7.4364,85400
2001-08-08,7.4541,7.4541,7.2441,7.2846,1198200
2001-08-09,7.2137,7.3276,7.2137,7.3276,440200
2001-08-10,7.3276,7.4136,7.2972,7.3352,758600
2001-08-13,7.3656,7.4364,7.3478,7.3706,576200
2001-08-14,7.3782,7.4238,7.3580,7.4111,161400
2001-08-15,7.4035,7.5655,7.3934,7.5225,1087400
2001-08-16,7.5807,7.5807,7.4339,7.4795,361200
2001-08-17,7.4870,7.4870,7.3782,7.4238,108200
2001-08-20,7.4035,7.4111,7.3402,7.3706,63800
2001-08-21,7.3529,7.4238,7.2643,7.3656,1110600
2001-08-22,7.4921,7.5503,7.3706,7.3706,420600
2001-08-23,7.4111,7.4617,7.3959,7.4364,46000
2001-08-24,7.4364,7.4997,7.4162,7.4972,196400
2001-08-27,7.4921,7.5377,7.4465,7.4870,499600
2001-08-28,7.4617,7.4617,7.3656,7.4086,198400
2001-08-29,7.4415,7.4820,7.3782,7.3782,77800
2001-08-30,7.4415,7.4491,7.2491,7.2719,1313800
2001-08-31,7.2542,7.3276,7.2238,7.2719,152400
2001-09-04,7.2744,7.4212,7.2744,7.3149,1877200
2001-09-05,7.2896,7.3402,7.2643,7.3402,266000
2001-09-06,7.3529,7.3529,7.2668,7.2896,539600
2001-09-07,7.2770,7.3352,7.2441,7.2846,204000
2001-09-10,7.2896,7.3200,7.1884,7.3073,1168600
2001-09-17,7.2137,7.2137,7.0314,7.1580,4019200
2001-09-18,7.0871,7.0871,6.8062,6.8112,1196400
2001-09-19,6.7707,6.8340,6.2949,6.5657,485600
2001-09-20,6.4290,6.4822,6.3404,6.3809,1966200
2001-09-21,6.1852,6.4397,6.1343,6.3837,2335000
2001-09-24,6.3379,6.3685,6.1725,6.2158,3269600
2001-09-25,6.1598,6.2361,6.0452,6.1470,1700200
2001-09-26,6.1852,6.2234,6.0452,6.1038,990400
2001-09-27,6.1725,6.3659,6.1139,6.3456,2188800
2001-09-28,6.4525,6.6001,6.4525,6.5721,697000
2001-10-01,6.5161,6.5288,6.3710,6.4805,149800
2001-10-02,6.5034,6.6637,6.4703,6.6230,121400
2001-10-03,6.5925,6.7299,6.5339,6.7146,147400
2001-10-04,6.7834,6.9692,6.7503,6.8725,234400
2001-10-05,6.8852,6.9463,6.7757,6.9234,141200
2001-10-08,6.8597,7.0201,6.7961,6.9361,682000
2001-10-09,6.9488,7.0023,6.9030,6.9488,77000
2001-10-10,7.0379,7.2950,7.0379,7.2568,522400
2001-10-11,7.3052,7.3561,7.1677,7.2543,790400
2001-10-12,7.2288,7.2873,7.1270,7.2059,798000
2001-10-15,7.1754,7.1754,6.9794,7.0735,162800
2001-10-16,7.0379,7.1855,7.0379,7.1575,204800
2001-10-17,7.2161,7.2772,7.0735,7.1219,456800
2001-10-18,6.9997,7.0226,6.8266,6.8343,6285400
2001-10-19,6.7834,6.9081,6.6866,6.8597,738000
2001-10-22,6.8725,6.9463,6.7885,6.9437,2860600
2001-10-23,6.8470,7.0634,6.8470,6.9183,4635400
2001-10-24,6.8343,6.8419,6.7248,6.8215,395600
2001-10-25,6.7834,6.9946,6.7834,6.9946,92600
2001-10-26,7.0124,7.1321,7.0099,7.1295,538200
2001-10-29,7.1270,7.1906,7.0634,7.0634,2189600
2001-10-30,6.9361,6.9564,6.8266,6.8266,152800
2001-10-31,6.8725,6.9615,6.7757,6.8368,649800
2001-11-01,6.8190,6.9437,6.7325,6.9412,657000
2001-11-02,6.8215,6.8215,6.7325,6.7528,2228400
2001-11-05,6.8343,6.8343,6.6994,6.7121,767600
2001-11-06,6.6688,6.7070,6.5543,6.6714,460600
2001-11-07,6.6688,6.7605,6.5976,6.6994,4135600
2001-11-08,6.8343,6.8597,6.7783,6.8292,305600
2001-11-09,6.9234,6.9972,6.9055,6.9615,1259800
2001-11-12,6.8725,6.9437,6.7579,6.9437,178800
2001-11-13,6.9488,7.0074,6.8725,6.9997,140200
2001-11-14,6.7961,6.8470,6.6205,6.6586,8383200
2001-11-15,6.5416,6.5467,6.1089,6.3227,9490400
2001-11-16,6.3278,6.4525,6.1903,6.4397,8957800
2001-11-19,6.4270,6.4525,6.3023,6.4245,2116800
2001-11-20,6.5925,6.7070,6.5594,6.6612,4105800
2001-11-21,6.6637,6.8394,6.5085,6.5746,1094800
2001-11-23,6.4907,6.6561,6.4397,6.6357,101000
2001-11-26,6.5288,6.5543,6.4448,6.5263,615400
2001-11-27,6.4907,6.6128,6.4296,6.5314,829800
2001-11-28,6.4525,6.5008,6.3787,6.3787,1438200
2001-11-29,6.4270,6.4881,6.3888,6.4881,1604200
2001-11-30,6.4728,6.5136,6.4117,6.4550,740600
2001-12-03,6.4219,6.6001,6.3812,6.5416,288800
2001-12-04,6.5670,6.6434,6.4983,6.6332,992800
2001-12-05,6.7706,6.8037,6.7172,6.7706,2130800
2001-12-06,6.7197,6.8470,6.5670,6.5696,1747200
2001-12-07,6.5670,6.8725,6.4932,6.6128,675800
2001-12-10,6.5543,6.5797,6.4932,6.5212,223800
2001-12-11,6.5161,6.5212,6.3914,6.4143,2426600
2001-12-12,6.4143,6.4296,6.3481,6.4296,607400
2001-12-13,6.3405,6.4270,6.2870,6.3252,118200
2001-12-14,6.3379,6.6816,6.3125,6.3888,521200
2001-12-17,6.3888,6.4754,6.3532,6.3736,110600
2001-12-18,6.3888,6.4677,6.3888,6.4576,268800
2001-12-19,6.4601,6.6052,6.4168,6.6052,460600
2001-12-20,6.6052,6.6586,6.5696,6.5746,177400
2001-12-21,6.6707,6.6938,6.6196,6.6196,263600
2001-12-24,6.6759,6.7474,6.6452,6.7295,651400
2001-12-26,6.7346,6.8880,6.7346,6.8471,682400
2001-12-27,6.8318,6.8752,6.7858,6.8701,386800
2001-12-28,6.8880,6.9570,6.8675,6.9008,816400
2001-12-31,6.9136,6.9136,6.8241,6.8241,242000
2002-01-02,6.8241,6.8241,6.6707,6.7730,579800
2002-01-03,6.7883,6.8241,6.6989,6.7321,619000
2002-01-04,6.7985,6.7985,6.7091,6.7628,1160600
2002-01-07,6.8113,7.1564,6.7219,6.7602,664200
2002-01-08,6.7858,6.7858,6.6963,6.7014,532000
2002-01-09,6.6963,6.7551,6.6477,6.7091,899600
2002-01-10,6.6529,6.6886,6.6350,6.6580,84400
2002-01-11,6.6682,6.6682,6.5225,6.5302,281800
2002-01-14,6.4407,6.5276,6.4407,6.4509,617400
2002-01-15,6.5557,6.5992,6.5353,6.5557,245800
2002-01-16,6.5174,6.5174,6.4152,6.4203,433000
2002-01-17,6.4561,6.4561,6.3998,6.4177,228400
2002-01-18,6.4024,6.4152,6.3589,6.3640,371000
2002-01-22,6.4228,6.4254,5.9296,6.3180,336000
2002-01-23,6.3564,6.5046,6.3564,6.4969,600600
2002-01-24,6.5046,6.6120,6.4663,6.5864,265400
2002-01-25,6.6324,6.6656,6.5838,6.6580,940000
2002-01-28,6.6835,6.6835,6.5200,6.5557,199600
2002-01-29,6.4586,6.5097,6.3359,6.3768,935400
2002-01-30,6.2823,6.4637,6.2363,6.4279,1155400
2002-01-31,6.5046,6.5813,6.4842,6.5813,780600
2002-02-01,6.5864,6.6324,6.5404,6.6171,517200
2002-02-04,6.5430,6.5813,6.4254,6.4407,1271400
2002-02-05,6.4152,6.4458,6.3513,6.3973,554600
2002-02-06,6.4458,6.4893,6.4356,6.4407,1516600
2002-02-07,6.4152,6.4305,6.3462,6.3666,1437000
2002-02-08,6.3896,6.4382,6.3513,6.4382,605800
2002-02-11,6.4407,6.5557,6.3896,6.5225,471800
2002-02-12,6.5148,6.5532,6.4765,6.4918,151000
2002-02-13,6.4407,6.5455,6.4356,6.5302,319600
2002-02-14,6.5225,6.6273,6.5225,6.5838,1572800
2002-02-15,6.5685,6.6452,6.5608,6.5890,1111400
2002-02-19,6.5685,6.6094,6.4918,6.5302,1462800
2002-02-20,6.5174,6.5302,6.4279,6.5097,844400
2002-02-21,6.5174,6.6682,6.5174,6.5864,2423200
2002-02-22,6.6375,6.8037,6.6299,6.7679,3096800
2002-02-25,6.8190,6.8727,6.7653,6.8650,1593800
2002-02-26,6.8624,6.8752,6.7858,6.8292,1217600
2002-02-27,6.8880,6.9008,6.7883,6.8241,2418600
2002-02-28,6.8752,6.8931,6.8062,6.8062,827600
2002-03-01,6.8957,6.9289,6.8292,6.9033,897400
2002-03-04,6.9902,7.0541,6.9519,7.0541,1361600
2002-03-05,6.9851,7.0874,6.9851,7.0567,1382800
2002-03-06,7.1052,7.2407,7.0362,7.1921,690600
2002-03-07,7.2714,7.2969,7.1998,7.2458,653400
2002-03-08,7.3225,7.3225,7.1717,7.2126,378200
2002-03-11,7.3020,7.3429,7.2842,7.2893,841800
2002-03-12,7.2969,7.3762,7.2842,7.3532,501400
2002-03-13,7.4043,7.4375,7.3046,7.3046,1234200
2002-03-14,7.3353,7.3353,7.2330,7.3020,236800
2002-03-15,7.3344,7.3985,7.3087,7.3549,3135800
2002-03-18,7.3703,7.4318,7.3395,7.4113,177200
2002-03-19,7.4523,7.5010,7.4241,7.5010,753400
2002-03-20,7.4369,7.4908,7.3933,7.4215,502000
2002-03-21,7.4267,7.4626,7.3472,7.4626,717600
2002-03-22,7.3728,7.3728,7.2831,7.2882,382000
2002-03-25,7.2446,7.3113,7.2215,7.2215,181200
2002-03-26,7.2318,7.3215,7.2318,7.2805,268000
2002-03-27,7.3420,7.4498,7.3420,7.4498,688600
2002-03-28,7.4369,7.4754,7.3933,7.4087,1387000
2002-04-01,7.4497,7.5010,7.4241,7.4600,1032800
2002-04-02,7.5062,7.5703,7.4985,7.5523,988600
2002-04-03,7.5139,7.5139,7.3574,7.3882,1231000
2002-04-04,7.3985,7.4190,7.2190,7.2549,1313600
2002-04-05,7.2831,7.2831,7.1574,7.1728,708200
2002-04-08,7.3087,7.3446,7.2292,7.2831,482000
2002-04-09,7.2266,7.4215,7.1395,7.1779,1152800
2002-04-10,7.1548,7.2702,7.1548,7.2600,450600
2002-04-11,7.2369,7.2677,7.1702,7.1856,1214600
2002-04-12,7.0779,7.0779,6.9317,6.9497,1495800
2002-04-15,7.0830,7.1497,7.0830,7.0856,595000
2002-04-16,7.1933,7.2446,7.1754,7.2190,208800
2002-04-17,7.2446,7.3369,7.2446,7.3087,1371000
2002-04-18,7.3780,7.3780,7.3087,7.3446,243200
2002-04-19,7.2882,7.3856,7.2651,7.3779,236200
2002-04-22,7.3600,7.3908,7.2702,7.3061,996600
2002-04-23,7.2113,7.3292,7.1856,7.2882,667800
2002-04-24,7.2010,7.2549,7.1574,7.1574,670200
2002-04-25,7.1625,7.2497,7.1061,7.2087,1335800
2002-04-26,7.1984,7.2318,7.0984,7.1292,1270400
2002-04-29,7.1292,7.1523,7.0625,7.0830,204600
2002-04-30,7.1215,7.1805,7.1215,7.1420,120400
2002-05-01,7.0907,7.2010,7.0702,7.1856,556800
2002-05-02,7.2087,7.2420,7.1625,7.2395,655000
2002-05-03,7.2985,7.3087,7.2164,7.2651,101400
2002-05-06,7.2215,7.2369,7.0035,7.0164,606600
2002-05-07,7.0010,7.0189,6.9471,6.9830,454400
2002-05-08,7.0523,7.1471,7.0189,7.1292,426000
2002-05-09,7.0959,7.1523,7.0651,7.0651,397600
2002-05-10,7.0959,7.1241,7.0471,7.0600,250600
2002-05-13,7.0189,7.2036,7.0035,7.1959,245800
2002-05-14,7.2574,7.2574,7.1830,7.2164,404800
2002-05-15,7.2036,7.2036,7.0651,7.0959,768000
2002-05-16,7.1446,7.1984,7.1241,7.1779,339800
2002-05-17,7.1343,7.1343,7.0420,7.1189,1022400
2002-05-20,7.0907,7.1087,7.0548,7.0702,110600
2002-05-21,7.0702,7.1625,7.0523,7.0753,1359600
2002-05-22,7.0548,7.1959,7.0548,7.1933,1437200
2002-05-23,7.2266,7.2651,7.1600,7.2549,481400
2002-05-24,7.2420,7.2420,7.1523,7.1754,347800
2002-05-28,7.2010,7.2010,7.1112,7.1189,372400
2002-05-29,7.0241,7.0753,6.9702,7.0523,220200
2002-05-30,6.9702,7.0164,6.8676,6.9163,505200
2002-05-31,6.9446,7.0779,6.9446,7.0164,656800
2002-06-03,6.9882,6.9882,6.7958,6.7958,143600
2002-06-04,6.7958,6.8471,6.7214,6.7958,298600
2002-06-05,6.7086,6.7702,6.6855,6.7702,490000
2002-06-06,6.8471,6.8599,6.6702,6.6984,111400
2002-06-07,6.6958,6.7830,6.6676,6.7676,337400
2002-06-10,6.7394,6.7445,6.6214,6.6419,167000
2002-06-11,6.6804,6.6958,6.5394,6.5419,250600
2002-06-12,6.5753,6.6445,6.5419,6.6343,123600
2002-06-13,6.6214,6.7163,6.5727,6.6266,494800
2002-06-14,6.5522,6.6189,6.4753,6.6189,211000
2002-06-17,6.6830,6.7984,6.6753,6.7907,834800
2002-06-18,6.7907,6.8138,6.7445,6.7574,530400
2002-06-19,6.7317,6.7984,6.6702,6.6907,106600
2002-06-20,6.7343,6.7881,6.6753,6.6779,1229200
2002-06-21,6.6562,6.7181,6.5685,6.6355,525200
2002-06-24,6.6355,6.7181,6.6072,6.6949,514200
2002-06-25,6.7852,6.8058,6.6562,6.6665,878400
2002-06-26,6.6304,6.6717,6.5659,6.6691,249600
2002-06-27,6.7026,6.7026,6.5994,6.7026,563600
2002-06-28,6.7207,6.8161,6.7207,6.7594,538800
2002-07-01,6.7749,6.7981,6.6949,6.6949,120800
2002-07-02,6.7336,6.7491,6.5427,6.5633,143000
2002-07-03,6.5659,6.6459,6.5014,6.6046,147000
2002-07-05,6.6562,6.7645,6.6562,6.7594,70800
2002-07-08,6.7413,6.7697,6.6613,6.6768,129600
2002-07-09,6.6588,6.7026,6.5349,6.5943,327800
2002-07-10,6.5607,6.5607,6.2898,6.3131,335200
2002-07-11,6.2692,6.3002,6.1376,6.1918,1210800
2002-07-12,6.1995,6.2099,6.0138,6.0809,979000
2002-07-15,5.9725,6.0164,5.6913,5.9467,358600
2002-07-16,5.8383,5.9493,5.7661,5.8564,560600
2002-07-17,6.0834,6.0834,5.8719,5.9209,548600
2002-07-18,5.9338,6.0396,5.8616,5.8822,208200
2002-07-19,5.7919,5.8409,5.5210,5.5210,1263200
2002-07-22,5.5339,5.5778,5.1598,5.1830,10565400
2002-07-23,5.2114,5.3120,5.0644,5.1082,2086200
2002-07-24,5.0050,5.4720,4.9999,5.4462,5555400
2002-07-25,5.4178,5.5339,5.3069,5.4230,691400
2002-07-26,5.3946,5.4978,5.3636,5.4952,225000
2002-07-29,5.6242,5.8125,5.5804,5.8125,358800
2002-07-30,5.7635,5.7971,5.6526,5.7223,285800
2002-07-31,5.7171,5.8409,5.6526,5.8229,288400
2002-08-01,5.7222,5.7842,5.4797,5.4797,291000
2002-08-02,5.5339,5.5494,5.3301,5.4178,349800
2002-08-05,5.4049,5.4694,5.1908,5.2166,257200
2002-08-06,5.3146,5.4952,5.3146,5.4049,119800
2002-08-07,5.4694,5.4875,5.3146,5.4823,285800
2002-08-08,5.4875,5.7145,5.4875,5.7145,232600
2002-08-09,5.6320,5.8435,5.5829,5.8177,305200
2002-08-12,5.7016,5.8590,5.6732,5.8048,328600
2002-08-13,5.7790,5.8616,5.7171,5.7171,209400
2002-08-14,5.8074,5.9467,5.7274,5.9415,335600
2002-08-15,6.0009,6.1144,5.9725,6.1092,479800
2002-08-16,6.0628,6.0628,5.9751,6.0112,358400
2002-08-19,5.9854,6.0989,5.9390,6.0602,1369600
2002-08-20,6.0241,6.0241,5.8177,5.9080,614600
2002-08-21,5.9132,5.9467,5.8048,5.9209,230800
2002-08-22,5.9802,6.1299,5.9209,6.0886,388800
2002-08-23,6.0318,6.0757,5.9802,5.9906,1290800
2002-08-26,6.0370,6.1144,5.9622,6.0705,174200
2002-08-27,6.1557,6.1892,6.0215,6.0680,1660600
2002-08-28,6.0241,6.0241,5.8770,5.9235,316800
2002-08-29,5.8719,5.9209,5.7738,5.8719,413400
2002-08-30,5.8616,6.0215,5.8306,5.9106,291000
2002-09-03,5.7790,6.0009,5.6371,5.6758,177800
2002-09-04,5.6578,5.7248,5.4952,5.6629,1249000
2002-09-05,5.6113,5.7016,5.5778,5.6732,516600
2002-09-06,5.7661,5.8229,5.7145,5.7661,421000
2002-09-09,5.7532,5.7893,5.6965,5.7584,206600
2002-09-10,5.7764,5.8822,5.7764,5.8822,228600
2002-09-11,5.9441,5.9596,5.8461,5.8512,140800
2002-09-12,5.8409,5.8512,5.7068,5.7068,422800
2002-09-13,5.6707,5.7996,5.6449,5.7687,258600
2002-09-16,5.7455,5.8280,5.7351,5.8100,195600
2002-09-17,5.7171,5.7171,5.6010,5.6216,271000
2002-09-18,5.6242,5.6887,5.5571,5.6371,272600
2002-09-19,5.5726,5.6371,5.4772,5.4772,121000
2002-09-20,5.5511,5.5770,5.4733,5.5174,230000
2002-09-23,5.5070,5.5381,5.4188,5.4862,323400
2002-09-24,5.4447,5.4447,5.3280,5.3280,552000
2002-09-25,5.3955,5.4992,5.3202,5.4733,889000
2002-09-26,5.5200,5.7067,5.5200,5.7041,718000
2002-09-27,5.6808,5.7690,5.5770,5.5978,648600
2002-09-30,5.4992,5.5407,5.3903,5.4888,744000
2002-10-01,5.4992,5.6756,5.4836,5.6626,232400
2002-10-02,5.5874,5.7975,5.5770,5.6004,673600
2002-10-03,5.6030,5.7249,5.5615,5.6367,505400
2002-10-04,5.6626,5.6808,5.4940,5.5407,213400
2002-10-07,5.5978,5.6341,5.4707,5.4707,372000
2002-10-08,5.4862,5.5122,5.3410,5.4110,885200
2002-10-09,5.3410,5.4266,5.2917,5.3047,1238800
2002-10-10,5.3098,5.4292,5.2372,5.4292,1000600
2002-10-11,5.4914,5.5667,5.4421,5.5200,430600
2002-10-14,5.5459,5.6756,5.5070,5.6730,634600
2002-10-15,5.7975,5.8468,5.5381,5.8442,321600
2002-10-16,5.8286,5.8676,5.7171,5.7534,359400
2002-10-17,5.8364,5.8857,5.8001,5.8753,939000
2002-10-18,5.8416,5.9298,5.8105,5.8701,281600
2002-10-21,5.8131,5.9272,5.8079,5.8987,240200
2002-10-22,5.8364,5.8364,5.6548,5.7327,582400
2002-10-23,5.6886,5.8364,5.6626,5.8260,446000
2002-10-24,5.8598,5.8883,5.6938,5.7301,1095800
2002-10-25,5.6678,5.6678,5.5952,5.6419,282800
2002-10-28,5.6367,5.7327,5.5667,5.6315,1099000
2002-10-29,5.5277,5.5277,5.3955,5.4681,1181000
2002-10-30,5.5692,5.6834,5.5589,5.6497,1003200
2002-10-31,5.7353,5.7456,5.5303,5.5900,1243600
2002-11-01,5.5900,5.7379,5.5900,5.7379,755200
2002-11-04,5.7534,5.7612,5.6289,5.6419,315200
2002-11-05,5.6419,5.7586,5.6082,5.7586,189200
2002-11-06,5.7975,5.8364,5.6808,5.8105,466800
2002-11-07,5.7716,5.8364,5.6678,5.7015,755600
2002-11-08,5.7456,5.7456,5.6678,5.6678,331400
2002-11-11,5.6419,5.7197,5.5900,5.5978,312800
2002-11-12,5.6497,5.6626,5.5641,5.5796,75600
2002-11-13,5.5900,5.6159,5.3954,5.4551,595200
2002-11-14,5.5096,5.6445,5.5096,5.6315,1208000
2002-11-15,5.6289,5.6756,5.5926,5.6756,602600
2002-11-18,5.7041,5.7119,5.6315,5.6808,131400
2002-11-19,5.6912,5.7482,5.6497,5.6808,124200
2002-11-20,5.6600,5.8027,5.6600,5.7923,318000
2002-11-21,5.8364,5.8520,5.7716,5.8364,379600
2002-11-22,5.7975,5.7975,5.7067,5.7119,580600
2002-11-25,5.6886,5.7768,5.6678,5.7586,151000
2002-11-26,5.7197,5.7197,5.6393,5.6497,164000
2002-11-27,5.6938,5.7716,5.6704,5.7508,372800
2002-11-29,5.8001,5.8312,5.7690,5.8209,135000
2002-12-02,5.8442,5.8650,5.7794,5.8390,484200
2002-12-03,5.8935,5.9532,5.8598,5.8961,788200
2002-12-04,5.8598,5.8805,5.8157,5.8442,962400
2002-12-05,5.8779,5.8987,5.8312,5.8831,253600
2002-12-06,5.8260,5.9583,5.8157,5.9402,1423800
2002-12-09,5.9142,6.0050,5.8364,5.8364,525600
2002-12-10,5.8494,5.9272,5.8105,5.9272,810400
2002-12-11,5.8624,5.9272,5.8286,5.8961,827000
2002-12-12,5.8935,5.9713,5.8935,5.9480,315600
2002-12-13,5.9402,5.9843,5.9065,5.9324,347800
2002-12-16,5.9428,6.0388,5.9428,6.0336,1204800
2002-12-17,6.0388,6.0647,5.9557,5.9713,413200
2002-12-18,5.9091,5.9661,5.8727,5.9220,385600
2002-12-19,5.8831,5.9402,5.8520,5.8624,1681800
2002-12-20,5.8978,5.9813,5.8744,5.9813,517200
2002-12-23,6.0099,6.0256,5.9682,6.0073,247800
2002-12-24,5.9969,5.9969,5.9604,5.9787,135600
2002-12-26,5.9760,6.0047,5.8978,5.9109,394600
2002-12-27,5.9265,5.9369,5.7779,5.7831,947200
2002-12-30,5.8274,5.8717,5.7883,5.8118,496200
2002-12-31,5.8170,5.8248,5.7231,5.8222,459000
2003-01-02,5.8535,5.9526,5.8457,5.9448,151400
2003-01-03,5.9708,5.9708,5.9135,5.9343,86200
2003-01-06,5.9448,6.0152,5.9421,5.9839,237600
2003-01-07,5.9317,5.9317,5.7675,5.7883,900400
2003-01-08,5.7883,5.7883,5.7153,5.7336,1420800
2003-01-09,5.7883,5.8379,5.7544,5.8066,1232600
2003-01-10,5.7570,5.8274,5.7518,5.7596,431200
2003-01-13,5.7805,5.7805,5.7075,5.7388,993600
2003-01-14,5.7857,5.7857,5.7231,5.7622,134200
2003-01-15,5.7570,5.8040,5.7362,5.7805,1504600
2003-01-16,5.8092,5.8744,5.8092,5.8379,1024200
2003-01-17,5.8170,5.8457,5.7753,5.7935,355200
2003-01-21,5.7283,5.7283,5.6527,5.6579,418800
2003-01-22,5.6032,5.6892,5.5406,5.6423,332200
2003-01-23,5.6397,5.6762,5.6058,5.6579,391000
2003-01-24,5.6267,5.6632,5.5302,5.5589,469400
2003-01-27,5.4963,5.5171,5.3346,5.3842,1924400
2003-01-28,5.4363,5.4989,5.4207,5.4754,557200
2003-01-29,5.4885,5.6866,5.4806,5.6527,696600
2003-01-30,5.6710,5.7362,5.5641,5.5641,2020400
2003-01-31,5.5302,5.6788,5.5067,5.6762,1263400
2003-02-03,5.6840,5.7362,5.6319,5.7205,1023800
2003-02-04,5.6762,5.7961,5.6188,5.7596,782200
2003-02-05,5.8118,5.8118,5.7127,5.7179,667600
2003-02-06,5.7101,5.7362,5.6449,5.6945,467600
2003-02-07,5.7362,5.7362,5.6214,5.6423,1319400
2003-02-10,5.6632,5.7153,5.6423,5.7153,690000
2003-02-11,5.7570,5.7727,5.6527,5.6788,1050600
2003-02-12,5.6840,5.6840,5.5641,5.5797,254600
2003-02-13,5.5745,5.5849,5.4911,5.5537,726600
2003-02-14,5.5537,5.6267,5.5250,5.5980,686400
2003-02-18,5.6449,5.7127,5.6319,5.6892,172000
2003-02-19,5.7049,5.7283,5.6632,5.6840,104600
2003-02-20,5.7466,5.7544,5.6710,5.6710,802200
2003-02-21,5.6788,5.8196,5.6788,5.7961,4496000
2003-02-24,5.8144,5.8874,5.7961,5.8457,872800
2003-02-25,5.9161,5.9526,5.7727,5.8144,883000
2003-02-26,5.8300,5.8874,5.8014,5.8300,651600
2003-02-27,5.8796,5.8874,5.7779,5.7961,567600
2003-02-28,5.8066,5.8874,5.8066,5.8431,445800
2003-03-03,5.8300,5.8926,5.8300,5.8639,253400
2003-03-04,5.8796,5.8822,5.8222,5.8352,3145400
2003-03-05,5.8457,5.8874,5.8248,5.8874,826600
2003-03-06,5.8874,5.9056,5.8431,5.8926,306800
2003-03-07,5.8509,5.9109,5.8248,5.8926,2526800
2003-03-10,5.8665,5.9135,5.8222,5.8326,807400
2003-03-11,5.8665,5.8874,5.7648,5.7753,106800
2003-03-12,5.7101,5.7101,5.5928,5.6840,6548800
2003-03-13,5.7362,5.7466,5.6632,5.7075,1700800
2003-03-14,5.6918,5.7283,5.6632,5.6840,1989800
2003-03-17,5.7049,5.7935,5.7049,5.7570,1367600
2003-03-18,5.7622,5.8665,5.6892,5.8665,973400
2003-03-19,5.8874,5.8978,5.8196,5.8744,834600
2003-03-20,5.8665,5.9578,5.8274,5.9317,2105000
2003-03-21,5.9157,5.9393,5.8528,5.8659,220200
2003-03-24,5.8738,5.9026,5.7663,5.7794,1154800
2003-03-25,5.8292,5.9026,5.8161,5.8319,772800
2003-03-26,5.8712,5.8712,5.8109,5.8450,720200
2003-03-27,5.8319,5.9367,5.8214,5.8921,1686600
2003-03-28,5.8895,5.9786,5.8895,5.9446,829600
2003-03-31,5.9105,5.9105,5.8450,5.8502,871200
2003-04-01,5.8581,5.9708,5.8581,5.9603,661400
2003-04-02,5.9419,5.9472,5.8974,5.9472,651200
2003-04-03,5.9472,5.9550,5.8188,5.8371,2745000
2003-04-04,5.8528,5.8790,5.8450,5.8686,284600
2003-04-07,5.9236,5.9236,5.8030,5.8240,545200
2003-04-08,5.7663,5.7873,5.7323,5.7532,447800
2003-04-09,5.7847,5.8135,5.7375,5.7506,797200
2003-04-10,5.7925,5.8292,5.7689,5.8292,1190800
2003-04-11,5.8056,5.8214,5.7558,5.7952,88600
2003-04-14,5.8083,5.8397,5.7689,5.8240,502600
2003-04-15,5.8188,5.8292,5.7716,5.8083,271800
2003-04-16,5.7978,5.8161,5.7218,5.7296,6234800
2003-04-17,5.7480,5.8476,5.7165,5.8450,798400
2003-04-21,5.8528,5.8790,5.8188,5.8423,847600
2003-04-22,5.8423,5.9498,5.8056,5.9236,391200
2003-04-23,5.9550,5.9629,5.8659,5.9236,980800
2003-04-24,5.8948,5.9498,5.8817,5.9026,382200
2003-04-25,5.8712,5.8712,5.7978,5.8292,715000
2003-04-28,5.8423,5.9131,5.8397,5.8554,807600
2003-04-29,5.8554,5.8554,5.7506,5.7742,461600
2003-04-30,5.7663,5.8187,5.7663,5.8004,102200
2003-05-01,5.8502,5.8502,5.7611,5.8292,882200
2003-05-02,5.8502,5.9446,5.8502,5.9210,910800
2003-05-05,5.9446,5.9682,5.9079,5.9577,853000
2003-05-06,5.9734,5.9891,5.9105,5.9498,1084400
2003-05-07,5.9367,6.0206,5.8921,5.9891,1107400
2003-05-08,5.9577,6.0415,5.9498,5.9970,328000
2003-05-09,6.0127,6.0546,5.9708,6.0363,644200
2003-05-12,6.0284,6.1071,6.0075,6.0651,3372800
2003-05-13,6.0546,6.1700,6.0546,6.1333,1070600
2003-05-14,6.1385,6.1647,6.0940,6.1595,518200
2003-05-15,6.1857,6.1857,6.1359,6.1621,1561800
2003-05-16,6.1936,6.2067,6.1333,6.1831,2015800
2003-05-19,6.1726,6.1752,6.1149,6.1202,348800
2003-05-20,6.1307,6.1333,6.0651,6.0966,529000
2003-05-21,6.0782,6.2905,6.0782,6.2774,2504400
2003-05-22,6.2774,6.2932,6.2512,6.2643,479200
2003-05-23,6.2696,6.3456,6.2355,6.3220,1458200
2003-05-27,6.3010,6.4583,6.2905,6.4478,633000
2003-05-28,6.4373,6.4530,6.3561,6.3718,1008400
2003-05-29,6.4006,6.4006,6.2905,6.3115,974200
2003-05-30,6.3377,6.4399,6.3272,6.4164,995800
2003-06-02,6.4478,6.5186,6.4268,6.4504,1196600
2003-06-03,6.4530,6.4976,6.4085,6.4976,1142600
2003-06-04,6.5107,6.5526,6.4635,6.5395,1109600
2003-06-05,6.5264,6.5264,6.4635,6.5055,316800
2003-06-06,6.5133,6.5867,6.4635,6.4924,492600
2003-06-09,6.4609,6.4924,6.4373,6.4819,309800
2003-06-10,6.4793,6.5264,6.4662,6.5212,140400
2003-06-11,6.5658,6.7125,6.5317,6.7099,2024400
2003-06-12,6.7492,6.7623,6.5841,6.6496,421200
2003-06-13,6.6313,6.6313,6.4845,6.5395,1439000
2003-06-16,6.5526,6.5526,6.4530,6.5317,877600
2003-06-17,6.4924,6.5369,6.4478,6.4688,192600
2003-06-18,6.4478,6.4897,6.4006,6.4295,360200
2003-06-19,6.4452,6.5133,6.4216,6.4635,415200
2003-06-20,6.4920,6.4920,6.4235,6.4393,2419400
2003-06-23,6.4261,6.4472,6.3840,6.4209,361400
2003-06-24,6.4419,6.4498,6.4051,6.4156,113600
2003-06-25,6.4525,6.5262,6.3998,6.4261,142000
2003-06-26,6.4130,6.4577,6.3761,6.3972,843200
2003-06-27,6.3945,6.4261,6.3550,6.3735,180800
2003-06-30,6.3998,6.4077,6.3340,6.3340,185600
2003-07-01,6.2918,6.3498,6.2365,6.3287,446600
2003-07-02,6.2997,6.3419,6.2813,6.3208,280400
2003-07-03,6.3208,6.3340,6.2681,6.3103,319600
2003-07-07,6.3340,6.3340,6.2576,6.2681,1385400
2003-07-08,6.2286,6.2892,6.2260,6.2576,483200
2003-07-09,6.3076,6.3392,6.2602,6.3208,292800
2003-07-10,6.3208,6.3208,6.1707,6.2260,486800
2003-07-11,6.1970,6.2760,6.1891,6.2444,533200
2003-07-14,6.2786,6.2786,6.1680,6.1891,259400
2003-07-15,6.1496,6.2023,6.1101,6.1364,1077000
2003-07-16,6.1285,6.1575,6.0574,6.0785,210600
2003-07-17,6.0785,6.1628,6.0443,6.1180,370200
2003-07-18,6.1364,6.2839,6.1364,6.2576,323400
2003-07-21,6.2997,6.3129,6.1944,6.2233,330400
2003-07-22,6.2023,6.2549,6.1628,6.2075,252800
2003-07-23,6.2549,6.2549,6.1048,6.1733,1113600
2003-07-24,6.2023,6.2312,6.0996,6.1154,404000
2003-07-25,6.0838,6.1707,6.0838,6.1707,1789000
2003-07-28,6.1628,6.1786,6.1180,6.1443,915400
2003-07-29,6.1101,6.1549,6.0469,6.0574,899000
2003-07-30,6.0574,6.0890,6.0364,6.0653,280200
2003-07-31,6.1233,6.2128,6.0838,6.1101,1229800
2003-08-01,6.1233,6.1233,6.0469,6.0943,857200
2003-08-04,6.0601,6.0785,5.9863,6.0311,503600
2003-08-05,6.0443,6.0890,6.0047,6.0047,1512600
2003-08-06,5.9916,6.1233,5.9916,6.1101,592400
2003-08-07,6.1101,6.2628,6.0996,6.2628,980000
2003-08-08,6.3076,6.3076,6.2233,6.2813,1307400
2003-08-11,6.3076,6.3603,6.2892,6.3103,605400
2003-08-12,6.3234,6.3577,6.2839,6.3550,2039000
2003-08-13,6.3866,6.3972,6.3419,6.3498,437000
2003-08-14,6.4077,6.4077,6.3340,6.3735,1479400
2003-08-15,6.3866,6.3998,6.3550,6.3945,472800
2003-08-18,6.3998,6.4182,6.3735,6.3945,213600
2003-08-19,6.3945,6.4103,6.3366,6.3656,524600
2003-08-20,6.3524,6.4209,6.3471,6.3945,749600
2003-08-21,6.4393,6.4788,6.4182,6.4551,806800
2003-08-22,6.4788,6.4788,6.3550,6.3550,722200
2003-08-25,6.3787,6.3814,6.3340,6.3550,229000
2003-08-26,6.3550,6.3735,6.2839,6.3603,516000
2003-08-27,6.3893,6.4182,6.3787,6.3866,319800
2003-08-28,6.3761,6.4946,6.3471,6.4920,1065400
2003-08-29,6.4735,6.5051,6.4393,6.4999,301200
2003-09-02,6.4814,6.5420,6.4419,6.5420,778600
2003-09-03,6.5157,6.5657,6.5104,6.5446,346800
2003-09-04,6.5552,6.5552,6.5104,6.5341,432000
2003-09-05,6.5288,6.5315,6.4841,6.5051,143400
2003-09-08,6.5236,6.5973,6.5051,6.5947,555200
2003-09-09,6.5894,6.5894,6.5051,6.5236,2343200
2003-09-10,6.5236,6.5262,6.4525,6.4551,1348800
2003-09-11,6.4999,6.5051,6.4340,6.4419,213400
2003-09-12,6.4656,6.4656,6.4024,6.4498,233400
2003-09-15,6.4314,6.4472,6.4024,6.4077,437600
2003-09-16,6.4261,6.4340,6.3866,6.4182,143400
2003-09-17,6.4156,6.4182,6.3208,6.3340,338800
2003-09-18,6.3208,6.3761,6.2918,6.3603,751200
2003-09-19,6.3659,6.4188,6.3553,6.4188,346400
2003-09-22,6.3976,6.4214,6.3526,6.3817,355400
2003-09-23,6.4267,6.4267,6.3844,6.4188,112600
2003-09-24,6.4453,6.5194,6.4320,6.4506,650400
2003-09-25,6.4453,6.4638,6.3923,6.3923,223000
2003-09-26,6.3791,6.3791,6.2944,6.3341,408000
2003-09-29,6.3341,6.3685,6.2997,6.3659,190000
2003-09-30,6.3738,6.4056,6.2864,6.3659,215600
2003-10-01,6.3526,6.4691,6.3526,6.4585,311400
2003-10-02,6.4585,6.5035,6.4214,6.5008,227200
2003-10-03,6.5194,6.6014,6.5141,6.5379,1257600
2003-10-06,6.5644,6.5908,6.5511,6.5776,153800
2003-10-07,6.5432,6.6094,6.5061,6.6094,1158000
2003-10-08,6.5776,6.6067,6.5247,6.5644,617000
2003-10-09,6.5776,6.5855,6.5247,6.5432,461400
2003-10-10,6.5644,6.6279,6.5617,6.5908,456600
2003-10-13,6.6305,6.6385,6.5803,6.6173,1082000
2003-10-14,6.5908,6.6014,6.5405,6.5908,1348600
2003-10-15,6.6041,6.6147,6.4744,6.4955,1112400
2003-10-16,6.5247,6.5776,6.5194,6.5644,227600
2003-10-17,6.5379,6.5776,6.4955,6.5194,201600
2003-10-20,6.5273,6.5273,6.4611,6.5167,276000
2003-10-21,6.5379,6.5644,6.5114,6.5379,310400
2003-10-22,6.4982,6.5061,6.4320,6.4506,908800
2003-10-23,6.4320,6.4585,6.3764,6.4400,212600
2003-10-24,6.3923,6.4373,6.3897,6.4373,259400
2003-10-27,6.4320,6.4638,6.4003,6.4109,485000
2003-10-28,6.4320,6.4453,6.3844,6.4294,572400
2003-10-29,6.4426,6.4823,6.4082,6.4161,480600
2003-10-30,6.4056,6.4453,6.2891,6.3288,688400
2003-10-31,6.3579,6.4532,6.3447,6.4267,303000
2003-11-03,6.4373,6.4585,6.3606,6.3870,557600
2003-11-04,6.3685,6.4029,6.3553,6.3659,307600
2003-11-05,6.3791,6.3950,6.3473,6.3844,748000
2003-11-06,6.3791,6.4161,6.3473,6.3923,273600
2003-11-07,6.4161,6.4373,6.3950,6.4082,438000
2003-11-10,6.4188,6.4479,6.3817,6.3976,197400
2003-11-11,6.4214,6.4214,6.3658,6.3950,445400
2003-11-12,6.3791,6.4426,6.3791,6.4320,480800
2003-11-13,6.4320,6.5088,6.4320,6.4903,278400
2003-11-14,6.5061,6.5405,6.4797,6.5035,939000
2003-11-17,6.4585,6.4691,6.3950,6.4373,289000
2003-11-18,6.4453,6.4479,6.3764,6.3923,531800
2003-11-19,6.3870,6.4161,6.3659,6.4082,790200
2003-11-20,6.3579,6.4267,6.3579,6.3923,555800
2003-11-21,6.3791,6.4056,6.3261,6.3447,697200
2003-11-24,6.3526,6.3897,6.3500,6.3791,372800
2003-11-25,6.3791,6.4532,6.3685,6.4161,631000
2003-11-26,6.4558,6.5035,6.4294,6.4770,782200
2003-11-28,6.5035,6.5035,6.4532,6.4770,288600
2003-12-01,6.5088,6.5511,6.4850,6.5432,382000
2003-12-02,6.5432,6.6014,6.5326,6.5882,1800800
2003-12-03,6.5882,6.6094,6.5511,6.5511,499400
2003-12-04,6.5432,6.7311,6.5432,6.7100,891600
2003-12-05,6.7338,6.7655,6.7099,6.7576,1163800
2003-12-08,6.7761,6.8423,6.7497,6.8317,1115000
2003-12-09,6.8476,6.8794,6.8344,6.8370,2118000
2003-12-10,6.8688,6.8741,6.8158,6.8423,2366800
2003-12-11,6.8291,6.8873,6.8158,6.8767,1062200
2003-12-12,6.9085,6.9614,6.8767,6.9535,635800
2003-12-15,6.9270,6.9349,6.8582,6.8661,1375600
2003-12-16,6.8846,6.9773,6.8846,6.9693,1183200
2003-12-17,6.9693,7.0355,6.9402,7.0355,1980800
2003-12-18,7.0726,7.2552,7.0593,7.2235,3413600
2003-12-19,7.2346,7.2479,7.1788,7.2107,2215400
2003-12-22,7.1814,7.4447,7.1788,7.2187,785400
2003-12-23,7.2080,7.2080,7.1309,7.1682,1505200
2003-12-24,7.1628,7.2798,7.1628,7.2453,347800
2003-12-26,7.2373,7.2878,7.2373,7.2745,676000
2003-12-29,7.2851,7.3649,7.2586,7.3596,1110400
2003-12-30,7.3676,7.4234,7.3463,7.3755,1018400
2003-12-31,7.3995,7.4154,7.2984,7.3250,1529600
2004-01-02,7.3941,7.3941,7.2851,7.3224,988000
2004-01-05,7.3649,7.4792,7.3543,7.4633,1648800
2004-01-06,7.4713,7.4792,7.4074,7.4553,1382200
2004-01-07,7.4154,7.4154,7.3330,7.3782,3353600
2004-01-08,7.3862,7.4128,7.3224,7.3995,2669800
2004-01-09,7.3782,7.4978,7.3436,7.4367,4739600
2004-01-12,7.4606,7.4819,7.4314,7.4580,1640000
2004-01-13,7.4845,7.5324,7.4447,7.4606,2006000
2004-01-14,7.4580,7.4580,7.3941,7.4420,1660400
2004-01-15,7.4580,7.4766,7.3144,7.3170,2048200
2004-01-16,7.3649,7.4048,7.3064,7.3862,711200
2004-01-20,7.4580,7.5803,7.4314,7.5723,1912400
2004-01-21,7.5723,7.6467,7.5537,7.6175,1496000
2004-01-22,7.6574,7.6707,7.5324,7.5803,850200
2004-01-23,7.5909,7.6840,7.5909,7.6467,3394600
2004-01-26,7.6042,7.7079,7.5909,7.6919,1367800
2004-01-27,7.7106,7.7398,7.6574,7.6760,1509000
2004-01-28,7.6707,7.6893,7.5590,7.5670,1881000
2004-01-29,7.6175,7.6361,7.5244,7.5617,6494200
2004-01-30,7.5510,7.5723,7.4739,7.4899,1227000
2004-02-02,7.5085,7.5696,7.4500,7.5324,1877800
2004-02-03,7.4845,7.5351,7.4633,7.5032,869000
2004-02-04,7.4845,7.4978,7.4074,7.4500,1072000
2004-02-05,7.4420,7.4580,7.3170,7.3835,2080400
2004-02-06,7.3941,7.4340,7.3516,7.4340,1031800
2004-02-09,7.4447,7.5510,7.4447,7.5244,1478600
2004-02-10,7.5377,7.6414,7.5271,7.6255,1883600
2004-02-11,7.6042,7.7371,7.5856,7.7292,4028200
2004-02-12,7.7238,7.7823,7.6893,7.7531,1565800
2004-02-13,7.7451,7.7664,7.6813,7.7345,1720600
2004-02-17,7.7903,7.8142,7.7690,7.8010,1065400
2004-02-18,7.8089,7.8142,7.6973,7.7185,1508000
2004-02-19,7.7398,7.7717,7.7105,7.7105,841400
2004-02-20,7.7770,7.7770,7.6680,7.7079,645400
2004-02-23,7.7371,7.7770,7.7212,7.7690,1211000
2004-02-24,7.7504,7.8116,7.7478,7.7823,936200
2004-02-25,7.7557,7.8329,7.7557,7.8196,1959600
2004-02-26,7.8302,7.8648,7.7956,7.8461,1503600
2004-02-27,7.8701,7.9100,7.8461,7.8834,1030400
2004-03-01,7.9419,8.0456,7.9206,8.0349,3672800
2004-03-02,7.9897,8.0562,7.8382,7.9658,2509000
2004-03-03,7.9631,7.9817,7.8754,7.9552,1321200
2004-03-04,7.9764,7.9791,7.9046,7.9312,1287000
2004-03-05,7.9498,8.0456,7.9233,8.0004,1727800
2004-03-08,8.0376,8.1041,8.0163,8.0349,1130600
2004-03-09,8.0083,8.0296,7.9392,7.9817,1783600
2004-03-10,7.9764,7.9844,7.8196,7.8435,962800
2004-03-11,7.7637,7.8142,7.6521,7.6680,3188400
2004-03-12,7.7238,7.7956,7.6946,7.7797,1088400
2004-03-15,7.8169,7.8648,7.7770,7.7956,1742800
2004-03-16,7.8302,7.8302,7.7371,7.7930,1173000
2004-03-17,7.8701,7.9472,7.8249,7.9020,3172200
2004-03-18,7.9233,7.9924,7.8887,7.9817,1041000
2004-03-19,7.9836,7.9836,7.8181,7.8181,1168400
2004-03-22,7.8181,7.8181,7.7300,7.7433,1957600
2004-03-23,7.7700,7.7834,7.6285,7.6899,2405400
2004-03-24,7.6739,7.7193,7.5030,7.5270,2021600
2004-03-25,7.5697,7.5697,7.4790,7.4977,2029800
2004-03-26,7.5163,7.6472,7.5163,7.5831,1550000
2004-03-29,7.6365,7.6979,7.6071,7.6232,2820800
2004-03-30,7.6499,7.7940,7.6232,7.7620,1630800
2004-03-31,7.7753,7.8688,7.7406,7.8341,4161200
2004-04-01,7.8474,7.8768,7.7193,7.7433,6629000
2004-04-02,7.7433,7.7887,7.7273,7.7780,2320200
2004-04-05,7.7567,7.8368,7.7567,7.8181,1083000
2004-04-06,7.8181,7.8581,7.7887,7.8181,1184000
2004-04-07,7.8101,7.8635,7.7406,7.8181,2812400
2004-04-08,7.8902,7.9436,7.8635,7.8875,2323600
2004-04-12,7.9542,8.0771,7.9542,8.0370,2562400
2004-04-13,8.0771,8.1038,7.9569,7.9676,2517600
2004-04-14,7.9436,8.0050,7.8982,7.9836,2885600
2004-04-15,7.9836,8.1011,7.9836,8.0904,1868200
2004-04-16,8.1305,8.1545,8.0771,8.1545,1464400
2004-04-19,8.1572,8.1892,8.0984,8.1358,1958000
2004-04-20,8.1251,8.1278,7.9596,7.9703,1379200
2004-04-21,7.9169,7.9703,7.8741,7.9436,2686000
2004-04-22,7.9569,8.1011,7.9169,8.1011,919000
2004-04-23,8.1171,8.1171,8.0050,8.0370,2653600
2004-04-26,8.0904,8.1438,8.0504,8.0824,2206800
2004-04-27,8.1438,8.2880,8.1305,8.2506,5102200
2004-04-28,8.2373,8.2506,8.1171,8.1331,2733600
2004-04-29,8.1438,8.1545,7.8848,7.9382,2135800
2004-04-30,7.9836,8.0477,7.9569,7.9676,2504400
2004-05-03,7.9916,8.1679,7.9569,8.1518,4479200
2004-05-04,8.2239,8.2239,8.1038,8.1572,1811000
2004-05-05,8.0904,8.1972,8.0103,8.1839,1378000
2004-05-06,8.2239,8.2239,8.0664,8.1438,1296200
2004-05-07,8.1572,8.1572,7.9462,7.9462,1331200
2004-05-10,7.8795,7.8795,7.6499,7.7166,3769800
2004-05-11,7.7834,7.8635,7.7700,7.8501,2000600
2004-05-12,7.8181,7.9302,7.7967,7.8982,6504000
2004-05-13,7.8768,7.9569,7.8635,7.8768,3138000
2004-05-14,7.9035,8.0477,7.8768,7.9703,3114800
2004-05-17,7.9569,8.0370,7.9516,7.9703,3456800
2004-05-18,7.9703,8.0103,7.8234,7.8528,3787400
2004-05-19,7.8635,7.9302,7.7994,7.8181,6030200
2004-05-20,7.8368,7.8741,7.7967,7.8101,2638000
2004-05-21,7.8635,7.8741,7.7486,7.7727,3207600
2004-05-24,7.7700,7.9649,7.7647,7.9489,5770000
2004-05-25,7.9436,8.0851,7.9436,8.0824,4566400
2004-05-26,8.1038,8.1118,7.9943,8.0157,4302200
2004-05-27,7.9970,8.0157,7.8635,7.9035,6510800
2004-05-28,7.8902,7.9569,7.8768,7.9436,4801400
2004-06-01,8.0183,8.0664,7.9996,8.0530,5863200
2004-06-02,8.0504,8.1038,8.0210,8.0370,3585800
2004-06-03,8.0504,8.1011,7.9516,7.9649,4334600
2004-06-04,7.9569,7.9676,7.8875,7.9249,1881800
2004-06-07,7.9703,8.0744,7.9329,8.0717,3925400
2004-06-08,8.1038,8.1278,7.9996,8.0370,3638200
2004-06-09,7.9703,8.0050,7.8928,7.9729,6429000
2004-06-10,8.0370,8.0904,8.0183,8.0744,3868000
2004-06-14,8.0504,8.1038,7.9996,8.0130,1798200
2004-06-15,8.1038,8.1572,8.0664,8.1278,2675400
2004-06-16,8.1572,8.2933,8.1572,8.2853,3869400
2004-06-17,8.3014,8.3681,8.2773,8.3468,1823200
2004-06-18,8.4014,8.4014,8.3344,8.3693,1731600
2004-06-21,8.3773,8.4041,8.1307,8.3505,953200
2004-06-22,8.3103,8.4095,8.3049,8.4068,2174000
2004-06-23,8.4068,8.5623,8.3988,8.5489,5333400
2004-06-24,8.5569,8.5757,8.4792,8.4979,7364600
2004-06-25,8.4953,8.5248,8.4390,8.4497,2848000
2004-06-28,8.4443,8.4443,8.2915,8.3291,6844000
2004-06-29,8.2835,8.3827,8.2835,8.3746,3332000
2004-06-30,8.3773,8.4577,8.3639,8.4390,4984600
2004-07-01,8.4711,8.4711,8.3934,8.4497,1904200
2004-07-02,8.4577,8.5113,8.4229,8.4819,726600
2004-07-06,8.5382,8.5623,8.4845,8.5033,1363400
2004-07-07,8.4765,8.5542,8.4551,8.5542,1155400
2004-07-08,8.5757,8.5891,8.4738,8.5113,3132800
2004-07-09,8.5516,8.5730,8.5060,8.5596,1035400
2004-07-12,8.5596,8.5596,8.4711,8.5113,1666800
2004-07-13,8.4926,8.5087,8.4336,8.4899,1552200
2004-07-14,8.4711,8.6025,8.4711,8.5918,2703800
2004-07-15,8.6052,8.6802,8.5784,8.6481,1666200
2004-07-16,8.7044,8.7687,8.6802,8.7526,2277600
2004-07-19,8.7392,8.7741,8.6802,8.7231,1434000
2004-07-20,8.7258,8.7258,8.6668,8.6963,1330600
2004-07-21,8.6963,8.7660,8.5408,8.5408,2030400
2004-07-22,8.5247,8.6052,8.5033,8.5676,3672600
2004-07-23,8.5730,8.5757,8.5006,8.5355,5472600
2004-07-26,8.5248,8.5730,8.4014,8.4604,3911800
2004-07-27,8.4095,8.5676,8.4041,8.5462,3541400
2004-07-28,8.5248,8.6213,8.5113,8.6052,3710400
2004-07-29,8.6454,8.6802,8.5757,8.6668,3148400
2004-07-30,8.7124,8.7258,8.6802,8.6990,2158800
2004-08-02,8.7124,8.7124,8.5944,8.6883,1776000
2004-08-03,8.7124,8.8062,8.7124,8.7928,3836000
2004-08-04,8.8062,8.8062,8.5784,8.5891,7684200
2004-08-05,8.5784,8.6320,8.4577,8.4604,4745600
2004-08-06,8.4711,8.4845,8.2728,8.2915,5498200
2004-08-09,8.3103,8.4899,8.2942,8.4256,4231600
2004-08-10,8.4309,8.4711,8.3666,8.3934,4610800
2004-08-11,8.3719,8.4068,8.2701,8.3505,9452400
2004-08-12,8.3773,8.4095,8.2433,8.2433,4030800
2004-08-13,8.2567,8.3719,8.2567,8.3451,3305600
2004-08-16,8.3505,8.3961,8.3237,8.3961,1780400
2004-08-17,8.3773,8.3854,8.1923,8.2031,10978800
2004-08-18,8.2460,8.3210,8.2460,8.3103,4382200
2004-08-19,8.3505,8.3961,8.3130,8.3371,4529000
2004-08-20,8.4041,8.5087,8.4041,8.4229,4408200
2004-08-23,8.4417,8.4524,8.3157,8.3183,3313800
2004-08-24,8.2862,8.3103,8.2165,8.2969,3781200
2004-08-25,8.3103,8.3612,8.3103,8.3505,4374400
2004-08-26,8.3478,8.4282,8.2862,8.4095,2624800
2004-08-27,8.4309,8.4819,8.4309,8.4631,2040800
2004-08-30,8.4443,8.5274,8.4041,8.4256,3941000
2004-08-31,8.4711,8.5784,8.4470,8.5650,2281600
2004-09-01,8.5784,8.7258,8.5676,8.7151,4444400
2004-09-02,8.7446,8.7848,8.7124,8.7848,2726400
2004-09-03,8.7821,8.8250,8.7526,8.8036,4538600
2004-09-07,8.7794,8.8035,8.7124,8.7928,2626400
2004-09-08,8.7392,8.8330,8.7392,8.8009,5696000
2004-09-09,8.8062,8.9403,8.8062,8.9269,3771400
2004-09-10,8.9269,8.9376,8.8357,8.8786,4516000
2004-09-13,8.9135,8.9564,8.9081,8.9403,3563600
2004-09-14,8.9644,9.0100,8.9269,8.9805,3050000
2004-09-15,9.0850,9.0850,8.9376,8.9510,5238200
2004-09-16,8.9403,8.9939,8.9269,8.9778,2206600
2004-09-17,9.0324,9.1401,9.0190,9.1293,4879800
2004-09-20,9.1535,9.2020,9.1239,9.1320,3253600
2004-09-21,9.1509,9.3796,9.1482,9.3581,7798200
2004-09-22,9.3393,9.3393,9.2451,9.2989,6675600
2004-09-23,9.2720,9.2720,9.1509,9.2128,6543800
2004-09-24,9.2128,9.3473,9.2128,9.3177,6473400
2004-09-27,9.3527,9.3823,9.2531,9.3123,4636200
2004-09-28,9.3796,9.4954,9.3716,9.4711,4997200
2004-09-29,9.4523,9.4738,9.2881,9.3446,6433600
2004-09-30,9.3796,9.4388,9.3635,9.4012,1727000
2004-10-01,9.4335,9.5492,9.3904,9.5357,2359200
2004-10-04,9.5411,9.5626,9.4873,9.5250,4483000
2004-10-05,9.6003,9.6542,9.5680,9.6272,5673600
2004-10-06,9.6353,9.8049,9.6353,9.8049,6013200
2004-10-07,9.8506,9.9125,9.6972,9.7295,7361200
2004-10-08,9.7833,9.8022,9.6730,9.7403,4492800
2004-10-11,9.7887,9.7887,9.6057,9.6568,4842000
2004-10-12,9.6488,9.7026,9.5438,9.5465,6093400
2004-10-13,9.5142,9.5142,9.2451,9.3473,14263800
2004-10-14,9.4065,9.5061,9.3850,9.4227,9593400
2004-10-15,9.5088,9.5142,9.4119,9.4631,3535000
2004-10-18,9.4604,9.5007,9.3339,9.3366,3382000
2004-10-19,9.3258,9.3716,9.2612,9.3096,3410600
2004-10-20,9.3419,9.5223,9.3258,9.5142,4951000
2004-10-21,9.5438,9.6272,9.2720,9.5680,4937200
2004-10-22,9.5922,9.6649,9.5411,9.5492,2859800
2004-10-25,9.5680,9.6057,9.4900,9.5573,5146000
2004-10-26,9.5277,9.6703,9.5277,9.6622,3654800
2004-10-27,9.6757,9.7241,9.4281,9.4954,10602800
2004-10-28,9.4577,9.4981,9.2720,9.3285,15395600
2004-10-29,9.2720,9.4604,9.2720,9.4577,9065800
2004-11-01,9.5142,9.5600,9.3419,9.4012,7991800
2004-11-02,9.3662,9.4012,9.2370,9.2612,13847200
2004-11-03,9.4469,9.4873,9.3123,9.4469,6939600
2004-11-04,9.4711,9.5815,9.4711,9.5600,7200400
2004-11-05,9.6084,9.6649,9.5599,9.6165,12255800
2004-11-08,9.6138,9.6138,9.4335,9.4577,7066600
2004-11-09,9.3931,9.4550,9.3581,9.3716,11947200
2004-11-10,9.4335,9.5007,9.3097,9.4819,10157400
2004-11-11,9.4523,9.5061,9.4281,9.4631,6057000
2004-11-12,9.4469,9.6757,9.4200,9.6622,5758800
2004-11-15,9.6219,9.6219,9.3958,9.4523,8223800
2004-11-16,9.4738,9.5357,9.4523,9.4523,4883800
2004-11-17,9.4711,9.6138,9.4711,9.6003,7941000
2004-11-18,9.6326,9.6891,9.5896,9.6757,4390000
2004-11-19,9.7295,9.8264,9.6838,9.7914,7872800
2004-11-22,9.8049,9.9583,9.7914,9.9475,7439600
2004-11-23,9.9583,10.0632,9.9502,10.0094,3691800
2004-11-24,10.0390,10.0929,9.9287,10.0929,7098400
2004-11-26,10.1252,10.2005,10.1198,10.1359,2064200
2004-11-29,10.1871,10.1871,9.9717,10.0821,5403800
2004-11-30,10.0821,10.1251,10.0659,10.0955,6979600
2004-12-01,10.0659,10.1009,9.8345,9.8533,14345400
2004-12-02,9.7699,9.7941,9.5169,9.5922,12799200
2004-12-03,9.5626,9.7080,9.5599,9.6864,7960200
2004-12-06,9.8452,9.8452,9.6192,9.6918,2995400
2004-12-07,9.7026,9.7780,9.4900,9.4900,6882200
2004-12-08,9.4200,9.5788,9.3554,9.5546,9152800
2004-12-09,9.5815,9.6353,9.5034,9.6353,6512000
2004-12-10,9.6434,9.6918,9.5384,9.5680,5593800
2004-12-13,9.5815,9.7376,9.5815,9.7376,6084200
2004-12-14,9.7295,9.7860,9.6918,9.7672,4825800
2004-12-15,9.7914,9.8641,9.7161,9.8399,10615600
2004-12-16,9.8426,9.8426,9.6945,9.7403,5357800
2004-12-17,9.7027,9.7838,9.7027,9.7378,6285200
2004-12-20,9.7892,9.8702,9.7568,9.8567,3894600
2004-12-21,9.8270,9.9458,9.8270,9.9404,5824600
2004-12-22,9.9404,9.9729,9.7135,9.8054,7979600
2004-12-23,9.8297,9.8729,9.8027,9.8621,4261200
2004-12-27,9.7243,9.8594,9.6865,9.6892,8936000
2004-12-28,9.6973,9.7865,9.6973,9.7568,4389600
2004-12-29,9.6838,9.8351,9.6838,9.8297,4213600
2004-12-30,9.8162,9.8216,9.7757,9.7865,2311000
2004-12-31,9.7730,9.8459,9.7568,9.8108,1264400
2005-01-03,9.7514,9.7784,9.4488,9.4488,7963200
2005-01-04,9.5082,9.5488,9.3948,9.4002,12666600
2005-01-05,9.4002,9.4677,9.3354,9.3597,7948000
2005-01-06,9.3327,9.5920,9.3300,9.5218,10057600
2005-01-07,9.5623,9.5623,9.3624,9.4461,9445800
2005-01-10,9.5488,9.6163,9.4812,9.5164,9003600
2005-01-11,9.5136,9.5596,9.4542,9.5299,3295800
2005-01-12,9.5623,9.6973,9.5109,9.6973,7048000
2005-01-13,9.7649,9.8405,9.7108,9.7622,7199600
2005-01-14,9.7919,9.8513,9.7378,9.8486,3292000
2005-01-18,9.9134,9.9701,9.8837,9.9458,8216000
2005-01-19,9.8999,9.9837,9.8999,9.9107,5354000
2005-01-20,9.8864,9.8864,9.7378,9.8108,7888400
2005-01-21,9.8729,9.9512,9.8297,9.8324,8703600
2005-01-24,9.9404,9.9999,9.9080,9.9188,7715000
2005-01-25,9.9810,10.0080,9.8864,9.9593,4257000
2005-01-26,9.9756,10.0728,9.9431,10.0566,7096400
2005-01-27,10.0350,10.1862,10.0215,10.1457,5924600
2005-01-28,10.0890,10.0890,9.9891,10.0242,9997800
2005-01-31,9.9945,10.1835,9.9539,10.1430,11261400
2005-02-01,10.1998,10.3186,10.1862,10.3159,8331000
2005-02-02,10.3591,10.4645,10.3240,10.4591,6205200
2005-02-03,10.3996,10.5185,10.3645,10.5104,5870200
2005-02-04,10.5347,10.5644,10.4780,10.5482,8835600
2005-02-07,10.5752,10.5887,10.4023,10.4780,7347600
2005-02-08,10.4321,10.5725,10.4159,10.5536,4345200
2005-02-09,10.5617,10.6373,10.4510,10.5347,11826400
2005-02-10,10.6482,10.8372,10.6022,10.8237,11408400
2005-02-11,10.8129,10.9750,10.7913,10.9183,8490400
2005-02-14,10.9318,10.9750,10.9075,10.9318,5754200
2005-02-15,10.9804,10.9885,10.8751,10.9561,5439200
2005-02-16,10.9885,11.2775,10.9642,11.2640,10859600
2005-02-17,11.2910,11.3424,11.0939,11.1128,10380200
2005-02-18,11.1371,11.4153,11.1290,11.3586,13099400
2005-02-22,11.4801,11.5531,11.2694,11.2775,13194600
2005-02-23,11.2640,11.4396,11.2640,11.4207,6509400
2005-02-24,11.4666,11.6557,11.4126,11.6449,10095200
2005-02-25,11.6908,11.9907,11.6638,11.9312,13596200
2005-02-28,12.0204,12.0879,11.4558,11.8448,18948400
2005-03-01,11.8178,11.8853,11.5990,11.6152,14922400
2005-03-02,11.5666,11.8070,11.5396,11.7854,12231400
2005-03-03,11.8313,12.0042,11.8178,11.9798,19723400
2005-03-04,11.9933,12.1797,11.9177,12.1338,11982000
2005-03-07,12.0879,12.1446,11.9123,12.0501,14403600
2005-03-08,12.0069,12.1365,11.9934,12.0366,11586800
2005-03-09,12.1257,12.1932,11.6827,11.7043,30848600
2005-03-10,11.6962,11.7638,11.3586,11.4666,39681400
2005-03-11,11.4288,11.6692,11.3964,11.5612,21890600
2005-03-14,11.5882,11.6800,11.3802,11.6449,20316400
2005-03-15,11.6692,11.7962,11.4801,11.4828,22709200
2005-03-16,11.4801,11.6827,11.3721,11.5206,23806400
2005-03-17,11.5882,11.7367,11.5882,11.7205,23589200
2005-03-18,11.8842,11.8842,11.7189,11.8653,16131400
2005-03-21,11.8436,11.8978,11.6647,11.7623,17719400
2005-03-22,11.7216,11.9411,11.6051,11.6213,19579800
2005-03-23,11.4912,11.5427,11.3015,11.3991,48613000
2005-03-24,11.4641,11.5644,11.2826,11.3910,21760800
2005-03-28,11.4099,11.4723,11.3015,11.4045,21631200
2005-03-29,11.4099,11.5509,11.2040,11.2202,18394800
2005-03-30,11.2473,11.4045,11.0522,11.3883,48348400
2005-03-31,11.5698,11.6539,11.4913,11.6186,24952200
2005-04-01,11.7704,11.9222,11.6132,11.9059,17830400
2005-04-04,11.9520,12.0550,11.7135,11.8029,28208400
2005-04-05,11.6972,11.8571,11.5726,11.6539,17903600
2005-04-06,11.6512,11.8924,11.5726,11.8382,20893000
2005-04-07,11.9249,11.9791,11.6593,11.7921,38581400
2005-04-08,11.7081,11.8138,11.5753,11.5780,23421400
2005-04-11,11.5590,11.6891,11.4641,11.6647,23246400
2005-04-12,11.6241,11.6647,11.4262,11.4804,29360800
2005-04-13,11.3856,11.5455,11.1931,11.1985,36177400
2005-04-14,11.2609,11.3883,11.1579,11.1931,39069800
2005-04-15,11.1254,11.1796,10.7514,10.7676,80558200
2005-04-18,10.7568,10.9844,10.6809,10.9628,58074600
2005-04-19,11.1010,11.2880,11.0468,11.2202,40263000
2005-04-20,11.2934,11.3313,10.9899,10.9899,40722000
2005-04-21,11.0197,11.3693,10.9899,11.3693,29369000
2005-04-22,11.4099,11.5156,11.2338,11.3937,22903800
2005-04-25,11.4912,11.6240,11.4669,11.5536,25917000
2005-04-26,11.5183,11.5997,11.3639,11.3639,28130000
2005-04-27,11.3585,11.3828,11.0630,11.0712,57888600
2005-04-28,10.9899,11.0305,10.8327,10.8489,43846200
2005-04-29,10.9492,11.0495,10.8435,10.9899,29798800
2005-05-02,10.9736,11.2013,10.8869,11.1877,45705600
2005-05-03,11.1660,11.1660,10.8842,10.9248,23528800
2005-05-04,10.9248,11.0630,10.6673,11.0522,35418000
2005-05-05,11.1525,11.2338,11.0441,11.1714,26727600
2005-05-06,11.2202,11.3205,11.1254,11.1389,17781600
2005-05-09,11.1931,11.2961,11.1552,11.2880,18524800
2005-05-10,11.2988,11.2988,11.0657,11.0983,30573800
2005-05-11,11.0197,11.1769,10.9763,11.1660,21360400
2005-05-12,11.0712,11.1254,10.6674,10.6782,46778600
2005-05-13,10.7595,10.7595,10.4614,10.5156,44202800
2005-05-16,10.4587,10.4885,10.2825,10.4695,48238600
2005-05-17,10.4803,10.6755,10.4478,10.6565,37085800
2005-05-18,10.7486,10.8354,10.5698,10.6348,55853800
2005-05-19,10.6890,10.8381,10.5969,10.8273,31536400
2005-05-20,10.7730,10.8950,10.7432,10.7459,23633000
2005-05-23,10.8137,10.9655,10.7812,10.9248,19972200
2005-05-24,10.9411,11.0088,10.9167,10.9709,24069000
2005-05-25,10.9953,11.1931,10.9248,11.1389,31210800
2005-05-26,11.1579,11.2257,11.0901,11.1958,17919800
2005-05-27,11.2419,11.3856,11.2202,11.3828,20082400
2005-05-31,11.4072,11.4072,11.2121,11.2961,16916800
2005-06-01,11.3612,11.5455,11.3314,11.5102,27831800
2005-06-02,11.4858,11.5617,11.3828,11.4885,31970200
2005-06-03,11.5102,11.6132,11.4777,11.5536,18222200
2005-06-06,11.6268,11.6268,11.4885,11.5888,12931600
2005-06-07,11.5997,11.6755,11.4696,11.4777,18602200
2005-06-08,11.4669,11.6918,11.4208,11.5102,33232400
2005-06-09,11.5455,11.8544,11.5184,11.8436,32937200
2005-06-10,11.8219,11.8653,11.6972,11.8300,23413200
2005-06-13,11.7650,11.9113,11.7325,11.8761,21866600
2005-06-14,11.8300,11.9710,11.8300,11.9493,21126200
2005-06-15,11.9249,12.0929,11.9249,12.0929,22493600
2005-06-16,12.1254,12.2637,12.0848,12.2637,19638600
2005-06-17,12.4515,12.4814,12.3047,12.4624,38455400
2005-06-20,12.5086,12.5467,12.3781,12.4760,19233600
2005-06-21,12.3020,12.4570,12.2041,12.2123,33293000
2005-06-22,12.2340,12.3618,12.1198,12.2830,47478400
2005-06-23,12.2911,12.5168,12.2775,12.2938,29875000
2005-06-24,12.3428,12.3971,12.2014,12.2177,17967400
2005-06-27,12.3156,12.4406,12.2748,12.4053,22184200
2005-06-28,12.3564,12.4053,12.1715,12.1742,23333000
2005-06-29,12.1470,12.2449,12.0573,12.1633,25027000
2005-06-30,12.1796,12.3156,12.0736,12.0845,29436600
2005-07-01,12.1008,12.3591,12.1008,12.3536,16233000
2005-07-05,12.4570,12.7315,12.4080,12.7234,33487000
2005-07-06,12.8593,12.8593,12.4624,12.4950,29358200
2005-07-07,12.3292,12.6581,12.3292,12.6554,31388400
2005-07-08,12.7071,12.7642,12.4733,12.5711,29977400
2005-07-11,12.4515,12.6745,12.4162,12.6636,19920600
2005-07-12,12.7261,12.8403,12.6309,12.7778,27570400
2005-07-13,12.7832,12.8321,12.6554,12.7044,23530200
2005-07-14,12.6989,12.7859,12.3292,12.3999,60506800
2005-07-15,12.5059,12.5059,12.2857,12.3346,42729200
2005-07-18,12.2395,12.3564,12.1960,12.2830,25366600
2005-07-19,12.3428,12.5467,12.2748,12.5467,24609200
2005-07-20,12.5412,12.6010,12.3836,12.5603,22040600
2005-07-21,12.5140,12.6038,12.3645,12.4379,23705200
2005-07-22,12.5657,12.9028,12.5603,12.8838,48244400
2005-07-25,12.8267,13.1067,12.8267,13.0034,34083400
2005-07-26,12.9898,13.0632,12.9001,12.9735,15805200
2005-07-27,12.9952,13.0469,12.8484,13.0387,24545000
2005-07-28,13.0958,13.1312,12.9327,13.0768,16556400
2005-07-29,13.1801,13.1801,12.9382,12.9409,17639000
2005-08-01,13.0007,13.1421,12.9898,13.0768,14161200
2005-08-02,13.1285,13.3052,13.1094,13.2943,15673600
2005-08-03,13.4003,13.4031,13.1883,13.2291,21247200
2005-08-04,13.2127,13.3895,13.2127,13.2562,21083200
2005-08-05,13.2671,13.3215,13.0632,13.1557,18391600
2005-08-08,13.2617,13.4846,13.2617,13.3460,22965600
2005-08-09,13.3813,13.4166,13.2535,13.3160,17855200
2005-08-10,13.3895,13.5580,13.3487,13.5335,23931400
2005-08-11,13.5825,13.7048,13.5145,13.6640,25603600
2005-08-12,13.7293,13.7429,13.5716,13.6396,18358200
2005-08-15,13.5798,13.6205,13.4574,13.5064,20461000
2005-08-16,13.4765,13.5172,13.2046,13.2100,33384800
2005-08-17,13.1991,13.3487,12.8457,12.9055,56127400
2005-08-18,12.8185,12.9599,12.7424,12.8783,32587800
2005-08-19,12.9545,13.1366,12.9545,13.0986,24550800
2005-08-22,13.1747,13.2916,12.9980,13.1312,26200400
2005-08-23,13.1312,13.2127,12.9545,13.1067,33849800
2005-08-24,13.2127,13.3215,13.1013,13.2318,29120800
2005-08-25,13.2861,13.2861,13.1230,13.1964,25794600
2005-08-26,13.1339,13.2508,13.0360,13.0469,20387800
2005-08-29,13.3215,13.3351,13.0496,13.1529,30181600
2005-08-30,13.2073,13.4357,13.1991,13.3976,30198200
2005-08-31,13.4085,13.8353,13.3840,13.7674,42814800
2005-09-01,13.9468,14.1453,13.8652,14.1262,39612800
2005-09-02,14.0148,14.0148,13.8190,13.8516,28966000
2005-09-06,13.8543,13.9794,13.7130,13.9495,24194600
2005-09-07,13.9169,14.1235,13.8870,13.9713,26198200
2005-09-08,13.9332,14.1018,13.9332,13.9903,31804200
2005-09-09,14.0501,14.3600,14.0501,14.3546,26980000
2005-09-12,14.2975,14.3274,14.0392,14.0610,27957000
2005-09-13,14.0691,14.1779,13.9386,13.9413,21725800
2005-09-14,14.0175,14.1779,13.9577,14.1153,23563600
2005-09-15,14.2404,14.2513,13.9441,14.1153,29921000
2005-09-16,14.1639,14.2675,14.1312,14.2538,27790400
2005-09-19,14.4256,14.7092,14.3956,14.6301,32382600
2005-09-20,14.5728,14.6383,14.4011,14.4910,30426600
2005-09-21,14.7773,14.8073,14.5783,14.6955,39852000
2005-09-22,14.9000,14.9000,14.3002,14.5865,51834200
2005-09-23,14.5047,14.5592,14.2484,14.3302,32064000
2005-09-26,14.2320,14.6165,14.2320,14.5919,23424000
2005-09-27,14.4965,14.6083,14.4229,14.6028,14196000
2005-09-28,14.6955,14.7501,14.4747,14.7228,34448200
2005-09-29,14.8128,14.8755,14.6846,14.8646,26904600
2005-09-30,14.8264,14.8564,14.6110,14.6328,20336600
2005-10-03,14.7364,14.8046,14.5401,14.5946,13257400
2005-10-04,14.4665,14.5319,14.0439,14.0684,35211400
2005-10-05,14.0957,14.1257,13.5286,13.5286,63111800
2005-10-06,13.1960,13.5013,12.9942,13.2069,101702200
2005-10-07,13.3678,13.5259,13.2914,13.5041,43041600
2005-10-10,13.4959,13.5286,13.2069,13.2996,32451000
2005-10-11,13.4850,13.7004,13.4277,13.6186,34082600
2005-10-12,13.6595,13.6677,13.2778,13.3568,41327000
2005-10-13,13.1960,13.2778,12.7352,12.9942,78428400
2005-10-14,12.8961,13.2287,12.7052,13.1796,62164000
2005-10-17,13.4686,13.4686,13.2669,13.3432,29973200
2005-10-18,13.1742,13.3023,12.7216,12.7243,62569400
2005-10-19,12.7325,13.0351,12.4462,13.0106,92579600
2005-10-20,12.9233,12.9833,12.2526,12.4189,95887800
2005-10-21,12.4817,12.7625,12.3671,12.5471,62963400
2005-10-24,12.4871,12.9970,12.4844,12.9942,60696800
2005-10-25,13.0406,13.3296,12.9642,13.2641,67175400
2005-10-26,13.2614,13.6159,13.1278,13.1851,61851800
2005-10-27,13.2369,13.3241,12.8061,12.8116,54528600
2005-10-28,12.8279,13.2205,12.6262,13.1605,56558800
2005-10-31,13.2369,13.4932,13.1306,13.3105,45360800
2005-11-01,13.2396,13.4277,13.2232,13.3923,41405000
2005-11-02,13.3759,13.6622,13.3459,13.6540,41859400
2005-11-03,13.7631,13.9839,13.7167,13.9130,37997400
2005-11-04,13.8367,13.8912,13.4659,13.4959,58942200
2005-11-07,13.4141,13.5150,13.1905,13.2614,43073400
2005-11-08,13.2260,13.4686,13.1633,13.3732,26947800
2005-11-09,13.3323,13.5886,13.1278,13.2505,64432000
2005-11-10,13.1496,13.1551,12.7407,12.8388,80092400
2005-11-11,12.7461,13.0133,12.7461,12.9424,31180400
2005-11-14,13.1278,13.1415,12.8988,13.0106,30897200
2005-11-15,12.9888,13.3432,12.9724,13.0324,50381200
2005-11-16,13.0324,13.3705,13.0160,13.3705,45751000
2005-11-17,13.5204,13.5232,13.2560,13.3650,36924000
2005-11-18,13.4141,13.4659,13.2151,13.3705,48028800
2005-11-21,13.5041,13.7031,13.4332,13.7031,35605400
2005-11-22,13.8367,13.9512,13.7467,13.9212,28823000
2005-11-23,13.8122,13.9976,13.7222,13.8694,24430200
2005-11-25,13.8640,13.9648,13.8531,13.9049,7350000
2005-11-28,13.8258,13.8258,13.4196,13.4359,44192200
2005-11-29,13.5504,13.6213,13.4141,13.4577,29985000
2005-11-30,13.4277,13.6595,13.4277,13.5095,35525800
2005-12-01,13.6186,13.9376,13.6159,13.9376,37357000
2005-12-02,14.0548,14.0548,13.8040,13.9512,30877800
2005-12-05,14.0957,14.1775,13.9757,14.0494,40542800
2005-12-06,14.0166,14.2320,13.9676,14.1093,28030000
2005-12-07,14.2020,14.3247,13.9676,14.0575,66806000
2005-12-08,14.0903,14.3193,14.0684,14.3056,32613200
2005-12-09,14.1802,14.2729,14.0657,14.1284,28286800
2005-12-12,14.3165,14.3220,14.1611,14.3111,27012400
2005-12-13,14.3547,14.5019,14.2320,14.2511,37813200
2005-12-14,14.2593,14.4392,14.1993,14.4229,31727200
2005-12-15,14.3411,14.4365,14.2048,14.3084,30722400
2005-12-16,14.3103,14.3759,13.9413,13.9604,45466600
2005-12-19,14.0287,14.1053,13.8428,13.8456,38872400
2005-12-20,13.8866,14.0779,13.8866,14.0342,29189000
2005-12-21,14.0779,14.2064,13.9987,14.0643,35378400
2005-12-22,14.1463,14.1763,14.0041,14.0479,16832200
2005-12-23,13.9112,14.0588,13.7800,14.0096,27793000
2005-12-27,13.8866,13.8866,13.5203,13.5968,51304200
2005-12-28,13.6788,13.8811,13.6624,13.8018,38797800
2005-12-29,13.7772,13.9330,13.6816,13.6952,25124200
2005-12-30,13.6132,13.8593,13.5695,13.7526,24225600
2006-01-03,13.8401,14.4060,13.8401,14.4060,48380400
2006-01-04,14.3240,14.4743,14.2119,14.4470,39995800
2006-01-05,14.4743,14.4880,14.1271,14.2638,47122000
2006-01-06,14.4962,14.6520,14.4251,14.6137,36291800
2006-01-09,14.6110,14.6766,14.4552,14.5973,30470400
2006-01-10,14.5973,14.8324,14.5700,14.7559,34982600
2006-01-11,14.6930,14.8843,14.5153,14.8187,39429000
2006-01-12,14.9390,15.0456,14.6766,14.7121,44637600
2006-01-13,14.5836,14.9171,14.5836,14.8871,35416000
2006-01-17,15.1167,15.2288,15.0702,15.2151,30796000
2006-01-18,15.1741,15.2124,14.8133,15.0894,43220200
2006-01-19,14.9308,15.3900,14.9308,15.3518,52820200
2006-01-20,15.5541,15.7208,15.3080,15.4201,57437800
2006-01-23,15.3354,15.6634,15.2834,15.5896,43304200
2006-01-24,15.4502,15.6361,15.4475,15.4967,39394200
2006-01-25,15.6388,15.6634,15.0210,15.1714,74196800
2006-01-26,15.1331,15.2397,14.9117,15.2206,54059400
2006-01-27,15.3381,15.5568,15.3108,15.4857,45753000
2006-01-30,15.6662,15.9313,15.6361,15.8411,57694400
2006-01-31,15.7864,15.8411,15.6552,15.7618,35137400
2006-02-01,15.7153,15.8739,15.3791,15.3873,64991200
2006-02-02,15.3053,15.4693,15.0347,15.2342,71964400
2006-02-03,15.2397,15.2752,15.0183,15.0948,41721800
2006-02-06,15.2424,15.4857,15.2260,15.3901,43949800
2006-02-07,15.2260,15.2260,14.6848,14.7477,73028600
2006-02-08,14.7859,14.8297,14.4333,14.7504,88577400
2006-02-09,14.8980,15.0210,14.3841,14.4142,62496200
2006-02-10,14.4606,14.5344,14.1025,14.3622,86765000
2006-02-13,14.3923,14.5700,14.2337,14.3048,46839200
2006-02-14,14.0779,14.2830,14.0178,14.1435,61700000
2006-02-15,14.2283,14.3513,13.9659,14.0670,104064400
2006-02-16,14.2037,14.4114,14.1982,14.3896,54272800
2006-02-17,14.6821,14.7559,14.4060,14.4907,47213200
2006-02-21,14.7340,14.8980,14.6547,14.7750,41752400
2006-02-22,14.6520,14.6657,14.4306,14.4989,48568000
2006-02-23,14.4634,14.6766,14.2419,14.4825,57958600
2006-02-24,14.7613,14.7969,14.6411,14.6602,33029400
2006-02-27,14.5836,14.6247,14.4060,14.4060,32065200
2006-02-28,14.3650,14.3650,14.1791,14.3076,47670000
2006-03-01,14.4169,14.5590,14.3732,14.5508,26790800
2006-03-02,14.5973,14.8215,14.5399,14.7941,42100600
2006-03-03,14.6575,14.9035,14.6383,14.7969,45045200
2006-03-06,14.6656,14.7012,14.2747,14.2829,47172200
2006-03-07,14.2201,14.2310,13.9850,14.0725,47732200
2006-03-08,13.9331,14.2392,13.8456,14.0725,81573200
2006-03-09,14.2146,14.2748,13.9631,13.9713,45627000
2006-03-10,13.9139,14.1463,13.8182,14.0479,47799400
2006-03-13,14.1299,14.3404,14.0916,14.3240,23997000
2006-03-14,14.3786,14.6110,14.0615,14.5891,33197600
2006-03-15,14.5153,14.6684,14.4634,14.6657,43330400
2006-03-16,14.6192,14.9171,14.5700,14.8980,54604800
2006-03-17,14.8873,14.9833,14.6954,14.7091,46593600
2006-03-20,14.6680,14.7749,14.3664,14.3828,45785400
2006-03-21,14.3390,14.5720,14.2622,14.3582,50832800
2006-03-22,14.3582,14.6460,14.3472,14.4541,43925600
2006-03-23,14.5748,14.6927,14.5364,14.6680,34714000
2006-03-24,14.6543,14.8873,14.6460,14.7667,42517000
2006-03-27,14.6543,14.8818,14.6077,14.8434,38741200
2006-03-28,14.9284,15.1039,14.9093,14.9586,45004800
2006-03-29,14.9147,15.1450,14.9147,15.1341,36419200
2006-03-30,15.1615,15.2712,15.0600,15.1258,46860200
2006-03-31,14.9970,15.0107,14.8215,14.9147,51697800
2006-04-03,15.0107,15.2657,14.9531,14.9970,36763000
2006-04-04,14.8736,15.2218,14.8736,15.1944,27552000
2006-04-05,15.1889,15.4494,15.1094,15.4439,40829600
2006-04-06,15.5618,15.5892,15.3178,15.4768,42543600
2006-04-07,15.4082,15.4686,15.1505,15.1752,43387400
2006-04-10,15.3452,15.5042,15.2986,15.4631,34570400
2006-04-11,15.6001,15.6605,15.2794,15.3534,27590200
2006-04-12,15.3068,15.4466,15.1807,15.2520,32700200
2006-04-13,15.0957,15.3150,15.0217,15.3013,22807200
2006-04-17,15.5371,15.5837,15.4055,15.5837,27431400
2006-04-18,15.7098,15.9922,15.6824,15.9648,58448800
2006-04-19,15.8743,16.2170,15.8469,16.2115,48529200
2006-04-20,16.1211,16.2253,15.7647,16.0443,52530000
2006-04-21,16.1622,16.4089,16.0443,16.3788,39209200
2006-04-24,16.3130,16.3404,16.0443,16.1293,59635400
2006-04-25,16.2993,16.3760,15.7400,15.9209,67672600
2006-04-26,15.9538,16.2115,15.6495,15.6687,58854200
2006-04-27,15.3123,15.7921,15.1478,15.4905,89759000
2006-04-28,15.5919,15.8634,15.5919,15.6660,38107800
2006-05-01,15.7784,16.0745,15.7455,15.9237,39191600
2006-05-02,16.1019,16.2965,16.0032,16.2774,38083000
2006-05-03,16.2143,16.2746,15.9045,16.0251,51569400
2006-05-04,15.8880,16.0991,15.6632,15.9511,55618400
2006-05-05,16.1430,16.2170,16.0059,16.1375,31436800
2006-05-08,15.9346,16.0964,15.7921,16.0662,34185400
2006-05-09,16.0114,16.2444,15.9950,16.1622,26333400
2006-05-10,16.1128,16.3157,16.0580,16.3130,41188800
2006-05-11,16.4528,16.4912,16.0525,16.1019,43551400
2006-05-12,16.0525,16.0525,15.5371,15.5563,70278200
2006-05-15,15.2520,15.4905,15.0600,15.2300,58166600
2006-05-16,15.3260,15.4960,15.1450,15.2849,41205200
2006-05-17,15.1478,15.3287,14.7831,14.8955,72929200
2006-05-18,14.9038,15.0655,14.6954,14.7146,49518600
2006-05-19,14.6351,14.9284,14.4185,14.8106,80607600
2006-05-22,14.5583,14.8434,14.3253,14.7256,75077600
2006-05-23,14.9997,15.1889,14.6680,14.7283,58351800
2006-05-24,14.5583,14.8462,14.2979,14.5474,76549600
2006-05-25,14.7475,15.1094,14.6707,15.0573,64495800
2006-05-26,15.0491,15.1670,14.9723,15.1066,28766600
2006-05-30,15.2437,15.3260,14.8517,14.8681,38809200
2006-05-31,14.8160,15.2300,14.8105,15.2300,39841400
2006-06-01,15.0792,15.3507,14.9723,15.2711,39707800
2006-06-02,15.4219,15.5261,15.2410,15.4987,35372600
2006-06-05,15.6714,15.6769,14.9997,15.0107,73397400
2006-06-06,14.9805,15.1779,14.8572,14.9970,49843400
2006-06-07,14.8928,14.9668,14.4212,14.4212,92812800
2006-06-08,14.3170,14.6543,13.9689,14.6241,150771000
2006-06-09,14.7530,14.7530,14.3417,14.4761,62874000
2006-06-12,14.5638,14.6515,14.1580,14.1800,43478000
2006-06-13,13.9963,14.2183,13.7111,13.7605,75171200
2006-06-14,13.8126,14.1416,13.7632,14.1142,79172400
2006-06-15,14.2896,14.7447,14.2677,14.6515,76566600
2006-06-16,14.5984,14.7140,14.3425,14.6122,59343200
2006-06-19,14.5571,14.5571,14.0453,14.0618,93441400
2006-06-20,14.2077,14.3287,13.9600,13.9958,44635400
2006-06-21,14.0426,14.4801,14.0315,14.3095,78507000
2006-06-22,14.3095,14.4471,14.1967,14.3700,35386800
2006-06-23,14.6645,14.7911,14.6397,14.6892,53731800
2006-06-26,14.6672,14.8708,14.5516,14.8516,33053200
2006-06-27,14.9507,15.0745,14.8488,14.8791,48294800
2006-06-28,14.9231,15.1708,14.9149,15.1350,44248000
2006-06-29,15.2286,15.5698,15.2286,15.5643,60785200
2006-06-30,15.6249,15.7102,15.4818,15.6166,22692400
2006-07-03,15.6992,15.8312,15.6524,15.7845,7662000
2006-07-05,15.6936,15.8945,15.5203,15.8560,32829800
2006-07-06,15.8367,15.9771,15.7569,15.8147,33697200
2006-07-07,15.8780,16.0184,15.5506,15.6001,39374600
2006-07-10,15.6083,15.8065,15.5313,15.6469,29220400
2006-07-11,15.6992,15.9771,15.6881,15.9331,25975000
2006-07-12,15.9991,16.0266,15.8065,15.8780,30260400
2006-07-13,15.9468,15.9798,15.6991,15.7267,37032600
2006-07-14,15.8505,15.9386,15.5643,15.9110,35258000
2006-07-17,15.7459,15.8257,15.3167,15.3965,64838800
2006-07-18,15.5340,15.6028,15.2066,15.4157,37958000
2006-07-19,15.3662,15.6304,15.3111,15.5753,45156400
2006-07-20,15.6166,15.6276,15.1983,15.1983,37870600
2006-07-21,15.2754,15.2754,14.9286,14.9919,60833000
2006-07-24,14.9974,15.4707,14.9974,15.4432,45137000
2006-07-25,15.5505,15.7377,15.4487,15.7129,38077800
2006-07-26,15.6193,16.1174,15.5973,16.0294,39309400
2006-07-27,16.2110,16.2302,15.8532,15.8918,34664600
2006-07-28,15.8065,15.9413,15.6469,15.8973,29452600
2006-07-31,16.0156,16.2220,15.8945,16.1394,31043000
2006-08-01,16.1092,16.2000,15.9578,16.1587,22086000
2006-08-02,16.3348,16.4779,16.0789,16.1917,35554600
2006-08-03,15.9606,16.2220,15.9468,16.0514,23421000
2006-08-04,16.0982,16.1890,15.7762,15.9165,33659400
2006-08-07,16.0321,16.1807,15.9055,16.0844,38116200
2006-08-08,16.0569,16.1890,15.9688,15.9908,40603600
2006-08-09,16.1532,16.3321,16.0872,16.1257,37053200
2006-08-10,16.0321,16.0706,15.8643,15.9936,35670800
2006-08-11,15.9743,16.0486,15.8698,16.0019,16322600
2006-08-14,15.8835,15.8835,15.3717,15.6716,33443400
2006-08-15,15.8092,15.8725,15.6193,15.7514,33198800
2006-08-16,15.6964,15.9331,15.5726,15.6854,44679200
2006-08-17,15.5313,15.6111,15.4460,15.5753,69987200
2006-08-18,15.6854,15.8230,15.4928,15.8175,27279600
2006-08-21,15.9441,15.9936,15.8588,15.9220,24737000
2006-08-22,15.9055,16.0294,15.8808,16.0294,13917800
2006-08-23,15.9551,15.9991,15.6771,15.6937,24303600
2006-08-24,15.7404,15.9276,15.6744,15.8973,21704600
2006-08-25,16.0431,16.1670,15.9771,16.0211,26378800
2006-08-28,15.8230,15.9193,15.7597,15.7900,35186400
2006-08-29,15.7074,15.7074,15.5340,15.6909,26977000
2006-08-30,15.6331,15.6936,15.2919,15.4267,39981000
2006-08-31,15.4047,15.4928,15.2836,15.3194,21933000
2006-09-01,15.4102,15.5478,15.3579,15.5478,17497000
2006-09-05,15.4928,15.7597,15.4763,15.7514,33220400
2006-09-06,15.5836,15.6028,15.2011,15.2176,34454000
2006-09-07,15.1350,15.2974,15.0662,15.2313,50465600
2006-09-08,15.1653,15.2891,14.8461,14.8461,33601600
2006-09-11,14.6645,14.7085,14.3453,14.3865,88824200
2006-09-12,14.4140,14.5406,14.2159,14.2957,50193000
2006-09-13,14.4196,14.6865,14.4113,14.5929,45052000
2006-09-14,14.5847,14.6700,14.2242,14.2682,61271400
2006-09-15,14.3254,14.3889,14.1983,14.3171,61135400
2006-09-18,14.3999,14.7368,14.3447,14.6622,66620800
2006-09-19,14.6622,14.7340,14.2812,14.4413,52592800
2006-09-20,14.3033,14.4331,14.0133,14.0548,58647400
2006-09-21,14.1238,14.3833,14.0934,14.2342,47660800
2006-09-22,14.3336,14.3695,14.0713,14.1735,48575000
2006-09-25,13.9995,14.2922,13.8532,14.1928,69880800
2006-09-26,14.0824,14.5187,14.0824,14.5048,62279800
2006-09-27,14.6733,14.7920,14.4358,14.7451,70352200
2006-09-28,14.7423,14.9025,14.6595,14.6981,48496200
2006-09-29,14.6070,14.8417,14.5711,14.7589,33727800
2006-10-02,14.6954,14.8610,14.5822,14.5904,29895400
2006-10-03,14.3585,14.4082,14.0548,14.0548,68121000
2006-10-04,14.1321,14.3198,13.8615,14.2618,75332400
2006-10-05,14.5242,14.5877,14.3668,14.5352,62842800
2006-10-06,14.4137,14.5545,14.2922,14.5490,51216400
2006-10-09,14.6733,14.7009,14.3281,14.3309,40557200
2006-10-10,14.2480,14.6319,14.2480,14.5987,53543600
2006-10-11,14.5186,14.5822,14.3364,14.3668,43451400
2006-10-12,14.4551,14.7037,14.4496,14.7037,46280400
2006-10-13,14.8086,15.0184,14.7644,14.9052,54467400
2006-10-16,14.8831,15.2559,14.8583,15.2559,56224600
2006-10-17,15.2145,15.2228,14.9853,15.0902,45572600
2006-10-18,15.0709,15.2145,14.8776,14.9936,57421600
2006-10-19,15.0654,15.3028,14.9936,15.3028,37268800
2006-10-20,15.3664,15.3664,15.0488,15.1040,55108600
2006-10-23,15.0074,15.1979,14.9301,15.1316,38240800
2006-10-24,15.1068,15.4464,15.0488,15.4078,35451000
2006-10-25,15.3719,15.7778,15.3139,15.6729,59867600
2006-10-26,15.8551,15.8634,15.5237,15.6370,40829800
2006-10-27,15.6231,15.7391,15.4602,15.5099,42041200
2006-10-30,15.2973,15.4381,15.2007,15.2310,77003400
2006-10-31,15.2283,15.4271,15.0350,15.3884,61219400
2006-11-01,15.3581,15.4685,15.1151,15.2310,55034800
2006-11-02,15.1427,15.3884,15.1096,15.2918,36178000
2006-11-03,15.3912,15.6673,15.3884,15.6287,63797000
2006-11-06,15.5734,15.7943,15.5182,15.7419,38969600
2006-11-07,15.7419,15.7805,15.5099,15.6204,62714000
2006-11-08,15.5210,15.9076,15.5210,15.8827,46124400
2006-11-09,16.0070,16.1809,15.9158,16.0152,41382200
2006-11-10,15.9793,16.0014,15.7640,15.8634,34595600
2006-11-13,15.7419,15.9821,15.6867,15.8358,37889000
2006-11-14,15.9407,15.9600,15.8081,15.9296,33182600
2006-11-15,16.0125,16.1505,15.8910,16.0788,34606200
2006-11-16,16.1864,16.1864,15.6011,15.6370,69076600
2006-11-17,15.4713,15.7943,15.4409,15.7667,50567000
2006-11-20,15.6949,15.8634,15.6038,15.7253,52260200
2006-11-21,15.7585,16.0318,15.7585,16.0152,27773000
2006-11-22,15.9352,16.0539,15.7529,15.9214,37745000
2006-11-24,15.8606,16.0263,15.8302,15.8882,9024000
2006-11-27,15.9434,16.0152,15.7474,15.8164,26066000
2006-11-28,15.8744,16.1395,15.8717,16.0705,35626600
2006-11-29,16.1395,16.6586,16.1202,16.5813,56393200
2006-11-30,16.5813,16.7967,16.5123,16.7083,52887400
2006-12-01,16.5979,16.7773,16.4239,16.7663,44489400
2006-12-04,16.6503,16.7525,16.5758,16.7415,36796400
2006-12-05,16.8436,16.9182,16.6365,16.8077,45401600
2006-12-06,16.7470,16.9541,16.6973,16.7608,40079000
2006-12-07,16.6918,16.7829,16.5758,16.6614,34637400
2006-12-08,16.7387,16.8353,16.6144,16.6420,28623800
2006-12-11,16.5702,16.7221,16.5123,16.6006,36886000
2006-12-12,16.6503,16.7635,16.5261,16.6393,37962000
2006-12-13,16.6503,16.8602,16.6255,16.8077,39544600
2006-12-14,16.8988,17.1556,16.8188,17.0507,45614200
2006-12-15,17.1377,17.1377,16.8773,16.8967,36120600
2006-12-18,16.9217,16.9217,16.4038,16.4093,71225000
2006-12-19,16.3207,16.7139,16.2016,16.6890,40950200
2006-12-20,16.7250,16.7250,16.4287,16.4619,35164400
2006-12-21,16.4785,16.5672,16.2293,16.3844,48419600
2006-12-22,16.2874,16.4508,16.2265,16.2265,23659000
2006-12-26,16.2016,16.3927,16.1157,16.2459,20251600
2006-12-27,16.2265,16.4370,16.1711,16.4370,18653800
2006-12-28,16.4785,16.5201,16.3484,16.4010,24348400
2006-12-29,16.3401,16.3955,16.2376,16.2376,16129400
2007-01-03,16.1490,16.1711,15.5535,15.6698,94931000
2007-01-04,15.4760,15.5757,15.3126,15.3846,101763800
2007-01-05,15.3929,15.5314,15.2849,15.4870,76607000
2007-01-08,15.6421,15.7031,15.3403,15.4870,65947600
2007-01-09,15.2710,15.4649,15.1769,15.3541,74036200
2007-01-10,15.2600,15.2793,15.0024,15.0578,76061200
2007-01-11,15.1076,15.4344,14.9248,14.9719,97682800
2007-01-12,15.0245,15.3984,15.0107,15.3541,63076600
2007-01-16,15.2461,15.4067,15.1159,15.1963,62727000
2007-01-17,15.1713,15.4317,15.1686,15.3652,72263600
2007-01-18,15.4400,15.5341,15.1519,15.2516,62343000
2007-01-19,15.3569,15.6754,15.3237,15.6698,62563400
2007-01-22,15.7585,15.7612,15.4815,15.5618,63137800
2007-01-23,15.6837,16.0382,15.6837,15.9662,72533000
2007-01-24,15.9219,16.0410,15.7308,16.0354,43948600
2007-01-25,15.9800,16.0105,15.6006,15.7058,44287400
2007-01-26,15.8139,15.8637,15.6671,15.7446,27642800
2007-01-29,15.7501,15.8692,15.6006,15.6671,39899600
2007-01-30,15.7335,16.0271,15.6975,15.9856,43022200
2007-01-31,15.9579,16.1379,15.8693,16.0880,55691600
2007-02-01,16.0908,16.2514,15.9994,16.1462,46168400
2007-02-02,16.2376,16.3207,16.0520,16.2376,36886000
2007-02-05,16.2708,16.3678,16.1711,16.2210,26218800
2007-02-06,16.3179,16.3234,16.0742,16.1711,38592800
2007-02-07,16.2265,16.3013,15.9828,16.0742,39181600
2007-02-08,16.0714,16.2681,15.9883,16.2376,49711600
2007-02-09,16.2570,16.3151,16.0963,16.1711,38082400
2007-02-12,16.0077,16.0742,15.8803,15.9468,37392800
2007-02-13,16.0105,16.1822,16.0049,16.1794,30053600
2007-02-14,16.1490,16.3511,16.0963,16.1822,47036000
2007-02-15,16.1351,16.1767,15.9302,16.0603,49922200
2007-02-16,16.0631,16.0853,15.9911,16.0631,32549200
2007-02-20,15.8886,15.9274,15.8194,15.8831,32566800
2007-02-21,15.8831,16.0825,15.7889,16.0576,40853400
2007-02-22,16.0603,16.2597,15.9800,16.2016,43117200
2007-02-23,16.3428,16.3484,16.2044,16.2431,33278800
2007-02-26,16.3871,16.4868,16.2985,16.3401,42328000
2007-02-27,16.0963,16.3124,15.6338,15.6892,104771600
2007-02-28,15.7585,15.9745,15.7114,15.7585,65250400
2007-03-01,15.5978,15.9163,15.2461,15.7086,63812400
2007-03-02,15.7335,15.7695,15.4317,15.5231,67580200
2007-03-05,15.2738,15.5812,15.2156,15.3430,72762400
2007-03-06,15.5674,15.6754,15.4760,15.6338,43864200
2007-03-07,15.6698,16.1268,15.5978,15.8277,88860200
2007-03-08,16.0437,16.0520,15.8582,15.9662,46413800
2007-03-09,15.9828,16.0742,15.8526,15.8969,43495600
2007-03-12,15.7862,15.9440,15.7723,15.8748,42803200
2007-03-13,15.8693,16.0687,15.6338,15.6615,62941200
2007-03-14,15.7308,15.8886,15.5646,15.8415,75853600
2007-03-15,15.8388,15.9551,15.7778,15.8388,41611800
2007-03-16,15.9296,15.9408,15.6323,15.6685,56097000
2007-03-19,15.8240,15.9963,15.7879,15.9185,43157600
2007-03-20,15.9352,16.0852,15.8824,16.0325,48250600
2007-03-21,16.1519,16.4159,16.0769,16.3214,48850800
2007-03-22,16.4076,16.7215,16.4076,16.6493,67233000
2007-03-23,16.7243,16.7882,16.6215,16.7327,29860400
2007-03-26,16.8660,16.9494,16.6076,16.8493,38024600
2007-03-27,16.8077,16.8799,16.7188,16.8799,34342000
2007-03-28,16.9883,16.9883,16.7521,16.8771,37145200
2007-03-29,16.9299,16.9938,16.8077,16.9827,46594200
2007-03-30,16.9105,16.9355,16.6437,16.7493,42370600
2007-04-02,16.7438,16.9633,16.7243,16.9133,35790800
2007-04-03,16.8466,17.0355,16.7910,17.0188,32316200
2007-04-04,16.9077,17.0828,16.8438,17.0466,31624800
2007-04-05,17.0911,17.1772,17.0216,17.1578,24371800
2007-04-09,17.1272,17.3134,17.0661,17.0939,39235200
2007-04-10,17.1300,17.3967,17.1050,17.3523,34376800
2007-04-11,17.3578,17.4412,17.1995,17.2467,49695000
2007-04-12,17.2689,17.5162,17.2217,17.5107,33672200
2007-04-13,17.5412,17.5523,17.4217,17.5190,26788600
2007-04-16,17.5579,17.6496,17.3884,17.6218,28336000
2007-04-17,17.6635,17.7107,17.4301,17.5218,29040600
2007-04-18,17.4412,17.4718,17.3412,17.4606,31142400
2007-04-19,17.3273,17.3550,17.1828,17.2161,32242400
2007-04-20,17.3773,17.6051,17.3773,17.5329,36407800
2007-04-23,17.5384,17.7246,17.5051,17.5523,40033600
2007-04-24,17.5357,17.5746,17.4078,17.4995,42760600
2007-04-25,17.5690,17.9413,17.5607,17.8274,57692600
2007-04-26,17.8135,17.9108,17.6829,17.8218,38278600
2007-04-27,17.7802,17.9469,17.6940,17.8191,28250400
2007-04-30,17.8218,17.9913,17.6079,17.6079,35122000
2007-05-01,17.6274,17.7441,17.4995,17.6857,53459200
2007-05-02,17.7441,17.8969,17.6940,17.8330,33324400
2007-05-03,17.7607,18.0692,17.7441,17.9775,34106600
2007-05-04,18.0608,18.2664,17.9302,17.9636,40888800
2007-05-07,17.8996,18.0441,17.8802,18.0108,22546800
2007-05-08,17.9497,18.0553,17.7830,18.0136,30772400
2007-05-09,17.9941,18.0830,17.7969,18.0052,44234400
2007-05-10,18.0775,18.0969,17.6885,17.7135,41594400
2007-05-11,17.7413,18.1303,17.7218,18.1192,42647800
2007-05-14,18.1136,18.2359,18.0608,18.1247,33049600
2007-05-15,18.1525,18.3387,18.1025,18.1859,32117600
2007-05-16,18.1664,18.2692,17.9719,18.2553,34880800
2007-05-17,18.3109,18.6415,18.1608,18.5471,37547000
2007-05-18,18.6165,18.8527,18.5999,18.8472,42464600
2007-05-21,18.9138,19.1778,18.8722,19.0055,90720000
2007-05-22,18.9861,19.1334,18.8277,18.8277,50212000
2007-05-23,18.8999,19.1139,18.8666,18.8666,49737000
2007-05-24,18.9111,19.0778,18.5026,18.5221,56356600
2007-05-25,18.7249,18.8499,18.6777,18.8110,26041600
2007-05-29,18.7277,18.8305,18.5554,18.6860,41121800
2007-05-30,18.6082,19.1028,18.5665,19.0778,38506000
2007-05-31,19.1278,19.1917,18.9055,18.9777,33403000
2007-06-01,19.0722,19.2223,19.0639,19.1500,23829800
2007-06-04,19.0972,19.4696,19.0722,19.4501,35336000
2007-06-05,19.3362,19.4390,19.2306,19.3806,30652000
2007-06-06,19.3140,19.3140,19.0333,19.1333,37970800
2007-06-07,19.1000,19.2417,18.7305,18.7944,40308600
2007-06-08,18.6610,18.9111,18.5582,18.8722,41979200
2007-06-11,18.9111,19.1667,18.8249,19.0166,27590200
2007-06-12,18.9916,19.0889,18.7832,18.7832,41113800
2007-06-13,18.8777,19.1973,18.8388,19.1584,50487400
2007-06-14,19.2084,19.5696,19.2028,19.4807,38401000
2007-06-15,19.6487,19.8382,19.6236,19.7797,32450400
2007-06-18,19.8048,19.9023,19.7546,19.8020,23275600
2007-06-19,19.7797,19.9106,19.6794,19.8243,22868400
2007-06-20,19.8159,19.8772,19.1722,19.2474,59250800
2007-06-21,19.3756,19.6515,19.3032,19.6320,45713400
2007-06-22,19.5902,19.6543,19.2279,19.4369,39709200
2007-06-25,19.3115,19.5456,19.1861,19.2809,49853400
2007-06-26,19.2920,19.3422,18.8406,18.8657,51648000
2007-06-27,18.7960,19.2391,18.6567,19.1583,47399800
2007-06-28,19.2837,19.4174,19.0914,19.1583,34510600
2007-06-29,19.2697,19.4648,19.1248,19.2251,36467200
2007-07-02,19.2586,19.5651,19.2586,19.5651,32160000
2007-07-03,19.5790,19.7239,19.5428,19.7156,10600800
2007-07-05,19.7295,19.8298,19.4676,19.6682,33578600
2007-07-06,19.7853,19.9413,19.7435,19.9357,23052400
2007-07-09,19.9190,20.1865,19.8689,20.1224,38314400
2007-07-10,20.0110,20.2506,19.8967,19.9441,58750800
2007-07-11,19.8689,20.0723,19.8048,20.0193,55289800
2007-07-12,20.1754,20.4540,20.1754,20.4067,62177400
2007-07-13,20.3900,20.7104,20.3482,20.6073,50968000
2007-07-16,20.6435,20.6435,20.1141,20.3426,52113000
2007-07-17,20.4345,20.5516,20.0723,20.0779,49148800
2007-07-18,20.0862,20.5767,20.0277,20.5321,74638400
2007-07-19,20.6240,20.7550,20.5878,20.7188,37691800
2007-07-20,20.7048,20.8247,20.4624,20.6212,40165600
2007-07-23,20.6352,20.7996,20.4541,20.7049,30433600
2007-07-24,20.5237,20.5237,19.9998,20.1057,50225400
2007-07-25,20.2339,20.4568,19.7964,20.4262,65361000
2007-07-26,20.1197,20.1642,19.2781,19.6571,79532200
2007-07-27,19.6877,19.7825,19.0886,19.0886,85094800
2007-07-30,19.2809,19.5372,18.9799,19.4174,64797800
2007-07-31,19.6877,19.7797,19.2279,19.2279,45528200
2007-08-01,19.1360,19.5540,18.7291,19.1778,86169000
2007-08-02,19.2251,19.3673,18.8044,19.0468,68290800
2007-08-03,19.0301,19.2753,18.3947,18.4254,68139400
2007-08-06,18.3083,18.5898,17.8987,18.5313,109071600
2007-08-07,18.3891,19.1276,18.3250,18.9660,62339200
2007-08-08,19.1304,19.5317,18.9938,19.3255,60435200
2007-08-09,18.8378,19.2948,18.7542,18.7709,65071200
2007-08-10,18.6399,19.0719,18.2888,18.8712,55367600
2007-08-13,19.1332,19.3450,18.8294,18.8935,39376800
2007-08-14,19.0579,19.1109,18.6706,18.7681,40611000
2007-08-15,18.7793,18.9409,18.2219,18.2526,52163800
2007-08-16,17.9266,18.2387,17.4807,18.1411,84094800
2007-08-17,18.7124,18.8573,18.3418,18.8099,61897400
2007-08-20,18.7235,18.9242,18.3780,18.7681,65976200
2007-08-21,18.6873,18.8350,18.3919,18.5034,40832600
2007-08-22,18.7263,18.8016,18.5703,18.7263,36239000
2007-08-23,18.8211,18.9660,18.6539,18.8935,35967000
2007-08-24,18.9771,19.3673,18.9353,19.2976,31269000
2007-08-27,19.2056,19.2140,18.9966,19.0607,21383400
2007-08-28,18.9493,19.0189,18.6009,18.6009,39279000
2007-08-29,18.7375,19.2976,18.7152,19.2168,54728000
2007-08-30,19.1053,19.3310,19.0106,19.2056,33744400
2007-08-31,19.4341,19.5902,19.2084,19.4592,26635400
2007-09-04,19.3951,19.9469,19.3422,19.8131,31791600
2007-09-05,19.7853,19.8075,19.6125,19.7072,32728600
2007-09-06,19.8967,20.1336,19.7936,20.0082,36015000
2007-09-07,19.7741,19.8048,19.5289,19.5790,40178600
2007-09-10,19.6543,19.6794,19.1666,19.5484,61778000
2007-09-11,19.5623,19.9274,19.4174,19.8828,54152400
2007-09-12,19.8271,20.1447,19.8271,20.0221,48045600
2007-09-13,20.0528,20.2701,20.0277,20.1475,30474800
2007-09-14,20.0138,20.3314,20.0082,20.2032,28053400
2007-09-17,20.1614,20.3844,20.1057,20.2450,26959800
2007-09-18,20.3119,20.8999,20.1392,20.8581,37287000
2007-09-19,20.9891,21.1869,20.9027,21.0392,38740600
2007-09-20,20.9947,21.1061,20.8804,21.0253,32586000
2007-09-21,21.2567,21.3181,21.1365,21.1505,24444400
2007-09-24,21.1784,21.2148,20.9689,21.1114,35679600
2007-09-25,20.8376,20.8543,20.6420,20.7649,34937800
2007-09-26,20.9661,21.0443,20.5889,20.8236,41332000
2007-09-27,21.0275,21.1170,20.9186,21.0946,25186200
2007-09-28,21.1868,21.2623,20.8487,20.8990,34826000
2007-10-01,20.8851,21.2734,20.8655,21.2622,38886800
2007-10-02,21.1002,21.1197,20.7481,20.9298,43783000
2007-10-03,20.7901,20.9130,20.6587,20.8068,43850800
2007-10-04,20.7174,20.9661,20.5358,20.8851,31124600
2007-10-05,20.9856,21.0331,20.6979,20.9856,32311200
2007-10-08,20.8236,20.9046,20.7146,20.7733,26189000
2007-10-09,20.8711,21.1952,20.8627,21.1924,35899200
2007-10-10,20.8795,21.5137,20.8795,21.4662,43909800
2007-10-11,21.6255,21.8183,21.1449,21.3600,64721400
2007-10-12,21.3852,21.6310,21.3712,21.5612,27868600
2007-10-15,21.7512,21.9077,21.6506,21.7372,37512800
2007-10-16,21.7093,21.9021,21.6785,21.7931,40045600
2007-10-17,21.9021,21.9328,21.4662,21.6534,46440800
2007-10-18,21.6534,21.8406,21.5863,21.8210,42443800
2007-10-19,21.6394,21.6422,20.7873,20.7873,66866800
2007-10-22,20.5610,20.6643,20.3039,20.5498,62531000
2007-10-23,20.7062,20.9270,20.4855,20.8431,42582400
2007-10-24,20.7984,21.0639,20.5889,20.9801,46342600
2007-10-25,21.1337,21.3070,20.9381,21.1784,40123200
2007-10-26,21.4858,21.6338,21.3517,21.4997,31556000
2007-10-29,21.5137,21.6953,21.5137,21.6031,19328800
2007-10-30,21.4606,21.4606,20.8683,20.8683,49539800
2007-10-31,21.0946,21.4942,20.9745,21.4299,58567800
2007-11-01,21.1142,21.4466,20.7845,20.8012,44493000
2007-11-02,20.8851,21.2008,20.7202,21.1924,56069200
2007-11-05,20.9465,21.1784,20.7845,21.0220,47670600
2007-11-06,21.2371,21.7233,21.2371,21.7233,36266200
2007-11-07,21.7093,21.7093,20.8292,20.8292,59806600
2007-11-08,21.1700,21.5584,20.8487,21.1924,74325400
2007-11-09,20.9242,21.1505,20.7845,20.8012,56925800
2007-11-12,20.4688,20.6085,19.7954,19.7954,63528400
2007-11-13,19.9630,20.4939,19.7451,20.4939,56002800
2007-11-14,20.7034,20.8236,20.2955,20.4632,44226400
2007-11-15,20.2732,20.4213,19.7228,19.7814,58108600
2007-11-16,20.0301,20.3514,19.9686,20.3011,50881800
2007-11-19,20.2145,20.3318,19.8988,19.9630,35531000
2007-11-20,20.2257,20.7342,20.1167,20.6057,56381200
2007-11-21,20.4268,20.5945,20.1530,20.1586,39537400
2007-11-23,20.1866,20.6895,20.1866,20.6895,13740200
2007-11-26,20.6867,20.7482,19.9742,19.9742,50628600
2007-11-27,19.7256,19.9267,19.4489,19.7535,57528000
2007-11-28,20.1027,20.3011,19.8820,20.2424,45945800
2007-11-29,20.3263,20.5917,20.2480,20.4660,39496800
2007-11-30,20.4436,20.6057,20.2145,20.5274,34133800
2007-12-03,20.3626,20.7118,20.3626,20.6057,39093200
2007-12-04,20.5637,20.5777,20.3961,20.3961,29133400
2007-12-05,20.6755,20.9689,20.6392,20.8459,48980200
2007-12-06,20.8543,21.4159,20.7677,21.4159,42270000
2007-12-07,21.3181,21.4327,21.1533,21.2846,24755400
2007-12-10,21.4019,21.5416,21.3265,21.4997,22776400
2007-12-11,21.4969,21.6730,20.9577,20.9689,40003600
2007-12-12,21.4438,21.7232,21.3153,21.6534,48037600
2007-12-13,21.5165,21.7288,21.3516,21.7065,30835600
2007-12-14,21.6506,21.6618,21.3405,21.3600,30176200
2007-12-17,21.3181,21.3600,20.8236,20.9773,54364400
2007-12-18,21.1980,21.3097,20.8376,21.1784,41742800
2007-12-19,21.1952,21.5081,21.1952,21.3824,33666200
2007-12-20,21.5640,21.6534,21.2706,21.6534,26022400
2007-12-21,21.7260,22.2134,21.6867,22.2134,33735800
2007-12-24,22.2946,22.3142,22.0733,22.3142,38001600
2007-12-26,22.3366,22.5775,22.2582,22.5635,27990600
2007-12-27,22.5747,22.5747,22.2694,22.3254,21799600
2007-12-28,22.4487,22.5383,22.3114,22.5131,20981400
2007-12-31,22.5327,22.5327,22.1433,22.2274,22609800
2008-01-02,22.3954,22.4935,22.2050,22.2694,38591400
2008-01-03,22.4290,22.6195,22.3674,22.5327,29210800
2008-01-04,22.3226,22.3366,21.7091,21.7091,53756000
2008-01-07,21.8492,22.0201,21.3534,21.6251,64817600
2008-01-08,21.8156,21.9024,21.2470,21.2470,45215800
2008-01-09,21.2470,21.6643,21.1853,21.5271,50178400
2008-01-10,21.3870,21.5691,20.8184,21.4374,46105600
2008-01-11,21.2862,21.5775,21.1097,21.1769,57543200
2008-01-14,21.4094,21.6335,21.3730,21.5971,40291200
2008-01-15,21.3142,21.3142,20.7035,20.7035,53263200
2008-01-16,20.5887,20.7708,19.9052,20.0144,87574800
2008-01-17,20.2049,20.4934,19.2161,19.2581,76335400
2008-01-18,19.3982,19.6111,18.8071,19.3001,83086200
2008-01-22,17.8715,19.0928,17.6474,18.7539,80178400
2008-01-23,18.2189,18.9444,17.6390,18.9276,109372800
2008-01-24,19.0592,19.7035,19.0424,19.5943,65186400
2008-01-25,19.8828,20.0481,19.1881,19.2441,62751800
2008-01-28,19.2133,19.7343,19.0900,19.6811,44986000
2008-01-29,19.7287,19.9864,19.6559,19.9024,37258000
2008-01-30,19.8015,20.2273,19.5438,19.6531,49692600
2008-01-31,19.3337,19.8296,19.1881,19.4962,47823800
2008-02-01,19.7539,20.0593,19.6699,19.9864,47327200
2008-02-04,20.0200,20.1125,19.7371,20.0004,34515600
2008-02-05,19.6867,19.7203,19.1741,19.1741,55389400
2008-02-06,19.3842,19.4822,18.8660,18.9108,56930600
2008-02-07,18.7735,19.3786,18.7483,19.2833,51201000
2008-02-08,19.2665,19.5663,19.2021,19.5663,34556400
2008-02-11,19.5803,20.0705,19.3730,20.0705,61999400
2008-02-12,20.1321,20.3814,19.7623,20.0593,52058800
2008-02-13,20.1797,20.5467,20.0565,20.5467,41427000
2008-02-14,20.5887,20.7792,20.3674,20.3702,50669400
2008-02-15,20.5130,20.5130,20.0536,20.4066,42606400
2008-02-19,20.7427,21.1041,20.7007,21.0789,57454200
2008-02-20,20.7876,21.3534,20.7007,21.3310,37282200
2008-02-21,21.2834,21.3282,20.7287,20.7455,57236000
2008-02-22,20.9500,21.0537,20.4962,20.9808,33638000
2008-02-25,20.9668,21.6139,20.9584,21.5803,41729200
2008-02-26,21.4038,21.9472,21.3366,21.9472,33266000
2008-02-27,21.8268,21.9501,21.6111,21.6615,31695400
2008-02-28,21.5971,22.1349,21.5971,22.0341,30196200
2008-02-29,21.8912,21.9613,21.2189,21.3030,41564600
2008-03-03,21.3170,21.7736,21.1965,21.5691,47872000
2008-03-04,21.4402,21.5579,20.8240,21.1489,67485000
2008-03-05,21.2918,21.6811,21.2470,21.6811,44337600
2008-03-06,21.5859,21.6671,21.1265,21.2470,46552600
2008-03-07,21.0089,21.0901,20.4878,20.6615,60823600
2008-03-10,20.7035,20.8212,20.3814,20.4066,58049200
2008-03-11,20.8688,21.4570,20.7371,21.4570,67791600
2008-03-12,21.2890,21.4122,20.9808,20.9808,43799400
2008-03-13,20.7652,21.4150,20.6251,21.3310,50412400
2008-03-14,21.5243,21.5579,20.6167,20.9416,56320400
2008-03-17,20.2525,20.6755,19.9388,20.2105,63273000
2008-03-18,20.6167,21.0929,20.5971,21.0929,55044000
2008-03-19,20.9304,21.0509,19.8043,19.8043,87022600
2008-03-20,19.6282,20.0861,19.3417,19.8923,75077400
2008-03-24,20.0524,20.5300,19.9906,20.2406,31195600
2008-03-25,20.2996,20.5693,20.1648,20.4429,43855200
2008-03-26,20.4906,21.0328,20.4850,20.8867,46397800
2008-03-27,20.9598,21.1621,20.6761,20.6761,45120400
2008-03-28,20.8390,20.9991,20.6002,20.6199,35051000
2008-03-31,20.6845,21.0581,20.5665,20.8053,43855600
2008-04-01,20.7322,21.2239,20.6058,21.1958,72571000
2008-04-02,21.1901,21.6396,20.9738,21.4907,42384000
2008-04-03,21.3503,21.7604,21.2941,21.5413,37203800
2008-04-04,21.5554,21.9739,21.5554,21.7183,38562000
2008-04-07,21.9880,22.2015,21.7379,21.8335,35357600
2008-04-08,21.7099,22.1200,21.6677,22.0807,45450200
2008-04-09,22.0582,22.3476,22.0048,22.1228,38980200
2008-04-10,22.1144,22.2408,21.8981,22.0807,29849600
2008-04-11,21.9627,22.1256,21.7717,21.7717,33016600
2008-04-14,21.7998,22.3082,21.7998,22.2717,29866200
2008-04-15,22.4290,22.4880,22.1481,22.3897,28587400
2008-04-16,22.5302,23.1482,22.4515,23.1482,44378200
2008-04-17,22.9291,23.2297,22.8673,23.1285,33158800
2008-04-18,23.0330,23.8308,22.9824,23.4825,47077400
2008-04-21,23.5302,23.7831,23.4123,23.7494,31648600
2008-04-22,23.6482,23.9601,23.6286,23.7606,52607600
2008-04-23,23.7129,23.7241,23.3870,23.5752,43527000
2008-04-24,23.3224,23.3870,22.8251,22.9572,51476000
2008-04-25,23.2325,23.3336,22.9965,23.2830,75227000
2008-04-28,23.3729,23.5387,23.2044,23.3224,26412600
2008-04-29,23.1061,23.2353,22.7549,22.7970,46405400
2008-04-30,22.9235,23.2353,22.7802,22.9656,48948400
2008-05-01,22.6762,22.7043,22.0329,22.4627,112186000
2008-05-02,22.6538,22.9993,22.6538,22.8869,35185800
2008-05-05,22.9319,23.3673,22.9263,23.2184,25992800
2008-05-06,23.3027,23.8365,23.2184,23.8336,42192400
2008-05-07,23.8617,23.8786,23.3898,23.3898,46247000
2008-05-08,23.5050,23.9067,23.3898,23.8589,49814600
2008-05-09,23.8954,23.9095,23.4600,23.8140,39830000
2008-05-12,23.6286,23.7466,23.3842,23.6820,36915400
2008-05-13,23.6819,24.0696,23.4544,24.0696,39394000
2008-05-14,23.9629,24.1651,23.6820,23.7943,49692600
2008-05-15,23.9910,24.2157,23.6735,24.1090,57307000
2008-05-16,24.4910,24.9883,24.4461,24.9883,55097600
2008-05-19,24.9939,25.3057,24.8534,25.1428,45504000
2008-05-20,25.1765,25.3928,25.0276,25.3928,51403800
2008-05-21,25.2888,25.6821,24.9545,25.0163,90144400
2008-05-22,24.9714,25.1933,24.6006,24.6511,74709200
2008-05-23,24.8562,24.9152,24.0949,24.2326,49994000
2008-05-27,24.1342,24.2550,23.8870,24.0752,51455400
2008-05-28,23.9460,24.5893,23.7999,24.5837,52428400
2008-05-29,24.3337,24.4685,23.9123,23.9123,71883800
2008-05-30,24.0977,24.2691,23.9825,24.1595,53572600
2008-06-02,24.0415,24.5360,24.0163,24.3028,50623800
2008-06-03,24.1876,24.5107,23.7662,23.7803,77687800
2008-06-04,23.7410,24.0022,23.4263,23.4263,63250600
2008-06-05,23.6398,24.6483,23.6370,24.6483,69828600
2008-06-06,24.8056,25.2046,24.1483,24.1651,93650000
2008-06-09,24.3281,24.9826,24.3281,24.8759,53569800
2008-06-10,24.7747,24.8366,23.9460,24.2635,55989800
2008-06-11,24.4882,24.6680,24.1820,24.4123,61922800
2008-06-12,24.2438,24.2887,23.9741,24.0415,70576000
2008-06-13,23.9713,24.3955,23.8926,24.3281,33191600
2008-06-16,24.4685,24.6034,24.3562,24.4152,32483800
2008-06-17,24.3168,24.9012,24.3168,24.8197,40344000
2008-06-18,24.7635,24.9602,24.5219,24.9152,42916400
2008-06-19,25.1006,25.1709,24.3168,24.3168,80901400
2008-06-20,24.5613,24.6374,24.0008,24.1529,65453200
2008-06-23,24.1219,25.1106,24.1135,25.1078,65764200
2008-06-24,24.9078,24.9500,24.6177,24.6317,66276000
2008-06-25,24.7106,24.8430,23.9614,24.5388,80067600
2008-06-26,24.6148,24.7303,23.9980,24.3613,64154200
2008-06-27,24.4036,24.6881,24.3388,24.5754,46935600
2008-06-30,24.8007,25.0711,24.7191,24.9219,59832000
2008-07-01,24.8345,25.0796,24.5810,25.0261,63893000
2008-07-02,25.1134,25.3951,24.0909,24.2712,73395400
2008-07-03,24.2994,24.4177,23.5445,23.9135,65181800
2008-07-07,23.7389,24.1276,23.1107,23.3135,79041400
2008-07-08,23.0967,23.1586,22.4263,22.9277,99812800
2008-07-09,23.1530,23.4318,22.4150,22.4911,64659600
2008-07-10,22.5756,23.2431,22.2319,23.1812,75233200
2008-07-11,23.2375,23.3671,22.6488,23.0403,67957800
2008-07-14,23.0967,23.4544,22.8939,23.1924,43191000
2008-07-15,23.1023,23.1952,22.1615,22.2150,65259400
2008-07-16,22.1643,22.2432,21.3841,21.6433,98724200
2008-07-17,21.8545,22.0827,20.8574,21.2884,106995000
2008-07-18,21.4095,21.8799,21.2912,21.6602,79220000
2008-07-21,21.8292,22.3080,21.5447,22.3080,68166200
2008-07-22,22.0432,22.2122,21.4996,21.5672,97812400
2008-07-23,21.5531,21.7221,20.6715,20.7842,111284200
2008-07-24,20.8884,21.0715,20.2378,20.7335,104924400
2008-07-25,20.6884,21.1841,20.6293,20.7898,74391600
2008-07-28,20.9504,21.2856,20.8011,20.8715,48087600
2008-07-29,20.7757,20.8461,20.3617,20.6236,57967800
2008-07-30,20.6321,21.8545,20.4884,21.8517,88865200
2008-07-31,21.5700,21.6010,20.7785,20.9560,66341000
2008-08-01,20.9701,21.5109,20.8884,20.9532,59539800
2008-08-04,20.9842,20.9982,19.7983,19.9673,96359600
2008-08-05,19.8406,20.2180,19.6688,20.1166,87812400
2008-08-06,20.1335,20.5926,20.0800,20.5757,77053000
2008-08-07,20.7757,20.8349,20.2406,20.3363,67407000
2008-08-08,20.0800,20.1927,19.6378,19.9927,75292400
2008-08-11,20.1927,20.2828,19.6209,19.9842,66751800
2008-08-12,20.1645,20.2349,19.8913,19.9955,62058200
2008-08-13,19.9335,20.7053,19.9335,20.7025,88254600
2008-08-14,20.5588,20.6631,20.0997,20.3222,72349800
2008-08-15,20.2349,20.2434,19.7617,19.9420,83507400
2008-08-18,20.0913,20.3053,19.2519,19.6885,64136800
2008-08-19,19.6941,20.4180,19.6772,20.3955,88471200
2008-08-20,20.6236,21.0546,20.3842,20.9842,93456200
2008-08-21,21.2546,21.6066,21.0996,21.5109,66346200
2008-08-22,21.3165,21.3588,20.8321,21.0180,49947400
2008-08-25,21.0743,21.2236,20.6659,20.7447,44783600
2008-08-26,20.9701,21.2940,20.8771,21.1672,53910600
2008-08-27,21.4264,21.5926,21.2940,21.5024,48113000
2008-08-28,21.6207,21.6630,20.8715,21.1250,56840400
2008-08-29,21.3813,21.4010,20.9419,21.0264,44765800
2008-09-02,20.3082,20.3335,19.8716,19.8716,100913400
2008-09-03,19.7786,20.1561,19.5110,19.7955,100350400
2008-09-04,19.8040,20.0011,19.1139,19.3505,108092200
2008-09-05,19.4603,19.4716,18.8181,19.2716,101422400
2008-09-08,19.7336,19.7983,18.9336,19.1392,100427600
2008-09-09,18.9590,18.9618,17.8154,17.8154,130110200
2008-09-10,18.0633,18.6689,17.9450,18.5168,120754000
2008-09-11,18.3111,18.8576,17.9422,18.7815,103951200
2008-09-12,18.8041,19.4294,18.8012,19.4153,106758000
2008-09-15,18.4830,18.9308,17.9281,17.9281,108897800
2008-09-16,17.4633,18.6858,17.1986,18.6858,122460000
2008-09-17,18.4294,19.0407,17.9591,18.2942,133010400
2008-09-18,18.8660,19.0519,17.9168,18.8407,126511000
2008-09-19,20.1645,22.0691,19.3309,20.1335,92288400
2008-09-22,20.1645,20.5093,19.7802,19.7802,68529600
2008-09-23,19.8283,20.0911,19.1275,19.1275,64386200
2008-09-24,19.4129,19.5061,19.1077,19.1840,59170400
2008-09-25,19.1925,19.7661,19.1868,19.6531,55444400
2008-09-26,19.0992,19.3536,18.6556,19.1303,69241400
2008-09-29,18.6471,18.6471,16.7087,16.8556,91723400
2008-09-30,17.4970,18.1667,17.3586,17.8870,66400600
2008-10-01,17.7174,17.9237,16.9545,17.5931,93231000
2008-10-02,17.3218,17.3557,16.2820,16.5900,93994200
2008-10-03,16.5306,19.7576,16.2452,16.3922,97079200
2008-10-06,15.7564,15.8044,14.4057,15.5105,139090000
2008-10-07,15.9768,16.1859,14.5639,14.6600,96050600
2008-10-08,14.2192,15.4427,13.8914,14.9369,160996400
2008-10-09,15.0471,15.2675,12.7865,12.7865,110524800
2008-10-10,12.1479,12.9250,10.9752,12.2637,186766400
2008-10-13,12.8119,14.5893,12.5520,14.2842,100972600
2008-10-14,14.9002,16.0926,13.6710,14.3011,125450200
2008-10-15,13.6201,13.8009,11.8568,12.2355,119568000
2008-10-16,12.3711,13.0211,11.3765,12.7017,154834800
2008-10-17,12.5831,14.0298,12.3231,12.9815,126661000
2008-10-20,13.4873,14.4933,13.4562,14.4933,90005200
2008-10-21,14.0666,14.4283,13.5325,13.8349,87792200
2008-10-22,13.2810,13.2810,11.9840,12.4898,124200400
2008-10-23,12.5802,13.2273,11.9557,13.1539,174627800
2008-10-24,11.6619,12.8628,11.6421,12.3344,108626800
2008-10-27,12.2072,12.8515,11.5234,11.5460,93196800
2008-10-28,12.2835,13.3065,11.6025,13.3065,125925600
2008-10-29,13.4167,14.2587,13.3064,13.6003,127611400
2008-10-30,13.9564,14.3039,13.3827,14.2276,105421200
2008-10-31,13.9818,14.8719,13.8123,14.5243,95992600
2008-11-03,14.2983,14.4791,13.8179,14.0751,62059000
2008-11-04,14.4000,15.0612,14.3944,14.9821,67894200
2008-11-05,14.5950,15.0612,14.2446,14.3124,85242200
2008-11-06,14.1711,14.3011,13.2810,13.4506,104532600
2008-11-07,13.6286,14.1090,13.5127,14.0864,67146600
2008-11-10,14.5017,14.6685,13.8546,14.1344,81374200
2008-11-11,13.7727,14.0044,13.4223,13.7275,73709600
2008-11-12,13.3375,13.4336,12.5718,12.6028,79129000
2008-11-13,12.8148,14.1287,12.1535,14.0835,127985200
2008-11-14,13.7049,14.2700,13.2471,13.4986,111201000
2008-11-17,13.3630,13.8349,13.1878,13.2188,89162400
2008-11-18,13.3036,13.7049,12.9758,13.5890,104807000
2008-11-19,13.5551,13.8123,12.8374,12.8854,98284600
2008-11-20,12.5181,12.6254,11.2521,11.2917,132242400
2008-11-21,11.6647,12.6989,11.4499,12.5520,150731800
2008-11-24,12.8911,13.8659,12.6650,13.4590,110990200
2008-11-25,13.6229,13.8038,13.2245,13.6738,93198000
2008-11-26,13.5212,14.5385,13.4082,14.4396,78718000
2008-11-28,14.2587,14.2983,13.8970,14.2079,31942400
2008-12-01,13.6342,13.6342,12.6820,12.6961,74521200
2008-12-02,13.0239,13.1708,12.6396,13.1256,75605800
2008-12-03,12.7950,13.1765,12.6000,13.1341,95997200
2008-12-04,12.9108,13.0747,11.9812,12.2242,98205400
2008-12-05,11.9699,12.4983,11.4528,12.4785,104990800
2008-12-08,12.9843,13.3319,12.8628,13.0324,98376200
2008-12-09,13.0069,13.5269,12.9335,13.1623,86006600
2008-12-10,13.4195,13.9535,13.4138,13.8433,82922400
2008-12-11,13.9564,14.3520,13.6145,13.7784,82029200
2008-12-12,13.2867,13.7699,13.1567,13.6427,81449000
2008-12-15,13.9140,14.0383,13.3234,13.5636,71277000
2008-12-16,13.9846,14.1061,13.6201,13.9846,81836800
2008-12-17,13.9564,14.2813,13.8236,13.8942,82104800
2008-12-18,13.8462,13.8886,12.9391,13.0860,99837200
2008-12-19,13.1085,13.4692,13.0233,13.0659,87478600
2008-12-22,13.1482,13.1965,12.4751,12.6767,63606600
2008-12-23,12.7648,12.9210,12.5432,12.7051,55987600
2008-12-24,12.6000,12.7080,12.5035,12.6569,12669200
2008-12-26,12.7648,12.9097,12.6540,12.8273,11565600
2008-12-29,13.1369,13.2022,12.9409,13.1085,29313200
2008-12-30,13.1426,13.4493,13.0261,13.4266,32908800
2008-12-31,13.3897,13.7504,13.2789,13.5686,46827600
2009-01-02,13.6908,14.3923,13.6567,14.2446,68567400
2009-01-05,14.2134,14.8241,14.1793,14.5798,95289000
2009-01-06,14.8014,15.1081,14.6480,14.7389,96745000
2009-01-07,14.5145,14.5145,13.9748,14.1140,78427000
2009-01-08,14.0373,14.3185,13.9634,14.2958,66533600
2009-01-09,14.2901,14.3043,13.7618,13.8157,79913600
2009-01-12,13.6254,13.6510,13.2022,13.2704,68882200
2009-01-13,13.2931,13.6709,13.2590,13.6027,93531800
2009-01-14,13.3840,13.3982,12.8273,12.9523,81218200
2009-01-15,12.9295,13.1426,12.4978,13.1142,88215400
2009-01-16,13.3528,13.4550,12.9040,13.2193,87339600
2009-01-20,12.9920,13.3102,12.4864,12.5148,89839400
2009-01-21,12.6909,13.3925,12.6199,13.3556,84770200
2009-01-22,13.0517,13.2619,12.7137,12.9892,107140400
2009-01-23,12.6767,13.5487,12.5972,13.3670,88452600
2009-01-26,13.4635,13.9606,13.3982,13.6141,86314400
2009-01-27,13.5487,13.7589,13.3925,13.6368,77673600
2009-01-28,13.8754,14.1140,13.6396,14.0089,78603600
2009-01-29,13.7220,13.8129,13.4493,13.5147,87422800
2009-01-30,13.7419,13.8186,13.2306,13.3272,85838800
2009-02-02,13.0488,13.2363,12.9579,13.1142,61179600
2009-02-03,13.1852,13.4266,13.0573,13.3414,62642000
2009-02-04,13.4635,13.6510,13.3272,13.4664,72235400
2009-02-05,13.3726,13.8441,13.2193,13.7959,85168400
2009-02-06,13.6368,14.1452,13.5914,14.0515,77044000
2009-02-09,14.1197,14.4207,13.9805,14.1026,68026600
2009-02-10,14.1708,14.3014,13.3243,13.4465,113454600
2009-02-11,13.5487,13.6709,13.0318,13.2931,85024800
2009-02-12,13.0432,13.3471,12.8756,13.3158,90264600
2009-02-13,13.3016,13.5544,13.2590,13.3471,74918600
2009-02-17,12.8812,12.9551,12.4012,12.4239,103792600
2009-02-18,12.4978,12.5631,12.2109,12.3529,85612800
2009-02-19,12.4864,12.6057,12.2933,12.3558,67991000
2009-02-20,12.1058,12.2109,11.7508,12.0376,89403000
2009-02-23,12.2564,12.3018,11.4412,11.4752,68967000
2009-02-24,11.5974,12.0831,11.5178,12.0149,67763200
2009-02-25,12.0092,12.2450,11.6911,11.9439,87614800
2009-02-26,12.1626,12.4239,11.9581,11.9723,64285400
2009-02-27,11.7110,12.0859,11.5548,11.6826,86158200
2009-03-02,11.4156,11.4866,10.7935,10.8276,93377800
2009-03-03,11.0265,11.2196,10.7651,10.8816,90922200
2009-03-04,11.2594,11.6372,11.1486,11.4014,92007600
2009-03-05,11.1514,11.3020,10.7936,10.8986,90310000
2009-03-06,11.0691,11.3417,10.6231,11.0179,95548400
2009-03-09,10.8930,11.3986,10.8191,11.0378,84001400
2009-03-10,11.3275,11.7394,11.2622,11.5974,83388200
2009-03-11,11.6684,11.8246,11.3389,11.5491,76690000
2009-03-12,11.6599,11.9468,11.4554,11.8956,63845200
2009-03-13,11.9780,12.0263,11.6343,11.7877,59145800
2009-03-16,11.7820,12.2223,11.7337,11.9382,56123000
2009-03-17,11.9183,12.7392,11.7962,12.3501,55410200
2009-03-18,12.1825,12.6199,11.9013,12.4751,84792400
2009-03-19,12.8954,13.0716,12.7335,12.7761,79527000
2009-03-20,12.8704,12.9103,12.2366,12.2765,75273200
2009-03-23,12.5706,13.2986,12.5420,13.2872,93572200
2009-03-24,13.0902,13.2244,12.8675,13.0360,59595400
2009-03-25,12.9988,13.2215,12.6248,12.9731,66918400
2009-03-26,13.1816,13.3186,12.9303,13.0845,68444800
2009-03-27,12.8047,12.8561,12.6220,12.6962,57336600
2009-03-30,12.3764,12.3879,12.0167,12.2251,54638200
2009-03-31,12.4164,12.4393,12.1166,12.1224,78684000
2009-04-01,11.8483,12.4678,11.8397,12.3793,66401200
2009-04-02,12.8418,13.1016,12.7933,12.8875,70610200
2009-04-03,12.8390,13.2301,12.7990,13.1387,55045400
2009-04-06,12.9674,12.9846,12.6819,12.8732,52423400
2009-04-07,12.5991,12.6334,12.4193,12.4878,44630200
2009-04-08,12.5135,12.7762,12.2623,12.6477,47116600
2009-04-09,12.9960,13.0816,12.8561,13.0188,40653400
2009-04-13,12.7533,12.9960,12.5677,12.8761,35503600
2009-04-14,12.7933,13.0531,12.6705,12.8418,42165000
2009-04-15,12.7876,12.9189,12.6505,12.8589,42437000
2009-04-16,12.9817,13.0245,12.6591,12.9189,35525800
2009-04-17,12.9503,13.1359,12.8675,13.0702,44136600
2009-04-20,12.7447,12.7733,12.3650,12.4364,36891800
2009-04-21,12.2965,12.7133,12.2451,12.6819,16007400
2009-04-22,12.5449,12.8247,12.4849,12.5478,42870200
2009-04-23,12.7333,12.8018,12.5306,12.7819,38427600
2009-04-24,12.9960,13.2586,12.9731,13.1530,47660400
2009-04-27,12.8704,13.0360,12.7647,12.9046,36723800
2009-04-28,12.7191,13.0931,12.7048,12.9332,31412400
2009-04-29,13.0616,13.6326,13.0331,13.2900,42310600
2009-04-30,13.4442,13.4499,12.8875,13.0702,59166600
2009-05-01,13.1216,13.5984,13.0588,13.4928,43703400
2009-05-04,13.6441,14.0495,13.5927,14.0324,56332400
2009-05-05,13.9781,14.0266,13.6241,13.8439,35813400
2009-05-06,14.0952,14.4635,14.0438,14.3807,43682200
2009-05-07,14.7090,14.7347,14.0038,14.1951,46984200
2009-05-08,14.4121,14.9460,14.4064,14.8004,56479600
2009-05-11,14.5605,14.5862,14.2208,14.3493,36681600
2009-05-12,14.5377,14.5634,14.1351,14.4406,46931000
2009-05-13,14.2408,14.3064,13.8582,13.9638,60138400
2009-05-14,13.8553,14.1351,13.7297,14.0038,35979000
2009-05-15,13.9353,14.0638,13.5870,13.7040,60101200
2009-05-18,13.9153,14.1951,13.9039,14.1780,33953800
2009-05-19,14.2037,14.3921,14.1123,14.2465,32915400
2009-05-20,14.4492,14.7061,14.2550,14.2950,44500400
2009-05-21,14.0809,14.0923,13.7155,13.8725,51213600
2009-05-22,13.9610,14.1209,13.8468,13.8782,27292000
2009-05-26,13.7868,14.2122,13.6041,14.1722,53813800
2009-05-27,14.2322,14.4178,13.9981,14.0181,41742600
2009-05-28,14.1437,14.6205,14.0067,14.4834,51813800
2009-05-29,14.7147,14.8146,14.5520,14.7547,44477400
2009-06-01,15.0402,15.4028,15.0088,15.2971,59445800
2009-06-02,15.2200,15.3628,15.1401,15.2572,40510200
2009-06-03,15.0659,15.0659,14.4520,14.6690,56498000
2009-06-04,14.8432,15.0373,14.7090,15.0002,62122000
2009-06-05,15.1601,16.4762,14.6919,14.8774,46431000
2009-06-08,14.7432,14.9602,14.5577,14.8432,36661600
2009-06-09,15.0116,15.1201,14.8289,14.9888,29609000
2009-06-10,15.2457,15.2886,14.8774,15.1230,50113800
2009-06-11,15.1715,15.6511,15.1458,15.4256,49884800
2009-06-12,15.2543,15.2771,15.0744,15.2771,39909000
2009-06-15,15.0145,15.0230,14.6776,14.8717,38825600
2009-06-16,15.0031,15.0630,14.5120,14.5548,46876600
2009-06-17,14.4463,14.4749,14.1237,14.3179,72678600
2009-06-18,14.2950,14.4635,14.1808,14.2636,46122600
2009-06-19,14.4168,14.4513,14.0094,14.1213,49653600
2009-06-22,13.9032,13.9032,13.3895,13.4154,64228800
2009-06-23,13.4900,13.6191,13.2891,13.4957,50627800
2009-06-24,13.5933,13.7855,13.4613,13.5502,36044600
2009-06-25,13.5101,13.8974,13.4871,13.8343,53431000
2009-06-26,13.7913,13.8429,13.6822,13.7425,24620000
2009-06-29,13.8314,14.0036,13.7941,13.8716,27624400
2009-06-30,13.8716,14.0352,13.5646,13.7884,45739400
2009-07-01,13.9405,14.0954,13.7769,13.7999,40023400
2009-07-02,13.5646,13.5646,13.2374,13.2461,47966800
2009-07-06,12.9476,13.1141,12.7840,13.1112,63343800
2009-07-07,13.0882,13.0997,12.7410,12.7754,43153800
2009-07-08,12.7381,12.9218,12.5287,12.7783,68756200
2009-07-09,12.9103,13.0968,12.7984,12.9103,49091200
2009-07-10,12.7066,12.8500,12.6205,12.8185,50377600
2009-07-13,12.8156,13.0308,12.5688,13.0136,44888200
2009-07-14,13.1600,13.2461,13.0194,13.1887,54760600
2009-07-15,13.4383,13.7081,13.4326,13.6564,59843600
2009-07-16,13.5789,13.9061,13.5100,13.8228,32160800
2009-07-17,13.8142,13.9807,13.6908,13.9032,37788600
2009-07-20,14.0868,14.1930,13.9032,14.1414,39242000
2009-07-21,14.2992,14.3537,14.0352,14.2648,36666800
2009-07-22,14.0524,14.3107,14.0180,14.1356,43119200
2009-07-23,14.1184,14.5919,14.0811,14.5374,43464400
2009-07-24,14.4771,14.7124,14.4197,14.6895,30936600
2009-07-27,14.7239,14.8272,14.5718,14.7382,26397200
2009-07-28,14.5718,14.6321,14.2361,14.5230,38322000
2009-07-29,14.2877,14.2992,14.0151,14.1873,44510600
2009-07-30,14.3222,14.5374,14.2045,14.3853,41371800
2009-07-31,14.3135,14.5919,14.2131,14.5259,35830400
2009-08-03,14.7755,15.0022,14.7526,14.8989,41977800
2009-08-04,14.8243,14.9506,14.7182,14.8731,28837000
2009-08-05,14.8674,14.8674,14.6349,14.7239,32381600
2009-08-06,14.7784,14.7784,14.4886,14.6034,33406200
2009-08-07,14.7756,14.8129,14.5087,14.5862,37257400
2009-08-10,14.5460,14.7382,14.5115,14.6493,28121400
2009-08-11,14.5976,14.6321,14.3767,14.4369,41350400
2009-08-12,14.4054,14.7239,14.3968,14.5919,31199200
2009-08-13,14.7095,14.7870,14.5115,14.7698,33626200
2009-08-14,14.7669,14.7842,14.3910,14.5517,33078000
2009-08-17,14.2016,14.2332,13.9864,14.0811,37469800
2009-08-18,14.1155,14.2848,14.0581,14.2217,25840200
2009-08-19,14.0782,14.5976,14.0323,14.4857,41163600
2009-08-20,14.4886,14.6493,14.4800,14.6091,20052600
2009-08-21,14.7842,15.0797,14.7784,15.0223,43980200
2009-08-24,15.1629,15.3265,15.1572,15.2146,38163200
2009-08-25,15.2634,15.3409,14.9305,14.9822,42513200
2009-08-26,14.8674,15.0883,14.8014,15.0510,32536200
2009-08-27,14.9649,15.1084,14.6694,15.0051,36828200
2009-08-28,15.1142,15.1371,14.8760,14.9735,21096600
2009-08-31,14.7354,14.7842,14.5890,14.6837,26625400
2009-09-01,14.6407,14.8329,14.3939,14.4283,40933200
2009-09-02,14.3480,14.5173,14.3221,14.3221,28713200
2009-09-03,14.4369,14.4915,14.3308,14.4226,18870200
2009-09-04,14.3939,14.6665,14.3795,14.6235,23645600
2009-09-08,14.9219,15.6364,14.8702,15.0252,38221600
2009-09-09,15.0654,15.2117,14.9592,15.0596,26240800
2009-09-10,15.1314,15.3495,15.0223,15.3208,34983000
2009-09-11,15.4097,15.5876,15.2548,15.3810,42355800
2009-09-14,15.2060,15.5044,15.1543,15.4958,31227000
2009-09-15,15.5704,15.6938,15.4355,15.6508,36972000
2009-09-16,15.7684,16.0468,15.7455,16.0382,45770000
2009-09-17,16.0209,16.1501,15.8459,15.9607,34738800
2009-09-18,16.0604,16.0719,15.7664,15.9048,36729600
2009-09-21,15.6425,15.8241,15.5589,15.7693,31133000
2009-09-22,16.0229,16.0748,15.9019,16.0172,27074000
2009-09-23,16.0287,16.0633,15.6742,15.6828,67976400
2009-09-24,15.7117,15.7232,15.3370,15.4580,45889600
2009-09-25,15.4032,15.6310,15.3110,15.4378,40207200
2009-09-28,15.4465,15.7376,15.4177,15.6857,28126000
2009-09-29,15.6742,15.7520,15.5157,15.6425,35139000
2009-09-30,15.7290,15.7318,15.3370,15.5416,50769600
2009-10-01,15.5358,15.5416,15.0574,15.0574,47306800
2009-10-02,14.8585,15.0862,14.7980,14.9795,37126800
2009-10-05,14.9997,15.3744,14.9449,15.3110,33735400
2009-10-06,15.5329,15.7866,15.5157,15.6742,43871200
2009-10-07,15.6281,15.7952,15.5502,15.7952,41166000
2009-10-08,15.8788,16.2478,15.8442,16.2016,73616400
2009-10-09,16.1382,16.2593,16.0662,16.1872,26629200
2009-10-12,16.3141,16.5302,16.3112,16.4063,27144000
2009-10-13,16.4524,16.4639,16.1527,16.4322,41277000
2009-10-14,16.6427,16.7147,16.5389,16.7061,45796000
2009-10-15,16.6052,17.0577,16.5764,17.0548,46201200
2009-10-16,16.9770,17.0779,16.8473,17.0029,44899800
2009-10-19,17.0318,17.2912,16.9626,17.2249,43175800
2009-10-20,17.2796,17.2912,16.8617,17.1154,36996600
2009-10-21,16.9799,17.4555,16.9568,17.0692,52015600
2009-10-22,16.9482,17.1989,16.7695,17.1355,36697200
2009-10-23,17.2307,17.2480,16.6600,16.8041,42302400
2009-10-26,16.8156,17.1961,16.4870,16.5274,53872800
2009-10-27,16.5677,16.8358,16.5014,16.6744,50598400
2009-10-28,16.5879,16.5879,16.0863,16.1238,47924600
2009-10-29,16.2334,16.5879,16.1699,16.5533,43452600
2009-10-30,16.5072,16.5706,15.8183,15.9249,59776600
2009-11-02,16.0374,16.2968,15.7693,16.0258,58815200
2009-11-03,15.8241,16.3371,15.7635,16.2334,40061600
2009-11-04,16.4294,16.5216,16.1815,16.2189,52054000
2009-11-05,16.3054,16.5447,16.2305,16.4957,37093800
2009-11-06,16.3314,16.6196,16.2824,16.4524,43677600
2009-11-09,16.6801,16.7896,16.6340,16.7666,33857400
2009-11-10,16.7176,16.8559,16.5936,16.7781,35903800
2009-11-11,16.9309,16.9943,16.6859,16.7724,36047200
2009-11-12,16.6888,16.7925,16.3371,16.4034,50834400
2009-11-13,16.4409,16.6398,16.2824,16.5072,38712800
2009-11-16,16.7061,17.0433,16.6686,16.9395,41948200
2009-11-17,16.8992,16.9597,16.7724,16.9107,33699200
2009-11-18,16.9914,17.0001,16.7291,16.8444,34286600
2009-11-19,16.7176,16.7349,16.3631,16.4668,44870400
2009-11-20,16.3746,16.4034,16.1815,16.3141,33801600
2009-11-23,16.6225,16.7810,16.4755,16.5245,35071200
2009-11-24,16.5475,16.6254,16.3083,16.6196,31882400
2009-11-25,16.6513,16.8127,16.4928,16.7493,29218200
2009-11-27,16.2622,16.4640,16.1700,16.4351,25622400
2009-11-30,16.3429,16.5245,16.2449,16.3775,38884600
2009-12-01,16.5965,16.7291,16.5591,16.5937,31061400
2009-12-02,16.5937,16.6744,16.4207,16.4957,31288600
2009-12-03,16.4899,16.5360,16.2161,16.2305,39432200
2009-12-04,16.4351,16.6109,16.0085,16.1123,60389000
2009-12-07,15.9826,16.2708,15.9826,16.0748,27159400
2009-12-08,15.9912,15.9999,15.7059,15.8010,40475400
2009-12-09,15.8558,15.9451,15.6136,15.8010,50632600
2009-12-10,15.9307,16.0662,15.8529,15.9970,30380000
2009-12-11,16.0806,16.1209,15.9019,16.0057,31250600
2009-12-14,16.2535,16.2852,16.1526,16.1699,31263000
2009-12-15,16.1613,16.3227,16.1238,16.2218,26852400
2009-12-16,16.3285,16.5014,16.2824,16.3256,37594200
2009-12-17,16.2276,16.3429,16.1440,16.1872,30876400
2009-12-18,16.3594,16.4202,16.1942,16.2724,41544400
2009-12-21,16.3884,16.5391,16.3797,16.4666,32098200
2009-12-22,16.5014,16.6202,16.4463,16.5449,20155200
2009-12-23,16.5999,16.7216,16.5622,16.6753,26062400
2009-12-24,16.7332,16.7912,16.6927,16.7535,5590600
2009-12-28,16.8810,16.8839,16.7129,16.7825,11669200
2009-12-29,16.8520,16.8549,16.6289,16.6724,17026800
2009-12-30,16.6115,16.6753,16.5536,16.6550,14507200
2009-12-31,16.6898,16.7303,16.5043,16.5217,11897800
2010-01-04,16.7854,17.0433,16.7477,17.0433,33856800
2010-01-05,17.0665,17.2172,16.9883,17.1824,34736200
2010-01-06,17.1911,17.4403,17.1534,17.3882,48703800
2010-01-07,17.3128,17.3911,17.1853,17.3621,34899000
2010-01-08,17.3012,17.4896,17.2404,17.4751,26688600
2010-01-11,17.5881,17.6403,17.3099,17.4519,38919800
2010-01-12,17.1853,17.3041,17.1100,17.1998,43021200
2010-01-13,17.1911,17.3302,16.9593,17.2636,44275000
2010-01-14,17.2607,17.3563,17.1940,17.3128,31090800
2010-01-15,17.2926,17.3302,17.0549,17.1737,38110400
2010-01-19,17.1274,17.3592,17.0955,17.3302,29226200
2010-01-20,17.1448,17.1448,16.9303,17.0607,31283400
2010-01-21,17.0752,17.1274,16.6724,16.7129,50413200
2010-01-22,16.6318,16.7274,16.2695,16.3159,46057200
2010-01-25,16.4260,16.5825,16.3710,16.4231,31802400
2010-01-26,16.2869,16.6057,16.2058,16.3188,43030600
2010-01-27,16.2724,16.4173,15.9913,16.2551,53233400
2010-01-28,16.3739,16.4087,15.8812,16.0841,68861400
2010-01-29,16.2029,16.3623,15.7131,15.7943,65605400
2010-02-01,15.9826,16.3188,15.9710,16.3159,43626600
2010-02-02,16.3768,16.5593,16.2435,16.5304,44501600
2010-02-03,16.4840,16.6202,16.3507,16.3884,39498600
2010-02-04,16.2579,16.2637,15.7073,15.7160,74346400
2010-02-05,15.7131,15.7885,15.2639,15.7189,92756800
2010-02-08,15.7218,15.9073,15.5711,15.5740,48230200
2010-02-09,15.7885,16.1015,15.7392,15.9015,67116200
2010-02-10,15.9073,15.9334,15.5856,15.8348,48364600
2010-02-11,15.8030,16.1391,15.7334,16.1044,45889000
2010-02-12,15.9102,16.1188,15.8059,16.1101,39667800
2010-02-16,16.3159,16.5478,16.2985,16.4898,39669800
2010-02-17,16.5362,16.5709,16.3565,16.4666,36275600
2010-02-18,16.4492,16.5999,16.3681,16.5593,33145400
2010-02-19,16.4985,16.6811,16.4202,16.6231,32996600
2010-02-22,16.6637,16.6666,16.3594,16.3942,34699400
2010-02-23,16.3159,16.3565,16.0464,16.1217,42202400
2010-02-24,16.1160,16.2840,16.0667,16.2232,35260600
2010-02-25,15.9913,16.2406,15.8580,16.2319,41896200
2010-02-26,16.2695,16.3275,16.1275,16.2695,34493600
2010-03-01,16.3449,16.4608,16.3304,16.4202,27932000
2010-03-02,16.5275,16.6811,16.4927,16.5564,33492600
2010-03-03,16.6202,16.7738,16.6202,16.6289,33534600
2010-03-04,16.6550,16.7071,16.4724,16.5420,32662000
2010-03-05,16.7043,16.8897,16.6869,16.8521,30670400
2010-03-08,16.8984,16.9564,16.7535,16.8260,25224000
2010-03-09,16.7361,16.9187,16.7129,16.8260,33407600
2010-03-10,16.8434,16.9969,16.7651,16.9738,34744400
2010-03-11,16.9100,16.9767,16.8578,16.9448,26066600
2010-03-12,17.0549,17.0549,16.8810,16.9535,27319600
2010-03-15,16.8897,16.9129,16.6028,16.7796,36747200
2010-03-16,16.8636,16.9477,16.7303,16.9303,38322600
2010-03-17,17.0143,17.2201,16.9912,17.1158,43343600
2010-03-18,17.1158,17.1419,16.7680,16.8607,39453800
2010-03-19,16.6580,16.9401,16.5068,16.6580,44824800
2010-03-22,16.4486,16.6900,16.3818,16.6144,39713000
2010-03-23,16.6522,16.7046,16.5446,16.6784,34841400
2010-03-24,16.5679,16.7278,16.5301,16.5824,41494000
2010-03-25,16.7017,16.7424,16.2771,16.3033,44246000
2010-03-26,16.3585,16.4138,16.2044,16.3091,42987800
2010-03-29,16.4138,16.6580,16.4021,16.6261,38952000
2010-03-30,16.6639,16.6842,16.5504,16.6522,26115600
2010-03-31,16.6842,16.8034,16.6144,16.7278,30335400
2010-04-01,16.8936,17.0623,16.8791,17.0245,35980200
2010-04-05,17.1292,17.3589,17.0710,17.3269,34911400
2010-04-06,17.3037,17.3851,17.2339,17.3269,27071600
2010-04-07,17.2862,17.2978,17.0565,17.1553,39071600
2010-04-08,17.0274,17.2717,16.9460,17.2164,38919400
2010-04-09,17.3298,17.4287,17.3037,17.3996,34977200
2010-04-12,17.3851,17.5596,17.3793,17.4403,30055600
2010-04-13,17.4171,17.4607,17.1961,17.3793,27711000
2010-04-14,17.4665,17.5596,17.3124,17.5450,29171200
2010-04-15,17.5247,17.6061,17.4694,17.5421,27894400
2010-04-16,17.4432,17.5218,17.1321,17.2455,73328400
2010-04-19,17.0885,17.2746,17.0361,17.2688,42298200
2010-04-20,17.3996,17.6701,17.3851,17.6061,39333200
2010-04-21,17.6119,17.7195,17.4607,17.5887,37143200
2010-04-22,17.4403,17.6352,17.3095,17.6323,21374000
2010-04-23,17.6381,18.0569,17.6148,18.0569,52021800
2010-04-26,18.0889,18.1179,17.9667,17.9958,34525600
2010-04-27,17.8708,18.0045,17.3996,17.4432,82804800
2010-04-28,17.5625,17.6672,17.3822,17.6206,46190000
2010-04-29,17.7108,17.8533,17.5218,17.6410,57721400
2010-04-30,17.6817,17.6905,17.3124,17.4229,45833000
2010-05-03,17.4985,17.7602,17.3007,17.6206,33379800
2010-05-04,17.3880,17.4025,16.9692,17.1495,61168800
2010-05-05,16.8354,17.1146,16.7278,16.8791,70413000
2010-05-06,16.7278,16.9198,15.2069,16.3033,94401400
2010-05-07,16.2567,16.4690,15.7885,15.9921,98981800
2010-05-10,16.6144,16.7395,16.4370,16.6755,59433800
2010-05-11,16.5010,16.8180,16.4865,16.5650,45673200
2010-05-12,16.5999,16.8500,16.5999,16.7947,37616200
2010-05-13,16.7686,16.8994,16.6086,16.6871,42234600
2010-05-14,16.5330,16.5824,16.0997,16.3556,56791400
2010-05-17,16.4079,16.4545,15.8379,16.1869,63878600
2010-05-18,16.4225,16.5359,15.9688,16.0619,61329800
2010-05-19,15.9688,16.0880,15.6053,15.8787,60211200
2010-05-20,15.4715,15.5209,15.1225,15.1691,89767600
2010-05-21,14.8695,15.4686,14.8346,15.4337,80312000
2010-05-24,15.4017,15.4424,15.0585,15.0818,54698400
2010-05-25,14.6776,15.1225,14.5845,15.1167,86228000
2010-05-26,15.2941,15.4366,15.0353,15.0847,59695200
2010-05-27,15.4657,15.7449,15.4104,15.7245,60610400
2010-05-28,15.6867,15.7071,15.3116,15.4279,52657400
2010-06-01,15.1720,15.2796,14.6689,14.6950,72695200
2010-06-02,14.7968,15.3552,14.7706,15.3319,55296400
2010-06-03,15.4919,15.5704,15.1603,15.5384,67379800
2010-06-04,15.2069,15.5413,14.8840,14.9917,59718800
2010-06-07,15.0527,15.2272,14.8317,14.8608,48249600
2010-06-08,14.8841,15.1545,14.7416,15.1080,70188800
2010-06-09,15.2592,15.4948,14.8724,14.9509,61359800
2010-06-10,15.3494,15.7332,15.3145,15.7013,51986800
2010-06-11,15.4802,15.8059,15.4802,15.7972,30326200
2010-06-14,15.9921,16.1084,15.7071,15.7158,47629000
2010-06-15,15.8786,16.1985,15.8379,16.1753,34142400
2010-06-16,16.0619,16.2742,15.9950,16.1637,28992600
2010-06-17,16.2131,16.2131,15.9717,16.1462,34826000
2010-06-18,16.1439,16.2724,16.0270,16.2461,27196400
2010-06-21,16.5149,16.5646,16.0884,16.2111,33251400
2010-06-22,16.1994,16.2081,15.6852,15.7378,43145200
2010-06-23,15.7173,15.7319,15.5274,15.6180,35639200
2010-06-24,15.5245,15.6209,15.2207,15.2908,33908000
2010-06-25,15.3142,15.4719,15.1243,15.3346,40874800
2010-06-28,15.4047,15.4047,15.1097,15.1272,31908800
2010-06-29,14.9139,14.9169,14.5195,14.6276,44985200
2010-06-30,14.6043,14.8263,14.4816,14.5137,33385600
2010-07-01,14.5634,14.6452,14.1865,14.4611,51605200
2010-07-02,14.5517,14.6160,14.3034,14.4261,22839200
2010-07-06,14.6773,14.8292,14.4056,14.5663,34598000
2010-07-07,14.6422,15.0892,14.6072,15.0805,37817400
2010-07-08,15.2558,15.3376,15.0191,15.2937,29743000
2010-07-09,15.2791,15.3960,15.2148,15.3726,18225800
2010-07-12,15.3142,15.4456,15.1886,15.3317,16413800
2010-07-13,15.5362,15.6326,15.4602,15.5158,28330200
2010-07-14,15.4456,15.5830,15.3375,15.4982,23880200
2010-07-15,15.4778,15.5420,15.2178,15.4807,29824600
2010-07-16,15.3463,15.4047,15.0016,15.1126,36261600
2010-07-19,15.1739,15.2966,15.0483,15.2090,25082600
2010-07-20,14.9928,15.5771,14.9899,15.5567,33496400
2010-07-21,15.6560,15.6560,15.1886,15.3025,45027600
2010-07-22,15.5158,15.7816,15.4719,15.6414,45984400
2010-07-23,15.6063,15.7144,15.4252,15.7115,36051600
2010-07-26,15.7203,15.8751,15.6735,15.8488,23881600
2010-07-27,15.9189,15.9452,15.6355,15.7728,32817800
2010-07-28,15.7349,15.8517,15.6881,15.7378,21551400
2010-07-29,15.8430,15.9861,15.6063,15.7612,29114600
2010-07-30,15.6005,15.8108,15.5508,15.7290,23632200
2010-08-02,16.0241,16.3279,16.0007,16.2782,55158000
2010-08-03,16.2111,16.3776,16.1380,16.2724,28509000
2010-08-04,16.3162,16.4389,16.2374,16.3980,26215400
2010-08-05,16.2899,16.4506,16.2140,16.4506,17817400
2010-08-06,16.2461,16.3367,16.0182,16.2549,36234800
2010-08-09,16.3308,16.3805,16.2227,16.3221,13428400
2010-08-10,16.1322,16.2666,16.0241,16.1877,24521000
2010-08-11,15.8897,15.9131,15.6531,15.7056,37659400
2010-08-12,15.4749,15.7349,15.4544,15.6122,30510800
2010-08-13,15.5771,15.7290,15.5391,15.5859,18199400
2010-08-16,15.5011,15.6268,15.4106,15.5829,20571400
2010-08-17,15.7407,15.9248,15.6648,15.8430,36034800
2010-08-18,15.7991,15.8225,15.5479,15.6910,37387800
2010-08-19,15.6151,15.6443,15.3492,15.4369,32998200
2010-08-20,15.3522,15.3638,15.1243,15.2470,24849400
2010-08-23,15.2762,15.4018,15.2411,15.2528,16351600
2010-08-24,15.0454,15.2178,14.9636,15.0162,29477600
2010-08-25,14.9315,15.0162,14.7299,14.9694,38673400
2010-08-26,15.0542,15.1038,14.7503,14.8351,21953600
2010-08-27,14.9227,15.2499,14.7036,15.2207,39417400
2010-08-30,15.1915,15.2616,14.9957,14.9987,18313200
2010-08-31,14.9315,15.0746,14.8438,14.9578,35157400
2010-09-01,15.2061,15.5537,15.1827,15.5158,38265800
2010-09-02,15.5362,15.6735,15.4486,15.6443,19697400
2010-09-03,15.7845,15.9043,15.7027,15.8342,26494200
2010-09-07,15.7144,15.7319,15.5479,15.5976,22814000
2010-09-08,15.6151,15.8108,15.6063,15.7319,18584400
2010-09-09,15.9248,15.9540,15.7057,15.7641,15673400
2010-09-10,15.8576,15.9598,15.8283,15.9277,15190600
2010-09-13,16.0679,16.0884,15.9423,16.0562,18263200
2010-09-14,16.0241,16.1351,15.9335,16.0007,27955800
2010-09-15,15.8926,15.9715,15.8021,15.9686,28226000
2010-09-16,15.8897,15.9627,15.7991,15.8955,33517600
2010-09-17,15.9422,15.9686,15.7632,15.8160,28705800
2010-09-20,15.8659,16.1447,15.7955,16.0831,38781800
2010-09-21,16.1036,16.1917,15.9569,16.0948,33533000
2010-09-22,16.0625,16.2504,15.9657,15.9774,32318000
2010-09-23,15.8366,16.0126,15.7955,15.8776,24716800
2010-09-24,16.0537,16.3003,15.9862,16.2210,49249000
2010-09-27,16.2621,16.3179,16.1594,16.1594,21783000
2010-09-28,16.1741,16.3325,16.0097,16.2738,33159200
2010-09-29,16.2474,16.5233,16.2152,16.4470,42985800
2010-09-30,16.5761,16.6554,16.2885,16.4529,46339600
2010-10-01,16.6114,16.7141,16.5116,16.6730,40019800
2010-10-04,16.5938,16.6965,16.3414,16.4646,29505400
2010-10-05,16.6436,16.9137,16.6114,16.8520,43231600
2010-10-06,16.8520,17.0545,16.8461,17.0017,28210200
2010-10-07,17.0721,17.0927,16.7904,16.9166,27125600
2010-10-08,16.9019,17.1925,16.8638,17.1279,31677600
2010-10-11,17.1396,17.2629,17.1103,17.1749,16092000
2010-10-12,17.1015,17.2247,16.9136,17.1484,33330200
2010-10-13,17.2512,17.4449,17.2159,17.3568,29362800
2010-10-14,17.3010,17.4507,17.1895,17.3304,23005600
2010-10-15,17.4273,17.4537,17.1866,17.3774,30153600
2010-10-18,17.3333,17.5535,17.2805,17.4243,21854400
2010-10-19,17.2423,17.2746,16.9342,17.0780,38568400
2010-10-20,17.1367,17.4067,17.0721,17.2981,25257200
2010-10-21,17.3480,17.4859,17.1015,17.2893,26826000
2010-10-22,17.3774,17.4595,17.3216,17.4038,13117600
2010-10-25,17.5388,17.6943,17.4214,17.4507,22706400
2010-10-26,17.4008,17.5065,17.3480,17.4859,21375800
2010-10-27,17.3275,17.4302,17.1514,17.4126,25804800
2010-10-28,17.5270,17.5711,17.3069,17.3744,23175600
2010-10-29,17.2834,17.4038,17.2453,17.3862,18718400
2010-11-01,17.5593,17.6591,17.3363,17.4067,24041200
2010-11-02,17.5358,17.6797,17.4742,17.5975,20455000
2010-11-03,17.6562,17.6708,17.3715,17.6356,45454800
2010-11-04,17.8939,18.2021,17.8939,18.1962,38657000
2010-11-05,18.1786,18.2872,18.1228,18.2872,29371800
2010-11-08,18.1815,18.3664,18.1698,18.3429,23977400
2010-11-09,18.4280,18.5660,18.1991,18.3077,40127600
2010-11-10,18.3664,18.5513,18.1756,18.5425,35556600
2010-11-11,18.4574,18.7509,18.4457,18.7479,36081400
2010-11-12,18.5425,18.6305,18.3077,18.4721,35748600
2010-11-15,18.5865,18.5953,18.3752,18.3782,21502600
2010-11-16,18.1933,18.1991,17.8910,18.0348,47399600
2010-11-17,17.9907,18.2255,17.9379,18.1081,33635600
2010-11-18,18.2842,18.5660,18.2842,18.5073,32105000
2010-11-19,18.4545,18.6687,18.3165,18.6628,22721600
2010-11-22,18.5601,18.6159,18.2402,18.6041,36263000
2010-11-23,18.3371,18.3459,18.0729,18.2402,45070000
2010-11-24,18.3664,18.5895,18.3547,18.5689,45245200
2010-11-26,18.3870,18.5014,18.2989,18.3459,13178800
2010-11-29,18.2549,18.5102,18.0876,18.4691,29468800
2010-11-30,18.2285,18.5542,18.1727,18.4046,38537600
2010-12-01,18.7068,18.9945,18.7068,18.9504,39947600
2010-12-02,18.9446,19.2439,18.9416,19.2322,35355200
2010-12-03,19.1177,19.3525,19.1089,19.3173,20023400
2010-12-06,19.3026,19.4288,19.2880,19.3819,23980400
2010-12-07,19.6343,19.6636,19.2615,19.3085,45864800
2010-12-08,19.3290,19.4171,19.0972,19.2175,25520400
2010-12-09,19.3144,19.3555,19.0884,19.2615,21904800
2010-12-10,19.3056,19.3613,19.2205,19.3408,17352200
2010-12-13,19.4611,19.6548,19.4347,19.5051,25768800
2010-12-14,19.5286,19.5814,19.3496,19.4142,23029200
2010-12-15,19.3320,19.4817,19.2527,19.3085,22232200
2010-12-16,19.3026,19.4230,19.1500,19.4171,22051600
2010-12-17,19.4121,19.4504,19.3354,19.4239,22644800
2010-12-20,19.4976,19.6125,19.3885,19.5506,20469400
2010-12-21,19.6597,19.7717,19.5978,19.7481,17402000
2010-12-22,19.8071,19.8366,19.7481,19.8159,15711000
2010-12-23,19.7953,19.8956,19.7835,19.8720,9052000
2010-12-27,19.7776,19.8366,19.7246,19.8012,8286400
2010-12-28,19.8277,19.9073,19.7865,19.8749,10298200
2010-12-29,19.9427,20.1225,19.9073,20.0724,11065400
2010-12-30,20.0901,20.1844,20.0194,20.0901,11953400
2010-12-31,20.0842,20.1933,20.0253,20.1196,8889000
2011-01-03,20.3112,20.3967,20.2228,20.2699,20391600
2011-01-04,20.3967,20.3967,19.9044,20.0960,29084000
2011-01-05,19.9958,20.2110,19.9191,20.1756,22572400
2011-01-06,20.2434,20.2522,19.8985,19.9840,22898400
2011-01-07,19.9928,20.1756,19.9280,20.1284,22160600
2011-01-10,20.0665,20.0872,19.8955,20.0488,21608400
2011-01-11,20.1785,20.4055,20.1520,20.3820,22730600
2011-01-12,20.5618,20.6738,20.4674,20.6620,22053200
2011-01-13,20.6944,20.7387,20.5293,20.6030,23043800
2011-01-14,20.5765,20.8330,20.4822,20.8271,28010800
2011-01-18,20.8123,20.9686,20.7475,20.9568,25070400
2011-01-19,20.9922,21.0010,20.6679,20.7033,30234000
2011-01-20,20.5441,20.6178,20.2611,20.5559,46345000
2011-01-21,20.7652,20.8182,20.5500,20.6649,29148000
2011-01-24,20.6325,20.7888,20.5529,20.7416,26197000
2011-01-25,20.6944,20.7269,20.4468,20.6826,31635400
2011-01-26,20.7534,21.2339,20.7386,21.1779,48443200
2011-01-27,21.1661,21.2103,20.9450,21.0541,29977200
2011-01-28,21.0187,21.1219,20.8860,20.9627,47383200
2011-01-31,21.1425,21.5641,21.0747,21.5641,50229800
2011-02-01,21.6496,21.9355,20.9951,21.9149,40886400
2011-02-02,21.8146,22.0593,21.7645,21.8972,27115200
2011-02-03,21.9031,21.9443,21.6319,21.9090,29031000
2011-02-04,21.9591,21.9827,21.7350,21.8530,26557200
2011-02-07,21.9444,22.1743,21.9414,21.9797,32347200
2011-02-08,21.9444,21.9797,21.7115,21.9060,31192000
2011-02-09,21.8087,21.8883,21.4756,21.6289,32643400
2011-02-10,21.5228,21.8854,21.4992,21.8500,33611400
2011-02-11,21.7616,21.9650,21.7026,21.8471,37725400
2011-02-14,21.8087,22.3541,21.8087,22.3276,30430800
2011-02-15,22.2922,22.3335,22.0004,22.0947,22887200
2011-02-16,22.2126,22.4131,22.1389,22.3895,31806600
2011-02-17,22.3865,22.6607,22.3482,22.6106,21592800
2011-02-18,22.6607,22.7580,22.5045,22.7049,24816400
2011-02-22,22.8081,23.0115,22.3777,22.4838,49665600
2011-02-23,22.6076,23.1029,22.5664,22.9408,64379400
2011-02-24,22.9997,23.0115,22.4779,22.6165,44766600
2011-02-25,22.6990,22.9938,22.6430,22.9761,23537400
2011-02-28,23.0646,23.1972,22.9054,23.1530,31746200
2011-03-01,23.2886,23.3122,22.6902,22.7196,40399200
2011-03-02,22.6577,22.8936,22.4897,22.8494,30085800
2011-03-03,22.9938,23.2621,22.9231,23.2414,22657600
2011-03-04,23.2355,23.2621,22.9113,23.0940,28247000
2011-03-07,23.2473,23.3535,22.8051,22.9319,29327200
2011-03-08,22.9201,22.9378,22.5162,22.7432,32348400
2011-03-09,22.6725,22.8199,22.5133,22.5870,27189800
2011-03-10,22.2863,22.2893,21.6997,21.7645,72320600
2011-03-11,21.6142,22.3011,21.5287,22.1419,48341000
2011-03-14,22.0357,22.3394,21.9208,22.2627,32830400
2011-03-15,21.5729,22.2892,21.4904,22.0947,43619000
2011-03-16,22.1595,22.3482,21.5140,21.7409,63229400
2011-03-17,22.1684,22.5192,22.0239,22.4042,41830600
2011-03-18,22.6808,22.7340,22.2696,22.2992,48328600
2011-03-21,22.6867,22.9825,22.6423,22.9766,34325600
2011-03-22,22.9825,23.0594,22.8523,22.9263,20025000
2011-03-23,22.9204,23.0623,22.7725,22.9854,20190800
2011-03-24,23.0771,23.1097,22.8198,23.0683,30706200
2011-03-25,23.0919,23.3374,23.0091,23.2753,23273800
2011-03-28,23.2191,23.4853,23.1718,23.2191,28291000
2011-03-29,23.1895,23.5504,23.1097,23.5031,33912800
2011-03-30,23.6569,23.7722,23.4646,23.6657,38082400
2011-03-31,23.7900,23.9497,23.5800,23.5888,37701000
2011-04-01,23.7959,23.8669,23.5977,23.6598,25823800
2011-04-04,23.7693,23.8255,23.6421,23.6746,14951200
2011-04-05,23.6539,23.8787,23.6303,23.7456,38580800
2011-04-06,23.8698,23.9290,23.3907,23.4971,32947400
2011-04-07,23.4528,23.5948,23.2871,23.4971,29621400
2011-04-08,23.6687,23.7752,23.4469,23.5800,38279600
2011-04-11,23.5888,23.6332,23.0328,23.1156,35365400
2011-04-12,22.8523,22.8642,22.2726,22.3998,75875600
2011-04-13,22.6039,22.6778,22.3170,22.4915,53669400
2011-04-14,22.3672,22.7104,22.2844,22.6453,41344800
2011-04-15,22.7045,22.8642,22.5299,22.8316,30527800
2011-04-18,22.4915,22.5950,22.2401,22.4915,40069400
2011-04-19,22.4767,22.7754,22.4649,22.7192,30109200
2011-04-20,23.1570,23.2664,23.0476,23.2546,44828000
2011-04-21,23.3019,23.4232,23.1925,23.3611,25276600
2011-04-25,23.3729,23.3936,23.0949,23.2398,14150800
2011-04-26,23.3108,23.5060,23.2102,23.4705,18399000
2011-04-27,23.5652,23.5741,23.0653,23.4587,37414200
2011-04-28,23.3788,23.5267,23.2339,23.4557,29992400
2011-04-29,23.4617,23.8136,23.4498,23.8048,19857200
2011-05-02,23.8551,23.8994,23.3433,23.4883,35524000
2011-05-03,23.3078,23.3581,22.6985,22.8997,57490400
2011-05-04,22.8523,22.8553,22.2992,22.4944,59484200
2011-05-05,22.1572,22.3761,21.7638,22.0271,89000000
2011-05-06,22.2815,22.6128,21.8822,22.1247,70404600
2011-05-09,22.2282,22.6187,22.1898,22.5122,48448600
2011-05-10,22.5092,22.7251,22.3347,22.6187,35520600
2011-05-11,22.4797,22.5033,21.8023,21.9650,82325600
2011-05-12,21.8585,22.1099,21.5272,21.9324,77901800
2011-05-13,22.0360,22.1395,21.6307,21.8260,71863800
2011-05-16,21.7343,22.1040,21.6041,21.6603,56288200
2011-05-17,21.5598,21.7638,21.3793,21.6603,60198400
2011-05-18,21.7579,22.2549,21.6751,22.0981,51692600
2011-05-19,22.1987,22.2903,21.9147,22.1010,39321800
2011-05-20,22.0803,22.2637,21.8053,22.0744,54092800
2011-05-23,21.6899,21.8496,21.5923,21.7313,40600000
2011-05-24,21.9532,22.2815,21.9472,22.0389,49661600
2011-05-25,21.9265,22.5270,21.9236,22.4116,49835400
2011-05-26,22.3377,22.5773,22.2253,22.5240,37491000
2011-05-27,22.6483,22.8109,22.4678,22.5802,33394200
2011-05-31,22.8760,22.9706,22.5536,22.8080,38622400
2011-06-01,22.7518,22.8494,22.2046,22.2637,55227800
2011-06-02,22.2726,22.4471,22.0153,22.2549,48210600
2011-06-03,21.9206,22.4737,21.8792,22.2608,44755000
2011-06-06,22.2134,22.3051,21.7106,21.7579,46875200
2011-06-07,21.9472,22.0596,21.7224,21.7579,38331600
2011-06-08,21.8260,22.0892,21.7757,21.8230,50113200
2011-06-09,21.9324,22.2371,21.8881,22.1188,34544000
2011-06-10,21.9472,21.9916,21.6544,21.6899,41937000
2011-06-13,21.7017,21.8585,21.1427,21.3468,55501200
2011-06-14,21.6248,21.9088,21.6189,21.8023,45755400
2011-06-15,21.5420,21.7343,21.1841,21.3024,71279800
2011-06-16,21.3113,21.5302,21.1190,21.3350,50527800
2011-06-17,21.5235,21.5591,21.1435,21.2800,54247600
2011-06-20,21.1672,21.9094,21.1197,21.3394,34722600
2011-06-21,21.4879,21.8679,21.4730,21.7640,46391000
2011-06-22,21.6957,21.9925,21.6304,21.7016,37099800
2011-06-23,21.2414,21.4968,20.9149,21.4641,90907200
2011-06-24,21.4641,21.5146,21.0277,21.0574,34131400
2011-06-27,20.9832,21.3008,20.9327,21.1702,39388400
2011-06-28,21.3543,21.7966,21.3365,21.7877,31715600
2011-06-29,21.8590,22.1944,21.7550,22.0430,42642800
2011-06-30,22.1172,22.3903,22.1143,22.3696,38834800
2011-07-01,22.3221,22.6041,22.1321,22.5804,29776800
2011-07-05,22.6100,22.8208,22.5536,22.7199,31367000
2011-07-06,22.6694,22.7110,22.4765,22.6783,21930600
2011-07-07,22.9841,23.0524,22.8119,23.0197,35648000
2011-07-08,22.6190,22.8268,22.5863,22.8268,34260000
2011-07-11,22.5002,22.5032,22.1974,22.2864,38289000
2011-07-12,22.1944,22.5091,22.1766,22.2033,41091400
2011-07-13,22.3043,22.6902,22.2805,22.3696,40326000
2011-07-14,22.6011,22.6486,22.1915,22.2211,45265800
2011-07-15,22.4735,22.8446,22.4586,22.8179,54734200
2011-07-18,22.7199,22.7822,22.5596,22.7407,40723800
2011-07-19,22.9039,23.1741,22.8861,23.1563,39114600
2011-07-20,23.2543,23.2632,23.0524,23.0969,21035600
2011-07-21,23.2335,23.5808,23.2186,23.5511,34714000
2011-07-22,23.5719,23.6996,23.4324,23.6699,22999200
2011-07-25,23.3760,23.7411,23.3404,23.5749,30966400
2011-07-26,23.5600,23.6788,23.3790,23.4621,33937800
2011-07-27,23.3018,23.3493,22.9485,23.0197,47569000
2011-07-28,22.9277,23.2097,22.8802,22.9247,39108000
2011-07-29,22.6190,22.8950,22.5507,22.6961,34671200
2011-08-01,23.0969,23.1118,22.4527,22.6635,43970000
2011-08-02,22.5358,22.7703,22.0252,22.0311,54402400
2011-08-03,22.0638,22.0757,21.3899,21.9065,71128000
2011-08-04,21.4968,21.5205,20.2677,20.4043,109053800
2011-08-05,20.6536,20.8288,19.1396,20.2083,132818800
2011-08-08,19.3889,19.7066,18.4063,18.4894,111986400
2011-08-09,18.8754,19.4424,18.1391,19.4305,100798200
2011-08-10,19.1782,19.5285,18.6824,18.7596,98747400
2011-08-11,18.8813,20.0272,18.7655,19.7333,84065200
2011-08-12,20.0272,20.1430,19.7511,19.8788,53101000
2011-08-15,20.1430,20.5883,20.1371,20.5497,58621200
2011-08-16,20.2855,20.4993,19.9768,20.2083,59890400
2011-08-17,20.4339,20.6625,20.1578,20.2885,43327800
2011-08-18,19.6561,19.7007,18.8991,19.1128,74495400
2011-08-19,18.8189,19.4394,18.7032,18.7744,54637400
2011-08-22,19.3474,19.3533,18.5547,18.6230,49050800
2011-08-23,18.7447,19.4780,18.6171,19.4632,71707000
2011-08-24,19.3504,19.6146,19.1782,19.5789,37735600
2011-08-25,19.7185,19.8343,19.0653,19.1663,53585400
2011-08-26,18.9763,19.6235,18.7358,19.5374,47672200
2011-08-29,19.8461,20.1341,19.6918,20.1074,71086400
2011-08-30,19.9708,20.3657,19.8046,20.2261,39676600
2011-08-31,20.4102,20.6744,20.1846,20.3775,48969600
2011-09-01,20.4102,20.6774,20.1757,20.2232,42588400
2011-09-02,19.6858,19.8610,19.4899,19.6591,41702000
2011-09-06,19.0327,19.4750,18.8724,19.4453,38711000
2011-09-07,19.8046,20.1697,19.7749,20.1579,37051400
2011-09-08,20.0599,20.3538,19.8105,19.9233,36978200
2011-09-09,19.6621,19.7571,19.1247,19.2643,70078800
2011-09-12,18.9288,19.3979,18.8041,19.3563,51513800
2011-09-13,19.4424,19.5433,19.0564,19.4097,56409000
2011-09-14,19.5255,19.9263,19.1425,19.6502,51431800
2011-09-15,19.8936,20.0599,19.7274,20.0391,34662400
2011-09-16,20.1208,20.1953,19.7661,19.9956,46072800
2011-09-19,19.5068,19.8585,19.2982,19.6797,41719800
2011-09-20,19.7721,20.0194,19.5277,19.5575,40268800
2011-09-21,19.5038,19.5753,18.7259,18.7438,53565800
2011-09-22,18.0822,18.0911,17.3639,17.6858,76132000
2011-09-23,17.4593,17.7573,17.3967,17.4950,65590600
2011-09-26,17.6232,18.1716,17.2715,18.1328,68786400
2011-09-27,18.6693,18.8750,18.2938,18.3981,64972400
2011-09-28,18.4309,18.6008,17.7603,17.7960,46186600
2011-09-29,18.2550,18.2789,17.6023,17.9659,45739000
2011-09-30,17.6530,17.8706,17.4384,17.4384,59458800
2011-10-03,17.2387,17.4384,16.8304,16.8453,70130600
2011-10-04,16.5413,17.4473,16.1717,17.3967,82731000
2011-10-05,17.5248,18.0911,17.2655,18.0375,75130000
2011-10-06,18.0017,18.4130,17.7990,18.3772,47634400
2011-10-07,18.5173,18.5322,17.9689,18.1507,48779200
2011-10-10,18.4875,18.9822,18.4845,18.9733,35816000
2011-10-11,18.7975,19.1760,18.7498,19.0121,44856000
2011-10-12,19.1641,19.4025,19.0270,19.1134,37262400
2011-10-13,18.9197,19.1819,18.7110,19.0866,30318400
2011-10-14,19.4114,19.8555,19.4084,19.8495,33232000
2011-10-17,19.7959,19.8615,19.4442,19.4889,37612800
2011-10-18,19.4651,20.2489,19.2505,20.1148,48910600
2011-10-19,20.0254,20.3383,19.8138,19.9062,48058000
2011-10-20,19.8943,20.1506,19.6469,20.0612,43755000
2011-10-21,20.2787,20.5142,20.1804,20.4307,48340200
2011-10-24,20.4933,20.7526,20.4367,20.6990,45945000
2011-10-25,20.6483,20.6870,20.1178,20.2668,43836600
2011-10-26,20.5768,20.7765,20.1148,20.7049,36364800
2011-10-27,21.2712,21.8136,21.2146,21.6229,62364800
2011-10-28,21.3994,21.8077,21.3398,21.7689,35022400
2011-10-31,21.3994,21.4143,20.7437,20.7765,43910200
2011-11-01,19.9628,20.4099,19.7721,20.1059,83484400
2011-11-02,20.6036,20.7675,20.3979,20.7109,40618800
2011-11-03,21.0119,21.3278,20.7347,21.2563,39424400
2011-11-04,21.0715,21.2980,20.8629,21.2384,25105800
2011-11-07,21.2444,21.5037,20.9821,21.3547,26937800
2011-11-08,21.5275,21.7272,21.2414,21.7034,38305400
2011-11-09,21.0626,21.2652,20.6900,20.7437,50543200
2011-11-10,21.0805,21.2593,20.6990,21.1043,40707200
2011-11-11,21.3398,21.6229,21.3099,21.5365,28803000
2011-11-14,21.4053,21.4530,21.0566,21.2533,30765000
2011-11-15,21.1878,21.4053,21.0596,21.2295,33349400
2011-11-16,21.0626,21.4530,20.8837,20.9106,43882200
2011-11-17,20.9016,21.0119,20.2400,20.4337,51071800
2011-11-18,20.5499,20.6602,20.1863,20.3115,53903400
2011-11-21,19.9449,20.0731,19.6648,19.9479,40016600
2011-11-22,19.9270,20.0582,19.6350,19.7601,37392600
2011-11-23,19.4770,19.5217,19.1581,19.1611,43575200
2011-11-25,19.0776,19.3518,19.0240,19.0240,14299600
2011-11-28,19.7184,19.9032,19.5545,19.7363,43699600
2011-11-29,19.8227,20.2340,19.7542,20.0194,28954200
2011-11-30,20.7586,21.1818,20.7526,21.1222,65999200
2011-12-01,21.0656,21.2772,20.8897,21.0059,32664600
2011-12-02,21.2086,21.3219,20.9463,20.9881,29879400
2011-12-05,21.3696,21.5096,21.0656,21.2474,29724000
2011-12-06,21.2325,21.4172,21.0715,21.2444,27718800
2011-12-07,21.1609,21.2056,20.8629,21.0417,34288600
2011-12-08,20.8897,21.0000,20.3950,20.4546,34289800
2011-12-09,20.5827,21.0059,20.5380,20.9195,31036600
2011-12-12,20.6662,20.6811,20.1446,20.4307,38629800
2011-12-13,20.5887,20.8510,20.1118,20.2400,37277600
2011-12-14,20.0015,20.0939,19.5843,19.6707,53368600
2011-12-15,19.9449,19.9658,19.5366,19.5873,35498600
2011-12-16,19.7450,19.9066,19.5924,19.7959,43941200
2011-12-19,19.8797,19.8797,19.3948,19.4487,25074800
2011-12-20,19.8408,20.2867,19.8168,20.2478,25326600
2011-12-21,20.2508,20.5262,20.1221,20.4723,24051600
2011-12-22,20.5860,20.7566,20.5172,20.7117,21976200
2011-12-23,20.7896,20.8554,20.6669,20.8315,10428200
2011-12-27,20.7866,20.9811,20.7866,20.8853,11260600
2011-12-28,20.8913,20.9422,20.4603,20.4873,22641400
2011-12-29,20.5352,20.7237,20.5172,20.6998,15404200
2011-12-30,20.6519,20.7896,20.6309,20.6908,13160000
2012-01-03,21.1308,21.3702,21.0979,21.2655,48509600
2012-01-04,21.1847,21.3463,21.0589,21.3104,28037000
2012-01-05,21.1727,21.2236,20.9512,21.2086,25349400
2012-01-06,21.2475,21.2565,21.0380,21.0829,17786200
2012-01-09,21.1278,21.2325,21.0649,21.1847,24086400
2012-01-10,21.5169,21.5438,21.3133,21.3732,27266800
2012-01-11,21.2744,21.2774,21.0021,21.0859,26944000
2012-01-12,20.9721,21.0649,20.7956,20.8883,39409600
2012-01-13,20.7566,20.8135,20.5741,20.7836,32434800
2012-01-17,21.0170,21.1158,20.8644,20.9302,25054000
2012-01-18,20.9183,21.2834,20.8165,21.2744,30723600
2012-01-19,21.3852,21.4391,21.2625,21.3612,26608800
2012-01-20,21.3582,21.4420,21.1966,21.3642,30786600
2012-01-23,21.4391,21.5947,21.3792,21.5348,25974000
2012-01-24,21.3463,21.4869,21.2595,21.4720,21234400
2012-01-25,21.4391,21.8072,21.1637,21.7354,39276200
2012-01-26,21.8701,21.8970,21.3553,21.4391,33958400
2012-01-27,21.3433,21.4869,21.3104,21.3942,18448200
2012-01-30,21.1487,21.3074,20.9901,21.2924,27251600
2012-01-31,21.4450,21.4660,21.0530,21.1577,29361800
2012-02-01,21.3493,21.4241,21.1966,21.2415,25553000
2012-02-02,21.2744,21.4840,21.2086,21.4031,30942200
2012-02-03,21.6815,21.8012,21.5588,21.7803,29993000
2012-02-06,21.6575,22.0436,21.6246,22.0407,26769200
2012-02-07,21.9868,22.1903,21.7593,22.1544,35097400
2012-02-08,22.2083,22.2382,21.9359,22.0796,22055600
2012-02-09,22.1125,22.1664,21.9060,22.0826,19210800
2012-02-10,21.8252,21.9000,21.7174,21.8611,29674000
2012-02-13,22.0826,22.0975,21.8671,22.0347,19828600
2012-02-14,22.0107,22.1125,21.8940,22.0736,29095800
2012-02-15,22.1454,22.2083,21.9658,22.0377,29478800
2012-02-16,22.0826,22.3639,21.9479,22.3250,36203200
2012-02-17,22.5016,22.5285,22.2771,22.4088,26986000
2012-02-21,22.5584,22.6842,22.4986,22.5614,28764600
2012-02-22,22.6093,22.7680,22.5555,22.6123,24684600
2012-02-23,22.6273,22.7530,22.4627,22.7261,28176200
2012-02-24,22.7769,22.8967,22.7590,22.8159,24549800
2012-02-27,22.7261,22.8398,22.5704,22.7440,22366400
2012-02-28,22.7141,22.8188,22.5405,22.6692,33212600
2012-02-29,22.6931,22.7889,22.3489,22.4118,34488600
2012-03-01,22.5106,22.6752,22.4567,22.6273,28015000
2012-03-02,22.5435,22.6333,22.2801,22.3699,29042600
2012-03-05,22.2741,22.2921,22.0107,22.2262,25370400
2012-03-06,21.8880,21.9479,21.7234,21.8641,27735600
2012-03-07,21.9449,22.1065,21.7952,22.0466,28964400
2012-03-08,22.1604,22.3010,22.0496,22.2262,20596200
2012-03-09,22.2741,22.4088,22.1694,22.2053,29306400
2012-03-12,22.1843,22.2172,21.9868,22.0826,24517400
2012-03-13,22.2023,22.3789,21.9808,22.3489,35585600
2012-03-14,22.3639,22.4238,22.0796,22.1334,27712800
2012-03-15,22.1604,22.2711,22.0197,22.1694,30353200
2012-03-16,22.2760,22.5434,22.2430,22.4743,47180800
2012-03-19,22.4623,22.6756,22.3962,22.5765,28405400
2012-03-20,22.3752,22.4022,22.1919,22.2370,26568200
2012-03-21,22.2099,22.2129,21.9395,21.9726,33163800
2012-03-22,21.7292,21.7622,21.3776,21.4768,40430600
2012-03-23,21.5249,21.7803,21.4137,21.7112,26443800
2012-03-26,21.9035,21.9335,21.7502,21.8734,20377200
2012-03-27,21.9125,21.9185,21.6481,21.6541,25545800
2012-03-28,21.5549,21.6300,21.2094,21.3836,30570400
2012-03-29,21.2364,21.4197,21.0832,21.3836,32660600
2012-03-30,21.5429,21.6120,21.3446,21.5579,25506600
2012-04-02,21.5038,21.9305,21.4377,21.7682,35776400
2012-04-03,21.7232,21.7562,21.3596,21.5790,27989600
2012-04-04,21.3175,21.4167,21.1914,21.3025,31660600
2012-04-05,21.2274,21.4798,21.1553,21.1824,19157800
2012-04-09,20.8578,21.0742,20.8368,20.9149,28859200
2012-04-10,20.8849,20.9210,20.4613,20.5033,43906000
2012-04-11,20.7317,20.7918,20.4673,20.5093,25650000
2012-04-12,20.5274,21.0081,20.5123,20.9570,30117800
2012-04-13,20.8669,20.9300,20.5995,20.6415,26215000
2012-04-16,20.7257,20.7918,20.4162,20.5033,30250800
2012-04-17,20.6926,20.9420,20.6746,20.8368,25510600
2012-04-18,20.7737,20.9239,20.7317,20.7948,21588600
2012-04-19,20.8068,20.9720,20.6896,20.7677,41945800
2012-04-20,20.9660,21.0682,20.7136,20.7196,30190600
2012-04-23,20.3741,20.7557,20.3350,20.6986,34055200
2012-04-24,20.7737,20.9209,20.6746,20.8518,19830600
2012-04-25,20.9810,21.0712,20.8398,21.0592,29285600
2012-04-26,20.9570,21.2905,20.9240,21.2815,22459600
2012-04-27,21.3326,21.3476,21.1643,21.2725,13670000
2012-04-30,21.2514,21.4197,21.1914,21.4047,15218000
2012-05-01,21.4468,21.8644,21.4107,21.7112,28510400
2012-05-02,21.5249,21.5309,21.2965,21.3566,24164400
2012-05-03,21.3506,21.3776,20.9390,21.0021,32080800
2012-05-04,20.7887,20.8218,20.4222,20.5213,44377000
2012-05-07,20.4012,20.5904,20.2629,20.4612,30416000
2012-05-08,20.2990,20.4312,19.9595,20.3951,50350400
2012-05-09,20.0827,20.4162,19.9775,20.2960,43909800
2012-05-10,20.4973,20.6085,20.3411,20.3831,24600000
2012-05-11,20.2389,20.5333,20.1968,20.2329,20606800
2012-05-14,19.9835,20.0166,19.8543,19.8964,27105800
2012-05-15,19.9084,19.9835,19.5058,19.5659,33951000
2012-05-16,19.6140,19.9234,19.4547,19.4547,33026600
2012-05-17,19.4998,19.6530,19.3285,19.3315,38364400
2012-05-18,19.4697,19.5779,19.1302,19.2113,36966800
2012-05-21,19.2384,19.6710,19.2264,19.6530,27340800
2012-05-22,19.6801,19.9565,19.4727,19.6049,42672000
2012-05-23,19.4397,19.7041,19.1633,19.6770,37762000
2012-05-24,19.7792,19.7792,19.4156,19.6620,37363000
2012-05-25,19.6410,19.7732,19.5268,19.5689,16028600
2012-05-29,19.7942,20.0376,19.6921,19.8964,28107400
2012-05-30,19.6200,19.6320,19.2234,19.2865,46467400
2012-05-31,19.2744,19.3255,18.7907,19.1182,53377000
2012-06-01,18.7336,18.8478,18.6164,18.6405,39020600
2012-06-04,18.7126,18.7697,18.3610,18.6255,38069800
2012-06-05,18.5834,18.9079,18.5744,18.7847,31604600
2012-06-06,18.9830,19.3826,18.9830,19.3646,41568000
2012-06-07,19.6170,19.7942,19.3375,19.3766,29372000
2012-06-08,19.2354,19.4066,19.0701,19.3796,31168000
2012-06-11,19.5779,19.6680,19.0881,19.1152,32296600
2012-06-12,19.2204,19.4337,19.1152,19.3856,29032600
2012-06-13,19.2744,19.4667,19.0521,19.1392,24344800
2012-06-14,19.1843,19.5238,19.1092,19.4397,29129400
2012-06-15,19.5728,19.8325,19.4762,19.8113,31002000
2012-06-18,19.6151,19.6906,19.5004,19.6332,28074000
2012-06-19,19.7872,20.0166,19.6845,19.9170,30745800
2012-06-20,19.9079,20.0559,19.6543,19.8385,35247000
2012-06-21,19.8446,19.8446,18.9932,19.0264,37929000
2012-06-22,19.1532,19.2407,18.9207,19.1532,40126000
2012-06-25,18.8694,18.8754,18.5584,18.7245,31107600
2012-06-26,18.7547,18.9962,18.6188,18.9268,28524000
2012-06-27,19.0294,19.3917,19.0294,19.3192,23315600
2012-06-28,19.2075,19.4853,19.1200,19.4521,33047000
2012-06-29,19.9683,20.0770,19.7661,20.0378,43491000
2012-07-02,20.0378,20.1253,19.8264,20.0468,29112600
2012-07-03,20.2068,20.7412,20.1887,20.5269,31383200
2012-07-05,20.4061,20.4182,20.1857,20.2582,24282000
2012-07-06,19.9472,20.1042,19.8566,20.0136,22381200
2012-07-09,19.9985,20.0347,19.7811,19.9230,19127800
2012-07-10,20.0438,20.1042,19.5155,19.6121,37602200
2012-07-11,19.7147,19.9774,19.6634,19.8778,41929800
2012-07-12,19.6423,19.9140,19.5698,19.8113,38736800
2012-07-13,19.8929,20.1766,19.8657,20.1585,20419200
2012-07-16,20.0951,20.3185,19.9774,20.2250,22669600
2012-07-17,20.3397,20.4997,20.0166,20.4786,35969200
2012-07-18,20.4061,20.6808,20.3638,20.6567,31036000
2012-07-19,20.7412,20.7835,20.5933,20.7201,27978800
2012-07-20,20.6537,20.7744,20.5601,20.7684,27328800
2012-07-23,20.3367,20.6114,20.2068,20.5691,25441000
2012-07-24,20.5782,20.5993,19.9744,20.2401,25317800
2012-07-25,20.3185,20.4031,20.0800,20.2551,18999000
2012-07-26,20.5661,20.9012,20.5540,20.8318,28081000
2012-07-27,20.9435,21.2816,20.8016,21.2001,30720600
2012-07-30,21.1699,21.3390,21.1035,21.2605,19466600
2012-07-31,21.2122,21.2998,21.0069,21.0280,24031200
2012-08-01,21.1065,21.2364,20.8801,21.1307,32289200
2012-08-02,20.8680,20.9888,20.5782,20.7774,30882600
2012-08-03,21.1639,21.3964,21.1397,21.2665,28752000
2012-08-06,21.3058,21.4417,21.2847,21.3239,11872400
2012-08-07,21.4839,21.7375,21.4658,21.6439,24501800
2012-08-08,21.5503,21.7375,21.5111,21.6621,18998000
2012-08-09,21.6168,21.8915,21.5866,21.8100,23966000
2012-08-10,21.6620,21.8764,21.5292,21.8492,22631000
2012-08-13,21.8462,21.8764,21.6620,21.7677,16578000
2012-08-14,21.8734,21.8975,21.6590,21.7285,14242600
2012-08-15,21.7345,21.7888,21.6379,21.7254,13064200
2012-08-16,21.7617,21.9579,21.7013,21.9187,13767800
2012-08-17,21.9640,21.9730,21.8341,21.9096,24208200
2012-08-20,21.8522,21.9126,21.7587,21.8341,11135600
2012-08-21,21.9338,22.0485,21.7285,21.7647,17460400
2012-08-22,21.6953,21.8673,21.6288,21.8462,17077600
2012-08-23,21.7949,21.8553,21.5624,21.6047,14657200
2012-08-24,21.5684,21.7919,21.4537,21.7315,14983200
2012-08-27,21.7556,21.8885,21.6681,21.7405,12135600
2012-08-28,21.6953,21.8221,21.6560,21.7556,13641600
2012-08-29,21.7677,21.7858,21.5896,21.6107,12703800
2012-08-30,21.5262,21.5262,21.3179,21.3813,15570800
2012-08-31,21.5594,21.7043,21.4296,21.5956,20299800
2012-09-04,21.5745,21.5896,21.2545,21.4296,17550000
2012-09-05,21.4175,21.4960,21.3118,21.3481,14450000
2012-09-06,21.5171,21.9428,21.5141,21.7979,27044200
2012-09-07,21.8492,22.1813,21.8281,22.1753,26845200
2012-09-10,22.1451,22.2900,22.0696,22.0787,11684200
2012-09-11,22.1451,22.3746,22.1451,22.3142,15011000
2012-09-12,22.4470,22.5074,22.3564,22.4500,16683400
2012-09-13,22.5014,22.9482,22.3262,22.8153,28348400
2012-09-14,22.9754,23.3527,22.9512,23.1173,30480600
2012-09-17,23.0237,23.1897,22.8667,22.9421,20367000
2012-09-18,22.8667,22.8757,22.6010,22.7791,19840400
2012-09-19,22.7580,22.7791,22.5376,22.5587,29613600
2012-09-20,22.3655,22.6674,22.2749,22.6221,23487600
2012-09-21,22.8174,22.8265,22.5930,22.6476,25396400
2012-09-24,22.4505,22.5930,22.4474,22.5324,14781000
2012-09-25,22.5930,22.6355,22.2655,22.2867,26986600
2012-09-26,22.1957,22.2230,21.9986,22.0744,31606200
2012-09-27,22.2443,22.4383,22.1502,22.3747,16654600
2012-09-28,22.3110,22.3322,22.1351,22.2685,16897200
2012-10-01,22.4232,22.6021,22.3504,22.3807,22242800
2012-10-02,22.5324,22.5324,22.2837,22.4201,17582200
2012-10-03,22.3777,22.4080,22.0380,22.1442,25151600
2012-10-04,22.2685,22.4232,22.2230,22.3656,22754600
2012-10-05,22.4929,22.5202,22.2412,22.3140,27778400
2012-10-08,22.1897,22.3777,22.1684,22.3504,10885600
2012-10-09,22.3716,22.5566,22.3443,22.3807,20581200
2012-10-10,22.2503,22.2867,21.9016,21.9622,30383600
2012-10-11,22.1745,22.3110,22.1139,22.1260,16543400
2012-10-12,22.1199,22.1593,21.8470,22.0047,21523600
2012-10-15,21.9652,22.1502,21.8076,22.1169,16188000
2012-10-16,22.2473,22.5111,22.2473,22.4687,26698600
2012-10-17,22.5324,22.7659,22.4869,22.7507,20691400
2012-10-18,22.6476,22.8023,22.6324,22.7477,28824800
2012-10-19,22.7295,22.7750,22.3079,22.3898,28185200
2012-10-22,22.3989,22.4717,22.0532,22.2776,21687800
2012-10-23,21.9016,21.9228,21.6013,21.7590,30857000
2012-10-24,21.8682,21.9107,21.5528,21.5922,21391000
2012-10-25,21.8076,21.8470,21.5377,21.7954,19586400
2012-10-26,21.7530,21.9562,21.7135,21.8227,22016800
2012-10-31,21.9107,21.9774,21.6377,21.8167,22251600
2012-11-01,21.7317,21.9531,21.6953,21.9107,18981600
2012-11-02,21.9835,22.0441,21.4770,21.5498,22529800
2012-11-05,21.5073,21.7712,21.4831,21.7135,14834800
2012-11-06,21.8227,22.1563,21.8106,22.0623,21038400
2012-11-07,21.7378,21.7863,21.3345,21.4861,38087200
2012-11-08,21.4709,21.5528,21.0858,21.0979,30026600
2012-11-09,21.0312,21.3405,20.9706,21.0919,24455400
2012-11-12,21.1737,21.1980,21.0464,21.1343,11166800
2012-11-13,20.9463,21.3223,20.9251,21.0464,22601200
2012-11-14,21.1131,21.1525,20.7371,20.7916,38484200
2012-11-15,20.8007,21.0069,20.6794,20.8189,29302200
2012-11-16,20.8492,20.9311,20.5521,20.9008,42955400
2012-11-19,21.1859,21.4164,21.1707,21.3830,22916200
2012-11-20,21.3254,21.4072,21.1495,21.2981,15425000
2012-11-21,21.3648,21.4406,21.2769,21.4133,11737000
2012-11-23,21.5134,21.7166,21.4618,21.7166,9004800
2012-11-26,21.5286,21.5437,21.3557,21.5043,18781000
2012-11-27,21.4406,21.5346,21.2859,21.3254,15576000
2012-11-28,21.1222,21.5528,21.0555,21.5195,23175800
2012-11-29,21.6620,21.7469,21.4922,21.5680,21902200
2012-11-30,21.5923,21.6681,21.4710,21.5498,16730200
2012-12-03,21.7135,21.7439,21.4072,21.4315,19533000
2012-12-04,21.4406,21.5407,21.3405,21.3527,22791600
2012-12-05,21.4194,21.6195,21.3618,21.5013,25062200
2012-12-06,21.4558,21.5710,21.4194,21.5710,16213600
2012-12-07,21.6438,21.7044,21.5377,21.7014,20768800
2012-12-10,21.6923,21.7772,21.6317,21.6772,11671600
2012-12-11,21.7651,21.8864,21.7227,21.8045,15749400
2012-12-12,21.8712,22.0835,21.8106,21.8834,18386600
2012-12-13,21.8561,21.8591,21.5922,21.6802,21534600
2012-12-14,21.5346,21.6408,21.5043,21.5983,18883400
2012-12-17,21.6711,21.8045,21.6317,21.7954,18989000
2012-12-18,21.7924,22.2443,21.7499,22.1957,22374000
2012-12-19,22.2321,22.2564,22.0320,22.0441,16181200
2012-12-20,22.0471,22.2109,22.0016,22.1927,18014800
2012-12-21,21.9217,22.0314,21.8364,21.9674,30420400
2012-12-24,21.9217,21.9431,21.7632,21.7998,7179600
2012-12-26,21.9309,21.9400,21.6718,21.7023,13040200
2012-12-27,21.7053,21.7297,21.3944,21.6626,23321600
2012-12-28,21.5316,21.5438,21.2664,21.2847,23604800
2012-12-31,21.2481,21.7754,21.2054,21.7693,32769600
2013-01-02,22.2357,22.2570,21.9461,22.2509,29091600
2013-01-03,22.2174,22.4429,22.1168,22.2448,19572000
2013-01-04,22.2784,22.5222,22.2662,22.4917,18585400
2013-01-07,22.3881,22.3881,22.2326,22.3180,15946800
2013-01-08,22.2570,22.2631,22.1046,22.2448,14751400
2013-01-09,22.3088,22.3363,22.1138,22.2082,14745000
2013-01-10,22.3911,22.4490,22.2692,22.4094,16733600
2013-01-11,22.4338,22.4704,22.3546,22.4369,12732800
2013-01-14,22.4247,22.5039,22.3606,22.4399,16794200
2013-01-15,22.3546,22.5588,22.3088,22.5405,19279000
2013-01-16,22.5039,22.6441,22.4704,22.6411,17170400
2013-01-17,22.7539,22.9276,22.6898,22.7843,21004000
2013-01-18,22.8026,23.0099,22.7539,23.0099,26813000
2013-01-22,22.9703,23.2598,22.9063,23.2293,20299600
2013-01-23,23.1745,23.2141,23.0617,23.1501,14338600
2013-01-24,23.1775,23.4061,23.1532,23.2172,17641600
2013-01-25,23.3299,23.4854,23.2903,23.4366,15590600
2013-01-28,23.5250,23.5250,23.2598,23.3970,14902400
2013-01-29,23.4610,23.8207,23.4519,23.7750,23292000
2013-01-30,23.8237,23.9548,23.6165,23.6561,19886000
2013-01-31,23.5799,23.6957,23.4915,23.5768,21030600
2013-02-01,23.7018,23.8268,23.5189,23.7963,23636600
2013-02-04,23.5921,23.6774,23.5555,23.5707,21348000
2013-02-05,23.7323,23.8390,23.6408,23.7750,23370200
2013-02-06,23.6469,23.8024,23.5768,23.7902,22772800
2013-02-07,23.7719,23.8268,23.5707,23.7292,23861800
2013-02-08,23.7628,23.9609,23.7628,23.9517,18895400
2013-02-11,23.9548,23.9548,23.7993,23.8329,13922000
2013-02-12,23.8877,23.9396,23.7597,23.8969,14405400
2013-02-13,23.9213,24.0036,23.9060,23.9822,11385800
2013-02-14,23.9335,24.2352,23.8634,24.1895,14621400
2013-02-15,24.1590,24.1682,23.7841,23.9121,28675600
2013-02-19,24.0005,24.2108,23.9944,24.1895,15394000
2013-02-20,24.1803,24.1834,23.6622,23.6835,25535400
2013-02-21,23.5646,23.6073,23.3421,23.5189,24524800
2013-02-22,23.6683,23.7750,23.4793,23.7658,13129200
2013-02-25,23.9213,23.9944,23.1288,23.1440,27616000
2013-02-26,23.2720,23.4305,23.0007,23.3726,33703000
2013-02-27,23.3025,23.7932,23.3025,23.7292,21989200
2013-02-28,23.7048,23.9182,23.6683,23.6805,19879800
2013-03-01,23.5860,23.7536,23.4793,23.7110,26525400
2013-03-04,23.6286,23.6927,23.4244,23.6591,20843400
2013-03-05,23.8176,23.9030,23.7170,23.8115,19969800
2013-03-06,23.9121,23.9578,23.7506,23.8390,16400200
2013-03-07,23.8938,24.0005,23.7871,23.9609,16932400
2013-03-08,24.0584,24.1163,23.9243,24.0767,15633400
2013-03-11,23.9975,24.1285,23.8938,24.0889,16334200
2013-03-12,24.1102,24.2444,24.0401,24.1163,17046600
2013-03-13,24.0798,24.1529,24.0005,24.0615,15565400
2013-03-14,24.1011,24.4272,24.1011,24.3907,21982200
2013-03-15,24.3836,24.4785,24.2673,24.3714,22493200
2013-03-18,24.0621,24.3224,24.0438,24.1754,16094000
2013-03-19,24.2152,24.2152,23.6947,23.9091,24704200
2013-03-20,24.0836,24.1234,23.9060,24.0438,13646000
2013-03-21,23.9274,24.1142,23.9029,23.9213,16555000
2013-03-22,23.9887,24.1509,23.9733,24.1111,15809600
2013-03-25,24.2060,24.3071,23.9182,24.0193,19679000
2013-03-26,24.1479,24.3040,24.1111,24.2734,13862400
2013-03-27,24.1387,24.3928,24.0744,24.3530,11389400
2013-03-28,24.3530,24.4540,24.2703,24.2826,13790600
2013-04-01,24.2826,24.3530,24.0683,24.2336,14815600
2013-04-02,24.2734,24.2918,24.0193,24.0958,16816200
2013-04-03,24.1050,24.1203,23.5723,23.6458,31487000
2013-04-04,23.6274,23.7590,23.4651,23.6151,27505400
2013-04-05,23.3090,23.6947,23.2661,23.6672,33239600
2013-04-08,23.7039,23.8386,23.6213,23.8264,17807200
2013-04-09,23.8815,24.1295,23.7682,24.0285,19159600
2013-04-10,24.0897,24.2520,24.0530,24.1571,18383600
2013-04-11,24.2673,24.3775,24.1050,24.2612,22622600
2013-04-12,24.0989,24.1448,23.7498,23.8815,38874200
2013-04-15,23.6151,23.6274,22.8895,22.9079,49586400
2013-04-16,23.1375,23.2232,22.8711,23.1896,32920800
2013-04-17,22.9844,23.0089,22.5098,22.6813,41253400
2013-04-18,22.7456,23.0181,22.5374,22.8742,41071200
2013-04-19,23.0487,23.0946,22.6905,22.8283,26833000
2013-04-22,22.9415,23.1681,22.7425,23.0732,26696000
2013-04-23,23.1651,23.3610,23.0548,23.3396,27895200
2013-04-24,23.4253,23.7621,23.4008,23.6519,27430200
2013-04-25,23.7100,23.9550,23.5570,23.6702,27277600
2013-04-26,23.6182,23.6886,23.4437,23.6304,22324800
2013-04-29,23.7743,23.9672,23.6672,23.8693,24429400
2013-04-30,23.8968,23.9733,23.6825,23.9642,20071000
2013-05-01,23.7590,23.8233,23.5631,23.5906,30648000
2013-05-02,23.6855,23.9672,23.6029,23.8999,27194200
2013-05-03,24.0683,24.3959,24.0621,24.3316,28098000
2013-05-06,24.3438,24.5949,24.3438,24.4969,24014400
2013-05-07,24.6071,24.7939,24.5153,24.6867,19401200
2013-05-08,24.6684,24.7725,24.5734,24.7265,14340800
2013-05-09,24.7357,24.8245,24.5704,24.7051,16271200
2013-05-10,24.5673,24.6163,24.3622,24.5765,26442200
2013-05-13,24.5153,24.5857,24.4357,24.5735,14846200
2013-05-14,24.5949,24.9225,24.5796,24.9225,19200600
2013-05-15,24.8061,24.9317,24.6439,24.8521,26097200
2013-05-16,24.7817,24.9194,24.6745,24.7296,24110800
2013-05-17,24.8643,25.1705,24.8368,25.1429,29314200
2013-05-20,25.1307,25.5532,25.1307,25.4981,20384400
2013-05-21,25.5593,25.6665,25.3603,25.4460,21676600
2013-05-22,25.4828,25.7032,25.0297,25.1521,39678800
2013-05-23,24.8368,25.1644,24.7541,25.1644,25583400
2013-05-24,24.9409,25.0205,24.8000,25.0174,17330000
2013-05-28,25.3695,25.4828,25.1521,25.2807,21416800
2013-05-29,25.0909,25.3205,25.0419,25.2256,25506000
2013-05-30,25.1552,25.2930,24.9929,25.1674,24149600
2013-05-31,25.0633,25.1429,24.6439,24.6469,30014400
2013-06-03,24.7388,24.8919,24.6255,24.8857,36730800
2013-06-04,24.7633,24.9194,24.5061,24.6898,31962000
2013-06-05,24.6163,24.7051,24.3867,24.4020,35592200
2013-06-06,24.4173,24.5979,24.2183,24.5857,36648400
2013-06-07,24.7480,24.9164,24.6041,24.8949,21164000
2013-06-10,25.0021,25.0082,24.7419,24.8245,15888000
2013-06-11,24.5214,24.6837,24.4173,24.4479,21191800
2013-06-12,24.6929,24.7357,24.2428,24.2979,18689400
2013-06-13,24.2918,24.7694,24.2612,24.7051,24786000
2013-06-14,24.7204,24.7449,24.4081,24.4663,20796800
2013-06-17,24.6316,24.8827,24.6194,24.8184,22195000
2013-06-18,24.7847,25.0358,24.7755,24.9592,15483400
2013-06-19,24.9378,25.0756,24.7051,24.7296,30107200
2013-06-20,24.4050,24.4173,23.9335,24.0070,50979600
2013-06-21,24.2082,24.2328,23.7652,24.0483,41108400
2013-06-24,23.7868,23.9560,23.3868,23.6914,37809600
2013-06-25,23.9529,24.0729,23.7929,23.9960,25080600
2013-06-26,24.1129,24.2175,23.9375,24.1436,22405600
2013-06-27,24.2667,24.4082,24.1775,24.1898,16327000
2013-06-28,24.0975,24.2790,24.0113,24.0883,21635400
2013-07-01,24.2390,24.4636,24.1898,24.2605,23921400
2013-07-02,24.2667,24.5189,24.1928,24.3128,17383600
2013-07-03,24.2482,24.3374,24.1036,24.2975,10511600
2013-07-05,24.4390,24.6082,24.2544,24.5989,20617000
2013-07-08,24.7189,24.9066,24.7035,24.7589,23158400
2013-07-09,24.8973,25.0450,24.8481,25.0112,18514600
2013-07-10,25.1035,25.1035,24.8050,24.8573,21623000
2013-07-11,25.1711,25.1896,24.9220,25.0573,28972400
2013-07-12,25.0265,25.2142,25.0204,25.1988,17555600
2013-07-15,25.2142,25.2634,25.1312,25.1773,20790200
2013-07-16,25.1927,25.2419,24.8635,25.0235,13447600
2013-07-17,25.0973,25.2081,25.0573,25.1342,15846000
2013-07-18,25.2204,25.4726,25.2081,25.4019,18839000
2013-07-19,25.4942,25.7557,25.4357,25.7557,21369600
2013-07-22,25.7187,25.7895,25.6480,25.6726,13604600
2013-07-23,25.7372,25.8295,25.6849,25.7157,12019400
2013-07-24,25.7434,25.7618,25.3004,25.4296,18677200
2013-07-25,25.4080,25.6326,25.3342,25.5988,19242200
2013-07-26,25.4819,25.5526,25.3126,25.5342,13660200
2013-07-29,25.4542,25.4757,25.2204,25.3219,16587200
2013-07-30,25.3280,25.3803,25.1281,25.2727,15870400
2013-07-31,25.3188,25.5403,25.3003,25.3557,22495000
2013-08-01,25.5618,25.7956,25.5526,25.7680,21293400
2013-08-02,25.6726,25.6880,25.4880,25.6541,16371000
2013-08-05,25.5618,25.6111,25.4634,25.5926,10382000
2013-08-06,25.5311,25.6572,25.3650,25.4357,12988800
2013-08-07,25.3650,25.4419,25.2419,25.3465,14067200
2013-08-08,25.4696,25.5403,25.2634,25.4849,13478600
2013-08-09,25.4788,25.5372,25.2850,25.4080,19630000
2013-08-12,25.2357,25.3988,25.2265,25.3003,12627000
2013-08-13,25.3250,25.4050,25.1834,25.3465,13832600
2013-08-14,25.2880,25.3957,25.2111,25.2296,12425000
2013-08-15,25.0727,25.2019,24.9804,25.0912,21638000
2013-08-16,25.0419,25.0819,24.8912,24.9896,17900800
2013-08-19,24.9281,24.9558,24.5774,24.5928,21694800
2013-08-20,24.6051,25.5342,24.5651,24.7435,18071200
2013-08-21,24.6758,24.8235,24.5589,24.6082,18975800
2013-08-22,24.7189,25.0727,24.6666,24.9742,16674400
2013-08-23,25.0542,25.1927,24.9035,25.1527,14785000
2013-08-26,25.2234,25.3219,25.0604,25.1096,14524000
2013-08-27,24.9250,25.1342,24.9035,24.9527,20401000
2013-08-28,25.0327,25.4665,25.0235,25.3680,23796400
2013-08-29,25.3219,25.3373,25.0604,25.1035,22817600
2013-08-30,25.1988,25.2296,25.0327,25.0942,17082600
2013-09-03,25.3465,25.4357,25.1558,25.2788,17268800
2013-09-04,25.2481,25.4911,25.1927,25.4142,14980000
2013-09-05,25.4634,25.6172,25.4511,25.5003,12230200
2013-09-06,25.6018,25.6972,25.3219,25.4972,16046200
2013-09-09,25.5895,25.8141,25.5526,25.7833,16869800
2013-09-10,25.8110,25.8295,25.5711,25.7926,18304400
2013-09-11,25.7895,25.9895,25.6726,25.9895,21400400
2013-09-12,25.9372,26.0141,25.8172,25.8356,21404800
2013-09-13,25.8572,25.9279,25.7803,25.8264,11958000
2013-09-16,26.0264,26.0448,25.7834,25.8203,16112600
2013-09-17,25.8264,26.0110,25.7926,25.9372,10843800
2013-09-18,25.9310,26.3586,25.8541,26.2510,22313200
2013-09-19,26.2910,26.3771,26.1402,26.1864,18277000
2013-09-20,26.2027,26.2676,25.9246,25.9740,27947800
2013-09-23,25.9060,25.9648,25.7731,25.8473,17040200
2013-09-24,25.8411,26.0637,25.7670,25.8720,11080800
2013-09-25,25.9462,26.0266,25.8597,25.8659,22387400
2013-09-26,25.9308,25.9709,25.7886,25.9122,15440400
2013-09-27,25.8040,25.8566,25.7206,25.8226,14342000
2013-09-30,25.5104,25.7144,25.4641,25.6248,20866400
2013-10-01,25.5537,25.8566,25.5413,25.7886,21688200
2013-10-02,25.6804,25.8782,25.5444,25.8473,15428400
2013-10-03,25.8226,25.8380,25.4981,25.6217,20280200
2013-10-04,25.6773,25.9493,25.5661,25.8813,18626200
2013-10-07,25.6124,25.8319,25.5815,25.6680,15857400
2013-10-08,25.6773,25.7330,25.3683,25.3930,21146800
2013-10-09,25.3930,25.4146,25.1303,25.3034,26219400
2013-10-10,25.4795,25.7762,25.4733,25.7731,25655200
2013-10-11,25.6588,26.1317,25.6341,26.0513,23850800
2013-10-14,25.8968,26.2429,25.8380,26.2275,16739800
2013-10-15,26.1317,26.3016,26.0328,26.1317,22783600
2013-10-16,26.3078,26.6045,26.2955,26.5242,25208800
2013-10-17,26.4963,26.5922,26.4222,26.5798,24574000
2013-10-18,26.7869,26.8858,26.6663,26.8703,25901200
2013-10-21,26.8580,26.9630,26.6911,26.7498,15707000
2013-10-22,26.8796,27.0712,26.7807,26.8981,28575800
2013-10-23,26.6756,26.7003,26.4006,26.4778,33670600
2013-10-24,26.5056,26.6509,26.3356,26.6045,15746600
2013-10-25,26.6632,26.8363,26.5860,26.7652,17492200
2013-10-28,26.7807,26.8456,26.6416,26.7869,15322400
2013-10-29,26.8549,26.9939,26.8332,26.9754,12934000
2013-10-30,26.9661,27.0805,26.5829,26.7931,22793200
2013-10-31,26.8147,26.9445,26.6138,26.7003,18169600
2013-11-01,26.6911,26.7158,26.2831,26.6045,24695200
2013-11-04,26.7343,26.9569,26.6756,26.9352,14466400
2013-11-05,26.8178,26.8920,26.6663,26.6911,16054600
2013-11-06,26.8518,26.9723,26.6787,26.7714,18167400
2013-11-07,26.8425,26.8796,26.2707,26.3573,41767000
2013-11-08,26.3696,26.7745,26.3325,26.7498,26485800
2013-11-11,26.7961,26.8858,26.7127,26.7992,10358200
2013-11-12,26.7498,26.7931,26.4747,26.5520,17361400
2013-11-13,26.4345,26.7869,26.4315,26.7838,21806800
2013-11-14,26.7714,26.9631,26.7560,26.9445,19336200
2013-11-15,27.0465,27.0990,26.8920,27.0929,14739600
2013-11-18,27.2072,27.2319,26.7992,26.8858,20932400
2013-11-19,26.8332,27.0218,26.7034,26.9321,18912800
2013-11-20,27.0434,27.1330,26.7869,26.8672,26525600
2013-11-21,26.9599,27.1670,26.9260,27.1238,14242800
2013-11-22,27.2165,27.2721,26.9754,27.2690,15119000
2013-11-25,27.2412,27.2412,26.8858,27.0218,19505200
2013-11-26,26.9939,27.1238,26.8456,26.9538,13549200
2013-11-27,26.8796,27.0032,26.6169,26.7714,18638600
2013-11-29,26.7683,26.9476,26.6416,26.7158,9953400
2013-12-02,26.7436,26.9167,26.5829,26.7343,19238800
2013-12-03,26.6725,26.8827,26.6169,26.7992,21690200
2013-12-04,26.7652,26.8549,26.4994,26.7127,20068600
2013-12-05,26.6447,26.7591,26.5705,26.6231,20142200
2013-12-06,26.8549,26.9012,26.6231,26.7065,23346000
2013-12-09,26.7652,26.8456,26.6231,26.7436,26144200
2013-12-10,26.6818,26.8240,26.6292,26.6632,21122800
2013-12-11,26.6911,26.6911,26.2306,26.2862,29365400
2013-12-12,26.2831,26.5149,26.2336,26.3975,21967200
2013-12-13,26.3356,26.3511,26.1904,26.3109,24326800
2013-12-16,26.4531,26.6262,26.3789,26.5396,24321600
2013-12-17,26.5180,26.5643,26.3016,26.3882,19712400
2013-12-18,26.4654,26.7961,26.2120,26.7869,30528000
2013-12-19,26.6942,26.8765,26.6354,26.8641,22421200
2013-12-20,26.8558,27.0172,26.8402,26.9117,31388600
2013-12-23,27.0110,27.1197,26.9054,26.9396,19535800
2013-12-24,26.9613,27.1135,26.9272,27.0886,11188800
2013-12-26,27.1632,27.3184,27.1197,27.2812,17715200
2013-12-27,27.3743,27.4519,27.2843,27.4147,11731800
2013-12-30,27.4488,27.4768,27.1911,27.2190,14091400
2013-12-31,27.2843,27.4923,27.1849,27.4830,16150800
2014-01-02,27.3184,27.3991,26.9831,27.0917,22267200
2014-01-03,27.1197,27.2284,26.9365,26.9924,19428600
2014-01-06,27.0731,27.1197,26.8775,27.0296,18513200
2014-01-07,27.1073,27.2532,26.9675,27.2346,13302000
2014-01-08,27.2377,27.2470,26.9427,27.0452,21883000
2014-01-09,27.0731,27.1197,26.7378,26.9613,24445400
2014-01-10,26.9800,27.0172,26.8061,26.9831,20940200
2014-01-13,26.9085,26.9489,26.4210,26.4459,33435200
2014-01-14,26.5515,26.8030,26.5515,26.7906,26444200
2014-01-15,26.8278,26.8527,26.6726,26.7129,23335800
2014-01-16,26.6632,26.7564,26.5390,26.7502,22594200
2014-01-17,26.8154,26.9613,26.6726,26.7067,25265800
2014-01-21,26.8961,26.9893,26.7005,26.9272,25451600
2014-01-22,26.9924,27.0824,26.8806,27.0514,21115200
2014-01-23,26.9054,26.9613,26.6167,26.7440,29801600
2014-01-24,26.5825,26.5825,26.1695,26.1851,34852200
2014-01-27,26.2316,26.2844,25.9087,26.0919,32109000
2014-01-28,26.1540,26.3310,26.0826,26.2906,18225600
2014-01-29,26.0609,26.3248,25.9242,26.1447,40249800
2014-01-30,26.3217,26.3652,26.0795,26.2285,24531400
2014-01-31,25.9242,26.1199,25.7814,25.8901,31966400
2014-02-03,25.8652,25.9739,25.3933,25.4274,50345600
2014-02-04,25.5703,25.7535,25.4771,25.6883,40679600
2014-02-05,25.6883,25.6945,25.4026,25.4367,54541800
2014-02-06,25.5051,25.8777,25.4957,25.8156,26056600
2014-02-07,25.9739,26.1354,25.8156,26.0950,24804600
2014-02-10,26.0888,26.1230,25.8590,25.9677,15922000
2014-02-11,25.9956,26.3962,25.9677,26.3062,21739400
2014-02-12,26.3869,26.4397,26.2161,26.2441,13624800
2014-02-13,26.1199,26.4366,26.0484,26.3683,19598000
2014-02-14,26.3900,26.7657,26.3496,26.7129,25236600
2014-02-18,26.7533,26.8682,26.7067,26.8340,17708000
2014-02-19,26.7502,27.1414,26.7502,26.8682,47644000
2014-02-20,26.8589,27.0980,26.8216,27.0452,18873800
2014-02-21,27.1042,27.1104,26.8154,26.8309,23165600
2014-02-24,26.9117,27.4737,26.8961,27.2346,37227800
2014-02-25,27.1818,27.2749,27.0017,27.2222,19166600
2014-02-26,27.2346,27.2656,26.9675,27.0514,20096600
2014-02-27,27.0607,27.1228,26.8837,27.0793,18666800
2014-02-28,27.0980,27.3215,27.0545,27.2159,20949000
2014-03-03,27.0514,27.3526,26.9551,27.0421,24927200
2014-03-04,27.2780,27.4178,27.1725,27.3370,21049000
2014-03-05,27.2532,27.2780,27.0110,27.0824,21730800
2014-03-06,27.1011,27.3060,27.0855,27.2780,15576600
2014-03-07,27.3898,27.4085,27.2253,27.3308,19705600
2014-03-10,27.3029,27.3929,27.1445,27.3743,17729000
2014-03-11,27.4085,27.4271,26.9738,27.0638,24536000
2014-03-12,26.8744,27.1352,26.8464,27.0669,18737400
2014-03-13,27.1073,27.1166,26.6943,26.7968,22545600
2014-03-14,26.7657,26.9272,26.7285,26.8216,21306800
2014-03-17,26.9272,27.0483,26.8589,26.9644,20838400
2014-03-18,27.0638,27.2749,26.9800,27.1911,13990400
2014-03-19,27.2004,27.2097,26.8185,26.9862,18645200
2014-03-20,26.8527,27.1352,26.7626,27.0917,17426800
2014-03-21,27.1844,27.3685,27.1594,27.1657,28260400
2014-03-24,27.2499,27.3748,27.0596,27.1095,20088000
2014-03-25,27.2499,27.3748,27.2406,27.3529,14337600
2014-03-26,27.4465,27.5183,27.2063,27.2250,17128800
2014-03-27,27.2343,27.5308,27.1688,27.4465,22772600
2014-03-28,27.5370,27.8490,27.5214,27.7898,19911200
2014-03-31,27.9271,27.9551,27.7055,27.7898,16903200
2014-04-01,27.7991,27.9583,27.7866,27.9551,20494600
2014-04-02,27.8959,28.1049,27.8740,28.0550,20017200
2014-04-03,28.1174,28.3514,28.0706,28.2360,21584000
2014-04-04,28.4482,28.4887,28.0831,28.1330,27995600
2014-04-07,28.0675,28.1236,27.6618,27.6618,22489600
2014-04-08,27.7305,27.9988,27.6774,27.9395,23288800
2014-04-09,28.0269,28.0862,27.7835,28.0675,14449000
2014-04-10,27.9614,28.1424,27.6182,27.6774,24596600
2014-04-11,27.5401,27.7617,27.5277,27.5994,26911800
2014-04-14,27.8116,28.0332,27.6806,27.9770,19922800
2014-04-15,27.9583,28.3608,27.8709,28.3514,44885800
2014-04-16,28.5168,28.6978,28.4762,28.6915,26073400
2014-04-17,28.7290,29.0410,28.6791,28.9537,37082000
2014-04-21,28.9817,29.1721,28.9287,29.1502,17012800
2014-04-22,29.0691,29.1846,28.9287,29.1034,12690400
2014-04-23,29.1003,29.3375,29.1003,29.2563,17123400
2014-04-24,29.3406,29.4092,29.2126,29.2657,17753000
2014-04-25,29.1846,29.2750,29.0005,29.0910,17744200
2014-04-28,29.1908,29.2158,28.8975,29.1409,22334000
2014-04-29,29.2813,29.5372,29.2657,29.2750,16545200
2014-04-30,29.2095,29.2938,29.0629,29.2501,21643200
2014-05-01,29.2095,29.2875,29.1003,29.1846,21430600
2014-05-02,29.1315,29.4623,29.0910,29.2439,17422000
2014-05-05,29.1346,29.4311,29.0816,29.3811,16074600
2014-05-06,29.4092,29.5808,29.3842,29.4248,14953400
2014-05-07,29.5559,29.7213,29.3905,29.6807,19261800
2014-05-08,29.6214,29.6713,29.2314,29.2563,21932600
2014-05-09,29.2938,29.3468,29.1159,29.2282,17421600
2014-05-12,29.3624,29.4498,29.2719,29.4342,10427800
2014-05-13,29.4904,29.5871,29.4467,29.5434,9977600
2014-05-14,29.5746,29.6495,29.5153,29.5559,9969200
2014-05-15,29.4966,29.5060,29.0036,29.2189,22897600
2014-05-16,29.1658,29.2501,28.9973,29.1440,29622000
2014-05-19,29.0629,29.3125,29.0629,29.2345,10064400
2014-05-20,29.1721,29.2875,29.0941,29.1502,9351200
2014-05-21,29.2844,29.5060,29.2438,29.4654,11714800
2014-05-22,29.4654,29.5933,29.3999,29.4373,13738400
2014-05-23,29.4311,29.5434,29.3718,29.3780,10561200
2014-05-27,29.4623,29.5278,29.3499,29.4592,10114600
2014-05-28,29.4560,29.6089,29.3936,29.5091,15071000
2014-05-29,29.5652,29.7774,29.4841,29.7618,14556600
2014-05-30,29.6807,29.7743,29.5964,29.7400,11916000
2014-06-02,29.7681,29.8742,29.6183,29.7025,10151400
2014-06-03,29.6339,29.8429,29.6308,29.8055,11997200
2014-06-04,29.7556,29.8211,29.6651,29.7899,7373200
2014-06-05,29.7587,30.0114,29.6994,29.9615,12349600
2014-06-06,30.0302,30.2517,30.0302,30.2080,10840000
2014-06-09,30.2486,30.4140,30.1800,30.2548,11304000
2014-06-10,30.2579,30.2829,30.1300,30.2049,7532200
2014-06-11,30.1144,30.3609,30.0489,30.3204,11303400
2014-06-12,30.4545,30.6230,30.3640,30.4202,23739200
2014-06-13,30.5013,30.7135,30.3204,30.7104,19473200
2014-06-16,30.8196,30.9632,30.7634,30.8945,26773800
2014-06-17,30.8321,30.8789,30.6761,30.8727,20091000
2014-06-18,30.8851,31.1348,30.7822,31.1067,29727200
2014-06-19,31.1254,31.3345,31.0380,31.3282,17354000
2014-06-20,31.4894,31.6586,31.3859,31.6398,18192400
2014-06-23,31.7370,31.8248,31.6555,31.7527,15918400
2014-06-24,31.7245,31.7495,31.0160,31.0850,35497000
2014-06-25,30.9564,31.3514,30.9220,31.3201,27720600
2014-06-26,31.3389,31.3796,31.0693,31.3546,16160000
2014-06-27,31.2793,31.3702,31.1728,31.3546,16444200
2014-06-30,31.3326,31.4173,31.2104,31.3796,12589000
2014-07-01,31.4580,31.5552,31.3201,31.3985,13771600
2014-07-02,31.3734,31.4643,31.2856,31.3514,11852800
2014-07-03,31.5019,31.5019,31.2950,31.4705,7337600
2014-07-07,31.4392,31.4423,31.1727,31.2292,13864800
2014-07-08,31.1822,31.2574,31.0568,31.1790,20784600
2014-07-09,31.2292,31.4047,31.1790,31.3859,12816000
2014-07-10,31.1006,31.2009,30.9251,31.0850,29817400
2014-07-11,31.0474,31.0536,30.7652,30.8467,21610400
2014-07-14,30.9972,31.1508,30.9533,31.1132,13740600
2014-07-15,31.0285,31.1069,30.7777,30.9784,19908400
2014-07-16,31.1069,31.4611,31.0975,31.4486,16334800
2014-07-17,31.4235,31.5207,30.9188,30.9408,22035600
2014-07-18,31.0191,31.1100,30.8781,31.0317,16635600
2014-07-21,30.9533,31.1006,30.9063,31.0787,18793400
2014-07-22,31.2166,31.3985,31.1853,31.3013,11955800
2014-07-23,31.3796,31.5050,31.2448,31.5019,13402400
2014-07-24,31.5521,31.6524,31.4235,31.5301,11494400
2014-07-25,31.4173,31.4455,31.2574,31.2981,9605800
2014-07-28,31.2731,31.3264,31.0317,31.2229,14957200
2014-07-29,31.1665,31.3232,31.1289,31.1445,13657600
2014-07-30,31.2919,31.3890,30.8593,30.9596,21560600
2014-07-31,30.7621,30.7778,30.2699,30.2919,34569600
2014-08-01,30.2072,30.3044,29.7872,30.0473,35666600
2014-08-04,30.0411,30.6273,29.9502,30.5520,25793000
2014-08-05,30.4235,30.4862,29.7088,29.8843,32879800
2014-08-06,29.8216,30.3201,29.7684,29.9721,23094000
2014-08-07,30.1257,30.1790,29.6210,29.7840,26513400
2014-08-08,29.8749,30.3138,29.8028,30.2824,23170000
2014-08-11,30.4799,30.5897,30.2636,30.2856,22407200
2014-08-12,30.2417,30.2417,29.9376,30.0630,19996200
2014-08-13,30.2260,30.3232,30.0505,30.1602,12978000
2014-08-14,30.2041,30.2511,29.9439,29.9878,15234800
2014-08-15,30.0473,30.2542,29.9690,30.2104,22150600
2014-08-18,30.3201,30.3828,30.1633,30.2919,17195000
2014-08-19,30.3546,30.5803,30.3326,30.5238,11995400
2014-08-20,30.4862,30.6304,30.3608,30.5897,11895800
2014-08-21,30.6304,30.6461,30.4768,30.6148,11134400
2014-08-22,30.5709,30.5709,30.2856,30.4110,14766800
2014-08-25,30.4956,30.7025,30.4862,30.6806,8758000
2014-08-26,30.7684,30.9941,30.7088,30.8373,11193000
2014-08-27,30.8655,30.9000,30.6931,30.7746,7720200
2014-08-28,30.6806,30.8122,30.6304,30.7809,6209000
2014-08-29,30.8499,30.9690,30.7401,30.9533,10734800
2014-09-02,30.9094,30.9376,30.4298,30.5614,17284600
2014-09-03,30.7652,30.8593,30.6241,30.6429,14381800
2014-09-04,30.7150,30.7276,30.0881,30.2291,24573000
2014-09-05,30.2448,30.4423,30.0379,30.4329,17549800
2014-09-08,30.2825,30.3075,29.8216,29.9596,21956200
2014-09-09,29.9439,30.1289,29.6524,29.8279,19996600
2014-09-10,29.7997,29.7997,29.4078,29.7558,20865400
2014-09-11,29.5176,29.8185,29.3922,29.7746,25011400
2014-09-12,29.6868,29.7150,29.2386,29.3295,30880400
2014-09-15,29.2981,29.6147,29.1508,29.5364,26782600
2014-09-16,29.4956,30.0818,29.4517,29.8937,26910800
2014-09-17,29.9658,30.0223,29.6429,29.7307,22138600
2014-09-18,29.8279,29.8436,29.4987,29.5771,24569200
2014-09-19,29.6379,29.7734,29.5402,29.5529,18949200
2014-09-22,29.5056,29.5213,29.0046,29.1180,21259200
2014-09-23,29.0739,29.3228,29.0267,29.0330,18280200
2014-09-24,29.0140,29.2252,28.5981,29.0582,49479800
2014-09-25,29.0424,29.0550,28.5981,28.6139,26872800
2014-09-26,28.6170,29.1054,28.5162,28.9825,22969600
2014-09-29,28.6139,28.9699,28.5445,28.9164,30908600
2014-09-30,28.8880,28.9573,28.3776,28.5540,43464200
2014-10-01,28.5509,28.6926,27.8828,27.9711,37954600
2014-10-02,27.8072,28.0089,27.3440,27.8261,58485400
2014-10-03,27.9648,27.9805,27.5457,27.7820,40196000
2014-10-06,27.9238,28.0971,27.6087,27.8135,40244400
2014-10-07,27.6654,28.0215,27.4417,27.4512,35798600
2014-10-08,27.3724,27.7442,26.9313,27.7190,71977200
2014-10-09,27.5079,27.5551,26.6256,26.7012,73334800
2014-10-10,26.6225,26.9124,26.0395,26.3263,120948600
2014-10-13,26.2696,26.5910,25.4787,25.5133,95098600
2014-10-14,25.7276,25.9293,25.0564,25.1919,111991200
2014-10-15,24.8642,25.4503,24.4231,25.3841,138939200
2014-10-16,24.8390,26.0963,24.7350,25.8379,119592600
2014-10-17,26.3137,27.0667,25.8379,26.0584,76000000
2014-10-20,26.0364,26.3641,25.9072,26.2853,53005200
2014-10-21,26.5846,27.1455,26.5752,27.0856,62716400
2014-10-22,27.1550,27.3220,26.5563,26.5720,72285000
2014-10-23,26.9470,27.3535,26.8052,27.0667,53116000
2014-10-24,27.0793,27.1266,26.6162,26.9722,50494800
2014-10-27,26.5437,26.5594,26.1341,26.4050,47002800
2014-10-28,26.5437,27.0793,26.3672,27.0069,47250000
2014-10-29,27.3031,27.5299,26.8367,27.0951,53445000
2014-10-30,26.8871,27.1172,26.6855,26.9974,37592000
2014-10-31,27.0541,27.5772,26.8021,27.5457,40528600
2014-11-03,27.5646,27.8576,27.0289,27.1109,53211200
2014-11-04,26.7832,26.7989,26.3200,26.5531,46878200
2014-11-05,26.8210,27.1361,26.6130,27.0195,54890200
2014-11-06,26.8493,27.3661,26.7611,27.3598,46052600
2014-11-07,27.4228,27.8797,27.3692,27.6623,36084000
2014-11-10,27.9018,28.0309,27.3314,27.4134,45906800
2014-11-11,27.4386,27.5614,27.1707,27.4953,34761800
2014-11-12,27.3220,27.6056,27.2212,27.2527,35249200
2014-11-13,27.1077,27.1424,26.4523,26.8903,63176600
2014-11-14,27.0226,27.1959,26.8399,27.1644,35924600
2014-11-17,26.9974,27.1833,26.8966,27.0226,24430200
2014-11-18,27.0132,27.2684,26.9155,27.0447,39360600
2014-11-19,27.0951,27.2810,26.8556,27.1865,29492400
2014-11-20,27.2400,27.5677,27.1676,27.5268,33834600
2014-11-21,28.0026,28.1129,27.6843,27.8860,57370400
2014-11-24,27.7946,27.9459,27.5520,27.6717,33356200
2014-11-25,27.8230,27.8450,27.1833,27.2211,45108000
2014-11-26,27.0951,27.1644,26.8304,26.8777,41746400
2014-11-28,25.7559,25.8379,25.0753,25.1510,85076600
2014-12-01,25.0155,25.3180,24.7886,25.2392,103189000
2014-12-02,25.0596,25.7591,25.0501,25.5133,66469800
2014-12-03,25.6772,26.0301,25.5889,25.8253,63098400
2014-12-04,25.5763,25.7654,25.3715,25.6015,47159000
2014-12-05,25.5448,25.6205,25.1951,25.2959,46886600
2014-12-08,24.9556,25.0501,24.2183,24.2718,82385400
2014-12-09,24.2183,24.6374,24.1364,24.5365,67337800
2014-12-10,24.1521,24.1805,23.6228,23.7803,89067600
2014-12-11,23.7488,24.3695,23.7110,23.7645,71103400
2014-12-12,23.4810,23.7519,23.2825,23.3234,100108600
2014-12-15,23.5156,23.7362,23.0650,23.1154,94962200
2014-12-16,22.9043,24.0387,22.8476,23.3203,114568800
2014-12-17,23.4526,24.5239,23.4085,24.2876,124940400
2014-12-18,24.9115,25.0029,24.1269,24.7539,104527000
2014-12-19,25.0345,25.5767,24.7587,25.5450,93485600
2014-12-22,25.3548,25.4182,25.0219,25.2850,66476200
2014-12-23,25.4689,25.6782,25.2882,25.5926,53058400
2014-12-24,25.4435,25.5038,25.1106,25.4055,28095600
2014-12-26,25.5038,25.6211,25.2882,25.3991,28929200
2014-12-29,25.4562,25.6813,25.3389,25.4911,36448200
2014-12-30,25.4594,25.5133,25.2089,25.2882,38296200
2014-12-31,25.1392,25.3643,24.9489,25.0979,43083800
2015-01-02,24.9616,25.2977,24.8506,25.2153,55498200
2015-01-05,24.8633,24.8728,24.0485,24.1721,90790400
2015-01-06,24.1309,24.3275,23.6490,23.8171,83753200
2015-01-07,24.1056,24.2102,23.7092,23.8678,62384800
2015-01-08,24.0612,24.4607,23.9629,24.4036,56373800
2015-01-09,24.4194,24.4607,23.9914,24.2102,49904200
2015-01-12,23.9027,23.9027,23.3859,23.5127,57881200
2015-01-13,23.6078,23.7917,23.1068,23.3256,68102800
2015-01-14,23.1037,23.4334,22.7327,23.3985,104305000
2015-01-15,23.6744,23.7346,23.0815,23.1005,82692000
2015-01-16,23.2368,23.8836,23.2178,23.8519,85483800
2015-01-20,23.7283,23.8931,23.4398,23.8805,56171600
2015-01-21,24.0548,24.3719,23.8805,24.3655,56661600
2015-01-22,24.5209,24.5558,24.0326,24.4797,66037600
2015-01-23,24.3687,24.6541,24.2673,24.3053,42294800
2015-01-26,24.3877,24.7175,24.1721,24.6541,36724200
2015-01-27,24.4607,24.7555,24.4004,24.6382,43204600
2015-01-28,24.5716,24.5716,23.6205,23.6680,77666800
2015-01-29,23.8583,23.8900,23.2115,23.7473,60247400
2015-01-30,23.5697,24.2260,23.4112,23.9534,87696200
2015-02-02,24.2482,24.6953,24.0834,24.6858,70931400
2015-02-03,24.9711,25.4911,24.9616,25.3611,94055800
2015-02-04,25.0314,25.1740,24.7333,24.9426,82264400
2015-02-05,25.2375,25.4435,25.0853,25.3009,63572400
2015-02-06,25.5006,25.5450,25.1804,25.3072,52269200
2015-02-09,25.4150,25.6243,25.2755,25.3326,40407600
2015-02-10,25.3769,25.3991,24.8602,25.3199,43942600
2015-02-11,24.9965,25.2565,24.8697,25.1423,52393200
2015-02-12,25.4847,25.5894,25.3009,25.4721,52844600
2015-02-13,25.7225,26.0396,25.6559,26.0110,62375800
2015-02-17,25.8874,26.1347,25.7352,26.0903,44251800
2015-02-18,25.8779,25.9825,25.7099,25.7796,38762800
2015-02-19,25.2438,25.8050,25.1296,25.6591,47744000
2015-02-20,25.5894,25.7194,25.3230,25.5355,51283600
2015-02-23,25.2850,25.6369,25.2216,25.4308,39359000
2015-02-24,25.5862,25.6084,25.3357,25.5006,30861400
2015-02-25,25.5196,25.6813,25.3928,25.6401,32051400
2015-02-26,25.4879,25.5006,25.0314,25.1645,38698200
2015-02-27,25.2628,25.2818,25.0282,25.0536,26724400
2015-03-02,25.0028,25.0250,24.6382,24.8792,35957000
2015-03-03,24.8950,25.1201,24.7841,24.9711,24699400
2015-03-04,24.9775,24.9965,24.6604,24.9363,33205600
2015-03-05,24.8728,24.9045,24.7492,24.7872,22489000
2015-03-06,24.6129,24.7397,24.2831,24.3434,38352600
2015-03-09,24.3021,24.5812,24.1690,24.1690,34882200
2015-03-10,23.9756,24.1151,23.8202,23.8329,38061200
2015-03-11,23.8741,24.0009,23.7314,23.9026,26102000
2015-03-12,23.9407,24.0548,23.7410,23.7505,38490000
2015-03-13,23.5951,23.6902,23.4049,23.6617,42023800
2015-03-16,23.5317,24.0009,23.4588,23.9819,33897000
2015-03-17,23.8361,23.9787,23.7156,23.8900,27872600
2015-03-18,23.7346,24.7143,23.6966,24.5843,55507400
2015-03-19,24.2863,24.3909,24.1246,24.1943,46481800
2015-03-20,24.4609,24.6939,24.3651,24.5503,45221200
2015-03-23,24.6045,24.7705,24.4641,24.4641,24320200
2015-03-24,24.5279,24.5662,24.2853,24.3013,29561800
2015-03-25,24.4545,24.8024,24.4290,24.6173,31797000
2015-03-26,24.9014,24.9780,24.4992,24.5886,30637200
2015-03-27,24.4960,24.5439,24.3364,24.3875,23934600
2015-03-30,24.6237,24.9588,24.6141,24.9110,36375600
2015-03-31,24.7226,24.8982,24.5790,24.7641,18807400
2015-04-01,24.8439,24.9716,24.7067,24.7577,26586600
2015-04-02,24.6428,24.9525,24.5854,24.8088,27715400
2015-04-06,24.9525,25.3930,24.8375,25.2557,31086600
2015-04-07,25.2334,25.4440,25.1631,25.2717,28284200
2015-04-08,25.3898,25.4504,25.0578,25.0674,24091400
2015-04-09,25.1344,25.5270,25.1121,25.4696,27750200
2015-04-10,25.5366,25.6228,25.4281,25.5813,17701000
2015-04-13,25.6930,25.7281,25.2844,25.3259,19880600
2015-04-14,25.4919,25.8431,25.4600,25.7824,27440200
2015-04-15,25.9292,26.4527,25.8782,26.3985,40013800
2015-04-16,26.2995,26.5677,26.1303,26.3378,42555000
2015-04-17,26.2133,26.2484,25.9388,26.1463,33834800
2015-04-20,26.1750,26.5325,26.1655,26.2453,25420800
2015-04-21,26.3123,26.3282,25.8590,25.9675,23640800
2015-04-22,26.0346,26.2389,25.8622,26.1399,20259000
2015-04-23,26.1974,26.4879,26.1686,26.3187,25151600
2015-04-24,26.2389,26.2644,26.0442,26.1686,23015200
2015-04-27,26.2772,26.3570,26.0952,26.1399,22651200
2015-04-28,26.1335,26.3187,26.0505,26.2708,22250800
2015-04-29,26.1782,26.5134,26.0952,26.4751,31806200
2015-04-30,26.5740,26.6155,26.2421,26.3921,33104200
2015-05-01,26.4176,26.4974,26.2421,26.4527,22709200
2015-05-04,26.5166,26.6059,26.2516,26.3857,28868400
2015-05-05,26.5836,26.7049,26.0505,26.0601,32152600
2015-05-06,26.2931,26.3985,25.8367,25.9580,32777200
2015-05-07,25.9069,25.9133,25.4855,25.6771,34793200
2015-05-08,25.8814,26.1271,25.5877,26.0984,29030400
2015-05-11,26.1240,26.1367,25.5813,25.6068,36288800
2015-05-12,25.5685,25.8590,25.5238,25.7249,19703000
2015-05-13,25.9484,25.9803,25.5621,25.6579,25069400
2015-05-14,25.7313,25.9037,25.6324,25.6483,19235800
2015-05-15,25.5398,25.8526,25.4760,25.7505,19561200
2015-05-18,25.6994,25.8047,25.5909,25.7728,14459600
2015-05-19,25.6004,25.6260,25.3674,25.4057,27839600
2015-05-20,25.4951,25.5366,25.3068,25.4536,25247600
2015-05-21,25.5973,25.7313,25.5047,25.6930,20174600
2015-05-22,25.5175,25.7154,25.4696,25.6005,12721400
2015-05-26,25.3930,25.4472,25.0993,25.1951,26367200
2015-05-27,25.1791,25.3834,25.0131,25.1504,22750000
2015-05-28,25.0642,25.0961,24.8918,25.0514,24328400
2015-05-29,25.0450,25.1823,24.9620,25.0227,25956200
2015-06-01,25.0865,25.0897,24.9269,24.9588,16974400
2015-06-02,25.0355,25.2525,24.9014,25.1312,20366000
2015-06-03,25.0546,25.2397,24.9237,24.9588,17280600
2015-06-04,24.8280,24.8758,24.6013,24.6205,31892200
2015-06-05,24.5088,25.0131,24.4992,24.7929,37912000
2015-06-08,24.6971,24.8407,24.5949,24.6524,19414600
2015-06-09,24.8024,24.9589,24.6396,24.6492,22066200
2015-06-10,24.9525,25.0227,24.8663,24.9525,19570800
2015-06-11,24.9971,25.0386,24.8184,24.8407,16833000
2015-06-12,24.7003,24.7194,24.5215,24.5630,21009000
2015-06-15,24.3938,24.6364,24.3204,24.5056,16151000
2015-06-16,24.5503,24.7035,24.4321,24.6971,18035200
2015-06-17,24.8280,24.9365,24.5119,24.6364,20827400
2015-06-18,24.7130,24.8248,24.5981,24.6205,25345200
2015-06-19,24.5141,24.6137,24.3824,24.3920,34469800
2015-06-22,24.6137,24.7133,24.5045,24.6909,21154800
2015-06-23,24.6555,24.8162,24.6298,24.7712,14235400
2015-06-24,24.7166,24.8580,24.6073,24.6170,13596600
2015-06-25,24.6105,24.6395,24.3599,24.3663,17371400
2015-06-26,24.3438,24.4531,24.2089,24.4466,23544600
2015-06-29,24.1382,24.2924,23.9646,23.9839,27794400
2015-06-30,24.2057,24.2442,23.9968,24.1510,30341200
2015-07-01,24.1992,24.2089,23.7461,23.8425,27820200
2015-07-02,23.9068,24.0771,23.8875,23.9486,19400400
2015-07-06,23.6337,23.8618,23.5341,23.6337,27018200
2015-07-07,23.5405,23.9325,23.2738,23.8490,41372200
2015-07-08,23.6851,23.8490,23.2706,23.3670,33042600
2015-07-09,23.6883,23.7879,23.4859,23.4859,23912000
2015-07-10,23.6273,23.7751,23.4987,23.6144,26500800
2015-07-13,23.6947,23.8393,23.6305,23.7815,28717600
2015-07-14,23.7140,24.0482,23.7044,23.9518,25308400
2015-07-15,23.8297,23.9486,23.4473,23.5309,25416600
2015-07-16,23.6658,23.7365,23.5180,23.5630,15721400
2015-07-17,23.5405,23.5630,23.1999,23.2770,28192000
2015-07-20,23.3188,23.3220,22.9396,22.9685,27666800
2015-07-21,23.0232,23.2063,22.9075,22.9782,21238000
2015-07-22,22.8850,23.0232,22.7436,22.7918,30418600
2015-07-23,22.8143,22.9589,22.5990,22.7725,22569200
2015-07-24,22.7725,22.7822,22.2520,22.3355,25108200
2015-07-27,22.0495,22.2745,21.9178,22.0142,34393400
2015-07-28,22.0463,22.7661,22.0303,22.6440,37877200
2015-07-29,22.5862,22.9750,22.5155,22.9525,46854600
2015-07-30,22.9043,22.9717,22.6922,22.7918,25254400
2015-07-31,22.5958,22.6279,22.2584,22.2937,43578800
2015-08-03,22.0560,22.1941,21.7796,21.8246,33853200
2015-08-04,21.9210,22.0913,21.6575,21.7507,25525000
2015-08-05,21.9210,22.1620,21.5643,21.5868,36947600
2015-08-06,21.4583,21.9885,21.3008,21.9306,46519200
2015-08-07,21.8407,22.0142,21.4615,21.5386,34163400
2015-08-10,21.5836,22.2423,21.5836,22.2263,38888800
2015-08-11,21.7828,22.2905,21.7411,22.2680,42107800
2015-08-12,22.1909,22.7308,22.0624,22.6729,46966000
2015-08-13,22.5251,22.6087,22.3002,22.3291,39627200
2015-08-14,22.3773,22.5315,22.2295,22.2809,24242400
2015-08-17,22.1716,22.4384,22.0977,22.3291,19064200
2015-08-18,22.2873,22.3451,22.1363,22.2455,22126800
2015-08-19,22.1234,22.1588,21.5290,21.6318,40366000
2015-08-20,21.5740,21.7218,21.1402,21.1434,50673200
2015-08-21,20.9313,21.1595,20.3915,20.4043,50840400
2015-08-24,19.2122,20.1087,18.8748,19.3086,86002200
2015-08-25,20.1569,20.1569,19.0130,19.0291,55393200
2015-08-26,19.5110,19.7071,19.1319,19.6846,79464400
2015-08-27,20.1408,20.7064,20.0669,20.6582,64482800
2015-08-28,20.5875,21.3426,20.5779,21.1273,62926800
2015-08-31,20.9667,21.4840,20.5907,21.3458,72387000
2015-09-01,20.7321,20.9763,20.4172,20.5939,57425200
2015-09-02,20.8863,20.9185,20.3015,20.7835,51057800
2015-09-03,20.9217,21.2880,20.7128,20.8413,43790000
2015-09-04,20.5425,20.6453,20.4108,20.4975,33368400
2015-09-08,20.7192,20.8478,20.4654,20.8189,31255200
2015-09-09,20.9635,21.2141,20.3947,20.4268,36955400
2015-09-10,20.5136,20.6614,20.2308,20.5457,36985600
2015-09-11,20.3401,20.3883,20.0798,20.3626,26688600
2015-09-14,20.2212,20.3112,20.0830,20.1858,24962600
2015-09-15,20.2501,20.4783,20.2469,20.4108,29633200
2015-09-16,20.5746,21.0181,20.5425,20.9892,34433400
2015-09-17,21.0052,21.3490,20.8413,20.9763,39645400
2015-09-18,20.5807,20.7329,20.3024,20.4254,42473800
2015-09-21,20.6422,20.6940,20.4124,20.5419,31379400
2015-09-22,20.2247,20.5387,20.1826,20.3250,34100800
2015-09-23,20.4027,20.4966,20.0531,20.0628,27969400
2015-09-24,19.9074,20.2926,19.7747,20.1502,37824000
2015-09-25,20.3736,20.3736,20.0078,20.1891,31666800
2015-09-28,19.9787,19.9787,19.3669,19.3831,32702800
2015-09-29,19.4769,19.6355,19.2244,19.3539,37762400
2015-09-30,19.5320,19.8848,19.5093,19.8103,32256200
2015-10-01,20.0628,20.2829,19.6711,19.8492,34891000
2015-10-02,19.6226,20.6811,19.5870,20.6681,39859600
2015-10-05,20.9271,21.3641,20.9077,21.2929,47614000
2015-10-06,21.3673,21.9273,21.2540,21.7655,54932800
2015-10-07,22.0439,22.3158,21.5907,22.0406,80006200
2015-10-08,21.9985,22.5521,21.8626,22.4614,54143400
2015-10-09,22.5100,22.5359,22.1766,22.3158,51971400
2015-10-12,22.3514,22.3546,21.8270,22.0277,43492400
2015-10-13,21.8594,22.1248,21.7363,21.7978,41675600
2015-10-14,21.7493,22.0665,21.7007,21.9856,30353400
2015-10-15,21.8852,22.3902,21.8108,22.3805,39016400
2015-10-16,22.4582,22.5165,22.1021,22.4096,40062400
2015-10-19,22.1863,22.1992,21.8496,21.9662,39000400
2015-10-20,21.9209,22.1313,21.8043,22.0277,27513000
2015-10-21,21.9306,22.0374,21.7331,21.7558,29324200
2015-10-22,21.8755,22.2025,21.8658,22.1474,37481400
2015-10-23,22.0439,22.3028,21.9014,22.0957,31262000
2015-10-26,22.0536,22.0536,21.5486,21.5551,23672200
2015-10-27,21.2573,21.3673,21.0760,21.2961,42214600
2015-10-28,21.4450,21.9144,21.2735,21.7687,39513000
2015-10-29,21.6878,22.0827,21.6554,21.8788,19507200
2015-10-30,21.9953,22.2575,21.7363,22.0212,28514400
2015-11-02,21.8885,22.6524,21.8561,22.5359,30773800
2015-11-03,22.6945,23.2836,22.6848,23.1121,42654400
2015-11-04,23.1347,23.1995,22.7333,22.9049,35437600
2015-11-05,22.7916,23.0441,22.6071,22.7107,32467000
2015-11-06,22.5100,22.6848,22.2607,22.5941,27522400
2015-11-09,22.5424,22.7916,22.2769,22.3708,25374000
2015-11-10,22.2769,22.6168,22.1928,22.4193,25370800
2015-11-11,22.4161,22.4485,21.8917,21.9435,28739400
2015-11-12,21.6360,21.7881,21.4062,21.4450,38623000
2015-11-13,21.3738,21.5518,21.1051,21.3576,35559200
2015-11-16,21.3285,22.0924,21.3123,22.0698,34726200
2015-11-17,22.0115,22.1021,21.7461,21.8270,30457800
2015-11-18,21.9791,22.2154,21.7720,22.1863,41903000
2015-11-19,22.0568,22.1766,21.7072,21.8885,37825000
2015-11-20,21.8950,21.9953,21.6328,21.6554,28428000
2015-11-23,21.6360,21.9338,21.4968,21.8108,32814600
2015-11-24,21.9144,22.3773,21.8723,22.2769,37886200
2015-11-25,22.0892,22.2802,21.9597,22.0957,22201200
2015-11-27,21.9176,22.0277,21.8593,21.9370,16752800
2015-11-30,22.0277,22.2316,21.9370,22.0180,35210600
2015-12-01,22.0374,22.2122,21.9824,22.1928,27594000
2015-12-02,22.0471,22.1313,21.4353,21.5065,50856200
2015-12-03,21.6101,21.6813,20.9724,21.0760,48438400
2015-12-04,20.8785,21.0663,20.5484,20.9433,65678600
2015-12-07,20.4254,20.4545,19.8589,20.1470,65600800
2015-12-08,19.7035,20.2117,19.5028,19.9398,54673800
2015-12-09,20.0305,20.6293,19.9172,20.2020,57513800
2015-12-10,20.2117,20.6325,20.0725,20.3315,77829800
2015-12-11,19.9819,20.0564,19.5514,19.5708,58008000
2015-12-14,19.4769,19.7780,19.2665,19.6744,78233200
2015-12-15,19.9528,20.2635,19.9269,20.1696,58140600
2015-12-16,20.0920,20.3024,19.8233,20.0369,57502400
2015-12-17,20.0499,20.0887,19.5449,19.5449,58149600
2015-12-18,19.5652,19.5782,19.1961,19.2026,54278400
2015-12-21,19.2059,19.3757,19.0132,19.2222,48030000
2015-12-22,19.2908,19.5717,19.1961,19.4476,50583000
2015-12-23,19.8395,20.3066,19.7709,20.2935,60421000
2015-12-24,20.3197,20.3458,20.0388,20.1106,14430600
2015-12-28,19.7611,19.8657,19.6436,19.7448,25107800
2015-12-29,20.0845,20.1433,19.7742,19.8820,30212600
2015-12-30,19.6076,19.8885,19.5946,19.6141,30102400
2015-12-31,19.5227,19.8069,19.4606,19.7023,38404800
2016-01-04,19.6501,19.8526,19.3692,19.6958,43617400
2016-01-05,19.6827,19.7938,19.4639,19.7709,31058400
2016-01-06,19.3039,19.3431,18.8498,19.0099,53924200
2016-01-07,18.6408,19.0687,18.4677,18.5461,56163800
2016-01-08,18.7029,18.7453,18.2390,18.3076,38454200
2016-01-11,18.3828,18.4056,17.6903,17.9157,56889400
2016-01-12,18.1933,18.2521,17.4617,17.9581,71188200
2016-01-13,18.1770,18.3076,17.3375,17.5270,67916800
2016-01-14,17.7066,18.4415,17.4290,18.2815,76148600
2016-01-15,17.5172,17.9222,17.4159,17.7524,73760400
2016-01-19,17.8863,17.9712,17.0926,17.3702,71744600
2016-01-20,17.0272,17.1644,16.3087,16.9097,102614800
2016-01-21,16.8901,17.6478,16.7790,17.4355,87341400
2016-01-22,18.0725,18.3305,17.7850,18.2064,77245000
2016-01-25,17.8601,18.3174,17.3441,17.3571,58240000
2016-01-26,17.6707,18.0365,17.4421,18.0137,50709800
2016-01-27,17.8895,18.4285,17.7034,17.9287,72989000
2016-01-28,18.6081,18.6800,18.1051,18.4742,76343800
2016-01-29,18.5069,19.0328,18.4514,19.0132,62996400
2016-02-01,18.6963,18.8368,18.4187,18.6963,55370200
2016-02-02,18.2390,18.3240,17.9810,18.0725,50462400
2016-02-03,18.3338,18.7323,17.6740,18.7159,72881400
2016-02-04,18.7551,19.1079,18.6179,18.7061,74112200
2016-02-05,18.4546,18.5330,18.1182,18.2717,60482000
2016-02-08,17.9091,18.2913,17.6380,18.1770,69613400
2016-02-09,17.9059,18.1247,17.4551,17.7393,74822600
2016-02-10,17.6870,18.0692,17.4780,17.6674,60431600
2016-02-11,17.3604,17.7262,17.1056,17.5923,95973800
2016-02-12,17.8340,18.1345,17.6740,18.0561,51564000
2016-02-16,18.3599,18.4154,17.9712,18.2358,67600400
2016-02-17,18.4546,18.9152,18.3827,18.8335,58560000
2016-02-18,18.9936,19.0230,18.5069,18.5983,57664600
2016-02-19,18.3501,18.5624,18.1933,18.5559,50257600
2016-02-22,18.9086,19.1144,18.8270,19.0295,49416600
2016-02-23,18.8466,18.9380,18.3468,18.3795,42910000
2016-02-24,18.0365,18.6081,17.9875,18.5657,50559600
2016-02-25,18.5101,18.6310,18.2194,18.5820,37177800
2016-02-26,18.8923,18.9446,18.6310,18.6931,42310200
2016-02-29,18.7682,18.8204,18.4644,18.4807,45966600
2016-03-01,18.6114,18.9936,18.4220,18.9642,47286000
2016-03-02,18.8466,19.4410,18.7551,19.4280,53590000
2016-03-03,19.3496,19.7579,19.3398,19.7219,48791200
2016-03-04,19.8330,20.1956,19.6207,19.9114,61103200
2016-03-07,19.9016,20.4013,19.8069,20.3785,66721000
2016-03-08,20.2119,20.2250,19.4900,19.5227,59635200
2016-03-09,19.7873,20.0943,19.5456,19.8395,50935200
2016-03-10,19.7546,19.8787,19.4966,19.8559,57247200
2016-03-11,20.1172,20.4373,20.0943,20.3687,49567200
2016-03-14,20.1139,20.3066,20.0355,20.2347,43532200
2016-03-15,19.9571,20.1988,19.8134,20.1956,43439200
2016-03-16,20.3164,20.5908,20.1760,20.5450,53940800
2016-03-17,20.7116,20.9958,20.5254,20.8259,56321600
2016-03-18,20.9845,21.0042,20.6917,20.8858,60948000
2016-03-21,20.8036,20.9516,20.5832,20.8134,33397000
2016-03-22,20.5700,20.8858,20.5569,20.6983,28360200
2016-03-23,20.5503,20.6259,20.2049,20.2443,37747600
2016-03-24,19.9647,20.3430,19.8693,20.3430,31032000
2016-03-28,20.3496,20.4055,20.0930,20.2345,23129800
2016-03-29,20.0075,20.3463,19.8891,20.3299,28733800
2016-03-30,20.5141,20.5996,20.2509,20.3693,31489600
2016-03-31,20.2904,20.5174,20.2575,20.3595,28092800
2016-04-01,20.0075,20.1457,19.9384,20.0864,29609600
2016-04-04,20.0503,20.2608,19.8792,19.9384,31619000
2016-04-05,19.7706,19.9450,19.7180,19.8035,32097600
2016-04-06,19.9647,20.2345,19.8167,20.2312,36437600
2016-04-07,20.0733,20.2608,19.9450,20.1128,27854200
2016-04-08,20.4911,20.6292,20.4154,20.5174,35333000
2016-04-11,20.6819,20.7444,20.4319,20.4319,32471400
2016-04-12,20.5108,21.1622,20.4680,21.0404,55260800
2016-04-13,21.0306,21.2016,20.8825,21.1391,37405800
2016-04-14,21.2279,21.2312,21.0635,21.1885,34871000
2016-04-15,21.0700,21.1062,20.8760,20.9023,28442400
2016-04-18,20.4713,21.3003,20.4220,21.2477,41371600
2016-04-19,21.3694,21.6951,21.2707,21.6720,34682800
2016-04-20,21.5569,22.0339,21.4878,21.8661,42176600
2016-04-21,21.8957,21.9878,21.6918,21.7378,38670200
2016-04-22,21.7905,22.1359,21.7740,22.0536,31529000
2016-04-25,21.9780,21.9813,21.6424,21.8069,34468600
2016-04-26,21.9319,22.1655,21.8793,22.1556,27171400
2016-04-27,22.2708,22.6260,22.2543,22.5767,43924800
2016-04-28,22.4747,22.6392,22.1556,22.2411,31110400
2016-04-29,22.2905,22.5076,21.8661,22.2050,48214800
2016-05-02,22.1655,22.2576,21.9089,22.1819,30132000
2016-05-03,21.8826,21.9221,21.5240,21.6589,32316200
2016-05-04,21.6720,21.8234,21.2181,21.3464,37210800
2016-05-05,21.7082,21.8267,21.3431,21.5207,28704000
2016-05-06,21.3826,21.7345,21.3266,21.4714,25091000
2016-05-09,21.3497,21.3957,20.8891,21.1589,32041600
2016-05-10,21.2674,21.5372,21.2575,21.5306,20702800
2016-05-11,21.4780,21.7872,21.3036,21.5964,28429600
2016-05-12,21.7905,21.9549,21.4944,21.6556,24954400
2016-05-13,21.5602,21.7247,21.3332,21.3793,24743800
2016-05-16,21.6589,21.8102,21.5964,21.7411,27455400
2016-05-17,21.7444,22.0109,21.6753,21.8431,31674600
2016-05-18,21.8398,21.9122,21.4944,21.6326,41166400
2016-05-19,21.4154,21.6852,21.2148,21.6359,33709800
2016-05-20,21.7017,21.8102,21.5701,21.7642,19667000
2016-05-23,21.6359,21.8036,21.5602,21.7082,20545000
2016-05-24,21.8201,21.9451,21.6819,21.8168,22605800
2016-05-25,21.9484,22.1951,21.9286,22.1622,28511000
2016-05-26,22.2477,22.3431,22.0010,22.0701,21433600
2016-05-27,21.9911,22.0997,21.8694,22.0833,18517400
2016-05-31,22.1359,22.3102,21.8990,21.9977,30812200
2016-06-01,21.7839,22.0701,21.7280,22.0043,33391400
2016-06-02,21.8365,21.9878,21.7543,21.9747,25700000
2016-06-03,21.9747,22.0898,21.7609,21.8892,24315400
2016-06-06,22.1030,22.3925,22.0635,22.3727,36447600
2016-06-07,22.4451,22.9386,22.4385,22.8793,31236600
2016-06-08,23.0175,23.1129,22.7642,22.8267,36259400
2016-06-09,22.5635,22.7675,22.5405,22.6523,24681200
2016-06-10,22.4188,22.5635,22.1326,22.1622,28980400
2016-06-13,22.0536,22.3958,22.0306,22.0964,23147600
2016-06-14,22.0043,22.1951,21.8332,22.0833,24405000
2016-06-15,22.0010,22.2971,21.8760,22.0306,33659000
2016-06-16,21.7938,21.9582,21.4944,21.9253,39987400
2016-06-17,22.1525,22.1922,22.0200,22.1492,34871800
2016-06-20,22.4671,22.5167,22.3214,22.3412,21826400
2016-06-21,22.2916,22.6525,22.2254,22.6061,22444600
2016-06-22,22.7055,22.7055,22.4605,22.4803,20516400
2016-06-23,22.7154,22.8578,22.6293,22.8512,19077000
2016-06-24,21.9704,22.3677,21.9505,22.1128,53759800
2016-06-27,21.8114,21.8313,21.2287,21.4042,43319400
2016-06-28,21.8048,22.0035,21.6790,22.0002,29100800
2016-06-29,22.1359,22.5498,22.1359,22.4174,32708800
2016-06-30,22.3214,22.6095,22.2750,22.5962,24264600
2016-07-01,22.5697,22.7982,22.5532,22.7154,25357600
2016-07-05,22.4108,22.4902,22.0366,22.2585,30139800
2016-07-06,22.1293,22.3710,21.9770,22.3545,31795000
2016-07-07,22.4869,22.6293,21.9704,22.1260,28195600
2016-07-08,22.3247,22.5002,22.2022,22.4207,23135800
2016-07-11,22.5399,22.6459,22.4439,22.4638,19500800
2016-07-12,22.8015,23.1194,22.7552,23.0201,31049000
2016-07-13,22.9538,23.0796,22.6094,22.8214,25092400
2016-07-14,23.0002,23.0565,22.8711,22.9373,21797200
2016-07-15,23.0200,23.0730,22.8379,22.9240,18259000
2016-07-18,22.8578,22.9505,22.7121,22.9406,18802200
2016-07-19,22.8843,22.9207,22.7253,22.8114,13983800
2016-07-20,22.7187,22.8909,22.5300,22.7783,23110000
2016-07-21,22.7154,22.9240,22.4969,22.5532,18513800
2016-07-22,22.6028,22.6591,22.4770,22.6227,15981200
2016-07-25,22.4737,22.5234,22.0896,22.1724,25543400
2016-07-26,22.0432,22.3214,22.0300,22.3015,24787800
2016-07-27,22.3313,22.4936,21.9869,22.0830,32355800
2016-07-28,22.0565,22.1922,21.9306,22.0863,21727000
2016-07-29,21.7717,22.3379,21.7518,22.3114,33003600
2016-08-01,22.1161,22.1326,21.5002,21.5763,61297000
2016-08-02,21.7287,21.8777,21.3810,21.7717,51200200
2016-08-03,21.7750,22.2022,21.6889,22.1922,47811200
2016-08-04,22.1095,22.3114,22.0333,22.1591,33580400
2016-08-05,22.1724,22.3909,22.1326,22.3611,22853600
2016-08-08,22.5167,22.8114,22.5101,22.6591,43326800
2016-08-09,22.7220,22.7585,22.4505,22.5399,22256800
2016-08-10,22.5863,22.6360,22.2485,22.2949,36073600
2016-08-11,22.3909,22.7187,22.3412,22.6227,34859400
2016-08-12,22.6823,22.8181,22.6227,22.7485,20379400
2016-08-15,22.8777,22.9770,22.8114,22.9307,21406800
2016-08-16,22.8909,23.0399,22.7518,22.9671,20485600
2016-08-17,22.8545,23.0499,22.8313,23.0366,29439000
2016-08-18,23.1161,23.5101,23.0929,23.5101,48297000
2016-08-19,23.4340,23.4340,23.2287,23.3148,22091400
2016-08-22,23.1128,23.1558,22.9406,23.0465,28273400
2016-08-23,23.0465,23.2684,23.0465,23.2088,24912400
2016-08-24,23.0797,23.2320,23.0565,23.1161,32905200
2016-08-25,23.0797,23.1492,22.9770,23.0532,23791600
2016-08-26,23.0929,23.2717,22.8644,22.9737,29150200
2016-08-29,22.9075,23.1492,22.8810,23.1293,14788000
2016-08-30,23.1823,23.2717,22.9638,23.0499,14265800
2016-08-31,22.9207,22.9538,22.5598,22.6856,26465600
2016-09-01,22.5896,22.6724,22.4406,22.6194,33337000
2016-09-02,22.8412,22.9307,22.7320,22.8744,21588800
2016-09-06,22.9340,23.2386,22.9141,23.2187,25688200
2016-09-07,23.3247,23.4009,23.2220,23.3512,30189000
2016-09-08,23.5002,23.8214,23.3876,23.7883,36010600
2016-09-09,23.5664,23.6393,23.0797,23.0797,43543600
2016-09-12,22.9174,23.4273,22.8744,23.3081,43945800
2016-09-13,23.0532,23.0631,22.5763,22.6426,49160800
2016-09-14,22.6161,22.8876,22.3181,22.3744,52940400
2016-09-15,22.4638,22.8181,22.4273,22.6525,32954800
2016-09-16,22.3230,22.5529,22.3230,22.4696,34788800
2016-09-19,22.6528,22.7161,22.4530,22.4563,23595000
2016-09-20,22.4296,22.5829,22.2764,22.2931,28265800
2016-09-21,22.4863,22.8194,22.4596,22.8094,40521800
2016-09-22,23.0559,23.1392,22.8161,22.8361,26631800
2016-09-23,22.7261,22.9327,22.4030,22.5329,46150400
2016-09-26,22.6095,22.7295,22.3897,22.4330,26480400
2016-09-27,22.2098,22.3430,22.0332,22.2831,38820400
2016-09-28,22.4130,23.2791,22.2231,23.2458,82286800
2016-09-29,23.2292,23.4690,22.9960,23.2058,54003200
2016-09-30,23.3691,23.6456,23.2192,23.5223,29429000
2016-10-03,23.5623,23.5989,23.3091,23.5056,26309800
2016-10-04,23.5256,23.5823,23.1725,23.2658,23705600
2016-10-05,23.5023,23.7322,23.4790,23.6223,26702400
2016-10-06,23.6922,23.7688,23.4457,23.6589,22351600
2016-10-07,23.6622,23.7622,23.4523,23.5223,23488800
2016-10-10,23.5223,23.9787,23.5223,23.8921,23069000
2016-10-11,23.8088,23.8488,23.4890,23.6189,27424400
2016-10-12,23.5190,23.6023,23.3191,23.5190,20878200
2016-10-13,23.3724,23.5090,23.0826,23.3890,27086800
2016-10-14,23.5090,23.5856,23.2358,23.2525,22744800
2016-10-17,23.2591,23.3324,23.0126,23.1392,14850000
2016-10-18,23.3691,23.4190,23.1292,23.2325,13890200
2016-10-19,23.4124,23.7422,23.3891,23.5623,28631800
2016-10-20,23.4224,23.6322,23.2924,23.5356,24989000
2016-10-21,23.3824,23.4224,23.2458,23.3824,28477000
2016-10-24,23.3824,23.4623,23.0559,23.3124,21336800
2016-10-25,23.3058,23.5556,23.1659,23.2058,26454200
2016-10-26,22.9993,23.3557,22.9593,23.2591,35735600
2016-10-27,23.3591,23.3924,23.1659,23.1725,28412600
2016-10-28,23.1325,23.4623,22.9626,23.1092,37116800
2016-10-31,23.0259,23.1492,22.8194,22.8594,25947600
2016-11-01,23.0293,23.1092,22.6129,22.8627,37649600
2016-11-02,22.6462,22.7261,22.3197,22.6095,45966000
2016-11-03,22.6095,22.7394,22.4863,22.6995,25496200
2016-11-04,22.5862,22.8061,22.4396,22.5762,35108200
2016-11-07,22.8327,23.0759,22.8327,23.0626,29599000
2016-11-08,22.9493,23.2225,22.9160,23.0926,22417400
2016-11-09,23.1725,23.6422,22.9027,23.4690,51987600
2016-11-10,23.4524,23.7455,23.3724,23.5689,41269600
2016-11-11,23.4290,23.4757,22.9493,23.1392,35319400
2016-11-14,23.0559,23.2924,22.9293,23.2691,25144000
2016-11-15,23.4723,23.9387,23.4523,23.9254,38457400
2016-11-16,23.8721,24.0320,23.6855,23.7588,33218200
2016-11-17,23.9587,24.1153,23.5390,23.5989,20676000
2016-11-18,23.6822,23.8288,23.5623,23.6955,23924600
2016-11-21,24.0287,24.2852,24.0287,24.2585,33750800
2016-11-22,24.2652,24.3851,23.9520,24.2452,32026400
2016-11-23,24.1286,24.4217,24.1019,24.3451,22924000
2016-11-25,24.2419,24.2952,24.1053,24.2252,17583600
2016-11-28,24.3418,24.3485,23.8454,23.8887,37580200
2016-11-29,23.5256,23.7388,23.3424,23.5956,36723400
2016-11-30,24.4151,25.0247,24.4151,24.7949,89709600
2016-12-01,25.2546,25.3379,24.8348,24.8548,54764800
2016-12-02,24.8415,25.0447,24.7716,24.9281,36677600
2016-12-05,25.1546,25.3512,25.0480,25.1480,45070200
2016-12-06,24.9947,25.2013,24.8448,25.1013,33927000
2016-12-07,25.0447,25.3379,25.0447,25.3012,32016600
2016-12-08,25.3678,25.4711,25.1713,25.4378,29200400
2016-12-09,25.5711,25.5711,25.3712,25.5178,17949600
2016-12-12,26.0841,26.1340,25.5311,25.6377,32260400
2016-12-13,25.8309,26.1141,25.5944,25.9275,32057200
2016-12-14,25.8042,25.9075,25.3379,25.4078,39702800
2016-12-15,25.3012,25.5577,25.1580,25.4644,40503600
2016-12-16,25.6460,25.6460,25.4919,25.6225,35729800
2016-12-19,25.5957,25.6426,25.4551,25.5053,14226400
2016-12-20,25.6359,25.6694,25.3781,25.4484,17964200
2016-12-21,25.5020,25.6058,25.3613,25.4886,16205400
2016-12-22,25.5053,25.6594,25.4551,25.5924,21940800
2016-12-23,25.5522,25.6225,25.5120,25.5689,12796200
2016-12-27,25.6091,25.7129,25.5857,25.6259,20017800
2016-12-28,25.6828,25.6928,25.3278,25.3479,16187400
2016-12-29,25.3111,25.3847,25.2072,25.2977,13394800
2016-12-30,25.2742,25.4149,25.1436,25.2240,17706600
2017-01-03,25.4886,25.7230,25.2374,25.5087,49246200
2017-01-04,25.5287,25.5756,25.3713,25.4551,22371000
2017-01-05,25.4718,25.5656,25.2709,25.3914,22282400
2017-01-06,25.4718,25.5020,25.2474,25.4149,14821000
2017-01-09,25.2474,25.2709,25.0097,25.0465,21921800
2017-01-10,25.0264,25.0834,24.7987,24.8188,19321600
2017-01-11,24.9058,25.1336,24.8020,25.0867,26254000
2017-01-12,25.2273,25.2541,24.8824,24.9829,21791200
2017-01-13,24.9494,25.0030,24.8456,24.9092,19813400
2017-01-17,24.9862,25.1235,24.9661,25.0633,19566000
2017-01-18,24.9259,25.0733,24.8958,25.0063,17450400
2017-01-19,25.0063,25.0164,24.8087,24.8690,18001800
2017-01-20,25.0298,25.1135,24.8791,24.9628,18364400
2017-01-23,24.8489,24.8992,24.5777,24.6982,30414000
2017-01-24,24.7953,25.0766,24.7485,24.9695,23714400
2017-01-25,24.9762,25.1771,24.9695,25.1001,18820600
2017-01-26,25.1805,25.2206,25.0666,25.1202,17303400
2017-01-27,24.9661,24.9929,24.7853,24.8590,19901800
2017-01-30,24.7451,24.7585,24.2327,24.4035,26572800
2017-01-31,24.4169,24.4538,24.1557,24.4136,28014800
2017-02-01,24.5442,24.5777,24.0820,24.2327,36848600
2017-02-02,24.2729,24.4136,24.0787,24.3700,25760200
2017-02-03,24.4671,24.7083,24.3231,24.5810,23657200
2017-02-06,24.5810,24.6647,24.3031,24.3734,21043400
2017-02-07,24.2662,24.3801,23.9012,24.0284,28315600
2017-02-08,24.0284,24.1389,23.6601,24.0854,32296800
2017-02-09,24.2294,24.4303,24.2294,24.3566,18523200
2017-02-10,24.5509,24.6781,24.4671,24.5408,20810800
2017-02-13,24.4906,24.5978,24.4437,24.5877,15969800
2017-02-14,24.6580,24.6781,24.3600,24.6681,21543400
2017-02-15,24.5944,24.7016,24.4906,24.5710,17853200
2017-02-16,24.5944,24.6279,24.1992,24.2361,22750800
2017-02-17,24.1122,24.1825,24.0251,24.1021,23290000
2017-02-21,24.3298,24.3968,24.2294,24.2662,23605000
2017-02-22,24.1524,24.1791,23.8811,23.8978,23078800
2017-02-23,24.1658,24.2059,23.8476,23.9983,34780200
2017-02-24,23.8242,23.9146,23.6534,23.7739,27995200
2017-02-27,23.7974,24.0820,23.7572,23.9782,47372800
2017-02-28,23.9079,24.0184,23.8376,23.9045,28036800
2017-03-01,24.1256,24.4939,24.1088,24.3834,37995200
2017-03-02,24.2629,24.3834,24.1423,24.1524,21540600
2017-03-03,24.1925,24.2830,24.0552,24.1088,22333000
2017-03-06,24.0686,24.1959,23.9748,24.1624,16749400
2017-03-07,24.2495,24.2562,23.9179,23.9481,22923600
2017-03-08,23.8509,23.9916,23.3151,23.3252,51132400
2017-03-09,23.2080,23.4926,23.0706,23.4792,55541400
2017-03-10,23.6299,23.6601,23.3084,23.4457,34958600
2017-03-13,23.4223,23.5629,23.3687,23.4491,26157600
2017-03-14,23.2682,23.2716,22.9802,23.1845,52769600
2017-03-15,23.3821,23.7538,23.2682,23.7002,46410000
2017-03-16,23.7505,23.7505,23.4658,23.5328,32555000
2017-03-17,23.6302,23.6807,23.5156,23.5156,28487800
2017-03-20,23.4381,23.5325,23.2966,23.4819,24437400
2017-03-21,23.5931,23.6100,23.2293,23.3168,33434400
2017-03-22,23.2461,23.3910,23.1518,23.2832,24839200
2017-03-23,23.2158,23.3876,23.1652,23.1888,23600800
2017-03-24,23.2225,23.2730,23.0541,23.0979,20885000
2017-03-27,22.8789,23.0541,22.8620,22.9901,22982600
2017-03-28,23.0237,23.3741,22.9698,23.3168,55845200
2017-03-29,23.3135,23.6773,23.2495,23.6369,37150400
2017-03-30,23.7851,23.8424,23.5695,23.6302,31824600
2017-03-31,23.5527,23.6975,23.4415,23.5493,39722400
2017-04-03,23.5864,23.6032,23.2731,23.5089,26266600
2017-04-04,23.5594,23.7009,23.3337,23.6807,25948000
2017-04-05,23.8795,24.0850,23.5729,23.6066,45467400
2017-04-06,23.7009,23.8626,23.6369,23.7952,26249400
2017-04-07,23.8087,23.8727,23.6672,23.7043,25160600
2017-04-10,23.8357,23.9907,23.7851,23.8828,21641800
2017-04-11,23.9199,23.9300,23.6302,23.8862,27783000
2017-04-12,23.9098,24.0614,23.7110,23.7851,22907200
2017-04-13,23.7649,23.7818,23.2966,23.3505,35312000
2017-04-17,23.3438,23.4247,23.2865,23.4011,16024400
2017-04-18,23.2966,23.4516,23.1349,23.1821,29500600
2017-04-19,23.2394,23.2832,22.7812,22.8418,36250800
2017-04-20,22.9092,23.1214,22.8856,22.9530,32470800
2017-04-21,22.8553,22.9530,22.7239,22.8385,28232200
2017-04-24,23.0069,23.0675,22.9025,22.9732,26701400
2017-04-25,23.0305,23.2225,22.9597,23.1686,31182000
2017-04-26,23.0608,23.4044,23.0507,23.0911,37475200
2017-04-27,22.9126,22.9362,22.6094,22.8385,41095400
2017-04-28,23.0338,23.0743,22.8216,22.8553,28852000
2017-05-01,22.8486,22.9126,22.7408,22.7913,18838800
2017-05-02,22.8385,22.9126,22.5824,22.6767,32871200
2017-05-03,22.6262,22.8486,22.5622,22.7407,33869600
2017-05-04,22.5824,22.6094,22.1781,22.3230,67889000
2017-05-05,22.3365,22.7138,22.3264,22.6767,37487600
2017-05-08,22.6734,22.8789,22.6532,22.8385,37897400
2017-05-09,22.8856,22.8856,22.5824,22.6498,21439400
2017-05-10,22.7812,23.0574,22.7610,22.9496,36518400
2017-05-11,23.0305,23.0709,22.8688,22.9025,23937400
2017-05-12,22.8856,22.9294,22.7576,22.8250,21417200
2017-05-15,23.1652,23.2023,22.9294,23.0035,26413800
2017-05-16,23.1113,23.1113,22.8081,22.8890,23386800
2017-05-17,22.7542,22.9496,22.6532,22.6633,31213600
2017-05-18,22.5622,22.7677,22.4780,22.6565,28230000
2017-05-19,22.7677,22.9833,22.7138,22.9362,31249000
2017-05-22,23.0574,23.0709,22.8048,22.8856,20678400
2017-05-23,22.9463,22.9698,22.8182,22.9395,18173600
2017-05-24,22.9126,22.9833,22.7138,22.8182,26961400
2017-05-25,22.7610,22.9867,22.3230,22.4038,46658400
2017-05-26,22.4038,22.4611,22.2960,22.4409,26398200
2017-05-30,22.3230,22.3230,22.1310,22.1411,29058200
2017-05-31,21.9659,22.1141,21.9322,22.0467,32186000
2017-06-01,22.0568,22.2657,21.9861,22.1849,35967400
2017-06-02,22.0838,22.0905,21.8345,21.9288,33085000
2017-06-05,21.8614,22.0501,21.8547,21.9692,25105000
2017-06-06,21.9558,22.2657,21.9052,22.2287,29670600
2017-06-07,22.1377,22.2455,21.7637,21.9153,45884200
2017-06-08,21.8109,22.0130,21.8042,21.8513,39138600
2017-06-09,21.9019,22.4510,21.8985,22.3769,46368400
2017-06-12,22.5757,22.7576,22.4881,22.5352,45848800
2017-06-13,22.6026,22.7340,22.4948,22.7037,31615800
2017-06-14,22.6430,22.6430,22.1208,22.2927,60560400
2017-06-15,22.1916,22.3028,22.0265,22.1242,38517800
2017-06-16,22.2562,22.5004,22.1137,22.4902,49242000
2017-06-19,22.4394,22.4868,22.2901,22.3478,31356800
2017-06-20,22.0900,22.1239,21.8152,22.0628,32126800
2017-06-21,21.9950,22.1239,21.5879,21.7066,54611000
2017-06-22,21.7168,21.8796,21.6049,21.6931,30863200
2017-06-23,21.6965,21.8627,21.6354,21.8389,29111000
2017-06-26,21.9068,21.9475,21.7033,21.7915,27206800
2017-06-27,21.8695,21.9678,21.7541,21.7575,28455000
2017-06-28,21.7847,22.0086,21.7711,21.8763,33719800
2017-06-29,21.9407,22.1646,21.8763,21.9237,38044800
2017-06-30,22.0832,22.1239,21.8796,22.0221,39286400
2017-07-03,22.1001,22.5513,22.0764,22.4461,36805600
2017-07-05,22.3342,22.3546,21.9068,21.9916,41976400
2017-07-06,22.0289,22.0934,21.6999,21.7473,41367200
2017-07-07,21.6761,21.7440,21.4692,21.7134,32073400
2017-07-10,21.6829,21.8355,21.6354,21.7847,28307600
2017-07-11,21.8220,21.9814,21.6863,21.9034,23799600
2017-07-12,22.1205,22.1748,21.8695,21.9644,29637200
2017-07-13,21.9814,22.0696,21.8593,22.0526,20113600
2017-07-14,22.0662,22.2256,22.0459,22.1849,20545000
2017-07-17,22.1442,22.3105,22.1239,22.1578,24429800
2017-07-18,22.2697,22.2765,21.9611,22.0526,29913600
2017-07-19,22.0289,22.3953,22.0119,22.3749,49605400
2017-07-20,22.5004,22.5818,22.2460,22.3071,34318600
2017-07-21,22.2324,22.3376,22.0560,22.0866,26095200
2017-07-24,22.1341,22.1680,21.9950,22.0459,20866800
2017-07-25,22.3105,22.4835,22.2596,22.3240,30958600
2017-07-26,22.4495,22.6056,22.2867,22.3478,42422800
2017-07-27,22.3545,22.5852,22.2528,22.5750,31631800
2017-07-28,22.5004,22.7718,22.4631,22.5479,29530000
2017-07-31,22.5547,22.7277,22.4936,22.5988,27039000
2017-08-01,22.6124,22.7243,22.4970,22.5954,25337400
2017-08-02,22.4801,22.6022,22.2799,22.5106,30237000
2017-08-03,22.4733,22.5106,22.0967,22.1951,30655600
2017-08-04,22.2053,22.3274,22.1544,22.2664,18742000
2017-08-07,22.1714,22.2121,22.0289,22.0967,22874600
2017-08-08,22.0323,22.2392,21.9814,22.0459,20858200
2017-08-09,22.0798,22.2053,21.9848,22.0662,20875800
2017-08-10,22.1035,22.1408,21.7948,21.8322,30524200
2017-08-11,21.7643,21.8864,21.6693,21.6897,31981800
2017-08-14,21.7304,21.8254,21.5981,21.6252,22813400
2017-08-15,21.6592,21.6592,21.4183,21.5438,25451200
2017-08-16,21.5506,21.6117,21.2928,21.3369,33166600
2017-08-17,21.2521,21.3335,21.0282,21.0350,29593800
2017-08-18,20.9807,21.2826,20.9671,21.1401,37265400
2017-08-21,21.1096,21.1198,20.9638,21.0316,20750400
2017-08-22,21.0893,21.2182,21.0757,21.1707,30343600
2017-08-23,21.1266,21.3708,21.1062,21.2623,23052000
2017-08-24,21.1876,21.3267,21.1809,21.2758,20781000
2017-08-25,21.3165,21.4556,21.3098,21.3708,16440400
2017-08-28,21.3810,21.4522,21.1605,21.2758,19912000
2017-08-29,21.1741,21.2758,21.0926,21.2487,17454200
2017-08-30,21.1673,21.3233,21.1062,21.2589,17328800
2017-08-31,21.3505,21.4149,21.2792,21.3606,20667400
2017-09-01,21.3946,21.6388,21.3403,21.5676,23191000
2017-09-05,21.6558,21.7914,21.5336,21.6863,36229600
2017-09-06,21.7948,22.1001,21.7847,22.0391,34104200
2017-09-07,22.0493,22.1341,21.9339,22.0798,17280600
2017-09-08,22.0323,22.0459,21.7440,21.8457,20529400
2017-09-11,21.9305,22.0832,21.8796,22.0526,27102200
2017-09-12,22.1171,22.2358,22.0594,22.1883,18819400
2017-09-13,22.2358,22.4801,22.2121,22.4665,31786600
2017-09-14,22.5106,22.7277,22.5072,22.5750,29166800
2017-09-15,22.6214,22.6283,22.4771,22.6283,26136200
2017-09-18,22.5768,22.7383,22.5596,22.7246,25167000
2017-09-19,22.7727,22.8517,22.7280,22.8173,21008600
2017-09-20,22.8826,23.0339,22.8620,22.9720,36547600
2017-09-21,22.9411,23.0373,22.8758,22.9789,17748200
2017-09-22,22.9583,23.1610,22.9342,23.0957,29295800
2017-09-25,23.2023,23.4978,23.1782,23.4291,29667600
2017-09-26,23.3707,23.4635,23.3054,23.4188,21421400
2017-09-27,23.4394,23.5253,23.3088,23.5185,21836400
2017-09-28,23.5700,23.6800,23.4738,23.5391,23599800
2017-09-29,23.4566,23.5391,23.3810,23.5356,28575000
2017-10-02,23.2848,23.5356,23.1954,23.5288,24833600
2017-10-03,23.4978,23.5838,23.4532,23.5047,14479600
2017-10-04,23.5047,23.5734,23.4050,23.4875,20395200
2017-10-05,23.5047,23.6319,23.4910,23.5941,20323600
2017-10-06,23.3707,23.5013,23.3157,23.3947,23926600
2017-10-09,23.4222,23.5150,23.3947,23.4429,11528200
2017-10-10,23.6078,23.6903,23.4394,23.4635,15527400
2017-10-11,23.4360,23.5322,23.3397,23.5185,20574000
2017-10-12,23.3397,23.4635,23.3019,23.4325,20362200
2017-10-13,23.5700,23.6388,23.4050,23.4188,17787400
2017-10-16,23.4910,23.6078,23.4222,23.4703,15333800
2017-10-17,23.4635,23.5322,23.3569,23.4841,16754200
2017-10-18,23.4669,23.5631,23.2916,23.3191,15412600
2017-10-19,23.1576,23.3432,23.1473,23.2470,15183800
2017-10-20,23.2985,23.3054,23.1370,23.2916,19640400
2017-10-23,23.3088,23.3844,23.1507,23.1713,17310600
2017-10-24,23.2538,23.3191,23.1679,23.2160,19640400
2017-10-25,23.1748,23.2435,22.9823,23.0545,27045400
2017-10-26,23.0648,23.1782,22.9651,23.1026,18724400
2017-10-27,22.9823,23.2676,22.8001,23.1438,32376000
2017-10-30,22.9823,23.3294,22.9823,23.2641,23229600
2017-10-31,23.2745,23.4257,23.1713,23.3398,19298000
2017-11-01,23.4807,23.7144,23.4703,23.6044,34612600
2017-11-02,23.6044,23.6697,23.3947,23.5356,22656600
2017-11-03,23.5253,23.6972,23.5013,23.6044,22223800
2017-11-06,23.7109,24.1749,23.6697,24.1440,38200000
2017-11-07,24.1852,24.2196,23.9859,24.1130,26820600
2017-11-08,24.0546,24.1165,23.8621,23.9962,28493200
2017-11-09,23.9034,24.1096,23.8690,24.0684,25977800
2017-11-10,24.0271,24.0477,23.7590,23.9412,21068400
2017-11-13,23.8759,23.9653,23.7762,23.8037,14979600
2017-11-14,23.7144,23.7144,23.3913,23.4188,33055400
2017-11-15,23.2091,23.2573,23.0579,23.1542,35386200
2017-11-16,23.0820,23.1645,22.9961,23.0614,25028000
2017-11-17,23.1060,23.2229,23.0476,23.1748,18344800
2017-11-20,23.1473,23.1679,23.0167,23.1198,15570600
2017-11-21,23.2091,23.3019,23.1232,23.1713,16928800
2017-11-22,23.3088,23.3569,23.2504,23.2641,18615000
2017-11-24,23.3569,23.4050,23.3260,23.3294,9981400
2017-11-27,23.2298,23.2573,23.0442,23.0923,21191600
2017-11-28,23.1163,23.3054,23.0889,23.2710,24226600
2017-11-29,23.2607,23.4428,23.2126,23.3982,27198600
2017-11-30,23.4532,23.7934,23.4532,23.7487,44607200
2017-12-01,23.9171,24.1130,23.6937,23.9481,42376600
2017-12-04,24.1508,24.3158,23.8621,23.9378,27151800
2017-12-05,23.9378,24.0237,23.8072,23.8347,21379600
2017-12-06,23.7659,23.8072,23.4910,23.5253,24122400
2017-12-07,23.5013,23.6353,23.4807,23.5941,17280000
2017-12-08,23.7144,23.8209,22.9205,23.8106,21393400
2017-12-11,23.8553,24.1062,23.8415,23.9824,22633400
2017-12-12,23.9171,24.1027,23.8862,23.9171,23516400
2017-12-13,23.9171,23.9721,23.8140,23.8828,18432000
2017-12-14,23.7934,23.9653,23.7865,23.7969,23565600
2017-12-15,23.9657,23.9657,23.7443,23.7754,20306800
2017-12-18,23.8342,24.0799,23.8273,23.9588,19321400
2017-12-19,24.0695,24.1318,23.9380,23.9934,13528400
2017-12-20,24.0729,24.3739,24.0003,24.3324,24509000
2017-12-21,24.3428,24.9206,24.3186,24.8479,33606200
2017-12-22,24.8756,25.0002,24.7718,24.8998,21321600
2017-12-26,24.9898,25.1593,24.9379,25.1178,17262200
2017-12-27,25.1212,25.1316,24.9828,25.0347,21710600
2017-12-28,25.0313,25.0728,24.9863,25.0728,15933600
2017-12-29,25.1385,25.1524,24.9586,25.0002,14712800
2018-01-02,25.1247,25.4395,25.0451,25.4119,29782800
2018-01-03,25.4638,25.8582,25.4361,25.7924,38599200
2018-01-04,25.7751,25.9654,25.6817,25.9481,28613600
2018-01-05,25.9135,25.9585,25.7232,25.9377,28408800
2018-01-08,25.9274,26.1073,25.8582,26.0934,19558400
2018-01-09,26.1453,26.1523,25.9862,26.0277,18469000
2018-01-10,26.1038,26.1211,25.9758,25.9966,21644000
2018-01-11,26.0865,26.6228,25.9931,26.5294,36179000
2018-01-12,26.5363,26.8546,26.5363,26.7854,39638400
2018-01-16,26.8477,26.8650,26.3979,26.4463,33789800
2018-01-17,26.5224,26.7923,26.3495,26.6781,28014800
2018-01-18,26.5778,26.6435,26.4117,26.4602,23029200
2018-01-19,26.4013,26.4359,26.2526,26.4256,25925400
2018-01-22,26.4602,27.0068,26.4532,26.9964,34033400
2018-01-23,27.0483,27.0760,26.8200,26.9549,20369800
2018-01-24,26.9860,27.1210,26.7888,26.8822,25839400
2018-01-25,27.0172,27.0172,26.6228,26.6712,23436800
2018-01-26,26.7300,26.8615,26.6747,26.8165,15570600
2018-01-29,26.7093,26.8027,26.3702,26.4117,25294400
2018-01-30,26.1903,26.2630,25.8582,25.8789,45503600
2018-01-31,25.9481,25.9931,25.7163,25.8962,31450600
2018-02-01,25.9308,26.1799,25.7855,26.1626,36023200
2018-02-02,25.6817,25.7440,24.9310,25.0693,62010800
2018-02-05,24.7337,25.0486,23.6232,24.0176,69535200
2018-02-06,23.6059,24.3809,23.4917,24.2079,65630400
2018-02-07,24.2840,24.5884,23.7996,23.8031,49207400
2018-02-08,23.8273,23.9242,23.0731,23.0835,55542200
2018-02-09,23.3568,23.3810,22.2981,23.0661,70348200
2018-02-12,23.3637,23.7027,23.2530,23.4433,49913800
2018-02-13,23.3222,23.4467,23.1838,23.3464,24570000
2018-02-14,23.1180,23.7546,23.0627,23.6854,39513800
2018-02-15,23.7339,23.7512,23.2461,23.6266,32938800
2018-02-16,23.5263,23.7892,23.4260,23.5678,27582200
2018-02-20,23.6162,23.7892,23.3325,23.4398,35616200
2018-02-21,23.3706,23.5886,23.0454,23.0454,25090800
2018-02-22,23.2115,23.6405,23.1526,23.2979,30660600
2018-02-23,23.4121,23.8204,23.3706,23.8031,31369600
2018-02-26,23.9242,23.9934,23.8065,23.9449,24312800
2018-02-27,23.9934,24.1836,23.6301,23.6335,26931400
2018-02-28,23.7581,23.8446,23.0800,23.0904,35244000
2018-03-01,23.0661,23.4190,22.8897,23.0558,45950000
2018-03-02,22.8966,23.2461,22.7133,23.1630,29157800
2018-03-05,23.0558,23.4813,23.0143,23.4087,25663000
2018-03-06,23.5540,23.6405,23.3049,23.4225,31355800
2018-03-07,23.1699,23.4156,23.0281,23.2461,24725200
2018-03-08,23.2980,23.3671,23.0731,23.2391,16026600
2018-03-09,23.4190,23.7027,23.3983,23.6820,22786200
2018-03-12,23.6958,23.8481,23.5574,23.6751,18972000
2018-03-13,23.7477,23.8550,23.4087,23.5055,21461800
2018-03-14,23.5955,23.6612,23.3187,23.3672,22696400
2018-03-15,23.4536,23.5540,23.0696,23.2461,24817000
2018-03-16,23.2583,23.5579,23.2130,23.4534,28685200
2018-03-19,23.3802,23.4116,22.9586,23.0910,29050000
2018-03-20,23.2164,23.4429,23.1851,23.2861,22518200
2018-03-21,23.4255,24.0492,23.3523,23.8959,32879200
2018-03-22,23.6311,23.7565,23.3628,23.4081,36967600
2018-03-23,23.5265,23.7983,23.2130,23.2652,38428600
2018-03-26,23.5335,23.7182,23.2617,23.6833,31906000
2018-03-27,23.7844,23.8820,23.3245,23.4603,27846200
2018-03-28,23.4743,23.5544,22.9656,23.0039,36457400
2018-03-29,23.1049,23.5823,23.1015,23.4882,27936200
2018-04-02,23.3976,23.4394,22.6241,23.0178,37986200
2018-04-03,23.1049,23.5300,22.8854,23.5091,28228600
2018-04-04,23.1502,23.5300,22.9900,23.4778,24981600
2018-04-05,23.5370,24.0492,23.5370,23.8994,27056800
2018-04-06,23.7496,23.8645,23.1572,23.4673,37767800
2018-04-09,23.5788,23.8785,23.4847,23.5788,21639600
2018-04-10,23.9516,24.5510,23.9447,24.3593,43684400
2018-04-11,24.3210,24.6694,24.2896,24.6137,42381800
2018-04-12,24.6973,24.8053,24.5231,24.6102,28623200
2018-04-13,24.7426,24.9830,24.7078,24.8820,26660800
2018-04-16,24.9377,25.2513,24.8053,25.1363,28048600
2018-04-17,25.2025,25.3489,25.0597,25.2339,32210600
2018-04-18,25.4534,25.8611,25.4464,25.6311,34623000
2018-04-19,25.6520,25.8541,25.5057,25.6625,36300600
2018-04-20,25.6102,25.6311,25.3768,25.5405,27380800
2018-04-23,25.4604,25.7008,25.3210,25.6973,29689200
2018-04-24,25.7670,25.9447,25.2827,25.4220,45575000
2018-04-25,25.3419,25.6590,25.1816,25.6241,26326600
2018-04-26,25.7182,26.0179,25.6381,25.9970,24433800
2018-04-27,25.7322,25.8506,25.6207,25.7217,21078600
2018-04-30,25.6799,26.0074,25.6729,25.7182,25926400
2018-05-01,25.5893,25.6067,25.2374,25.5614,27601800
2018-05-02,25.4848,25.8681,25.4499,25.6660,26869400
2018-05-03,25.5475,25.6485,25.2618,25.6067,30659200
2018-05-04,25.5370,25.8228,25.4325,25.7322,27171000
2018-05-07,25.9343,26.3315,25.7147,25.7670,35947400
2018-05-08,25.7775,25.9830,25.3106,25.9691,57548200
2018-05-09,26.2862,26.7914,26.2827,26.4987,49807800
2018-05-10,26.6033,26.7601,26.4813,26.6973,27780200
2018-05-11,26.7566,26.9169,26.6764,26.7357,24021400
2018-05-14,26.8193,27.0423,26.8193,26.9203,20452600
2018-05-15,26.8611,26.9691,26.7217,26.9273,20965400
2018-05-16,26.8890,27.0388,26.7531,27.0214,23994400
2018-05-17,27.1085,27.4674,27.0946,27.4291,32542600
2018-05-18,27.3803,27.4082,27.1956,27.2165,28185400
2018-05-21,27.3698,27.4953,27.2305,27.4953,23026200
2018-05-22,27.4918,27.6730,27.0527,27.1294,33166800
2018-05-23,26.9726,27.1468,26.7496,27.1259,33211600
2018-05-24,26.8123,26.8541,26.5580,26.6799,38309600
2018-05-25,26.2095,26.2444,25.7287,25.9865,64907000
2018-05-29,25.7844,26.0667,25.6660,25.9064,38655000
2018-05-30,26.1294,26.8088,26.1189,26.6904,46044400
2018-05-31,26.4952,26.8053,26.4325,26.4883,26517400
2018-06-01,26.5789,26.7914,26.4709,26.6137,28205000
2018-06-04,26.7043,26.8994,26.3141,26.3837,27378400
2018-06-05,26.2548,26.5231,26.1956,26.3210,27415800
2018-06-06,26.4186,26.5161,26.2130,26.4465,26958400
2018-06-07,26.5858,27.0005,26.5789,26.8472,30357800
2018-06-08,26.8785,26.9517,26.6277,26.7949,22473200
2018-06-11,26.7879,27.0562,26.7322,26.9343,21435600
2018-06-12,26.9343,26.9970,26.6555,26.7287,31414400
2018-06-13,26.6451,26.7844,26.5196,26.6276,25004200
2018-06-14,26.7043,26.7810,26.5266,26.5893,20582200
2018-06-15,26.4357,26.4883,25.9621,26.0182,32178800
2018-06-18,25.9516,26.4532,25.9516,26.2778,26368800
2018-06-19,25.9621,26.3164,25.8884,26.2182,25215200
2018-06-20,26.3760,26.4322,26.1235,26.3339,23311800
2018-06-21,26.1480,26.1621,25.7236,25.8463,30019600
2018-06-22,26.4848,26.6497,26.3585,26.3620,56072600
2018-06-25,26.2848,26.3234,25.6569,25.8323,36760600
2018-06-26,25.8990,26.2603,25.8078,26.1586,27047200
2018-06-27,26.3760,26.8391,26.3655,26.5093,41167800
2018-06-28,26.5479,26.6461,26.2708,26.4743,28570800
2018-06-29,26.5479,26.9198,26.5479,26.6391,26335800
2018-07-02,26.4532,26.4602,26.1024,26.2462,30593200
2018-07-03,26.5199,26.8215,26.3480,26.4111,18616400
2018-07-05,26.5725,26.6567,26.3059,26.3831,19939000
2018-07-06,26.3024,26.6286,26.1796,26.5444,18620600
2018-07-09,26.7058,26.9794,26.6918,26.9408,22118400
2018-07-10,27.1057,27.3618,27.0741,27.1408,22007200
2018-07-11,26.8882,27.0531,26.3901,26.5655,38725600
2018-07-12,26.6356,26.7830,26.4216,26.6111,25136000
2018-07-13,26.6356,26.9127,26.5655,26.7514,22846200
2018-07-16,26.4883,26.6181,26.2182,26.4427,22781200
2018-07-17,26.3550,26.4848,26.1901,26.3375,19506400
2018-07-18,26.2112,26.3936,25.9516,26.3550,30703000
2018-07-19,26.2848,26.4743,26.2568,26.3620,32463600
2018-07-20,26.3620,26.4216,26.1866,26.2708,21722400
2018-07-23,26.3445,26.3620,26.1094,26.1550,15247600
2018-07-24,26.2708,26.6391,26.2357,26.4848,20337000
2018-07-25,26.5199,26.7724,26.3901,26.7058,22070600
2018-07-26,26.7619,27.0461,26.7093,26.9969,24374800
2018-07-27,26.6953,27.0215,26.6602,26.8812,25281800
2018-07-30,27.0952,27.2074,27.0040,27.1022,22790000
2018-07-31,27.1513,27.2250,26.9899,27.0531,22581000
2018-08-01,26.8180,26.8286,26.5339,26.6777,22345000
2018-08-02,26.4813,26.5830,26.3094,26.5304,19379400
2018-08-03,26.4813,26.5304,26.2603,26.3936,15326600
2018-08-06,26.4708,26.6181,26.3129,26.4918,16400200
2018-08-07,26.7619,26.8356,26.6041,26.6882,23596600
2018-08-08,26.5023,26.5935,26.3375,26.4953,18797600
2018-08-09,26.5164,26.5655,26.2077,26.2498,30465000
2018-08-10,26.1901,26.4111,26.1375,26.4111,33955400
2018-08-13,26.3620,26.4532,26.0603,26.0744,19634000
2018-08-14,26.2743,26.3129,26.0288,26.1375,20875800
2018-08-15,25.8884,25.9305,25.1518,25.2254,52800800
2018-08-16,25.3482,25.5517,25.3342,25.4079,50026600
2018-08-17,25.4745,25.5377,25.3798,25.4710,23065400
2018-08-20,25.4780,25.7341,25.4675,25.6429,16691400
2018-08-21,25.8569,25.9797,25.7446,25.7727,19018200
2018-08-22,25.9340,26.1621,25.9165,26.0814,18690800
2018-08-23,25.9586,26.0042,25.8604,25.9586,12937800
2018-08-24,26.1200,26.3024,26.0954,26.1480,15506600
2018-08-27,26.2357,26.3761,26.1971,26.3410,13969800
2018-08-28,26.3901,26.4988,26.2112,26.2287,16787000
2018-08-29,26.3129,26.4988,26.2322,26.3901,15520800
2018-08-30,26.3795,26.4322,26.1796,26.3164,18500400
2018-08-31,26.2357,26.2427,26.0042,26.1129,17819200
2018-09-04,26.2322,26.2533,25.9516,26.0568,30189400
2018-09-05,25.9375,26.0358,25.6745,26.0217,19196200
2018-09-06,25.9235,26.0112,25.4710,25.5412,28812800
2018-09-07,25.4464,25.5833,25.1798,25.5376,20268800
2018-09-10,25.6674,25.7727,25.5201,25.5271,17823400
2018-09-11,25.5026,25.9165,25.4324,25.7692,28563200
2018-09-12,25.9797,26.1586,25.8955,25.9025,25378800
2018-09-13,25.8604,25.9621,25.6885,25.9130,22074800
2018-09-14,25.9165,26.1480,25.9060,26.0498,18988600
2018-09-17,26.1165,26.2673,26.0288,26.0919,29457800
2018-09-18,26.2778,26.4427,26.2603,26.2638,20447000
2018-09-19,26.2708,26.4532,26.2462,26.3445,21823000
2018-09-20,26.4567,26.5585,26.3199,26.3515,25024800
2018-09-21,26.4938,26.6139,26.3137,26.5256,27420200
2018-09-24,26.7587,27.0307,26.7375,26.9141,25569000
2018-09-25,27.0837,27.2002,27.0484,27.0872,26055200
2018-09-26,26.9212,27.0625,26.7799,26.8258,25457200
2018-09-27,26.9318,26.9671,26.7552,26.8258,21344200
2018-09-28,26.6987,27.0342,26.6846,26.7517,29666200
2018-10-01,26.8506,27.2356,26.8506,27.1225,25425200
2018-10-02,27.1896,27.2426,26.9636,27.1508,18936800
2018-10-03,27.2673,27.4510,27.1896,27.3698,26489600
2018-10-04,27.2815,27.4475,27.0978,27.2567,30385400
2018-10-05,27.2285,27.3415,27.0872,27.2532,23966400
2018-10-08,27.0519,27.2744,26.9459,27.2320,23157200
2018-10-09,27.3274,27.6771,27.2108,27.4757,33633400
2018-10-10,27.5217,27.5676,26.4903,26.6139,52810600
2018-10-11,26.3561,26.3737,25.5190,25.7132,71184200
2018-10-12,25.9676,26.0453,25.3918,25.7839,47158000
2018-10-15,25.7804,25.8863,25.5614,25.5684,23180800
2018-10-16,25.6391,25.8263,25.5331,25.7804,29142200
2018-10-17,25.7309,25.8086,25.3989,25.6179,31608400
2018-10-18,25.3812,25.7274,25.3282,25.4907,33173400
2018-10-19,25.3636,25.6355,25.2470,25.2647,27136200
2018-10-22,25.2470,25.3000,24.8338,24.9856,24589000
2018-10-23,24.6183,24.6254,23.9861,24.3322,52955400
2018-10-24,24.4488,24.4558,23.3644,23.3715,56200400
2018-10-25,23.6576,23.9013,23.4987,23.6576,50666600
2018-10-26,23.4633,23.7706,23.0925,23.4810,51159800
2018-10-29,23.6541,23.6859,22.7357,23.0430,48919600
2018-10-30,23.0289,23.6329,22.9229,23.5764,52794800
2018-10-31,23.8059,24.1203,23.6894,23.7212,34575600
2018-11-01,23.7706,24.0355,23.5269,23.9225,42951600
2018-11-02,24.1874,24.3640,23.6223,23.8625,42425000
2018-11-05,24.1521,24.3569,24.0956,24.2616,26463200
2018-11-06,24.3216,24.4276,24.0850,24.3746,26144200
2018-11-07,24.6890,24.8514,24.4064,24.7737,33325800
2018-11-08,24.6607,24.8550,24.1486,24.2369,30289800
2018-11-09,23.9154,24.3499,23.7848,24.1945,45835600
2018-11-12,24.3605,24.4629,23.6435,23.6929,36083200
2018-11-13,23.6258,23.7530,23.0254,23.1490,65463800
2018-11-14,23.5093,23.5976,22.8982,23.1101,45084200
2018-11-15,22.9618,23.4775,22.9618,23.4492,40613600
2018-11-16,23.5940,23.8095,23.4775,23.7282,39511000
2018-11-19,23.5834,23.8165,23.5093,23.7212,31167600
2018-11-20,23.4104,23.4669,22.7675,22.9441,52648800
2018-11-21,23.1243,23.5516,23.0713,23.3044,34661800
2018-11-23,22.7251,22.8064,22.4073,22.5733,28843600
2018-11-26,22.7393,23.0642,22.7357,22.9123,33365400
2018-11-27,22.7958,23.0148,22.7181,22.8488,44528600
2018-11-28,22.8276,23.2585,22.6828,23.2408,42296400
2018-11-29,23.2585,23.5799,23.2267,23.3927,28828400
2018-11-30,23.1878,23.4174,23.0713,23.3503,36258000
2018-12-03,23.8836,24.0143,23.5905,23.8695,43990800
2018-12-04,23.8801,23.9578,23.1419,23.1843,36592600
2018-12-06,22.6757,22.7922,22.2766,22.7569,70712200
2018-12-07,23.1914,23.5340,22.5909,22.6298,54891400
2018-12-10,22.4708,22.5803,21.7644,22.2766,46765600
2018-12-11,22.6192,22.6616,22.0505,22.2836,34483200
2018-12-12,22.6474,22.7993,22.3578,22.3719,38534800
2018-12-13,22.3190,22.5839,22.2201,22.4426,30598000
2018-12-14,22.3048,22.3967,21.8245,21.9304,45787200
2018-12-17,21.8739,22.0576,21.3759,21.5313,41464600
2018-12-18,21.4925,21.5702,20.9061,21.0227,53234000
2018-12-19,21.1322,21.5313,20.6024,20.7755,91097800
2018-12-20,20.5211,20.8355,20.0761,20.1997,77008800
2018-12-21,20.2033,20.5384,19.8361,20.0037,74787400
2018-12-24,19.7684,19.8646,19.1766,19.1944,31211800
2018-12-26,19.3798,20.3922,19.0233,20.3887,58194000
2018-12-27,19.9787,20.5206,19.7077,20.4956,48754600
2018-12-28,20.5883,20.6810,20.2140,20.3388,38874800
2018-12-31,20.5206,20.5955,20.2069,20.4457,37410400
2019-01-02,20.1213,20.9876,20.0179,20.8486,49785200
2019-01-03,20.9092,20.9841,20.4065,20.6418,36048200
2019-01-04,20.9983,21.4083,20.8771,21.3441,42703000
2019-01-07,21.5046,21.8183,21.2193,21.6614,36113400
2019-01-08,21.9644,22.0144,21.7113,21.8290,37384600
2019-01-09,22.1213,22.2497,21.8931,22.1748,37513600
2019-01-10,22.0072,22.2675,21.8825,22.2390,38335200
2019-01-11,22.1249,22.2496,21.9110,22.1070,28211800
2019-01-14,21.8967,22.1427,21.8646,22.0536,26383400
2019-01-15,22.1748,22.3423,22.0215,22.1320,19642400
2019-01-16,22.1070,22.2853,22.0286,22.1035,25082200
2019-01-17,21.9359,22.4030,21.8860,22.3067,20349600
2019-01-18,22.5705,22.7773,22.4386,22.7595,29063600
2019-01-22,22.5099,22.5598,22.2033,22.2639,39726400
2019-01-23,22.3423,22.3709,21.8539,22.0358,46735400
2019-01-24,21.9894,22.3530,21.9003,22.1534,26098400
2019-01-25,22.3423,22.5741,22.3067,22.4350,20467200
2019-01-28,22.1391,22.2211,21.9680,22.2104,24044800
2019-01-29,22.3388,22.4279,22.2603,22.2782,23768200
2019-01-30,22.4172,22.6632,22.2960,22.5919,24233000
2019-01-31,22.6276,22.8450,22.5669,22.7381,35688400
2019-02-01,22.9841,23.2693,22.9092,23.1338,29544800
2019-02-04,22.9769,23.1944,22.8058,23.1873,20215800
2019-02-05,23.1694,23.2621,23.0946,23.2229,15705400
2019-02-06,23.1124,23.1766,23.0304,23.0518,13607600
2019-02-07,22.9092,22.9876,22.3317,22.5420,29200200
2019-02-08,22.4814,22.5349,22.0571,22.4386,21268800
2019-02-11,22.3316,22.5812,22.2675,22.5456,24994800
2019-02-12,22.8486,22.9627,22.5669,22.8308,21354600
2019-02-13,22.9234,23.2978,22.8985,23.1160,26123400
2019-02-14,23.0340,23.3726,22.9912,23.1980,20426400
2019-02-15,23.4404,23.5901,23.3869,23.5723,20367600
2019-02-19,23.4546,23.7327,23.4190,23.6436,17443200
2019-02-20,23.6079,23.8611,23.6044,23.7434,19871400
2019-02-21,23.6686,23.7292,23.2907,23.3762,23732200
2019-02-22,23.5509,23.6222,23.3263,23.4440,19896600
2019-02-25,23.3691,23.5616,23.3477,23.4832,31808800
2019-02-26,23.4618,23.6222,23.4012,23.4083,21101400
2019-02-27,23.5224,23.7398,23.3869,23.4974,20588000
2019-02-28,23.5010,23.5331,23.1160,23.2621,22498800
2019-03-01,23.3869,23.6935,23.3869,23.6899,40655800
2019-03-04,23.7755,23.8325,23.3762,23.7327,39560000
2019-03-05,23.7648,23.7755,23.4867,23.6543,31615000
2019-03-06,23.4618,23.5117,23.2372,23.3548,45381000
2019-03-07,23.3691,23.3869,23.1231,23.2158,46892400
2019-03-08,22.8415,22.8878,22.5705,22.7808,31243000
2019-03-11,22.9484,23.1908,22.9270,23.1374,26424200
2019-03-12,23.1766,23.4047,23.1694,23.2871,22026200
2019-03-13,23.4333,23.5331,23.3370,23.5224,26413600
2019-03-14,23.5438,23.6650,23.5188,23.5473,24640800
2019-03-15,23.5272,23.6099,23.4482,23.5380,24854800
2019-03-18,23.5667,23.9045,23.5560,23.8650,20135800
2019-03-19,23.9835,24.1057,23.7033,23.8003,25052000
2019-03-20,23.7787,24.2243,23.7069,24.0087,27325800
2019-03-21,23.9368,24.2171,23.8865,24.1776,35755800
2019-03-22,23.9584,23.9979,23.4338,23.5236,39949600
2019-03-25,23.4230,23.5739,23.3080,23.5344,24692600
2019-03-26,23.8075,24.0338,23.7428,23.8722,23033000
2019-03-27,23.8542,23.9620,23.5236,23.7033,19165200
2019-03-28,23.6027,23.8218,23.5560,23.7931,18298400
2019-03-29,24.0231,24.0805,23.6781,23.7572,20075200
2019-04-01,23.9153,24.1201,23.8829,24.0698,24823400
2019-04-02,24.1308,24.1524,23.8470,23.9045,22304800
2019-04-03,23.9728,24.0195,23.5919,23.6745,23979600
2019-04-04,23.6889,23.8901,23.5739,23.8722,21008600
2019-04-05,23.9368,24.3213,23.9260,24.2925,34538400
2019-04-08,24.3285,24.5225,24.2997,24.4003,21204200
2019-04-09,24.3285,24.3285,24.0266,24.1021,29083800
2019-04-10,24.1560,24.3033,24.1273,24.1919,18751200
2019-04-11,24.1704,24.3788,24.0231,24.2099,21828400
2019-04-12,24.5584,24.5764,24.2135,24.2746,30853600
2019-04-15,24.2458,24.3033,24.0913,24.1309,16601400
2019-04-16,24.2171,24.3249,24.1309,24.2889,16260400
2019-04-17,24.4363,24.4902,24.2243,24.2566,21869200
2019-04-18,24.3249,24.3572,24.0805,24.1416,19519000
2019-04-22,24.3644,24.6698,24.2961,24.6518,28329400
2019-04-23,24.6698,24.7237,24.4506,24.6123,20424400
2019-04-24,24.6339,24.6482,24.1704,24.1812,22038200
2019-04-25,24.1776,24.3033,24.0518,24.1057,24121800
2019-04-26,23.9296,23.9368,23.5847,23.7931,33676800
2019-04-29,23.8003,23.9009,23.7248,23.7715,25949000
2019-04-30,24.0015,24.0195,23.7248,23.7536,28654000
2019-05-01,23.7608,23.8326,23.2613,23.2793,44311400
2019-05-02,23.1320,23.2721,22.8625,22.8733,56066000
2019-05-03,23.0889,23.2685,23.0350,23.0853,39249000
2019-05-06,22.9092,23.1823,22.8877,23.1068,40689400
2019-05-07,22.8338,22.9236,22.6146,22.9056,30129000
2019-05-08,22.8948,23.0961,22.8445,22.9056,19647400
2019-05-09,22.7978,22.9919,22.6038,22.9056,28819000
2019-05-10,22.9056,23.0709,22.5822,23.0134,26150000
2019-05-13,22.8050,22.9164,22.5104,22.6182,28139600
2019-05-14,22.7403,23.0889,22.7188,22.8948,18484000
2019-05-15,22.7655,23.0637,22.7044,23.0134,20184600
2019-05-16,23.0709,23.2254,23.0709,23.1392,18753000
2019-05-17,22.9847,23.1104,22.8769,22.9056,21111400
2019-05-20,22.9092,23.0242,22.8697,22.9164,16372200
2019-05-21,23.0134,23.2470,22.9847,23.1823,36761000
2019-05-22,23.0422,23.0961,22.7475,22.8230,19274000
2019-05-23,22.4421,22.4601,21.9247,22.0577,47927200
2019-05-24,22.2337,22.3200,21.9499,22.1403,20306800
2019-05-28,22.1547,22.1942,21.8780,21.9104,25861200
2019-05-29,21.6085,21.7846,21.4792,21.7702,33903200
2019-05-30,21.7343,21.7738,21.4253,21.4936,30347800
2019-05-31,21.1989,21.3930,21.1163,21.1163,43797000
2019-06-03,21.2600,21.4900,21.2277,21.3858,36049400
2019-06-04,21.5870,21.8062,21.5295,21.7558,29486800
2019-06-05,21.7990,21.8062,21.3858,21.5151,31763800
2019-06-06,21.5582,21.9966,21.5582,21.9139,64787800
2019-06-07,21.9822,22.1547,21.9283,22.0146,31548200
2019-06-10,22.1331,22.2768,22.0469,22.0792,19675600
2019-06-11,22.2732,22.3451,22.1152,22.1223,19045200
2019-06-12,21.9786,22.0289,21.7415,21.8097,27633000
2019-06-13,22.0613,22.1655,21.8026,22.0649,24383000
2019-06-14,22.1188,22.1223,21.8672,21.9211,15832600
2019-06-17,21.8744,22.1655,21.8062,22.1044,17590400
2019-06-18,22.2481,22.5427,22.2086,22.4098,34444200
2019-06-19,22.3774,22.5140,22.2661,22.3846,17655400
2019-06-20,22.7439,22.9164,22.7188,22.8805,51908000
2019-06-21,22.9153,23.1292,22.9153,23.0458,32712600
2019-06-24,23.0386,23.1038,22.8029,22.8391,20793200
2019-06-25,22.8246,22.8464,22.6325,22.6578,23774600
2019-06-26,22.8863,23.1800,22.8283,23.0059,28653600
2019-06-27,23.0059,23.0748,22.7884,22.8355,21217400
2019-06-28,22.8899,23.1220,22.8899,23.1002,34739200
2019-07-01,23.3866,23.4628,23.0639,23.1220,29772600
2019-07-02,23.0531,23.1002,22.6506,22.7521,24190800
2019-07-03,22.7848,22.8609,22.6470,22.8428,13974600
2019-07-05,22.7594,22.8972,22.7086,22.8754,14726400
2019-07-08,22.8391,23.0349,22.7739,22.9080,17256400
2019-07-09,22.8718,22.9407,22.7195,22.9262,14976200
2019-07-10,23.0712,23.2996,22.9189,23.2199,23534800
2019-07-11,23.2887,23.2924,23.1220,23.2670,25362600
2019-07-12,23.2815,23.4447,23.2815,23.3649,16162800
2019-07-15,23.4048,23.4193,23.1038,23.1546,19077800
2019-07-16,23.1074,23.1473,22.8174,22.9080,21174200
2019-07-17,22.8899,22.9624,22.6325,22.6470,27329400
2019-07-18,22.5382,22.6506,22.4077,22.6506,25509000
2019-07-19,22.6724,22.8319,22.5672,22.7557,19930600
2019-07-22,22.8428,22.9370,22.6796,22.8609,15686200
2019-07-23,22.8609,22.9842,22.7920,22.9225,14537600
2019-07-24,22.8935,23.1691,22.8681,23.0204,19815400
2019-07-25,23.1074,23.1365,22.6905,22.7594,20140800
2019-07-26,22.7594,22.7630,22.5454,22.6433,19307600
2019-07-29,22.6252,22.6433,22.3859,22.5527,16569800
2019-07-30,22.4621,22.8609,22.4185,22.8065,21602600
2019-07-31,22.8065,23.0023,22.5454,22.7340,30556000
2019-08-01,22.4838,22.5890,22.0777,22.2191,50380400
2019-08-02,22.3098,22.4403,21.6752,21.9000,43399800
2019-08-05,21.4940,21.5520,21.0951,21.2474,55153800
2019-08-06,21.3018,21.4251,20.9936,21.2220,33995000
2019-08-07,20.8340,21.1640,20.7253,21.0625,49604400
2019-08-08,21.2039,21.6789,21.1060,21.6680,46535600
2019-08-09,21.6861,21.7333,21.3380,21.4287,29186400
2019-08-12,21.3779,21.4106,21.0806,21.1749,43838000
2019-08-13,21.0806,21.5701,20.9682,21.3707,28695200
2019-08-14,20.9138,20.9646,20.5005,20.5331,47299400
2019-08-15,20.4243,20.5222,20.1850,20.4062,28575800
2019-08-16,20.5150,20.7362,20.4461,20.6745,42798600
2019-08-19,20.9646,21.2075,20.9247,21.1314,27763200
2019-08-20,21.0298,21.0552,20.8739,20.9537,19042600
2019-08-21,21.1713,21.2075,21.0117,21.0879,24074800
2019-08-22,21.1604,21.2438,20.9827,20.9936,18706200
2019-08-23,20.7434,20.9392,20.1742,20.2902,48817800
2019-08-26,20.4678,20.5766,20.2902,20.3772,21610600
2019-08-27,20.4860,20.5694,20.1415,20.2503,23662600
2019-08-28,20.3554,20.6419,20.2539,20.5404,31388800
2019-08-29,20.6999,20.9283,20.6781,20.8413,24663400
2019-08-30,20.9211,21.1024,20.7180,20.8413,26044600
2019-09-03,20.5041,20.7833,20.4425,20.7398,27929600
2019-09-04,21.0299,21.1205,20.9682,21.0299,22381800
2019-09-05,21.2148,21.5266,21.1821,21.2909,29077000
2019-09-06,21.2474,21.4287,21.1277,21.4033,24468600
2019-09-09,21.5773,21.8819,21.5338,21.8312,49514200
2019-09-10,21.9653,22.4077,21.9218,22.0886,51436000
2019-09-11,22.2119,22.3859,21.9907,22.1103,45504000
2019-09-12,21.8312,22.1321,21.6499,21.9726,38119000
2019-09-13,22.1176,22.2626,22.0233,22.1466,28123200
2019-09-16,23.0748,23.0784,22.6252,22.8899,61355600
2019-09-17,22.9044,22.9117,22.4185,22.5708,52900000
2019-09-18,22.4077,22.5527,22.3061,22.4621,23209000
2019-09-19,22.5962,22.6470,22.3352,22.4040,28037000
2019-09-20,22.4187,22.5102,22.3126,22.4223,40300200
2019-09-23,22.2723,22.4882,22.2467,22.4297,18660800
2019-09-24,22.3601,22.3821,21.9430,22.0747,41101000
2019-09-25,21.9723,22.1369,21.9211,22.1113,20248400
2019-09-26,22.0125,22.0638,21.7125,21.8223,28011000
2019-09-27,21.7015,21.9869,21.6613,21.8186,31263200
2019-09-30,21.7161,21.8040,21.6393,21.6613,39616800
2019-10-01,21.7344,21.8149,21.1563,21.1600,32749400
2019-10-02,21.0356,21.0868,20.5819,20.6404,37824600
2019-10-03,20.5270,20.8856,20.3587,20.8636,40914200
2019-10-04,20.9514,21.0246,20.7392,20.9953,20275800
2019-10-07,21.0283,21.1088,20.7977,20.8087,23284800
2019-10-08,20.5965,20.7575,20.4245,20.4538,40038400
2019-10-09,20.6367,20.7538,20.6002,20.6404,17833800
2019-10-10,20.7099,20.9551,20.6770,20.9002,20111400
2019-10-11,21.1161,21.3795,21.0795,21.1819,45127800
2019-10-14,21.0283,21.2478,20.9478,21.1710,24321200
2019-10-15,21.1270,21.4710,21.1014,21.2588,22170000
2019-10-16,21.1856,21.3356,20.9551,20.9624,23910600
2019-10-17,21.0502,21.1161,20.9112,20.9770,22616200
2019-10-18,20.9221,21.0905,20.8636,20.8673,20555600
2019-10-21,20.9075,21.2588,20.8819,21.2405,20948000
2019-10-22,21.3063,21.7601,21.2405,21.5149,39393800
2019-10-23,21.4783,21.7381,21.3868,21.6942,23640800
2019-10-24,21.8186,21.8332,21.4893,21.6027,24233600
2019-10-25,21.6100,21.8405,21.5808,21.7783,23750000
2019-10-28,21.8515,21.9759,21.6174,21.6539,23513200
2019-10-29,21.5734,21.9247,21.5003,21.7418,26936800
2019-10-30,21.7930,21.8040,21.2149,21.2990,31013400
2019-10-31,21.2112,21.2441,20.9990,21.2075,30064800
2019-11-01,21.3137,21.7308,21.2954,21.6905,26620200
2019-11-04,21.9393,22.4626,21.9357,22.3967,43060400
2019-11-05,22.4589,22.6236,22.3528,22.4260,35110200
2019-11-06,22.3931,22.4406,21.9064,21.9686,35655800
2019-11-07,22.1918,22.3674,22.1333,22.2979,26483400
2019-11-08,22.1625,22.2357,21.9540,22.2064,20779600
2019-11-11,21.9979,22.1845,21.9137,22.0820,28961000
2019-11-12,22.1479,22.2687,21.8552,21.9686,25082400
2019-11-13,21.8552,21.9503,21.7820,21.8735,21151200
2019-11-14,21.8662,21.9869,21.7125,21.8149,16233600
2019-11-15,21.9064,22.0674,21.8808,21.9833,18363600
2019-11-18,21.8442,21.8698,21.6247,21.7161,25508200
2019-11-19,21.6466,21.6649,21.3685,21.3942,30758200
2019-11-20,21.3868,21.7674,21.2551,21.6100,34290000
2019-11-21,21.6832,21.9833,21.6137,21.9650,31283400
2019-11-22,21.9833,22.0894,21.8479,21.8918,22984000
2019-11-25,21.8662,21.9503,21.7820,21.9137,24672000
2019-11-26,21.9430,21.9503,21.6320,21.7125,26804000
2019-11-27,21.7381,21.8113,21.5881,21.7674,19336600
2019-11-29,21.5881,21.6649,21.4673,21.5478,15660400
2019-12-02,21.6210,21.7601,21.5222,21.5478,30779000
2019-12-03,21.3576,21.3942,21.1490,21.2258,33891000
2019-12-04,21.4125,21.6100,21.3429,21.5442,34853000
2019-12-05,21.6356,21.6613,21.3685,21.4417,21784800
2019-12-06,21.5332,21.9174,21.5295,21.8515,33459200
2019-12-09,21.6832,21.9284,21.6832,21.8259,16812600
2019-12-10,21.8991,21.9503,21.7747,21.8698,17570200
2019-12-11,21.8369,21.9833,21.7893,21.8332,24872400
2019-12-12,21.8662,22.3126,21.8405,22.2357,44981600
2019-12-13,22.3126,22.4553,22.0528,22.0674,22743000
2019-12-16,22.2248,22.4516,22.2138,22.3638,22271800
2019-12-17,22.4589,22.5797,22.2943,22.3784,46292400
2019-12-18,22.3528,22.6053,22.3235,22.4626,25881400
2019-12-19,22.4662,22.5284,22.4150,22.4553,25534800
2019-12-20,22.5229,22.6965,22.4822,22.6707,34839600
2019-12-23,22.6448,22.9182,22.6189,22.9034,26944400
2019-12-24,22.9552,22.9884,22.8517,22.8923,10074800
2019-12-26,22.9921,23.0697,22.8554,22.8850,20312400
2019-12-27,22.9699,22.9921,22.7741,22.7889,21436600
2019-12-30,22.8768,22.9186,22.6827,22.7170,29259000
2019-12-31,22.6028,22.8692,22.5381,22.8463,21444800
2020-01-02,22.9986,23.0861,22.9187,23.0518,23889400
2020-01-03,23.2611,23.3296,22.8692,22.9833,59005800
2020-01-06,23.0632,23.2801,22.9833,23.1622,44916200
2020-01-07,23.0975,23.1241,22.8311,23.1013,22925000
2020-01-08,23.0785,23.1051,22.6903,22.7208,38042800
2020-01-09,22.7094,22.9110,22.4430,22.8882,30733600
2020-01-10,22.8768,22.8958,22.7322,22.7588,18302400
2020-01-13,22.7246,22.8387,22.6066,22.7664,17557000
2020-01-14,22.7170,22.7969,22.5686,22.7702,34678000
2020-01-15,22.6713,22.7398,22.5381,22.6028,21661600
2020-01-16,22.7360,22.8121,22.6295,22.6409,16449000
2020-01-17,22.7018,22.7132,22.4582,22.4963,23818200
2020-01-21,22.3707,22.3745,22.0549,22.0929,34709200
2020-01-22,22.0511,22.0663,21.8189,21.8798,29355400
2020-01-23,21.6515,21.8646,21.4841,21.7961,26556000
2020-01-24,21.6972,21.7961,21.3775,21.5450,40781200
2020-01-27,21.1112,21.1949,20.9209,20.9476,43365000
2020-01-28,21.0655,21.1721,20.9590,21.0427,28600200
2020-01-29,21.1607,21.2368,20.7954,20.8220,27490800
2020-01-30,20.6051,21.0123,20.5518,20.9894,48861000
2020-01-31,20.6355,20.6926,20.2284,20.3349,66861000
2020-02-03,20.3083,20.3387,19.9963,20.0686,42578400
2020-02-04,20.3578,20.5176,20.1028,20.1409,39639600
2020-02-05,20.4757,20.9704,20.4643,20.8981,68764000
2020-02-06,20.9970,20.9970,20.6508,20.6850,30801200
2020-02-07,20.5290,20.6279,20.4339,20.5404,27386600
2020-02-10,20.4339,20.4833,20.3121,20.4377,29281200
2020-02-11,20.7154,20.7459,20.5747,20.6660,27689200
2020-02-12,20.9742,21.0617,20.7725,20.9438,34399600
2020-02-13,20.8867,20.9970,20.7573,20.8791,23949800
2020-02-14,20.9514,20.9666,20.6393,20.7687,25040000
2020-02-18,20.5861,20.7649,20.4072,20.5975,32629400
2020-02-19,20.7345,20.9552,20.6203,20.8715,24910800
2020-02-20,20.9247,21.0807,20.7954,20.8486,26101600
2020-02-21,20.6508,20.6698,20.4301,20.6013,27616400
2020-02-24,19.8250,19.9392,19.5891,19.6500,66075000
2020-02-25,19.7033,19.7185,18.6606,18.7824,85674600
2020-02-26,18.8509,18.9422,18.2078,18.2154,97656600
2020-02-27,17.7436,18.0861,17.2337,17.2413,122557400
2020-02-28,16.6972,17.4430,16.5602,17.2261,137511600
2020-03-02,17.6104,17.9453,17.0967,17.9224,73285400
2020-03-03,18.0252,18.2611,17.1804,17.3745,97190600
2020-03-04,17.7474,17.7893,17.3783,17.7855,48969000
2020-03-05,17.2756,17.3555,16.8494,17.1348,58774600
2020-03-06,16.5526,16.7010,15.9285,16.1721,123034800
2020-03-09,13.3448,13.8623,12.8349,12.9148,133113800
2020-03-10,13.9536,14.0107,12.6941,13.5274,96862200
2020-03-11,13.1089,13.3372,12.6066,12.8121,86954600
2020-03-12,11.8684,12.1766,11.1796,11.2139,77658200
2020-03-13,12.1614,12.2603,10.9589,12.2489,68196800
2020-03-16,10.6355,11.8417,10.5290,10.5822,80467200
2020-03-17,10.6850,11.1035,10.2550,10.6545,90887200
2020-03-18,9.9087,10.1142,8.7063,9.1248,104271600
2020-03-19,9.2580,9.7831,8.7443,9.7451,104453000
2020-03-20,9.9924,10.2131,9.4216,9.8402,116714400
2020-03-23,9.7764,9.8387,9.0061,9.1695,96520400
2020-03-24,9.8815,10.6945,9.8815,10.6401,89022200
2020-03-25,10.8735,11.6710,10.4028,11.1419,104869800
2020-03-26,11.2547,12.0600,11.1147,11.8227,93836200
2020-03-27,11.3287,11.3637,10.9552,11.0213,73056800
2020-03-30,10.8735,11.2314,10.5389,11.1341,84254800
2020-03-31,11.4454,11.6710,11.0797,11.3053,68701200
2020-04-01,10.9396,11.0797,10.5934,10.7451,47653000
2020-04-02,11.2859,12.3557,10.9941,11.7294,146256200
2020-04-03,12.0989,12.1806,11.2742,11.6049,127668600
2020-04-06,11.8655,12.3012,11.7060,12.2195,76041400
2020-04-07,12.8226,13.1766,12.4569,12.4802,103019000
2020-04-08,12.7447,13.3555,12.6397,13.3127,83811600
2020-04-09,13.8263,14.1842,12.6903,13.1921,182655200
2020-04-13,13.6512,13.7018,12.9393,13.1493,67685600
2020-04-14,13.2155,13.3750,13.0015,13.0871,72648200
2020-04-15,12.5658,12.5969,12.0834,12.4724,73421000
2020-04-16,12.4413,12.4802,11.9239,11.9394,64605800
2020-04-17,12.1884,13.2233,12.1806,13.2077,91706800
2020-04-20,12.4296,13.2660,12.3635,12.7953,112790000
2020-04-21,12.4257,12.7992,12.2118,12.5697,120861600
2020-04-22,13.1377,13.2233,12.8420,13.0171,73753200
2020-04-23,13.4139,13.7523,13.2816,13.4372,83207200
2020-04-24,13.7057,13.8263,13.2544,13.4683,64859200
2020-04-27,13.3672,13.8574,13.0638,13.7601,46576000
2020-04-28,13.9663,14.1608,13.7407,14.0752,59138000
2020-04-29,14.5382,15.1684,14.5265,15.1178,71075000
2020-04-30,15.2034,15.2034,14.5654,14.7833,84040200
2020-05-01,14.4798,14.5888,13.7757,13.9469,58531800
2020-05-04,13.6901,14.4409,13.6240,14.4293,52780400
2020-05-05,15.0206,15.1412,14.3904,14.4409,68733400
2020-05-06,14.5110,14.6354,14.0519,14.0636,47350200
2020-05-07,14.4604,14.7016,14.3281,14.4293,48469400
2020-05-08,14.7677,15.0945,14.6821,15.0867,49646200
2020-05-11,14.9856,15.0284,14.7522,14.8222,46531400
2020-05-12,14.9700,14.9895,14.5421,14.5615,56129000
2020-05-13,14.4643,14.4837,13.7990,13.9002,68994800
2020-05-14,13.6551,14.1881,13.3439,14.0558,61968400
2020-05-15,14.0597,14.3515,13.8768,14.0013,54427800
2020-05-18,14.8027,15.2423,14.7638,15.1451,73139600
2020-05-19,15.1645,15.2112,14.7094,14.7210,53940600
2020-05-20,15.0245,15.3357,14.9467,15.3085,54521200
2020-05-21,15.3552,15.4174,14.9428,15.0634,56241800
2020-05-22,14.9428,14.9856,14.6627,14.9700,38495000
2020-05-26,15.4485,15.5458,15.3474,15.3863,74888600
2020-05-27,15.6119,15.7014,15.1490,15.5847,71225600
2020-05-28,15.6236,15.6236,15.0751,15.1490,54356800
2020-05-29,15.0167,15.1918,14.7638,15.0789,71500400
2020-06-01,15.0556,15.4291,14.8533,15.3435,47680000
2020-06-02,15.5108,15.7870,15.4913,15.7714,50318400
2020-06-03,16.0204,16.3083,15.9893,16.2344,54601800
2020-06-04,16.1449,16.3005,15.9115,16.2383,54849400
2020-06-05,17.0513,17.6038,17.0358,17.4443,100393400
2020-06-08,18.0784,18.2379,17.6738,18.2301,95069400
2020-06-09,17.6466,17.6971,17.3042,17.5454,87399000
2020-06-10,17.3820,17.3976,16.6740,16.6818,80977000
2020-06-11,15.5186,15.9659,15.0595,15.1101,96304400
2020-06-12,15.7753,15.8881,15.0712,15.4913,85635000
2020-06-15,14.8300,15.6975,14.6666,15.5380,65694800
2020-06-16,16.2772,16.3005,15.5302,15.9854,64083800
2020-06-17,15.9231,15.9270,15.4369,15.4407,46736000
2020-06-18,15.2851,15.8025,15.1918,15.6314,36937800
2020-06-19,16.1177,16.1216,15.3785,15.3941,53934200
2020-06-22,15.3196,15.5166,15.1383,15.4654,38896400
2020-06-23,15.6979,15.7373,15.4339,15.4811,29611600
2020-06-24,15.2408,15.2447,14.5237,14.6222,64726000
2020-06-25,14.4843,14.9571,14.4094,14.9019,48034400
2020-06-26,14.7955,14.7955,14.3188,14.3858,67722200
2020-06-29,14.4212,14.7049,14.3582,14.5788,38905600
2020-06-30,14.4606,15.0004,14.3109,14.9137,41886800
2020-07-01,14.9729,15.1738,14.5315,14.5513,49146800
2020-07-02,14.8507,15.0556,14.6813,14.7128,41558400
2020-07-06,14.9728,15.0792,14.5709,14.7561,45084400
2020-07-07,14.5709,14.5906,14.2636,14.2872,41821800
2020-07-08,14.2873,14.5079,14.1572,14.2754,41301800
2020-07-09,14.2124,14.2518,13.5544,13.5701,61087200
2020-07-10,13.4913,14.0193,13.4913,14.0036,50456000
2020-07-13,14.1336,14.1887,13.8223,13.9287,74447600
2020-07-14,13.8341,14.4449,13.7947,14.4173,68442200
2020-07-15,14.7837,14.8231,14.5118,14.7286,51805000
2020-07-16,14.6301,14.8507,14.4449,14.6616,37645600
2020-07-17,14.7089,14.8704,14.3936,14.4567,35433800
2020-07-20,14.4055,14.5709,14.2045,14.2163,40153000
2020-07-21,14.4606,15.1896,14.4409,15.0753,72340400
2020-07-22,14.9137,14.9137,14.6734,14.8901,39243400
2020-07-23,14.8389,14.9374,14.6734,14.8625,42087800
2020-07-24,14.8625,15.0832,14.7246,14.7798,39901200
2020-07-27,14.7601,14.8625,14.5749,14.7955,36462000
2020-07-28,14.7089,14.8507,14.5040,14.5434,35553800
2020-07-29,14.5828,14.8586,14.4843,14.8468,34430000
2020-07-30,14.5355,14.5434,14.1375,14.2636,65667400
2020-07-31,14.0469,14.2124,13.9090,14.1966,49548200
2020-08-03,14.1927,14.3267,14.0745,14.2478,42206800
2020-08-04,14.2006,14.6261,14.1887,14.5946,45144200
2020-08-05,14.8822,14.9334,14.6143,14.7483,61517400
2020-08-06,14.6655,14.7995,14.5749,14.6301,38381400
2020-08-07,14.5000,14.6852,14.3306,14.6498,36753200
2020-08-10,14.7601,15.1108,14.7246,15.1029,52616200
2020-08-11,15.3984,15.5757,14.9807,15.0517,53026200
2020-08-12,15.2802,15.3787,15.0398,15.2014,51065400
2020-08-13,15.0792,15.2053,14.8704,14.9059,31522000
2020-08-14,14.7877,15.0714,14.7325,15.0477,26559400
2020-08-17,15.0517,15.0595,14.8783,14.9610,28511600
2020-08-18,14.9059,15.0517,14.7286,14.7719,28697600
2020-08-19,14.7601,14.8271,14.5552,14.6025,29587800
2020-08-20,14.3858,14.4803,14.2833,14.2872,38215400
2020-08-21,14.2321,14.2597,14.0627,14.1966,34695600
2020-08-24,14.2833,14.6892,14.1966,14.5867,49654000
2020-08-25,14.6655,14.6852,14.3109,14.3818,40237000
2020-08-26,14.3621,14.3621,14.0587,14.0784,36002400
2020-08-27,14.0824,14.2006,13.9326,14.1060,44519400
2020-08-28,14.1612,14.4015,14.0902,14.3582,29150200
2020-08-31,14.3779,14.3976,14.0469,14.0469,37583000
2020-09-01,13.9839,14.0154,13.7790,13.9523,36521000
2020-09-02,13.9484,14.0311,13.7987,13.8853,47700400
2020-09-03,13.8578,14.1454,13.7002,13.7829,78884600
2020-09-04,13.9248,14.0193,13.5701,13.7396,68682000
2020-09-08,13.4795,13.5426,13.0894,13.2392,98437600
2020-09-09,13.3889,13.4637,13.2825,13.3298,49955200
2020-09-10,13.3692,13.3849,12.8175,12.8412,74006600
2020-09-11,12.8688,12.9358,12.7466,12.8530,50794600
2020-09-14,12.8885,13.0697,12.7978,12.9515,38888400
2020-09-15,13.0382,13.1564,12.8176,12.8570,51220800
2020-09-16,12.9712,13.5465,12.8609,13.3731,71772200
2020-09-17,13.1604,13.4046,13.0303,13.3928,44713400
2020-09-18,13.3849,13.3928,13.1091,13.2431,52812800
2020-09-21,12.9203,12.9523,12.5879,12.8041,61439200
2020-09-22,12.8122,13.0164,12.6479,12.6720,44697400
2020-09-23,12.7200,12.7681,12.0832,12.0993,52969200
2020-09-24,12.0552,12.3155,11.8309,12.0952,70487600
2020-09-25,11.9711,12.1794,11.8950,12.0872,55116800
2020-09-28,12.3075,12.5078,12.2915,12.3716,52752000
2020-09-29,12.3356,12.3636,11.9110,12.0312,47601800
2020-09-30,12.1073,12.2474,11.9390,11.9951,49149000
2020-10-01,11.8630,11.9150,11.5546,11.6267,56730400
2020-10-02,11.3143,11.8389,11.2942,11.7388,57410400
2020-10-05,11.8429,12.0993,11.8149,12.0912,63144400
2020-10-06,12.2675,12.3355,11.8790,11.9110,62223200
2020-10-07,11.9791,12.1113,11.8429,12.0792,42086000
2020-10-08,12.1794,12.5398,12.1233,12.5318,61126200
2020-10-09,12.6439,12.6760,12.3115,12.3315,51035800
2020-10-12,12.2915,12.4076,12.1633,12.3636,33369200
2020-10-13,12.3636,12.4357,12.1353,12.1713,50767600
2020-10-14,12.1994,12.5078,12.1753,12.2234,54488000
2020-10-15,12.0151,12.3756,11.9070,12.3716,40707800
2020-10-16,12.3476,12.3636,12.0712,12.0912,37423000
2020-10-19,12.1353,12.1954,11.8229,11.8349,50372000
2020-10-20,11.9030,12.0792,11.8229,11.9751,45980600
2020-10-21,11.9070,11.9751,11.7428,11.7468,49315200
2020-10-22,11.7668,12.2474,11.6907,12.2314,65648400
2020-10-23,12.2955,12.3676,12.0191,12.1713,49975400
2020-10-26,11.9631,11.9791,11.6186,11.7348,60802000
2020-10-27,11.7228,11.7268,11.5546,11.5826,43193600
2020-10-28,11.2982,11.3703,11.0339,11.0980,81098200
2020-10-29,10.9538,11.4745,10.8056,11.4384,74504200
2020-10-30,11.3583,11.5105,11.2262,11.5025,75799400
2020-11-02,11.6587,12.0512,11.4424,11.8950,83786200
2020-11-03,12.0952,12.1033,11.7188,11.8269,69755000
2020-11-04,11.8429,12.1273,11.5225,11.8429,87227400
2020-11-05,11.8590,12.0792,11.8189,11.8429,63591600
2020-11-06,11.8429,12.0192,11.5385,11.5866,66446400
2020-11-09,12.9764,13.5331,12.9363,13.2407,198713400
2020-11-10,13.4890,13.6692,13.2086,13.6692,146676200
2020-11-11,13.8174,13.8455,13.4009,13.5291,93085000
2020-11-12,13.2928,13.4810,12.9523,13.0925,77169600
2020-11-13,13.1926,13.6372,13.1766,13.5691,78865400
2020-11-16,14.1458,14.4943,13.9736,14.4622,95865400
2020-11-17,14.2740,14.6184,14.0858,14.6104,78020200
2020-11-18,14.7346,14.7906,14.1859,14.1859,82000400
2020-11-19,14.0858,14.4462,13.9416,14.4182,65872400
2020-11-20,14.3821,14.4462,14.2420,14.3421,39506400
2020-11-23,14.5664,15.3754,14.5503,15.3554,76324600
2020-11-24,15.8720,16.1884,15.7318,16.1444,106932000
2020-11-25,16.0402,16.0402,15.6798,15.7679,71352400
2020-11-27,15.6798,15.8079,15.4595,15.5836,37510800
2020-11-30,15.4114,15.4314,14.6985,14.7226,83087200
2020-12-01,15.1311,15.2152,14.7666,14.7906,68935600
2020-12-02,14.7426,15.5035,14.6945,15.2712,75483600
2020-12-03,15.3393,15.6197,15.1831,15.4314,72975400
2020-12-04,15.7118,16.2845,15.7118,16.2725,103700400
2020-12-07,16.0803,16.1163,15.7398,15.8920,69313200
2020-12-08,15.6958,16.2885,15.6918,16.1283,57854600
2020-12-09,16.2925,16.5569,15.9681,16.1644,86691800
2020-12-10,16.1844,16.8532,16.1403,16.6610,77604400
2020-12-11,16.5489,16.5529,16.2365,16.4688,56152200
2020-12-14,16.7211,16.7251,15.8320,15.8920,79884400
2020-12-15,15.9801,16.2845,15.8320,16.2044,58671800
2020-12-16,16.2445,16.3046,16.0122,16.1243,47628800
2020-12-17,16.2685,16.2725,15.9521,16.0482,46363400
2020-12-18,16.0162,16.1043,15.6557,15.7799,73140400
2020-12-21,15.1833,15.6094,15.0250,15.4755,80158800
2020-12-22,15.4430,15.4958,15.1995,15.2157,50185800
2020-12-23,15.3456,15.7677,15.3416,15.5526,53931800
2020-12-24,15.5729,15.5729,15.3172,15.4714,22903000
2020-12-28,15.5283,15.7231,15.3294,15.3740,37824600
2020-12-29,15.4674,15.5120,15.1995,15.2726,37968600
2020-12-30,15.2847,15.6581,15.2482,15.5120,56436600
2020-12-31,15.4430,15.5080,15.3132,15.3822,36309800
2021-01-04,15.5607,15.6906,15.2239,15.4065,67717600
2021-01-05,15.5729,16.5186,15.5607,16.0965,95473400
2021-01-06,16.4130,16.7418,16.2020,16.5876,86262800
2021-01-07,16.7337,17.0015,16.5591,16.8311,51457200
2021-01-08,17.0462,17.0462,16.6768,16.8108,62744000
2021-01-11,16.4455,17.1436,16.3522,17.0746,46890400
2021-01-12,17.2816,17.7646,17.1517,17.6712,87947200
2021-01-13,17.7321,17.7402,17.3993,17.5332,54764400
2021-01-14,17.6428,18.2638,17.6266,18.0527,83314600
2021-01-15,17.7321,17.7361,17.1801,17.3506,95497000
2021-01-19,17.5616,17.8214,17.5048,17.6996,55619400
2021-01-20,17.8498,17.8944,17.5900,17.7646,50725600
2021-01-21,17.6671,17.7564,17.0056,17.1639,59968000
2021-01-22,16.7864,17.1233,16.6484,17.0746,50444600
2021-01-25,16.8879,16.9528,16.5916,16.9001,81823200
2021-01-26,17.0502,17.3059,16.5307,16.5389,54999600
2021-01-27,16.2669,16.7702,16.0356,16.3156,99867200
2021-01-28,16.4496,16.7053,16.2994,16.5064,57248200
2021-01-29,16.2750,16.4861,15.8976,15.9585,63069000
2021-02-01,16.1533,16.2345,15.8042,16.0721,61021400
2021-02-02,16.4577,16.6363,16.2466,16.2466,63929000
2021-02-03,16.3319,16.9853,16.2710,16.9407,74385600
2021-02-04,17.0665,17.1314,16.7661,17.1273,48327800
2021-02-05,17.3952,17.4520,17.2248,17.2735,48196400
2021-02-08,17.5251,18.0811,17.5089,17.9959,62368200
2021-02-09,17.8538,17.9107,17.5697,17.8051,64798800
2021-02-10,17.8660,18.1623,17.7524,18.1461,58451000
2021-02-11,18.0892,18.0933,17.4886,17.8660,49632600
2021-02-12,17.7402,18.1461,17.7077,18.1298,47400800
2021-02-16,18.5479,18.7995,18.4545,18.5844,76593400
2021-02-17,18.7751,18.9821,18.5032,18.8604,68964400
2021-02-18,18.7792,18.8157,18.3774,18.4342,61360200
2021-02-19,18.4586,18.8157,18.4383,18.7427,54404200
2021-02-22,18.8685,19.6721,18.8360,19.3921,75644600
2021-02-23,19.6234,19.7695,18.8766,19.7127,98370800
2021-02-24,19.8426,20.5285,19.6762,20.4108,77748800
2021-02-25,20.6218,20.6218,19.8791,20.0171,75887800
2021-02-26,19.7492,19.8060,18.9659,19.5422,90308800
2021-03-01,20.0577,20.3255,19.9116,20.0496,69391600
2021-03-02,20.1226,20.2850,19.9278,19.9400,74468200
2021-03-03,20.0861,20.6908,20.0820,20.2322,82574400
2021-03-04,20.4148,21.0886,20.2241,20.7152,107573800
2021-03-05,21.3037,21.5391,20.7720,21.4904,112395800
2021-03-08,21.7014,21.8151,21.2184,21.5309,100610000
2021-03-09,21.4092,21.7176,21.0033,21.1535,118889600
2021-03-10,21.1860,21.7623,21.0845,21.6892,78416600
2021-03-11,21.7339,22.0667,21.6486,21.6973,50797400
2021-03-12,21.7379,21.9368,21.5796,21.7420,59786800
2021-03-15,21.6933,21.7542,21.2347,21.4944,60452600
2021-03-16,21.1373,21.1576,20.7517,20.8816,77287000
2021-03-17,20.8207,21.1454,20.6421,21.0439,64552200
2021-03-18,20.8572,20.9506,20.0130,20.0983,87207200
2021-03-19,20.0901,20.4351,19.8304,20.1023,81158600
2021-03-22,20.0572,20.1351,19.8685,19.9095,59561800
2021-03-23,19.5076,20.0572,19.3845,19.6183,103196200
2021-03-24,19.9177,20.3812,19.9177,20.1105,81630800
2021-03-25,19.7742,20.2418,19.4542,20.1843,80670200
2021-03-26,20.5494,20.7135,20.3156,20.6847,72348600
2021-03-29,20.5084,20.6150,20.1885,20.4387,47286200
2021-03-30,20.2295,20.4797,20.1105,20.2623,53392200
2021-03-31,20.2213,20.3115,20.0449,20.1228,48097400
2021-04-01,20.2131,20.6437,20.1064,20.6355,65039600
2021-04-05,20.5945,20.5986,20.0244,20.1433,53372200
2021-04-06,20.2418,20.5125,20.0572,20.0900,53257800
2021-04-07,20.0982,20.2623,20.0244,20.1597,49888600
2021-04-08,20.0162,20.0203,19.6675,19.8972,63766600
2021-04-09,19.8931,20.0654,19.6757,19.7660,44373400
2021-04-12,19.9382,20.0818,19.5404,19.6101,39196200
2021-04-13,19.5773,19.7373,19.4337,19.6306,44825400
2021-04-14,19.8029,20.4428,19.7824,20.1761,66767800
2021-04-15,20.2008,20.2008,19.9300,20.0121,49686200
2021-04-16,20.1597,20.2090,19.7701,19.8521,57189000
2021-04-19,19.8931,20.0408,19.6388,19.8316,40827800
2021-04-20,19.7619,19.7906,19.1097,19.3066,72574000
2021-04-21,19.0605,19.6224,18.9703,19.5527,56991000
2021-04-22,19.6470,19.6552,19.2574,19.3230,50062800
2021-04-23,19.3394,19.5855,19.2246,19.4994,33897800
2021-04-26,19.4255,19.7783,19.4255,19.6306,35891800
2021-04-27,19.7044,19.9382,19.6142,19.8685,42268800
2021-04-28,20.0162,20.6314,19.9998,20.5535,65874000
2021-04-29,20.8488,21.0375,20.5289,20.7832,66042400
2021-04-30,20.4879,20.7709,20.2131,20.2582,58519000
2021-05-03,20.4920,20.8693,20.4263,20.8160,45740000
2021-05-04,20.8570,21.0129,20.5904,20.8283,53917600
2021-05-05,21.0867,21.5666,21.0867,21.5010,79621200
2021-05-06,21.4969,21.6117,21.0990,21.6117,58710400
2021-05-07,21.3902,22.0342,21.3123,21.9973,63196200
2021-05-10,22.2721,22.6166,21.9891,22.0055,68998000
2021-05-11,21.5461,21.8537,21.2508,21.4395,113531800
2021-05-12,21.5502,22.1778,21.4436,21.5420,82195600
2021-05-13,21.2836,21.6774,20.9924,21.2795,79698200
2021-05-14,21.5133,22.0219,21.5133,21.9399,57183600
2021-05-17,21.8619,22.4567,21.8291,22.4485,67404200
2021-05-18,22.4157,22.4977,21.8865,21.9276,70435400
2021-05-19,21.4149,21.6240,21.0826,21.3820,87969600
2021-05-20,21.3738,21.4477,21.0457,21.3492,56522600
2021-05-21,21.5625,21.7143,21.3779,21.3943,50539800
2021-05-24,21.5420,21.6568,21.3000,21.6076,48020400
2021-05-25,21.5543,21.6117,21.1359,21.1688,48558600
2021-05-26,21.1893,21.4354,21.0908,21.3574,39554400
2021-05-27,21.4436,21.6363,21.2549,21.3738,39053600
2021-05-28,21.4928,21.5215,21.3000,21.4149,37125400
2021-06-01,21.8373,22.2885,21.8250,22.2393,72570200
2021-06-02,22.3746,22.7602,22.1121,22.6536,67893400
2021-06-03,22.5592,22.8422,22.4157,22.7151,58761600
2021-06-04,22.8627,22.9612,22.5305,22.8668,52658800
2021-06-07,22.8627,23.0022,22.7356,22.7684,40070400
2021-06-08,22.6905,23.0063,22.4198,22.9653,57553000
2021-06-09,23.0309,23.1294,22.8094,22.8217,56052200
2021-06-10,23.1294,23.2360,22.5510,22.7930,57353800
2021-06-11,22.8750,23.0022,22.6864,22.7151,38091400
2021-06-14,22.7971,22.9366,22.4321,22.6166,37745000
2021-06-15,22.7602,23.1088,22.7028,23.0473,64285000
2021-06-16,23.0104,23.1950,22.7233,22.9243,60786400
2021-06-17,22.8668,23.0596,21.8455,22.1449,106941800
2021-06-18,21.6815,21.9563,21.4723,21.4887,113812200
2021-06-21,21.6669,22.4459,21.6669,22.4044,84366800
2021-06-22,22.3506,22.6406,22.1061,22.5536,48344400
2021-06-23,22.7608,23.0177,22.5743,22.6157,40553000
2021-06-24,22.7193,22.8271,22.4997,22.8105,41756800
2021-06-25,22.8726,22.9431,22.7442,22.9307,38330000
2021-06-28,22.8312,22.8436,22.0646,22.1558,65702800
2021-06-29,22.2884,22.4127,22.0191,22.0481,31911000
2021-06-30,22.1144,22.3878,22.0936,22.3215,47034000
2021-07-01,22.8312,22.9016,22.4997,22.7110,47251600
2021-07-02,22.6157,22.7359,22.4210,22.6613,30471800
2021-07-06,22.5867,22.6282,21.8326,21.9238,68446200
2021-07-07,21.8906,22.0936,21.3271,21.5674,60823800
2021-07-08,21.1862,21.6461,21.1116,21.4431,49379800
2021-07-09,21.7166,21.9155,21.4638,21.8989,51206000
2021-07-12,21.6503,21.9983,21.4970,21.8657,41353000
2021-07-13,21.7580,21.8948,21.5716,21.7000,49786800
2021-07-14,21.7663,22.0191,20.9707,21.0536,66999400
2021-07-15,20.8257,21.0785,20.6600,20.7594,59670800
2021-07-16,20.9169,20.9252,20.1337,20.1710,74253800
2021-07-19,19.4832,19.7359,19.1848,19.4583,114994800
2021-07-20,19.4666,19.9265,19.3009,19.7194,83342000
2021-07-21,20.1089,20.5729,20.0633,20.4072,82042600
2021-07-22,20.3865,20.3865,20.0053,20.1793,47270000
2021-07-23,20.2456,20.2539,19.9017,20.1047,46951800
2021-07-26,20.1544,20.6848,20.1172,20.6020,47266200
2021-07-27,20.4404,20.4735,20.1710,20.4113,46888400
2021-07-28,20.4652,20.7677,20.2788,20.5978,39169200
2021-07-29,20.8630,20.9542,20.6724,20.7967,43794000
2021-07-30,20.7553,20.8423,20.3409,20.4652,49600600
2021-08-02,20.4776,20.9749,20.2788,20.3119,57810800
2021-08-03,20.2456,20.7014,20.0550,20.6600,64302000
2021-08-04,20.2870,20.5398,20.0716,20.1006,64523800
2021-08-05,20.2249,20.5771,20.1379,20.3285,45800000
2021-08-06,20.5025,20.6765,20.4031,20.5149,36214800
2021-08-09,20.2415,20.3865,20.0881,20.2249,42193400
2021-08-10,20.3326,20.6351,20.3078,20.5812,53283000
2021-08-11,20.5274,20.7801,20.3989,20.7428,47686200
2021-08-12,20.7263,20.8381,20.4694,20.7221,36517200
2021-08-13,20.7345,20.7345,20.4279,20.4776,33050800
2021-08-16,20.2000,20.2083,19.9224,20.1006,48258400
2021-08-17,19.9058,20.2166,19.7152,19.8934,51108200
2021-08-18,19.8893,20.0467,19.4542,19.4790,56305800
2021-08-19,19.1434,19.2677,18.7042,18.9735,99256200
2021-08-20,18.7995,19.1351,18.7166,19.0150,61587600
2021-08-23,19.4749,19.7815,19.4335,19.7277,58704400
2021-08-24,19.8934,20.1586,19.8602,20.0550,45382200
2021-08-25,20.0136,20.3202,19.8810,20.2083,39817600
2021-08-26,20.0923,20.2042,19.8685,19.9017,41465400
2021-08-27,20.1503,20.5688,20.1047,20.4321,46202600
2021-08-30,20.5108,20.5895,20.1834,20.1917,31817800
2021-08-31,20.0923,20.2746,20.0053,20.0550,53873200
2021-09-01,20.0343,20.1503,19.6862,19.7608,63459800
2021-09-02,19.9431,20.4238,19.9431,20.2622,61635400
2021-09-03,20.2207,20.3699,20.0509,20.1462,39162800
2021-09-07,20.0509,20.3036,19.9514,20.0260,42472800
2021-09-08,20.1379,20.2705,19.7567,19.7691,43798400
2021-09-09,19.6365,20.1213,19.5329,19.8105,50529600
2021-09-10,20.1172,20.1586,19.7401,19.8022,37513000
2021-09-13,20.0591,20.5067,20.0591,20.3699,68499600
2021-09-14,20.5522,20.5895,19.9887,20.0757,58935800
2021-09-15,20.3616,20.8423,20.3285,20.8257,76695000
2021-09-16,20.8050,20.8091,20.4776,20.5895,60643800
2021-09-17,20.4859,20.8091,20.3823,20.4362,64459000
2021-09-20,19.9422,20.0512,19.4892,19.8122,85660000
2021-09-21,20.0470,20.1519,19.6486,19.8583,51323400
2021-09-22,20.1938,20.7097,20.1938,20.4706,79252200
2021-09-23,20.5838,21.2507,20.4874,21.1878,49734200
2021-09-24,21.0745,21.4562,21.0326,21.3471,55503000
2021-09-27,21.8169,22.1943,21.7875,22.1062,81697400
2021-09-28,22.3159,22.5760,22.1314,22.1817,132975200
2021-09-29,22.1608,22.3201,21.8882,22.1817,69894400
2021-09-30,22.1188,22.2404,21.8462,21.8462,89198800
2021-10-01,22.0056,22.6011,22.0056,22.5801,83312000
2021-10-04,22.8234,23.2008,22.7185,22.9492,114815800
2021-10-05,23.2763,23.5070,22.8444,23.0834,98029600
2021-10-06,22.7018,22.9660,22.4376,22.8402,100174800
2021-10-07,22.8989,23.1421,22.7857,23.0163,77596200
2021-10-08,23.2596,23.7796,23.2050,23.7251,86200400
2021-10-11,24.0816,24.1529,23.6161,23.6370,86021400
2021-10-12,23.5909,23.8845,23.4944,23.6580,71038200
2021-10-13,23.4860,23.7586,23.2218,23.6370,57902600
2021-10-14,23.9054,24.0271,23.6874,23.9264,46786600
2021-10-15,24.1948,24.2871,24.0312,24.0438,45354800
2021-10-18,24.2787,24.4129,23.9264,24.0606,65257600
2021-10-19,24.1613,24.4171,24.0312,24.3332,44552600
2021-10-20,24.1487,24.5345,24.0522,24.5303,50212600
2021-10-21,24.3416,24.4297,23.8803,24.0774,64241800
2021-10-22,24.1655,24.3248,23.9390,24.3039,43005000
2021-10-25,24.6016,24.7945,24.4716,24.6603,50112200
2021-10-26,24.7442,24.9162,24.6520,24.8029,45503200
2021-10-27,24.5345,24.6687,24.0354,24.0900,68007600
2021-10-28,23.9600,24.2829,23.9558,24.2619,46735000
2021-10-29,24.3835,24.4381,24.0019,24.1025,43997800
2021-11-01,24.3416,24.5849,24.2745,24.5177,49656800
2021-11-02,24.3752,24.5639,24.2074,24.2871,34125400
2021-11-03,23.9935,24.3374,23.8929,24.0858,46674800
2021-11-04,24.4423,24.5052,23.9012,24.1193,76363200
2021-11-05,24.4506,24.5429,24.2326,24.4339,45207000
2021-11-08,24.6394,24.9120,24.5219,24.6561,40022400
2021-11-09,24.6855,24.7652,24.3332,24.7568,39378000
2021-11-10,24.6520,24.7316,23.9600,24.1025,72033000
2021-11-11,24.1193,24.3584,24.1193,24.1948,48996600
2021-11-12,24.0942,24.2326,23.9893,24.1361,34190000
2021-11-15,24.1151,24.4800,23.9096,24.3374,42751400
2021-11-16,24.4087,24.5723,24.2577,24.3752,40958800
2021-11-17,24.1361,24.4842,23.9180,24.0019,47339000
2021-11-18,23.9474,24.1361,23.5699,23.8593,57911000
2021-11-19,23.3434,23.4064,22.8779,22.9282,91379600
2021-11-22,22.8947,23.6873,22.8905,23.3351,67785800
2021-11-23,23.6412,24.1319,23.6202,24.0522,67724600
2021-11-24,23.9264,24.4255,23.8929,24.2871,42868600
2021-11-26,23.0834,23.3854,22.7060,23.3099,89454400
2021-11-29,23.8174,24.0564,23.3686,23.4441,70882400
2021-11-30,23.0037,23.3518,22.7815,22.8947,92524000
2021-12-01,23.4315,23.6454,22.6389,22.6514,89549600
2021-12-02,22.6640,23.3938,22.3956,23.3099,100743800
2021-12-03,23.6244,23.7293,22.9031,23.1254,75880200
2021-12-06,23.4818,23.7461,23.1925,23.4693,63939000
2021-12-07,23.7964,24.2451,23.7670,24.0187,73686600
2021-12-08,24.1529,24.2703,23.9641,24.0145,47030000
2021-12-09,23.8635,23.9264,23.6832,23.8299,46798800
2021-12-10,24.0858,24.1025,23.5783,24.0061,39051200
2021-12-13,23.7922,23.8635,23.2260,23.3392,57208000
2021-12-14,23.1967,23.5993,23.1631,23.2428,57597600
2021-12-15,23.2092,23.2680,22.6137,23.1296,67716200
2021-12-16,23.3309,23.7545,23.2386,23.2763,53731800
2021-12-17,23.1086,23.2134,22.5969,22.8024,69270200
2021-12-20,22.1886,22.5369,21.9464,22.5199,72661600
2021-12-21,22.7493,23.2464,22.7408,23.1614,50319400
2021-12-22,23.1869,23.4673,22.9065,23.3101,42206200
2021-12-23,23.4121,23.6457,23.3143,23.3228,33370600
2021-12-27,23.2464,23.8539,23.0510,23.8326,43484400
2021-12-28,23.8921,24.0493,23.6839,23.8156,35877000
2021-12-29,23.7774,23.8921,23.5480,23.6627,30218200
2021-12-30,23.6712,23.8581,23.4970,23.5183,27180000
2021-12-31,23.4588,23.7009,23.4205,23.5777,26482400
2022-01-03,23.6117,24.3467,23.5990,24.3084,65054200
2022-01-04,24.6398,25.2473,24.5591,25.1496,79957600
2022-01-05,25.3960,25.6764,25.1071,25.1453,90804000
2022-01-06,25.7358,25.8505,25.3450,25.7061,74681400
2022-01-07,25.8038,26.1267,25.6254,26.0587,71169200
2022-01-10,26.1182,26.1692,25.6381,25.9780,66473000
2022-01-11,26.2031,26.9084,25.9822,26.8616,76887800
2022-01-12,27.0061,27.0783,26.7172,26.9126,60496800
2022-01-13,26.9126,27.1293,26.6662,26.7767,59554000
2022-01-14,26.8021,27.4479,26.7852,27.4054,64801000
2022-01-18,27.6985,27.8387,27.0953,27.5158,82133400
2022-01-19,27.7283,27.7580,27.0995,27.3162,65978000
2022-01-20,27.1378,27.7920,27.0103,27.0655,83980800
2022-01-21,26.7597,26.9296,26.2499,26.5303,114539600
2022-01-24,25.9015,26.8021,25.4215,26.7087,124505600
2022-01-25,26.6067,27.8472,26.1139,27.7453,118434400
2022-01-26,28.0384,28.2635,27.3969,27.6985,130725400
2022-01-27,28.1871,28.4887,27.5371,28.0002,108901400
2022-01-28,27.8132,28.1531,27.2992,27.8812,105302400
2022-01-31,27.8175,28.1828,27.3757,28.0044,63298400
2022-02-01,27.8387,29.0707,27.7750,29.0027,90444600
2022-02-02,28.8540,29.1514,28.4972,29.0962,65197000
2022-02-03,28.9772,29.0367,28.5057,28.8201,61962600
2022-02-04,29.1854,29.7377,29.1174,29.2704,81733400
2022-02-07,29.1302,29.9204,28.9093,29.6442,65165000
2022-02-08,29.5550,29.6145,28.8031,29.0070,75764200
2022-02-09,29.0750,29.4743,29.0027,29.2491,70791400
2022-02-10,29.1047,29.6272,28.8753,29.0665,75643200
2022-02-11,29.2619,29.9501,29.0792,29.9119,93034000
2022-02-14,29.7292,29.7632,28.8583,29.2067,99633000
2022-02-15,28.4887,28.9687,28.3273,28.9008,86092200
2022-02-16,29.1302,29.6400,28.9560,29.1344,73444200
2022-02-17,29.1089,29.3936,28.8625,29.0877,67622800
2022-02-18,28.6756,29.1387,28.6289,28.9093,63291600
2022-02-22,29.7844,29.7844,28.0129,28.4420,93002800
2022-02-23,28.6076,28.9560,28.4420,28.7351,67958000
2022-02-24,29.3468,29.3808,27.7665,28.5099,123485800
2022-02-25,28.5737,29.2916,28.5737,29.2619,78423000
2022-02-28,29.0537,30.0181,28.8923,29.9841,96394200
2022-03-01,30.2517,30.7955,29.8609,30.2857,124231000
2022-03-02,30.7488,31.2246,30.6001,30.9782,90908200
2022-03-03,30.6765,31.2755,30.6128,31.0631,89119800
2022-03-04,31.0589,31.9765,30.9782,31.9595,105216800
2022-03-07,32.2909,32.9494,31.7089,32.4311,131214800
2022-03-08,33.1703,34.0794,32.0020,32.9408,196054400
2022-03-09,31.7343,32.6860,31.2246,31.9340,174036400
2022-03-10,32.3121,32.9961,32.0827,32.9111,137802600
2022-03-11,32.3843,33.0556,32.3334,32.6477,91837800
2022-03-14,31.9510,32.1762,31.2458,31.6706,101490000
2022-03-15,30.4429,30.8635,29.9246,30.5109,124724400
2022-03-16,30.6256,30.8932,30.0521,30.3707,107536200
2022-03-17,30.9102,31.4965,30.7190,31.4157,76956400
2022-03-18,31.3605,31.5984,31.1481,31.3860,58550800
2022-03-21,32.0207,32.7541,32.0036,32.6512,68714800
2022-03-22,32.5140,32.6941,32.0422,32.4110,66462200
2022-03-23,33.0201,33.2731,32.8614,32.9686,58663000
2022-03-24,33.0930,33.3760,32.8313,33.0501,52700600
2022-03-25,32.8528,33.8178,32.8271,33.7749,56083600
2022-03-28,33.0801,33.0930,32.7284,32.9386,69760400
2022-03-29,32.2009,32.8699,31.8192,32.8528,73274000
2022-03-30,33.1702,33.4704,32.9643,33.2345,49736400
2022-03-31,32.9214,33.5433,32.7799,32.7842,65606600
2022-04-01,32.7413,33.3589,32.7198,33.0501,49612600
2022-04-04,33.2645,33.3717,32.7413,33.0930,46007400
2022-04-05,33.1530,33.6634,32.5354,32.5740,54577200
2022-04-06,32.9300,33.2259,32.5826,32.7670,64328400
2022-04-07,32.9214,33.3074,32.3124,33.1959,54097400
2022-04-08,33.2860,34.2038,33.2860,34.1094,53426200
2022-04-11,33.7449,33.7535,33.0115,33.0844,52461000
2022-04-12,33.7535,34.2467,33.5690,33.6334,63929400
2022-04-13,34.0451,34.2295,33.4833,34.1352,49295800
2022-04-14,33.9722,34.5169,33.9207,34.2467,51869400
2022-04-18,34.5297,34.9543,34.3153,34.7485,60913200
2022-04-19,34.5683,34.9072,34.2638,34.4654,45727800
2022-04-20,34.5555,34.7828,34.2209,34.5984,52079400
2022-04-21,34.8042,34.9586,33.3717,33.5004,65157800
2022-04-22,33.3675,33.8478,32.6684,32.6812,71499200
2022-04-25,31.6519,31.7720,30.4510,31.6004,110724400
2022-04-26,31.8363,32.5097,31.5618,31.6433,89168600
2022-04-27,31.8449,32.4196,31.2745,32.1065,89132600
2022-04-28,32.3210,33.3503,31.6862,33.0801,87469600
2022-04-29,33.1530,33.3417,32.1151,32.2309,79416200
2022-05-02,32.0336,32.7584,31.9350,32.7456,104141200
2022-05-03,32.8056,33.8178,32.7842,33.6634,83298800
2022-05-04,34.3110,35.1345,33.8735,35.0616,90767400
2022-05-05,35.3103,35.3446,33.8307,34.5340,93194000
2022-05-06,34.9801,35.5677,34.2810,35.5634,94245600
2022-05-09,34.7999,34.8300,32.4882,32.6212,106044000
2022-05-10,33.1230,33.7492,32.2223,32.9171,113727800
2022-05-11,33.4661,34.4525,33.3031,33.3589,99705000
2022-05-12,33.3460,33.5176,32.4582,33.5004,90043600
2022-05-13,33.9979,34.7828,33.9379,34.6455,59437400
2022-05-16,34.7699,35.9236,34.7485,35.5591,56518800
2022-05-17,36.0394,36.1895,35.6491,35.9708,56329400
2022-05-18,36.2281,36.2710,34.6284,35.0487,66461400
2022-05-19,34.2510,35.5076,34.2510,34.9200,71441000
2022-05-20,35.3489,35.7649,34.3668,35.0701,63840000
2022-05-23,35.4862,36.1209,35.2674,35.9965,53289400
2022-05-24,35.5977,36.2839,35.3232,36.1338,53127600
2022-05-25,36.2582,36.9315,36.2067,36.8800,52648000
2022-05-26,37.1031,37.5663,37.0773,37.2875,42678200
2022-05-27,37.1202,38.0724,37.0302,37.9694,37334400
2022-05-31,38.5956,38.7972,37.1974,37.3990,78681200
2022-06-01,37.8708,38.2868,37.4548,38.0080,59297200
2022-06-02,37.7421,38.1538,37.5105,37.8879,52605400
2022-06-03,37.9351,38.5098,37.8922,38.3897,41050600
2022-06-06,38.5741,38.5999,38.1410,38.3468,33384600
2022-06-07,38.3211,39.5434,38.2911,39.4920,51378800
2022-06-08,39.6850,40.0195,39.3333,39.5777,56985400
2022-06-09,39.2389,39.4877,38.6599,38.7028,49176200
2022-06-10,38.2568,38.8315,37.6049,38.0466,62543600
2022-06-13,36.8929,36.9315,35.3446,36.0609,89462600
2022-06-14,36.7857,37.2575,35.6577,36.1295,69512800
2022-06-15,36.0480,36.2281,34.7356,35.3318,86446400
2022-06-16,34.3925,34.5812,33.0544,33.3417,115958200
2022-06-17,33.1101,33.3546,31.1372,31.5189,128468400
2022-06-21,32.3582,33.3773,32.3018,33.1518,70013400
2022-06-22,31.5558,32.3842,31.3823,31.8247,82425200
2022-06-23,31.9765,32.2064,30.1289,30.6451,113842200
2022-06-24,31.1698,31.7076,30.7188,31.0484,94797000
2022-06-27,31.4084,32.1760,31.3693,31.9592,67958800
2022-06-28,32.7181,33.3513,32.3278,32.8222,79568000
2022-06-29,33.2776,33.3904,31.5905,31.6816,71184000
2022-06-30,31.0007,31.8160,30.7361,31.0137,75533400
2022-07-01,31.3910,31.6122,30.4152,31.4777,69204000
2022-07-05,30.8272,30.9747,29.5738,30.2287,89865800
2022-07-06,29.9034,30.4412,28.8192,29.7126,96419000
2022-07-07,30.5193,31.0267,30.4455,30.7838,67587200
2022-07-08,31.1568,31.2869,30.3415,30.7708,43940600
2022-07-11,30.3848,30.7318,30.0682,30.4759,45508200
2022-07-12,29.6779,30.0596,29.3440,29.8818,64690200
2022-07-13,29.4480,30.4586,29.4480,29.8340,58978000
2022-07-14,28.7888,29.3049,28.3985,29.2702,73273600
2022-07-15,29.9078,29.9381,29.3049,29.7473,59920600
2022-07-18,30.5410,30.9313,30.2851,30.4282,51453600
2022-07-19,30.3848,31.4431,30.3762,31.3650,48776400
2022-07-20,31.0180,31.8117,30.8879,31.6686,41849400
2022-07-21,30.8012,31.1438,30.2114,31.1134,43159200
2022-07-22,31.2349,31.5428,30.6797,30.8576,40836400
2022-07-25,31.2826,32.0199,30.9096,31.9895,39112000
2022-07-26,32.3712,32.5143,31.4864,31.6989,37228800
2022-07-27,31.9028,32.5750,31.5775,32.4145,44810800
2022-07-28,32.7051,32.9306,31.9938,32.5967,46665400
2022-07-29,33.1908,34.1146,33.1258,34.0105,51667600
2022-08-01,33.4294,33.5161,32.8612,33.3080,51331000
2022-08-02,33.3123,33.5638,32.9350,33.2299,39864400
2022-08-03,33.3687,33.4684,32.0762,32.2757,57013200
2022-08-04,32.0546,32.1456,30.9616,31.0787,55991000
2022-08-05,30.6581,31.9678,30.6581,31.6946,45179600
2022-08-08,31.6599,32.1456,31.6122,31.8594,37756600
2022-08-09,32.3104,32.8309,32.2541,32.4189,34683000
2022-08-10,32.4926,32.8396,31.8507,32.6531,34788400
2022-08-11,33.2646,34.0626,33.1648,33.7763,60531600
2022-08-12,33.5552,34.0496,33.4120,34.0322,38381000
2022-08-15,32.8005,33.5508,32.5013,33.3687,42024400
2022-08-16,33.4164,33.7677,33.0824,33.2906,39357600
2022-08-17,33.1388,33.9151,33.0521,33.5682,45472400
2022-08-18,33.9412,34.5050,33.8804,34.4703,46866000
2022-08-19,34.3835,34.7001,34.1840,34.4616,39488400
2022-08-22,34.1667,34.6090,33.6029,34.3965,45696200
2022-08-23,34.9603,35.9058,34.9343,35.6369,54367000
2022-08-24,35.6412,36.1270,35.4808,36.0749,49093200
2022-08-25,36.2831,36.5347,36.0012,36.3525,39798600
2022-08-26,36.2788,36.6734,35.7670,35.9275,38635200
2022-08-29,35.9101,36.9423,35.8191,36.4696,52125000
2022-08-30,35.8451,35.8537,34.9430,35.2336,57641800
2022-08-31,34.3618,35.4938,34.2361,34.9126,58304600
2022-09-01,34.3965,34.5266,33.5768,34.0539,56604200
2022-09-02,34.8909,35.1381,34.4919,34.6784,57188200
2022-09-06,35.0037,35.1208,34.2144,34.3575,45568200
2022-09-07,33.6072,34.1060,33.2993,33.9585,60541400
2022-09-08,34.1103,34.2751,33.6939,34.1060,53681600
2022-09-09,34.7175,35.1251,34.4616,34.9560,38678800
2022-09-12,35.4678,35.9839,35.1642,35.5979,41731800
2022-09-13,35.0427,35.6412,34.5440,34.7001,61146000
2022-09-14,35.0254,35.9318,35.0254,35.6803,54384200
2022-09-15,35.0471,35.1945,34.5917,34.7608,55886400
2022-09-16,34.6524,34.6784,33.5248,34.0192,70403600
2022-09-19,33.0836,34.0613,33.0047,34.0394,37625800
2022-09-20,33.8026,33.9999,33.4037,33.8026,42299600
2022-09-21,34.4384,34.4866,33.2941,33.3072,68705800
2022-09-22,33.9122,34.0219,33.1625,33.1888,57748000
2022-09-23,31.8999,31.9612,30.6635,30.9003,105475600
2022-09-26,30.7074,31.0932,30.1023,30.1418,72159600
2022-09-27,30.6635,31.0449,30.3084,30.4794,67671200
2022-09-28,30.7863,32.0051,30.6021,31.8297,63147600
2022-09-29,31.5973,31.8955,31.0405,31.8297,48563000
2022-09-30,31.5754,32.0139,31.2685,31.5754,43369400
2022-10-03,32.7109,33.5352,32.6583,33.3598,69550600
2022-10-04,34.0350,34.8242,33.7676,34.7935,66330800
2022-10-05,34.7803,35.7887,34.4822,35.5125,61273600
2022-10-06,35.2231,36.2534,35.1968,36.1438,52670200
2022-10-07,36.2184,36.6261,35.6046,35.8632,56915400
2022-10-10,36.0035,36.3104,35.0127,35.1267,46331600
2022-10-11,34.4690,35.4467,34.3244,34.8461,53842200
2022-10-12,34.6181,35.3722,34.3901,35.1267,41102400
2022-10-13,34.6663,36.7006,34.6576,36.5603,70134800
2022-10-14,36.1614,36.6831,35.1267,35.1968,53494600
2022-10-17,35.7493,36.2228,35.5344,35.6353,37988400
2022-10-18,35.9290,36.2797,35.2538,35.9465,50375800
2022-10-19,36.0518,37.1434,36.0386,37.0075,62527600
2022-10-20,37.2881,37.6301,36.8190,37.0426,50523600
2022-10-21,37.2487,38.1869,37.1522,38.1124,50548400
2022-10-24,38.0904,38.5596,37.8844,38.2921,44992000
2022-10-25,38.1430,38.5069,37.9370,38.3316,37683600
2022-10-26,38.4763,39.1602,38.4500,38.8533,45413000
2022-10-27,39.3882,39.6512,38.8752,38.9936,50021200
2022-10-28,39.4145,39.7345,38.4280,39.1295,49328000
2022-10-31,38.7437,39.9757,38.6999,39.4583,59520800
2022-11-01,40.1203,40.1379,39.5986,39.8398,43510800
2022-11-02,39.7126,39.9187,38.7875,38.8796,56499200
2022-11-03,38.6429,39.8222,38.5333,39.5986,53634400
2022-11-04,40.4799,40.7824,39.5197,40.0809,60590600
2022-11-07,40.1642,40.8964,40.0940,40.7692,38775400
2022-11-08,40.6903,40.9840,40.3089,40.8087,43718600
2022-11-09,40.2563,40.3834,38.7262,38.8138,63028000
2022-11-10,39.6162,39.7214,38.8007,39.6775,58488200
2022-11-11,40.4360,41.0410,40.3396,40.8306,51082600
2022-11-14,40.7122,41.5233,40.7078,40.8174,46245200
2022-11-15,40.9709,41.3523,40.7035,41.2471,51542200
2022-11-16,40.8788,41.1287,40.1949,40.4053,47277200
2022-11-17,39.7872,40.5281,39.5811,40.4930,42859800
2022-11-18,39.7433,40.2826,39.2435,40.1730,47366200
2022-11-21,39.3005,39.7345,38.2702,39.6293,85153600
2022-11-22,40.1247,40.9621,39.9406,40.8701,53755000
2022-11-23,40.1291,40.6859,39.9801,40.4272,41197400
2022-11-25,40.4536,40.7385,40.2080,40.2782,15182600
2022-11-28,39.2917,39.7872,39.0418,39.1734,58262400
2022-11-29,39.6074,39.9976,39.4627,39.7652,38048400
2022-11-30,40.2080,40.2870,39.3356,39.9625,43830200
2022-12-01,40.2431,40.4448,39.6951,39.8310,38902000
2022-12-02,39.5548,40.0634,39.3619,39.5942,36770000
2022-12-05,39.9844,40.1423,38.0904,38.4193,51753800
2022-12-06,38.1781,38.6385,37.1478,37.4065,64930200
2022-12-07,37.3977,37.8888,36.9900,37.3188,48894200
2022-12-08,38.1562,38.2395,36.9461,37.1522,51280800
2022-12-09,37.0338,37.4416,36.2359,36.2491,48097800
2022-12-12,36.4551,37.2881,36.3148,37.2004,42184800
2022-12-13,37.9238,38.2220,37.6082,37.9063,54557400
2022-12-14,38.1650,38.3009,37.3364,37.6739,52675600
2022-12-15,37.3451,37.5336,36.8102,37.4460,40406600
2022-12-16,36.7401,37.1610,36.4814,36.9856,59101000
2022-12-19,37.3754,37.4950,36.7110,36.9812,36836600
2022-12-20,37.0963,37.7785,36.9546,37.5393,28593000
2022-12-21,38.3056,38.4252,37.7430,38.2524,34058200
2022-12-22,38.2923,38.3144,36.6224,37.3710,37359400
2022-12-23,37.8671,38.5713,37.6722,38.5625,29630000
2022-12-27,38.7308,39.1383,38.5891,38.9744,32749200
2022-12-28,38.9213,38.9213,37.9822,38.1018,31838000
2022-12-29,37.9424,38.6732,37.9246,38.5005,26915800
2022-12-30,38.2967,38.8194,38.2923,38.7441,22661800
2023-01-03,38.5005,38.6954,36.9192,37.3843,53082800
2023-01-04,36.8306,37.5969,36.6888,37.3798,45705200
2023-01-05,37.3178,38.2701,37.2115,38.0620,38723800
2023-01-06,38.5536,39.2579,38.4562,38.7840,44422400
2023-01-09,39.3686,39.4306,38.5226,38.6466,46003200
2023-01-10,38.8991,39.0010,38.3100,38.9213,31599000
2023-01-11,39.2623,39.3598,38.6201,39.0409,32903000
2023-01-12,39.2756,40.0419,39.2003,39.7850,36716000
2023-01-13,39.7540,39.9400,39.3332,39.8426,31808400
2023-01-17,39.9356,40.3431,39.7628,39.9267,33933200
2023-01-18,40.1128,40.5601,39.1560,39.1959,38075200
2023-01-19,38.9700,39.8426,38.8858,39.6831,34293800
2023-01-20,39.7673,40.2147,39.3642,40.0773,28560000
2023-01-23,40.3697,40.5690,40.0020,40.1305,29305000
2023-01-24,39.9976,40.0685,39.1826,39.9755,30755200
2023-01-25,39.7806,39.9799,39.1472,39.9799,26861200
2023-01-26,40.6266,41.2600,40.1305,41.2423,36663000
2023-01-27,41.0208,41.2246,40.3431,40.4095,34841000
2023-01-30,40.1172,40.1748,39.4306,39.4838,27525000
2023-01-31,39.3509,39.8957,38.9478,39.8337,27848200
2023-02-01,39.6477,39.8160,38.5359,39.0497,46967200
2023-02-02,38.8991,38.9744,37.7386,38.1594,49803000
2023-02-03,38.3189,38.9390,38.0354,38.0752,45454800
2023-02-06,38.1107,38.3986,37.4374,37.9025,31714400
2023-02-07,38.1417,39.1915,37.9424,39.1339,41014000
2023-02-08,39.1029,39.3022,38.5625,38.7840,26967200
2023-02-09,38.7884,38.9124,38.4252,38.4517,32150400
2023-02-10,39.0896,40.0375,39.0541,39.9577,40003200
2023-02-13,39.7540,40.0109,39.3421,39.8559,24744800
2023-02-14,39.5414,40.1615,39.4306,39.8692,27022600
2023-02-15,39.4218,39.5059,38.6909,39.1915,31939600
2023-02-16,38.9788,39.3155,38.7662,38.8061,25314200
2023-02-17,38.2037,38.2303,37.2602,37.4241,44680400
2023-02-21,37.2602,37.6677,37.1672,37.2381,33622600
2023-02-22,37.1362,37.4861,36.6711,36.9900,40270400
2023-02-23,37.5481,37.7652,37.0742,37.5481,35023400
2023-02-24,36.9945,37.5526,36.7819,37.4994,37496800
2023-02-27,37.5747,37.7740,37.3001,37.6102,30676400
2023-02-28,37.9911,38.0044,37.0388,37.0698,38007600
2023-03-01,37.1008,37.9911,36.9635,37.8006,37094000
2023-03-02,37.7342,38.2746,37.6146,38.1328,32798600
2023-03-03,37.6766,38.8415,37.6500,38.6511,50675200
2023-03-06,38.4385,38.7308,38.2834,38.6688,33898400
2023-03-07,38.4385,38.5359,37.8981,37.9955,37000400
2023-03-08,37.8272,38.3100,37.2425,37.6057,39399000
2023-03-09,37.8228,38.3543,37.0653,37.0742,37888200
2023-03-10,37.0742,37.5969,36.3876,36.6002,56624800
2023-03-13,35.6656,36.4984,35.0411,35.8561,83327000
2023-03-14,35.8517,37.0166,35.5726,36.2105,61066400
2023-03-15,34.8816,35.1474,33.7698,34.2659,115347000
2023-03-16,33.5129,34.7266,33.3801,34.6380,88790400
2023-03-17,34.4387,34.7266,33.8141,34.0932,67351600
2023-03-20,34.0596,34.9995,34.0596,34.7757,52288800
2023-03-21,35.4918,36.0916,35.3844,35.9797,59712400
2023-03-22,36.0021,36.1677,35.1875,35.2143,49209400
2023-03-23,35.4068,35.7156,34.3908,34.7265,49486200
2023-03-24,34.0373,34.9950,33.9298,34.8608,41298000
2023-03-27,35.2278,35.8051,34.9458,35.6037,40223800
2023-03-28,35.4023,36.3109,35.3889,36.1542,32596800
2023-03-29,36.5123,36.6958,36.2751,36.6555,36204600
2023-03-30,36.9598,37.0136,36.6018,36.8166,27460800
2023-03-31,36.9106,37.1344,36.7763,37.0717,32294600
2023-04-03,38.6337,39.0007,38.4323,38.7501,62452200
2023-04-04,38.8665,38.9157,37.7073,38.0474,49363000
2023-04-05,38.1414,38.6203,37.8236,38.6203,40552200
2023-04-06,38.5621,38.6024,37.9579,38.0340,33378600
2023-04-10,38.1772,38.7770,38.1772,38.3384,26977200
2023-04-11,38.5532,38.9426,38.3339,38.7009,25575200
2023-04-12,38.9694,39.0500,38.6114,38.7277,33334400
2023-04-13,38.6696,39.0679,38.5756,38.9694,31384600
2023-04-14,39.0231,39.2693,38.8128,39.0410,23560200
2023-04-17,38.9112,39.0724,38.4458,38.5800,23762000
2023-04-18,38.4905,38.8307,38.2981,38.7322,24493600
2023-04-19,38.3831,38.6293,38.1727,38.5979,34246200
2023-04-20,38.0609,38.2667,37.7923,38.2578,30396200
2023-04-21,38.3965,38.4144,37.8639,38.0340,33757600
2023-04-24,37.9132,38.7949,37.8997,38.6158,25251800
2023-04-25,38.2399,38.3070,37.6670,37.8908,30665200
2023-04-26,37.6222,37.9713,37.1568,37.3850,40070000
2023-04-27,37.3627,37.6133,37.0091,37.5193,34114600
2023-04-28,37.3850,38.3070,37.2552,38.1011,38228600
2023-05-01,37.6222,38.0788,37.4701,37.6715,27821400
2023-05-02,37.2194,37.2776,35.6888,36.0334,67648000
2023-05-03,35.5724,35.9886,35.3397,35.3531,59367600
2023-05-04,35.3665,35.7246,34.8518,34.9592,52861000
2023-05-05,35.9260,36.1900,35.7111,35.9081,39073400
2023-05-08,36.4317,36.5884,35.9036,35.9081,32711800
2023-05-09,35.6261,36.2616,35.5500,35.9215,41421200
2023-05-10,36.1005,36.1721,35.2457,35.5142,36052000
2023-05-11,35.0129,35.2725,34.8205,35.0890,38168200
2023-05-12,35.2636,35.5008,34.8876,35.1427,37913200
2023-05-15,35.2725,35.5232,34.9950,35.3218,32544600
2023-05-16,35.1562,35.3083,34.3998,34.4535,44511200
2023-05-17,34.8071,35.3039,34.5520,35.1159,46200600
2023-05-18,34.9055,35.4157,34.6862,35.3710,33154200
2023-05-19,35.6977,35.9215,35.4426,35.6440,36122200
2023-05-22,35.5097,35.8588,35.4426,35.4963,26943600
2023-05-23,35.8365,36.2840,35.7425,35.8767,42803800
2023-05-24,36.1587,36.3109,35.7291,36.0334,33474200
2023-05-25,35.5142,35.5903,35.0622,35.3934,38251000
2023-05-26,35.6082,35.7067,35.0711,35.2546,28785800
2023-05-30,34.6415,34.9324,34.5072,34.8921,40331600
2023-05-31,34.3461,34.6101,34.1626,34.2789,44797600
2023-06-01,34.3595,35.0935,34.1268,34.7041,51623600
2023-06-02,35.3531,35.9305,35.1114,35.7604,55278800
2023-06-05,36.2840,36.2840,35.4605,35.5232,37826200
2023-06-06,35.0532,35.8409,35.0174,35.8096,34750800
2023-06-07,35.9842,36.8032,35.9618,36.7584,60654200
2023-06-08,36.8077,36.9330,35.9931,36.6018,46155200
2023-06-09,36.5839,36.7629,36.3019,36.4004,38387000
2023-06-12,35.8544,36.4138,35.8051,36.0513,36387000
2023-06-13,36.4496,36.9330,36.2035,36.2214,40136400
2023-06-14,36.5794,36.7405,35.5814,35.8499,47605400
2023-06-15,35.9125,36.5168,35.9036,36.2437,46777000
2023-06-16,36.3780,36.4810,36.0871,36.1900,47461800
2023-06-20,35.9489,35.9896,35.1136,35.3800,42552000
2023-06-21,35.2356,35.9625,35.1814,35.6600,34473800
2023-06-22,35.3349,35.3755,35.0504,35.1814,33507400
2023-06-23,34.8021,35.0233,34.6396,34.9285,34905200
2023-06-26,34.9917,35.7548,34.9105,35.5561,32488600
2023-06-27,35.5200,35.7909,35.3123,35.6374,28388400
2023-06-28,35.6013,36.0437,35.2852,35.9986,32903200
2023-06-29,36.1341,36.4140,35.9399,36.4140,28435800
2023-06-30,36.6623,36.8339,36.3914,36.6488,35970600
2023-07-03,36.7391,37.0100,36.5991,36.7346,19539800
2023-07-05,36.8881,36.8971,36.3237,36.5314,32557400
2023-07-06,36.1340,36.3869,35.4387,35.7096,41967800
2023-07-07,35.5335,36.8158,35.5065,36.4772,48916000
2023-07-10,36.3824,36.8339,36.3553,36.7616,30925000
2023-07-11,36.9287,37.6285,36.8565,37.5698,39642000
2023-07-12,37.8769,38.1297,37.6827,37.9175,43077600
2023-07-13,37.9175,38.1523,37.4208,37.7730,53226400
2023-07-14,37.5292,37.5653,36.6849,36.7752,43988200
2023-07-17,36.6443,36.8610,36.5359,36.7029,32445800
2023-07-18,36.6172,37.4570,36.5585,37.0732,43209400
2023-07-19,37.0732,37.5427,36.9919,37.2899,37521000
2023-07-20,37.5969,37.8046,37.4118,37.7279,35449800
2023-07-21,37.8678,38.0800,37.6240,38.0620,31529000
2023-07-24,38.2561,38.9560,38.2426,38.6760,44539600
2023-07-25,38.6580,39.1050,38.4232,38.8792,33606600
2023-07-26,38.5586,39.0463,38.5045,38.8927,32788000
2023-07-27,39.1050,39.2630,38.5361,38.6444,35550600
2023-07-28,38.6173,38.7708,38.1974,38.7618,34627800
2023-07-31,39.1004,39.6106,38.9876,39.4978,36266400
2023-08-01,39.3398,39.4255,38.8882,39.3127,35766000
2023-08-02,39.0463,39.2449,38.4683,38.7979,45920000
2023-08-03,38.9018,39.5429,38.6896,39.1907,41630600
2023-08-04,39.4707,39.8409,39.1998,39.2449,43208200
2023-08-07,39.4662,39.5474,39.1727,39.2901,26821600
2023-08-08,38.6535,39.5023,38.3645,39.4842,37237200
2023-08-09,39.8680,40.3466,39.6197,39.9809,52085600
2023-08-10,40.0396,40.4956,39.7055,39.9764,39226600
2023-08-11,39.9583,40.6356,39.9493,40.5904,46689200
2023-08-14,40.4776,40.5859,40.1480,40.4189,30189400
2023-08-15,40.1389,40.1841,39.5068,39.5790,44982400
2023-08-16,39.6197,40.0486,39.2088,39.2359,37995400
2023-08-17,39.7867,40.2473,39.6468,39.7055,40464200
2023-08-18,39.4752,40.1479,39.3488,40.0983,35307200
2023-08-21,40.2608,40.4234,39.5700,39.8454,30488400
2023-08-22,39.8951,40.0351,39.5158,39.5384,25732800
2023-08-23,39.1095,39.4752,38.7709,39.4391,38798600
2023-08-24,39.0824,39.5836,39.0553,39.1682,33455000
2023-08-25,39.4030,39.7461,39.0598,39.5474,38036800
2023-08-28,39.6513,40.1118,39.5836,39.8138,25718200
2023-08-29,39.9583,39.9628,39.5249,39.9222,27019400
2023-08-30,40.1028,40.1931,39.9448,40.1209,27890200
2023-08-31,40.2698,40.3376,39.8590,40.1479,29617400
2023-09-01,40.5904,41.0148,40.5814,40.9697,35764200
2023-09-05,41.2000,41.6063,41.1593,41.1864,48737400
2023-09-06,41.1051,41.4257,40.9020,41.2045,40324200
2023-09-07,41.2857,41.4979,41.0916,41.1638,30729200
2023-09-08,41.3580,41.8592,41.3354,41.5612,34739000
2023-09-11,41.8637,41.9901,40.8478,41.0148,44095000
2023-09-12,41.4573,42.0262,41.3806,41.9811,53599400
2023-09-13,42.0217,42.1075,41.4483,41.6650,36315400
2023-09-14,42.0984,42.3016,41.9720,42.1526,37099800
2023-09-15,41.7643,42.1752,41.5431,41.5431,49612800
2023-09-18,41.9725,42.0953,41.5858,41.8951,33746600
2023-09-19,42.2090,42.2681,41.2584,41.5040,36264400
2023-09-20,41.2993,41.7678,41.0901,41.1174,35930400
2023-09-21,41.3994,41.4949,40.4851,40.5534,43446200
2023-09-22,40.8581,41.1310,40.5852,40.6216,42067400
2023-09-25,40.5124,41.1947,40.5124,41.1310,35073800
2023-09-26,40.7762,41.1401,40.7126,40.8945,33460000
2023-09-27,41.4039,42.0316,41.2220,41.9133,46289400
2023-09-28,41.7314,42.2044,41.6359,41.9588,48462800
2023-09-29,41.8951,42.0589,40.9582,41.1128,48369200
2023-10-02,41.0582,41.1674,40.0167,40.2941,50599800
2023-10-03,40.1986,40.3441,39.8711,40.2668,41466600
2023-10-04,39.6664,39.7347,38.6203,39.0024,59572400
2023-10-05,38.4429,39.1024,38.4429,38.7613,47037000
2023-10-06,38.7613,39.3480,38.3247,38.9933,51481000
2023-10-09,40.0394,40.4624,39.7529,40.2941,61489000
2023-10-10,40.3305,40.6125,40.1031,40.3441,41700600
2023-10-11,39.9302,39.9712,39.3662,39.8256,47145400
2023-10-12,40.2486,40.2850,39.6846,39.8711,39986400
2023-10-13,40.5215,40.9445,40.3487,40.7490,48511800
2023-10-16,41.0128,41.1447,40.6307,41.0219,38365200
2023-10-17,40.9309,41.5768,40.8718,41.4494,40424000
2023-10-18,41.6177,41.9997,41.5222,41.8269,47616800
2023-10-19,41.6814,42.0998,41.2857,41.7541,63297000
2023-10-20,41.6814,41.8360,40.9127,41.0537,46549600
2023-10-23,40.8172,40.8217,40.2031,40.3896,51888200
2023-10-24,40.4897,40.5215,39.8074,39.8211,44271600
2023-10-25,39.8484,40.0530,39.5482,39.7483,41412600
2023-10-26,39.3844,39.6209,39.0478,39.4390,44770400
2023-10-27,39.3981,39.5482,38.3610,38.4929,53809400
2023-10-30,38.6294,38.9069,38.2473,38.6203,45530600
2023-10-31,38.6658,38.8295,38.2792,38.7477,37205600
2023-11-01,38.9933,39.2025,38.6021,38.6567,46082600
2023-11-02,38.7522,39.8620,38.5293,39.8256,45323000
2023-11-03,39.7529,39.8802,39.1843,39.4254,47235000
2023-11-06,39.7392,39.7392,38.8659,38.9796,41035400
2023-11-07,38.4702,38.5384,37.9471,38.1154,47550200
2023-11-08,37.9699,38.2200,37.6242,37.6379,50742000
2023-11-09,37.9153,38.0017,37.5014,37.5241,38232200
2023-11-10,37.9472,38.0290,37.5787,37.9381,34565600
2023-11-13,37.9972,38.2883,37.8789,38.2110,28447400
2023-11-14,38.3565,38.6612,38.2928,38.5521,34724000
2023-11-15,38.4930,38.9660,38.4247,38.4793,33043600
2023-11-16,38.1154,38.2610,37.3468,37.7288,53166000
2023-11-17,38.0518,38.7750,37.9608,38.5202,48850800
2023-11-20,38.6794,38.9069,38.5657,38.5748,29093800
2023-11-21,38.3929,38.5566,38.1200,38.4884,26973800
2023-11-22,37.7197,38.5020,37.5060,38.4702,36547200
2023-11-24,38.4566,38.9159,38.4338,38.6294,19152600
2023-11-27,38.4293,38.5612,38.1336,38.4929,24501800
2023-11-28,38.5703,38.8568,38.4293,38.5020,28921800
2023-11-29,38.7431,38.7931,38.0927,38.2155,45268000
2023-11-30,38.5430,39.0206,38.0108,38.4702,58364600
2023-12-01,38.4247,39.1297,38.2519,38.6703,43048000
2023-12-04,38.3883,38.7340,38.2109,38.4929,37070200
2023-12-05,38.4702,38.5430,37.7970,37.8198,37747200
2023-12-06,37.5742,37.8380,37.1102,37.2558,62306600
2023-12-07,37.4286,37.6151,36.8692,37.0011,40908800
2023-12-08,37.2467,37.5151,37.1694,37.4013,34127200
2023-12-11,37.4332,37.5696,37.2603,37.4468,29344200
2023-12-12,37.1011,37.1421,36.7236,36.9329,45386600
2023-12-13,36.9556,37.4605,36.7828,37.4468,46445600
2023-12-14,37.8243,38.5976,37.8243,38.5475,60717400
2023-12-15,38.2019,38.4156,38.0245,38.3429,46366400
2023-12-18,39.0234,39.2209,38.6193,38.6560,42447200
2023-12-19,38.7295,39.1612,38.6423,39.1198,36862400
2023-12-20,39.2576,39.4872,38.7111,38.7571,39818200
2023-12-21,38.8351,38.9683,38.5458,38.9086,26062800
2023-12-22,39.1887,39.3632,38.9637,39.0234,25037800
2023-12-26,39.3540,39.5699,39.2346,39.3586,25983400
2023-12-27,39.3586,39.4918,39.0418,39.1841,20238200
2023-12-28,38.9821,39.1336,38.5734,38.5872,26198000
2023-12-29,38.7203,38.7571,38.3851,38.4999,24345400
2024-01-02,38.7708,39.2714,38.7157,38.9132,39301800
2024-01-03,38.9729,39.6893,38.7754,39.5469,37936000
2024-01-04,39.8316,40.0015,38.8305,38.8535,42049000
2024-01-05,39.2255,39.2438,38.7065,38.8856,34029200
2024-01-08,38.2244,38.4815,37.7009,38.4356,47218600
2024-01-09,38.4861,38.5274,37.7376,37.8203,33750400
2024-01-10,37.8937,37.9075,37.2968,37.4483,33159800
2024-01-11,37.6504,37.7468,37.3932,37.5448,38588600
2024-01-12,38.1234,38.2749,37.7376,37.9672,38769200
2024-01-16,37.8846,37.9351,37.0396,37.0626,36031200
2024-01-17,36.6814,37.1223,36.5988,36.7549,39284200
2024-01-18,36.7641,36.7962,36.2682,36.6952,35705600
2024-01-19,36.6769,36.8192,36.5483,36.8146,39940200
2024-01-22,36.7365,37.0350,36.4978,36.9524,30136800
2024-01-23,36.8927,37.3289,36.8376,37.0304,24709200
2024-01-24,37.2233,37.5769,37.0488,37.5585,33841000
2024-01-25,37.8249,38.4172,37.5999,38.4035,37609400
2024-01-26,38.3621,38.7020,38.0820,38.6882,36469600
2024-01-29,38.6285,38.6882,38.2290,38.6331,29680600
2024-01-30,38.2519,39.0418,38.1050,39.0326,35341200
2024-01-31,39.0326,39.1061,38.2841,38.3024,38580800
2024-02-01,38.5321,38.7111,37.9443,38.2979,51101400
2024-02-02,38.6193,38.6560,38.0315,38.3530,38075000
2024-02-05,38.1188,38.4861,37.8432,38.2565,31593600
2024-02-06,38.4448,38.7571,38.2198,38.3805,28056200
2024-02-07,38.4907,38.6560,38.1463,38.4586,26920400
2024-02-08,38.4356,38.9958,38.4264,38.8535,36201000
2024-02-09,38.9270,39.0923,38.2152,38.2565,38073400
2024-02-12,38.3897,38.7892,38.3897,38.6790,25893800
2024-02-13,38.7157,38.8489,38.0407,38.2887,41156800
2024-02-14,38.5688,38.6882,38.0499,38.2519,40894600
2024-02-15,38.2427,39.4275,38.2106,39.3173,43364400
2024-02-16,39.4780,39.6066,39.1795,39.2943,26960800
2024-02-20,39.3357,39.3586,38.8856,38.9361,28995600
2024-02-21,39.1015,39.7030,39.0739,39.6663,28745800
2024-02-22,39.4137,39.9005,39.2255,39.7352,35206800
2024-02-23,39.3494,39.6020,39.0969,39.4734,28952400
2024-02-26,39.4275,39.8729,39.2300,39.6112,23376400
2024-02-27,39.6479,39.8178,39.2392,39.4413,26317400
2024-02-28,39.4918,39.7903,39.2071,39.3632,26679600
2024-02-29,39.4459,39.6847,39.3357,39.5561,27335400
2024-03-01,39.8408,40.1990,39.7719,40.0153,32459600
2024-03-04,39.9923,40.0979,39.5515,39.5882,33198000
2024-03-05,39.5285,40.1393,39.4780,39.8821,32174200
2024-03-06,40.2173,40.4286,39.9188,40.0061,28008800
2024-03-07,40.0612,40.5709,40.0291,40.3459,24569200
2024-03-08,40.2908,40.4975,40.1898,40.4883,28252000
2024-03-11,40.4975,40.9199,40.1944,40.9061,24983800
2024-03-12,40.9016,41.0164,40.6260,40.8419,23780600
2024-03-13,41.2689,41.7189,41.2000,41.4939,42725200
2024-03-14,41.6592,41.9394,41.4985,41.9210,35946000
2024-03-15,41.8889,42.3481,41.7924,42.0450,37753400
2024-03-18,42.2135,42.3385,41.8617,42.1903,30496800
2024-03-19,42.1857,42.7042,42.1579,42.6718,28545800
2024-03-20,42.4264,42.7644,42.3616,42.6116,32659400
2024-03-21,42.6857,42.9542,42.5514,42.8662,23334200
2024-03-22,42.8847,42.9912,42.6671,42.7736,17948800
2024-03-25,42.9217,43.4587,42.9125,43.1717,35074400
2024-03-26,43.2134,43.3106,42.7551,42.8384,35373800
2024-03-27,42.7458,43.2458,42.6718,43.2365,33960000
2024-03-28,43.4911,43.7828,43.2828,43.7041,34615200
2024-04-01,43.8337,44.1577,43.4032,44.0281,42899000
2024-04-02,44.2179,44.6901,44.0235,44.6438,38671200
2024-04-03,44.8104,45.0095,44.6623,44.9493,29148800
2024-04-04,45.0188,45.1808,44.7456,44.9216,36941200
2024-04-05,45.1067,45.5835,44.8336,45.4030,31194600
2024-04-08,45.4261,45.5558,45.0373,45.1160,34034600
2024-04-09,45.3104,45.4308,44.8012,45.1299,35322800
2024-04-10,45.0049,45.4354,44.8105,45.2687,39199600
2024-04-11,45.4122,45.4308,44.5975,45.2363,39204600
2024-04-12,45.5233,45.8150,44.2874,44.5003,46572400
2024-04-15,44.7132,44.9262,44.0281,44.0837,48690800
2024-04-16,44.0003,44.2040,43.3893,43.6995,36497600
2024-04-17,43.6069,44.0420,43.2643,43.5745,27421000
2024-04-18,43.7226,43.8476,43.2875,43.4402,25555600
2024-04-19,43.5235,44.2596,43.4587,43.9633,35451400
2024-04-22,43.7319,44.5512,43.3847,44.2503,30244400
2024-04-23,44.0466,44.4957,43.8337,44.4957,28657400
2024-04-24,44.2179,44.5790,44.0050,44.5281,21303800
2024-04-25,44.4771,44.8660,44.0929,44.7317,26500200
2024-04-26,44.3290,44.4957,43.8661,44.3198,32366600
2024-04-29,44.1901,44.7179,44.1624,44.6206,22236400
2024-04-30,44.4401,44.5188,43.2736,43.2921,35399000
2024-05-01,43.2319,43.3708,42.3709,42.6023,50943800
2024-05-02,42.8893,43.1393,42.6440,42.8477,34616800
2024-05-03,42.8847,42.9310,42.2875,42.8523,38087800
2024-05-06,42.9866,43.6254,42.9866,43.1902,33445600
2024-05-07,43.2504,43.4680,43.1347,43.1486,20942200
2024-05-08,42.8986,43.3060,42.8338,43.0977,19811800
2024-05-09,43.1439,43.6763,43.1439,43.6763,22489400
2024-05-10,43.7689,43.9124,43.3199,43.4356,20568400
2024-05-13,43.5374,43.6995,43.1347,43.3199,20978000
2024-05-14,43.2365,43.4078,43.0606,43.3754,24911600
2024-05-15,43.2828,43.5513,42.6440,43.4726,38792200
2024-05-16,43.3754,43.6902,43.2365,43.3523,24580200
2024-05-17,43.4310,44.0281,43.4171,43.9587,29001600
2024-05-20,43.9772,44.0744,43.5652,43.6717,20134600
2024-05-21,43.5606,43.9170,43.4263,43.4587,22467600
2024-05-22,43.2828,43.3013,42.4542,42.6255,34868000
2024-05-23,42.8384,42.9866,42.1626,42.2366,26931400
2024-05-24,42.5653,42.6764,42.1765,42.2968,19041400
2024-05-28,42.4449,42.8431,42.3385,42.7320,28904200
2024-05-29,42.6116,42.6486,41.7876,41.9774,30053600
2024-05-30,41.8848,42.2505,41.8709,42.0977,22731400
2024-05-31,42.1718,43.1763,42.1302,43.1439,32503000
2024-06-03,43.0004,43.0143,41.7043,42.0144,40796600
2024-06-04,41.5793,41.6487,41.0608,41.6117,34721400
2024-06-05,41.6626,41.7274,41.3525,41.6071,21040200
2024-06-06,41.4636,41.8385,41.3062,41.8246,25506600
2024-06-07,41.7459,42.1440,41.4543,41.6580,20089800
2024-06-10,41.8154,42.2227,41.6580,41.9728,22543800
2024-06-11,41.7876,41.9357,41.4034,41.8894,18591200
2024-06-12,42.2366,42.2505,41.2321,41.4404,32560600
2024-06-13,41.3293,41.4450,40.8525,41.0608,28495600
2024-06-14,41.0145,41.0608,40.5840,40.7553,25811400
2024-06-17,40.6997,41.0469,40.5516,40.8618,29547800
2024-06-18,41.1256,41.5515,40.9312,41.0330,29285800
2024-06-20,41.1534,42.0005,41.0238,41.7876,34073800
2024-06-21,41.8987,42.0144,41.4867,41.5469,39972600
2024-06-24,41.7779,42.7578,41.7079,42.5945,31188200
2024-06-25,42.5571,42.6971,42.3238,42.6925,27666600
2024-06-26,42.7391,42.7391,42.0719,42.2725,23127400
2024-06-27,42.4965,42.5431,42.1325,42.3705,15631600
2024-06-28,42.6971,42.8465,42.3798,42.5338,25670000
2024-07-01,42.8745,43.0145,42.3052,42.5571,24563200
2024-07-02,42.9678,42.9771,42.2538,42.5245,25226800
2024-07-03,42.5618,42.9071,42.4872,42.7111,16280000
2024-07-05,42.6271,42.6598,41.8572,42.0438,23450400
2024-07-08,41.7405,42.1745,41.6239,41.7872,19595000
2024-07-09,41.3719,41.8759,41.2506,41.4186,19086600
2024-07-10,41.3719,41.7125,41.2459,41.6985,19320800
2024-07-11,41.5912,42.2212,41.4466,42.1325,22684800
2024-07-12,42.3705,42.4312,41.9272,42.2398,18117200
2024-07-15,42.5385,43.2664,42.3752,42.8791,30792000
2024-07-16,42.6971,43.1124,42.4778,43.0704,24129400
2024-07-17,43.1684,43.7797,43.1591,43.4997,29435400
2024-07-18,43.4531,44.1017,43.2991,43.5791,32867600
2024-07-19,43.5091,43.8077,42.9911,43.1031,26500200
2024-07-22,42.8745,43.0798,42.5898,42.8325,21527600
2024-07-23,42.7111,42.7485,42.0998,42.1512,33103800
2024-07-24,42.2632,42.5338,41.8665,42.1558,29328600
2024-07-25,42.1838,43.0191,41.9832,42.8838,36437400
2024-07-26,42.7718,43.2011,42.6178,43.0191,23730800
2024-07-29,43.0238,43.0564,42.2492,42.6505,27156600
2024-07-30,42.6458,43.4484,42.5945,43.3131,25673200
2024-07-31,43.9011,43.9291,43.4624,43.4951,36173800
2024-08-01,43.3971,43.6164,42.1232,42.3425,42558400
2024-08-02,41.8572,42.0858,40.8353,41.2506,45836200
2024-08-05,40.3640,40.6813,39.8833,40.3406,50039200
2024-08-06,40.4900,41.0452,40.3313,40.5879,31418600
2024-08-07,41.0826,41.5026,40.7279,40.7513,26126000
2024-08-08,40.8679,41.6845,40.8679,41.6285,21596800
2024-08-09,41.5679,41.8992,41.3019,41.7219,22345600
2024-08-12,41.9645,42.1978,40.8306,41.9272,28785800
2024-08-13,41.6099,41.6472,41.3159,41.5212,31386400
2024-08-14,41.6005,41.9505,41.4372,41.7639,21657600
2024-08-15,42.0018,42.3985,41.9645,42.2632,18335200
2024-08-16,42.0019,42.3192,41.9692,42.2165,17753000
2024-08-19,42.2865,42.8605,42.2865,42.5011,21762600
2024-08-20,42.4078,42.4451,41.3626,41.3812,33866400
2024-08-21,41.6425,41.8525,41.3346,41.4512,22737800
2024-08-22,41.4792,41.7452,41.3952,41.5585,19595400
2024-08-23,41.7545,42.2492,41.7032,42.1792,20734600
2024-08-26,42.6458,42.9305,42.2445,42.5571,19514800
2024-08-27,42.5571,42.6738,42.0858,42.1605,16627200
2024-08-28,41.9039,42.1512,41.7032,41.8899,17049000
2024-08-29,42.1372,42.5945,41.7405,42.4358,22498800
2024-08-30,42.0065,42.6085,41.9085,42.5945,28085000
2024-09-03,41.8992,41.9645,41.2739,41.5352,38194200
2024-09-04,41.5772,41.8432,40.8819,40.9613,30114000
2024-09-05,41.2552,41.2879,40.6066,40.6439,24991200
2024-09-06,40.7326,40.9799,39.9720,40.1353,35912000
2024-09-09,40.2566,40.7979,40.1960,40.4246,32824400
2024-09-10,40.4853,40.5366,39.3887,39.7293,49326800
2024-09-11,39.7247,39.7433,38.7401,39.3607,48125800
2024-09-12,39.5147,39.8693,39.2207,39.7153,31762000
2024-09-13,39.9160,40.2380,39.8227,39.9393,26195400
2024-09-16,40.2753,40.6486,40.0933,40.3966,26875000
2024-09-17,40.4106,40.9706,40.3220,40.9426,25034600
2024-09-18,40.8819,41.5259,40.8259,41.0219,28209600
2024-09-19,41.7172,41.9785,41.2832,41.5119,37806800
2024-09-20,41.3392,41.5166,40.9613,41.4186,27961600
2024-09-23,41.4971,42.1370,41.3560,41.9300,26630200
2024-09-24,42.4099,42.4099,41.7653,41.8265,34627400
2024-09-25,41.7183,41.8453,40.9231,41.0078,27633600
2024-09-26,40.1939,40.7349,40.0715,40.2033,46896400
2024-09-27,40.4197,41.0831,40.3962,41.0219,30489600
2024-09-30,40.9467,41.3842,40.7114,41.3089,22806600
2024-10-01,40.9372,42.4193,40.8855,42.2499,66114200
2024-10-02,42.8427,42.9509,42.2076,42.6828,41925200
2024-10-03,42.8333,43.4920,42.5087,43.4355,44726000
2024-10-04,43.8025,43.9766,43.4026,43.8402,35945600
2024-10-07,43.9954,44.3248,43.8496,43.9954,32519400
2024-10-08,43.4261,43.4732,42.6404,42.8474,39759800
2024-10-09,42.5275,43.2191,42.4428,43.1062,31519600
2024-10-10,43.3461,43.6379,43.0309,43.3979,26047400
2024-10-11,43.3838,43.8213,43.2991,43.6661,26414600
2024-10-14,43.3603,43.7178,43.2944,43.6473,22198600
2024-10-15,42.4852,42.7674,42.2170,42.2405,37839200
2024-10-16,42.4805,42.5840,42.3299,42.4428,19877000
2024-10-17,42.4381,42.7863,42.3911,42.6451,21433400
2024-10-18,42.5651,42.6875,42.2029,42.5040,24015200
2024-10-21,42.7863,42.9227,42.3017,42.3769,21162000
2024-10-22,42.5322,42.6733,42.3205,42.4757,17956400
2024-10-23,42.3581,42.5228,42.0100,42.2546,19813200
2024-10-24,42.3440,42.4710,41.9676,42.2499,17046600
2024-10-25,42.4757,42.5887,42.1135,42.2358,19104600
2024-10-28,41.3372,41.9958,41.2995,41.9676,24228000
2024-10-29,41.8735,41.9065,41.2384,41.3278,23791600
2024-10-30,41.4736,41.7465,41.3136,41.4218,19364200
2024-10-31,41.6853,41.9958,41.5724,41.6806,31623200
2024-11-01,42.2452,42.3958,41.3325,41.4171,26304600
2024-11-04,41.6994,42.2076,41.6430,42.1417,25811800
2024-11-05,42.3487,42.5322,42.1605,42.4240,20876600
2024-11-06,43.5908,44.3530,43.3085,44.0189,50053200
2024-11-07,43.9907,43.9907,43.4826,43.8166,26138000
2024-11-08,43.8213,44.1742,43.6473,44.1083,22336800
2024-11-11,44.1177,44.5083,43.9107,44.3577,20909400
2024-11-12,44.4847,44.6259,44.0754,44.1225,18500400
2024-11-13,44.2542,44.6494,43.7225,44.4659,23676200
2024-11-14,44.7623,44.7811,44.3530,44.6353,18011000
2024-11-15,44.5929,45.0211,44.4095,44.5694,28080400
2024-11-18,44.9223,45.2516,44.7247,45.1622,23892600
2024-11-19,44.8000,45.1434,44.6635,44.8752,23796400
2024-11-20,45.0399,45.3598,44.8988,45.3269,17917600
2024-11-21,45.5339,46.0373,45.4210,45.6939,33541000
2024-11-22,45.6327,46.0703,45.5904,45.7645,21555600
2024-11-25,45.7550,45.9856,44.7529,44.8611,32950600
2024-11-26,44.9223,45.0164,44.5929,44.8000,24932800
2024-11-27,44.7576,45.1340,44.6965,44.7529,15595600
2024-11-29,44.8517,45.0211,44.7717,44.9458,13636400
2024-12-02,44.9317,45.0070,44.0707,44.4706,22190000
2024-12-03,44.7576,44.8376,44.2730,44.4659,17886600
2024-12-04,44.4471,44.4471,43.1344,43.3932,32518000
2024-12-05,43.5532,43.8496,43.3791,43.5626,22662400
2024-12-06,43.4732,43.4779,42.7439,42.8239,26206600
2024-12-09,43.1815,43.4120,42.7157,42.7533,23627800
2024-12-10,42.9980,43.0592,42.4005,42.4616,23299800
2024-12-11,42.5510,42.6922,42.3252,42.5322,23147600
2024-12-12,42.4569,42.5322,42.1464,42.1887,21746200
2024-12-13,42.2923,42.3064,41.8594,41.9770,22346000
2024-12-16,41.8594,41.8594,41.0219,41.0549,25036200
2024-12-17,40.7443,40.8243,40.3679,40.7490,32011600
2024-12-18,40.6361,40.8290,39.5446,39.5446,39241200
2024-12-19,39.9633,40.0904,39.1729,39.2011,49981400
2024-12-20,39.1964,39.7234,39.0929,39.5869,35704800
2024-12-23,39.5253,39.9523,39.2596,39.8194,34445400
2024-12-24,39.9333,40.2322,39.6723,40.1563,15024200
2024-12-26,40.1705,40.1942,39.8763,40.1231,15386400
2024-12-27,40.0898,40.5548,39.9190,40.1183,20369800
2024-12-30,40.1231,40.3413,39.7815,40.1136,23545400
2024-12-31,40.2085,40.7541,40.1278,40.6402,21165000
2025-01-02,40.9723,41.4183,40.8395,41.1146,34887000
2025-01-03,41.3566,41.6365,41.1905,41.4989,22120800
2025-01-06,41.6887,42.0208,41.2048,41.3091,22835200
2025-01-07,41.6128,42.0398,41.3613,41.7219,25035800
2025-01-08,41.4657,41.7836,41.3186,41.7646,28483800
2025-01-10,42.3055,42.7941,41.7124,41.9354,34075800
2025-01-13,42.1252,43.0693,42.1252,42.8179,48896200
2025-01-14,42.7419,43.3160,42.6803,43.2781,31173000
2025-01-15,43.5437,44.0324,43.3635,43.9185,34657800
2025-01-16,43.7715,44.2791,43.7193,44.2364,25230600
2025-01-17,44.2364,44.7346,44.0799,44.5780,23899600
2025-01-21,44.4641,44.5970,44.1178,44.3503,49302000
2025-01-22,44.2127,44.2649,43.5153,43.5437,35880200
2025-01-23,43.8758,44.0372,43.4346,43.7430,29359200
2025-01-24,43.8047,43.9850,43.2686,43.3208,29156800
2025-01-27,43.1737,43.2496,42.5711,42.8700,31993400
2025-01-28,42.9981,43.1500,42.2485,42.4620,37401800
2025-01-29,42.3576,42.7752,42.2960,42.5569,20681800
2025-01-30,42.8179,42.9981,42.5095,42.7752,39092600
2025-01-31,42.6565,42.7514,41.4799,41.5796,44537400
2025-02-03,41.5748,42.0113,41.1953,41.8405,39816400
2025-02-04,41.6460,42.8084,41.5748,42.7182,40279800
2025-02-05,42.7040,42.8700,42.4668,42.8084,21772000
2025-02-06,43.0029,43.1073,41.7931,42.0208,41309600
2025-02-07,42.1774,42.4004,41.9591,42.0161,22568400
2025-02-10,42.3909,43.0124,42.3909,42.9412,25871400
2025-02-11,43.1452,43.5770,42.8700,43.2875,26226800
2025-02-12,42.9317,43.2259,42.1679,42.2438,38798800
2025-02-13,42.1774,42.6565,41.9022,42.5617,31550400
2025-02-14,42.7230,43.3302,42.7230,42.7325,25885800
2025-02-18,42.9365,43.6007,42.6898,43.3160,29574800
2025-02-19,43.4963,44.0656,43.4726,43.6576,24531200
2025-02-20,43.5675,44.1320,43.3824,44.0561,28332200
2025-02-21,43.7904,43.9091,43.1167,43.1405,31276600
2025-02-24,43.2164,43.3824,42.9222,43.1500,26295200
2025-02-25,43.1405,43.3397,42.1821,42.5284,26608600
2025-02-26,42.5806,42.6945,42.0920,42.2865,24305600
2025-02-27,42.5806,43.0361,42.2153,42.5142,30048000
2025-02-28,42.3766,43.2069,42.1109,43.1737,26627200
2025-03-03,43.3397,43.5864,41.2807,41.6650,49501800
2025-03-04,41.0529,41.9307,40.5311,41.2617,50677000
2025-03-05,40.6639,40.8727,39.8669,40.6592,56510800
2025-03-06,40.4646,41.0340,40.1468,40.7825,47104200
2025-03-07,40.9676,41.7788,40.9676,41.4799,44849200
2025-03-10,41.7077,42.3624,41.3993,41.7883,40045400
2025-03-11,41.9591,42.1394,41.2332,41.4562,30230200
2025-03-12,41.4847,42.0303,41.3281,41.6460,32240400
2025-03-13,41.4989,42.0967,41.1099,41.3613,30742000
2025-03-14,41.5891,42.6423,41.3993,42.5854,32023200
2025-03-17,42.5522,43.4631,42.5522,43.2638,29761600
2025-03-18,43.5058,43.6054,42.9934,43.3350,30806600
2025-03-19,43.3919,44.2364,43.3824,44.0419,31742600
2025-03-20,43.7999,44.3503,43.6149,44.2032,33163600
2025-03-21,44.0561,44.1605,43.6197,43.8948,36975600
2025-03-24,44.0937,44.6579,44.0220,44.3950,23824600
2025-03-25,44.5910,44.9639,44.4428,44.5766,22292000
2025-03-26,44.9926,45.3369,44.7296,44.8396,25564600
2025-03-27,44.7057,44.8731,44.2276,44.4045,19147800
2025-03-28,44.3806,44.5480,43.9742,44.1941,22248800
2025-03-31,44.0985,44.9448,44.0364,44.6818,28813800
2025-04-01,44.7057,44.9878,44.2228,44.9448,27121200
2025-04-02,44.5623,45.0452,44.4571,45.0070,33960600
2025-04-03,42.8649,43.1948,41.4592,41.4735,75657800
2025-04-04,39.9961,40.4455,37.6580,37.6580,100752000
2025-04-07,36.4388,39.0064,35.8507,37.4142,113906800
2025-04-08,38.5665,38.7673,35.9654,36.5487,90538400
2025-04-09,35.8363,39.7857,35.6164,39.3793,118962400
2025-04-10,38.3561,38.3561,36.0897,36.8069,79046600
2025-04-11,36.9791,38.0023,36.2523,37.7202,41916800
2025-04-14,38.6143,38.6143,37.4763,37.8540,32748200
2025-04-15,37.8206,38.4995,37.7775,37.7967,22167000
2025-04-16,38.0310,38.7530,37.9353,38.1075,27331400
2025-04-17,38.4182,39.5706,38.3991,38.9681,47908800
2025-04-21,38.3513,38.4469,37.5289,37.9497,31012000
2025-04-22,38.4422,39.2024,38.2748,38.9155,22097400
2025-04-23,39.2550,39.6758,38.6047,38.8438,43216200
2025-04-24,39.2072,39.5801,38.8677,39.4654,21219000
2025-04-25,39.1115,39.4271,38.9585,39.3936,17664800
2025-04-28,39.3506,39.7809,39.2980,39.6710,16436800
2025-04-29,39.2263,39.6997,39.1498,39.5562,19843400
2025-04-30,38.9203,38.9777,38.0166,38.4900,37814200
2025-05-01,38.1744,39.1402,38.1744,38.6334,36314400
2025-05-02,39.1020,39.3937,38.4039,39.1976,32038800
2025-05-05,38.7051,38.7577,38.2748,38.4900,29530200
2025-05-06,38.6621,38.8342,38.2844,38.4995,22995400
2025-05-07,38.5856,38.7099,38.2222,38.5139,22446200
2025-05-08,38.8677,39.5514,38.8055,39.0207,30565800
2025-05-09,39.4941,39.6088,39.0924,39.4128,19993200
2025-05-12,40.8711,41.0576,40.1443,40.4408,32610000
2025-05-13,40.6416,41.3349,40.4790,41.0098,29031600
2025-05-14,40.7372,40.9189,40.6033,40.7611,21332600
2025-05-15,40.2447,40.9572,40.1443,40.9333,29721600
2025-05-16,41.0241,41.0480,40.4551,40.8711,21725800
2025-05-19,40.5316,40.5746,40.0439,40.3404,24787000
2025-05-20,40.3117,40.4025,39.9292,39.9674,22782200
2025-05-21,39.7283,39.8048,39.2263,39.2311,25698400
2025-05-22,39.0255,39.3028,38.5952,39.0781,23732200
2025-05-23,38.7338,39.3028,38.7195,39.2024,23511000
2025-05-27,39.4749,39.6040,39.1833,39.5419,19028000
2025-05-28,39.7331,39.8527,38.9394,39.0398,29552600
2025-05-29,39.1020,39.3315,38.8533,39.3315,23792800
2025-05-30,39.0303,39.1880,38.6717,38.9824,31038600
2025-06-02,39.7140,39.7666,39.0398,39.4941,32031000
2025-06-03,39.5227,40.2113,39.1498,39.9626,30352600
2025-06-04,39.9435,40.2543,39.1355,39.1833,44939200
2025-06-05,39.4749,39.4941,39.0446,39.1450,27655000
2025-06-06,39.4988,40.0009,39.4988,39.8814,28556800
2025-06-09,40.0391,40.3738,39.7236,39.9579,28680400
2025-06-10,40.3834,40.9332,40.3643,40.6703,46092200
2025-06-11,40.9476,41.3253,40.5460,41.2584,48996600
2025-06-12,41.0671,41.4162,40.7659,41.4018,34028200
2025-06-13,42.1764,42.3485,41.5740,42.1238,84194800
2025-06-16,42.0091,42.4346,41.6839,41.9995,69406600
2025-06-17,42.3485,42.7071,42.0856,42.3916,67884200
2025-06-18,42.5446,42.7597,42.0186,42.1142,70473000
2025-06-20,42.2816,42.6641,42.1573,42.5446,56744800
2025-06-23,43.0787,43.1076,41.2903,41.4687,105688200
2025-06-24,40.8662,41.3578,40.7746,40.9288,65358800
2025-06-25,40.8806,41.0300,40.6155,40.7505,43723000
2025-06-26,40.8421,41.4157,40.7408,41.3337,33565600
2025-06-27,41.3096,41.3096,40.8710,41.1168,35411800
2025-06-30,40.9577,41.1361,40.7601,40.8806,26247600
2025-07-01,40.9433,41.3867,40.5673,41.1939,40772800
2025-07-02,41.5410,41.9700,41.0831,41.9025,42468800
2025-07-03,41.8447,42.0857,41.7483,41.9507,22266200
2025-07-07,41.6952,41.9170,41.1168,41.5458,35673000
2025-07-08,41.4976,42.8184,41.4880,42.6641,47472400
2025-07-09,42.5581,42.7268,42.3219,42.4472,28672400
2025-07-10,42.3508,42.7943,42.0471,42.7702,28823800
2025-07-11,42.6978,43.1124,42.5677,42.9630,30171600
2025-07-14,42.8810,42.8810,42.2640,42.4906,33441600
2025-07-15,42.4086,42.5918,41.8254,41.8784,33859000
2025-07-16,41.8206,42.0616,41.3675,41.5169,35501600
2025-07-17,41.3048,41.8350,41.2036,41.7724,36085600
2025-07-18,42.1050,42.2978,41.2711,41.4349,60975600
2025-07-21,41.4639,41.5362,40.9240,41.0059,30434400
2025-07-22,40.9577,41.4253,40.9192,41.1987,32444000
2025-07-23,41.3675,41.8688,41.2614,41.8447,28046000
2025-07-24,41.7338,42.1965,41.5458,42.1435,24022200
2025-07-25,42.1869,42.2592,41.7675,41.9844,20143200
2025-07-28,42.2640,42.5340,42.2014,42.4617,23705200
2025-07-29,42.5291,42.8907,42.3894,42.8762,24552000
2025-07-30,42.6111,42.6352,41.9989,42.2640,26552400
2025-07-31,41.8206,42.5243,41.8206,42.0375,24960800
2025-08-01,41.8784,42.0278,41.0300,41.2566,42329400
2025-08-04,41.1843,41.4928,40.9529,41.1650,26509600
2025-08-05,41.1554,41.2759,40.6589,41.2180,31413600
2025-08-06,41.4783,41.7193,40.7167,40.8372,38249400
2025-08-07,41.0782,41.5362,40.6251,40.6782,35042000
2025-08-08,40.8710,41.3144,40.6637,40.9385,40736200
2025-08-11,41.0204,41.1988,40.5384,40.6107,28828800
2025-08-12,40.6926,41.1650,40.5721,40.8083,34522600
2025-08-13,40.8372,41.2855,40.6926,41.2807,25601200
2025-08-14,41.2518,41.3048,40.8035,41.2421,24944600
2025-08-15,41.2614,41.7097,41.1120,41.2421,27297800
2025-08-18,41.0252,41.1891,40.7601,40.9963,26428400
2025-08-19,40.8806,41.2518,40.7746,41.0108,25693800
2025-08-20,41.0782,41.5217,41.0397,41.3530,27967200
2025-08-21,41.2807,41.7290,41.1698,41.6374,22088000
2025-08-22,41.7772,42.5870,41.7097,42.4858,30936400
2025-08-25,42.3797,42.6496,42.2399,42.5966,23412800
2025-08-26,42.4279,42.5677,42.1339,42.5291,22855600
2025-08-27,42.4665,43.1606,42.4183,43.0063,26877400
2025-08-28,43.0208,43.3968,42.7364,43.3341,24086200
2025-08-29,43.3534,43.6812,43.2956,43.5703,23745000
2025-09-02,43.4546,43.7101,43.1269,43.6330,25964400
2025-09-03,43.2859,43.6474,42.5099,42.6545,36018200
2025-09-04,42.6593,43.1172,42.4761,42.9389,25895400
2025-09-05,42.5870,42.7268,41.8977,42.1098,48182200
2025-09-08,42.2496,42.4327,41.6422,42.0134,34931800
2025-09-09,42.2399,42.8135,42.1917,42.2158,41193400
2025-09-10,42.3122,42.9774,42.2158,42.9533,29932800
2025-09-11,42.6111,43.0545,42.4809,42.9630,25176800
2025-09-12,43.1413,43.3341,42.6979,42.7075,22297800
2025-09-15,42.7894,42.9003,42.4906,42.5629,23287800
2025-09-16,42.7509,43.4112,42.7412,43.2763,41593000
2025-09-17,43.2184,43.6812,43.0305,43.3775,26044800
2025-09-18,43.4161,43.5028,42.9148,43.2425,28713000
2025-09-19,43.2040,43.2377,42.5195,42.6689,29979200
2025-09-22,42.5177,42.8289,42.3476,42.6198,22502400
2025-09-23,42.7900,43.8206,42.7900,43.3539,44214800
2025-09-24,43.6602,44.3262,43.6116,43.9178,35406200
2025-09-25,43.9130,44.3553,43.7914,44.3116,31887200
2025-09-26,44.3845,45.1672,44.3748,44.7200,40161600
2025-09-29,44.4088,44.4720,43.6699,43.8984,37674400
2025-09-30,43.5143,43.6067,43.0914,43.4317,47544800
2025-10-01,43.2178,43.5775,43.1692,43.4317,27661200
2025-10-02,43.3345,43.7185,42.9504,42.9942,31793600
2025-10-03,43.2129,43.4754,43.1594,43.2226,24048000
2025-10-06,43.4949,43.6845,43.2615,43.4365,21488400
2025-10-07,43.3976,43.5386,42.7365,43.5046,25324000
2025-10-08,43.5046,43.5046,42.9261,43.2518,20024200
2025-10-09,43.3442,43.7136,42.6198,42.6636,23397800
2025-10-10,42.3476,42.5615,41.4142,41.4288,44892200
2025-10-13,41.7448,42.0462,41.6087,41.9927,22889600
2025-10-14,41.3948,42.2261,41.3413,41.9878,25084600
2025-10-15,42.2552,42.4934,41.6524,41.9635,24267000
2025-10-16,42.0365,42.1629,41.1760,41.4580,29193800
2025-10-17,41.6330,41.8858,41.4628,41.7983,24071800
2025-10-20,41.8712,42.3379,41.8712,42.2406,25352400
2025-10-21,42.3573,42.4545,41.9295,42.1434,25885200
2025-10-22,42.4254,42.8678,42.0705,42.6830,32814000
2025-10-23,43.4463,43.5386,42.9893,43.2518,47308800
2025-10-24,43.4463,43.4609,42.7851,42.8143,21191000
2025-10-27,42.9504,43.0914,42.7268,42.9164,19597200
2025-10-28,42.7559,42.8921,42.4448,42.4691,22474600
2025-10-29,42.5177,43.0039,42.4302,42.7851,26807800
2025-10-30,42.7705,43.0817,42.4740,42.5323,20663400
2025-10-31,42.6344,43.0865,42.4497,42.8434,26985400
2025-11-03,42.8532,42.9650,42.3573,42.8483,22232000
2025-11-04,42.3233,42.5032,41.9879,42.3865,29477600
2025-11-05,42.3913,42.9698,42.3379,42.4983,23857200
2025-11-06,42.5615,43.3150,42.5615,42.9115,32154800
2025-11-07,43.0622,43.6310,42.9455,43.5289,35458400
2025-11-10,43.6407,44.0248,43.0768,43.9227,31264600
2025-11-11,44.1852,44.8075,44.1512,44.4963,38752800
2025-11-12,44.1949,44.3991,43.8109,43.8741,29863200
2025-11-13,44.0150,44.3845,43.7914,43.9859,32243800
2025-11-14,44.2192,44.8318,43.6650,44.7345,34179400
2025-11-17,44.6811,44.6956,43.7428,43.9178,37447400
2025-11-18,43.7282,44.3845,43.6067,44.2678,34839400
2025-11-19,43.4852,43.8352,43.1789,43.6942,41062800
2025-11-20,43.9178,44.5158,43.1643,43.1983,41630000
2025-11-21,43.2713,43.6602,42.8143,43.4706,39317200
2025-11-24,43.4220,43.4852,42.6782,43.3490,33681800
2025-11-25,43.0087,43.2469,42.7219,43.0768,29299000
2025-11-26,43.0671,43.7136,43.0282,43.4025,26611000
2025-11-28,43.4268,44.1609,43.3636,43.9713,16666600
2025-12-01,44.0345,44.6373,44.0005,44.3942,31150000
2025-12-02,44.3262,44.3262,43.6018,43.8206,33305000
2025-12-03,44.1171,44.7200,44.0539,44.6422,30174000
2025-12-04,44.6179,44.9047,44.4866,44.8318,23799600
2025-12-05,44.7540,45.3665,44.6373,44.6470,22164400
2025-12-08,44.3942,44.6470,44.0150,44.1609,27891900
2025-12-09,44.2387,44.8026,44.1998,44.4331,20917400
2025-12-10,44.5692,44.9873,44.3651,44.8998,26255100
2025-12-11,44.6276,44.9679,44.5692,44.6859,25827200
2025-12-12,44.7734,44.9582,44.1317,44.2484,33161200
2025-12-15,44.3456,44.3456,43.5775,43.9373,27521600
2025-12-16,43.5872,43.6067,42.5566,42.5955,49312400
2025-12-17,42.9067,43.6359,42.8386,43.5386,43375300
2025-12-18,43.4122,43.4706,42.7608,42.9067,29920200
2025-12-19,43.0233,43.2956,42.8094,42.9067,31959600
2025-12-22,43.2822,43.6254,43.2332,43.3508,23707400
2025-12-23,43.5077,43.6842,43.3607,43.6352,19137500
2025-12-24,43.5568,43.6940,43.4489,43.5077,11293900
2025-12-26,43.4587,43.5764,43.1351,43.3410,17884500
2025-12-29,43.6450,43.8705,43.4293,43.7529,31352100
2025-12-30,43.9294,44.2137,43.9294,44.0863,18654700
2025-12-31,44.0569,44.1451,43.7039,43.8411,16965900
2026-01-02,43.8509,44.8903,43.6254,44.7629,31935500
2026-01-05,46.2435,46.4004,44.8609,45.9788,94961000
2026-01-06,46.0866,46.1455,44.6452,44.7531,69568200
2026-01-07,44.9296,44.9296,44.2039,44.2530,42739200
2026-01-08,44.4393,45.9395,44.3412,45.6454,51451000
2026-01-09,45.8415,45.9690,45.6061,45.7630,38839900
2026-01-12,45.8415,45.9003,45.2041,45.4394,28264400
2026-01-13,45.8219,46.4690,45.7728,46.0866,50469200
2026-01-14,46.3318,47.7046,46.2631,47.1260,80750200
2026-01-15,46.7044,47.1358,46.3514,46.6848,49328800
2026-01-16,46.6357,46.8809,46.5671,46.7632,30796300
2026-01-20,47.1554,47.3712,46.5769,46.6750,50178700
2026-01-21,47.3516,48.0968,47.3516,47.8026,58996000
2026-01-22,47.6751,48.0478,47.4790,47.9595,50869500
2026-01-23,48.5577,48.9205,48.1360,48.2341,51431200
2026-01-26,48.9009,48.9205,47.9987,48.2635,40122600
2026-01-27,48.4302,48.8518,48.2047,48.7047,39840300
2026-01-28,48.9989,49.1656,48.5969,49.0774,41890400
2026-01-29,50.1560,50.7247,49.4990,49.5284,77520700
2026-01-30,49.3813,50.0971,48.9107,50.0579,74039400
2026-02-02,49.1264,49.5284,48.8028,49.0774,61479900
2026-02-03,49.2637,50.7737,49.0479,50.6659,83754100
2026-02-04,50.8130,51.9308,50.8130,51.8033,78149900
2026-02-05,51.2444,51.4699,50.4403,51.1954,54235600
2026-02-06,51.4797,52.3819,51.3425,52.2152,41669600
2026-02-09,52.1759,52.6760,51.9504,52.5976,38798500
2026-02-10,52.7251,52.7447,52.2054,52.5388,32146000
2026-02-11,53.2252,54.0390,53.1957,53.9115,57349700
2026-02-12,53.8723,54.1665,52.7153,52.9310,67427800
2026-02-13,52.8918,53.5193,52.7643,53.2938,48392100
2026-02-17,53.4997,53.8429,52.1465,52.7054,50499600
2026-02-18,53.4703,53.7939,53.1663,53.7154,59196100
2026-02-19,54.3822,54.7941,53.8625,54.1077,62513500
2026-02-20,53.9312,54.2155,53.4507,53.8135,50833500
2026-02-23,53.9704,54.8431,53.8037,54.0782,44013500
2026-02-24,54.0390,54.1469,53.3428,54.0292,42921700
2026-02-25,54.2253,54.2940,53.1369,53.8037,36207500
2026-02-26,53.3134,54.5881,53.0683,53.9802,47033500
2026-02-27,54.5587,55.0588,53.8625,54.8333,59071500
2026-03-02,56.6473,56.7552,55.1765,55.9315,135633300
2026-03-03,56.2747,56.5983,54.9608,55.4216,154770800
2026-03-04,54.9706,55.3334,54.2547,55.0980,70732700
2026-03-05,55.4314,55.9511,54.9902,55.3824,85177800
2026-03-06,56.0394,56.2257,55.0784,55.4706,68219000
2026-03-09,55.7354,56.0394,54.8529,55.2255,88747400
2026-03-10,54.9706,55.3628,54.2940,54.5195,88817900
2026-03-11,54.5489,55.9315,54.4607,55.8727,48743700
2026-03-12,56.0198,57.0886,55.9511,56.3924,69358700
2026-03-13,56.3826,56.8042,55.9903,56.5787,43374600
2026-03-16,56.6375,56.9709,56.1570,56.7748,39474300
2026-03-17,57.0984,57.9025,56.8532,57.3729,40137700
2026-03-18,57.5985,57.8240,57.2945,57.2945,42908000
2026-03-19,57.7260,58.5594,57.3828,58.2064,69231400
2026-03-20,58.4025,59.1478,58.1280,58.1574,73003400
2026-03-23,57.1359,59.0605,56.9089,58.8532,71027200
2026-03-24,59.0210,60.6692,58.9914,60.0475,51207500
2026-03-25,59.5342,60.2054,59.4750,59.7810,42680700
2026-03-26,59.8797,61.0542,59.8007,60.7186,54967600
2026-03-27,60.7285,61.9721,60.4620,61.7451,59553200
2026-03-30,62.3076,62.6333,60.9752,61.1529,49750100
2026-03-31,61.2318,62.0115,59.2579,60.4620,94766900
2026-04-01,58.9420,59.8303,57.5998,58.2018,96652900
2026-04-02,59.7415,60.2152,58.2117,58.4782,60400500
2026-04-06,58.3400,58.9124,58.1229,58.9026,25474200
2026-04-07,59.0309,59.9784,59.0111,59.3763,38811700
2026-04-08,55.9416,57.4320,55.4482,57.2938,88023600
2026-04-09,57.4418,58.2512,56.3660,56.5832,55088500
2026-04-10,56.4253,56.7312,55.6653,56.1983,42561700
2026-04-13,56.8694,56.9681,55.9120,56.3660,43100900
2026-04-14,55.7640,55.7640,54.6882,55.2212,58830100
2026-04-15,54.8757,55.4778,54.5500,55.0336,39551500
2026-04-16,55.1126,56.1390,55.0435,55.8429,31282600
2026-04-17,53.7012,54.4414,52.7142,54.3033,90913300
2026-04-20,54.3822,54.9941,54.0861,54.3526,35150000
2026-04-21,54.5994,55.2310,54.2046,55.1422,41299800
2026-04-22,55.6258,56.0403,55.3988,55.8035,40565500
2026-04-23,56.1489,56.4450,55.7344,56.2377,34707200
2026-04-24,56.0305,56.1785,55.4383,56.1292,36426700
2026-04-27,56.3562,56.9286,55.8923,56.0305,33070600
2026-04-28,56.9681,57.2938,56.6325,56.9582,39151300
2026-04-29,57.5208,58.3400,57.3037,58.2610,40616700
2026-04-30,57.4418,59.0605,57.1852,58.8730,35896800
2026-05-01,58.2906,58.8236,57.5011,58.0834,35828400
2026-05-04,57.9649,58.8532,57.4616,58.6163,36883000
2026-05-05,58.4584,58.9815,58.1229,58.6756,27041400
2026-05-06,56.5437,57.1359,55.9219,56.2575,57907500
2026-05-07,55.1422,55.4185,54.4118,55.2212,52909900
2026-05-08,55.1225,55.4975,54.7375,54.9744,30573500
2026-05-11,55.5271,56.4746,55.5074,56.4253,31943300
2026-05-12,56.9780,57.0865,56.3957,56.8201,36814500
2026-05-13,56.7214,56.9582,56.2180,56.8793,22707200
2026-05-14,56.8990,57.4221,56.7608,57.3135,23487000
2026-05-15,57.9353,58.6953,57.7182,58.6657,33565500
2026-05-18,58.3597,59.9093,57.9551,59.7908,41516600
2026-05-19,60.0178,60.6890,59.5145,60.4916,31111000
2026-05-20,60.0178,60.8963,58.9026,59.0210,61776800
2026-05-21,59.6921,59.8007,57.9551,58.3597,45851100
2026-05-22,58.2216,58.8335,58.0636,58.7150,42428900
2026-05-26,58.1031,58.7940,57.0865,57.0964,38819900
2026-05-27,56.2673,56.7510,55.7442,56.2476,48329800
2026-05-28,56.8003,56.9286,55.9416,56.2081,46554100
2026-05-29,55.9416,56.0502,55.2606,55.5567,32389600
2026-06-01,56.2871,57.0569,56.1094,56.5536,55879400
2026-06-02,56.4450,57.4122,56.3364,57.2050,23842600
2026-06-03,57.4813,58.6065,57.2543,57.9452,46312800
2026-06-04,57.7379,58.2610,57.4122,57.9847,23916300
2026-06-05,57.9057,58.0143,56.8793,56.9187,28213000
2026-06-08,57.3234,58.1919,57.2148,57.5702,25717800
2026-06-09,57.3234,57.4517,56.0700,56.6424,46026300
2026-06-10,57.1852,58.2709,57.0273,57.4912,36515300
2026-06-11,58.0143,58.2216,56.3167,56.3759,40863500
2026-06-12,56.0502,57.3925,55.8923,56.8003,31964700
2026-06-15,54.4809,55.3199,54.3033,54.8264,44319100
2026-06-16,54.2835,54.7573,54.2342,54.6388,42008400
2026-06-17,54.5401,54.6388,53.8295,53.9578,38553000
2026-06-18,53.4347,53.5433,52.5563,53.0696,39645700
2026-06-22,53.2137,53.8102,52.8558,53.7406,30765600
2026-06-23,53.8201,54.2376,53.5517,54.1382,38690400
2026-06-24,53.1839,53.4523,52.6272,53.2535,43034600
2026-06-25,52.8856,53.9990,52.6868,53.7704,28221700
2026-06-26,53.6809,53.8300,53.3628,53.5219,19025200
2026-06-29,53.6610,53.9593,53.1541,53.2634,25142300
2026-06-30,53.3032,53.8002,52.7664,52.7962,28284000
2026-07-01,52.7365,53.1242,52.3091,52.4980,33662700
2026-07-02,52.9254,53.3330,52.5974,52.9055,28525600
2026-07-06,52.7465,53.2336,52.6868,52.8161,24735300
2026-07-07,53.2932,54.4961,53.2833,54.3171,41833600
2026-07-08,55.1323,55.7089,54.5458,55.2715,39741400
2026-07-09,54.9534,55.1522,54.4066,54.4961,21770700
2026-07-10,54.7545,54.9136,54.0388,54.7545,22974700
2026-07-13,55.5299,56.6334,55.5299,56.4047,41200900
2026-07-14,56.6632,56.8819,55.9574,56.6135,32579000
2026-07-15,56.6035,56.7030,55.4305,56.1661,33184200
2026-07-16,56.3252,56.9614,56.2656,56.6831,27477000
2026-07-17,57.6076,57.7766,56.9415,57.3392,31397800
2026-07-20,57.2199,58.0450,57.0708,57.5976,27329300
2026-07-21,57.8163,58.1841,57.4883,58.1543,20315700
2026-07-22,58.9198,59.1683,58.5520,58.8502,29548600
2026-07-23,59.8840,60.0232,58.9198,59.0291,35838600
2026-07-24,59.0490,60.0928,59.0490,59.2677,34181900
2026-07-27,58.0649,58.9297,57.8859,58.0152,33819500
2026-07-28,58.0649,58.4426,56.9117,57.2298,27800800
2026-07-29,58.7309,58.9496,58.0748,58.3034,34166800
2026-07-30,57.7368,58.7607,57.6772,58.6116,23045700
2026-07-31,58.5818,59.3373,57.9754,59.1981,23556500
2026-08-03,58.3432,58.9794,57.8163,58.4426,26038400
2026-08-04,57.3591,58.3730,56.7924,58.1742,37661500
2026-08-05,58.4227,58.6315,56.8720,56.9714,33213500
2026-08-06,58.0450,58.2140,57.2398,57.8163,25084300
2026-08-07,57.1901,57.7070,56.7725,57.1602,21092700
2026-08-10,57.8462,59.8542,57.7567,59.8244,33677800
2026-08-11,59.6355,60.7191,59.6355,60.5700,22400800
2026-08-12,60.1127,60.8085,59.9835,60.6694,22584200
2026-08-13,60.1624,60.7688,59.8741,60.6992,20703600
2026-08-14,61.0074,61.7430,60.8881,61.5442,22777700
2026-08-17,61.8524,62.3196,61.4249,62.2102,23550300
2026-08-18,63.0353,63.3335,62.7470,63.3037,27280500
2026-08-19,63.4727,63.8704,63.0254,63.2043,25537800
2026-08-20,63.8704,64.3177,63.3137,63.3733,24304100
2026-08-21,63.5324,63.9201,62.9757,63.2640,27791900
2026-08-24,62.8663,63.3435,62.1903,62.7371,23007900
2026-08-25,61.8325,62.4190,61.6734,61.6933,27426400
2026-08-26,61.0670,62.6476,60.9477,62.0611,24394100
2026-08-27,61.8623,62.3494,61.1863,61.9219,29599300
2026-08-28,61.9816,62.3693,61.7529,62.3096,20624500
2026-08-31,63.4230,64.0592,62.7669,63.5821,27148800
2026-09-01,64.4867,64.5662,63.6715,64.3873,33275900
2026-09-02,63.8902,64.9639,63.8704,64.7153,27393300
2026-09-03,64.7352,65.1328,64.1984,64.2382,24070700
2026-09-04,63.6616,63.9499,63.0055,63.6815,26281800
2026-09-08,64.4469,64.8545,63.9300,64.3873,28088200
2026-09-09,65.1726,65.5305,64.6259,64.9241,25392400
2026-09-10,65.7492,65.7790,63.9598,64.5463,37212600
2026-09-11,64.5066,65.3416,64.3276,64.7551,30546300
2026-09-14,65.5702,65.6597,63.8008,64.1487,47236500
2026-09-15,64.4966,65.7293,64.4270,65.5404,34571900
2026-09-16,64.8346,64.8346,63.3037,63.6517,48608400
2026-09-17,63.1248,64.1388,63.0850,64.0990,35534300
2026-09-18,63.8206,64.3674,63.7212,63.9300,29418800
2026-09-21,63.1700,63.7000,62.3700,62.4600,36482200
2026-09-22,,,,,39244284
