date,o,h,l,c,v
1998-12-22,11.1521,11.1521,11.0332,11.0853,55887
1998-12-23,11.0407,11.2487,11.0407,11.2487,78784
1998-12-24,11.2487,11.3230,11.2116,11.3230,43824
1998-12-28,11.3156,11.3156,11.1447,11.1744,51948
1998-12-29,11.1893,11.2933,11.0555,11.2933,100819
1998-12-30,11.2339,11.3081,11.1744,11.2487,154614
1998-12-31,11.2487,11.2636,11.1447,11.1447,65366
1999-01-04,11.0110,11.3304,11.0110,11.1447,250632
1999-01-05,11.1001,11.2636,11.1001,11.2487,47763
1999-01-06,11.4567,11.6202,11.3824,11.6053,129871
1999-01-07,11.4865,11.7836,11.4567,11.7836,89986
1999-01-08,11.9174,11.9174,11.7316,11.8579,173694
1999-01-11,11.8728,11.8728,11.5682,11.6796,62904
1999-01-12,11.6202,11.6202,11.3527,11.3527,117437
1999-01-13,10.8029,11.3527,10.8029,11.2041,359206
1999-01-14,11.1744,11.2561,10.8178,10.9218,59950
1999-01-15,11.0704,11.2339,11.0184,11.2339,96757
1999-01-19,11.4122,11.4122,11.0258,11.1744,54903
1999-01-20,11.2933,11.4345,11.1893,11.2561,76445
1999-01-21,11.1596,11.2116,11.0258,11.0555,438482
1999-01-22,10.9961,11.0555,10.9218,10.9812,109928
1999-01-25,11.0407,11.0853,10.9069,11.0704,169632
1999-01-26,11.1150,11.1373,10.9961,11.0778,118053
1999-01-27,11.1447,11.1447,10.9367,10.9367,56872
1999-01-28,10.9069,11.1150,10.9069,11.1001,47270
1999-01-29,11.1670,11.3527,11.0110,11.3379,72998
1999-02-01,11.3824,11.3824,11.1447,11.1447,59827
1999-02-02,11.0555,11.1150,10.9144,11.0258,107220
1999-02-03,10.9664,11.1893,10.8846,11.1075,69675
1999-02-04,11.0258,11.0853,10.8475,10.8475,48625
1999-02-05,10.8252,10.8772,10.6840,10.7583,103035
1999-02-08,10.8326,10.8475,10.6543,10.7286,137749
1999-02-09,10.7286,10.7583,10.5057,10.5800,264050
1999-02-10,10.6098,10.6692,10.4909,10.6692,31883
1999-02-11,10.7138,11.1150,10.7138,11.1001,81000
1999-02-12,11.0407,11.1001,10.8178,10.9367,106974
1999-02-16,11.0481,11.1744,11.0258,11.1001,463102
1999-02-17,11.1447,11.3676,11.0407,11.1447,501140
1999-02-18,11.2041,11.3230,11.1150,11.2561,69428
1999-02-19,11.3379,11.5013,11.2710,11.2933,76322
1999-02-22,11.3824,11.7019,11.3824,11.6202,89617
1999-02-23,11.7019,11.8134,11.6053,11.7688,121623
1999-02-24,11.8134,11.8282,11.3379,11.3824,251986
1999-02-25,11.2190,11.3676,11.0704,11.3081,173448
1999-02-26,11.3081,11.5459,11.2561,11.5162,116822
1999-03-01,11.4716,11.6425,11.4270,11.5608,211486
1999-03-02,11.6499,11.7539,11.5162,11.5905,91463
1999-03-03,11.6499,11.6648,11.4196,11.4790,57365
1999-03-04,11.5162,11.7688,11.5162,11.7391,50348
1999-03-05,12.1849,12.1849,11.8728,12.0363,498432
1999-03-08,12.0363,12.0660,11.8951,11.9545,133564
1999-03-09,11.9768,12.1626,11.8877,12.0511,105374
1999-03-10,12.1626,12.2814,12.0660,12.2740,91217
1999-03-11,12.3037,12.4672,12.2146,12.3335,210993
1999-03-12,12.3780,12.4523,12.2592,12.3558,183911
1999-03-15,12.3632,12.4523,12.2889,12.3929,82969
1999-03-16,12.5118,12.5118,12.2146,12.2146,188466
1999-03-17,12.1551,12.1551,11.9917,12.1106,161261
1999-03-18,12.0214,12.3929,12.0214,12.3929,199422
1999-03-19,12.4258,12.4258,12.1427,12.1576,244723
1999-03-22,12.1278,12.2321,12.0831,12.1874,427280
1999-03-23,12.0235,12.0682,11.7404,11.7702,288793
1999-03-24,11.8000,11.8596,11.6808,11.7404,144396
1999-03-25,12.1576,12.1576,11.8894,12.0086,77184
1999-03-26,11.9267,12.0086,11.8522,11.9043,65120
1999-03-29,12.0831,12.2172,12.0533,12.1725,75583
1999-03-30,12.0831,12.1129,11.9714,12.0310,141565
1999-03-31,12.0384,12.1278,11.8447,11.8894,112637
1999-04-01,11.8596,11.9341,11.8000,11.9192,52933
1999-04-05,12.0831,12.2023,11.9937,12.1576,92941
1999-04-06,12.1278,12.2693,12.0235,12.0682,142427
1999-04-07,12.1800,12.4556,12.1725,12.3960,324738
1999-04-08,12.5152,12.6493,12.4854,12.6195,194498
1999-04-09,12.5748,12.6642,12.4556,12.5897,151167
1999-04-12,12.5152,12.8281,12.5003,12.8132,193759
1999-04-13,12.9622,12.9622,12.7685,12.7983,209516
1999-04-14,12.8728,12.9771,12.6344,12.6344,160646
1999-04-15,12.7089,13.1707,12.4407,12.5152,124577
1999-04-16,12.5748,12.5748,12.3513,12.4556,125070
1999-04-19,12.6865,12.8877,12.4556,12.4556,149443
1999-04-20,12.5301,13.0516,12.5152,12.6195,67213
1999-04-21,12.6344,12.8132,12.6195,12.8132,85185
1999-04-22,12.7834,12.9473,12.7834,12.9473,74476
1999-04-23,13.0218,13.0218,12.8132,12.9026,159045
1999-04-26,12.9175,12.9175,12.6493,12.7089,184404
1999-04-27,12.8206,12.9845,12.7089,12.9324,72998
1999-04-28,12.9473,13.0069,12.7834,12.8579,189328
1999-04-29,12.8579,13.0516,12.8430,12.9026,104512
1999-04-30,12.9026,12.9621,12.5003,12.7238,417801
1999-05-03,12.6791,12.8728,12.6195,12.8728,257895
1999-05-04,12.7834,12.8430,12.4705,12.4705,368685
1999-05-05,12.4854,12.5748,12.3066,12.5450,267373
1999-05-06,12.4109,12.5301,12.2768,12.3364,211486
1999-05-07,12.5003,12.6493,12.4705,12.5748,787963
1999-05-10,12.6642,12.7089,12.5003,12.5301,53918
1999-05-11,12.6344,12.8430,12.6195,12.6791,70536
1999-05-12,12.6493,12.8728,12.5003,12.8579,51087
1999-05-13,12.8728,13.0069,12.8653,12.9771,61181
1999-05-14,12.6642,12.7387,12.4258,12.5748,197083
1999-05-17,12.3960,12.4705,12.2023,12.3364,235613
1999-05-18,12.4258,12.5301,12.1725,12.3662,166062
1999-05-19,12.3960,12.4556,12.2917,12.4556,85924
1999-05-20,12.4407,12.5301,12.2917,12.2917,180465
1999-05-21,12.2619,12.3364,12.1651,12.2619,95772
1999-05-24,12.0831,12.1427,11.8596,11.9937,534870
1999-05-25,11.9192,11.9937,11.6808,11.6808,105497
1999-05-26,11.7404,12.0608,11.6212,12.0608,236106
1999-05-27,11.9565,11.9565,11.7181,11.7702,53549
1999-05-28,11.8596,11.9937,11.7777,11.9565,47394
1999-06-01,11.8894,11.9490,11.6510,11.7851,256417
1999-06-02,11.7255,11.8000,11.5170,11.7106,126178
1999-06-03,11.8596,11.8596,11.6659,11.7032,87155
1999-06-04,11.8447,11.9639,11.7702,11.9192,91340
1999-06-07,11.9937,12.1576,11.9490,12.1427,60319
1999-06-08,12.1129,12.1129,11.9267,11.9267,233767
1999-06-09,11.9639,12.0757,11.8522,11.8969,41977
1999-06-10,11.7553,11.7553,11.5914,11.6734,121623
1999-06-11,11.6957,11.8596,11.6064,11.6957,100942
1999-06-14,11.7404,11.7404,11.5915,11.6361,35207
1999-06-15,11.7106,11.7851,11.6510,11.6957,152890
1999-06-16,11.9788,12.1055,11.9639,12.0012,228966
1999-06-17,12.0533,12.2768,11.9788,12.2321,192898
1999-06-18,12.1615,12.2810,12.1540,12.2511,66351
1999-06-21,12.2959,12.3408,12.1913,12.3258,157568
1999-06-22,12.3109,12.3258,12.1914,12.1914,89001
1999-06-23,12.1913,12.1913,11.9523,12.0718,49117
1999-06-24,12.0270,12.0270,11.7357,11.8776,68444
1999-06-25,11.9523,11.9822,11.8776,11.9075,95156
1999-06-28,11.9896,12.2212,11.9896,12.1839,72014
1999-06-29,12.1465,12.2810,12.0718,12.2212,60319
1999-06-30,12.2810,12.5798,12.0718,12.4752,187481
1999-07-01,12.5051,12.6097,12.3109,12.6097,259618
1999-07-02,12.5499,12.7292,12.5499,12.6097,83708
1999-07-06,12.5947,12.8338,12.5947,12.7143,175910
1999-07-07,12.6097,12.7292,12.5947,12.6694,97988
1999-07-08,12.5798,12.7441,12.5350,12.6246,57857
1999-07-09,12.6172,12.6993,12.5649,12.6396,84324
1999-07-12,12.6396,12.6844,12.5350,12.5350,91463
1999-07-13,12.4304,12.4752,12.3706,12.4005,41731
1999-07-14,12.5350,12.5350,12.3557,12.4304,567245
1999-07-15,12.5499,12.5723,12.4752,12.5424,171971
1999-07-16,12.5350,12.6545,12.4304,12.6097,24497
1999-07-19,12.6694,12.6844,12.5051,12.5200,152767
1999-07-20,12.4752,12.5649,12.3258,12.3632,56503
1999-07-21,12.3557,12.4155,12.1615,12.2212,59457
1999-07-22,12.1764,12.3856,12.1465,12.2362,79523
1999-07-23,12.2959,12.2959,11.9822,12.1017,99219
1999-07-26,11.9822,12.2212,11.9822,12.1465,140457
1999-07-27,12.2810,12.3557,12.1914,12.3109,77184
1999-07-28,12.2212,12.3109,12.1465,12.1615,43208
1999-07-29,11.9971,12.0569,11.8925,11.9822,154367
1999-07-30,11.9224,11.9822,11.6983,11.7133,353913
1999-08-02,11.7730,11.9075,11.6236,11.6535,236721
1999-08-03,11.6834,11.7282,11.4443,11.5041,570815
1999-08-04,11.5041,11.6535,11.3248,11.3547,177756
1999-08-05,11.2949,11.4145,11.1231,11.3995,176402
1999-08-06,11.2949,11.3472,11.0111,11.1007,182804
1999-08-09,11.0783,11.2501,11.0783,11.1306,240291
1999-08-10,11.1306,11.1306,10.8318,10.9364,210501
1999-08-11,11.1007,11.2053,11.0111,11.1455,347881
1999-08-12,11.2352,11.3472,11.1605,11.1978,162123
1999-08-13,11.4294,11.5937,11.3920,11.5639,195237
1999-08-16,11.5489,11.5788,11.4593,11.5190,94664
1999-08-17,11.7581,11.9374,11.7581,11.9374,181573
1999-08-18,11.8477,11.8851,11.7207,11.8104,199668
1999-08-19,11.6535,11.7730,11.6311,11.6535,42839
1999-08-20,11.6983,11.8328,11.6311,11.8178,52441
1999-08-23,11.9523,12.1316,11.9523,12.1316,104881
1999-08-24,12.1017,12.3333,12.0270,12.1615,254694
1999-08-25,11.8477,12.0718,11.7730,12.0644,301226
1999-08-26,12.1092,12.1092,11.7880,11.7880,313782
1999-08-27,11.7730,11.8552,11.5937,11.5937,281653
1999-08-30,11.6161,11.6386,11.1530,11.2128,192898
1999-08-31,11.2352,11.3397,11.0858,11.1978,336309
1999-09-01,11.2501,11.2501,11.1082,11.2501,161507
1999-09-02,11.0335,11.1231,10.9812,11.0335,510373
1999-09-03,11.4518,11.5937,11.3920,11.5937,523298
1999-09-07,11.5414,11.5414,11.2800,11.2800,63150
1999-09-08,11.1679,11.3547,11.1306,11.2053,629903
1999-09-09,11.1754,11.1754,10.9364,11.0708,92571
1999-09-10,11.1605,11.2352,11.0633,11.1530,162369
1999-09-13,11.1306,11.1381,11.0260,11.0484,65982
1999-09-14,10.9139,10.9214,10.7870,10.8467,357236
1999-09-15,11.0111,11.0260,10.7571,10.7944,422479
1999-09-16,10.8392,10.8467,10.6376,10.7571,270205
1999-09-17,10.8905,11.0029,10.8305,10.9879,501386
1999-09-20,10.9280,10.9280,10.8380,10.8605,149813
1999-09-21,10.7256,10.8080,10.6356,10.6881,413616
1999-09-22,10.6731,10.7331,10.5157,10.6806,179849
1999-09-23,10.7031,10.8080,10.5157,10.5982,265773
1999-09-24,10.5382,10.6881,10.5007,10.6731,197822
1999-09-27,10.7181,10.7631,10.4558,10.4932,713365
1999-09-28,10.4932,10.5532,10.3134,10.4783,413247
1999-09-29,10.4857,10.5382,10.3958,10.4033,140703
1999-09-30,10.3883,10.6806,10.3883,10.6132,724936
1999-10-01,10.5307,10.5307,10.2834,10.4333,98234
1999-10-04,10.5607,10.8305,10.5532,10.8305,496832
1999-10-05,10.8680,11.0929,10.6431,10.8755,588664
1999-10-06,10.9879,11.1228,10.9879,11.0629,392566
1999-10-07,11.1228,11.1753,10.9579,10.9579,86047
1999-10-08,10.8380,11.1978,10.8305,11.1528,404014
1999-10-11,11.1153,11.1528,11.0029,11.0329,191051
1999-10-12,11.0179,11.0179,10.8230,10.8230,427157
1999-10-13,10.7481,10.8830,10.4333,10.5007,170740
1999-10-14,10.4183,10.5457,10.2459,10.4857,459409
1999-10-15,10.0810,10.2909,10.0136,10.0136,466426
1999-10-18,10.0885,10.3358,10.0735,10.3358,207916
1999-10-19,10.5907,10.7556,10.5232,10.5532,313782
1999-10-20,10.7181,10.7631,10.5757,10.7406,326461
1999-10-21,10.5682,10.7930,10.5682,10.7930,255679
1999-10-22,11.0329,11.3327,10.9729,11.2428,1053736
1999-10-25,11.1528,11.1828,11.0029,11.1453,1728940
1999-10-26,11.1003,11.2353,10.9729,10.9729,577955
1999-10-27,11.1303,11.5576,11.1004,11.5126,332001
1999-10-28,11.8724,12.3296,11.8724,12.3296,2517887
1999-10-29,12.4420,12.5469,12.2021,12.2621,1159356
1999-11-01,12.2321,12.3146,12.0822,12.1122,460517
1999-11-02,12.0822,12.3520,12.0597,12.0972,527484
1999-11-03,12.1122,12.1871,12.0073,12.0447,64012
1999-11-04,12.2621,12.3296,12.1497,12.1872,676065
1999-11-05,12.5169,12.6519,12.4270,12.4870,409431
1999-11-08,12.4570,12.4720,12.3520,12.4195,718042
1999-11-09,12.4720,12.4720,12.1122,12.1797,137749
1999-11-10,12.0298,12.1497,11.9698,11.9923,110913
1999-11-11,11.8873,11.9773,11.8199,11.9248,214071
1999-11-12,12.1872,12.4570,11.8574,12.4420,640859
1999-11-15,12.4120,12.4720,12.3446,12.4345,179972
1999-11-16,12.5244,12.8467,12.5094,12.7718,632611
1999-11-17,12.6818,12.7193,12.4420,12.5019,422849
1999-11-18,12.5694,12.5694,12.3071,12.4645,197576
1999-11-19,12.4645,12.4720,12.2621,12.2771,240045
1999-11-22,12.2321,12.2321,12.1272,12.2321,216656
1999-11-23,12.1422,12.1422,11.9023,12.0373,211978
1999-11-24,11.9023,11.9323,11.8199,11.8948,127778
1999-11-26,11.9773,11.9773,11.8124,11.8124,90848
1999-11-29,11.6475,11.6625,11.5276,11.5276,956733
1999-11-30,11.5276,11.8724,11.5276,11.7225,141934
1999-12-01,11.6025,11.7824,11.6025,11.6325,634950
1999-12-02,11.7449,11.7824,11.5725,11.6850,122238
1999-12-03,12.0073,12.1872,11.9623,11.9623,1471414
1999-12-06,11.9023,11.9023,11.5875,11.6400,283746
1999-12-07,11.6025,11.6175,11.4826,11.6175,1270884
1999-12-08,11.5875,11.5875,11.3402,11.3402,732322
1999-12-09,11.4676,11.5276,11.3252,11.5051,143658
1999-12-10,11.6775,11.7749,11.5800,11.7075,739462
1999-12-13,11.5576,11.6475,11.5051,11.5725,367577
1999-12-14,11.4077,11.5126,11.2802,11.2952,440575
1999-12-15,11.2802,11.3327,11.2128,11.2652,447715
1999-12-16,11.1378,11.1978,10.9430,11.0179,489323
1999-12-17,11.0433,11.2013,11.0433,11.1035,1619257
1999-12-20,11.1486,11.1862,10.9380,11.0132,1197394
1999-12-21,11.0132,11.3893,10.9831,11.2238,1573464
1999-12-22,11.2690,11.2991,11.1486,11.2238,1370842
1999-12-23,11.2238,11.4345,11.2238,11.4044,564414
1999-12-27,11.5097,11.5398,11.3141,11.3141,3410239
1999-12-28,11.3141,11.3292,11.2389,11.2690,136272
1999-12-29,11.2389,11.4570,11.2389,11.3818,125808
1999-12-30,11.4345,11.5548,11.3593,11.4345,285961
1999-12-31,11.5548,11.5548,11.3893,11.4420,687021
2000-01-03,11.4194,11.4194,10.9380,11.0132,1185699
2000-01-04,10.7725,10.7875,10.4340,10.5318,885705
2000-01-05,10.5318,10.6446,10.3362,10.4490,717181
2000-01-06,10.4791,10.9756,10.4791,10.9079,415832
2000-01-07,10.9831,11.1035,10.8327,11.0884,468149
2000-01-10,11.1787,11.1787,10.8628,10.8929,460640
2000-01-11,10.7875,10.9305,10.7123,10.7123,476151
2000-01-12,10.7951,10.9831,10.7951,10.9229,143288
2000-01-13,11.1185,11.3066,11.0583,11.2539,1104576
2000-01-14,11.3893,11.5925,11.3818,11.5172,731583
2000-01-18,11.4796,11.4796,11.1336,11.1336,466180
2000-01-19,11.1411,11.3593,11.0734,11.0960,339510
2000-01-20,11.1787,11.1787,10.8327,10.8929,588172
2000-01-21,10.9530,10.9530,10.6973,10.7574,498309
2000-01-24,10.8628,10.8628,10.4716,10.5619,346773
2000-01-25,10.5619,10.7574,10.5468,10.6747,231674
2000-01-26,10.7574,11.0884,10.7424,11.0734,630518
2000-01-27,11.1261,11.2615,11.0132,11.1938,262572
2000-01-28,10.8928,11.0132,10.7123,10.8026,170986
2000-01-31,10.6822,11.1035,10.6822,11.1035,541763
2000-02-01,11.1637,11.1862,10.9982,11.1637,332001
2000-02-02,11.1336,11.1486,10.9530,11.0508,399829
2000-02-03,11.0433,11.1035,10.7800,10.9831,350220
2000-02-04,11.0207,11.0734,10.8026,10.8703,216533
2000-02-07,10.7875,10.8477,10.6822,10.7574,91586
2000-02-08,10.8928,10.9530,10.8176,10.8778,608483
2000-02-09,10.8778,10.8778,10.5468,10.6220,223550
2000-02-10,10.6371,10.6371,10.2309,10.3286,641474
2000-02-11,10.4716,10.5919,10.2609,10.3512,588664
2000-02-14,10.3663,10.4415,10.1481,10.4415,1014713
2000-02-15,10.2459,10.4941,10.1707,10.4565,373485
2000-02-16,10.4264,10.4716,10.1782,10.2384,376317
2000-02-17,10.4114,10.4114,10.0052,10.1105,611807
2000-02-18,10.0653,10.0653,9.6591,9.7494,881765
2000-02-22,9.8547,9.9149,9.6290,9.8397,564537
2000-02-23,9.8698,9.9224,9.7043,9.8021,392443
2000-02-24,9.7043,9.7795,9.4936,9.5989,435774
2000-02-25,9.6742,9.8547,9.4635,9.5388,608114
2000-02-28,9.7795,9.9375,9.6290,9.8472,1225337
2000-02-29,9.9676,9.9826,9.7494,9.9149,435159
2000-03-01,9.9299,10.1406,9.8698,10.0503,1578634
2000-03-02,9.9901,10.0654,9.8171,9.9901,600359
2000-03-03,10.2008,10.2008,9.9901,10.0804,418417
2000-03-06,10.0277,10.1331,9.8848,9.9826,1878260
2000-03-07,9.8698,9.9600,9.5689,9.6817,1253281
2000-03-08,9.5237,9.6290,9.3883,9.5689,649229
2000-03-09,9.4560,9.6742,9.4184,9.6215,385180
2000-03-10,9.5989,9.7494,9.5989,9.6516,183419
2000-03-13,9.3733,9.8547,9.3733,9.7494,411646
2000-03-14,9.7043,9.8923,9.6892,9.7118,286208
2000-03-15,9.7644,10.3512,9.6290,10.3061,1206626
2000-03-16,10.5919,11.1938,10.5318,11.1938,2141694
2000-03-17,11.2046,11.4462,11.1291,11.1971,1075771
2000-03-20,11.2273,11.2348,10.8649,10.9857,422233
2000-03-21,10.8649,11.4009,10.8573,11.3858,932359
2000-03-22,11.3632,11.5368,11.2952,11.4840,830679
2000-03-23,11.4613,11.9597,11.3632,11.8842,724567
2000-03-24,12.0352,12.1711,11.8237,12.0201,660185
2000-03-27,12.0125,12.0125,11.5368,11.6274,316613
2000-03-28,11.5066,11.8539,11.5066,11.7180,371516
2000-03-29,11.8389,11.8389,11.5142,11.6274,237091
2000-03-30,11.7331,11.7784,11.5519,11.6501,511727
2000-03-31,11.5519,11.8087,11.4764,11.7256,1533826
2000-04-03,11.9748,12.2919,11.9144,12.2919,539917
2000-04-04,12.3221,12.3825,11.3481,11.8011,1568048
2000-04-05,11.7482,11.9295,11.6652,11.7105,346403
2000-04-06,11.8615,11.8691,11.7256,11.8389,343080
2000-04-07,11.9144,11.9144,11.5670,11.5972,783408
2000-04-10,11.6274,11.9823,11.5142,11.9295,179111
2000-04-11,11.9748,12.0805,11.7634,12.0805,162861
2000-04-12,12.0805,12.4655,12.0805,12.1333,1093128
2000-04-13,11.9446,12.0352,11.7860,11.8162,790425
2000-04-14,11.2650,11.4613,10.6912,10.8573,1045242
2000-04-17,11.1140,11.1291,10.7516,10.9479,498309
2000-04-18,10.9026,11.4764,10.9026,11.3858,909586
2000-04-19,11.3103,11.4009,11.0838,11.2348,218626
2000-04-20,11.2424,11.4462,11.1744,11.4462,175048
2000-04-24,11.3858,11.7180,11.3254,11.7180,196468
2000-04-25,11.7181,12.1258,11.7181,12.0805,252724
2000-04-26,12.0729,12.0729,11.7860,11.8389,938761
2000-04-27,11.4764,11.7029,11.3934,11.5972,170247
2000-04-28,11.5972,11.8389,11.2650,11.8389,436143
2000-05-01,11.2952,11.7331,11.2801,11.5746,117068
2000-05-02,11.4462,11.5670,11.4236,11.4613,179480
2000-05-03,11.4915,11.5897,11.1593,11.2575,425311
2000-05-04,11.1744,11.2046,11.0083,11.0838,180834
2000-05-05,10.9630,11.1895,10.9479,11.1593,74476
2000-05-08,11.0385,11.3858,11.0385,11.3783,49240
2000-05-09,11.4462,11.5821,11.2197,11.3481,701424
2000-05-10,11.3179,11.3254,11.0385,11.0461,348373
2000-05-11,11.1895,11.4387,11.1895,11.3783,293840
2000-05-12,11.3556,11.6425,11.3254,11.5066,611192
2000-05-15,11.5670,12.0352,11.5670,12.0201,493262
2000-05-16,12.0276,12.1333,11.8540,11.9521,217272
2000-05-17,11.7256,11.9144,11.7180,11.7483,118053
2000-05-18,11.8237,12.1258,11.8237,11.8993,283992
2000-05-19,11.9144,11.9144,11.5972,11.6878,182311
2000-05-22,11.7407,11.8389,11.5368,11.8389,179849
2000-05-23,11.7785,11.9597,11.7331,11.9144,203731
2000-05-24,11.8464,12.1711,11.8464,12.0654,332616
2000-05-25,12.0427,12.0956,11.6425,11.7633,532777
2000-05-26,11.6576,11.8237,11.5972,11.7180,644675
2000-05-30,11.9370,11.9899,11.8087,11.9597,315382
2000-05-31,11.9748,12.1258,11.8993,12.1031,152029
2000-06-01,12.1635,12.5259,12.1409,12.5033,581032
2000-06-02,13.1073,13.1224,12.8355,13.0167,1362348
2000-06-05,12.9865,12.9865,12.5939,12.7222,214194
2000-06-06,12.6241,12.8732,12.3221,12.4429,292732
2000-06-07,12.4051,12.7147,12.4051,12.6241,115960
2000-06-08,12.6392,12.6392,12.3372,12.4127,305534
2000-06-09,12.5335,12.5637,12.1409,12.2013,279437
2000-06-12,12.2315,12.3372,12.2164,12.3070,104635
2000-06-13,12.2013,12.4429,12.1409,12.2919,689237
2000-06-14,12.4127,12.6392,12.3523,12.5033,289039
2000-06-15,12.3221,12.3825,12.0050,12.2088,1172281
2000-06-16,12.0313,12.0767,11.5464,11.6373,1355947
2000-06-19,11.5767,12.0010,11.5767,11.9404,845820
2000-06-20,11.9934,12.0010,11.7585,11.7888,785132
2000-06-21,11.6979,11.8040,11.5767,11.6979,457070
2000-06-22,11.5767,11.6903,11.4555,11.6903,470488
2000-06-23,11.6979,11.8495,11.5919,11.6070,556289
2000-06-26,11.7282,11.8646,11.6676,11.7888,216041
2000-06-27,11.9101,11.9707,11.8040,11.9025,270820
2000-06-28,11.9555,12.0010,11.7888,11.8116,388873
2000-06-29,11.6752,11.8494,11.6373,11.8040,92694
2000-06-30,11.6828,11.7585,11.3494,11.5161,776022
2000-07-03,11.5161,11.7282,11.4252,11.7282,514558
2000-07-05,11.8267,12.0010,11.6979,11.8570,681605
2000-07-06,11.7585,12.0010,11.6752,11.9479,460640
2000-07-07,12.0692,12.2283,11.9783,12.1525,370039
2000-07-10,12.2131,12.3192,12.1525,12.1828,462733
2000-07-11,12.2586,12.3949,12.1904,12.2434,219118
2000-07-12,12.5010,12.5616,12.3646,12.4177,229951
2000-07-13,12.4783,12.4783,12.2434,12.2965,553704
2000-07-14,12.3495,12.5768,12.3495,12.5010,148951
2000-07-17,12.4859,12.5465,12.2586,12.2662,169386
2000-07-18,12.1904,12.2889,12.1071,12.2889,84939
2000-07-19,12.1980,12.3192,12.1677,12.2434,85924
2000-07-20,12.2586,12.6374,12.2586,12.5541,119776
2000-07-21,12.5768,12.7132,12.4707,12.5162,202253
2000-07-24,12.5768,12.7283,12.4707,12.5919,288546
2000-07-25,12.5995,12.6677,12.5010,12.6147,311689
2000-07-26,12.5768,12.6829,12.4556,12.5541,178987
2000-07-27,12.5313,12.7738,12.5313,12.5919,160769
2000-07-28,12.5768,12.6677,12.3192,12.3192,245831
2000-07-31,12.5010,12.6526,12.3495,12.5313,190313
2000-08-01,12.5995,12.6904,12.5465,12.6147,87647
2000-08-02,12.6829,12.7738,12.5616,12.5995,73614
2000-08-03,12.6525,12.9708,12.6222,12.9329,162984
2000-08-04,13.0920,13.4329,13.0541,13.4329,367577
2000-08-07,13.3647,13.4708,13.1677,13.4708,691330
2000-08-08,13.4708,13.4708,13.3041,13.4708,153260
2000-08-09,13.3496,13.5314,13.1223,13.3799,437005
2000-08-10,13.4708,13.5011,13.2284,13.3041,189205
2000-08-11,13.3647,13.5163,13.2435,13.5087,168032
2000-08-14,13.4632,13.6905,13.3344,13.6829,145135
2000-08-15,13.6072,13.6072,13.3799,13.4329,66228
2000-08-16,13.5314,13.5617,13.1677,13.2738,160892
2000-08-17,13.2284,13.4556,13.2284,13.4481,355390
2000-08-18,13.4253,13.4253,13.2890,13.3496,184404
2000-08-21,13.2965,13.5011,13.2814,13.4556,94541
2000-08-22,13.4102,13.6829,13.4102,13.5996,241153
2000-08-23,13.5314,13.6678,13.3950,13.4253,432081
2000-08-24,13.4102,13.5163,13.3041,13.4026,181819
2000-08-25,13.4481,13.4481,13.2208,13.2208,105127
2000-08-28,13.3269,13.5617,13.2738,13.4708,142427
2000-08-29,13.5011,13.5011,13.2132,13.3344,101927
2000-08-30,13.3344,13.5996,13.3344,13.4556,173079
2000-08-31,13.4405,13.8799,13.4405,13.8042,537824
2000-09-01,13.8193,13.8193,13.5769,13.5769,924727
2000-09-05,13.6526,13.7890,13.5693,13.7435,566137
2000-09-06,13.8042,13.9708,13.7587,13.8496,270081
2000-09-07,13.7587,13.8345,13.6678,13.7360,177510
2000-09-08,13.6981,14.0618,13.6981,14.0466,4789329
2000-09-11,14.1678,14.3345,14.1224,14.3269,1598207
2000-09-12,14.3648,14.3648,14.2133,14.3042,1631814
2000-09-13,14.2133,14.3572,14.0921,14.2133,420510
2000-09-14,14.2209,14.2739,14.1375,14.1602,272913
2000-09-15,14.2106,14.2106,13.8763,13.9295,213209
2000-09-18,13.7699,13.7927,13.4127,13.4659,529699
2000-09-19,13.4887,13.7623,13.4887,13.7547,242015
2000-09-20,13.6939,13.6939,13.2987,13.5571,220965
2000-09-21,13.4963,13.4963,13.1923,13.4051,179480
2000-09-22,13.3595,13.7091,13.3443,13.6635,112513
2000-09-25,13.7395,13.9751,13.7091,13.8839,115837
2000-09-26,13.8003,13.9675,13.7091,13.7927,71152
2000-09-27,13.8003,13.8155,13.6255,13.8003,410908
2000-09-28,13.7243,14.2182,13.7243,14.1498,440329
2000-09-29,14.0891,14.3018,14.0739,14.1043,118422
2000-10-02,14.0891,14.3170,13.8611,14.3018,381487
2000-10-03,14.2562,14.4082,14.2334,14.2866,155229
2000-10-04,14.1650,14.2562,14.0207,14.1043,518990
2000-10-05,14.1347,14.3398,14.1347,14.2410,306273
2000-10-06,14.1346,14.1954,13.4963,13.6483,2007022
2000-10-09,13.5267,13.6103,13.4051,13.4355,156214
2000-10-10,13.5115,13.5115,12.9188,13.0480,3845398
2000-10-11,12.8732,13.0708,12.6452,13.0708,4426676
2000-10-12,12.9644,12.9644,12.2576,12.3108,1122672
2000-10-13,12.4172,13.0100,12.4172,12.9492,1249711
2000-10-16,12.9264,13.1088,12.8352,13.0632,167539
2000-10-17,13.1771,13.1771,12.5844,12.7060,572661
2000-10-18,12.0981,12.8656,12.0981,12.5616,1686593
2000-10-19,12.9036,13.2531,12.9036,13.1543,488707
2000-10-20,13.1923,13.3139,13.1315,13.2075,466303
2000-10-23,13.1619,13.1923,12.9340,12.9872,321291
2000-10-24,13.1012,13.4811,13.1012,13.3139,309104
2000-10-25,13.4355,13.6103,13.2531,13.3899,533023
2000-10-26,13.2683,13.3975,12.7440,12.9568,869209
2000-10-27,13.1923,13.4355,13.0784,13.3823,1361240
2000-10-30,13.5039,13.9979,13.5039,13.8687,1245033
2000-10-31,13.9979,14.0739,13.7471,13.9827,227243
2000-11-01,13.8611,13.9827,13.8003,13.9219,613777
2000-11-02,14.0587,14.1498,13.9295,13.9903,71029
2000-11-03,14.0131,14.0739,13.8915,13.9523,138980
2000-11-06,14.0891,14.1651,13.9523,14.1423,137380
2000-11-07,14.1347,14.2106,14.0207,14.0967,166801
2000-11-08,14.0739,14.0739,13.7471,13.8459,626087
2000-11-09,13.8003,14.0739,13.6787,13.9447,601467
2000-11-10,13.8611,14.0055,13.7243,13.7927,519605
2000-11-13,13.6939,13.7395,13.2607,13.4659,4902950
2000-11-14,13.7547,13.8611,13.4963,13.5419,4577720
2000-11-15,13.4355,13.5875,13.2835,13.4355,1102361
2000-11-16,13.3747,13.5571,13.2987,13.3899,153013
2000-11-17,13.3823,13.5875,13.1619,13.2835,939499
2000-11-20,13.0404,13.1164,12.7972,12.8884,373362
2000-11-21,12.8884,12.9948,12.6452,12.9188,681974
2000-11-22,12.7820,12.8732,12.5236,12.6072,256910
2000-11-24,12.7364,12.7972,12.6832,12.6984,103896
2000-11-27,12.7668,12.9112,12.7668,12.8732,271066
2000-11-28,12.8276,13.1163,12.8276,13.0100,1525578
2000-11-29,13.0556,13.3291,13.0100,13.3291,1481509
2000-11-30,13.2531,13.4735,12.9492,13.2683,2073004
2000-12-01,13.3595,13.4355,13.1392,13.1923,502987
2000-12-04,13.1315,13.1847,12.9948,13.1315,1992250
2000-12-05,13.1619,13.8003,13.1164,13.6787,1342652
2000-12-06,13.9219,14.1498,13.3747,13.6179,1399155
2000-12-07,13.6483,13.8003,13.5115,13.6483,1006835
2000-12-08,13.9523,14.1043,13.8307,14.0435,3373186
2000-12-11,14.0739,14.2714,13.9979,14.1574,936545
2000-12-12,14.0283,14.1042,13.8763,13.9903,348496
2000-12-13,14.2258,14.2258,13.8991,13.9979,244723
2000-12-14,13.6179,13.7091,13.4355,13.5951,642951
2000-12-15,13.4547,13.6530,13.3403,13.5386,596912
2000-12-18,13.7445,14.0420,13.6835,13.9352,1623689
2000-12-19,13.9429,14.1869,13.6988,13.7827,3551312
2000-12-20,13.6072,13.7827,13.5386,13.6530,1652002
2000-12-21,13.6073,13.9734,13.5005,13.9734,2453629
2000-12-22,14.1412,14.1717,13.9581,14.0878,792025
2000-12-26,14.1869,14.3395,14.1030,14.3395,1927131
2000-12-27,14.2022,14.4539,14.2022,14.4310,372624
2000-12-28,14.4005,14.6141,14.4005,14.5759,459040
2000-12-29,14.5302,14.6751,14.3395,14.4005,846066
2001-01-02,14.4463,14.4463,13.8590,13.9962,1551429
2001-01-03,14.0954,14.9497,13.7903,14.7514,1573834
2001-01-04,14.6522,14.9649,14.4615,14.4920,1037364
2001-01-05,14.1488,14.4310,13.7903,14.1869,10940389
2001-01-08,14.0649,14.1869,13.9429,14.0420,518374
2001-01-09,14.2022,14.2022,13.8056,13.8056,265896
2001-01-10,13.8361,14.1259,13.7445,14.0344,495478
2001-01-11,14.1564,14.3395,14.0039,14.0649,661786
2001-01-12,14.0954,14.0954,13.6988,13.7979,549026
2001-01-16,13.8513,14.4615,13.7445,14.0420,866870
2001-01-17,14.2327,14.2479,13.9734,14.0649,544348
2001-01-18,14.0191,14.0191,13.7598,13.8590,480213
2001-01-19,13.9123,13.9123,13.6683,13.7598,666833
2001-01-22,13.7903,14.1412,13.7903,14.0039,291747
2001-01-23,14.0115,14.2479,13.9581,14.1412,418663
2001-01-24,14.2174,14.3929,14.1717,14.2251,4035710
2001-01-25,14.3929,14.4081,14.1564,14.3547,1694348
2001-01-26,14.3013,14.4310,14.2174,14.4081,979630
2001-01-29,14.5713,14.5958,14.3907,14.4200,273282
2001-01-30,14.4981,14.5665,14.2785,14.5469,386165
2001-01-31,14.5714,14.5958,14.3224,14.3663,463964
2001-02-01,14.4249,14.4981,14.3322,14.3859,229458
2001-02-02,14.5079,14.5860,14.3810,14.4249,223550
2001-02-05,14.5225,14.5469,14.3614,14.5225,258264
2001-02-06,14.5079,14.5079,14.2150,14.2394,622024
2001-02-07,14.3322,14.3712,14.1125,14.2052,313413
2001-02-08,14.3029,14.3419,14.0930,14.1662,2847549
2001-02-09,14.0588,14.2931,14.0393,14.2248,356990
2001-02-12,14.2833,14.4591,14.2443,14.4249,2498068
2001-02-13,14.5128,14.5128,14.2833,14.3419,791533
2001-02-14,14.3517,14.3517,14.1027,14.1759,138364
2001-02-15,14.1320,14.2199,14.0051,14.1759,616239
2001-02-16,14.0100,14.2931,14.0051,14.1808,841881
2001-02-20,14.2052,14.2052,13.6243,13.6585,406969
2001-02-21,13.5462,13.7415,13.2533,13.2533,570445
2001-02-22,13.1801,13.3461,12.7798,13.3461,660678
2001-02-23,13.2289,13.3900,12.8872,13.2826,685052
2001-02-26,13.4047,13.5755,13.1703,13.5755,251986
2001-02-27,13.5853,13.8489,13.4828,13.7220,434543
2001-02-28,13.6194,13.7366,13.2485,13.3998,1070601
2001-03-01,13.3021,13.4193,13.1411,13.4144,825878
2001-03-02,13.2680,13.6195,13.2680,13.4340,661416
2001-03-05,13.5462,13.5462,13.1850,13.3656,923989
2001-03-06,13.4876,13.6585,13.3754,13.4047,395397
2001-03-07,13.5218,13.7268,13.3070,13.6878,627810
2001-03-08,13.7268,13.8831,13.6439,13.7415,534993
2001-03-09,13.4974,13.5706,13.3461,13.4242,447345
2001-03-12,13.1118,13.1996,12.4528,12.7652,972736
2001-03-13,12.9067,13.1118,12.7310,13.1069,1514869
2001-03-14,12.5016,12.8042,12.3503,12.5016,2520719
2001-03-15,12.8140,12.9360,12.6822,12.8775,635196
2001-03-16,12.9886,12.9886,12.6360,12.7095,856161
2001-03-19,12.7095,12.9201,12.4891,12.8564,428142
2001-03-20,12.9543,12.9739,12.4597,12.4989,1914328
2001-03-21,12.3911,12.5968,12.0483,12.1364,1550937
2001-03-22,11.9258,11.9944,11.4508,11.8230,2003083
2001-03-23,11.9112,12.3519,11.9014,12.3226,623748
2001-03-26,12.5283,12.6409,12.3813,12.5185,765067
2001-03-27,12.4744,12.9397,12.3519,12.8711,463841
2001-03-28,12.7340,12.8711,12.6262,12.8025,279806
2001-03-29,12.7340,12.8515,12.6507,12.7731,141442
2001-03-30,12.7584,12.9984,12.7584,12.9984,252601
2001-04-02,12.8613,13.2678,12.8613,13.0572,3027152
2001-04-03,12.9348,13.0131,12.5674,12.6164,919557
2001-04-04,12.5625,12.5625,12.1707,12.3079,3385742
2001-04-05,12.6605,12.8025,12.5576,12.7585,1272485
2001-04-06,12.5527,12.7780,12.3372,12.4744,6634228
2001-04-09,12.4891,12.6556,12.4205,12.4695,802735
2001-04-10,12.6360,12.9103,12.6360,12.8319,372008
2001-04-11,13.0768,13.0964,12.8907,12.9397,1359763
2001-04-12,12.9886,13.0768,12.8809,13.0376,5778191
2001-04-16,13.1503,13.1552,12.8564,12.9446,361175
2001-04-17,12.8613,13.0719,12.8270,13.0523,868471
2001-04-18,13.2237,14.1984,13.1600,13.6008,5579015
2001-04-19,13.5959,13.7625,13.5666,13.6743,1220413
2001-04-20,13.5519,13.5959,13.3853,13.4392,643444
2001-04-23,13.3511,13.4245,13.1943,13.2727,609222
2001-04-24,13.3462,13.4196,13.1698,13.2041,118299
2001-04-25,13.1699,13.3609,13.1160,13.3462,582017
2001-04-26,13.3560,13.5470,13.3560,13.4000,899738
2001-04-27,13.5470,13.7086,13.5176,13.6890,923742
2001-04-30,13.7184,13.8114,13.4490,13.4686,483044
2001-05-01,13.4245,13.6204,13.4000,13.5813,838680
2001-05-02,13.6939,13.7625,13.5519,13.6890,321291
2001-05-03,13.5666,13.6988,13.4931,13.6939,383703
2001-05-04,13.5617,13.8996,13.5470,13.8604,170001
2001-05-07,13.8310,13.8310,13.6743,13.7723,99834
2001-05-08,13.7184,13.7772,13.6253,13.6302,127778
2001-05-09,13.6106,13.6547,13.5176,13.6155,708564
2001-05-10,13.7625,13.7625,13.5813,13.6204,206685
2001-05-11,13.7233,13.7233,13.4294,13.4931,200530
2001-05-14,13.5078,13.6204,13.4441,13.6057,59334
2001-05-15,13.6547,13.8359,13.5959,13.6890,267496
2001-05-16,13.6890,14.1004,13.6204,14.0563,641351
2001-05-17,14.0465,14.1249,13.9437,13.9829,401798
2001-05-18,14.0367,14.0367,13.8261,13.9045,194744
2001-05-21,13.9437,14.1249,13.8457,14.1004,236844
2001-05-22,14.1494,14.3649,14.1004,14.2424,559982
2001-05-23,14.2914,14.2914,14.1102,14.1837,1015083
2001-05-24,14.2620,14.3208,14.1837,14.2375,184773
2001-05-25,14.2229,14.2669,14.0465,14.0465,394782
2001-05-29,14.1739,14.1739,13.9927,14.0563,808767
2001-05-30,14.0661,14.1739,13.9290,13.9388,586325
2001-05-31,13.9584,14.0612,13.8653,14.0612,202007
2001-06-01,13.9829,14.0759,13.8849,14.0367,177880
2001-06-04,14.0759,14.1494,13.9682,14.1494,42346
2001-06-05,14.1984,14.2865,14.1298,14.2131,562813
2001-06-06,14.1445,14.1592,13.9878,14.1053,566260
2001-06-07,13.9878,14.0465,13.8653,14.0122,1214628
2001-06-08,13.8849,13.9584,13.8310,13.9290,726044
2001-06-11,13.8898,13.9682,13.7772,13.7968,186497
2001-06-12,13.6645,13.8506,13.6008,13.8408,757927
2001-06-13,13.7625,13.9388,13.6841,13.7282,966212
2001-06-14,13.6547,13.6547,13.4882,13.4882,1374781
2001-06-15,13.4838,13.5821,13.3412,13.5575,2495483
2001-06-18,13.5919,13.6411,13.4150,13.5919,388257
2001-06-19,13.8033,13.8131,13.6804,13.7148,1782365
2001-06-20,13.7148,13.9508,13.7148,13.7885,682836
2001-06-21,13.8869,14.3440,13.8869,14.3440,744878
2001-06-22,14.3047,14.3047,14.1277,14.1572,518251
2001-06-25,14.1818,14.2359,13.9753,14.0442,246569
2001-06-26,13.7640,13.9508,13.7640,13.8672,964489
2001-06-27,13.8869,14.0933,13.8721,13.8721,467903
2001-06-28,13.9950,14.1621,13.9459,14.0540,288300
2001-06-29,14.0097,14.0294,13.8918,13.9606,968058
2001-07-02,14.0343,14.1671,13.9753,14.1326,184527
2001-07-03,14.1081,14.1720,14.0786,14.1228,129624
2001-07-05,14.1277,14.1769,14.0245,14.0343,134179
2001-07-06,13.9360,13.9459,13.7345,13.7492,869702
2001-07-09,13.7886,13.8131,13.6558,13.7935,1078848
2001-07-10,13.8033,13.8033,13.4592,13.4592,1396816
2001-07-11,13.4199,13.4690,13.2331,13.4346,9222160
2001-07-12,13.4444,13.7197,13.4444,13.6706,475043
2001-07-13,13.6263,13.8377,13.6263,13.8328,210870
2001-07-16,13.8525,13.9606,13.6362,13.6362,610453
2001-07-17,13.6460,13.9164,13.6116,13.9164,347019
2001-07-18,13.7640,13.8869,13.7247,13.8377,757681
2001-07-19,13.9508,13.9606,13.6902,13.7443,255802
2001-07-20,13.6657,13.7246,13.6509,13.6804,404999
2001-07-23,13.6509,13.7590,13.5673,13.6067,58596
2001-07-24,13.5280,13.6214,13.4051,13.4297,155598
2001-07-25,13.3707,13.5428,13.3560,13.5329,295932
2001-07-26,13.4445,13.6460,13.4445,13.6411,260849
2001-07-27,13.5673,13.7591,13.5673,13.7197,68567
2001-07-30,13.6657,13.7246,13.6411,13.6755,243492
2001-07-31,13.7394,13.9213,13.7050,13.8279,129378
2001-08-01,13.8525,13.9753,13.7640,13.8869,99834
2001-08-02,13.9999,13.9999,13.8672,13.8672,110544
2001-08-03,13.8918,13.9262,13.7836,13.9262,123346
2001-08-06,13.8377,13.9065,13.6952,13.7246,230320
2001-08-07,13.7836,13.8721,13.7296,13.8721,260110
2001-08-08,13.7640,13.8328,13.5919,13.5919,1906696
2001-08-09,13.6165,13.6558,13.5231,13.6558,698962
2001-08-10,13.5919,13.7050,13.5182,13.6657,201884
2001-08-13,13.7148,13.7246,13.5673,13.6509,80631
2001-08-14,13.6902,13.7836,13.5968,13.6558,390104
2001-08-15,13.6312,13.7443,13.5968,13.6018,113129
2001-08-16,13.5526,13.6018,13.4592,13.5624,448084
2001-08-17,13.4690,13.5428,13.3068,13.3609,383826
2001-08-20,13.3707,13.5034,13.3707,13.4936,2265779
2001-08-21,13.4690,13.6804,13.3265,13.3265,774176
2001-08-22,13.3953,13.4789,13.2970,13.3855,2077928
2001-08-23,13.3953,13.4592,13.3510,13.3904,220103
2001-08-24,13.3461,13.4641,13.3068,13.4248,459409
2001-08-27,13.4444,13.4444,13.2527,13.2921,1266330
2001-08-28,13.2478,13.2724,13.0807,13.0807,962519
2001-08-29,13.1643,13.1790,12.9381,12.9627,858992
2001-08-30,12.9529,13.0266,12.8251,12.8742,705117
2001-08-31,12.9529,13.0758,12.8693,12.9136,1232477
2001-09-04,12.8349,13.1004,12.7317,12.8595,904908
2001-09-05,12.7218,12.9037,12.5940,12.7808,1492957
2001-09-06,12.6235,12.7169,12.4515,12.4859,2382477
2001-09-07,12.2942,12.4908,12.1467,12.2401,1965292
2001-09-10,12.0779,12.3876,12.0140,12.2647,835357
2001-09-17,10.9374,11.7731,10.8146,11.7240,1864226
2001-09-18,11.6502,11.7485,11.5519,11.5765,3653239
2001-09-19,11.5765,11.7240,11.0849,11.4929,1039580
2001-09-20,11.1980,11.3160,10.9620,10.9866,777377
2001-09-21,10.4430,11.0849,10.4430,10.8133,1090789
2001-09-24,11.3317,11.4996,11.1836,11.3762,972121
2001-09-25,11.3614,11.6527,11.3614,11.5589,713365
2001-09-26,11.7514,11.7514,11.5144,11.6724,358837
2001-09-27,11.6774,11.9094,11.5984,11.8650,179234
2001-09-28,11.9539,12.2501,11.9539,12.1859,433066
2001-10-01,12.1415,12.2353,12.0724,12.1514,316244
2001-10-02,12.1711,12.3884,12.0971,12.3193,431712
2001-10-03,12.2797,12.6402,12.2797,12.5168,3204785
2001-10-04,12.5661,12.6155,12.3538,12.4180,2510501
2001-10-05,12.4921,12.4921,11.9489,12.0773,4035710
2001-10-08,11.9391,11.9588,11.7514,11.8057,1600916
2001-10-09,11.8255,11.9884,11.7564,11.9045,6144290
2001-10-10,11.8354,12.1662,11.8354,12.0921,2169022
2001-10-11,12.1711,12.3439,12.1464,12.2847,973475
2001-10-12,11.9489,12.1217,11.8749,12.0921,2233403
2001-10-15,11.9884,12.2205,11.9242,12.1464,443037
2001-10-16,12.1958,12.4377,12.1958,12.3439,1147292
2001-10-17,12.5908,12.5908,12.2205,12.2205,734415
2001-10-18,12.2699,12.3192,12.0724,12.2057,1246634
2001-10-19,12.0971,12.1069,11.8601,12.0082,1555122
2001-10-22,11.9983,12.3637,11.9983,12.2995,683205
2001-10-23,12.3686,12.4674,12.2699,12.3291,549026
2001-10-24,12.2946,12.3834,12.2205,12.2847,235860
2001-10-25,12.1464,12.5069,12.0724,12.4476,158060
2001-10-26,12.4427,12.6155,12.4427,12.5908,458301
2001-10-29,12.3933,12.4328,12.1464,12.1464,378656
2001-10-30,12.0477,12.2205,11.8749,12.1217,786363
2001-10-31,12.2057,12.2057,11.9391,12.0131,658585
2001-11-01,12.0427,12.2254,11.8008,12.2106,614023
2001-11-02,12.0971,12.3143,12.0971,12.2748,1044996
2001-11-05,12.5168,12.5464,12.3933,12.5414,187728
2001-11-06,12.5414,12.7044,12.3982,12.6945,1101622
2001-11-07,12.6007,12.8871,12.6007,12.7439,522313
2001-11-08,12.8871,12.9710,12.7143,12.7834,261341
2001-11-09,12.6649,12.7834,12.5760,12.6994,324492
2001-11-12,12.5414,12.7389,12.3439,12.6402,259495
2001-11-13,12.9118,12.9809,12.8179,12.9809,452762
2001-11-14,13.1093,13.1093,12.8772,12.9562,661047
2001-11-15,13.0352,13.0846,12.8772,12.8772,269466
2001-11-16,12.9858,12.9858,12.7143,12.8130,185142
2001-11-19,12.9364,13.0747,12.8426,13.0747,273774
2001-11-20,12.8871,13.0303,12.8871,13.0006,1038349
2001-11-21,12.8624,12.9364,12.7735,12.8871,71275
2001-11-23,12.8130,13.0994,12.8130,13.0846,66228
2001-11-26,13.0500,13.1883,12.9908,13.1537,443899
2001-11-27,13.1093,13.2525,12.9908,13.1833,860346
2001-11-28,12.9858,13.1191,12.7636,12.7883,640612
2001-11-29,12.8624,12.9463,12.7389,12.9266,717796
2001-11-30,12.8871,12.9118,12.7883,12.7933,419894
2001-12-03,12.6649,12.6896,12.5464,12.6155,424449
2001-12-04,12.6402,12.8377,12.5760,12.7883,1203179
2001-12-05,12.7883,13.1093,12.7883,12.9661,937407
2001-12-06,12.9710,13.1586,12.9611,13.1339,375947
2001-12-07,13.0401,13.1537,12.9957,13.0451,961042
2001-12-10,13.0846,13.0846,12.8130,12.8377,191913
2001-12-11,12.8920,13.0599,12.8377,12.9118,1120456
2001-12-12,12.8377,12.9513,12.7587,12.8624,649722
2001-12-13,12.7883,12.7883,12.6402,12.6599,2516410
2001-12-14,12.6896,12.6896,12.5464,12.5908,1099652
2001-12-17,12.5908,12.7932,12.5908,12.7636,149443
2001-12-18,12.8624,12.8821,12.7538,12.8821,226504
2001-12-19,12.7883,13.1339,12.7883,13.1339,492400
2001-12-20,13.0599,13.1340,12.9661,13.0796,1054475
2001-12-21,13.0276,13.0424,12.8689,12.9879,574508
2001-12-24,12.9929,12.9929,12.9135,12.9780,218133
2001-12-26,13.0127,13.0920,12.9780,13.0375,103158
2001-12-27,13.0424,13.0920,12.9482,13.0276,663755
2001-12-28,13.0672,13.2259,13.0672,13.1664,1563739
2001-12-31,13.1912,13.2160,13.0424,13.0424,2223802
2002-01-02,12.9681,13.0920,12.8441,13.0276,632857
2002-01-03,13.0920,13.1416,12.9978,13.1168,194129
2002-01-04,13.1912,13.3400,13.1912,13.2904,762974
2002-01-07,13.3400,13.3846,13.1912,13.2557,495108
2002-01-08,13.2656,13.2656,12.9978,13.0722,338279
2002-01-09,13.1416,13.2904,13.0722,13.1416,494493
2002-01-10,13.0920,13.2160,13.0672,13.0920,479105
2002-01-11,13.2904,13.2904,13.0177,13.0177,3818562
2002-01-14,12.9433,13.0177,12.9185,12.9185,3340565
2002-01-15,12.9482,13.2011,12.9482,13.2011,3054111
2002-01-16,13.0920,13.1664,13.0177,13.0375,2094670
2002-01-17,13.2408,13.2408,13.1020,13.1615,269466
2002-01-18,13.0672,13.2061,13.0672,13.1119,153629
2002-01-22,13.1912,13.1912,13.0424,13.0672,104143
2002-01-23,13.0424,13.1912,12.9929,13.1267,450423
2002-01-24,13.1912,13.2656,13.1218,13.1416,3763536
2002-01-25,13.0672,13.2557,13.0672,13.2259,112021
2002-01-28,13.2408,13.2408,12.9978,13.0920,731337
2002-01-29,13.1267,13.1615,12.4523,12.5217,13945630
2002-01-30,12.4969,13.0920,12.1746,12.6804,13391803
2002-01-31,12.7697,12.8937,12.6308,12.8937,13490898
2002-02-01,12.8689,12.8689,12.6656,12.7350,5223749
2002-02-04,12.6209,12.6209,12.2738,12.2738,5459485
2002-02-05,12.2490,12.3234,12.0754,12.2738,5689559
2002-02-06,12.2738,12.2986,11.9812,12.1002,6310229
2002-02-07,12.0754,12.3432,12.0506,12.2143,8296325
2002-02-08,12.3184,12.5465,12.2986,12.5366,8454877
2002-02-11,12.5416,12.6457,12.4027,12.6457,971751
2002-02-12,12.5465,12.6408,12.4969,12.5019,568476
2002-02-13,12.5217,12.7895,12.5217,12.7548,5388456
2002-02-14,12.6953,12.8689,12.5713,12.7300,1636984
2002-02-15,12.6705,12.7201,12.5069,12.5317,2236358
2002-02-19,12.3730,12.4473,12.1895,12.1895,5077013
2002-02-20,12.2738,12.4226,12.0357,12.4176,8052710
2002-02-21,12.3234,12.4474,12.1746,12.2738,5889966
2002-02-22,12.0506,12.2242,11.9514,12.1994,8525291
2002-02-25,12.1746,12.5168,12.1746,12.5118,4633361
2002-02-26,12.4473,12.6160,12.3978,12.5019,2363643
2002-02-27,12.6457,12.8242,12.5465,12.6308,11507388
2002-02-28,12.6209,12.8441,12.6209,12.6705,1264360
2002-03-01,12.7697,12.8639,12.6705,12.8441,5791116
2002-03-04,13.0424,13.2904,12.9681,13.2805,7841470
2002-03-05,13.2606,13.4392,13.2011,13.2904,5306841
2002-03-06,13.3648,13.5632,13.2954,13.5136,3081316
2002-03-07,13.4888,13.5780,13.2904,13.3945,3823732
2002-03-08,13.6127,13.6127,13.4144,13.4540,795965
2002-03-11,13.4640,13.5879,13.4144,13.5334,834987
2002-03-12,13.3896,13.6028,13.3896,13.5384,6107114
2002-03-13,13.5383,13.5483,13.3499,13.4144,2468155
2002-03-14,13.3896,13.5334,13.3896,13.4491,1599315
2002-03-15,13.5088,13.7725,13.5088,13.7327,3781509
2002-03-18,13.8073,13.8372,13.5884,13.7028,1940918
2002-03-19,13.7825,13.8073,13.6829,13.6979,409061
2002-03-20,13.6829,13.6829,13.4839,13.4839,4915506
2002-03-21,13.5536,13.5536,13.3098,13.4889,3618894
2002-03-22,13.4988,13.6282,13.4143,13.4839,2647512
2002-03-25,13.4839,13.5287,13.2700,13.2700,2828838
2002-03-26,13.2849,13.5834,13.2849,13.4342,1870751
2002-03-27,13.4342,13.6531,13.4342,13.6083,7761947
2002-03-28,13.5536,13.6929,13.4889,13.5088,1696687
2002-04-01,13.3844,13.4939,13.3098,13.4839,1177944
2002-04-02,13.3595,13.5834,13.3595,13.5337,467903
2002-04-03,13.5585,13.5585,13.3147,13.3346,4901596
2002-04-04,13.3346,13.5088,13.3346,13.4541,1331327
2002-04-05,13.5536,13.6481,13.5187,13.5187,4185892
2002-04-08,13.4292,13.6133,13.4292,13.5586,147843
2002-04-09,13.6332,13.7327,13.5884,13.6431,1243187
2002-04-10,13.6730,13.7576,13.6382,13.6929,420017
2002-04-11,13.6332,13.6829,13.3147,13.3545,1543059
2002-04-12,13.4740,13.5735,13.4043,13.5237,1347330
2002-04-15,13.6332,13.6332,13.2749,13.3496,581155
2002-04-16,13.4342,13.6481,13.4342,13.6232,447345
2002-04-17,13.6581,13.7277,13.5486,13.6581,461871
2002-04-18,13.6730,13.7327,13.4093,13.6581,886812
2002-04-19,13.6829,13.6829,13.5934,13.6332,3157392
2002-04-22,13.5635,13.6033,13.4093,13.4491,1584297
2002-04-23,13.3844,13.4839,13.3446,13.3844,1449503
2002-04-24,13.4342,13.4839,13.2749,13.2998,4603325
2002-04-25,13.2202,13.2600,13.0660,13.1754,5007708
2002-04-26,13.1953,13.2849,13.0660,13.1257,1544536
2002-04-29,13.1157,13.1953,12.9864,13.0112,1378474
2002-04-30,13.0461,13.2700,13.0013,13.1655,1882938
2002-05-01,13.2351,13.2849,13.0162,13.2550,4520724
2002-05-02,13.3098,13.3844,13.2351,13.3844,995633
2002-05-03,13.3297,13.3794,13.2501,13.3197,1014344
2002-05-06,13.2849,13.3844,12.5535,13.0112,784270
2002-05-07,13.0908,13.1257,12.9416,12.9515,1236663
2002-05-08,13.2351,13.3645,13.2103,13.3346,3540110
2002-05-09,13.2849,13.3098,13.0510,13.1754,251247
2002-05-10,13.2600,13.2600,13.0063,13.0063,1595253
2002-05-13,13.0461,13.2501,12.9864,13.2401,449807
2002-05-14,13.4043,13.4441,13.3098,13.4441,636550
2002-05-15,13.4043,13.5436,13.3794,13.3794,1316678
2002-05-16,13.3844,13.5436,13.3844,13.5387,777130
2002-05-17,13.6282,13.6332,13.5188,13.5984,251493
2002-05-20,13.5735,13.5735,13.3347,13.3645,563675
2002-05-21,13.4143,13.4939,13.2401,13.2401,1061368
2002-05-22,13.2351,13.2700,13.1456,13.2650,1506129
2002-05-23,13.2849,13.4242,13.2600,13.4093,463718
2002-05-24,13.3744,13.4590,13.2650,13.3197,676188
2002-05-28,13.3595,13.3595,13.1107,13.1804,563552
2002-05-29,13.1207,13.2252,13.1207,13.1754,662278
2002-05-30,13.0361,13.2003,12.9963,13.1207,6239077
2002-05-31,13.0859,13.2799,13.0859,13.1257,4061685
2002-06-03,13.1456,13.2302,12.8271,12.8669,2347517
2002-06-04,12.7625,12.8719,12.7028,12.7824,949347
2002-06-05,12.8172,12.9366,12.8072,12.9067,754726
2002-06-06,12.8620,12.8719,12.6231,12.6281,2155604
2002-06-07,12.4987,12.7426,12.4987,12.6679,974706
2002-06-10,12.6132,12.8371,12.6132,12.7376,392320
2002-06-11,12.8122,12.8669,12.5137,12.5137,2651943
2002-06-12,12.4888,12.6231,12.3694,12.5833,957349
2002-06-13,12.5385,12.5535,12.2798,12.2898,2007761
2002-06-14,12.2052,12.4739,12.0261,12.4042,4250643
2002-06-17,12.5883,12.9665,12.4639,12.9615,2331637
2002-06-18,12.9267,13.0361,12.8570,12.9864,1546259
2002-06-19,12.9615,12.9814,12.8222,12.8620,691822
2002-06-20,12.8371,12.8371,12.5734,12.6032,4830567
2002-06-21,12.4943,12.6642,12.4443,12.4643,2956739
2002-06-24,12.4443,12.6042,12.2144,12.4993,3754304
2002-06-25,12.5443,12.7042,12.3793,12.3793,1340313
2002-06-26,11.9945,12.2094,11.9545,12.1444,5428956
2002-06-27,12.2444,12.4543,12.1394,12.4043,8380771
2002-06-28,12.4943,12.6442,12.4493,12.5643,2207060
2002-07-01,12.4843,12.6092,12.3044,12.3044,1532964
2002-07-02,12.2944,12.3643,12.1045,12.1344,5970350
2002-07-03,12.0195,12.1644,11.8346,11.9995,3744579
2002-07-05,12.1344,12.4643,12.1344,12.4593,476397
2002-07-08,12.3943,12.5543,12.2994,12.3943,3118739
2002-07-09,12.4443,12.4793,12.0545,12.0695,1062476
2002-07-10,12.1145,12.1644,11.6447,11.6847,3818316
2002-07-11,11.4947,11.8546,11.1199,11.8446,2439719
2002-07-12,11.8946,11.8946,11.6047,11.6697,1983141
2002-07-15,11.4797,11.6697,11.1999,11.6697,4184046
2002-07-16,11.5997,11.6997,11.3798,11.4348,10964886
2002-07-17,11.6647,11.7246,11.2499,11.3648,4069194
2002-07-18,11.3948,11.4198,10.9400,10.9700,4442925
2002-07-19,10.7201,10.9350,10.6901,10.7351,5113943
2002-07-22,10.5702,10.7701,10.2653,10.3703,3343027
2002-07-23,10.3453,10.3803,9.7056,9.7805,4142561
2002-07-24,9.3207,10.3802,9.2957,10.3703,9538896
2002-07-25,10.2703,10.5852,9.8455,10.2953,6495987
2002-07-26,10.3553,10.6101,10.2953,10.6101,4010475
2002-07-29,10.9950,11.3198,10.9300,11.3198,2448213
2002-07-30,11.2199,11.4448,11.0400,11.3448,4815672
2002-07-31,11.2948,11.5197,11.2299,11.5197,3552912
2002-08-01,11.4398,11.4598,11.2099,11.2349,1904726
2002-08-02,11.1199,11.2149,10.8051,10.9500,5632317
2002-08-05,10.8950,10.8950,10.5002,10.5202,3525338
2002-08-06,10.8200,11.0799,10.7551,10.8650,3835181
2002-08-07,11.1199,11.1199,10.7801,11.0050,1521024
2002-08-08,11.1949,11.6197,11.1899,11.5797,2540907
2002-08-09,11.4198,11.7746,11.3948,11.6797,1540597
2002-08-12,11.4947,11.6297,11.4248,11.5497,2078913
2002-08-13,11.5397,11.7146,11.2748,11.2748,3275322
2002-08-14,11.2698,11.7696,11.1499,11.7246,6039532
2002-08-15,11.8696,11.8946,11.7146,11.8696,5012755
2002-08-16,11.7446,11.8796,11.2998,11.7846,3326408
2002-08-19,11.7946,12.1195,11.7446,12.0845,3075777
2002-08-20,12.0445,12.0445,11.8196,11.9196,1092882
2002-08-21,12.0445,12.0445,11.7546,11.9445,1852163
2002-08-22,11.9945,12.1744,11.8696,12.0845,1302152
2002-08-23,11.9695,12.0095,11.7946,11.8296,907616
2002-08-26,11.8846,12.0645,11.7796,12.0045,1281594
2002-08-27,12.1095,12.1195,11.8296,11.8946,2430979
2002-08-28,11.7946,11.8596,11.5897,11.6996,3550573
2002-08-29,11.4698,11.8246,11.4698,11.7096,2221463
2002-08-30,11.6447,11.9595,11.6447,11.7346,2042352
2002-09-03,11.4947,11.5447,11.1499,11.1599,1085250
2002-09-04,11.1449,11.4148,11.1299,11.3698,2305294
2002-09-05,11.1649,11.3448,11.0250,11.1999,1393738
2002-09-06,11.3698,11.4697,11.3348,11.3698,1290211
2002-09-09,11.3248,11.6547,11.2049,11.5497,1389060
2002-09-10,11.5497,11.5797,11.3698,11.4797,896537
2002-09-11,11.6846,11.6846,11.3848,11.4148,423833
2002-09-12,11.3198,11.3648,11.0799,11.0949,598020
2002-09-13,11.0449,11.2299,11.0350,11.1799,5468841
2002-09-16,11.1199,11.2049,10.9950,11.1549,1678961
2002-09-17,11.3798,11.3798,10.9050,10.9150,1236540
2002-09-18,10.6551,10.9650,10.6551,10.8250,2772828
2002-09-19,10.6451,10.7201,10.4252,10.4502,1932916
2002-09-20,10.5015,10.5618,10.3256,10.4010,3090179
2002-09-23,10.3759,10.4864,10.1497,10.4060,2354411
2002-09-24,10.2502,10.5266,10.1296,10.2050,3190506
2002-09-25,10.3005,10.4864,10.1095,10.4060,3056696
2002-09-26,10.4814,10.7527,10.4512,10.7075,3039462
2002-09-27,10.6773,10.7577,10.3759,10.3759,739092
2002-09-30,10.2754,10.5115,10.0442,10.3859,2894327
2002-10-01,10.4763,10.8482,10.3357,10.8281,4009490
2002-10-02,10.6572,10.8331,10.3256,10.3960,3379587
2002-10-03,10.4060,10.4462,9.9789,9.9789,4893841
2002-10-04,10.0493,10.0844,9.6071,9.7026,6431606
2002-10-07,9.6121,9.7629,9.3458,9.3961,7620998
2002-10-08,9.5468,9.9186,9.4463,9.7578,9535818
2002-10-09,9.5719,9.6272,9.3157,9.3458,5563874
2002-10-10,9.3257,9.9035,9.3056,9.8382,3856231
2002-10-11,10.1497,10.5417,10.0995,10.3558,4509892
2002-10-14,10.2603,10.5165,10.2603,10.4311,2360689
2002-10-15,11.1798,11.2049,10.9386,11.1798,8202645
2002-10-16,11.0039,11.1245,10.9235,10.9788,1558200
2002-10-17,11.3808,11.3908,11.2250,11.3054,3501087
2002-10-18,11.1547,11.4662,11.1044,11.2954,2123475
2002-10-21,11.2552,11.5164,11.1296,11.4813,2262209
2002-10-22,11.2954,11.4360,11.2652,11.3758,2486743
2002-10-23,11.3155,11.4059,11.0190,11.3808,3397806
2002-10-24,11.4059,11.5215,11.1346,11.1748,2507424
2002-10-25,11.1044,11.4762,11.0592,11.4561,1323079
2002-10-28,11.6571,11.6571,11.3356,11.4260,4720885
2002-10-29,11.3557,11.4059,11.0893,11.3004,4215190
2002-10-30,11.3557,11.4813,11.2803,11.4260,2879678
2002-10-31,11.4813,11.4813,11.2401,11.3356,1211427
2002-11-01,11.2652,11.5265,11.1647,11.4964,1628982
2002-11-04,11.6923,11.8631,11.5566,11.5918,2811112
2002-11-05,11.5215,11.6772,11.5064,11.6320,2161144
2002-11-06,11.6672,11.7576,11.4059,11.6571,3861647
2002-11-07,11.4662,11.5164,11.2200,11.2351,6600745
2002-11-08,11.2451,11.4160,11.1396,11.1748,1975016
2002-11-11,11.1145,11.1898,10.9788,11.0542,2325359
2002-11-12,11.0894,11.3054,11.0894,11.1697,3575686
2002-11-13,11.0642,11.4863,10.9436,11.1145,2941844
2002-11-14,11.2903,11.4511,11.2903,11.4511,1733371
2002-11-15,11.3657,11.5617,11.2702,11.5566,3260673
2002-11-18,11.6471,11.6471,11.2954,11.3557,2133692
2002-11-19,11.3155,11.4662,11.2401,11.3607,1736941
2002-11-20,11.3557,11.6672,11.3557,11.6471,1210565
2002-11-21,11.7978,11.9486,11.7627,11.9234,2323389
2002-11-22,11.8883,11.9586,11.8229,11.8430,2845949
2002-11-25,11.8581,11.9385,11.6973,11.8230,3030968
2002-11-26,11.6320,11.7325,11.4461,11.5014,3413440
2002-11-27,11.6169,11.8732,11.5818,11.8581,931128
2002-11-29,11.8179,11.8682,11.7576,11.7576,531423
2002-12-02,11.9084,11.9938,11.6421,11.7576,2689120
2002-12-03,11.7074,11.7325,11.5667,11.5868,1062845
2002-12-04,11.4813,11.6722,11.4662,11.5868,692930
2002-12-05,11.6069,11.6069,11.3607,11.3858,987754
2002-12-06,11.2099,11.5516,11.1245,11.4762,1546259
2002-12-09,11.3557,11.4361,11.2300,11.2552,990093
2002-12-10,11.3305,11.4310,11.2200,11.4260,556904
2002-12-11,11.4310,11.5265,11.3808,11.4360,565029
2002-12-12,11.4813,11.5265,11.3607,11.3858,1037733
2002-12-13,11.2552,11.3959,11.2150,11.2552,948486
2002-12-16,11.3054,11.5968,11.3054,11.5767,1764392
2002-12-17,11.5164,11.6471,11.5064,11.5215,1374288
2002-12-18,11.3808,11.4461,11.2753,11.3054,1388076
2002-12-19,11.2803,11.4712,11.1547,11.2049,1296489
2002-12-20,11.4086,11.4996,11.3480,11.4491,1749620
2002-12-23,11.4137,11.5249,11.3581,11.4238,765559
2002-12-24,11.4238,11.4238,11.3025,11.3227,879796
2002-12-26,11.4238,11.5148,11.2671,11.2873,735030
2002-12-27,11.2721,11.3025,11.0497,11.0801,520836
2002-12-30,11.0952,11.2368,11.0447,11.1609,2008007
2002-12-31,11.1963,11.1963,10.9992,11.1205,460025
2003-01-02,11.1458,11.5299,11.1458,11.5249,882750
2003-01-03,11.4743,11.5754,11.4642,11.5148,683451
2003-01-06,11.5754,11.9293,11.5603,11.9040,1277163
2003-01-07,11.8787,11.9192,11.7372,11.7726,740200
2003-01-08,11.6513,11.7928,11.6260,11.6513,489569
2003-01-09,11.6260,11.9090,11.6260,11.8838,829202
2003-01-10,11.7271,11.9697,11.7271,11.8787,728137
2003-01-13,11.9798,12.1315,11.8383,11.9141,2054170
2003-01-14,11.8534,12.0051,11.8231,12.0051,1443348
2003-01-15,12.0304,12.0304,11.7877,11.8282,4898518
2003-01-16,11.8282,11.8989,11.6866,11.7119,803597
2003-01-17,11.6411,11.7675,11.6058,11.6765,530930
2003-01-21,11.6765,11.7574,11.4844,11.4844,2112519
2003-01-22,11.3985,11.4743,11.2974,11.3025,2385555
2003-01-23,11.3732,11.4844,11.2772,11.4743,1340313
2003-01-24,11.3530,11.3530,10.9941,11.0346,3860293
2003-01-27,10.8930,11.0902,10.8172,10.8678,2973234
2003-01-28,10.9183,11.0346,10.9082,11.0245,4353185
2003-01-29,10.8425,11.0902,10.7919,11.0447,851729
2003-01-30,11.0700,11.0700,10.7667,10.7667,1813140
2003-01-31,10.8172,10.9941,10.7262,10.9790,1938333
2003-02-03,10.9436,11.0851,10.9436,11.0042,658339
2003-02-04,10.7313,10.7667,10.6352,10.7414,2820713
2003-02-05,10.8324,10.9183,10.6403,10.6403,2097009
2003-02-06,10.6150,10.6403,10.4836,10.5139,1260175
2003-02-07,10.5341,10.6454,10.3876,10.4432,1148154
2003-02-10,10.4684,10.5240,10.3421,10.5139,931375
2003-02-11,10.5139,10.6251,10.3269,10.3673,3490747
2003-02-12,10.4280,10.4684,10.2359,10.2359,1496773
2003-02-13,10.2359,10.3623,10.1601,10.3117,1472645
2003-02-14,10.3016,10.5544,10.2612,10.5443,2091100
2003-02-18,10.6858,10.7818,10.6504,10.7111,940607
2003-02-19,10.7111,10.7111,10.5898,10.6858,1223737
2003-02-20,10.7363,10.7363,10.5544,10.5847,692191
2003-02-21,10.5392,10.7717,10.4684,10.7414,1303260
2003-02-24,10.6656,10.6656,10.4533,10.4583,992309
2003-02-25,10.3218,10.5695,10.2764,10.5594,970767
2003-02-26,10.5392,10.5392,10.3876,10.4381,534254
2003-02-27,10.4381,10.6454,10.4381,10.5897,1912728
2003-02-28,10.6403,10.7414,10.5645,10.6403,3912487
2003-03-03,10.7667,10.7667,10.4988,10.5240,990340
2003-03-04,10.5139,10.5594,10.3724,10.3724,252109
2003-03-05,10.3370,10.5240,10.3370,10.5190,566260
2003-03-06,10.4785,10.5139,10.3673,10.3724,918080
2003-03-07,10.2713,10.4887,10.2208,10.4634,689606
2003-03-10,10.3977,10.3977,10.0641,10.0843,2397373
2003-03-11,10.0691,10.1803,9.8972,9.9175,3654347
2003-03-12,9.9023,9.9377,9.6799,9.9326,5844542
2003-03-13,10.2106,10.3572,10.0489,10.3572,3621356
2003-03-14,10.4128,10.5089,10.3016,10.4027,1992866
2003-03-17,10.2865,10.7717,10.2865,10.7212,2146864
2003-03-18,10.8374,10.8374,10.6757,10.7818,1622458
2003-03-19,10.7667,10.9436,10.7616,10.9385,2116705
2003-03-20,10.8728,11.0245,10.6858,10.9537,1225337
2003-03-21,11.1197,11.2619,10.9522,11.2314,1205026
2003-03-24,10.9166,10.9928,10.8151,10.8405,940853
2003-03-25,10.8811,10.9979,10.7948,10.9217,1822619
2003-03-26,10.8659,10.9369,10.7948,10.8709,1738541
2003-03-27,10.7389,10.8963,10.6983,10.8049,287562
2003-03-28,10.7135,10.8303,10.7135,10.7948,902569
2003-03-31,10.5612,10.7135,10.5409,10.5409,820215
2003-04-01,10.6120,10.8405,10.5663,10.8202,624609
2003-04-02,11.0436,11.1908,11.0131,11.1045,1872351
2003-04-03,11.2213,11.2213,11.0131,11.0537,1878875
2003-04-04,11.1299,11.1959,11.0842,11.1654,1319878
2003-04-07,11.5259,11.5361,11.1553,11.2061,7264747
2003-04-08,11.2467,11.2619,11.1299,11.2061,676558
2003-04-09,11.2213,11.3533,11.0182,11.0486,1120456
2003-04-10,11.0943,11.1400,11.0233,11.1400,781193
2003-04-11,11.2568,11.3330,11.0943,11.1350,1569279
2003-04-14,11.1502,11.4193,11.1502,11.3584,1383521
2003-04-15,11.4244,11.5818,11.3431,11.5513,944546
2003-04-16,11.7138,11.7138,11.3736,11.3939,2807296
2003-04-17,11.4650,11.5970,11.3787,11.5970,1000803
2003-04-21,11.5767,11.6326,11.5107,11.5564,604298
2003-04-22,11.5107,11.9169,11.4650,11.9118,2187364
2003-04-23,11.9626,12.0337,11.8407,11.9981,5352019
2003-04-24,11.9829,11.9829,11.6833,11.7493,2339762
2003-04-25,11.7798,11.7798,11.5919,11.6224,1955320
2003-04-28,11.6478,11.8814,11.6427,11.8255,543487
2003-04-29,11.9067,11.9474,11.7189,11.8407,3207001
2003-04-30,11.7697,11.9220,11.7544,11.8661,1805262
2003-05-01,11.8610,11.9067,11.6579,11.8610,1844284
2003-05-02,11.7798,12.1708,11.7798,12.0489,13992654
2003-05-05,12.1505,12.1505,11.9626,11.9981,1478923
2003-05-06,12.0337,12.1758,11.9880,12.0895,2682103
2003-05-07,12.0591,12.1352,11.9575,12.0134,1212043
2003-05-08,11.7798,12.0083,11.7798,11.8763,9815379
2003-05-09,11.9271,11.9728,11.7900,11.9524,2299139
2003-05-12,11.8915,12.1352,11.8712,12.0895,729983
2003-05-13,12.0794,12.1555,12.0235,12.0540,2092331
2003-05-14,12.1555,12.1555,11.9931,12.0489,1343513
2003-05-15,12.1200,12.1759,12.0438,12.1708,2835609
2003-05-16,12.1251,12.2571,12.0692,12.2012,3372448
2003-05-19,12.1860,12.1860,11.8610,11.8712,3054480
2003-05-20,11.9575,11.9575,11.7595,11.8814,4160534
2003-05-21,11.8103,11.9524,11.7849,11.9067,3389066
2003-05-22,11.9321,12.0083,11.8763,11.9423,5012878
2003-05-23,11.9829,12.0032,11.8915,11.9880,1982895
2003-05-27,11.8560,12.2368,11.8560,12.2063,3223620
2003-05-28,12.3129,12.4297,12.2622,12.3536,13509117
2003-05-29,12.3688,12.4145,12.2012,12.2215,1374042
2003-05-30,12.2977,12.4907,12.2622,12.4703,2552848
2003-06-02,12.5922,12.7699,12.5414,12.5821,7480418
2003-06-03,12.5414,12.6785,12.5313,12.6531,2105749
2003-06-04,12.6582,12.8715,12.6227,12.8359,2220355
2003-06-05,12.7445,12.9629,12.7445,12.9172,3676012
2003-06-06,13.0695,13.1812,12.8715,12.9070,5206884
2003-06-09,12.6938,12.7953,12.5922,12.6379,4170259
2003-06-10,12.6684,12.7547,12.6176,12.7445,4221838
2003-06-11,12.7496,12.9629,12.7344,12.9375,2837455
2003-06-12,13.0492,13.0593,12.8004,12.9121,3424642
2003-06-13,12.9324,12.9883,12.8004,12.8664,1011390
2003-06-16,12.9222,13.2015,12.9222,13.1812,1191485
2003-06-17,13.3284,13.3284,13.1253,13.1761,2484897
2003-06-18,13.1457,13.1457,12.9730,13.0492,4554823
2003-06-19,13.0086,13.0593,12.7344,12.7395,4695157
2003-06-20,12.8037,12.8853,12.7425,12.7782,4349492
2003-06-23,12.7527,12.7527,12.5232,12.5793,2499053
2003-06-24,12.5487,12.6864,12.5130,12.6507,2102179
2003-06-25,12.6048,12.7833,12.5640,12.5691,3576794
2003-06-26,12.5844,12.6966,12.4977,12.6762,2812343
2003-06-27,12.7272,12.7272,12.5334,12.5691,605406
2003-06-30,12.5742,12.6405,12.4977,12.5232,1038472
2003-07-01,12.4211,12.6915,12.3905,12.6711,2531059
2003-07-02,12.7527,12.8292,12.7017,12.8292,853575
2003-07-03,12.8139,12.8598,12.7272,12.7680,678158
2003-07-07,12.9312,13.0588,12.8241,12.9874,735030
2003-07-08,12.9568,13.1302,12.9414,13.0741,1429807
2003-07-09,13.0078,13.1608,12.9823,13.0537,851237
2003-07-10,13.0537,13.0537,12.7935,12.8649,629903
2003-07-11,12.9313,13.0486,12.8955,13.0435,2405866
2003-07-14,13.2883,13.4057,12.7782,13.2883,2325482
2003-07-15,13.3138,13.3699,13.1761,13.2169,3559437
2003-07-16,13.2730,13.3138,13.0639,13.1506,1719338
2003-07-17,13.0078,13.1098,12.8904,12.9313,3673427
2003-07-18,12.9772,13.1200,12.9466,13.0894,1803046
2003-07-21,13.0792,13.0894,12.9058,12.9364,462241
2003-07-22,13.0843,13.0996,12.8751,13.0639,2533521
2003-07-23,13.0945,13.1098,12.9364,13.0231,875241
2003-07-24,13.0741,13.1812,12.9670,12.9670,988862
2003-07-25,13.0333,13.2730,12.9823,13.2730,899738
2003-07-28,13.3393,13.3393,13.1608,13.2220,2601965
2003-07-29,13.1965,13.2220,13.0333,13.0792,5167738
2003-07-30,13.1608,13.1608,13.0384,13.0843,3980808
2003-07-31,13.2373,13.2781,13.0588,13.0690,1882691
2003-08-01,13.0996,13.0996,12.8037,12.8139,7986482
2003-08-04,12.7782,12.8649,12.5589,12.8292,8349134
2003-08-05,12.9313,12.9313,12.6201,12.6201,3523122
2003-08-06,12.6915,12.9006,12.6303,12.7935,5904368
2003-08-07,12.7833,12.8751,12.6711,12.8547,1837144
2003-08-08,12.9313,12.9568,12.8700,12.9160,2422239
2003-08-11,12.9568,12.9925,12.8190,12.8905,967689
2003-08-12,12.9823,13.0537,12.9364,13.0435,2063156
2003-08-13,13.1200,13.1200,12.9058,12.9466,2877832
2003-08-14,12.9415,13.0996,12.8955,13.0690,2603442
2003-08-15,13.0588,13.0792,12.9976,13.0588,350466
2003-08-18,13.0333,13.1200,13.0231,13.0741,886197
2003-08-19,13.0894,13.1200,12.9721,13.0588,3427104
2003-08-20,12.9823,13.0945,12.9823,13.0282,2123967
2003-08-21,13.1353,13.1710,12.9721,13.0282,2815666
2003-08-22,13.0588,13.1047,12.7782,12.7782,8035229
2003-08-25,12.7527,12.8343,12.7017,12.8241,5579138
2003-08-26,12.7833,12.9007,12.6813,12.8496,4568980
2003-08-27,12.8292,12.8292,12.7629,12.7986,1329972
2003-08-28,12.7782,12.8802,12.7068,12.8547,2550755
2003-08-29,12.8292,12.9415,12.7986,12.9160,1859056
2003-09-02,12.9517,13.1557,12.9160,13.1455,4215806
2003-09-03,13.1812,13.2118,13.0843,13.1710,5717749
2003-09-04,13.1863,13.1863,13.0690,13.1149,4942711
2003-09-05,13.0588,13.1863,13.0231,13.0537,5862884
2003-09-08,13.1251,13.2220,13.0078,13.1812,4395409
2003-09-09,13.1455,13.1455,13.0486,13.1149,3319268
2003-09-10,13.0282,13.1200,12.8803,12.9007,4416705
2003-09-11,12.9057,13.0435,12.9057,12.9568,3574332
2003-09-12,12.9313,13.0180,12.8802,12.9772,7542091
2003-09-15,12.9823,13.0027,12.8904,12.9772,2608981
2003-09-16,12.9517,13.1608,12.9517,13.1302,6236862
2003-09-17,13.1608,13.2016,13.1098,13.1506,3344750
2003-09-18,13.1863,13.4873,13.1659,13.4669,13455692
2003-09-19,13.4100,13.4612,13.3484,13.4458,4959945
2003-09-22,13.2817,13.3074,13.1894,13.2510,4510384
2003-09-23,13.2766,13.3689,13.2305,13.3433,5882703
2003-09-24,13.4099,13.4099,13.1023,13.1125,5223872
2003-09-25,13.1535,13.2048,12.8612,13.0510,3598336
2003-09-26,13.0151,13.0869,12.9741,12.9792,1632675
2003-09-29,13.0612,13.1330,12.9946,13.1176,763097
2003-09-30,13.1176,13.1279,12.9330,13.0305,2792031
2003-10-01,13.0766,13.3792,13.0766,13.3587,2844102
2003-10-02,13.3330,13.4253,13.3176,13.3843,2233773
2003-10-03,13.5381,13.6458,13.4356,13.4869,1855979
2003-10-06,13.5023,13.5894,13.4561,13.5484,1690902
2003-10-07,13.4612,13.6356,13.4304,13.6304,836834
2003-10-08,13.6356,13.6766,13.5638,13.6099,1104576
2003-10-09,13.7638,13.7792,13.6253,13.6458,2746853
2003-10-10,13.6407,13.7022,13.6304,13.6458,2756209
2003-10-13,13.7689,13.8715,13.7279,13.8612,1916790
2003-10-14,13.8715,13.9535,13.8099,13.9433,3365677
2003-10-15,14.0612,14.0663,13.8305,13.9074,2196966
2003-10-16,13.9074,13.9792,13.8510,13.9228,7777089
2003-10-17,13.9022,13.9228,13.7228,13.7997,3809330
2003-10-20,13.7997,13.8458,13.7074,13.8048,1654218
2003-10-21,13.8715,13.8715,13.7381,13.7997,3411347
2003-10-22,13.6151,13.7074,13.5381,13.6048,10436664
2003-10-23,13.5125,13.7740,13.5125,13.6971,2904791
2003-10-24,13.6151,13.6920,13.5433,13.6817,1061614
2003-10-27,13.6920,13.8663,13.6202,13.6817,5143364
2003-10-28,13.8202,13.8561,13.6766,13.8561,2153511
2003-10-29,13.7689,13.9176,13.7689,13.8766,2228479
2003-10-30,13.9228,14.0253,13.8458,13.8971,2496468
2003-10-31,13.9740,13.9792,13.9125,13.9330,1426729
2003-11-03,13.9740,14.1228,13.9484,14.0817,2652313
2003-11-04,14.0458,14.0766,13.9894,14.0099,1506744
2003-11-05,13.9946,14.0151,13.8561,13.9792,2736759
2003-11-06,13.9997,14.0458,13.8715,14.0458,2703645
2003-11-07,14.0510,14.0920,13.8971,13.8971,3147298
2003-11-10,13.9381,13.9381,13.8458,13.9125,3741255
2003-11-11,13.8202,13.9176,13.8202,13.8663,1074048
2003-11-12,13.9228,13.9792,13.8817,13.9740,1362963
2003-11-13,13.9740,13.9740,13.8817,13.9279,1314462
2003-11-14,13.9484,13.9535,13.7176,13.7484,2110919
2003-11-17,13.6099,13.7279,13.5997,13.7125,5482751
2003-11-18,13.7587,13.7740,13.5535,13.5535,3695093
2003-11-19,13.5894,13.6612,13.4920,13.6561,932113
2003-11-20,13.5997,13.7022,13.5176,13.5381,2341731
2003-11-21,13.5894,13.6356,13.5484,13.6151,1743219
2003-11-24,13.7433,13.7689,13.6920,13.7433,1652494
2003-11-25,13.7433,13.8458,13.7176,13.8202,3932676
2003-11-26,13.9228,13.9228,13.7792,13.9022,1163664
2003-11-28,13.9279,13.9484,13.8663,13.8817,1084757
2003-12-01,13.9587,14.0510,13.9381,14.0407,1460828
2003-12-02,13.9997,14.0766,13.9689,13.9997,4227870
2003-12-03,14.0971,14.0971,13.9689,13.9740,1876413
2003-12-04,13.9945,14.0458,13.9535,14.0099,857268
2003-12-05,13.9894,13.9894,13.8766,13.8971,1217951
2003-12-08,13.8561,14.0458,13.8561,14.0253,1122549
2003-12-09,14.0151,14.0458,13.8766,13.9022,4360448
2003-12-10,13.9740,13.9740,13.7792,13.8253,1097313
2003-12-11,13.8971,14.0253,13.8510,13.9843,3170317
2003-12-12,13.9997,14.0663,13.9689,14.0253,4799300
2003-12-15,14.3074,14.3074,13.9535,13.9894,3039585
2003-12-16,13.9484,14.1125,13.9484,14.1125,3179673
2003-12-17,14.1022,14.1022,13.9843,14.0612,1643385
2003-12-18,14.0766,14.1997,14.0304,14.1843,3725498
2003-12-19,14.2121,14.2534,14.1657,14.2276,1824465
2003-12-22,14.1348,14.3153,14.1348,14.3050,1723031
2003-12-23,14.3153,14.3721,14.2895,14.3256,1845146
2003-12-24,14.3669,14.3669,14.2895,14.3256,977660
2003-12-26,14.3514,14.3566,14.3205,14.3205,115099
2003-12-29,14.3153,14.5165,14.3153,14.5165,2195119
2003-12-30,14.5475,14.5475,14.4598,14.5475,4976194
2003-12-31,14.5475,14.5990,14.4856,14.5114,2224417
2004-01-02,14.5371,14.6661,14.4340,14.4907,2712016
2004-01-05,14.5475,14.6300,14.5062,14.6094,2381123
2004-01-06,14.5887,14.6300,14.4443,14.6042,1532595
2004-01-07,14.6248,14.6300,14.5320,14.6145,3991764
2004-01-08,14.6661,14.7280,14.5887,14.6661,1365918
2004-01-09,14.5371,14.7486,14.4701,14.6145,7660144
2004-01-12,14.6764,14.6764,14.6042,14.6764,1009420
2004-01-13,14.5990,14.7022,14.4959,14.6042,2653051
2004-01-14,14.7280,14.7383,14.6145,14.7177,2687150
2004-01-15,14.9601,14.9601,14.7538,14.8415,10516187
2004-01-16,15.0117,15.0117,14.8570,14.8879,1943380
2004-01-20,15.1098,15.1149,14.8312,14.8673,4649118
2004-01-21,14.8982,15.1149,14.8415,15.0891,4060207
2004-01-22,15.1149,15.1975,15.0891,15.0891,2896051
2004-01-23,15.1923,15.1923,14.9756,15.0169,5280128
2004-01-26,15.0272,15.2387,14.9859,15.2232,2827607
2004-01-27,15.1562,15.2336,15.0891,15.1201,1514746
2004-01-28,15.1149,15.2232,14.8054,14.8518,4766555
2004-01-29,14.8828,14.9859,14.7899,14.9756,9104968
2004-01-30,14.9550,15.0582,14.8931,14.9859,6237969
2004-02-02,14.9963,15.1871,14.9911,15.0736,1322833
2004-02-03,15.0375,15.1098,15.0169,15.0891,2215431
2004-02-04,14.9808,15.0685,14.9550,14.9653,2571682
2004-02-05,15.0375,15.0375,14.9086,14.9602,5514265
2004-02-06,14.9911,15.2181,14.9808,15.2129,4890024
2004-02-09,15.1665,15.2284,15.1510,15.1510,1441870
2004-02-10,15.1304,15.2232,15.1201,15.1974,5063103
2004-02-11,15.2181,15.4605,15.1407,15.4296,8243638
2004-02-12,15.4760,15.4760,15.3574,15.4038,2115966
2004-02-13,15.4760,15.4915,15.3471,15.3728,4069317
2004-02-17,15.4760,15.5586,15.4348,15.4863,3369863
2004-02-18,15.5173,15.5225,15.3883,15.4038,2637541
2004-02-19,15.5276,15.5276,15.3728,15.3986,2057617
2004-02-20,15.3986,15.4347,15.2800,15.3574,2356134
2004-02-23,15.4760,15.4760,15.3161,15.3574,1797999
2004-02-24,15.3471,15.3677,15.1923,15.2955,3772153
2004-02-25,15.2232,15.3728,15.2232,15.3625,3568423
2004-02-26,15.3470,15.3832,15.2697,15.3780,779469
2004-02-27,15.4244,15.4709,15.3522,15.4141,933344
2004-03-01,15.4296,15.5637,15.4296,15.5224,1465506
2004-03-02,15.5276,15.5534,15.4451,15.4451,2629047
2004-03-03,15.4451,15.5792,15.4244,15.5379,1877398
2004-03-04,15.5586,15.6050,15.5379,15.5792,1431530
2004-03-05,15.5431,15.7907,15.5431,15.7133,3446185
2004-03-08,15.7598,15.7598,15.6153,15.6308,1069616
2004-03-09,15.6463,15.6463,15.4502,15.5276,3392759
2004-03-10,15.5276,15.5276,15.2594,15.2800,7620629
2004-03-11,15.1923,15.3316,15.0169,15.0324,5814629
2004-03-12,15.0375,15.2645,15.0375,15.2542,3145451
2004-03-15,15.2181,15.2181,14.9808,15.0324,5031220
2004-03-16,15.2181,15.2232,15.0530,15.1717,4394301
2004-03-17,15.3161,15.3883,15.2336,15.3471,3327147
2004-03-18,15.3470,15.3935,15.2232,15.3522,3013734
2004-03-19,15.3387,15.4217,15.1574,15.1833,5646597
2004-03-22,14.9760,15.0641,14.8983,14.9864,5933543
2004-03-23,15.1315,15.1315,14.9760,14.9812,7117027
2004-03-24,14.9242,14.9967,14.8154,14.8672,7128475
2004-03-25,15.0278,15.0693,14.8931,15.0226,5957178
2004-03-26,15.0019,15.1004,14.9605,15.0123,1677730
2004-03-29,15.1315,15.2506,15.0900,15.2040,3786433
2004-03-30,15.2351,15.3076,15.1988,15.3076,2434056
2004-03-31,15.3128,15.3128,15.1885,15.2351,2710293
2004-04-01,15.3646,15.4372,15.2714,15.3957,3297480
2004-04-02,15.6756,15.6756,15.2610,15.3387,13601073
2004-04-05,15.3025,15.4061,15.2869,15.3802,3416517
2004-04-06,15.3595,15.4113,15.3336,15.3698,1717122
2004-04-07,15.4165,15.4165,15.2817,15.3284,2321543
2004-04-08,15.5201,15.5201,15.2558,15.3025,2650466
2004-04-12,15.3595,15.4424,15.3025,15.3957,3341303
2004-04-13,15.4165,15.4372,15.0278,15.0693,6383720
2004-04-14,14.8205,15.0693,14.7739,14.8879,13816252
2004-04-15,14.8983,15.3232,14.6651,14.7998,13422209
2004-04-16,14.8257,15.0175,14.8257,14.9604,9027908
2004-04-19,15.0226,15.0226,14.8464,14.9345,4930401
2004-04-20,15.0019,15.0019,14.6495,14.6599,8380648
2004-04-21,14.6392,14.7117,14.5925,14.6547,8799804
2004-04-22,14.6133,14.9553,14.6133,14.9086,7986728
2004-04-23,14.9345,14.9345,14.7532,14.8309,4552607
2004-04-26,14.8465,14.9086,14.7532,14.7998,1432022
2004-04-27,14.8205,14.9812,14.8205,14.8361,2971142
2004-04-28,14.7998,14.7998,14.5873,14.6236,8115860
2004-04-29,14.5925,14.7998,14.5148,14.5770,14606554
2004-04-30,14.6651,14.6858,14.5148,14.5718,5468594
2004-05-03,14.5873,14.6754,14.5407,14.6703,5359651
2004-05-04,14.7687,14.8516,14.6184,14.7169,8101334
2004-05-05,14.7687,14.8309,14.6910,14.7013,5486321
2004-05-06,14.6392,14.6547,14.4682,14.5407,5726735
2004-05-07,14.3904,14.5563,14.2298,14.2298,11324092
2004-05-10,14.0691,14.1417,13.8981,14.1106,13951292
2004-05-11,14.1728,14.2401,14.1158,14.1831,4216298
2004-05-12,14.1365,14.3490,14.0070,14.3438,9999044
2004-05-13,14.2402,14.5355,14.1365,14.3697,10664645
2004-05-14,14.3542,14.4526,14.2764,14.3801,6485647
2004-05-17,14.1831,14.2920,14.0951,14.1935,6915512
2004-05-18,14.3542,14.3542,14.2298,14.3075,3620863
2004-05-19,14.5355,14.5666,14.2764,14.3179,8265426
2004-05-20,14.3023,14.4060,14.3023,14.3697,2846441
2004-05-21,14.5096,14.5459,14.3904,14.4578,3536786
2004-05-24,14.5096,14.5459,14.4163,14.4785,1587744
2004-05-25,14.4371,14.7065,14.3542,14.6858,3633543
2004-05-26,14.6651,14.8050,14.6495,14.7739,5393873
2004-05-27,14.8983,14.8983,14.7169,14.8102,6701441
2004-05-28,14.8205,14.8464,14.7635,14.8205,4512477
2004-06-01,14.7428,14.8050,14.6547,14.7635,3648807
2004-06-02,14.8464,14.8724,14.7273,14.8361,2101440
2004-06-03,14.7894,14.8205,14.7169,14.7169,2813574
2004-06-04,14.9501,14.9501,14.8050,14.8413,4605910
2004-06-07,14.9760,15.0745,14.9294,15.0537,6020575
2004-06-08,15.0434,15.0537,14.9656,15.0330,2272795
2004-06-09,14.9812,15.0434,14.8775,14.8775,4848909
2004-06-10,14.9501,14.9553,14.8983,14.9501,1010405
2004-06-14,14.8309,14.9501,14.7324,14.7428,1945719
2004-06-15,14.8724,14.9242,14.7687,14.7998,4864297
2004-06-16,14.8464,14.8620,14.7791,14.8257,2513702
2004-06-17,14.7687,14.8516,14.7324,14.8361,3297849
2004-06-18,14.8444,14.9746,14.8080,14.8548,2829084
2004-06-21,14.9486,14.9486,14.7871,14.8080,4023154
2004-06-22,14.8080,14.8809,14.7455,14.8809,2394418
2004-06-23,14.8444,14.9382,14.7819,14.9173,4756338
2004-06-24,14.8965,15.0111,14.8965,14.9486,2836224
2004-06-25,14.9225,15.0267,14.8861,14.8965,2157820
2004-06-28,15.0476,15.0476,14.8548,14.8861,3467727
2004-06-29,14.8184,14.8861,14.7871,14.8236,3497763
2004-06-30,14.8288,14.9486,14.7819,14.8861,8074129
2004-07-01,14.8444,14.9278,14.7038,14.7819,5238767
2004-07-02,14.8184,14.8861,14.7559,14.8236,5676264
2004-07-06,14.6882,14.7819,14.6673,14.7194,1824834
2004-07-07,14.6361,14.7663,14.6361,14.6882,1870258
2004-07-08,14.6100,14.7038,14.5788,14.5788,1283194
2004-07-09,14.6882,14.6882,14.5371,14.5788,2438242
2004-07-12,14.5319,14.6934,14.5215,14.6465,3093995
2004-07-13,14.6829,14.6829,14.6048,14.6621,3818070
2004-07-14,14.5840,14.7038,14.5371,14.5944,1995205
2004-07-15,14.5892,14.6361,14.4434,14.4590,6291026
2004-07-16,14.6048,14.6361,14.4329,14.4642,4974471
2004-07-19,14.4277,14.5423,14.4277,14.4850,2046291
2004-07-20,14.4798,14.5736,14.3652,14.5579,5204791
2004-07-21,14.6882,14.6882,14.4017,14.4121,4900242
2004-07-22,14.3496,14.4746,14.2246,14.4277,4180845
2004-07-23,14.4017,14.4277,14.3131,14.3548,4901842
2004-07-26,14.4277,14.4277,14.2923,14.3600,1773009
2004-07-27,14.4277,14.5267,14.3756,14.4798,3324439
2004-07-28,14.4798,14.5579,14.3548,14.5267,1931316
2004-07-29,14.5840,14.6309,14.5267,14.5892,1825081
2004-07-30,14.5579,14.5788,14.5111,14.5684,2404882
2004-08-02,14.5684,14.6725,14.4694,14.6569,4006782
2004-08-03,14.6257,14.6465,14.5475,14.5684,4295698
2004-08-04,14.5215,14.6517,14.4642,14.6048,1936486
2004-08-05,14.5580,14.6048,14.3392,14.3652,2914393
2004-08-06,14.2767,14.3809,14.1986,14.2402,3781386
2004-08-09,14.1934,14.2871,14.1934,14.2246,3709003
2004-08-10,14.3236,14.4277,14.2715,14.4225,4293359
2004-08-11,14.3236,14.4694,14.3236,14.4642,3563991
2004-08-12,14.3496,14.4486,14.3131,14.3131,2020194
2004-08-13,14.4277,14.4277,14.2611,14.3288,3357306
2004-08-16,14.2975,14.5579,14.2975,14.5475,4307761
2004-08-17,14.6204,14.6882,14.6048,14.6309,6881782
2004-08-18,14.6100,14.8080,14.5840,14.8080,5658415
2004-08-19,14.7663,14.8080,14.6934,14.7455,2035335
2004-08-20,14.7663,14.9069,14.7507,14.8965,3160962
2004-08-23,14.9225,14.9278,14.8236,14.8444,2005668
2004-08-24,14.8705,14.9278,14.8236,14.8705,2055155
2004-08-25,14.8705,15.0215,14.8444,15.0007,5790624
2004-08-26,14.9955,15.0528,14.9538,15.0371,1099529
2004-08-27,15.0788,15.0788,14.9955,15.0528,1822865
2004-08-30,15.0528,15.7403,14.9642,14.9642,1135844
2004-08-31,14.9746,15.0684,14.9278,15.0423,2365120
2004-09-01,15.0528,15.0892,14.9278,14.9850,2914762
2004-09-02,15.0007,15.1726,14.9486,15.1517,3807483
2004-09-03,15.0580,15.2403,15.0580,15.1465,1966153
2004-09-07,15.2819,15.3653,15.2507,15.3288,2387525
2004-09-08,15.3184,15.3288,15.1934,15.2142,5874086
2004-09-09,15.2142,15.2455,15.1257,15.1986,2029673
2004-09-10,15.2351,15.2924,15.1569,15.2715,1418604
2004-09-13,15.3392,15.3392,15.2090,15.2299,3666903
2004-09-14,15.2351,15.2819,15.2142,15.2507,1549460
2004-09-15,15.2611,15.2611,15.1726,15.1934,688375
2004-09-16,15.1934,15.3028,15.1934,15.2715,2137632
2004-09-17,15.3385,15.3490,15.2757,15.3071,1670467
2004-09-20,15.1710,15.2286,15.1134,15.1500,2917962
2004-09-21,15.1500,15.2862,15.1396,15.2757,3182504
2004-09-22,15.1867,15.1867,14.9720,14.9982,3718974
2004-09-23,15.0034,15.0191,14.8411,14.8463,7266101
2004-09-24,14.8463,14.9510,14.7992,14.9039,4492288
2004-09-27,14.9039,14.9248,14.8044,14.8306,5585539
2004-09-28,14.8725,14.9144,14.7835,14.8882,4892610
2004-09-29,14.9772,14.9772,14.8149,14.9406,2366967
2004-09-30,14.9772,14.9772,14.8463,14.9039,1899556
2004-10-01,14.9301,15.1605,14.9248,15.1553,4089382
2004-10-04,15.2652,15.3228,15.1500,15.1762,3421441
2004-10-05,15.1343,15.1605,15.0610,15.0924,1900418
2004-10-06,15.0767,15.2076,15.0505,15.2024,2878324
2004-10-07,15.1867,15.2129,15.1500,15.1605,2554817
2004-10-08,15.1605,15.2129,15.0610,15.1081,1988065
2004-10-11,15.1081,15.1867,15.0819,15.1500,2353549
2004-10-12,15.0034,15.1867,14.9667,15.1396,5070612
2004-10-13,15.1972,15.2390,14.9929,15.0400,1306091
2004-10-14,15.0034,15.0400,14.6159,14.6735,9264629
2004-10-15,14.6473,14.7834,14.5373,14.6944,11955718
2004-10-18,14.6106,14.7939,14.6106,14.7573,2062541
2004-10-19,14.7416,14.7939,14.5007,14.5111,12337821
2004-10-20,14.4012,14.4483,14.2441,14.4378,11745587
2004-10-21,14.3488,14.5216,14.1393,14.4273,11411616
2004-10-22,14.4273,14.5007,14.3331,14.3488,3744210
2004-10-25,14.3750,14.3750,14.2545,14.3436,2012808
2004-10-26,14.5059,14.6997,14.3226,14.6630,4685063
2004-10-27,14.6368,14.8829,14.5792,14.8829,5124530
2004-10-28,14.7677,15.0348,14.7677,14.9615,4268985
2004-10-29,14.9248,15.0243,14.9144,14.9824,2393680
2004-11-01,15.0296,15.0767,15.0034,15.0296,2198812
2004-11-02,15.0819,15.2129,15.0296,15.0924,9541850
2004-11-03,15.5375,15.5375,15.1448,15.1814,5676018
2004-11-04,15.2129,15.4433,15.1553,15.4380,5615945
2004-11-05,15.3647,15.5794,15.3228,15.4066,6225536
2004-11-08,15.3857,15.4381,15.3595,15.3857,5472411
2004-11-09,15.3962,15.4747,15.3595,15.3700,1863242
2004-11-10,15.4223,15.4799,15.3595,15.4119,1787043
2004-11-11,15.4485,15.5742,15.4433,15.5585,2934458
2004-11-12,15.6056,15.6528,15.4799,15.6213,3727837
2004-11-15,15.6528,15.6999,15.6056,15.6685,3444215
2004-11-16,15.6789,15.6789,15.5218,15.5375,4068209
2004-11-17,15.5794,15.7104,15.5428,15.5742,5505648
2004-11-18,15.6056,15.6213,15.5218,15.5375,2839178
2004-11-19,15.6161,15.6161,15.3019,15.3385,11335540
2004-11-22,15.2652,15.4590,15.2652,15.4276,1874074
2004-11-23,15.3962,15.5061,15.3804,15.4642,1855117
2004-11-24,15.5742,15.5742,15.5061,15.5271,2208537
2004-11-26,15.5585,15.5794,15.5271,15.5375,697238
2004-11-29,15.5271,15.5742,15.3752,15.4642,6650847
2004-11-30,15.4642,15.4747,15.3752,15.4485,6280316
2004-12-01,15.5271,15.7523,15.5166,15.7523,6023160
2004-12-02,15.7104,15.8046,15.6894,15.7261,5328014
2004-12-03,15.7627,15.7680,15.6370,15.7208,5131424
2004-12-06,15.6056,15.7470,15.6056,15.7104,1969846
2004-12-07,15.7889,15.7889,15.5690,15.5794,3782863
2004-12-08,15.6056,15.6580,15.5794,15.6213,4392331
2004-12-09,15.5375,15.8779,15.5323,15.7051,1574326
2004-12-10,15.5794,15.7784,15.5794,15.7313,2434795
2004-12-13,15.7627,15.9355,15.7366,15.8360,3188044
2004-12-14,15.8360,15.9094,15.7889,15.8884,1869643
2004-12-15,15.8675,15.9774,15.8675,15.9722,2497576
2004-12-16,15.9198,15.9251,15.8099,15.8622,4048020
2004-12-17,15.8343,15.8765,15.7816,15.8132,3846013
2004-12-20,15.8132,15.9239,15.7816,15.7869,3572362
2004-12-21,15.6235,15.9924,15.6235,15.9924,2867984
2004-12-22,16.0187,16.1188,15.9555,16.0820,2557279
2004-12-23,16.1241,16.1610,16.0925,16.1136,1587251
2004-12-27,16.1505,16.1505,16.0029,16.0293,969659
2004-12-28,16.0556,16.1241,16.0293,16.1030,879426
2004-12-29,16.1030,16.1241,16.0398,16.0661,2946399
2004-12-30,16.0714,16.1452,16.0714,16.0872,1163787
2004-12-31,16.1241,16.1821,16.0714,16.0872,701424
2005-01-03,16.2031,16.2242,16.0082,16.0293,5011647
2005-01-04,16.0978,16.1241,15.8448,15.8765,7426746
2005-01-05,15.8607,15.9818,15.8448,15.8501,2943321
2005-01-06,15.8923,15.9766,15.8765,15.9291,3211925
2005-01-07,15.9924,15.9924,15.8448,15.8448,1519670
2005-01-10,15.8080,15.9344,15.7816,15.8607,3742117
2005-01-11,15.8080,15.8712,15.7605,15.7921,7431178
2005-01-12,15.8343,15.8343,15.6551,15.7711,4748336
2005-01-13,15.7869,15.7869,15.5972,15.6183,8480851
2005-01-14,15.6235,15.7026,15.6077,15.6710,6409202
2005-01-18,15.6077,15.9291,15.6077,15.9186,7196426
2005-01-19,15.9397,15.9397,15.7553,15.7605,4413504
2005-01-20,15.5972,15.7289,15.5972,15.6446,4996998
2005-01-21,15.6762,15.7026,15.5498,15.5656,5053132
2005-01-24,15.6657,15.6973,15.5708,15.5708,6601238
2005-01-25,15.6446,15.8448,15.5761,15.5814,3229529
2005-01-26,15.6235,15.6710,15.5761,15.6551,2403035
2005-01-27,15.6235,15.6762,15.5287,15.5761,1782365
2005-01-28,15.5445,15.6235,15.4813,15.5550,3086609
2005-01-31,15.5708,15.7500,15.5708,15.7395,4741320
2005-02-01,15.8080,15.9713,15.7553,15.9081,4151671
2005-02-02,15.9397,15.9397,15.8448,15.9081,10027111
2005-02-03,15.8870,15.8870,15.7921,15.8343,6478630
2005-02-04,15.8870,16.0556,15.8765,16.0240,5067412
2005-02-07,16.1136,16.1136,15.9660,16.0398,3950525
2005-02-08,16.0187,16.0504,15.9766,15.9766,4563933
2005-02-09,16.0187,16.0398,15.9239,15.9344,2699214
2005-02-10,16.0451,16.0451,15.9397,15.9818,8895206
2005-02-11,15.9397,16.1347,15.9397,16.1083,2650959
2005-02-14,16.1241,16.1505,16.0398,16.0820,6321185
2005-02-15,16.1083,16.1505,16.0661,16.1188,6984202
2005-02-16,16.0187,16.0767,15.9818,16.0082,3653854
2005-02-17,15.9397,16.0240,15.8659,15.8659,2258023
2005-02-18,15.9133,15.9133,15.6973,15.6973,10973257
2005-02-22,15.5972,15.6815,15.4549,15.4654,8719296
2005-02-23,15.4654,15.6341,15.4654,15.6077,10591524
2005-02-24,15.5972,15.6657,15.5498,15.6288,19070406
2005-02-25,15.6077,15.8080,15.6077,15.7869,13521920
2005-02-28,15.7553,15.7553,15.6025,15.6341,9929738
2005-03-01,15.7289,15.8448,15.6762,15.7869,6158693
2005-03-02,15.7869,15.8659,15.6973,15.7395,7729449
2005-03-03,15.7553,15.8343,15.6341,15.7131,6592990
2005-03-04,15.8132,15.9502,15.8027,15.9133,9135497
2005-03-07,15.9133,16.0135,15.9133,15.9133,3544418
2005-03-08,15.9660,15.9660,15.8343,15.8870,14748857
2005-03-09,15.9397,15.9397,15.6920,15.6920,8946046
2005-03-10,15.7184,15.8238,15.6868,15.7816,11290117
2005-03-11,15.7553,15.8027,15.5814,15.6446,15419629
2005-03-14,15.5972,15.7394,15.5972,15.7289,10302855
2005-03-15,15.7658,15.8080,15.6077,15.6235,11003540
2005-03-16,15.5972,15.6183,15.4444,15.4654,10547824
2005-03-17,15.4654,15.4971,15.3811,15.4233,9455680
2005-03-18,15.4948,15.4948,15.2723,15.3465,14370694
2005-03-21,15.3094,15.7756,15.1823,15.2088,11070629
2005-03-22,15.2829,15.2935,14.9280,14.9280,24746424
2005-03-23,14.8644,15.0498,14.8644,14.9598,15802470
2005-03-24,14.9386,15.0604,14.8856,14.8856,5773267
2005-03-28,14.9439,15.0710,14.9386,14.9916,3886390
2005-03-29,14.9704,15.1240,14.9227,14.9386,6737263
2005-03-30,14.9386,15.1240,14.9227,15.1240,6679406
2005-03-31,15.1505,15.1823,15.0392,15.0392,9881483
2005-04-01,15.1505,15.2352,14.7903,14.8326,14815085
2005-04-04,14.8326,15.0022,14.6790,14.9386,14883898
2005-04-05,14.9704,15.0816,14.9545,14.9810,10589554
2005-04-06,15.0710,15.1505,15.0445,15.0816,8935460
2005-04-07,15.0816,15.2140,15.0498,15.1399,13217616
2005-04-08,15.1452,15.1876,15.0022,15.0022,6165340
2005-04-11,15.0975,15.1187,14.9916,15.0339,7842209
2005-04-12,15.0445,15.2829,14.9439,15.2405,14569254
2005-04-13,15.2405,15.2458,14.9863,15.0180,3904486
2005-04-14,14.9916,15.0180,14.8379,14.8485,5226087
2005-04-15,14.8856,14.9492,14.6525,14.6896,13627662
2005-04-18,14.7532,14.8538,14.7055,14.8114,10240566
2005-04-19,14.9651,14.9651,14.8167,14.8326,8712403
2005-04-20,14.8856,14.8856,14.6260,14.6472,13415930
2005-04-21,14.7267,14.7744,14.5095,14.7320,14294003
2005-04-22,14.7797,14.8062,14.5837,14.6949,15870175
2005-04-25,14.8273,14.8962,14.7532,14.8803,3569038
2005-04-26,14.8591,14.9492,14.7797,14.7956,12282179
2005-04-27,14.6737,15.0339,14.6737,15.0022,7104717
2005-04-28,14.9916,15.0180,14.8379,14.8379,9885792
2005-04-29,14.9174,15.0816,14.7691,15.0657,13999424
2005-05-02,15.1982,15.2035,14.9916,15.1028,9578534
2005-05-03,15.1240,15.2299,15.0445,15.1187,17944656
2005-05-04,15.1240,15.4312,15.1081,15.4101,15000843
2005-05-05,15.4683,15.4683,15.2193,15.3412,13850473
2005-05-06,15.4683,15.4683,15.2246,15.2299,13104241
2005-05-09,15.2988,15.3783,15.2246,15.3624,4848170
2005-05-10,15.2140,15.2829,15.1293,15.1611,14970191
2005-05-11,15.2035,15.2829,15.0869,15.2299,11012034
2005-05-12,15.3094,15.3359,15.0763,15.0869,16620716
2005-05-13,15.0869,15.1293,14.8538,14.9545,12172005
2005-05-16,14.9916,15.2193,14.9651,15.2193,10449713
2005-05-17,15.1876,15.3359,15.1028,15.3147,10526650
2005-05-18,15.4524,15.5319,15.3889,15.4948,23050967
2005-05-19,15.5107,15.5266,15.4154,15.5107,4378421
2005-05-20,15.4683,15.5107,15.4153,15.4948,5941914
2005-05-23,15.4154,15.5584,15.4154,15.5160,5491368
2005-05-24,15.5478,15.5478,15.3889,15.4630,11176865
2005-05-25,15.4948,15.4948,15.3571,15.4101,4678416
2005-05-26,15.4630,15.5637,15.4154,15.5107,7317803
2005-05-27,15.5107,15.5637,15.5054,15.5372,4881777
2005-05-31,15.5690,15.5690,15.4736,15.5107,4031279
2005-06-01,15.5213,15.7385,15.4842,15.6325,18682764
2005-06-02,15.5743,15.6220,15.5425,15.5902,4226639
2005-06-03,15.6061,15.6167,15.4630,15.5107,4204604
2005-06-06,15.4789,15.5584,15.4365,15.5478,3995580
2005-06-07,15.6008,15.6802,15.5213,15.5372,5202452
2005-06-08,15.5266,15.6325,15.5266,15.5478,6171249
2005-06-09,15.5160,15.6378,15.5001,15.5955,4126435
2005-06-10,15.5690,15.6219,15.4842,15.5478,8842765
2005-06-13,15.5213,15.6484,15.4948,15.5478,6442931
2005-06-14,15.5213,15.6325,15.5213,15.5902,3297972
2005-06-15,15.6696,15.6802,15.5531,15.6272,7133276
2005-06-16,15.5743,15.7173,15.5743,15.7067,5908677
2005-06-17,15.7840,15.8000,15.7147,15.7893,7549108
2005-06-20,15.7733,15.8053,15.6667,15.7520,2831177
2005-06-21,15.7786,15.8319,15.7094,15.8106,3163178
2005-06-22,15.8692,15.8906,15.7840,15.7893,3711465
2005-06-23,15.7946,15.8266,15.6241,15.6454,4814195
2005-06-24,15.6667,15.6774,15.5921,15.6188,4695034
2005-06-27,15.6401,15.6401,15.5602,15.6134,2754978
2005-06-28,15.6507,15.7520,15.6348,15.7307,5373931
2005-06-29,15.7733,15.8373,15.7573,15.8053,3537032
2005-06-30,15.9065,15.9065,15.6881,15.7040,4857526
2005-07-01,15.8053,15.8053,15.6880,15.7200,4179122
2005-07-05,15.7467,15.8639,15.6721,15.8479,3199123
2005-07-06,15.8266,15.8639,15.7307,15.7307,5527929
2005-07-07,15.6667,15.7733,15.5442,15.7627,7762071
2005-07-08,15.7307,15.9332,15.7254,15.9225,2798679
2005-07-11,15.9865,16.0664,15.8852,15.9918,3586765
2005-07-12,16.0131,16.0611,15.9385,15.9918,6681376
2005-07-13,15.9971,16.0877,15.9865,16.0611,2753008
2005-07-14,16.1730,16.1996,16.0984,16.1410,3672319
2005-07-15,16.1890,16.1943,16.0717,16.1836,11394136
2005-07-18,16.1250,16.1623,16.0078,16.0131,6636937
2005-07-19,16.0557,16.0877,16.0024,16.0078,4621174
2005-07-20,15.9865,16.1144,15.9492,16.0664,10014308
2005-07-21,16.0398,16.0877,15.9545,15.9811,7327404
2005-07-22,16.0131,16.0771,15.9545,16.0664,5558581
2005-07-25,16.0398,16.1197,15.9971,16.0025,2830438
2005-07-26,16.0025,16.0557,15.9865,16.0238,5911754
2005-07-27,16.0611,16.0611,15.9758,16.0451,5182141
2005-07-28,16.0611,16.1250,16.0291,16.0930,8298540
2005-07-29,16.0664,16.1197,15.9438,15.9492,5599327
2005-08-01,16.0504,16.0504,15.9278,15.9492,5210946
2005-08-02,15.9385,16.0664,15.9385,16.0664,2315019
2005-08-03,16.0664,16.0930,15.9811,16.0877,4249043
2005-08-04,15.9865,16.0344,15.9545,15.9758,6744526
2005-08-05,15.9385,15.9385,15.7787,15.7946,6716582
2005-08-08,15.7946,15.8586,15.7094,15.7307,6635582
2005-08-09,15.7733,15.8586,15.7467,15.8319,7031718
2005-08-10,15.8479,15.9971,15.7680,15.8159,5165522
2005-08-11,15.8639,15.8959,15.7360,15.8746,4689864
2005-08-12,15.8479,15.8799,15.7520,15.8319,3932676
2005-08-15,15.8159,15.9385,15.7627,15.9065,5816721
2005-08-16,15.9065,15.9758,15.8000,15.8000,14594121
2005-08-17,15.8159,15.8959,15.7733,15.8373,11855392
2005-08-18,15.7946,15.8692,15.7520,15.8266,13065219
2005-08-19,15.8319,15.9065,15.8319,15.8532,6882644
2005-08-22,15.8532,15.9651,15.8266,15.8959,6522577
2005-08-23,15.8959,15.8959,15.7733,15.7946,8087916
2005-08-24,15.7467,15.8479,15.6134,15.6134,13036906
2005-08-25,15.6135,15.7200,15.5868,15.6934,8257302
2005-08-26,15.6934,15.6934,15.5282,15.5282,16319983
2005-08-29,15.5282,15.6721,15.4429,15.6508,11118884
2005-08-30,15.5602,15.6134,15.4642,15.5122,20823227
2005-08-31,15.2937,15.6881,15.2937,15.6881,14215465
2005-09-01,15.7413,15.7840,15.5655,15.7253,19850860
2005-09-02,15.7467,15.8000,15.6827,15.7147,7385877
2005-09-06,15.7733,15.9065,15.7627,15.9065,10429032
2005-09-07,15.9225,15.9332,15.8213,15.8692,10585738
2005-09-08,15.8000,15.8586,15.7786,15.7786,7680578
2005-09-09,15.8000,15.9438,15.7946,15.9172,8127062
2005-09-12,15.9598,15.9652,15.9065,15.9652,8269119
2005-09-13,15.9332,15.9385,15.8319,15.8319,5414307
2005-09-14,15.8319,15.9172,15.8000,15.8159,8381264
2005-09-15,15.8799,15.8799,15.7627,15.8266,5711101
2005-09-16,15.9242,16.0581,15.8652,16.0528,12791813
2005-09-19,16.0796,16.0796,15.8813,15.9081,6953919
2005-09-20,15.8545,16.0689,15.8169,15.8223,23278456
2005-09-21,15.8277,15.8277,15.5543,15.5597,17675437
2005-09-22,15.5543,15.6776,15.4364,15.6776,15650934
2005-09-23,15.6508,15.7473,15.5865,15.7312,4365865
2005-09-26,15.7580,15.8920,15.6294,15.6454,7957430
2005-09-27,15.5972,15.7634,15.5918,15.6990,7322973
2005-09-28,15.6990,15.7419,15.5704,15.5704,7652019
2005-09-29,15.5972,15.8652,15.5650,15.8598,8617862
2005-09-30,15.8920,15.9938,15.7741,15.8223,6617856
2005-10-03,15.8920,16.0903,15.7312,15.7848,4219006
2005-10-04,16.0528,16.0528,15.5865,15.5865,11310428
2005-10-05,15.6508,15.7098,15.5222,15.5222,12952828
2005-10-06,15.5972,15.6937,15.4846,15.5650,12219645
2005-10-07,15.5650,15.6883,15.5597,15.6186,6118439
2005-10-10,15.6776,15.6776,15.4525,15.4525,5314473
2005-10-11,15.5222,15.5650,15.3828,15.4042,10020586
2005-10-12,15.4364,15.5114,15.2649,15.3346,12442948
2005-10-13,15.3560,15.4203,15.2381,15.4096,21803841
2005-10-14,15.4471,15.5865,15.4471,15.5811,11216133
2005-10-17,15.5972,15.6669,15.4954,15.5972,9411611
2005-10-18,15.5811,15.6722,15.4739,15.4739,6495987
2005-10-19,15.5061,15.8223,15.4257,15.7848,19473189
2005-10-20,15.8384,15.8706,15.5811,15.6454,16381902
2005-10-21,15.8920,15.8920,15.6508,15.7366,8709325
2005-10-24,15.8116,16.0474,15.7741,16.0474,9280263
2005-10-25,16.0260,16.0474,15.8652,15.9563,12154279
2005-10-26,15.9724,16.1225,15.9027,16.0635,15936157
2005-10-27,15.9992,16.1010,15.9724,15.9724,17731940
2005-10-28,16.0796,16.2457,16.0099,16.2457,20482363
2005-10-31,16.2511,16.3690,16.2511,16.3047,11654000
2005-11-01,16.3101,16.3101,16.1868,16.2457,10145533
2005-11-02,16.2136,16.4280,16.2082,16.3797,12949258
2005-11-03,16.5352,16.5352,16.3208,16.3905,10983844
2005-11-04,16.4548,16.4548,16.3315,16.4173,8035845
2005-11-07,16.5084,16.5673,16.4494,16.5566,9374188
2005-11-08,16.4226,16.6156,16.4226,16.5084,7569419
2005-11-09,16.5352,16.6263,16.4709,16.5513,10027726
2005-11-10,16.6156,16.8997,16.5620,16.8836,18624907
2005-11-11,16.8997,16.9801,16.8568,16.9425,10650120
2005-11-14,16.9586,16.9747,16.8836,16.9532,6888922
2005-11-15,16.9640,17.0980,16.7335,16.7978,16973767
2005-11-16,16.7924,16.8782,16.6638,16.7067,21732197
2005-11-17,16.7549,16.9372,16.7067,16.9050,11009325
2005-11-18,17.0176,17.4732,16.8729,16.9908,9416658
2005-11-21,17.0176,17.1140,16.9640,17.0712,7275456
2005-11-22,17.0980,17.2534,17.0015,17.2212,15687372
2005-11-23,17.2320,17.4464,17.1944,17.3552,11811322
2005-11-25,17.3928,17.4249,17.3445,17.3928,2176654
2005-11-28,17.4464,17.4464,17.2802,17.3124,19170609
2005-11-29,17.3660,17.4035,17.1784,17.3016,18621953
2005-11-30,17.3123,17.3123,17.0390,17.0819,25968807
2005-12-01,17.1784,17.2641,17.1516,17.1730,12589068
2005-12-02,17.2159,17.2266,17.1462,17.2105,7858335
2005-12-05,17.1516,17.1891,17.0229,17.1784,15691188
2005-12-06,17.2588,17.3016,17.1140,17.1248,8581793
2005-12-07,17.1087,17.1569,16.9104,16.9854,9688955
2005-12-08,16.9908,17.0872,16.9104,16.9747,9374557
2005-12-09,17.2588,17.2588,16.9586,17.0980,9121833
2005-12-12,17.1033,17.1408,16.9640,17.0229,6234400
2005-12-13,17.0176,17.2909,16.9961,17.2427,19211602
2005-12-14,17.2266,17.3392,17.1944,17.3070,11667664
2005-12-15,17.3177,17.3177,17.1891,17.2105,11066936
2005-12-16,17.3173,17.3443,17.2202,17.2526,7611765
2005-12-19,17.2202,17.2634,17.0908,17.1015,7940196
2005-12-20,17.1069,17.2148,17.1015,17.1771,5430680
2005-12-21,17.2040,17.3335,17.1771,17.2256,7313863
2005-12-22,17.2634,17.3443,17.2094,17.3443,6719783
2005-12-23,17.3605,17.3875,17.3173,17.3659,3939692
2005-12-27,17.4576,17.4576,17.2148,17.2310,8312820
2005-12-28,17.2256,17.2958,17.1825,17.1932,5012386
2005-12-29,17.2418,17.2580,17.1501,17.1771,4117326
2005-12-30,17.0854,17.1555,17.0368,17.0854,6315399
2006-01-03,17.0854,17.4036,17.0314,17.3713,17719999
2006-01-04,17.3713,17.4360,17.2904,17.3551,19258380
2006-01-05,17.3659,17.4252,17.3497,17.4144,6362054
2006-01-06,17.4306,17.5331,17.3767,17.5169,9402870
2006-01-09,17.5223,17.5925,17.4954,17.5655,8239329
2006-01-10,17.6087,17.6140,17.4576,17.5817,8345072
2006-01-11,17.4684,17.6842,17.4684,17.6788,9195078
2006-01-12,17.6086,17.6356,17.5277,17.5547,7183747
2006-01-13,17.7705,17.7705,17.4954,17.5439,7528550
2006-01-17,17.4414,17.4414,17.3281,17.3605,7335529
2006-01-18,17.2634,17.4522,17.2472,17.3119,10850896
2006-01-19,17.3821,17.3821,17.2310,17.2580,7725879
2006-01-20,17.2526,17.2526,16.8858,16.8965,26976750
2006-01-23,16.8318,17.0530,16.8102,16.9397,13649574
2006-01-24,16.9937,17.1015,16.9883,17.0152,16959733
2006-01-25,17.0476,17.0961,16.9829,17.0476,8817284
2006-01-26,17.2040,17.3983,17.1555,17.3389,14626496
2006-01-27,17.3173,17.5116,17.2580,17.3551,12404418
2006-01-30,17.3389,17.3551,17.3011,17.3011,7284073
2006-01-31,17.3119,17.3497,17.2148,17.2364,16142719
2006-02-01,17.2094,17.3066,17.1447,17.2256,13474526
2006-02-02,17.2148,17.2364,17.0800,17.1069,17747327
2006-02-03,17.1555,17.1663,16.9289,17.0368,15270063
2006-02-06,17.0206,17.0961,17.0206,17.0854,9126634
2006-02-07,17.0584,17.1231,16.9667,16.9721,9067177
2006-02-08,16.9505,17.1015,16.9505,17.0800,11276452
2006-02-09,17.0854,17.2472,17.0800,17.1231,7923701
2006-02-10,17.1015,17.2310,17.0206,17.2202,6550151
2006-02-13,17.1825,17.2040,17.0800,17.1555,18027749
2006-02-14,17.1825,17.4306,17.1663,17.3605,18669346
2006-02-15,17.3821,17.4792,17.3173,17.4630,16644351
2006-02-16,17.4576,17.5655,17.4306,17.5655,9676768
2006-02-17,17.5601,17.5979,17.4360,17.4954,9473161
2006-02-21,17.4630,17.5439,17.4198,17.4414,14553744
2006-02-22,17.6356,17.7921,17.4846,17.7705,22394968
2006-02-23,17.7759,17.8244,17.6248,17.7058,9125895
2006-02-24,17.7112,17.7975,17.6626,17.7435,9338858
2006-02-27,17.7489,17.8245,17.7489,17.7759,11734508
2006-02-28,17.7219,17.7381,17.5547,17.6033,15690203
2006-03-01,17.6572,17.6950,17.6087,17.6950,6728277
2006-03-02,17.6194,17.6194,17.5115,17.5871,17965706
2006-03-03,17.5385,17.6464,17.4900,17.5439,13546047
2006-03-06,17.5439,17.5925,17.4360,17.4900,17043687
2006-03-07,17.4306,17.5601,17.4198,17.5493,26680694
2006-03-08,17.5655,17.5979,17.4468,17.5601,10367236
2006-03-09,17.5601,17.6141,17.4414,17.4522,7940196
2006-03-10,17.5062,17.6410,17.4522,17.6087,9605493
2006-03-13,17.6572,17.7004,17.5655,17.6140,12916268
2006-03-14,17.6248,17.8190,17.6194,17.8190,17439577
2006-03-15,17.7867,17.8730,17.7220,17.8406,23877830
2006-03-16,17.8946,17.9755,17.8838,17.9000,14009888
2006-03-17,17.9146,17.9526,17.8875,17.9526,8742685
2006-03-20,17.9309,17.9905,17.8658,17.9634,9054374
2006-03-21,17.9472,17.9580,17.7628,17.7845,10612574
2006-03-22,17.7573,17.9417,17.7519,17.9255,8927212
2006-03-23,17.8712,17.8821,17.7844,17.8387,10013077
2006-03-24,17.8007,17.8929,17.7519,17.8333,12086450
2006-03-27,17.8224,17.8550,17.7682,17.8224,8242530
2006-03-28,17.8224,17.8767,17.6434,17.6760,13887403
2006-03-29,17.7736,17.7953,17.6380,17.7573,6550767
2006-03-30,17.6922,17.8061,17.6163,17.6489,10008276
2006-03-31,17.6597,17.7356,17.6272,17.6543,9100291
2006-04-03,17.6543,17.8224,17.6380,17.6814,17761607
2006-04-04,17.6814,17.8983,17.6380,17.8712,5489768
2006-04-05,17.8821,17.9526,17.8387,17.9038,10001506
2006-04-06,18.0339,18.0339,17.7682,17.8387,14073654
2006-04-07,17.9092,17.9255,17.6434,17.6706,15008229
2006-04-10,17.7139,17.7953,17.6597,17.7031,8589795
2006-04-11,17.7790,17.7790,17.5187,17.5512,11979107
2006-04-12,17.5566,17.6434,17.5458,17.5892,8625986
2006-04-13,17.5675,17.6380,17.5350,17.6163,6869965
2006-04-17,17.6489,17.6868,17.5512,17.6000,7458260
2006-04-18,17.6706,17.9417,17.6326,17.9255,16304226
2006-04-19,17.9634,17.9906,17.8767,17.9472,11333325
2006-04-20,17.9526,18.0665,17.9092,17.9851,5373561
2006-04-21,18.0936,18.0936,17.7465,17.9634,6024760
2006-04-24,18.1370,18.1370,17.7573,17.9689,6810631
2006-04-25,17.9689,17.9689,17.8062,17.8604,8725328
2006-04-26,17.7953,17.9689,17.7953,17.9634,6675959
2006-04-27,17.9146,18.2780,17.8875,18.2455,21775528
2006-04-28,18.1695,18.4895,18.1695,18.4190,16492446
2006-05-01,18.4353,18.4570,18.0882,18.1316,16759696
2006-05-02,18.2238,18.2563,18.1641,18.2455,4896426
2006-05-03,18.2509,18.2780,18.1587,18.2292,5726120
2006-05-04,18.2346,18.3377,18.2346,18.2672,10429278
2006-05-05,18.3377,18.5492,18.3377,18.5275,14808930
2006-05-08,18.5546,18.5600,18.4299,18.4516,10281189
2006-05-09,18.4245,18.5058,18.4245,18.4841,12726324
2006-05-10,18.4678,18.5275,18.3648,18.4950,10461900
2006-05-11,18.4841,18.4841,18.1316,18.1912,10598048
2006-05-12,17.8984,18.1912,17.8984,18.0068,10406628
2006-05-15,17.9743,18.1478,17.9743,18.1316,6753635
2006-05-16,18.1478,18.1967,18.0339,18.1099,9561546
2006-05-17,17.9906,18.0177,17.6922,17.7465,13422578
2006-05-18,17.7627,17.8278,17.5838,17.5892,8360460
2006-05-19,17.6922,17.7628,17.5729,17.6814,12222599
2006-05-22,17.6434,17.7194,17.4916,17.6380,12672653
2006-05-23,17.7031,17.7682,17.5404,17.5512,9384775
2006-05-24,17.5187,17.6814,17.4102,17.5621,13323113
2006-05-25,17.6543,17.7302,17.6000,17.7194,6981001
2006-05-26,17.8116,17.8712,17.7411,17.8658,4869713
2006-05-30,17.8875,17.8875,17.5946,17.6000,9413457
2006-05-31,17.6597,17.7465,17.5566,17.7248,6483062
2006-06-01,17.7139,17.9580,17.7139,17.9309,4518016
2006-06-02,17.8441,18.0719,17.8441,18.0339,12643847
2006-06-05,17.9472,18.0014,17.7248,17.7411,8061819
2006-06-06,17.7899,17.8333,17.5241,17.6977,23200411
2006-06-07,17.6760,17.9092,17.6651,17.7573,10925987
2006-06-08,17.7085,17.8441,17.5404,17.7899,28709259
2006-06-09,17.7628,17.8658,17.7031,17.7302,11772669
2006-06-12,17.7356,17.7736,17.5295,17.5349,9561177
2006-06-13,17.4916,17.6000,17.1444,17.1933,24357797
2006-06-14,17.2204,17.2800,16.9112,17.0902,18993099
2006-06-15,17.2475,17.5078,17.1770,17.4699,15685648
2006-06-16,17.4846,17.4846,17.3046,17.3591,10174461
2006-06-19,17.3591,17.4682,17.2009,17.2391,7099054
2006-06-20,17.2500,17.4082,17.2446,17.2882,22578140
2006-06-21,17.3209,17.4955,17.2882,17.4300,15107817
2006-06-22,17.3700,17.4246,17.3100,17.3646,3410732
2006-06-23,17.2937,17.3591,17.2064,17.2500,5009308
2006-06-26,17.2773,17.4028,17.2391,17.4028,5158506
2006-06-27,17.3755,17.4246,17.2227,17.2336,4800038
2006-06-28,17.3209,17.3318,17.2118,17.3264,5785946
2006-06-29,17.4137,17.7083,17.3755,17.6919,11568569
2006-06-30,17.7465,17.7737,17.6101,17.6428,7769333
2006-07-03,17.6646,17.8556,17.6646,17.8501,4077195
2006-07-05,17.7028,17.7410,17.6101,17.6810,5988692
2006-07-06,17.6646,17.7901,17.6646,17.7355,4241411
2006-07-07,17.6483,17.8065,17.6319,17.6483,3649669
2006-07-10,17.6865,17.7956,17.6865,17.7683,3758735
2006-07-11,17.6919,17.7901,17.5828,17.7737,5804534
2006-07-12,17.8283,17.8283,17.5610,17.5992,6619579
2006-07-13,17.5119,17.5392,17.3155,17.3209,11400168
2006-07-14,17.3046,17.3700,17.1791,17.2500,9368033
2006-07-17,17.2009,17.3209,17.1518,17.2828,6106622
2006-07-18,17.3537,17.3755,17.1791,17.3209,8530461
2006-07-19,17.3700,17.7901,17.3646,17.7792,40039875
2006-07-20,17.7846,17.8392,17.6919,17.7083,15552085
2006-07-21,17.7083,17.7628,17.5501,17.6101,16533069
2006-07-24,17.6865,17.8556,17.6374,17.8392,11416417
2006-07-25,17.8392,17.9320,17.7465,17.8829,8844489
2006-07-26,17.8828,17.9319,17.7956,17.8610,5503678
2006-07-27,17.9483,17.9810,17.7519,17.7574,9565486
2006-07-28,17.8938,18.1393,17.8883,18.0738,14383373
2006-07-31,18.1120,18.1174,18.0029,18.0465,8948878
2006-08-01,17.9756,18.0411,17.8883,17.9920,7718493
2006-08-02,18.0192,18.0683,17.9374,18.0247,7259699
2006-08-03,17.9483,18.1392,17.9483,18.1011,7380461
2006-08-04,18.2865,18.4393,18.0738,18.1392,19989840
2006-08-07,18.1392,18.1502,18.0465,18.1011,4076580
2006-08-08,18.1556,18.1993,17.9429,17.9701,10953069
2006-08-09,18.0956,18.1393,17.7410,17.7574,10111680
2006-08-10,17.7355,17.8828,17.6810,17.8447,12115379
2006-08-11,17.8010,17.8338,17.7137,17.7901,6336819
2006-08-14,17.8828,17.9756,17.7792,17.8119,6748958
2006-08-15,18.0301,18.3357,17.9974,18.1120,10760910
2006-08-16,18.2211,18.2429,18.1283,18.2102,5888119
2006-08-17,18.1938,18.2866,18.1502,18.2702,6555814
2006-08-18,18.2865,18.2975,18.2102,18.2975,7479802
2006-08-21,18.2756,18.2756,18.1829,18.2265,4727532
2006-08-22,18.2211,18.2702,18.1556,18.2211,6325617
2006-08-23,18.2102,18.2429,18.1283,18.1665,4746121
2006-08-24,18.2265,18.2593,18.1884,18.2265,4821458
2006-08-25,18.1720,18.1884,18.1120,18.1283,4463729
2006-08-28,18.1120,18.2975,18.1065,18.2593,11596882
2006-08-29,18.2211,18.2211,18.0792,18.1829,17294196
2006-08-30,18.2156,18.2865,18.2102,18.2374,4856418
2006-08-31,18.2375,18.2702,18.2047,18.2593,4162627
2006-09-01,18.3247,18.3247,18.2265,18.2865,3034169
2006-09-05,18.3029,18.4120,18.2756,18.3520,9705573
2006-09-06,18.2756,18.4939,18.2484,18.2920,6858886
2006-09-07,18.2211,18.2647,18.1338,18.1502,8959341
2006-09-08,18.1556,18.2702,18.0629,18.2538,6832419
2006-09-11,18.2211,18.2920,18.1993,18.2647,4257044
2006-09-12,18.2865,18.5266,18.2756,18.4993,7997561
2006-09-13,18.5266,18.6739,18.4393,18.6357,8542032
2006-09-14,18.5702,18.6793,18.5539,18.6793,3825456
2006-09-15,19.1973,19.2027,18.7145,18.7364,7382923
2006-09-18,18.6925,18.7748,18.6486,18.7144,9313623
2006-09-19,18.9559,18.9559,18.6431,18.7474,7713815
2006-09-20,18.8132,18.9065,18.7858,18.8736,9690678
2006-09-21,18.8736,18.9229,18.7090,18.7419,6461027
2006-09-22,18.7419,18.8077,18.6980,18.7748,7961369
2006-09-25,18.8790,19.0107,18.7913,18.9668,7118627
2006-09-26,18.9778,19.0711,18.9010,19.0711,7658913
2006-09-27,19.0162,19.0656,18.9339,18.9833,6000140
2006-09-28,18.9339,19.0711,18.9339,19.0491,3996811
2006-09-29,18.8297,19.1753,18.8297,18.9943,6330171
2006-10-02,18.9668,19.0217,18.8790,18.9504,4536481
2006-10-03,18.9613,19.1808,18.9449,19.1369,8250778
2006-10-04,19.3289,19.3673,19.0875,19.3673,14697525
2006-10-05,19.4057,19.5539,19.2850,19.3564,10687542
2006-10-06,19.2960,19.3180,19.2412,19.2905,6333126
2006-10-09,19.2850,19.3728,19.2192,19.3454,4485395
2006-10-10,19.3783,19.4058,19.2905,19.3454,6821710
2006-10-11,19.0711,19.3454,19.0711,19.2960,7388216
2006-10-12,19.3344,19.4332,19.3344,19.4003,6476045
2006-10-13,19.3454,19.4716,19.3454,19.4716,4953544
2006-10-16,19.4058,19.4222,19.3399,19.3673,6320200
2006-10-17,19.3509,19.4167,19.2686,19.3673,6891754
2006-10-18,19.4496,19.5265,19.3070,19.4222,7018177
2006-10-19,19.3893,19.3893,19.2082,19.2960,8025012
2006-10-20,19.2960,19.3015,19.1918,19.2741,8718681
2006-10-23,19.2137,19.4277,19.2027,19.4003,4841769
2006-10-24,19.3619,19.4003,19.3015,19.3948,3734362
2006-10-25,19.4167,19.4771,19.3344,19.4771,5660261
2006-10-26,19.5100,19.6197,19.4222,19.6142,11989201
2006-10-27,19.5868,19.5868,19.4112,19.4661,5312134
2006-10-30,19.4387,19.5319,19.4057,19.4716,9933801
2006-10-31,19.5264,19.5758,19.4387,19.4387,9728224
2006-11-01,19.5265,19.5594,19.2796,19.3180,11319784
2006-11-02,19.3015,19.3344,19.2028,19.2631,4528357
2006-11-03,19.3235,19.3673,19.1698,19.2631,4709191
2006-11-06,19.3125,19.5155,19.2741,19.4881,9460727
2006-11-07,19.5045,19.6033,19.4935,19.5319,4722239
2006-11-08,19.4496,19.6472,19.4496,19.6142,3910518
2006-11-09,19.6142,19.6142,19.4496,19.4826,4959084
2006-11-10,19.5374,19.6417,19.5045,19.6417,6402431
2006-11-13,19.5539,19.7020,19.5539,19.6197,4200541
2006-11-14,19.5758,19.7569,19.4990,19.7349,7786321
2006-11-15,19.7020,19.7569,19.6691,19.7075,4036203
2006-11-16,19.8392,19.8995,19.7624,19.8995,11170217
2006-11-17,19.8556,19.8556,19.7514,19.7514,12754637
2006-11-20,19.8063,19.9160,19.7843,19.8776,13273750
2006-11-21,19.8886,19.8886,19.8008,19.8447,4275632
2006-11-22,19.8447,19.9160,19.7898,19.8666,2484035
2006-11-24,19.7514,19.8337,19.7240,19.7679,2504100
2006-11-27,19.7733,19.7733,19.4551,19.4606,9614110
2006-11-28,19.4990,19.5320,19.3674,19.4935,8988270
2006-11-29,19.5594,19.6746,19.5045,19.6142,5148781
2006-11-30,19.5539,19.6746,19.4826,19.5758,4428276
2006-12-01,19.5649,19.6252,19.3289,19.4606,10386439
2006-12-04,19.5319,19.7679,19.5210,19.7349,8233544
2006-12-05,19.7514,19.8392,19.6801,19.8282,10037943
2006-12-06,19.8172,19.8831,19.8063,19.8556,3267566
2006-12-07,19.8941,19.9763,19.7733,19.8063,5468471
2006-12-08,19.7624,19.9105,19.7349,19.8666,6413387
2006-12-11,19.9105,20.0148,19.8995,19.9763,10900874
2006-12-12,19.9160,20.0257,19.8886,19.9928,7699043
2006-12-13,20.0257,20.0971,19.9818,20.0148,4945666
2006-12-14,20.0202,20.1848,19.9873,20.1848,7145586
2006-12-15,20.3070,20.3181,20.1964,20.2351,8292755
2006-12-18,20.2960,20.3789,20.2683,20.3347,6471367
2006-12-19,20.2683,20.3678,20.2186,20.3181,13315481
2006-12-20,20.3402,20.3900,20.2573,20.3844,5199498
2006-12-21,20.4010,20.4231,20.2794,20.2960,6326109
2006-12-22,20.2904,20.2960,20.1412,20.1964,4097137
2006-12-26,20.2351,20.3789,20.2241,20.3789,5110497
2006-12-27,20.4397,20.5337,20.4287,20.5226,5211439
2006-12-28,20.4784,20.5337,20.3955,20.4286,8430380
2006-12-29,20.4065,20.4563,20.3015,20.3125,4283265
2007-01-03,20.4342,20.5613,20.2573,20.4121,9365079
2007-01-04,20.4010,20.4121,20.2573,20.3457,6646292
2007-01-05,20.2904,20.3347,20.1467,20.1854,7977372
2007-01-08,20.1909,20.2904,20.0582,20.2738,4427415
2007-01-09,20.2738,20.3512,20.1301,20.2407,5997309
2007-01-10,20.1412,20.3236,20.1356,20.3070,3614216
2007-01-11,20.3125,20.4342,20.2960,20.4342,4623513
2007-01-12,20.3568,20.4784,20.3568,20.4563,8028582
2007-01-16,20.4563,20.5116,20.4286,20.5116,5315827
2007-01-17,20.4839,20.5447,20.4121,20.4563,4927693
2007-01-18,20.4950,20.5116,20.3623,20.3734,5029004
2007-01-19,20.4010,20.4508,20.3568,20.4342,4202880
2007-01-22,20.4563,20.4784,20.3623,20.4176,5728582
2007-01-23,20.3512,20.4452,20.3181,20.4065,7704706
2007-01-24,20.4010,20.6166,20.3789,20.6166,5148904
2007-01-25,20.6222,20.6332,20.2904,20.3181,15347739
2007-01-26,20.3291,20.4121,20.2075,20.3568,9816486
2007-01-29,20.3457,20.3844,20.2296,20.2573,13643419
2007-01-30,20.2683,20.3678,20.2462,20.3347,7687718
2007-01-31,20.3347,20.5503,20.2738,20.5005,15289143
2007-02-01,20.5558,20.6443,20.5392,20.6332,18404066
2007-02-02,20.6387,20.6996,20.6166,20.6719,7704460
2007-02-05,20.6885,20.7051,20.5835,20.6664,5309672
2007-02-06,20.6885,20.7770,20.6609,20.7604,9894778
2007-02-07,20.7770,20.8709,20.7604,20.8378,5616561
2007-02-08,20.7825,20.7935,20.6609,20.7714,6929176
2007-02-09,20.7383,20.8433,20.4287,20.5503,21979751
2007-02-12,20.5834,20.6056,20.4452,20.5005,11936268
2007-02-13,20.5282,20.6940,20.5116,20.6498,12937195
2007-02-14,20.6885,20.9041,20.6774,20.8488,12212751
2007-02-15,20.8709,20.9152,20.8157,20.8820,12006928
2007-02-16,20.8212,20.8820,20.7935,20.8765,6764837
2007-02-20,20.8433,21.0036,20.3844,20.9870,6508666
2007-02-21,20.8986,20.9539,20.8544,20.8986,5231258
2007-02-22,20.9484,20.9815,20.7991,20.8157,11642552
2007-02-23,20.8267,20.8378,20.5669,20.6222,20234563
2007-02-26,20.7161,20.7438,20.3900,20.4729,21959686
2007-02-27,20.2241,20.3402,19.3063,19.5164,37054454
2007-02-28,19.7431,20.0029,19.6491,19.8758,26681186
2007-03-01,19.6270,19.9311,19.4611,19.8537,32203945
2007-03-02,19.8316,19.8979,19.6270,19.6270,15158657
2007-03-05,19.4445,19.6767,19.0907,19.3174,21501508
2007-03-06,19.5219,19.7818,19.4722,19.7210,23815665
2007-03-07,19.7044,19.7818,19.5828,19.6049,14010257
2007-03-08,20.0029,20.0029,19.7265,19.7818,24346841
2007-03-09,19.9090,19.9366,19.7376,19.8315,11761343
2007-03-12,19.7652,19.9034,19.6933,19.8315,17742649
2007-03-13,19.6712,19.6933,19.1294,19.2400,55831266
2007-03-14,19.2400,19.3727,18.8972,19.2842,49895631
2007-03-15,19.3063,19.6104,19.2953,19.5164,38821062
2007-03-16,19.5764,19.6041,19.3099,19.4431,23623136
2007-03-19,19.5708,19.6541,19.4542,19.5708,19648360
2007-03-20,19.5819,19.7818,19.5653,19.7485,17005896
2007-03-21,19.7651,20.3092,19.7318,20.1982,41179658
2007-03-22,20.2426,20.2648,20.0372,20.0761,20898072
2007-03-23,20.0427,20.1760,20.0205,20.0983,15015984
2007-03-26,20.0705,20.1538,19.8540,19.9983,20591183
2007-03-27,19.9706,19.9817,19.8484,19.8762,7700028
2007-03-28,19.7651,19.8651,19.5597,19.6263,21499784
2007-03-29,19.7707,19.8762,19.6208,19.7263,17217135
2007-03-30,19.7984,19.8817,19.5542,19.7818,14556206
2007-04-02,19.7651,19.7651,19.4986,19.5986,14561130
2007-04-03,19.7707,19.9039,19.7318,19.8429,16612222
2007-04-04,19.8373,19.9150,19.7818,19.8429,14399623
2007-04-05,19.8373,19.8984,19.7707,19.8540,6649862
2007-04-09,19.9039,19.9095,19.8040,19.8484,7637370
2007-04-10,19.8484,19.9428,19.8484,19.9373,11994372
2007-04-11,19.9317,19.9317,19.7096,19.7707,13683427
2007-04-12,19.7374,19.7818,19.6152,19.7374,12340406
2007-04-13,19.7651,19.8817,19.7485,19.8207,19034461
2007-04-16,19.9983,20.3092,19.9983,20.3037,39918991
2007-04-17,20.3037,20.3981,20.2315,20.2981,15461483
2007-04-18,20.3759,20.6035,20.3259,20.5313,31112540
2007-04-19,20.4591,20.5535,20.3481,20.5036,17748558
2007-04-20,20.6257,20.6757,20.5313,20.6090,20996552
2007-04-23,20.6090,20.6923,20.5313,20.5535,11672834
2007-04-24,20.5702,20.5868,20.3537,20.4925,15632223
2007-04-25,20.5535,20.7812,20.5202,20.7701,19044801
2007-04-26,20.7367,20.7812,20.6202,20.7367,9484363
2007-04-27,20.6590,20.7312,20.5813,20.7090,11863393
2007-04-30,20.7034,20.7645,20.5258,20.5480,18614690
2007-05-01,20.5424,20.6535,20.4147,20.5868,14056789
2007-05-02,20.6257,20.7478,20.5480,20.6757,10986183
2007-05-03,20.7978,20.8700,20.7034,20.8700,12545244
2007-05-04,20.9144,20.9588,20.8533,20.9422,10915031
2007-05-07,20.9588,21.0199,20.9144,20.9699,5842449
2007-05-08,20.9199,20.9422,20.8311,20.9255,7468477
2007-05-09,20.9422,21.0588,20.8755,21.0365,14572824
2007-05-10,20.9366,21.0143,20.7367,20.7367,15886547
2007-05-11,20.8256,20.9588,20.8256,20.9588,16812136
2007-05-14,20.9755,20.9866,20.7478,20.8589,37213869
2007-05-15,20.8811,20.9921,20.7645,20.8089,20241333
2007-05-16,20.9089,21.0477,20.8422,21.0477,19635558
2007-05-17,20.9755,20.9921,20.8978,20.9422,7514024
2007-05-18,21.0421,21.0421,20.9422,20.9977,12362071
2007-05-21,21.0088,21.0643,20.9422,21.0199,16396428
2007-05-22,21.0421,21.0976,20.9533,21.0365,15239165
2007-05-23,21.0032,21.1531,20.9921,21.0199,20107400
2007-05-24,21.0588,21.0976,20.7590,20.8311,24805266
2007-05-25,20.8200,20.8978,20.7701,20.8700,11255895
2007-05-29,20.9144,20.9699,20.8478,20.9588,9929985
2007-05-30,20.8311,21.1032,20.8311,21.1032,16626748
2007-05-31,21.1587,21.1809,20.9866,21.0421,13721342
2007-06-01,21.0754,21.1476,21.0310,21.1087,8891390
2007-06-04,21.0421,21.0810,21.0143,21.0810,12312831
2007-06-05,20.9255,21.0310,20.8977,20.9533,17915974
2007-06-06,20.8755,20.8755,20.7256,20.7756,18752069
2007-06-07,20.6979,20.7978,20.3703,20.4258,31728533
2007-06-08,20.4480,20.6701,20.3870,20.6646,22664803
2007-06-11,20.6535,20.8089,20.5480,20.7589,24159975
2007-06-12,20.6202,20.7923,20.4314,20.4758,25845214
2007-06-13,20.5480,20.8755,20.5480,20.8644,15413228
2007-06-14,20.8089,20.9422,20.7923,20.8311,23017607
2007-06-15,21.0511,21.0511,20.8892,20.9059,11822770
2007-06-18,20.9673,21.0232,20.8501,20.9003,9990181
2007-06-19,20.8222,20.9897,20.7943,20.9897,10070934
2007-06-20,20.9841,21.0343,20.5431,20.6212,25588058
2007-06-21,20.5989,20.6826,20.3756,20.6547,47156286
2007-06-22,20.5933,20.5933,20.2640,20.3924,47396331
2007-06-25,20.2863,20.4872,20.0909,20.2305,40562066
2007-06-26,20.2472,20.3421,20.0407,20.0407,36617449
2007-06-27,20.0407,20.3421,19.9848,20.3421,36680599
2007-06-28,20.3421,20.4538,20.1858,20.3086,32559827
2007-06-29,20.3309,20.4314,19.9848,20.1970,37310133
2007-07-02,20.4817,20.4984,20.2026,20.3700,18315064
2007-07-03,20.4426,20.5654,20.4426,20.5487,18100132
2007-07-05,20.3756,20.5152,20.3310,20.3756,24871247
2007-07-06,20.3756,20.4817,20.2919,20.4761,16083138
2007-07-09,20.4593,20.4873,20.3533,20.3924,19663255
2007-07-10,20.2528,20.2751,19.8732,19.9625,52127187
2007-07-11,19.8844,20.1021,19.8397,20.0295,55021761
2007-07-12,20.1244,20.4705,20.1076,20.3979,40793370
2007-07-13,20.4593,20.5431,20.3644,20.4761,26303516
2007-07-16,20.4258,20.6156,20.3812,20.4035,29971649
2007-07-17,20.4035,20.5710,20.4035,20.4705,34954984
2007-07-18,20.2640,20.6491,19.9681,20.2081,62410223
2007-07-19,20.2695,20.3756,20.0574,20.1411,40433180
2007-07-20,20.1635,20.1858,19.6945,19.7894,86443405
2007-07-23,19.7615,19.9737,19.6946,19.7783,44589774
2007-07-24,19.4824,19.6332,19.1363,19.2815,94807681
2007-07-25,19.3931,19.5271,19.1196,19.3708,91805026
2007-07-26,19.0358,19.1531,18.6116,18.9130,105488206
2007-07-27,18.8572,19.0972,18.6116,18.6172,95817101
2007-07-30,18.8181,18.9912,18.4218,18.9689,103138720
2007-07-31,19.1419,19.2424,18.3660,18.3660,121875278
2007-08-01,18.4720,18.6897,18.1482,18.5725,123089167
2007-08-02,18.7846,18.9242,18.5278,18.6953,81025282
2007-08-03,18.5334,18.7065,17.8747,17.8970,165871095
2007-08-06,17.9696,18.8405,17.8412,18.8125,141115193
2007-08-07,18.7176,19.2089,18.6283,18.9465,122980347
2007-08-08,19.0861,19.6443,18.9912,19.3987,134714239
2007-08-09,18.8405,19.2256,18.4999,18.7009,124364360
2007-08-10,18.3994,18.9242,18.3380,18.6172,94954662
2007-08-13,19.0526,19.0526,18.2487,18.4497,70957671
2007-08-14,18.5725,18.5892,18.0422,18.1259,87599807
2007-08-15,17.9752,18.4832,17.8412,17.9640,100465603
2007-08-16,17.8300,18.6953,17.5900,18.5055,201536366
2007-08-17,19.7504,19.7560,18.7735,19.2591,217975263
2007-08-20,19.3150,19.3317,18.7456,19.0023,108917403
2007-08-21,18.8851,19.2982,18.8851,19.1363,58665521
2007-08-22,19.2535,19.4210,19.0135,19.1866,86213085
2007-08-23,19.3987,19.4266,19.0917,19.2145,63120017
2007-08-24,19.1698,19.3764,19.0358,19.2815,43523236
2007-08-27,19.2368,19.2535,19.0303,19.0582,24216232
2007-08-28,18.8684,18.8851,18.4274,18.4888,76694378
2007-08-29,18.5893,18.8125,18.3436,18.7121,61839654
2007-08-30,18.4888,18.7511,18.4720,18.5948,58436186
2007-08-31,18.9744,18.9800,18.6618,18.8405,68156531
2007-09-04,18.8907,19.2033,18.7902,18.9856,45012131
2007-09-05,18.9521,18.9633,18.6451,18.7567,55575588
2007-09-06,18.7511,18.9354,18.4999,18.6172,39227662
2007-09-07,18.4218,18.6116,18.3157,18.4274,92815307
2007-09-10,18.4720,18.5837,18.1706,18.3660,73733576
2007-09-11,18.4609,18.6953,18.4441,18.5558,62354089
2007-09-12,18.5893,18.6953,18.4664,18.5948,40071266
2007-09-13,18.7121,18.9242,18.6953,18.9019,67115967
2007-09-14,18.6953,18.9689,18.6730,18.9689,37334014
2007-09-17,18.8125,18.8125,18.6283,18.7902,50504853
2007-09-18,18.9130,19.5941,18.7288,19.4992,170892836
2007-09-19,19.7169,19.9123,19.5662,19.6220,92064397
2007-09-20,19.6778,19.7001,19.2870,19.3819,79679183
2007-09-21,19.5928,19.5928,19.2385,19.4579,66584544
2007-09-24,19.4860,19.4860,19.1092,19.1879,60979432
2007-09-25,19.0867,19.1598,18.9405,19.1486,44182190
2007-09-26,19.1992,19.3229,19.0473,19.1542,65135164
2007-09-27,19.2385,19.3904,19.1823,19.3791,44072139
2007-09-28,19.2442,19.4241,19.2104,19.3004,37877378
2007-10-01,19.1936,19.7109,19.1767,19.6659,61713354
2007-10-02,19.7672,19.9246,19.7109,19.8909,36303175
2007-10-03,19.7784,19.9640,19.7503,19.8459,52086564
2007-10-04,19.9134,19.9921,19.8290,19.9640,37413783
2007-10-05,20.0202,20.2283,19.9921,20.1833,48745754
2007-10-08,20.1552,20.1552,19.8234,19.9078,25838567
2007-10-09,20.0034,20.1496,19.8628,20.0765,39621212
2007-10-10,20.0371,20.0990,19.8572,19.9640,40195843
2007-10-11,20.1889,20.1889,19.8009,19.8571,77485418
2007-10-12,19.7840,19.9921,19.7840,19.9865,41217081
2007-10-15,19.9078,19.9134,19.3735,19.5816,94871077
2007-10-16,19.4522,19.4747,19.1204,19.2160,83487897
2007-10-17,19.3735,19.4466,18.8561,19.2048,91551809
2007-10-18,18.8111,19.0192,18.7830,18.9630,88868475
2007-10-19,18.8617,18.9686,18.3050,18.3331,110383770
2007-10-22,18.1476,18.6706,18.1476,18.5581,80609696
2007-10-23,18.7662,18.7662,18.4512,18.6593,60804137
2007-10-24,18.6143,18.6368,18.0519,18.5187,128715083
2007-10-25,18.5412,18.6818,18.0969,18.5018,96815442
2007-10-26,18.8505,18.9517,18.4231,18.9517,97460117
2007-10-29,18.9574,19.0080,18.7774,19.0080,46984685
2007-10-30,18.9180,18.9180,18.6987,18.7155,35125231
2007-10-31,18.7886,19.0586,18.6143,18.9686,104572465
2007-11-01,18.4175,18.8111,17.9957,17.9957,112372574
2007-11-02,18.0351,18.0744,17.4277,17.9057,196502191
2007-11-05,17.4109,17.7483,17.2703,17.5852,124899599
2007-11-06,17.6583,17.8832,17.4052,17.8832,101354877
2007-11-07,17.5458,17.6189,16.9047,16.9047,125349037
2007-11-08,17.1522,17.1634,16.4717,17.0791,146019004
2007-11-09,16.7304,17.4333,16.5617,16.9497,165222358
2007-11-12,17.0734,17.5346,16.9722,17.0116,134098862
2007-11-13,17.3940,17.9114,17.3040,17.8101,161815812
2007-11-14,18.1869,18.2713,17.7314,17.7426,118725765
2007-11-15,17.5683,17.7314,17.0847,17.2927,134429139
2007-11-16,17.2928,17.3771,16.9328,17.1578,100659855
2007-11-19,16.9328,16.9835,16.4998,16.6966,168176266
2007-11-20,16.3930,16.7866,15.9993,16.3311,179939948
2007-11-21,16.1062,16.3536,15.8868,16.0780,134808533
2007-11-23,16.2243,16.5729,16.2243,16.4605,88425684
2007-11-26,16.5336,16.5336,15.8025,15.9093,127731884
2007-11-27,16.0837,16.2917,15.8812,16.1961,122877928
2007-11-28,16.5898,17.1634,16.5279,17.1634,205239337
2007-11-29,17.0397,17.1522,16.7473,17.0116,107091214
2007-11-30,17.6358,17.8158,17.3321,17.4333,144984226
2007-12-03,17.3434,17.4221,17.1578,17.2927,72568927
2007-12-04,17.0116,17.0959,16.8991,16.9722,75393703
2007-12-05,17.2365,17.3771,17.0341,17.2253,107066841
2007-12-06,17.2534,17.7820,17.2084,17.7820,122098951
2007-12-07,17.8158,17.8551,17.5458,17.5458,100382387
2007-12-10,17.7370,18.0463,17.5964,17.9170,97746201
2007-12-11,17.9507,18.0744,17.0059,17.0116,168317584
2007-12-12,17.5852,17.6302,16.5617,16.8822,175881956
2007-12-13,16.6966,16.8935,16.4042,16.8766,167576892
2007-12-14,16.6517,16.9385,16.4998,16.5054,86534622
2007-12-17,16.4211,16.6460,16.3199,16.3311,85712684
2007-12-18,16.5729,16.5954,16.0668,16.3424,103492386
2007-12-19,16.4323,16.6967,16.2636,16.4380,135631334
2007-12-20,16.5842,16.6854,16.0837,16.3199,120949197
2007-12-21,16.5423,16.6558,16.3664,16.6218,76997942
2007-12-24,16.6955,16.9509,16.6842,16.9225,53981935
2007-12-26,16.8942,16.8998,16.6899,16.8034,29007653
2007-12-27,16.7580,16.7580,16.4515,16.4629,44473322
2007-12-28,16.6274,16.6274,16.3040,16.4231,39842546
2007-12-31,16.3721,16.6445,16.2529,16.4175,61056985
2008-01-02,16.5026,16.5537,16.0770,16.0940,80446096
2008-01-03,16.1621,16.2472,15.9805,15.9918,55290488
2008-01-04,15.8386,15.8500,15.5095,15.5379,93318540
2008-01-07,15.6514,15.7932,15.3619,15.5776,112017799
2008-01-08,15.6854,15.7876,15.0101,15.0101,148535168
2008-01-09,15.0952,15.3563,14.7037,15.2938,164102394
2008-01-10,15.1406,15.9011,14.9987,15.5549,275365714
2008-01-11,15.4754,15.9521,15.3222,15.6060,224602351
2008-01-14,15.7989,15.8330,15.5492,15.8216,108263988
2008-01-15,15.5265,15.5492,15.1690,15.1690,141844191
2008-01-16,15.2598,15.7195,15.1122,15.4244,176283632
2008-01-17,15.4527,15.4584,14.6299,14.6412,208394513
2008-01-18,14.7547,14.8682,14.1702,14.4710,220297790
2008-01-22,13.7389,15.1293,13.6822,14.7831,314363301
2008-01-23,14.3915,15.8330,14.3064,15.8330,301912352
2008-01-24,15.8330,15.9862,15.6287,15.8386,197313666
2008-01-25,16.1110,16.1224,15.3222,15.4244,166188693
2008-01-28,15.5095,16.4515,15.2825,15.9748,113301609
2008-01-29,16.0940,16.2302,15.8159,16.2189,124376916
2008-01-30,16.0599,16.6388,15.8897,15.8897,263688448
2008-01-31,15.6457,16.9850,15.5833,16.5366,223878523
2008-02-01,16.4572,16.8431,16.3948,16.8431,162903277
2008-02-04,16.6615,16.7353,16.2756,16.3550,93362610
2008-02-05,15.9919,16.0713,15.5833,15.6911,154453447
2008-02-06,15.7705,15.8557,15.4073,15.5095,129122052
2008-02-07,15.3619,15.8557,15.3222,15.6514,159071913
2008-02-08,15.5946,15.6400,15.1747,15.3903,128474177
2008-02-11,15.3619,15.3619,14.9136,15.0498,134895811
2008-02-12,15.2257,15.4925,15.0612,15.4641,189322753
2008-02-13,15.4130,15.4527,15.0725,15.4073,106347813
2008-02-14,15.3449,15.4471,14.9874,14.9874,128028801
2008-02-15,15.0158,15.2257,14.8512,15.2257,125203287
2008-02-19,15.4130,15.4641,14.9647,15.2030,117432107
2008-02-20,14.9136,15.3790,14.8625,15.3790,145489059
2008-02-21,15.3563,15.4754,15.0441,15.1066,93068155
2008-02-22,15.1463,15.4357,14.8058,15.4357,137697075
2008-02-25,15.2598,15.5719,15.0498,15.4357,184562476
2008-02-26,15.3733,15.8046,15.3279,15.5719,127558805
2008-02-27,15.4017,15.8386,15.3222,15.6400,121404790
2008-02-28,15.4981,15.5095,15.1520,15.1520,109396139
2008-02-29,14.9533,14.9704,14.5334,14.6582,172356126
2008-03-03,14.5675,14.5902,14.2553,14.4596,136199687
2008-03-04,14.2099,14.4199,13.9489,14.3802,200666418
2008-03-05,14.4256,14.5902,14.0851,14.2667,225038495
2008-03-06,14.0340,14.1305,13.6765,13.7730,172225394
2008-03-07,13.5460,14.1021,13.5063,13.8013,245347286
2008-03-10,13.8354,13.9092,13.3360,13.4098,208597874
2008-03-11,14.0170,14.3745,13.6368,14.2894,280335753
2008-03-12,14.3234,14.7037,13.9319,14.0510,210871654
2008-03-13,13.6822,14.6185,13.3020,14.0170,258767525
2008-03-14,14.1532,14.2440,13.3473,13.6197,313442513
2008-03-17,12.6493,13.5063,12.6493,13.3076,261292799
2008-03-18,13.9886,14.4937,13.7389,14.4256,343693354
2008-03-19,14.6129,14.8115,14.0454,14.0454,266921300
2008-03-20,14.2673,15.1769,14.2559,15.0568,274151455
2008-03-24,15.2227,15.6574,15.1884,15.2513,182639531
2008-03-25,15.2170,15.3600,14.9080,15.2055,156227318
2008-03-26,14.9767,15.0339,14.5991,14.6563,158215752
2008-03-27,14.7993,14.8222,14.3703,14.4275,151309473
2008-03-28,14.4618,14.5419,14.0442,14.1014,109083465
2008-03-31,14.0557,14.4733,13.9641,14.2273,108253278
2008-04-01,14.7364,15.2856,14.6964,15.2284,206127626
2008-04-02,15.3314,15.5430,15.1025,15.2170,157608254
2008-04-03,15.0453,15.3600,14.9767,15.2856,121409591
2008-04-04,15.2570,15.2913,14.9710,15.0797,109628675
2008-04-07,15.3085,15.4343,15.1140,15.1712,121394696
2008-04-08,15.0339,15.1540,14.8565,14.9996,110939936
2008-04-09,15.0453,15.0453,14.6392,14.7479,120887401
2008-04-10,14.6163,14.8623,14.4847,14.6563,135427111
2008-04-11,14.3703,14.7021,14.3360,14.3760,113534638
2008-04-14,14.2845,14.3017,13.9584,14.0385,122993519
2008-04-15,14.1701,14.3188,13.9412,14.1815,115135922
2008-04-16,14.4618,14.6392,14.3646,14.5648,138142820
2008-04-17,14.4561,14.8966,14.4332,14.8165,155159918
2008-04-18,15.2913,15.3829,15.0339,15.1426,155040388
2008-04-21,14.9824,14.9881,14.7650,14.9080,80684295
2008-04-22,14.7993,14.8394,14.6163,14.7021,103538795
2008-04-23,14.7364,14.8337,14.5019,14.6048,100855461
2008-04-24,14.6621,15.2341,14.6563,15.1311,151581647
2008-04-25,15.2970,15.4572,14.9710,15.4172,102556949
2008-04-28,15.4286,15.5373,15.2742,15.4572,94327960
2008-04-29,15.3886,15.4744,15.2170,15.2684,79175827
2008-04-30,15.2856,15.4744,15.1140,15.2227,106284786
2008-05-01,15.1826,15.8005,15.1311,15.7433,125902987
2008-05-02,16.0522,16.1151,15.6803,15.8520,121243775
2008-05-05,15.7318,15.7719,15.5202,15.5774,78741654
2008-05-06,15.3600,15.7547,14.8280,15.7433,124571291
2008-05-07,15.7604,15.7604,15.1140,15.1769,118989199
2008-05-08,15.2398,15.2398,14.8108,14.8680,166583229
2008-05-09,14.7765,15.1140,14.7421,14.8680,142069218
2008-05-12,14.8852,15.0911,14.8280,15.0453,83396557
2008-05-13,15.0968,15.1083,14.8108,14.9080,92714119
2008-05-14,14.9824,15.0854,14.9023,15.0110,80104494
2008-05-15,14.9996,15.2170,14.8737,15.1598,90097013
2008-05-16,15.2055,15.2055,14.8852,15.0968,64561765
2008-05-19,15.0110,15.1883,14.8337,14.9538,85711945
2008-05-20,14.7994,14.8051,14.5190,14.6048,97189420
2008-05-21,14.5648,14.6563,14.1529,14.2330,133429075
2008-05-22,14.1357,14.4561,14.1357,14.3131,81729044
2008-05-23,14.2502,14.2559,14.0328,14.1014,89026043
2008-05-27,14.0328,14.2444,14.0271,14.1758,83667623
2008-05-28,14.2902,14.3016,13.8955,14.0957,139054252
2008-05-29,14.0614,14.4103,14.0614,14.3474,96678678
2008-05-30,14.4275,14.4447,14.0442,14.1644,79018259
2008-06-02,14.1300,14.1300,13.8154,13.9527,104662574
2008-06-03,14.0671,14.1071,13.6953,13.9069,151496831
2008-06-04,13.8268,14.0728,13.6552,13.8211,169059385
2008-06-05,13.8783,14.0957,13.8440,14.0957,138013073
2008-06-06,13.9184,13.9241,13.3406,13.3463,192620233
2008-06-09,13.4207,13.5008,12.9344,13.1632,210144379
2008-06-10,13.0031,13.3749,12.9516,13.2033,217348930
2008-06-11,13.2548,13.2776,12.7742,12.8200,214532033
2008-06-12,12.9230,13.2605,12.8600,13.1690,245193165
2008-06-13,13.2433,13.3749,12.9745,13.3749,157429513
2008-06-16,13.2490,13.5866,13.1632,13.5008,152712567
2008-06-17,13.6381,13.6438,13.0545,13.1060,150943989
2008-06-18,12.8658,13.2147,12.7399,12.8886,185416667
2008-06-19,12.9172,13.0545,12.6312,13.0259,204997568
2008-06-20,12.8124,12.9855,12.6162,12.8009,222510144
2008-06-23,12.7316,12.7547,12.3103,12.3969,150520894
2008-06-24,12.3680,12.6797,12.2006,12.5411,249743926
2008-06-25,12.6162,12.9625,12.5065,12.5123,270571830
2008-06-26,12.2526,12.3622,12.0102,12.0621,177928986
2008-06-27,12.0390,12.1545,11.7447,11.8717,179566216
2008-06-30,11.8832,11.9063,11.5773,11.6928,180520980
2008-07-01,11.5023,11.7793,11.2945,11.7274,292065583
2008-07-02,11.7909,11.9640,11.5427,11.5485,180299400
2008-07-03,11.6870,11.7620,11.4215,11.5081,102694575
2008-07-07,11.6235,11.7447,11.0117,11.1272,234991745
2008-07-08,11.2137,11.8544,11.0695,11.8486,305913840
2008-07-09,11.8486,11.9063,11.1560,11.1733,277344669
2008-07-10,11.0695,11.3349,10.9367,11.0925,287294227
2008-07-11,10.7809,11.1329,10.5558,10.7809,383739753
2008-07-14,11.0810,11.1964,10.2268,10.2268,291271342
2008-07-15,10.1345,10.5154,9.6786,9.9094,577518234
2008-07-16,10.2442,11.2080,10.0999,11.2080,448019742
2008-07-17,11.6639,12.0564,11.2599,11.6928,649620981
2008-07-18,12.0448,12.1718,11.6581,11.9294,316816931
2008-07-21,12.2295,12.3969,11.8948,11.9756,260827481
2008-07-22,11.6524,12.9798,11.4850,12.9798,407857505
2008-07-23,12.6739,13.3261,12.6162,12.9625,438753143
2008-07-24,13.0490,13.0490,12.0564,12.0910,335380780
2008-07-25,12.1372,12.3680,11.8197,12.0448,241407348
2008-07-28,11.9871,12.2353,11.4273,11.4792,209227038
2008-07-29,11.5600,12.4084,11.3984,12.4084,307696205
2008-07-30,12.6219,12.7662,12.1602,12.5989,334457776
2008-07-31,12.3507,12.6970,12.2987,12.4834,208456555
2008-08-01,12.4892,12.5931,12.1429,12.4834,233089604
2008-08-04,12.3680,12.5585,12.1429,12.3795,173696931
2008-08-05,12.5758,13.0086,12.4834,13.0086,222832666
2008-08-06,12.8009,12.9682,12.6450,12.8759,174735772
2008-08-07,12.6162,12.7431,12.1256,12.2410,232640658
2008-08-08,12.1545,12.7720,12.1372,12.6624,217414542
2008-08-11,12.6219,13.1356,12.5238,12.8759,198637484
2008-08-12,12.6912,12.7027,12.1198,12.2237,235358583
2008-08-13,12.0794,12.1083,11.6812,11.8717,282142492
2008-08-14,11.8082,12.2699,11.7620,12.2410,159833779
2008-08-15,12.2814,12.4892,12.1718,12.3276,164707308
2008-08-18,12.2814,12.2814,11.8024,11.8544,199085937
2008-08-19,11.6870,11.7332,11.3811,11.5081,214356492
2008-08-20,11.5254,11.7447,11.3176,11.7447,210530790
2008-08-21,11.4619,11.6639,11.4100,11.5312,162472673
2008-08-22,11.8082,12.0160,11.6870,11.9698,181439675
2008-08-25,11.8082,11.8140,11.5427,11.5485,118690804
2008-08-26,11.5600,11.7332,11.4331,11.6408,130458179
2008-08-27,11.6466,11.8832,11.5542,11.8659,109374842
2008-08-28,11.9929,12.3796,11.9467,12.3449,190652725
2008-08-29,12.2180,12.4315,12.1833,12.3622,171501320
2008-09-02,12.6739,12.7662,12.3103,12.5354,200156538
2008-09-03,12.4777,12.7431,12.3507,12.7316,178467795
2008-09-04,12.5469,12.6566,12.1025,12.1083,226208068
2008-09-05,11.9236,12.5469,11.9063,12.5469,294009947
2008-09-08,13.5454,13.5627,12.6104,13.0894,518173693
2008-09-09,12.8239,13.1010,12.2122,12.2526,407839902
2008-09-10,12.3392,12.6393,11.9121,12.1025,310143310
2008-09-11,11.7158,12.4142,11.6408,12.3795,411572786
2008-09-12,12.0679,12.4200,11.9929,12.2064,313952147
2008-09-15,11.3926,11.9698,11.0175,11.0175,555804994
2008-09-16,10.4981,11.8428,10.3884,11.8428,594428727
2008-09-17,11.2541,11.3522,10.4519,10.7059,625337783
2008-09-18,10.8675,11.8140,9.9036,11.5485,1050592272
2008-09-19,14.1006,14.2754,12.3875,13.0401,519107037
2008-09-22,12.9585,12.9702,11.3329,11.9738,231788560
2008-09-23,11.9680,12.2127,11.6534,11.9389,213533692
2008-09-24,12.0496,12.0612,11.6242,11.8049,168258373
2008-09-25,11.8689,12.2244,11.7641,12.1311,196826560
2008-09-26,11.5660,12.4633,11.4902,12.4633,252887038
2008-09-29,11.9738,12.0496,10.7153,10.8201,422434145
2008-09-30,11.0124,11.7408,10.8784,11.5893,212701043
2008-10-01,11.5718,12.0437,11.4145,12.0437,235842858
2008-10-02,11.9389,12.0612,11.4145,11.4436,213501932
2008-10-03,11.7641,12.0321,10.9425,10.9425,322736194
2008-10-06,10.4997,10.7852,10.0394,10.3715,420354002
2008-10-07,10.5521,10.5754,9.2761,9.2761,436457082
2008-10-08,8.8915,9.7131,8.7925,8.9032,486205977
2008-10-09,9.3693,9.4217,7.9709,7.9767,485969133
2008-10-10,7.6970,8.7983,7.4523,8.7983,648326092
2008-10-13,9.3110,9.5208,8.6584,9.4858,274509061
2008-10-14,10.1559,10.4123,9.6781,10.0976,410632918
2008-10-15,9.6606,9.8063,9.0022,9.0022,256192889
2008-10-16,9.2528,9.3693,8.5011,9.2062,383211531
2008-10-17,9.0139,9.5383,8.9323,8.9440,292251095
2008-10-20,9.1770,9.3868,8.8857,9.3868,170736746
2008-10-21,9.1071,9.4509,9.0954,9.1013,162976768
2008-10-22,8.9206,9.0197,8.2506,8.5303,218857767
2008-10-23,8.5652,8.6526,7.9243,8.4429,248715672
2008-10-24,7.6912,8.3321,7.6737,7.8951,252223775
2008-10-27,8.0233,8.2914,7.6504,7.6796,183470456
2008-10-28,8.1166,8.9556,7.5747,8.8857,241738610
2008-10-29,8.6818,9.0197,8.3380,8.3380,214718037
2008-10-30,8.7400,8.8216,8.4487,8.6293,197687644
2008-10-31,8.5128,9.0663,8.5128,9.0488,173640182
2008-11-03,9.0255,9.1770,8.9906,9.1013,82914744
2008-11-04,9.2702,9.6315,9.2295,9.6140,138595705
2008-11-05,9.4567,9.5208,8.7109,8.7342,147492634
2008-11-06,8.6293,8.8216,8.1282,8.1340,201705259
2008-11-07,8.2855,8.4079,8.0816,8.2855,140329076
2008-11-10,8.4895,8.5652,7.8718,8.0408,140162645
2008-11-11,7.8835,8.0175,7.6329,7.7611,214783280
2008-11-12,7.6271,7.7728,7.2659,7.2833,233086157
2008-11-13,7.3941,7.8777,6.8172,7.8136,322958390
2008-11-14,7.6446,7.8485,7.3183,7.4174,235483653
2008-11-17,7.2892,7.3533,6.9046,6.9454,227032345
2008-11-18,6.9745,7.0561,6.5608,6.8463,265910772
2008-11-19,6.8056,6.8522,6.0831,6.1297,254938500
2008-11-20,6.0248,6.1646,5.3839,5.4713,493582622
2008-11-21,5.7276,5.7393,5.0517,5.6402,442404166
2008-11-24,5.9490,6.7531,5.8733,6.4967,378163323
2008-11-25,6.9046,7.0037,6.5375,6.8755,288533475
2008-11-26,6.6832,7.2251,6.6424,7.1959,168369286
2008-11-28,7.2076,7.4407,7.1260,7.3766,67060941
2008-12-01,7.0911,7.1085,6.1355,6.1471,205318859
2008-12-02,6.3453,6.6949,6.0831,6.6482,241340997
2008-12-03,6.3802,7.0736,6.3453,6.9920,257054343
2008-12-04,6.8230,7.3125,6.7531,6.9163,219393375
2008-12-05,6.7473,7.5106,6.7356,7.4640,275159275
2008-12-08,7.7728,8.0525,7.6854,7.9651,248535576
2008-12-09,7.8252,8.0350,7.5747,7.6446,237956855
2008-12-10,7.7029,7.7437,7.3474,7.5106,191223909
2008-12-11,7.3941,7.4523,6.8988,6.9337,190928716
2008-12-12,6.6832,7.0911,6.6016,7.0678,164449290
2008-12-15,7.0503,7.0736,6.6774,6.7764,136861718
2008-12-16,7.5339,7.5456,6.8930,7.5339,274174721
2008-12-17,7.3941,7.6796,7.3125,7.4640,185359425
2008-12-18,7.4989,7.6038,7.1668,7.2484,182620327
2008-12-19,7.2502,7.4217,7.1260,7.2324,162598605
2008-12-22,7.2502,7.2856,6.8717,6.9781,148061603
2008-12-23,7.0136,7.0787,6.7948,6.8126,73468296
2008-12-24,6.8658,6.9722,6.8007,6.9604,22234938
2008-12-26,7.0314,7.0432,6.8835,6.9663,37218054
2008-12-29,6.9840,6.9900,6.7771,6.9072,47453450
2008-12-30,6.9426,7.2088,6.9190,7.1733,72357934
2008-12-31,7.1910,7.4690,7.1378,7.4039,109208165
2009-01-02,7.4098,7.5754,7.2206,7.4867,117919090
2009-01-05,7.4512,7.5340,7.3211,7.3625,127885266
2009-01-06,7.4512,7.5813,7.3980,7.4808,153337176
2009-01-07,7.3093,7.3625,7.0787,7.0905,131015946
2009-01-08,7.0491,7.1674,6.9840,7.0609,132274643
2009-01-09,7.1201,7.1615,6.8244,6.8362,125745788
2009-01-12,6.8125,6.8303,6.3809,6.4755,179488048
2009-01-13,6.3809,6.6411,6.3158,6.5642,253377222
2009-01-14,6.3454,6.3572,6.1384,6.1857,201367472
2009-01-15,6.1680,6.1739,5.6712,5.9018,326492960
2009-01-16,6.0615,6.1266,5.4642,5.7244,250760855
2009-01-20,5.4051,5.4701,4.7723,4.7782,300320300
2009-01-21,5.0621,5.4938,4.8551,5.4820,389759343
2009-01-22,5.2632,5.4169,5.0030,5.1449,289483314
2009-01-23,4.9143,5.3755,4.8965,5.3164,284052758
2009-01-26,5.4228,5.5589,5.1449,5.2218,248432049
2009-01-27,5.3282,5.4288,5.2395,5.4051,166844939
2009-01-28,5.8782,6.2153,5.7895,6.0970,385065663
2009-01-29,5.8664,5.9196,5.5884,5.6180,203495871
2009-01-30,5.6949,5.7481,5.3696,5.4642,282654711
2009-02-02,5.3223,5.5175,5.2691,5.4642,148428194
2009-02-03,5.5529,5.5648,5.2454,5.3637,226112665
2009-02-04,5.4169,5.5352,5.2632,5.3046,261722787
2009-02-05,5.2395,5.5234,5.0503,5.3874,474387516
2009-02-06,5.5352,5.8486,5.4938,5.7895,326797509
2009-02-09,5.8427,5.9669,5.7540,5.8545,208984531
2009-02-10,5.7836,5.8427,5.2040,5.2573,399645012
2009-02-11,5.3460,5.5234,5.3223,5.5115,225005627
2009-02-12,5.3341,5.4701,5.1153,5.4406,282216229
2009-02-13,5.3223,5.4110,5.2159,5.2336,209027739
2009-02-17,4.9024,4.9675,4.7132,4.7132,274266185
2009-02-18,4.8551,4.8670,4.5654,4.7132,269314979
2009-02-19,4.8019,4.8256,4.4353,4.4648,257146298
2009-02-20,4.2460,4.5121,4.0509,4.3998,503483309
2009-02-23,4.5594,4.5949,4.2460,4.2460,262755965
2009-02-24,4.3052,4.7605,4.2519,4.7605,327940739
2009-02-25,4.6895,4.9497,4.4530,4.7309,400245986
2009-02-26,4.9557,5.0621,4.7605,4.8078,388346771
2009-02-27,4.4648,4.7191,4.4589,4.4944,308811984
2009-03-02,4.3229,4.3998,4.1632,4.2105,230782341
2009-03-03,4.3170,4.3465,4.0450,4.1277,234076127
2009-03-04,4.2756,4.2815,3.9622,4.0745,285063778
2009-03-05,3.9622,3.9740,3.6014,3.6901,346455471
2009-03-06,3.7434,3.8321,3.4772,3.6547,265816601
2009-03-09,3.5778,3.8143,3.5305,3.7020,300571670
2009-03-10,3.9385,4.2756,3.9030,4.2519,435885036
2009-03-11,4.4175,4.5299,4.2638,4.3643,511086088
2009-03-12,4.3465,4.8670,4.2933,4.8137,476439962
2009-03-13,4.9024,4.9675,4.6363,4.8433,341559661
2009-03-16,4.9616,5.1331,4.7309,4.7487,353656206
2009-03-17,4.7428,5.0739,4.6541,5.0562,276164140
2009-03-18,4.9971,5.5884,4.9438,5.5648,509248328
2009-03-19,5.7244,5.7363,5.1094,5.1212,508014866
2009-03-20,5.1189,5.1427,4.8321,4.8620,375016395
2009-03-23,5.2861,5.7460,5.1726,5.6624,457828227
2009-03-24,5.5071,5.7759,5.3458,5.3876,368470429
2009-03-25,5.5131,5.7102,5.1905,5.5668,440502517
2009-03-26,5.6684,5.7042,5.4474,5.6325,306281294
2009-03-27,5.4832,5.6684,5.4474,5.4593,245167807
2009-03-30,5.1547,5.2383,4.9397,4.9874,273044294
2009-03-31,5.1189,5.3518,5.0412,5.2622,300060805
2009-04-01,5.1129,5.4474,5.1009,5.4115,214623004
2009-04-02,5.7281,5.7460,5.4832,5.5609,293319479
2009-04-03,5.5071,5.8057,5.4772,5.7878,224946170
2009-04-06,5.5967,5.7102,5.5429,5.6325,222197593
2009-04-07,5.4593,5.6206,5.4533,5.4653,212819958
2009-04-08,5.5489,5.6086,5.3817,5.4951,154755288
2009-04-09,5.9909,6.3792,5.9073,6.3493,384778225
2009-04-13,6.2239,6.7256,6.1820,6.6181,307171184
2009-04-14,6.5165,6.6479,6.1402,6.1820,393041928
2009-04-15,6.0984,6.5285,6.0088,6.4807,237804457
2009-04-16,6.6002,6.6599,6.3254,6.5524,267621000
2009-04-17,6.5225,6.7674,6.4030,6.6360,281153137
2009-04-20,6.3254,6.3612,5.8774,5.8953,325535488
2009-04-21,5.6445,6.3373,5.6206,6.3314,356329199
2009-04-22,6.1223,6.4867,6.0865,6.1044,299510302
2009-04-23,6.1940,6.4329,6.1044,6.3911,208109536
2009-04-24,6.4269,6.6599,6.3075,6.5344,288261916
2009-04-27,6.3493,6.5225,6.2896,6.4269,157074123
2009-04-28,6.1761,6.3612,6.1582,6.2298,166197310
2009-04-29,6.3135,6.5583,6.3015,6.4986,192158977
2009-04-30,6.6121,6.6599,6.3553,6.4090,215537513
2009-05-01,6.4150,6.5106,6.3015,6.3612,137526705
2009-05-04,6.4449,7.0123,6.4389,7.0063,260737864
2009-05-05,6.8749,7.0302,6.8331,6.9048,200012388
2009-05-06,7.1138,7.5021,7.0780,7.4543,330286040
2009-05-07,7.8067,7.8067,7.1258,7.2393,350441326
2009-05-08,7.3527,7.8127,7.2930,7.7768,368943749
2009-05-11,7.5319,7.6215,7.2930,7.3229,254006756
2009-05-12,7.3766,7.3946,6.9406,7.1676,254245447
2009-05-13,6.9645,7.0183,6.7674,6.8032,237690343
2009-05-14,6.7435,7.0959,6.7375,7.0302,214387267
2009-05-15,7.0541,7.1138,6.8271,6.8869,188082520
2009-05-18,7.0840,7.3886,7.0302,7.3408,168822171
2009-05-19,7.3408,7.4603,7.1795,7.1915,194454423
2009-05-20,7.3587,7.3886,6.9526,7.0003,338297881
2009-05-21,6.8988,7.0899,6.8809,7.0123,267674180
2009-05-22,7.0780,7.0959,6.9346,6.9645,118089215
2009-05-26,6.8809,7.2213,6.8749,7.1915,185271163
2009-05-27,7.2572,7.2811,6.9526,6.9764,211276284
2009-05-28,7.0302,7.1975,6.9107,7.1736,228614303
2009-05-29,7.2333,7.3766,7.0959,7.3050,231964224
2009-06-01,7.4005,7.5200,7.3109,7.3826,236336489
2009-06-02,7.2811,7.3766,7.2213,7.2632,237238566
2009-06-03,7.2154,7.2811,7.0959,7.1676,172765434
2009-06-04,7.2333,7.4364,7.2154,7.4244,200735723
2009-06-05,7.5499,7.5678,7.3050,7.3587,188049530
2009-06-08,7.2870,7.4842,7.2811,7.4125,114387228
2009-06-09,7.4543,7.4901,7.3766,7.4662,114763791
2009-06-10,7.5080,7.5140,7.2632,7.3527,193137006
2009-06-11,7.3527,7.5200,7.3408,7.4125,192736070
2009-06-12,7.4065,7.4662,7.3886,7.4603,101101415
2009-06-15,7.3886,7.4065,7.2393,7.2691,117569979
2009-06-16,7.2870,7.3050,7.1138,7.1437,139644394
2009-06-17,7.0959,7.1079,6.8749,6.9346,255798230
2009-06-18,6.9585,7.1377,6.9526,7.1019,149106352
2009-06-19,7.1925,7.2706,7.0905,7.2286,218644804
2009-06-22,7.1325,7.1805,6.8023,6.8083,163965753
2009-06-23,6.8623,6.9584,6.7843,6.8863,172708561
2009-06-24,6.9824,7.0845,6.9164,6.9704,133115662
2009-06-25,6.9464,7.1205,6.9044,7.1205,156577784
2009-06-26,7.0845,7.1865,7.0484,7.1565,90023153
2009-06-29,7.1745,7.2646,7.0965,7.2466,137113950
2009-06-30,7.2526,7.2706,7.1205,7.1745,124690329
2009-07-01,7.1865,7.2226,7.1265,7.1325,71842391
2009-07-02,7.0605,7.0665,6.8683,6.8863,125072185
2009-07-06,6.8203,6.9044,6.7543,6.8923,107628053
2009-07-07,6.8984,6.9164,6.7603,6.7843,119638920
2009-07-08,6.7963,6.8143,6.5021,6.6702,248119375
2009-07-09,6.7663,6.8263,6.7002,6.7543,160788419
2009-07-10,6.7062,6.7242,6.6162,6.6642,117735302
2009-07-13,6.8143,7.0965,6.7723,7.0905,278149374
2009-07-14,7.0965,7.1085,6.9764,7.0605,195259127
2009-07-15,7.1745,7.4447,7.1625,7.3606,222874027
2009-07-16,7.2946,7.4087,7.2166,7.3366,147851963
2009-07-17,7.3546,7.3847,7.2346,7.2886,173246139
2009-07-20,7.3426,7.3967,7.2946,7.3486,135604252
2009-07-21,7.3546,7.3787,7.2105,7.2826,156874455
2009-07-22,7.1505,7.3486,7.1385,7.2886,123101477
2009-07-23,7.3006,7.5408,7.2586,7.4987,156626901
2009-07-24,7.4327,7.4987,7.3606,7.4567,89317544
2009-07-27,7.4807,7.5948,7.4507,7.5768,113482936
2009-07-28,7.5107,7.5888,7.4867,7.5588,73711911
2009-07-29,7.5107,7.5948,7.4867,7.5588,124764312
2009-07-30,7.6308,7.8229,7.6308,7.7329,161803625
2009-07-31,7.7329,7.8169,7.6849,7.8109,161635840
2009-08-03,7.9550,8.0211,7.9010,8.0091,141779933
2009-08-04,7.9670,8.2132,7.9370,8.1712,123182969
2009-08-05,8.2192,8.4954,8.1772,8.4533,205272204
2009-08-06,8.5854,8.6154,8.3213,8.3933,290627775
2009-08-07,8.5134,8.7655,8.4653,8.6154,233042703
2009-08-10,8.6034,8.6755,8.4773,8.5794,117157348
2009-08-11,8.5254,8.5314,8.2492,8.2612,157646661
2009-08-12,8.2372,8.4954,8.2312,8.4293,128570318
2009-08-13,8.5614,8.6094,8.4053,8.6034,166225254
2009-08-14,8.5974,8.6034,8.4053,8.5494,133410610
2009-08-17,8.2972,8.3092,8.1772,8.1892,141513667
2009-08-18,8.2672,8.3933,8.2552,8.3573,99642556
2009-08-19,8.2252,8.4053,8.2072,8.3513,96251028
2009-08-20,8.3753,8.5854,8.3693,8.5674,111257534
2009-08-21,8.6635,8.7775,8.6154,8.7355,134382361
2009-08-24,8.8616,8.9216,8.6455,8.6695,152575803
2009-08-25,8.7355,8.8616,8.7355,8.7775,116332824
2009-08-26,8.7295,8.8136,8.6515,8.7535,113992570
2009-08-27,8.7475,8.8616,8.6515,8.8436,100287847
2009-08-28,8.9276,8.9456,8.7535,8.8556,99309571
2009-08-31,8.6935,8.8316,8.6815,8.8256,101467637
2009-09-01,8.7595,8.8556,8.3333,8.3513,234730773
2009-09-02,8.2792,8.4053,8.2492,8.2792,129933281
2009-09-03,8.3693,8.4714,8.3092,8.4413,97488183
2009-09-04,8.4954,8.5374,8.4173,8.5374,89279383
2009-09-08,8.6635,8.6755,8.5254,8.5734,99369767
2009-09-09,8.5974,8.7355,8.5734,8.7055,111341365
2009-09-10,8.6755,8.7956,8.5734,8.7775,114235569
2009-09-11,8.8076,8.8136,8.7175,8.7235,80452005
2009-09-14,8.6094,8.8616,8.6034,8.8376,88924363
2009-09-15,8.8616,8.9456,8.7475,8.8556,129108388
2009-09-16,8.9096,9.1618,8.8856,9.1618,153591131
2009-09-17,9.1558,9.2638,9.0657,9.1318,137935027
2009-09-18,9.1721,9.1842,9.0637,9.1179,112413566
2009-09-21,9.0336,9.0818,9.0035,9.0336,103587296
2009-09-22,9.1661,9.2504,9.1119,9.2384,105834240
2009-09-23,9.2564,9.2986,9.0396,9.0517,134086798
2009-09-24,9.1059,9.1300,8.8168,8.8710,163284149
2009-09-25,8.8228,8.9011,8.7204,8.7867,143733037
2009-09-28,8.8349,9.0938,8.8228,9.0818,96599401
2009-09-29,9.1179,9.1842,9.0216,9.0396,127167716
2009-09-30,9.0938,9.1239,8.8951,8.9975,180006914
2009-10-01,8.9493,8.9674,8.5940,8.6000,157511128
2009-10-02,8.4554,8.7084,8.4133,8.6060,158977372
2009-10-05,8.7144,8.8951,8.6903,8.8770,121768797
2009-10-06,8.9975,9.0878,8.8589,8.9914,157014296
2009-10-07,8.9493,9.0938,8.9312,9.0878,120700289
2009-10-08,9.1540,9.2083,9.0697,9.0998,112612372
2009-10-09,9.0758,9.1842,9.0577,9.1781,73837719
2009-10-12,9.2203,9.2624,9.1661,9.2504,91643272
2009-10-13,9.1902,9.2203,9.0818,9.1601,91537160
2009-10-14,9.3588,9.4913,9.2926,9.4732,164466893
2009-10-15,9.3709,9.4070,9.3046,9.3889,103035685
2009-10-16,9.2143,9.2384,9.1420,9.1661,138771615
2009-10-19,9.2022,9.2564,9.1239,9.2083,114214273
2009-10-20,9.1902,9.2444,9.0818,9.1360,131393863
2009-10-21,9.1119,9.2625,8.9553,8.9613,105829686
2009-10-22,9.0035,9.2444,8.9674,9.2263,148468694
2009-10-23,9.2444,9.2745,9.0336,9.0938,108821016
2009-10-26,9.0878,9.1179,8.8108,8.8589,149608600
2009-10-27,8.8650,8.9011,8.7385,8.7927,125341405
2009-10-28,8.7566,8.7927,8.4976,8.5217,145026326
2009-10-29,8.6723,8.8891,8.6060,8.8770,147296659
2009-10-30,8.7987,8.7987,8.4133,8.4615,168815032
2009-11-02,8.5277,8.6783,8.2989,8.5337,209353831
2009-11-03,8.3892,8.5940,8.3832,8.5578,135013126
2009-11-04,8.6843,8.7084,8.4253,8.4374,156933912
2009-11-05,8.5097,8.6662,8.4494,8.6542,128854925
2009-11-06,8.5097,8.6602,8.4976,8.6181,91056947
2009-11-09,8.7385,8.9372,8.6843,8.9252,123283911
2009-11-10,8.8830,8.9553,8.8108,8.8951,86729120
2009-11-11,8.9854,9.1119,8.9553,9.0155,123428800
2009-11-12,8.9975,9.0577,8.8288,8.8469,112801454
2009-11-13,8.8589,8.8951,8.7566,8.8288,92111052
2009-11-16,8.9372,9.0456,8.8830,8.9252,150075519
2009-11-17,8.9071,8.9674,8.8710,8.9493,70430557
2009-11-18,8.9613,9.0276,8.9252,9.0216,90591013
2009-11-19,8.9674,8.9734,8.8108,8.8469,95800113
2009-11-20,8.7746,8.8469,8.7566,8.7927,65219734
2009-11-23,8.8891,8.9794,8.8710,8.9192,91208237
2009-11-24,8.8951,8.9252,8.8047,8.8529,75278974
2009-11-25,8.9011,8.9071,8.8168,8.8349,54272328
2009-11-27,8.5819,8.7325,8.5518,8.6000,93325557
2009-11-30,8.6421,8.8469,8.6361,8.8288,124414954
2009-12-01,8.8891,8.9132,8.7867,8.8349,106757244
2009-12-02,8.8168,8.8710,8.7807,8.8288,76497910
2009-12-03,8.9011,8.9975,8.6301,8.6482,205411431
2009-12-04,8.8108,8.8469,8.6602,8.8108,240718603
2009-12-07,8.7746,8.8288,8.6361,8.6662,99919162
2009-12-08,8.6120,8.6542,8.5639,8.5879,133715775
2009-12-09,8.6060,8.6662,8.5398,8.6181,90631636
2009-12-10,8.6421,8.6843,8.5639,8.6060,86215178
2009-12-11,8.6120,8.6723,8.5398,8.6662,81270989
2009-12-14,8.6903,8.7204,8.6060,8.7144,72967894
2009-12-15,8.6602,8.6963,8.5398,8.5759,105373600
2009-12-16,8.6301,8.6843,8.5940,8.6301,112051283
2009-12-17,8.5578,8.5819,8.4675,8.4675,113375592
2009-12-18,8.5291,8.6077,8.4687,8.5956,116291955
2009-12-21,8.6380,8.7226,8.6319,8.7226,71633860
2009-12-22,8.7165,8.7468,8.6984,8.7407,32138456
2009-12-23,8.7528,8.7649,8.6863,8.7044,47493211
2009-12-24,8.7347,8.7830,8.7286,8.7830,22487785
2009-12-28,8.7951,8.8193,8.7165,8.7528,36303913
2009-12-29,8.7770,8.7830,8.7165,8.7165,32447806
2009-12-30,8.6803,8.7286,8.6440,8.7226,35503394
2009-12-31,8.7347,8.7770,8.6924,8.7044,40923487
2010-01-04,8.7770,8.9039,8.7589,8.8797,92942347
2010-01-05,8.8677,9.0430,8.8556,9.0430,96770018
2010-01-06,9.0369,9.0974,8.9704,9.0611,75492798
2010-01-07,9.0792,9.3089,9.0611,9.2545,117869112
2010-01-08,9.2062,9.2545,9.1276,9.2001,111866140
2010-01-11,9.2908,9.2968,9.1518,9.2062,72747299
2010-01-12,9.1336,9.1759,9.0127,9.0732,137613736
2010-01-13,9.0732,9.2062,9.0006,9.1759,100839458
2010-01-14,9.1457,9.2485,9.1215,9.2183,70844542
2010-01-15,9.1638,9.1699,9.0188,9.0309,118059301
2010-01-19,8.9946,9.1518,8.9462,9.1457,100437782
2010-01-20,9.0853,9.1820,9.0248,9.1215,99359426
2010-01-21,9.1155,9.1759,8.7649,8.8616,310007531
2010-01-22,8.8314,8.8737,8.5231,8.5715,260932239
2010-01-25,8.6924,8.7286,8.5352,8.6198,179396215
2010-01-26,8.5654,8.7044,8.4566,8.4687,151799780
2010-01-27,8.4929,8.6924,8.4566,8.6742,254674696
2010-01-28,8.7407,8.7830,8.5231,8.6319,275452007
2010-01-29,8.6924,8.8072,8.5473,8.5715,222839929
2010-02-01,8.6259,8.7407,8.6259,8.7165,155187738
2010-02-02,8.7226,8.8253,8.6863,8.8012,135155306
2010-02-03,8.7528,8.8133,8.6803,8.7044,131388692
2010-02-04,8.6259,8.6380,8.3236,8.3297,266891017
2010-02-05,8.3780,8.4506,8.1665,8.4264,315216015
2010-02-08,8.4445,8.4445,8.2450,8.2571,132199183
2010-02-09,8.3599,8.4022,8.2209,8.3418,190172389
2010-02-10,8.3539,8.4989,8.2994,8.4083,155220729
2010-02-11,8.4083,8.4687,8.2088,8.4264,92212240
2010-02-12,8.3297,8.4324,8.2753,8.4324,125390768
2010-02-16,8.4929,8.6198,8.4385,8.6077,134800901
2010-02-17,8.6742,8.6742,8.5956,8.6380,81067751
2010-02-18,8.6017,8.7165,8.5956,8.6924,73617370
2010-02-19,8.6380,8.7709,8.6319,8.7407,72633555
2010-02-22,8.7709,8.9039,8.7589,8.8556,86110666
2010-02-23,8.8133,8.8797,8.6621,8.6924,144519031
2010-02-24,8.6984,8.8556,8.6984,8.8435,87297473
2010-02-25,8.7226,8.8314,8.6682,8.8193,130407585
2010-02-26,8.8193,8.9039,8.7709,8.8737,129857821
2010-03-01,8.9039,8.9221,8.8435,8.8979,65465319
2010-03-02,8.9221,9.0127,8.9160,8.9281,71151554
2010-03-03,8.9402,9.0006,8.9100,8.9341,69710915
2010-03-04,8.9583,9.0309,8.9462,9.0248,65092695
2010-03-05,9.0732,9.2182,9.0611,9.2001,99635663
2010-03-08,9.2183,9.2545,9.2001,9.2183,66161942
2010-03-09,9.1699,9.3089,9.1397,9.2485,110608058
2010-03-10,9.3089,9.4056,9.2908,9.3512,123834045
2010-03-11,9.3271,9.4359,9.3150,9.4298,75285990
2010-03-12,9.5084,9.5084,9.3512,9.3935,125183468
2010-03-15,9.3391,9.4117,9.2908,9.3935,86475904
2010-03-16,9.4238,9.5144,9.3996,9.5084,92828356
2010-03-17,9.5628,9.6535,9.5507,9.6232,113668817
2010-03-18,9.6051,9.6172,9.5084,9.5688,91978843
2010-03-19,9.5058,9.6149,9.4695,9.5058,110142617
2010-03-22,9.4089,9.5604,9.4028,9.5543,78909193
2010-03-23,9.5785,9.6391,9.5240,9.6331,79992227
2010-03-24,9.5725,9.6876,9.5725,9.6391,86346279
2010-03-25,9.7058,9.8875,9.6694,9.6815,150906813
2010-03-26,9.7239,9.8148,9.6391,9.6937,218970526
2010-03-29,9.7482,9.7785,9.6452,9.7058,76076908
2010-03-30,9.7118,9.7421,9.6209,9.6452,59183033
2010-03-31,9.5846,9.6997,9.5785,9.6634,72467985
2010-04-01,9.7421,9.7724,9.6755,9.7421,59488321
2010-04-05,9.7966,9.8512,9.7724,9.8391,55300582
2010-04-06,9.8330,9.9663,9.8148,9.9421,63364125
2010-04-07,9.9663,10.0026,9.8451,9.9057,91544300
2010-04-08,9.8694,10.0148,9.8269,9.9845,86447591
2010-04-09,10.0208,10.0450,9.9602,10.0208,64967625
2010-04-12,10.0511,10.1056,10.0390,10.0632,56718325
2010-04-13,10.0511,10.1238,10.0026,10.0693,85280479
2010-04-14,10.1965,10.3359,10.1844,10.3298,155369926
2010-04-15,10.3540,10.3722,10.2571,10.2874,101626682
2010-04-16,10.2450,10.2571,9.7361,9.9118,468533372
2010-04-19,9.7966,10.0269,9.7845,10.0087,319699563
2010-04-20,10.0875,10.1420,10.0269,10.1420,151176894
2010-04-21,10.1480,10.2389,9.9663,10.0814,210131946
2010-04-22,9.9723,10.1662,9.9299,10.1359,123733596
2010-04-23,10.1541,10.2086,10.0996,10.1662,109054906
2010-04-26,10.1602,10.1602,9.9845,10.0087,128910443
2010-04-27,9.8996,10.0087,9.6452,9.6694,289883143
2010-04-28,9.8027,9.8754,9.7179,9.8088,194917032
2010-04-29,9.9360,10.0875,9.8875,10.0329,153177515
2010-04-30,9.9845,10.0148,9.7724,9.7906,206146707
2010-05-03,9.8754,10.0026,9.8451,9.9784,110817944
2010-05-04,9.8330,9.8633,9.6452,9.7058,195182313
2010-05-05,9.5483,9.8148,9.5119,9.6512,227201362
2010-05-06,9.6088,9.7179,8.8212,9.2453,385070710
2010-05-07,9.2514,9.4150,9.0090,9.1423,434082852
2010-05-10,9.6149,9.7058,9.4937,9.6512,220172844
2010-05-11,9.5058,9.7724,9.4998,9.6149,149938016
2010-05-12,9.6755,9.7300,9.5967,9.7239,108045855
2010-05-13,9.6937,9.7179,9.5483,9.5483,117497842
2010-05-14,9.4392,9.4453,9.2029,9.2999,185612150
2010-05-17,9.2998,9.3847,9.0817,9.3059,215164644
2010-05-18,9.4150,9.4210,8.9727,9.0393,245298293
2010-05-19,8.9545,9.1423,8.8697,9.0514,282446426
2010-05-20,8.8818,8.9121,8.6152,8.6334,264759910
2010-05-21,8.4517,9.0514,8.4517,8.9363,256736868
2010-05-24,8.9787,8.9787,8.6698,8.6819,132667948
2010-05-25,8.4395,8.7667,8.3850,8.7606,202843441
2010-05-26,8.9000,8.9182,8.6516,8.7001,153920670
2010-05-27,8.8879,9.0999,8.8394,9.0939,150171413
2010-05-28,9.0696,9.0757,8.8636,8.8939,156946837
2010-06-01,8.7970,8.9242,8.6940,8.7061,102271849
2010-06-02,8.7970,8.9788,8.7122,8.9788,97060780
2010-06-03,9.0151,9.0333,8.8333,8.9303,126116689
2010-06-04,8.7485,8.7970,8.5304,8.5728,146914680
2010-06-07,8.6092,8.6516,8.3729,8.4032,128171597
2010-06-08,8.4517,8.5849,8.3002,8.5789,180966602
2010-06-09,8.6395,8.7061,8.4517,8.4880,153438734
2010-06-10,8.6152,8.7849,8.5546,8.7667,138725329
2010-06-11,8.6819,8.8212,8.6576,8.7909,66406172
2010-06-14,8.8636,8.9060,8.7425,8.7546,111620925
2010-06-15,8.8091,8.9787,8.7546,8.9606,124529437
2010-06-16,8.9060,9.0151,8.8697,8.9666,76874719
2010-06-17,8.9909,9.0030,8.8576,8.9545,88713985
2010-06-18,8.9976,9.0219,8.9369,9.0037,82191162
2010-06-21,9.1069,9.1373,8.9430,8.9915,105541262
2010-06-22,8.9976,9.0401,8.8398,8.8519,102404305
2010-06-23,8.8580,8.9005,8.7548,8.8094,147406957
2010-06-24,8.7548,8.8337,8.6151,8.6516,180425454
2010-06-25,8.7608,8.9066,8.6394,8.8883,174342222
2010-06-28,8.8944,8.9187,8.7791,8.8033,97958795
2010-06-29,8.6819,8.6941,8.4208,8.4876,190216582
2010-06-30,8.4755,8.5726,8.3480,8.3844,152587990
2010-07-01,8.3723,8.4391,8.1051,8.3055,164533121
2010-07-02,8.3662,8.3783,8.1416,8.2084,82338882
2010-07-06,8.3905,8.4330,8.1659,8.2569,131649787
2010-07-07,8.3116,8.6394,8.2994,8.6212,135275082
2010-07-08,8.7244,8.7366,8.5544,8.6880,99375306
2010-07-09,8.6576,8.8276,8.6516,8.8094,99814035
2010-07-12,8.7973,8.8398,8.7123,8.8216,67070912
2010-07-13,8.9369,9.0887,8.9308,9.0401,103837681
2010-07-14,8.9976,9.0037,8.8762,8.9733,95201847
2010-07-15,8.9855,9.0037,8.7608,8.9551,118284082
2010-07-16,8.8458,8.8641,8.5544,8.5787,174393677
2010-07-19,8.5908,8.6273,8.4330,8.5726,87813508
2010-07-20,8.4148,8.6758,8.4026,8.6637,113625609
2010-07-21,8.8216,8.8216,8.4998,8.5241,126180578
2010-07-22,8.6333,8.8094,8.6333,8.7730,103468874
2010-07-23,8.7548,8.8641,8.6758,8.8398,85939803
2010-07-26,8.8519,8.9794,8.8033,8.9612,97582109
2010-07-27,9.0765,9.1190,8.9673,8.9855,114958905
2010-07-28,8.9612,9.0158,8.8762,8.9066,60830850
2010-07-29,8.9855,9.0280,8.8276,8.9369,86025234
2010-07-30,8.8216,8.9915,8.8216,8.9308,72789892
2010-08-02,9.0583,9.1615,9.0219,9.1555,120011913
2010-08-03,9.1069,9.1312,9.0401,9.0523,81845251
2010-08-04,9.0887,9.1190,9.0340,9.0887,82030516
2010-08-05,9.0219,9.0705,8.9976,9.0523,50578959
2010-08-06,8.9612,9.0098,8.8519,8.9733,101926554
2010-08-09,9.0158,9.0462,8.9308,9.0219,49583449
2010-08-10,8.9369,9.0158,8.8823,8.9430,81174971
2010-08-11,8.8033,8.8094,8.6151,8.6273,117411918
2010-08-12,8.5362,8.6212,8.5059,8.5666,88825636
2010-08-13,8.5605,8.6455,8.5423,8.5423,64041298
2010-08-16,8.5180,8.5544,8.4755,8.5180,68304497
2010-08-17,8.6091,8.6698,8.5362,8.5848,79810039
2010-08-18,8.5787,8.6819,8.5483,8.6212,68372325
2010-08-19,8.5666,8.6030,8.4026,8.4208,124471211
2010-08-20,8.3905,8.4148,8.3176,8.3966,81137426
2010-08-23,8.4391,8.4512,8.3358,8.3419,66239371
2010-08-24,8.2387,8.2812,8.1780,8.2023,116123431
2010-08-25,8.1416,8.2569,8.0687,8.2266,90747843
2010-08-26,8.2691,8.3237,8.1355,8.1598,88256545
2010-08-27,8.1962,8.3419,8.1051,8.3359,107590139
2010-08-30,8.2994,8.3176,8.1537,8.1598,78521797
2010-08-31,8.1537,8.2630,8.0930,8.2326,131233463
2010-09-01,8.3358,8.5605,8.3298,8.5483,163002496
2010-09-02,8.5423,8.6333,8.5362,8.6333,82205072
2010-09-03,8.7487,8.8155,8.7123,8.8155,108976122
2010-09-07,8.7305,8.7366,8.6030,8.6151,69632992
2010-09-08,8.6455,8.7608,8.6394,8.7001,63465559
2010-09-09,8.8337,8.8823,8.7548,8.8094,100214233
2010-09-10,8.8155,8.8519,8.7851,8.8216,48934712
2010-09-13,8.9551,9.0340,8.9551,9.0098,93892679
2010-09-14,8.9794,8.9976,8.8823,8.9308,81324661
2010-09-15,8.8641,8.9733,8.8337,8.9612,91766372
2010-09-16,8.9308,8.9430,8.8762,8.9369,65492647
2010-09-17,8.9692,8.9874,8.8779,8.8900,80925078
2010-09-20,8.9022,9.0848,8.8901,9.0604,64263001
2010-09-21,9.0848,9.1091,8.9448,8.9752,103705472
2010-09-22,8.9144,8.9996,8.8109,8.8292,114854147
2010-09-23,8.7440,8.8170,8.6406,8.6588,127349658
2010-09-24,8.7623,8.8900,8.7562,8.8900,94600257
2010-09-27,8.8901,8.8901,8.7744,8.7927,76726384
2010-09-28,8.8231,8.8353,8.7075,8.8109,101337767
2010-09-29,8.7805,8.8231,8.7014,8.7440,82229692
2010-09-30,8.7988,8.9022,8.7258,8.7318,132373000
2010-10-01,8.8170,8.8535,8.7258,8.8231,162650799
2010-10-04,8.8109,8.8779,8.7197,8.7623,105309096
2010-10-05,8.8414,8.9996,8.7744,8.9631,163731125
2010-10-06,8.9813,9.0057,8.9266,8.9570,79712666
2010-10-07,8.9996,9.0300,8.8718,8.9205,88379153
2010-10-08,8.9326,8.9631,8.8961,8.9448,76830034
2010-10-11,8.9509,8.9631,8.8961,8.9326,50798200
2010-10-12,8.8840,9.0483,8.8657,9.0361,81038084
2010-10-13,9.0909,9.1274,9.0178,9.0422,138693077
2010-10-14,8.9570,8.9752,8.7988,8.8840,208325454
2010-10-15,8.9144,8.9570,8.6710,8.7318,163544136
2010-10-18,8.7014,8.9387,8.7014,8.9266,96393824
2010-10-19,8.8596,8.9874,8.7684,8.8049,180636325
2010-10-20,8.8109,8.9387,8.7318,8.8900,118915708
2010-10-21,8.9266,8.9935,8.8170,8.8900,90587936
2010-10-22,8.9083,8.9387,8.8596,8.8840,50796353
2010-10-25,8.9631,8.9752,8.8414,8.8535,56338931
2010-10-26,8.8170,8.8840,8.7988,8.8657,58349523
2010-10-27,8.8353,8.9022,8.8049,8.8718,77185177
2010-10-28,8.9205,8.9448,8.8170,8.8718,71284256
2010-10-29,8.8475,8.8779,8.8109,8.8596,49026545
2010-11-01,8.8779,8.9387,8.7744,8.8596,80929756
2010-11-02,8.9144,8.9205,8.8596,8.8840,67197828
2010-11-03,8.8901,8.9752,8.8231,8.9692,133181275
2010-11-04,9.0604,9.2856,9.0543,9.2673,204934664
2010-11-05,9.2917,9.5411,9.2673,9.4803,203857416
2010-11-08,9.4681,9.4742,9.3221,9.4073,110754301
2010-11-09,9.4377,9.4438,9.1700,9.2308,150410720
2010-11-10,9.2308,9.3403,9.1517,9.3342,149972115
2010-11-11,9.2430,9.2856,9.1943,9.2430,73585118
2010-11-12,9.1943,9.2247,9.0665,9.0909,109245218
2010-11-15,9.1517,9.2491,9.1213,9.1335,88027456
2010-11-16,9.0848,9.0969,8.9083,8.9813,166446464
2010-11-17,8.9752,8.9996,8.8961,8.9205,111420026
2010-11-18,9.0300,9.1030,9.0057,9.0422,105170116
2010-11-19,8.9935,9.0422,8.9570,9.0422,53682925
2010-11-22,8.9813,8.9874,8.8475,8.9083,119643844
2010-11-23,8.8109,8.8414,8.7623,8.7684,104476201
2010-11-24,8.8292,8.9083,8.8049,8.9022,72325066
2010-11-26,8.8231,8.8718,8.7744,8.7744,39044858
2010-11-29,8.7562,8.8840,8.7379,8.8475,101123080
2010-11-30,8.7744,8.8657,8.7623,8.7988,94421024
2010-12-01,8.9266,8.9813,8.9022,8.9752,102218916
2010-12-02,9.0178,9.2186,9.0057,9.2065,139900073
2010-12-03,9.1456,9.2551,9.0969,9.2369,111832288
2010-12-06,9.2126,9.2551,9.1760,9.2247,64905337
2010-12-07,9.3525,9.3525,9.2126,9.2369,131973540
2010-12-08,9.2430,9.3890,9.2308,9.3890,119732230
2010-12-09,9.4499,9.5229,9.4012,9.5046,95687230
2010-12-10,9.5351,9.5959,9.4742,9.5898,69683833
2010-12-13,9.6324,9.6507,9.5533,9.5837,62184704
2010-12-14,9.5837,9.6202,9.4620,9.4985,85879730
2010-12-15,9.4560,9.5351,9.4012,9.4194,101531526
2010-12-16,9.4438,9.4985,9.3829,9.4316,108179541
2010-12-17,9.4475,9.4902,9.3986,9.4841,76205917
2010-12-20,9.5024,9.5269,9.4597,9.4902,49879628
2010-12-21,9.5269,9.6612,9.5269,9.6551,59296901
2010-12-22,9.6918,9.7834,9.6734,9.7651,87852408
2010-12-23,9.7467,9.7528,9.6551,9.6918,36235347
2010-12-27,9.6429,9.7773,9.6368,9.7773,29735790
2010-12-28,9.7773,9.8078,9.7528,9.7773,42018708
2010-12-29,9.7895,9.7956,9.7467,9.7589,31035357
2010-12-30,9.7589,9.7589,9.6918,9.7284,45377614
2010-12-31,9.7040,9.7528,9.6918,9.7406,27080400
2011-01-03,9.8750,9.9788,9.8505,9.9544,113566767
2011-01-04,9.9910,10.0032,9.8567,9.9422,65761128
2011-01-05,9.9055,10.0765,9.8933,10.0582,119644460
2011-01-06,10.0643,10.0826,9.9849,9.9910,82408064
2011-01-07,10.0277,10.0399,9.7834,9.9055,219266212
2011-01-10,9.8505,9.9116,9.7895,9.8811,107038774
2011-01-11,9.9422,9.9910,9.8750,9.9177,61620659
2011-01-12,10.0338,10.0887,10.0154,10.0826,100785048
2011-01-13,10.1009,10.1131,10.0154,10.0521,74704466
2011-01-14,10.0460,10.2353,10.0338,10.2109,113359713
2011-01-18,10.1864,10.1986,10.1009,10.1498,75478150
2011-01-19,10.0704,10.1070,9.8933,9.9238,144544020
2011-01-20,9.9238,10.0093,9.8872,9.9727,115484911
2011-01-21,10.0399,10.1009,10.0032,10.0521,93333928
2011-01-24,10.0704,10.0887,10.0032,10.0399,54863208
2011-01-25,9.9910,10.0521,9.8994,10.0215,84937892
2011-01-26,10.0521,10.0765,10.0032,10.0154,68221281
2011-01-27,10.0154,10.1070,10.0032,10.1009,88248544
2011-01-28,10.1070,10.1803,9.9116,9.9238,139244565
2011-01-31,9.9421,10.0338,9.9421,10.0154,77839208
2011-02-01,10.0765,10.2536,10.0704,10.2231,78635911
2011-02-02,10.1925,10.2231,10.1315,10.1437,57381711
2011-02-03,10.1437,10.1681,10.0521,10.1498,63619065
2011-02-04,10.1376,10.1498,10.0643,10.1437,76650431
2011-02-07,10.1803,10.3147,10.1742,10.2903,61790537
2011-02-08,10.2964,10.3819,10.2658,10.3635,59912524
2011-02-09,10.2964,10.3452,10.2170,10.2903,68776339
2011-02-10,10.2414,10.3086,10.2231,10.2903,53665322
2011-02-11,10.2536,10.4612,10.2292,10.4307,90898394
2011-02-14,10.4246,10.4551,10.3880,10.4368,43128085
2011-02-15,10.4185,10.4735,10.3880,10.4246,60650508
2011-02-16,10.4612,10.4918,10.4185,10.4796,44080140
2011-02-17,10.4429,10.4918,10.4185,10.4674,43641043
2011-02-18,10.4796,10.5040,10.4429,10.4918,39684855
2011-02-22,10.3269,10.3819,10.1437,10.1681,125808569
2011-02-23,10.1620,10.2414,9.9971,10.1254,142391001
2011-02-24,10.1009,10.1437,9.9788,10.1009,98899648
2011-02-25,10.1742,10.2658,10.1620,10.2414,61174545
2011-02-28,10.3086,10.3452,10.2475,10.2903,68170072
2011-03-01,10.3208,10.3208,10.0704,10.0704,130762113
2011-03-02,10.0582,10.1009,9.9727,10.0093,82293212
2011-03-03,10.1193,10.2353,10.1131,10.2170,103454963
2011-03-04,10.1986,10.1986,10.0154,10.0887,129134485
2011-03-07,10.1131,10.1620,9.9788,10.0215,85241580
2011-03-08,10.0643,10.2597,10.0643,10.2414,98070200
2011-03-09,10.2353,10.2902,10.1620,10.2414,87131903
2011-03-10,10.1193,10.1254,10.0093,10.0338,114185344
2011-03-11,9.9727,10.1315,9.9727,10.1009,107898504
2011-03-14,10.0215,10.0521,9.9238,10.0093,86120391
2011-03-15,9.7528,9.9421,9.7162,9.8933,127169809
2011-03-16,9.9055,9.9177,9.6429,9.7101,214034093
2011-03-17,9.8444,9.8567,9.7101,9.8261,120224753
2011-03-18,9.9559,10.0416,9.9192,9.9621,207386693
2011-03-21,10.0723,10.0784,9.9559,10.0110,95996704
2011-03-22,10.0110,10.0172,9.9498,9.9559,56765349
2011-03-23,9.9253,9.9620,9.8090,9.9314,79906795
2011-03-24,9.9559,9.9865,9.8641,9.9804,76789780
2011-03-25,9.9927,10.0416,9.9559,10.0049,55517238
2011-03-28,10.0110,10.0416,9.9682,9.9743,39245265
2011-03-29,9.9559,9.9988,9.8947,9.9927,46897284
2011-03-30,10.0417,10.1090,10.0110,10.0723,75779991
2011-03-31,10.0110,10.0600,9.9988,10.0355,60843037
2011-04-01,10.1029,10.1641,10.0784,10.1212,80709407
2011-04-04,10.1212,10.1641,10.0661,10.1090,47174874
2011-04-05,10.0845,10.1335,10.0600,10.1029,47211312
2011-04-06,10.1457,10.2315,10.1151,10.2192,81798227
2011-04-07,10.2131,10.2560,10.1396,10.1702,60873442
2011-04-08,10.2192,10.2376,10.0539,10.0784,73274290
2011-04-11,10.0906,10.1519,10.0539,10.0784,49493463
2011-04-12,10.0172,10.1029,9.9743,10.0416,78789416
2011-04-13,10.1212,10.1212,9.9314,9.9682,94654914
2011-04-14,9.8886,9.9069,9.8273,9.8763,72457522
2011-04-15,9.9192,9.9498,9.8580,9.8824,64317165
2011-04-18,9.7722,9.7845,9.6865,9.7477,102992477
2011-04-19,9.7967,9.8029,9.7110,9.7784,72236188
2011-04-20,9.8518,9.8580,9.7661,9.8029,78296032
2011-04-21,9.8518,9.8763,9.7906,9.8580,54159938
2011-04-25,9.8396,9.8825,9.8335,9.8457,37023310
2011-04-26,9.8825,9.9253,9.8518,9.9069,61796200
2011-04-27,9.9314,9.9927,9.8580,9.9682,69756092
2011-04-28,9.9559,10.0661,9.9498,10.0478,53786206
2011-04-29,10.0417,10.0417,9.9865,10.0294,30507750
2011-05-02,10.0661,10.0784,9.9743,9.9865,51127862
2011-05-03,9.9621,10.0539,9.9559,10.0294,85342891
2011-05-04,10.0355,10.0416,9.9192,9.9437,112329858
2011-05-05,9.8947,9.9192,9.7845,9.8151,103157800
2011-05-06,9.9192,9.9620,9.8335,9.8641,102177678
2011-05-09,9.8335,9.8641,9.7906,9.8396,47858203
2011-05-10,9.8580,9.9498,9.8518,9.9314,69163243
2011-05-11,9.9069,9.9192,9.7845,9.7967,97156183
2011-05-12,9.7722,9.8090,9.6865,9.7967,78830655
2011-05-13,9.7967,9.8151,9.6437,9.6559,82158787
2011-05-16,9.6130,9.7539,9.5947,9.6437,89906208
2011-05-17,9.6069,9.7233,9.6008,9.7171,98470152
2011-05-18,9.7110,9.7661,9.6743,9.7600,60153554
2011-05-19,9.7967,9.8029,9.7233,9.7600,64194311
2011-05-20,9.7294,9.7722,9.6130,9.6253,89394728
2011-05-23,9.5090,9.5579,9.4906,9.4906,93564986
2011-05-24,9.5212,9.5334,9.4232,9.4783,79566054
2011-05-25,9.4294,9.5396,9.4294,9.4845,85723147
2011-05-26,9.4600,9.5702,9.4416,9.5334,84613647
2011-05-27,9.5641,9.6437,9.5579,9.6008,61971741
2011-05-31,9.7049,9.7294,9.6314,9.6988,80145486
2011-06-01,9.6620,9.6681,9.3620,9.3742,148857321
2011-06-02,9.3865,9.4477,9.3130,9.3804,165873188
2011-06-03,9.2763,9.4232,9.2640,9.3191,119706995
2011-06-06,9.2763,9.2946,9.1171,9.1416,145434772
2011-06-07,9.2089,9.2395,9.1110,9.1232,97768974
2011-06-08,9.0987,9.1538,9.0191,9.0375,102198851
2011-06-09,9.0559,9.1783,9.0314,9.1416,73352336
2011-06-10,9.0987,9.1599,8.9518,9.0803,181570161
2011-06-13,9.1171,9.1967,9.0620,9.1722,117670798
2011-06-14,9.2579,9.3008,9.1967,9.2212,104946689
2011-06-15,9.1232,9.1599,8.9579,9.0191,188730642
2011-06-16,9.0130,9.1293,8.9701,9.0681,165893253
2011-06-17,9.1683,9.1867,9.1068,9.1498,100420179
2011-06-20,9.1068,9.1990,9.0761,9.1437,66083650
2011-06-21,9.1990,9.2912,9.1437,9.2727,95554282
2011-06-22,9.2359,9.3342,9.2051,9.2174,106150238
2011-06-23,9.1068,9.1498,9.0146,9.1252,127233698
2011-06-24,9.1314,9.1498,9.0208,9.0699,91530513
2011-06-27,9.0577,9.1928,9.0577,9.1621,61283489
2011-06-28,9.2051,9.2051,9.1437,9.2051,58644594
2011-06-29,9.2912,9.4079,9.2666,9.3956,111616001
2011-06-30,9.4263,9.4694,9.3465,9.4325,92703779
2011-07-01,9.4141,9.6230,9.4141,9.6046,77715000
2011-07-05,9.5800,9.5861,9.4755,9.5185,100972036
2011-07-06,9.4509,9.4755,9.3956,9.4694,66252174
2011-07-07,9.5861,9.6476,9.5738,9.6230,55920391
2011-07-08,9.4755,9.5001,9.4325,9.5001,76580879
2011-07-11,9.3710,9.3772,9.1990,9.2420,107713485
2011-07-12,9.2051,9.3342,9.1928,9.2051,79766707
2011-07-13,9.2604,9.3465,9.1990,9.2113,105923365
2011-07-14,9.2912,9.2973,9.1375,9.1437,150775588
2011-07-15,9.2174,9.2174,9.0515,9.1252,132402790
2011-07-18,9.0761,9.0884,8.8979,9.0023,137133277
2011-07-19,9.0331,9.1375,9.0023,9.1130,134575505
2011-07-20,9.1621,9.2604,9.1560,9.2174,118538406
2011-07-21,9.3157,9.4694,9.3096,9.4386,189235844
2011-07-22,9.4571,9.4632,9.3710,9.4141,60323309
2011-07-25,9.3219,9.3772,9.2666,9.3465,78466525
2011-07-26,9.3280,9.3833,9.2850,9.3342,113040637
2011-07-27,9.2912,9.2912,9.1007,9.1130,151973351
2011-07-28,9.1314,9.2236,9.0945,9.1191,80068056
2011-07-29,9.0208,9.1867,8.9901,9.0945,98119563
2011-08-01,9.2359,9.2359,8.9839,9.0638,91890703
2011-08-02,9.0023,9.0331,8.8119,8.8180,142203889
2011-08-03,8.8303,8.8733,8.6828,8.8610,150485442
2011-08-04,8.7565,8.7811,8.3940,8.4124,228842654
2011-08-05,8.4985,8.5476,8.0929,8.2527,220311208
2011-08-08,7.9823,8.1666,7.3985,7.4723,320107763
2011-08-09,7.6996,8.0499,7.3985,8.0499,203780725
2011-08-10,7.8594,7.8655,7.4600,7.4907,333138883
2011-08-11,7.6013,8.0622,7.5214,7.9085,342125552
2011-08-12,8.0683,8.1851,7.7979,7.8532,167083138
2011-08-15,7.9516,8.1113,7.9516,8.1052,140239829
2011-08-16,7.9823,8.0806,7.8778,7.9454,128292974
2011-08-17,8.0069,8.0990,7.9270,7.9946,117996766
2011-08-18,7.7181,7.7242,7.5214,7.6074,208364107
2011-08-19,7.4784,7.7181,7.4354,7.4538,155535619
2011-08-22,7.6505,7.6566,7.3432,7.3616,127443091
2011-08-23,7.3678,7.6013,7.2572,7.6013,170500517
2011-08-24,7.6013,7.8225,7.5644,7.8041,161958977
2011-08-25,8.0867,8.1912,7.6750,7.7795,234626754
2011-08-26,7.6996,7.9147,7.5644,7.8471,121201429
2011-08-29,7.9884,8.1851,7.9823,8.1728,119732353
2011-08-30,8.1175,8.1851,8.0007,8.1175,107048376
2011-08-31,8.1912,8.2834,8.1420,8.2219,107177384
2011-09-01,8.2158,8.2465,8.0253,8.0376,123459575
2011-09-02,7.7979,7.8410,7.6873,7.7058,131594516
2011-09-06,7.4354,7.5890,7.4292,7.5706,138630665
2011-09-07,7.7303,7.9454,7.4415,7.9331,141058813
2011-09-08,7.8225,7.9147,7.7365,7.7611,104926993
2011-09-09,7.6689,7.7180,7.4845,7.5153,158558709
2011-09-12,7.3862,7.6136,7.3739,7.6013,144663304
2011-09-13,7.6505,7.7365,7.5644,7.6505,121317389
2011-09-14,7.7303,7.8348,7.5521,7.7426,124639242
2011-09-15,7.8287,7.9454,7.7856,7.9393,128471592
2011-09-16,7.9763,8.0441,7.8344,7.9639,97875333
2011-09-19,7.7974,7.8159,7.6802,7.7480,127818546
2011-09-20,7.7851,7.8529,7.7234,7.7234,68153453
2011-09-21,7.7419,7.7604,7.3409,7.3409,147554800
2011-09-22,7.1682,7.2237,6.9954,7.1312,251432981
2011-09-23,7.0818,7.2360,7.0695,7.2052,146697901
2011-09-26,7.3039,7.5383,7.2422,7.5260,136811863
2011-09-27,7.6987,7.7727,7.4951,7.5630,173008556
2011-09-28,7.5753,7.6185,7.3347,7.3471,126402158
2011-09-29,7.5383,7.6000,7.3471,7.5506,126952784
2011-09-30,7.4149,7.4704,7.2792,7.2854,118365943
2011-10-03,7.2299,7.3656,6.9461,6.9584,197426303
2011-10-04,6.8659,7.2607,6.7549,7.2360,275785977
2011-10-05,7.2175,7.3841,7.0756,7.3409,148534060
2011-10-06,7.3039,7.5815,7.2052,7.5691,171494180
2011-10-07,7.6123,7.6123,7.2854,7.2977,189703501
2011-10-10,7.4766,7.6740,7.4704,7.6740,121636587
2011-10-11,7.5753,7.7295,7.5445,7.6678,118209237
2011-10-12,7.7542,7.9948,7.7419,7.8652,156456284
2011-10-13,7.7480,7.7665,7.5753,7.6802,143400298
2011-10-14,7.7912,7.8344,7.6432,7.7727,149084564
2011-10-17,7.7110,7.7295,7.5136,7.5321,108158491
2011-10-18,7.5938,7.9886,7.5383,7.8899,226470024
2011-10-19,7.8961,8.0256,7.7480,7.7789,163000772
2011-10-20,7.7789,7.9269,7.6802,7.8961,152230261
2011-10-21,8.0071,8.1120,7.9701,8.0997,210757910
2011-10-24,8.1243,8.2971,8.1120,8.2786,125120194
2011-10-25,8.1737,8.1799,7.9763,8.0318,169801678
2011-10-26,8.1613,8.2230,8.0071,8.1737,167673895
2011-10-27,8.5685,8.7412,8.4389,8.6610,286446930
2011-10-28,8.6117,8.6980,8.5438,8.6672,167421540
2011-10-31,8.4575,8.5130,8.3156,8.3279,135847497
2011-11-01,7.9208,8.1428,7.9146,7.9331,263955821
2011-11-02,8.1305,8.1922,8.0256,8.1675,141886414
2011-11-03,8.2724,8.3402,8.0195,8.3094,137635648
2011-11-04,8.2107,8.2230,8.0935,8.1984,114088957
2011-11-07,8.1737,8.2477,8.0935,8.2415,101449664
2011-11-08,8.3217,8.4204,8.2107,8.3958,140400105
2011-11-09,8.1552,8.1737,7.9146,7.9393,144136559
2011-11-10,8.0750,8.0812,7.9146,7.9763,175243190
2011-11-11,8.1120,8.2045,8.1058,8.1675,113960564
2011-11-14,8.0997,8.1120,7.9454,8.0010,77723247
2011-11-15,7.9393,8.0997,7.9146,8.0380,110939567
2011-11-16,7.9454,8.0195,7.8221,7.8406,112264861
2011-11-17,7.8344,7.8652,7.6308,7.6863,178507556
2011-11-18,7.7234,7.7542,7.6617,7.7110,104695565
2011-11-21,7.5630,7.5815,7.4643,7.5198,120345391
2011-11-22,7.5260,7.5568,7.4396,7.4519,81508942
2011-11-23,7.3717,7.3717,7.2360,7.2484,101619666
2011-11-25,7.2484,7.3841,7.2360,7.2669,39104069
2011-11-28,7.5506,7.5568,7.4026,7.4828,84348120
2011-11-29,7.4766,7.5321,7.4211,7.4458,78328776
2011-11-30,7.7172,7.9393,7.6802,7.9023,168795212
2011-12-01,7.8591,7.8899,7.7665,7.8591,84288047
2011-12-02,7.9393,8.1120,7.9393,7.9639,157736524
2011-12-05,8.1120,8.2230,8.0565,8.1243,124016480
2011-12-06,8.0812,8.1799,8.0318,8.1305,69770618
2011-12-07,8.0626,8.2539,8.0071,8.2292,112741751
2011-12-08,8.1428,8.1428,7.8837,7.9084,150280849
2011-12-09,7.9886,8.1243,7.9701,8.0812,120871398
2011-12-12,7.9639,7.9701,7.8221,7.8899,120333328
2011-12-13,7.9578,7.9886,7.6802,7.7789,149126787
2011-12-14,7.6925,7.8406,7.6802,7.7480,117957251
2011-12-15,7.8652,7.8776,7.7419,7.7542,75845726
2011-12-16,7.8225,7.8970,7.7604,7.7852,122441784
2011-12-19,7.8039,7.8163,7.5804,7.6114,81936099
2011-12-20,7.7542,7.9342,7.7480,7.8970,126622630
2011-12-21,7.8970,7.9591,7.8287,7.9405,98054074
2011-12-22,7.9963,8.1267,7.9653,8.1081,79959605
2011-12-23,8.1453,8.1764,8.0895,8.1640,37730396
2011-12-27,8.1329,8.2012,8.1143,8.1205,33277869
2011-12-28,8.1267,8.1267,7.9839,7.9901,52844368
2011-12-29,8.0150,8.1205,8.0087,8.1143,46397867
2011-12-30,8.0895,8.1143,8.0646,8.0708,34132060
2012-01-03,8.2447,8.3626,8.2385,8.2819,103362023
2012-01-04,8.2198,8.2881,8.1640,8.2571,69833891
2012-01-05,8.1826,8.4123,8.1453,8.3688,89935260
2012-01-06,8.3750,8.3750,8.2633,8.3192,83878617
2012-01-09,8.3502,8.3999,8.3067,8.3626,69189586
2012-01-10,8.4930,8.5427,8.4557,8.5116,86035082
2012-01-11,8.4744,8.6172,8.4433,8.6110,80938989
2012-01-12,8.6482,8.6917,8.5365,8.6420,94107119
2012-01-13,8.4682,8.5861,8.4309,8.5799,95008949
2012-01-17,8.5861,8.6730,8.4806,8.5116,89019642
2012-01-18,8.4930,8.6544,8.4557,8.6420,118473902
2012-01-19,8.7289,8.7537,8.6855,8.7227,131377244
2012-01-20,8.6917,8.7910,8.6668,8.7786,114827311
2012-01-23,8.7848,8.8717,8.7537,8.8096,99325943
2012-01-24,8.7227,8.8096,8.6792,8.7972,80650073
2012-01-25,8.7475,8.8407,8.7165,8.8158,103761975
2012-01-26,8.8593,8.9027,8.6917,8.7413,104215475
2012-01-27,8.6917,8.8034,8.6793,8.7724,103542364
2012-01-30,8.6730,8.7103,8.6172,8.6917,71714490
2012-01-31,8.7475,8.7600,8.6668,8.7289,82584343
2012-02-01,8.8034,8.9276,8.8034,8.8655,87912357
2012-02-02,8.8965,8.9462,8.8469,8.9090,65660186
2012-02-03,9.0580,9.1511,9.0455,9.1511,106830735
2012-02-06,9.0952,9.1138,9.0518,9.1076,55279655
2012-02-07,9.0704,9.1325,9.0331,9.1014,56189611
2012-02-08,9.1138,9.1697,9.0828,9.1697,66141999
2012-02-09,9.2070,9.2256,9.0828,9.1325,95860801
2012-02-10,9.0331,9.0580,8.9959,9.0455,79561623
2012-02-13,9.1449,9.1573,9.1014,9.1262,57901562
2012-02-14,9.0828,9.0890,8.9524,9.0393,99205059
2012-02-15,9.0642,9.1076,8.9586,8.9835,93529534
2012-02-16,8.9648,9.1262,8.9338,9.1262,96074380
2012-02-17,9.1511,9.1945,9.1325,9.1821,75672648
2012-02-21,9.1883,9.2318,9.1387,9.1759,78483021
2012-02-22,9.1325,9.1635,9.0518,9.0580,91890457
2012-02-23,9.0580,9.1387,9.0269,9.1387,63968915
2012-02-24,9.1573,9.1697,9.0828,9.1076,63090473
2012-02-27,9.0269,9.2007,8.9897,9.1759,76146583
2012-02-28,9.1945,9.2256,9.1325,9.2007,64479411
2012-02-29,9.2070,9.2877,9.1387,9.1635,115620690
2012-03-01,9.1883,9.2939,9.1821,9.2628,81546487
2012-03-02,9.2628,9.2877,9.2194,9.2318,58846847
2012-03-05,9.2070,9.2070,9.1449,9.1945,63542127
2012-03-06,9.0517,9.0766,8.9400,8.9710,115379168
2012-03-07,9.0083,9.0952,8.9897,9.0828,82887662
2012-03-08,9.1449,9.1883,9.0952,9.1697,84296787
2012-03-09,9.2007,9.2939,9.1821,9.2442,91179308
2012-03-12,9.2442,9.2504,9.1511,9.2194,69292990
2012-03-13,9.2939,9.5857,9.2815,9.5732,226592263
2012-03-14,9.5919,9.6229,9.4863,9.5857,160538280
2012-03-15,9.6229,9.7719,9.5422,9.7533,162857361
2012-03-16,9.7969,9.8156,9.7346,9.7907,102174477
2012-03-19,9.7907,9.9464,9.7533,9.8405,139045389
2012-03-20,9.7782,9.9152,9.7595,9.8903,108827047
2012-03-21,9.9277,9.9339,9.8218,9.8467,93343529
2012-03-22,9.7533,9.7844,9.6723,9.7159,130459287
2012-03-23,9.6972,9.8093,9.6350,9.7969,90967946
2012-03-26,9.8903,9.9526,9.8529,9.9526,95005010
2012-03-27,9.9401,9.9713,9.8467,9.8592,104557816
2012-03-28,9.8592,9.9090,9.7720,9.8841,129709978
2012-03-29,9.8093,9.8343,9.6972,9.7844,126585577
2012-03-30,9.8467,9.8529,9.7471,9.8405,73690122
2012-04-02,9.7969,9.9588,9.7782,9.9152,110200843
2012-04-03,9.8903,9.9090,9.7720,9.8592,129060871
2012-04-04,9.7471,9.7720,9.6599,9.7035,104199472
2012-04-05,9.6536,9.7408,9.6350,9.6786,71652078
2012-04-09,9.4917,9.5789,9.4668,9.5291,109181083
2012-04-10,9.5166,9.5602,9.3111,9.3235,145531651
2012-04-11,9.4543,9.5104,9.4294,9.4730,91447666
2012-04-12,9.4979,9.6599,9.4668,9.6474,107650211
2012-04-13,9.6287,9.6287,9.4045,9.4232,114048334
2012-04-16,9.5104,9.5540,9.4107,9.4917,138138881
2012-04-17,9.5789,9.6536,9.5291,9.6163,81803766
2012-04-18,9.5540,9.6350,9.5415,9.5540,65399829
2012-04-19,9.6100,9.6100,9.4419,9.5104,131280980
2012-04-20,9.5540,9.5540,9.4543,9.4606,68882944
2012-04-23,9.3111,9.3983,9.2924,9.3921,91121944
2012-04-24,9.3983,9.4979,9.3983,9.4979,76151999
2012-04-25,9.5664,9.6038,9.4917,9.5789,91385378
2012-04-26,9.5478,9.6848,9.5415,9.6599,58432862
2012-04-27,9.7035,9.7097,9.5976,9.6661,59668663
2012-04-30,9.6287,9.6474,9.5478,9.6100,71007527
2012-05-01,9.6100,9.7844,9.5976,9.7097,103766530
2012-05-02,9.6412,9.6599,9.5602,9.6350,69602094
2012-05-03,9.6412,9.6474,9.5166,9.5540,104392985
2012-05-04,9.4792,9.5104,9.3671,9.4045,95088718
2012-05-07,9.3422,9.4917,9.3422,9.4606,101873252
2012-05-08,9.3921,9.4419,9.3111,9.3983,100957018
2012-05-09,9.2799,9.3609,9.2177,9.2924,116092656
2012-05-10,9.4107,9.4294,9.3111,9.3298,79928091
2012-05-11,9.1305,9.3111,9.1180,9.2239,123047067
2012-05-14,9.0931,9.1367,9.0308,9.0370,112880977
2012-05-15,9.0433,9.0993,8.9685,8.9872,122145975
2012-05-16,9.0495,9.0931,8.8502,8.8564,143225373
2012-05-17,8.8440,8.8564,8.6696,8.6758,190024423
2012-05-18,8.7070,8.7070,8.5450,8.5762,151363760
2012-05-21,8.6135,8.7132,8.5326,8.6571,106559053
2012-05-22,8.7132,8.8689,8.6634,8.7256,121446767
2012-05-23,8.6447,8.7755,8.5637,8.7568,137010300
2012-05-24,8.8004,8.8128,8.6696,8.7630,99869922
2012-05-25,8.7506,8.8066,8.7070,8.7319,51386864
2012-05-29,8.8191,8.8627,8.7755,8.8564,90323886
2012-05-30,8.7568,8.7692,8.6509,8.6509,104857811
2012-05-31,8.6696,8.8004,8.5824,8.7256,110352133
2012-06-01,8.5575,8.5699,8.3956,8.4018,124009217
2012-06-04,8.4391,8.4391,8.2834,8.3208,97012771
2012-06-05,8.3021,8.4765,8.2959,8.4578,123895103
2012-06-06,8.5450,8.7132,8.5077,8.7070,120034933
2012-06-07,8.8377,8.8689,8.6758,8.7007,114277300
2012-06-08,8.6696,8.8066,8.6073,8.8066,74612757
2012-06-11,8.9187,8.9249,8.6322,8.6447,126832761
2012-06-12,8.6634,8.7817,8.5886,8.7755,105210246
2012-06-13,8.7319,8.8627,8.7007,8.7443,118488551
2012-06-14,8.7630,8.8938,8.7381,8.8502,127557943
2012-06-15,8.8990,8.9804,8.8364,8.9741,104497005
2012-06-18,8.9178,8.9991,8.8802,8.9241,83680426
2012-06-19,8.9804,9.1181,8.9741,9.0742,79604585
2012-06-20,9.0930,9.1556,9.0054,9.0930,108411585
2012-06-21,9.1118,9.1556,8.8740,8.8928,88837454
2012-06-22,8.9553,9.0054,8.9241,8.9741,55259836
2012-06-25,8.8427,8.8490,8.7426,8.7864,62777553
2012-06-26,8.8239,8.8802,8.7551,8.8302,65826371
2012-06-27,8.8740,8.9679,8.8239,8.9366,69296314
2012-06-28,8.8427,8.9366,8.7739,8.9303,85956791
2012-06-29,9.1493,9.1681,9.0805,9.1619,76394260
2012-07-02,9.2057,9.2307,9.1055,9.2182,75570598
2012-07-03,9.1994,9.2933,9.1806,9.2682,39736188
2012-07-05,9.2244,9.2244,9.1181,9.1306,54074506
2012-07-06,9.0117,9.0868,9.0054,9.0555,55147815
2012-07-09,9.0304,9.0742,8.9929,9.0430,45911499
2012-07-10,9.1118,9.1368,8.9366,8.9741,79133604
2012-07-11,8.9804,9.0805,8.9679,9.0492,97988216
2012-07-12,8.9679,9.0117,8.9178,8.9553,66861519
2012-07-13,8.9992,9.2182,8.9992,9.2057,95969252
2012-07-16,9.2119,9.2244,9.1431,9.1869,61542737
2012-07-17,9.2495,9.2495,9.0930,9.2370,77759685
2012-07-18,9.2057,9.2495,9.1619,9.1932,68192230
2012-07-19,9.2057,9.2307,9.0993,9.1368,61045906
2012-07-20,9.0680,9.0742,8.9866,8.9991,69130498
2012-07-23,8.8302,8.9491,8.8177,8.9241,72823006
2012-07-24,8.9491,8.9491,8.8177,8.8990,55617072
2012-07-25,8.9491,8.9804,8.8802,8.9303,55276209
2012-07-26,9.0680,9.0930,9.0117,9.0680,69291513
2012-07-27,9.1306,9.2933,9.0868,9.2370,85430785
2012-07-30,9.2182,9.2745,9.1932,9.2182,45241343
2012-07-31,9.1869,9.2182,9.1556,9.1744,57458525
2012-08-01,9.2119,9.2432,9.1306,9.1306,99654866
2012-08-02,9.0492,9.1243,8.9741,9.0617,78094271
2012-08-03,9.1994,9.3246,9.1869,9.2745,98849054
2012-08-06,9.3308,9.3809,9.2995,9.3121,50850271
2012-08-07,9.3371,9.4247,9.3308,9.3496,43945346
2012-08-08,9.3121,9.3871,9.3058,9.3496,32388964
2012-08-09,9.3371,9.3934,9.3183,9.3433,32552810
2012-08-10,9.3121,9.3684,9.2870,9.3496,21702038
2012-08-13,9.3308,9.3684,9.2933,9.3559,20176829
2012-08-14,9.4122,9.4247,9.3246,9.3433,28338974
2012-08-15,9.3496,9.4059,9.3308,9.3746,24638834
2012-08-16,9.4059,9.4622,9.3496,9.4372,40100933
2012-08-17,9.4685,9.4748,9.4372,9.4685,29729389
2012-08-20,9.4623,9.4998,9.4435,9.4935,31691726
2012-08-21,9.5311,9.6250,9.4873,9.5248,50864181
2012-08-22,9.4935,9.5499,9.4560,9.5123,57712973
2012-08-23,9.4935,9.5061,9.4059,9.4184,50210028
2012-08-24,9.3809,9.4998,9.3684,9.4685,33998620
2012-08-27,9.4998,9.5061,9.4372,9.4622,22600791
2012-08-28,9.4310,9.5061,9.4184,9.4497,27816907
2012-08-29,9.4685,9.4935,9.4372,9.4685,22826310
2012-08-30,9.4247,9.4497,9.3684,9.4184,31546837
2012-08-31,9.4748,9.5123,9.4184,9.4873,64889457
2012-09-04,9.4685,9.5123,9.4310,9.4873,36182168
2012-09-05,9.4873,9.5186,9.4560,9.4873,32883211
2012-09-06,9.5373,9.7188,9.5373,9.7126,64472271
2012-09-07,9.7439,9.8315,9.7439,9.8127,57754827
2012-09-10,9.8002,9.8315,9.7251,9.7313,52705757
2012-09-11,9.7313,9.8190,9.7126,9.8127,70453823
2012-09-12,9.8628,9.9003,9.8252,9.8502,62693107
2012-09-13,9.8440,10.1381,9.8127,10.1068,172620053
2012-09-14,10.1882,10.2883,10.1569,10.1882,150418352
2012-09-17,10.1506,10.1882,10.0693,10.0943,60313214
2012-09-18,10.0568,10.0818,10.0130,10.0443,81750341
2012-09-19,10.0693,10.1068,10.0192,10.0380,80701652
2012-09-20,9.9441,9.9879,9.8941,9.9817,81109728
2012-09-21,10.0671,10.0671,9.9415,9.9477,42195603
2012-09-24,9.8786,9.9980,9.8786,9.9540,46410423
2012-09-25,9.9792,10.0106,9.7969,9.8032,88561833
2012-09-26,9.7718,9.7906,9.7089,9.7404,64955438
2012-09-27,9.7969,9.8786,9.7655,9.8283,57130095
2012-09-28,9.7906,9.8535,9.7529,9.7969,56713893
2012-10-01,9.8660,9.9603,9.8158,9.8409,66024193
2012-10-02,9.9038,9.9038,9.8158,9.8598,54014310
2012-10-03,9.9037,9.9854,9.8409,9.9477,68035400
2012-10-04,10.0043,10.1111,9.9854,10.0986,95948941
2012-10-05,10.1677,10.1991,10.0608,10.0923,76084786
2012-10-08,10.0420,10.1048,10.0294,10.0860,36612525
2012-10-09,10.0923,10.1300,9.9917,10.0231,90105261
2012-10-10,10.0169,10.0609,9.9603,10.0169,76931837
2012-10-11,10.1174,10.1363,10.0546,10.0734,75143933
2012-10-12,9.9854,10.0483,9.9037,9.9352,91271141
2012-10-15,9.9729,10.0609,9.9289,10.0483,68673674
2012-10-16,10.0986,10.1551,10.0797,10.1111,94636818
2012-10-17,10.1488,10.2494,10.1363,10.2431,70444591
2012-10-18,10.2180,10.2996,10.2054,10.2619,63453495
2012-10-19,10.2368,10.2368,10.0734,10.1237,75531821
2012-10-22,10.1111,10.1488,10.0294,10.1237,129434726
2012-10-23,9.9917,9.9980,9.9163,9.9540,79617756
2012-10-24,10.0169,10.0357,9.9415,9.9540,64741983
2012-10-25,10.0483,10.0671,9.9100,9.9792,65027206
2012-10-26,9.9666,9.9854,9.8598,9.9289,69489581
2012-10-31,9.9666,9.9980,9.9226,9.9917,53059793
2012-11-01,10.0043,10.1174,9.9854,10.1174,72143001
2012-11-02,10.1740,10.1802,10.0357,10.0546,65960673
2012-11-05,10.0231,10.0546,9.9289,10.0357,54580447
2012-11-06,10.0671,10.1803,10.0609,10.1488,49350790
2012-11-07,10.0043,10.0169,9.7906,9.8095,143868817
2012-11-08,9.8535,9.9352,9.7215,9.7278,114104714
2012-11-09,9.6838,9.8472,9.6712,9.7404,95030861
2012-11-12,9.7844,9.7844,9.7215,9.7592,41658271
2012-11-13,9.6838,9.8221,9.6650,9.6901,63960298
2012-11-14,9.7089,9.7404,9.4890,9.5204,84265766
2012-11-15,9.5204,9.6147,9.4953,9.5393,85757861
2012-11-16,9.5644,9.6147,9.4639,9.6021,77888940
2012-11-19,9.7404,9.7969,9.7341,9.7843,64199481
2012-11-20,9.7592,9.8660,9.7278,9.8346,49879012
2012-11-21,9.8409,9.8535,9.7781,9.8346,32286422
2012-11-23,9.9100,9.9603,9.8849,9.9540,25337304
2012-11-26,9.9037,9.9226,9.8535,9.9163,37321089
2012-11-27,9.8975,9.9352,9.8158,9.8283,61359564
2012-11-28,9.7718,9.8786,9.6964,9.8660,58569995
2012-11-29,9.9163,9.9540,9.8660,9.9163,48775790
2012-11-30,9.9100,9.9477,9.8660,9.9037,36530910
2012-12-03,9.9352,9.9666,9.8598,9.8660,62742593
2012-12-04,9.8660,9.8912,9.7906,9.8409,48549409
2012-12-05,9.8723,10.0106,9.8472,9.9603,57255164
2012-12-06,9.9666,9.9980,9.9352,9.9917,42609219
2012-12-07,10.0483,10.0734,10.0043,10.0734,44538688
2012-12-10,10.0420,10.0797,10.0106,10.0483,59304164
2012-12-11,10.0923,10.1425,10.0608,10.0986,58723378
2012-12-12,10.1425,10.2305,10.1174,10.1425,68531370
2012-12-13,10.1425,10.1614,10.0608,10.0923,50848055
2012-12-14,10.0797,10.0986,10.0420,10.0546,43026404
2012-12-17,10.1174,10.2682,10.1111,10.2619,85069486
2012-12-18,10.3185,10.4253,10.2808,10.4128,86535115
2012-12-19,10.4379,10.4505,10.3436,10.3499,90697864
2012-12-20,10.3625,10.4945,10.3562,10.4945,76288517
2012-12-21,10.3136,10.4148,10.3010,10.3705,72313987
2012-12-24,10.3199,10.3768,10.3136,10.3515,29586100
2012-12-26,10.3705,10.3895,10.3136,10.3515,36545928
2012-12-27,10.3705,10.3895,10.1745,10.3136,54714996
2012-12-28,10.2440,10.3136,10.2187,10.2314,39480386
2012-12-31,10.2187,10.3768,10.1935,10.3642,73574162
2013-01-02,10.6235,10.6740,10.5855,10.6677,86126792
2013-01-03,10.6677,10.6867,10.6108,10.6551,59026942
2013-01-04,10.6740,10.8005,10.6487,10.7815,54822954
2013-01-07,10.7626,10.7689,10.6930,10.7562,44491664
2013-01-08,10.7373,10.7436,10.6740,10.7246,51457154
2013-01-09,10.7499,10.8068,10.6740,10.7120,59736737
2013-01-10,10.8005,10.8574,10.7499,10.8448,75427432
2013-01-11,10.8195,10.8258,10.7499,10.8195,52621188
2013-01-14,10.8068,10.8195,10.7246,10.7879,47142130
2013-01-15,10.7373,10.8448,10.7183,10.8321,51769213
2013-01-16,10.8258,10.8574,10.7752,10.8385,71678176
2013-01-17,10.8448,10.8701,10.8005,10.8321,69721255
2013-01-18,10.8258,10.8574,10.7689,10.8448,70050794
2013-01-22,10.8258,10.9459,10.8258,10.9459,52164733
2013-01-23,10.9396,10.9523,10.8827,10.9396,46065374
2013-01-24,10.9712,11.0598,10.9460,10.9965,82546675
2013-01-25,11.0471,11.0535,10.9776,11.0471,56354565
2013-01-28,11.0598,11.0661,10.9586,11.0029,38270928
2013-01-29,10.9776,11.0598,10.9649,11.0471,46096888
2013-01-30,11.0218,11.0408,10.9712,10.9965,39875044
2013-01-31,10.9776,11.0092,10.9396,10.9902,43701239
2013-02-01,11.0471,11.1673,11.0471,11.1357,71294104
2013-02-04,11.0598,11.0851,10.9839,11.0092,61435148
2013-02-05,11.0661,11.1546,11.0471,11.1167,58311731
2013-02-06,11.0535,11.1420,11.0408,11.1357,36912889
2013-02-07,11.1610,11.1736,11.0155,11.1040,62169070
2013-02-08,11.1230,11.1420,11.0977,11.1293,54945808
2013-02-11,11.1293,11.1989,11.1104,11.1799,34986990
2013-02-12,11.1926,11.2811,11.1546,11.2684,68228421
2013-02-13,11.2937,11.3001,11.1989,11.2432,49634536
2013-02-14,11.1989,11.2874,11.1862,11.2811,38606376
2013-02-15,11.3064,11.3127,11.1926,11.2305,78615969
2013-02-19,11.2685,11.3443,11.2558,11.3380,54735061
2013-02-20,11.3317,11.3380,11.1610,11.1673,67902699
2013-02-21,11.1483,11.1483,11.0345,11.0787,64595863
2013-02-22,11.1546,11.2179,11.1357,11.2179,53303285
2013-02-25,11.2874,11.2874,10.9080,10.9143,88097007
2013-02-26,10.9776,11.0029,10.8511,10.9712,91502446
2013-02-27,10.9523,11.1673,10.9460,11.1420,77002374
2013-02-28,11.1420,11.2179,11.0977,11.1230,76742387
2013-03-01,11.0408,11.1862,10.9776,11.1546,63689232
2013-03-04,11.1230,11.2558,11.1104,11.2495,44648986
2013-03-05,11.3190,11.4139,11.3001,11.3443,81640166
2013-03-06,11.4265,11.4645,11.3696,11.4202,81642628
2013-03-07,11.4455,11.5151,11.4455,11.5024,58971794
2013-03-08,11.5720,11.5846,11.4582,11.5340,75238474
2013-03-11,11.5404,11.6415,11.5087,11.6226,60897570
2013-03-12,11.6099,11.6226,11.5277,11.5593,40250869
2013-03-13,11.5720,11.6036,11.5340,11.5909,29836732
2013-03-14,11.6352,11.6858,11.6162,11.6668,82792382
2013-03-15,11.6681,11.7189,11.6110,11.7062,61508885
2013-03-18,11.5539,11.6427,11.5285,11.5920,50767302
2013-03-19,11.6427,11.6554,11.4587,11.5285,80060793
2013-03-20,11.5920,11.6300,11.5729,11.6046,77461167
2013-03-21,11.5412,11.5856,11.4651,11.4651,70564736
2013-03-22,11.5285,11.5539,11.4714,11.5349,54333878
2013-03-25,11.5793,11.6110,11.4397,11.5031,61043567
2013-03-26,11.5475,11.5856,11.5031,11.5793,59791763
2013-03-27,11.4968,11.5349,11.4587,11.5222,39216336
2013-03-28,11.5158,11.5602,11.4904,11.5539,31685325
2013-04-01,11.5475,11.5920,11.4587,11.4968,27318475
2013-04-02,11.5285,11.5793,11.5222,11.5666,49287270
2013-04-03,11.5729,11.5729,11.3318,11.3762,109156340
2013-04-04,11.3826,11.4841,11.3826,11.4777,68118247
2013-04-05,11.2938,11.4587,11.2747,11.4397,73523198
2013-04-08,11.4270,11.5602,11.3826,11.5539,51458508
2013-04-09,11.5856,11.6618,11.5412,11.5856,62398898
2013-04-10,11.6300,11.7569,11.6300,11.7442,82560708
2013-04-11,11.7506,11.8331,11.7125,11.7696,60166233
2013-04-12,11.6935,11.7506,11.6554,11.7189,56836255
2013-04-15,11.6998,11.7569,11.4587,11.4714,88256176
2013-04-16,11.5856,11.6617,11.5095,11.6491,55160987
2013-04-17,11.5412,11.5539,11.3382,11.4333,97644397
2013-04-18,11.4270,11.4333,11.2620,11.3128,75975843
2013-04-19,11.3509,11.4778,11.3382,11.4714,66982034
2013-04-22,11.4968,11.5031,11.3699,11.4841,53919154
2013-04-23,11.5729,11.6998,11.5602,11.6935,92145028
2013-04-24,11.7062,11.7823,11.6935,11.7633,46441322
2013-04-25,11.8077,11.9029,11.7823,11.8331,44356254
2013-04-26,11.8140,11.8394,11.7315,11.7823,29434318
2013-04-29,11.8331,11.8521,11.7823,11.8331,36910920
2013-04-30,11.8267,11.8711,11.7760,11.8648,50558770
2013-05-01,11.8458,11.8584,11.7252,11.7315,49923082
2013-05-02,11.7696,11.8521,11.7506,11.8331,54011356
2013-05-03,11.9536,12.0171,11.9409,11.9600,50393078
2013-05-06,11.9917,12.0995,11.9853,12.0869,29340516
2013-05-07,12.1313,12.1884,12.0615,12.1503,48645304
2013-05-08,12.1503,12.2645,12.1122,12.2518,77939657
2013-05-09,12.2582,12.2582,12.1313,12.1630,46510750
2013-05-10,12.1757,12.2138,12.1376,12.2138,65637289
2013-05-13,12.1947,12.2772,12.1630,12.2518,38763821
2013-05-14,12.2772,12.5373,12.2645,12.4612,42067209
2013-05-15,12.4612,12.6071,12.4295,12.5754,58081658
2013-05-16,12.5500,12.6198,12.4612,12.4929,46165208
2013-05-17,12.5500,12.6642,12.5437,12.6579,59018818
2013-05-20,12.6452,12.7467,12.6325,12.6833,40420254
2013-05-21,12.7086,12.7784,12.6769,12.7150,44609840
2013-05-22,12.7404,12.9117,12.5310,12.5817,118123067
2013-05-23,12.4041,12.5691,12.3660,12.5056,73706248
2013-05-24,12.4422,12.5246,12.3851,12.5183,62105304
2013-05-28,12.6896,12.7594,12.5881,12.6452,58804501
2013-05-29,12.5754,12.7086,12.5500,12.6452,59443390
2013-05-30,12.6642,12.8419,12.6389,12.7975,68429074
2013-05-31,12.7658,12.8165,12.5818,12.5881,73854091
2013-06-03,12.6389,12.6515,12.4041,12.6008,123404549
2013-06-04,12.6198,12.6896,12.4549,12.4866,77242788
2013-06-05,12.4612,12.5120,12.2391,12.2835,108448023
2013-06-06,12.2709,12.4612,12.1947,12.4549,87829880
2013-06-07,12.5246,12.6896,12.4866,12.6706,65529331
2013-06-10,12.7340,12.7467,12.6325,12.6769,81226304
2013-06-11,12.5500,12.6008,12.4485,12.4675,86971873
2013-06-12,12.5500,12.5564,12.3089,12.3343,79029954
2013-06-13,12.3280,12.5817,12.2962,12.5691,85934756
2013-06-14,12.5500,12.5818,12.3851,12.4041,54618855
2013-06-17,12.4993,12.5818,12.4549,12.5246,56877616
2013-06-18,12.5373,12.6389,12.5246,12.6071,42143039
2013-06-19,12.6135,12.6262,12.4231,12.4358,75429279
2013-06-20,12.3216,12.3660,12.1186,12.1693,126575852
2013-06-21,12.2693,12.2757,12.0336,12.1802,105462601
2013-06-24,12.0273,12.0910,11.8362,11.9636,96897057
2013-06-25,12.0846,12.2439,12.0528,12.1865,80205190
2013-06-26,12.3012,12.3522,12.2311,12.3076,82233016
2013-06-27,12.3904,12.4859,12.3713,12.4668,52961682
2013-06-28,12.4222,12.4477,12.3203,12.3904,63374219
2013-07-01,12.4796,12.7408,12.4222,12.4286,73513720
2013-07-02,12.4350,12.5688,12.3840,12.4414,74272877
2013-07-03,12.3585,12.4350,12.3203,12.4031,30829533
2013-07-05,12.5433,12.6261,12.4605,12.6261,46578332
2013-07-08,12.7089,12.7662,12.6771,12.7216,58673522
2013-07-09,12.7981,12.8363,12.7089,12.8299,93151001
2013-07-10,12.7917,12.8172,12.6834,12.7535,71055905
2013-07-11,12.9255,12.9255,12.7790,12.8745,74407918
2013-07-12,12.9064,12.9701,12.8745,12.9637,53045513
2013-07-15,13.0465,13.0529,12.9446,13.0211,32258971
2013-07-16,13.0211,13.0593,12.9128,12.9701,44604916
2013-07-17,12.9956,13.0656,12.9637,13.0274,46074484
2013-07-18,13.0656,13.2058,13.0593,13.1994,57946248
2013-07-19,13.1931,13.2058,13.1230,13.2058,40687012
2013-07-22,13.2122,13.2950,13.1931,13.2950,32787439
2013-07-23,13.3332,13.3332,13.2313,13.2440,37173861
2013-07-24,13.2950,13.2950,13.1230,13.1485,45179670
2013-07-25,13.1166,13.1676,13.0402,13.1612,46240669
2013-07-26,13.0975,13.1485,13.0147,13.1485,37870484
2013-07-29,13.1230,13.1230,13.0019,13.0529,35602736
2013-07-30,13.0911,13.1294,13.0083,13.0465,29564312
2013-07-31,13.0529,13.1739,13.0338,13.0529,56247221
2013-08-01,13.1739,13.2759,13.1612,13.2631,41956665
2013-08-02,13.2504,13.2695,13.2122,13.2568,38756558
2013-08-05,13.2440,13.2759,13.2058,13.2313,25892854
2013-08-06,13.2058,13.2185,13.0975,13.1102,31125712
2013-08-07,13.0529,13.0593,12.9574,13.0211,47522016
2013-08-08,13.0911,13.1294,12.9574,13.0529,53167013
2013-08-09,13.0211,13.0848,12.9828,13.0083,25617110
2013-08-12,12.9510,12.9956,12.9128,12.9574,33403185
2013-08-13,12.9892,13.0593,12.8936,13.0211,37451082
2013-08-14,13.0019,13.0657,12.9637,12.9701,37419446
2013-08-15,12.8745,12.8745,12.7344,12.7790,76359915
2013-08-16,12.7535,12.8427,12.7280,12.7535,40227972
2013-08-19,12.7280,12.7408,12.5815,12.5879,47041926
2013-08-20,12.6134,12.7408,12.5624,12.7089,52458696
2013-08-21,12.6516,12.7599,12.5624,12.6197,57591843
2013-08-22,12.6707,12.7854,12.6579,12.7662,39774718
2013-08-23,12.7917,12.8045,12.7153,12.7790,31125096
2013-08-26,12.7981,12.8299,12.6962,12.6962,36845430
2013-08-27,12.5433,12.5879,12.3649,12.3904,89691891
2013-08-28,12.3585,12.4923,12.3267,12.4095,63150423
2013-08-29,12.3840,12.5242,12.3713,12.4414,33458334
2013-08-30,12.4477,12.4732,12.3458,12.3840,32457777
2013-09-03,12.5305,12.6006,12.4159,12.4859,52539203
2013-09-04,12.4987,12.6388,12.4668,12.5815,38645768
2013-09-05,12.6070,12.6898,12.5815,12.6134,37273449
2013-09-06,12.6834,12.6898,12.4732,12.6134,48118067
2013-09-09,12.6643,12.7599,12.6325,12.7599,40325837
2013-09-10,12.8618,12.9319,12.8554,12.9128,45371583
2013-09-11,12.8873,12.9319,12.8554,12.9255,39921576
2013-09-12,12.9128,12.9319,12.8172,12.8299,42265400
2013-09-13,12.8491,12.8873,12.8108,12.8682,36197555
2013-09-16,13.0211,13.0656,12.9828,13.0083,48338416
2013-09-17,13.0274,13.0720,13.0019,13.0720,42906382
2013-09-18,13.0465,13.2631,13.0083,13.1867,62847843
2013-09-19,13.2440,13.2568,13.1102,13.1357,49697070
2013-09-20,13.1683,13.1747,13.0468,13.0660,54032652
2013-09-23,12.9893,13.0021,12.8614,12.8805,62269273
2013-09-24,12.8678,12.9125,12.7846,12.7974,49559198
2013-09-25,12.8166,12.9061,12.7526,12.8678,48181217
2013-09-26,12.8869,12.9509,12.8102,12.8678,35533800
2013-09-27,12.7910,12.8550,12.7654,12.8230,60591420
2013-09-30,12.6695,12.7974,12.6567,12.7334,49069260
2013-10-01,12.7526,12.8486,12.7398,12.8230,50421391
2013-10-02,12.7334,12.8294,12.7015,12.8166,46893960
2013-10-03,12.7846,12.8038,12.6183,12.7207,57469112
2013-10-04,12.7271,12.8294,12.7143,12.8230,36588767
2013-10-07,12.7143,12.7590,12.6631,12.6759,35878480
2013-10-08,12.6759,12.6951,12.4968,12.5160,90449818
2013-10-09,12.5480,12.6119,12.4584,12.5608,96983596
2013-10-10,12.7271,12.9253,12.7207,12.9189,94071174
2013-10-11,12.8869,13.0021,12.8486,12.9893,47829520
2013-10-14,12.9061,13.0724,12.8869,13.0532,45458737
2013-10-15,13.0532,13.0916,12.9317,12.9573,57169733
2013-10-16,13.0468,13.2451,13.0404,13.2323,92827371
2013-10-17,13.1428,13.3666,13.1428,13.3474,65763713
2013-10-18,13.3858,13.4050,13.2899,13.3730,51511564
2013-10-21,13.3794,13.4050,13.3346,13.3474,35925381
2013-10-22,13.4050,13.4561,13.3538,13.3730,38892953
2013-10-23,13.3090,13.3282,13.2323,13.2643,44094297
2013-10-24,13.3090,13.3090,13.2195,13.2835,34263777
2013-10-25,13.2963,13.3410,13.2643,13.3410,34527334
2013-10-28,13.3346,13.3410,13.2835,13.3090,26414798
2013-10-29,13.3346,13.3602,13.3026,13.3474,27109328
2013-10-30,13.3666,13.3858,13.2515,13.2963,43636119
2013-10-31,13.2771,13.2899,13.1492,13.1556,60161063
2013-11-01,13.1556,13.2067,13.1172,13.1875,41068991
2013-11-04,13.2067,13.2195,13.1555,13.1939,23064878
2013-11-05,13.1492,13.1747,13.1044,13.1236,31916014
2013-11-06,13.1875,13.2195,13.1556,13.1875,35278244
2013-11-07,13.2259,13.2451,13.0340,13.0404,55046504
2013-11-08,13.0532,13.3410,13.0404,13.3410,78709894
2013-11-11,13.3410,13.3730,13.2899,13.3474,28828050
2013-11-12,13.3154,13.3282,13.1811,13.2195,35299294
2013-11-13,13.1619,13.3858,13.1428,13.3346,52414257
2013-11-14,13.3346,13.4561,13.3026,13.4497,43016187
2013-11-15,13.4625,13.5265,13.4370,13.5137,45884171
2013-11-18,13.5649,13.6032,13.4753,13.5073,52683107
2013-11-19,13.5137,13.5968,13.4881,13.5265,35699492
2013-11-20,13.5585,13.5968,13.4433,13.4881,39271362
2013-11-21,13.5265,13.6992,13.5201,13.6800,45735589
2013-11-22,13.6928,13.7503,13.6672,13.7439,34106702
2013-11-25,13.7887,13.8207,13.7375,13.7631,34048598
2013-11-26,13.7695,13.8207,13.7439,13.7503,34307478
2013-11-27,13.7823,13.8079,13.7503,13.7887,19686029
2013-11-29,13.8399,13.8399,13.7311,13.7375,14792804
2013-12-02,13.7567,13.8335,13.6928,13.7311,37823829
2013-12-03,13.6608,13.6928,13.5201,13.5904,34143508
2013-12-04,13.5329,13.6864,13.5073,13.6224,53872745
2013-12-05,13.5649,13.5968,13.4817,13.4945,45227309
2013-12-06,13.6544,13.7184,13.5904,13.6800,37371314
2013-12-09,13.7248,13.7695,13.7120,13.7375,27234152
2013-12-10,13.7056,13.7695,13.6864,13.6864,37960839
2013-12-11,13.6928,13.6992,13.4753,13.5009,79264090
2013-12-12,13.4945,13.5649,13.4689,13.5009,48718056
2013-12-13,13.5457,13.5777,13.4817,13.5137,89187304
2013-12-16,13.5713,13.6288,13.5713,13.5968,84071637
2013-12-17,13.5968,13.5968,13.4945,13.5073,33255096
2013-12-18,13.5521,13.8335,13.4306,13.8207,122031246
2013-12-19,13.8015,13.8399,13.7567,13.8015,56205614
2013-12-20,13.8278,13.9242,13.8214,13.8857,81181865
2013-12-23,13.9499,13.9821,13.9306,13.9499,36429968
2013-12-24,13.9756,13.9821,13.9371,13.9756,9107923
2013-12-26,14.0206,14.0206,13.9756,14.0078,18352240
2013-12-27,14.0142,14.0206,13.9756,14.0013,14700479
2013-12-30,14.0013,14.0270,13.9564,13.9756,19989840
2013-12-31,14.0013,14.0527,13.9949,14.0463,22770053
2014-01-02,14.0206,14.0335,13.9306,13.9692,43679450
2014-01-03,13.9885,14.1106,13.9821,14.0656,30349074
2014-01-06,14.1363,14.1748,14.0527,14.0784,42798546
2014-01-07,14.1555,14.1555,14.0399,14.0849,58506229
2014-01-08,14.1106,14.1491,14.0720,14.1298,44270453
2014-01-09,14.1748,14.2005,14.0913,14.1812,35872817
2014-01-10,14.1748,14.1941,14.0913,14.1555,44795967
2014-01-13,14.1363,14.1620,13.9178,13.9435,52459804
2014-01-14,14.0206,14.0784,13.9499,14.0592,38581263
2014-01-15,14.1234,14.2391,14.1170,14.2262,75928326
2014-01-16,14.1877,14.1941,14.1041,14.1363,57911287
2014-01-17,14.1555,14.1812,14.0592,14.0913,70660016
2014-01-21,14.1684,14.1812,14.0206,14.1041,51099056
2014-01-22,14.1298,14.1427,14.0720,14.1106,22301904
2014-01-23,14.0463,14.0527,13.8150,13.8792,64648058
2014-01-24,13.8086,13.8086,13.5644,13.5644,86803719
2014-01-27,13.5837,13.6479,13.4038,13.4809,79350014
2014-01-28,13.5515,13.6736,13.5387,13.6608,43538500
2014-01-29,13.5130,13.6351,13.4680,13.5001,79334380
2014-01-30,13.6222,13.7186,13.5772,13.6929,56607904
2014-01-31,13.4873,13.6608,13.4616,13.5323,65974214
2014-02-03,13.5194,13.5515,13.1724,13.1917,129496030
2014-02-04,13.2560,13.3909,13.2110,13.3202,67895066
2014-02-05,13.3009,13.3523,13.2110,13.3074,58062823
2014-02-06,13.3331,13.5194,13.3266,13.5130,49232368
2014-02-07,13.5708,13.6929,13.5258,13.6801,63056129
2014-02-10,13.6865,13.7058,13.6158,13.6929,53244320
2014-02-11,13.7379,13.8728,13.6736,13.8343,46243500
2014-02-12,13.8535,13.8985,13.7829,13.8343,47764154
2014-02-13,13.7122,13.8921,13.7122,13.8857,39783458
2014-02-14,13.8664,13.9178,13.8407,13.9049,37421046
2014-02-18,13.9178,13.9563,13.8664,13.9306,26168844
2014-02-19,13.8857,13.9692,13.7315,13.7379,78908823
2014-02-20,13.7507,13.8086,13.6736,13.7764,39164019
2014-02-21,13.8021,13.8535,13.7507,13.8021,53100785
2014-02-24,13.8086,13.9756,13.8021,13.9049,51914224
2014-02-25,13.8985,13.9050,13.7893,13.8214,49380703
2014-02-26,13.8535,13.8664,13.7315,13.8021,52231699
2014-02-27,13.7829,13.8792,13.7379,13.8728,47711837
2014-02-28,13.8792,14.0206,13.8535,13.9435,69264062
2014-03-03,13.8150,13.8535,13.7443,13.8343,61089483
2014-03-04,13.9949,14.1170,13.9692,14.1170,61500268
2014-03-05,14.1234,14.2648,14.0913,14.2648,58700112
2014-03-06,14.2648,14.3419,14.2584,14.3098,53457898
2014-03-07,14.3997,14.4511,14.3162,14.3740,81544764
2014-03-10,14.3419,14.4575,14.2905,14.3804,29071542
2014-03-11,14.3997,14.4126,14.2519,14.2841,55578050
2014-03-12,14.1941,14.2648,14.1555,14.2584,39319248
2014-03-13,14.3033,14.3226,14.0656,14.0977,70116160
2014-03-14,14.0463,14.1620,13.9949,14.0078,54433958
2014-03-17,14.1234,14.2069,14.1106,14.1555,46338656
2014-03-18,14.1941,14.2391,14.1684,14.2262,44158186
2014-03-19,14.2391,14.3226,14.1170,14.2198,69971394
2014-03-20,14.1941,14.4768,14.1941,14.4447,112214267
2014-03-21,14.5434,14.6079,14.4273,14.4466,82702027
2014-03-24,14.4918,14.5305,14.3563,14.4402,68496287
2014-03-25,14.4853,14.5111,14.3563,14.4273,42096507
2014-03-26,14.5111,14.5176,14.2789,14.2789,62505872
2014-03-27,14.2467,14.3112,14.1242,14.2016,81009033
2014-03-28,14.2403,14.3499,14.2080,14.2596,48922771
2014-03-31,14.3628,14.4531,14.3499,14.4079,41048557
2014-04-01,14.4466,14.4789,14.3950,14.4337,51651775
2014-04-02,14.4466,14.4982,14.4208,14.4660,44565278
2014-04-03,14.4789,14.4982,14.3950,14.4402,46626833
2014-04-04,14.5176,14.5498,14.2854,14.2983,60202301
2014-04-07,14.2854,14.2918,14.0661,14.0790,72897112
2014-04-08,14.0919,14.1306,13.9823,14.0984,56290676
2014-04-09,14.1435,14.2338,14.0726,14.2209,44907126
2014-04-10,14.2338,14.2338,13.8855,13.8920,94458692
2014-04-11,13.7307,13.8920,13.6663,13.7243,98050873
2014-04-14,13.8855,13.9049,13.6921,13.8339,69247689
2014-04-15,13.8662,13.9887,13.7630,13.9629,103855038
2014-04-16,14.0274,14.0790,13.9436,14.0726,49363100
2014-04-17,14.0919,14.1306,14.0274,14.0984,58956037
2014-04-21,14.1048,14.1177,14.0532,14.0855,37683618
2014-04-22,14.1048,14.2209,14.0532,14.1822,33032777
2014-04-23,14.1693,14.2274,14.1500,14.2145,32197667
2014-04-24,14.2789,14.2789,14.1500,14.2080,36918798
2014-04-25,14.1758,14.1887,14.0661,14.0919,35205738
2014-04-28,14.0919,14.1306,13.8726,14.0081,54068967
2014-04-29,14.0403,14.1500,14.0274,14.1435,34182162
2014-04-30,14.1048,14.1951,14.0919,14.1629,46774307
2014-05-01,14.1629,14.2080,14.1177,14.1887,33615533
2014-05-02,14.1951,14.3112,14.1500,14.1822,34600209
2014-05-05,14.0532,14.1371,14.0016,14.1242,23206197
2014-05-06,14.0855,14.0855,13.9242,13.9242,73906286
2014-05-07,13.9952,14.1242,13.9565,14.1113,50411420
2014-05-08,14.0919,14.2274,14.0919,14.1500,35858291
2014-05-09,14.1435,14.1629,14.0532,14.1435,29373014
2014-05-12,14.2145,14.2918,14.1822,14.2854,25643084
2014-05-13,14.2919,14.3305,14.2532,14.2725,28989311
2014-05-14,14.2596,14.2725,14.1435,14.1693,31432723
2014-05-15,14.1048,14.1242,13.9049,14.0081,49008449
2014-05-16,14.0145,14.0274,13.9178,14.0274,41206002
2014-05-19,13.9887,14.1113,13.9823,14.0984,24674780
2014-05-20,14.0726,14.1048,13.9629,14.0145,24000561
2014-05-21,14.0661,14.1629,14.0597,14.1048,39055814
2014-05-22,14.1242,14.1951,14.0855,14.1693,22555244
2014-05-23,14.1887,14.2209,14.1564,14.2145,20383390
2014-05-27,14.2467,14.3950,14.2467,14.3370,28444963
2014-05-28,14.3047,14.3499,14.2789,14.3112,40448075
2014-05-29,14.3434,14.3563,14.2790,14.3434,18361350
2014-05-30,14.3112,14.3886,14.3047,14.3757,33521607
2014-06-02,14.3886,14.4273,14.3176,14.4144,24982776
2014-06-03,14.3757,14.4337,14.3499,14.4337,19306758
2014-06-04,14.3886,14.4853,14.3886,14.4724,24081684
2014-06-05,14.4982,14.6143,14.4337,14.6079,38203470
2014-06-06,14.6466,14.7240,14.6208,14.7046,36753598
2014-06-09,14.7111,14.7884,14.6982,14.7691,39739634
2014-06-10,14.7304,14.7627,14.7046,14.7627,26550947
2014-06-11,14.7046,14.7111,14.6208,14.6659,25320439
2014-06-12,14.6595,14.6659,14.5498,14.5756,36993766
2014-06-13,14.6143,14.6466,14.5369,14.5821,34428485
2014-06-16,14.5563,14.5563,14.4724,14.5111,41736316
2014-06-17,14.4918,14.6724,14.4853,14.6595,30098442
2014-06-18,14.6530,14.7691,14.5950,14.7433,38125793
2014-06-19,14.7498,14.7627,14.6724,14.7240,28443117
2014-06-20,14.7887,14.8017,14.7369,14.7822,30669011
2014-06-23,14.7822,14.8276,14.7304,14.8146,23893956
2014-06-24,14.7822,14.8470,14.6981,14.7175,27761266
2014-06-25,14.6463,14.7499,14.6333,14.7304,31616881
2014-06-26,14.7110,14.7304,14.5686,14.6786,32902784
2014-06-27,14.6333,14.7369,14.6333,14.7369,22087464
2014-06-30,14.7045,14.7499,14.6851,14.7240,45984497
2014-07-01,14.7563,14.8793,14.7563,14.8146,34924332
2014-07-02,14.8081,14.8599,14.7952,14.8017,21714471
2014-07-03,14.9053,14.9376,14.8729,14.9182,27225904
2014-07-07,14.8988,14.8988,14.8081,14.8535,30418995
2014-07-08,14.8276,14.8405,14.6916,14.7240,42234379
2014-07-09,14.7434,14.7758,14.7110,14.7628,23890756
2014-07-10,14.6009,14.7110,14.5427,14.6657,31814580
2014-07-11,14.6463,14.7045,14.5750,14.6916,26102370
2014-07-14,14.8340,14.8405,14.7628,14.7822,26266093
2014-07-15,14.8599,14.9182,14.8081,14.8858,36321394
2014-07-16,14.8988,14.9182,14.8146,14.8599,32831509
2014-07-17,14.7887,14.8535,14.6527,14.6657,42034342
2014-07-18,14.7110,14.8470,14.7110,14.8340,25827980
2014-07-21,14.7563,14.8146,14.7304,14.7952,18265332
2014-07-22,14.8340,14.8664,14.8081,14.8405,15999553
2014-07-23,14.8470,14.8988,14.8211,14.8729,17625827
2014-07-24,14.9117,14.9312,14.8794,14.9053,25123971
2014-07-25,14.8470,14.8923,14.8081,14.8211,44700318
2014-07-28,14.8081,14.8664,14.7304,14.8276,51911024
2014-07-29,14.8470,14.8858,14.7434,14.7499,34997453
2014-07-30,14.8081,14.8729,14.7240,14.8146,49021005
2014-07-31,14.7110,14.7499,14.5038,14.5103,61818850
2014-08-01,14.4714,14.5297,14.3225,14.3873,61016238
2014-08-04,14.4391,14.5232,14.3743,14.5038,32232135
2014-08-05,14.4326,14.4779,14.2966,14.3549,49123055
2014-08-06,14.3096,14.4909,14.3096,14.4132,45635509
2014-08-07,14.4779,14.5103,14.3096,14.3484,49004387
2014-08-08,14.3419,14.4973,14.3096,14.4909,62985100
2014-08-11,14.5168,14.5686,14.4909,14.5038,28040580
2014-08-12,14.4585,14.5750,14.4585,14.5362,27079046
2014-08-13,14.5686,14.6333,14.5556,14.6009,27864301
2014-08-14,14.6204,14.6916,14.6139,14.6916,26959269
2014-08-15,14.7563,14.7563,14.5362,14.6204,48988876
2014-08-18,14.6916,14.7952,14.6851,14.7822,30915826
2014-08-19,14.8146,14.8470,14.7952,14.8081,24872847
2014-08-20,14.7822,14.8988,14.7628,14.8470,32671479
2014-08-21,14.8794,15.0477,14.8535,15.0218,46030414
2014-08-22,15.0218,15.0607,14.9506,14.9700,30347351
2014-08-25,15.0412,15.1448,15.0412,15.0995,33893123
2014-08-26,15.0866,15.1772,15.0801,15.1319,17016729
2014-08-27,15.1707,15.1707,15.0736,15.0995,21784145
2014-08-28,15.0283,15.0736,14.9959,15.0542,25850015
2014-08-29,15.0995,15.1448,15.0606,15.1254,28003280
2014-09-02,15.1707,15.1966,15.0995,15.1837,36352415
2014-09-03,15.2419,15.2549,15.1254,15.1578,24151728
2014-09-04,15.1707,15.2679,15.1189,15.1707,31148855
2014-09-05,15.1513,15.1966,15.0606,15.1901,30005256
2014-09-08,15.1772,15.2549,15.1448,15.1966,26755908
2014-09-09,15.1643,15.1643,15.0153,15.0412,38428619
2014-09-10,15.0477,15.1384,15.0477,15.1189,38567107
2014-09-11,15.0671,15.1707,15.0542,15.1578,36650440
2014-09-12,15.1578,15.2160,15.0865,15.1448,42971009
2014-09-15,15.1448,15.1772,15.0930,15.1383,25694294
2014-09-16,15.0995,15.2355,15.0930,15.2031,39350392
2014-09-17,15.2355,15.3520,15.1837,15.2678,54889305
2014-09-18,15.3455,15.4556,15.3261,15.4168,63655749
2014-09-19,15.5000,15.5260,15.3374,15.3765,62190612
2014-09-22,15.3440,15.3830,15.2529,15.2724,39775087
2014-09-23,15.2399,15.3179,15.1619,15.1684,39927485
2014-09-24,15.2009,15.2594,15.1359,15.2529,44279193
2014-09-25,15.2009,15.2269,14.9994,14.9994,66656804
2014-09-26,15.0449,15.1814,15.0189,15.1424,49182020
2014-09-29,14.9929,15.1229,14.9864,15.0904,47184969
2014-09-30,15.1229,15.1554,15.0319,15.0644,40730589
2014-10-01,15.0319,15.0644,14.8563,14.8823,63257889
2014-10-02,14.8888,14.9799,14.7848,14.9213,69509769
2014-10-03,15.0579,15.1619,15.0059,15.1359,62092379
2014-10-06,15.2399,15.2399,15.0709,15.0904,40801003
2014-10-07,15.0514,15.0514,14.8303,14.8368,63099706
2014-10-08,14.8433,15.1164,14.7978,15.1164,72327897
2014-10-09,15.1034,15.1034,14.7848,14.7978,110277904
2014-10-10,14.7653,14.9343,14.6743,14.6808,76225243
2014-10-13,14.6873,14.7783,14.5377,14.5507,70603882
2014-10-14,14.5898,14.7263,14.5442,14.6093,78074944
2014-10-15,14.4012,14.4727,14.0111,14.3297,134405258
2014-10-16,14.0826,14.4402,14.0696,14.3297,101397347
2014-10-17,14.5182,14.5833,14.4142,14.5117,65796704
2014-10-20,14.4792,14.6093,14.4792,14.5963,60934746
2014-10-21,14.7263,14.8888,14.6873,14.8693,62988547
2014-10-22,14.8953,14.9083,14.7328,14.7328,56880817
2014-10-23,14.9018,14.9734,14.8498,14.8758,99572513
2014-10-24,14.9018,15.0254,14.8758,15.0189,32770205
2014-10-27,14.9669,15.0449,14.9409,15.0384,27325984
2014-10-28,15.0774,15.2074,15.0774,15.2009,44604546
2014-10-29,15.2269,15.2659,15.1229,15.2399,55631844
2014-10-30,15.2269,15.3960,15.1814,15.3244,41918628
2014-10-31,15.5000,15.5195,15.4350,15.5000,46879927
2014-11-03,15.5390,15.5975,15.4935,15.5585,60885014
2014-11-04,15.5000,15.5715,15.4415,15.5650,36701526
2014-11-05,15.7015,15.7015,15.5780,15.6690,30312760
2014-11-06,15.6430,15.7015,15.5975,15.6950,33192561
2014-11-07,15.7015,15.7406,15.6235,15.7015,35459694
2014-11-10,15.7015,15.7861,15.6820,15.7861,37733474
2014-11-11,15.7926,15.8056,15.7340,15.7340,47698542
2014-11-12,15.6820,15.7211,15.6430,15.7015,23048629
2014-11-13,15.7145,15.7471,15.6300,15.6950,36133543
2014-11-14,15.6885,15.7210,15.6235,15.6430,14073777
2014-11-17,15.5975,15.6625,15.5845,15.6430,19907978
2014-11-18,15.6365,15.7471,15.6300,15.6950,15630130
2014-11-19,15.6690,15.6885,15.5975,15.6625,27164231
2014-11-20,15.5845,15.6820,15.5585,15.6625,19798912
2014-11-21,15.8381,15.8381,15.7211,15.7406,25110061
2014-11-24,15.7926,15.8836,15.7861,15.8446,23038411
2014-11-25,15.8771,15.8771,15.7796,15.8316,28864242
2014-11-26,15.8316,15.8576,15.8121,15.8511,10769280
2014-11-28,15.8641,15.9356,15.8446,15.8641,9621496
2014-12-01,15.7796,15.8251,15.7145,15.7536,33654309
2014-12-02,15.7405,15.9161,15.7405,15.9031,26767603
2014-12-03,15.9161,15.9876,15.8836,15.9746,17814417
2014-12-04,15.9551,16.0136,15.8901,15.9941,20925400
2014-12-05,16.0786,16.1957,16.0591,16.1372,37209929
2014-12-08,16.1177,16.2997,16.1112,16.2152,52915889
2014-12-09,16.0071,16.1762,15.9616,16.1762,55516992
2014-12-10,16.1306,16.1827,15.9421,15.9681,63708559
2014-12-11,16.0136,16.1502,15.9811,16.0071,71819494
2014-12-12,15.8836,15.9811,15.6755,15.6950,48320689
2014-12-15,15.7861,15.8121,15.4740,15.5520,45935750
2014-12-16,15.4675,15.7145,15.3960,15.4025,45497391
2014-12-17,15.4740,15.7601,15.4415,15.7536,53873361
2014-12-18,15.9941,16.1307,15.9096,16.1176,46183796
2014-12-19,16.1673,16.2131,16.0758,16.1281,49107421
2014-12-22,16.1739,16.2392,16.1346,16.2392,19475282
2014-12-23,16.2980,16.3895,16.2653,16.3307,22928360
2014-12-24,16.3830,16.3830,16.2980,16.3045,9773278
2014-12-26,16.3568,16.3634,16.2980,16.3045,18149002
2014-12-29,16.2915,16.4287,16.2588,16.3634,22126486
2014-12-30,16.3372,16.3830,16.2915,16.3438,20298451
2014-12-31,16.4026,16.4156,16.1412,16.1608,29869969
2015-01-02,16.2457,16.2719,16.0366,16.1608,40511471
2015-01-05,16.0562,16.0889,15.7818,15.8210,50770502
2015-01-06,15.8210,15.8732,15.5073,15.5792,57454463
2015-01-07,15.7099,15.7818,15.6184,15.7425,36287049
2015-01-08,15.9255,16.0170,15.8929,15.9778,37995923
2015-01-09,16.0105,16.0170,15.7556,15.7622,36300590
2015-01-12,15.7622,15.8014,15.5857,15.6315,38356360
2015-01-13,15.7360,15.8406,15.4681,15.5792,45785445
2015-01-14,15.3309,15.4158,15.1544,15.3570,71356023
2015-01-15,15.3047,15.3831,15.1413,15.1675,58038203
2015-01-16,15.1283,15.3570,15.0695,15.3505,89499855
2015-01-20,15.3962,15.4550,15.2328,15.2851,39330942
2015-01-21,15.2786,15.4027,15.1805,15.3243,49251571
2015-01-22,15.4158,15.7229,15.3113,15.7033,97345387
2015-01-23,15.6903,15.7229,15.5334,15.5334,34069402
2015-01-26,15.5073,15.6184,15.4681,15.6118,27588310
2015-01-27,15.3962,15.5465,15.3831,15.4419,35186781
2015-01-28,15.5204,15.5204,15.1348,15.1609,85405918
2015-01-29,15.1413,15.3178,15.0825,15.2851,50409450
2015-01-30,15.1087,15.2851,15.0302,15.0368,64531113
2015-02-02,15.0760,15.2982,14.9584,15.2786,62984977
2015-02-03,15.3374,15.5465,15.3374,15.5334,66155787
2015-02-04,15.5008,15.6249,15.4681,15.4942,37523958
2015-02-05,15.5400,15.6772,15.5269,15.6511,30264135
2015-02-06,15.7948,15.9321,15.7360,15.7752,83237512
2015-02-09,15.7033,15.7752,15.6576,15.6968,37354080
2015-02-10,15.8144,15.8536,15.7033,15.8210,39742220
2015-02-11,15.8014,15.8667,15.7164,15.8210,36080733
2015-02-12,15.8471,15.9974,15.8144,15.9778,40635310
2015-02-13,15.9843,16.0301,15.9059,15.9647,23270085
2015-02-17,15.9386,16.0562,15.9255,16.0170,17869196
2015-02-18,15.9974,15.9974,15.8798,15.9190,36387868
2015-02-19,15.8798,15.9190,15.8144,15.8536,21550255
2015-02-20,15.8275,15.9974,15.7295,15.9713,40206183
2015-02-23,15.9517,15.9517,15.8471,15.9321,23616735
2015-02-24,15.9713,16.0628,15.9386,16.0105,33958612
2015-02-25,15.9974,16.0758,15.9909,16.0105,32659415
2015-02-26,16.0301,16.0366,15.9190,15.9713,33480738
2015-02-27,15.9517,15.9843,15.8994,15.9125,28937856
2015-03-02,15.9190,16.0432,15.8863,16.0301,27137641
2015-03-03,15.9843,16.0301,15.9059,15.9843,31729394
2015-03-04,15.9190,15.9386,15.8275,15.8863,47685247
2015-03-05,15.9125,15.9843,15.8602,15.9517,25112031
2015-03-06,16.0105,16.1150,15.8079,15.8340,74347599
2015-03-09,15.8471,15.9386,15.8406,15.9059,26666907
2015-03-10,15.7687,15.7752,15.5661,15.5661,49650662
2015-03-11,15.6118,15.7229,15.5922,15.6641,36531648
2015-03-12,15.7948,16.0170,15.7752,16.0039,50418806
2015-03-13,15.9647,15.9974,15.8014,15.8928,40917578
2015-03-16,15.9582,16.1020,15.9582,16.0889,39676730
2015-03-17,16.0366,16.0889,15.9386,16.0497,22247248
2015-03-18,16.0105,16.1935,15.9517,16.1412,58915168
2015-03-19,16.1412,16.1412,15.9190,15.9909,42486734
2015-03-20,16.0702,16.2211,16.0178,16.2080,47450742
2015-03-23,16.1752,16.2539,16.1162,16.1162,26417014
2015-03-24,16.1030,16.1030,15.9784,15.9850,22615686
2015-03-25,16.0046,16.0440,15.7292,15.7292,40570806
2015-03-26,15.6636,15.7882,15.5980,15.7160,40238682
2015-03-27,15.7160,15.7357,15.6373,15.6964,30154207
2015-03-30,15.8144,15.9653,15.8079,15.9259,43422048
2015-03-31,15.8472,15.8931,15.7816,15.8144,26132160
2015-04-01,15.7751,15.8603,15.6898,15.8013,32823015
2015-04-02,15.7620,15.9063,15.7620,15.8800,26472163
2015-04-06,15.7488,15.9456,15.7160,15.9063,19432443
2015-04-07,15.9391,15.9522,15.8210,15.8210,22346466
2015-04-08,15.8341,15.9456,15.8341,15.8800,22778055
2015-04-09,15.8538,15.9194,15.7948,15.9063,25595691
2015-04-10,15.9128,15.9391,15.8735,15.8997,18165005
2015-04-13,15.8735,16.0112,15.8603,15.9587,38112499
2015-04-14,15.9456,15.9981,15.8669,15.9587,32499016
2015-04-15,15.9915,16.0834,15.9522,16.0178,45762179
2015-04-16,16.0112,16.0965,15.9259,16.0440,27839065
2015-04-17,15.9653,15.9653,15.7685,15.8276,49064829
2015-04-20,15.8866,15.9522,15.8800,15.8931,19100196
2015-04-21,15.9522,15.9719,15.8013,15.8144,26714793
2015-04-22,15.8275,15.9653,15.7751,15.9259,26511555
2015-04-23,15.8997,15.9915,15.8735,15.9522,26294652
2015-04-24,15.9194,15.9456,15.8669,15.9259,23031271
2015-04-27,15.9456,16.0112,15.8407,15.8669,29486759
2015-04-28,15.8407,15.9587,15.7751,15.9587,31748721
2015-04-29,15.8669,16.0243,15.8013,15.9522,49893538
2015-04-30,15.9063,15.9915,15.7685,15.8276,42838185
2015-05-01,15.9128,15.9850,15.8931,15.9653,22565584
2015-05-04,16.0309,16.1293,16.0047,16.1227,27367961
2015-05-05,16.0768,16.1686,15.9653,15.9784,37717594
2015-05-06,16.0440,16.0702,15.7882,15.8997,36626312
2015-05-07,15.8341,16.0506,15.8341,16.0112,39290812
2015-05-08,16.0965,16.2408,16.0965,16.2408,40714217
2015-05-11,16.2408,16.2736,16.1555,16.1818,38354636
2015-05-12,16.1096,16.1621,15.9915,16.1227,48760649
2015-05-13,16.1227,16.1883,16.0965,16.1293,29430379
2015-05-14,16.2080,16.2801,16.1752,16.2736,26445450
2015-05-15,16.2801,16.2867,16.1490,16.2014,28494942
2015-05-18,16.2080,16.3064,16.1883,16.2933,19841750
2015-05-19,16.3260,16.4376,16.3129,16.3851,32513049
2015-05-20,16.4179,16.4244,16.3129,16.3392,37350263
2015-05-21,16.3064,16.3392,16.2867,16.2998,23172098
2015-05-22,16.2670,16.3457,16.2670,16.3064,16231966
2015-05-26,16.2801,16.2801,16.1096,16.1227,54832187
2015-05-27,16.1686,16.3195,16.1490,16.2998,31773341
2015-05-28,16.2605,16.2933,16.1818,16.2801,21900598
2015-05-29,16.2801,16.2801,16.0965,16.1358,31521478
2015-06-01,16.2211,16.2408,16.1030,16.1490,23062170
2015-06-02,16.1358,16.2342,16.0702,16.1752,26426862
2015-06-03,16.2342,16.3589,16.2014,16.3129,40898498
2015-06-04,16.2670,16.3064,16.1424,16.1686,37471271
2015-06-05,16.2867,16.3654,16.2145,16.2605,52402931
2015-06-08,16.2867,16.3064,16.1555,16.1621,28272131
2015-06-09,16.1752,16.2736,16.1096,16.2014,31163011
2015-06-10,16.2933,16.4900,16.2670,16.4310,53968148
2015-06-11,16.5032,16.5294,16.4376,16.4966,60034147
2015-06-12,16.4572,16.4900,16.3720,16.4244,42206558
2015-06-15,16.3195,16.4113,16.2473,16.3523,40678641
2015-06-16,16.3589,16.4572,16.3064,16.4441,36228207
2015-06-17,16.4966,16.5163,16.3851,16.4244,55448179
2015-06-18,16.4966,16.6016,16.4244,16.5753,70136594
2015-06-19,16.5292,16.5490,16.2986,16.2986,47071470
2015-06-22,16.5358,16.6148,16.5292,16.5489,40678518
2015-06-23,16.5951,16.6346,16.5555,16.5819,33542288
2015-06-24,16.5555,16.5819,16.4436,16.4436,26541099
2015-06-25,16.4897,16.4963,16.3316,16.3447,43711579
2015-06-26,16.4172,16.4435,16.3513,16.3974,30737208
2015-06-29,16.2196,16.2920,15.9956,16.0022,52912442
2015-06-30,16.1603,16.1998,16.0087,16.0614,77383245
2015-07-01,16.3118,16.3447,16.2064,16.3052,52375111
2015-07-02,16.2986,16.3381,16.1669,16.2327,24081438
2015-07-06,16.0483,16.2064,16.0285,16.1669,33223951
2015-07-07,16.1405,16.2130,15.8967,16.1998,63077548
2015-07-08,15.9824,16.0878,15.8902,15.9165,56789354
2015-07-09,16.1405,16.1669,16.0087,16.0417,31236625
2015-07-10,16.2657,16.2723,16.1603,16.2327,36120618
2015-07-13,16.3711,16.4304,16.3381,16.4304,41191230
2015-07-14,16.3777,16.5028,16.3447,16.4699,27691961
2015-07-15,16.5490,16.6346,16.4897,16.6082,62160945
2015-07-16,16.7334,16.7730,16.7137,16.7730,39781365
2015-07-17,16.7598,16.7795,16.6544,16.7268,22286763
2015-07-20,16.7729,16.7993,16.7005,16.7466,25354045
2015-07-21,16.7532,16.8191,16.6873,16.7268,24390172
2015-07-22,16.7334,16.8718,16.7137,16.8520,36459143
2015-07-23,16.8652,16.8784,16.6741,16.7071,36561685
2015-07-24,16.6873,16.7005,16.5226,16.5489,32149658
2015-07-27,16.4370,16.4765,16.3711,16.4304,34805048
2015-07-28,16.5621,16.5621,16.3908,16.4963,29677194
2015-07-29,16.5490,16.6675,16.5094,16.6610,33091373
2015-07-30,16.6346,16.6741,16.5687,16.6610,20597954
2015-07-31,16.6412,16.6807,16.5621,16.6082,24137571
2015-08-03,16.6082,16.6280,16.4765,16.5885,42025601
2015-08-04,16.6017,16.6478,16.5358,16.5621,30678613
2015-08-05,16.6741,16.7268,16.5819,16.6280,24771536
2015-08-06,16.6412,16.6675,16.5094,16.5687,23921408
2015-08-07,16.5555,16.6214,16.4633,16.6017,30673812
2015-08-10,16.7137,16.7664,16.6675,16.7598,30165778
2015-08-11,16.6017,16.6609,16.5424,16.6082,65448208
2015-08-12,16.4699,16.4831,16.2064,16.4567,77509300
2015-08-13,16.4963,16.5753,16.3908,16.5160,27547564
2015-08-14,16.4963,16.6346,16.4897,16.6346,33603346
2015-08-17,16.5621,16.6741,16.5028,16.6675,28771055
2015-08-18,16.6478,16.6939,16.6148,16.6544,20245642
2015-08-19,16.6083,16.6478,16.4436,16.5028,57382080
2015-08-20,16.3316,16.3513,16.1537,16.1537,67731590
2015-08-21,15.9495,16.0680,15.5739,15.5739,127715881
2015-08-24,14.6187,15.4356,12.2009,14.9086,143651668
2015-08-25,15.4554,15.4685,14.6582,14.7109,84936661
2015-08-26,15.0535,15.2643,14.7768,15.2643,146056427
2015-08-27,15.4619,15.6728,15.3368,15.6398,96219884
2015-08-28,15.5805,15.6201,15.4685,15.5674,40348364
2015-08-31,15.4685,15.5344,15.4224,15.4356,58845124
2015-09-01,15.1062,15.1852,14.8229,14.9349,86294454
2015-09-02,15.1325,15.1787,14.9415,15.1391,52533664
2015-09-03,15.1852,15.3829,15.1589,15.2248,60273576
2015-09-04,15.0074,15.0535,14.8229,14.9217,54210039
2015-09-08,15.2116,15.3170,15.1062,15.3038,49726245
2015-09-09,15.4422,15.5081,15.0601,15.0930,43741739
2015-09-10,15.0798,15.2775,15.0337,15.1655,43653476
2015-09-11,15.0930,15.2314,15.0601,15.2314,26809949
2015-09-14,15.1984,15.2445,15.1391,15.1984,31837353
2015-09-15,15.2577,15.4619,15.1984,15.4158,41048311
2015-09-16,15.4290,15.5410,15.3499,15.5146,28008328
2015-09-17,15.5015,15.6069,15.2643,15.2972,75221486
2015-09-18,15.0874,15.1602,14.9748,15.0013,85290820
2015-09-21,15.1006,15.2330,15.0741,15.1734,47097445
2015-09-22,14.9484,15.0344,14.8689,14.9815,65335941
2015-09-23,14.9881,15.0410,14.9020,14.9881,34891095
2015-09-24,14.8160,14.9086,14.7497,14.8822,51271027
2015-09-25,15.0940,15.1999,15.0278,15.1006,55416173
2015-09-28,14.9947,15.0212,14.7034,14.7497,58422891
2015-09-29,14.7630,14.8226,14.6438,14.7762,48264309
2015-09-30,14.9748,15.0013,14.8226,15.0013,49086741
2015-10-01,14.9947,15.0675,14.8491,15.0079,48512971
2015-10-02,14.6836,15.0278,14.5511,15.0278,75346063
2015-10-05,15.1337,15.3654,15.1271,15.3456,47975517
2015-10-06,15.3125,15.3654,15.2463,15.2727,36684908
2015-10-07,15.3721,15.4780,15.2794,15.3919,38597020
2015-10-08,15.3323,15.4978,15.2992,15.4846,37237011
2015-10-09,15.5177,15.5309,15.3191,15.3853,58339183
2015-10-12,15.3787,15.4250,15.3390,15.3985,25312191
2015-10-13,15.3456,15.4449,15.2794,15.2794,42452020
2015-10-14,15.2860,15.3125,15.1337,15.1536,44763838
2015-10-15,15.2397,15.5177,15.2264,15.4978,55652525
2015-10-16,15.5442,15.6170,15.5111,15.5905,36542235
2015-10-19,15.4912,15.6104,15.4846,15.5773,32690313
2015-10-20,15.5773,15.6898,15.5640,15.6700,23941473
2015-10-21,15.6898,15.7428,15.5309,15.5574,29215200
2015-10-22,15.5905,15.8686,15.5839,15.8090,61204335
2015-10-23,15.9348,15.9877,15.8619,15.9811,45903498
2015-10-26,15.9811,15.9811,15.8553,15.9149,24485698
2015-10-27,15.8355,15.8553,15.7693,15.8222,28664204
2015-10-28,15.8553,16.2194,15.8553,16.1930,112058299
2015-10-29,16.1863,16.2525,16.0937,16.1731,48479611
2015-10-30,16.1334,16.1466,15.9215,15.9414,62867662
2015-11-02,15.9811,16.2261,15.9745,16.1598,73531446
2015-11-03,16.1532,16.2393,16.0804,16.1863,42479225
2015-11-04,16.1863,16.2261,16.0936,16.1400,40100564
2015-11-05,16.1400,16.2327,16.1135,16.2062,45236788
2015-11-06,16.5107,16.5306,16.3121,16.3717,85556100
2015-11-09,16.3916,16.4313,16.1003,16.1930,59169369
2015-11-10,16.1532,16.2724,16.1268,16.2658,41119339
2015-11-11,16.3386,16.3386,16.1996,16.2128,27576370
2015-11-12,16.1731,16.1797,15.9612,15.9679,66597469
2015-11-13,15.8884,16.0010,15.7891,15.8355,53877793
2015-11-16,15.7891,16.0275,15.7560,16.0275,53560564
2015-11-17,16.0936,16.1400,15.9612,15.9943,46013180
2015-11-18,16.0870,16.2989,16.0341,16.2790,83572836
2015-11-19,16.2856,16.3386,16.2261,16.3055,35613076
2015-11-20,16.3518,16.3982,16.2856,16.3320,44189330
2015-11-23,16.3254,16.3783,16.2459,16.2658,31828859
2015-11-24,16.1665,16.2724,16.0804,16.2194,35916887
2015-11-25,16.2261,16.2658,16.1863,16.2327,24226080
2015-11-27,16.2592,16.2923,16.1797,16.2724,23191055
2015-11-30,16.3254,16.3254,16.2327,16.2591,30361138
2015-12-01,16.3187,16.4445,16.2856,16.4379,38268343
2015-12-02,16.4776,16.4776,16.2128,16.2459,43846620
2015-12-03,16.3386,16.3386,15.9281,15.9811,59308595
2015-12-04,16.0804,16.4313,16.0407,16.4048,52547451
2015-12-07,16.3849,16.3982,16.1731,16.2525,31381144
2015-12-08,16.0738,16.1930,16.0076,16.0473,35697769
2015-12-09,15.9745,16.1532,15.7693,15.8619,66624798
2015-12-10,15.8553,16.0274,15.8024,15.8752,58161303
2015-12-11,15.6369,15.7362,15.4383,15.5243,89542078
2015-12-14,15.5376,15.6633,15.3853,15.5574,71948873
2015-12-15,15.7163,16.0076,15.7031,15.9215,93332943
2015-12-16,16.0672,16.2327,15.9149,16.1797,102205375
2015-12-17,16.2393,16.2393,15.9281,15.9480,70913355
2015-12-18,15.8348,15.8547,15.5217,15.5217,113598773
2015-12-21,15.6482,15.7282,15.5350,15.6749,50728156
2015-12-22,15.7681,15.8547,15.6282,15.8214,57087748
2015-12-23,15.9214,16.0346,15.8747,16.0080,40627924
2015-12-24,16.0279,16.0812,15.9547,15.9946,13844688
2015-12-28,15.9280,15.9880,15.8481,15.9813,16747016
2015-12-29,16.1145,16.1678,16.0613,16.1479,38040239
2015-12-30,16.1146,16.1412,16.0080,16.0346,19339133
2015-12-31,15.8747,16.0613,15.8414,15.8747,59154720
2016-01-04,15.5483,15.5816,15.3884,15.5683,93387476
2016-01-05,15.5949,15.6749,15.4884,15.6283,52096536
2016-01-06,15.4017,15.4817,15.3085,15.3884,77248574
2016-01-07,15.0687,15.2086,14.8955,14.9554,92006910
2016-01-08,15.0887,15.1020,14.6890,14.7223,83028242
2016-01-11,14.8022,14.8289,14.5957,14.7423,70986600
2016-01-12,14.8955,14.9221,14.6623,14.8555,80633578
2016-01-13,14.9154,14.9821,14.4025,14.4691,125524947
2016-01-14,14.5024,14.7156,14.3625,14.5957,95264013
2016-01-15,14.1027,14.3359,14.0761,14.2693,94362797
2016-01-19,14.4225,14.4758,14.1627,14.2626,83779398
2016-01-20,13.9695,14.1161,13.6764,13.9828,107682217
2016-01-21,13.9961,14.1760,13.8762,13.9229,91494814
2016-01-22,14.1027,14.2360,14.0761,14.1760,59334200
2016-01-25,14.1160,14.1693,13.8562,13.8896,78982191
2016-01-26,13.9428,14.1627,13.9229,14.1227,63973716
2016-01-27,14.0761,14.3159,13.9695,14.0694,77206350
2016-01-28,14.1560,14.2226,13.9828,14.0761,79906672
2016-01-29,14.1760,14.4758,14.1294,14.4691,100518905
2016-02-01,14.4025,14.4824,14.3026,14.4092,84561575
2016-02-02,14.2027,14.2226,13.9762,14.0095,86157444
2016-02-03,14.0894,14.0894,13.6231,14.0228,151930266
2016-02-04,13.9362,14.2426,13.9362,14.1427,97011048
2016-02-05,14.1560,14.2293,13.9162,13.9562,81506726
2016-02-08,13.7563,13.8030,13.4166,13.6031,132312804
2016-02-09,13.3366,13.6764,13.3366,13.5831,168924221
2016-02-10,13.6897,13.8429,13.5032,13.5098,80836939
2016-02-11,13.1501,13.2434,13.0102,13.0968,155436893
2016-02-12,13.4099,13.6497,13.3500,13.6497,119640644
2016-02-16,13.8829,13.9295,13.7430,13.8696,97496185
2016-02-17,14.0028,14.1227,14.0028,14.0561,79846353
2016-02-18,14.1094,14.1094,13.9095,13.9762,79491948
2016-02-19,13.8629,14.0361,13.8429,13.9762,91481888
2016-02-22,14.1427,14.2559,14.1427,14.1960,52408225
2016-02-23,14.1227,14.1427,13.9162,13.9429,71553352
2016-02-24,13.7430,13.9495,13.6231,13.9095,89023089
2016-02-25,13.9095,14.1161,13.9095,14.1027,87713797
2016-02-26,14.1960,14.3292,14.1227,14.2027,100096303
2016-02-29,14.1893,14.2626,14.0428,14.0494,70846020
2016-03-01,14.1494,14.5491,14.1494,14.5224,100224943
2016-03-02,14.5357,14.6890,14.5157,14.6823,89863616
2016-03-03,14.6690,14.7889,14.6090,14.7822,76643660
2016-03-04,14.8555,14.9154,14.7289,14.8422,70707286
2016-03-07,14.7422,14.8555,14.6956,14.8355,48251261
2016-03-08,14.7023,14.7622,14.5757,14.5957,94684581
2016-03-09,14.6490,14.6890,14.5624,14.6157,59913509
2016-03-10,14.7089,14.7756,14.4292,14.6024,94740222
2016-03-11,14.7489,15.0021,14.7489,14.9821,79284278
2016-03-14,14.9354,14.9754,14.8422,14.9354,55347853
2016-03-15,14.8355,14.9288,14.7822,14.9288,75699114
2016-03-16,14.8488,14.9887,14.7822,14.8955,72379969
2016-03-17,14.8955,15.1220,14.7889,15.0753,65859485
2016-03-18,15.1690,15.2694,15.1289,15.2092,65031268
2016-03-21,15.1623,15.2828,15.1222,15.1824,47484348
2016-03-22,15.0753,15.1958,15.0419,15.1355,43482367
2016-03-23,15.1088,15.1355,15.0151,15.0218,55912266
2016-03-24,14.8880,14.9281,14.7876,14.9281,48500785
2016-03-28,14.9482,15.0218,14.9014,14.9750,36121356
2016-03-29,14.9147,15.0084,14.8278,15.0017,44438115
2016-03-30,15.0820,15.2025,15.0686,15.0887,37636102
2016-03-31,15.0486,15.1489,15.0218,15.0553,39946073
2016-04-01,14.9817,15.2092,14.9214,15.1891,45753316
2016-04-04,15.1757,15.2092,15.0820,15.1155,38544826
2016-04-05,14.9750,15.0017,14.8746,14.9014,61644172
2016-04-06,14.8746,14.9950,14.8278,14.9817,38129610
2016-04-07,14.8746,14.8880,14.6203,14.7006,51315220
2016-04-08,14.8010,14.9014,14.7274,14.7542,55956828
2016-04-11,14.8211,14.9415,14.8010,14.8144,45423161
2016-04-12,14.8344,15.0285,14.8010,15.0017,48225902
2016-04-13,15.1556,15.3564,15.1422,15.3430,69649488
2016-04-14,15.2694,15.4567,15.2694,15.3764,52055051
2016-04-15,15.4166,15.4367,15.2961,15.3229,53901797
2016-04-18,15.2493,15.4500,15.2359,15.4367,52434076
2016-04-19,15.4835,15.6307,15.4835,15.6307,57169363
2016-04-20,15.6240,15.7779,15.6173,15.7511,74743119
2016-04-21,15.7445,15.8114,15.5705,15.6106,63436754
2016-04-22,15.6240,15.7913,15.6240,15.7578,46728145
2016-04-25,15.6909,15.7378,15.6106,15.7244,38189682
2016-04-26,15.7378,15.8448,15.7177,15.8247,41664795
2016-04-27,15.8114,15.9050,15.7578,15.8515,56916147
2016-04-28,15.7177,15.8448,15.6307,15.6842,74850832
2016-04-29,15.5972,15.6575,15.4567,15.5972,60318138
2016-05-02,15.6106,15.7578,15.5772,15.7378,43564598
2016-05-03,15.5571,15.5705,15.4032,15.5370,44142060
2016-05-04,15.3564,15.4969,15.3430,15.4166,46466680
2016-05-05,15.4500,15.5103,15.3697,15.4099,47043157
2016-05-06,15.2961,15.4835,15.2961,15.4768,38964104
2016-05-09,15.4500,15.5236,15.3764,15.4367,31989258
2016-05-10,15.5103,15.6642,15.5036,15.6575,37549070
2016-05-11,15.6106,15.6508,15.4768,15.4902,31961192
2016-05-12,15.5437,15.6106,15.4032,15.4969,35254978
2016-05-13,15.4634,15.5705,15.2828,15.3095,45538875
2016-05-16,15.3095,15.4567,15.2961,15.3898,33796243
2016-05-17,15.3497,15.4166,15.2359,15.3028,45457629
2016-05-18,15.2560,15.5839,15.2560,15.5705,96899150
2016-05-19,15.4969,15.5705,15.3296,15.4233,66203303
2016-05-20,15.5036,15.6173,15.4768,15.5303,35765351
2016-05-23,15.4969,15.5705,15.4500,15.5170,38575724
2016-05-24,15.6240,15.7846,15.6039,15.7511,47386483
2016-05-25,15.8181,15.9987,15.8114,15.9184,51504178
2016-05-26,15.9251,15.9452,15.8047,15.8247,36198417
2016-05-27,15.8515,15.9385,15.8314,15.9318,37026264
2016-05-31,16.0121,16.0121,15.8381,15.8917,40884834
2016-06-01,15.7779,15.9452,15.7110,15.9251,38452378
2016-06-02,15.8850,15.9586,15.8314,15.9586,28227076
2016-06-03,15.7645,15.7779,15.5638,15.7311,86083215
2016-06-06,15.7378,15.8984,15.7244,15.8247,46925474
2016-06-07,15.8381,15.8850,15.7779,15.7913,26503799
2016-06-08,15.7645,15.8448,15.7645,15.8047,30469958
2016-06-09,15.7110,15.7378,15.6106,15.6909,39571234
2016-06-10,15.5103,15.5705,15.4500,15.4969,47349676
2016-06-13,15.4099,15.5906,15.3831,15.3898,56062079
2016-06-14,15.3296,15.4099,15.0820,15.1623,66888232
2016-06-15,15.2025,15.3564,15.1690,15.1824,58034633
2016-06-16,15.0619,15.2359,14.9750,15.2225,71488109
2016-06-17,15.2434,15.2837,15.1425,15.2098,46524537
2016-06-20,15.4519,15.5327,15.2905,15.2972,70566829
2016-06-21,15.3578,15.4183,15.2905,15.3847,40308110
2016-06-22,15.3847,15.4990,15.3376,15.3712,54005201
2016-06-23,15.5528,15.6941,15.5461,15.6941,73745517
2016-06-24,14.8734,15.1963,14.7994,14.8532,165914672
2016-06-27,14.6312,14.6514,14.3420,14.4294,140642119
2016-06-28,14.6918,14.7994,14.5640,14.7994,109722231
2016-06-29,14.9272,15.1358,14.8936,15.1358,100009025
2016-06-30,15.1828,15.3779,15.1088,15.3779,72707045
2016-07-01,15.3174,15.4048,15.2703,15.2972,45095346
2016-07-05,15.1492,15.1896,14.9945,15.0685,59557011
2016-07-06,14.9407,15.1290,14.9070,15.1089,58561132
2016-07-07,15.1559,15.2568,15.0550,15.1290,65731461
2016-07-08,15.3376,15.4385,15.3174,15.4183,55327418
2016-07-11,15.4990,15.5528,15.4519,15.5057,42557517
2016-07-12,15.6201,15.7210,15.5999,15.7008,55059306
2016-07-13,15.6874,15.7345,15.6134,15.7008,57377156
2016-07-14,16.0103,16.0103,15.8085,15.8488,67039521
2016-07-15,15.9094,15.9228,15.7210,15.8219,62710956
2016-07-18,15.8286,15.8959,15.8152,15.8757,38953149
2016-07-19,15.8017,15.8892,15.7815,15.8825,30777585
2016-07-20,15.9430,15.9430,15.8421,15.9094,31817657
2016-07-21,15.8892,15.9161,15.8085,15.8286,36524509
2016-07-22,15.8488,15.9363,15.8219,15.9295,23484772
2016-07-25,15.9026,15.9363,15.8488,15.8959,37096308
2016-07-26,15.8555,15.9295,15.8421,15.9094,34484126
2016-07-27,15.8825,15.9497,15.8488,15.9026,50709937
2016-07-28,15.8623,15.9699,15.8085,15.9363,33001387
2016-07-29,15.8757,15.9834,15.8757,15.9094,54440606
2016-08-01,15.9228,15.9901,15.8354,15.8690,39409726
2016-08-02,15.8219,15.8825,15.6941,15.7345,39709475
2016-08-03,15.7345,15.9026,15.7345,15.8959,33511513
2016-08-04,15.8825,15.9094,15.8219,15.8556,31363295
2016-08-05,16.0237,16.1583,15.9766,16.1583,51542339
2016-08-08,16.2054,16.2255,16.1314,16.1784,45019886
2016-08-09,16.1717,16.2188,16.1515,16.1919,32239890
2016-08-10,16.1784,16.2054,16.0372,16.0641,33545242
2016-08-11,16.0977,16.1381,16.0372,16.0977,25139605
2016-08-12,15.9901,16.0775,15.9834,16.0506,28861534
2016-08-15,16.1112,16.1717,16.0977,16.1583,26275941
2016-08-16,16.1314,16.1583,16.0775,16.1179,27637427
2016-08-17,16.1179,16.1784,16.0775,16.1717,25676567
2016-08-18,16.1448,16.1919,16.1112,16.1583,26595016
2016-08-19,16.1112,16.1650,16.0506,16.1515,31510153
2016-08-22,16.1246,16.1650,16.0843,16.1515,32517481
2016-08-23,16.2121,16.2524,16.1717,16.1717,29855443
2016-08-24,16.1784,16.2188,16.1246,16.1650,24299201
2016-08-25,16.1448,16.2255,16.1246,16.1986,27249662
2016-08-26,16.2457,16.3399,16.1179,16.2188,64953346
2016-08-29,16.2592,16.4206,16.2390,16.3601,40451522
2016-08-30,16.3870,16.5081,16.3668,16.5081,39359132
2016-08-31,16.5148,16.5350,16.3870,16.5215,56386078
2016-09-01,16.5619,16.5753,16.3264,16.4543,62960480
2016-09-02,16.4744,16.5753,16.4543,16.5282,66918391
2016-09-06,16.5215,16.5484,16.3735,16.5013,60299920
2016-09-07,16.4408,16.5148,16.4072,16.4946,38671003
2016-09-08,16.4946,16.5417,16.4475,16.4812,72066064
2016-09-09,16.3870,16.4475,16.1717,16.1717,66476831
2016-09-12,16.0977,16.4139,16.0237,16.3533,87153077
2016-09-13,16.1650,16.2054,16.0035,16.0641,83230864
2016-09-14,16.0641,16.1717,15.9766,16.0237,82876829
2016-09-15,15.9901,16.1650,15.9565,16.1179,68626527
2016-09-16,16.0530,16.0598,15.9178,15.9651,75235766
2016-09-19,15.9588,16.1834,15.9588,16.0669,50396100
2016-09-20,16.1834,16.2084,16.0503,16.0753,39903200
2016-09-21,16.1501,16.1918,16.0170,16.1751,64029700
2016-09-22,16.2583,16.2750,16.1751,16.2084,38355700
2016-09-23,16.1501,16.2334,16.1002,16.1252,59009500
2016-09-26,16.0253,16.0337,15.8256,15.8672,54189000
2016-09-27,15.8090,16.0087,15.7591,15.9921,47620000
2016-09-28,16.0586,16.0919,15.9089,16.0669,42936400
2016-09-29,16.0586,16.1418,15.7591,15.8423,62580800
2016-09-30,15.9255,16.1418,15.9005,16.0586,47336900
2016-10-03,16.0087,16.0669,15.9421,15.9837,33170500
2016-10-04,16.0253,16.1668,15.9671,16.0503,68471600
2016-10-05,16.1169,16.3415,16.0919,16.3082,58651900
2016-10-06,16.3498,16.3582,16.1917,16.3332,53337300
2016-10-07,16.2666,16.3582,16.2167,16.3249,55532800
2016-10-10,16.4081,16.4830,16.3914,16.4081,37997400
2016-10-11,16.3582,16.4081,16.1501,16.2583,78581200
2016-10-12,16.2417,16.3498,16.2167,16.2417,51378700
2016-10-13,16.1085,16.1169,15.9005,16.0836,73171100
2016-10-14,16.2750,16.3249,16.1085,16.1585,76176500
2016-10-17,16.1668,16.2001,16.0420,16.0836,41236100
2016-10-18,16.2500,16.2666,16.1501,16.2167,45958700
2016-10-19,16.2666,16.3998,16.2500,16.3582,49835900
2016-10-20,16.3415,16.4580,16.2916,16.3582,56238200
2016-10-21,16.2250,16.3665,16.2001,16.3498,39543100
2016-10-24,16.4247,16.4830,16.3914,16.3998,33808700
2016-10-25,16.4330,16.4414,16.3415,16.3831,36177800
2016-10-26,16.3082,16.5079,16.2916,16.4830,40419200
2016-10-27,16.5745,16.5995,16.4497,16.5246,45545800
2016-10-28,16.5579,16.5745,16.3249,16.4497,55749900
2016-10-31,16.5329,16.5329,16.4247,16.4247,38579100
2016-11-01,16.4830,16.5246,16.2250,16.3582,62758900
2016-11-02,16.3249,16.3332,16.1751,16.2500,66529900
2016-11-03,16.2666,16.4164,16.2417,16.2666,53462100
2016-11-04,16.2750,16.3498,16.1418,16.2167,64891400
2016-11-07,16.4913,16.6327,16.4746,16.6244,59001800
2016-11-08,16.5745,16.7159,16.4663,16.6327,63290400
2016-11-09,17.0904,17.4232,16.7326,17.3400,268936600
2016-11-10,17.6062,18.0556,17.5397,17.9807,241635500
2016-11-11,17.8642,18.0555,17.8059,18.0306,134954500
2016-11-14,18.2053,18.5797,18.1804,18.4716,261730900
2016-11-15,18.3135,18.4716,18.1304,18.4549,122754500
2016-11-16,18.2885,18.3301,18.1388,18.1887,117887700
2016-11-17,18.1887,18.4549,18.1471,18.4383,98536400
2016-11-18,18.4217,18.5049,18.3551,18.4383,92344300
2016-11-21,18.5381,18.5548,18.3800,18.5049,71943900
2016-11-22,18.5881,18.5964,18.4050,18.5132,98286500
2016-11-23,18.5881,18.6463,18.4466,18.6213,101948400
2016-11-25,18.6629,18.6796,18.5714,18.6463,33114800
2016-11-28,18.5132,18.6213,18.3801,18.4300,99791400
2016-11-29,18.4633,18.5381,18.3967,18.4799,74645700
2016-11-30,18.7378,18.7794,18.6630,18.7295,98843700
2016-12-01,18.8294,19.0956,18.8044,19.0540,120088300
2016-12-02,19.0041,19.0124,18.7628,18.8460,82108300
2016-12-05,19.0124,19.1372,18.9625,19.0707,95145700
2016-12-06,19.1955,19.2537,19.0041,19.2371,79142600
2016-12-07,19.2870,19.5532,19.2204,19.5366,120172500
2016-12-08,19.6448,19.8361,19.5283,19.7197,116856500
2016-12-09,19.7197,19.7613,19.5782,19.7613,95677300
2016-12-12,19.7030,19.7862,19.5200,19.5699,85143200
2016-12-13,19.6198,19.7363,19.4534,19.6198,113420700
2016-12-14,19.4700,19.8278,19.3952,19.5283,142995800
2016-12-15,19.6281,19.8611,19.5532,19.6947,110426000
2016-12-16,19.7925,19.8008,19.4999,19.5250,83096500
2016-12-19,19.5501,19.5835,19.3746,19.5334,73717600
2016-12-20,19.6504,19.7758,19.6504,19.7758,60793600
2016-12-21,19.7758,19.7841,19.6588,19.7256,37738000
2016-12-22,19.7173,19.7173,19.6086,19.6755,37796100
2016-12-23,19.6755,19.7089,19.6170,19.7089,18276700
2016-12-27,19.7507,19.7591,19.7089,19.7340,38241100
2016-12-28,19.7674,19.7841,19.5167,19.5334,30834400
2016-12-29,19.5501,19.5835,19.3077,19.3913,39251800
2016-12-30,19.4665,19.4999,19.3662,19.4331,44761200
2017-01-03,19.7340,19.7841,19.4414,19.6504,71259900
2017-01-04,19.7089,19.8343,19.6504,19.8092,45092200
2017-01-05,19.7507,19.7758,19.4247,19.6086,62201100
2017-01-06,19.6838,19.7591,19.5752,19.6755,38060800
2017-01-09,19.6253,19.6671,19.4999,19.5417,34022400
2017-01-10,19.5752,19.7507,19.4832,19.5835,46212100
2017-01-11,19.6086,19.7089,19.4749,19.7089,48001200
2017-01-12,19.6170,19.6420,19.3746,19.5417,57418100
2017-01-13,19.6755,19.8844,19.5668,19.6504,72479700
2017-01-17,19.5083,19.5167,19.1740,19.1823,96657800
2017-01-18,19.2826,19.3662,19.0988,19.3411,68289100
2017-01-19,19.3829,19.4331,19.1907,19.2576,56729700
2017-01-20,19.3161,19.4164,19.2492,19.3495,74805200
2017-01-23,19.2659,19.3829,19.1573,19.2241,46651200
2017-01-24,19.3161,19.5417,19.2325,19.4665,45229500
2017-01-25,19.6755,19.8008,19.5835,19.7925,92850100
2017-01-26,19.8259,19.8928,19.7340,19.8426,70704400
2017-01-27,19.8426,19.8510,19.7089,19.7674,43944500
2017-01-30,19.6420,19.6504,19.4331,19.6086,46168800
2017-01-31,19.5083,19.6588,19.3746,19.4832,56477300
2017-02-01,19.6337,19.7340,19.4498,19.5083,72132200
2017-02-02,19.3996,19.5250,19.3077,19.4331,39396500
2017-02-03,19.7674,19.8426,19.5919,19.8259,86346600
2017-02-06,19.7089,19.8761,19.6922,19.7340,34952100
2017-02-07,19.8510,19.8594,19.6588,19.6838,50838500
2017-02-08,19.6838,19.6838,19.4582,19.5501,54341100
2017-02-09,19.5501,19.8426,19.4999,19.8176,76813700
2017-02-10,19.9346,19.9429,19.8009,19.8761,55078700
2017-02-13,20.0014,20.1937,19.9680,20.1017,76687000
2017-02-14,20.0850,20.3609,20.0516,20.3358,75954300
2017-02-15,20.4361,20.5364,20.2856,20.4946,76869400
2017-02-16,20.4695,20.5029,20.3191,20.4444,64048200
2017-02-17,20.2940,20.4528,20.2689,20.4528,54156600
2017-02-21,20.5615,20.6032,20.4862,20.5531,55216100
2017-02-22,20.4695,20.6283,20.4361,20.5698,50438900
2017-02-23,20.5782,20.6200,20.4528,20.5698,53509400
2017-02-24,20.3525,20.4612,20.3191,20.4110,61686800
2017-02-27,20.4361,20.5615,20.4277,20.5197,39655000
2017-02-28,20.4444,20.5197,20.3776,20.5113,48913000
2017-03-01,20.9041,21.1382,20.8791,21.0964,92150000
2017-03-02,21.1382,21.1465,20.7620,20.7704,69446200
2017-03-03,20.7871,20.9209,20.7788,20.8707,57652800
2017-03-06,20.7453,20.7788,20.6200,20.7119,49017200
2017-03-07,20.7453,20.7453,20.6032,20.6534,53726500
2017-03-08,20.8791,20.9459,20.6534,20.6618,104601000
2017-03-09,20.7453,20.8456,20.6450,20.7370,60804100
2017-03-10,20.8373,20.8540,20.5865,20.7203,62148600
2017-03-13,20.7453,20.7955,20.6450,20.7704,49418400
2017-03-14,20.6868,20.7286,20.5614,20.7119,49511100
2017-03-15,20.7453,20.8289,20.5865,20.6785,86455100
2017-03-16,20.7620,20.8707,20.7035,20.7119,89233700
2017-03-17,20.7606,20.7689,20.5089,20.5089,83056800
2017-03-20,20.4670,20.5257,20.3411,20.3411,78676400
2017-03-21,20.4334,20.4502,19.7204,19.7708,192257000
2017-03-22,19.6282,19.8211,19.4856,19.7288,133199500
2017-03-23,19.7037,19.9972,19.6617,19.7708,85238900
2017-03-24,19.8043,19.9050,19.6114,19.7456,97583400
2017-03-27,19.3262,19.6785,19.2759,19.6701,103963000
2017-03-28,19.6030,20.0140,19.6030,19.9385,82301100
2017-03-29,19.9050,19.9385,19.7959,19.8127,76524100
2017-03-30,19.8295,20.1231,19.8043,20.0727,92566000
2017-03-31,19.9972,20.0560,19.9050,19.9050,70540000
2017-04-03,19.9385,19.9889,19.6282,19.8630,93489100
2017-04-04,19.7791,19.8798,19.7456,19.8379,105795900
2017-04-05,20.0224,20.0979,19.6869,19.6869,104651200
2017-04-06,19.6701,19.8966,19.5694,19.8127,80802100
2017-04-07,19.6617,19.8630,19.6282,19.7288,61525700
2017-04-10,19.7288,19.8546,19.6114,19.6785,60429000
2017-04-11,19.5778,19.6533,19.4185,19.6198,83801200
2017-04-12,19.5946,19.6114,19.4101,19.4604,74023000
2017-04-13,19.3849,19.6030,19.2088,19.2088,120159300
2017-04-17,19.2591,19.5527,19.2004,19.5443,86681200
2017-04-18,19.4101,19.5023,19.2423,19.3597,74890400
2017-04-19,19.4856,19.5611,19.2759,19.3010,55583800
2017-04-20,19.4436,19.6701,19.3681,19.6282,85720400
2017-04-21,19.5778,19.6533,19.4185,19.4268,94675300
2017-04-24,19.8714,19.9721,19.7875,19.8630,98770600
2017-04-25,20.0392,20.1398,20.0140,20.0392,71026100
2017-04-26,20.0140,20.2069,19.9805,20.0224,71691200
2017-04-27,20.0643,20.0643,19.8127,19.9301,68871800
2017-04-28,19.9385,19.9553,19.7372,19.7372,64091900
2017-05-01,19.8379,19.9637,19.7540,19.8630,69086600
2017-05-02,19.8630,19.8882,19.7288,19.8379,76511500
2017-05-03,19.7708,19.9972,19.7540,19.9972,78115400
2017-05-04,20.1231,20.1902,19.9469,20.0308,64482800
2017-05-05,20.0895,20.0979,19.9301,19.9972,46881500
2017-05-08,20.0224,20.0560,19.9469,19.9805,45893000
2017-05-09,20.0308,20.0979,19.8379,19.9050,65737900
2017-05-10,19.8714,19.9721,19.8379,19.9721,51192700
2017-05-11,19.8966,19.9301,19.6869,19.8463,77266700
2017-05-12,19.7540,19.7708,19.6533,19.7624,55787200
2017-05-15,19.8043,19.9553,19.7959,19.9134,52192100
2017-05-16,19.9553,19.9888,19.8546,19.9721,51529600
2017-05-17,19.5527,19.7037,19.2675,19.3430,141192800
2017-05-18,19.3178,19.5359,19.2926,19.4185,101656900
2017-05-19,19.4520,19.6953,19.4436,19.5862,69775600
2017-05-22,19.6953,19.6953,19.5023,19.6365,79181900
2017-05-23,19.6533,19.8463,19.5611,19.7875,65577800
2017-05-24,19.8127,19.8295,19.6953,19.7791,59441200
2017-05-25,19.8211,19.9050,19.7624,19.8127,49362400
2017-05-26,19.7624,19.8630,19.7624,19.8043,42601700
2017-05-30,19.7456,19.7708,19.6282,19.6701,46584200
2017-05-31,19.6701,19.6785,19.3765,19.5023,115877900
2017-06-01,19.6114,19.7624,19.4772,19.7456,81187600
2017-06-02,19.6030,19.7708,19.5611,19.6701,83704500
2017-06-05,19.6785,19.8295,19.6785,19.7037,44055800
2017-06-06,19.5527,19.6701,19.5107,19.6198,60397300
2017-06-07,19.6533,19.8211,19.6198,19.7708,83049100
2017-06-08,19.7708,20.1398,19.7540,19.9972,77987000
2017-06-09,20.1231,20.4083,20.1063,20.3747,133216200
2017-06-12,20.4166,20.5592,20.2992,20.4166,86644400
2017-06-13,20.5257,20.5928,20.4670,20.5257,94978600
2017-06-14,20.3495,20.5844,20.2405,20.5592,117605800
2017-06-15,20.4082,20.5844,20.3915,20.4754,59547700
2017-06-16,20.4695,20.5200,20.3937,20.4526,53818800
2017-06-19,20.5873,20.7052,20.5621,20.6631,58041300
2017-06-20,20.5958,20.6126,20.4779,20.4863,45689600
2017-06-21,20.5200,20.5200,20.3095,20.3179,51938200
2017-06-22,20.2421,20.3011,20.1663,20.1916,58380200
2017-06-23,20.2758,20.2842,20.0485,20.1158,85352600
2017-06-26,20.1579,20.3095,20.0906,20.2253,60302300
2017-06-27,20.3011,20.4779,20.2505,20.3263,75943400
2017-06-28,20.4610,20.6800,20.4442,20.6463,90097600
2017-06-29,21.0673,21.0673,20.6379,20.7894,119176700
2017-06-30,20.9410,20.9494,20.7305,20.7726,72754900
2017-07-03,20.8905,21.2104,20.8652,21.0757,61454400
2017-07-05,21.1347,21.1599,20.9831,21.1094,78100200
2017-07-06,21.1010,21.1936,20.9494,20.9494,97648100
2017-07-07,21.0589,21.1347,20.9494,21.0926,59432400
2017-07-10,21.0589,21.1178,20.9915,21.0673,55022500
2017-07-11,21.0505,21.0589,20.8231,20.8821,49857200
2017-07-12,20.8820,20.9663,20.8231,20.9494,47818600
2017-07-13,20.9494,21.0757,20.9326,21.0757,48875900
2017-07-14,20.8147,21.0168,20.7052,20.9831,61742300
2017-07-17,20.9241,20.9663,20.8315,20.9157,43257000
2017-07-18,20.7726,20.9157,20.7473,20.8821,63210700
2017-07-19,20.9242,20.9831,20.8147,20.8905,48259400
2017-07-20,20.9073,20.9999,20.8400,20.8821,40163500
2017-07-21,20.8231,20.9494,20.8231,20.8821,39108400
2017-07-24,20.8736,20.9999,20.8736,20.9747,26364800
2017-07-25,21.2104,21.3199,21.1768,21.2357,75786800
2017-07-26,21.2610,21.2946,21.0420,21.0926,56086500
2017-07-27,21.1347,21.1431,20.8821,20.9747,67826200
2017-07-28,20.9410,21.0336,20.8568,20.9747,43735800
2017-07-31,21.0505,21.2020,21.0252,21.1262,43039300
2017-08-01,21.2694,21.2946,21.1683,21.2778,60987500
2017-08-02,21.3031,21.3283,21.2020,21.3115,43341500
2017-08-03,21.2778,21.3115,21.2020,21.2357,40816800
2017-08-04,21.4294,21.4631,21.3367,21.3788,50792900
2017-08-07,21.3788,21.3873,21.3115,21.3452,39486800
2017-08-08,21.3115,21.5472,21.2778,21.2862,52736500
2017-08-09,21.1094,21.3031,21.1094,21.2862,46567000
2017-08-10,21.1515,21.2020,20.9073,20.9073,71130300
2017-08-11,20.9073,21.0168,20.7726,20.8231,50477800
2017-08-14,20.9915,21.1683,20.9831,21.1094,49472900
2017-08-15,21.2862,21.3115,21.1262,21.1262,48535000
2017-08-16,21.2189,21.2525,21.0505,21.0841,35084100
2017-08-17,21.0336,21.0673,20.7137,20.7221,76613100
2017-08-18,20.6210,20.8821,20.6126,20.7305,71725900
2017-08-21,20.7136,20.7389,20.5873,20.6715,45047200
2017-08-22,20.7558,20.9157,20.7305,20.8989,42644000
2017-08-23,20.7473,20.9494,20.7305,20.8315,36612700
2017-08-24,20.9242,20.9242,20.7894,20.8315,31067200
2017-08-25,20.8736,20.9831,20.8652,20.8905,37177300
2017-08-28,20.9073,20.9157,20.7052,20.7558,36486900
2017-08-29,20.5200,20.7221,20.5031,20.6884,42814200
2017-08-30,20.7221,20.8652,20.7052,20.7726,35176100
2017-08-31,20.8399,20.8652,20.7305,20.7978,44225200
2017-09-01,20.8231,20.9747,20.7726,20.8568,42132600
2017-09-05,20.6968,20.7305,20.3516,20.4105,96579200
2017-09-06,20.4863,20.5621,20.3937,20.4610,77593900
2017-09-07,20.4947,20.5116,20.0316,20.1074,87667800
2017-09-08,20.1242,20.3684,20.0821,20.2926,68639500
2017-09-11,20.5284,20.7052,20.4863,20.6463,73305700
2017-09-12,20.7221,20.9073,20.7052,20.8905,66350600
2017-09-13,20.8568,20.9326,20.7810,20.9242,51049400
2017-09-14,20.9326,20.9831,20.8400,20.8821,47163200
2017-09-15,20.8508,20.9607,20.8254,20.9438,59250200
2017-09-18,21.0199,21.1974,21.0030,21.1890,44010400
2017-09-19,21.1890,21.4004,21.1552,21.3496,58443300
2017-09-20,21.3665,21.5526,21.2651,21.4765,70595500
2017-09-21,21.4257,21.5779,21.4088,21.5272,51050100
2017-09-22,21.4426,21.5272,21.3834,21.5018,42306600
2017-09-25,21.4765,21.5526,21.3327,21.4765,39774600
2017-09-26,21.5103,21.5441,21.4088,21.4680,46811000
2017-09-27,21.7386,21.8400,21.6456,21.7301,65919100
2017-09-28,21.8062,21.8147,21.6540,21.7639,37718900
2017-09-29,21.7639,21.8654,21.7301,21.8654,42740800
2017-10-02,21.8231,22.0514,21.8231,22.0514,52774000
2017-10-03,22.0345,22.1275,21.9922,22.1275,48062900
2017-10-04,22.0683,22.1360,22.0176,22.0261,39283800
2017-10-05,22.0514,22.3304,21.9922,22.2543,61260400
2017-10-06,22.3135,22.3727,22.1613,22.2797,66077800
2017-10-09,22.3389,22.3389,22.1444,22.1952,31340200
2017-10-10,22.2290,22.2966,22.1698,22.2966,35822500
2017-10-11,22.2459,22.2797,22.1613,22.2543,33748600
2017-10-12,22.3135,22.3220,22.0599,22.0852,53834800
2017-10-13,21.9753,22.1698,21.8908,22.0937,69561400
2017-10-16,22.1106,22.2459,22.1022,22.2374,42000700
2017-10-17,22.3135,22.3220,22.0768,22.1275,37844200
2017-10-18,22.2205,22.2797,22.1275,22.2459,52201500
2017-10-19,22.0852,22.2713,22.0514,22.2628,34671600
2017-10-20,22.4996,22.5418,22.4235,22.5249,56083800
2017-10-23,22.5334,22.5756,22.4573,22.5080,43555200
2017-10-24,22.5841,22.7109,22.5672,22.6687,61259200
2017-10-25,22.7363,22.7617,22.4065,22.5334,68653500
2017-10-26,22.6179,22.7617,22.6179,22.6602,41832600
2017-10-27,22.6179,22.6856,22.4996,22.6433,56694400
2017-10-30,22.6179,22.6517,22.4911,22.5503,48157500
2017-10-31,22.5503,22.6348,22.4657,22.4911,39890800
2017-11-01,22.5841,22.6856,22.4996,22.5249,40921900
2017-11-02,22.5503,22.7701,22.4404,22.7363,51098300
2017-11-03,22.6602,22.6771,22.5756,22.6433,42387000
2017-11-06,22.5841,22.6602,22.5418,22.6179,33642100
2017-11-07,22.6348,22.7025,22.2459,22.3051,70325500
2017-11-08,22.2628,22.2713,22.1191,22.1952,55844900
2017-11-09,22.0514,22.1952,21.8908,22.1191,94577000
2017-11-10,22.1360,22.1782,22.0345,22.0514,53209600
2017-11-13,21.9161,22.1360,21.8992,22.0852,50579200
2017-11-14,22.0007,22.0852,21.9246,22.0768,54101800
2017-11-15,21.8823,22.2121,21.8654,22.1360,64952300
2017-11-16,22.2374,22.2882,22.1275,22.1444,53648100
2017-11-17,22.0345,22.1698,22.0091,22.1191,41938700
2017-11-20,22.1613,22.2543,22.0937,22.2205,35232400
2017-11-21,22.2966,22.3220,22.2374,22.2882,35972400
2017-11-22,22.2882,22.3474,22.1782,22.1782,30959400
2017-11-24,22.2628,22.3051,22.1529,22.1698,12172500
2017-11-27,22.1529,22.2713,22.1360,22.1529,42346400
2017-11-28,22.1782,22.7532,22.1613,22.7278,86507000
2017-11-29,22.9477,23.2690,22.8885,23.1168,135340600
2017-11-30,23.3197,23.5734,23.1506,23.2690,135241700
2017-12-01,23.3028,23.4296,22.7870,23.3197,148119600
2017-12-04,23.7087,23.8439,23.6748,23.6748,99820400
2017-12-05,23.7763,23.8017,23.4888,23.5480,77706200
2017-12-06,23.4635,23.5987,23.3958,23.4635,60299100
2017-12-07,23.5396,23.6241,23.3197,23.5396,59625500
2017-12-08,23.6579,23.6833,23.4888,23.6833,55001600
2017-12-11,23.6833,23.7171,23.5565,23.6241,43278400
2017-12-12,23.7171,23.9539,23.6410,23.8609,69517100
2017-12-13,23.8355,23.8862,23.5480,23.5649,97335300
2017-12-14,23.6495,23.6833,23.3874,23.4127,76970000
2017-12-15,23.5554,23.7848,23.4705,23.6234,111826100
2017-12-18,23.8188,23.9547,23.7763,23.8357,61275500
2017-12-19,23.9717,23.9887,23.7338,23.7338,57366300
2017-12-20,23.9292,23.9717,23.6744,23.6913,69680300
2017-12-21,23.8188,23.9632,23.7933,23.8952,46123500
2017-12-22,23.9632,23.9972,23.7168,23.8273,43020300
2017-12-26,23.8273,23.9037,23.6659,23.7593,33710100
2017-12-27,23.7763,23.7933,23.7083,23.7848,29421000
2017-12-28,23.8442,23.8867,23.7848,23.8782,28129700
2017-12-29,23.9547,23.9547,23.7083,23.7083,55169800
2018-01-02,23.8612,23.8612,23.6064,23.7168,55436100
2018-01-03,23.7593,23.8612,23.6829,23.8442,56906200
2018-01-04,23.9802,24.2435,23.9377,24.0651,62247000
2018-01-05,24.1925,24.1925,23.9802,24.1331,37989500
2018-01-08,24.1076,24.1501,24.0141,24.0991,44252100
2018-01-09,24.2010,24.4134,24.1585,24.2860,51418700
2018-01-10,24.3624,24.5918,24.3199,24.4898,64670900
2018-01-11,24.5918,24.6342,24.4728,24.6088,42361700
2018-01-12,24.7532,24.8466,24.6003,24.8296,44537500
2018-01-16,25.0420,25.0845,24.6257,24.7617,67563800
2018-01-17,24.8296,25.0165,24.6257,24.9485,54312000
2018-01-18,25.0335,25.0420,24.8806,24.9146,49247400
2018-01-19,24.9995,25.1014,24.9485,25.0929,60727800
2018-01-22,25.1014,25.3053,25.0675,25.2968,46868900
2018-01-23,25.2374,25.3648,25.1184,25.3223,60862000
2018-01-24,25.4412,25.5517,25.2883,25.4922,66371000
2018-01-25,25.5941,25.5941,25.3563,25.4412,45423700
2018-01-26,25.5177,25.6366,25.3988,25.6281,33871900
2018-01-29,25.6451,25.7640,25.5092,25.5262,41037700
2018-01-30,25.3393,25.5007,25.1949,25.1949,67316900
2018-01-31,25.2628,25.3903,25.1779,25.2628,49504500
2018-02-01,25.2119,25.5262,25.2034,25.5007,60824200
2018-02-02,25.4497,25.5177,24.9231,24.9400,73086000
2018-02-05,24.4049,24.8126,23.4450,23.6828,147871500
2018-02-06,23.1392,24.1755,23.0797,24.1161,159006400
2018-02-07,24.0736,24.4728,23.9717,24.1331,102699400
2018-02-08,24.1755,24.2180,23.0543,23.0712,135270500
2018-02-09,23.4195,23.6913,22.7315,23.5130,149504900
2018-02-12,23.7508,24.0821,23.5384,23.8442,83571800
2018-02-13,23.7083,23.9972,23.6404,23.9462,43365500
2018-02-14,23.9292,24.5238,23.8442,24.5153,57379700
2018-02-15,24.7192,24.7532,24.3794,24.6512,66976000
2018-02-16,24.5323,24.8296,24.4983,24.6173,47508200
2018-02-20,24.5663,24.8126,24.4643,24.5408,58236100
2018-02-21,24.5493,24.9740,24.5238,24.5748,44578800
2018-02-22,24.6342,24.7702,24.3114,24.3709,47602700
2018-02-23,24.4474,24.7362,24.4389,24.7362,41187300
2018-02-26,24.9146,25.1099,24.7532,25.1099,55124200
2018-02-27,25.1269,25.2883,24.8551,24.8721,72752100
2018-02-28,24.9995,25.0929,24.5238,24.5238,65254700
2018-03-01,24.5323,24.7277,23.9632,24.0991,82467900
2018-03-02,23.9292,24.2265,23.6913,24.1585,78991200
2018-03-05,23.9717,24.6342,23.9632,24.4983,58952100
2018-03-06,24.6342,24.6512,24.3454,24.6003,49746100
2018-03-07,24.2945,24.6088,24.2690,24.5578,41530200
2018-03-08,24.6172,24.6682,24.3709,24.6342,50803000
2018-03-09,24.8976,25.2459,24.7956,25.2289,54595700
2018-03-12,25.2289,25.3223,25.1014,25.1439,51784500
2018-03-13,25.2628,25.2883,24.8041,24.8636,47049400
2018-03-14,24.9740,24.9740,24.5068,24.5833,57278900
2018-03-15,24.6767,24.7277,24.5153,24.5918,47451600
2018-03-16,24.6472,24.8518,24.6131,24.6131,61278200
2018-03-19,24.5790,24.6642,24.2039,24.4340,52145000
2018-03-20,24.5278,24.5960,24.4340,24.4937,37146500
2018-03-21,24.5364,24.8092,24.3999,24.4852,53291400
2018-03-22,24.1612,24.2550,23.4962,23.5815,85160300
2018-03-23,23.6071,23.6412,22.8227,22.8654,89289500
2018-03-26,23.3257,23.6753,23.1041,23.6071,84145000
2018-03-27,23.6838,23.7861,22.9591,23.1467,78827400
2018-03-28,23.2064,23.4195,22.8909,23.1893,84244500
2018-03-29,23.2916,23.6668,23.1893,23.5048,58290000
2018-04-02,23.5048,23.5304,22.6352,22.9847,74363900
2018-04-03,23.1296,23.3513,22.9250,23.3002,75160400
2018-04-04,22.8824,23.6156,22.8654,23.5474,70327000
2018-04-05,23.7605,23.9055,23.6582,23.7350,45378300
2018-04-06,23.4621,23.6156,22.9506,23.1637,88521000
2018-04-09,23.2916,23.7605,23.2490,23.2916,54633200
2018-04-10,23.6667,23.7776,23.4877,23.6412,67801500
2018-04-11,23.4280,23.5389,23.3002,23.3598,52480800
2018-04-12,23.5389,23.9225,23.5218,23.7691,63289100
2018-04-13,24.0589,24.0760,23.2831,23.4110,70103900
2018-04-16,23.5474,23.6838,23.4451,23.5133,44633600
2018-04-17,23.7179,23.7435,23.4280,23.5133,50750100
2018-04-18,23.5730,23.6667,23.3513,23.4025,66795500
2018-04-19,23.4451,23.8117,23.4280,23.7605,76142000
2018-04-20,23.8032,23.9055,23.6668,23.7691,49800400
2018-04-23,23.8373,23.8628,23.6668,23.7435,45689200
2018-04-24,23.8714,24.0163,23.4280,23.5900,69592900
2018-04-25,23.5644,23.6923,23.3343,23.5730,51819000
2018-04-26,23.5559,23.7094,23.4621,23.5815,33456200
2018-04-27,23.5389,23.6753,23.5048,23.6156,47185200
2018-04-30,23.6753,23.8032,23.3939,23.4025,41731400
2018-05-01,23.3513,23.4280,23.1637,23.4110,46372400
2018-05-02,23.3257,23.4195,23.1126,23.1467,45430300
2018-05-03,23.0359,23.0700,22.5584,22.9506,68947900
2018-05-04,22.8142,23.3769,22.7375,23.2490,40575600
2018-05-07,23.3343,23.4962,23.2405,23.4025,36873600
2018-05-08,23.4195,23.7264,23.4110,23.5644,47718500
2018-05-09,23.6753,23.9737,23.5900,23.9140,43817000
2018-05-10,23.8714,24.1612,23.8373,24.1101,41445500
2018-05-11,24.1271,24.2550,24.0419,24.0930,25894000
2018-05-14,24.1612,24.2039,24.0334,24.0760,31292900
2018-05-15,24.0419,24.1612,23.9396,24.0334,54655800
2018-05-16,24.0078,24.1442,23.9566,24.0760,31984900
2018-05-17,24.0504,24.1101,23.8714,24.0248,45070400
2018-05-18,24.0248,24.0333,23.8202,23.8287,33266100
2018-05-21,23.9651,24.0930,23.9566,23.9992,29647900
2018-05-22,24.0163,24.2976,24.0163,24.1612,52841400
2018-05-23,23.9992,24.0760,23.7520,24.0078,44968500
2018-05-24,23.9310,23.9481,23.5815,23.8202,43245200
2018-05-25,23.7094,23.7861,23.6327,23.7435,39312500
2018-05-29,23.4110,23.4451,22.7801,22.9506,126469700
2018-05-30,23.1723,23.4621,23.1126,23.3684,65843700
2018-05-31,23.3172,23.3513,23.1041,23.1723,66686900
2018-06-01,23.4536,23.5559,23.3598,23.4280,62934300
2018-06-04,23.5389,23.5900,23.4621,23.5048,44196900
2018-06-05,23.4280,23.4621,23.2831,23.4025,44996800
2018-06-06,23.5389,23.8458,23.5133,23.8287,61960000
2018-06-07,23.9310,24.0248,23.7435,23.9055,65166100
2018-06-08,23.8799,23.9651,23.7520,23.9396,47713400
2018-06-11,24.0163,24.1016,23.8884,23.8884,47319600
2018-06-12,23.9566,24.0163,23.7094,23.8287,55517200
2018-06-13,23.8373,24.0248,23.7179,23.7435,61095800
2018-06-14,23.7861,23.8287,23.4536,23.5218,70635500
2018-06-15,23.3754,23.5980,23.2127,23.5210,63387600
2018-06-18,23.3155,23.5124,23.2384,23.4782,49824600
2018-06-19,23.2384,23.4781,23.2298,23.4182,50214700
2018-06-20,23.6323,23.6323,23.3326,23.3583,42833600
2018-06-21,23.2812,23.4268,23.1271,23.2898,75190900
2018-06-22,23.4525,23.4782,23.1613,23.1785,61389400
2018-06-25,23.0757,23.1185,22.7760,22.9302,80746100
2018-06-26,22.9473,22.9730,22.7075,22.8531,56387800
2018-06-27,22.8445,23.0158,22.5620,22.5705,78099200
2018-06-28,22.5705,22.8617,22.5277,22.7675,78544800
2018-06-29,23.0500,23.1785,22.7332,22.7675,77149900
2018-07-02,22.5791,22.8873,22.5620,22.8788,66202800
2018-07-03,22.9387,23.0072,22.6219,22.6733,30717800
2018-07-05,22.7932,22.8445,22.6476,22.7247,40668500
2018-07-06,22.6647,22.9302,22.5791,22.8360,41285000
2018-07-09,22.9558,23.3840,22.9302,23.3583,73447400
2018-07-10,23.3754,23.4525,23.2042,23.2727,51260600
2018-07-11,23.1442,23.2812,23.1100,23.1613,46023700
2018-07-12,23.3069,23.3240,23.0672,23.2042,64876800
2018-07-13,23.1100,23.1785,22.8617,23.1014,64146900
2018-07-16,23.1699,23.5295,23.1528,23.5124,55812000
2018-07-17,23.5381,23.6323,23.4097,23.5381,55502200
2018-07-18,23.6323,23.9576,23.5980,23.9148,59109200
2018-07-19,23.7950,23.8035,23.5210,23.5552,61765100
2018-07-20,23.5124,23.6665,23.4268,23.5980,51562300
2018-07-23,23.5980,23.9576,23.5895,23.9234,81516200
2018-07-24,24.0176,24.1375,23.9320,23.9919,63133700
2018-07-25,23.9748,24.0861,23.8463,24.0433,44197200
2018-07-26,24.1032,24.1974,24.0090,24.0347,40056800
2018-07-27,24.0261,24.2060,23.9491,24.0861,63149400
2018-07-30,24.1032,24.2830,24.0690,24.1032,56474100
2018-07-31,24.1717,24.1803,23.8806,23.9320,84500100
2018-08-01,24.0861,24.2060,23.8720,23.9320,64046900
2018-08-02,23.7778,23.9833,23.7008,23.9405,38330700
2018-08-03,23.9063,24.0775,23.9063,24.0775,34894300
2018-08-06,24.1118,24.2659,24.0604,24.2060,38230100
2018-08-07,24.2745,24.4543,24.2573,24.3173,44608600
2018-08-08,24.2830,24.4200,24.2659,24.3772,47522000
2018-08-09,24.3173,24.3772,24.2316,24.2316,29357800
2018-08-10,23.9148,24.0347,23.8292,23.9491,83301400
2018-08-13,23.9491,24.0090,23.7093,23.7179,74413500
2018-08-14,23.8035,23.9833,23.7350,23.9405,43659000
2018-08-15,23.7436,23.8720,23.6408,23.7522,55681100
2018-08-16,23.8635,24.1375,23.8635,24.0690,49534200
2018-08-17,24.0005,24.1546,24.0005,24.1203,43193100
2018-08-20,24.1203,24.2402,24.0861,24.1974,30053700
2018-08-21,24.2145,24.4115,24.1631,24.2916,47940000
2018-08-22,24.1888,24.3001,24.1717,24.2060,27323300
2018-08-23,24.1974,24.2231,24.0604,24.0946,31767800
2018-08-24,24.1888,24.2316,24.1375,24.1803,22064500
2018-08-27,24.2745,24.5913,24.2659,24.5056,52254500
2018-08-28,24.5741,24.5913,24.4371,24.4800,28896800
2018-08-29,24.4800,24.5399,24.3515,24.4714,34015300
2018-08-30,24.3601,24.4543,24.2402,24.2830,43264100
2018-08-31,24.1974,24.2745,24.1203,24.2573,34107800
2018-09-04,24.2060,24.4029,24.1460,24.3772,43145600
2018-09-05,24.3601,24.5228,24.3430,24.3943,32727700
2018-09-06,24.3601,24.4286,24.2060,24.2830,38328900
2018-09-07,24.3344,24.3515,24.1546,24.2573,43644300
2018-09-10,24.3173,24.3515,24.2060,24.2316,29927200
2018-09-11,24.1631,24.3258,24.0775,24.2573,32065200
2018-09-12,24.2573,24.3087,24.0176,24.0347,47963400
2018-09-13,24.0946,24.2145,23.9491,24.0005,44977100
2018-09-14,24.0347,24.1974,24.0262,24.1717,34151000
2018-09-17,24.1717,24.2402,24.0433,24.0690,26907900
2018-09-18,24.1289,24.2145,24.0261,24.1888,36405600
2018-09-19,24.1717,24.6769,24.1717,24.5998,75551800
2018-09-20,24.7796,24.8910,24.7197,24.8139,78555500
2018-09-21,24.8982,24.9412,24.6832,24.7176,64710000
2018-09-24,24.6918,24.7262,24.4252,24.4424,47985100
2018-09-25,24.5370,24.5542,24.3391,24.3477,32964400
2018-09-26,24.3822,24.4166,23.9951,24.0553,60288100
2018-09-27,24.0811,24.1671,23.9435,23.9693,57492200
2018-09-28,23.8747,23.8833,23.6855,23.7199,66454900
2018-10-01,23.8575,23.9865,23.7371,23.8145,49855000
2018-10-02,23.7801,23.8575,23.6253,23.8145,47629500
2018-10-03,23.9693,24.1413,23.9005,24.0381,79591400
2018-10-04,24.0295,24.3821,24.0123,24.2015,94700800
2018-10-05,24.2617,24.3477,24.0209,24.0811,58148700
2018-10-08,24.0123,24.3219,23.9951,24.2445,56594900
2018-10-09,24.1327,24.2531,23.9779,24.1499,47963500
2018-10-10,24.1413,24.2015,23.4017,23.4017,101604400
2018-10-11,23.2641,23.4103,22.6363,22.7051,178628200
2018-10-12,23.1179,23.1523,22.3869,22.7309,137933000
2018-10-15,22.7395,22.9029,22.6277,22.6277,82196400
2018-10-16,22.7825,23.0233,22.6277,23.0061,75137300
2018-10-17,22.9545,23.3845,22.8427,23.2383,79472100
2018-10-18,23.1093,23.2813,22.7825,22.8513,81706000
2018-10-19,22.8341,23.1179,22.7223,22.9373,73614300
2018-10-22,22.9631,23.0147,22.4471,22.4471,58645800
2018-10-23,21.9912,22.3955,21.8622,22.2664,93698200
2018-10-24,22.2320,22.2320,21.6214,21.7074,98050700
2018-10-25,21.8106,22.2234,21.7848,22.0428,72439400
2018-10-26,21.7762,21.9482,21.5182,21.7246,115308900
2018-10-29,21.9912,22.3008,21.6816,21.9138,97946100
2018-10-30,22.0342,22.3095,21.8794,22.2922,82719100
2018-10-31,22.5073,22.8857,22.4729,22.6019,93781100
2018-11-01,22.6621,22.7997,22.5503,22.7051,62346600
2018-11-02,22.9287,23.0577,22.5159,22.6879,73034200
2018-11-05,22.7825,23.1179,22.7825,23.0491,58705800
2018-11-06,23.0319,23.1695,22.9201,23.1695,51010900
2018-11-07,23.2985,23.4963,23.0663,23.4705,59990800
2018-11-08,23.3329,23.6683,23.2555,23.5393,46730100
2018-11-09,23.4791,23.5479,23.2039,23.3243,47051200
2018-11-12,23.2727,23.3759,22.8169,22.8599,47135500
2018-11-13,22.8943,23.2125,22.8771,22.9889,69820600
2018-11-14,23.1695,23.2039,22.4299,22.6793,104274200
2018-11-15,22.5245,23.0319,22.3869,23.0147,93998000
2018-11-16,22.8943,23.1437,22.7653,23.0405,80518300
2018-11-19,23.0233,23.1351,22.8255,23.0319,65491300
2018-11-20,22.7653,22.8599,22.4557,22.5245,103778300
2018-11-21,22.6535,22.8685,22.4729,22.5417,48618000
2018-11-23,22.4213,22.5503,22.3008,22.3610,24252300
2018-11-26,22.5933,22.9029,22.5847,22.8169,50168800
2018-11-27,22.7739,22.9029,22.7223,22.8341,47174300
2018-11-28,22.9029,23.2727,22.7051,23.2727,61375300
2018-11-29,23.1007,23.2297,22.9803,23.0749,43664100
2018-11-30,23.0061,23.2899,22.9717,23.1953,45435200
2018-12-03,23.5307,23.6253,23.1781,23.3415,65332700
2018-12-04,23.2211,23.2297,22.2148,22.3267,110918600
2018-12-06,21.8278,22.0256,21.4408,22.0170,134687100
2018-12-07,21.9654,22.2751,21.4924,21.5956,86740000
2018-12-10,21.5096,21.5698,20.8990,21.2946,101121800
2018-12-11,21.5612,21.6902,21.0108,21.0882,92308200
2018-12-12,21.3806,21.5182,21.1054,21.2086,86748900
2018-12-13,21.2000,21.3118,20.9764,21.0538,67232900
2018-12-14,20.8474,21.1398,20.8044,20.8474,66817000
2018-12-17,20.7270,21.0452,20.5464,20.6410,101180400
2018-12-18,20.7614,20.9850,20.4346,20.5636,90844000
2018-12-19,20.5206,20.9764,20.1421,20.3056,129331700
2018-12-20,20.1077,20.4260,20.0131,20.1249,107016900
2018-12-21,20.1033,20.4841,19.6793,19.7225,118502300
2018-12-24,19.4629,19.6879,19.2812,19.3071,71752700
2018-12-26,19.3591,20.1899,19.0821,20.1812,108133500
2018-12-27,19.8437,20.4235,19.6533,20.4235,98005000
2018-12-28,20.5187,20.6831,20.3283,20.4149,76348400
2018-12-31,20.5274,20.7004,20.3543,20.6139,56435400
2019-01-02,20.3110,20.8302,20.2504,20.7870,62945000
2019-01-03,20.6312,20.6831,20.2677,20.3197,65729700
2019-01-04,20.6658,21.0380,20.6139,20.9947,64638400
2019-01-07,20.9514,21.2110,20.8216,21.0206,48167000
2019-01-08,21.2110,21.2456,20.7956,21.0379,90114700
2019-01-09,21.0899,21.2197,20.9428,21.1418,61037100
2019-01-10,21.0206,21.2197,20.9514,21.1505,48630500
2019-01-11,21.0466,21.2456,20.9254,21.2024,44961600
2019-01-14,20.9947,21.4187,20.9687,21.3495,50610600
2019-01-15,21.2629,21.5745,21.2024,21.5399,59156500
2019-01-16,21.7908,22.1284,21.7303,21.9985,72982400
2019-01-17,21.9120,22.1976,21.7822,22.1197,55771300
2019-01-18,22.2755,22.5264,22.0937,22.5005,58400200
2019-01-22,22.3101,22.4226,22.1284,22.2409,79651700
2019-01-23,22.3274,22.3534,22.0159,22.2668,44072000
2019-01-24,22.1889,22.3793,22.1197,22.3187,25496900
2019-01-25,22.4745,22.6476,22.4139,22.5005,63140000
2019-01-28,22.2841,22.4572,22.2495,22.4312,66894900
2019-01-29,22.4226,22.5091,22.3447,22.3534,29442100
2019-01-30,22.4226,22.6216,22.2668,22.4832,62076800
2019-01-31,22.2928,22.4832,22.2582,22.4486,64021500
2019-02-01,22.4832,22.6476,22.4572,22.5437,42920300
2019-02-04,22.5524,22.6476,22.4312,22.6389,30362500
2019-02-05,22.6822,22.6995,22.4918,22.5784,39094900
2019-02-06,22.5091,22.6736,22.4745,22.5524,51542800
2019-02-07,22.4832,22.5437,22.1457,22.3274,80395700
2019-02-08,22.2062,22.3101,21.9293,22.2149,54911100
2019-02-11,22.2841,22.3274,22.1716,22.2841,53115700
2019-02-12,22.4486,22.6995,22.4399,22.6130,37671300
2019-02-13,22.7168,22.8726,22.6649,22.6736,42969600
2019-02-14,22.5005,22.5697,22.2668,22.3966,47630100
2019-02-15,22.5784,22.8726,22.3966,22.8726,46880800
2019-02-19,22.7601,22.9765,22.6909,22.9072,23868300
2019-02-20,22.8986,23.0630,22.8466,23.0543,27509100
2019-02-21,23.0111,23.0890,22.8553,22.9332,46619900
2019-02-22,22.9332,23.0024,22.8120,22.8986,26343700
2019-02-25,23.0024,23.2101,22.9678,22.9938,33835900
2019-02-26,22.8293,23.0976,22.8120,22.9245,35659700
2019-02-27,22.8813,23.0543,22.8553,23.0111,42542400
2019-02-28,23.0197,23.0630,22.9418,22.9505,39835900
2019-03-01,23.1495,23.3140,23.0284,23.0976,82657300
2019-03-04,23.1582,23.3140,22.7601,22.9505,76611900
2019-03-05,22.9938,23.0024,22.6909,22.8639,39868100
2019-03-06,22.8639,22.9418,22.6995,22.7168,43158900
2019-03-07,22.6303,22.6303,22.3534,22.4832,62622100
2019-03-08,22.2322,22.4918,22.2236,22.4745,55826400
2019-03-11,22.5870,22.7774,22.4832,22.7082,63343500
2019-03-12,22.7428,22.8380,22.7082,22.7601,32521100
2019-03-13,22.8466,23.0024,22.7774,22.9159,42817500
2019-03-14,22.8813,23.0890,22.8726,23.0024,37665700
2019-03-15,23.0068,23.2329,22.9894,23.1633,70020400
2019-03-18,23.2068,23.4678,23.2068,23.3982,43980700
2019-03-19,23.5287,23.5721,23.1546,23.2155,45029300
2019-03-20,23.1633,23.1720,22.7110,22.7371,65860300
2019-03-21,22.5805,22.7632,22.4240,22.6675,104914100
2019-03-22,22.3979,22.5197,21.9456,22.0413,121855900
2019-03-25,22.0152,22.2065,21.8151,21.9456,72835600
2019-03-26,22.1195,22.2587,21.9891,22.2065,51171500
2019-03-27,22.1543,22.2674,22.0065,22.1108,73148100
2019-03-28,22.1543,22.3109,22.0500,22.3022,52089300
2019-03-29,22.4936,22.5110,22.2761,22.3631,50234400
2019-04-01,22.5458,22.9285,22.5371,22.9111,62485300
2019-04-02,22.8502,23.0155,22.8154,22.8937,41002400
2019-04-03,23.0503,23.1546,22.8676,22.9633,52030900
2019-04-04,22.9633,23.1981,22.9633,23.1024,54378900
2019-04-05,23.1459,23.2242,23.0676,23.1372,37088800
2019-04-08,23.0763,23.1720,23.0242,23.1633,34998000
2019-04-09,23.0590,23.0590,22.8676,22.9720,65954800
2019-04-10,22.9720,23.0763,22.8589,23.0416,48232700
2019-04-11,23.1285,23.2677,23.0590,23.1807,62205000
2019-04-12,23.5200,23.7722,23.3982,23.6069,84627600
2019-04-15,23.6156,23.6243,23.4069,23.4591,40030400
2019-04-16,23.5113,23.8157,23.4939,23.7896,56093400
2019-04-17,23.8766,23.8853,23.6591,23.8505,58834000
2019-04-18,23.8070,23.8766,23.7461,23.7809,52495700
2019-04-22,23.7113,23.7809,23.6330,23.7113,39324100
2019-04-23,23.7026,23.8853,23.6069,23.8592,54250300
2019-04-24,23.7809,23.9375,23.7287,23.8331,39505200
2019-04-25,23.7200,23.9723,23.6591,23.8766,44532300
2019-04-26,23.8766,24.1114,23.8418,24.0940,41527900
2019-04-29,24.1810,24.4681,24.1201,24.3376,61643200
2019-04-30,24.3724,24.4072,24.1636,24.3724,38800300
2019-05-01,24.3985,24.4768,24.1549,24.1723,67969500
2019-05-02,24.1549,24.3115,24.0245,24.1984,50972900
2019-05-03,24.3028,24.4594,24.2593,24.4159,34598900
2019-05-06,23.9897,24.3376,23.9462,24.2506,42517000
2019-05-07,24.0245,24.2593,23.6852,23.8505,60090800
2019-05-08,23.7548,23.9984,23.6939,23.7983,44254200
2019-05-09,23.5113,23.7983,23.3982,23.7461,56468300
2019-05-10,23.6156,23.9462,23.4069,23.9027,63453600
2019-05-13,23.4243,23.4765,23.1285,23.2068,54962500
2019-05-14,23.2590,23.5895,23.2329,23.3895,52398400
2019-05-15,23.1546,23.4156,23.0677,23.3025,49061700
2019-05-16,23.3808,23.6678,23.3634,23.5374,44872600
2019-05-17,23.3025,23.6069,23.2677,23.3808,62711500
2019-05-20,23.2938,23.5113,23.2938,23.4069,44357300
2019-05-21,23.5026,23.6504,23.5026,23.6504,36851400
2019-05-22,23.5287,23.5808,23.4417,23.5113,25867600
2019-05-23,23.2851,23.2938,22.9807,23.1807,51832900
2019-05-24,23.2677,23.3721,23.1981,23.3634,30582000
2019-05-28,23.2938,23.3634,23.0937,23.0937,35177700
2019-05-29,22.9111,23.0937,22.8067,23.0503,39700600
2019-05-30,23.1024,23.2329,22.8589,22.9720,40641200
2019-05-31,22.6762,22.7893,22.6066,22.6240,49259200
2019-06-03,22.5893,22.8676,22.5458,22.7719,63329300
2019-06-04,23.0503,23.4156,22.9894,23.3895,45454400
2019-06-05,23.4330,23.5548,23.2329,23.5374,46599700
2019-06-06,23.5461,23.7200,23.4156,23.6243,37297600
2019-06-07,23.6243,23.7026,23.5547,23.5895,33054800
2019-06-10,23.7287,23.9636,23.7287,23.7896,37081400
2019-06-11,23.9201,24.0158,23.7287,23.7983,34273400
2019-06-12,23.7722,23.8157,23.5113,23.5634,36866000
2019-06-13,23.6069,23.7200,23.5461,23.6417,31020000
2019-06-14,23.6678,23.7722,23.4852,23.6939,29724100
2019-06-17,23.6852,23.7548,23.4504,23.4765,40981600
2019-06-18,23.4243,23.8853,23.4243,23.7896,46237400
2019-06-19,23.8331,23.9984,23.7200,23.7461,58118500
2019-06-20,23.8766,23.9462,23.5895,23.8505,50583800
2019-06-21,23.8671,24.0245,23.7622,23.7972,65322300
2019-06-24,23.7534,23.9196,23.6748,23.7010,48377800
2019-06-25,23.7010,23.7360,23.5087,23.6223,47748500
2019-06-26,23.6748,23.7884,23.5698,23.5786,31448000
2019-06-27,23.6660,23.8584,23.6660,23.7884,59459800
2019-06-28,24.0682,24.2168,23.8146,24.1294,76728100
2019-07-01,24.4091,24.5228,24.2867,24.4179,48971100
2019-07-02,24.3829,24.4616,24.2255,24.3567,56626800
2019-07-03,24.4354,24.5578,24.3654,24.5490,23706800
2019-07-05,24.6277,24.7151,24.5053,24.6190,40683100
2019-07-08,24.4878,24.5927,24.4266,24.4966,26286700
2019-07-09,24.3305,24.5840,24.3130,24.5403,25895800
2019-07-10,24.5490,24.6802,24.4179,24.4529,36566700
2019-07-11,24.4878,24.6277,24.4441,24.5927,40907500
2019-07-12,24.6277,24.7588,24.5665,24.7588,31109900
2019-07-15,24.7676,24.7851,24.5490,24.6190,28346100
2019-07-16,24.6627,24.7064,24.5053,24.5578,47287700
2019-07-17,24.4703,24.5490,24.3130,24.3479,35062600
2019-07-18,24.3130,24.5752,24.2867,24.5315,46369800
2019-07-19,24.5927,24.6364,24.4091,24.4266,29338500
2019-07-22,24.3742,24.5228,24.3304,24.4791,26683300
2019-07-23,24.5403,24.7676,24.5315,24.7326,45307600
2019-07-24,24.6802,24.9861,24.6627,24.9861,36374200
2019-07-25,24.9774,25.0124,24.7588,24.8113,34180400
2019-07-26,24.8637,25.0998,24.8113,25.0823,33642800
2019-07-29,25.0386,25.1085,24.8637,24.8900,35955100
2019-07-30,24.6976,24.8463,24.6452,24.8200,30726100
2019-07-31,24.8200,24.9424,24.6539,24.6976,64485400
2019-08-01,24.6802,24.8463,24.1031,24.1381,107976300
2019-08-02,24.0944,24.2518,23.8059,24.1294,66036400
2019-08-05,23.5961,23.7097,23.1502,23.3251,85527900
2019-08-06,23.4737,23.7185,23.2464,23.7010,53445000
2019-08-07,23.2551,23.4912,22.9404,23.3863,82354600
2019-08-08,23.6136,23.8409,23.4999,23.8321,66653200
2019-08-09,23.7010,23.8758,23.5174,23.7534,53782700
2019-08-12,23.4737,23.5611,23.2289,23.2988,56837600
2019-08-13,23.2551,23.7534,23.1677,23.5873,72255900
2019-08-14,23.0628,23.1852,22.6956,22.7131,92067300
2019-08-15,22.8267,22.9754,22.6606,22.8267,59504500
2019-08-16,22.9404,23.2901,22.9404,23.2289,48451800
2019-08-19,23.5873,23.6311,23.4212,23.4649,38297700
2019-08-20,23.3338,23.3775,23.1240,23.1502,40579300
2019-08-21,23.2988,23.3338,23.1939,23.2551,44913500
2019-08-22,23.3775,23.4737,23.2289,23.4125,43896700
2019-08-23,23.2464,23.4212,22.6606,22.8180,86245300
2019-08-26,22.9666,23.0540,22.8267,23.0366,34175500
2019-08-27,23.1240,23.1939,22.7568,22.8967,54240800
2019-08-28,22.7743,23.1415,22.7568,23.1065,51870400
2019-08-29,23.3163,23.5349,23.2726,23.4562,49818300
2019-08-30,23.5873,23.6573,23.4475,23.5349,40561000
2019-09-03,23.3425,23.3688,23.0890,23.2901,59997200
2019-09-04,23.4649,23.5611,23.4125,23.5174,43945700
2019-09-05,23.8496,24.1993,23.8409,23.9982,68639200
2019-09-06,24.0245,24.0944,23.9021,23.9895,35660800
2019-09-09,24.1556,24.4528,24.1031,24.3567,67797700
2019-09-10,24.4354,24.5490,24.2168,24.4441,77540100
2019-09-11,24.4616,24.6102,24.2430,24.5840,53285900
2019-09-12,24.5140,24.8113,24.4354,24.7151,72872200
2019-09-13,24.9075,25.0036,24.7938,24.9075,56248700
2019-09-16,24.6976,24.8550,24.6627,24.8200,36693600
2019-09-17,24.7326,24.8463,24.6452,24.8463,40868800
2019-09-18,24.7501,24.9949,24.6802,24.9337,57268900
2019-09-19,24.9162,25.0648,24.8113,24.8200,42335000
2019-09-20,24.8587,24.9554,24.6566,24.6742,82921100
2019-09-23,24.5512,24.7884,24.5072,24.7181,35827300
2019-09-24,24.7884,24.8411,24.4106,24.4809,61659700
2019-09-25,24.5336,24.7269,24.4369,24.6830,53544400
2019-09-26,24.6478,24.6742,24.5336,24.5687,53107500
2019-09-27,24.7708,24.8587,24.5336,24.6654,73386900
2019-09-30,24.7269,24.7532,24.5863,24.6039,30608000
2019-10-01,24.7181,24.7357,24.0854,24.0854,54786200
2019-10-02,23.9361,23.9448,23.5406,23.5934,78141700
2019-10-03,23.5582,23.6900,23.2419,23.6900,81128700
2019-10-04,23.7164,24.1469,23.6988,24.1294,40697200
2019-10-07,24.0327,24.2260,23.9800,24.0064,36922900
2019-10-08,23.7691,23.7779,23.5143,23.5318,60008900
2019-10-09,23.6812,23.8658,23.6637,23.7515,45131000
2019-10-10,23.8130,24.1733,23.8130,23.9976,54305400
2019-10-11,24.3754,24.5951,24.2875,24.2963,78702500
2019-10-14,24.2172,24.3842,24.1909,24.3315,35821000
2019-10-15,24.4721,24.8323,24.3754,24.6830,65130200
2019-10-16,24.6830,24.7445,24.5599,24.6214,44595200
2019-10-17,24.7533,24.8235,24.5775,24.6390,32013600
2019-10-18,24.5687,24.7972,24.5687,24.7005,40523700
2019-10-21,24.9114,25.0784,24.9026,25.0432,44145400
2019-10-22,24.9993,25.1399,24.8939,24.9729,50423000
2019-10-23,24.9202,25.0784,24.9114,25.0784,30615400
2019-10-24,25.1047,25.1487,24.9466,25.0432,33469600
2019-10-25,25.0169,25.2453,24.8060,25.1662,28330200
2019-10-28,25.2629,25.4123,25.2541,25.2981,50104600
2019-10-29,25.2453,25.4826,25.2190,25.3596,48458100
2019-10-30,25.3596,25.4123,25.1662,25.3420,51106700
2019-10-31,25.2541,25.2629,25.0169,25.2190,56795500
2019-11-01,25.4123,25.6144,25.3596,25.5880,42302300
2019-11-04,25.8077,25.8516,25.7374,25.8077,37319100
2019-11-05,25.8868,26.0274,25.8429,25.9044,39516100
2019-11-06,25.8868,26.0362,25.8516,26.0362,40179900
2019-11-07,26.1943,26.3877,26.1328,26.2295,61738600
2019-11-08,26.2031,26.2295,26.0450,26.2207,53808800
2019-11-11,26.0625,26.2031,26.0274,26.1504,19702400
2019-11-12,26.1592,26.2646,26.0889,26.1855,44640600
2019-11-13,25.9834,26.1065,25.8780,26.0186,43495400
2019-11-14,25.9483,26.0713,25.8956,26.0713,46158400
2019-11-15,26.1592,26.1855,26.0625,26.1416,30097000
2019-11-18,26.1416,26.2031,26.0625,26.1943,25440500
2019-11-19,26.2558,26.3349,26.1768,26.2471,30770900
2019-11-20,26.1416,26.1943,25.9395,26.1240,46719500
2019-11-21,26.1768,26.2207,26.0098,26.0977,37192700
2019-11-22,26.1328,26.3174,26.1328,26.2910,35195000
2019-11-25,26.3261,26.4931,26.3174,26.4580,50094100
2019-11-26,26.4579,26.4579,26.2998,26.4316,33516200
2019-11-27,26.5019,26.5458,26.4140,26.5370,31012300
2019-11-29,26.4843,26.5722,26.4404,26.4931,19444200
2019-12-02,26.5370,26.5898,26.2998,26.3261,52427800
2019-12-03,26.0186,26.0274,25.7901,25.9571,66912000
2019-12-04,25.9834,26.2734,25.9659,26.2031,41793900
2019-12-05,26.3086,26.3701,26.2119,26.3261,44933500
2019-12-06,26.6161,26.7655,26.6073,26.6776,40811300
2019-12-09,26.6249,26.7304,26.6073,26.6161,21627500
2019-12-10,26.5458,26.6776,26.4755,26.6249,37362100
2019-12-11,26.6161,26.6601,26.5370,26.5634,24490200
2019-12-12,26.5985,27.1609,26.5810,27.0818,68427500
2019-12-13,27.0555,27.2136,26.8270,26.9852,48135700
2019-12-16,27.2049,27.2576,27.0555,27.0818,45914900
2019-12-17,27.0994,27.2751,27.0906,27.1873,30911900
2019-12-18,27.2752,27.2752,27.0730,27.0730,39079700
2019-12-19,27.0818,27.1433,27.0379,27.0643,36946900
2019-12-20,27.2020,27.2727,27.0607,27.0961,97416000
2019-12-23,27.1667,27.1755,26.9989,27.0342,38293100
2019-12-24,27.0872,27.1049,27.0254,27.0961,12315900
2019-12-26,27.1225,27.2462,27.1225,27.2462,15891300
2019-12-27,27.2904,27.2992,27.1579,27.1755,19417400
2019-12-30,27.2992,27.3433,27.0696,27.0961,18819300
2019-12-31,27.0784,27.1932,27.0431,27.1844,15788100
2020-01-02,27.2815,27.4493,27.2020,27.4493,28843300
2020-01-03,27.0961,27.2727,27.0166,27.1579,51363600
2020-01-06,26.9106,27.1579,26.9018,27.1402,27956100
2020-01-07,27.0784,27.1226,26.9636,26.9636,39627500
2020-01-08,26.9901,27.2904,26.9901,27.1402,47966600
2020-01-09,27.3345,27.3610,27.2285,27.3080,27705300
2020-01-10,27.3257,27.3345,27.0696,27.1049,33458200
2020-01-13,27.1667,27.3169,27.0961,27.2904,27542700
2020-01-14,27.2904,27.4493,27.2020,27.2374,37575400
2020-01-15,27.1049,27.1932,26.9989,27.0872,41457300
2020-01-16,27.2197,27.3257,27.1579,27.3257,34444000
2020-01-17,27.4052,27.4670,27.2992,27.4052,38819400
2020-01-21,27.2727,27.3963,27.1755,27.1755,41276500
2020-01-22,27.2639,27.3257,27.2197,27.2550,27391000
2020-01-23,27.1137,27.2462,26.9283,27.1844,43072300
2020-01-24,27.1932,27.1932,26.6721,26.8399,58924900
2020-01-27,26.3100,26.5485,26.2747,26.4248,50289300
2020-01-28,26.5661,26.8488,26.5220,26.7340,34257900
2020-01-29,26.8223,26.9194,26.6456,26.6898,41167500
2020-01-30,26.4513,27.0431,26.4337,27.0254,51210000
2020-01-31,26.7958,26.8311,26.3630,26.4602,58958800
2020-02-03,26.6456,26.9106,26.6280,26.6456,40168200
2020-02-04,27.0077,27.1579,26.8929,26.9018,79273300
2020-02-05,27.2639,27.4670,27.2020,27.4405,51086900
2020-02-06,27.5906,27.6171,27.3522,27.4052,37044400
2020-02-07,27.2550,27.3875,27.1932,27.3080,27982500
2020-02-10,27.2197,27.3875,27.2109,27.3875,17723700
2020-02-11,27.4582,27.6083,27.4582,27.4847,27997400
2020-02-12,27.6260,27.7143,27.4670,27.5023,26964200
2020-02-13,27.4140,27.5553,27.3345,27.4935,22758700
2020-02-14,27.4670,27.5465,27.3963,27.5288,22080200
2020-02-18,27.4493,27.5200,27.1314,27.2904,37768900
2020-02-19,27.3875,27.5641,27.3522,27.4935,25643300
2020-02-20,27.3963,27.6260,27.2550,27.4405,50344300
2020-02-21,27.3080,27.3698,27.0254,27.1755,51128200
2020-02-24,26.3189,26.5485,26.1687,26.2924,70455400
2020-02-25,26.3012,26.3542,25.2767,25.4003,111826900
2020-02-26,25.5682,25.8066,25.2149,25.2149,95015700
2020-02-27,24.6761,25.0736,24.1197,24.1374,143536200
2020-02-28,23.3160,23.7135,22.9363,23.4838,192063500
2020-03-02,23.5280,24.6850,23.2807,24.6850,127115500
2020-03-03,24.6055,24.9499,23.5192,23.7576,256525000
2020-03-04,24.0756,24.5525,23.6693,24.5437,124408000
2020-03-05,23.7311,23.7930,23.0952,23.3602,130265700
2020-03-06,22.3004,22.8214,22.1061,22.5653,160606600
2020-03-09,20.3132,21.0904,19.8893,20.1454,134165700
2020-03-10,21.0816,21.3465,20.1719,21.3289,149282300
2020-03-11,20.6753,20.8873,19.8893,20.1719,146915400
2020-03-12,18.4939,19.6155,17.9286,17.9904,161437500
2020-03-13,19.3417,20.3927,18.4585,20.3574,160945700
2020-03-16,17.0896,18.8471,16.7187,17.5665,110661600
2020-03-17,17.9728,18.7146,17.2574,18.5203,122295100
2020-03-18,17.3545,17.7078,16.1446,16.9483,145056400
2020-03-19,16.5950,17.5665,15.9944,17.3192,105652800
2020-03-20,17.5047,17.5930,16.4890,16.7010,157840900
2020-03-23,16.4240,16.5665,15.5779,15.7293,144547900
2020-03-24,16.6645,17.7778,16.5487,17.6798,158551100
2020-03-25,17.9381,18.9090,17.2701,18.1608,162949600
2020-03-26,18.4013,19.4345,18.3746,19.3009,129753900
2020-03-27,18.5171,19.3009,18.3033,18.7130,109305600
2020-03-30,18.7397,19.1762,18.3478,19.0693,67297200
2020-03-31,18.8912,19.1049,18.3835,18.5438,83819900
2020-04-01,17.5641,17.7600,17.2523,17.4126,79185000
2020-04-02,17.3058,17.9916,17.2434,17.8491,68398300
2020-04-03,17.6798,17.9381,17.2434,17.4928,68418100
2020-04-06,18.3657,18.9001,18.2321,18.7486,69015100
2020-04-07,19.7729,19.7907,18.9268,18.9357,70950900
2020-04-08,19.2207,19.8887,19.0069,19.7640,80003400
2020-04-09,20.2806,21.0733,20.2450,20.8239,147845500
2020-04-13,20.7616,20.7794,19.8887,20.0668,66236300
2020-04-14,20.5478,20.6102,19.7818,20.1559,96169000
2020-04-15,19.3543,19.4701,19.1851,19.2830,63482000
2020-04-16,19.2385,19.2741,18.7576,18.9446,68907600
2020-04-17,19.6839,20.0579,19.5235,19.9421,88698600
2020-04-20,19.5503,19.9154,19.3721,19.5948,59063100
2020-04-21,18.9980,19.3365,18.8912,18.9624,71957900
2020-04-22,19.3543,19.4077,19.1227,19.1673,47507800
2020-04-23,19.2207,19.4701,19.0604,19.0871,71740200
2020-04-24,19.2920,19.4434,18.9980,19.3632,33825300
2020-04-27,19.5592,20.1292,19.5235,20.0223,109435100
2020-04-28,20.6280,20.7794,20.1915,20.2361,46452300
2020-04-29,20.8595,21.0733,20.6458,20.8239,70064400
2020-04-30,20.4053,20.6280,20.2004,20.2984,56745700
2020-05-01,19.8175,19.8709,19.5146,19.6482,37534300
2020-05-04,19.3899,19.4968,19.0960,19.4701,50177200
2020-05-05,19.7373,19.8442,19.4077,19.4077,65123000
2020-05-06,19.5859,19.6393,18.9713,18.9891,63738400
2020-05-07,19.2385,19.7551,19.2385,19.4345,61339000
2020-05-08,19.8085,19.8798,19.6037,19.8531,42218300
2020-05-11,19.5770,19.6393,19.3632,19.4701,54994900
2020-05-12,19.5503,19.6215,18.9446,18.9624,62202700
2020-05-13,18.8021,18.8288,18.2588,18.4013,86848300
2020-05-14,18.0806,18.8912,17.8936,18.8733,103763100
2020-05-15,18.6952,18.9090,18.5260,18.7486,70285000
2020-05-18,19.4434,19.8620,19.3098,19.7106,79548500
2020-05-19,19.5948,19.6928,19.2207,19.2296,56673200
2020-05-20,19.5503,19.7729,19.5324,19.6571,50402600
2020-05-21,19.5948,19.7818,19.4879,19.5948,49939900
2020-05-22,19.5859,19.6126,19.3276,19.5235,37584500
2020-05-26,20.2628,20.7527,20.2450,20.5389,108349200
2020-05-27,21.4563,21.4652,20.9664,21.4296,121521200
2020-05-28,21.6701,21.6790,21.0288,21.0911,101590100
2020-05-29,20.8417,21.0377,20.6369,20.8506,86969000
2020-06-01,20.9308,21.1891,20.7883,21.0911,52619200
2020-06-02,21.2782,21.4118,21.1089,21.2603,52572800
2020-06-03,21.7324,22.1510,21.6790,22.0530,77622900
2020-06-04,22.0174,22.5340,21.8393,22.5340,97575100
2020-06-05,23.8522,23.8967,23.2911,23.3712,135859300
2020-06-08,23.7542,23.8700,23.4870,23.8166,80298400
2020-06-09,23.2554,23.5137,23.0862,23.3089,92833100
2020-06-10,23.1753,23.3000,22.4182,22.4360,110848900
2020-06-11,21.3761,21.6968,20.5656,20.6012,233116600
2020-06-12,21.4296,21.4296,20.6814,21.2247,127502900
2020-06-15,20.4944,21.5899,20.4498,21.5186,92469500
2020-06-16,22.3737,22.3737,21.3316,21.8571,108121300
2020-06-17,21.9194,21.9194,21.4919,21.5275,56320900
2020-06-18,21.3138,21.7057,21.2514,21.5008,61206500
2020-06-19,21.9105,21.9194,21.1178,21.3583,99903900
2020-06-22,21.2257,21.4049,21.0912,21.2525,47929500
2020-06-23,21.5752,21.7097,21.3332,21.3511,47218900
2020-06-24,21.0733,21.0822,20.5355,20.5982,90217500
2020-06-25,20.5265,21.1898,20.4906,21.1450,110208900
2020-06-26,20.7864,20.8492,20.1859,20.2397,123959100
2020-06-29,20.4548,20.5982,20.2845,20.4638,69107100
2020-06-30,20.3562,20.8850,20.3383,20.7416,60653100
2020-07-01,20.8313,20.9299,20.4996,20.5624,60500300
2020-07-02,21.0195,21.0912,20.5444,20.5892,50841900
2020-07-06,21.0464,21.2077,20.8671,20.9836,60271700
2020-07-07,20.8133,20.8223,20.4996,20.5534,43810900
2020-07-08,20.5444,20.8223,20.4727,20.7685,53046100
2020-07-09,20.7596,20.8044,20.1590,20.3293,71163700
2020-07-10,20.3203,21.0553,20.3203,21.0285,94440600
2020-07-13,21.2974,21.4318,20.9926,21.1181,102487100
2020-07-14,21.0285,21.2884,20.8402,21.2257,102468300
2020-07-15,21.7366,21.7455,21.4139,21.6469,90561800
2020-07-16,21.4587,21.8710,21.3780,21.6469,74678500
2020-07-17,21.6918,21.7097,21.4587,21.4677,47033200
2020-07-20,21.3511,21.4946,21.2884,21.3691,40127600
2020-07-21,21.5125,21.8979,21.4856,21.7904,46491300
2020-07-22,21.6828,21.8083,21.6111,21.7904,44437400
2020-07-23,21.7455,21.9338,21.6738,21.8083,49916100
2020-07-24,21.8262,21.9427,21.6828,21.7545,41245600
2020-07-27,21.6559,21.6738,21.3870,21.5752,43060200
2020-07-28,21.4946,21.6200,21.4229,21.5215,35370500
2020-07-29,21.4856,21.9517,21.4497,21.9248,36491600
2020-07-30,21.5125,21.5752,21.2525,21.5304,53994600
2020-07-31,21.5215,21.5663,21.2525,21.5394,50115900
2020-08-03,21.6290,21.7724,21.4766,21.6021,42982100
2020-08-04,21.5125,21.5483,21.3960,21.5125,30754400
2020-08-05,21.6559,21.8621,21.6290,21.8083,34860700
2020-08-06,21.7366,21.8890,21.6469,21.7993,33115400
2020-08-07,21.6918,22.2834,21.6469,22.2654,63302800
2020-08-10,22.3909,22.5074,22.2923,22.4268,45436100
2020-08-11,22.8481,23.0542,22.6329,22.6867,73758600
2020-08-12,23.0901,23.0990,22.4626,22.6240,58793600
2020-08-13,22.4537,22.6419,22.3461,22.4806,35222500
2020-08-14,22.3730,22.6778,22.3461,22.5702,28276900
2020-08-17,22.4895,22.5074,22.1848,22.1937,53397000
2020-08-18,22.2116,22.2654,22.0324,22.0503,35502500
2020-08-19,22.1310,22.3551,21.9786,22.0413,59847200
2020-08-20,21.7904,21.9607,21.7724,21.8352,45586100
2020-08-21,21.7993,21.9876,21.7186,21.7904,35349200
2020-08-24,21.9158,22.3102,21.8621,22.3102,51010900
2020-08-25,22.4985,22.5612,22.2296,22.3730,55236900
2020-08-26,22.3192,22.3730,22.1848,22.2654,30646600
2020-08-27,22.2475,22.7495,22.2475,22.6419,66463900
2020-08-28,22.8032,22.8122,22.5433,22.7315,49170600
2020-08-31,22.7136,22.7136,22.4626,22.4626,52259000
2020-09-01,22.3461,22.6060,22.2744,22.5254,42036100
2020-09-02,22.5164,22.9287,22.4537,22.8481,48432500
2020-09-03,22.9825,23.3142,22.3551,22.4985,98405500
2020-09-04,22.9018,23.0273,22.3102,22.6688,111105500
2020-09-08,22.4447,22.4985,22.0055,22.0862,84687600
2020-09-09,22.2923,22.4716,22.1489,22.3102,52321200
2020-09-10,22.3819,22.5343,21.9517,21.9965,55515300
2020-09-11,22.0324,22.2654,21.9607,22.1489,69285700
2020-09-14,22.3461,22.6509,22.2834,22.4537,51021000
2020-09-15,22.4985,22.5164,22.1310,22.1489,48459900
2020-09-16,22.1937,22.6509,22.1489,22.3999,62119900
2020-09-17,22.0951,22.3013,22.0324,22.1668,47334200
2020-09-18,22.1668,22.3461,22.0772,22.1220,61707200
2020-09-21,21.6579,21.7840,21.2342,21.5677,72307300
2020-09-22,21.5136,21.7209,21.2072,21.3875,84561500
2020-09-23,21.4325,21.5857,20.9098,20.9098,54282500
2020-09-24,20.9188,21.2523,20.6754,20.9548,56512300
2020-09-25,20.8016,21.2433,20.7566,21.1712,46026600
2020-09-28,21.4686,21.8291,21.4686,21.6759,62803500
2020-09-29,21.6128,21.6488,21.2883,21.4055,53250800
2020-09-30,21.4956,21.8742,21.4866,21.6939,66732200
2020-10-01,21.7840,21.9282,21.5587,21.7300,65766100
2020-10-02,21.4415,22.0274,21.3875,21.9012,63368100
2020-10-05,22.1085,22.3338,22.0544,22.2617,58911700
2020-10-06,22.4510,22.6042,21.9553,22.0364,88404900
2020-10-07,22.2437,22.5141,22.2437,22.4059,53815200
2020-10-08,22.5321,22.7664,22.4780,22.7123,57646300
2020-10-09,22.8385,22.8656,22.5591,22.7394,52031600
2020-10-12,22.7214,23.0639,22.7214,22.9918,45931400
2020-10-13,22.9196,22.9917,22.4780,22.5501,60377800
2020-10-14,22.5681,22.6493,22.3068,22.3338,48982200
2020-10-15,22.1265,22.5141,22.0905,22.5051,41637200
2020-10-16,22.5501,22.6673,22.4149,22.5231,40103600
2020-10-19,22.6042,22.6132,22.1445,22.1806,42989000
2020-10-20,22.3248,22.6222,22.3158,22.3608,67293900
2020-10-21,22.3248,22.4690,22.2437,22.2437,44307200
2020-10-22,22.2347,22.7123,22.2257,22.6853,39511800
2020-10-23,22.8295,22.9016,22.5772,22.7574,45092700
2020-10-26,22.4330,22.4690,22.0364,22.2437,54015100
2020-10-27,22.2347,22.2347,21.8201,21.8381,46083300
2020-10-28,21.3784,21.5677,21.1531,21.2793,89288300
2020-10-29,21.2252,21.5948,20.9548,21.4415,60908400
2020-10-30,21.3154,21.5407,21.1531,21.5046,66221600
2020-11-02,21.8651,22.0093,21.5948,21.9102,65136000
2020-11-03,22.3158,22.6222,22.2887,22.3969,79834200
2020-11-04,22.0003,22.5321,21.8020,22.1355,87397400
2020-11-05,22.3248,22.8385,22.3248,22.6763,65942300
2020-11-06,22.7844,22.8115,22.4239,22.4960,60783500
2020-11-09,24.3166,24.7312,24.0282,24.3437,162966800
2020-11-10,24.3707,24.5600,24.1454,24.4699,85851200
2020-11-11,24.6050,24.6231,24.2265,24.3707,65062400
2020-11-12,24.0733,24.1274,23.7488,23.9651,62733800
2020-11-13,24.1905,24.4608,24.1274,24.3617,45031800
2020-11-16,24.9746,24.9926,24.6591,24.9025,67556100
2020-11-17,24.6231,24.9115,24.4518,24.8664,63679700
2020-11-18,24.9836,25.1819,24.6231,24.6321,71578400
2020-11-19,24.5059,24.7402,24.3527,24.7132,47194800
2020-11-20,24.5870,24.6862,24.4428,24.4969,39974700
2020-11-23,24.8123,25.0286,24.6862,24.9565,51870500
2020-11-24,25.3892,25.8578,25.3261,25.8308,60983200
2020-11-25,25.6866,25.7587,25.4342,25.7407,45204600
2020-11-27,25.7407,25.7677,25.5604,25.6595,26981200
2020-11-30,25.5063,25.5784,25.0827,25.1278,72524200
2020-12-01,25.5965,25.7497,25.4973,25.5153,53972100
2020-12-02,25.4793,25.8398,25.4342,25.7947,57471800
2020-12-03,25.8128,25.9570,25.6505,25.8038,49566000
2020-12-04,25.9750,26.1643,25.9570,26.1192,52713100
2020-12-07,25.9660,26.0110,25.7857,25.9389,34631600
2020-12-08,25.6956,25.9930,25.6956,25.9299,31628500
2020-12-09,26.0741,26.0922,25.7677,25.8668,47589600
2020-12-10,25.6686,25.9389,25.5874,25.9119,41298300
2020-12-11,25.6235,25.7136,25.4432,25.6505,48216300
2020-12-14,25.9930,25.9930,25.3351,25.3531,38302900
2020-12-15,25.5514,25.8578,25.4072,25.7857,38604200
2020-12-16,25.8308,25.8488,25.7046,25.8308,55602800
2020-12-17,25.8759,25.9480,25.7587,25.9029,38510900
2020-12-18,25.9389,25.9389,25.5244,25.6776,56080100
2020-12-21,25.9784,26.1506,25.5797,26.0237,77688100
2020-12-22,26.0418,26.0781,25.7519,25.7700,42317900
2020-12-23,25.9240,26.3408,25.9150,26.1959,52681400
2020-12-24,26.2502,26.2593,26.0147,26.2321,16071000
2020-12-28,26.4133,26.5674,26.2684,26.3590,32824800
2020-12-29,26.4677,26.4768,26.2412,26.2684,23607000
2020-12-30,26.3590,26.4677,26.2955,26.3862,16616700
2020-12-31,26.3499,26.7486,26.2774,26.7124,26239300
2021-01-04,26.8120,26.8211,26.1234,26.3499,47086300
2021-01-05,26.3409,26.5855,26.2049,26.4677,35265400
2021-01-06,26.9751,27.8541,26.9751,27.6366,102254900
2021-01-07,28.0444,28.3252,27.9809,28.0353,64342700
2021-01-08,28.1712,28.1803,27.6457,28.0172,54266400
2021-01-11,27.7453,28.1531,27.6275,28.1078,56590400
2021-01-12,28.2709,28.5337,28.1893,28.3977,60546600
2021-01-13,28.3524,28.4521,28.1712,28.3796,55394700
2021-01-14,28.4612,28.6515,28.3524,28.5065,49828800
2021-01-15,28.0897,28.2618,27.8269,28.0353,68732700
2021-01-19,28.1803,28.2528,27.9356,28.1078,97457200
2021-01-20,28.1984,28.1984,27.8903,27.9900,56113100
2021-01-21,27.9719,28.0262,27.6910,27.6910,43713800
2021-01-22,27.4101,27.6004,27.3648,27.4916,37928000
2021-01-25,27.2198,27.3285,26.9480,27.2923,68321500
2021-01-26,27.4010,27.4373,27.0567,27.0748,55504600
2021-01-27,26.7033,26.7305,26.2231,26.2774,84059200
2021-01-28,26.6127,27.0748,26.5311,26.7667,62985900
2021-01-29,26.6942,26.7667,26.1143,26.2321,78260700
2021-02-01,26.5221,26.6127,26.2955,26.5764,41947400
2021-02-02,26.8845,27.3557,26.8755,27.2198,54263000
2021-02-03,27.1835,27.3829,27.1292,27.3738,46195200
2021-02-04,27.4644,27.9900,27.4554,27.9809,63061800
2021-02-05,28.1803,28.2075,27.9266,27.9900,38461900
2021-02-08,28.0806,28.3524,28.0806,28.3524,48756300
2021-02-09,28.2618,28.4521,28.1622,28.3615,33572000
2021-02-10,28.5065,28.5427,28.2256,28.3615,38899600
2021-02-11,28.3796,28.4884,28.0806,28.2709,31909500
2021-02-12,28.2437,28.5880,28.2165,28.5608,38271800
2021-02-16,28.8508,29.1861,28.7239,29.0501,71330600
2021-02-17,28.9595,29.2314,28.8599,29.1951,60460900
2021-02-18,28.9867,29.1770,28.7874,29.0230,45188200
2021-02-19,29.2132,29.4670,29.1770,29.3673,54361800
2021-02-22,29.2676,29.7479,29.2586,29.6391,65930200
2021-02-23,29.8475,29.8566,29.5123,29.8203,94331400
2021-02-24,29.8656,30.4818,29.8475,30.4003,66000600
2021-02-25,30.6449,30.6630,29.7660,29.8475,92189400
2021-02-26,29.8022,29.8928,29.1679,29.2767,103105700
2021-03-01,29.7750,30.3731,29.7750,30.1918,67590700
2021-03-02,30.1556,30.3278,30.0559,30.0831,49987000
2021-03-03,30.2009,30.7718,30.1647,30.3187,72541700
2021-03-04,30.2372,30.5271,29.5394,29.9744,101311800
2021-03-05,30.4818,30.6268,29.7026,30.5452,109299800
2021-03-08,30.7718,31.3336,30.6449,30.9349,90538200
2021-03-09,30.6902,31.1070,30.3731,30.6540,117224600
2021-03-10,30.7990,31.3970,30.7446,31.2792,73269300
2021-03-11,31.1161,31.4332,30.9349,31.1886,50904800
2021-03-12,31.5510,31.6688,31.4061,31.5057,68126000
2021-03-15,31.6235,31.6326,31.0345,31.3245,57836400
2021-03-16,31.1614,31.1976,30.7536,30.9983,67373600
2021-03-17,31.2248,31.3879,30.8805,31.2067,64051100
2021-03-18,31.5239,31.9769,31.2611,31.3698,96690500
2021-03-19,31.1252,31.1523,30.6812,31.0074,98510500
2021-03-22,30.7807,30.8445,30.4986,30.6078,68170600
2021-03-23,30.4258,30.6351,30.0708,30.1800,70441900
2021-03-24,30.3985,30.7625,30.2893,30.2893,63357100
2021-03-25,30.2711,30.8444,30.0344,30.7989,60532600
2021-03-26,31.1175,31.3359,30.8991,31.2813,53779900
2021-03-29,30.8445,31.2085,30.6897,31.0083,71777800
2021-03-30,31.1721,31.3723,31.1357,31.2267,55011400
2021-03-31,31.1630,31.2904,30.9719,30.9901,51138300
2021-04-01,30.9446,31.3723,30.9446,31.3723,51690100
2021-04-05,31.7091,31.7728,31.5180,31.6181,51790700
2021-04-06,31.5452,31.7000,31.4451,31.5543,41336800
2021-04-07,31.6454,31.7819,31.4906,31.7091,38660800
2021-04-08,31.5908,31.7546,31.3723,31.7182,39927400
2021-04-09,31.9366,32.0094,31.7546,31.9912,40133700
2021-04-12,32.0549,32.1368,31.9821,32.1277,44435500
2021-04-13,31.9457,31.9821,31.6545,31.8274,39950900
2021-04-14,31.7455,32.2461,31.7000,32.0185,44065300
2021-04-15,32.0913,32.1277,31.6909,31.9912,55483500
2021-04-16,32.2734,32.3371,32.0731,32.2188,39115700
2021-04-19,32.2096,32.3007,32.0185,32.1277,31172300
2021-04-20,31.9366,31.9548,31.4178,31.5270,50227700
2021-04-21,31.4178,31.9912,31.3268,31.9639,39680000
2021-04-22,31.9275,31.9730,31.5544,31.6090,43611200
2021-04-23,31.6090,32.3371,31.5543,32.2005,50437700
2021-04-26,32.3189,32.6283,32.2916,32.3280,43749700
2021-04-27,32.3735,32.6283,32.3007,32.5828,50852400
2021-04-28,32.7102,32.8012,32.6101,32.7102,35771700
2021-04-29,32.9651,33.3200,32.9378,33.2927,48573000
2021-04-30,33.1107,33.2290,32.9469,33.0015,43940900
2021-05-03,33.2836,33.3473,33.0379,33.1653,33317300
2021-05-04,33.0197,33.4292,32.8012,33.4292,66939700
2021-05-05,33.5294,33.8297,33.5294,33.7023,38954200
2021-05-06,33.8388,34.2120,33.6386,34.2029,43332900
2021-05-07,33.8115,34.3940,33.7296,34.3849,64616700
2021-05-10,34.5669,34.8217,34.3303,34.3576,56341100
2021-05-11,34.0117,34.3212,33.6204,33.7478,82723700
2021-05-12,34.0117,34.1391,33.2654,33.4019,97911900
2021-05-13,33.2745,34.1482,33.2563,33.9389,66882600
2021-05-14,34.1300,34.5669,34.0936,34.4759,44850200
2021-05-17,34.3667,34.5760,34.2301,34.5396,40376700
2021-05-18,34.5123,34.6306,34.0390,34.0572,40299200
2021-05-19,33.6659,33.8661,33.3018,33.8479,63573900
2021-05-20,33.9025,34.1027,33.6295,33.8661,59216100
2021-05-21,34.0026,34.3849,33.9844,34.2029,44950300
2021-05-24,34.3485,34.4486,34.1755,34.3667,29159600
2021-05-25,34.4122,34.6761,33.9753,34.0208,38755900
2021-05-26,34.1482,34.2757,33.8752,34.1209,38601900
2021-05-27,34.4304,34.6033,34.2301,34.5123,39789500
2021-05-28,34.6670,34.6670,34.3212,34.5760,39265000
2021-06-01,34.9218,35.0220,34.6943,34.7853,35710700
2021-06-02,34.8945,34.9310,34.6488,34.8399,37537500
2021-06-03,34.7307,35.1312,34.6215,34.9218,54877500
2021-06-04,34.9673,35.0402,34.7034,35.0129,27250900
2021-06-07,35.0675,35.0675,34.7216,34.7853,37401800
2021-06-08,34.5942,34.8035,34.3394,34.6943,47747700
2021-06-09,34.5578,34.6033,34.2756,34.3667,40776200
2021-06-10,34.6579,34.7489,33.9389,33.9662,53775500
2021-06-11,34.0299,34.2028,34.0208,34.1846,40416700
2021-06-14,34.1209,34.1755,33.6295,33.8297,50613400
2021-06-15,33.8388,34.0663,33.6750,33.8934,51315100
2021-06-16,33.7842,34.0845,33.4383,33.8570,84961100
2021-06-17,34.0299,34.0481,32.7557,32.8558,97659900
2021-06-18,32.4190,32.5282,32.0185,32.0640,180960000
2021-06-21,32.3829,32.8307,32.3281,32.8124,89831400
2021-06-22,32.8855,32.9951,32.5565,32.8672,42576400
2021-06-23,32.8946,33.0865,32.8489,32.9312,48094900
2021-06-24,33.1230,33.4246,32.9677,33.3423,42942800
2021-06-25,33.5160,33.8358,33.3241,33.7444,56845000
2021-06-28,33.6804,33.7078,33.3058,33.4977,70250700
2021-06-29,33.6713,33.8540,33.2875,33.3789,61051200
2021-06-30,33.2784,33.5982,33.2693,33.5251,42414100
2021-07-01,33.6896,33.8084,33.5160,33.7901,36615600
2021-07-02,33.7901,33.8266,33.6165,33.7535,27018400
2021-07-06,33.6713,33.6896,33.0043,33.2236,49225300
2021-07-07,33.0225,33.3423,32.9494,33.2692,43747100
2021-07-08,32.7393,32.9312,32.4469,32.6022,75084200
2021-07-09,33.0774,33.5891,32.9768,33.5434,70546500
2021-07-12,33.3423,33.9363,33.1961,33.8723,62953400
2021-07-13,33.7627,33.8175,33.3789,33.5068,44476200
2021-07-14,33.5251,33.7444,32.9860,33.3515,69632700
2021-07-15,33.0225,33.6713,33.0225,33.4611,53977600
2021-07-16,33.6347,33.6347,32.9312,33.0043,56160700
2021-07-19,32.3646,32.5383,31.8895,32.0814,89972200
2021-07-20,32.0448,33.0956,31.9809,32.8763,70635800
2021-07-21,33.1413,33.6073,33.1139,33.4429,59975000
2021-07-22,33.3241,33.4063,32.9403,33.0774,35292300
2021-07-23,33.3972,33.4886,33.0408,33.1322,36766900
2021-07-26,33.0682,33.3880,33.0499,33.3241,25396000
2021-07-27,33.0682,33.4611,32.9129,33.3149,38988400
2021-07-28,33.4337,33.4794,33.0408,33.2692,42908200
2021-07-29,33.4885,33.7809,33.3423,33.6347,41434200
2021-07-30,33.5434,33.7901,33.2875,33.3698,52385300
2021-08-02,33.5982,33.9820,33.3332,33.3789,47589900
2021-08-03,33.4977,33.7992,33.0043,33.7535,42169600
2021-08-04,33.4337,33.8266,33.2875,33.4703,52346400
2021-08-05,33.6804,33.9089,33.6713,33.9089,37168200
2021-08-06,34.2287,34.6581,34.2195,34.5942,58081000
2021-08-09,34.5485,34.8500,34.3566,34.6855,48015600
2021-08-10,34.6581,35.1516,34.6216,35.0510,40907400
2021-08-11,35.1516,35.4622,34.9871,35.4531,48372100
2021-08-12,35.4896,35.5627,35.2703,35.5171,44566400
2021-08-13,35.5445,35.5901,35.1698,35.2521,43077200
2021-08-16,35.0236,35.1972,34.7130,35.1607,48011800
2021-08-17,34.9231,35.1790,34.5668,34.9140,52414800
2021-08-18,34.7769,35.0236,34.4571,34.4845,39550400
2021-08-19,34.1099,34.4845,34.0094,34.2287,48961300
2021-08-20,34.2287,34.4937,34.1008,34.4388,33898600
2021-08-23,34.6125,34.8683,34.6125,34.7221,28807400
2021-08-24,34.7861,35.0145,34.7586,34.9323,37677300
2021-08-25,35.0236,35.5627,34.9505,35.3434,47904800
2021-08-26,35.4988,35.5445,35.1333,35.1698,38484300
2021-08-27,35.2155,35.6450,35.2064,35.6358,38511100
2021-08-30,35.6541,35.6724,35.1150,35.1333,30096500
2021-08-31,35.1059,35.3526,34.9597,35.0876,49876200
2021-09-01,35.1150,35.1333,34.7678,34.8866,43976200
2021-09-02,34.9688,35.1333,34.8683,35.0054,29611500
2021-09-03,34.9414,35.0145,34.7038,34.7861,34847500
2021-09-07,34.9049,34.9049,34.5759,34.5759,39214900
2021-09-08,34.4937,34.6581,34.3109,34.4937,32523900
2021-09-09,34.4480,34.9231,34.4206,34.5942,33421000
2021-09-10,34.7861,34.8226,34.3292,34.3383,39350500
2021-09-13,34.5850,34.7861,34.4845,34.7312,40357300
2021-09-14,34.8500,34.9779,34.1556,34.2652,45670600
2021-09-15,34.2470,34.6764,34.2104,34.5942,36371300
2021-09-16,34.7221,34.8957,34.3383,34.4937,42630200
2021-09-17,34.4480,34.6673,34.2470,34.3383,82987200
2021-09-20,33.5785,33.6702,33.0646,33.5418,95008800
2021-09-21,33.7528,33.8813,33.4133,33.4959,45837600
2021-09-22,33.9180,34.2943,33.8446,34.0557,58347800
2021-09-23,34.3860,35.0560,34.3310,34.8908,71805000
2021-09-24,34.8632,35.1936,34.8174,35.0743,48066100
2021-09-27,35.3863,35.6525,35.3221,35.5515,58794500
2021-09-28,35.5423,35.7167,34.9091,34.9642,96152700
2021-09-29,35.0743,35.1477,34.8265,34.9917,49882500
2021-09-30,35.1936,35.2028,34.4319,34.4411,73319300
2021-10-01,34.5329,35.2487,34.4044,35.0101,70444000
2021-10-04,34.9550,35.4139,34.6522,34.7072,69772700
2021-10-05,34.9642,35.5607,34.8357,35.3863,56058400
2021-10-06,35.0651,35.4506,34.8082,35.4230,63405900
2021-10-07,35.7901,36.0104,35.5882,35.6341,53295600
2021-10-08,35.6708,35.9370,35.5056,35.8085,38607500
2021-10-11,35.8911,36.1572,35.4322,35.4506,50748300
2021-10-12,35.4047,35.5790,35.2487,35.3404,58527700
2021-10-13,35.3313,35.3680,34.6338,35.1386,72105100
2021-10-14,35.5332,35.7351,35.1936,35.7259,51893500
2021-10-15,36.0746,36.4417,35.9553,36.2581,58411100
2021-10-18,36.1847,36.4784,36.0838,36.2673,56312700
2021-10-19,36.4325,36.6252,36.2948,36.6252,33082600
2021-10-20,36.5610,36.9189,36.4600,36.9189,44670200
2021-10-21,36.9097,36.9923,36.5702,36.7629,35067600
2021-10-22,36.9372,37.3410,36.9005,37.2768,41458200
2021-10-25,37.3686,37.4144,37.1391,37.2309,33121000
2021-10-26,37.3227,37.4970,37.2034,37.2584,41586900
2021-10-27,37.1667,37.3319,36.6344,36.6436,62449500
2021-10-28,36.7904,37.1116,36.7629,37.0932,44566600
2021-10-29,37.1391,37.2125,36.8730,36.9464,42092000
2021-11-01,37.2034,37.2860,36.8179,36.9648,37503800
2021-11-02,36.9556,37.1667,36.8546,37.0565,31436800
2021-11-03,36.9372,37.3318,36.8638,37.1942,42946800
2021-11-04,37.0565,37.1483,36.4233,36.7078,48279700
2021-11-05,37.0015,37.1575,36.6069,36.7262,57866300
2021-11-08,36.9556,37.1942,36.8363,36.9281,32864600
2021-11-09,36.7353,36.8546,36.4876,36.7262,48420400
2021-11-10,36.6895,36.8914,36.5702,36.6619,60695100
2021-11-11,36.7170,36.8822,36.5610,36.7629,31438900
2021-11-12,36.8179,36.8546,36.5151,36.8455,39218800
2021-11-15,36.9464,37.0382,36.7720,36.8455,30081100
2021-11-16,36.8913,37.0290,36.7078,36.8088,32599500
2021-11-17,36.7537,36.7537,36.2857,36.3866,53557200
2021-11-18,36.4233,36.4967,36.0379,36.2031,42990100
2021-11-19,35.8911,36.0195,35.5332,35.8085,71858100
2021-11-22,36.2857,36.6711,35.9920,36.3132,81965800
2021-11-23,36.5518,36.9097,36.3958,36.8822,61571200
2021-11-24,36.8088,36.9464,36.6619,36.7996,40410300
2021-11-26,35.6433,35.7993,35.1753,35.5791,76492200
2021-11-29,35.9920,36.1205,35.4230,35.6892,79316500
2021-11-30,35.2579,35.4047,34.7807,34.8357,121263700
2021-12-01,35.4506,35.6800,34.4503,34.4503,101946500
2021-12-02,34.7715,35.6708,34.6430,35.4781,98076400
2021-12-03,35.5240,35.6158,34.6246,34.8999,97178200
2021-12-06,35.4506,35.7718,35.1753,35.4322,69716600
2021-12-07,35.8452,36.1664,35.6708,36.0654,115475500
2021-12-08,36.0838,36.2306,35.7809,35.8727,53033200
2021-12-09,35.6983,35.9828,35.5699,35.7993,45521100
2021-12-10,36.0471,36.0563,35.6066,35.8360,38900900
2021-12-13,35.7534,35.7626,35.3313,35.4506,44343000
2021-12-14,35.3955,35.9278,35.3680,35.6616,51734400
2021-12-15,35.7534,35.8727,35.3129,35.7626,70424900
2021-12-16,36.1755,36.4692,35.9920,36.2122,71156600
2021-12-17,35.9737,36.0195,35.1936,35.4139,97654400
2021-12-20,34.8643,34.9104,34.3110,34.7260,85242300
2021-12-21,35.0764,35.6020,35.0764,35.4452,57667900
2021-12-22,35.3438,35.6389,35.2885,35.6112,49702700
2021-12-23,35.8141,36.1183,35.7772,35.7956,39057300
2021-12-27,35.9063,36.1644,35.7218,36.1644,36120300
2021-12-28,36.0999,36.4134,36.0907,36.1829,34055200
2021-12-29,36.2567,36.3581,36.0907,36.1368,27150500
2021-12-30,36.2474,36.4503,35.9616,36.0722,30089100
2021-12-31,35.9985,36.1829,35.9339,36.0077,28497800
2022-01-03,36.2751,36.5886,36.2566,36.4503,49884400
2022-01-04,36.8745,37.5291,36.8560,37.4093,74210200
2022-01-05,37.5199,37.7136,36.9482,36.9759,76288400
2022-01-06,37.3632,37.5476,37.0220,37.5199,57725200
2022-01-07,37.6029,38.0547,37.4738,37.9625,62185500
2022-01-10,38.2023,38.2299,37.4369,37.8334,73620000
2022-01-11,37.9718,38.1838,37.6214,38.1654,60706300
2022-01-12,38.2668,38.4143,38.0086,38.1930,51560600
2022-01-13,38.2484,38.4512,37.9164,38.0455,51659600
2022-01-14,37.4369,37.6859,37.1972,37.6490,81135500
2022-01-18,37.4001,37.4369,36.5794,36.8099,82526700
2022-01-19,37.0865,37.1050,36.1644,36.1921,85975100
2022-01-20,36.2935,36.7638,35.8878,35.9616,80314000
2022-01-21,35.8140,35.9155,35.0764,35.2239,117914300
2022-01-24,34.6153,35.3991,33.9514,35.3253,169153300
2022-01-25,34.9288,35.7311,34.3571,35.4729,97364900
2022-01-26,35.8602,36.1552,35.1409,35.5651,106682000
2022-01-27,35.9063,36.2751,35.0118,35.2424,91498900
2022-01-28,35.1040,35.7126,34.6614,35.7034,79753600
2022-01-31,35.4544,36.0446,35.2424,36.0169,58740900
2022-02-01,36.0630,36.6071,35.8786,36.5148,64601500
2022-02-02,36.4964,36.8284,36.2659,36.7638,46649400
2022-02-03,36.7546,36.8837,36.3028,36.3581,50677000
2022-02-04,36.4226,37.2894,36.4042,36.9759,77792400
2022-02-07,37.0220,37.3263,36.8099,37.0865,52710400
2022-02-08,37.3447,37.6951,37.2525,37.6029,56921200
2022-02-09,37.8058,38.0916,37.7136,37.8427,67505300
2022-02-10,37.6675,38.1654,37.3539,37.5107,67260800
2022-02-11,37.3908,37.8427,36.7638,36.9851,77962800
2022-02-14,36.9667,37.0958,36.2659,36.5702,71521600
2022-02-15,37.0128,37.2617,36.8837,37.0681,55439600
2022-02-16,36.8837,37.2617,36.8376,37.0958,41168800
2022-02-17,36.7085,36.8284,36.0722,36.1737,59107800
2022-02-18,36.1368,36.4687,35.9800,36.1644,47816500
2022-02-22,35.9985,36.3304,35.6757,35.9800,60719700
2022-02-23,36.2474,36.3581,35.2608,35.3530,64169800
2022-02-24,34.1819,35.0395,33.9330,34.9288,143075700
2022-02-25,35.1594,36.1460,35.1501,36.0538,99127100
2022-02-28,35.1962,35.7495,35.1501,35.5190,107370200
2022-03-01,35.1778,35.2792,33.9791,34.2096,129873100
2022-03-02,34.4954,35.2977,34.4770,35.0948,88182500
2022-03-03,35.2516,35.4360,34.6891,34.9842,71952600
2022-03-04,34.3664,34.3756,33.9330,34.3295,105904100
2022-03-07,34.0160,34.0529,33.0570,33.0754,116046200
2022-03-08,33.2138,33.8131,32.7250,32.8818,114915000
2022-03-09,33.9791,34.3756,33.8408,34.0897,88716400
2022-03-10,33.5273,34.0252,33.4258,33.8039,71547300
2022-03-11,34.0990,34.3110,33.5457,33.5641,76788200
2022-03-14,34.0713,34.5416,33.8316,33.9883,70969700
2022-03-15,34.3295,34.5231,34.0344,34.4678,51828700
2022-03-16,34.9104,35.4913,34.7998,35.4360,87007600
2022-03-17,35.2331,35.8878,35.0026,35.8786,58266400
2022-03-18,35.8694,36.0538,35.5282,35.9616,82342500
2022-03-21,36.1208,36.2319,35.7413,35.9264,46828600
2022-03-22,36.3522,36.7410,36.3059,36.5096,61053100
2022-03-23,36.2782,36.3615,35.8153,35.8339,42142600
2022-03-24,36.0838,36.1578,35.8246,36.1208,30421500
2022-03-25,36.2411,36.6577,36.1856,36.5837,48613100
2022-03-28,36.4726,36.5096,36.0653,36.4818,44761000
2022-03-29,36.9262,37.0372,36.3522,36.5651,67968600
2022-03-30,36.5651,36.5837,36.0930,36.3060,47405300
2022-03-31,36.2597,36.4078,35.4636,35.4728,66619600
2022-04-01,35.7135,35.7876,35.1303,35.3802,68422500
2022-04-04,35.2969,35.5098,34.9729,35.2229,134312400
2022-04-05,35.0840,35.4636,34.9174,35.0007,56165700
2022-04-06,34.7230,34.9081,34.6304,34.7600,55835100
2022-04-07,34.7323,34.8896,34.2324,34.7230,53346900
2022-04-08,34.8619,35.2321,34.7693,35.0748,44672300
2022-04-11,34.9822,35.3247,34.8619,34.9174,54435500
2022-04-12,34.8896,35.2136,34.3897,34.5379,67215400
2022-04-13,34.2139,34.5564,34.1491,34.5379,57445600
2022-04-14,34.4638,34.7045,34.1398,34.1491,68544200
2022-04-18,33.9361,34.5101,33.9269,34.3527,52748400
2022-04-19,34.4453,34.8804,34.4360,34.8248,41519100
2022-04-20,35.0933,35.3154,34.9822,35.0655,54635800
2022-04-21,35.3062,35.4728,34.4453,34.5101,54998100
2022-04-22,34.4545,34.4638,33.4455,33.4826,73170900
2022-04-25,33.2048,33.6122,32.7050,33.5381,91392800
2022-04-26,33.1586,33.5103,32.6772,32.6957,81457500
2022-04-27,32.6494,33.0012,32.5476,32.6680,81603000
2022-04-28,33.0012,33.2048,32.5106,33.0845,62680000
2022-04-29,32.9179,33.0382,31.8718,31.9459,74631700
2022-05-02,32.0940,32.2051,31.3257,31.9552,104408800
2022-05-03,32.1773,32.6957,32.0662,32.3717,73896300
2022-05-04,32.4273,33.4178,32.3162,33.3622,87794900
2022-05-05,32.9734,33.0382,31.9922,32.3902,101093900
2022-05-06,32.2606,32.3069,31.6960,32.1588,99281900
2022-05-09,31.7237,31.9181,31.2424,31.3905,85922800
2022-05-10,31.6775,31.8811,30.7240,31.1128,107581200
2022-05-11,31.1498,31.7793,30.7795,30.8258,110212200
2022-05-12,30.5666,30.8813,30.0019,30.5944,114304100
2022-05-13,30.9647,31.2979,30.7610,31.0387,64036200
2022-05-16,30.9184,31.0572,30.5388,30.7795,55662200
2022-05-17,31.3812,31.6960,31.2053,31.6034,62859300
2022-05-18,31.3072,31.3535,30.6129,30.7332,74279300
2022-05-19,30.3167,30.7518,30.2704,30.5296,71525400
2022-05-20,30.7425,30.8999,29.8353,30.4740,77984600
2022-05-23,31.0572,31.6960,30.8999,31.4645,78189300
2022-05-24,31.2794,31.5016,30.7518,31.3997,77871200
2022-05-25,31.3257,31.8441,31.2331,31.6497,72192600
2022-05-26,31.9922,32.4921,31.9644,32.3810,50803200
2022-05-27,32.5198,32.9919,32.4643,32.9271,43862500
2022-05-31,32.6587,33.0845,32.4828,32.8346,64778900
2022-06-01,32.7513,32.8346,32.0014,32.3069,48642400
2022-06-02,32.3347,32.7790,32.0848,32.7513,45334700
2022-06-03,32.4458,32.5846,32.2421,32.2791,36699400
2022-06-06,32.5476,32.8809,32.3625,32.3717,32829600
2022-06-07,32.1495,32.6494,32.1218,32.6217,32031400
2022-06-08,32.3717,32.4643,31.9274,32.0477,38251800
2022-06-09,32.0107,32.0292,31.2239,31.2424,49715100
2022-06-10,30.5666,30.6777,30.0852,30.1130,74190900
2022-06-13,29.3539,29.7150,29.0392,29.2151,104065100
2022-06-14,29.3354,29.5391,28.7430,28.9652,75592200
2022-06-15,29.2706,29.7057,28.7893,29.2891,87858800
2022-06-16,28.6967,28.7060,28.3079,28.5486,100838500
2022-06-17,28.6134,28.9559,28.3542,28.6319,116937700
2022-06-21,29.2871,29.3894,29.0265,29.2033,58065800
2022-06-22,28.8683,29.4080,28.8311,29.1382,48035800
2022-06-23,29.1568,29.2126,28.5519,29.0265,69348900
2022-06-24,29.1475,30.1246,29.1009,30.0967,65489300
2022-06-27,30.3294,30.3294,29.8547,29.9943,47244800
2022-06-28,30.3015,30.5899,29.6779,29.6965,42459900
2022-06-29,29.7245,29.8361,29.4267,29.5290,64507500
2022-06-30,29.0637,29.5290,28.7101,29.2684,75294300
2022-07-01,29.1754,29.7617,28.9800,29.6686,77308400
2022-07-05,29.2033,29.5849,28.8683,29.5663,51536800
2022-07-06,29.5011,29.7338,29.2126,29.4918,48001700
2022-07-07,29.7431,30.0036,29.7152,29.9199,33120100
2022-07-08,30.0037,30.0967,29.7338,29.8547,29062200
2022-07-11,29.6872,29.8361,29.5290,29.6128,30564300
2022-07-12,29.3894,29.9664,29.3708,29.4267,38211000
2022-07-13,29.1102,29.3615,28.8031,29.1661,51441600
2022-07-14,28.5705,28.7008,28.2634,28.6077,57782300
2022-07-15,29.0172,29.7431,28.9427,29.5756,59650200
2022-07-18,29.9943,30.1991,29.3336,29.4639,38671600
2022-07-19,29.8548,30.4410,29.7710,30.3480,40568000
2022-07-20,30.2828,30.5155,30.1898,30.4597,38507700
2022-07-21,30.3759,30.6551,30.1432,30.6551,40561800
2022-07-22,30.7016,30.8598,30.2456,30.4783,25741200
2022-07-25,30.6644,30.8133,30.4504,30.6737,24699300
2022-07-26,30.5248,30.7016,30.1712,30.2456,26357800
2022-07-27,30.3666,30.8598,30.2642,30.7109,44817200
2022-07-28,30.7389,30.9436,30.2456,30.9343,40974600
2022-07-29,31.0087,31.4741,30.9808,31.3717,38724000
2022-08-01,31.0739,31.2879,30.8971,31.1111,35131300
2022-08-02,30.9622,31.1669,30.7295,30.7668,36806900
2022-08-03,30.9994,31.3065,30.8226,31.2321,27314900
2022-08-04,31.2042,31.2879,31.0739,31.1297,24505800
2022-08-05,31.0460,31.5020,30.9343,31.3531,34366100
2022-08-08,31.5857,31.6881,31.3065,31.3345,24369100
2022-08-09,31.3903,31.5764,31.3345,31.4927,26425400
2022-08-10,32.0417,32.3209,31.9766,32.2000,45366000
2022-08-11,32.4978,32.7862,32.4605,32.5815,46985200
2022-08-12,32.7397,33.1027,32.5722,33.0933,36370300
2022-08-15,32.7583,33.1771,32.6932,33.0840,25366000
2022-08-16,32.9351,33.4749,32.9351,33.3260,41300800
2022-08-17,32.9445,33.3074,32.9258,33.1585,33158000
2022-08-18,33.1306,33.2423,32.9724,33.1957,15966200
2022-08-19,33.0003,33.0003,32.4233,32.5350,33587400
2022-08-22,32.0603,32.0697,31.7346,31.8184,36810100
2022-08-23,31.7812,32.0138,31.6881,31.6881,23244000
2022-08-24,31.6323,31.9580,31.5671,31.8556,20682200
2022-08-25,31.9208,32.3768,31.8370,32.3488,26402600
2022-08-26,32.4884,32.4977,31.3531,31.3810,38230600
2022-08-29,31.1483,31.3810,30.9715,31.1576,34872100
2022-08-30,31.2600,31.3624,30.8040,30.9901,41870700
2022-08-31,31.1483,31.2600,30.7109,30.7575,39768200
2022-09-01,30.6272,30.8971,30.2549,30.8505,40604600
2022-09-02,31.2042,31.4647,30.4597,30.6086,43208800
2022-09-06,30.7668,30.8412,30.2270,30.5341,45877100
2022-09-07,30.4410,31.1949,30.3945,31.1390,35023000
2022-09-08,30.9808,31.7067,30.8505,31.6881,50760900
2022-09-09,31.8277,32.0604,31.8184,31.9766,41327100
2022-09-12,32.1069,32.4047,32.0324,32.2372,41969600
2022-09-13,31.6043,31.7160,30.9343,31.0367,60771600
2022-09-14,31.1018,31.2507,30.6644,30.9436,39233200
2022-09-15,30.9808,31.4461,30.8971,31.0460,47653000
2022-09-16,30.7388,30.8226,30.4410,30.7668,53893300
2022-09-19,30.4047,31.1344,30.4047,31.1157,36491400
2022-09-20,30.8631,30.9286,30.3767,30.6573,42193600
2022-09-21,30.8538,30.9660,30.0024,30.0212,49644600
2022-09-22,30.0866,30.1334,29.4598,29.5160,52299500
2022-09-23,29.2260,29.2914,28.6272,29.0482,56801000
2022-09-26,28.8330,29.1043,28.3840,28.5898,49969700
2022-09-27,28.8143,28.9640,28.1782,28.4682,60630400
2022-09-28,28.5524,29.1979,28.4775,29.0295,46088700
2022-09-29,28.7208,28.8330,28.3091,28.6646,41860000
2022-09-30,28.6833,29.0388,28.3278,28.4027,37984300
2022-10-03,28.6833,29.3195,28.3466,29.1698,47086100
2022-10-04,29.6189,30.2831,29.5815,30.2550,53441800
2022-10-05,29.7873,30.1895,29.6844,30.0212,41766800
2022-10-06,29.8528,30.0586,29.5347,29.6002,34717900
2022-10-07,29.3382,29.4318,28.7395,28.8985,36380700
2022-10-10,29.0576,29.1792,28.5991,28.7675,31011700
2022-10-11,28.5804,28.8798,28.2811,28.4027,50431900
2022-10-12,28.4120,28.7114,28.2343,28.3372,48265700
2022-10-13,27.7665,29.5815,27.6823,29.5066,83086100
2022-10-14,29.7686,30.1147,28.9453,29.0108,60886900
2022-10-17,29.6282,29.9370,29.5440,29.7405,47222200
2022-10-18,30.5170,30.5544,29.8715,30.2176,48150700
2022-10-19,29.9557,30.2083,29.5534,29.7218,35205700
2022-10-20,29.6844,29.9837,29.1605,29.2447,43124400
2022-10-21,29.3289,30.1428,29.1137,30.1147,54487300
2022-10-24,30.2925,30.6573,30.1989,30.5170,40117200
2022-10-25,30.3579,30.9380,30.3018,30.8818,33950300
2022-10-26,30.9754,31.3028,30.8912,30.9567,38012100
2022-10-27,31.2467,31.5554,31.1531,31.2093,41232200
2022-10-28,31.2935,32.0232,31.2373,31.9858,36421300
2022-10-31,31.7799,32.0045,31.7425,31.7893,40083800
2022-11-01,32.0512,32.1354,31.7332,31.8735,38946100
2022-11-02,31.8080,32.3693,31.4432,31.4712,58039800
2022-11-03,31.0783,31.3964,30.9473,31.1531,40828100
2022-11-04,31.6022,31.8922,31.2748,31.7238,41825600
2022-11-07,31.9577,32.0606,31.7519,32.0419,30060300
2022-11-08,32.0513,32.3880,31.8922,32.2290,34839600
2022-11-09,32.0138,32.1355,31.6209,31.6864,42126200
2022-11-10,32.6500,33.3329,32.5658,33.2862,67677700
2022-11-11,33.4545,33.7071,33.3329,33.5575,46076100
2022-11-14,33.4639,33.4920,33.0523,33.0803,38002700
2022-11-15,33.4358,33.5668,32.8184,33.1552,57802100
2022-11-16,33.1365,33.2207,32.8839,32.9961,32852400
2022-11-17,32.6126,32.8371,32.5190,32.8184,35706900
2022-11-18,33.2581,33.3049,32.8184,33.0897,39455400
2022-11-21,33.0429,33.2581,33.0055,33.1926,24630900
2022-11-22,33.3703,33.5668,33.3703,33.5294,29582300
2022-11-23,33.4733,33.7539,33.4733,33.6697,27916900
2022-11-25,33.7071,33.8288,33.6417,33.7820,11266500
2022-11-28,33.5949,33.7352,33.1458,33.2020,34196600
2022-11-29,33.1645,33.4733,33.1271,33.3984,31489600
2022-11-30,33.3516,33.9785,32.8745,33.9691,58607000
2022-12-01,34.1375,34.1375,33.5107,33.7726,58157600
2022-12-02,33.4171,33.6417,33.3142,33.6136,40483300
2022-12-05,33.3610,33.4171,32.6032,32.7810,53402000
2022-12-06,32.7435,32.9307,32.2290,32.4910,45102200
2022-12-07,32.3600,32.7248,32.2851,32.3600,37775900
2022-12-08,32.4535,32.6126,32.2758,32.3880,46600900
2022-12-09,32.2664,32.5377,32.2571,32.3038,40885600
2022-12-12,32.3226,32.7716,32.1729,32.7342,72570900
2022-12-13,33.5855,33.5855,32.6032,32.8184,55659000
2022-12-14,32.7342,33.0523,32.2664,32.4068,54685100
2022-12-15,31.9016,32.0325,31.5648,31.7706,70330100
2022-12-16,31.4338,31.6209,31.2373,31.5274,59619300
2022-12-19,31.4426,31.7627,31.2449,31.4426,37456800
2022-12-20,31.5650,31.7910,31.4521,31.5744,45446400
2022-12-21,31.8757,32.1581,31.8568,32.0640,31318100
2022-12-22,31.8568,31.8851,31.2638,31.7815,25605100
2022-12-23,31.7627,32.0075,31.6027,31.9604,17116200
2022-12-27,32.0263,32.1016,31.8192,31.9510,25601100
2022-12-28,32.0075,32.0922,31.8004,31.8380,24395100
2022-12-29,32.0075,32.3369,31.9321,32.2805,26624200
2022-12-30,32.0451,32.2616,31.9322,32.1958,24735700
2023-01-03,32.4311,32.6570,32.0734,32.3087,37396500
2023-01-04,32.6382,33.0618,32.5441,32.8265,44669300
2023-01-05,32.7135,32.7135,32.3558,32.5817,45585700
2023-01-06,32.7982,33.4101,32.5723,33.3066,41229700
2023-01-09,33.4196,33.6078,33.0995,33.1842,48726600
2023-01-10,33.1277,33.4007,33.0148,33.3725,34663700
2023-01-11,33.4572,33.6832,33.3913,33.6832,32014700
2023-01-12,33.7961,33.9467,33.5325,33.7490,56642400
2023-01-13,33.3160,34.0503,33.1936,34.0032,65920900
2023-01-17,33.9185,33.9373,33.6737,33.7773,65345200
2023-01-18,33.5890,33.7961,33.1183,33.1466,53693000
2023-01-19,32.7418,32.9300,32.5347,32.7606,61169500
2023-01-20,32.8547,33.2972,32.7041,33.2784,42330100
2023-01-23,33.3066,33.8055,33.2030,33.6643,44997300
2023-01-24,33.6078,33.8338,33.2313,33.6832,34333500
2023-01-25,33.3913,33.9562,33.3819,33.9467,38458700
2023-01-26,34.0315,34.1821,33.8055,34.1256,29944200
2023-01-27,34.0785,34.3233,34.0315,34.1256,30787400
2023-01-30,33.9467,34.2009,33.8997,33.9562,31595000
2023-01-31,34.0221,34.4269,33.8620,34.4174,30282100
2023-02-01,34.0597,34.7187,33.9844,34.4174,51418700
2023-02-02,34.6057,34.6528,34.2386,34.5116,42107300
2023-02-03,34.2386,34.7375,34.2292,34.4457,43155000
2023-02-06,34.2480,34.4457,34.1727,34.4363,32273600
2023-02-07,34.2197,34.9352,34.2197,34.8317,33000500
2023-02-08,34.5775,34.9258,34.5304,34.6246,34555500
2023-02-09,34.7658,34.8693,34.1633,34.2386,44329600
2023-02-10,34.0691,34.3798,33.9562,34.3516,28108900
2023-02-13,34.3327,34.7469,34.3045,34.7469,32209000
2023-02-14,34.6810,34.9070,34.3421,34.5587,33525300
2023-02-15,34.2856,34.6151,34.2386,34.5963,28510000
2023-02-16,34.2668,34.5116,34.1821,34.2480,34379100
2023-02-17,34.0785,34.3045,33.9750,34.2574,35889800
2023-02-21,33.9656,34.0126,33.4007,33.5514,36425200
2023-02-22,33.5514,33.6832,33.3348,33.5137,31065200
2023-02-23,33.6549,33.8150,33.2313,33.5420,42357600
2023-02-24,33.2501,33.6737,33.1936,33.5702,48732600
2023-02-27,33.8808,33.9373,33.4949,33.5608,31664600
2023-02-28,33.6078,33.7961,33.5231,33.6267,32531400
2023-03-01,33.4760,33.6643,33.3819,33.5137,32790300
2023-03-02,33.3160,33.3913,32.9583,33.3537,38401900
2023-03-03,33.4855,33.8903,33.4196,33.8809,33091600
2023-03-06,33.8997,34.1162,33.8055,33.9091,30111100
2023-03-07,33.7867,33.8149,32.9489,33.0336,53804400
2023-03-08,32.9959,33.1748,32.7418,32.9112,50860300
2023-03-09,32.7229,32.7794,31.4144,31.5744,107108500
2023-03-10,31.2073,31.7439,30.6236,31.0002,166569400
2023-03-13,29.8987,30.4259,29.5316,29.7764,165965900
2023-03-14,30.9155,30.9249,30.0023,30.3789,128115500
2023-03-15,29.5222,29.6916,29.1456,29.5693,132235000
2023-03-16,29.3716,30.4448,29.0891,30.1341,133892600
2023-03-17,29.8517,29.8517,29.0891,29.1645,136760600
2023-03-20,29.3943,29.7444,29.3470,29.4890,75384500
2023-03-21,30.1607,30.3120,30.0944,30.2363,115899200
2023-03-22,30.2364,30.3215,29.5173,29.5363,67874100
2023-03-23,29.5930,29.8958,29.1294,29.3376,82366300
2023-03-24,28.9781,29.3470,28.7510,29.3187,76619100
2023-03-27,29.8201,29.8863,29.5552,29.7255,61393300
2023-03-28,29.6876,29.8201,29.5363,29.7160,42980100
2023-03-29,30.0377,30.1607,29.9052,30.1512,52147200
2023-03-30,30.3688,30.3877,29.9147,30.0850,45061700
2023-03-31,30.2553,30.4256,30.1417,30.4161,49034400
2023-04-03,30.3877,30.5959,30.2931,30.4729,51213500
2023-04-04,30.5485,30.5959,29.9904,30.1890,45939300
2023-04-05,29.9620,30.2363,29.9525,30.1512,57965300
2023-04-06,30.0944,30.3215,30.0661,30.2647,36762300
2023-04-10,30.1512,30.3404,30.0850,30.3310,27900700
2023-04-11,30.4066,30.7283,30.3877,30.5958,53912600
2023-04-12,30.7472,30.9081,30.4539,30.5296,63645800
2023-04-13,30.5485,30.8229,30.3404,30.8040,58550300
2023-04-14,31.1256,31.3622,30.9554,31.1067,65276200
2023-04-17,31.0878,31.4757,30.9554,31.4662,69670600
2023-04-18,31.5325,31.6271,31.2959,31.5608,49507500
2023-04-19,31.5135,31.7217,31.4568,31.6365,39478900
2023-04-20,31.4284,31.6271,31.4189,31.5419,39291800
2023-04-21,31.4473,31.4662,31.2486,31.4284,41545000
2023-04-24,31.4095,31.5230,31.2770,31.3527,32774200
2023-04-25,31.1540,31.2108,30.8040,30.8134,58534300
2023-04-26,30.7283,30.8986,30.3877,30.5202,54294200
2023-04-27,30.6337,31.0689,30.6337,31.0121,46398800
2023-04-28,30.8608,31.4095,30.7945,31.3811,54598700
2023-05-01,31.4662,31.6271,31.2581,31.2959,31950600
2023-05-02,31.1730,31.1824,30.3026,30.5864,76096700
2023-05-03,30.6242,30.7756,30.2080,30.2363,65642400
2023-05-04,29.9714,30.1323,29.5741,29.8485,76076600
2023-05-05,30.3404,30.6337,30.2931,30.5864,55019400
2023-05-08,30.7567,30.8608,30.5959,30.6337,34323600
2023-05-09,30.4066,30.6432,30.3404,30.5202,29736200
2023-05-10,30.7188,30.7851,30.0850,30.3499,39706100
2023-05-11,30.1607,30.3499,30.0282,30.3026,36693200
2023-05-12,30.5012,30.5012,29.9809,30.1796,36253000
2023-05-15,30.2363,30.4823,30.1796,30.4256,33208500
2023-05-16,30.3688,30.4539,30.1228,30.1417,31241400
2023-05-17,30.3783,30.8324,30.3120,30.7472,46818800
2023-05-18,30.6905,31.0121,30.5769,30.9743,42232500
2023-05-19,31.0500,31.1446,30.6999,30.8418,40132900
2023-05-22,30.9459,31.0121,30.7094,30.8986,35286200
2023-05-23,30.7661,30.9270,30.5202,30.5391,42217200
2023-05-24,30.3120,30.3404,30.0755,30.1417,46610700
2023-05-25,30.0661,30.2363,29.9525,30.1323,41658900
2023-05-26,30.1985,30.4539,30.1512,30.3783,44183000
2023-05-30,30.4256,30.4918,30.1701,30.3688,57900500
2023-05-31,30.1890,30.2174,29.7917,30.0471,67667900
2023-06-01,30.2174,30.4350,30.0093,30.3688,48643400
2023-06-02,30.6621,31.1446,30.6621,31.0310,65752900
2023-06-05,31.0689,31.0689,30.7283,30.8702,53591100
2023-06-06,30.8418,31.3054,30.8229,31.2581,46236100
2023-06-07,31.2865,31.4473,31.0973,31.3811,48467100
2023-06-08,31.2770,31.4000,31.1067,31.3527,36261200
2023-06-09,31.2959,31.4946,31.2770,31.3622,34021700
2023-06-12,31.3905,31.4757,31.1162,31.3527,33655200
2023-06-13,31.3243,31.6744,31.2865,31.5419,46054400
2023-06-14,31.6176,31.7784,31.3149,31.4189,57195400
2023-06-15,31.3149,31.9109,31.2865,31.8352,52241800
2023-06-16,31.9771,32.0055,31.7311,31.7690,49861100
2023-06-20,31.5599,31.6169,31.3413,31.5314,50683100
2023-06-21,31.4554,31.6454,31.3603,31.4934,35967600
2023-06-22,31.4364,31.4459,31.1418,31.2463,38690000
2023-06-23,31.0087,31.2178,30.9042,31.1133,35529600
2023-06-26,31.0657,31.3033,30.9612,31.0467,25728300
2023-06-27,31.1038,31.3603,31.0847,31.2938,34348100
2023-06-28,31.2558,31.2653,31.0753,31.2178,36663200
2023-06-29,31.3794,31.7595,31.3413,31.7595,47471000
2023-06-30,31.9685,32.1681,31.9115,32.0351,44762300
2023-07-03,32.0351,32.3107,31.9875,32.2156,19128000
2023-07-05,32.0256,32.2346,31.9305,32.1491,39831600
2023-07-06,31.8830,31.9115,31.5979,31.8735,45808400
2023-07-07,31.7405,32.1871,31.7405,31.9210,33488700
2023-07-10,31.9305,32.2441,31.9020,32.0636,27254400
2023-07-11,32.1776,32.4817,32.1111,32.4437,33744600
2023-07-12,32.7098,32.8808,32.5672,32.6528,46546000
2023-07-13,32.7003,32.8143,32.6433,32.7668,40453700
2023-07-14,33.0044,33.0139,32.5007,32.5482,47552700
2023-07-17,32.5102,32.9569,32.5102,32.8618,38568900
2023-07-18,32.9379,33.2610,32.8903,33.2325,47160800
2023-07-19,33.2325,33.5080,33.2230,33.3750,45599800
2023-07-20,33.3180,33.6316,33.3085,33.6221,45591500
2023-07-21,33.6791,33.6981,33.4225,33.5080,30615700
2023-07-24,33.5271,33.9357,33.5176,33.8312,32299800
2023-07-25,33.7361,33.8122,33.5841,33.6126,36218600
2023-07-26,33.5746,33.9167,33.5271,33.8122,35638700
2023-07-27,33.8121,33.8977,33.3370,33.3845,44072800
2023-07-28,33.6506,33.6601,33.2705,33.4510,32422700
2023-07-31,33.5175,33.6791,33.4320,33.5746,28627000
2023-08-01,33.5080,33.6031,33.3940,33.5746,26480300
2023-08-02,33.2895,33.4130,33.0994,33.2895,48923800
2023-08-03,33.0899,33.3845,32.9949,33.3085,31861600
2023-08-04,33.2800,33.6031,33.1469,33.1754,36195700
2023-08-07,33.3845,33.6981,33.3750,33.6411,33119300
2023-08-08,33.2040,33.3655,32.9474,33.3370,37254800
2023-08-09,33.3180,33.4130,33.0519,33.0899,38304200
2023-08-10,33.2610,33.5080,33.0329,33.1184,38097500
2023-08-11,33.0139,33.2420,32.9379,33.1849,27518700
2023-08-14,33.0899,33.1849,32.9664,33.1184,23773800
2023-08-15,32.8428,32.8808,32.4722,32.5102,57472100
2023-08-16,32.4532,32.7098,32.4247,32.4627,33566500
2023-08-17,32.5672,32.6148,32.2061,32.3012,38205400
2023-08-18,32.0731,32.3867,32.0446,32.2916,40860000
2023-08-21,32.3392,32.4057,31.9970,32.2536,32308300
2023-08-22,32.2631,32.3012,31.9020,31.9495,43133000
2023-08-23,32.0066,32.2726,31.9590,32.2631,30240500
2023-08-24,32.2156,32.6053,32.1491,32.1491,35784900
2023-08-25,32.2822,32.4247,32.0351,32.3012,40347200
2023-08-28,32.4057,32.5958,32.3772,32.4817,34905300
2023-08-29,32.4532,32.7858,32.4057,32.7763,43394300
2023-08-30,32.8238,32.9854,32.7288,32.7953,33799900
2023-08-31,32.8903,32.8998,32.6338,32.6718,27999700
2023-09-01,32.8713,33.0709,32.8428,32.9664,41075700
2023-09-05,32.9284,33.0614,32.6243,32.6338,38612300
2023-09-06,32.5482,32.6813,32.3772,32.6147,35672800
2023-09-07,32.4817,32.6718,32.4342,32.5292,47632600
2023-09-08,32.5577,32.6623,32.4342,32.5957,39720800
2023-09-11,32.7478,32.9189,32.6623,32.7478,28965100
2023-09-12,32.7383,33.2039,32.7003,32.9664,48615200
2023-09-13,33.1184,33.1564,32.8428,32.9664,31994900
2023-09-14,33.1944,33.3180,33.0329,33.2705,65685500
2023-09-15,33.0519,33.2990,33.0329,33.0994,51800200
2023-09-18,33.0565,33.2378,32.9515,33.1901,32458700
2023-09-19,33.2187,33.2856,32.9419,33.1519,36112900
2023-09-20,33.2665,33.3715,32.9133,32.9228,31618000
2023-09-21,32.8083,32.8083,32.3787,32.3787,48103300
2023-09-22,32.4265,32.4551,32.1305,32.1305,41688300
2023-09-25,32.0637,32.2260,31.9587,32.2069,40141700
2023-09-26,31.9683,32.1115,31.7201,31.7774,46165400
2023-09-27,31.8633,31.8633,31.4528,31.7296,49360900
2023-09-28,31.7583,32.0733,31.7487,31.9587,63638100
2023-09-29,32.1115,32.1592,31.5864,31.6628,52860500
2023-10-02,31.5578,31.6342,31.2237,31.3955,49350600
2023-10-03,31.2428,31.3287,30.7751,30.8992,52921800
2023-10-04,30.9087,31.1473,30.7464,31.1283,40136000
2023-10-05,31.0423,31.3287,30.9755,31.2714,41407800
2023-10-06,31.1378,31.7201,31.0328,31.5387,54057800
2023-10-09,31.2523,31.6246,31.2237,31.5578,61396600
2023-10-10,31.6533,31.9873,31.6437,31.7869,44743400
2023-10-11,31.8824,32.0064,31.5960,31.8346,35746400
2023-10-12,31.9301,31.9301,31.4146,31.6342,41991200
2023-10-13,31.8346,32.1305,31.5292,31.7010,53213800
2023-10-16,31.9396,32.1878,31.8728,32.0351,45589300
2023-10-17,31.8919,32.3978,31.8824,32.1878,41925200
2023-10-18,32.0255,32.0542,31.5673,31.6342,46942100
2023-10-19,31.5769,31.7487,31.1951,31.2142,66656200
2023-10-20,31.2046,31.2619,30.7082,30.7369,59921300
2023-10-23,30.6701,30.8896,30.5173,30.5460,55913700
2023-10-24,30.6892,30.8992,30.5937,30.7560,35825000
2023-10-25,30.6414,30.8514,30.5555,30.6414,59240100
2023-10-26,30.5651,30.8801,30.5173,30.5746,56046100
2023-10-27,30.5364,30.5746,29.9350,30.0210,73057300
2023-10-30,30.2310,30.6319,30.1546,30.5555,48978100
2023-10-31,30.6128,30.8992,30.5555,30.8896,41050100
2023-11-01,30.9469,31.2142,30.8801,31.0901,51764100
2023-11-02,31.3764,31.8442,31.3192,31.8251,47417000
2023-11-03,32.1305,32.3978,32.1210,32.2451,58801300
2023-11-06,32.3310,32.3787,31.9778,32.1496,40599700
2023-11-07,32.0542,32.1783,31.9969,32.1019,27442000
2023-11-08,32.0924,32.1687,31.9396,32.1401,30165800
2023-11-09,32.2451,32.2928,31.9492,32.0064,34336600
2023-11-10,32.1592,32.3978,31.9683,32.3692,35146100
2023-11-13,32.2546,32.4074,32.2069,32.3214,28327300
2023-11-14,32.6746,33.1137,32.6460,32.9324,54296300
2023-11-15,32.9896,33.2092,32.9801,33.1137,35000200
2023-11-16,33.2092,33.2856,33.1042,33.2474,33222500
2023-11-17,33.3715,33.4287,33.2856,33.4192,31336100
2023-11-20,33.3715,33.6292,33.3046,33.5528,37285400
2023-11-21,33.5051,33.6197,33.4765,33.5337,27285700
2023-11-22,33.6101,33.7342,33.5528,33.6674,32719200
2023-11-24,33.6674,33.8297,33.6578,33.7724,13168500
2023-11-27,33.6483,33.7151,33.5815,33.6578,35017000
2023-11-28,33.6197,33.7628,33.5624,33.6483,39329300
2023-11-29,33.7437,34.0874,33.7437,33.8869,36651300
2023-11-30,33.9633,34.2688,33.8583,34.2688,37334500
2023-12-01,34.2115,34.5647,34.1542,34.5265,51267600
2023-12-04,34.3260,34.6219,34.2878,34.4883,41366600
2023-12-05,34.3833,34.3928,34.1638,34.3165,39510900
2023-12-06,34.5074,34.6315,34.0969,34.1447,35616100
2023-12-07,34.2306,34.3260,34.1447,34.3069,26050900
2023-12-08,34.2688,34.5456,34.2306,34.4883,33213100
2023-12-11,34.4978,34.7651,34.4978,34.6983,31165700
2023-12-12,34.7842,34.9560,34.6410,34.9465,37245700
2023-12-13,34.9560,35.5479,34.8892,35.5097,56989000
2023-12-14,35.7961,35.9965,35.6720,35.8629,66865700
2023-12-15,35.5670,35.7388,35.5001,35.6529,69246200
2023-12-18,35.8294,35.8965,35.7334,35.7718,43434000
2023-12-19,35.7526,36.0500,35.6567,36.0404,32509000
2023-12-20,35.9445,36.0308,35.3977,35.3977,52985700
2023-12-21,35.5512,35.7526,35.4169,35.7430,27522200
2023-12-22,35.8486,35.9637,35.6855,35.8198,30331400
2023-12-26,35.8486,36.0308,35.7910,35.9637,17837600
2023-12-27,35.8869,36.0788,35.8294,36.0788,32640800
2023-12-28,36.0212,36.2611,36.0116,36.1843,25308000
2023-12-29,36.1747,36.2323,35.9637,36.0692,30218300
2024-01-02,35.9733,36.2419,35.9061,36.2227,31351900
2024-01-03,36.0596,36.1172,35.8582,35.9157,46909000
2024-01-04,36.0404,36.3474,35.9925,36.0596,36904200
2024-01-05,36.0596,36.4049,36.0404,36.2131,44852300
2024-01-08,36.2227,36.4625,36.0308,36.4433,39098300
2024-01-09,36.2515,36.2610,36.0980,36.2131,36338100
2024-01-10,36.1555,36.2994,36.0404,36.2707,37095500
2024-01-11,36.2227,36.2707,35.8486,36.1363,49043500
2024-01-12,36.3090,36.4433,35.9253,36.0692,41333900
2024-01-16,35.7622,35.8869,35.6183,35.8198,44042100
2024-01-17,35.5128,35.8965,35.4936,35.7526,38715900
2024-01-18,35.7047,35.8486,35.4457,35.8102,42064900
2024-01-19,35.9445,36.4337,35.8294,36.3858,59417700
2024-01-22,36.5393,36.7407,36.4721,36.5584,51828800
2024-01-23,36.5392,36.6448,36.4625,36.6160,46255500
2024-01-24,36.7695,36.9613,36.7311,36.7599,43975500
2024-01-25,36.9038,36.9805,36.7119,36.9422,50693800
2024-01-26,36.8846,37.1436,36.8462,37.0765,38620200
2024-01-29,36.9613,37.2012,36.8654,37.1724,44175600
2024-01-30,37.2107,37.6808,37.1916,37.6424,43229300
2024-01-31,37.5657,37.8439,37.1628,37.1820,65780900
2024-02-01,37.1148,37.2683,36.6927,37.2395,63445600
2024-02-02,37.1148,37.5657,37.0956,37.3930,61778400
2024-02-05,37.1820,37.2971,37.0093,37.1724,37351300
2024-02-06,37.1244,37.3067,37.0765,37.2491,41055700
2024-02-07,37.4506,37.5753,37.1916,37.5273,39018700
2024-02-08,37.3546,37.4985,37.1436,37.3834,47331500
2024-02-09,37.3355,37.5081,37.2395,37.4889,50680400
2024-02-12,37.4889,37.8247,37.4026,37.6616,39952700
2024-02-13,37.3738,37.4698,36.8558,37.1532,62948300
2024-02-14,37.3738,37.5369,37.2299,37.5081,58722500
2024-02-15,37.6232,38.2276,37.6136,38.1508,58107900
2024-02-16,38.1125,38.1892,37.9398,38.0166,37900000
2024-02-20,37.7479,38.0453,37.7192,37.9110,39952200
2024-02-21,37.8631,38.0262,37.7288,38.0262,40242400
2024-02-22,38.2372,38.6017,38.1700,38.4674,55188200
2024-02-23,38.6113,38.8224,38.5825,38.6593,42190500
2024-02-26,38.6209,38.8799,38.4003,38.4674,38370000
2024-02-27,38.5058,38.5825,38.3139,38.5729,42599500
2024-02-28,38.4962,38.8511,38.4866,38.7168,40040800
2024-02-29,38.8128,38.8991,38.5346,38.6976,37629700
2024-03-01,38.6881,38.7744,38.5250,38.6497,40794900
2024-03-04,38.5825,38.8511,38.5729,38.7456,53413200
2024-03-05,38.6113,38.9758,38.6113,38.7552,50770200
2024-03-06,38.8128,39.0718,38.6401,38.9567,58459500
2024-03-07,39.1006,39.1773,38.7552,38.8991,35505100
2024-03-08,38.9567,39.1677,38.9183,38.9662,47266600
2024-03-11,38.8224,39.0718,38.7552,39.0334,36233100
2024-03-12,39.1197,39.3116,38.9854,39.1965,53199300
2024-03-13,39.2732,39.4939,39.2444,39.4843,43471400
2024-03-14,39.4938,39.5706,38.9566,39.1677,65563400
2024-03-15,38.9471,39.3116,38.8703,39.1293,67568000
2024-03-18,39.2670,39.4018,39.0744,39.3537,39140600
2024-03-19,39.3826,39.5655,39.3633,39.5463,36748300
2024-03-20,39.4981,40.0470,39.4307,40.0181,52255300
2024-03-21,40.1144,40.4418,40.0662,40.3455,49209200
2024-03-22,40.3936,40.4803,39.8544,39.8833,32033000
2024-03-25,39.8544,39.9218,39.7292,39.7292,31784000
2024-03-26,39.8736,39.9892,39.7388,39.8640,30135500
2024-03-27,40.0566,40.3455,39.9507,40.3358,36670300
2024-03-28,40.3840,40.6536,40.3166,40.5573,41490200
2024-04-01,40.5958,40.6343,40.2588,40.3358,37537700
2024-04-02,40.2107,40.2684,40.0566,40.1240,36359800
2024-04-03,40.1336,40.4032,39.9988,40.1047,39715900
2024-04-04,40.4418,40.5188,39.6040,39.6522,52657500
2024-04-05,39.8062,40.1336,39.6714,40.0277,47540300
2024-04-08,40.0373,40.2684,40.0181,40.2010,35165700
2024-04-09,40.2203,40.3262,39.6522,39.9699,51953600
2024-04-10,39.5848,39.7388,39.2478,39.3729,59492800
2024-04-11,39.3537,39.4115,38.8530,39.0937,56870800
2024-04-12,38.8337,38.9974,38.4293,38.5737,81234800
2024-04-15,39.0744,39.2285,38.2656,38.3812,71800600
2024-04-16,38.4100,38.4967,38.0634,38.1212,66751300
2024-04-17,38.2945,38.4678,38.0634,38.2175,41561900
2024-04-18,38.3908,38.6893,38.2656,38.3523,48893400
2024-04-19,38.5641,38.9589,38.4871,38.8819,55513600
2024-04-22,39.0937,39.5751,38.9300,39.3537,50701200
2024-04-23,39.5366,39.7003,39.4307,39.6040,36488600
2024-04-24,39.4981,39.6522,39.3922,39.5944,33957500
2024-04-25,39.4018,39.5077,39.0263,39.3633,50365700
2024-04-26,39.2959,39.5270,39.2092,39.3055,35796900
2024-04-29,39.2959,39.4692,39.1033,39.2478,36596100
2024-04-30,39.1611,39.2478,38.8626,38.8626,34481600
2024-05-01,38.8337,39.3344,38.7856,38.8626,54717600
2024-05-02,39.1322,39.1900,38.6796,38.9589,37085100
2024-05-03,39.1900,39.2767,38.8530,39.0456,45012600
2024-05-06,39.3441,39.5463,39.2574,39.5463,42335600
2024-05-07,39.6426,39.7581,39.5752,39.6811,42601200
2024-05-08,39.6426,39.8929,39.5366,39.8255,28390900
2024-05-09,39.7292,40.1240,39.7196,40.1240,31594800
2024-05-10,40.2684,40.3551,40.2203,40.2781,34306800
2024-05-13,40.3936,40.4610,40.1144,40.1144,29570100
2024-05-14,40.2684,40.3455,40.1144,40.3166,30638300
2024-05-15,40.4129,40.6536,40.4032,40.6151,36138300
2024-05-16,40.6536,40.8077,40.5958,40.6151,36032700
2024-05-17,40.6825,40.9136,40.6343,40.9136,29813200
2024-05-20,40.8269,40.8847,40.3358,40.3551,35719600
2024-05-21,40.4321,40.6536,40.4129,40.6151,33413400
2024-05-22,40.5284,40.7017,40.2973,40.3840,38661100
2024-05-23,40.3455,40.3840,39.6714,39.8255,51768500
2024-05-24,39.9025,40.0759,39.9025,40.0662,23477300
2024-05-28,39.9796,39.9796,39.4789,39.6233,31004900
2024-05-29,39.3055,39.4307,39.1900,39.3055,40620200
2024-05-30,39.3441,39.6040,39.2478,39.5174,32769300
2024-05-31,39.5944,40.1336,39.4789,40.0951,38664000
2024-06-03,40.0855,40.1336,39.4981,39.8448,37855000
2024-06-04,39.6329,39.9603,39.4789,39.6618,27586400
2024-06-05,39.7870,39.8255,39.4885,39.7774,23817300
2024-06-06,39.8448,39.9603,39.6040,39.7581,39040200
2024-06-07,39.7677,40.1625,39.6907,39.9411,42273300
2024-06-10,39.7677,39.8351,39.5270,39.7870,31615200
2024-06-11,39.5944,39.6137,39.1418,39.3344,54584900
2024-06-12,39.7388,39.7870,39.2381,39.2959,46399800
2024-06-13,39.2959,39.3055,38.9974,39.2670,39497900
2024-06-14,38.9974,39.2189,38.8722,39.1418,29083000
2024-06-17,39.0456,39.4981,38.9782,39.4885,36076900
2024-06-18,39.4403,39.7388,39.4018,39.7388,38900300
2024-06-20,39.6522,40.0566,39.6137,39.9507,42869100
2024-06-21,39.8544,39.8929,39.5655,39.7966,42530600
2024-06-24,39.9639,40.4569,39.8672,40.2055,45252000
2024-06-25,40.1282,40.2539,39.7898,39.9059,32845400
2024-06-26,39.7222,39.7415,39.4612,39.6545,37978500
2024-06-27,39.5385,39.6545,39.3645,39.6062,25466100
2024-06-28,39.6932,39.9929,39.5772,39.7415,44045100
2024-07-01,39.9059,40.1669,39.6642,39.8285,36131100
2024-07-02,39.7512,40.2925,39.7318,40.2925,27033100
2024-07-03,40.3312,40.3699,40.1475,40.1669,21113200
2024-07-05,40.2539,40.2539,39.9252,40.1572,21421100
2024-07-08,40.2152,40.4569,40.0025,40.0509,27779300
2024-07-09,40.0895,40.6212,40.0412,40.3602,33140000
2024-07-10,40.1669,40.5245,40.1475,40.5149,28445400
2024-07-11,40.5535,40.9016,40.4279,40.8339,45836600
2024-07-12,40.7856,41.1432,40.6792,40.9692,39041200
2024-07-15,41.1142,41.6073,41.0852,41.5686,46561200
2024-07-16,41.5976,42.0616,41.5203,42.0423,52243100
2024-07-17,41.9939,42.4386,41.9263,42.3613,54773300
2024-07-18,42.2163,42.6416,41.7523,41.8489,58731300
2024-07-19,41.8296,41.9166,41.3753,41.4236,47220000
2024-07-22,41.5203,41.7329,41.3269,41.6556,29071100
2024-07-23,41.7619,41.9456,41.6653,41.7329,23800400
2024-07-24,41.6073,41.6943,41.1626,41.1626,47786900
2024-07-25,41.2399,41.9263,41.2303,41.3173,44862000
2024-07-26,41.5396,42.0906,41.5203,41.9650,32636300
2024-07-29,42.0616,42.0906,41.6943,41.9069,35195700
2024-07-30,42.1680,42.5353,42.1486,42.3903,31418700
2024-07-31,42.4870,42.6417,42.2550,42.2840,38694800
2024-08-01,42.4386,42.4966,41.5009,41.6846,47060900
2024-08-02,41.2109,41.3559,40.4085,40.6599,78599800
2024-08-05,39.7705,39.8575,39.3065,39.4805,107913600
2024-08-06,39.6545,40.5922,39.5482,40.1185,57668900
2024-08-07,40.5632,40.9499,40.1089,40.1669,43912600
2024-08-08,40.4279,40.8629,40.3699,40.8146,41260500
2024-08-09,40.8049,41.0949,40.6406,40.9886,23838800
2024-08-12,41.0659,41.1722,40.6889,40.7759,20509300
2024-08-13,41.0176,41.1432,40.7179,41.1142,24922000
2024-08-14,41.2109,41.6943,41.1819,41.6169,30673000
2024-08-15,42.0133,42.2356,41.8683,42.0036,33329000
2024-08-16,41.9553,42.3130,41.9553,42.3130,25338900
2024-08-19,42.3226,42.5546,42.3226,42.5450,24458600
2024-08-20,42.4966,42.5353,42.3226,42.4096,19620400
2024-08-21,42.4773,42.5256,42.1196,42.3420,19914100
2024-08-22,42.3903,42.5836,42.3516,42.5836,24738700
2024-08-23,42.7093,43.0573,42.6223,42.9510,32762500
2024-08-26,43.0960,43.3183,42.9897,43.0863,23716300
2024-08-27,43.1733,43.3280,43.0960,43.3087,21583500
2024-08-28,43.1927,43.6567,43.1540,43.4150,24726200
2024-08-29,43.5600,43.9467,43.2603,43.8017,33726600
2024-08-30,43.9274,44.2561,43.7244,44.2174,28967700
2024-09-03,43.9854,44.3527,43.6857,43.8887,39893900
2024-09-04,43.9661,44.2464,43.7147,43.9370,32006100
2024-09-05,44.1207,44.1400,43.2603,43.4537,39523500
2024-09-06,43.4537,43.6954,42.7190,42.8157,51331300
2024-09-09,43.2217,43.6954,43.1637,43.4537,41010900
2024-09-10,43.5987,43.6374,42.5160,43.0090,59115000
2024-09-11,42.8447,42.8737,41.9359,42.8060,59397500
2024-09-12,42.8833,43.0380,42.5353,42.9027,37732700
2024-09-13,43.0283,43.2023,42.9317,43.0283,32912300
2024-09-16,43.2120,43.5987,43.2120,43.5890,37063700
2024-09-17,43.6857,43.9660,43.6374,43.8210,27893300
2024-09-18,43.8404,44.1691,43.5890,43.6857,41783900
2024-09-19,44.1304,44.2851,43.8307,44.1691,46457700
2024-09-20,44.0724,44.1400,43.8307,44.1400,48699200
2024-09-23,44.1352,44.3098,44.0091,44.0867,31615300
2024-09-24,43.9509,43.9509,43.5628,43.7180,40341400
2024-09-25,43.7374,43.7956,43.3202,43.4560,32546900
2024-09-26,43.5822,43.7665,43.4366,43.6792,31445200
2024-09-27,43.7762,44.0867,43.7083,43.8053,23226100
2024-09-30,43.6986,43.9897,43.5046,43.9703,23593400
2024-10-01,43.8538,43.9606,43.4463,43.7374,32703000
2024-10-02,43.7180,43.8829,43.4949,43.7859,37709400
2024-10-03,43.6210,43.7083,43.3396,43.5531,23545700
2024-10-04,43.9800,44.3292,43.8053,44.2904,40432000
2024-10-07,44.2904,44.3098,43.5628,43.7471,26599300
2024-10-08,43.9120,44.1061,43.8344,43.9994,28763000
2024-10-09,43.9994,44.4942,43.9121,44.4069,28334300
2024-10-10,44.4554,44.4942,44.0867,44.2710,34127400
2024-10-11,44.5524,45.2121,44.5233,45.1248,52850300
2024-10-14,45.2024,45.4547,45.0763,45.4062,35850800
2024-10-15,45.7166,45.9786,45.4450,45.5032,42356800
2024-10-16,45.6778,46.0853,45.5905,46.0659,44973700
2024-10-17,46.2600,46.3861,46.1630,46.1921,45823400
2024-10-18,46.1921,46.2988,45.9398,46.2018,34279600
2024-10-21,46.1241,46.2309,45.7458,45.8331,26207400
2024-10-22,45.6002,45.8234,45.3868,45.7458,30018700
2024-10-23,45.6972,45.8137,45.4838,45.7070,20697200
2024-10-24,45.7167,45.8040,45.4644,45.7458,19617500
2024-10-25,45.9301,46.0077,45.1345,45.2412,25526500
2024-10-28,45.4741,45.8428,45.4644,45.8040,31415900
2024-10-29,45.6875,45.8137,45.4838,45.5226,27930900
2024-10-30,45.5808,46.0174,45.5420,45.7264,28704300
2024-10-31,45.6681,45.8040,45.0957,45.0957,53417100
2024-11-01,45.2412,45.6002,45.1345,45.2509,40139900
2024-11-04,45.2218,45.2607,44.6591,44.9017,41705600
2024-11-05,44.9405,45.3383,44.8532,45.3189,35221800
2024-11-06,47.5795,48.2004,47.2496,48.0743,153473400
2024-11-07,47.9676,47.9676,47.2108,47.2981,70611400
2024-11-08,47.6377,47.9967,47.3951,47.7250,60376500
2024-11-11,48.2004,48.6467,48.1907,48.4042,63654700
2024-11-12,48.3848,48.4527,48.1131,48.2586,58512400
2024-11-13,48.3556,48.6370,48.2101,48.2877,31880700
2024-11-14,48.3945,48.5012,48.0743,48.1616,38252800
2024-11-15,48.1616,48.5206,48.1325,48.3848,40741500
2024-11-18,48.4236,48.6176,48.2198,48.5303,27141600
2024-11-19,48.1422,48.3945,47.9482,48.2101,27014700
2024-11-20,48.4042,48.4333,47.8317,48.0646,33932500
2024-11-21,48.3071,48.8990,48.1810,48.6758,50881800
2024-11-22,48.6467,49.2676,48.6370,49.2191,42050800
2024-11-25,49.4908,49.7237,49.3453,49.5393,47492500
2024-11-26,49.5587,49.7333,49.2482,49.6363,28418400
2024-11-27,49.7042,50.0826,49.6848,49.7334,31803700
2024-11-29,49.9080,50.0341,49.7237,49.8110,15178400
2024-12-02,49.8886,49.9565,49.1900,49.3162,55483600
2024-12-03,49.6072,49.6072,48.9475,48.9475,46924300
2024-12-04,48.8990,48.9378,48.5982,48.7631,41017400
2024-12-05,48.8408,49.1609,48.8019,48.9087,33599300
2024-12-06,48.8990,49.0639,48.7631,48.8990,23439400
2024-12-09,48.9378,48.9863,48.2101,48.2295,41998300
2024-12-10,48.2683,48.4915,47.9190,48.2198,38861800
2024-12-11,48.4139,48.4333,48.1034,48.3168,35035900
2024-12-12,48.4430,48.4818,48.1034,48.1034,23107300
2024-12-13,48.2974,48.3168,47.9579,48.0646,39160400
2024-12-16,48.0937,48.1519,47.8899,47.9773,35242800
2024-12-17,47.7929,47.8026,47.4727,47.6377,46103300
2024-12-18,47.7250,47.8317,46.1727,46.2115,72399500
2024-12-19,46.7354,47.0847,46.3667,46.3764,63641000
2024-12-20,46.2794,47.4339,46.1824,47.0653,56066100
2024-12-23,46.8275,47.2173,46.6424,47.1783,43033300
2024-12-24,47.2757,47.7531,47.1880,47.7337,18350500
2024-12-26,47.5193,47.8701,47.4901,47.8506,20805600
2024-12-27,47.5973,47.9090,47.2465,47.4998,33852400
2024-12-30,47.0126,47.2562,46.6326,47.0419,34819800
2024-12-31,47.1588,47.3244,46.9249,47.0906,25170500
2025-01-02,47.3342,47.5193,46.7106,46.9737,35879100
2025-01-03,47.2465,47.3731,46.8470,47.3439,25198100
2025-01-06,47.5485,47.7629,47.1101,47.1978,54289900
2025-01-07,47.4024,47.5096,46.8860,47.0906,57682700
2025-01-08,47.1003,47.2562,46.7885,47.2465,36422000
2025-01-10,46.8665,46.9055,45.9409,46.1065,53128700
2025-01-13,45.8727,46.4573,45.8337,46.4378,36002800
2025-01-14,46.6229,47.0516,46.5157,47.0126,39353300
2025-01-15,48.0162,48.3378,47.7531,48.2111,61176900
2025-01-16,48.1916,48.5716,48.1916,48.5326,33830400
2025-01-17,48.6301,49.0296,48.4547,48.9419,43693100
2025-01-21,49.1075,49.4096,49.0978,49.3511,33267500
2025-01-22,49.3511,49.3608,48.9224,49.1172,37226400
2025-01-23,49.1952,49.4875,49.1854,49.3998,32048800
2025-01-24,49.2342,49.5947,49.1855,49.5460,39088700
2025-01-27,49.4583,50.1208,49.3219,50.0916,61707400
2025-01-28,50.0331,50.2280,49.7993,50.0039,39885300
2025-01-29,49.8675,50.4131,49.8578,49.9649,43612200
2025-01-30,50.4229,50.7054,50.1111,50.4424,64250500
2025-01-31,50.5008,50.6372,50.1208,50.1501,40424200
2025-02-03,49.4485,50.0819,49.1172,49.9454,77416200
2025-02-04,50.0039,50.0721,49.6921,49.8285,41742700
2025-02-05,50.0429,50.3644,49.8285,50.3547,34758600
2025-02-06,50.6470,50.7931,50.4326,50.7737,34355900
2025-02-07,50.8321,50.9198,50.4521,50.4911,40601400
2025-02-10,50.5788,50.6470,49.8772,50.0916,37921500
2025-02-11,50.0137,50.3157,49.7116,50.2183,45162900
2025-02-12,49.9649,50.0624,49.6142,50.0429,45473100
2025-02-13,50.1793,50.4424,49.9649,50.3742,36372200
2025-02-14,50.4424,50.6860,50.4229,50.4716,29574300
2025-02-18,50.5496,50.8613,50.4229,50.8321,33496800
2025-02-19,50.7054,50.9101,50.5690,50.8516,31748500
2025-02-20,50.7736,50.8126,49.7311,50.0721,47078900
2025-02-21,50.0916,50.1793,49.3511,49.4485,51789900
2025-02-24,49.6824,50.0916,49.3803,49.6629,56673900
2025-02-25,49.9552,50.0916,49.0198,49.6531,50132800
2025-02-26,49.6629,50.0039,49.4485,49.5460,31250500
2025-02-27,49.7213,50.4716,49.6824,49.8188,44378600
2025-02-28,50.0721,50.9198,49.8578,50.8419,63537100
2025-03-03,50.9783,51.2901,50.0526,50.4131,76100100
2025-03-04,49.9065,49.9649,48.3670,48.6398,99342400
2025-03-05,48.6593,49.1562,48.2890,48.9224,75561700
2025-03-06,48.3475,48.6788,47.8019,48.1137,55477700
2025-03-07,47.9383,48.0649,47.0126,47.8603,87351400
2025-03-10,47.0516,47.3634,46.2429,46.7885,78221400
2025-03-11,46.7203,46.8470,46.0675,46.3891,72972200
2025-03-12,46.8860,46.9542,46.0091,46.4573,60700100
2025-03-13,46.5742,46.8470,46.0675,46.2039,49986300
2025-03-14,46.6424,47.3537,46.3988,47.2757,49535700
2025-03-17,47.0906,48.0649,47.0808,47.8311,43570500
2025-03-18,47.8701,48.0260,47.5973,47.7726,32714200
2025-03-19,47.8019,48.5521,47.6070,48.2988,44290700
2025-03-20,48.0260,48.6983,47.9383,48.3670,46326000
2025-03-21,48.1234,48.3670,47.7726,48.1916,53382800
2025-03-24,48.6894,49.1587,48.5622,49.0414,43158200
2025-03-25,49.2174,49.3934,48.9729,49.3152,24873700
2025-03-26,49.4619,49.7846,48.9827,49.1685,39729200
2025-03-27,49.0805,49.3348,48.6894,49.0707,32299800
2025-03-28,48.9241,49.1881,47.9364,48.1222,45365400
2025-03-31,47.6430,48.9534,47.5061,48.7089,38042300
2025-04-01,48.5231,48.8654,48.1124,48.6502,37959100
2025-04-02,48.2591,49.2174,48.1809,49.0512,41792100
2025-04-03,47.1345,47.5746,46.5478,46.6358,101160600
2025-04-04,45.0516,45.3841,43.1154,43.2229,128135300
2025-04-07,41.8930,44.6409,41.2769,43.1154,179993200
2025-04-08,44.7876,45.1983,42.2842,42.9491,98804200
2025-04-09,42.2842,46.5575,42.1179,46.1859,177242900
2025-04-10,45.5014,45.5699,43.5554,44.8951,93318200
2025-04-11,44.5920,45.9317,44.3671,45.6383,63647400
2025-04-14,46.3033,46.5673,45.8339,46.1077,52008900
2025-04-15,46.3717,46.8411,46.1860,46.2251,41840100
2025-04-16,46.1273,46.2935,45.1592,45.5014,47934300
2025-04-17,45.4721,46.1664,45.4036,45.6188,61866600
2025-04-21,45.3841,45.5210,44.1421,44.6409,43082300
2025-04-22,45.3156,46.2348,45.1787,46.1175,38154800
2025-04-23,46.9780,47.6528,46.5087,46.6651,50290900
2025-04-24,46.4989,47.2714,46.3131,47.1834,26817900
2025-04-25,46.9487,47.1638,46.6456,46.9585,28113000
2025-04-28,47.1541,47.4963,46.7727,47.1052,33922800
2025-04-29,47.1149,47.6821,46.8998,47.5941,42475300
2025-04-30,47.0856,47.8484,46.4500,47.6821,33759900
2025-05-01,47.5061,47.9853,47.3692,47.6723,34420200
2025-05-02,48.3960,48.8360,48.2395,48.6600,35032100
2025-05-05,48.2493,48.7285,48.0146,48.3471,24139900
2025-05-06,47.9168,48.4644,47.8875,48.0733,28949100
2025-05-07,48.2297,48.6209,48.1711,48.3569,30070100
2025-05-08,48.7383,49.2565,48.6307,48.7578,31294200
2025-05-09,48.8556,48.9338,48.6209,48.7578,22075000
2025-05-12,49.9802,50.0682,49.4326,49.7455,44274100
2025-05-13,49.8726,50.1855,49.7846,49.9508,33986100
2025-05-14,49.9802,50.0389,49.6673,49.8139,38764200
2025-05-15,49.7455,50.2246,49.7064,50.1464,34742500
2025-05-16,50.1366,50.5278,50.0291,50.4496,53401000
2025-05-19,50.1855,50.6256,50.1073,50.4789,26348400
2025-05-20,50.2442,50.3811,49.9802,50.2051,26903000
2025-05-21,49.8922,50.0388,49.1392,49.1783,40022000
2025-05-22,49.0707,49.4032,48.8654,49.1196,33662800
2025-05-23,48.4938,49.1783,48.4742,48.9436,33645600
2025-05-27,49.3250,49.8335,49.1490,49.8042,38636400
2025-05-28,49.7650,49.8922,49.3934,49.4717,31730200
2025-05-29,49.6379,49.7357,49.2468,49.7259,34098400
2025-05-30,49.5597,49.9215,49.3446,49.8335,37953200
2025-06-02,49.4912,49.8726,49.1783,49.8531,30142300
2025-06-03,49.6966,49.9997,49.2957,49.9508,33705400
2025-06-04,50.0193,50.0780,49.6575,49.6672,24600500
2025-06-05,49.6770,49.7553,49.3348,49.5303,42014400
2025-06-06,50.0388,50.3029,49.9215,50.1464,34982800
2025-06-09,50.2051,50.2246,49.5695,49.8726,28322100
2025-06-10,49.8628,49.9508,49.7553,49.9313,27728600
2025-06-11,49.9802,50.2051,49.6868,49.8726,39368400
2025-06-12,49.5792,49.8824,49.3837,49.8726,25500900
2025-06-13,49.2370,49.3445,48.7089,48.8556,54921900
2025-06-16,49.2076,49.7553,49.1979,49.4130,35632400
2025-06-17,49.1587,49.3641,48.9827,49.1294,31130700
2025-06-18,49.1099,49.6477,49.0414,49.1099,45728200
2025-06-20,49.2565,49.4619,49.1099,49.2468,44456100
2025-06-23,49.2585,49.8865,48.9053,49.8669,43022700
2025-06-24,50.3575,50.7991,50.3183,50.6126,41225000
2025-06-25,50.6225,50.6323,50.3379,50.4458,33123900
2025-06-26,50.4753,50.8580,50.4458,50.8187,37866000
2025-06-27,50.7795,51.2505,50.7304,50.9659,38954100
2025-06-30,51.2014,51.4565,51.1621,51.3878,42472900
2025-07-01,51.2603,51.7803,51.2308,51.6724,33844800
2025-07-02,51.7607,51.7705,51.3584,51.6331,40791100
2025-07-03,51.7607,52.2710,51.7116,52.1925,25904800
2025-07-07,52.1336,52.2513,51.4369,51.6920,34049000
2025-07-08,51.5743,51.6135,51.2014,51.2308,53715000
2025-07-09,51.4958,51.5154,51.1621,51.4173,36634900
2025-07-10,51.2995,51.7705,51.2995,51.7215,27992600
2025-07-11,51.3780,51.4271,51.1033,51.1818,30289900
2025-07-14,51.1720,51.5939,51.0444,51.5645,27636500
2025-07-15,51.3584,51.4663,50.6813,50.6813,47704600
2025-07-16,50.9561,51.0836,50.3673,51.0346,46726500
2025-07-17,50.8972,51.6135,50.8383,51.5252,48213900
2025-07-18,51.5939,51.6626,51.4467,51.5546,29791300
2025-07-21,51.5841,51.9471,51.3878,51.4075,36871400
2025-07-22,51.5154,51.7607,51.4860,51.6920,32289100
2025-07-23,51.8098,52.1041,51.5743,52.1041,32111300
2025-07-24,52.1238,52.4378,52.0158,52.0747,32371900
2025-07-25,52.1041,52.4868,51.9962,52.4378,28964700
2025-07-28,52.3789,52.4378,51.9668,52.0747,29119300
2025-07-29,52.2513,52.3004,51.6920,51.8098,37883200
2025-07-30,51.7901,52.0355,51.4565,51.7116,37260100
2025-07-31,51.4958,51.9962,51.2897,51.3878,46179400
2025-08-01,50.7500,50.7893,50.0926,50.4360,63060800
2025-08-04,50.6323,50.9365,50.5243,50.9365,40053100
2025-08-05,51.0738,51.1131,50.3968,50.7304,33551000
2025-08-06,50.8383,51.0542,50.6911,50.9757,34198700
2025-08-07,51.2014,51.2701,50.2594,50.4066,43119400
2025-08-08,50.7010,50.9953,50.5342,50.8776,39484400
2025-08-11,50.9855,51.0542,50.7500,50.8580,29351200
2025-08-12,51.0738,51.5645,51.0640,51.4761,37510000
2025-08-13,51.6724,51.9177,51.5056,51.7705,41154900
2025-08-14,51.7215,52.0551,51.5448,52.0158,35841500
2025-08-15,52.1336,52.1630,51.4369,51.4761,46108500
2025-08-18,51.4075,51.5743,51.3093,51.5154,25405100
2025-08-19,51.4663,51.8785,51.4663,51.6135,24870800
2025-08-20,51.6528,52.0158,51.5252,51.8785,39138800
2025-08-21,51.7313,51.8098,51.3682,51.7116,29037000
2025-08-22,51.9766,52.6733,51.9570,52.5653,47249800
2025-08-25,52.4672,52.5751,52.2415,52.2611,24756500
2025-08-26,52.1041,52.6831,52.1041,52.6635,27907000
2025-08-27,52.5359,52.9284,52.5065,52.7714,39530100
2025-08-28,52.8793,52.8990,52.6929,52.8401,28837300
2025-08-29,52.8891,53.1246,52.7910,52.9775,36062400
2025-09-02,52.6929,52.6929,52.1238,52.5850,38733100
2025-09-03,52.4966,52.5948,52.1336,52.4966,36420100
2025-09-04,52.6831,53.0658,52.5653,53.0461,32730000
2025-09-05,53.0952,53.2326,51.8785,52.0747,58377100
2025-09-08,52.0943,52.1728,51.8490,52.1140,49490900
2025-09-09,51.9864,52.5850,51.9668,52.3396,38884500
2025-09-10,52.1728,52.3985,51.9373,52.1630,32915900
2025-09-11,52.1925,53.0560,52.1826,53.0167,36635400
2025-09-12,52.9480,53.0560,52.7027,52.7910,25705900
2025-09-15,52.8793,53.0756,52.6144,52.6733,31922000
2025-09-16,52.6046,52.6635,52.2710,52.5555,28482500
2025-09-17,52.6635,53.3111,52.6438,53.0658,47976100
2025-09-18,53.0952,53.4779,52.9775,53.1148,36609100
2025-09-19,53.2424,53.3896,52.9088,53.2326,46731400
2025-09-22,52.8664,53.2208,52.8073,53.1617,32393000
2025-09-23,53.1125,53.6441,52.7974,52.9254,28698900
2025-09-24,52.9943,53.1223,52.6695,52.7778,23893400
2025-09-25,52.6399,52.8762,52.4135,52.6399,24757500
2025-09-26,52.8762,53.2601,52.8073,53.0239,30686100
2025-09-29,53.2011,53.3094,52.9057,53.2897,20713800
2025-09-30,53.2208,53.3980,52.5907,53.0337,32442200
2025-10-01,52.7777,52.9254,52.5415,52.5612,33210100
2025-10-02,52.4824,52.6498,52.2363,52.5218,32443400
2025-10-03,52.5907,53.1322,52.5513,52.8860,32111600
2025-10-06,53.0928,53.2306,52.4726,52.8664,32001300
2025-10-07,53.0436,53.2109,52.6891,52.9353,31250500
2025-10-08,53.0928,53.1125,52.5119,52.6793,26848700
2025-10-09,52.7974,52.9746,52.3643,52.4923,33922400
2025-10-10,52.6301,52.8467,51.3503,51.3503,73596200
2025-10-13,51.7342,52.0000,51.5275,51.8425,39651900
2025-10-14,51.6358,52.8171,51.4389,52.4135,62588700
2025-10-15,52.6005,52.9254,52.0394,52.4135,39526600
2025-10-16,52.2658,52.2954,50.7399,50.9565,85420100
2025-10-17,51.0943,51.5472,50.9269,51.3699,52288900
2025-10-20,51.5471,52.0788,51.4782,51.9705,39479600
2025-10-21,51.8425,52.3052,51.8425,51.9114,31213600
2025-10-22,51.9606,52.0000,51.3109,51.6161,53727500
2025-10-23,51.7736,51.8622,51.4782,51.7244,29483700
2025-10-24,52.0295,52.4529,51.9902,52.2855,31947800
2025-10-27,52.5415,52.6005,52.3741,52.5021,27154100
2025-10-28,52.5021,52.5710,52.1182,52.1674,33648000
2025-10-29,51.6358,51.7637,51.0648,51.2813,61846300
2025-10-30,51.2124,52.0000,51.2124,51.4192,48568700
2025-10-31,51.2026,51.6850,51.1337,51.5570,40425800
2025-11-03,51.5176,51.5275,50.8482,51.3404,38693200
2025-11-04,51.1435,51.7244,51.0352,51.6062,44675200
2025-11-05,51.6751,52.0000,51.3700,51.7834,38036300
2025-11-06,51.6948,51.8819,51.3601,51.5964,42625700
2025-11-07,51.4684,51.9803,51.2813,51.9606,46218700
2025-11-10,52.1083,52.3249,51.8327,52.1477,42010600
2025-11-11,52.2461,52.5119,52.0591,52.3840,29995800
2025-11-12,52.3938,53.0534,52.3938,52.8368,46052700
2025-11-13,52.7384,52.9254,52.0591,52.1575,50455300
2025-11-14,51.9902,51.9902,51.4586,51.6358,46154600
2025-11-17,51.6554,51.6751,50.4544,50.6513,70048500
2025-11-18,50.4839,50.9466,50.3559,50.5725,66043600
2025-11-19,50.5824,50.8482,50.3953,50.7596,46003900
2025-11-20,51.2223,51.5767,50.2870,50.3166,70096400
2025-11-21,50.6611,51.1632,50.3461,50.8679,68942900
2025-11-24,50.9368,51.1632,50.5331,51.0844,43789100
2025-11-25,51.3010,51.8425,51.1041,51.7244,50989800
2025-11-26,51.8523,52.3249,51.7834,52.1280,35268500
2025-11-28,52.2757,52.7187,52.2068,52.5021,16136100
2025-12-01,52.2461,52.5710,52.0197,52.0689,29296300
2025-12-02,52.1674,52.3150,51.8228,52.0197,29771500
2025-12-03,52.1182,52.7679,52.0591,52.7187,32018000
2025-12-04,52.7581,53.0731,52.6399,52.8270,33678700
2025-12-05,52.7088,53.0928,52.6202,52.8467,28532300
2025-12-08,52.8664,52.8762,52.4529,52.6498,31164200
2025-12-09,52.6695,53.1125,52.4233,52.4529,46335400
2025-12-10,52.4529,53.2405,52.3840,53.0534,45437500
2025-12-11,53.1223,54.1265,53.0928,54.0182,51786500
2025-12-12,54.3037,54.3529,53.8607,54.0969,64428900
2025-12-15,54.3234,54.4514,53.9690,54.1363,35356800
2025-12-16,54.1856,54.3037,53.6342,53.7918,37342300
2025-12-17,53.9493,54.2151,53.7327,53.7819,41112400
2025-12-18,53.9197,54.1659,53.5161,53.6933,35021600
2025-12-19,53.7130,54.1659,53.7130,53.9887,46595300
2025-12-22,54.0884,54.7701,54.0786,54.6516,37987800
2025-12-23,54.6417,54.8886,54.6417,54.7602,24732900
2025-12-24,54.8393,55.2147,54.7405,55.0566,15685800
2025-12-26,55.0368,55.1257,54.7701,54.9479,20410100
2025-12-29,54.9183,55.0072,54.5923,54.6516,34223800
2025-12-30,54.7306,54.7306,54.4737,54.5132,16160900
2025-12-31,54.5528,54.5923,54.0884,54.1082,22996200
2026-01-02,54.1675,54.3354,53.6834,54.2663,36087100
2026-01-05,54.1576,55.8272,54.1576,55.4518,58044100
2026-01-06,55.3629,55.8371,55.3135,55.7185,38950800
2026-01-07,55.5506,55.6592,54.8689,54.9380,44720900
2026-01-08,54.7800,55.5703,54.7405,55.2245,35358300
2026-01-09,55.3036,55.4814,55.0467,55.0566,29544900
2026-01-12,54.3650,54.6911,54.1773,54.6219,42021600
2026-01-13,54.4836,54.5626,53.4957,53.5747,77045100
2026-01-14,53.3969,53.5253,53.0412,53.4957,59754600
2026-01-15,53.5648,54.0390,53.5550,53.7130,48490800
2026-01-16,53.7130,54.0983,53.6340,53.7822,44363200
2026-01-20,52.9622,53.4562,52.4584,52.5572,57030800
2026-01-21,52.7251,53.1796,52.5967,52.8140,49360300
2026-01-22,53.0017,53.3969,52.9918,53.1598,46919300
2026-01-23,52.8437,52.8634,52.2410,52.4287,47057500
2026-01-26,52.4584,52.9029,52.4485,52.7646,31072700
2026-01-27,52.6757,52.7844,52.2015,52.3596,38633700
2026-01-28,52.2904,52.5670,52.1225,52.3497,45450800
2026-01-29,52.6757,52.9820,52.3497,52.9029,51975400
2026-01-30,52.7350,53.0116,52.3793,52.7943,42767000
2026-02-02,52.8041,53.4364,52.5572,53.3771,48031500
2026-02-03,53.0709,53.5154,52.5176,52.8832,66887100
2026-02-04,52.8634,53.5253,52.7547,53.3080,59506400
2026-02-05,53.2882,53.4068,52.5374,52.6461,64475000
2026-02-06,53.1796,53.6933,53.1796,53.6044,53073800
2026-02-09,53.4265,53.7328,53.2487,53.2882,31699900
2026-02-10,53.0511,53.6044,52.4781,52.9029,57920800
2026-02-11,53.0215,53.2783,52.0533,52.1027,60339900
2026-02-12,52.2608,52.4683,50.8086,51.0654,94645100
2026-02-13,50.9271,51.3025,50.6307,51.0259,56449300
2026-02-17,51.1938,51.7767,51.1938,51.5692,54064700
2026-02-18,51.7174,52.1422,51.6483,51.9545,45224000
2026-02-19,51.5100,51.7471,51.1148,51.5199,47344400
2026-02-20,51.4112,51.8656,51.0951,51.8557,52934100
2026-02-23,51.5594,51.8360,50.0281,50.1170,94600400
2026-02-24,49.8404,50.5616,49.6329,50.3640,64114100
2026-02-25,50.6209,51.2630,50.5517,51.2432,47652800
2026-02-26,51.4408,52.0237,51.3519,51.8656,60884300
2026-02-27,51.2531,51.4309,50.3936,50.8086,81998700
2026-03-02,49.9985,51.0061,49.8503,50.6801,70107200
2026-03-03,49.6823,50.9271,49.4749,50.5912,94738700
2026-03-04,50.7098,51.0259,50.4628,50.8777,51472400
2026-03-05,50.6209,51.1938,50.2948,50.6110,58430700
2026-03-06,49.8305,50.0083,49.1489,49.9589,75632700
2026-03-09,49.3168,49.9095,48.5857,49.7218,78178700
2026-03-10,49.7218,50.0775,49.1488,49.4551,70834200
2026-03-11,49.3761,49.5144,48.6253,49.0402,56301200
2026-03-12,48.3882,48.6253,48.2004,48.2400,67871700
2026-03-13,48.5166,48.8624,48.2597,48.2992,47595200
2026-03-16,48.6549,49.1489,48.5166,48.7043,45720100
2026-03-17,49.0995,49.5835,48.9118,48.9612,46974000
2026-03-18,48.7734,49.1093,48.3289,48.3783,49239100
2026-03-19,48.1807,48.5857,47.9337,48.3980,58374000
2026-03-20,48.3684,48.7438,48.2005,48.4869,82914000
2026-03-23,49.3518,49.5107,48.8752,48.9249,81044800
2026-03-24,48.4582,49.2426,48.4383,48.9348,43296400
2026-03-25,49.2426,49.6001,48.6468,48.9944,40438800
2026-03-26,48.7660,49.1433,48.5376,48.7064,45035700
2026-03-27,48.4482,48.4979,47.3361,47.4751,64823900
2026-03-30,47.8921,48.3787,47.7531,48.0212,58128900
2026-03-31,48.5773,49.1135,48.1702,49.0242,85361900
2026-04-01,49.4511,49.5008,48.7958,49.0937,61558300
2026-04-02,48.4879,49.4611,48.2595,49.1830,39519800
2026-04-06,49.1632,49.6597,49.1036,49.5306,27345800
2026-04-07,49.2724,49.6696,49.1532,49.5306,31750000
2026-04-08,50.8314,51.1194,50.6030,50.8413,48175400
2026-04-09,50.5832,51.1790,50.4441,50.9704,30330500
2026-04-10,50.8711,50.9307,50.2853,50.4143,35427500
2026-04-13,50.1462,51.3080,50.0668,51.2981,33635900
2026-04-14,51.1492,51.5464,51.0797,51.4173,36498400
2026-04-15,51.7052,51.9634,51.4570,51.8045,33804700
2026-04-16,51.7251,52.0429,51.5563,51.6655,25432000
2026-04-17,52.0031,52.6089,51.9336,52.0627,45183400
2026-04-20,51.9733,52.3904,51.8939,52.2613,26160600
2026-04-21,52.3408,52.8174,51.8343,51.9336,34150100
2026-04-22,52.1124,52.2812,51.7052,51.8443,31838400
2026-04-23,51.7152,51.8045,50.9406,51.4371,44647900
2026-04-24,51.2187,51.3080,50.9605,51.0598,27225300
2026-04-27,50.9506,51.5364,50.9108,51.4471,25764300
2026-04-28,51.8343,52.0329,51.4371,51.4868,24337500
2026-04-29,51.7648,51.9336,51.3378,51.5563,22153100
2026-04-30,51.1492,51.8840,50.8413,51.7648,31406400
2026-05-01,52.0329,52.2415,51.5563,51.5563,39618200
2026-05-04,51.4173,51.8244,51.1293,51.2187,44456300
2026-05-05,51.2087,51.4073,51.0201,51.2286,27419600
2026-05-06,51.5563,51.8741,51.4173,51.4769,39084600
2026-05-07,51.4173,51.7152,51.0598,51.1889,36983100
2026-05-08,51.3180,51.3776,50.7818,50.8811,29627700
2026-05-11,50.9009,51.0995,50.6030,50.8215,30759200
2026-05-12,50.8215,51.3378,50.4541,51.2187,44193700
2026-05-13,50.7818,50.9704,50.6030,50.6328,33440200
2026-05-14,50.9108,51.1293,50.7420,50.9307,37059700
2026-05-15,50.9605,51.1392,50.6825,50.7420,29789800
2026-05-18,50.6527,51.4371,50.6129,51.3776,32974600
2026-05-19,51.2683,51.4272,50.6924,50.7420,35956300
2026-05-20,50.8711,51.3478,50.4243,51.2981,42148400
2026-05-21,51.0995,51.4669,50.8513,51.3676,33344200
2026-05-22,51.5364,51.8045,51.4769,51.5762,23308000
2026-05-26,51.6357,51.8641,51.3577,51.4868,24530200
2026-05-27,51.3776,51.6258,50.9406,51.0598,45239100
2026-05-28,50.8314,51.1392,50.6626,50.9108,40564600
2026-05-29,50.9208,51.4272,50.8115,51.2187,34240300
2026-06-01,50.8711,51.2385,50.8314,51.0697,34507600
2026-06-02,50.8711,51.2981,50.6229,51.0995,30988800
2026-06-03,50.7818,50.8016,50.1661,50.5136,44906700
2026-06-04,51.1790,51.9336,51.1194,51.8244,57368100
2026-06-05,52.0131,52.1124,51.6953,51.9336,42101700
2026-06-08,51.8741,52.1024,51.5960,51.6059,39102700
2026-06-09,51.8145,52.3308,51.6755,52.0925,41695100
2026-06-10,52.1322,52.4401,51.8443,51.8641,31128400
2026-06-11,51.9833,52.4003,51.6755,52.2514,41295600
2026-06-12,52.5890,53.1749,52.4401,52.9663,51023300
2026-06-15,53.3834,53.5919,53.1054,53.1848,37492400
2026-06-16,53.6317,54.0487,53.4728,53.9693,37478300
2026-06-17,53.9097,54.5055,53.5224,53.6714,49571900
2026-06-18,54.1679,54.2274,53.0855,53.1947,37816800
2026-06-22,53.4309,53.8295,53.3811,53.5106,27962800
2026-06-23,53.4409,53.8395,53.3014,53.6900,33375300
2026-06-24,53.6701,53.9092,53.3512,53.5305,30809600
2026-06-25,53.7298,54.4872,53.2117,53.2615,31634800
2026-06-26,53.3711,53.7498,53.0124,53.3811,26643000
2026-06-29,53.5106,53.8395,53.4907,53.5305,31628000
2026-06-30,53.4708,53.6601,53.2117,53.4209,27725300
2026-07-01,53.6402,54.8858,53.5604,54.5868,47809800
2026-07-02,55.0850,55.4438,54.8160,55.4238,46246100
2026-07-06,55.6530,55.9619,55.3840,55.9420,32043700
2026-07-07,56.1114,56.3904,55.8125,55.8523,27116500
2026-07-08,55.5932,55.6032,54.7562,54.7761,41648100
2026-07-09,54.8758,55.4936,54.7761,55.3441,26542000
2026-07-10,55.7925,55.8324,55.1648,55.5135,24046300
2026-07-13,55.7826,55.9619,55.4139,55.8723,33391000
2026-07-14,55.4039,56.5997,55.3940,55.9819,43208800
2026-07-15,56.1014,56.6196,55.9819,56.3605,49425400
2026-07-16,56.5598,56.6395,56.1911,56.5499,27591200
2026-07-17,56.2310,56.7392,55.9221,56.0616,42881800
2026-07-20,56.1014,56.1812,55.6929,55.8424,38162600
2026-07-21,55.7925,56.1413,55.5235,55.9121,26399000
2026-07-22,55.9420,56.0815,55.7128,55.8523,25430900
2026-07-23,55.4836,55.6630,55.2544,55.6331,24311000
2026-07-24,55.6331,56.1812,55.4936,56.1114,32212900
2026-07-27,56.5598,56.9285,56.3904,56.6794,29805900
2026-07-28,56.9285,57.3969,56.7492,57.3969,34204400
2026-07-29,57.0880,57.2673,56.3904,56.4801,49038800
2026-07-30,56.6196,56.8488,55.9819,56.7990,33184200
2026-07-31,56.6097,56.9186,56.4901,56.7392,32543500
2026-08-03,57.0880,57.3470,56.7990,57.1776,31019400
2026-08-04,57.0182,57.8154,56.9883,57.6759,31466100
2026-08-05,57.9748,58.2040,57.5962,57.7955,34275600
2026-08-06,58.1741,58.1741,57.3869,57.6061,27704200
2026-08-07,57.4068,57.5862,57.1378,57.3969,20816700
2026-08-10,57.3371,57.8154,57.2574,57.6061,26070800
2026-08-11,57.5762,57.8951,57.5164,57.5962,19797000
2026-08-12,57.6261,57.7955,57.4766,57.7157,18531700
2026-08-13,57.9848,58.1044,57.5463,58.0545,23193500
2026-08-14,58.0147,58.0844,57.8552,57.9549,28130100
2026-08-17,57.7556,58.0645,57.3470,57.3769,45636700
2026-08-18,57.5264,57.7755,57.3670,57.6360,25389400
2026-08-19,57.6759,57.9947,57.2175,57.2773,35648300
2026-08-20,57.2673,57.4567,56.7093,56.7492,30704200
2026-08-21,57.1179,57.4965,57.0481,57.2773,27273100
2026-08-24,57.4965,58.1741,57.4367,58.0147,31462900
2026-08-25,57.9848,58.1542,57.6659,58.1044,23685100
2026-08-26,58.0446,58.1741,57.8154,58.0545,20054000
2026-08-27,57.7058,58.0246,57.5264,57.6759,26082100
2026-08-28,57.7755,58.2040,57.7157,57.8951,25142600
2026-08-31,57.6559,57.7257,57.4865,57.5065,25215700
2026-09-01,57.4068,57.7755,56.9285,56.9983,32396200
2026-09-02,57.1776,58.0246,57.1178,57.4566,31321800
2026-09-03,57.7955,58.3933,57.7855,58.3535,32670500
2026-09-04,57.8353,58.1741,57.7157,57.8951,26361500
2026-09-08,57.5065,57.6161,57.0581,57.0979,38239200
2026-09-09,56.9285,57.1278,56.5299,56.8588,27523000
2026-09-10,56.7093,56.9086,56.4901,56.6694,25355100
2026-09-11,57.2374,57.4168,56.7591,57.0481,34701500
2026-09-14,57.1378,57.3670,56.5598,56.8289,38162400
2026-09-15,56.7691,56.7890,56.2609,56.6495,30161600
2026-09-16,56.6196,56.6495,55.2445,55.7328,53072800
2026-09-17,56.0716,56.2011,55.3641,55.6829,29191300
2026-09-18,55.4637,55.7826,55.2644,55.6630,36017900
2026-09-21,56.0500,56.2100,55.7200,55.9000,30584100
