date,o,h,l,c,v
1998-12-22,12.0286,12.0634,11.7966,11.8952,601000
1998-12-23,12.1562,12.1794,11.9358,12.1794,676600
1998-12-24,12.1794,12.1794,12.0866,12.1330,487400
1998-12-28,12.3186,12.3186,12.0982,12.1678,618600
1998-12-29,12.2258,12.2548,12.0634,12.2026,247600
1998-12-30,12.1330,12.3012,12.0924,12.1562,191200
1998-12-31,12.1562,12.2142,12.0054,12.1098,154400
1999-01-04,12.1214,12.4578,12.0982,12.2490,1301200
1999-01-05,12.2722,12.6318,12.2722,12.5622,590400
1999-01-06,12.8754,12.9682,12.7710,12.9334,1249400
1999-01-07,12.8058,13.0030,12.7246,12.8928,1069200
1999-01-08,13.1770,13.2002,12.8000,12.9450,1065600
1999-01-11,13.3162,13.3162,12.9334,13.0726,995800
1999-01-12,13.1770,13.2002,12.7188,12.7188,972000
1999-01-13,11.8778,13.0494,11.8778,12.7130,1096600
1999-01-14,12.7478,12.8522,12.4578,12.5390,732600
1999-01-15,12.6202,12.9160,12.5622,12.9102,1307800
1999-01-19,13.2234,13.3626,12.9972,13.3568,874600
1999-01-20,13.6873,13.9135,13.4553,13.4785,2264400
1999-01-21,13.4554,13.4786,13.0378,13.1306,2985800
1999-01-22,12.8986,13.1422,12.7652,12.8986,2582000
1999-01-25,13.0610,13.1306,12.8406,13.1248,1893200
1999-01-26,13.2698,13.6641,13.2698,13.6525,1427800
1999-01-27,13.8265,13.9135,13.3625,13.3625,2733800
1999-01-28,13.6409,13.8381,13.5887,13.8323,1807200
1999-01-29,13.8729,14.0469,13.7105,14.0353,1867200
1999-02-01,14.1629,14.2441,13.9425,14.0469,1826000
1999-02-02,14.1049,14.1049,13.5945,13.8091,2518400
1999-02-03,13.7569,14.1281,13.6641,13.9077,2668200
1999-02-04,14.0121,14.0121,13.3162,13.4321,3891800
1999-02-05,13.3626,13.4438,12.8986,13.1074,3664800
1999-02-08,13.2698,13.5481,13.0378,13.3278,2629200
1999-02-09,13.3626,13.3742,12.7362,12.8058,4171000
1999-02-10,12.8638,13.1422,12.7130,12.8986,2803600
1999-02-11,13.1306,13.4669,13.0030,13.4437,5333400
1999-02-12,13.1306,13.2814,12.8406,12.9102,5834800
1999-02-16,13.2698,13.2930,12.8058,12.8522,3452800
1999-02-17,12.5274,12.9798,12.4578,12.5622,5567000
1999-02-18,12.7362,12.7710,12.3766,12.6318,4151200
1999-02-19,12.8522,12.9450,12.6782,12.7478,3347200
1999-02-22,12.8406,13.2350,12.7478,13.2002,4736000
1999-02-23,13.3626,13.5365,13.2002,13.3742,4131000
1999-02-24,13.5017,13.5249,13.0030,13.0030,5001000
1999-02-25,12.7594,13.0378,12.6666,13.0378,5132400
1999-02-26,13.0146,13.0378,12.5274,12.6434,4685200
1999-03-01,12.4810,12.6898,12.4114,12.5854,2184200
1999-03-02,12.6898,12.8058,12.2490,12.2490,4960400
1999-03-03,12.4346,12.5158,12.2026,12.4578,3215600
1999-03-04,12.7594,12.7942,12.2954,12.5854,6398200
1999-03-05,12.9450,12.9914,12.7188,12.8754,3753800
1999-03-08,13.1770,13.2698,13.0030,13.2466,3318800
1999-03-09,13.1770,13.4322,13.0610,13.1074,1872000
1999-03-10,13.1074,13.1886,12.9508,13.1074,884000
1999-03-11,13.1770,13.3510,12.9566,13.0842,2432400
1999-03-12,13.2002,13.2002,12.8290,12.9682,1672000
1999-03-15,13.0610,13.1770,12.8580,13.1770,864200
1999-03-16,13.1886,13.4553,13.1422,13.4031,1517600
1999-03-17,13.3973,13.4089,13.2002,13.3162,850800
1999-03-18,13.2698,13.5134,13.2234,13.5018,642800
1999-03-19,13.6177,13.6873,13.1770,13.1770,1273000
1999-03-22,13.1770,13.3046,13.0610,13.1770,1547000
1999-03-23,13.0842,13.0842,12.7014,12.7942,2997200
1999-03-24,12.8754,13.1016,12.6550,13.0436,1233400
1999-03-25,13.3046,13.3974,13.2002,13.3510,1190200
1999-03-26,13.2930,13.5018,13.2118,13.2814,967000
1999-03-29,13.4554,13.8033,13.4206,13.7801,1899400
1999-03-30,13.7105,13.9193,13.6409,13.7569,1685000
1999-03-31,13.9193,14.0353,13.5597,13.5829,1549400
1999-04-01,13.9193,13.9309,13.5481,13.7975,637000
1999-04-05,13.9657,14.2905,13.9541,14.2731,2007000
1999-04-06,14.3601,14.5225,14.2209,14.3949,1080200
1999-04-07,14.6617,14.6849,14.0817,14.3601,1863400
1999-04-08,14.3601,14.5457,14.0585,14.4993,1213800
1999-04-09,14.4703,14.6095,14.3601,14.4761,557600
1999-04-12,13.9657,14.3311,13.8961,14.2557,2075000
1999-04-13,14.3137,14.3833,13.9193,14.0353,1601200
1999-04-14,14.2441,14.2847,13.6409,13.6873,951400
1999-04-15,13.8497,13.8729,13.3974,13.8033,3398400
1999-04-16,13.8033,13.8265,13.3626,13.4321,544200
1999-04-19,13.5713,13.5829,12.6666,12.7826,2416600
1999-04-20,12.9218,13.1306,12.6666,13.1074,2058800
1999-04-21,13.1074,13.5017,13.0146,13.4553,1015600
1999-04-22,14.0353,14.0991,13.8033,14.0759,2064600
1999-04-23,14.0005,14.2325,13.8265,14.1049,489000
1999-04-26,14.2673,14.4761,14.1861,14.4645,530200
1999-04-27,14.6385,14.6501,14.0933,14.1049,826000
1999-04-28,14.1049,14.2557,13.8497,13.9193,1788600
1999-04-29,13.9193,13.9425,13.5829,13.7743,968000
1999-04-30,14.0121,14.0121,13.3393,13.6641,1520000
1999-05-03,13.7337,13.8265,13.5829,13.7801,403200
1999-05-04,13.7221,13.8961,13.4785,13.5713,2869800
1999-05-05,13.6409,13.8497,13.2698,13.8497,886200
1999-05-06,13.7337,13.9541,13.4554,13.5018,686800
1999-05-07,13.7105,13.8033,13.4670,13.7337,739400
1999-05-10,13.8729,14.0121,13.7569,13.8497,486400
1999-05-11,13.9309,14.1977,13.9309,14.0585,931200
1999-05-12,14.2789,14.4181,13.9193,14.3369,589400
1999-05-13,14.4297,14.5805,14.2789,14.2963,1231000
1999-05-14,14.0585,14.1513,13.8613,13.9193,815600
1999-05-17,13.8381,14.1745,13.7743,14.1165,451200
1999-05-18,14.2673,14.3601,14.1281,14.2441,820200
1999-05-19,14.3137,14.3253,14.0875,14.2905,637400
1999-05-20,14.3717,14.3775,14.1049,14.1049,552000
1999-05-21,14.0121,14.1223,13.9077,13.9425,550000
1999-05-24,13.9425,14.0121,13.6003,13.6409,1409600
1999-05-25,13.7337,13.8265,13.3336,13.3568,712600
1999-05-26,13.5249,13.6409,13.1306,13.6351,1353800
1999-05-27,13.6351,13.6583,13.3742,13.5365,761400
1999-05-28,13.5365,13.7105,13.4206,13.7105,265800
1999-06-01,13.7279,13.7279,13.3857,13.4031,637600
1999-06-02,13.3394,13.6177,13.1654,13.5481,646000
1999-06-03,13.5365,13.6641,13.4379,13.4553,912200
1999-06-04,13.4554,13.8961,13.4554,13.8555,500000
1999-06-07,13.9599,14.1977,13.9599,14.1049,1003600
1999-06-08,14.1049,14.1455,13.7395,13.7801,508400
1999-06-09,13.8729,14.0237,13.8149,13.9889,563800
1999-06-10,13.8497,13.8961,13.6699,13.7801,502800
1999-06-11,13.8265,13.9135,13.5481,13.5945,210800
1999-06-14,13.7105,13.7105,13.4785,13.5307,341200
1999-06-15,13.5017,13.7685,13.5017,13.6525,830800
1999-06-16,13.9889,14.2789,13.9657,14.2151,719000
1999-06-17,14.0817,14.4181,14.0701,14.3717,682200
1999-06-18,14.3717,14.4993,14.2615,14.4993,409800
1999-06-21,14.5631,14.8763,14.5457,14.8647,1514000
1999-06-22,14.8241,14.9169,14.5225,14.5515,1052800
1999-06-23,14.4761,14.6675,14.3369,14.6617,915400
1999-06-24,14.6153,14.6269,14.2847,14.3601,533600
1999-06-25,14.3833,14.6037,14.3137,14.3775,546400
1999-06-28,14.5225,14.6385,14.4355,14.6153,437000
1999-06-29,14.6153,14.8241,14.6153,14.8009,215600
1999-06-30,14.7951,15.0793,14.6443,15.0271,630200
1999-07-01,15.0909,15.2649,14.8821,15.1953,946800
1999-07-02,15.1721,15.3925,15.1721,15.3925,444000
1999-07-06,15.4737,15.6360,15.2417,15.3055,656000
1999-07-07,15.1721,15.5200,15.1721,15.4853,1111200
1999-07-08,15.4041,15.7694,15.3809,15.6940,758400
1999-07-09,15.7520,15.8622,15.6476,15.8622,247400
1999-07-12,15.9144,15.9724,15.7288,15.8854,468800
1999-07-13,15.7752,15.8448,15.6418,15.8158,400200
1999-07-14,15.9376,16.0188,15.7404,16.0130,603800
1999-07-15,16.1232,16.2160,15.9724,16.1290,772000
1999-07-16,16.2392,16.3320,16.1000,16.2740,200800
1999-07-19,16.2972,16.3204,16.0536,16.0768,445400
1999-07-20,16.0014,16.0072,15.3113,15.4099,1616600
1999-07-21,15.4040,15.6360,15.3345,15.5432,795400
1999-07-22,15.5432,15.5432,14.9923,15.0619,1034600
1999-07-23,15.1489,15.2069,14.9575,15.1025,802800
1999-07-26,14.8937,15.0097,14.7429,14.7603,719800
1999-07-27,14.9865,15.2069,14.9401,15.1257,833800
1999-07-28,15.1953,15.3809,15.0561,15.2649,951200
1999-07-29,14.9633,15.1953,14.8589,15.0097,933200
1999-07-30,15.1489,15.2011,14.8473,14.8531,601800
1999-08-02,14.7777,15.1199,14.7661,14.8241,638800
1999-08-03,14.9865,14.9981,14.5747,14.7661,940400
1999-08-04,14.7545,14.9169,14.5283,14.5863,975200
1999-08-05,14.5283,14.7023,14.3021,14.7023,1759600
1999-08-06,14.6849,14.9633,14.5689,14.7081,954400
1999-08-09,14.7661,14.8067,14.5225,14.5399,420000
1999-08-10,14.5051,14.5689,14.0817,14.2963,1399800
1999-08-11,14.5225,14.7777,14.3833,14.7545,1272800
1999-08-12,14.8183,14.8241,14.5631,14.5689,834200
1999-08-13,14.8415,15.0677,14.8125,15.0329,683200
1999-08-16,15.1025,15.2127,14.9517,15.0793,1104000
1999-08-17,15.2881,15.3113,14.9169,15.1489,696400
1999-08-18,15.1663,15.1895,14.9691,14.9749,368400
1999-08-19,14.8241,14.9169,14.7255,14.8241,537400
1999-08-20,14.9169,14.9169,14.7661,14.8705,417200
1999-08-23,15.0329,15.2591,14.9923,15.2127,585000
1999-08-24,15.2881,15.5896,15.2185,15.4505,1077200
1999-08-25,15.5433,15.8390,15.4273,15.7752,783600
1999-08-26,15.8448,15.8448,15.5664,15.5838,453200
1999-08-27,15.6128,15.7172,15.4505,15.4968,344200
1999-08-30,15.5665,15.6012,15.1837,15.2417,863000
1999-08-31,15.2533,15.4505,15.0329,15.3751,902600
1999-09-01,15.4852,15.5606,15.3576,15.4562,1188800
1999-09-02,15.2185,15.4679,15.1257,15.3983,578000
1999-09-03,15.7752,16.0014,15.7694,15.9608,901200
1999-09-07,16.0304,16.1696,15.9608,15.9666,821400
1999-09-08,15.9376,16.0942,15.7288,15.8564,401800
1999-09-09,15.9608,16.0652,15.7752,15.9956,372400
1999-09-10,16.2160,16.3088,16.0420,16.1696,337000
1999-09-13,16.1696,16.2218,15.9492,15.9492,807400
1999-09-14,16.0072,16.1638,15.8912,16.1232,794800
1999-09-15,16.3030,16.3030,15.7462,15.7868,772600
1999-09-16,15.7520,15.8796,15.4215,15.7172,1847800
1999-09-17,15.9550,16.0942,15.8390,16.0304,1207400
1999-09-20,16.1000,16.1754,15.9260,16.1000,466000
1999-09-21,15.9202,15.9840,15.6824,15.7694,1311800
1999-09-22,15.7404,15.9260,15.5838,15.7984,1067200
1999-09-23,15.9608,15.9608,15.0851,15.2185,1873200
1999-09-24,15.0909,15.2649,14.8705,15.2533,1271600
1999-09-27,15.5432,15.6244,15.3809,15.4099,2083600
1999-09-28,15.3925,15.5432,15.0329,15.4795,936000
1999-09-29,15.4273,15.5201,15.1953,15.1953,399600
1999-09-30,15.3113,15.4389,15.1257,15.3113,771600
1999-10-01,15.2417,15.2997,14.9807,15.2185,1905000
1999-10-04,15.3113,15.5896,15.2649,15.5896,486400
1999-10-05,15.6824,15.8564,15.4041,15.6824,1226200
1999-10-06,15.7520,15.9202,15.6940,15.8738,965600
1999-10-07,15.9550,15.9608,15.6882,15.7926,1896600
1999-10-08,15.7868,15.8332,15.4504,15.7810,1064600
1999-10-11,15.8622,16.0362,15.8216,15.9376,1238200
1999-10-12,15.9376,16.0072,15.6128,15.6534,471800
1999-10-13,15.5201,15.6128,15.1257,15.2417,1058600
1999-10-14,15.2649,15.3345,14.9633,15.1547,1401000
1999-10-15,14.8531,15.0329,14.6733,14.7951,2097600
1999-10-18,14.7603,14.8357,14.2789,14.6617,3011800
1999-10-19,14.8241,14.8473,14.3543,14.4297,2947800
1999-10-20,14.8009,15.0155,14.6849,15.0097,796800
1999-10-21,14.5225,14.7893,14.4297,14.7661,1361800
1999-10-22,14.9401,15.0097,14.7951,14.8009,399400
1999-10-25,14.7081,14.9343,14.6907,14.8415,325000
1999-10-26,15.1025,15.1315,14.8357,14.8473,982400
1999-10-27,14.8415,14.8473,14.5979,14.8299,1298600
1999-10-28,15.1025,15.2127,14.8937,15.2127,680400
1999-10-29,15.4737,15.8680,15.4737,15.7752,1633600
1999-11-01,15.8216,15.9492,15.7404,15.7520,461600
1999-11-02,15.7520,15.9376,15.6418,15.6824,312600
1999-11-03,15.9144,16.0072,15.8216,15.9144,418400
1999-11-04,16.1232,16.1348,15.9260,16.0362,818200
1999-11-05,16.4248,16.4248,16.1348,16.2102,1796000
1999-11-08,16.0304,16.4422,16.0304,16.3726,754200
1999-11-09,16.5118,16.5176,16.1464,16.1928,1963000
1999-11-10,16.1464,16.6046,16.1464,16.4770,1167800
1999-11-11,16.5988,16.7960,16.5814,16.7032,591000
1999-11-12,16.9294,16.9352,16.3436,16.7960,878600
1999-11-15,16.8308,16.8308,16.6510,16.7206,374600
1999-11-16,16.8540,17.0744,16.7148,17.0744,511200
1999-11-17,17.1440,17.2136,16.8888,16.9120,1031200
1999-11-18,17.1672,17.4862,17.0396,17.4862,1505600
1999-11-19,17.5036,17.6775,17.3528,17.6485,890600
1999-11-22,17.6079,17.8167,17.5847,17.7587,872400
1999-11-23,17.9037,17.9037,17.3644,17.6022,1170000
1999-11-24,17.5500,17.9385,17.4514,17.8747,1253400
1999-11-26,17.9617,18.1879,17.9617,18.0139,851800
1999-11-29,17.9559,18.1183,17.8457,17.8573,706400
1999-11-30,17.7703,17.8573,17.2484,17.3238,872400
1999-12-01,17.2600,17.6195,17.2600,17.4919,1801000
1999-12-02,17.6775,18.0139,17.6775,17.9095,417200
1999-12-03,18.4199,18.6055,18.3155,18.4199,1246200
1999-12-06,18.3619,18.6867,18.3039,18.5475,694800
1999-12-07,18.6751,18.6751,18.3851,18.5939,409000
1999-12-08,18.3967,18.6055,18.3735,18.3967,815800
1999-12-09,18.5823,18.6519,18.0371,18.3503,2375000
1999-12-10,18.4895,18.5591,18.1183,18.4431,453200
1999-12-13,18.4373,18.7215,18.3039,18.5649,754000
1999-12-14,18.6287,18.6287,18.1183,18.2111,1432200
1999-12-15,18.1647,18.5823,17.8631,18.5823,2496800
1999-12-16,18.7215,18.9767,18.6751,18.9303,838800
1999-12-17,19.2091,19.2439,19.0003,19.1395,795400
1999-12-20,19.2091,19.3946,19.0699,19.3250,578400
1999-12-21,19.3714,19.7542,19.2322,19.6962,763600
1999-12-22,19.8586,19.9282,19.4352,19.6962,615400
1999-12-23,19.8818,20.0442,19.7774,19.8006,718400
1999-12-27,20.0210,20.0210,19.5338,19.9514,1252000
1999-12-28,19.9050,20.0210,19.7194,19.7658,1400800
1999-12-29,19.8122,20.1370,19.8122,20.0848,1167000
1999-12-30,20.4154,20.4154,20.0210,20.0674,3379600
1999-12-31,20.1022,20.2066,19.9746,19.9978,1510600
2000-01-03,20.6474,20.6474,19.8586,20.5778,1876200
2000-01-04,20.0442,20.3226,19.4178,19.5338,1091000
2000-01-05,19.2090,19.6962,18.6059,19.2438,3812000
2000-01-06,19.0234,19.3366,18.4203,18.6059,3340000
2000-01-07,18.4203,18.9307,18.2347,18.9307,1372000
2000-01-10,19.6730,19.8354,19.3250,19.6498,2041000
2000-01-11,19.6730,19.8470,19.0003,19.0931,2822600
2000-01-12,19.4410,19.4410,18.7915,19.0119,3966400
2000-01-13,19.2555,19.3019,18.8843,19.1859,2386000
2000-01-14,19.7658,19.9398,19.5918,19.6266,2767800
2000-01-18,19.5802,19.9398,19.5280,19.7310,1101600
2000-01-19,19.6498,19.8470,19.5106,19.7658,1580800
2000-01-20,20.1370,20.2066,19.7194,19.8818,2191200
2000-01-21,19.9978,19.9978,19.7252,19.9050,2869400
2000-01-24,20.0210,20.1718,19.1510,19.2554,1137800
2000-01-25,19.2148,19.6846,18.9539,19.6672,5964800
2000-01-26,19.5570,19.5802,18.9075,19.0234,1678600
2000-01-27,19.2554,19.3482,18.4551,18.8379,2476200
2000-01-28,18.6059,18.9770,17.8635,18.1651,4914000
2000-01-31,18.1651,18.7683,17.7707,18.7683,2624600
2000-02-01,18.7509,19.2090,18.5711,19.1626,949800
2000-02-02,19.0931,19.5454,19.0931,19.3018,1069400
2000-02-03,19.3946,19.8586,19.2148,19.8586,2489200
2000-02-04,19.9514,20.2762,19.9050,20.0906,1383400
2000-02-07,20.1370,20.3690,19.9746,20.3226,1310600
2000-02-08,20.4850,20.6938,20.4444,20.5082,1772000
2000-02-09,20.6938,20.8330,20.1370,20.2530,3246600
2000-02-10,20.2994,20.7402,20.2298,20.7344,2315200
2000-02-11,20.7344,20.7402,19.9978,20.1834,2004200
2000-02-14,20.3226,20.3226,19.9514,20.1950,703000
2000-02-15,20.1660,20.3922,19.6614,20.2530,601200
2000-02-16,20.1834,20.4154,20.1138,20.1486,344200
2000-02-17,20.4096,20.6474,20.1138,20.6010,462400
2000-02-18,20.6242,20.6242,19.8586,19.9050,725400
2000-02-22,19.8122,20.0442,19.3018,19.8586,2467800
2000-02-23,19.9050,20.6010,19.8528,20.4618,366600
2000-02-24,20.5952,20.8098,20.2298,20.7170,639800
2000-02-25,20.7402,20.9722,20.3690,20.5198,1874400
2000-02-28,20.3226,20.6474,19.7658,20.2762,3016600
2000-02-29,20.6938,20.7866,20.5546,20.7402,948200
2000-03-01,20.7866,21.2506,20.7866,20.9490,1927000
2000-03-02,21.1114,21.2738,20.8214,21.1578,2195200
2000-03-03,21.5290,21.8306,21.2970,21.7436,803200
2000-03-06,21.7436,22.0510,21.5290,21.7088,1335000
2000-03-07,21.9582,22.0858,21.1114,21.1114,2609600
2000-03-08,21.3666,21.5754,20.9722,21.4826,2179200
2000-03-09,21.5058,22.1786,21.2970,22.1322,571800
2000-03-10,22.2714,22.5150,22.0858,22.1786,530000
2000-03-13,21.7146,22.3642,21.5290,21.8538,4022400
2000-03-14,22.1322,22.3178,21.2738,21.3550,928400
2000-03-15,21.5290,21.5986,20.8794,20.9838,1238600
2000-03-16,21.2506,21.7146,20.7402,21.7146,5453200
2000-03-17,21.8074,22.2714,21.7842,22.2250,882000
2000-03-20,22.3177,22.5033,21.9466,22.1322,790800
2000-03-21,22.0742,22.8745,21.7668,22.7121,1298400
2000-03-22,22.8513,23.2921,22.7353,23.1065,1337000
2000-03-23,23.1297,23.7561,23.0601,23.5473,968200
2000-03-24,23.7793,24.2897,23.3849,23.7503,2206200
2000-03-27,23.8489,24.1041,23.7793,23.9417,1566200
2000-03-28,23.9417,23.9417,23.3617,23.3617,1251200
2000-03-29,23.3849,23.4081,22.5614,22.6773,6663800
2000-03-30,22.5266,22.9557,21.4362,22.0626,9271600
2000-03-31,22.3642,22.7121,21.7610,22.4801,639200
2000-04-03,22.2018,22.2018,21.2506,21.5290,5290000
2000-04-04,21.4246,21.8074,19.4062,21.3202,4423000
2000-04-05,21.0186,21.9698,20.8330,21.4594,1200400
2000-04-06,21.8074,22.0626,21.4362,21.7378,346000
2000-04-07,22.0162,22.5033,21.8538,22.4801,466000
2000-04-10,22.4802,22.5498,21.6682,21.6682,1330200
2000-04-11,21.3376,21.5754,20.7866,21.1346,2958400
2000-04-12,21.0882,21.0882,19.7194,19.7658,2676200
2000-04-13,20.0442,20.5082,19.3830,19.3888,4364200
2000-04-14,18.8379,19.3134,17.5387,18.3739,3816000
2000-04-17,18.0955,19.3714,18.0491,19.3714,1810800
2000-04-18,19.5338,20.4734,19.3482,20.4734,1146400
2000-04-19,20.1370,20.4618,19.7658,19.8006,710600
2000-04-20,19.8586,19.9978,19.3946,19.6266,482800
2000-04-24,18.7915,19.0698,18.3275,19.0234,1222200
2000-04-25,19.5802,20.1254,19.4004,20.1254,715800
2000-04-26,20.1834,20.4850,19.7426,19.7426,2924000
2000-04-27,19.4410,20.4154,19.4410,20.3574,963400
2000-04-28,20.5778,20.6706,20.2298,20.4154,1293000
2000-05-01,20.7170,20.8794,20.5082,20.7054,391600
2000-05-02,20.5314,20.5778,19.8586,20.3226,1365200
2000-05-03,19.6034,19.7890,18.9306,19.4410,1533200
2000-05-04,19.4062,19.6730,19.1858,19.3018,357200
2000-05-05,19.5106,19.9050,19.4410,19.8296,600000
2000-05-08,19.3714,19.5338,19.0815,19.1278,310800
2000-05-09,19.2554,19.2786,18.5595,18.7741,2472400
2000-05-10,18.4203,18.4899,17.7243,17.8635,2039600
2000-05-11,17.9795,18.4203,17.7475,18.3681,862400
2000-05-12,18.7451,19.0814,18.6059,18.6059,443000
2000-05-15,18.7451,19.0003,18.2347,18.9539,315200
2000-05-16,19.3946,19.5802,19.0351,19.5222,816000
2000-05-17,19.3250,19.4294,18.9770,19.2438,737200
2000-05-18,19.2554,19.2554,18.6987,18.7567,413600
2000-05-19,18.6059,18.6291,17.9215,18.0259,1555000
2000-05-22,17.8635,17.9795,17.0747,17.9447,905200
2000-05-23,18.0027,18.0027,17.0515,17.0747,668600
2000-05-24,17.2603,17.8171,16.5875,17.7475,1427200
2000-05-25,18.0723,18.2463,17.3299,17.4575,1212200
2000-05-26,17.6547,17.7127,17.1675,17.5155,287000
2000-05-30,17.9563,18.6523,17.8635,18.6523,1642200
2000-05-31,18.5595,18.8147,18.2695,18.2927,505600
2000-06-01,18.6523,19.1163,18.5363,19.1163,1080400
2000-06-02,19.9514,20.1254,19.7194,19.9862,1716200
2000-06-05,19.8586,20.3226,19.8586,20.0442,783800
2000-06-06,20.0442,20.3226,19.7658,19.7658,894400
2000-06-07,19.8818,20.1718,19.5918,20.1370,476600
2000-06-08,20.2994,20.4096,19.8818,20.0442,554200
2000-06-09,20.2994,20.2994,19.9746,20.0906,261800
2000-06-12,20.0558,20.1022,19.6034,19.6730,738600
2000-06-13,19.7426,20.0906,19.4410,20.0906,724400
2000-06-14,20.1370,20.2530,19.7078,19.7194,445200
2000-06-15,19.8586,20.2762,19.7658,20.1138,254600
2000-06-16,20.1834,20.3342,19.9862,20.1834,941000
2000-06-19,20.2066,20.9026,20.1370,20.8214,1025000
2000-06-20,20.9142,21.1520,20.7286,20.8794,404200
2000-06-21,20.6938,21.1230,20.6706,21.0650,682000
2000-06-22,20.9026,20.9838,20.3458,20.4154,1244400
2000-06-23,20.4154,20.4734,19.8818,19.9804,227800
2000-06-26,20.1602,20.3226,19.9514,20.1138,384000
2000-06-27,20.1370,20.3342,19.8818,19.9166,295800
2000-06-28,19.8586,20.3806,19.8586,20.1138,319000
2000-06-29,19.8586,19.9978,19.6034,19.7194,925800
2000-06-30,19.7194,20.1138,19.7194,20.1138,527200
2000-07-03,20.0674,20.2530,19.9978,20.2530,78800
2000-07-05,19.9282,19.9746,19.4758,19.6034,297800
2000-07-06,19.5338,19.9282,19.2902,19.9050,254800
2000-07-07,19.9746,20.4038,19.9746,20.2298,383000
2000-07-10,20.1370,20.2530,19.9282,20.0094,206800
2000-07-11,19.9166,20.1950,19.6730,19.8470,190400
2000-07-12,20.0906,20.4734,19.9978,20.3574,694200
2000-07-13,20.4966,20.9258,20.4502,20.7518,396200
2000-07-14,21.0186,21.2216,20.8388,21.1346,271200
2000-07-17,21.1114,21.4362,21.0650,21.3086,225600
2000-07-18,21.1114,21.1694,20.7982,20.8794,368000
2000-07-19,20.7866,20.7982,20.3690,20.4154,267800
2000-07-20,20.5546,20.9142,20.5430,20.8446,541800
2000-07-21,20.5894,20.6242,20.3342,20.3922,457400
2000-07-24,20.3690,20.5430,19.8180,19.8934,409000
2000-07-25,20.1486,20.2530,19.8702,20.2298,445400
2000-07-26,20.0558,20.0674,19.6266,19.9630,548200
2000-07-27,19.6730,19.7658,19.2555,19.3830,959400
2000-07-28,19.4178,19.5570,18.5015,18.6639,748600
2000-07-31,18.7683,19.1742,18.5363,19.0467,1128000
2000-08-01,19.0234,19.0582,18.7451,18.8263,335000
2000-08-02,18.6523,19.1974,18.6523,18.7451,287000
2000-08-03,18.1651,19.1046,18.1303,19.1046,1807600
2000-08-04,19.2090,19.3946,18.9074,19.1046,467600
2000-08-07,19.1859,19.5628,19.1163,19.4990,478800
2000-08-08,19.4584,19.6498,19.3772,19.5338,342600
2000-08-09,19.8354,19.9224,19.4990,19.6034,318400
2000-08-10,19.4120,19.5106,19.1395,19.1859,173800
2000-08-11,19.0235,19.2786,18.8031,19.2554,536600
2000-08-14,19.1858,19.6498,19.1046,19.6498,215200
2000-08-15,19.6962,19.8354,19.5570,19.6962,208800
2000-08-16,19.7890,20.0210,19.5918,19.7194,142600
2000-08-17,19.7426,20.1370,19.6498,20.0906,372200
2000-08-18,20.2066,20.3458,20.0442,20.1138,504200
2000-08-21,20.1834,20.3806,19.9978,20.2066,146800
2000-08-22,20.2530,20.3922,20.1254,20.2066,295200
2000-08-23,20.0442,20.4096,19.8818,20.4038,322200
2000-08-24,20.3922,20.5952,20.3458,20.5952,210400
2000-08-25,20.5546,20.6706,20.4618,20.5256,219600
2000-08-28,20.4850,20.8214,20.4734,20.6938,204800
2000-08-29,20.6938,20.7808,20.5778,20.7170,226600
2000-08-30,20.6474,20.6822,20.4734,20.5778,210600
2000-08-31,20.6706,21.0302,20.6706,20.9838,369000
2000-09-01,21.1694,21.2274,20.9026,20.9954,676800
2000-09-05,20.8330,20.8330,20.4560,20.5198,254200
2000-09-06,20.3922,20.4386,19.9514,19.9978,615200
2000-09-07,20.0790,20.3806,20.0674,20.3226,263400
2000-09-08,20.1370,20.1370,19.6498,19.6730,502800
2000-09-11,19.5338,19.7890,19.1163,19.1626,563200
2000-09-12,19.3018,19.4642,18.8379,18.8843,412600
2000-09-13,18.6291,19.1627,18.6291,19.0699,343000
2000-09-14,19.3250,19.5048,19.0350,19.1742,405600
2000-09-15,19.0235,19.0930,18.6639,18.8437,543000
2000-09-18,18.9307,19.0931,18.2927,18.4203,1348000
2000-09-19,18.5247,19.1627,18.4783,19.1395,536600
2000-09-20,19.0466,19.2554,18.6871,19.2090,373400
2000-09-21,18.9074,19.0814,18.6407,18.8147,819600
2000-09-22,18.0027,18.3043,17.8171,18.2811,872400
2000-09-25,18.5131,18.6059,17.7939,17.8983,642200
2000-09-26,17.9331,18.1651,17.5155,17.5213,1557400
2000-09-27,17.7939,17.8171,17.1907,17.3995,1100400
2000-09-28,17.5387,18.0491,17.3067,18.0027,1274000
2000-09-29,17.6779,17.7243,17.2139,17.2139,521400
2000-10-02,17.4691,17.6083,17.0283,17.0863,790000
2000-10-03,17.4227,17.5039,16.6107,16.6339,1655800
2000-10-04,16.6339,17.2197,16.3555,17.0805,1031800
2000-10-05,16.9819,17.2023,16.7499,16.8369,493200
2000-10-06,17.0747,17.0747,16.2395,16.4889,956600
2000-10-09,16.3555,16.7499,15.9611,16.3961,680400
2000-10-10,16.2743,16.4947,15.8219,15.9147,527600
2000-10-11,15.4740,15.7987,14.9868,15.4044,1050200
2000-10-12,15.4044,15.7755,14.8708,14.8708,1155600
2000-10-13,15.1724,16.1467,15.1724,16.1235,920600
2000-10-16,16.0307,16.2511,15.7060,15.8684,593400
2000-10-17,15.9147,15.9611,15.2188,15.4508,776200
2000-10-18,14.6620,15.6074,14.6620,15.2072,820400
2000-10-19,16.1003,16.6107,15.9611,16.5585,1544000
2000-10-20,16.5875,17.1211,16.4599,16.8079,933600
2000-10-23,16.8659,17.0747,16.5179,16.7035,574400
2000-10-24,16.8775,17.0051,16.2163,16.3787,461400
2000-10-25,15.6131,16.0191,15.2188,15.2246,1083200
2000-10-26,15.3928,15.6711,14.7084,15.5900,2114800
2000-10-27,16.0539,16.0539,15.4739,15.7233,855800
2000-10-30,15.6364,15.8219,15.1608,15.5088,515600
2000-10-31,15.8915,16.3323,15.7407,16.2279,788600
2000-11-01,16.0539,16.2859,15.7059,15.9147,777400
2000-11-02,16.2627,16.4019,16.0539,16.3265,527600
2000-11-03,16.3207,16.5063,16.1931,16.4483,630000
2000-11-06,16.4483,16.5759,16.1467,16.1931,323600
2000-11-07,16.1003,16.4135,16.0133,16.3091,575400
2000-11-08,16.3091,16.3555,15.4044,15.4508,558200
2000-11-09,14.9172,15.4159,14.7084,15.2246,1523800
2000-11-10,14.8708,14.8940,14.3372,14.3836,1003800
2000-11-13,13.9196,14.7548,13.7572,14.3372,2663200
2000-11-14,14.8708,15.2188,14.7316,15.1144,800800
2000-11-15,15.2420,15.4276,14.9172,15.2188,800600
2000-11-16,15.1376,15.3232,14.6678,14.7316,304400
2000-11-17,14.6040,15.0158,14.3836,14.8476,536400
2000-11-20,14.4068,14.6504,14.1516,14.2444,1021400
2000-11-21,14.4996,14.4996,14.1168,14.3140,674800
2000-11-22,14.3140,14.3952,13.7804,13.7920,546400
2000-11-24,14.1980,14.4184,14.0704,14.3372,265200
2000-11-27,14.8476,14.9172,14.2560,14.2560,589400
2000-11-28,14.2908,14.4300,13.6412,13.6818,1175200
2000-11-29,13.6876,13.8500,13.2700,13.6180,890200
2000-11-30,12.8988,13.1830,12.5334,12.8988,3366600
2000-12-01,13.2700,13.6180,12.8524,13.0670,1781200
2000-12-04,13.1540,13.2932,12.7248,12.9916,1419000
2000-12-05,13.5948,14.2792,13.3860,14.2212,1993200
2000-12-06,14.1052,14.3372,13.6412,13.8268,3677200
2000-12-07,13.3628,13.6412,13.2294,13.3686,3142400
2000-12-08,13.9196,14.2908,13.7630,13.9892,2772400
2000-12-11,13.9428,14.6156,13.9428,14.5170,2618200
2000-12-12,14.4300,14.5054,14.1516,14.2212,2124200
2000-12-13,14.4300,14.4300,13.6180,13.6180,2092400
2000-12-14,13.7340,13.8964,13.4092,13.4092,1257400
2000-12-15,12.9916,13.1540,12.6204,12.8756,1503800
2000-12-18,13.1308,13.2004,12.4812,12.6204,1456000
2000-12-19,12.6436,13.1714,12.1912,12.2492,1598400
2000-12-20,11.5765,11.8085,11.1821,11.3329,4089800
2000-12-21,11.2981,11.7389,10.9965,11.3677,12317400
2000-12-22,11.7157,12.1507,11.7157,12.1507,4057000
2000-12-26,12.3188,12.3304,11.6925,11.9477,2246000
2000-12-27,11.9941,12.2202,11.7621,12.0637,2589600
2000-12-28,12.1797,12.1913,11.7911,12.0057,2969600
2000-12-29,12.0405,12.0637,11.5301,11.6229,6775400
2001-01-02,11.6693,11.7331,10.8167,10.9501,3811600
2001-01-03,10.9733,12.8524,10.8805,12.7132,5149800
2001-01-04,12.8640,13.2468,12.7132,12.8408,1854800
2001-01-05,12.6668,12.6900,11.9303,12.0637,2125800
2001-01-08,11.8317,12.0520,11.5591,12.0289,1221800
2001-01-09,12.2492,12.5276,12.1564,12.2956,1261400
2001-01-10,12.2724,12.7364,11.9941,12.6668,2290600
2001-01-11,12.7248,13.3628,12.5508,13.2004,2164400
2001-01-12,13.1308,13.4034,12.8988,13.0032,1431000
2001-01-16,12.9220,12.9916,12.6436,12.8524,1326200
2001-01-17,13.3628,13.5774,13.1424,13.2468,1230800
2001-01-18,13.2236,13.9892,13.2004,13.9428,2244800
2001-01-19,14.2908,14.3836,13.9196,14.1342,2071800
2001-01-22,13.9892,14.1284,13.6992,13.8732,1125000
2001-01-23,13.9660,14.2386,13.7572,14.1052,936200
2001-01-24,14.2792,14.4996,14.1516,14.2792,1141600
2001-01-25,14.1980,14.2560,13.7398,13.7804,914600
2001-01-26,13.5020,13.9196,13.1946,13.8732,1462800
2001-01-29,13.7340,14.1980,13.6412,14.1646,690000
2001-01-30,14.1609,14.2797,14.0124,14.1980,1412200
2001-01-31,14.2165,14.4764,13.8157,13.8454,1903400
2001-02-01,13.8899,13.9753,13.6412,13.8379,2874200
2001-02-02,13.9196,13.9567,13.2180,13.2292,2428600
2001-02-05,13.1401,13.2403,12.9100,13.1475,1565400
2001-02-06,13.1401,13.5113,13.1401,13.2255,645000
2001-02-07,12.9359,13.1104,12.5945,12.8840,1409800
2001-02-08,13.0473,13.1401,12.6575,12.6947,1552600
2001-02-09,12.5091,12.5573,12.0080,12.1082,1674600
2001-02-12,12.1008,12.3383,11.9040,12.2121,2485800
2001-02-13,12.4163,12.5648,12.0005,12.0043,1288200
2001-02-14,11.9709,12.3383,11.7481,12.2864,1426600
2001-02-15,12.6204,12.9359,12.5462,12.6576,1379200
2001-02-16,11.9709,12.0525,11.6962,11.8743,1218600
2001-02-20,11.8781,11.8818,11.2211,11.2359,1274400
2001-02-21,11.1839,11.4660,10.8758,10.9501,1849000
2001-02-22,10.9130,11.1988,10.4898,10.9686,1870400
2001-02-23,10.8202,10.9946,10.3933,10.8870,2161800
2001-02-26,11.0429,11.1542,10.7274,11.0614,1713000
2001-02-27,11.0243,11.1245,10.6086,10.6383,933400
2001-02-28,10.6346,10.8499,10.2411,10.3970,3324600
2001-03-01,10.2634,10.6902,9.9664,10.6902,1990400
2001-03-02,10.3191,10.7793,10.0963,10.3191,1631000
2001-03-05,10.4675,10.6086,10.3785,10.5418,1089400
2001-03-06,10.9501,11.2136,10.9130,10.9872,1796200
2001-03-07,11.1691,11.1691,10.8758,11.0020,1930600
2001-03-08,11.0058,11.0058,10.7088,10.7830,928800
2001-03-09,10.3970,10.4527,10.0036,10.0778,1460200
2001-03-12,9.6880,9.8477,9.4096,9.5396,2050200
2001-03-13,9.5952,10.0184,9.4690,10.0147,2338000
2001-03-14,9.5024,10.0778,9.5024,9.7697,1594400
2001-03-15,9.9887,10.1149,9.6546,9.6546,750200
2001-03-16,9.5767,9.6880,9.3169,9.4431,938600
2001-03-19,9.4653,9.8068,9.3391,9.7363,4159000
2001-03-20,9.8551,9.9293,9.2686,9.2686,3183000
2001-03-21,9.2797,9.6138,9.2055,9.3131,2128000
2001-03-22,9.3837,9.7957,9.1498,9.7400,3179200
2001-03-23,9.9850,10.0592,9.6398,9.9479,1468600
2001-03-26,10.0221,10.0555,9.7252,9.8180,3437400
2001-03-27,9.8736,10.1891,9.7437,10.1335,1629800
2001-03-28,9.7437,9.8514,9.3280,9.3837,916600
2001-03-29,9.2983,9.5544,9.0682,9.2612,939200
2001-03-30,9.2426,9.3540,9.0199,9.2055,1598400
2001-04-02,9.2612,9.3354,8.8343,8.9828,2215400
2001-04-03,8.7415,8.8120,8.3184,8.3815,2167800
2001-04-04,8.5002,8.6116,8.1105,8.2218,2446400
2001-04-05,8.6673,9.1275,8.6302,9.0904,3381800
2001-04-06,8.8343,8.8677,8.5411,8.6673,971000
2001-04-09,8.7786,8.9048,8.5002,8.6895,2918000
2001-04-10,8.9457,9.4431,8.9457,9.2723,1697600
2001-04-11,9.7623,9.8922,9.4690,9.6101,3049400
2001-04-12,9.5767,9.8996,9.3391,9.8514,932400
2001-04-16,9.7252,9.8180,9.4616,9.6138,843000
2001-04-17,9.4653,9.8365,9.4653,9.7140,834000
2001-04-18,10.1149,11.8781,10.0704,10.5975,8998400
2001-04-19,10.7645,11.2656,10.6383,11.2656,2278400
2001-04-20,11.0948,11.3695,10.9724,11.1357,2133800
2001-04-23,10.6717,10.8053,10.4416,10.5195,2965200
2001-04-24,10.7645,10.8053,10.3079,10.3562,1645600
2001-04-25,10.3562,10.5900,10.2448,10.5381,944400
2001-04-26,10.6531,10.7162,10.3302,10.3896,1251400
2001-04-27,10.6160,10.6383,10.3970,10.5306,843400
2001-04-30,10.7274,10.9872,10.6234,10.6940,1380200
2001-05-01,10.6903,10.9761,10.5418,10.9501,1673800
2001-05-02,11.1357,11.2693,10.9835,11.1691,2541000
2001-05-03,10.8202,10.9352,10.6457,10.8127,761000
2001-05-04,10.4490,11.0243,10.4490,10.9686,992800
2001-05-07,11.0243,11.1357,10.8758,10.9575,1708800
2001-05-08,11.0614,11.1320,10.8870,11.0058,665400
2001-05-09,10.8573,11.0132,10.6903,10.8536,2013600
2001-05-10,11.0986,11.0986,10.6754,10.6940,648000
2001-05-11,10.8016,10.8016,10.4972,10.5789,3981600
2001-05-14,10.5603,10.5603,10.3228,10.4304,1507000
2001-05-15,10.4861,10.6902,10.3376,10.4119,1250400
2001-05-16,10.3376,10.8684,10.2634,10.8350,628800
2001-05-17,10.8758,11.0429,10.8276,10.8981,1706400
2001-05-18,10.8944,10.9798,10.7868,10.9464,503600
2001-05-21,10.9872,11.4512,10.8981,11.4326,3830200
2001-05-22,11.5254,11.5774,11.3287,11.4104,1941200
2001-05-23,11.3213,11.3213,11.1023,11.1320,1991800
2001-05-24,11.0800,11.2173,10.9538,11.2173,1445200
2001-05-25,11.2099,11.2099,10.9872,11.0058,757800
2001-05-29,10.8759,10.9464,10.5641,10.5937,723200
2001-05-30,10.3562,10.3896,10.0852,10.1632,1683800
2001-05-31,10.1966,10.4564,10.1966,10.2560,1802800
2001-06-01,10.3562,10.5121,10.1335,10.4304,1201400
2001-06-04,10.5232,10.5566,10.3562,10.4081,336800
2001-06-05,10.5047,10.9389,10.5047,10.8202,444600
2001-06-06,10.8202,10.9501,10.6828,10.7162,507600
2001-06-07,10.7274,11.0206,10.7274,11.0206,348400
2001-06-08,10.9872,10.9872,10.6754,10.7756,613800
2001-06-11,10.7274,10.7274,10.4750,10.5975,1309600
2001-06-12,10.3376,10.6457,10.2188,10.5158,1363400
2001-06-13,10.5418,10.6197,10.2671,10.2782,395200
2001-06-14,10.0778,10.1706,9.8365,9.9108,545200
2001-06-15,9.6695,9.9033,9.5767,9.8180,971400
2001-06-18,9.7808,9.8588,9.5507,9.5730,706400
2001-06-19,9.9442,9.9739,9.5210,9.6101,997600
2001-06-20,9.5210,9.7363,9.4579,9.7103,795200
2001-06-21,9.7437,9.9813,9.6583,9.8922,571200
2001-06-22,9.8736,10.0407,9.7660,9.7994,474800
2001-06-25,9.8736,9.9924,9.8142,9.9405,275000
2001-06-26,9.8180,10.0036,9.7400,9.9961,895200
2001-06-27,9.9479,10.0815,9.8848,10.0184,603800
2001-06-28,10.1149,10.5752,10.1149,10.2151,2177800
2001-06-29,10.2819,10.5789,10.2077,10.4564,802000
2001-07-02,10.3562,10.5826,10.3450,10.4490,427600
2001-07-03,10.4304,10.4675,10.3339,10.4119,281600
2001-07-05,10.3079,10.3747,10.0778,10.0778,570200
2001-07-06,9.9293,9.9664,9.5878,9.6138,2081600
2001-07-09,9.6695,9.8142,9.6324,9.7363,1552000
2001-07-10,9.8328,9.8477,9.4059,9.4393,1212600
2001-07-11,9.4393,9.5507,9.3206,9.4876,443200
2001-07-12,9.8328,10.1780,9.8254,10.1186,475000
2001-07-13,10.0963,10.2819,9.9924,10.1483,679800
2001-07-16,10.1149,10.1891,9.8588,9.9033,447000
2001-07-17,9.8365,10.0332,9.7140,10.0221,763000
2001-07-18,9.8402,9.9033,9.5581,9.6398,767200
2001-07-19,9.8365,10.0036,9.6955,9.8180,5580200
2001-07-20,9.6843,9.7845,9.6175,9.7623,386200
2001-07-23,9.7994,9.8662,9.5210,9.5247,410600
2001-07-24,9.4839,9.5990,9.2983,9.3985,430800
2001-07-25,9.4356,9.5990,9.3651,9.5990,439000
2001-07-26,9.5062,9.7957,9.4245,9.7808,1293400
2001-07-27,9.7437,9.8625,9.6992,9.7660,735200
2001-07-30,9.7808,9.8551,9.6918,9.7363,443200
2001-07-31,9.7808,9.9293,9.3540,9.7326,532000
2001-08-01,9.9108,10.0629,9.8365,9.9924,697000
2001-08-02,10.1891,10.2077,9.9887,10.1298,581200
2001-08-03,10.1520,10.1520,9.9033,9.9850,397200
2001-08-06,9.8922,9.9590,9.8068,9.8625,1389000
2001-08-07,9.8180,9.9033,9.7066,9.8068,778200
2001-08-08,9.7511,9.8588,9.4393,9.4913,953800
2001-08-09,9.4468,9.5062,9.3614,9.4950,1115000
2001-08-10,9.4802,9.5099,9.1944,9.4802,812200
2001-08-13,9.4653,9.5767,9.4096,9.5173,358400
2001-08-14,9.5804,9.6212,9.3725,9.3948,733800
2001-08-15,9.3948,9.4542,9.1572,9.1832,524800
2001-08-16,9.0941,9.2612,8.9679,9.2315,606200
2001-08-17,9.0793,9.1313,8.8788,8.9568,406200
2001-08-20,8.9123,9.0310,8.8788,9.0162,427200
2001-08-21,9.0459,9.0904,8.7526,8.7526,517200
2001-08-22,8.8714,8.9160,8.6895,8.8417,768800
2001-08-23,8.8714,9.0051,8.8157,8.8343,691400
2001-08-24,8.8974,9.2649,8.8900,9.2649,587400
2001-08-27,9.1906,9.3614,9.1535,9.2426,738800
2001-08-28,9.2426,9.2723,8.9865,8.9865,3132000
2001-08-29,9.0607,9.0830,8.7786,8.8157,405800
2001-08-30,8.6524,8.7155,8.3777,8.4742,844400
2001-08-31,8.4260,8.6227,8.3963,8.5448,496600
2001-09-04,8.3555,8.7229,8.3518,8.3592,906400
2001-09-05,8.3295,8.4223,8.0214,8.2887,1002800
2001-09-06,8.0919,8.2404,7.8952,7.8952,878400
2001-09-07,7.8692,8.0956,7.7653,7.8024,1802400
2001-09-10,7.7616,7.9806,7.7207,7.9694,1157200
2001-09-17,7.5166,7.7579,7.4015,7.4609,5433800
2001-09-18,7.5351,7.6391,7.3533,7.3941,3598600
2001-09-19,7.5166,7.5166,6.8856,7.3273,3126400
2001-09-20,7.1640,7.3978,6.9784,7.0081,1758800
2001-09-21,6.7185,6.9932,6.5404,6.8076,2934200
2001-09-24,7.1454,7.2976,6.9784,7.1899,3486400
2001-09-25,7.3124,7.4164,7.0897,7.2568,2197600
2001-09-26,7.3124,7.4015,6.8893,7.0118,1706600
2001-09-27,7.0489,7.0526,6.7111,6.9561,2049400
2001-09-28,7.0712,7.2790,6.9375,7.1454,1725200
2001-10-01,7.1083,7.1083,6.9301,7.0526,1218200
2001-10-02,7.0526,7.1454,6.9338,7.0452,932200
2001-10-03,6.9412,7.6317,6.9412,7.5166,3066000
2001-10-04,7.6836,7.8804,7.5055,7.6762,3396000
2001-10-05,7.5908,7.7245,7.3607,7.6725,2093400
2001-10-08,7.4795,7.7987,7.4795,7.7245,1083800
2001-10-09,7.6688,7.7356,7.5017,7.5463,1476200
2001-10-10,7.4795,7.7838,7.4312,7.7801,1117200
2001-10-11,8.0177,8.1550,7.9435,8.1550,2884400
2001-10-12,8.0028,8.1921,7.8766,8.1365,2411200
2001-10-15,8.0177,8.1068,7.9212,8.0808,1237600
2001-10-16,8.0548,8.1884,8.0028,8.1662,1842800
2001-10-17,8.3332,8.3332,7.7950,7.7950,4309200
2001-10-18,7.6502,7.8803,7.6502,7.7764,1528400
2001-10-19,7.7579,7.9435,7.6354,7.8803,3806000
2001-10-22,7.7579,8.0659,7.7579,8.0659,3221600
2001-10-23,8.0548,8.2515,7.9917,8.0734,1549600
2001-10-24,7.9806,8.2330,7.9806,8.1736,1263600
2001-10-25,7.9843,8.4111,7.8878,8.3703,1588000
2001-10-26,8.3332,8.4891,8.3184,8.3815,1880800
2001-10-29,8.2775,8.4334,7.9806,7.9806,1849800
2001-10-30,7.8507,7.9546,7.7541,7.8173,2046400
2001-10-31,7.9063,8.1105,7.8692,7.9249,2691000
2001-11-01,7.9806,8.2404,7.8395,8.1996,1143800
2001-11-02,8.1959,8.2701,8.1068,8.2107,1162600
2001-11-05,8.4297,8.5336,8.4186,8.4631,1302400
2001-11-06,8.4074,8.7601,8.4074,8.7601,7600800
2001-11-07,8.6487,8.9048,8.6487,8.7230,2154200
2001-11-08,8.8343,9.0385,8.6710,8.7675,4176800
2001-11-09,8.7415,8.8232,8.6413,8.7341,1806200
2001-11-12,8.5930,8.8714,8.5002,8.8009,1307800
2001-11-13,9.0570,9.1313,8.6636,9.1127,3150200
2001-11-14,9.2575,9.2797,8.9791,9.1610,5559400
2001-11-15,9.1164,9.2575,9.0310,9.1053,3026600
2001-11-16,9.1684,9.1795,8.9976,9.0756,1145800
2001-11-19,9.1313,9.2760,9.1090,9.2649,5668000
2001-11-20,9.1869,9.2241,8.9605,9.0051,8892800
2001-11-21,8.9123,8.9791,8.7860,8.9160,8005600
2001-11-23,8.9234,9.0682,8.8751,9.0533,469200
2001-11-26,9.0904,9.2241,9.0644,9.2092,4416000
2001-11-27,9.1535,9.3354,8.9791,9.1795,4313800
2001-11-28,9.0756,9.1535,8.8900,8.8900,1280200
2001-11-29,8.9642,9.1275,8.8974,9.1275,7643000
2001-11-30,9.0570,9.1795,9.0088,9.1090,6510600
2001-12-03,9.0013,9.0719,8.9420,8.9791,1077800
2001-12-04,9.0273,9.2649,9.0013,9.2612,3529800
2001-12-05,9.3540,9.7623,9.3540,9.7066,7263600
2001-12-06,9.7066,9.7623,9.6175,9.6806,8649800
2001-12-07,9.6472,9.6509,9.3911,9.5024,6939000
2001-12-10,9.3762,9.5581,9.2797,9.2946,1514600
2001-12-11,9.4282,9.5359,9.3094,9.3614,3096800
2001-12-12,9.3651,9.4690,9.2500,9.3985,3987600
2001-12-13,9.2575,9.2909,9.0385,9.0644,9124600
2001-12-14,9.0570,9.1981,9.0051,9.1016,3240400
2001-12-17,9.1016,9.3465,9.1016,9.2760,2873200
2001-12-18,9.3354,9.4171,9.2426,9.3131,6122000
2001-12-19,9.1127,9.3094,9.1053,9.1795,4430200
2001-12-20,9.2055,9.2055,8.8529,8.8640,3203800
2001-12-21,9.0013,9.0459,8.9234,8.9828,2617000
2001-12-24,9.0013,9.0385,8.9308,8.9494,1998200
2001-12-26,8.9976,9.1721,8.9865,9.0199,3550000
2001-12-27,9.0904,9.1461,9.0199,9.0978,2696600
2001-12-28,9.1869,9.2426,9.0978,9.1164,6261200
2001-12-31,9.0607,9.1832,8.9085,8.9085,4026000
2002-01-02,9.0570,9.1647,8.9457,9.1313,6364000
2002-01-03,9.2463,9.5581,9.2463,9.5321,5502200
2002-01-04,9.6732,9.7066,9.2315,9.5915,9138000
2002-01-07,9.6509,9.7066,9.4690,9.4876,3103000
2002-01-08,9.4468,9.6249,9.4208,9.5581,1233000
2002-01-09,9.7066,9.7697,9.4282,9.4839,4484000
2002-01-10,9.4468,9.5099,9.3651,9.4059,1723200
2002-01-11,9.4505,9.4987,9.2872,9.3168,3463600
2002-01-14,9.2612,9.3094,9.1053,9.1721,2588800
2002-01-15,9.1944,9.3169,9.1238,9.2315,2440800
2002-01-16,9.1313,9.1721,9.0013,9.0051,4076000
2002-01-17,9.1684,9.2389,9.0682,9.2278,1590000
2002-01-18,9.0013,9.0533,8.8566,8.9197,3200200
2002-01-22,8.9828,9.0051,8.5856,8.6005,3783600
2002-01-23,8.6302,8.7898,8.5411,8.7304,2936400
2002-01-24,8.7601,8.9642,8.7601,8.8603,8242000
2002-01-25,8.7786,8.9160,8.7675,8.8269,2238600
2002-01-28,8.5374,8.9642,8.5374,8.8900,2186000
2002-01-29,8.9308,8.9568,8.5411,8.5745,2326200
2002-01-30,8.5411,8.6858,8.3295,8.6858,5865600
2002-01-31,8.8157,8.9085,8.6302,8.8120,2754800
2002-02-01,8.7415,8.8380,8.6079,8.6487,4099800
2002-02-04,8.6487,8.6561,8.3518,8.4037,2595000
2002-02-05,8.2961,8.4780,8.2404,8.2738,6906000
2002-02-06,8.3740,8.3740,8.1625,8.2256,2411400
2002-02-07,8.2256,8.3406,8.0919,8.1031,3421400
2002-02-08,8.1476,8.2664,8.0400,8.2590,2287800
2002-02-11,8.2961,8.4446,8.2441,8.4446,1265000
2002-02-12,8.2998,8.4260,8.2627,8.3072,2014800
2002-02-13,8.3889,8.4705,8.3518,8.4408,1112600
2002-02-14,8.5151,8.5188,8.3295,8.3518,1585600
2002-02-15,8.3072,8.3666,8.0734,8.1105,2396800
2002-02-19,7.9806,8.0288,7.8135,7.8247,3603600
2002-02-20,7.8358,7.9286,7.6539,7.9212,3243400
2002-02-21,7.7987,7.8544,7.5426,7.5537,2031800
2002-02-22,7.5166,7.7356,7.4498,7.6020,2428800
2002-02-25,7.7133,7.9360,7.6502,7.8581,2616800
2002-02-26,7.9249,7.9657,7.7356,7.8098,894000
2002-02-27,7.9026,7.9583,7.6651,7.7541,3199200
2002-02-28,7.7393,7.8692,7.6502,7.6651,829200
2002-03-01,7.7653,8.0622,7.7579,8.0511,3147000
2002-03-04,8.0919,8.3443,7.9620,8.3443,3348400
2002-03-05,8.3332,8.4817,8.3146,8.3703,1839000
2002-03-06,8.3146,8.5077,8.2404,8.4520,1016600
2002-03-07,8.5485,8.5782,8.3221,8.4223,959800
2002-03-08,8.6561,8.7155,8.5374,8.6450,3953400
2002-03-11,8.5745,8.7452,8.5114,8.6710,1919200
2002-03-12,8.4817,8.4854,8.3740,8.4854,1831800
2002-03-13,8.3889,8.3889,8.2330,8.2627,1163600
2002-03-14,8.2961,8.3072,8.1550,8.1662,718200
2002-03-15,8.1699,8.2664,8.1439,8.2256,813600
2002-03-18,8.3889,8.3889,8.2070,8.2515,1285000
2002-03-19,8.2812,8.3369,8.2218,8.2849,1154800
2002-03-20,8.1513,8.1773,8.0177,8.0325,2164800
2002-03-21,8.0548,8.2033,7.9806,8.1921,3094200
2002-03-22,8.1847,8.1996,8.0659,8.0734,1764600
2002-03-25,8.1105,8.1625,7.8915,7.8915,2307200
2002-03-26,7.8766,8.0697,7.8618,7.9509,4002800
2002-03-27,7.9286,7.9694,7.8618,7.9472,1625400
2002-03-28,8.0177,8.1068,8.0103,8.0437,2679800
2002-04-01,7.9880,8.1847,7.9249,8.1328,712600
2002-04-02,8.0103,8.0474,7.8766,7.8952,908000
2002-04-03,7.8692,7.9583,7.6948,7.7727,1483800
2002-04-04,7.7950,7.8803,7.7059,7.8061,2802400
2002-04-05,7.8878,7.8878,7.6688,7.6836,1622600
2002-04-08,7.4795,7.6725,7.4164,7.6465,1657600
2002-04-09,7.6836,7.7282,7.4312,7.4535,1835200
2002-04-10,7.4795,7.5500,7.3124,7.4758,2450600
2002-04-11,7.4052,7.4238,7.1974,7.2271,1409200
2002-04-12,7.3124,7.3867,7.2530,7.3495,1827400
2002-04-15,7.4609,7.4609,7.3273,7.3681,1300800
2002-04-16,7.6094,7.7170,7.5537,7.7022,3304600
2002-04-17,7.7950,7.8172,7.6688,7.7319,2170400
2002-04-18,7.6836,7.7467,7.5203,7.6502,2312200
2002-04-19,7.7393,7.7393,7.6131,7.6279,452000
2002-04-22,7.4609,7.5129,7.3644,7.4386,996000
2002-04-23,7.4349,7.4795,7.2605,7.2864,697000
2002-04-24,7.3050,7.3755,7.1677,7.1751,1498400
2002-04-25,7.1640,7.2642,7.1046,7.2233,1422800
2002-04-26,7.2753,7.3087,6.9784,6.9784,3914200
2002-04-29,6.9635,7.0749,6.8856,6.9338,1921600
2002-04-30,6.9784,7.1602,6.9227,7.0712,3062400
2002-05-01,7.0340,7.0897,6.8225,7.0118,908600
2002-05-02,7.0081,7.1194,6.8113,6.8336,927800
2002-05-03,6.8076,7.0823,6.6146,6.6703,1660000
2002-05-06,6.5886,6.7111,6.4735,6.4810,1345400
2002-05-07,6.5478,6.5886,6.4104,6.4810,1497400
2002-05-08,6.8670,7.1640,6.8262,7.1528,6047800
2002-05-09,7.1268,7.1417,6.9078,6.9190,3875800
2002-05-10,6.9227,6.9450,6.6406,6.6814,1695400
2002-05-13,6.7000,6.9598,6.6814,6.9449,2033600
2002-05-14,7.2530,7.3013,7.1454,7.2790,4165600
2002-05-15,7.1454,7.4609,7.1268,7.2568,5863600
2002-05-16,7.2568,7.3681,7.2196,7.3644,1471800
2002-05-17,7.4423,7.4720,7.3087,7.4015,1858600
2002-05-20,7.2939,7.3384,7.1788,7.2085,2145000
2002-05-21,7.3124,7.3124,7.0192,7.0303,5041000
2002-05-22,7.0155,7.1157,6.9524,7.1157,1862800
2002-05-23,7.1417,7.2159,7.0006,7.1714,779000
2002-05-24,7.0563,7.1046,6.9784,7.0155,906200
2002-05-28,7.0303,7.0563,6.8744,6.9524,1906200
2002-05-29,6.8781,6.9153,6.8187,6.8225,2000200
2002-05-30,6.7705,6.8967,6.7297,6.8559,997000
2002-05-31,6.9115,6.9672,6.7779,6.7779,1626800
2002-06-03,6.7816,6.8373,6.5478,6.5775,1408400
2002-06-04,6.5144,6.7371,6.5144,6.6703,3079000
2002-06-05,6.6443,6.7519,6.5886,6.7519,1374600
2002-06-06,6.6628,6.6925,6.5292,6.5886,1629000
2002-06-07,6.3659,6.5218,6.2694,6.4438,3143600
2002-06-10,6.4067,6.5032,6.3622,6.3845,1383000
2002-06-11,6.4587,6.5107,6.2434,6.2434,1897600
2002-06-12,6.1914,6.3845,6.1469,6.3696,2063200
2002-06-13,6.4513,6.4513,6.2397,6.2620,1352800
2002-06-14,6.1246,6.2768,5.9799,6.2508,1765600
2002-06-17,6.2917,6.4847,6.2917,6.4624,807800
2002-06-18,6.3845,6.5329,6.3845,6.3919,696600
2002-06-19,6.3102,6.3399,6.1098,6.1395,1163000
2002-06-20,6.1617,6.1914,5.9465,5.9984,953000
2002-06-21,5.8648,6.0281,5.7831,5.8277,1403600
2002-06-24,5.7534,6.0096,5.6681,5.9279,1805200
2002-06-25,6.0058,6.0133,5.7126,5.7237,1276600
2002-06-26,5.4194,5.8017,5.3822,5.7274,2459600
2002-06-27,5.7980,5.8796,5.6198,5.8796,1129200
2002-06-28,5.9205,6.0021,5.8351,5.8722,908000
2002-07-01,5.8574,5.8945,5.6161,5.6235,1169000
2002-07-02,5.5307,5.6235,5.4231,5.4565,2827400
2002-07-03,5.3897,5.6569,5.3897,5.6569,1037400
2002-07-05,5.7349,5.9761,5.7349,5.9613,4479400
2002-07-08,6.0021,6.0133,5.7423,5.7831,2180200
2002-07-09,5.7757,5.8499,5.6829,5.6978,795200
2002-07-10,5.7349,5.7757,5.5456,5.5456,1815800
2002-07-11,5.5122,5.7497,5.4491,5.7497,2555800
2002-07-12,5.8834,5.8834,5.6755,5.7237,2222200
2002-07-15,5.6050,5.8351,5.4788,5.8351,1097400
2002-07-16,5.7534,5.9539,5.7200,5.7683,2009800
2002-07-17,6.0504,6.0504,5.7349,5.8091,3634000
2002-07-18,5.7571,5.8722,5.6792,5.6866,738600
2002-07-19,5.5938,5.7015,5.4342,5.5084,2839200
2002-07-22,5.3860,5.5233,5.1781,5.2189,2315200
2002-07-23,5.2635,5.2746,4.9554,4.9591,2018600
2002-07-24,4.7883,5.2152,4.7883,5.2152,1788600
2002-07-25,5.1410,5.1595,4.8069,4.9034,2473800
2002-07-26,4.9554,5.0111,4.8440,4.9702,2312000
2002-07-29,5.1224,5.2894,5.0704,5.2635,2021800
2002-07-30,5.2078,5.3934,5.1818,5.3451,1533600
2002-07-31,5.2783,5.3377,5.2078,5.3154,718400
2002-08-01,5.2598,5.3266,5.0630,5.0816,2134600
2002-08-02,5.0296,5.0853,4.8997,4.9739,1884600
2002-08-05,4.9257,4.9591,4.7364,4.7586,886400
2002-08-06,4.8811,5.1150,4.8811,4.9591,869400
2002-08-07,5.1670,5.1967,4.8663,5.0482,1362200
2002-08-08,5.0445,5.2635,4.9628,5.2338,794200
2002-08-09,5.1521,5.2746,5.1187,5.2152,393200
2002-08-12,5.1224,5.2301,5.0964,5.1670,377800
2002-08-13,5.1781,5.3080,5.0482,5.0482,1398400
2002-08-14,5.1001,5.3897,5.0556,5.3637,1792800
2002-08-15,5.4639,5.4936,5.3080,5.4379,715800
2002-08-16,5.3266,5.6198,5.3266,5.5678,3721000
2002-08-19,5.5827,5.7980,5.5678,5.7720,2438600
2002-08-20,5.7163,5.7237,5.5864,5.6087,1334400
2002-08-21,5.7015,5.8054,5.6087,5.7831,1280200
2002-08-22,5.8277,5.8796,5.7275,5.8499,1566000
2002-08-23,5.7571,5.7757,5.5864,5.6384,1902000
2002-08-26,5.6235,5.7015,5.5233,5.6755,1284800
2002-08-27,5.6866,5.7052,5.4639,5.4862,2273600
2002-08-28,5.4194,5.4379,5.3043,5.3340,2237800
2002-08-29,5.2338,5.4528,5.2189,5.4082,1332600
2002-08-30,5.3266,5.3785,5.2672,5.2709,3210400
2002-09-03,5.1410,5.1818,5.0111,5.0111,2919800
2002-09-04,5.0185,5.1744,5.0111,5.1670,1838400
2002-09-05,5.0296,5.0593,4.9591,4.9925,785800
2002-09-06,5.0742,5.2041,5.0556,5.1595,5887800
2002-09-09,5.0779,5.2375,5.0370,5.2152,1398400
2002-09-10,5.2598,5.3191,5.2115,5.3043,580000
2002-09-11,5.4565,5.4565,5.3117,5.3340,1437000
2002-09-12,5.2523,5.2894,5.1373,5.1373,680800
2002-09-13,5.1039,5.2115,5.0927,5.1595,493600
2002-09-16,5.1224,5.1484,5.0333,5.0742,401600
2002-09-17,5.1484,5.2041,4.9962,5.0111,757200
2002-09-18,4.9257,5.0296,4.8774,4.9591,1211000
2002-09-19,4.8440,4.8700,4.7364,4.7364,2299400
2002-09-20,4.8255,4.8255,4.7252,4.7624,2982600
2002-09-23,4.6547,4.6881,4.5656,4.6139,1797000
2002-09-24,4.5508,4.6621,4.5137,4.5396,2655600
2002-09-25,4.6436,4.7809,4.5693,4.7141,2690200
2002-09-26,4.7883,4.8069,4.6287,4.6584,3233800
2002-09-27,4.6213,4.7215,4.5396,4.5434,2185600
2002-09-30,4.5062,4.5062,4.3503,4.3912,3170600
2002-10-01,4.4320,4.6399,4.3763,4.6287,2156800
2002-10-02,4.5953,4.6955,4.4914,4.5248,5077800
2002-10-03,4.5285,4.6287,4.4951,4.5137,1044400
2002-10-04,4.5805,4.5805,4.3800,4.4172,2278200
2002-10-07,4.4023,4.4691,4.3132,4.3392,1374800
2002-10-08,4.3837,4.4209,4.2390,4.3392,2372200
2002-10-09,4.2687,4.3875,4.2316,4.2984,1965000
2002-10-10,4.3095,4.5545,4.2538,4.5248,2984600
2002-10-11,4.6399,4.8440,4.6324,4.8106,4996600
2002-10-14,4.6993,4.8255,4.6993,4.8180,1476000
2002-10-15,5.0296,5.1373,4.9888,5.1224,5464000
2002-10-16,4.8997,4.9628,4.8180,4.8440,2210600
2002-10-17,5.1224,5.1410,4.9925,5.0482,3150200
2002-10-18,5.0482,5.1261,4.9368,5.1150,1247200
2002-10-21,5.0333,5.2598,5.0185,5.2189,2944600
2002-10-22,5.1187,5.2894,5.0593,5.1966,5402600
2002-10-23,5.1818,5.3377,5.1150,5.3377,1502800
2002-10-24,5.3822,5.4305,5.2263,5.2523,3005000
2002-10-25,5.2301,5.3971,5.2301,5.3934,1373400
2002-10-28,5.4750,5.5122,5.3526,5.3822,1220200
2002-10-29,5.3600,5.4194,5.1632,5.2932,2317600
2002-10-30,5.2932,5.5010,5.2709,5.4750,1708600
2002-10-31,5.5010,5.5864,5.4342,5.4788,4234400
2002-11-01,5.4194,5.6532,5.3600,5.6421,1282200
2002-11-04,5.8834,5.9947,5.8054,5.8611,6071800
2002-11-05,5.7720,5.8722,5.7200,5.8240,2855800
2002-11-06,5.8834,5.9316,5.7534,5.9168,1619200
2002-11-07,5.8240,5.8240,5.6643,5.6829,1449200
2002-11-08,5.7126,5.7906,5.6087,5.6421,2894000
2002-11-11,5.6272,5.6272,5.4194,5.4453,1722200
2002-11-12,5.4862,5.6866,5.4862,5.5975,661600
2002-11-13,5.5678,5.6792,5.4936,5.6235,3293200
2002-11-14,5.7534,5.8499,5.6978,5.8499,3078600
2002-11-15,5.7683,5.8796,5.7163,5.8611,1837600
2002-11-18,5.9353,5.9465,5.7906,5.7943,2332200
2002-11-19,5.7720,5.8017,5.6606,5.7015,1701800
2002-11-20,5.6866,5.9761,5.6866,5.9390,2580400
2002-11-21,6.1061,6.2545,6.0541,6.2471,7346800
2002-11-22,6.1432,6.2657,6.1246,6.2248,2595200
2002-11-25,6.2360,6.3548,6.2211,6.3176,3775200
2002-11-26,6.2545,6.3065,6.1358,6.1358,3468400
2002-11-27,6.2917,6.4067,6.2323,6.3845,2463600
2002-11-29,6.4216,6.4216,6.3288,6.3473,869600
2002-12-02,6.5329,6.6072,6.2917,6.3659,3563200
2002-12-03,6.2545,6.2731,6.1358,6.1432,6049400
2002-12-04,5.9873,6.1209,5.9465,6.0504,3542200
2002-12-05,6.1395,6.1395,5.9130,5.9168,1951800
2002-12-06,5.8648,6.0281,5.7906,5.9724,1987600
2002-12-09,5.8648,5.8871,5.6755,5.6903,2260200
2002-12-10,5.6978,5.8351,5.6978,5.7831,6605800
2002-12-11,5.7497,5.8945,5.6978,5.8277,1468200
2002-12-12,5.8834,5.8982,5.7683,5.8017,1327000
2002-12-13,5.7571,5.7683,5.6606,5.6718,1067600
2002-12-16,5.6829,5.8871,5.6829,5.8648,3185200
2002-12-17,5.8759,5.9427,5.8165,5.8351,5131800
2002-12-18,5.7460,5.7794,5.6421,5.6755,1610600
2002-12-19,5.7052,5.7943,5.5938,5.6532,4875000
2002-12-20,5.7317,5.7615,5.6759,5.7131,3538600
2002-12-23,5.6945,5.8173,5.6796,5.7839,2141800
2002-12-24,5.7243,5.7913,5.7131,5.7243,1050600
2002-12-26,5.7652,5.8322,5.6573,5.6945,1577800
2002-12-27,5.6908,5.7094,5.5829,5.5940,2507600
2002-12-30,5.6499,5.6499,5.4898,5.5382,7433600
2002-12-31,5.5717,5.5754,5.4787,5.5084,4342200
2003-01-02,5.5457,5.8062,5.5382,5.8062,4144400
2003-01-03,5.7876,5.8434,5.7317,5.8285,3162400
2003-01-06,5.8657,6.1263,5.8657,6.0853,2575600
2003-01-07,6.1114,6.2044,6.0667,6.1486,3594400
2003-01-08,6.0481,6.0853,5.9476,5.9476,3033600
2003-01-09,6.0630,6.1747,6.0407,6.1225,1743600
2003-01-10,6.0109,6.2156,6.0109,6.1560,1583600
2003-01-13,6.2714,6.2900,6.1039,6.1225,2677400
2003-01-14,6.1374,6.2268,6.1225,6.2081,1894800
2003-01-15,6.2342,6.2454,6.0667,6.0853,1816000
2003-01-16,6.0742,6.1225,5.9365,5.9551,2588400
2003-01-17,5.7876,5.8211,5.6573,5.6648,5678600
2003-01-21,5.7169,5.7317,5.6275,5.6275,2873800
2003-01-22,5.6201,5.7243,5.5903,5.5903,2727800
2003-01-23,5.7317,5.7317,5.5643,5.6871,1054800
2003-01-24,5.6573,5.6685,5.4377,5.4638,2671800
2003-01-27,5.3782,5.5196,5.3707,5.4042,3370400
2003-01-28,5.4898,5.5196,5.3856,5.4787,1193200
2003-01-29,5.4712,5.5829,5.3856,5.5568,1993400
2003-01-30,5.6164,5.6164,5.3744,5.3856,1759800
2003-01-31,5.3186,5.4117,5.2591,5.3782,1676200
2003-02-03,5.3707,5.4712,5.3670,5.4265,2158200
2003-02-04,5.3261,5.3596,5.2777,5.3335,1377200
2003-02-05,5.4340,5.4861,5.3037,5.3149,1449400
2003-02-06,5.2702,5.3670,5.2516,5.2851,844200
2003-02-07,5.3409,5.3670,5.1883,5.2256,1116400
2003-02-10,5.2218,5.3037,5.1660,5.2814,1139000
2003-02-11,5.3000,5.3596,5.2181,5.2628,639000
2003-02-12,5.2516,5.3037,5.1921,5.1921,574800
2003-02-13,5.2256,5.2330,5.1176,5.2070,1257000
2003-02-14,5.2553,5.3744,5.2144,5.3707,2567600
2003-02-18,5.4154,5.5643,5.4154,5.5456,2075400
2003-02-19,5.5270,5.5531,5.4228,5.5084,1064400
2003-02-20,5.5084,5.5419,5.4154,5.4228,960800
2003-02-21,5.4526,5.5308,5.3409,5.4898,916600
2003-02-24,5.4712,5.4787,5.3707,5.3968,1383600
2003-02-25,5.3037,5.4303,5.2405,5.4117,882800
2003-02-26,5.3782,5.4228,5.2553,5.2702,1415000
2003-02-27,5.2888,5.3931,5.2665,5.3223,1917200
2003-02-28,5.3409,5.4228,5.3409,5.4042,1851200
2003-03-03,5.4154,5.4712,5.2851,5.3112,1388800
2003-03-04,5.2963,5.3186,5.2367,5.2516,712200
2003-03-05,5.2293,5.3112,5.2293,5.3037,776000
2003-03-06,5.2330,5.2926,5.2144,5.2367,1019600
2003-03-07,5.1027,5.2665,5.1027,5.2107,1616800
2003-03-10,5.1772,5.2032,5.0879,5.1027,767800
2003-03-11,5.1027,5.1660,5.0655,5.0767,697200
2003-03-12,5.0692,5.1548,4.9948,5.1437,884000
2003-03-13,5.2665,5.4303,5.1921,5.4191,2896200
2003-03-14,5.4712,5.5084,5.3707,5.4377,2836600
2003-03-17,5.3968,5.6908,5.3596,5.6871,5973400
2003-03-18,5.7243,5.7280,5.6238,5.7131,2887400
2003-03-19,5.6685,5.7280,5.5940,5.7020,2966600
2003-03-20,5.6461,5.7578,5.5829,5.6945,1280400
2003-03-21,5.8062,5.8099,5.7057,5.7801,3290600
2003-03-24,5.6126,5.6573,5.5308,5.5456,1847400
2003-03-25,5.5270,5.6573,5.5122,5.6238,1304000
2003-03-26,5.6387,5.6387,5.5568,5.6052,2671200
2003-03-27,5.5457,5.6126,5.4973,5.5419,1021400
2003-03-28,5.5643,5.5791,5.4675,5.4712,845400
2003-03-31,5.3633,5.4154,5.3223,5.3223,2439200
2003-04-01,5.3409,5.4340,5.3372,5.3856,1305200
2003-04-02,5.4898,5.6461,5.4898,5.6164,3119000
2003-04-03,5.6945,5.6982,5.5978,5.6015,2762600
2003-04-04,5.6275,5.6387,5.4935,5.5382,798200
2003-04-07,5.7690,5.7690,5.5531,5.5531,1554400
2003-04-08,5.5829,5.5829,5.4749,5.4973,2225200
2003-04-09,5.4712,5.5568,5.3633,5.3782,2548200
2003-04-10,5.3782,5.4266,5.3335,5.4117,1067400
2003-04-11,5.5047,5.5270,5.3447,5.3633,1287600
2003-04-14,5.3596,5.5047,5.3596,5.4935,1345600
2003-04-15,5.4861,5.5382,5.4526,5.5047,706400
2003-04-16,5.6126,5.6573,5.5270,5.5456,1124600
2003-04-17,5.5457,5.6759,5.5084,5.6610,2423600
2003-04-21,5.6759,5.7020,5.5978,5.6387,3037600
2003-04-22,5.5829,5.7615,5.5791,5.7615,1659800
2003-04-23,5.7652,5.8620,5.7429,5.8583,1962600
2003-04-24,5.7987,5.8546,5.7355,5.8062,782400
2003-04-25,5.7801,5.7801,5.6796,5.6982,1581400
2003-04-28,5.6945,5.8508,5.6908,5.8173,997800
2003-04-29,5.8620,5.9327,5.8099,5.8769,1180600
2003-04-30,5.8583,5.8769,5.8099,5.8099,1018000
2003-05-01,5.7950,5.8955,5.7541,5.8657,969800
2003-05-02,5.8583,5.9886,5.8583,5.9886,1167600
2003-05-05,6.0072,6.0630,5.9699,5.9737,1858600
2003-05-06,5.9886,6.1412,5.9886,6.0816,2328200
2003-05-07,6.0481,6.0928,5.9699,6.0072,2072200
2003-05-08,5.9699,5.9923,5.9104,5.9104,1228600
2003-05-09,5.9848,6.0742,5.9811,6.0742,739800
2003-05-12,6.0816,6.1895,6.0444,6.1672,1005000
2003-05-13,6.1039,6.1895,6.1039,6.1560,1424400
2003-05-14,6.1784,6.2119,6.0816,6.1337,1082800
2003-05-15,6.1747,6.2342,6.1225,6.1970,1354400
2003-05-16,6.1672,6.1970,6.1039,6.1412,2263800
2003-05-19,6.0779,6.1039,5.9178,5.9178,1921200
2003-05-20,5.9365,5.9997,5.8806,5.9290,3637600
2003-05-21,5.9551,5.9551,5.8732,5.9365,1881000
2003-05-22,5.9439,6.0221,5.9104,5.9997,5500200
2003-05-23,5.9588,6.0295,5.9588,6.0072,595800
2003-05-27,5.9551,6.1895,5.9551,6.1635,1399200
2003-05-28,6.1895,6.2454,6.1412,6.2044,1882600
2003-05-29,6.2007,6.3347,6.1970,6.2193,1460000
2003-05-30,6.2640,6.3384,6.2640,6.3086,2174800
2003-06-02,6.3273,6.4240,6.2714,6.2751,1386200
2003-06-03,6.2268,6.3384,6.2268,6.3310,1720800
2003-06-04,6.3570,6.4910,6.3310,6.4650,5049000
2003-06-05,6.4203,6.4724,6.3645,6.4650,1011200
2003-06-06,6.6176,6.6436,6.3868,6.4017,1690200
2003-06-09,6.3942,6.4240,6.2677,6.3086,2334000
2003-06-10,6.3161,6.4166,6.3124,6.3980,1137600
2003-06-11,6.3459,6.4873,6.3161,6.4389,918400
2003-06-12,6.5096,6.5208,6.4129,6.4687,1967800
2003-06-13,6.4724,6.4985,6.3161,6.3273,2936800
2003-06-16,6.3980,6.4947,6.3459,6.4836,4128200
2003-06-17,6.5580,6.5580,6.4538,6.5133,2267200
2003-06-18,6.4575,6.6324,6.4538,6.5766,874400
2003-06-19,6.6064,6.6622,6.5245,6.5282,797200
2003-06-20,6.5506,6.5878,6.4910,6.5208,778600
2003-06-23,6.4873,6.5059,6.3310,6.3905,3413600
2003-06-24,6.3719,6.4203,6.3235,6.3645,1206400
2003-06-25,6.3459,6.4464,6.2677,6.3012,1194000
2003-06-26,6.3012,6.4389,6.2900,6.4203,3227400
2003-06-27,6.4352,6.4836,6.3347,6.3719,1001600
2003-06-30,6.4091,6.4538,6.3347,6.3533,1116400
2003-07-01,6.2938,6.4426,6.2416,6.4426,1207800
2003-07-02,6.4538,6.5803,6.4538,6.5766,1607200
2003-07-03,6.5059,6.6027,6.4947,6.4985,1528600
2003-07-07,6.5766,6.7367,6.5766,6.7218,1470400
2003-07-08,6.7218,6.8037,6.6659,6.7739,1561800
2003-07-09,6.7739,6.8520,6.7255,6.7664,2366600
2003-07-10,6.6920,6.7255,6.5841,6.6101,2022400
2003-07-11,6.6362,6.7367,6.6362,6.7032,690800
2003-07-14,6.8334,6.8669,6.7143,6.7329,989600
2003-07-15,6.8297,6.8297,6.6808,6.7441,1414800
2003-07-16,6.8297,6.8297,6.6585,6.7218,978400
2003-07-17,6.5915,6.6250,6.4575,6.5171,1333000
2003-07-18,6.5580,6.5692,6.4464,6.5320,423200
2003-07-21,6.4836,6.5320,6.3645,6.3868,936400
2003-07-22,6.5022,6.5506,6.4389,6.5245,839600
2003-07-23,6.5692,6.5692,6.4464,6.5617,494400
2003-07-24,6.5878,6.6436,6.4389,6.4687,1099600
2003-07-25,6.4761,6.6101,6.3980,6.6064,693400
2003-07-28,6.5878,6.6436,6.5692,6.6176,1909200
2003-07-29,6.6176,6.6287,6.4985,6.5543,1697200
2003-07-30,6.5952,6.5952,6.4985,6.5059,400800
2003-07-31,6.6250,6.6808,6.5468,6.5506,2461800
2003-08-01,6.5394,6.5766,6.4985,6.5171,2422400
2003-08-04,6.5506,6.6064,6.4501,6.5729,677800
2003-08-05,6.5878,6.5878,6.3831,6.4091,666600
2003-08-06,6.3384,6.4575,6.3049,6.3496,1286400
2003-08-07,6.3235,6.3719,6.2975,6.3310,902800
2003-08-08,6.3570,6.3980,6.2900,6.3235,650000
2003-08-11,6.3198,6.4054,6.3124,6.3533,875400
2003-08-12,6.3719,6.4650,6.3496,6.4501,448200
2003-08-13,6.5096,6.5133,6.4129,6.4389,529200
2003-08-14,6.4315,6.5208,6.4129,6.4947,458800
2003-08-15,6.4650,6.5320,6.4650,6.4650,549200
2003-08-18,6.5543,6.6659,6.5208,6.6548,654200
2003-08-19,6.6957,6.7441,6.6473,6.7441,1002000
2003-08-20,6.6994,6.7515,6.6511,6.7069,1089800
2003-08-21,6.7739,6.8223,6.7069,6.7702,614200
2003-08-22,6.8669,6.9376,6.7441,6.7590,668400
2003-08-25,6.7181,6.7590,6.6846,6.7181,733200
2003-08-26,6.6808,6.7776,6.6176,6.7553,757600
2003-08-27,6.7627,6.8223,6.7255,6.7999,409000
2003-08-28,6.8297,6.8669,6.7441,6.8409,1086400
2003-08-29,6.8185,6.9004,6.8037,6.8632,582000
2003-09-02,6.9414,7.0233,6.8595,7.0121,881200
2003-09-03,7.0828,7.1461,7.0381,7.0865,1388400
2003-09-04,7.1051,7.1833,7.0642,7.1535,777400
2003-09-05,7.1126,7.2205,7.0902,7.1163,1063200
2003-09-08,7.1461,7.2503,7.1461,7.2466,937400
2003-09-09,7.2205,7.2280,7.1423,7.1684,970800
2003-09-10,7.1386,7.1386,6.9525,6.9563,1121200
2003-09-11,7.0232,7.0828,6.9376,7.0381,629000
2003-09-12,6.9600,7.0679,6.9339,7.0456,585600
2003-09-15,7.0977,7.0977,6.9935,7.0046,542000
2003-09-16,7.0046,7.2019,7.0046,7.1833,424400
2003-09-17,7.1796,7.2317,7.1423,7.1721,624200
2003-09-18,7.1461,7.2949,7.1237,7.2726,888400
2003-09-19,7.2875,7.3024,7.1349,7.2801,515000
2003-09-22,7.1721,7.1945,7.0902,7.1424,823200
2003-09-23,7.1461,7.1945,7.0902,7.1833,577200
2003-09-24,7.2242,7.2242,6.9339,6.9376,1216600
2003-09-25,6.9823,7.0307,6.8855,6.8855,1365400
2003-09-26,6.8967,6.9414,6.8409,6.8483,787200
2003-09-29,6.9041,6.9600,6.8334,6.9600,604600
2003-09-30,6.9153,6.9823,6.7776,6.8037,873800
2003-10-01,6.8558,6.9600,6.8111,6.9525,1245400
2003-10-02,6.9376,6.9749,6.8893,6.9376,593400
2003-10-03,7.0232,7.2131,7.0232,7.1498,1815600
2003-10-06,7.1907,7.2019,7.1275,7.1870,1340400
2003-10-07,7.1610,7.2391,7.1200,7.2354,546400
2003-10-08,7.2466,7.2652,7.1498,7.1833,423400
2003-10-09,7.2763,7.3433,7.1982,7.2131,1000200
2003-10-10,7.2577,7.2801,7.2056,7.2726,650400
2003-10-13,7.2987,7.3508,7.2503,7.2949,519600
2003-10-14,7.2763,7.2912,7.2280,7.2763,440600
2003-10-15,7.4252,7.4252,7.2912,7.3210,2073400
2003-10-16,7.3136,7.3508,7.2577,7.3471,486400
2003-10-17,7.3247,7.3694,7.2093,7.2280,689000
2003-10-20,7.2280,7.3210,7.2131,7.3136,891000
2003-10-21,7.3471,7.3731,7.2987,7.3545,450400
2003-10-22,7.2577,7.3098,7.2242,7.2466,949200
2003-10-23,7.1647,7.2242,7.1275,7.1907,1104400
2003-10-24,7.0754,7.1014,6.9786,7.0828,737600
2003-10-27,7.1461,7.1758,7.0940,7.1200,488600
2003-10-28,7.1535,7.2949,7.1498,7.2912,702800
2003-10-29,7.2949,7.3247,7.2205,7.3024,411200
2003-10-30,7.3694,7.3917,7.2838,7.2949,982200
2003-10-31,7.3433,7.3582,7.2875,7.3024,1413200
2003-11-03,7.3619,7.4773,7.3619,7.4736,1227200
2003-11-04,7.4438,7.4624,7.3806,7.4103,886400
2003-11-05,7.4066,7.4438,7.3322,7.4327,380600
2003-11-06,7.4810,7.5034,7.3954,7.4922,836200
2003-11-07,7.5220,7.5518,7.4401,7.4624,388600
2003-11-10,7.4736,7.4736,7.3508,7.3657,667000
2003-11-11,7.3880,7.3954,7.3284,7.3471,332000
2003-11-12,7.3880,7.5183,7.3768,7.5034,607000
2003-11-13,7.4252,7.4810,7.3917,7.4401,892000
2003-11-14,7.4438,7.4810,7.3210,7.3396,704200
2003-11-17,7.2428,7.3098,7.1684,7.2391,1317800
2003-11-18,7.3098,7.3173,7.1461,7.1498,793600
2003-11-19,7.1275,7.2354,7.1275,7.2280,1254000
2003-11-20,7.1461,7.2726,7.1163,7.1163,704600
2003-11-21,7.1535,7.1982,7.1126,7.1758,362600
2003-11-24,7.2726,7.3657,7.2503,7.3582,1031800
2003-11-25,7.3843,7.4140,7.3433,7.3508,557200
2003-11-26,7.3806,7.4215,7.3098,7.3806,354400
2003-11-28,7.3731,7.4327,7.3657,7.4066,194200
2003-12-01,7.4438,7.5145,7.4066,7.4810,1013800
2003-12-02,7.4699,7.5183,7.4475,7.4475,730800
2003-12-03,7.5145,7.5443,7.4103,7.4215,531000
2003-12-04,7.4066,7.5145,7.3880,7.5145,486800
2003-12-05,7.4401,7.4736,7.3731,7.3806,746400
2003-12-08,7.3508,7.4178,7.3210,7.3992,644400
2003-12-09,7.4364,7.4624,7.2280,7.2391,725200
2003-12-10,7.2801,7.3136,7.2131,7.2801,1032400
2003-12-11,7.2912,7.4438,7.2689,7.4178,732600
2003-12-12,7.4364,7.4401,7.3619,7.4252,405800
2003-12-15,7.5555,7.5555,7.3247,7.3322,1785200
2003-12-16,7.3433,7.3917,7.3024,7.3694,1575000
2003-12-17,7.3768,7.3768,7.3061,7.3582,553200
2003-12-18,7.3433,7.5071,7.3433,7.4810,1358400
2003-12-19,7.5077,7.5339,7.4102,7.4552,2056600
2003-12-22,7.4364,7.4927,7.4214,7.4664,760600
2003-12-23,7.4852,7.5339,7.4777,7.5264,1053000
2003-12-24,7.5264,7.5451,7.4964,7.5114,1895200
2003-12-26,7.5451,7.5564,7.5152,7.5264,611200
2003-12-29,7.5414,7.6651,7.5339,7.6613,1233800
2003-12-30,7.6651,7.6801,7.6276,7.6501,760000
2003-12-31,7.6951,7.6951,7.6164,7.6388,704000
2004-01-02,7.6688,7.7400,7.6388,7.6763,543600
2004-01-05,7.7213,7.8825,7.7213,7.8637,1341200
2004-01-06,7.8825,7.9462,7.8375,7.9350,925800
2004-01-07,7.9649,7.9912,7.8750,7.9724,1021600
2004-01-08,8.0774,8.1374,8.0024,8.1299,3746400
2004-01-09,7.9874,8.1374,7.9874,8.0212,1046400
2004-01-12,8.0586,8.1486,7.9649,8.1449,877600
2004-01-13,8.1523,8.1673,7.9799,8.0287,2270400
2004-01-14,8.0661,8.1336,8.0399,8.1261,2025000
2004-01-15,8.1074,8.2123,8.0736,8.1598,694000
2004-01-16,8.1861,8.2685,8.1711,8.2648,1032600
2004-01-20,8.3248,8.3360,8.2311,8.2835,1430200
2004-01-21,8.2161,8.2648,8.1523,8.2198,1271400
2004-01-22,8.2086,8.2723,8.1261,8.1411,959400
2004-01-23,8.1374,8.2086,8.0661,8.1149,1321000
2004-01-26,8.1523,8.2760,8.1149,8.2648,7664200
2004-01-27,8.2348,8.2873,8.1224,8.1374,957000
2004-01-28,8.1523,8.2086,7.9762,8.0024,7795000
2004-01-29,8.0099,8.0586,7.8637,7.9612,1299000
2004-01-30,7.9574,8.0174,7.9350,7.9649,721800
2004-02-02,8.0024,8.0586,7.9162,7.9649,4168200
2004-02-03,7.9387,8.0062,7.9387,7.9762,1066200
2004-02-04,7.8338,7.8862,7.7550,7.7813,1374800
2004-02-05,7.7813,7.8375,7.7513,7.7925,597600
2004-02-06,7.7888,7.9574,7.7888,7.9574,1297800
2004-02-09,7.9275,7.9687,7.8937,7.8975,835400
2004-02-10,7.8900,7.9837,7.8900,7.9612,451000
2004-02-11,7.9462,8.0511,7.9462,8.0249,1346400
2004-02-12,7.9762,8.0511,7.9499,7.9499,675200
2004-02-13,7.9912,8.0437,7.8750,7.9012,2313200
2004-02-17,7.9949,8.0362,7.9574,8.0174,714400
2004-02-18,7.9949,8.0324,7.9687,7.9799,1474800
2004-02-19,8.0774,8.0811,7.8562,7.8600,1709600
2004-02-20,7.9087,7.9087,7.7663,7.8225,1117200
2004-02-23,7.8375,7.8712,7.6651,7.7176,2281400
2004-02-24,7.6651,7.7738,7.6538,7.7251,2182600
2004-02-25,7.7400,7.8038,7.7325,7.7850,1108400
2004-02-26,7.7738,7.8487,7.7288,7.8038,870000
2004-02-27,7.8375,7.8525,7.7288,7.7625,713600
2004-03-01,7.7738,7.8825,7.7663,7.8562,1144600
2004-03-02,7.8712,7.9537,7.7813,7.8263,1041400
2004-03-03,7.7963,7.8337,7.7550,7.7888,826600
2004-03-04,7.7925,7.8675,7.7850,7.8562,799000
2004-03-05,7.7888,7.8975,7.7588,7.7963,772800
2004-03-08,7.8000,7.8450,7.6276,7.6276,1185200
2004-03-09,7.6501,7.6576,7.5564,7.6276,941200
2004-03-10,7.6089,7.6538,7.4702,7.4927,5181400
2004-03-11,7.4140,7.5676,7.3952,7.4102,2429600
2004-03-12,7.5077,7.5601,7.4664,7.5564,568600
2004-03-15,7.5226,7.5339,7.3952,7.4140,1413600
2004-03-16,7.4514,7.4927,7.3727,7.4589,1763800
2004-03-17,7.5339,7.5751,7.4777,7.5526,2245200
2004-03-18,7.4889,7.5264,7.4252,7.5039,771000
2004-03-19,7.4702,7.5152,7.3915,7.4027,920200
2004-03-22,7.2978,7.3165,7.2190,7.2828,1256800
2004-03-23,7.2978,7.3690,7.2265,7.2715,813800
2004-03-24,7.2715,7.3802,7.2453,7.3090,1252200
2004-03-25,7.4102,7.5451,7.3877,7.5414,1464800
2004-03-26,7.5039,7.5676,7.4964,7.4964,1742200
2004-03-29,7.6014,7.6313,7.5451,7.5939,806600
2004-03-30,7.5639,7.6164,7.5189,7.6051,1252800
2004-03-31,7.5751,7.6276,7.5564,7.5564,896600
2004-04-01,7.6014,7.6801,7.5864,7.6351,904800
2004-04-02,7.8375,7.8375,7.7363,7.8263,2958000
2004-04-05,7.8113,7.9087,7.8113,7.8937,885800
2004-04-06,7.7775,7.8525,7.7775,7.8113,518000
2004-04-07,7.8150,7.8150,7.6988,7.7625,1432400
2004-04-08,7.8712,7.8712,7.7325,7.7775,685400
2004-04-12,7.8075,7.8150,7.7775,7.7963,538800
2004-04-13,7.8150,7.8263,7.6876,7.6988,1002800
2004-04-14,7.6726,7.7363,7.6426,7.6913,529000
2004-04-15,7.6838,7.7251,7.5301,7.6014,1404800
2004-04-16,7.5489,7.5789,7.4889,7.5301,616800
2004-04-19,7.5189,7.6201,7.5114,7.6164,522800
2004-04-20,7.6538,7.6763,7.4514,7.4514,519000
2004-04-21,7.5039,7.5639,7.4702,7.5639,1048400
2004-04-22,7.4889,7.7138,7.4889,7.6801,1570400
2004-04-23,7.7588,7.7963,7.7063,7.7813,1009800
2004-04-26,7.7700,7.8000,7.6726,7.6876,426400
2004-04-27,7.6951,7.7588,7.6463,7.6651,536000
2004-04-28,7.6388,7.6388,7.5152,7.5339,1476800
2004-04-29,7.5114,7.5564,7.3502,7.4214,944000
2004-04-30,7.4065,7.4439,7.2678,7.2678,1048800
2004-05-03,7.3165,7.3915,7.2528,7.3090,774000
2004-05-04,7.3427,7.4627,7.3128,7.3802,1198000
2004-05-05,7.3915,7.4514,7.3540,7.4177,1468200
2004-05-06,7.3502,7.3990,7.2940,7.3840,950800
2004-05-07,7.3615,7.4664,7.3465,7.3465,835000
2004-05-10,7.2753,7.3465,7.2565,7.3165,850600
2004-05-11,7.3690,7.4327,7.3690,7.4140,762800
2004-05-12,7.4102,7.4102,7.2190,7.3915,814800
2004-05-13,7.3390,7.4477,7.3352,7.3915,745000
2004-05-14,7.4140,7.4140,7.2790,7.2903,1345600
2004-05-17,7.2078,7.2640,7.1516,7.2116,1350200
2004-05-18,7.3015,7.3240,7.2715,7.2828,663200
2004-05-19,7.3465,7.4514,7.3128,7.3165,876400
2004-05-20,7.3053,7.3540,7.2678,7.3127,302600
2004-05-21,7.3615,7.3690,7.2903,7.3352,359400
2004-05-24,7.4214,7.4214,7.3202,7.3465,438800
2004-05-25,7.3090,7.4889,7.2940,7.4852,555800
2004-05-26,7.4739,7.4964,7.4140,7.4702,672400
2004-05-27,7.4777,7.5489,7.4552,7.5152,1904000
2004-05-28,7.4964,7.5526,7.4889,7.5526,564600
2004-06-01,7.4627,7.5339,7.4327,7.5002,499200
2004-06-02,7.5002,7.5339,7.4514,7.5002,1880400
2004-06-03,7.4702,7.4702,7.3990,7.4027,953800
2004-06-04,7.4777,7.5489,7.4702,7.4739,1043200
2004-06-07,7.5152,7.6576,7.5152,7.6463,2318200
2004-06-08,7.6014,7.6913,7.6014,7.6876,1117200
2004-06-09,7.6838,7.6838,7.5939,7.6014,709200
2004-06-10,7.6501,7.6538,7.6089,7.6426,1713600
2004-06-14,7.5789,7.6164,7.5114,7.5376,828800
2004-06-15,7.6051,7.6951,7.5976,7.6501,1184000
2004-06-16,7.6089,7.6426,7.5864,7.6164,1427800
2004-06-17,7.6089,7.6089,7.5152,7.5301,451200
2004-06-18,7.4964,7.6051,7.4964,7.5451,670000
2004-06-21,7.5526,7.6051,7.5002,7.5114,805800
2004-06-22,7.5002,7.6014,7.4927,7.5901,670600
2004-06-23,7.6126,7.7063,7.5826,7.6951,859200
2004-06-24,7.6951,7.7250,7.6388,7.6576,997800
2004-06-25,7.6726,7.7251,7.6463,7.6876,439000
2004-06-28,7.7363,7.7363,7.6089,7.6276,850400
2004-06-29,7.6351,7.7138,7.6089,7.7063,1281600
2004-06-30,7.6988,7.7850,7.6876,7.7588,684200
2004-07-01,7.7400,7.7400,7.5489,7.6164,973400
2004-07-02,7.6238,7.6238,7.5152,7.5339,705200
2004-07-06,7.4477,7.4852,7.3352,7.3727,1693600
2004-07-07,7.3540,7.4552,7.3540,7.4214,414400
2004-07-08,7.3427,7.4065,7.2940,7.2978,551800
2004-07-09,7.3540,7.3915,7.3390,7.3577,437400
2004-07-12,7.3090,7.3615,7.2715,7.3465,2477200
2004-07-13,7.3802,7.3840,7.3053,7.3127,629800
2004-07-14,7.2340,7.2903,7.1703,7.1966,1674200
2004-07-15,7.1966,7.2490,7.1591,7.1591,502000
2004-07-16,7.2190,7.2265,7.0691,7.0841,915200
2004-07-19,7.0729,7.1553,7.0541,7.1066,1379600
2004-07-20,7.1253,7.2228,7.1066,7.2228,1004000
2004-07-21,7.3352,7.3390,7.1029,7.1141,1276400
2004-07-22,7.0954,7.2265,7.0766,7.1891,1563200
2004-07-23,7.1591,7.1591,7.0579,7.0654,536400
2004-07-26,7.0954,7.1366,7.0429,7.1066,915800
2004-07-27,7.1253,7.2078,7.0991,7.1741,1165200
2004-07-28,7.1478,7.2190,7.0691,7.1703,1913600
2004-07-29,7.2153,7.3015,7.2153,7.2715,1026600
2004-07-30,7.2640,7.3202,7.2378,7.2865,338600
2004-08-02,7.2378,7.3277,7.2115,7.3052,846000
2004-08-03,7.2790,7.3015,7.1703,7.1853,859200
2004-08-04,7.1403,7.2378,7.1403,7.1966,1572400
2004-08-05,7.2303,7.2303,7.0804,7.0879,702200
2004-08-06,7.0091,7.0391,6.8742,6.8742,963800
2004-08-09,6.9679,6.9679,6.8967,6.9192,618800
2004-08-10,6.9379,7.0391,6.9379,7.0391,1663400
2004-08-11,6.9454,6.9454,6.8105,6.8630,813200
2004-08-12,6.7693,6.8030,6.6943,6.7280,5286000
2004-08-13,6.7730,6.7880,6.7280,6.7655,855800
2004-08-16,6.7955,6.8667,6.7655,6.8255,851200
2004-08-17,6.8817,6.9117,6.8480,6.8705,709200
2004-08-18,6.8142,7.0016,6.8142,6.9829,1697000
2004-08-19,6.9792,7.0054,6.9192,6.9604,860200
2004-08-20,6.9529,7.0279,6.9529,6.9942,473200
2004-08-23,7.0241,7.0616,7.0017,7.0279,303000
2004-08-24,7.0654,7.0654,6.9642,6.9904,567000
2004-08-25,6.9529,7.0841,6.9529,7.0691,780600
2004-08-26,7.0354,7.0766,7.0279,7.0316,575000
2004-08-27,7.0466,7.0916,7.0354,7.0616,641000
2004-08-30,7.0579,7.0579,6.9867,6.9904,445200
2004-08-31,6.9979,6.9979,6.8967,6.9642,1829200
2004-09-01,6.9604,7.0466,6.9379,7.0166,1044600
2004-09-02,6.9867,7.0991,6.9867,7.0991,324200
2004-09-03,7.0166,7.0316,6.9379,6.9454,338600
2004-09-07,6.9529,7.0279,6.9454,6.9754,572600
2004-09-08,6.9717,7.0316,6.9642,6.9829,447800
2004-09-09,7.0166,7.1141,6.9904,7.0879,536800
2004-09-10,7.0954,7.2190,7.0654,7.2078,585400
2004-09-13,7.2415,7.3053,7.2190,7.2415,1092800
2004-09-14,7.2265,7.2753,7.2153,7.2715,360600
2004-09-15,7.2078,7.2153,7.1403,7.1553,315600
2004-09-16,7.1778,7.2153,7.1628,7.1703,277400
2004-09-17,7.1778,7.2265,7.1553,7.2190,512800
2004-09-20,7.1591,7.2940,7.1591,7.2453,1062200
2004-09-21,7.2453,7.3090,7.2453,7.2715,479200
2004-09-22,7.2003,7.2340,7.1441,7.1516,388400
2004-09-23,7.1666,7.2003,7.1366,7.1703,472000
2004-09-24,7.1591,7.2041,7.1103,7.1103,668000
2004-09-27,7.0766,7.1066,7.0391,7.0466,2521600
2004-09-28,7.0804,7.0804,6.9979,7.0654,2060200
2004-09-29,7.0541,7.1478,7.0541,7.1403,2367200
2004-09-30,7.1253,7.1891,7.1253,7.1666,286200
2004-10-01,7.2078,7.3690,7.2078,7.3465,1866000
2004-10-04,7.4514,7.4739,7.4065,7.4065,3342400
2004-10-05,7.4214,7.4739,7.3915,7.4589,695000
2004-10-06,7.4252,7.5077,7.4065,7.5077,1468800
2004-10-07,7.4627,7.5114,7.4289,7.4289,1162800
2004-10-08,7.3952,7.4402,7.3015,7.3240,745800
2004-10-11,7.3128,7.3615,7.3090,7.3465,407000
2004-10-12,7.2565,7.3352,7.2415,7.3277,573800
2004-10-13,7.4289,7.4289,7.2865,7.3015,392200
2004-10-14,7.3352,7.3352,7.2415,7.2453,379000
2004-10-15,7.2828,7.3465,7.2528,7.2903,497600
2004-10-18,7.2453,7.3727,7.2453,7.3652,480600
2004-10-19,7.4027,7.4702,7.3577,7.3652,5270200
2004-10-20,7.3127,7.3915,7.2978,7.3765,425600
2004-10-21,7.4289,7.4702,7.3615,7.4402,759200
2004-10-22,7.4477,7.4477,7.2753,7.2790,1303200
2004-10-25,7.2678,7.3128,7.2528,7.2678,878800
2004-10-26,7.2640,7.3090,7.2340,7.2828,633800
2004-10-27,7.3090,7.4814,7.2753,7.4589,1832600
2004-10-28,7.4027,7.5189,7.4027,7.4777,1958400
2004-10-29,7.5152,7.5301,7.4402,7.4814,1629000
2004-11-01,7.5152,7.5564,7.4777,7.5414,780400
2004-11-02,7.5601,7.6313,7.5227,7.5526,1782400
2004-11-03,7.6838,7.7063,7.5601,7.5939,1917400
2004-11-04,7.5901,7.6876,7.5601,7.6801,1142800
2004-11-05,7.7588,7.7775,7.6988,7.7475,9837800
2004-11-08,7.7513,7.7700,7.7213,7.7588,928800
2004-11-09,7.7288,7.7925,7.7251,7.7550,1267200
2004-11-10,7.7438,7.7438,7.6726,7.6876,1371600
2004-11-11,7.6726,7.7925,7.6726,7.7850,1063000
2004-11-12,7.8712,7.8937,7.7663,7.8937,788600
2004-11-15,7.9762,8.0062,7.8900,7.9387,5157600
2004-11-16,7.8450,7.8975,7.8375,7.8787,1206000
2004-11-17,7.9649,8.0287,7.9350,7.9687,1380800
2004-11-18,7.9387,8.0099,7.9350,7.9987,1548200
2004-11-19,7.9462,8.0062,7.8600,7.8750,672200
2004-11-22,7.8338,7.9087,7.8075,7.8862,723800
2004-11-23,7.8712,7.9162,7.8188,7.8525,981000
2004-11-24,7.8600,7.9162,7.8600,7.9162,519000
2004-11-26,7.9462,7.9462,7.8937,7.9050,431000
2004-11-29,7.9275,7.9724,7.8600,7.9087,1522000
2004-11-30,7.9162,7.9162,7.8637,7.8637,589800
2004-12-01,7.9087,8.0324,7.8900,8.0249,2342600
2004-12-02,8.1149,8.1224,7.9949,8.0474,1645800
2004-12-03,8.1374,8.1786,8.0924,8.1036,1582200
2004-12-06,8.0586,8.1673,8.0586,8.1374,702600
2004-12-07,8.1673,8.2011,8.0174,8.0287,1859800
2004-12-08,8.0137,8.0549,7.9874,8.0212,854400
2004-12-09,7.9724,8.0399,7.8862,8.0174,1493000
2004-12-10,7.9574,8.0249,7.9574,7.9762,1041400
2004-12-13,8.0586,8.0774,8.0099,8.0699,1180600
2004-12-14,7.9462,8.1186,7.9462,8.0849,3396800
2004-12-15,8.0961,8.1374,8.0474,8.0849,997400
2004-12-16,8.0586,8.1224,8.0062,8.0511,1315800
2004-12-17,7.9892,8.0695,7.9892,8.0122,964400
2004-12-20,8.1039,8.1039,7.9548,7.9663,665200
2004-12-21,8.0198,8.0657,7.9892,8.0542,3929800
2004-12-22,8.0733,8.1115,8.0351,8.0695,1267000
2004-12-23,8.0848,8.1039,8.0542,8.0886,2971800
2004-12-27,8.1115,8.1115,8.0236,8.0389,476200
2004-12-28,8.0657,8.0886,8.0313,8.0810,976400
2004-12-29,8.0618,8.1039,8.0580,8.0810,769800
2004-12-30,8.0886,8.1077,8.0771,8.0848,1085600
2004-12-31,8.0848,8.1115,8.0619,8.0695,978600
2005-01-03,8.1307,8.1421,7.9892,8.0007,2647800
2005-01-04,8.0198,8.0542,7.8210,7.8516,1529400
2005-01-05,7.8554,7.9281,7.8248,7.8248,1627000
2005-01-06,7.8401,7.8822,7.7981,7.8019,963400
2005-01-07,7.7981,7.8822,7.7752,7.8172,791200
2005-01-10,7.8937,7.8937,7.7943,7.8172,987600
2005-01-11,7.6911,7.8057,7.6911,7.7408,1467800
2005-01-12,7.7408,7.7943,7.6987,7.7828,5578800
2005-01-13,7.7790,7.7866,7.6834,7.7064,2369200
2005-01-14,7.6987,7.7599,7.6987,7.7293,8207000
2005-01-18,7.7178,7.8134,7.6987,7.8134,1050600
2005-01-19,7.8134,7.8134,7.6490,7.6490,2025000
2005-01-20,7.6375,7.6605,7.5687,7.5955,2012600
2005-01-21,7.6452,7.6452,7.5382,7.5420,3038400
2005-01-24,7.5496,7.5687,7.4655,7.4808,1966200
2005-01-25,7.4885,7.5687,7.4885,7.4923,2121400
2005-01-26,7.5496,7.5878,7.5114,7.5687,727200
2005-01-27,7.5343,7.5840,7.5190,7.5611,1442000
2005-01-28,7.5878,7.6146,7.4999,7.5611,686400
2005-01-31,7.5687,7.6452,7.5687,7.6146,2628400
2005-02-01,7.6452,7.6758,7.6184,7.6605,1404400
2005-02-02,7.6452,7.6987,7.6299,7.6643,928800
2005-02-03,7.6567,7.6605,7.5764,7.6146,1973400
2005-02-04,7.6261,7.7599,7.5993,7.7446,1695000
2005-02-07,7.7446,7.7752,7.7140,7.7216,1863400
2005-02-08,7.7025,7.7943,7.6987,7.7599,971600
2005-02-09,7.7522,7.7637,7.6261,7.6261,2332400
2005-02-10,7.6261,7.6681,7.5917,7.6414,824800
2005-02-11,7.5802,7.7331,7.5802,7.7140,1134600
2005-02-14,7.6758,7.7484,7.6758,7.7293,1926800
2005-02-15,7.6987,7.8172,7.6987,7.7675,2085200
2005-02-16,7.7102,7.7675,7.7102,7.7408,1080200
2005-02-17,7.7178,7.7484,7.6146,7.6146,919000
2005-02-18,7.6070,7.6528,7.5993,7.5993,695600
2005-02-22,7.5114,7.6605,7.5114,7.5573,1974800
2005-02-23,7.5382,7.5840,7.4923,7.5343,2073200
2005-02-24,7.5420,7.6146,7.5114,7.5993,1755200
2005-02-25,7.6070,7.6681,7.5878,7.6490,1155000
2005-02-28,7.6337,7.7025,7.5993,7.6261,1688600
2005-03-01,7.6834,7.7331,7.6605,7.7178,1192800
2005-03-02,7.6758,7.7560,7.6452,7.6987,902800
2005-03-03,7.6872,7.7216,7.6108,7.6414,804600
2005-03-04,7.6070,7.7293,7.6070,7.6911,1489600
2005-03-07,7.6452,7.8134,7.6452,7.7484,1081600
2005-03-08,7.7216,7.7943,7.6834,7.6834,1477200
2005-03-09,7.6070,7.7369,7.6070,7.6681,1192800
2005-03-10,7.6452,7.7102,7.6184,7.7025,1145000
2005-03-11,7.6490,7.7408,7.5840,7.6031,1131400
2005-03-14,7.6031,7.6414,7.5687,7.6337,1297400
2005-03-15,7.6337,7.6758,7.5573,7.5573,657600
2005-03-16,7.5496,7.5687,7.4579,7.4808,1133600
2005-03-17,7.4693,7.5152,7.4541,7.4770,673600
2005-03-18,7.4541,7.4999,7.4082,7.4349,2694600
2005-03-21,7.4388,7.4770,7.3967,7.4349,1698200
2005-03-22,7.4349,7.4732,7.3508,7.3700,3089200
2005-03-23,7.3012,7.4388,7.3012,7.4005,1324600
2005-03-24,7.3776,7.4770,7.3776,7.4044,901000
2005-03-28,7.4120,7.4961,7.4120,7.4120,1290000
2005-03-29,7.3585,7.4464,7.3394,7.3547,1471600
2005-03-30,7.3661,7.4846,7.3661,7.4655,1858800
2005-03-31,7.4655,7.5114,7.4464,7.4770,1091200
2005-04-01,7.4541,7.5305,7.3967,7.4120,847800
2005-04-04,7.3967,7.4617,7.3738,7.4388,1927200
2005-04-05,7.4655,7.4846,7.4464,7.4541,1091000
2005-04-06,7.4885,7.5152,7.4388,7.4426,906400
2005-04-07,7.4502,7.5458,7.4502,7.5420,1317200
2005-04-08,7.5534,7.5611,7.4770,7.4885,852600
2005-04-11,7.5229,7.5229,7.4388,7.4464,1434000
2005-04-12,7.4388,7.4999,7.3623,7.4923,1070200
2005-04-13,7.4617,7.4770,7.3585,7.3853,1576000
2005-04-14,7.3547,7.3738,7.2744,7.2820,1327200
2005-04-15,7.1903,7.2018,7.0565,7.0603,2733000
2005-04-18,7.0909,7.1291,7.0603,7.0680,4085000
2005-04-19,7.1559,7.1712,7.1100,7.1559,1412600
2005-04-20,7.2438,7.2438,7.0642,7.0909,1590400
2005-04-21,7.1291,7.2859,7.1291,7.2820,2932600
2005-04-22,7.2247,7.2591,7.1444,7.1941,1300800
2005-04-25,7.2323,7.2820,7.2171,7.2438,1544200
2005-04-26,7.2171,7.3012,7.1865,7.1941,1077000
2005-04-27,7.1482,7.2553,7.1482,7.2209,853400
2005-04-28,7.1903,7.2323,7.1483,7.1483,721000
2005-04-29,7.2209,7.2362,7.1215,7.2132,847400
2005-05-02,7.2476,7.2744,7.1865,7.2056,512400
2005-05-03,7.2018,7.2820,7.2018,7.2553,570000
2005-05-04,7.2744,7.3356,7.2438,7.3050,831000
2005-05-05,7.3050,7.3470,7.2667,7.2935,1447200
2005-05-06,7.3203,7.3394,7.3012,7.3126,701600
2005-05-09,7.3317,7.3547,7.2820,7.3432,543200
2005-05-10,7.3241,7.3279,7.2438,7.2668,691400
2005-05-11,7.2667,7.3241,7.2056,7.3011,3711000
2005-05-12,7.3164,7.3776,7.2820,7.3088,602400
2005-05-13,7.3547,7.4388,7.3241,7.4005,3716000
2005-05-16,7.4120,7.4732,7.3814,7.4693,1432400
2005-05-17,7.4502,7.5152,7.4044,7.4961,841400
2005-05-18,7.4999,7.6261,7.4999,7.6031,2766600
2005-05-19,7.6299,7.6605,7.6031,7.6452,1719800
2005-05-20,7.6108,7.6796,7.6108,7.6567,940800
2005-05-23,7.6758,7.7140,7.6605,7.6834,2038200
2005-05-24,7.6681,7.7255,7.6490,7.7216,1684600
2005-05-25,7.7025,7.7025,7.6452,7.6872,1371200
2005-05-26,7.7255,7.7866,7.7255,7.7752,1561400
2005-05-27,7.7981,7.7981,7.7369,7.7637,895000
2005-05-31,7.7713,7.7713,7.7140,7.7140,943000
2005-06-01,7.7216,7.8172,7.7064,7.7904,1676800
2005-06-02,7.7828,7.8248,7.7102,7.8248,918800
2005-06-03,7.8096,7.8134,7.7255,7.7408,1169800
2005-06-06,7.7599,7.7599,7.6911,7.7293,3478000
2005-06-07,7.7446,7.8096,7.6949,7.6987,2060400
2005-06-08,7.7522,7.7560,7.6911,7.7140,1197400
2005-06-09,7.7408,7.7713,7.6796,7.7522,3505400
2005-06-10,7.7560,7.7560,7.6643,7.7102,905000
2005-06-13,7.6834,7.7828,7.6834,7.7408,1469400
2005-06-14,7.7369,7.7599,7.6872,7.6949,1080400
2005-06-15,7.7522,7.7560,7.6375,7.7408,998000
2005-06-16,7.7408,7.7752,7.7178,7.7560,1186200
2005-06-17,7.8096,7.8096,7.7408,7.7599,1151200
2005-06-20,7.7369,7.7981,7.6949,7.7484,1397200
2005-06-21,7.7675,7.7943,7.7408,7.7828,1425800
2005-06-22,7.7866,7.8287,7.7637,7.7981,1486600
2005-06-23,7.7981,7.8745,7.7369,7.7369,1734600
2005-06-24,7.7522,7.7522,7.6261,7.6414,1546400
2005-06-27,7.6108,7.6490,7.5687,7.5802,2275400
2005-06-28,7.6146,7.6872,7.6070,7.6758,1116400
2005-06-29,7.6834,7.7178,7.6643,7.6872,1177400
2005-06-30,7.7063,7.7102,7.5993,7.6146,1650800
2005-07-01,7.6605,7.6758,7.6146,7.6337,1481800
2005-07-05,7.5840,7.7064,7.5840,7.6834,1272600
2005-07-06,7.6719,7.7369,7.6643,7.6643,1080600
2005-07-07,7.5878,7.6949,7.5764,7.6796,2298600
2005-07-08,7.6911,7.8210,7.6719,7.8172,2544400
2005-07-11,7.8363,7.8975,7.8210,7.8975,1587200
2005-07-12,7.9701,7.9701,7.8745,7.9395,1242200
2005-07-13,7.9625,7.9969,7.9395,7.9739,1377200
2005-07-14,8.0466,8.0695,8.0122,8.0427,2943800
2005-07-15,8.0542,8.0619,8.0083,8.0389,2910600
2005-07-18,8.0542,8.0657,7.9778,7.9930,2811800
2005-07-19,8.0848,8.1268,8.0389,8.1115,3799800
2005-07-20,8.0122,8.1154,7.9816,8.0848,2700400
2005-07-21,8.0848,8.0963,8.0160,8.0313,3232000
2005-07-22,8.0504,8.0580,7.9892,8.0122,2046600
2005-07-25,8.0122,8.0580,7.9701,7.9701,1493800
2005-07-26,8.0466,8.0504,8.0007,8.0313,1601400
2005-07-27,8.0618,8.1307,8.0045,8.0848,1823600
2005-07-28,8.0848,8.1001,8.0504,8.0886,3899200
2005-07-29,8.1154,8.1230,8.0351,8.0466,3616400
2005-08-01,8.0771,8.0810,8.0274,8.0504,1932800
2005-08-02,8.0542,8.1536,8.0504,8.1307,2161600
2005-08-03,8.1307,8.1918,8.0963,8.1842,2441400
2005-08-04,8.1498,8.1689,8.0886,8.1077,2102400
2005-08-05,8.1039,8.1230,8.0580,8.0886,2127800
2005-08-08,8.0657,8.1077,8.0198,8.0236,2301800
2005-08-09,8.0580,8.1230,8.0580,8.0848,1284400
2005-08-10,8.1001,8.1383,7.9778,7.9930,2003400
2005-08-11,8.0007,8.0619,7.9854,8.0542,1652200
2005-08-12,7.7828,7.9816,7.7369,7.9472,3060200
2005-08-15,7.9395,8.0236,7.9319,7.9892,1876000
2005-08-16,7.9892,7.9892,7.8975,7.9128,1094400
2005-08-17,7.9319,8.0198,7.9319,7.9816,2953600
2005-08-18,7.9625,7.9892,7.9281,7.9281,3174600
2005-08-19,7.9625,7.9816,7.9357,7.9357,994000
2005-08-22,7.9319,8.0198,7.9204,7.9510,1858400
2005-08-23,7.9510,7.9892,7.9242,7.9472,2616000
2005-08-24,7.9395,8.0160,7.8937,7.8975,2100000
2005-08-25,7.9166,7.9319,7.9013,7.9013,1545600
2005-08-26,8.0274,8.0274,7.8593,7.8745,3208000
2005-08-29,7.8669,7.9510,7.8363,7.9281,922800
2005-08-30,7.8860,7.9281,7.8593,7.9281,1775600
2005-08-31,7.9013,7.9892,7.8937,7.9701,1711400
2005-09-01,7.9739,7.9892,7.9319,7.9510,933000
2005-09-02,7.9625,7.9854,7.9166,7.9281,988000
2005-09-06,7.9548,8.0351,7.9472,8.0198,1359400
2005-09-07,7.9319,8.0313,7.9319,8.0198,4556000
2005-09-08,8.0274,8.0657,8.0045,8.0389,980200
2005-09-09,8.0504,8.0771,8.0236,8.0466,2782000
2005-09-12,8.0504,8.0962,8.0466,8.0657,1168400
2005-09-13,8.0886,8.1154,8.0427,8.0733,2110400
2005-09-14,8.0733,8.0886,7.9892,7.9892,3189400
2005-09-15,8.0045,8.0236,7.9510,7.9701,2218800
2005-09-16,8.0083,8.0313,7.9701,8.0198,2218000
2005-09-19,8.0160,8.0160,7.9357,7.9548,2378400
2005-09-20,7.9739,8.0427,7.9128,7.9242,1874000
2005-09-21,7.9051,7.9089,7.8210,7.8287,1541400
2005-09-22,7.8057,7.8745,7.7828,7.8592,2168600
2005-09-23,7.8325,7.8860,7.8057,7.8631,1335600
2005-09-26,7.9013,7.9319,7.8248,7.8516,1636400
2005-09-27,7.8631,7.8669,7.8019,7.8248,1860200
2005-09-28,7.8478,7.8937,7.8249,7.8745,1955800
2005-09-29,7.8631,7.9586,7.8249,7.9357,1854600
2005-09-30,7.9433,7.9930,7.9319,7.9892,1342000
2005-10-03,7.9701,8.0427,7.9701,7.9778,2112600
2005-10-04,7.9969,8.0160,7.8975,7.9051,1570200
2005-10-05,7.9089,7.9089,7.7866,7.7943,3649200
2005-10-06,7.7828,7.8210,7.6567,7.7064,2504400
2005-10-07,7.7216,7.7675,7.7102,7.7255,1952800
2005-10-10,7.7140,7.7522,7.6643,7.6719,1885000
2005-10-11,7.6643,7.6987,7.5993,7.6146,1714800
2005-10-12,7.4541,7.6375,7.4541,7.5649,4102000
2005-10-13,7.5496,7.6414,7.5458,7.6184,5529600
2005-10-14,7.6375,7.6605,7.5878,7.6490,1950200
2005-10-17,7.6567,7.6643,7.6031,7.6414,2850600
2005-10-18,7.6528,7.6605,7.6184,7.6261,2856600
2005-10-19,7.5382,7.7216,7.5382,7.7216,4312400
2005-10-20,7.7255,7.7713,7.6375,7.6643,3020000
2005-10-21,7.6605,7.7560,7.6605,7.7102,903600
2005-10-24,7.7866,7.8096,7.7025,7.8096,1982800
2005-10-25,7.8363,7.8363,7.6834,7.7560,1999400
2005-10-26,7.7522,7.8287,7.7369,7.7369,1975800
2005-10-27,7.7484,7.7522,7.6528,7.6528,1965000
2005-10-28,7.6834,7.7331,7.6299,7.7255,2169000
2005-10-31,7.7446,7.8516,7.7369,7.8057,1963000
2005-11-01,7.7904,7.8096,7.7675,7.7904,3015400
2005-11-02,7.7599,7.8975,7.7522,7.8784,1356400
2005-11-03,7.9319,7.9701,7.9089,7.9510,2678400
2005-11-04,7.9510,7.9892,7.9128,7.9854,1935000
2005-11-07,8.0083,8.0274,7.9586,8.0007,2171400
2005-11-08,7.9510,8.0313,7.9510,8.0045,1776600
2005-11-09,7.9816,8.0313,7.9701,7.9969,1887600
2005-11-10,8.0122,8.0657,7.9548,8.0657,2278600
2005-11-11,8.0848,8.1039,8.0657,8.0848,1777600
2005-11-14,8.1039,8.1230,8.0618,8.0924,7584200
2005-11-15,8.1880,8.1880,8.0389,8.0657,5602400
2005-11-16,8.0274,8.0963,8.0274,8.0963,2356600
2005-11-17,8.1039,8.1995,8.1039,8.1918,9564000
2005-11-18,8.2568,8.2759,8.1995,8.2377,2480000
2005-11-21,8.2377,8.2453,8.0466,8.2339,2490600
2005-11-22,8.2186,8.3103,8.2148,8.2874,2615600
2005-11-23,8.3103,8.3791,8.2912,8.3333,4545400
2005-11-25,8.3715,8.4097,8.3333,8.3562,1202000
2005-11-28,8.3791,8.3868,8.3256,8.3256,2189800
2005-11-29,8.3333,8.3944,8.3180,8.3256,3807800
2005-11-30,8.3103,8.3638,8.2950,8.2988,2791400
2005-12-01,8.3715,8.4441,8.3524,8.4250,4256600
2005-12-02,8.4173,8.4632,8.4059,8.4173,5787600
2005-12-05,8.4250,8.4250,8.3447,8.3753,4013200
2005-12-06,8.4174,8.4632,8.3868,8.3868,2684200
2005-12-07,8.4135,8.4212,8.3409,8.3715,3021400
2005-12-08,8.3791,8.3829,8.2606,8.3103,2264400
2005-12-09,8.3103,8.3600,8.2874,8.3409,2272200
2005-12-12,8.3830,8.3906,8.3333,8.3638,1893600
2005-12-13,8.3485,8.3791,8.3141,8.3371,2075800
2005-12-14,8.3524,8.3677,8.2989,8.3485,2581200
2005-12-15,8.3600,8.3600,8.2950,8.3141,1973400
2005-12-16,8.3519,8.3519,8.2903,8.3018,2159000
2005-12-19,8.2941,8.2980,8.1864,8.2018,3899000
2005-12-20,8.1902,8.2095,8.1517,8.1710,2371400
2005-12-21,8.1979,8.2325,8.1594,8.1787,1966200
2005-12-22,8.2441,8.2441,8.1787,8.2172,2098000
2005-12-23,8.2325,8.2633,8.2133,8.2325,1482200
2005-12-27,8.2556,8.2749,8.1556,8.1633,2966400
2005-12-28,8.1825,8.1864,8.1325,8.1440,1814400
2005-12-29,8.1594,8.1748,8.0940,8.0978,3287400
2005-12-30,8.0786,8.0786,8.0324,8.0440,2059800
2006-01-03,8.0824,8.2172,8.0209,8.2018,5416600
2006-01-04,8.2172,8.2980,8.2018,8.2980,5459200
2006-01-05,8.2633,8.3480,8.2633,8.3365,2564400
2006-01-06,8.3903,8.4750,8.3673,8.4673,9017400
2006-01-09,8.4750,8.5020,8.4365,8.4943,4916600
2006-01-10,8.4519,8.4943,8.4365,8.4866,4844800
2006-01-11,8.5058,8.5866,8.4943,8.5674,4685000
2006-01-12,8.5751,8.5866,8.5097,8.5212,3250800
2006-01-13,8.5289,8.5443,8.4789,8.5174,2902200
2006-01-17,8.7059,8.7059,8.4019,8.4327,4761200
2006-01-18,8.2672,8.3596,8.2633,8.3326,8722200
2006-01-19,8.3826,8.4442,8.3403,8.4057,7723400
2006-01-20,8.3634,8.3903,8.1710,8.1864,6537200
2006-01-23,8.2133,8.2210,8.1479,8.1556,3652400
2006-01-24,8.1941,8.2479,8.1748,8.1825,4566800
2006-01-25,8.2172,8.2210,8.1479,8.2095,3708800
2006-01-26,8.2518,8.2903,8.2172,8.2633,4260400
2006-01-27,8.3519,8.4019,8.3095,8.3557,4760200
2006-01-30,8.3557,8.4019,8.3442,8.3827,7540800
2006-01-31,8.3826,8.3865,8.3134,8.3134,2206800
2006-02-01,8.2672,8.3826,8.2672,8.3634,6163800
2006-02-02,8.3442,8.3634,8.2441,8.2479,4836400
2006-02-03,8.2095,8.2364,8.1787,8.1902,3067800
2006-02-06,8.1864,8.2056,8.1286,8.1671,2963200
2006-02-07,8.1402,8.1941,8.1286,8.1440,7051000
2006-02-08,8.1787,8.3134,8.1748,8.3018,3871400
2006-02-09,8.3211,8.3673,8.2595,8.2633,2608400
2006-02-10,8.2633,8.3326,8.2133,8.3288,4046000
2006-02-13,8.2749,8.3057,8.2210,8.2518,3745600
2006-02-14,8.2710,8.3903,8.2556,8.3634,3486600
2006-02-15,8.3634,8.4211,8.3557,8.4096,4090800
2006-02-16,8.4558,8.5020,8.4327,8.4866,3170400
2006-02-17,8.4673,8.4673,8.4211,8.4404,2311000
2006-02-21,8.4173,8.4327,8.3211,8.3480,4018200
2006-02-22,8.3365,8.4173,8.3095,8.3903,3358800
2006-02-23,8.3596,8.4096,8.3403,8.3480,3354400
2006-02-24,8.3519,8.3634,8.3134,8.3519,2996000
2006-02-27,8.3442,8.4519,8.3442,8.4288,5171400
2006-02-28,8.4250,8.4288,8.3249,8.3326,3014800
2006-03-01,8.3749,8.5289,8.3749,8.4981,3393400
2006-03-02,8.4635,8.5366,8.4596,8.5174,2490800
2006-03-03,8.4211,8.5520,8.4211,8.4673,3699600
2006-03-06,8.5174,8.5328,8.4096,8.4327,5595600
2006-03-07,8.3827,8.4057,8.3249,8.3788,2635000
2006-03-08,8.3750,8.4173,8.3172,8.3711,2818600
2006-03-09,8.4173,8.4442,8.3211,8.3211,2857200
2006-03-10,8.3365,8.4057,8.3018,8.3596,5768000
2006-03-13,8.4019,8.4327,8.3634,8.3903,3341800
2006-03-14,8.3788,8.4943,8.3673,8.4866,3509600
2006-03-15,8.4750,8.5558,8.4750,8.5366,1738000
2006-03-16,8.5558,8.5828,8.4712,8.4827,3904200
2006-03-17,8.4904,8.5366,8.4712,8.5097,1845400
2006-03-20,8.5212,8.5366,8.4981,8.5251,888600
2006-03-21,8.5212,8.6213,8.4750,8.4904,3823000
2006-03-22,8.4288,8.5058,8.4057,8.4943,2426400
2006-03-23,8.4827,8.5058,8.4365,8.4750,1829800
2006-03-24,8.4789,8.5251,8.4519,8.5020,3206000
2006-03-27,8.4673,8.5443,8.4673,8.5135,1480400
2006-03-28,8.4673,8.5405,8.4096,8.4173,1454000
2006-03-29,8.4481,8.5828,8.4327,8.5443,2189800
2006-03-30,8.5789,8.6328,8.5366,8.5712,4259600
2006-03-31,8.5943,8.5982,8.5212,8.5212,3247000
2006-04-03,8.5789,8.6405,8.5481,8.5712,6607600
2006-04-04,8.5635,8.6174,8.5482,8.6020,3987200
2006-04-05,8.6213,8.6790,8.6059,8.6752,5473600
2006-04-06,8.6482,8.7059,8.6213,8.6675,3302800
2006-04-07,8.6636,8.7059,8.5674,8.5674,3346400
2006-04-10,8.5674,8.5982,8.5366,8.5558,2341200
2006-04-11,8.5789,8.5943,8.4596,8.4789,4942400
2006-04-12,8.4904,8.5174,8.4712,8.4943,5234000
2006-04-13,8.5943,8.5943,8.4750,8.5058,1794600
2006-04-17,8.5020,8.5328,8.3865,8.4134,5201800
2006-04-18,8.4673,8.5905,8.4327,8.5828,1703000
2006-04-19,8.5635,8.5982,8.5135,8.5751,2348400
2006-04-20,8.5712,8.6482,8.5520,8.5828,4032000
2006-04-21,8.5943,8.6097,8.4673,8.4904,2783200
2006-04-24,8.4712,8.4981,8.4327,8.4789,1183400
2006-04-25,8.4789,8.5058,8.4211,8.4750,4229000
2006-04-26,8.5058,8.5251,8.4673,8.5058,4900600
2006-04-27,8.4519,8.6174,8.4519,8.5905,5294800
2006-04-28,8.5058,8.5058,8.3942,8.4096,5820000
2006-05-01,8.4519,8.4519,8.3403,8.3403,7702800
2006-05-02,8.3827,8.4173,8.3634,8.3788,1752400
2006-05-03,8.3673,8.3942,8.3211,8.3596,1630800
2006-05-04,8.3750,8.4211,8.3057,8.3903,3366400
2006-05-05,8.4250,8.4481,8.4019,8.4365,2252400
2006-05-08,8.4442,8.4673,8.4288,8.4481,1530400
2006-05-09,8.4789,8.4789,8.3865,8.4134,3140400
2006-05-10,8.4288,8.4481,8.3018,8.3249,5227800
2006-05-11,8.2826,8.3018,8.1209,8.1517,5251000
2006-05-12,8.1209,8.1479,8.0670,8.0747,9414200
2006-05-15,8.0517,8.1094,7.9978,8.0824,5769200
2006-05-16,8.0824,8.0863,7.9862,8.0055,3114000
2006-05-17,7.9670,7.9939,7.8900,7.8977,3303000
2006-05-18,7.9862,7.9862,7.8669,7.8708,8081800
2006-05-19,7.8823,7.9439,7.8284,7.9285,4114800
2006-05-22,7.8515,7.9131,7.8169,7.8592,3216800
2006-05-23,7.9477,7.9593,7.8015,7.8015,2050400
2006-05-24,7.8400,7.9016,7.7745,7.8785,4181200
2006-05-25,7.9477,7.9516,7.8785,7.9516,2522400
2006-05-26,7.9785,8.0016,7.9477,7.9901,4045600
2006-05-30,7.9362,7.9631,7.8323,7.8323,1965200
2006-05-31,7.8939,7.9093,7.8246,7.8631,2706000
2006-06-01,7.8592,8.0055,7.8592,7.9978,1342800
2006-06-02,8.0324,8.0555,7.9362,7.9708,3067400
2006-06-05,7.9631,7.9631,7.8438,7.8515,1464600
2006-06-06,7.8592,7.8746,7.7822,7.8515,7301800
2006-06-07,7.8130,7.8746,7.7438,7.7438,3079600
2006-06-08,7.9362,7.9362,7.5706,7.7053,11834000
2006-06-09,7.7438,7.7745,7.6629,7.6745,1643800
2006-06-12,7.6783,7.6937,7.5321,7.5321,1602600
2006-06-13,7.5321,7.6244,7.5205,7.5398,3274800
2006-06-14,7.5128,7.6206,7.5128,7.5898,2461600
2006-06-15,7.6244,7.8015,7.6244,7.7822,3628800
2006-06-16,7.7899,7.8053,7.7284,7.7707,4521200
2006-06-19,7.7861,7.8053,7.7053,7.7361,2331800
2006-06-20,7.7399,7.7861,7.6937,7.7245,2047200
2006-06-21,7.6976,7.8746,7.6976,7.8246,3030400
2006-06-22,7.8515,7.8515,7.7168,7.7322,1339000
2006-06-23,7.7130,7.7745,7.6899,7.7091,967800
2006-06-26,7.7168,7.7745,7.7014,7.7245,1923400
2006-06-27,7.7553,7.7553,7.6206,7.6206,2653200
2006-06-28,7.6013,7.6706,7.5898,7.6706,1740000
2006-06-29,7.6976,7.8669,7.6976,7.8669,2171800
2006-06-30,7.8554,7.8554,7.8015,7.8246,3577600
2006-07-03,7.8092,7.8900,7.8092,7.8823,822000
2006-07-05,7.8554,7.8554,7.7592,7.7592,1862600
2006-07-06,7.7745,7.8130,7.7476,7.7668,1589000
2006-07-07,7.7668,7.7668,7.6591,7.6899,1667600
2006-07-10,7.7168,7.7284,7.5706,7.6013,3933400
2006-07-11,7.6013,7.6437,7.5244,7.6321,4488200
2006-07-12,7.5898,7.6090,7.4743,7.4936,2064600
2006-07-13,7.2550,7.5013,7.2550,7.3704,3806600
2006-07-14,7.2703,7.3781,7.2703,7.3512,1841200
2006-07-17,7.3396,7.4012,7.3396,7.3743,1976000
2006-07-18,7.3704,7.4128,7.2857,7.3897,4505000
2006-07-19,7.3974,7.5167,7.3820,7.4974,4155200
2006-07-20,7.4859,7.5282,7.3897,7.3897,1419800
2006-07-21,7.3627,7.3897,7.2857,7.3127,2674400
2006-07-24,7.3666,7.4474,7.3358,7.4243,3587000
2006-07-25,7.4397,7.5244,7.4282,7.5051,3102800
2006-07-26,7.4474,7.5706,7.4474,7.5244,1477400
2006-07-27,7.5629,7.6090,7.5013,7.5013,1823400
2006-07-28,7.5590,7.6552,7.5475,7.6321,1601400
2006-07-31,7.5821,7.6629,7.5821,7.6206,7260600
2006-08-01,7.5898,7.5898,7.4705,7.5128,2605000
2006-08-02,7.5552,7.6321,7.5436,7.6052,2071800
2006-08-03,7.5629,7.6552,7.5090,7.6283,1288800
2006-08-04,7.6745,7.7284,7.5513,7.6052,1985000
2006-08-07,7.5629,7.6013,7.5436,7.5783,3739600
2006-08-08,7.5744,7.6129,7.5167,7.5513,2160200
2006-08-09,7.6976,7.7361,7.5821,7.5975,3368400
2006-08-10,7.5590,7.6398,7.5590,7.6283,1538600
2006-08-11,7.5821,7.6090,7.5552,7.5860,2045400
2006-08-14,7.6475,7.7207,7.6321,7.6514,1683000
2006-08-15,7.7361,7.8361,7.7245,7.8284,2995400
2006-08-16,7.9092,7.9631,7.8477,7.9516,8387800
2006-08-17,7.9477,8.0324,7.9400,7.9862,3681200
2006-08-18,7.9285,8.0363,7.9208,8.0170,1528400
2006-08-21,7.9939,7.9939,7.9400,7.9631,3181600
2006-08-22,7.9439,8.0324,7.9323,7.9670,2045600
2006-08-23,7.8746,8.0247,7.8746,7.9285,4995400
2006-08-24,8.0363,8.0363,7.9131,7.9593,2274400
2006-08-25,7.9593,8.0209,7.9439,7.9824,1923800
2006-08-28,8.0055,8.0632,7.9708,8.0555,2762000
2006-08-29,8.0709,8.1286,8.0093,8.1286,3534000
2006-08-30,8.1363,8.1979,8.1171,8.1864,4024200
2006-08-31,8.2172,8.2172,8.1479,8.1556,2216800
2006-09-01,8.2056,8.2172,8.1517,8.1902,8053200
2006-09-05,8.1902,8.2402,8.1402,8.2325,4921000
2006-09-06,8.1325,8.1864,8.0901,8.0978,2667000
2006-09-07,8.0555,8.1132,8.0170,8.0517,3678200
2006-09-08,8.0478,8.1248,8.0478,8.1171,3789600
2006-09-11,8.0632,8.2095,8.0632,8.1864,6407800
2006-09-12,8.1594,8.3403,8.1594,8.3288,2847200
2006-09-13,8.3249,8.3442,8.2787,8.3288,3399600
2006-09-14,8.2749,8.3750,8.2749,8.3480,2958600
2006-09-15,8.4344,8.4460,8.3573,8.3688,13820000
2006-09-18,8.3303,8.4267,8.3110,8.3650,2346200
2006-09-19,8.3765,8.3804,8.2454,8.3264,7064800
2006-09-20,8.3958,8.4653,8.3303,8.4614,5118600
2006-09-21,8.4614,8.4845,8.3650,8.3804,3908800
2006-09-22,8.3496,8.3688,8.3148,8.3303,6683000
2006-09-25,8.3804,8.5000,8.3650,8.4807,3340600
2006-09-26,8.5231,8.5385,8.4537,8.5347,5045000
2006-09-27,8.5617,8.5848,8.4421,8.4691,10624200
2006-09-28,8.4845,8.5154,8.4421,8.5115,4533400
2006-09-29,8.5154,8.5424,8.4691,8.4845,2373400
2006-10-02,8.4653,8.5115,8.4228,8.4228,3948400
2006-10-03,8.3881,8.4922,8.3650,8.4691,4122800
2006-10-04,8.4537,8.6195,8.4498,8.6002,12510400
2006-10-05,8.6118,8.6195,8.5655,8.5964,3415600
2006-10-06,8.5617,8.6079,8.1799,8.6002,3297600
2006-10-09,8.5732,8.6427,8.5617,8.6234,1050200
2006-10-10,8.6311,8.6427,8.5810,8.6311,3180400
2006-10-11,8.6157,8.6774,8.5809,8.6272,2959000
2006-10-12,8.6349,8.7661,8.6349,8.7545,4867200
2006-10-13,8.7699,8.8239,8.7468,8.7969,5863400
2006-10-16,8.8278,8.8548,8.7931,8.7931,3802600
2006-10-17,8.7545,8.7545,8.6619,8.7198,14908200
2006-10-18,8.7584,8.8162,8.6658,8.6966,7511400
2006-10-19,8.6774,8.7391,8.6427,8.7236,3963400
2006-10-20,8.7314,8.7776,8.7005,8.7776,3479000
2006-10-23,8.7738,8.8586,8.6658,8.8316,2603000
2006-10-24,8.8201,8.8471,8.7352,8.7699,4397000
2006-10-25,8.7931,8.8548,8.7776,8.8471,2569000
2006-10-26,8.8393,8.9010,8.8085,8.8933,4339800
2006-10-27,8.8702,8.8702,8.7391,8.7776,4705000
2006-10-30,8.7236,8.8393,8.6928,8.8085,4953000
2006-10-31,8.8509,8.8663,8.7854,8.8201,5646200
2006-11-01,8.8702,8.8702,8.7352,8.7815,6624000
2006-11-02,8.7236,8.7699,8.7159,8.7275,5608200
2006-11-03,8.7545,8.7931,8.6812,8.7275,3833800
2006-11-06,8.7699,8.8548,8.7429,8.8316,3029000
2006-11-07,8.8895,8.9242,8.7468,8.8779,6573000
2006-11-08,8.8779,8.9203,8.8008,8.8856,5974800
2006-11-09,8.9820,8.9820,8.8779,8.8818,6209200
2006-11-10,8.7853,8.9126,8.7853,8.9049,3217800
2006-11-13,8.9280,8.9898,8.9049,8.9820,4094800
2006-11-14,8.9975,9.0707,8.9358,9.0476,4866800
2006-11-15,8.9782,9.0977,8.9782,9.0669,3437400
2006-11-16,9.0900,9.1247,9.0437,9.1016,3245800
2006-11-17,9.0630,9.1170,9.0553,9.1170,3094400
2006-11-20,9.1016,9.1479,9.0707,9.1170,2804000
2006-11-21,9.1402,9.1402,9.0939,9.1132,2863200
2006-11-22,9.1672,9.1826,9.1170,9.1826,2136200
2006-11-24,9.1286,9.1903,9.0823,9.1633,847000
2006-11-27,9.1016,9.1363,8.9280,8.9473,6463400
2006-11-28,8.9203,8.9975,8.8895,8.9936,5880200
2006-11-29,9.0515,9.0823,9.0090,9.0515,6330800
2006-11-30,9.0476,9.1093,9.0129,9.0707,3430400
2006-12-01,9.0245,9.0707,8.9126,8.9936,5798800
2006-12-04,9.0090,9.1402,9.0090,9.1093,2834000
2006-12-05,9.0823,9.1479,9.0823,9.1132,2318200
2006-12-06,9.1170,9.1440,9.0476,9.0553,1949000
2006-12-07,9.0784,9.1209,9.0052,9.0206,3126200
2006-12-08,9.0090,9.0746,8.9666,9.0206,1630400
2006-12-11,9.0167,9.1170,8.9666,9.0746,1924200
2006-12-12,9.0592,9.0900,8.9859,9.0437,5957600
2006-12-13,9.1170,9.1170,8.9975,9.0592,2795400
2006-12-14,9.0592,9.1556,9.0245,9.1363,2649000
2006-12-15,9.1848,9.1925,9.1344,9.1382,3691600
2006-12-18,9.1576,9.2042,9.0607,9.1033,4150200
2006-12-19,9.0258,9.0917,8.9908,9.0451,2978400
2006-12-20,9.0839,9.1227,9.0413,9.0490,2549800
2006-12-21,9.0529,9.0645,8.9792,9.0064,3646600
2006-12-22,9.0102,9.0141,8.9288,8.9365,2810800
2006-12-26,8.9133,8.9870,8.9133,8.9870,1788200
2006-12-27,8.9947,9.0645,8.9908,9.0529,1813800
2006-12-28,9.0529,9.0645,9.0180,9.0490,2011600
2006-12-29,9.0451,9.1111,9.0180,9.0219,2130200
2007-01-03,9.0607,9.1770,8.9637,9.0490,9484400
2007-01-04,9.0451,9.2119,9.0258,9.1887,5766000
2007-01-05,9.1227,9.1305,9.0568,9.1150,3298200
2007-01-08,9.1150,9.1731,9.0839,9.1421,3558600
2007-01-09,9.1266,9.1809,9.0801,9.1538,6938000
2007-01-10,9.1227,9.2158,9.1033,9.2003,5318000
2007-01-11,9.2546,9.3089,9.2236,9.2934,7137200
2007-01-12,9.3011,9.3322,9.2468,9.3167,6081200
2007-01-16,9.2701,9.3283,9.2662,9.2973,3113600
2007-01-17,9.2585,9.2779,9.1615,9.1770,3026000
2007-01-18,9.1266,9.1615,9.0452,9.0723,9660800
2007-01-19,9.0180,9.0762,9.0102,9.0684,4741400
2007-01-22,9.0568,9.0723,8.9559,9.0025,6799800
2007-01-23,8.9792,9.0607,8.9676,9.0025,2941600
2007-01-24,9.0374,9.1654,9.0296,9.1654,8763000
2007-01-25,9.2003,9.2391,9.0529,9.0529,2902800
2007-01-26,9.0878,9.1188,9.0219,9.0568,8337200
2007-01-29,9.0723,9.1305,9.0568,9.0956,4681000
2007-01-30,9.0878,9.1499,9.0878,9.1499,4996200
2007-01-31,9.1344,9.2275,9.0801,9.2042,3446800
2007-02-01,9.2158,9.2352,9.1382,9.1654,3014400
2007-02-02,9.1964,9.2119,9.1654,9.2119,3043200
2007-02-05,9.1538,9.2119,9.1538,9.1887,2069000
2007-02-06,9.1848,9.2081,9.1072,9.1770,3391400
2007-02-07,9.2313,9.2546,9.1848,9.2197,3141200
2007-02-08,9.1732,9.2430,9.1732,9.2313,2740200
2007-02-09,9.2430,9.2546,9.0839,9.1305,3774800
2007-02-12,9.0956,9.1227,9.0684,9.0917,5192000
2007-02-13,9.1227,9.1421,9.0956,9.1266,3063400
2007-02-14,9.1654,9.2624,9.1576,9.2546,2036400
2007-02-15,9.2701,9.2934,9.2391,9.2895,6126600
2007-02-16,9.2197,9.2701,9.2081,9.2701,4092600
2007-02-20,9.2275,9.2934,9.1964,9.2740,2642400
2007-02-21,9.2430,9.2779,9.2197,9.2585,2329400
2007-02-22,9.3167,9.3399,9.2507,9.3089,7157200
2007-02-23,9.2856,9.3050,9.2585,9.3011,2015800
2007-02-26,9.2701,9.3244,9.2236,9.2779,1975200
2007-02-27,9.1227,9.2119,8.8357,8.9210,9442800
2007-02-28,8.9210,9.0258,8.8706,8.9559,7235400
2007-03-01,8.8163,8.9986,8.6844,8.9482,7367200
2007-03-02,8.8822,8.9327,8.7814,8.7814,5225800
2007-03-05,8.7116,8.8900,8.7116,8.8008,2813600
2007-03-06,8.8706,8.9365,8.8241,8.9365,4354000
2007-03-07,8.8861,8.9055,8.8241,8.8241,3083800
2007-03-08,8.8978,8.9482,8.8629,8.8978,5550000
2007-03-09,8.9559,8.9637,8.8473,8.9210,2264600
2007-03-12,8.8861,8.9870,8.8861,8.9753,3186800
2007-03-13,8.9365,8.9598,8.8047,8.8318,3314200
2007-03-14,8.8318,8.9172,8.7620,8.9133,5799400
2007-03-15,8.9133,8.9288,8.8629,8.9172,4487400
2007-03-16,8.8745,8.9404,8.8629,8.9016,5810600
2007-03-19,8.9482,9.0529,8.9327,8.9598,1741000
2007-03-20,8.9792,9.0335,8.9559,9.0180,2582600
2007-03-21,9.0335,9.2003,8.9947,9.2003,1716800
2007-03-22,9.1576,9.1731,9.0839,9.1654,3440400
2007-03-23,9.1344,9.1848,9.1188,9.1421,2740200
2007-03-26,9.1421,9.1693,8.9559,9.1538,1917200
2007-03-27,9.1305,9.1576,9.1150,9.1576,3529800
2007-03-28,9.0801,9.1072,9.0258,9.0529,3973600
2007-03-29,9.0762,9.0995,8.9676,9.0645,5708000
2007-03-30,9.0684,9.0917,8.9792,9.0451,7548000
2007-04-02,9.0723,9.1111,9.0180,9.0917,3146600
2007-04-03,9.1111,9.2042,9.0762,9.1654,3981800
2007-04-04,9.1576,9.2197,9.1538,9.2197,4582000
2007-04-05,9.2313,9.2585,9.1227,9.2546,1319400
2007-04-09,9.2546,9.2856,9.2313,9.2546,1535600
2007-04-10,9.2468,9.2701,9.2158,9.2468,3884400
2007-04-11,9.2701,9.2701,9.1499,9.1615,4192200
2007-04-12,9.1731,9.2585,9.1305,9.2585,1541600
2007-04-13,9.2003,9.2662,9.1499,9.2662,2226400
2007-04-16,9.2740,9.3438,9.2701,9.3438,2643400
2007-04-17,9.3244,9.3632,9.2973,9.3632,2745800
2007-04-18,9.2701,9.3671,9.2701,9.3399,2132800
2007-04-19,9.2662,9.3671,9.2546,9.3438,3559200
2007-04-20,9.4098,9.4369,9.3632,9.3981,1973200
2007-04-23,9.3865,9.4136,9.3516,9.3787,3213600
2007-04-24,9.4524,9.4641,9.3671,9.4291,5673200
2007-04-25,9.4369,9.5106,9.4175,9.4990,3426800
2007-04-26,9.4912,9.5688,9.4679,9.5533,1438400
2007-04-27,9.5067,9.5804,9.5067,9.5455,1809800
2007-04-30,9.5377,9.5843,9.4718,9.4718,1851600
2007-05-01,9.4990,9.5184,9.4408,9.5184,6200200
2007-05-02,9.5339,9.6114,9.5261,9.5688,2660000
2007-05-03,9.6192,9.6696,9.5804,9.6619,2133400
2007-05-04,9.6968,9.7084,9.6464,9.7007,5899400
2007-05-07,9.6774,9.7123,9.6696,9.6890,1270600
2007-05-08,9.6580,9.7317,9.6502,9.7278,3855200
2007-05-09,9.6774,9.7666,9.6580,9.7162,11249600
2007-05-10,9.7123,9.7588,9.6308,9.6657,4766400
2007-05-11,9.6463,9.7705,9.6463,9.7705,5076400
2007-05-14,9.7976,9.7976,9.6890,9.7239,1408000
2007-05-15,9.7356,9.7976,9.6851,9.7084,6864200
2007-05-16,9.7239,9.7937,9.6813,9.7937,1182600
2007-05-17,9.7937,9.8093,9.7433,9.7666,1020800
2007-05-18,9.8015,9.8209,9.7433,9.8170,2826400
2007-05-21,9.8403,9.9101,9.8093,9.8597,5695400
2007-05-22,9.7550,9.9101,9.7550,9.8480,3869600
2007-05-23,9.8752,9.8985,9.8054,9.8131,7728400
2007-05-24,9.7899,9.8480,9.6541,9.6890,9670400
2007-05-25,9.7084,9.7782,9.6890,9.7705,3945600
2007-05-29,9.7627,9.8480,9.7550,9.8287,4741600
2007-05-30,9.7550,9.9140,9.7239,9.9023,4505600
2007-05-31,9.9411,9.9683,9.9140,9.9489,4341600
2007-06-01,9.9954,10.0187,9.9256,9.9489,4135800
2007-06-04,9.9179,9.9877,9.9140,9.9838,2835200
2007-06-05,9.9334,9.9644,9.8868,9.9489,2752200
2007-06-06,9.9062,9.9179,9.8325,9.8325,4098000
2007-06-07,9.8170,9.8752,9.6696,9.6929,4947600
2007-06-08,9.6774,9.8636,9.6774,9.8287,3353400
2007-06-11,9.8209,9.8791,9.8015,9.8480,2245200
2007-06-12,9.7782,9.8480,9.7239,9.7317,2585200
2007-06-13,9.7743,9.8558,9.7356,9.8558,2259200
2007-06-14,9.8480,9.9567,9.8480,9.9489,1699400
2007-06-15,10.0063,10.0452,9.9869,10.0063,1735600
2007-06-18,10.0684,10.0684,9.9830,10.0335,1316400
2007-06-19,9.9753,10.0490,9.9714,10.0296,2616800
2007-06-20,10.0723,10.0723,9.9171,9.9714,2223800
2007-06-21,9.9093,10.0257,9.8899,10.0219,3145800
2007-06-22,9.9171,10.0102,9.8705,9.9093,3794000
2007-06-25,9.9132,9.9792,9.8239,9.8744,2923400
2007-06-26,9.9326,9.9326,9.8123,9.8394,4166000
2007-06-27,9.8123,9.9636,9.7890,9.9365,8159400
2007-06-28,9.9403,10.0257,9.9403,9.9714,3403600
2007-06-29,10.0063,10.0335,9.8705,9.9365,2804800
2007-07-02,9.9675,10.0374,9.9675,10.0219,3356000
2007-07-03,10.0529,10.1150,10.0490,10.0917,3113000
2007-07-05,10.1073,10.4139,10.0801,10.1305,6720400
2007-07-06,10.1461,10.1888,10.1189,10.1499,5459600
2007-07-09,10.1694,10.2121,10.1383,10.2082,2021000
2007-07-10,10.1111,10.1810,10.0723,10.0917,4268400
2007-07-11,10.0762,10.1694,10.0451,10.1499,2182800
2007-07-12,10.1732,10.3479,10.1655,10.3207,2575800
2007-07-13,10.3363,10.4760,10.3013,10.3440,3357000
2007-07-16,10.3324,10.3984,10.3052,10.3751,2787200
2007-07-17,10.3712,10.4527,10.3634,10.4100,2627200
2007-07-18,10.3324,10.3634,10.2392,10.3557,3069800
2007-07-19,10.4488,10.4876,10.4061,10.4411,6020800
2007-07-20,10.4100,10.4255,10.3091,10.4022,3146600
2007-07-23,10.4139,10.4566,10.3828,10.4178,2205400
2007-07-24,10.3052,10.4216,10.2431,10.3130,3476000
2007-07-25,10.3130,10.4022,10.1111,10.3246,8055400
2007-07-26,10.3246,10.3246,9.9947,10.1694,5945600
2007-07-27,10.1267,10.1732,9.9520,9.9520,4116800
2007-07-30,9.9947,10.0568,9.9248,9.9869,3211000
2007-07-31,10.1305,10.1305,9.8705,9.9171,5476800
2007-08-01,9.9248,10.1965,9.8045,10.0141,19142200
2007-08-02,10.0063,10.1111,9.9830,10.0335,10085800
2007-08-03,10.0568,10.0762,9.8394,9.8394,5316000
2007-08-06,9.9054,9.9986,9.8161,9.9947,4985000
2007-08-07,9.9675,10.0723,9.8511,10.0141,5314000
2007-08-08,10.0840,10.1694,10.0374,10.1694,10562600
2007-08-09,10.0296,10.2470,9.8627,9.9365,7373200
2007-08-10,9.7929,9.9132,9.6764,9.7967,9740800
2007-08-13,9.9365,9.9675,9.8705,9.9326,5321800
2007-08-14,9.9404,9.9559,9.6842,9.7308,3041400
2007-08-15,9.7230,9.8006,9.5600,9.6065,6147200
2007-08-16,9.5367,9.5755,9.2766,9.5444,8078800
2007-08-17,9.7890,9.7929,9.5367,9.6376,8014800
2007-08-20,9.7152,9.7346,9.6221,9.6725,4386400
2007-08-21,9.6415,9.7851,9.6415,9.7036,5712800
2007-08-22,9.8317,9.8550,9.7773,9.8317,3990400
2007-08-23,9.8782,9.8977,9.8045,9.8588,3812600
2007-08-24,9.8588,10.0180,9.8356,9.9986,5134800
2007-08-27,9.9481,10.0063,9.9442,9.9442,2937600
2007-08-28,9.9054,9.9132,9.7269,9.7657,5599200
2007-08-29,9.8006,10.0102,9.8006,9.9986,6544400
2007-08-30,9.9365,10.1111,9.8666,10.0413,8625200
2007-08-31,10.1500,10.1500,10.0452,10.1073,9307200
2007-09-04,10.1228,10.3285,10.1073,10.2625,8888800
2007-09-05,10.2237,10.2353,10.1150,10.1538,4926000
2007-09-06,10.1926,10.2121,10.1189,10.2043,4577600
2007-09-07,10.0451,10.0723,9.9365,9.9947,9476000
2007-09-10,10.0607,10.0917,9.9209,9.9753,7000200
2007-09-11,10.0374,10.1538,10.0335,10.1189,4962400
2007-09-12,10.0917,10.1771,10.0684,10.0917,5573400
2007-09-13,10.1461,10.1499,10.0801,10.0917,3670800
2007-09-14,10.0063,10.0878,10.0063,10.0413,5792600
2007-09-17,10.0374,10.0840,9.9986,10.0374,1858600
2007-09-18,10.1228,10.2392,9.9559,10.2353,6788000
2007-09-19,10.2936,10.3324,10.2353,10.2742,4144600
2007-09-20,10.2586,10.3479,10.2586,10.3130,3706800
2007-09-21,10.3530,10.4114,10.3453,10.3919,7054000
2007-09-24,10.4114,10.4891,10.3647,10.3647,12531000
2007-09-25,10.3686,10.5008,10.3452,10.4697,5934000
2007-09-26,10.6408,10.6408,10.4814,10.5358,7763600
2007-09-27,10.5708,10.5708,10.5086,10.5280,5407600
2007-09-28,10.6447,10.6447,10.4658,10.4892,5307200
2007-10-01,10.5669,10.6447,10.5086,10.6019,20283200
2007-10-02,10.6836,10.6836,10.5903,10.6408,7112400
2007-10-03,10.5864,10.6175,10.5008,10.5164,4107400
2007-10-04,10.5669,10.5669,10.4891,10.5436,10153000
2007-10-05,10.5903,10.6836,10.5825,10.6564,3861400
2007-10-08,10.6486,10.7186,10.6408,10.6758,1730200
2007-10-09,10.7497,10.7769,10.6914,10.7536,5415000
2007-10-10,10.8820,10.8820,10.7458,10.7886,3587400
2007-10-11,10.8353,10.8936,10.6019,10.6719,9814000
2007-10-12,10.6992,10.7886,10.6836,10.7769,4375000
2007-10-15,10.6642,10.8042,10.6408,10.6992,10147000
2007-10-16,10.6719,10.7342,10.6447,10.6992,11204400
2007-10-17,10.8508,10.8508,10.6603,10.7886,13161600
2007-10-18,10.7692,10.8275,10.7303,10.8158,4794200
2007-10-19,10.8158,10.8197,10.5358,10.5592,6091800
2007-10-22,10.4814,10.6369,10.4697,10.6253,6714200
2007-10-23,10.7342,10.7808,10.6486,10.7419,12859800
2007-10-24,10.7925,10.7925,10.4464,10.6331,11222600
2007-10-25,10.7031,10.7303,10.5514,10.7225,6276400
2007-10-26,10.7925,10.9714,10.7653,10.8664,5234200
2007-10-29,10.8975,10.9325,10.8547,10.8975,5021400
2007-10-30,10.8314,10.9597,10.8314,10.9170,5465200
2007-10-31,11.0648,11.0920,10.9325,11.0453,7755000
2007-11-01,11.1231,11.1231,10.8703,10.9247,14404600
2007-11-02,11.0414,11.0414,10.8236,10.9481,10665200
2007-11-05,10.9014,10.9792,10.4036,10.9325,9410200
2007-11-06,11.0336,11.0336,10.8470,10.9909,6754000
2007-11-07,10.9481,10.9520,10.6953,10.6953,11670800
2007-11-08,10.3880,10.6564,10.2169,10.3141,28626600
2007-11-09,9.9991,10.2714,9.9486,10.1002,12801200
2007-11-12,9.9174,10.1625,9.9174,9.9369,14523800
2007-11-13,10.1119,10.3258,10.0652,10.2752,8956000
2007-11-14,10.5008,10.5008,10.1430,10.2169,12157600
2007-11-15,10.1080,10.2364,10.0536,10.0925,7741400
2007-11-16,10.0730,10.2558,10.0730,10.2364,6969600
2007-11-19,10.2325,10.2364,10.0224,10.0341,9532400
2007-11-20,10.2247,10.2247,9.9330,10.1197,10510400
2007-11-21,9.9524,10.1197,9.8902,9.9291,12597600
2007-11-23,9.9369,10.0730,9.9369,10.0263,1764200
2007-11-26,10.1430,10.1430,9.7969,9.8163,5631200
2007-11-27,9.9563,9.9836,9.8047,9.9252,6741000
2007-11-28,10.1430,10.2714,10.0419,10.2169,8484600
2007-11-29,10.2636,10.3180,10.2013,10.2675,9349400
2007-11-30,10.5553,10.5553,10.1236,10.2130,7207600
2007-12-03,10.2441,10.2558,10.1313,10.1508,5349400
2007-12-04,10.1469,10.1975,10.0341,10.1119,3942800
2007-12-05,10.2830,10.3647,10.2130,10.3452,7732400
2007-12-06,10.4191,10.4853,10.3258,10.4503,4544000
2007-12-07,10.5514,10.5514,10.4308,10.4619,5594600
2007-12-10,10.5747,10.5747,10.4580,10.5125,5049200
2007-12-11,10.6408,10.7458,10.3491,10.3491,7334000
2007-12-12,10.6175,10.6369,10.3686,10.5280,7625600
2007-12-13,10.5203,10.5397,10.4308,10.4736,5037600
2007-12-14,10.5125,10.5242,10.3919,10.4075,4215800
2007-12-17,10.3180,10.3841,10.1780,10.2091,3916800
2007-12-18,10.3064,10.3064,10.1197,10.2091,6774800
2007-12-19,10.2908,10.2947,10.1780,10.2752,3816600
2007-12-20,10.4191,10.4230,10.2947,10.4230,3856200
2007-12-21,10.5102,10.5688,10.4906,10.5570,6097600
2007-12-24,10.6547,10.6547,10.5766,10.6352,1674200
2007-12-26,10.6274,10.7172,10.5805,10.6938,4802600
2007-12-27,10.6313,10.6938,10.5063,10.5453,3367400
2007-12-28,10.7094,10.7094,10.4672,10.4945,2125400
2007-12-31,10.5453,10.5453,10.3734,10.4164,3573400
2008-01-02,10.4125,10.4398,10.1468,10.2054,14921200
2008-01-03,10.2718,10.2718,10.1351,10.2210,4022000
2008-01-04,10.0452,10.0608,9.7678,9.8225,7784000
2008-01-07,9.7522,9.8381,9.6311,9.7366,11198400
2008-01-08,9.7795,9.8655,9.4552,9.4787,10589800
2008-01-09,9.4240,9.6271,9.3966,9.6115,10450000
2008-01-10,9.5178,9.7366,9.4435,9.6272,13048600
2008-01-11,9.6154,9.6193,9.4084,9.4865,6568600
2008-01-14,9.6115,9.7092,9.5920,9.6779,8271000
2008-01-15,9.6037,9.6232,9.4435,9.4748,7326200
2008-01-16,9.3732,9.4435,9.2091,9.2677,13374600
2008-01-17,9.3068,9.3888,9.1075,9.1856,11247000
2008-01-18,9.1896,9.2911,9.0255,9.0255,9112200
2008-01-22,8.0096,8.9395,7.7205,8.8574,17957600
2008-01-23,8.5957,8.9356,8.3261,8.9356,16725200
2008-01-24,8.9942,9.0645,8.8574,9.0645,8270400
2008-01-25,9.2833,9.2833,8.8926,8.9239,7827200
2008-01-28,8.8887,8.9825,8.8184,8.9629,5782200
2008-01-29,9.0958,9.0958,8.9161,9.0411,8515200
2008-01-30,8.9668,9.1817,8.9668,8.9708,10001400
2008-01-31,8.8301,9.2013,8.8301,9.0841,12088600
2008-02-01,9.2130,9.2443,9.0762,9.2403,6269800
2008-02-04,9.2560,9.2560,9.0489,9.0489,3920000
2008-02-05,8.9551,8.9825,8.7949,8.8223,8288800
2008-02-06,8.8340,8.9043,8.6777,8.7246,12319000
2008-02-07,8.5957,8.7988,8.5410,8.7793,9516800
2008-02-08,8.7246,8.8028,8.6660,8.7129,9563600
2008-02-11,8.7598,8.8887,8.7441,8.8653,6383200
2008-02-12,8.9786,8.9786,8.8145,8.8848,9568200
2008-02-13,8.9747,9.1231,8.8340,9.0880,11514400
2008-02-14,9.1505,9.1505,8.9082,8.9082,7289600
2008-02-15,8.8145,8.9161,8.8145,8.8770,4624800
2008-02-19,8.8926,8.9825,8.6894,8.7949,4624400
2008-02-20,8.7441,8.8340,8.6426,8.8106,11570200
2008-02-21,8.8965,8.9161,8.6894,8.7949,6893600
2008-02-22,8.7910,8.7910,8.6074,8.7871,6007200
2008-02-25,8.7559,8.8653,8.7168,8.8379,4957200
2008-02-26,8.8028,8.9708,8.7441,8.9395,6198800
2008-02-27,8.9161,9.0059,8.8106,8.9473,5043000
2008-02-28,8.9395,8.9981,8.8340,8.8340,5410000
2008-02-29,8.7871,8.8457,8.6543,8.6543,8987000
2008-03-03,8.6660,8.6933,8.5722,8.6504,5840000
2008-03-04,8.5566,8.6816,8.4902,8.6621,8617800
2008-03-05,8.7324,8.7988,8.6465,8.7246,10598800
2008-03-06,8.7637,8.7637,8.5683,8.6035,6034600
2008-03-07,8.4902,8.6933,8.4746,8.6035,9228800
2008-03-10,8.5800,8.6269,8.4824,8.5097,18617800
2008-03-11,8.6504,8.8106,8.5410,8.8106,10623800
2008-03-12,8.8301,8.8574,8.6973,8.7207,8805400
2008-03-13,8.5879,8.7988,8.5332,8.6855,7827200
2008-03-14,8.7441,8.7949,8.4824,8.5761,16473800
2008-03-17,8.2753,8.6386,8.2479,8.5371,11432000
2008-03-18,8.7402,8.9200,8.6074,8.9200,12224200
2008-03-19,8.8887,8.9043,8.6347,8.6543,14822600
2008-03-20,8.6097,8.8090,8.6097,8.7504,13974200
2008-03-24,8.8989,9.1061,8.8598,9.0592,8102000
2008-03-25,9.0904,9.0943,8.9771,9.0670,6624800
2008-03-26,9.0513,9.0513,8.8716,8.8911,12907800
2008-03-27,8.8833,8.9419,8.7700,8.8208,14213400
2008-03-28,8.8794,8.9107,8.7309,8.7661,8918600
2008-03-31,8.8012,8.8677,8.7387,8.7543,11624400
2008-04-01,8.9576,9.1412,8.8911,9.0084,15338200
2008-04-02,9.1334,9.1999,9.0240,9.1178,7379000
2008-04-03,9.0631,9.1451,8.9966,9.1139,13018400
2008-04-04,9.1295,9.1647,9.0162,9.0826,8162600
2008-04-07,9.1178,9.1921,9.0709,9.0904,3970600
2008-04-08,9.0240,9.0592,8.9810,9.0357,4401000
2008-04-09,9.0435,9.0435,8.8989,8.9966,3832200
2008-04-10,8.9771,9.1295,8.9771,9.0709,4426400
2008-04-11,8.9849,8.9966,8.8130,8.8286,14447600
2008-04-14,8.8286,8.8872,8.7817,8.7934,4385800
2008-04-15,8.8208,8.8403,8.7192,8.7934,9011200
2008-04-16,8.9224,9.1530,8.9028,9.1530,9298200
2008-04-17,9.0631,9.1530,8.9888,9.1491,5849400
2008-04-18,9.3054,9.3601,9.2350,9.3093,5527400
2008-04-21,9.2858,9.3835,9.2624,9.3679,10590200
2008-04-22,9.3523,9.3562,9.2233,9.3210,10162000
2008-04-23,9.3288,9.4422,9.3171,9.3796,7439800
2008-04-24,9.4617,9.6024,9.3601,9.4930,6630000
2008-04-25,9.5008,9.5321,9.3093,9.3796,11315600
2008-04-28,9.5555,9.5555,9.3679,9.3796,20443800
2008-04-29,9.4031,9.5008,9.3835,9.4695,5817800
2008-04-30,9.4969,9.5672,9.3015,9.3015,6563600
2008-05-01,9.4461,9.7118,9.4344,9.6923,15184600
2008-05-02,9.7744,9.7744,9.6063,9.6884,12979000
2008-05-05,9.7079,9.7275,9.6063,9.6454,3073000
2008-05-06,9.6141,9.7783,9.5594,9.7626,6996800
2008-05-07,9.7157,9.7861,9.5477,9.5907,9409600
2008-05-08,9.6298,9.6767,9.5633,9.6063,14934200
2008-05-09,9.5672,9.6259,9.4930,9.5750,5849800
2008-05-12,9.6141,9.7314,9.5829,9.7314,3302200
2008-05-13,9.6845,9.7392,9.6454,9.7314,10994000
2008-05-14,9.7783,9.8916,9.7470,9.7509,8452000
2008-05-15,9.7587,9.9580,9.7470,9.9385,5586000
2008-05-16,9.9659,9.9659,9.8291,9.9151,7263400
2008-05-19,9.9581,10.0401,9.8721,9.9659,8424400
2008-05-20,9.8682,9.8682,9.7079,9.8095,6230400
2008-05-21,9.7509,9.8095,9.5477,9.5516,8440600
2008-05-22,9.5829,9.6806,9.5750,9.5868,5496800
2008-05-23,9.5750,9.6141,9.5008,9.5672,6048600
2008-05-27,9.5516,9.7392,9.5516,9.7236,5138400
2008-05-28,9.7783,9.7900,9.6767,9.7783,10008200
2008-05-29,9.7822,9.9033,9.7392,9.8486,5021800
2008-05-30,9.8955,9.9463,9.8682,9.9072,5478800
2008-06-02,9.8799,9.8838,9.6845,9.7666,7097600
2008-06-03,9.7822,9.8643,9.6376,9.7118,10135000
2008-06-04,9.6767,9.8174,9.6649,9.7314,9887600
2008-06-05,9.7900,9.9698,9.7705,9.9307,7901400
2008-06-06,9.8838,9.8838,9.6610,9.6610,12721000
2008-06-09,9.7314,9.7314,9.5399,9.6415,8162600
2008-06-10,9.5086,9.6767,9.4969,9.5985,8567800
2008-06-11,9.5516,9.5633,9.3523,9.3523,11444600
2008-06-12,9.4187,9.5164,9.3327,9.4578,10051000
2008-06-13,9.4813,9.6141,9.4383,9.5594,6462800
2008-06-16,9.5360,9.6454,9.4891,9.5829,4927200
2008-06-17,9.6376,9.6415,9.5203,9.5438,8100000
2008-06-18,9.4813,9.4930,9.3875,9.4422,8858000
2008-06-19,9.3875,9.5711,9.3132,9.4773,12652600
2008-06-20,9.4613,9.4613,9.2379,9.3084,12916200
2008-06-23,9.3084,9.3319,9.1869,9.2222,8358400
2008-06-24,9.1869,9.3084,9.0929,9.2104,10971200
2008-06-25,9.2340,9.4338,9.2340,9.2888,10264200
2008-06-26,9.2026,9.2222,8.9400,9.1125,10697400
2008-06-27,9.0105,9.0380,8.8734,8.9910,18810000
2008-06-30,8.9361,9.0380,8.9126,8.9792,9530800
2008-07-01,8.8734,8.9753,8.7871,8.9165,18498400
2008-07-02,8.9714,9.0066,8.7793,8.7989,13003000
2008-07-03,8.8381,8.8655,8.7127,8.7597,8578400
2008-07-07,8.8577,8.9714,8.7127,8.8577,13705600
2008-07-08,8.8381,8.9557,8.7950,8.9478,13348200
2008-07-09,8.9400,8.9400,8.6617,8.6813,11885800
2008-07-10,8.7166,8.8028,8.6225,8.7911,13040600
2008-07-11,8.7048,8.8342,8.5912,8.7088,26645200
2008-07-14,8.7871,8.8381,8.5951,8.6421,23662400
2008-07-15,8.5402,8.7676,8.4579,8.6225,22237800
2008-07-16,8.6656,8.8107,8.5716,8.7480,13718800
2008-07-17,8.8577,8.9439,8.7558,8.8381,26019400
2008-07-18,8.8890,8.9361,8.6931,8.9361,19338400
2008-07-21,8.8303,8.8342,8.6931,8.7597,9950200
2008-07-22,8.5833,8.7127,8.5245,8.7127,15545600
2008-07-23,8.7793,8.9282,8.7362,8.8695,16389400
2008-07-24,8.9047,8.9086,8.6421,8.6421,12680000
2008-07-25,8.7636,8.7911,8.6774,8.7636,20218800
2008-07-28,8.7675,8.7675,8.5716,8.5794,10263200
2008-07-29,8.6265,8.7715,8.6225,8.7519,8644400
2008-07-30,8.7871,8.8263,8.6852,8.8107,15122400
2008-07-31,8.7401,8.8734,8.7009,8.7597,11852000
2008-08-01,8.8107,8.8107,8.6069,8.6617,17579200
2008-08-04,8.6931,8.7284,8.6225,8.7048,9051200
2008-08-05,8.7284,8.9008,8.6892,8.8695,9737800
2008-08-06,8.8499,8.9949,8.8185,8.9949,12255600
2008-08-07,8.9282,9.0419,8.8655,8.9792,17818000
2008-08-08,8.9557,9.1752,8.9439,9.1516,11782000
2008-08-11,9.1752,9.3241,9.1203,9.2104,11214400
2008-08-12,9.2339,9.2810,9.1830,9.2300,9625400
2008-08-13,9.2222,9.2614,9.1125,9.1948,9585800
2008-08-14,9.1791,9.3084,9.1242,9.2653,12528000
2008-08-15,9.2810,9.3398,9.2183,9.3006,9372600
2008-08-18,9.3123,9.3123,9.1085,9.1830,9678600
2008-08-19,9.1164,9.1399,9.0027,9.0223,10864800
2008-08-20,9.0733,9.1399,9.0066,9.0419,11079400
2008-08-21,9.0027,9.0615,8.9439,9.0066,8122400
2008-08-22,9.1046,9.2026,9.0811,9.1320,5864200
2008-08-25,9.1046,9.1438,8.9949,9.0145,13372600
2008-08-26,9.0145,9.0262,8.9243,8.9792,12225400
2008-08-27,9.0145,9.1164,8.9714,9.0654,7579600
2008-08-28,9.1007,9.1830,9.1007,9.1203,10645400
2008-08-29,9.0537,9.0850,8.9165,8.9165,17844800
2008-09-02,9.1203,9.1438,8.8420,8.8655,11437600
2008-09-03,8.8381,8.8695,8.6970,8.7480,13292800
2008-09-04,8.6813,8.6892,8.4187,8.4344,17805000
2008-09-05,8.3717,8.4971,8.3286,8.4344,14406200
2008-09-08,8.6578,8.6578,8.3599,8.5363,25333600
2008-09-09,8.5050,8.6029,8.3521,8.3874,16326400
2008-09-10,8.4579,8.4579,8.3482,8.3482,14894600
2008-09-11,8.2933,8.4854,8.2149,8.4854,19512600
2008-09-12,8.3795,8.5246,8.2972,8.5246,14368200
2008-09-15,8.1992,8.4031,8.1130,8.1130,40395400
2008-09-16,8.0150,8.2659,7.9484,8.2659,54852600
2008-09-17,8.0346,8.0973,7.4389,7.8073,44263200
2008-09-18,7.8896,8.1405,7.6466,8.1405,45571800
2008-09-19,8.7426,8.7426,8.1998,8.1998,22431200
2008-09-22,8.2785,8.3178,7.9639,7.9875,17704400
2008-09-23,8.0268,8.1841,7.8892,7.9835,33454400
2008-09-24,7.9993,8.0583,7.9167,8.0032,14168600
2008-09-25,8.0504,8.2667,8.0111,8.1409,29713800
2008-09-26,7.9324,8.2274,7.9206,8.1802,33362600
2008-09-29,7.9914,8.0386,7.4565,7.4723,41041600
2008-09-30,7.5431,7.8380,7.5431,7.8066,20694600
2008-10-01,7.7397,7.7751,7.5824,7.7358,26947400
2008-10-02,7.5745,7.6217,7.3425,7.4330,21715800
2008-10-03,7.4959,7.6807,7.2953,7.3268,26107600
2008-10-06,7.1380,7.1852,6.7093,6.9217,40746800
2008-10-07,7.0987,7.1065,6.5677,6.5677,29725000
2008-10-08,6.4104,6.8234,6.4065,6.5087,47608200
2008-10-09,6.6385,6.7368,6.0171,6.2924,46289400
2008-10-10,6.0014,6.5205,5.8756,6.2531,63059800
2008-10-13,6.5992,6.9846,6.4694,6.9846,32866200
2008-10-14,7.2324,7.2560,6.6582,6.7486,48832800
2008-10-15,6.6936,6.7054,6.2295,6.2413,35791800
2008-10-16,6.2570,6.5677,5.9582,6.5677,39838600
2008-10-17,6.4576,6.7998,6.3436,6.5048,31264800
2008-10-20,6.6071,6.7644,6.4419,6.7644,37735000
2008-10-21,6.6582,6.7015,6.3711,6.4104,20008200
2008-10-22,6.3475,6.3475,5.9188,6.0761,22789600
2008-10-23,6.1076,6.2453,5.8205,6.2138,37059600
2008-10-24,5.6396,6.1076,5.6199,5.9228,28272200
2008-10-27,5.8598,6.1115,5.7419,5.8008,17504600
2008-10-28,5.9896,6.6071,5.8834,6.6071,24178000
2008-10-29,6.5087,6.6346,6.3396,6.3514,33117600
2008-10-30,6.5481,6.6503,6.4026,6.5874,38308400
2008-10-31,6.4419,6.6936,6.4301,6.5481,46909600
2008-11-03,6.5638,6.6228,6.4969,6.5481,13548200
2008-11-04,6.6700,6.8627,6.6228,6.8234,24448000
2008-11-05,6.6897,6.7408,6.3986,6.4104,18078800
2008-11-06,6.3357,6.3790,6.0093,6.0565,23825000
2008-11-07,6.1391,6.2649,6.1115,6.2295,18432400
2008-11-10,6.3790,6.3790,6.0879,6.1627,12580400
2008-11-11,6.1273,6.1469,5.9503,6.0289,30540800
2008-11-12,5.9267,5.9542,5.7301,5.7458,14837000
2008-11-13,5.7301,6.1194,5.4548,6.1037,29438000
2008-11-14,5.9660,6.1233,5.7812,5.8244,22160000
2008-11-17,5.7261,5.8520,5.6357,5.6593,19138800
2008-11-18,5.6829,5.7694,5.5059,5.7379,16192000
2008-11-19,5.7301,5.8008,5.4076,5.4194,16502200
2008-11-20,5.3368,5.6003,5.1441,5.1873,38023400
2008-11-21,5.2503,5.4626,5.0890,5.4626,40298400
2008-11-24,5.5727,5.8638,5.5256,5.7301,23877000
2008-11-25,5.8559,5.9228,5.6199,5.8087,25723400
2008-11-26,5.6593,6.0093,5.6475,5.9896,17516400
2008-11-28,5.8874,6.0289,5.8874,5.9975,3718000
2008-12-01,5.8874,5.8913,5.5609,5.5649,12596000
2008-12-02,5.6671,5.7851,5.5649,5.7615,16009200
2008-12-03,5.6396,5.9385,5.6239,5.9267,19319800
2008-12-04,5.8048,5.9228,5.6042,5.6868,20125000
2008-12-05,5.6278,5.9267,5.5138,5.9110,20803400
2008-12-08,6.0525,6.2688,6.0054,6.1863,18814000
2008-12-09,6.0919,6.3239,6.0761,6.1469,16336600
2008-12-10,6.1745,6.2453,6.0604,6.0958,13966400
2008-12-11,6.0486,6.1666,5.9267,5.9660,35361800
2008-12-12,5.7930,6.1155,5.7851,6.0368,15700200
2008-12-15,6.0919,6.0919,5.8795,5.9700,11140400
2008-12-16,6.2806,6.2806,6.0014,6.2806,19651200
2008-12-17,6.1745,6.2492,6.0722,6.1587,16309200
2008-12-18,6.1784,6.1902,5.9582,5.9857,17684200
2008-12-19,6.0968,6.1719,6.0375,6.0375,34642200
2008-12-22,6.0454,6.0691,5.8517,5.9545,15816000
2008-12-23,6.0059,6.0375,5.8675,5.8714,11170600
2008-12-24,5.9268,5.9386,5.8991,5.9110,3326600
2008-12-26,5.9347,5.9584,5.9031,5.9031,4247400
2008-12-29,5.9584,5.9584,5.8200,5.9070,6016400
2008-12-30,5.9228,6.0375,5.9228,6.0177,8545800
2008-12-31,6.0414,6.1640,6.0138,6.0928,8277400
2009-01-02,6.1284,6.3538,6.0810,6.3222,8959600
2009-01-05,6.2826,6.3419,6.2154,6.3024,12531400
2009-01-06,6.3736,6.5040,6.3419,6.4487,16853800
2009-01-07,6.3498,6.3498,6.1956,6.2431,12422000
2009-01-08,6.1996,6.2984,6.1640,6.2866,11421600
2009-01-09,6.2866,6.3024,6.1245,6.1482,7885600
2009-01-12,6.1680,6.1680,5.9900,6.0375,10259200
2009-01-13,6.0573,6.0928,5.9624,6.0098,17308400
2009-01-14,5.9426,5.9742,5.7963,5.8279,17025800
2009-01-15,5.8240,5.9189,5.6816,5.8675,15304600
2009-01-16,5.9782,5.9940,5.7844,5.9070,14892800
2009-01-20,5.8951,5.9228,5.6540,5.6658,33716200
2009-01-21,5.8042,5.9426,5.7133,5.9386,11724800
2009-01-22,5.8121,5.9031,5.7093,5.8042,14986000
2009-01-23,5.6975,5.9940,5.6895,5.8872,14874600
2009-01-26,5.9228,6.0691,5.9070,5.9584,14685600
2009-01-27,5.9782,6.0612,5.9347,5.9940,12281000
2009-01-28,6.0849,6.2391,6.0533,6.1640,14272800
2009-01-29,6.1087,6.1087,5.9545,5.9821,10149800
2009-01-30,6.0138,6.0138,5.8042,5.8042,10148800
2009-02-02,5.7726,5.9742,5.7568,5.8951,9860600
2009-02-03,5.9228,6.0414,5.8477,6.0138,12651800
2009-02-04,6.0296,6.1838,5.9979,6.0098,11547800
2009-02-05,5.9426,6.1798,5.9268,6.1047,17939000
2009-02-06,6.1521,6.3696,6.1324,6.3143,15331400
2009-02-09,6.3301,6.3815,6.2826,6.3301,9208800
2009-02-10,6.3063,6.3577,6.0375,6.0731,17649000
2009-02-11,6.0691,6.1403,6.0098,6.0849,11357000
2009-02-12,6.0296,6.1284,5.9307,6.1126,11572200
2009-02-13,6.1047,6.2075,6.0849,6.0849,7834200
2009-02-17,5.9307,5.9465,5.8319,5.8319,12472000
2009-02-18,5.9149,5.9307,5.7884,5.8358,13326400
2009-02-19,5.8951,5.8951,5.6895,5.6935,13666400
2009-02-20,5.6342,5.7884,5.6184,5.7489,24569200
2009-02-23,5.7726,5.7805,5.4681,5.4839,28396800
2009-02-24,5.5314,5.7093,5.4958,5.6302,16381400
2009-02-25,5.6540,5.7844,5.5393,5.6816,36860200
2009-02-26,5.7093,5.8082,5.6144,5.6223,14137000
2009-02-27,5.5551,5.6975,5.5472,5.5828,13934400
2009-03-02,5.5116,5.6065,5.4049,5.4484,14689400
2009-03-03,5.4839,5.5156,5.3693,5.3970,14889600
2009-03-04,5.5037,5.6421,5.4721,5.5393,12826000
2009-03-05,5.4721,5.5512,5.3574,5.3693,13908600
2009-03-06,5.4602,5.4800,5.2072,5.3970,46663200
2009-03-09,5.2863,5.4049,5.1716,5.2269,18855000
2009-03-10,5.2784,5.5512,5.2625,5.5274,49537600
2009-03-11,5.6105,5.7093,5.5512,5.6500,28460000
2009-03-12,5.6816,5.8319,5.6105,5.8121,16177800
2009-03-13,5.8279,5.8517,5.7330,5.8121,13471400
2009-03-16,5.8596,5.8912,5.7409,5.7607,9802400
2009-03-17,5.7765,5.9742,5.7449,5.9703,11355200
2009-03-18,5.9347,6.1521,5.9110,6.0533,21289600
2009-03-19,6.1640,6.1838,6.0256,6.0691,12457200
2009-03-20,6.0957,6.1474,5.9408,5.9765,10532000
2009-03-23,6.1236,6.3302,6.0639,6.3302,10848600
2009-03-24,6.2746,6.3342,6.2229,6.2269,11955200
2009-03-25,6.2905,6.3580,6.0957,6.2626,18962800
2009-03-26,6.3501,6.4415,6.2865,6.4256,16755400
2009-03-27,6.3699,6.3739,6.2746,6.2865,12588600
2009-03-30,6.1871,6.1871,6.0322,6.0918,12785400
2009-03-31,6.1871,6.3262,6.1673,6.2070,10078200
2009-04-01,6.1355,6.3898,6.1196,6.3818,12126400
2009-04-02,6.4971,6.6878,6.4613,6.5487,14645800
2009-04-03,6.5686,6.6680,6.5329,6.6401,30178400
2009-04-06,6.5766,6.6083,6.4613,6.5726,30654000
2009-04-07,6.4931,6.5170,6.3858,6.3898,12568400
2009-04-08,6.4931,6.5646,6.4415,6.4852,10671000
2009-04-09,6.6401,6.7276,6.6044,6.6481,30211600
2009-04-13,6.6680,6.7117,6.5925,6.6481,11552800
2009-04-14,6.6362,6.6441,6.5408,6.5766,10869200
2009-04-15,6.5249,6.5726,6.4653,6.5567,11345800
2009-04-16,6.6441,6.7832,6.5925,6.7514,29548600
2009-04-17,6.7554,6.7752,6.6719,6.7395,17962800
2009-04-20,6.6322,6.6362,6.5090,6.5249,10750600
2009-04-21,6.5011,6.6481,6.4812,6.6362,4293800
2009-04-22,6.6123,6.7991,6.5964,6.6680,18245600
2009-04-23,6.7156,6.7236,6.5607,6.6997,13641800
2009-04-24,6.7554,6.8547,6.6997,6.7951,10391000
2009-04-27,6.7435,6.8627,6.7315,6.7633,8749200
2009-04-28,6.7276,6.8110,6.6759,6.7594,14151400
2009-04-29,6.8110,6.9342,6.7792,6.8349,11049400
2009-04-30,6.9461,7.0216,6.8309,6.8547,25428400
2009-05-01,6.8786,6.9461,6.7991,6.9461,7022400
2009-05-04,6.9938,7.0852,6.9541,7.0733,9104200
2009-05-05,7.0335,7.0534,6.9739,7.0296,9088200
2009-05-06,7.1090,7.1090,6.9620,7.0693,14494800
2009-05-07,7.0852,7.1051,6.7673,6.7991,36639400
2009-05-08,6.8865,6.9024,6.7315,6.7911,13724600
2009-05-11,6.7276,6.8825,6.7156,6.8110,11392000
2009-05-12,6.8587,6.8706,6.7395,6.7753,11605600
2009-05-13,6.7355,6.7514,6.6044,6.6044,26418800
2009-05-14,6.6521,6.7554,6.6322,6.6759,13505000
2009-05-15,6.7355,6.7792,6.6759,6.6759,14036600
2009-05-18,6.7554,6.8587,6.7156,6.8587,8677400
2009-05-19,6.8269,6.9541,6.8150,6.8984,14238000
2009-05-20,6.9461,6.9779,6.8190,6.8269,17401600
2009-05-21,6.7752,6.7991,6.6441,6.7077,12901600
2009-05-22,6.7355,6.7713,6.6362,6.7315,10869400
2009-05-26,6.6600,6.9223,6.6362,6.9064,11486800
2009-05-27,6.9104,6.9938,6.8349,6.8388,15429800
2009-05-28,6.9223,6.9700,6.7991,6.9382,12355800
2009-05-29,6.9580,7.0256,6.8905,7.0137,10793600
2009-06-01,7.1090,7.2322,7.0852,7.2124,15874200
2009-06-02,7.1647,7.2720,7.1408,7.1965,13743800
2009-06-03,7.1726,7.1726,7.0653,7.1170,11487800
2009-06-04,7.1686,7.2362,7.1567,7.2163,18743600
2009-06-05,7.2839,7.3157,7.2124,7.2879,19307800
2009-06-08,7.2163,7.2839,7.1210,7.2442,13437600
2009-06-09,7.2918,7.3316,7.2283,7.2759,12225400
2009-06-10,7.3197,7.3435,7.1925,7.2958,10700000
2009-06-11,7.2998,7.4031,7.2759,7.3236,12335600
2009-06-12,7.3038,7.3276,7.2283,7.3038,11411200
2009-06-15,7.2481,7.2839,7.1567,7.2283,13549400
2009-06-16,7.2481,7.2640,7.1210,7.1369,13599400
2009-06-17,7.1567,7.2322,7.1051,7.1766,15441800
2009-06-18,7.1766,7.2044,7.1289,7.1448,13541800
2009-06-19,7.2091,7.2530,7.1692,7.2330,22896600
2009-06-22,7.1652,7.1851,7.0294,7.0534,15364400
2009-06-23,7.0654,7.0813,6.9975,7.0574,11561400
2009-06-24,7.1213,7.2131,7.1013,7.1572,13363400
2009-06-25,7.1213,7.2849,7.0853,7.2610,17386600
2009-06-26,7.2370,7.2849,7.2171,7.2490,17909400
2009-06-29,7.2650,7.3488,7.2530,7.3248,10663000
2009-06-30,7.3408,7.3568,7.2171,7.2689,15497600
2009-07-01,7.3169,7.3727,7.2849,7.3009,22071400
2009-07-02,7.2290,7.2330,7.1173,7.1173,18547800
2009-07-06,7.0853,7.1372,7.0374,7.0973,11724600
2009-07-07,7.1093,7.1252,6.9217,6.9217,8982600
2009-07-08,6.9496,6.9656,6.8458,6.9257,17221800
2009-07-09,6.9616,7.0055,6.9336,6.9696,28062400
2009-07-10,6.9456,7.0135,6.9177,6.9975,20055400
2009-07-13,6.9895,7.1292,6.9097,7.1292,16473800
2009-07-14,7.1173,7.1412,7.0654,7.1372,13903600
2009-07-15,7.2610,7.4087,7.2450,7.4047,16611200
2009-07-16,7.3847,7.5204,7.3608,7.5124,17033000
2009-07-17,7.5124,7.5843,7.4805,7.5843,36892200
2009-07-20,7.6242,7.6601,7.5843,7.6522,41402200
2009-07-21,7.6801,7.6961,7.5963,7.6961,31625400
2009-07-22,7.6921,7.7639,7.6761,7.7400,14524600
2009-07-23,7.7360,7.9316,7.7200,7.8917,26817200
2009-07-24,7.7839,7.8557,7.7280,7.8438,21417000
2009-07-27,7.8557,7.8557,7.7559,7.8438,11474600
2009-07-28,7.7879,7.8717,7.7400,7.8597,11774400
2009-07-29,7.8198,7.8517,7.7639,7.8517,11856800
2009-07-30,7.9316,8.0074,7.8757,7.8917,22961200
2009-07-31,7.8957,7.9396,7.8517,7.8637,13465600
2009-08-03,7.9635,7.9715,7.8957,7.9715,15641400
2009-08-04,7.9236,7.9595,7.9076,7.9475,11643000
2009-08-05,7.9835,7.9835,7.8438,7.8757,10024200
2009-08-06,7.8996,7.9156,7.7919,7.8198,20416400
2009-08-07,7.9316,7.9475,7.8637,7.8996,23483000
2009-08-10,7.8597,7.8877,7.7999,7.8637,24926200
2009-08-11,7.8278,7.8358,7.7480,7.7520,9643600
2009-08-12,7.7639,7.9635,7.7520,7.9076,10676800
2009-08-13,7.9356,7.9595,7.8637,7.9435,12151400
2009-08-14,7.9356,7.9475,7.8118,7.8677,6912000
2009-08-17,7.7440,7.7679,7.6641,7.6801,10120200
2009-08-18,7.7160,7.7999,7.7040,7.7959,7432200
2009-08-19,7.6921,7.8478,7.6801,7.8158,11440600
2009-08-20,7.8238,7.9156,7.7999,7.9036,7821000
2009-08-21,7.9515,8.0314,7.9036,8.0194,13267200
2009-08-24,8.0433,8.0912,7.9954,7.9954,8479800
2009-08-25,8.0394,8.0913,8.0114,8.0154,9226800
2009-08-26,8.0114,8.0753,7.9994,8.0513,11368600
2009-08-27,8.0314,8.0713,7.9316,8.0673,18829400
2009-08-28,8.1671,8.2110,8.0394,8.0952,22097000
2009-08-31,8.0034,8.0154,7.9515,7.9915,19650400
2009-09-01,7.9595,8.0793,7.8198,7.8278,27297000
2009-09-02,7.8158,7.8797,7.7959,7.8438,9894400
2009-09-03,7.8877,7.8877,7.7879,7.8797,10676800
2009-09-04,7.8797,8.0194,7.8677,8.0194,20509600
2009-09-08,8.0593,8.0793,8.0154,8.0793,6249200
2009-09-09,8.0633,8.1591,8.0473,8.1391,14115000
2009-09-10,8.1431,8.2509,8.1192,8.2509,31455000
2009-09-11,8.2469,8.2749,8.1871,8.2589,23523400
2009-09-14,8.1871,8.2509,8.1831,8.2310,9048600
2009-09-15,8.2549,8.3108,8.2230,8.2868,9138000
2009-09-16,8.3228,8.3787,8.2669,8.3507,21677200
2009-09-17,8.3268,8.3787,8.2948,8.3188,11453000
2009-09-18,8.3536,8.3857,8.3056,8.3697,13098600
2009-09-21,8.3136,8.3697,8.2815,8.3336,12015800
2009-09-22,8.3977,8.4017,8.3296,8.3777,11379800
2009-09-23,8.4137,8.5099,8.3496,8.3777,13050800
2009-09-24,8.4137,8.4258,8.2655,8.2975,11164000
2009-09-25,8.2695,8.3256,8.2334,8.2455,18445000
2009-09-28,8.2935,8.4458,8.2935,8.3817,10126000
2009-09-29,8.3817,8.4217,8.3216,8.3376,22216400
2009-09-30,8.3576,8.4097,8.2334,8.3616,29816200
2009-10-01,8.3216,8.3216,8.1132,8.1132,32404800
2009-10-02,8.0491,8.1573,8.0491,8.1132,14310000
2009-10-05,8.1333,8.1974,8.0772,8.1814,12440600
2009-10-06,8.2214,8.3376,8.2134,8.3296,16493000
2009-10-07,8.3096,8.3376,8.2735,8.3136,10382400
2009-10-08,8.3817,8.4057,8.3176,8.3657,9998600
2009-10-09,8.3336,8.4217,8.3216,8.4217,18425600
2009-10-12,8.4538,8.4738,8.3817,8.4258,7997600
2009-10-13,8.4298,8.4778,8.3937,8.4578,9602200
2009-10-14,8.5780,8.5780,8.5099,8.5580,18362400
2009-10-15,8.5179,8.5459,8.4818,8.5419,11443000
2009-10-16,8.5059,8.5099,8.4137,8.4618,14431200
2009-10-19,8.4858,8.5580,8.4538,8.5540,18320800
2009-10-20,8.6101,8.6141,8.4858,8.5259,14169200
2009-10-21,8.5299,8.6661,8.5059,8.5299,18116800
2009-10-22,8.5339,8.5940,8.4698,8.5700,20659400
2009-10-23,8.6822,8.6942,8.5099,8.5459,32998000
2009-10-26,8.5660,8.6501,8.4698,8.4899,21219000
2009-10-27,8.4939,8.5419,8.4137,8.4458,18711800
2009-10-28,8.3897,8.4618,8.3176,8.3216,26111200
2009-10-29,8.4017,8.4939,8.3576,8.4818,21452200
2009-10-30,8.4738,8.4738,8.2495,8.2575,22670000
2009-11-02,8.2655,8.3657,8.1974,8.3056,33501600
2009-11-03,8.2374,8.2735,8.1974,8.2735,30066000
2009-11-04,8.3096,8.4217,8.3096,8.3216,15870800
2009-11-05,8.4378,8.5219,8.4177,8.5019,13478400
2009-11-06,8.4578,8.5339,8.4418,8.5139,9924200
2009-11-09,8.5820,8.7383,8.5580,8.7102,14874800
2009-11-10,8.6902,8.7343,8.6621,8.7062,10734600
2009-11-11,8.7583,8.7823,8.7022,8.7583,10423200
2009-11-12,8.7583,8.7984,8.6862,8.6942,12722800
2009-11-13,8.7343,8.7984,8.6742,8.7743,10872400
2009-11-16,8.8144,8.8865,8.7903,8.8705,16005200
2009-11-17,8.8344,8.9105,8.8264,8.9105,9999800
2009-11-18,8.8985,8.8985,8.8104,8.8625,8421400
2009-11-19,8.8024,8.8064,8.6822,8.7343,21146800
2009-11-20,8.6782,8.7102,8.6581,8.6902,11102600
2009-11-23,8.7783,8.8585,8.7703,8.8424,14472200
2009-11-24,8.8384,8.8424,8.7743,8.8264,14025200
2009-11-25,8.8424,8.8585,8.8184,8.8424,7015200
2009-11-27,8.6301,8.7583,8.5980,8.6982,10515000
2009-11-30,8.6942,8.7343,8.6381,8.7142,13966400
2009-12-01,8.7823,8.8745,8.7783,8.8545,17054200
2009-12-02,8.8545,8.9226,8.8264,8.8424,10424400
2009-12-03,8.8825,8.9226,8.8264,8.8464,12896600
2009-12-04,8.9386,8.9947,8.8144,8.9025,22041600
2009-12-07,8.9105,8.9386,8.8665,8.8865,13269000
2009-12-08,8.8464,8.8825,8.7743,8.8064,17652600
2009-12-09,8.8224,8.8905,8.7663,8.8905,14958600
2009-12-10,8.9226,8.9706,8.9145,8.9306,21856800
2009-12-11,8.9626,8.9747,8.8825,8.9105,8196000
2009-12-14,8.9787,8.9947,8.9346,8.9827,23433000
2009-12-15,8.9626,8.9987,8.8945,8.9266,10167600
2009-12-16,8.9706,8.9987,8.9386,8.9546,8966000
2009-12-17,8.9226,8.9226,8.8384,8.8464,10250200
2009-12-18,8.9345,8.9908,8.8943,8.9787,14629200
2009-12-21,9.0350,9.0953,9.0109,9.0591,12415400
2009-12-22,9.0873,9.1315,9.0793,9.1315,7604000
2009-12-23,9.1516,9.1758,9.1154,9.1677,10980400
2009-12-24,9.1959,9.2562,9.1757,9.2521,3333200
2009-12-28,9.2682,9.2924,9.2280,9.2803,18266600
2009-12-29,9.2964,9.2964,9.2521,9.2682,7698800
2009-12-30,9.2522,9.3044,9.2401,9.3004,11367000
2009-12-31,9.3084,9.3205,9.1959,9.2200,11526200
2010-01-04,9.3044,9.3647,9.2883,9.3567,16898800
2010-01-05,9.3688,9.3688,9.2883,9.3446,39976400
2010-01-06,9.3446,9.3486,9.2320,9.2401,20048200
2010-01-07,9.2481,9.2481,9.1717,9.2039,14584800
2010-01-08,9.1918,9.2723,9.1597,9.2642,23772400
2010-01-11,9.3044,9.3084,9.1838,9.2280,30477800
2010-01-12,9.1758,9.1878,9.0913,9.1275,19485600
2010-01-13,9.1677,9.2280,9.0873,9.2160,20107400
2010-01-14,9.2079,9.2723,9.1959,9.2401,15013200
2010-01-15,9.2562,9.2642,9.0833,9.1114,27066600
2010-01-19,9.1315,9.2682,9.1315,9.2682,14965600
2010-01-20,9.1959,9.1959,9.0350,9.1195,29398000
2010-01-21,9.1476,9.1918,8.9948,9.0230,25606800
2010-01-22,9.0069,9.0069,8.6973,8.7093,67402400
2010-01-25,8.7897,8.8380,8.7334,8.7817,66680200
2010-01-26,8.7656,8.8661,8.7174,8.7576,32250600
2010-01-27,8.7616,8.8501,8.6973,8.8300,35370000
2010-01-28,8.7857,8.7978,8.5404,8.5766,46278600
2010-01-29,8.6571,8.6691,8.3877,8.4279,53794800
2010-02-01,8.4681,8.5445,8.4640,8.5244,38415000
2010-02-02,8.5525,8.6329,8.5043,8.6088,27391200
2010-02-03,8.5766,8.6490,8.5686,8.6289,29566400
2010-02-04,8.5766,8.5927,8.3796,8.3877,32978200
2010-02-05,8.3997,8.4882,8.3273,8.4721,46507400
2010-02-08,8.4842,8.5324,8.4238,8.4359,45887600
2010-02-09,8.5284,8.5887,8.4520,8.5083,31774800
2010-02-10,8.5284,8.5404,8.4319,8.4842,20846800
2010-02-11,8.4841,8.6048,8.4238,8.5726,30349600
2010-02-12,8.5123,8.6048,8.4600,8.5887,30286000
2010-02-16,8.6410,8.7174,8.6168,8.7174,20466600
2010-02-17,8.7576,8.7576,8.6973,8.7415,17806600
2010-02-18,8.7375,8.8139,8.7174,8.7978,11527600
2010-02-19,8.7495,8.8179,8.7375,8.7737,13535600
2010-02-22,8.8179,8.8219,8.7415,8.7576,14074600
2010-02-23,8.7495,8.7536,8.6128,8.6490,20971400
2010-02-24,8.6892,8.7616,8.6812,8.7335,15078000
2010-02-25,8.6209,8.7254,8.5646,8.7093,23315000
2010-02-26,8.7093,8.7455,8.6691,8.7214,19404000
2010-03-01,8.7656,8.8420,8.7495,8.8340,12843600
2010-03-02,8.8742,8.8903,8.7938,8.8219,14023800
2010-03-03,8.8460,8.8702,8.8018,8.8259,16663600
2010-03-04,8.8380,8.8702,8.7737,8.8621,7247600
2010-03-05,8.9265,8.9828,8.8943,8.9707,14095800
2010-03-08,8.9868,9.0350,8.9747,9.0189,11718800
2010-03-09,9.0069,9.1154,8.9908,9.0591,24003800
2010-03-10,9.0632,9.1355,9.0551,9.1195,33817000
2010-03-11,9.0953,9.1556,9.0793,9.1556,10907400
2010-03-12,9.1798,9.2320,9.1235,9.1476,14918400
2010-03-15,9.1154,9.1516,9.0712,9.1396,17564000
2010-03-16,9.1396,9.2119,9.1315,9.2079,13229600
2010-03-17,9.2200,9.2883,9.1999,9.2361,19621000
2010-03-18,9.2320,9.2682,9.2200,9.2481,9003200
2010-03-19,9.1929,9.2897,9.1525,9.1929,18086000
2010-03-22,9.1485,9.3018,9.1404,9.2614,16861600
2010-03-23,9.2937,9.3582,9.2534,9.3502,11956800
2010-03-24,9.3058,9.3340,9.2776,9.3058,11754200
2010-03-25,9.3663,9.4309,9.3018,9.3219,16660400
2010-03-26,9.3461,9.3582,9.2574,9.2776,17161200
2010-03-29,9.3179,9.3583,9.2937,9.3058,15494400
2010-03-30,9.3300,9.3784,9.2897,9.3462,10629000
2010-03-31,9.3179,9.3502,9.2776,9.3179,9356400
2010-04-01,9.3421,9.3946,9.2372,9.3018,18213400
2010-04-05,9.3340,9.4147,9.2493,9.4107,9699200
2010-04-06,9.3784,9.4430,9.3421,9.4188,10143800
2010-04-07,9.3905,9.4309,9.3340,9.3825,11420600
2010-04-08,9.3502,9.4107,9.3058,9.3986,16910400
2010-04-09,9.4188,9.4752,9.3865,9.4712,10978600
2010-04-12,9.4793,9.5236,9.4712,9.4914,8320800
2010-04-13,9.4793,9.5357,9.4470,9.5196,11877200
2010-04-14,9.5962,9.6608,9.5801,9.6567,29962600
2010-04-15,9.6648,9.7052,9.6366,9.7011,18980400
2010-04-16,9.6446,9.6890,9.5236,9.5720,30402400
2010-04-19,9.5559,9.6083,9.4873,9.5922,17533600
2010-04-20,9.6245,9.6648,9.5680,9.6446,13887000
2010-04-21,9.7011,9.7132,9.6164,9.6648,18800600
2010-04-22,9.5720,9.6971,9.5035,9.6890,8321000
2010-04-23,9.6850,9.7253,9.6285,9.7132,25740400
2010-04-26,9.7334,9.7455,9.6890,9.7011,19625800
2010-04-27,9.6608,9.7051,9.4954,9.5115,56498000
2010-04-28,9.5720,9.5720,9.4551,9.5398,25521400
2010-04-29,9.5841,9.6527,9.5640,9.6366,18107200
2010-04-30,9.6285,9.6446,9.4309,9.4349,21095200
2010-05-03,9.4631,9.6003,9.4631,9.5640,13769000
2010-05-04,9.4510,9.4631,9.2332,9.2897,29680600
2010-05-05,9.1969,9.3139,9.1888,9.2493,26930000
2010-05-06,9.1848,9.2735,8.3256,8.9710,51044800
2010-05-07,8.9307,8.9992,8.5717,8.7734,50444200
2010-05-10,9.1525,9.2171,9.0880,9.1767,46776400
2010-05-11,9.0799,9.2776,9.0719,9.1162,25730000
2010-05-12,9.1808,9.3542,9.1808,9.3542,23624200
2010-05-13,9.3219,9.3865,9.1969,9.2171,22879600
2010-05-14,9.1364,9.1566,8.9428,9.0396,32993200
2010-05-17,9.0638,9.0961,8.9024,9.0840,29975200
2010-05-18,9.1445,9.1566,8.9065,8.9468,45030400
2010-05-19,8.9226,8.9952,8.8056,8.8782,53445200
2010-05-20,8.7371,8.7572,8.5676,8.5959,39636800
2010-05-21,8.4466,8.7129,8.4144,8.6604,42044000
2010-05-24,8.6645,8.7371,8.6080,8.6201,25923400
2010-05-25,8.3982,8.6120,8.3377,8.5959,36575800
2010-05-26,8.6766,8.7613,8.4870,8.5112,48645200
2010-05-27,8.7048,8.8097,8.6765,8.8016,38243400
2010-05-28,8.8056,8.8097,8.6685,8.7290,24232600
2010-06-01,8.6886,8.8258,8.6322,8.6443,26467000
2010-06-02,8.6927,8.8379,8.6322,8.8379,20760000
2010-06-03,8.8661,8.9428,8.8137,8.9266,25170000
2010-06-04,8.7371,8.8540,8.6080,8.6402,36989000
2010-06-07,8.6846,8.7129,8.4991,8.5152,21086400
2010-06-08,8.5273,8.5555,8.4023,8.5313,26650400
2010-06-09,8.5959,8.6725,8.4466,8.4870,26627000
2010-06-10,8.5797,8.7007,8.5636,8.6927,28425600
2010-06-11,8.6039,8.7855,8.6039,8.7693,21450600
2010-06-14,8.8621,8.8903,8.7411,8.7532,26047600
2010-06-15,8.8056,8.9912,8.7935,8.9831,23053600
2010-06-16,8.9468,9.0356,8.9266,9.0073,15507600
2010-06-17,9.0476,9.0557,8.9468,9.0396,19837200
2010-06-18,9.0473,9.0878,9.0108,9.0392,14238600
2010-06-21,9.1404,9.1566,8.9299,8.9744,17484400
2010-06-22,9.0028,9.0675,8.8854,8.8975,20366800
2010-06-23,8.9258,8.9501,8.8125,8.8813,18819600
2010-06-24,8.8408,8.8651,8.6870,8.7032,30528200
2010-06-25,8.7558,8.7639,8.6263,8.6951,31331000
2010-06-28,8.6830,8.7518,8.6384,8.7113,20527200
2010-06-29,8.5656,8.5777,8.3267,8.3875,39667200
2010-06-30,8.3510,8.4198,8.2336,8.2579,25000000
2010-07-01,8.2620,8.3146,8.1000,8.2255,45810800
2010-07-02,8.2620,8.2903,8.1567,8.2134,17022000
2010-07-06,8.3429,8.4036,8.2093,8.2943,30672400
2010-07-07,8.3065,8.5737,8.2943,8.5615,25780600
2010-07-08,8.6465,8.6465,8.5170,8.6141,17332800
2010-07-09,8.6101,8.6587,8.5939,8.6587,15716400
2010-07-12,8.6384,8.7356,8.6384,8.6991,17427200
2010-07-13,8.7882,8.8530,8.7275,8.8246,20582000
2010-07-14,8.8570,8.9339,8.8287,8.8773,24766800
2010-07-15,8.8570,8.9137,8.7639,8.9056,24839000
2010-07-16,8.8287,8.8489,8.6425,8.6506,30216200
2010-07-19,8.6870,8.7558,8.6425,8.7356,14704600
2010-07-20,8.5818,8.8044,8.5453,8.7923,31219600
2010-07-21,8.8611,8.8692,8.6587,8.6870,33310200
2010-07-22,8.7963,8.9501,8.7923,8.9218,23437600
2010-07-23,8.8975,8.9825,8.8692,8.9825,20772800
2010-07-26,8.9825,9.0432,8.9461,9.0392,13152600
2010-07-27,9.0675,9.0878,9.0149,9.0635,15588400
2010-07-28,9.0473,9.0797,8.9582,8.9906,26353400
2010-07-29,9.0230,9.0351,8.8368,8.9096,21295400
2010-07-30,8.8125,8.9218,8.7842,8.8732,17912400
2010-08-02,8.9785,9.0837,8.9501,9.0594,31420600
2010-08-03,9.0473,9.0513,8.9906,9.0108,10787400
2010-08-04,9.0351,9.0878,8.9744,9.0837,29363200
2010-08-05,9.0230,9.0594,8.9866,9.0432,10129600
2010-08-06,8.9582,9.0311,8.8975,9.0189,31234200
2010-08-09,9.0432,9.0958,9.0068,9.0797,27105600
2010-08-10,8.9947,9.0351,8.9218,8.9866,22578600
2010-08-11,8.8489,8.8530,8.7396,8.7720,36123000
2010-08-12,8.5979,8.6870,8.5575,8.6506,30331600
2010-08-13,8.6141,8.6627,8.5979,8.6101,12157600
2010-08-16,8.5575,8.6708,8.5332,8.6263,20537200
2010-08-17,8.7072,8.7963,8.6749,8.7194,34201200
2010-08-18,8.7194,8.8165,8.6911,8.7680,25232200
2010-08-19,8.7356,8.7639,8.6101,8.6627,27622200
2010-08-20,8.6344,8.6708,8.5939,8.6425,18632800
2010-08-23,8.6870,8.7072,8.5656,8.5656,16367400
2010-08-24,8.4725,8.5332,8.4077,8.4482,21180600
2010-08-25,8.3955,8.5372,8.3753,8.5008,22105800
2010-08-26,8.5413,8.5534,8.4036,8.4158,20309400
2010-08-27,8.4644,8.5210,8.3308,8.5170,29983400
2010-08-30,8.4725,8.5372,8.4036,8.4036,15187000
2010-08-31,8.3834,8.4360,8.3308,8.3753,31040000
2010-09-01,8.4886,8.6222,8.4725,8.5898,29596200
2010-09-02,8.5939,8.6668,8.5777,8.6668,18613000
2010-09-03,8.7437,8.7963,8.7072,8.7963,20718000
2010-09-07,8.7558,8.8003,8.7153,8.7234,15678800
2010-09-08,8.7518,8.7922,8.7275,8.7720,18581600
2010-09-09,8.8449,8.8611,8.7801,8.7963,13895200
2010-09-10,8.8044,8.8125,8.7437,8.8003,16300600
2010-09-13,8.8854,8.9744,8.8732,8.9582,23197400
2010-09-14,8.9582,9.0675,8.9258,8.9947,18854400
2010-09-15,8.9866,9.0716,8.9704,9.0513,14763400
2010-09-16,9.0392,9.1120,9.0230,9.1040,15599600
2010-09-17,9.1653,9.1734,9.1084,9.1531,28835400
2010-09-20,9.1856,9.3034,9.1653,9.2872,19105200
2010-09-21,9.2994,9.3481,9.2384,9.2709,37269200
2010-09-22,9.2344,9.2791,9.1775,9.2262,16811600
2010-09-23,9.1653,9.3115,9.1531,9.2140,19862600
2010-09-24,9.3034,9.4009,9.3034,9.3928,16332600
2010-09-27,9.4131,9.4700,9.3766,9.3969,30638200
2010-09-28,9.4212,9.4294,9.2750,9.4091,29432000
2010-09-29,9.3887,9.4294,9.3644,9.3887,12267000
2010-09-30,9.4375,9.4944,9.2994,9.3522,26278600
2010-10-01,9.4172,9.4334,9.3237,9.3562,24335400
2010-10-04,9.3075,9.3562,9.2140,9.2790,16976000
2010-10-05,9.3440,9.4862,9.3400,9.4619,15425800
2010-10-06,9.4619,9.4903,9.3400,9.4172,14340000
2010-10-07,9.4537,9.4578,9.3522,9.4172,9899400
2010-10-08,9.4212,9.4903,9.3562,9.4700,13341200
2010-10-11,9.4903,9.5269,9.4497,9.4862,12082000
2010-10-12,9.4578,9.5634,9.4050,9.5431,22014600
2010-10-13,9.6000,9.6650,9.5716,9.6203,30959000
2010-10-14,9.6406,9.6569,9.5716,9.6244,11029200
2010-10-15,9.7544,9.7909,9.6731,9.7869,42694000
2010-10-18,9.7909,9.8519,9.7544,9.8519,21501200
2010-10-19,9.6650,9.7503,9.6041,9.6772,50409400
2010-10-20,9.7097,9.8153,9.6894,9.7584,47254600
2010-10-21,9.8113,9.8316,9.6650,9.7666,55292800
2010-10-22,9.7666,9.8031,9.7462,9.7950,11525200
2010-10-25,9.8316,9.8966,9.8234,9.8234,19000000
2010-10-26,9.7869,9.8600,9.7463,9.8478,20635800
2010-10-27,9.8072,9.8844,9.7747,9.8763,23674600
2010-10-28,9.9169,9.9250,9.8113,9.8763,17096200
2010-10-29,9.8925,9.9331,9.8763,9.8925,16677200
2010-11-01,9.9413,10.0022,9.8600,9.9006,16937800
2010-11-02,9.9900,10.0225,9.9697,9.9981,14973800
2010-11-03,10.0144,10.0591,9.9331,10.0550,30232800
2010-11-04,10.1606,10.2134,10.1403,10.2053,27347000
2010-11-05,10.2094,10.2094,10.1525,10.1972,17475400
2010-11-08,10.1769,10.2175,10.1566,10.2053,15004200
2010-11-09,10.2378,10.2703,10.1281,10.1769,18159600
2010-11-10,10.1891,10.2013,10.0916,10.1850,14106000
2010-11-11,9.9900,10.0428,9.9291,10.0306,24255400
2010-11-12,9.9778,10.0266,9.8397,9.8884,21570800
2010-11-15,9.9372,9.9453,9.8519,9.8600,17599200
2010-11-16,9.7909,9.8234,9.6447,9.6812,35830800
2010-11-17,9.6934,9.7503,9.6447,9.6853,20825800
2010-11-18,9.7909,9.8884,9.7869,9.8478,21610400
2010-11-19,9.8478,9.8884,9.8153,9.8763,10239800
2010-11-22,9.8316,9.9331,9.8072,9.9331,18828400
2010-11-23,9.8397,9.8559,9.7381,9.7869,22018800
2010-11-24,9.8681,9.9534,9.8559,9.9494,14432400
2010-11-26,9.8681,9.9291,9.8478,9.8519,4980000
2010-11-29,9.8438,9.8722,9.7381,9.8275,14342000
2010-11-30,9.7381,9.7828,9.6975,9.7300,21385600
2010-12-01,9.8722,9.9656,9.8478,9.9372,21454600
2010-12-02,9.9494,10.0631,9.9413,10.0550,19251200
2010-12-03,10.0022,10.0834,9.9981,10.0794,18354800
2010-12-06,10.0672,10.1038,10.0550,10.0794,12875600
2010-12-07,10.1972,10.1972,10.0834,10.0916,19821200
2010-12-08,10.1281,10.1769,10.0794,10.1769,18021800
2010-12-09,10.2175,10.2216,10.1444,10.1850,12462600
2010-12-10,10.2053,10.2419,10.1728,10.2338,11634000
2010-12-13,10.2744,10.2866,10.2053,10.2135,13802200
2010-12-14,10.2135,10.2663,10.2053,10.2297,12583400
2010-12-15,10.2175,10.2703,10.1606,10.1891,9197000
2010-12-16,10.2013,10.2500,10.1566,10.2053,11870400
2010-12-17,10.2298,10.2461,10.2012,10.2257,11957600
2010-12-20,10.2502,10.2624,10.1727,10.2339,9538400
2010-12-21,10.2665,10.2991,10.2502,10.2950,11115400
2010-12-22,10.2828,10.2950,10.2665,10.2828,10815600
2010-12-23,10.2706,10.2910,10.2461,10.2787,6456400
2010-12-27,10.2339,10.3154,10.2135,10.2991,5982800
2010-12-28,10.3195,10.3276,10.2787,10.2869,5815000
2010-12-29,10.3154,10.3317,10.2950,10.3073,7469800
2010-12-30,10.2991,10.3113,10.2706,10.2828,10092000
2010-12-31,10.2787,10.2909,10.2298,10.2706,12704200
2011-01-03,10.3480,10.4418,10.3480,10.3847,14855000
2011-01-04,10.4337,10.4459,10.3562,10.4255,18383400
2011-01-05,10.4051,10.4989,10.3847,10.4867,23670800
2011-01-06,10.5111,10.5478,10.4663,10.5478,22089000
2011-01-07,10.5397,10.5478,10.4092,10.4989,17831200
2011-01-10,10.4867,10.5274,10.4377,10.5070,20666600
2011-01-11,10.5437,10.5519,10.4581,10.4907,16782800
2011-01-12,10.5519,10.5927,10.5152,10.5845,27155000
2011-01-13,10.5927,10.6049,10.5437,10.5764,26086800
2011-01-14,10.5845,10.6701,10.5641,10.6701,15706800
2011-01-18,10.6049,10.6946,10.5927,10.6824,17266000
2011-01-19,10.7068,10.7068,10.5723,10.6049,22431200
2011-01-20,10.5682,10.5723,10.4581,10.5478,30717200
2011-01-21,10.6090,10.6130,10.4826,10.4867,23263400
2011-01-24,10.4907,10.6416,10.4907,10.6334,36983400
2011-01-25,10.6090,10.6864,10.5845,10.6824,22027000
2011-01-26,10.7109,10.7761,10.6824,10.7435,16571000
2011-01-27,10.7476,10.8128,10.7191,10.7802,18093000
2011-01-28,10.7924,10.7924,10.4948,10.5315,32363400
2011-01-31,10.5397,10.5967,10.4785,10.5967,27973000
2011-02-01,10.6742,10.8006,10.6620,10.7761,24745400
2011-02-02,10.7517,10.8169,10.7517,10.7965,17495000
2011-02-03,10.7924,10.8373,10.7028,10.8128,22929000
2011-02-04,10.8332,10.8903,10.7924,10.8821,15135200
2011-02-07,10.9066,10.9882,10.9025,10.9352,19596400
2011-02-08,10.9596,10.9882,10.9148,10.9800,10376000
2011-02-09,10.9637,10.9922,10.9270,10.9596,10374400
2011-02-10,10.8740,10.9392,10.8332,10.9107,15676800
2011-02-11,10.9148,10.9841,10.8862,10.9678,25499200
2011-02-14,10.9596,11.0045,10.9555,10.9841,11883600
2011-02-15,10.9637,10.9637,10.9025,10.9433,12084800
2011-02-16,10.9759,11.0167,10.9433,11.0045,13573000
2011-02-17,10.9515,11.0371,10.9433,11.0249,13297800
2011-02-18,11.0371,11.0452,10.9800,11.0085,12668200
2011-02-22,10.8699,10.9229,10.7191,10.7394,44693600
2011-02-23,10.7028,10.7231,10.5478,10.6131,24511800
2011-02-24,10.6212,10.6824,10.5315,10.6497,22663400
2011-02-25,10.7191,10.7965,10.6987,10.7843,15605800
2011-02-28,10.8210,10.8577,10.7558,10.8291,18504600
2011-03-01,10.8495,10.8699,10.6130,10.6212,29088000
2011-03-02,10.6375,10.7680,10.6253,10.6864,19854600
2011-03-03,10.7884,10.8618,10.7843,10.8577,19117000
2011-03-04,10.8577,10.8577,10.7068,10.7721,27781400
2011-03-07,10.8169,10.8169,10.5682,10.6334,29609400
2011-03-08,10.6416,10.7680,10.6008,10.7231,21926400
2011-03-09,10.6905,10.7191,10.6131,10.6783,23727000
2011-03-10,10.5560,10.5641,10.4622,10.4785,29591200
2011-03-11,10.4214,10.5600,10.4214,10.5193,22764400
2011-03-14,10.4663,10.5397,10.4092,10.4703,19229600
2011-03-15,10.1646,10.3684,10.1401,10.3154,29789400
2011-03-16,10.2583,10.2950,9.9974,10.0626,42762200
2011-03-17,10.2013,10.2665,10.1523,10.1686,21866200
2011-03-18,10.3053,10.3094,10.1744,10.1866,36830200
2011-03-21,10.3503,10.4198,10.3339,10.3585,17801200
2011-03-22,10.3748,10.3830,10.3298,10.3421,18278600
2011-03-23,10.3175,10.4280,10.2725,10.3994,11671200
2011-03-24,10.4812,10.5753,10.4321,10.5630,20801200
2011-03-25,10.5957,10.6448,10.5753,10.5875,12480200
2011-03-28,10.6285,10.6530,10.5548,10.5630,16532200
2011-03-29,10.5507,10.6407,10.5016,10.6366,10271600
2011-03-30,10.6980,10.7062,10.6571,10.6816,12454600
2011-03-31,10.6653,10.6980,10.6448,10.6612,12432000
2011-04-01,10.7103,10.7348,10.6080,10.6407,21874800
2011-04-04,10.6653,10.6694,10.5630,10.6039,11739600
2011-04-05,10.5998,10.6653,10.5753,10.5875,19828400
2011-04-06,10.6612,10.6816,10.6039,10.6653,21893200
2011-04-07,10.6530,10.7062,10.5835,10.6694,18300600
2011-04-08,10.7103,10.7103,10.5712,10.6080,12734000
2011-04-11,10.6244,10.6489,10.5589,10.5916,11592800
2011-04-12,10.5303,10.5589,10.4689,10.5057,16106800
2011-04-13,10.5589,10.6121,10.5139,10.5712,14444400
2011-04-14,10.5180,10.5630,10.4607,10.5507,11015000
2011-04-15,10.5221,10.5548,10.4689,10.5303,20343600
2011-04-18,10.4198,10.4403,10.3094,10.4362,17627000
2011-04-19,10.4485,10.4648,10.3994,10.4648,19927800
2011-04-20,10.6203,10.7021,10.6121,10.6857,18449000
2011-04-21,10.7839,10.7880,10.7266,10.7798,20296000
2011-04-25,10.7798,10.8003,10.7553,10.7880,12519400
2011-04-26,10.8126,10.9148,10.7962,10.8780,14400000
2011-04-27,10.9026,10.9598,10.8576,10.9435,16033800
2011-04-28,10.9189,10.9598,10.8985,10.9476,16963600
2011-04-29,10.9394,10.9598,10.9067,10.9394,15000000
2011-05-02,10.9885,11.0007,10.8862,10.8985,13415000
2011-05-03,10.8985,10.9230,10.8330,10.9026,16303600
2011-05-04,10.9066,10.9271,10.7962,10.8698,21753800
2011-05-05,10.8412,10.9230,10.7757,10.8126,26800000
2011-05-06,10.9067,10.9639,10.8248,10.8330,21269000
2011-05-09,10.8576,10.9148,10.8166,10.8780,7888200
2011-05-10,10.9026,10.9885,10.8862,10.9762,27132000
2011-05-11,10.9721,10.9967,10.8166,10.8780,23684800
2011-05-12,10.8494,10.9721,10.7880,10.9598,21935400
2011-05-13,10.9189,10.9312,10.8126,10.8248,20408200
2011-05-16,10.7757,10.8289,10.6489,10.6694,33938800
2011-05-17,10.6080,10.6735,10.5507,10.6694,110101200
2011-05-18,10.6776,10.7635,10.6571,10.7471,23915400
2011-05-19,10.7880,10.7921,10.7021,10.7676,16237000
2011-05-20,10.7553,10.7839,10.6816,10.7062,26858600
2011-05-23,10.5589,10.5957,10.5139,10.5548,25196800
2011-05-24,10.5794,10.5835,10.5180,10.5221,17531400
2011-05-25,10.5057,10.6080,10.4894,10.5548,24816200
2011-05-26,10.5385,10.6448,10.5344,10.6244,22264200
2011-05-27,10.6326,10.6776,10.6203,10.6776,25109200
2011-05-31,10.7676,10.8248,10.7144,10.8248,21345200
2011-06-01,10.7962,10.8330,10.5916,10.5998,33255000
2011-06-02,10.6121,10.6489,10.5589,10.6080,20809800
2011-06-03,10.4853,10.5507,10.4362,10.4485,21554600
2011-06-06,10.4403,10.4730,10.3625,10.3707,16872000
2011-06-07,10.4035,10.4280,10.3339,10.3380,17582000
2011-06-08,10.2971,10.3257,10.2398,10.2685,19987200
2011-06-09,10.2725,10.3175,10.2439,10.2766,10667000
2011-06-10,10.2398,10.2521,10.1253,10.1335,21798400
2011-06-13,10.1416,10.1907,10.1048,10.1416,23329800
2011-06-14,10.2316,10.2971,10.2194,10.2685,18234400
2011-06-15,10.1703,10.2194,10.0557,10.0762,33123400
2011-06-16,10.0680,10.1253,9.9780,10.0516,18411800
2011-06-17,10.1576,10.1658,10.0180,10.0426,39895800
2011-06-20,10.0015,10.1083,9.9974,10.0796,17454200
2011-06-21,10.1330,10.2808,10.0878,10.2603,28681800
2011-06-22,10.2028,10.2644,10.1781,10.1863,22092400
2011-06-23,10.0631,10.2644,10.0385,10.2562,25150400
2011-06-24,10.2233,10.2274,10.0672,10.0796,23521200
2011-06-27,10.1001,10.2685,10.0713,10.2151,23962000
2011-06-28,10.2439,10.3465,10.2356,10.3424,16118800
2011-06-29,10.3794,10.4246,10.3178,10.4246,16565600
2011-06-30,10.4698,10.5683,10.4574,10.5560,18197000
2011-07-01,10.5683,10.7450,10.5355,10.7285,22902600
2011-07-05,10.7203,10.7614,10.6957,10.7450,16311800
2011-07-06,10.7409,10.8148,10.6998,10.7942,13517200
2011-07-07,10.8641,10.9503,10.8559,10.9257,26018200
2011-07-08,10.8230,10.8723,10.7614,10.8723,23908400
2011-07-11,10.7532,10.8066,10.6546,10.6916,23381400
2011-07-12,10.6587,10.6957,10.5848,10.5971,18861800
2011-07-13,10.6505,10.7326,10.5889,10.6217,11160200
2011-07-14,10.6423,10.7121,10.4903,10.5314,21495400
2011-07-15,10.6341,10.6587,10.5683,10.6464,28470800
2011-07-18,10.5930,10.6505,10.5149,10.6094,16761200
2011-07-19,10.7121,10.8682,10.7039,10.8641,24640800
2011-07-20,10.9462,10.9462,10.8107,10.8312,11853600
2011-07-21,10.8148,10.9339,10.7614,10.8805,22424400
2011-07-22,10.8764,10.9955,10.8641,10.9750,12630000
2011-07-25,10.8846,11.0037,10.8600,10.9462,11805600
2011-07-26,10.9544,11.0407,10.9380,10.9955,16658800
2011-07-27,10.8846,10.8928,10.6833,10.7039,26931400
2011-07-28,10.6875,10.8066,10.6505,10.6875,21409200
2011-07-29,10.5889,10.7162,10.5191,10.6012,22955000
2011-08-01,10.7367,10.7655,10.4698,10.5930,23996200
2011-08-02,10.5314,10.5889,10.3548,10.3712,42248200
2011-08-03,10.3794,10.5067,10.2356,10.4780,43071200
2011-08-04,10.3548,10.3753,10.0385,10.0549,67391800
2011-08-05,10.1247,10.1699,9.6976,9.9933,65683400
2011-08-08,9.6894,9.8495,9.4306,9.4306,89921600
2011-08-09,9.5374,9.8660,9.2909,9.8619,83606000
2011-08-10,9.6770,9.7715,9.4511,9.4758,69241200
2011-08-11,9.6195,9.9646,9.5661,9.8372,63193000
2011-08-12,9.9646,9.9769,9.8126,9.9071,29171800
2011-08-15,9.9851,10.0960,9.9358,10.0837,69936400
2011-08-16,10.0015,10.0837,9.8742,10.0097,40466400
2011-08-17,10.0015,10.0919,9.8619,9.9646,43154600
2011-08-18,9.6811,9.6852,9.3854,9.4799,61895000
2011-08-19,9.3567,9.5292,9.2293,9.2499,75489400
2011-08-22,9.4388,9.4593,9.2622,9.2992,40644800
2011-08-23,9.3649,9.6483,9.3320,9.6401,37140400
2011-08-24,9.6319,9.7510,9.5620,9.7263,44978600
2011-08-25,9.7263,9.7715,9.5538,9.5867,40875600
2011-08-26,9.5497,9.8044,9.4470,9.7756,46332800
2011-08-29,9.8742,10.0262,9.8701,10.0221,39852000
2011-08-30,10.0015,10.1165,9.9276,10.0631,24940400
2011-08-31,10.1165,10.1863,9.9563,10.0385,24520600
2011-09-01,10.0590,10.1371,9.9235,9.9276,22643200
2011-09-02,9.7592,9.8126,9.6647,9.7017,28679000
2011-09-06,9.4922,9.6770,9.4470,9.6565,22863200
2011-09-07,9.7962,9.9071,9.7756,9.9071,21515400
2011-09-08,9.8701,10.0015,9.8331,9.8578,18912000
2011-09-09,9.7838,9.8372,9.5990,9.6483,33013800
2011-09-12,9.5497,9.7674,9.5374,9.7633,22505200
2011-09-13,9.8085,9.9070,9.7428,9.8783,32684400
2011-09-14,9.9522,10.1371,9.8331,10.0262,33621600
2011-09-15,10.1247,10.2069,10.0467,10.1863,25153800
2011-09-16,10.2210,10.2993,10.1962,10.2993,30007200
2011-09-19,10.1674,10.3158,10.0849,10.2746,23528800
2011-09-20,10.3323,10.4271,10.2416,10.2498,49468200
2011-09-21,10.2911,10.3694,10.0932,10.0973,44161600
2011-09-22,9.8334,9.9283,9.6561,9.7839,82462000
2011-09-23,9.7551,9.9283,9.7139,9.8953,52197800
2011-09-26,9.9406,10.0396,9.7757,10.0190,41016200
2011-09-27,10.1921,10.2993,10.0890,10.1468,43886800
2011-09-28,10.1798,10.2416,9.9942,10.0025,24657600
2011-09-29,10.1509,10.1880,9.8252,9.9818,39385800
2011-09-30,9.8499,9.9324,9.7180,9.7303,32973200
2011-10-03,9.6520,9.7963,9.4995,9.5118,47078800
2011-10-04,9.4087,9.7097,9.3180,9.7056,33952200
2011-10-05,9.6850,9.9241,9.6067,9.9076,26480200
2011-10-06,9.8870,10.0602,9.8293,10.0561,21334800
2011-10-07,10.0684,10.1220,9.9571,10.0190,19545200
2011-10-10,10.1303,10.3364,10.1303,10.3282,16416600
2011-10-11,10.2911,10.3983,10.2663,10.3735,21544600
2011-10-12,10.4560,10.5302,10.4189,10.4189,19226600
2011-10-13,10.4106,10.5426,10.3859,10.5343,19951400
2011-10-14,10.6786,10.7364,10.6292,10.7199,23006000
2011-10-17,10.6993,10.7034,10.5055,10.5508,17802600
2011-10-18,10.5220,10.7075,10.4230,10.6457,17419600
2011-10-19,10.5838,10.6044,10.4189,10.4395,24489600
2011-10-20,10.4354,10.4478,10.2663,10.3942,17875400
2011-10-21,10.5096,10.5797,10.4477,10.5261,19584600
2011-10-24,10.5632,10.7240,10.5426,10.6910,25305200
2011-10-25,10.6621,10.6663,10.4931,10.5220,24070000
2011-10-26,10.6209,10.6250,10.3735,10.5673,14990200
2011-10-27,10.8147,10.9508,10.7405,10.8807,27882200
2011-10-28,10.8353,10.9425,10.8229,10.9178,18011600
2011-10-31,10.8106,10.8518,10.7157,10.7240,12862400
2011-11-01,10.4725,10.5426,10.4065,10.4271,33196600
2011-11-02,10.5591,10.6044,10.4766,10.5549,17999400
2011-11-03,10.6704,10.8188,10.5467,10.8065,23279200
2011-11-04,10.7240,10.7735,10.6374,10.7405,11387800
2011-11-07,10.7322,10.8188,10.6250,10.8065,12765000
2011-11-08,10.8889,10.9425,10.7776,10.9301,14476200
2011-11-09,10.7199,10.7405,10.5220,10.5508,20789600
2011-11-10,10.6828,10.6869,10.4931,10.5838,11454200
2011-11-11,10.6828,10.8188,10.6786,10.7858,9877200
2011-11-14,10.7611,10.8106,10.6745,10.7034,6522000
2011-11-15,10.6869,10.8848,10.6828,10.8477,15485600
2011-11-16,10.7611,10.8601,10.6663,10.6869,17483000
2011-11-17,10.6580,10.6663,10.3942,10.4807,24996600
2011-11-18,10.4725,10.4931,10.3818,10.3942,14593800
2011-11-21,10.2787,10.2870,10.1179,10.2127,18826000
2011-11-22,10.1921,10.2498,10.1138,10.1962,14135600
2011-11-23,10.1138,10.1344,9.9530,9.9530,25073600
2011-11-25,9.9241,10.0437,9.8994,9.8994,14131800
2011-11-28,10.1509,10.2416,10.1468,10.2251,19591800
2011-11-29,10.2333,10.2993,10.1468,10.1715,9531000
2011-11-30,10.4395,10.5714,10.4106,10.5632,27460600
2011-12-01,10.5343,10.6415,10.5343,10.6209,15959400
2011-12-02,10.6993,10.7281,10.5962,10.6127,11084800
2011-12-05,10.7611,10.8147,10.6786,10.7322,12168000
2011-12-06,10.7322,10.7858,10.6828,10.7281,11733200
2011-12-07,10.6869,10.7817,10.5962,10.7405,11650600
2011-12-08,10.6828,10.7487,10.5549,10.5714,13632200
2011-12-09,10.6003,10.7570,10.5921,10.7364,16561200
2011-12-12,10.6415,10.6457,10.5220,10.6003,116342000
2011-12-13,10.6745,10.7075,10.4684,10.5014,23459600
2011-12-14,10.4807,10.4890,10.3034,10.3406,27793400
2011-12-15,10.4436,10.4519,10.3076,10.3158,18948000
2011-12-16,10.3692,10.4728,10.3154,10.3444,39399000
2011-12-19,10.3775,10.4024,10.2119,10.2450,20306400
2011-12-20,10.3817,10.5473,10.3817,10.5349,17925600
2011-12-21,10.4686,10.4686,10.2409,10.3610,18212600
2011-12-22,10.3941,10.4810,10.3941,10.4810,9373800
2011-12-23,10.4810,10.5846,10.4810,10.5846,9490600
2011-12-27,10.5639,10.6343,10.5556,10.6011,5578000
2011-12-28,10.6011,10.6053,10.4686,10.4935,9702600
2011-12-29,10.5183,10.5887,10.5017,10.5721,11777800
2011-12-30,10.5597,10.6053,10.5390,10.5390,7502600
2012-01-03,10.7129,10.7751,10.6798,10.6881,53679800
2012-01-04,10.6840,10.7378,10.6260,10.7171,9488600
2012-01-05,10.7047,10.7709,10.6550,10.7502,13513800
2012-01-06,10.7585,10.7792,10.7047,10.7544,9978400
2012-01-09,10.7916,10.7999,10.7088,10.7378,8173200
2012-01-10,10.8413,10.8620,10.7751,10.7751,11466200
2012-01-11,10.7544,10.8372,10.7461,10.8082,8307600
2012-01-12,10.8330,10.8703,10.7709,10.8620,9731000
2012-01-13,10.7958,10.8123,10.7212,10.7999,11943000
2012-01-17,10.8744,10.9241,10.8248,10.8496,11066200
2012-01-18,10.8786,11.0194,10.8744,11.0070,14418800
2012-01-19,11.0649,11.1105,11.0525,11.0856,14850400
2012-01-20,11.0649,11.1146,11.0608,11.0981,26720600
2012-01-23,11.1146,11.1933,11.0649,11.1353,58044400
2012-01-24,11.0856,11.1478,11.0732,11.1270,11501800
2012-01-25,11.2306,11.2471,11.1146,11.2140,35868400
2012-01-26,11.2513,11.2637,11.0939,11.1395,17425800
2012-01-27,11.0981,11.1685,11.0981,11.1395,16520400
2012-01-30,11.0442,11.1892,11.0359,11.1726,15382400
2012-01-31,11.2471,11.2513,11.1271,11.1933,16178600
2012-02-01,11.3010,11.3548,11.2596,11.3051,17944800
2012-02-02,11.3465,11.3797,11.3051,11.3341,12041000
2012-02-03,11.4293,11.4997,11.4086,11.4790,14786400
2012-02-06,11.4459,11.4915,11.4169,11.4832,13401200
2012-02-07,11.4790,11.5412,11.4252,11.5122,14776000
2012-02-08,11.5370,11.5950,11.4997,11.5826,22989800
2012-02-09,11.6364,11.7109,11.5991,11.6944,18972800
2012-02-10,11.6157,11.6323,11.5660,11.6074,12739000
2012-02-13,11.6902,11.7068,11.6157,11.6819,16844000
2012-02-14,11.6695,11.7109,11.6074,11.7027,13086000
2012-02-15,11.7606,11.8352,11.6198,11.6405,24426200
2012-02-16,11.6405,11.8227,11.6240,11.8103,20095600
2012-02-17,11.8476,11.8476,11.7689,11.8103,18570000
2012-02-21,11.8269,11.9139,11.7896,11.8600,19440800
2012-02-22,11.8434,11.8724,11.7938,11.8186,16206000
2012-02-23,11.8062,11.8849,11.7399,11.8642,11013400
2012-02-24,11.9056,11.9553,11.9014,11.9346,10992000
2012-02-27,11.8766,11.9884,11.8145,11.9553,17053000
2012-02-28,11.9677,12.0422,11.9428,12.0422,20220200
2012-02-29,12.0505,12.0961,11.9428,11.9884,20911600
2012-03-01,12.0505,12.0795,11.9967,12.0588,27944800
2012-03-02,12.0505,12.0878,12.0091,12.0422,17570800
2012-03-05,12.0298,12.0505,11.8931,11.9387,14492400
2012-03-06,11.8228,11.8476,11.7565,11.8228,28072800
2012-03-07,11.8724,11.9263,11.8559,11.9097,21582000
2012-03-08,11.9718,12.0546,11.9470,12.0298,14517800
2012-03-09,12.0464,12.0961,12.0422,12.0836,12731600
2012-03-12,12.0754,12.1126,12.0422,12.1002,11853600
2012-03-13,12.1706,12.3404,12.1582,12.3404,38024200
2012-03-14,12.3487,12.4398,12.3072,12.3859,25483600
2012-03-15,12.4356,12.4480,12.3652,12.4191,24901000
2012-03-16,12.4506,12.4506,12.3925,12.4133,18957600
2012-03-19,12.4382,12.5337,12.4091,12.5046,17861600
2012-03-20,12.4299,12.5088,12.3966,12.4922,11426200
2012-03-21,12.5129,12.5670,12.4839,12.4880,17650000
2012-03-22,12.4340,12.4922,12.4132,12.4589,15001800
2012-03-23,12.4797,12.4797,12.3925,12.4589,19023200
2012-03-26,12.5420,12.6459,12.5129,12.6417,24374400
2012-03-27,12.6542,12.6874,12.6293,12.6376,12876000
2012-03-28,12.6376,12.6833,12.5296,12.5919,12979000
2012-03-29,12.5254,12.5836,12.4756,12.5670,11474400
2012-03-30,12.6085,12.6210,12.4922,12.5296,16014600
2012-04-02,12.5254,12.6791,12.5005,12.6625,32815600
2012-04-03,12.6833,12.7207,12.5877,12.6542,13552400
2012-04-04,12.5503,12.5586,12.4257,12.5046,18419600
2012-04-05,12.4631,12.5462,12.4506,12.5337,10119800
2012-04-09,12.3800,12.5088,12.3717,12.4465,13779800
2012-04-10,12.4506,12.5005,12.2429,12.2720,28745800
2012-04-11,12.3717,12.4049,12.3135,12.3426,18613200
2012-04-12,12.3717,12.5088,12.3592,12.4963,18139000
2012-04-13,12.4631,12.4631,12.2886,12.3011,21060800
2012-04-16,12.3717,12.3759,12.1515,12.1723,40978000
2012-04-17,12.2138,12.4589,12.2097,12.4382,20538200
2012-04-18,12.3675,12.4008,12.3052,12.3468,14212800
2012-04-19,12.3052,12.4174,12.1391,12.2097,38465200
2012-04-20,12.2595,12.3094,12.1515,12.1640,23242600
2012-04-23,12.0684,12.1017,11.9646,12.0684,31060600
2012-04-24,12.0560,12.1308,11.9978,12.0435,19248800
2012-04-25,12.3052,12.3966,12.3052,12.3842,28710400
2012-04-26,12.3800,12.5046,12.3800,12.4797,18953600
2012-04-27,12.4963,12.5171,12.4257,12.4756,11353200
2012-04-30,12.4589,12.4672,12.3717,12.3883,20123600
2012-05-01,12.3800,12.5545,12.3634,12.4299,23355800
2012-05-02,12.3634,12.4423,12.3343,12.4382,12842600
2012-05-03,12.4589,12.4631,12.3011,12.3343,18397800
2012-05-04,12.2263,12.2471,12.0726,12.0767,24187200
2012-05-07,12.0020,12.1058,11.9812,12.0435,16165400
2012-05-08,11.9812,12.0352,11.8483,12.0020,20341600
2012-05-09,11.8773,12.0601,11.8316,12.0020,20923600
2012-05-10,12.0186,12.0269,11.8856,11.9106,17288600
2012-05-11,11.8856,12.0477,11.8690,11.9189,14323000
2012-05-14,11.8358,11.9064,11.7984,11.8150,28108600
2012-05-15,11.8441,11.9230,11.7569,11.7818,16883200
2012-05-16,11.8358,11.8441,11.6738,11.6862,25618800
2012-05-17,11.7028,11.7236,11.5159,11.5201,22552600
2012-05-18,11.5658,11.6031,11.3871,11.4120,25196200
2012-05-21,11.4370,11.6987,11.4120,11.6945,17104400
2012-05-22,11.7319,11.7652,11.5907,11.6572,15628600
2012-05-23,11.5699,11.7028,11.4619,11.6696,17437400
2012-05-24,11.7028,11.7070,11.5159,11.6031,16600800
2012-05-25,11.5948,11.6239,11.5533,11.5782,10010400
2012-05-29,11.6987,11.7818,11.6488,11.7319,14668400
2012-05-30,11.6281,11.6945,11.5907,11.6572,11103000
2012-05-31,11.6364,11.6779,11.5201,11.6031,23844200
2012-06-01,11.4037,11.4702,11.2999,11.2999,24028600
2012-06-04,11.3373,11.3913,11.2334,11.3663,15706600
2012-06-05,11.3373,11.4494,11.3248,11.4370,14268000
2012-06-06,11.5159,11.7112,11.5117,11.6987,17740600
2012-06-07,11.8109,11.8150,11.6322,11.6405,13362200
2012-06-08,11.6322,11.7776,11.5990,11.7693,15210200
2012-06-11,11.8649,11.8732,11.5824,11.6031,27117400
2012-06-12,11.6281,11.7319,11.5616,11.7195,16018800
2012-06-13,11.7028,11.7610,11.6156,11.6488,22709000
2012-06-14,11.6572,11.7485,11.5824,11.7070,21162400
2012-06-15,11.7525,11.8609,11.7358,11.8317,29203400
2012-06-18,11.7942,11.9652,11.7775,11.9193,17272400
2012-06-19,11.9818,12.0611,11.9693,12.0110,13112000
2012-06-20,12.0277,12.0694,11.9360,12.0319,18961600
2012-06-21,12.0235,12.0402,11.7316,11.7483,12344600
2012-06-22,11.7900,11.8901,11.7650,11.8776,28528600
2012-06-25,11.7691,11.7691,11.6148,11.6357,10928800
2012-06-26,11.6691,11.7108,11.5982,11.6816,11241000
2012-06-27,11.7316,11.7858,11.7024,11.7525,14875400
2012-06-28,11.6732,11.6899,11.5231,11.6565,21093800
2012-06-29,11.8567,11.9985,11.8275,11.9818,17999400
2012-07-02,12.0152,12.0527,11.9568,12.0486,16942800
2012-07-03,12.0402,12.1445,12.0319,12.1445,6851000
2012-07-05,12.1153,12.2070,12.0653,12.1445,14129200
2012-07-06,12.0652,12.0652,11.8817,11.9652,13804400
2012-07-09,11.9360,11.9652,11.8692,11.9401,14639400
2012-07-10,11.9860,12.0277,11.7650,11.8067,14580200
2012-07-11,11.7983,11.8275,11.6565,11.7525,15684200
2012-07-12,11.6691,11.6857,11.5398,11.6357,19515800
2012-07-13,11.6607,11.8192,11.6565,11.7900,13778800
2012-07-16,11.7900,11.8359,11.7525,11.7775,9420600
2012-07-17,11.8526,11.8609,11.6774,11.8234,16763800
2012-07-18,11.8234,12.0569,11.8150,12.0277,16260400
2012-07-19,12.1028,12.1737,12.0861,12.1320,19684800
2012-07-20,12.1111,12.1236,11.9860,11.9944,31410600
2012-07-23,11.7900,11.9193,11.6982,11.8776,13050200
2012-07-24,11.8817,11.9109,11.6816,11.7566,15751800
2012-07-25,11.6732,11.7858,11.6440,11.7108,16461200
2012-07-26,11.8817,11.9401,11.8234,11.8901,14088000
2012-07-27,11.9568,12.1695,11.9235,12.1487,18278200
2012-07-30,12.1653,12.2446,12.1278,12.1528,17853000
2012-07-31,12.1862,12.2696,12.1779,12.2029,17480600
2012-08-01,12.2821,12.2821,12.1195,12.1612,18240600
2012-08-02,12.0611,12.2196,12.0194,12.0819,13260800
2012-08-03,12.2905,12.3572,12.2362,12.3196,16377200
2012-08-06,12.3655,12.4614,12.3572,12.4072,22640400
2012-08-07,12.4489,12.5407,12.4323,12.4906,15374800
2012-08-08,12.4656,12.5282,12.4448,12.4948,17118400
2012-08-09,12.5157,12.5574,12.4865,12.5365,8787600
2012-08-10,12.4948,12.5699,12.4698,12.5657,22866200
2012-08-13,12.5657,12.6074,12.5157,12.6032,10418400
2012-08-14,12.6408,12.6450,12.5407,12.5782,12665400
2012-08-15,12.5824,12.6116,12.5615,12.5824,11301600
2012-08-16,12.6491,12.7742,12.6324,12.7534,14334000
2012-08-17,12.7742,12.8285,12.7617,12.8243,16269800
2012-08-20,12.8118,12.8535,12.7701,12.8368,16192600
2012-08-21,12.8868,12.9119,12.7158,12.7534,20252400
2012-08-22,12.7242,12.8076,12.6783,12.7742,37100000
2012-08-23,12.7200,12.7492,12.6408,12.6700,14113800
2012-08-24,12.6283,12.7701,12.5991,12.7492,12511800
2012-08-27,12.8034,12.8118,12.7367,12.7617,9647400
2012-08-28,12.7492,12.7784,12.6950,12.7325,15733800
2012-08-29,12.7492,12.7951,12.7075,12.7576,9583000
2012-08-30,12.6992,12.7158,12.6074,12.6158,12042200
2012-08-31,12.7117,12.7576,12.5824,12.7158,13221200
2012-09-04,12.7033,12.7534,12.5907,12.7158,13611800
2012-09-05,12.7075,12.7659,12.6741,12.7033,17578600
2012-09-06,12.7951,12.9911,12.7784,12.9869,15790800
2012-09-07,12.9494,12.9911,12.9202,12.9661,16006200
2012-09-10,12.9411,12.9786,12.8285,12.8285,12528400
2012-09-11,12.8493,12.9285,12.8410,12.8618,10634400
2012-09-12,12.9160,12.9452,12.8535,12.9327,10383200
2012-09-13,12.9452,13.1579,12.9369,13.1079,17639000
2012-09-14,13.1412,13.2288,13.1287,13.1704,20608200
2012-09-17,13.1788,13.1913,13.1371,13.1829,7630800
2012-09-18,13.1537,13.1913,13.1496,13.1913,10617800
2012-09-19,13.1829,13.2372,13.1579,13.2038,34489800
2012-09-20,13.1579,13.1955,13.1120,13.1788,14270400
2012-09-21,13.2374,13.2751,13.1704,13.1955,17937800
2012-09-24,13.0950,13.1327,13.0615,13.1118,9361400
2012-09-25,13.1411,13.1536,12.9233,12.9275,10879600
2012-09-26,12.9024,12.9108,12.7642,12.8354,14782000
2012-09-27,12.8521,13.0322,12.8396,13.0029,9697200
2012-09-28,12.9694,13.0154,12.8898,12.9108,16246800
2012-10-01,12.9610,13.0322,12.8479,12.8814,29855000
2012-10-02,12.9401,12.9610,12.8019,12.8982,15035400
2012-10-03,12.9401,12.9945,12.8814,12.9652,10537400
2012-10-04,12.9778,13.0280,12.9191,13.0029,7925600
2012-10-05,13.0615,13.0741,12.9024,12.9359,9157800
2012-10-08,12.8438,12.8814,12.7809,12.8019,35163800
2012-10-09,12.7768,12.7851,12.6009,12.6386,30969400
2012-10-10,12.6427,12.6637,12.5632,12.5883,26970200
2012-10-11,12.6804,12.6846,12.5380,12.5380,13798800
2012-10-12,12.5422,12.6051,12.5045,12.5297,14276400
2012-10-15,12.5590,12.6092,12.4836,12.5925,10338200
2012-10-16,12.6092,12.7768,12.6092,12.7642,22450400
2012-10-17,12.6595,12.7391,12.6344,12.6972,21197000
2012-10-18,12.6637,12.7097,12.5045,12.5506,24502400
2012-10-19,12.5422,12.5422,12.2659,12.2659,25686400
2012-10-22,12.2658,12.3789,12.2407,12.3496,12177800
2012-10-23,12.2658,12.3329,12.1988,12.2156,21124000
2012-10-24,12.2533,12.2868,12.1235,12.1444,12784600
2012-10-25,12.2198,12.2365,12.0732,12.1193,10469800
2012-10-26,12.1025,12.1947,12.0271,12.1402,19385400
2012-10-31,12.1360,12.1528,12.0523,12.0900,38869000
2012-11-01,12.1528,12.2993,12.1277,12.2868,12538200
2012-11-02,12.3245,12.3412,12.1151,12.1277,18269000
2012-11-05,12.1360,12.2240,12.1067,12.1947,12036400
2012-11-06,12.2491,12.3370,12.2198,12.2491,12140800
2012-11-07,12.1193,12.1235,11.9099,11.9434,20196800
2012-11-08,11.9811,12.0188,11.7675,11.7717,18926800
2012-11-09,11.7633,11.9434,11.7549,11.8261,28790800
2012-11-12,11.8722,11.8890,11.7675,11.8094,10224000
2012-11-13,11.7214,11.8596,11.6879,11.7508,20176000
2012-11-14,11.8052,11.8303,11.6084,11.6335,30501800
2012-11-15,11.6419,11.6879,11.5288,11.5665,17899000
2012-11-16,11.5791,11.6251,11.3948,11.5833,17345200
2012-11-19,11.7256,11.9099,11.7173,11.9015,21953600
2012-11-20,11.8848,11.8890,11.7424,11.8513,29239400
2012-11-21,11.8554,11.9141,11.8387,11.8889,20198200
2012-11-23,11.9643,12.0900,11.9476,12.0816,16571000
2012-11-26,12.0606,12.1360,12.0146,12.1360,16138400
2012-11-27,12.1235,12.1612,12.0523,12.0816,21487800
2012-11-28,12.0020,12.1612,11.9350,12.1528,22532200
2012-11-29,12.2114,12.2533,12.1570,12.2114,27040800
2012-11-30,12.2072,12.2323,12.1570,12.1988,12603600
2012-12-03,12.2910,12.3077,12.1695,12.1821,15813000
2012-12-04,12.1821,12.1905,12.0983,12.1612,21323600
2012-12-05,12.1360,12.1360,11.9643,12.0397,25176600
2012-12-06,12.0062,12.1402,11.9560,12.1109,19477800
2012-12-07,12.1695,12.1821,11.9978,12.0481,47442800
2012-12-10,12.0188,12.1360,12.0104,12.0774,27452400
2012-12-11,12.1737,12.3119,12.1528,12.2407,19842000
2012-12-12,12.2993,12.3077,12.1905,12.2198,13110000
2012-12-13,12.2030,12.2575,12.0900,12.1318,17561400
2012-12-14,12.0523,12.0900,11.9811,12.0146,18332200
2012-12-17,12.0146,12.1653,12.0104,12.1612,17626200
2012-12-18,12.2156,12.3538,12.1737,12.3412,22085000
2012-12-19,12.3705,12.3789,12.2742,12.2784,18421600
2012-12-20,12.2868,12.3203,12.2156,12.2993,14209600
2012-12-21,12.1385,12.2101,12.0963,12.1932,27099200
2012-12-24,12.1595,12.1806,12.1342,12.1595,5188600
2012-12-26,12.1595,12.1974,12.0416,12.0921,8450000
2012-12-27,12.0837,12.1132,11.9237,12.0795,21490400
2012-12-28,11.9826,12.0669,11.9321,11.9447,16506800
2012-12-31,11.9152,12.2016,11.8984,12.1511,30372600
2013-01-02,12.4754,12.5639,12.4164,12.5554,30083000
2013-01-03,12.5470,12.5807,12.4375,12.4754,19579400
2013-01-04,12.4628,12.4754,12.3827,12.4249,13665800
2013-01-07,12.3870,12.4375,12.3364,12.4080,15376000
2013-01-08,12.4080,12.4333,12.2943,12.3617,11130400
2013-01-09,12.3743,12.4080,12.3575,12.3827,23198600
2013-01-10,12.4712,12.4754,12.3406,12.4459,19470600
2013-01-11,12.4417,12.4796,12.4164,12.4628,10115800
2013-01-14,12.3785,12.4122,12.3364,12.3827,19463000
2013-01-15,12.3280,12.3280,12.2564,12.3027,16168400
2013-01-16,12.3111,12.3954,12.2943,12.3448,17444800
2013-01-17,12.4080,12.4417,12.3827,12.3954,12706200
2013-01-18,12.3491,12.3827,12.3154,12.3785,15481000
2013-01-22,12.3870,12.4122,12.3196,12.4122,12799000
2013-01-23,12.5259,12.5891,12.5091,12.5428,18974600
2013-01-24,12.3448,12.4417,12.3111,12.3280,26757000
2013-01-25,12.3743,12.4206,12.3238,12.3406,32417000
2013-01-28,12.3575,12.4249,12.3322,12.3827,14428400
2013-01-29,12.3617,12.4291,12.3027,12.3996,13582800
2013-01-30,12.3912,12.4501,12.3448,12.3617,11926600
2013-01-31,12.4038,12.4754,12.3701,12.3827,10834600
2013-02-01,12.4880,12.5512,12.4417,12.5217,14645000
2013-02-04,12.4796,12.4965,12.3490,12.3575,21763600
2013-02-05,12.4038,12.5470,12.3912,12.5007,19259200
2013-02-06,12.4459,12.5470,12.4459,12.4965,14869600
2013-02-07,12.5091,12.5217,12.3785,12.4965,19868600
2013-02-08,12.5470,12.6355,12.5428,12.6060,18265200
2013-02-11,12.6228,12.6439,12.5807,12.6312,12871200
2013-02-12,12.6186,12.6439,12.5681,12.5891,10737800
2013-02-13,12.6060,12.6355,12.5470,12.5849,17994600
2013-02-14,12.5133,12.5681,12.4922,12.5512,12739000
2013-02-15,12.5596,12.6060,12.5049,12.5428,10023400
2013-02-19,12.5639,12.6270,12.5639,12.6270,9237200
2013-02-20,12.6228,12.6312,12.4501,12.4543,13324400
2013-02-21,12.4122,12.4207,12.3111,12.3533,33263200
2013-02-22,12.4375,12.5091,12.3912,12.5049,17345400
2013-02-25,12.5723,12.6144,12.3196,12.3280,16158600
2013-02-26,12.3617,12.4249,12.3027,12.3996,15219000
2013-02-27,12.3827,12.5681,12.3701,12.5049,16499400
2013-02-28,12.5091,12.5891,12.4796,12.4796,13330400
2013-03-01,12.4207,12.5302,12.3617,12.5007,11010400
2013-03-04,12.4628,12.5470,12.4459,12.5386,9996800
2013-03-05,12.6102,12.7407,12.6102,12.7113,24873600
2013-03-06,12.7534,12.7576,12.6818,12.7028,14349800
2013-03-07,12.7071,12.7534,12.6902,12.7323,10654000
2013-03-08,12.7913,12.7913,12.7197,12.7576,11980400
2013-03-11,12.7323,12.7955,12.6944,12.7871,10737000
2013-03-12,12.7534,12.7744,12.6860,12.7407,9704200
2013-03-13,12.7365,12.7829,12.6902,12.7323,10970800
2013-03-14,12.7744,12.8334,12.7744,12.8250,11512200
2013-03-15,12.8267,12.8351,12.7379,12.7717,19710200
2013-03-18,12.6702,12.8309,12.6533,12.7759,12344800
2013-03-19,12.8098,12.8351,12.6533,12.7590,14551600
2013-03-20,12.8309,12.8521,12.7844,12.8225,14613800
2013-03-21,12.6956,12.7294,12.6491,12.6787,11593600
2013-03-22,12.7125,12.7759,12.6998,12.7590,6818400
2013-03-25,12.8140,12.8351,12.6829,12.7294,9150200
2013-03-26,12.7928,12.8140,12.7632,12.8098,8449600
2013-03-27,12.7210,12.7844,12.6998,12.7759,14460800
2013-03-28,12.7463,12.8140,12.7252,12.8013,14831800
2013-04-01,12.8140,12.8140,12.6829,12.7167,9260000
2013-04-02,12.7632,12.8224,12.7379,12.7675,8435600
2013-04-03,12.7802,12.8013,12.6448,12.6660,16947400
2013-04-04,12.6660,12.6956,12.6110,12.6702,11271400
2013-04-05,12.4968,12.5941,12.4630,12.5729,14025000
2013-04-08,12.5814,12.6279,12.5349,12.6279,12646000
2013-04-09,12.6575,12.7506,12.6025,12.7167,11940200
2013-04-10,12.7506,12.9536,12.7421,12.9409,21103800
2013-04-11,12.8732,12.9197,12.8436,12.8986,12486400
2013-04-12,12.8394,12.8774,12.7590,12.8436,11499000
2013-04-15,12.7971,12.8224,12.6321,12.6321,32840200
2013-04-16,12.7252,12.8055,12.6913,12.7886,16621000
2013-04-17,12.6744,12.6829,12.4714,12.5264,24093000
2013-04-18,12.5814,12.5856,12.3615,12.3953,31544800
2013-04-19,12.3699,12.4587,12.3065,12.4122,17220000
2013-04-22,12.4545,12.5433,12.3953,12.5095,14642600
2013-04-23,12.5687,12.6913,12.5306,12.6448,24907600
2013-04-24,12.5645,12.6998,12.5518,12.6660,11095800
2013-04-25,12.6956,12.7759,12.6787,12.7083,12937600
2013-04-26,12.6871,12.7421,12.6533,12.7040,10734200
2013-04-29,12.7336,12.9197,12.7336,12.8859,16512000
2013-04-30,12.9028,13.0297,12.8732,13.0254,26792000
2013-05-01,13.0085,13.0254,12.8986,12.9113,17378400
2013-05-02,12.9282,13.0931,12.9239,13.0762,12827000
2013-05-03,13.1861,13.2284,13.1692,13.1988,20859400
2013-05-06,13.2327,13.2792,13.2157,13.2623,14483000
2013-05-07,13.2707,13.2919,13.1861,13.2538,12561000
2013-05-08,13.2411,13.3638,13.2157,13.3595,16986800
2013-05-09,13.3342,13.4018,13.2834,13.3215,20527800
2013-05-10,13.3468,13.3807,13.3003,13.3595,9388600
2013-05-13,13.3468,13.3638,13.3046,13.3257,9465800
2013-05-14,13.3130,13.4145,13.3130,13.3680,14746800
2013-05-15,13.3595,13.4145,13.3299,13.4103,12837600
2013-05-16,13.4441,13.5625,13.4399,13.4822,18301800
2013-05-17,13.5329,13.6217,13.4991,13.6175,34379200
2013-05-20,13.5837,13.6640,13.5710,13.6175,16182200
2013-05-21,13.5879,13.6175,13.5245,13.5752,16769000
2013-05-22,13.5964,13.6556,13.3722,13.4272,28816800
2013-05-23,13.3130,13.4695,13.2834,13.4230,34028800
2013-05-24,13.3342,13.4103,13.3088,13.4018,10553400
2013-05-28,13.5498,13.5921,13.4357,13.4653,12611800
2013-05-29,13.3976,13.4737,13.3342,13.4314,16462000
2013-05-30,13.4441,13.5710,13.4272,13.5160,17675000
2013-05-31,13.4653,13.5837,13.3807,13.3891,13932600
2013-06-03,13.4061,13.4610,13.3130,13.4568,20009200
2013-06-04,13.4695,13.5456,13.3595,13.3976,18547200
2013-06-05,13.3638,13.3976,13.2496,13.2665,15854600
2013-06-06,13.2707,13.3172,13.1565,13.2961,29453600
2013-06-07,13.3638,13.4314,13.2961,13.4187,13022800
2013-06-10,13.4695,13.5033,13.4272,13.4483,12782000
2013-06-11,13.3257,13.4441,13.2919,13.3088,14615200
2013-06-12,13.3807,13.4061,13.1904,13.2200,17901400
2013-06-13,13.1946,13.3976,13.1735,13.3722,15217200
2013-06-14,13.3553,13.3976,13.2580,13.2707,11558600
2013-06-17,13.3553,13.4737,13.3384,13.3934,13176800
2013-06-18,13.4187,13.5329,13.4103,13.4991,12637600
2013-06-19,13.5118,13.5160,13.3342,13.3426,22447400
2013-06-20,13.2031,13.2665,13.0170,13.0466,31563000
2013-06-21,13.0657,13.0827,12.8787,12.9680,24222200
2013-06-24,12.8532,12.9000,12.7257,12.8107,22370400
2013-06-25,12.9425,12.9680,12.8362,12.9170,16527600
2013-06-26,13.0445,13.0487,12.9552,12.9935,40940600
2013-06-27,13.0700,13.1252,13.0487,13.0572,13088600
2013-06-28,12.9509,13.0700,12.9042,13.0020,18291200
2013-07-01,13.0997,13.1720,13.0572,13.0700,19152800
2013-07-02,13.0615,13.1805,13.0147,13.0912,28990400
2013-07-03,13.0572,13.2272,13.0572,13.1677,23194200
2013-07-05,13.2442,13.2612,13.1125,13.2527,28408200
2013-07-08,13.3207,13.3335,13.2102,13.2442,15658000
2013-07-09,13.2995,13.3165,13.2315,13.2952,24937800
2013-07-10,13.2910,13.3802,13.2867,13.3377,17662800
2013-07-11,13.4738,13.5758,13.4610,13.5630,20648400
2013-07-12,13.5758,13.5885,13.5205,13.5715,14418000
2013-07-15,13.5800,13.6225,13.5290,13.6098,9100000
2013-07-16,13.6013,13.6310,13.5758,13.6183,9948400
2013-07-17,13.6608,13.6820,13.6055,13.6310,10961000
2013-07-18,13.6395,13.6650,13.5673,13.5970,8532400
2013-07-19,13.4568,13.4695,13.3335,13.3675,27199000
2013-07-22,13.3930,13.4227,13.3632,13.4057,10077200
2013-07-23,13.4227,13.4440,13.3462,13.3505,9169000
2013-07-24,13.4993,13.5078,13.4142,13.4397,11583000
2013-07-25,13.4270,13.4653,13.3845,13.4482,9657600
2013-07-26,13.3887,13.4865,13.3547,13.4865,12054000
2013-07-29,13.4567,13.5078,13.4355,13.4652,7955400
2013-07-30,13.5163,13.5885,13.5035,13.5333,11122600
2013-07-31,13.5588,13.6098,13.4653,13.4865,13681800
2013-08-01,13.5758,13.6438,13.5715,13.6310,15494600
2013-08-02,13.6310,13.6990,13.6055,13.6905,8849800
2013-08-05,13.6608,13.7373,13.6565,13.7203,8738200
2013-08-06,13.7203,13.7203,13.6098,13.6480,9372400
2013-08-07,13.6183,13.6523,13.5588,13.6140,10500000
2013-08-08,13.6778,13.6863,13.5758,13.6565,10117000
2013-08-09,13.6353,13.6650,13.5460,13.5885,7339200
2013-08-12,13.5120,13.6905,13.5120,13.6778,9966200
2013-08-13,13.6948,13.7968,13.6268,13.7713,9431000
2013-08-14,13.7670,13.8010,13.7118,13.7585,10591400
2013-08-15,13.6225,13.6225,13.5163,13.5375,14072200
2013-08-16,13.5375,13.5928,13.4950,13.5248,14471200
2013-08-19,13.5333,13.6183,13.4823,13.4823,9623600
2013-08-20,13.5205,13.5673,13.4695,13.5035,6635800
2013-08-21,13.5035,13.5758,13.4397,13.4738,12131600
2013-08-22,13.5120,13.5503,13.4482,13.5333,12098200
2013-08-23,13.6480,13.6608,13.5928,13.6310,10137000
2013-08-26,13.6225,13.6863,13.5630,13.5673,13585400
2013-08-27,13.4397,13.4865,13.2995,13.3292,13703000
2013-08-28,13.3122,13.4057,13.3037,13.3377,9001200
2013-08-29,13.3632,13.4780,13.3462,13.4100,9575400
2013-08-30,13.4397,13.4397,13.3122,13.3462,14343200
2013-09-03,13.4015,13.4567,13.3080,13.3590,14790000
2013-09-04,13.3887,13.5078,13.3717,13.4865,14321200
2013-09-05,13.5035,13.5418,13.4738,13.4950,7428000
2013-09-06,13.5375,13.5630,13.3930,13.5035,10285800
2013-09-09,13.5843,13.6948,13.5715,13.6650,11429200
2013-09-10,13.7458,13.7798,13.6990,13.7500,13548800
2013-09-11,13.6353,13.7203,13.6268,13.6863,18665400
2013-09-12,13.6948,13.7458,13.6608,13.6990,12104600
2013-09-13,13.7245,13.7415,13.6650,13.7118,7982400
2013-09-16,13.8180,13.8180,13.6523,13.6905,16322400
2013-09-17,13.7118,13.7883,13.7075,13.7585,12802800
2013-09-18,13.8010,13.9498,13.7670,13.9328,17652600
2013-09-19,13.9540,13.9880,13.9328,13.9413,13298400
2013-09-20,13.9917,14.0002,13.8294,13.8422,15559200
2013-09-23,13.9319,13.9661,13.8123,13.8849,16087000
2013-09-24,13.8593,13.8892,13.7696,13.8251,9495000
2013-09-25,13.8422,13.8593,13.7611,13.8038,9182600
2013-09-26,13.8593,13.9191,13.8123,13.8550,10130600
2013-09-27,13.7739,13.7952,13.7226,13.7696,12399000
2013-09-30,13.6244,13.7354,13.5859,13.6842,15044200
2013-10-01,13.6970,13.8337,13.6842,13.8038,16354000
2013-10-02,13.7269,13.8251,13.7055,13.8080,16256000
2013-10-03,13.8166,13.8209,13.6201,13.6885,12985200
2013-10-04,13.6756,13.7653,13.6671,13.7440,10681600
2013-10-07,13.6457,13.7653,13.6415,13.6842,9135400
2013-10-08,13.6756,13.6927,13.4535,13.4664,16185400
2013-10-09,13.5048,13.5689,13.4023,13.5176,20539800
2013-10-10,13.6329,13.7611,13.6244,13.7440,16409600
2013-10-11,13.7184,13.8593,13.7055,13.8593,17817200
2013-10-14,13.7781,13.9191,13.7568,13.9063,14279600
2013-10-15,13.8721,13.9404,13.8166,13.8209,14500600
2013-10-16,13.8806,13.9746,13.8721,13.9533,16384400
2013-10-17,13.8636,13.9703,13.8337,13.9575,14842200
2013-10-18,14.1027,14.2052,14.0558,14.1967,15869400
2013-10-21,14.2565,14.3120,14.2437,14.2736,10803000
2013-10-22,14.3248,14.3376,14.1924,14.2693,32716200
2013-10-23,14.2010,14.2309,14.1369,14.2010,10266600
2013-10-24,14.2181,14.2778,14.1796,14.2351,7067200
2013-10-25,14.3376,14.3718,14.2650,14.3077,6762600
2013-10-28,14.3462,14.3675,14.2864,14.3547,10021000
2013-10-29,14.4359,14.4829,14.3804,14.4487,9950000
2013-10-30,14.4786,14.4871,14.3590,14.4188,11149000
2013-10-31,14.3889,14.4530,14.3547,14.3718,57424000
2013-11-01,14.4316,14.4572,14.3206,14.3761,9270400
2013-11-04,14.4188,14.4444,14.3761,14.4316,11953400
2013-11-05,14.3761,14.4359,14.3419,14.3932,9023800
2013-11-06,14.4658,14.5426,14.4487,14.5384,10501600
2013-11-07,14.5384,14.5640,14.3334,14.3505,21070600
2013-11-08,14.3803,14.4871,14.3120,14.4786,17894400
2013-11-11,14.4743,14.5085,14.4359,14.4957,15659800
2013-11-12,14.4316,14.5640,14.4316,14.5341,9419400
2013-11-13,14.4743,14.6622,14.4658,14.6580,13496800
2013-11-14,14.5640,14.6323,14.5426,14.6195,16957000
2013-11-15,14.6110,14.6622,14.6024,14.6494,15412600
2013-11-18,14.6751,14.6793,14.5640,14.5939,10479800
2013-11-19,14.5768,14.6494,14.5170,14.5426,8898200
2013-11-20,14.5555,14.6281,14.4615,14.4957,8652200
2013-11-21,14.5341,14.6238,14.5341,14.6195,10782000
2013-11-22,14.6195,14.6195,14.5683,14.5896,6221800
2013-11-25,14.6153,14.6281,14.5555,14.5896,18360800
2013-11-26,14.5939,14.6793,14.5811,14.6409,10631800
2013-11-27,14.6708,14.7647,14.6708,14.7562,13210800
2013-11-29,14.7818,14.8587,14.7775,14.8160,8466000
2013-12-02,14.8288,14.8587,14.7348,14.7690,9883200
2013-12-03,14.7178,14.8203,14.7178,14.8032,11455800
2013-12-04,14.7605,14.8715,14.7178,14.8160,13147800
2013-12-05,14.8544,14.8544,14.7477,14.7690,8537400
2013-12-06,14.8715,14.9057,14.8245,14.8715,8796600
2013-12-09,14.9142,14.9612,14.8843,14.9185,7997200
2013-12-10,14.9142,14.9228,14.8715,14.8886,16249800
2013-12-11,14.9100,14.9398,14.7306,14.7519,15075400
2013-12-12,14.7562,14.7562,14.6494,14.6537,11008200
2013-12-13,14.7263,14.7263,14.6067,14.6067,9705400
2013-12-16,14.6836,14.7904,14.6665,14.7519,12029000
2013-12-17,14.7391,14.7946,14.7263,14.7477,11153800
2013-12-18,14.7348,14.8715,14.5341,14.8630,34219600
2013-12-19,14.8587,14.9142,14.8331,14.8886,17322600
2013-12-20,14.9276,15.0392,14.9105,15.0049,17653800
2013-12-23,15.1423,15.2066,15.1079,15.2023,14570800
2013-12-24,15.2066,15.2453,15.2023,15.2453,5228200
2013-12-26,15.2753,15.3011,15.2496,15.2839,7160400
2013-12-27,15.3225,15.3225,15.2538,15.2710,7649000
2013-12-30,15.2581,15.2667,15.2195,15.2410,9277600
2013-12-31,15.2753,15.3483,15.2581,15.3397,13689400
2014-01-02,15.2882,15.2882,15.1637,15.1895,17105000
2014-01-03,15.2281,15.2281,15.1079,15.1165,10409600
2014-01-06,15.0993,15.1465,15.0350,15.0908,9049400
2014-01-07,15.1594,15.2496,15.1294,15.2281,14323600
2014-01-08,15.2367,15.2796,15.1766,15.2281,9392800
2014-01-09,15.2925,15.2925,15.0907,15.1294,12683800
2014-01-10,15.1723,15.2023,15.0822,15.1594,25920200
2014-01-13,15.1465,15.2195,14.9491,14.9963,12890600
2014-01-14,15.0564,15.2581,15.0392,15.2495,12838800
2014-01-15,15.3354,15.4727,15.3139,15.4341,19348000
2014-01-16,15.4427,15.4556,15.3955,15.4298,13862600
2014-01-17,15.4041,15.4341,15.3096,15.3440,12677400
2014-01-21,15.4642,15.4642,15.2925,15.4212,12588400
2014-01-22,15.4041,15.4298,15.3654,15.4041,8431800
2014-01-23,15.3354,15.3740,15.2710,15.3740,12836000
2014-01-24,15.3096,15.3354,15.0736,15.0779,30993400
2014-01-27,15.0993,15.1079,14.8633,14.9362,16028000
2014-01-28,14.8032,14.8719,14.7603,14.8461,26291000
2014-01-29,14.7216,14.8161,14.6744,14.7302,22438800
2014-01-30,14.9062,14.9620,14.8289,14.9105,16659800
2014-01-31,14.7903,15.0178,14.7860,14.9448,21887000
2014-02-03,14.9105,14.9663,14.5757,14.6315,31951600
2014-02-04,14.6573,14.7259,14.6143,14.6873,11451400
2014-02-05,14.6573,14.7431,14.5585,14.7002,18406200
2014-02-06,14.7131,14.8676,14.7131,14.8633,18279400
2014-02-07,14.9577,15.0693,14.8933,15.0650,20929600
2014-02-10,15.0650,15.1208,15.0264,15.0950,13517400
2014-02-11,15.1594,15.3225,15.1423,15.2796,14082800
2014-02-12,15.3182,15.3654,15.3053,15.3397,16095600
2014-02-13,15.2538,15.4642,15.2324,15.4513,13828600
2014-02-14,15.4384,15.5114,15.3998,15.4813,24752600
2014-02-18,15.4985,15.5285,15.4470,15.4899,11893000
2014-02-19,15.4599,15.5285,15.4041,15.4384,17223400
2014-02-20,15.4384,15.5242,15.3697,15.4899,13394000
2014-02-21,15.5371,15.5629,15.4255,15.4298,12745200
2014-02-24,15.4126,15.5672,15.4126,15.4899,15690400
2014-02-25,15.5157,15.5200,15.4084,15.4470,11223200
2014-02-26,15.4556,15.5200,15.3998,15.4599,11641400
2014-02-27,15.4556,15.5929,15.4427,15.5843,10898800
2014-02-28,15.5757,15.6444,15.4255,15.6015,19402000
2014-03-03,15.4084,15.4727,15.3096,15.4341,18054600
2014-03-04,15.6015,15.6788,15.5800,15.6358,23209800
2014-03-05,15.6702,15.6873,15.6273,15.6573,17861600
2014-03-06,15.6788,15.7088,15.6444,15.6788,17330800
2014-03-07,15.7217,15.7303,15.5672,15.6315,14394800
2014-03-10,15.6230,15.6573,15.5457,15.6058,15115400
2014-03-11,15.6315,15.6873,15.5285,15.5715,18913200
2014-03-12,15.5071,15.6144,15.4556,15.5972,12712200
2014-03-13,15.6401,15.6444,15.3311,15.3869,18794800
2014-03-14,15.3569,15.4084,15.2796,15.2925,17879600
2014-03-17,15.3955,15.5157,15.3654,15.4727,32889800
2014-03-18,15.4813,15.6916,15.4813,15.6745,13728000
2014-03-19,15.6444,15.7174,15.5114,15.6101,15578800
2014-03-20,15.5929,15.7732,15.5672,15.7303,11791000
2014-03-21,15.8022,15.8367,15.6212,15.6514,18219400
2014-03-24,15.6988,15.7591,15.5091,15.6384,20708200
2014-03-25,15.6686,15.7678,15.6083,15.7333,15252600
2014-03-26,15.8066,15.8367,15.5436,15.5436,15026800
2014-03-27,15.5350,15.5609,15.4057,15.4876,25854800
2014-03-28,15.5350,15.6471,15.4833,15.5479,12711600
2014-03-31,15.6471,15.7290,15.6255,15.6686,14567000
2014-04-01,15.6988,15.8540,15.6945,15.8540,14048400
2014-04-02,15.8971,15.9100,15.8022,15.8626,21009400
2014-04-03,15.8841,15.9186,15.7376,15.7850,15525200
2014-04-04,15.8669,15.8928,15.4402,15.4833,20191600
2014-04-07,15.4186,15.5048,15.3022,15.3626,22362600
2014-04-08,15.3927,15.5221,15.3453,15.5005,14659400
2014-04-09,15.5522,15.7117,15.5048,15.7074,13313800
2014-04-10,15.7074,15.7333,15.3195,15.3453,16173600
2014-04-11,15.2419,15.3626,15.1600,15.1729,28508800
2014-04-14,15.2721,15.3798,15.2160,15.3238,9984600
2014-04-15,15.3496,15.4402,15.1427,15.4014,17178600
2014-04-16,15.4876,15.5566,15.3798,15.5522,27999400
2014-04-17,15.4790,15.5910,15.3971,15.5307,15763400
2014-04-21,15.5436,15.6083,15.5005,15.5910,7052000
2014-04-22,15.5997,15.6902,15.5695,15.6557,10957000
2014-04-23,15.6298,15.6298,15.4833,15.4876,22848200
2014-04-24,15.7419,15.7462,15.5048,15.6083,10021400
2014-04-25,15.5134,15.5522,15.3755,15.4100,12804000
2014-04-28,15.4617,15.6083,15.3540,15.5566,24138200
2014-04-29,15.5953,15.6988,15.5652,15.6643,10952200
2014-04-30,15.6428,15.7505,15.5996,15.7117,18331200
2014-05-01,15.7074,15.8066,15.6902,15.7290,9955400
2014-05-02,15.7678,15.7721,15.6729,15.6859,13440200
2014-05-05,15.6471,15.7678,15.5910,15.7678,8164400
2014-05-06,15.7376,15.7376,15.5867,15.5910,9399800
2014-05-07,15.6169,15.6384,15.4229,15.5997,13653800
2014-05-08,15.5609,15.7807,15.5393,15.6428,7574800
2014-05-09,15.6298,15.6686,15.5479,15.6600,14877000
2014-05-12,15.7333,15.8798,15.7247,15.8712,11186800
2014-05-13,15.8928,15.9229,15.8367,15.8798,11488200
2014-05-14,15.8540,15.8841,15.7721,15.8066,10223200
2014-05-15,15.8324,15.8453,15.6471,15.7117,14576600
2014-05-16,15.7074,15.8195,15.6600,15.8109,11607400
2014-05-19,15.7548,15.9359,15.7548,15.9143,6597000
2014-05-20,15.9316,15.9445,15.7721,15.8238,8474200
2014-05-21,15.8367,15.9359,15.8367,15.9316,8322800
2014-05-22,15.9316,16.0135,15.9100,15.9617,6350000
2014-05-23,16.0005,16.1040,15.9747,16.0954,6624200
2014-05-27,16.1342,16.2376,16.1298,16.2333,11349000
2014-05-28,16.2419,16.2549,16.1773,16.1902,13553800
2014-05-29,16.2462,16.2893,16.2074,16.2850,9328000
2014-05-30,16.2893,16.3238,16.2333,16.3023,12438400
2014-06-02,16.3281,16.3411,16.2074,16.2764,10923000
2014-06-03,16.2505,16.2893,16.1988,16.2505,11338600
2014-06-04,16.2247,16.3023,16.1816,16.2807,6998400
2014-06-05,16.3367,16.4057,16.2376,16.3885,11335200
2014-06-06,16.4747,16.4747,16.4186,16.4618,9597800
2014-06-09,16.4833,16.5393,16.4531,16.5135,12784000
2014-06-10,16.5135,16.5437,16.4876,16.5221,7189400
2014-06-11,16.4531,16.5264,16.4402,16.4833,8509400
2014-06-12,16.4919,16.5437,16.2893,16.3411,9636000
2014-06-13,16.4402,16.4661,16.3669,16.4359,14663400
2014-06-16,16.4057,16.4833,16.3799,16.4359,14128800
2014-06-17,16.4230,16.5049,16.4057,16.4747,14075200
2014-06-18,16.5092,16.5695,16.3885,16.5609,26070600
2014-06-19,16.5868,16.5868,16.4661,16.5307,11837400
2014-06-20,16.5420,16.5506,16.4597,16.4943,10854400
2014-06-23,16.4770,16.5420,16.4640,16.5420,7534200
2014-06-24,16.5333,16.6199,16.4164,16.4554,16942600
2014-06-25,16.4207,16.5463,16.4034,16.5203,10223800
2014-06-26,16.5333,16.5420,16.4077,16.5030,22704600
2014-06-27,16.4900,16.6026,16.4814,16.6026,21766600
2014-06-30,16.5896,16.6632,16.5766,16.6069,8980800
2014-07-01,16.6676,16.8278,16.6546,16.7758,14977800
2014-07-02,16.8061,16.8148,16.7672,16.7931,9940000
2014-07-03,16.8538,16.8754,16.7975,16.8668,4386000
2014-07-07,16.8668,16.8971,16.8234,16.8841,20964400
2014-07-08,16.8754,16.8754,16.6416,16.7325,13847800
2014-07-09,16.7585,16.8235,16.7239,16.8148,14236200
2014-07-10,16.5506,16.8408,16.5506,16.7672,8843800
2014-07-11,16.8061,16.8538,16.7628,16.8538,6522600
2014-07-14,16.9317,16.9967,16.9144,16.9750,8418200
2014-07-15,17.0140,17.0356,16.8494,16.9447,14829000
2014-07-16,17.1049,17.1439,17.0660,17.1006,16129600
2014-07-17,17.0833,17.1049,16.8278,16.8797,11341400
2014-07-18,16.9577,17.0963,16.9360,17.0833,9541000
2014-07-21,17.0746,17.1093,16.9923,17.0616,12363200
2014-07-22,17.1612,17.2175,17.1309,17.2045,9579600
2014-07-23,17.2435,17.2825,17.1699,17.2348,10946800
2014-07-24,17.2868,17.2868,17.1872,17.2218,23319200
2014-07-25,17.1699,17.2218,17.1179,17.2002,9499000
2014-07-28,17.2132,17.2651,17.0963,17.2305,15524400
2014-07-29,17.3561,17.3561,17.1872,17.1959,14624800
2014-07-30,17.2738,17.2738,17.1309,17.2132,15524600
2014-07-31,17.1049,17.1222,16.8624,16.8884,34833000
2014-08-01,16.8451,16.9144,16.7152,16.7975,31014800
2014-08-04,16.8494,16.9620,16.7628,16.9187,12667400
2014-08-05,16.8148,16.8711,16.6892,16.7585,24586800
2014-08-06,16.6459,16.7888,16.6243,16.7065,18281800
2014-08-07,16.7758,16.8061,16.5810,16.6372,13730000
2014-08-08,16.6286,16.7585,16.5766,16.7455,12045600
2014-08-11,16.8235,16.8754,16.7888,16.8278,13015400
2014-08-12,16.8105,16.8624,16.7368,16.8191,13409800
2014-08-13,16.8581,16.9837,16.8581,16.9837,10985400
2014-08-14,16.9967,17.0140,16.9404,17.0140,9229200
2014-08-15,17.0530,17.0963,16.8927,17.0140,17821800
2014-08-18,17.1309,17.1829,17.0833,17.1742,8496000
2014-08-19,17.2218,17.2868,17.2002,17.2825,10095600
2014-08-20,17.2565,17.3128,17.2435,17.2825,14010600
2014-08-21,17.2825,17.3907,17.2825,17.3648,6909000
2014-08-22,17.3777,17.4037,17.3301,17.3691,8815400
2014-08-25,17.4513,17.4557,17.3517,17.3864,6861400
2014-08-26,17.4124,17.4167,17.3734,17.3951,6704600
2014-08-27,17.3994,17.4124,17.3431,17.3907,8661400
2014-08-28,17.3301,17.3907,17.2998,17.3648,7056600
2014-08-29,17.3951,17.4470,17.3474,17.4427,15368000
2014-09-02,17.4817,17.4817,17.3951,17.4470,11377600
2014-09-03,17.5120,17.5120,17.3301,17.3518,13783200
2014-09-04,17.3864,17.4687,17.2911,17.3431,10426400
2014-09-05,17.3777,17.4514,17.3344,17.4470,14050400
2014-09-08,17.4384,17.5163,17.3994,17.4730,12772200
2014-09-09,17.4817,17.5553,17.2998,17.3474,17125400
2014-09-10,17.3518,17.4730,17.3041,17.4514,14459600
2014-09-11,17.4167,17.4990,17.3561,17.4903,20644400
2014-09-12,17.4773,17.4860,17.3604,17.4167,11111400
2014-09-15,17.4470,17.4470,17.2825,17.3128,13764400
2014-09-16,17.2608,17.4644,17.2305,17.4427,23821200
2014-09-17,17.4384,17.5423,17.3734,17.4773,15309000
2014-09-18,17.5120,17.5899,17.5120,17.5813,14790600
2014-09-19,17.6439,17.6439,17.4786,17.5439,31452600
2014-09-22,17.5482,17.5482,17.3786,17.4264,12760800
2014-09-23,17.4003,17.4656,17.3569,17.3873,11937000
2014-09-24,17.3916,17.5047,17.3134,17.5004,14289000
2014-09-25,17.4308,17.4395,17.1177,17.1177,18703000
2014-09-26,17.1481,17.3395,17.1481,17.3047,9763000
2014-09-29,17.1655,17.3264,17.1090,17.3003,9652800
2014-09-30,17.3308,17.4308,17.2829,17.3525,13519800
2014-10-01,17.2960,17.3177,17.0350,17.0829,26118400
2014-10-02,17.0916,17.1351,16.9002,17.0742,26753600
2014-10-03,17.1786,17.2655,17.1177,17.2133,13410200
2014-10-06,17.3003,17.3308,17.1742,17.2177,13895600
2014-10-07,17.1699,17.1829,16.9481,16.9481,18013400
2014-10-08,16.9698,17.3003,16.8524,17.2699,17341200
2014-10-09,17.2525,17.2829,16.9654,16.9828,30600200
2014-10-10,16.8698,16.9567,16.5479,16.5479,60365200
2014-10-13,16.5262,16.6871,16.3435,16.3653,57207800
2014-10-14,16.5001,16.5784,16.3479,16.3914,43084200
2014-10-15,16.1565,16.3435,15.9086,16.2783,58134400
2014-10-16,16.0043,16.2913,15.9608,16.1826,54246200
2014-10-17,16.3435,16.4914,16.2653,16.3740,25571800
2014-10-20,16.2827,16.5001,16.2000,16.4914,18442800
2014-10-21,16.6088,16.8219,16.6088,16.8132,23145600
2014-10-22,16.8698,16.9089,16.7219,16.7350,24158400
2014-10-23,16.8524,17.0133,16.8176,16.9220,64432000
2014-10-24,16.9959,17.0829,16.9002,17.0698,13806400
2014-10-27,17.0176,17.1307,17.0002,17.0872,11887000
2014-10-28,17.1350,17.3308,17.1350,17.3221,15490800
2014-10-29,17.3003,17.3612,17.1959,17.3047,26352200
2014-10-30,17.2916,17.3916,17.2177,17.3612,18376400
2014-10-31,17.5743,17.6352,17.5395,17.6308,19925800
2014-11-03,17.6526,17.7352,17.6265,17.7048,19059600
2014-11-04,17.6787,17.7483,17.5917,17.7004,12866400
2014-11-05,17.8092,17.8179,17.6700,17.7483,14556200
2014-11-06,17.7396,17.7526,17.6308,17.7396,17179200
2014-11-07,17.7570,17.7787,17.6743,17.7613,14951400
2014-11-10,17.7526,17.8266,17.7222,17.8092,9641800
2014-11-11,17.8222,17.8265,17.7439,17.8178,6108600
2014-11-12,17.7613,17.8874,17.7526,17.8744,9033200
2014-11-13,17.9179,18.0309,17.8874,17.9701,10792200
2014-11-14,17.9744,18.0962,17.9744,18.0962,8686600
2014-11-17,18.0440,18.0875,17.9744,18.0614,8265400
2014-11-18,18.0483,18.1614,18.0440,18.1223,9659800
2014-11-19,18.1266,18.1266,17.9222,18.0049,14334000
2014-11-20,17.9440,18.0962,17.9092,18.0962,9794800
2014-11-21,18.2397,18.2484,18.0483,18.1223,12925600
2014-11-24,18.1571,18.2223,18.1049,18.2180,6226400
2014-11-25,18.2441,18.3006,18.2136,18.2267,9489200
2014-11-26,18.2310,18.4006,18.2310,18.3919,20482000
2014-11-28,18.4267,18.5180,18.3919,18.4789,10865000
2014-12-01,18.4354,18.4572,18.1919,18.2701,23329400
2014-12-02,18.2614,18.3049,18.2006,18.2745,11261200
2014-12-03,18.3136,18.3702,18.2354,18.3397,8543400
2014-12-04,18.3267,18.3963,18.2701,18.3397,7533600
2014-12-05,18.3528,18.3876,18.2745,18.3180,14359000
2014-12-08,18.2832,18.3136,18.0527,18.1310,13379800
2014-12-09,17.8918,18.1527,17.8309,18.1266,16443400
2014-12-10,18.1310,18.1310,17.8178,17.8526,16541200
2014-12-11,17.8831,18.1353,17.8831,17.9309,18076400
2014-12-12,17.7918,17.9266,17.6439,17.6656,17966000
2014-12-15,17.7831,17.8570,17.4786,17.5569,20502200
2014-12-16,17.4308,17.7483,17.3221,17.3221,31303000
2014-12-17,17.3743,17.7048,17.3438,17.6482,30566000
2014-12-18,17.9614,18.1614,17.9092,18.1527,21318600
2014-12-19,18.2297,18.2690,18.1510,18.1728,23388800
2014-12-22,18.2428,18.3914,18.2122,18.3914,12214000
2014-12-23,18.4701,18.5007,18.4308,18.4395,13398800
2014-12-24,18.4832,18.4832,18.4176,18.4220,5311200
2014-12-26,18.4570,18.5357,18.4482,18.5007,4557000
2014-12-29,18.4308,18.4832,18.3914,18.4089,9276600
2014-12-30,18.3739,18.4002,18.2603,18.2778,11006800
2014-12-31,18.3390,18.3608,18.0592,18.0767,11910600
2015-01-02,18.1903,18.2340,17.9499,18.0417,16990400
2015-01-05,17.9761,17.9761,17.7138,17.7663,14389400
2015-01-06,17.8187,17.8187,17.4690,17.5521,17491200
2015-01-07,17.6876,17.7444,17.5739,17.7007,13069200
2015-01-08,17.8450,18.1291,17.8187,18.0898,28423400
2015-01-09,18.1422,18.1859,17.9018,18.0329,18339800
2015-01-12,18.0242,18.0679,17.7619,17.8231,11257400
2015-01-13,17.9717,18.1947,17.6832,17.8100,23358400
2015-01-14,17.6657,17.7881,17.5477,17.7094,17661400
2015-01-15,17.7838,17.8275,17.4690,17.4821,18655400
2015-01-16,17.4253,17.6701,17.4165,17.6526,37643000
2015-01-20,17.7575,17.8406,17.5783,17.8012,24031600
2015-01-21,17.7226,17.9062,17.6351,17.8318,27838200
2015-01-22,17.8799,18.1379,17.7313,18.1247,17624400
2015-01-23,18.1204,18.2034,18.0592,18.1204,12957600
2015-01-26,18.0985,18.1466,17.9892,18.0461,19467000
2015-01-27,17.7488,17.7488,17.4471,17.5258,21584000
2015-01-28,17.8406,17.8974,17.4952,17.4952,26094400
2015-01-29,17.5040,17.6963,17.3379,17.6614,33635200
2015-01-30,17.6133,17.7007,17.4078,17.4428,26012600
2015-02-02,17.5040,17.6439,17.2198,17.6220,31247200
2015-02-03,17.6745,17.8406,17.6264,17.8231,19767400
2015-02-04,17.7925,17.9892,17.7925,17.8581,11778800
2015-02-05,17.9324,18.0329,17.8756,18.0242,10183600
2015-02-06,18.0504,18.1335,17.9149,17.9674,9580600
2015-02-09,17.9193,18.0286,17.9018,17.9411,14331400
2015-02-10,18.0635,18.2297,17.9980,18.2078,22491400
2015-02-11,18.2340,18.3084,18.1816,18.2778,12500000
2015-02-12,18.4177,18.5401,18.3914,18.5269,13538400
2015-02-13,18.5706,18.6581,18.5357,18.6450,8631600
2015-02-17,18.6624,18.6843,18.6056,18.6537,10680600
2015-02-18,18.6537,18.6887,18.6013,18.6712,7499600
2015-02-19,18.6581,18.7543,18.6231,18.7368,6250800
2015-02-20,18.7368,18.8592,18.6406,18.8329,13867000
2015-02-23,18.8548,18.8592,18.7499,18.8461,8094000
2015-02-24,18.8330,18.9291,18.7368,18.9029,9311000
2015-02-25,18.8504,18.8723,18.7455,18.7849,11734800
2015-02-26,18.8417,18.9291,18.7892,18.9029,15118800
2015-02-27,18.8985,18.9379,18.8198,18.8373,12112000
2015-03-02,18.9029,18.9991,18.8417,18.9860,13689000
2015-03-03,18.9685,18.9685,18.7761,18.8592,17224200
2015-03-04,18.8111,18.8198,18.6843,18.7849,11765400
2015-03-05,18.8286,18.8286,18.6974,18.7630,15408600
2015-03-06,18.7543,18.7805,18.5007,18.5313,16153400
2015-03-09,18.5663,18.6974,18.5400,18.6187,12498600
2015-03-10,18.5138,18.5182,18.2384,18.2384,17595800
2015-03-11,18.2821,18.2821,18.1073,18.1204,23040400
2015-03-12,18.0679,18.2515,18.0504,18.2384,24669800
2015-03-13,18.2122,18.2559,18.0373,18.1379,30375400
2015-03-16,18.2340,18.3652,18.1772,18.3521,17278800
2015-03-17,18.3083,18.4089,18.2777,18.3564,19067400
2015-03-18,18.3346,18.6712,18.2603,18.6056,31710800
2015-03-19,18.5794,18.6450,18.5400,18.5532,17984800
2015-03-20,18.6642,18.7652,18.6335,18.6730,38592200
2015-03-23,18.6774,18.7652,18.6686,18.6730,7506200
2015-03-24,18.6862,18.7388,18.6115,18.6115,14234800
2015-03-25,18.5896,18.6247,18.1331,18.1331,16348600
2015-03-26,18.0321,18.2384,17.9707,18.1463,18004800
2015-03-27,18.1506,18.2077,18.0629,18.1594,15818600
2015-03-30,18.2955,18.3921,18.2604,18.3789,13210800
2015-03-31,18.3218,18.3570,18.1901,18.1901,15927200
2015-04-01,18.2077,18.2253,18.0365,18.1638,20855600
2015-04-02,18.1945,18.2340,18.1243,18.1594,10938600
2015-04-06,18.0321,18.3701,18.0146,18.3350,14689400
2015-04-07,18.3350,18.4447,18.2911,18.2955,9368600
2015-04-08,18.2955,18.4096,18.2604,18.3526,14407000
2015-04-09,18.3526,18.4316,18.2560,18.4008,14580200
2015-04-10,18.4184,18.4886,18.3613,18.4711,8632600
2015-04-13,18.5062,18.5852,18.4140,18.4184,7774400
2015-04-14,18.4272,18.4491,18.2736,18.3613,11702600
2015-04-15,18.4096,18.5633,18.3921,18.5238,25166200
2015-04-16,18.4491,18.5150,18.4052,18.4579,18228600
2015-04-17,18.3043,18.3438,18.1463,18.2033,20318800
2015-04-20,18.2867,18.5369,18.2779,18.5150,9691600
2015-04-21,18.6247,18.6291,18.4842,18.5062,10002800
2015-04-22,18.5369,18.7125,18.4755,18.6949,12190200
2015-04-23,18.6511,18.8442,18.6072,18.7696,11799600
2015-04-24,18.9188,18.9539,18.8266,18.9320,12457600
2015-04-27,19.0022,19.0637,18.9451,18.9847,18501400
2015-04-28,19.0022,19.1163,18.8530,19.0461,18299600
2015-04-29,18.9539,19.0681,18.8354,18.9539,17142200
2015-04-30,18.8574,18.9144,18.6159,18.6906,17305200
2015-05-01,18.8047,18.9276,18.7520,18.9188,21096800
2015-05-04,18.9627,19.0329,18.9276,18.9364,15397600
2015-05-05,18.8881,18.9188,18.6291,18.6423,16209800
2015-05-06,18.7125,18.7476,18.3745,18.4843,19747800
2015-05-07,18.5150,18.6862,18.4755,18.6203,11280600
2015-05-08,18.8091,18.9013,18.7783,18.8881,19638400
2015-05-11,18.8749,18.8969,18.7740,18.7915,12093000
2015-05-12,18.6906,18.7740,18.5281,18.6906,15301000
2015-05-13,18.7696,18.8793,18.7301,18.7696,18613000
2015-05-14,18.9188,19.0812,18.9013,19.0725,13952400
2015-05-15,19.1119,19.1295,18.9671,19.0110,16936400
2015-05-18,18.9847,19.1383,18.9583,19.1032,6786600
2015-05-19,19.1251,19.1471,19.0329,19.0549,9130800
2015-05-20,19.0681,19.1690,18.9978,19.0681,22021800
2015-05-21,19.0417,19.1734,19.0198,19.1515,7426200
2015-05-22,19.0900,19.1866,19.0900,19.1383,7937000
2015-05-26,19.0812,19.0944,18.8047,18.8617,15848800
2015-05-27,18.9320,19.2305,18.9188,19.2173,25174200
2015-05-28,19.1558,19.2129,19.1207,19.1778,9329600
2015-05-29,19.1778,19.1866,18.9890,19.0373,15476800
2015-06-01,19.1471,19.1558,18.9715,19.0900,13872600
2015-06-02,19.0198,19.1383,18.9276,19.0505,11275600
2015-06-03,19.0812,19.1953,19.0549,19.0900,11314600
2015-06-04,18.9847,19.0944,18.8705,18.9144,16694600
2015-06-05,18.8925,18.9320,18.7696,18.8530,15455000
2015-06-08,18.8486,18.8530,18.6072,18.6423,16759000
2015-06-09,18.6115,18.6686,18.4755,18.5984,15413400
2015-06-10,18.6423,18.9276,18.6423,18.8881,17929600
2015-06-11,18.9539,19.0022,18.8705,18.8969,11289400
2015-06-12,18.8047,18.8354,18.7125,18.7301,12317600
2015-06-15,18.6072,18.6423,18.4755,18.6159,18358200
2015-06-16,18.6072,18.7608,18.5764,18.7388,18346600
2015-06-17,18.7520,18.8222,18.6379,18.7476,22047800
2015-06-18,18.7388,18.9452,18.7345,18.9144,17926400
2015-06-19,18.8761,18.9202,18.7570,18.7570,26869600
2015-06-22,18.9157,18.9687,18.8672,18.9113,10876000
2015-06-23,18.9510,18.9554,18.8805,18.9246,7986600
2015-06-24,18.8805,18.9907,18.8364,18.8364,9693600
2015-06-25,18.9378,18.9510,18.7879,18.7923,9827600
2015-06-26,18.7791,18.8011,18.5806,18.6335,20348600
2015-06-29,18.4351,18.5454,18.2323,18.2367,26214800
2015-06-30,18.3734,18.3822,18.2059,18.2544,22765800
2015-07-01,18.4175,18.4572,18.2984,18.3778,16299000
2015-07-02,18.4307,18.4660,18.3337,18.4043,10321400
2015-07-06,18.2764,18.4131,18.2279,18.3293,15018000
2015-07-07,18.3646,18.3822,18.0118,18.3558,39319800
2015-07-08,18.2058,18.2455,18.0471,18.0559,32320000
2015-07-09,18.2632,18.3117,17.9854,17.9854,17987600
2015-07-10,18.2147,18.3337,18.1706,18.2720,13496600
2015-07-13,18.3866,18.5630,18.3822,18.5498,14143000
2015-07-14,18.5542,18.6688,18.5454,18.6203,12252800
2015-07-15,18.6115,18.6821,18.5718,18.6247,13077000
2015-07-16,18.7702,18.8717,18.7350,18.8628,10413200
2015-07-17,19.0260,19.1538,18.9995,19.1538,15550000
2015-07-20,19.2200,19.3170,19.1538,19.2553,18619000
2015-07-21,19.1583,19.2288,19.1098,19.1274,11950400
2015-07-22,18.7526,18.9113,18.7394,18.8187,17182600
2015-07-23,18.8716,18.9466,18.7350,18.7791,12645200
2015-07-24,18.8717,18.8981,18.6644,18.6776,19492200
2015-07-27,18.5277,18.6468,18.4836,18.5101,17307200
2015-07-28,18.5895,18.7129,18.4616,18.6776,15775000
2015-07-29,18.6776,18.8408,18.6115,18.8011,16752600
2015-07-30,18.7217,18.8672,18.6336,18.8364,13616400
2015-07-31,18.8584,18.8893,18.7394,18.7746,21824000
2015-08-03,18.7658,18.7967,18.5586,18.6732,18396600
2015-08-04,18.6556,18.6732,18.4969,18.5630,14765400
2015-08-05,18.6821,18.8761,18.6424,18.7438,20785600
2015-08-06,18.7438,18.8187,18.4925,18.5586,13019800
2015-08-07,18.5145,18.5983,18.4440,18.5718,15825000
2015-08-10,18.6556,18.8849,18.6556,18.8628,11144000
2015-08-11,18.8099,18.8364,18.5277,18.5806,54689000
2015-08-12,18.4440,18.6997,18.2720,18.6644,20071400
2015-08-13,18.6776,18.7350,18.5762,18.6115,13287800
2015-08-14,18.5630,18.7217,18.5498,18.7041,11906000
2015-08-17,18.6336,18.8143,18.5718,18.8099,11183400
2015-08-18,18.7658,18.7923,18.6909,18.7129,9383800
2015-08-19,18.6556,18.7482,18.4836,18.5895,18455200
2015-08-20,18.3910,18.4704,18.1353,18.1353,27453800
2015-08-21,17.9413,18.0780,17.4430,17.4430,47332800
2015-08-24,16.3187,17.4651,13.8098,16.7552,72207800
2015-08-25,17.4034,17.4342,16.6053,16.6229,37210800
2015-08-26,16.9536,17.4871,16.8081,17.4607,68776800
2015-08-27,17.6988,17.8707,17.4739,17.8663,40211000
2015-08-28,17.7870,17.9325,17.7473,17.9016,27672200
2015-08-31,17.7561,17.9325,17.6944,17.7385,22100600
2015-09-01,17.3637,17.5136,17.0859,17.1697,42578000
2015-09-02,17.4254,17.6018,17.2579,17.5841,25370200
2015-09-03,17.6811,17.8222,17.5445,17.5974,22062200
2015-09-04,17.3637,17.4519,17.2446,17.3284,27561000
2015-09-08,17.6591,17.8267,17.6150,17.8134,18909200
2015-09-09,17.9281,18.0162,17.5400,17.5797,19304600
2015-09-10,17.5533,17.8575,17.5445,17.7561,28048800
2015-09-11,17.6326,17.8399,17.6282,17.8399,13719400
2015-09-14,17.9148,17.9325,17.7517,17.7958,14890800
2015-09-15,17.8531,18.0736,17.8046,18.0251,17612000
2015-09-16,18.0030,18.1177,17.9810,18.1000,15436200
2015-09-17,18.0251,18.2543,17.9148,17.9766,33565200
2015-09-18,17.7653,17.9292,17.7033,17.7431,36230200
2015-09-21,17.7742,17.9735,17.7564,17.9203,13921200
2015-09-22,17.6324,17.7033,17.5084,17.6191,24576400
2015-09-23,17.6811,17.7299,17.5660,17.6634,11356400
2015-09-24,17.4641,17.7122,17.3711,17.6634,22056400
2015-09-25,17.8273,17.8495,17.5527,17.6324,21657800
2015-09-28,17.5571,17.5837,17.2205,17.2294,25166600
2015-09-29,17.2737,17.3888,17.0301,17.1541,26206800
2015-09-30,17.3622,17.5217,17.3135,17.4951,24933600
2015-10-01,17.4951,17.5571,17.2692,17.5040,27036000
2015-10-02,17.3002,17.7520,17.2382,17.7520,29834000
2015-10-05,17.8627,18.1462,17.8273,18.1019,17137800
2015-10-06,18.0399,18.1639,18.0355,18.1241,19715800
2015-10-07,18.2215,18.2835,17.9912,18.2082,30437800
2015-10-08,18.1373,18.3278,18.0488,18.2924,30749600
2015-10-09,18.3455,18.3854,18.2702,18.3721,22753000
2015-10-12,18.4120,18.4252,18.3145,18.3942,12687400
2015-10-13,18.2968,18.4651,18.2924,18.3544,17903600
2015-10-14,18.3012,18.4297,18.2702,18.3189,25512200
2015-10-15,18.3942,18.5625,18.3854,18.5537,16843800
2015-10-16,18.6024,18.6024,18.4784,18.5891,14972600
2015-10-19,18.5493,18.6600,18.4961,18.6600,14184200
2015-10-20,18.5847,18.6644,18.5360,18.6113,11857800
2015-10-21,18.6511,18.6998,18.4474,18.4695,18834400
2015-10-22,18.6024,18.9257,18.6024,18.8859,28472000
2015-10-23,19.3554,19.4882,19.2934,19.4129,33383400
2015-10-26,19.3952,19.3952,19.2668,19.3377,16576200
2015-10-27,19.2934,19.3465,19.2048,19.2269,15358000
2015-10-28,19.3155,19.5148,19.2579,19.5148,29559200
2015-10-29,19.3997,19.4882,19.3421,19.4617,15218000
2015-10-30,19.4927,19.4971,19.3288,19.3332,18679000
2015-11-02,19.3686,19.5148,19.3199,19.5060,27486600
2015-11-03,19.4440,19.6787,19.4085,19.6078,13758000
2015-11-04,19.6521,19.6831,19.5812,19.6300,14597200
2015-11-05,19.6477,19.7451,19.5325,19.5724,13457600
2015-11-06,19.5502,19.6477,19.4794,19.6388,13737800
2015-11-09,19.5812,19.5812,19.3554,19.4484,20292400
2015-11-10,19.3377,19.3421,19.2402,19.3199,34546600
2015-11-11,19.3642,19.4617,19.2801,19.3111,16402200
2015-11-12,19.2181,19.3111,19.1383,19.1428,16068000
2015-11-13,19.0763,19.1029,18.7619,18.7663,30089800
2015-11-16,18.7353,19.0586,18.7264,19.0542,18158400
2015-11-17,19.0940,19.2048,19.0187,19.0586,18788800
2015-11-18,19.1472,19.3642,19.1251,19.3465,20333600
2015-11-19,19.3642,19.5281,19.3598,19.4351,18735000
2015-11-20,19.5148,19.5857,19.4927,19.5768,14576400
2015-11-23,19.5901,19.5990,19.3908,19.4617,14454200
2015-11-24,19.3155,19.5281,19.2712,19.4661,22606800
2015-11-25,19.4705,19.4749,19.3997,19.4041,13153200
2015-11-27,19.4262,19.4838,19.3952,19.4484,7601400
2015-11-30,19.4750,19.5325,19.4041,19.4705,34051200
2015-12-01,19.5502,19.6477,19.5104,19.6433,15558000
2015-12-02,19.6654,19.7407,19.4971,19.5192,19394200
2015-12-03,19.5724,19.6300,19.1738,19.2668,23708600
2015-12-04,19.3244,19.7761,19.2845,19.7407,25680400
2015-12-07,19.7186,19.7363,19.5502,19.6433,25629800
2015-12-08,19.4749,19.6477,19.4174,19.5945,22756600
2015-12-09,19.5104,19.6565,19.2136,19.3066,32507800
2015-12-10,19.3598,19.5060,19.3022,19.3598,18146800
2015-12-11,19.1472,19.1959,18.9434,18.9567,33920600
2015-12-14,18.9523,19.1073,18.7574,19.1029,42068400
2015-12-15,19.2491,19.3199,19.1605,19.1871,34043800
2015-12-16,19.3066,19.4838,19.1118,19.4484,36347600
2015-12-17,19.5281,19.5281,19.1383,19.1428,24217200
2015-12-18,19.0876,19.1276,18.7404,18.7715,45627800
2015-12-21,18.9273,18.9763,18.8027,18.9629,22326600
2015-12-22,19.0341,19.1321,18.9451,19.1009,18965200
2015-12-23,19.2033,19.2790,19.1410,19.2612,16090600
2015-12-24,19.2745,19.3012,19.2300,19.2523,4865600
2015-12-28,19.1810,19.2523,19.0742,19.2389,14354400
2015-12-29,19.3547,19.5505,19.3146,19.5015,13618400
2015-12-30,19.4926,19.4926,19.3368,19.3368,14393000
2015-12-31,19.2701,19.2834,19.0653,19.0653,17669000
2016-01-04,18.7226,18.8205,18.5222,18.8160,43277200
2016-01-05,18.8739,18.9184,18.6825,18.7671,32134400
2016-01-06,18.4911,18.6602,18.4243,18.5356,27716800
2016-01-07,18.1572,18.3931,17.9792,17.9881,33681400
2016-01-08,18.1439,18.2062,17.8234,17.8456,38466200
2016-01-11,17.9703,18.0415,17.7388,17.9614,38270200
2016-01-12,18.1528,18.2151,17.9436,18.1750,31683200
2016-01-13,18.3086,18.3086,17.6542,17.6854,43924600
2016-01-14,17.7611,18.1572,17.5474,18.0192,39591200
2016-01-15,17.4317,17.6809,17.2981,17.5118,40355600
2016-01-19,17.7165,17.7477,17.3738,17.5296,39317600
2016-01-20,17.2313,17.5652,16.9286,17.3916,59263600
2016-01-21,17.4895,17.7432,17.2714,17.4895,44271400
2016-01-22,17.8234,17.9792,17.7967,17.9747,22496400
2016-01-25,17.8768,18.0326,17.7343,17.7655,20961200
2016-01-26,17.8367,17.9792,17.7254,17.9391,22947400
2016-01-27,17.7922,17.8990,17.4895,17.5696,36044800
2016-01-28,17.8278,17.8634,17.5830,17.7967,35133600
2016-01-29,17.9436,18.3709,17.9080,18.3575,32226600
2016-02-01,18.2819,18.5089,18.2685,18.4243,29594600
2016-02-02,18.3709,18.3753,18.0370,18.0949,27902400
2016-02-03,18.2106,18.2195,17.7922,18.0726,43012400
2016-02-04,18.0370,18.2106,17.8990,18.0905,36405800
2016-02-05,18.0192,18.0504,17.5118,17.5830,47554800
2016-02-08,17.2892,17.3782,17.0310,17.3293,49642800
2016-02-09,17.1200,17.4940,17.0933,17.2491,49510600
2016-02-10,17.3960,17.5963,17.2669,17.2759,33950000
2016-02-11,17.0622,17.3515,17.0266,17.2402,49254600
2016-02-12,17.3782,17.4940,17.2803,17.4806,21786800
2016-02-16,17.6765,17.7967,17.5785,17.7922,20586600
2016-02-17,17.8946,18.1928,17.8723,18.1572,22257400
2016-02-18,18.2195,18.2418,18.0504,18.0860,23156800
2016-02-19,18.0192,18.1528,17.9747,18.0994,17158600
2016-02-22,18.2641,18.3664,18.2373,18.3397,13181400
2016-02-23,18.2641,18.2819,18.0148,18.0504,16379000
2016-02-24,17.8545,18.2240,17.7610,18.1884,20288800
2016-02-25,18.2507,18.4243,18.1083,18.4154,18806800
2016-02-26,18.5178,18.5356,18.3264,18.3664,19545200
2016-02-29,18.3486,18.5222,18.2374,18.2374,27203800
2016-03-01,18.3931,18.7804,18.3664,18.7804,24608400
2016-03-02,18.7136,18.8338,18.6825,18.8338,17496200
2016-03-03,18.8427,18.8472,18.6869,18.8338,15767800
2016-03-04,18.8383,18.9763,18.7626,18.8828,15771800
2016-03-07,18.7760,18.8516,18.6291,18.7671,31627000
2016-03-08,18.6558,18.8071,18.5846,18.6513,23401000
2016-03-09,18.6780,18.8160,18.6780,18.8116,24321200
2016-03-10,18.8917,18.9763,18.5623,18.7938,25856800
2016-03-11,18.9807,19.0876,18.9362,19.0831,17640200
2016-03-14,19.0252,19.1410,19.0163,19.1054,20121800
2016-03-15,19.0297,19.1944,19.0208,19.1766,12642200
2016-03-16,19.0876,19.4303,19.0831,19.3992,29513800
2016-03-17,19.3636,19.5327,19.3413,19.4704,18734200
2016-03-18,19.5464,19.5599,19.4167,19.5017,18828800
2016-03-21,19.4570,19.5778,19.4480,19.5688,16007000
2016-03-22,19.4793,19.6493,19.4793,19.5733,26225800
2016-03-23,19.5464,19.5688,19.4212,19.4614,21350200
2016-03-24,19.3764,19.5151,19.3496,19.5151,13486400
2016-03-28,19.5330,19.5599,19.4301,19.4659,12816000
2016-03-29,19.4301,19.7836,19.4078,19.7701,20163000
2016-03-30,19.8730,19.9849,19.8417,19.8865,21976600
2016-03-31,19.8596,19.9446,19.8104,19.8462,29189800
2016-04-01,19.7075,20.0073,19.6896,19.9983,19309800
2016-04-04,19.9670,20.0117,19.8820,19.9223,15292400
2016-04-05,19.7925,19.8417,19.6896,19.7299,21452200
2016-04-06,19.7343,19.9223,19.6628,19.9223,22277000
2016-04-07,19.7791,19.8194,19.5599,19.6359,21261800
2016-04-08,19.7388,19.8149,19.5688,19.6359,17525600
2016-04-11,19.7209,19.8372,19.5822,19.5822,16277200
2016-04-12,19.6180,19.7344,19.4838,19.7165,19184000
2016-04-13,19.8328,19.9491,19.8104,19.9178,15753200
2016-04-14,19.8909,19.9759,19.8462,19.9133,13005400
2016-04-15,19.8865,19.9401,19.7970,19.8372,12921800
2016-04-18,19.7791,19.9223,19.7478,19.9223,14225800
2016-04-19,19.9580,19.9804,19.6986,19.8104,12942000
2016-04-20,19.8283,19.9401,19.7701,19.8507,13755600
2016-04-21,19.8194,19.8641,19.7299,19.7791,22555800
2016-04-22,19.4659,19.5643,19.3317,19.4346,29848800
2016-04-25,19.3809,19.4480,19.3317,19.4391,18715000
2016-04-26,19.4614,19.5062,19.2825,19.3451,14734800
2016-04-27,19.0990,19.2780,19.0275,19.2556,25559200
2016-04-28,19.2869,19.3541,18.9514,19.0140,45339200
2016-04-29,18.9067,18.9380,18.7098,18.8485,23792400
2016-05-02,18.8888,19.0096,18.8083,18.9872,25105400
2016-05-03,18.8575,18.8977,18.7501,18.8127,25062400
2016-05-04,18.7277,18.8082,18.7009,18.7546,22491400
2016-05-05,18.8082,18.8530,18.7188,18.7635,27119800
2016-05-06,18.6830,18.9022,18.6830,18.9022,18459800
2016-05-09,18.9112,18.9917,18.8888,18.9022,15082400
2016-05-10,18.9604,19.1483,18.9380,19.1483,27840400
2016-05-11,19.0990,19.2064,19.0096,19.0096,14304200
2016-05-12,19.0812,19.0812,18.8351,18.9559,18673000
2016-05-13,18.9514,19.0677,18.8619,18.8843,21842600
2016-05-16,18.9022,19.1930,18.9022,19.1483,12788400
2016-05-17,19.0901,19.1841,18.8977,18.9559,19880200
2016-05-18,18.9067,19.1393,18.8798,18.9917,21807000
2016-05-19,18.9469,18.9693,18.7769,18.8888,17269600
2016-05-20,18.9917,19.1617,18.9783,19.1169,11746000
2016-05-23,19.1080,19.1885,19.0633,19.0812,16855400
2016-05-24,19.1572,19.4704,19.1572,19.4391,18923000
2016-05-25,19.5196,19.6359,19.4928,19.5733,19629400
2016-05-26,19.5733,19.6672,19.5330,19.6359,13034200
2016-05-27,19.6315,19.7567,19.6091,19.7299,15576000
2016-05-31,19.7478,19.7970,19.6538,19.7701,24742800
2016-06-01,19.7030,19.7746,19.6717,19.7209,13771000
2016-06-02,19.6404,19.7030,19.5420,19.7030,15529000
2016-06-03,19.6762,19.7030,19.5509,19.6583,16609400
2016-06-06,19.6717,19.7657,19.6538,19.6941,17271200
2016-06-07,19.7567,19.8193,19.7522,19.7746,8818800
2016-06-08,19.7701,19.8462,19.7388,19.8149,16317000
2016-06-09,19.7343,19.8417,19.7209,19.8194,25839000
2016-06-10,19.6672,19.7344,19.6001,19.6672,16565200
2016-06-13,19.4928,19.6091,19.4435,19.4480,23566200
2016-06-14,19.4033,19.5241,19.3541,19.4928,16841200
2016-06-15,19.5241,19.5643,19.4212,19.4435,14156200
2016-06-16,19.3451,19.5151,19.2377,19.4838,19192600
2016-06-17,19.4438,19.4887,19.2685,19.3539,22930400
2016-06-20,19.5247,19.6056,19.4303,19.4348,13712000
2016-06-21,19.4932,19.6146,19.4753,19.5697,11487800
2016-06-22,19.5742,19.6461,19.4798,19.5022,12990400
2016-06-23,19.6281,19.7855,19.5562,19.7675,19526800
2016-06-24,19.0707,19.3943,18.9673,19.0077,47246000
2016-06-27,18.8684,18.8684,18.5492,18.6256,36818000
2016-06-28,18.8324,18.9942,18.8009,18.9942,26489400
2016-06-29,19.1246,19.3179,19.1201,19.2864,21008400
2016-06-30,19.3314,19.5067,19.2864,19.4977,26710600
2016-07-01,19.5112,19.6011,19.4843,19.5427,14949400
2016-07-05,19.4393,19.4663,19.3404,19.3988,17361400
2016-07-06,19.3359,19.5382,19.2685,19.5337,15701600
2016-07-07,19.5157,19.6236,19.4618,19.5337,12332200
2016-07-08,19.6281,19.8529,19.6056,19.8394,25496000
2016-07-11,19.9024,20.0013,19.8844,19.9563,11663600
2016-07-12,20.0912,20.1451,20.0282,20.1181,32085600
2016-07-13,20.1766,20.1901,20.1092,20.1226,21218800
2016-07-14,20.2350,20.2980,20.1901,20.2530,30976600
2016-07-15,20.3205,20.3205,20.1766,20.2350,9729600
2016-07-18,20.2665,20.3924,20.2305,20.3699,8214400
2016-07-19,20.3339,20.3744,20.2935,20.3249,8915800
2016-07-20,20.4823,20.6262,20.4553,20.5902,10769800
2016-07-21,20.5947,20.6217,20.4328,20.4823,10946800
2016-07-22,20.4688,20.6037,20.4239,20.6037,9414600
2016-07-25,20.5677,20.6172,20.5138,20.5767,8489600
2016-07-26,20.5992,20.6846,20.5228,20.6217,18115400
2016-07-27,20.8464,20.8464,20.6936,20.7925,21820200
2016-07-28,20.8195,20.8689,20.7251,20.8060,12658600
2016-07-29,20.8959,20.9319,20.8195,20.8824,21179400
2016-08-01,20.8824,20.9633,20.8464,20.9229,15683400
2016-08-02,20.8824,20.9274,20.6666,20.7655,22224400
2016-08-03,20.7475,20.8375,20.7430,20.8375,15961800
2016-08-04,20.8420,20.9588,20.8240,20.9499,16752400
2016-08-05,21.0173,21.1611,20.9948,21.1522,12126200
2016-08-08,21.1746,21.2286,21.1027,21.1477,10439200
2016-08-09,21.1477,21.2466,21.1477,21.1926,29836800
2016-08-10,21.2016,21.2106,21.0982,21.1252,7112400
2016-08-11,21.1926,21.2601,21.1701,21.2016,10518600
2016-08-12,21.1971,21.1971,21.1342,21.1791,6937400
2016-08-15,21.2061,21.3230,21.1926,21.2825,16561400
2016-08-16,21.2466,21.2466,21.1252,21.1252,9078000
2016-08-17,21.1342,21.1432,20.9948,21.1162,10575000
2016-08-18,21.1117,21.1477,21.0488,21.1252,7086400
2016-08-19,21.0667,21.1567,21.0173,21.1387,9576200
2016-08-22,21.0802,21.1611,21.0443,21.1387,9257400
2016-08-23,21.2016,21.2645,21.1971,21.2151,16630600
2016-08-24,21.2061,21.2151,21.0488,21.0982,13648800
2016-08-25,21.0622,21.1701,21.0263,21.1432,11825400
2016-08-26,21.1297,21.3050,21.0398,21.1522,24227200
2016-08-29,21.1432,21.2645,21.1432,21.2331,13964800
2016-08-30,21.1926,21.2376,21.0892,21.1611,11436400
2016-08-31,21.1342,21.1567,21.0577,21.1252,22322400
2016-09-01,21.1207,21.2106,21.0263,21.1926,18479200
2016-09-02,21.2960,21.3455,21.1926,21.2870,13814400
2016-09-06,21.3005,21.3949,21.2735,21.3949,30214800
2016-09-07,21.3949,21.4534,21.3365,21.4489,23170000
2016-09-08,21.3724,21.3769,21.2196,21.2735,16605200
2016-09-09,21.0802,21.1566,20.7520,20.7520,33618400
2016-09-12,20.6486,21.1432,20.6172,21.0982,38020600
2016-09-13,21.0173,21.0937,20.8599,20.9454,34717600
2016-09-14,20.9498,21.1746,20.9454,21.0443,34217400
2016-09-15,21.0892,21.4309,21.0443,21.3904,32572600
2016-09-16,21.3977,21.3977,21.2171,21.3119,31766200
2016-09-19,21.3660,21.4699,21.2126,21.2712,14242600
2016-09-20,21.3435,21.3841,21.2306,21.2577,10002200
2016-09-21,21.3390,21.5105,21.2577,21.4970,24095200
2016-09-22,21.6234,21.6550,21.5737,21.6279,20997000
2016-09-23,21.6234,21.6234,21.4022,21.4383,23973000
2016-09-26,21.3480,21.3841,21.2712,21.3119,19240800
2016-09-27,21.3390,21.5556,21.2848,21.5466,17569000
2016-09-28,21.5647,21.5963,21.4518,21.5873,18096800
2016-09-29,21.5602,21.6143,21.3931,21.4563,22813800
2016-09-30,21.5060,21.6369,21.4879,21.5692,18510600
2016-10-03,21.5105,21.5602,21.4563,21.5060,12462800
2016-10-04,21.5782,21.6143,21.3525,21.4292,17804400
2016-10-05,21.4879,21.5556,21.4654,21.5060,18015200
2016-10-06,21.5240,21.5782,21.4292,21.5556,10011800
2016-10-07,21.5737,21.6008,21.3931,21.4970,12147800
2016-10-10,21.6098,21.6956,21.5963,21.6459,13315600
2016-10-11,21.6459,21.6730,21.3074,21.4022,17454600
2016-10-12,21.4202,21.4970,21.3119,21.4383,11040800
2016-10-13,21.2983,21.3706,21.1223,21.3028,19338400
2016-10-14,21.3886,21.5286,21.3660,21.3841,18896600
2016-10-17,21.3841,21.4293,21.3254,21.3390,10150200
2016-10-18,21.4970,21.5511,21.4293,21.4563,10117800
2016-10-19,21.4428,21.5195,21.4022,21.4970,10070000
2016-10-20,21.4428,21.4518,21.2938,21.3976,12296000
2016-10-21,21.4293,21.4699,21.3706,21.4563,16153800
2016-10-24,21.5692,21.6775,21.5511,21.6640,10786200
2016-10-25,21.6956,21.6956,21.5466,21.5873,8724800
2016-10-26,21.4067,21.5827,21.3976,21.4654,12559400
2016-10-27,21.5602,21.5647,21.4112,21.4383,17642200
2016-10-28,21.4970,21.6369,21.3615,21.4157,20837800
2016-10-31,21.4699,21.5015,21.4067,21.4067,11760000
2016-11-01,21.4518,21.4744,21.0771,21.2216,18130600
2016-11-02,21.2216,21.2848,21.0365,21.0862,16334600
2016-11-03,21.0275,21.0726,20.8740,20.8830,20251400
2016-11-04,20.8650,21.0139,20.7927,20.8469,16308000
2016-11-07,21.1539,21.3074,21.1042,21.2983,26452000
2016-11-08,21.2577,21.4925,21.2351,21.4022,19560000
2016-11-09,21.0771,21.4112,20.9643,21.3751,54258800
2016-11-10,21.4970,21.4970,20.7386,21.0320,79031000
2016-11-11,20.9146,21.1403,20.9146,21.0952,28183200
2016-11-14,21.1132,21.1268,20.6754,20.7747,37942000
2016-11-15,20.9146,21.1403,20.9056,21.0681,34741600
2016-11-16,21.0184,21.2758,20.9914,21.2622,20248400
2016-11-17,21.2803,21.4157,21.2396,21.3976,17048200
2016-11-18,21.4473,21.4925,21.3390,21.3796,17646000
2016-11-21,21.4563,21.6143,21.4247,21.5963,17951000
2016-11-22,21.6685,21.7001,21.6143,21.6640,16977600
2016-11-23,21.6504,21.6504,21.5015,21.5782,16233600
2016-11-25,21.5918,21.6730,21.5692,21.6685,6219000
2016-11-28,21.6505,21.7859,21.6369,21.6866,14975600
2016-11-29,21.6730,21.8039,21.6234,21.7001,11856800
2016-11-30,21.7317,21.7317,21.4383,21.4428,23633200
2016-12-01,21.4157,21.4699,20.9417,21.0004,43731200
2016-12-02,20.9823,21.1268,20.9327,21.0771,20105400
2016-12-05,21.1945,21.3344,21.1087,21.2803,18010000
2016-12-06,21.3299,21.3796,21.2442,21.3435,18509600
2016-12-07,21.3299,21.7678,21.3164,21.7498,19945800
2016-12-08,21.7588,21.8987,21.7001,21.8039,19354200
2016-12-09,21.8852,21.9619,21.8491,21.9619,24615000
2016-12-12,21.8942,21.9439,21.8265,21.8942,19170200
2016-12-13,21.9890,22.2779,21.9755,22.1696,27934000
2016-12-14,22.1831,22.2689,22.0477,22.0928,35830000
2016-12-15,22.1199,22.3050,22.0838,22.1922,23140000
2016-12-16,22.2538,22.2584,21.9999,22.0316,21131400
2016-12-19,22.0498,22.2629,22.0316,22.1903,13254000
2016-12-20,22.2493,22.3082,22.2176,22.2720,11413000
2016-12-21,22.2629,22.2720,22.1813,22.2266,9247400
2016-12-22,22.2266,22.2402,22.1133,22.1813,22210400
2016-12-23,22.1586,22.2085,22.1178,22.2039,12717400
2016-12-27,22.2266,22.3989,22.2175,22.2946,13681400
2016-12-28,22.3218,22.3536,22.0861,22.0951,15555200
2016-12-29,22.0951,22.1586,22.0453,22.0997,9593000
2016-12-30,22.1495,22.1495,21.8594,21.9274,17003200
2017-01-03,22.0679,22.1994,21.9908,22.1223,27881200
2017-01-04,22.1405,22.2312,22.1269,22.1994,14446200
2017-01-05,22.1767,22.2901,22.1495,22.2357,11005800
2017-01-06,22.2357,22.4307,22.1722,22.3989,17501200
2017-01-09,22.4125,22.4669,22.3808,22.3944,16627000
2017-01-10,22.3989,22.4760,22.3218,22.3989,15471600
2017-01-11,22.3581,22.5032,22.3309,22.5032,15173000
2017-01-12,22.4171,22.4760,22.2357,22.4488,13725400
2017-01-13,22.4488,22.5576,22.4488,22.5168,9665800
2017-01-17,22.4579,22.4941,22.3808,22.4307,9651600
2017-01-18,22.4941,22.5213,22.4352,22.4896,12315400
2017-01-19,22.4896,22.5712,22.4170,22.4579,14500000
2017-01-20,22.5576,22.6392,22.5213,22.5803,17510800
2017-01-23,22.5576,22.6302,22.4624,22.6211,23955200
2017-01-24,22.6030,22.7979,22.5939,22.7617,13021800
2017-01-25,22.8841,22.9793,22.8659,22.9793,18395600
2017-01-26,22.9748,22.9929,22.8523,22.9158,14253000
2017-01-27,22.9974,23.0473,22.9566,23.0065,12046000
2017-01-30,22.9294,22.9294,22.7163,22.8206,16893200
2017-01-31,22.7481,22.7707,22.6075,22.7072,19115600
2017-02-01,22.9158,22.9521,22.7526,22.8795,23362200
2017-02-02,22.8115,22.8750,22.7163,22.8342,17197800
2017-02-03,22.9203,23.0156,22.9158,22.9838,13667200
2017-02-06,22.9521,23.0020,22.8931,22.9974,13453000
2017-02-07,23.0428,23.1153,23.0246,23.0881,20106200
2017-02-08,23.0881,23.1652,23.0246,23.1289,12706200
2017-02-09,23.1289,23.2604,23.1289,23.2015,9739200
2017-02-10,23.2559,23.3058,23.1969,23.2695,8355800
2017-02-13,23.3103,23.4010,23.2785,23.3738,13159400
2017-02-14,23.3466,23.4509,23.2786,23.4509,12467600
2017-02-15,23.4327,23.5461,23.4100,23.5279,11895000
2017-02-16,23.5597,23.6458,23.5279,23.5823,14123000
2017-02-17,23.5551,23.6640,23.5189,23.6640,14175400
2017-02-21,23.7138,23.7954,23.6776,23.7864,15237400
2017-02-22,23.7637,23.8317,23.7138,23.8136,13769600
2017-02-23,23.8453,23.8635,23.7048,23.8091,13405400
2017-02-24,23.6685,23.8725,23.6549,23.8635,15544200
2017-02-27,23.8589,23.8589,23.7954,23.8499,15951200
2017-02-28,23.8090,23.8317,23.7002,23.7365,15243000
2017-03-01,23.8816,24.1038,23.8272,24.0720,18190600
2017-03-02,24.0494,24.0539,23.8997,23.9133,14340200
2017-03-03,23.8952,23.9678,23.8453,23.9678,15714000
2017-03-06,23.8680,23.9723,23.8272,23.9315,13430400
2017-03-07,23.9133,24.0312,23.8952,23.9315,13960800
2017-03-08,23.9587,24.0312,23.9269,23.9587,11361800
2017-03-09,23.9632,23.9904,23.8363,23.9541,15300400
2017-03-10,24.0675,24.1310,23.9814,24.0811,14709000
2017-03-13,24.0811,24.1310,24.0584,24.1038,14922400
2017-03-14,24.0856,24.0856,23.9587,24.0494,14479800
2017-03-15,24.0856,24.2534,24.0131,24.2126,17867200
2017-03-16,24.3033,24.3124,24.1990,24.2262,21956000
2017-03-17,24.3195,24.3559,24.2694,24.2785,13790800
2017-03-20,24.2831,24.3559,24.2330,24.3013,9083600
2017-03-21,24.3650,24.4242,23.9372,23.9463,29811000
2017-03-22,23.9508,24.1329,23.9190,24.0965,22766600
2017-03-23,24.0601,24.1329,23.9963,24.0327,22718800
2017-03-24,24.1147,24.1966,23.9690,24.0510,26281800
2017-03-27,23.8507,24.1010,23.8188,24.0510,13690000
2017-03-28,24.0282,24.2785,23.9872,24.2239,16907800
2017-03-29,24.2148,24.2785,24.1602,24.2649,11410200
2017-03-30,24.2467,24.3423,24.2285,24.3104,17508400
2017-03-31,24.2876,24.3468,24.2376,24.2649,12207000
2017-04-03,24.2876,24.3241,24.0965,24.2421,26035800
2017-04-04,24.1420,24.2603,24.1329,24.2603,15041600
2017-04-05,24.2831,24.4470,24.1374,24.1602,20955800
2017-04-06,24.1875,24.2376,24.1056,24.1648,13870200
2017-04-07,24.1283,24.2148,24.0646,24.1511,12938800
2017-04-10,24.1647,24.2239,24.0555,24.1056,9687200
2017-04-11,24.0646,24.1010,23.8188,24.0145,16914200
2017-04-12,23.9918,24.0191,23.8871,23.9326,17368400
2017-04-13,23.9053,24.0646,23.8370,23.8370,19533200
2017-04-17,23.9099,24.0646,23.9099,24.0555,14132000
2017-04-18,23.9918,24.0965,23.9554,24.0510,12487200
2017-04-19,24.0874,24.1739,23.9872,24.0327,14521000
2017-04-20,24.0965,24.2922,24.0601,24.2512,15163800
2017-04-21,24.2603,24.2649,24.1556,24.2012,15233000
2017-04-24,24.4652,24.5061,24.4105,24.4879,16210000
2017-04-25,24.5881,24.6654,24.5471,24.6154,20089600
2017-04-26,24.6154,24.6745,24.5653,24.5881,16294400
2017-04-27,24.6518,24.7064,24.6290,24.6882,17183400
2017-04-28,24.7656,24.8020,24.6927,24.7519,22836800
2017-05-01,24.8430,24.9704,24.7974,24.9385,15126000
2017-05-02,24.9886,25.0296,24.9021,24.9932,15070200
2017-05-03,24.9112,24.9658,24.8338,24.9476,14309000
2017-05-04,24.9567,24.9704,24.8475,24.9294,15159800
2017-05-05,24.9704,25.0296,24.9112,25.0205,13651600
2017-05-08,25.0387,25.1434,24.9932,25.1297,12140200
2017-05-09,25.1570,25.2298,25.1115,25.1616,15388600
2017-05-10,25.1889,25.2754,25.1343,25.2571,10604000
2017-05-11,25.1798,25.2389,25.0796,25.2253,18196000
2017-05-12,25.2481,25.3027,25.2207,25.2890,9307600
2017-05-15,25.3209,25.4301,25.3072,25.4301,19898600
2017-05-16,25.4893,25.5485,25.4028,25.5485,18122200
2017-05-17,25.3482,25.3709,24.8384,24.8520,37090000
2017-05-18,24.7883,25.0933,24.7474,24.9977,33644400
2017-05-19,25.1343,25.2207,25.1069,25.1434,20438200
2017-05-22,25.2025,25.3755,25.1980,25.3436,21020600
2017-05-23,25.4483,25.4756,25.3209,25.3892,13221000
2017-05-24,25.4574,25.4984,25.3983,25.4938,18643800
2017-05-25,25.5758,25.7305,25.5257,25.6759,12227000
2017-05-26,25.6531,25.6941,25.5985,25.6623,72564400
2017-05-30,25.6713,25.7988,25.6395,25.7715,11850600
2017-05-31,25.8671,25.8762,25.6440,25.7305,28492200
2017-06-01,25.7851,25.7942,25.6349,25.7942,16872400
2017-06-02,25.8898,26.0355,25.8079,26.0309,16982000
2017-06-05,26.0309,26.1220,25.9991,26.0537,13531600
2017-06-06,26.0218,26.1356,25.9718,26.0036,15370400
2017-06-07,26.0628,26.1311,25.9490,26.0856,17407400
2017-06-08,26.1311,26.1629,25.9991,26.1447,14204800
2017-06-09,26.1811,26.2267,25.1343,25.4984,70285000
2017-06-12,25.2344,25.3891,24.9294,25.3482,71412800
2017-06-13,25.4711,25.6122,25.3436,25.5302,36586800
2017-06-14,25.6304,25.6349,25.1980,25.4074,32361200
2017-06-15,25.1206,25.3300,25.0114,25.2936,29501000
2017-06-16,25.2949,25.3041,25.1441,25.2492,43222600
2017-06-19,25.4412,25.6423,25.4275,25.6240,19858400
2017-06-20,25.6148,25.6285,25.4183,25.4183,21915400
2017-06-21,25.5052,25.5737,25.4275,25.5600,24586400
2017-06-22,25.6377,25.6560,25.4869,25.5691,17585600
2017-06-23,25.5463,25.7931,25.5052,25.7291,32847200
2017-06-26,25.8662,25.9210,25.5646,25.5920,19455800
2017-06-27,25.4549,25.5006,25.1715,25.1715,25791000
2017-06-28,25.2675,25.5097,25.0984,25.4869,25952000
2017-06-29,25.3681,25.3681,24.8288,25.0299,41946800
2017-06-30,25.1350,25.1761,24.9842,25.0070,30743800
2017-07-03,25.1121,25.1578,24.8059,24.8334,33105200
2017-07-05,24.9248,25.1304,24.8425,25.0801,29618800
2017-07-06,24.8608,24.9887,24.7922,24.8516,25514800
2017-07-07,24.9430,25.2218,24.9248,25.1396,17636400
2017-07-10,25.1441,25.3818,25.1076,25.3224,11188400
2017-07-11,25.2949,25.4183,25.1990,25.3772,13713000
2017-07-12,25.5508,25.7291,25.5371,25.7062,33103800
2017-07-13,25.7428,25.8479,25.6971,25.7565,16250200
2017-07-14,25.8662,26.0124,25.8296,25.9850,13379200
2017-07-17,26.0079,26.0627,25.9393,25.9896,19674200
2017-07-18,25.9393,26.1084,25.8753,26.1084,19840400
2017-07-19,26.1495,26.2638,26.1267,26.2409,13347200
2017-07-20,26.3140,26.3232,26.1449,26.2958,20745800
2017-07-21,26.1815,26.2683,26.1541,26.2638,11610000
2017-07-24,26.2501,26.3506,26.1952,26.3278,10756200
2017-07-25,26.2455,26.3323,26.1632,26.2775,13760600
2017-07-26,26.4192,26.4237,26.2912,26.3780,21205200
2017-07-27,26.5654,26.5974,25.9530,26.2775,46094400
2017-07-28,26.1449,26.3003,26.1221,26.2501,20586200
2017-07-31,26.2912,26.3506,26.0947,26.1221,21965600
2017-08-01,26.2546,26.2775,26.1587,26.2546,16614400
2017-08-02,26.5243,26.5288,26.1632,26.3278,25147800
2017-08-03,26.3643,26.3643,26.1907,26.2683,21375600
2017-08-04,26.3232,26.4100,26.2683,26.3278,9513800
2017-08-07,26.3643,26.4877,26.3552,26.4877,15366000
2017-08-08,26.4511,26.6568,26.3780,26.4511,20921400
2017-08-09,26.2821,26.4557,26.2683,26.4374,13945600
2017-08-10,26.2958,26.3232,25.9027,25.9165,29823800
2017-08-11,25.9576,26.1815,25.9256,26.0947,29936200
2017-08-14,26.3323,26.5471,26.2775,26.5105,19517000
2017-08-15,26.5654,26.6111,26.4694,26.5517,14105200
2017-08-16,26.5928,26.7253,26.5425,26.6294,18111800
2017-08-17,26.5288,26.5700,26.1084,26.1084,25937800
2017-08-18,26.1084,26.2638,25.9804,26.0810,33393000
2017-08-21,26.0993,26.1267,25.8982,26.0718,15957200
2017-08-22,26.2089,26.4786,26.1906,26.4603,16922400
2017-08-23,26.3141,26.4694,26.3049,26.3963,17847400
2017-08-24,26.4603,26.4877,26.2409,26.3735,16187800
2017-08-25,26.4603,26.5380,26.3140,26.3689,16666200
2017-08-28,26.4329,26.4694,26.3460,26.4192,11986600
2017-08-29,26.2044,26.5700,26.1724,26.5334,17379600
2017-08-30,26.5608,26.7436,26.5014,26.7253,15308000
2017-08-31,26.7893,26.9310,26.7573,26.8853,18851600
2017-09-01,26.9538,26.9767,26.8305,26.8624,12026200
2017-09-05,26.7847,26.8350,26.4466,26.6248,23803400
2017-09-06,26.7071,26.7436,26.5334,26.6477,18227400
2017-09-07,26.7345,26.7939,26.6385,26.7390,15387600
2017-09-08,26.6979,26.7345,26.5014,26.5197,12518400
2017-09-11,26.7299,26.9219,26.7299,26.8944,14074600
2017-09-12,26.9721,27.0087,26.8350,26.9584,15723400
2017-09-13,26.9264,26.9310,26.8167,26.9218,16256600
2017-09-14,26.8213,26.9538,26.7710,26.8305,15253400
2017-09-15,26.8071,26.9630,26.7612,26.9401,26247600
2017-09-18,26.9813,27.0639,26.8621,26.9630,20824000
2017-09-19,27.0043,27.1373,26.9355,27.0822,11232200
2017-09-20,27.0777,27.0868,26.7841,26.9722,17901600
2017-09-21,26.9630,26.9630,26.7383,26.8254,16209200
2017-09-22,26.7383,26.8759,26.7245,26.8392,9649600
2017-09-25,26.7520,26.7520,26.4035,26.5227,27146200
2017-09-26,26.6649,26.7291,26.5365,26.6190,18106600
2017-09-27,26.7383,26.9722,26.6970,26.8896,15271000
2017-09-28,26.8208,26.9355,26.7658,26.9217,11178400
2017-09-29,26.9676,27.1281,26.9355,27.1052,24857400
2017-10-02,27.1740,27.2336,27.0134,27.1464,15143800
2017-10-03,27.1694,27.2244,27.1373,27.2107,12932000
2017-10-04,27.1648,27.2336,27.0731,27.1923,13299200
2017-10-05,27.2749,27.4583,27.2611,27.4537,12845400
2017-10-06,27.3620,27.5088,27.3528,27.4950,11852800
2017-10-09,27.5363,27.6234,27.5179,27.5638,13898400
2017-10-10,27.6510,27.6739,27.4492,27.5913,10945800
2017-10-11,27.5546,27.6922,27.5546,27.6831,9961800
2017-10-12,27.6188,27.7473,27.5821,27.6143,12212800
2017-10-13,27.7152,27.7977,27.7152,27.7473,11900000
2017-10-16,27.8161,27.8527,27.7518,27.8482,16612800
2017-10-17,27.8390,27.8482,27.7564,27.8482,10263400
2017-10-18,27.9307,27.9536,27.8298,27.9169,12182600
2017-10-19,27.7977,27.8665,27.6510,27.8344,13745200
2017-10-20,28.0041,28.0545,27.9582,28.0224,14814800
2017-10-23,28.0683,28.0912,27.8573,27.8894,14109800
2017-10-24,27.9445,28.0133,27.8527,27.9674,16071600
2017-10-25,27.9032,27.9857,27.6326,27.8161,18451800
2017-10-26,27.9766,28.0500,27.9124,27.9307,18872800
2017-10-27,28.3802,28.7608,28.3802,28.6829,29078400
2017-10-30,28.3802,28.8572,28.3802,28.7471,17149400
2017-10-31,28.8571,28.9305,28.7425,28.8709,20222600
2017-11-01,29.0085,29.0452,28.7241,28.8755,19101400
2017-11-02,28.8755,28.9168,28.6691,28.8893,20449200
2017-11-03,29.0406,29.1461,28.8709,29.1186,15319400
2017-11-06,29.1002,29.1919,29.0819,29.1828,12000400
2017-11-07,29.2149,29.2241,29.0773,29.1965,11551200
2017-11-08,29.1965,29.3616,29.1186,29.3571,18201000
2017-11-09,29.1323,29.1736,28.8296,29.1232,20490800
2017-11-10,29.0865,29.1461,29.0177,29.1232,11966400
2017-11-13,29.0131,29.1507,29.0085,29.1140,8600600
2017-11-14,29.0268,29.0865,28.8938,29.0544,14741600
2017-11-15,28.9122,28.9535,28.7608,28.8388,16985000
2017-11-16,29.0498,29.3020,29.0498,29.2424,15282200
2017-11-17,29.2011,29.2241,29.0360,29.0544,16604200
2017-11-20,29.1232,29.1874,29.0819,29.1644,13159800
2017-11-21,29.2791,29.4901,29.2562,29.4717,16348000
2017-11-22,29.4717,29.4809,29.3662,29.4167,24231600
2017-11-24,29.4625,29.5955,29.4534,29.5818,8678200
2017-11-27,29.5313,29.6185,29.4809,29.5818,13778200
2017-11-28,29.6276,29.7056,29.5084,29.6781,22623200
2017-11-29,29.6276,29.6322,28.8205,29.0223,67280400
2017-11-30,29.1507,29.3571,29.0452,29.2791,42095000
2017-12-01,29.1002,29.2745,28.7058,29.1277,38423600
2017-12-04,29.3112,29.3250,28.6324,28.6599,33611000
2017-12-05,28.6095,28.9993,28.4857,28.6691,27854200
2017-12-06,28.5545,28.9168,28.4857,28.8526,26524200
2017-12-07,28.9764,29.0865,28.8526,29.0314,23371000
2017-12-08,29.2241,29.3112,29.1002,29.1690,20118000
2017-12-11,29.1553,29.4213,29.1369,29.4213,22843200
2017-12-12,29.4029,29.5176,29.2928,29.4121,16794000
2017-12-13,29.5130,29.5634,29.3846,29.4213,20712200
2017-12-14,29.4580,29.5497,29.3708,29.3846,21892000
2017-12-15,29.4757,29.7611,29.4021,29.7197,42610400
2017-12-18,29.9315,30.0143,29.8808,29.9821,21521600
2017-12-19,29.9223,29.9407,29.7243,29.7980,23953600
2017-12-20,29.9269,29.9269,29.6460,29.7888,17930400
2017-12-21,29.8394,29.8900,29.7013,29.7289,31883800
2017-12-22,29.6783,29.7381,29.6322,29.7105,10971000
2017-12-26,29.5264,29.5448,29.4067,29.5126,12438200
2017-12-27,29.5172,29.6000,29.4941,29.5448,10693200
2017-12-28,29.6322,29.6507,29.5448,29.5954,19316000
2017-12-29,29.6138,29.6230,29.4159,29.4389,13386400
2018-01-02,29.5586,29.8026,29.4849,29.8026,27445600
2018-01-03,29.8578,30.0696,29.8256,30.0511,22663600
2018-01-04,30.1708,30.2813,30.1018,30.2031,21493200
2018-01-05,30.3596,30.5483,30.2997,30.5207,19356000
2018-01-08,30.5069,30.6910,30.4885,30.6358,13467800
2018-01-09,30.6956,30.7048,30.5069,30.5575,21212800
2018-01-10,30.3918,30.4609,30.3043,30.4517,20815600
2018-01-11,30.5207,30.5897,30.4470,30.5759,15775600
2018-01-12,30.5391,30.7969,30.4977,30.7555,16308600
2018-01-16,30.9442,31.0547,30.5575,30.6358,36443600
2018-01-17,30.8107,31.1237,30.7094,31.0961,29376200
2018-01-18,31.0961,31.2342,31.0685,31.1514,29845800
2018-01-19,31.2112,31.2619,31.0501,31.2112,23894400
2018-01-22,31.1882,31.5196,31.1237,31.5150,18004200
2018-01-23,31.6163,31.7176,31.5519,31.6531,20460200
2018-01-24,31.7360,31.7912,31.3033,31.4092,37019000
2018-01-25,31.6071,31.6347,31.2757,31.3539,25951800
2018-01-26,31.5703,31.8511,31.5012,31.8511,20097200
2018-01-29,31.7590,31.7590,31.5196,31.5611,55179800
2018-01-30,31.3033,31.4598,31.1928,31.2757,29662400
2018-01-31,31.4598,31.5611,31.3033,31.5104,30135800
2018-02-01,31.3954,31.7590,31.3907,31.5381,32650000
2018-02-02,31.1836,31.2112,30.5990,30.6036,43929400
2018-02-05,30.2767,30.8522,29.3100,29.3238,98559600
2018-02-06,28.9279,30.2169,28.7622,30.1662,90269400
2018-02-07,30.0926,30.4010,29.7796,29.7796,47425200
2018-02-08,29.8624,29.9177,28.5366,28.5458,55628600
2018-02-09,29.0062,29.4573,28.0671,29.2456,72700400
2018-02-12,29.5586,29.9545,29.3422,29.7703,35629600
2018-02-13,29.6000,29.9176,29.5125,29.8440,19084000
2018-02-14,29.6783,30.4424,29.6599,30.3918,32117600
2018-02-15,30.6818,30.9718,30.3228,30.9718,24305000
2018-02-16,30.8798,31.2572,30.8475,30.9258,20334200
2018-02-20,30.7693,31.1974,30.7371,30.9534,33835200
2018-02-21,31.0731,31.3355,30.7509,30.7555,29102400
2018-02-22,30.8614,31.0731,30.7048,30.7923,21958800
2018-02-23,31.0455,31.4368,30.9718,31.4368,20772400
2018-02-26,31.5703,31.9294,31.5703,31.9294,21594400
2018-02-27,31.9432,32.0905,31.6071,31.6071,25581200
2018-02-28,31.7867,31.9201,31.3769,31.3815,30464000
2018-03-01,31.4552,31.5749,30.6266,30.8614,42973600
2018-03-02,30.5115,31.2204,30.4286,31.1560,38392200
2018-03-05,31.0087,31.5795,30.9396,31.4736,21777800
2018-03-06,31.6531,31.6946,31.4046,31.5427,20303800
2018-03-07,31.3079,31.7498,31.3079,31.7176,22219600
2018-03-08,31.8143,31.8833,31.6577,31.8557,15248000
2018-03-09,32.0813,32.4587,32.0398,32.4587,24685000
2018-03-12,32.5554,32.6889,32.4679,32.5600,27012400
2018-03-13,32.7257,32.8408,32.0766,32.1871,27618800
2018-03-14,32.3483,32.3759,31.9984,32.1595,27762800
2018-03-15,32.1687,32.3667,32.0214,32.1779,23002800
2018-03-16,32.2324,32.3479,32.1031,32.1447,24404600
2018-03-19,31.8445,31.8953,31.2488,31.5074,39736800
2018-03-20,31.4289,31.6136,31.3181,31.4936,18765600
2018-03-21,31.4243,31.7198,31.2211,31.3042,21867000
2018-03-22,30.9256,31.1057,30.4730,30.4961,42390200
2018-03-23,30.4777,30.5562,29.6695,29.6834,41901600
2018-03-26,30.2883,30.8517,29.8681,30.8101,50251600
2018-03-27,30.9995,31.0179,29.5910,29.8219,59497200
2018-03-28,29.7527,30.1128,29.4479,29.6234,53622000
2018-03-29,29.8358,30.5100,29.6280,30.2098,35368200
2018-04-02,30.0898,30.2237,29.1616,29.4894,52034200
2018-04-03,29.7111,29.8496,29.2816,29.7804,36101400
2018-04-04,29.2355,30.2791,29.1708,30.1960,36298400
2018-04-05,30.4730,30.5192,30.1175,30.3206,32738200
2018-04-06,30.0066,30.2837,29.4479,29.5772,40477800
2018-04-09,29.7942,30.3899,29.7711,29.8081,21859400
2018-04-10,30.2791,30.6670,30.1129,30.5423,31297800
2018-04-11,30.3530,30.6346,30.3114,30.3622,17315600
2018-04-12,30.5515,30.8609,30.5100,30.7270,21256000
2018-04-13,30.9394,30.9533,30.4777,30.6254,22421600
2018-04-16,30.8378,30.9764,30.6577,30.8609,19477400
2018-04-17,31.1334,31.5351,31.0780,31.4335,30445600
2018-04-18,31.4012,31.4705,31.1611,31.3504,19764400
2018-04-19,31.1519,31.1842,30.8933,31.0041,25811600
2018-04-20,30.9117,30.9348,30.4453,30.5746,32477000
2018-04-23,30.6901,30.7778,30.3206,30.4638,37920600
2018-04-24,30.6393,30.6901,29.7157,29.9328,34847600
2018-04-25,29.9789,30.0390,29.5541,29.9374,30581600
2018-04-26,30.3114,30.6023,30.1867,30.4823,33086800
2018-04-27,30.7870,30.8101,30.2652,30.4269,26313000
2018-04-30,30.5053,30.6947,30.1913,30.2283,17372200
2018-05-01,30.1867,30.6254,30.1128,30.6069,18547800
2018-05-02,30.8009,30.9163,30.5192,30.5746,26587400
2018-05-03,30.4361,30.7593,30.1683,30.6439,31090800
2018-05-04,30.5284,31.2812,30.4915,31.2257,21682600
2018-05-07,31.3735,31.5905,31.3227,31.4428,26914800
2018-05-08,31.3920,31.5397,31.2488,31.5120,30294800
2018-05-09,31.5905,31.8999,31.4890,31.8999,28826600
2018-05-10,32.0477,32.3386,32.0154,32.3155,23132600
2018-05-11,32.2832,32.3941,32.1632,32.2694,17521200
2018-05-14,32.3756,32.5187,32.2324,32.2648,20261800
2018-05-15,32.0385,32.0662,31.7937,31.9600,28525200
2018-05-16,32.0108,32.1770,31.9369,32.1031,13361000
2018-05-17,31.9877,32.2047,31.8076,31.9369,21600200
2018-05-18,31.8307,31.9738,31.7753,31.8030,15765800
2018-05-21,32.0939,32.2370,31.9184,32.0800,22578400
2018-05-22,32.2370,32.2832,31.9646,32.0339,14782000
2018-05-23,31.7706,32.2694,31.7660,32.2694,29387600
2018-05-24,32.2601,32.2971,31.9092,32.2324,22401400
2018-05-25,32.2555,32.3248,32.1308,32.2093,18782800
2018-05-29,32.0477,32.2140,31.8214,32.0339,58660800
2018-05-30,32.1955,32.3109,32.1031,32.2694,19930400
2018-05-31,32.2694,32.4910,32.2047,32.2786,30568000
2018-06-01,32.4956,32.8327,32.4402,32.8281,25445800
2018-06-04,32.9112,33.1237,32.8789,33.0913,19866000
2018-06-05,33.1745,33.2668,33.0821,33.2068,34549600
2018-06-06,33.2622,33.4238,33.0913,33.4238,35379000
2018-06-07,33.4054,33.4054,32.9159,33.1560,39047200
2018-06-08,32.9066,33.1606,32.8374,33.1006,19809600
2018-06-11,33.1191,33.2437,33.0452,33.1375,14647000
2018-06-12,33.1975,33.3268,33.1421,33.2991,15626800
2018-06-13,33.2991,33.4469,33.1144,33.1283,29278000
2018-06-14,33.2576,33.4469,33.2068,33.3638,22654800
2018-06-15,33.2456,33.2873,33.0371,33.2364,33641200
2018-06-18,33.0046,33.2966,32.9027,33.2734,16580400
2018-06-19,32.8656,33.1159,32.6803,33.1020,25913400
2018-06-20,33.1807,33.3290,33.1344,33.1715,22931200
2018-06-21,33.3012,33.3198,32.8378,32.9166,29634200
2018-06-22,33.0000,33.0093,32.6756,32.8100,31385800
2018-06-25,32.5459,32.5783,31.8461,32.1288,36055400
2018-06-26,32.2307,32.4717,32.1520,32.2585,27719000
2018-06-27,32.3605,32.5088,31.8090,31.8183,44109200
2018-06-28,31.7766,32.3142,31.7766,32.2076,35598000
2018-06-29,32.3327,32.4717,32.1751,32.1937,20019200
2018-07-02,31.9156,32.4903,31.8693,32.4810,25091200
2018-07-03,32.5783,32.6015,32.0732,32.0963,12722800
2018-07-05,32.2956,32.5690,32.2029,32.5505,27320000
2018-07-06,32.5690,32.9815,32.4903,32.9305,25603800
2018-07-09,33.1066,33.1900,32.9351,33.1807,17455200
2018-07-10,33.1854,33.3522,33.1854,33.2595,22986200
2018-07-11,33.0232,33.2595,32.9722,33.1298,25949800
2018-07-12,33.2734,33.6720,33.2364,33.6534,23706600
2018-07-13,33.6581,33.6998,33.5051,33.6164,18516800
2018-07-16,33.6256,33.6951,33.4727,33.5376,13332000
2018-07-17,33.2966,33.8434,33.2781,33.7878,14903200
2018-07-18,33.7786,33.7832,33.6117,33.7322,14164000
2018-07-19,33.6488,33.7785,33.5515,33.6117,14910000
2018-07-20,33.7415,33.8064,33.5793,33.6210,14439600
2018-07-23,33.5515,33.8110,33.4171,33.7924,25151000
2018-07-24,34.1308,34.2651,33.8388,33.9778,21557200
2018-07-25,33.9871,34.4042,33.9361,34.4042,30466200
2018-07-26,33.8156,33.9871,33.7554,33.8759,25094400
2018-07-27,33.9176,33.9408,33.0881,33.2966,63550200
2018-07-30,33.2781,33.3290,32.5876,32.7776,35695400
2018-07-31,32.8795,33.0788,32.6849,32.8656,29954000
2018-08-01,33.1020,33.2688,32.9815,33.1622,29322800
2018-08-02,32.8564,33.6210,32.8564,33.5793,26209800
2018-08-03,33.5885,33.6998,33.4356,33.6998,14491400
2018-08-06,33.6859,33.8990,33.6071,33.8805,15000400
2018-08-07,34.0010,34.1308,33.9500,34.0103,20545400
2018-08-08,33.9917,34.1678,33.9037,34.1029,14197200
2018-08-09,34.1354,34.2466,34.0890,34.1168,23446200
2018-08-10,33.8620,34.0056,33.7461,33.8434,23138400
2018-08-13,33.8944,34.1539,33.7878,33.7971,24128800
2018-08-14,33.9130,34.0473,33.7229,34.0056,18359000
2018-08-15,33.7924,33.9176,33.4356,33.6998,35584400
2018-08-16,33.9593,34.0520,33.7739,33.8481,18208800
2018-08-17,33.7461,33.9917,33.6349,33.8990,18048200
2018-08-20,33.9778,33.9871,33.7137,33.8481,21239600
2018-08-21,33.9407,34.1168,33.8620,33.9037,16004600
2018-08-22,33.8017,34.0566,33.7508,34.0056,12742400
2018-08-23,33.9454,34.2651,33.9454,34.0798,18735000
2018-08-24,34.1725,34.4320,34.1678,34.4227,13115200
2018-08-27,34.6081,34.7564,34.5154,34.7378,16415000
2018-08-28,34.8073,34.8769,34.7008,34.7981,14770400
2018-08-29,34.8398,35.1364,34.8351,35.1132,22364600
2018-08-30,35.0159,35.2337,34.9000,35.0066,21040600
2018-08-31,34.9742,35.1271,34.9139,35.0344,20537800
2018-09-04,34.8722,34.9510,34.6637,34.9000,22147600
2018-09-05,34.8537,34.8815,34.2883,34.4644,32853200
2018-09-06,34.4134,34.4876,33.9454,34.2142,27957600
2018-09-07,33.9917,34.3717,33.9547,34.0983,28462000
2018-09-10,34.2234,34.2698,34.0195,34.2049,33309000
2018-09-11,34.1076,34.5710,34.0242,34.4969,27189800
2018-09-12,34.4227,34.4273,34.0751,34.3532,32536400
2018-09-13,34.5664,34.8444,34.5571,34.7564,25454800
2018-09-14,34.7888,34.8815,34.5710,34.7286,18878400
2018-09-17,34.6776,34.7378,34.2559,34.2929,29584200
2018-09-18,34.2512,34.6776,34.2512,34.5107,19302000
2018-09-19,34.5061,34.6220,34.2281,34.4227,20870600
2018-09-20,34.6266,34.8676,34.5200,34.8305,27401800
2018-09-21,34.9626,35.0184,34.6789,34.6929,46041000
2018-09-24,34.5255,34.8696,34.3906,34.8649,34513600
2018-09-25,34.8231,34.8928,34.6789,34.8231,21101000
2018-09-26,34.8603,35.0137,34.6324,34.6929,26641200
2018-09-27,34.8184,34.9951,34.8184,34.8975,28466400
2018-09-28,34.7998,35.0602,34.7812,35.0277,23421200
2018-10-01,35.2509,35.3392,35.0881,35.1951,20668200
2018-10-02,35.1532,35.3997,35.0416,35.1997,28014000
2018-10-03,35.3206,35.4648,35.2416,35.3067,26584800
2018-10-04,35.1346,35.1625,34.4418,34.6696,46584800
2018-10-05,34.6557,34.7626,33.8977,34.2325,44577000
2018-10-08,34.0698,34.1767,33.4607,33.8466,39946000
2018-10-09,33.8326,34.1674,33.7629,33.9675,30277800
2018-10-10,33.7629,33.7675,32.2982,32.3214,88286000
2018-10-11,32.2284,32.7771,31.6518,31.9122,136539000
2018-10-12,32.8143,33.0422,32.2935,32.9352,71818800
2018-10-15,32.8143,32.8422,32.3772,32.3958,38305000
2018-10-16,32.8050,33.4793,32.7260,33.3723,41998600
2018-10-17,33.4141,33.4374,32.9213,33.2189,48329800
2018-10-18,33.0701,33.0933,32.3726,32.5679,45920600
2018-10-19,32.7585,33.1119,32.4330,32.5539,44283400
2018-10-22,32.7074,33.0375,32.5121,32.8236,31962000
2018-10-23,32.1401,32.8701,31.8146,32.6981,48132200
2018-10-24,32.6144,32.6934,31.1962,31.2334,68330800
2018-10-25,31.6797,32.4749,31.6286,32.3075,46754400
2018-10-26,31.5031,32.2377,31.2055,31.6611,85487200
2018-10-29,32.0982,32.3261,30.4987,31.1264,68110600
2018-10-30,31.0985,31.5868,30.8335,31.4752,61121600
2018-10-31,31.9448,32.4795,31.9309,32.2238,42288200
2018-11-01,32.2703,32.6237,31.9959,32.6004,31106200
2018-11-02,32.3493,32.5400,31.6937,31.9634,40426200
2018-11-05,31.9448,31.9959,31.4705,31.9308,28416400
2018-11-06,31.9029,32.2842,31.8750,32.1308,18267600
2018-11-07,32.5028,33.0747,32.4609,33.0747,32629600
2018-11-08,32.9492,33.0887,32.8376,33.0468,20819400
2018-11-09,32.7632,32.7911,32.2005,32.4749,25883600
2018-11-12,32.1773,32.2331,31.2938,31.3310,32862200
2018-11-13,31.4054,31.9076,31.2752,31.3682,31407000
2018-11-14,31.7169,31.7820,30.8335,30.9916,38993400
2018-11-15,31.0427,31.8425,30.8614,31.7681,52602200
2018-11-16,31.3961,31.9076,31.3310,31.7169,35945800
2018-11-19,31.5681,31.6007,30.4243,30.5080,38397200
2018-11-20,29.6570,30.2569,29.4710,29.8523,56129600
2018-11-21,30.2569,30.3778,29.9453,30.0709,33006600
2018-11-23,29.7500,30.1267,29.7361,29.7965,10676200
2018-11-26,30.1871,30.4708,30.0290,30.4708,25069200
2018-11-27,30.2615,30.5777,30.0848,30.5312,23076400
2018-11-28,30.8381,31.6007,30.7219,31.6007,33219200
2018-11-29,31.5030,31.5495,31.1264,31.2938,28230800
2018-11-30,31.3124,31.6146,31.1590,31.5914,33019600
2018-12-03,32.3819,32.4144,31.9402,32.2889,32463400
2018-12-04,32.0610,32.1308,30.9916,31.0660,41982200
2018-12-06,30.3359,31.1357,30.1825,31.1357,43155800
2018-12-07,30.9869,31.1264,29.8988,30.0383,39875000
2018-12-10,29.8709,30.5684,29.6989,30.4522,40895600
2018-12-11,30.9265,30.9869,30.2429,30.4894,31626200
2018-12-12,30.9823,31.2101,30.7126,30.7265,33857600
2018-12-13,30.8753,31.1032,30.6010,30.7777,25638600
2018-12-14,30.4103,30.5777,29.9965,30.0244,31032400
2018-12-17,29.9128,30.1174,29.1502,29.3873,46527000
2018-12-18,29.6152,29.8756,29.3827,29.6198,39253200
2018-12-19,29.5780,30.1034,28.7178,29.0339,67212200
2018-12-20,28.9084,29.2013,28.0993,28.5132,79003600
2018-12-21,28.5202,28.8704,27.5254,27.6469,83227400
2018-12-24,27.3853,27.7216,26.8856,26.9090,42234000
2018-12-26,27.0958,28.5342,26.9417,28.5342,58120200
2018-12-27,28.1372,28.7490,27.5908,28.7397,46877600
2018-12-28,28.9498,29.1506,28.4268,28.6743,39685800
2018-12-31,28.9218,29.0526,28.7023,28.9451,33720200
2019-01-02,28.3520,29.1366,28.3147,28.9638,30885800
2019-01-03,28.2260,28.2446,27.4647,27.5021,49893400
2019-01-04,28.0065,28.8424,27.9177,28.7210,41535600
2019-01-07,28.7210,29.1740,28.6556,28.9778,23817200
2019-01-08,29.2580,29.3608,28.8751,29.2207,26005200
2019-01-09,29.3795,29.7531,29.3468,29.5990,28044800
2019-01-10,29.3654,29.7437,29.2300,29.7297,21868200
2019-01-11,29.5569,29.6924,29.4915,29.6737,15451200
2019-01-14,29.4121,29.5009,29.2954,29.3981,14483800
2019-01-15,29.4915,29.9025,29.4402,29.8418,28654000
2019-01-16,29.8745,30.0520,29.8138,29.8698,18937000
2019-01-17,29.7624,30.2341,29.6830,30.0613,20256800
2019-01-18,30.3602,30.5797,30.1640,30.5190,27303200
2019-01-22,30.2714,30.3228,29.7671,30.0053,29985000
2019-01-23,30.1313,30.3555,29.7718,30.1080,19152200
2019-01-24,30.2154,30.4676,30.2014,30.3602,28341800
2019-01-25,30.5890,30.8832,30.4769,30.7898,20061600
2019-01-28,30.3322,30.3882,30.1267,30.3789,19324800
2019-01-29,30.4396,30.4442,30.0053,30.0520,17147800
2019-01-30,30.5516,31.0747,30.4162,30.9860,33990600
2019-01-31,30.8272,31.1214,30.7291,30.9533,36501800
2019-02-01,30.9673,31.3035,30.9206,31.1354,19475600
2019-02-04,31.1774,31.6398,31.1541,31.6351,15208600
2019-02-05,31.7425,31.9807,31.7052,31.9013,24121400
2019-02-06,31.9387,32.0974,31.8172,32.0087,20379200
2019-02-07,31.7145,31.8499,31.3549,31.5697,29264000
2019-02-08,31.2848,31.7519,31.2662,31.7519,16977600
2019-02-11,31.8499,31.9480,31.6631,31.7379,14869400
2019-02-12,31.9573,32.2002,31.9106,32.1582,19418200
2019-02-13,32.3169,32.4337,32.1815,32.2002,18241800
2019-02-14,32.0788,32.3730,32.0554,32.2562,19484000
2019-02-15,32.4991,32.5458,32.3310,32.5131,14712000
2019-02-19,32.3823,32.6205,32.3496,32.5224,16638200
2019-02-20,32.5504,32.6952,32.3870,32.5598,19704200
2019-02-21,32.4804,32.7046,32.3730,32.5738,19508200
2019-02-22,32.7232,33.0081,32.7139,32.9894,24493200
2019-02-25,33.2369,33.3770,33.1249,33.1482,40341000
2019-02-26,33.0315,33.3117,33.0034,33.2183,28268000
2019-02-27,33.0922,33.2276,32.8447,33.1856,19555000
2019-02-28,33.0642,33.2183,33.0081,33.0922,18876600
2019-03-01,33.3537,33.4051,33.0501,33.3163,24668000
2019-03-04,33.4564,33.5405,32.8213,33.1902,31653000
2019-03-05,33.1716,33.2136,32.9894,33.0922,17907600
2019-03-06,33.0688,33.1062,32.8773,32.9194,26244200
2019-03-07,32.8260,32.8540,32.4991,32.6065,36996600
2019-03-08,32.2142,32.6298,32.1488,32.6018,25781400
2019-03-11,32.7186,33.3350,32.7186,33.3023,29153800
2019-03-12,33.3957,33.6105,33.2930,33.4985,36101200
2019-03-13,33.6432,33.9188,33.6246,33.7180,35667200
2019-03-14,33.7740,33.8908,33.6946,33.7880,21313200
2019-03-15,33.9066,34.3516,33.8831,34.1970,42049000
2019-03-18,34.2205,34.4313,34.1314,34.3423,29675200
2019-03-19,34.4828,34.5765,34.2767,34.4125,32306200
2019-03-20,34.3751,34.6000,34.1127,34.3188,27408600
2019-03-21,34.3235,35.2559,34.3188,35.1809,54548200
2019-03-22,34.9982,35.1434,34.3376,34.3517,53494800
2019-03-25,34.2392,34.4313,33.9815,34.2017,43893800
2019-03-26,34.5016,34.7218,34.1877,34.3891,27930200
2019-03-27,34.4407,34.5718,33.8925,34.1923,31662400
2019-03-28,34.2954,34.4735,34.1221,34.3329,21079400
2019-03-29,34.6187,34.6843,34.4500,34.6702,28694400
2019-04-01,35.0076,35.1856,34.8108,35.1434,25181000
2019-04-02,35.1715,35.3121,35.0638,35.2652,23574200
2019-04-03,35.4761,35.7291,35.4105,35.5510,27738000
2019-04-04,35.5370,35.6307,35.1903,35.4011,23006200
2019-04-05,35.5182,35.6073,35.4573,35.5698,13419600
2019-04-08,35.4854,35.7244,35.3355,35.7056,14619800
2019-04-09,35.5510,35.6822,35.4573,35.5370,26880200
2019-04-10,35.5698,35.7947,35.5510,35.7853,17234800
2019-04-11,35.8603,35.8696,35.6635,35.7384,15394600
2019-04-12,35.9399,35.9868,35.7385,35.9868,17110000
2019-04-15,35.9868,36.0758,35.7806,35.9727,19821400
2019-04-16,36.0852,36.1929,35.9821,36.1554,19218600
2019-04-17,36.3850,36.4037,36.1788,36.3569,24495800
2019-04-18,36.4365,36.4693,36.1882,36.4600,22983800
2019-04-22,36.2913,36.5584,36.2585,36.5443,16168800
2019-04-23,36.6005,36.9894,36.5630,36.9425,33385600
2019-04-24,36.9706,37.1253,36.9004,36.9566,21876600
2019-04-25,37.1253,37.2283,36.7505,36.9472,22775200
2019-04-26,36.7223,36.8160,36.4131,36.8067,22100400
2019-04-29,36.8114,36.9332,36.7739,36.8160,21226400
2019-04-30,36.7973,36.9285,36.5912,36.8769,37685800
2019-05-01,37.2471,37.3408,36.7786,36.7832,30893600
2019-05-02,36.7739,37.0409,36.3944,36.5912,49977600
2019-05-03,36.7223,36.9707,36.6708,36.9379,26576600
2019-05-06,36.0570,36.7130,35.9165,36.6521,26045000
2019-05-07,36.2398,36.3803,35.5370,35.8649,41251200
2019-05-08,35.7478,36.1320,35.6869,35.8228,27334600
2019-05-09,35.3777,35.6963,34.9795,35.5792,38601800
2019-05-10,35.3496,35.8509,34.8389,35.6916,39192400
2019-05-13,34.6843,34.8904,34.2486,34.3469,50922400
2019-05-14,34.5203,35.1153,34.4922,34.8998,36808600
2019-05-15,34.6562,35.3871,34.5999,35.2793,30097200
2019-05-16,35.3027,35.8603,35.2559,35.6026,30889400
2019-05-17,35.2371,35.7947,35.2324,35.3168,27087800
2019-05-20,34.7218,34.9935,34.5344,34.7030,29349200
2019-05-21,35.0685,35.2418,34.9888,35.1294,29682200
2019-05-22,34.8998,35.1575,34.8811,34.9467,23042200
2019-05-23,34.4735,34.4922,34.0799,34.3329,32171400
2019-05-24,34.5203,34.6983,34.3048,34.3423,23500000
2019-05-28,34.4500,34.6702,34.2251,34.2439,51545600
2019-05-29,33.9909,34.2064,33.8128,34.0424,29509600
2019-05-30,34.1221,34.3235,34.0190,34.2532,22841000
2019-05-31,33.8410,34.0002,33.6676,33.6817,24079600
2019-06-03,33.7332,33.9206,32.8664,33.0913,39407400
2019-06-04,33.5130,34.1970,33.3443,34.1970,30192400
2019-06-05,34.6515,34.7218,34.2486,34.6421,28791600
2019-06-06,34.7358,35.1153,34.5765,35.0450,23845000
2019-06-07,35.2278,35.9071,35.1575,35.6963,23984200
2019-06-10,35.9540,36.3991,35.9540,36.0617,26927600
2019-06-11,36.4272,36.4646,35.8556,36.0617,23100200
2019-06-12,35.8884,35.9868,35.7759,35.8603,15193800
2019-06-13,35.9868,36.0945,35.8368,35.9680,19734800
2019-06-14,35.6401,35.7712,35.4995,35.6541,16883400
2019-06-17,35.6775,35.8603,35.6026,35.6822,18702200
2019-06-18,36.0617,36.5068,35.9493,36.3288,32362400
2019-06-19,36.4225,36.5537,36.1742,36.4600,24742400
2019-06-20,36.9941,37.1159,36.6849,36.9941,27783800
2019-06-21,36.8568,37.1389,36.8051,36.8192,41430400
2019-06-24,36.8850,37.0119,36.8333,36.8897,16431800
2019-06-25,36.8709,36.9038,36.1703,36.2127,26245400
2019-06-26,36.5653,36.8615,36.5559,36.6029,18138400
2019-06-27,36.7251,36.8239,36.6170,36.6969,13675000
2019-06-28,36.8098,36.8521,36.5794,36.6922,35566800
2019-07-01,37.5338,37.5808,37.1201,37.2752,28553200
2019-07-02,37.2564,37.3975,37.1718,37.3740,15568400
2019-07-03,37.4680,37.6608,37.3928,37.6608,10683600
2019-07-05,37.3552,37.6561,37.2188,37.5903,11847800
2019-07-08,37.2987,37.3505,37.1295,37.3034,14919800
2019-07-09,37.1107,37.4633,37.0542,37.4351,18499600
2019-07-10,37.6420,37.9570,37.6138,37.7313,20217200
2019-07-11,37.8253,38.0181,37.7454,37.8724,22704400
2019-07-12,37.9899,38.1733,37.9241,38.1498,15506800
2019-07-15,38.2532,38.3237,38.1686,38.2767,12572000
2019-07-16,38.2297,38.2344,37.8536,37.9194,16011400
2019-07-17,37.9899,38.0745,37.8159,37.8206,13416000
2019-07-18,37.7360,38.1592,37.7078,38.1027,16044000
2019-07-19,38.4836,38.4977,37.8912,37.9382,23359400
2019-07-22,38.0839,38.4695,38.0792,38.3754,13849400
2019-07-23,38.5964,38.6246,38.3002,38.5870,11010800
2019-07-24,38.5353,38.9209,38.5353,38.9067,18514200
2019-07-25,38.8221,38.8221,38.5400,38.7469,19846800
2019-07-26,38.7657,38.9067,38.7281,38.8315,22240400
2019-07-29,38.8503,38.8738,38.5071,38.8080,16946400
2019-07-30,38.5400,38.7234,38.4554,38.5588,14728000
2019-07-31,38.7657,38.8080,37.5762,37.9758,33738600
2019-08-01,38.0416,38.8456,37.5950,37.7830,57666000
2019-08-02,37.4774,37.4915,36.8286,37.1671,44743800
2019-08-05,36.1750,36.2268,35.3287,35.6155,55653200
2019-08-06,36.0951,36.3396,35.7942,36.2079,38301600
2019-08-07,35.7942,36.5324,35.5967,36.4336,41164800
2019-08-08,36.7251,37.3364,36.6311,37.3270,31983200
2019-08-09,37.1060,37.2094,36.6217,36.9038,31145200
2019-08-12,36.6499,36.7863,36.2503,36.4195,21786800
2019-08-13,36.3866,37.4727,36.3067,37.3317,52085600
2019-08-14,36.6452,36.8098,36.0904,36.1844,47138600
2019-08-15,36.2174,36.3067,35.8130,36.1186,31324600
2019-08-16,36.4901,36.8803,36.4383,36.8051,21694000
2019-08-19,37.3834,37.4774,37.1718,37.3646,15756200
2019-08-20,37.3176,37.5056,37.1577,37.1765,16675400
2019-08-21,37.5338,37.7078,37.4445,37.6138,16802600
2019-08-22,37.7125,37.7971,37.1906,37.5244,15188200
2019-08-23,37.3176,37.6608,36.1327,36.2832,40797800
2019-08-26,36.7298,36.8004,36.4806,36.7863,20717000
2019-08-27,37.0260,37.0919,36.5183,36.7298,20066000
2019-08-28,36.5324,36.8239,36.2691,36.7628,14279000
2019-08-29,37.2611,37.5150,37.1295,37.4022,16241200
2019-08-30,37.6467,37.6937,37.1248,37.3928,20150800
2019-09-03,37.0825,37.4116,36.8051,36.9367,23675000
2019-09-04,37.3364,37.5856,37.2987,37.5667,15458800
2019-09-05,38.0604,38.5071,38.0416,38.3519,20086600
2019-09-06,38.4366,38.4554,38.2156,38.3190,18300200
2019-09-09,38.4977,38.5165,37.8300,38.0322,25221400
2019-09-10,37.8583,37.8583,37.4116,37.8394,19717000
2019-09-11,37.9570,38.2438,37.8771,38.2344,18818600
2019-09-12,38.4695,38.7516,38.2814,38.4413,25542000
2019-09-13,38.3801,38.3801,38.1168,38.1592,33067200
2019-09-16,37.8441,38.1498,37.8065,38.0651,15451800
2019-09-17,38.0933,38.2203,38.0040,38.2203,15402600
2019-09-18,38.1592,38.2438,37.6984,38.2156,17261400
2019-09-19,38.3331,38.6387,38.2485,38.3002,16387000
2019-09-20,38.4243,38.4431,37.7545,37.8536,30027200
2019-09-23,37.8583,38.0847,37.7781,37.9715,15648400
2019-09-24,38.2215,38.3677,37.4433,37.6036,35448200
2019-09-25,37.5517,38.1554,37.2074,38.0517,23913200
2019-09-26,38.0375,38.2262,37.7970,38.0941,18178600
2019-09-27,38.0941,38.1743,37.3018,37.5847,25564200
2019-09-30,37.7451,38.0705,37.6932,37.9809,22002800
2019-10-01,38.1507,38.4054,37.6130,37.6272,22044600
2019-10-02,37.3772,37.3867,36.6415,36.9197,39509600
2019-10-03,36.9056,37.3867,36.4481,37.3725,34944400
2019-10-04,37.6366,38.0375,37.5989,37.9904,21876800
2019-10-07,37.8630,38.1460,37.8017,37.8300,21238800
2019-10-08,37.5847,37.6979,37.1320,37.1367,28733600
2019-10-09,37.5234,37.8300,37.4668,37.6885,20503000
2019-10-10,37.6508,38.0988,37.6225,37.9479,18796200
2019-10-11,38.4148,38.8110,38.3535,38.4714,31941200
2019-10-14,38.4337,38.6082,38.4290,38.4478,11325600
2019-10-15,38.6035,38.9666,38.5657,38.8723,16205800
2019-10-16,38.6601,38.6789,38.4620,38.6035,20066000
2019-10-17,38.7355,38.8440,38.3252,38.5280,13731800
2019-10-18,38.4714,38.5280,37.9196,38.1601,17452600
2019-10-21,38.3865,38.5893,38.2498,38.5705,12678600
2019-10-22,38.6459,38.7827,38.0234,38.0517,18916000
2019-10-23,37.9337,38.0894,37.8536,38.0847,17617000
2019-10-24,38.4903,38.6742,38.3488,38.6412,14508200
2019-10-25,38.6412,39.1553,38.6176,39.1081,16305400
2019-10-28,39.4524,39.6222,39.4336,39.6033,14459800
2019-10-29,39.5703,39.6411,39.2308,39.2449,15520800
2019-10-30,39.3628,39.5326,39.0987,39.4854,25558600
2019-10-31,39.5467,39.5892,39.2072,39.4618,22461800
2019-11-01,39.5939,39.9335,39.5326,39.9335,19841200
2019-11-04,40.2401,40.2636,40.0561,40.1410,20363200
2019-11-05,40.2542,40.2683,39.9571,40.0938,15799600
2019-11-06,40.0891,40.1127,39.8722,40.0750,17077200
2019-11-07,40.3438,40.6174,40.2778,40.3910,28085000
2019-11-08,40.2872,40.6174,40.1269,40.6174,12573000
2019-11-11,40.3863,40.6928,40.3344,40.6362,8488000
2019-11-12,40.6928,40.9239,40.5938,40.7730,16562400
2019-11-13,40.6127,40.9003,40.6032,40.8626,15372200
2019-11-14,40.7023,40.8485,40.5891,40.8155,12182600
2019-11-15,41.1031,41.1456,40.9758,41.1456,14124800
2019-11-18,41.1314,41.3295,40.9758,41.2682,13022200
2019-11-19,41.4333,41.4710,41.1975,41.3484,14087400
2019-11-20,41.2541,41.3767,40.7872,41.0984,24759800
2019-11-21,41.0183,41.0654,40.8060,40.8909,18755400
2019-11-22,41.0088,41.0749,40.6787,40.8390,11780000
2019-11-25,41.0230,41.4333,41.0088,41.4333,14739800
2019-11-26,41.4569,41.5748,41.3908,41.4710,19454400
2019-11-27,41.5984,41.7021,41.4757,41.7021,18697000
2019-11-29,41.5936,41.6597,41.5088,41.5795,11360200
2019-12-02,41.5984,41.5984,40.8060,40.9852,23167600
2019-12-03,40.3391,40.6504,40.1646,40.6221,22494400
2019-12-04,40.8862,40.9192,40.7258,40.7872,13829000
2019-12-05,40.9334,40.9711,40.7447,40.9381,15620600
2019-12-06,41.2493,41.4286,41.2163,41.3908,18407000
2019-12-09,41.3201,41.4522,41.1739,41.1739,11370200
2019-12-10,41.2399,41.4239,41.1032,41.2069,12350800
2019-12-11,41.3154,41.5229,41.2305,41.4852,9879000
2019-12-12,41.3673,41.9898,41.2682,41.9285,24189400
2019-12-13,41.8861,42.3011,41.8059,42.2068,26256200
2019-12-16,42.5275,42.7303,42.5181,42.5841,19744600
2019-12-17,42.6596,42.6784,42.4285,42.4851,14919400
2019-12-18,42.5369,42.6454,42.4662,42.4803,12970200
2019-12-19,42.5086,42.7916,42.4945,42.7869,13724000
2019-12-20,43.0400,43.0874,42.9265,43.0353,23400800
2019-12-23,43.1678,43.2672,43.1063,43.1583,15530400
2019-12-24,43.2341,43.2341,43.0732,43.1725,4890800
2019-12-26,43.2624,43.5038,43.2340,43.4943,8269200
2019-12-27,43.6694,43.6694,43.3807,43.4896,19332200
2019-12-30,43.4801,43.4848,42.9076,43.2388,16491200
2019-12-31,43.0921,43.4233,43.0353,43.3760,11601800
2020-01-02,43.7687,44.1899,43.6836,44.1899,26567000
2020-01-03,43.5463,43.9958,43.5416,43.6930,30023600
2020-01-06,43.2577,43.8444,43.1773,43.7971,15630000
2020-01-07,43.8728,43.9959,43.7120,43.7782,15363600
2020-01-08,43.8255,44.4406,43.7451,44.2466,23254400
2020-01-09,44.6536,44.7766,44.4264,44.7482,15554800
2020-01-10,44.9422,45.0037,44.5684,44.6441,15330600
2020-01-13,44.8476,45.2545,44.8239,45.2025,15524400
2020-01-14,45.2593,45.3018,44.9186,44.9895,16134600
2020-01-15,45.0179,45.2592,44.8902,45.0416,14417000
2020-01-16,45.3302,45.6567,45.2687,45.6472,11543200
2020-01-17,45.8602,45.9974,45.6141,45.9548,21661000
2020-01-21,45.8129,46.2009,45.8034,45.9359,17975000
2020-01-22,46.2245,46.4232,46.0636,46.1015,15491600
2020-01-23,46.1488,46.3570,45.9501,46.3191,14956400
2020-01-24,46.6598,46.7639,45.9406,46.1015,23617400
2020-01-27,45.0274,45.3586,44.8144,45.0037,35574600
2020-01-28,45.3965,45.9879,45.3018,45.8649,31184400
2020-01-29,46.2434,46.3097,45.7987,45.9832,21126600
2020-01-30,45.9643,46.4232,45.6851,46.3807,19933600
2020-01-31,46.1109,46.1346,44.9469,45.1078,26964600
2020-02-03,45.1599,45.8176,45.1078,45.7040,25075600
2020-02-04,46.4990,47.0005,46.3854,46.9012,19097800
2020-02-05,47.6724,47.6961,46.8349,47.1756,32697000
2020-02-06,47.3696,47.6204,47.1567,47.6062,13505600
2020-02-07,47.3838,47.5683,47.0762,47.1709,16598000
2020-02-10,46.8964,47.8191,46.8870,47.8097,16347600
2020-02-11,48.1740,48.2166,47.5068,47.6488,15105800
2020-02-12,47.9753,48.1835,47.7056,48.1645,12152800
2020-02-13,47.7860,48.2876,47.7150,48.0368,14802800
2020-02-14,48.1314,48.3254,47.9800,48.2450,12392400
2020-02-18,47.8570,48.1693,47.8049,48.0652,20633200
2020-02-19,48.3775,48.7087,48.3443,48.6377,16615600
2020-02-20,48.5336,48.6519,47.4737,48.1314,26324600
2020-02-21,47.8854,47.9279,46.7592,47.0526,29899000
2020-02-24,44.7955,45.7608,44.3839,45.1078,42365200
2020-02-25,45.5148,45.6804,43.5038,43.6646,62934400
2020-02-26,43.8303,44.8145,43.5322,43.8634,55759600
2020-02-27,42.4249,43.3239,41.4691,41.4975,67825800
2020-02-28,39.8461,42.2120,39.7751,41.8145,111854400
2020-03-02,42.5669,44.2419,41.8193,44.2325,70008600
2020-03-03,44.4832,44.7908,42.1032,42.5527,94989200
2020-03-04,43.4706,44.3933,42.8697,44.3791,44727600
2020-03-05,43.1962,44.0195,42.6994,42.9785,49019000
2020-03-06,41.5401,42.3208,40.9250,42.0700,57631800
2020-03-09,38.6017,40.6931,38.5638,38.8761,59119800
2020-03-10,40.5417,41.4738,39.0938,41.4691,71164600
2020-03-11,40.3571,40.6079,38.9471,39.5102,63304200
2020-03-12,36.6427,38.7531,35.4882,35.6538,65490600
2020-03-13,37.8966,39.9265,36.1033,39.8366,65849600
2020-03-16,33.9362,37.4802,33.6854,34.3336,81244800
2020-03-17,35.1427,37.1159,34.0402,36.6711,100814600
2020-03-18,34.2343,35.8762,33.2500,35.2894,107412400
2020-03-19,34.9629,36.6191,34.1254,35.4172,123454200
2020-03-20,36.0844,36.4534,33.6806,33.7942,90444000
2020-03-23,33.6234,34.3512,32.3915,33.4855,84958400
2020-03-24,35.5118,36.9434,35.3691,36.9149,75329000
2020-03-25,37.1955,38.5702,36.1586,36.8673,57480800
2020-03-26,37.3335,39.2456,37.2431,39.1504,56425800
2020-03-27,37.9375,38.6510,37.2193,37.3810,58485400
2020-03-30,37.8805,39.0458,37.7616,38.9554,47480200
2020-03-31,38.8651,39.5643,38.0279,38.2277,39988800
2020-04-01,36.9054,37.6950,36.1348,36.4060,54984800
2020-04-02,36.2775,37.3049,36.1301,37.2574,44223600
2020-04-03,37.0956,37.4952,36.2205,36.6818,31572000
2020-04-06,38.2943,40.0732,38.0517,39.8116,35987200
2020-04-07,41.2148,41.2290,39.4121,39.4549,44298800
2020-04-08,39.9733,40.6820,39.5976,40.5156,27428600
2020-04-09,40.9959,41.2052,40.2397,40.5251,39259800
2020-04-13,40.3634,40.6725,39.7878,40.6154,25301600
2020-04-14,41.5192,42.3944,41.3527,42.3183,31779000
2020-04-15,41.4764,41.7332,41.0863,41.3955,25858200
2020-04-16,41.9377,42.0043,41.2148,41.8997,23667600
2020-04-17,42.6417,42.6512,41.8426,42.4562,28284800
2020-04-20,41.8807,42.4372,41.7189,41.7760,20407000
2020-04-21,41.1862,41.2861,39.7831,40.0256,32765000
2020-04-22,40.9960,41.7950,40.8485,41.5667,24032000
2020-04-23,41.6618,42.1327,41.2480,41.2813,21169600
2020-04-24,41.4526,42.1660,41.1862,42.1565,16885000
2020-04-27,42.5371,42.6607,42.2612,42.5180,15598600
2020-04-28,43.0460,43.0745,41.8949,41.9520,25267600
2020-04-29,42.8462,43.8261,42.6940,43.6738,22925800
2020-04-30,43.7642,43.7642,43.1554,43.4788,30861200
2020-05-01,42.5228,43.1173,42.1232,42.2850,23990200
2020-05-04,42.0899,42.8890,41.8949,42.8462,21458000
2020-05-05,43.3361,43.9878,43.2600,43.4360,17374600
2020-05-06,43.8546,44.1971,43.5787,43.7737,16941000
2020-05-07,44.3683,44.6822,44.3017,44.4301,21088800
2020-05-08,44.8534,45.1436,44.5918,45.0818,15221600
2020-05-11,44.7726,45.6478,44.6822,45.3814,20768800
2020-05-12,45.5669,45.6953,44.4111,44.4444,27042000
2020-05-13,44.4682,44.8106,43.1031,43.6786,33942200
2020-05-14,43.3742,44.2637,42.8985,44.2351,30475200
2020-05-15,43.5359,44.4682,43.4122,44.4587,28032800
2020-05-18,45.3339,45.8047,45.1769,45.5479,20033400
2020-05-19,45.5669,46.0854,45.3624,45.3814,20092800
2020-05-20,46.0093,46.4611,45.9855,46.3755,18192000
2020-05-21,46.3279,46.4659,45.7049,45.7286,20581600
2020-05-22,45.6620,45.9522,45.4765,45.8951,18489600
2020-05-26,46.8131,46.8464,45.8095,45.8475,26001400
2020-05-27,45.8428,46.1282,44.8677,46.1091,38856800
2020-05-28,45.9379,46.8607,45.9046,46.0188,21147400
2020-05-29,46.1567,46.7085,45.7715,46.5991,35555000
2020-06-01,46.3803,46.6847,46.1757,46.5848,26719400
2020-06-02,46.6799,47.0224,46.2376,47.0224,22415200
2020-06-03,47.2127,47.5408,47.0081,47.3886,22035800
2020-06-04,47.2031,47.5313,46.7370,46.9986,15138800
2020-06-05,47.3316,48.3732,47.2507,48.2353,20756400
2020-06-08,48.1497,48.4969,47.7073,48.4779,16130200
2020-06-09,48.2353,48.9440,48.1925,48.7062,14707800
2020-06-10,49.0582,49.8905,48.9678,49.5195,24389600
2020-06-11,48.6586,48.7300,46.6657,46.6799,39742000
2020-06-12,47.9309,48.1687,46.4611,47.2840,43287000
2020-06-15,46.4231,47.9547,46.2709,47.7406,29924000
2020-06-16,48.8822,49.1771,48.0022,48.7585,27935800
2020-06-17,49.0344,49.2104,48.6681,48.7490,17324200
2020-06-18,48.6586,49.0201,48.5540,48.9678,13717200
2020-06-19,49.5576,49.6147,48.3970,48.6301,31280000
2020-06-22,48.6926,49.5892,48.6162,49.5463,14738000
2020-06-23,49.9899,50.4764,49.8325,49.9040,19028000
2020-06-24,49.6989,49.9756,48.5113,48.7784,25425600
2020-06-25,48.8500,49.4557,48.3205,49.4032,20534400
2020-06-26,49.3078,49.3794,48.2824,48.4302,44275600
2020-06-29,48.4255,48.9644,47.8436,48.9597,18547200
2020-06-30,48.9644,50.0376,48.8976,49.8372,16500000
2020-07-01,49.8706,50.2093,49.6417,49.9183,21709200
2020-07-02,50.3905,50.6624,50.1044,50.2093,19144600
2020-07-06,50.8579,51.3254,50.8293,51.0869,16046200
2020-07-07,51.0296,51.5448,50.5002,50.5527,15863600
2020-07-08,50.9533,51.3826,50.6815,51.3778,13327000
2020-07-09,51.7975,51.8071,50.8246,51.5638,17767800
2020-07-10,51.4446,51.5734,50.9390,51.5495,14724600
2020-07-13,51.9883,52.3317,50.3524,50.4811,28910400
2020-07-14,50.0805,51.1346,49.5463,51.0630,30053200
2020-07-15,51.5305,51.7833,50.7387,51.3397,23779200
2020-07-16,50.7912,50.9343,50.3142,50.7053,17180600
2020-07-17,51.0058,51.0964,50.4859,50.9533,12710400
2020-07-20,51.0964,52.3794,50.8103,52.2554,17018400
2020-07-21,52.6274,52.6465,51.5400,51.7308,18794800
2020-07-22,51.7785,52.3079,51.7356,52.1457,15028000
2020-07-23,51.8691,52.2125,50.5622,50.7912,23349600
2020-07-24,49.9422,50.5050,49.3508,50.1759,22911600
2020-07-27,50.4811,51.0201,50.3810,50.9676,16908000
2020-07-28,50.8102,50.9676,50.3333,50.3714,17825400
2020-07-29,50.5622,51.2395,50.5622,51.1012,13187000
2020-07-30,50.6385,51.4208,50.3667,51.3874,21556800
2020-07-31,52.1982,52.6895,51.3492,52.6704,25185800
2020-08-03,53.3858,54.1394,53.3620,53.9677,24327000
2020-08-04,53.8532,54.1108,53.6195,54.1060,17971600
2020-08-05,54.2777,54.4303,54.0345,54.3063,12960200
2020-08-06,54.2634,55.1219,54.1442,55.0695,16399400
2020-08-07,54.8501,54.8549,53.8199,54.2491,27476200
2020-08-10,54.3540,54.4447,53.3667,54.0965,16481200
2020-08-11,53.9200,54.1490,53.0138,53.1235,18844400
2020-08-12,53.5527,54.4733,53.4860,54.3302,14196800
2020-08-13,54.4065,54.8072,54.1585,54.3540,11453600
2020-08-14,54.3779,54.4733,54.0154,54.3159,8334200
2020-08-17,54.6450,54.8024,54.5782,54.6784,8174600
2020-08-18,54.7833,55.0313,54.4208,54.8835,8930000
2020-08-19,55.0218,55.2650,54.7261,54.8167,14239400
2020-08-20,54.6116,55.6561,54.5544,55.5464,12803000
2020-08-21,55.5989,56.3143,55.5703,56.2523,15288600
2020-08-24,57.0632,57.0822,56.2666,56.7388,16440600
2020-08-25,56.6100,57.0488,56.5242,57.0250,18628200
2020-08-26,57.6212,58.3366,57.4924,58.1840,16463000
2020-08-27,58.4272,58.6943,57.7070,58.2317,18174200
2020-08-28,58.4606,58.9328,58.3843,58.7421,13092600
2020-08-31,58.9758,59.3096,58.6085,58.9281,19040000
2020-09-01,59.4575,60.1300,59.0855,60.0537,25612600
2020-09-02,60.9122,60.9170,59.5290,60.5879,40395000
2020-09-03,59.6196,59.6673,56.6625,57.1347,54162000
2020-09-04,56.8151,57.6260,53.9200,56.3382,62544200
2020-09-08,54.1966,55.4844,53.6958,53.7912,47860400
2020-09-09,55.1029,56.0902,54.5019,55.5464,36783800
2020-09-10,56.3096,56.3954,53.9629,54.2920,32109800
2020-09-11,54.8024,55.0122,53.1903,53.8771,37166400
2020-09-14,54.7738,55.3032,54.5162,55.0075,24730200
2020-09-15,55.8469,55.9471,55.1792,55.5512,18260400
2020-09-16,55.7992,55.8755,54.6402,54.6927,19637000
2020-09-17,53.4144,54.6164,53.3286,54.2396,30403600
2020-09-18,54.3302,54.4256,52.6465,53.3047,41837600
2020-09-21,52.3425,53.7717,52.1561,53.7478,38381800
2020-09-22,54.3549,54.7373,53.4324,54.5987,25537400
2020-09-23,54.6274,54.6800,52.7345,52.8970,23707800
2020-09-24,52.4046,53.8530,52.3377,53.1934,31838600
2020-09-25,53.2220,54.6274,52.8874,54.4649,19326600
2020-09-28,55.3683,55.5117,54.9094,55.5069,17473200
2020-09-29,55.4352,55.6695,55.2010,55.3205,20851000
2020-09-30,55.2918,56.3530,55.2679,55.7842,22318400
2020-10-01,56.5586,56.6351,56.0136,56.3721,27076400
2020-10-02,54.9859,55.8989,54.7230,54.9429,37251600
2020-10-05,55.3349,56.1809,55.3014,56.1475,12270600
2020-10-06,56.0136,56.5442,55.0815,55.2775,26862200
2020-10-07,55.8559,56.4008,55.8129,56.2909,12992400
2020-10-08,56.7832,56.7832,56.3913,56.5825,10109600
2020-10-09,56.8502,57.4620,56.8358,57.4477,14425400
2020-10-12,58.2938,59.4028,58.0022,59.0156,19163800
2020-10-13,59.2068,59.3119,58.4133,58.6379,17613800
2020-10-14,58.7813,59.0920,57.8922,58.3272,14534000
2020-10-15,57.3616,58.1790,57.2087,58.0643,13185000
2020-10-16,58.3846,58.6188,57.8444,57.8970,11544200
2020-10-19,58.1886,58.4085,56.6589,56.8358,16616400
2020-10-20,57.0509,57.6341,56.6829,57.0318,14566600
2020-10-21,56.8932,57.4907,56.8167,56.9458,12171800
2020-10-22,56.9697,57.1561,56.0280,56.6781,13486400
2020-10-23,56.7593,56.7689,56.1427,56.6159,10312800
2020-10-26,55.9897,56.4391,54.6991,55.3874,18189200
2020-10-27,55.6551,55.8989,55.3492,55.6647,19064800
2020-10-28,54.6083,54.6417,53.2125,53.3033,32756600
2020-10-29,53.5088,54.8186,53.4754,54.1924,19409000
2020-10-30,53.4324,53.7670,52.3760,52.9926,25848600
2020-11-02,53.3989,53.8339,52.6197,53.1264,24039800
2020-11-03,53.5423,54.5414,53.3224,54.0633,20970200
2020-11-04,55.7077,56.5872,55.1484,56.1666,30763800
2020-11-05,57.6437,58.0787,57.4047,57.9114,22189800
2020-11-06,57.7727,58.3033,56.9840,58.1169,19455200
2020-11-09,59.3502,59.9238,57.6437,57.6962,39768200
2020-11-10,57.1943,57.5959,56.1618,56.6207,23538400
2020-11-11,57.1943,58.1217,57.0796,57.9639,14488600
2020-11-12,57.9639,58.2507,57.1800,57.4477,14352800
2020-11-13,57.8827,58.0548,57.3377,57.9353,11851600
2020-11-16,57.9400,58.5997,57.8205,58.4945,14864200
2020-11-17,58.2029,58.4850,57.9209,58.1695,9939400
2020-11-18,58.0691,58.3463,57.5242,57.5481,9542800
2020-11-19,57.4333,58.1169,57.1800,58.0117,12155200
2020-11-20,58.0643,58.0787,57.3951,57.4142,9915800
2020-11-23,57.5911,57.9687,56.9028,57.3999,9807000
2020-11-24,57.6198,58.3129,57.2039,58.1982,13634000
2020-11-25,58.3989,58.5662,58.1026,58.3225,12186400
2020-11-27,58.6332,58.8817,58.5232,58.6332,7025800
2020-11-30,58.6140,59.1112,57.9496,59.0251,32229200
2020-12-01,59.5127,60.1102,59.2641,59.7804,22681200
2020-12-02,59.5270,59.7565,59.0777,59.6896,16038800
2020-12-03,59.7565,60.0528,59.4936,59.6513,13775400
2020-12-04,59.7374,60.2584,59.6083,60.2488,10358800
2020-12-07,60.2823,60.5978,60.1771,60.4209,8905400
2020-12-08,60.3636,60.8081,60.1054,60.6169,7886800
2020-12-09,60.5787,60.7603,59.2498,59.4553,17271800
2020-12-10,59.0920,59.8234,58.9534,59.5414,9997400
2020-12-11,59.1829,59.4171,58.7479,59.4171,13023200
2020-12-14,59.5987,60.1676,59.5605,59.6322,11055800
2020-12-15,60.2775,60.6265,59.8903,60.6265,9099200
2020-12-16,60.7077,61.2527,60.5070,61.0376,10309200
2020-12-17,61.4821,61.6542,61.2288,61.5204,11505000
2020-12-18,61.6112,61.6207,60.9133,61.3053,17693400
2020-12-21,60.5281,61.3953,59.9867,61.3666,15232200
2020-12-22,61.7068,62.1763,61.4241,61.8984,14334200
2020-12-23,61.9703,62.0134,61.3378,61.4289,11300800
2020-12-24,61.5343,61.9894,61.4911,61.8361,4384600
2020-12-28,62.4494,62.6602,62.1571,62.5356,8171000
2020-12-29,62.8758,62.9573,62.1284,62.2386,8841400
2020-12-30,62.4542,62.5836,62.1140,62.2050,8141400
2020-12-31,62.2338,62.4733,61.7930,62.2961,11058400
2021-01-04,62.6123,62.6267,60.4850,61.2803,21017200
2021-01-05,61.1414,61.7786,61.1031,61.6780,12361400
2021-01-06,60.7964,61.7978,60.4275,60.6143,27258000
2021-01-07,61.1989,62.3680,61.1749,62.2482,19652000
2021-01-08,62.5548,62.8183,61.9415,62.6506,12387600
2021-01-11,62.0421,62.5740,61.8744,62.1332,17853200
2021-01-12,62.0565,62.1380,61.2468,61.8361,17089200
2021-01-13,61.9176,62.4207,61.7978,62.2290,13605200
2021-01-14,62.3823,62.5117,61.5918,61.6828,15624800
2021-01-15,61.5918,61.8649,60.9258,61.0504,12641200
2021-01-19,61.4720,61.9511,61.2564,61.8457,11569600
2021-01-20,62.3200,63.2927,62.2338,63.0723,11770000
2021-01-21,63.4124,64.0976,63.0723,63.8868,8945200
2021-01-22,63.6185,63.9635,63.4891,63.6424,11243600
2021-01-25,64.3611,64.5815,62.6219,64.1743,18205200
2021-01-26,64.3994,64.5001,63.9730,64.2174,8593400
2021-01-27,63.9107,64.1168,62.4350,63.0052,24484600
2021-01-28,63.3262,64.3180,63.1106,63.2639,16181600
2021-01-29,62.9477,63.1968,61.4384,61.7738,19023200
2021-02-01,62.5069,63.6281,62.0469,63.3214,11232600
2021-02-02,63.9347,64.3659,63.8437,64.1791,8595000
2021-02-03,64.3084,64.4426,63.7670,63.9586,11574800
2021-02-04,64.3036,64.9792,64.1168,64.9792,8134200
2021-02-05,65.1756,65.1852,64.6486,64.8354,9413800
2021-02-08,65.0990,65.5445,65.0079,65.5158,11713200
2021-02-09,65.3433,65.7506,65.3242,65.4391,10552200
2021-02-10,65.7027,65.7841,64.7875,65.3433,9464400
2021-02-11,65.7841,66.1052,65.5302,66.0620,7565800
2021-02-12,65.8895,66.4453,65.7074,66.4022,6755600
2021-02-16,66.6657,66.7136,66.0141,66.1866,9722200
2021-02-17,65.5781,65.7458,64.9409,65.6021,15274800
2021-02-18,64.9217,65.3912,64.4569,65.2810,10954800
2021-02-19,65.6164,65.6739,64.8929,65.1852,11685600
2021-02-22,64.3851,64.5959,63.7095,63.7478,14262600
2021-02-23,62.6889,63.9634,61.6205,63.5705,24198400
2021-02-24,63.0962,64.6007,62.6123,64.5432,16472200
2021-02-25,63.9682,64.3947,62.0086,62.2865,34313800
2021-02-26,62.9046,63.5801,62.0613,62.6171,35511600
2021-03-01,63.6808,64.6725,63.2783,64.6342,24773800
2021-03-02,64.7253,64.7684,63.5179,63.6089,24802800
2021-03-03,63.3023,63.4843,61.9415,62.0086,29889600
2021-03-04,61.8170,62.2673,59.8717,60.6383,76955600
2021-03-05,61.3953,61.9559,59.7519,61.7834,46085800
2021-03-08,61.7259,62.0230,60.2263,60.2885,35242400
2021-03-09,61.6972,62.7225,61.6157,62.3392,22987200
2021-03-10,63.0100,63.0196,62.0422,62.0901,18459000
2021-03-11,63.0243,63.8101,62.8902,63.4172,13362800
2021-03-12,62.6602,62.9812,62.2577,62.9621,12442200
2021-03-15,63.0100,63.6712,62.7608,63.6328,16585000
2021-03-16,64.1216,64.7253,63.8389,64.1120,13106800
2021-03-17,63.5945,64.4426,63.1106,64.0593,19366400
2021-03-18,63.1825,63.2927,62.2050,62.2817,17584800
2021-03-19,62.2961,62.5692,61.7978,62.0948,27224800
2021-03-22,62.4276,63.6231,62.3268,63.3158,15984200
2021-03-23,63.4887,63.7672,62.7541,62.9221,12929200
2021-03-24,63.3014,63.3110,62.1491,62.1587,14209400
2021-03-25,61.7890,62.3988,61.3233,62.1203,22573000
2021-03-26,62.0867,63.7672,62.0627,63.7000,14883200
2021-03-29,63.5079,63.6855,62.8885,63.3686,17317800
2021-03-30,62.9221,62.9893,62.3892,62.7685,13235400
2021-03-31,63.2486,64.1561,63.1958,63.7672,15430400
2021-04-01,64.4634,65.0539,64.4010,65.0491,14351600
2021-04-05,65.4285,66.5088,65.3420,66.3935,12866800
2021-04-06,66.2879,66.5040,65.8894,66.1102,11315600
2021-04-07,66.0574,66.5808,65.8174,66.4607,10085200
2021-04-08,67.0849,67.4354,66.9697,67.4210,14144600
2021-04-09,67.1761,68.0884,67.0561,68.0692,9401000
2021-04-12,67.7907,67.9588,67.4114,67.7427,15907000
2021-04-13,68.0020,68.4341,67.8772,68.3813,11315800
2021-04-14,68.3717,68.4053,67.5267,67.6563,11216200
2021-04-15,68.2757,68.8710,68.2661,68.8182,11028800
2021-04-16,68.8710,68.9335,68.5157,68.8038,11695600
2021-04-19,68.4965,68.8134,67.8243,68.2325,10254000
2021-04-20,68.0884,68.3861,67.2482,67.6275,9873400
2021-04-21,67.5075,68.3333,67.3202,68.3093,9254200
2021-04-22,68.1892,68.4821,67.2098,67.5074,11652200
2021-04-23,67.6323,68.7318,67.6179,68.5157,8886000
2021-04-26,68.5398,68.9383,68.4917,68.8662,7735000
2021-04-27,68.9767,69.0295,68.4533,68.6982,10822000
2021-04-28,68.2997,68.3909,67.8964,68.0596,10691200
2021-04-29,68.6166,68.7030,67.3106,68.0020,13416600
2021-04-30,67.3106,67.6755,66.9169,67.0753,10583400
2021-05-03,67.4354,67.5699,66.7200,66.8881,10805800
2021-05-04,66.3887,66.4079,64.9579,65.6877,19919600
2021-05-05,66.2255,66.2543,65.4044,65.5293,11245800
2021-05-06,65.5005,66.2255,65.0299,66.1871,14338600
2021-05-07,66.8497,67.1474,66.4656,66.7536,19196600
2021-05-10,66.4319,66.4655,65.0443,65.0683,20281000
2021-05-11,63.8248,65.0059,63.6711,64.8715,27046800
2021-05-12,63.9160,64.2665,62.8789,63.0470,29414600
2021-05-13,63.7384,64.4586,63.4551,63.8824,22610400
2021-05-14,64.5978,65.5149,64.4730,65.2892,16823000
2021-05-17,64.9051,64.9243,64.2185,64.8091,16267200
2021-05-18,64.9963,65.1307,64.2473,64.2905,11737200
2021-05-19,63.2918,64.5642,63.1382,64.5162,30581200
2021-05-20,64.7754,65.9710,64.7658,65.7501,16828200
2021-05-21,66.0862,66.1487,65.3324,65.3900,14148400
2021-05-24,65.9326,66.7824,65.8990,66.5520,13229000
2021-05-25,66.8209,66.9745,66.4223,66.5712,11245800
2021-05-26,66.6672,66.8592,66.3503,66.5664,13311400
2021-05-27,66.5088,66.7824,66.2015,66.2159,11354600
2021-05-28,66.5520,66.8353,66.4175,66.4511,9222600
2021-06-01,66.7488,66.8209,66.0046,66.1247,12907400
2021-06-02,66.2591,66.8497,66.1343,66.5808,10098200
2021-06-03,66.0430,66.3071,65.5581,65.9614,12721200
2021-06-04,66.3647,67.3058,66.3647,67.2290,11182600
2021-06-07,67.1714,67.2914,66.8881,67.2146,11784000
2021-06-08,67.5363,67.8195,67.0321,67.2194,8902600
2021-06-09,67.5459,67.6611,67.2290,67.2674,9763400
2021-06-10,67.4066,67.9300,67.1666,67.7619,11275400
2021-06-11,67.8483,68.1652,67.7859,68.1652,12100600
2021-06-14,68.2325,68.8615,67.9540,68.8567,11426600
2021-06-15,68.8038,68.8038,68.3093,68.4341,15079600
2021-06-16,68.5637,68.6934,67.3970,68.0644,19202800
2021-06-17,67.8676,69.1351,67.8676,68.8518,15864200
2021-06-18,68.5206,68.7894,68.1412,68.2229,20816600
2021-06-21,68.2517,68.9925,67.8092,68.9540,12276000
2021-06-22,68.9107,69.6178,68.8338,69.5793,9253200
2021-06-23,69.5889,69.7477,69.3484,69.5024,8271000
2021-06-24,69.9497,70.1517,69.8006,69.9401,12279000
2021-06-25,70.0026,70.0555,69.7429,69.8583,14385800
2021-06-28,70.1469,70.6712,70.1325,70.5895,12557400
2021-06-29,70.6280,71.1378,70.4644,71.1042,9829200
2021-06-30,70.9935,71.2004,70.8059,71.0272,11013600
2021-07-01,70.9310,71.1474,70.6664,71.1474,11636600
2021-07-02,71.4890,72.1576,71.4697,72.0854,12780000
2021-07-06,72.2394,72.7011,71.6670,72.3596,11870600
2021-07-07,72.8214,72.9031,72.1720,72.7540,14883800
2021-07-08,71.6092,72.2682,71.2869,72.0662,17086200
2021-07-09,71.9796,72.7973,71.8738,72.7300,9775800
2021-07-12,73.0186,73.0523,72.5520,72.7877,9619600
2021-07-13,72.6626,73.6151,72.6001,73.0859,15202800
2021-07-14,73.6728,73.9999,73.3024,73.6247,12886800
2021-07-15,73.5381,73.5958,72.6290,73.0186,12506200
2021-07-16,73.1629,73.5092,72.2249,72.2971,15080400
2021-07-19,71.4361,71.6333,70.8877,71.3014,24254000
2021-07-20,71.6573,72.7589,71.2437,72.3596,14715600
2021-07-21,72.3307,73.0715,72.1961,73.0571,12234000
2021-07-22,73.2110,73.6535,73.2110,73.5958,9577800
2021-07-23,73.9229,74.3655,73.6584,74.3270,12576200
2021-07-26,74.1394,74.4232,73.8604,74.2885,8993400
2021-07-27,74.1971,74.2212,72.6578,73.5862,18089800
2021-07-28,73.6103,73.8844,72.7925,73.4948,13941200
2021-07-29,73.4179,74.0865,73.4082,73.8363,12030600
2021-07-30,73.3649,73.8652,73.3457,73.7882,10148800
2021-08-02,74.1201,74.2211,73.4226,73.5237,12205200
2021-08-03,73.6584,74.0336,73.0619,73.9951,10824800
2021-08-04,73.9374,74.3270,73.7017,74.1442,11322800
2021-08-05,74.2789,74.5771,74.0576,74.5530,6674600
2021-08-06,74.2933,74.5771,74.2741,74.4905,7602800
2021-08-09,74.5771,74.7118,74.1779,74.2500,7198200
2021-08-10,74.3847,74.4520,73.5044,73.7161,10421400
2021-08-11,73.9710,74.1057,73.3505,73.7257,10831600
2021-08-12,73.6487,74.1923,73.3457,74.1490,6947800
2021-08-13,74.1971,74.5723,74.1153,74.5530,5630800
2021-08-16,74.3751,74.8994,73.7449,74.8898,9493800
2021-08-17,74.4328,74.5531,73.8075,74.2693,19052600
2021-08-18,74.0961,74.4280,73.1629,73.2447,13481200
2021-08-19,72.8406,74.2356,72.7348,73.9614,19291000
2021-08-20,74.2404,74.9812,74.0624,74.9138,14769400
2021-08-23,75.1110,75.9865,75.1062,75.8807,10802400
2021-08-24,75.9769,76.0635,75.7268,75.7941,9537000
2021-08-25,75.9721,76.1741,75.6257,75.7508,9430400
2021-08-26,75.6594,75.8133,75.2120,75.2746,12056600
2021-08-27,75.3419,76.0538,75.2120,76.0009,14088800
2021-08-30,76.2270,76.9101,76.2270,76.8187,10026800
2021-08-31,76.8668,76.8908,76.2703,76.4146,21971000
2021-09-01,76.6792,77.0255,76.3713,76.4338,20289800
2021-09-02,76.7176,76.8187,76.0442,76.3521,21769600
2021-09-03,76.2607,76.8571,76.2366,76.6551,21204800
2021-09-07,76.7465,76.8379,76.3136,76.6743,19721800
2021-09-08,76.6647,76.6888,75.8374,76.3809,11466400
2021-09-09,76.4338,76.6984,76.0298,76.0923,11161000
2021-09-10,76.5156,76.7032,75.2650,75.3419,17080200
2021-09-13,75.9143,76.1115,74.8705,75.3660,22637800
2021-09-14,75.6883,75.8422,75.0677,75.2698,18431600
2021-09-15,75.5247,75.9913,75.1014,75.9288,16339200
2021-09-16,75.6594,76.0490,75.1928,75.9721,16148600
2021-09-17,75.7748,75.7796,74.6781,74.7887,22663000
2021-09-20,73.6915,74.0674,72.4483,73.4265,35669400
2021-09-21,73.8747,74.0578,73.1711,73.4554,18455000
2021-09-22,73.8554,74.7516,73.5277,74.4625,27990600
2021-09-23,74.8480,75.6383,74.6167,75.4600,19534000
2021-09-24,75.0022,75.6383,74.9685,75.5130,11652400
2021-09-27,74.8769,75.0504,74.3035,74.7806,15015000
2021-09-28,73.8216,73.9903,72.5062,72.5640,38190600
2021-09-29,72.8627,73.2434,72.3471,72.4724,25012000
2021-09-30,72.8965,73.2097,71.9135,71.9520,33415600
2021-10-01,72.2122,73.1952,71.4798,73.0362,45483800
2021-10-04,72.6170,72.7037,70.7763,71.3449,50773000
2021-10-05,71.4894,72.7760,71.4220,72.3616,32967000
2021-10-06,71.5280,72.8868,71.2919,72.8338,40004800
2021-10-07,73.4651,74.0674,73.3639,73.4988,19895600
2021-10-08,73.7831,73.8361,73.1037,73.2242,18426400
2021-10-11,72.8965,73.7976,72.7664,72.8194,14970600
2021-10-12,73.1037,73.1952,72.3231,72.4435,17853400
2021-10-13,72.7567,73.0458,72.2845,72.8868,19521600
2021-10-14,73.6289,74.5637,73.5229,74.5300,15197200
2021-10-15,74.7902,75.1420,74.5637,75.1275,12779200
2021-10-18,74.7083,75.8021,74.5011,75.7636,11630200
2021-10-19,75.9659,76.5153,75.8117,76.5153,13201400
2021-10-20,76.5876,76.6984,75.9708,76.3033,12025400
2021-10-21,76.0720,76.6357,75.9130,76.5972,10023200
2021-10-22,76.5683,76.8863,76.0141,76.3322,12490000
2021-10-25,76.6213,76.8574,76.2840,76.5827,10336800
2021-10-26,77.0984,77.4212,76.7610,76.7996,13189600
2021-10-27,76.9297,77.3200,76.6550,76.7321,17448000
2021-10-28,77.1995,77.5609,77.0550,77.5031,12756800
2021-10-29,76.7418,77.8838,76.6502,77.8356,20131800
2021-11-01,77.8356,77.8741,77.3248,77.7199,24421200
2021-11-02,77.8259,78.5969,77.8259,78.4042,26814600
2021-11-03,78.5391,79.0258,78.0813,78.8619,25978600
2021-11-04,79.1607,80.2883,79.0210,80.0955,28691400
2021-11-05,80.6834,80.9629,80.0088,80.5099,24223600
2021-11-08,80.7701,81.0833,80.5822,80.9436,12781000
2021-11-09,81.0641,81.1508,80.2015,80.6111,16823000
2021-11-10,79.9895,80.3895,79.0403,79.2812,25788800
2021-11-11,79.8498,79.8835,79.5221,79.6522,10103800
2021-11-12,79.9172,80.7557,79.7823,80.6208,12244200
2021-11-15,80.9436,81.0593,80.0811,80.5388,12490200
2021-11-16,80.4425,81.4978,80.3943,81.3869,13538800
2021-11-17,81.2279,81.6519,80.8858,81.1412,15417800
2021-11-18,81.6086,82.0664,81.0207,81.9507,19964000
2021-11-19,82.2446,82.8614,81.9700,82.5482,17714600
2021-11-22,82.8710,83.9649,81.5797,81.6278,28451600
2021-11-23,81.3146,81.7001,80.4087,81.4399,29239800
2021-11-24,80.9533,82.0519,80.5581,82.0326,18241000
2021-11-26,80.8617,81.4881,79.6667,79.9847,24767800
2021-11-29,81.1749,82.2061,80.9195,81.9844,24979800
2021-11-30,81.6760,82.4229,80.6063,81.3002,54066800
2021-12-01,82.1579,82.7795,80.1148,80.1871,39084200
2021-12-02,79.4450,81.2954,79.2715,80.9243,46872400
2021-12-03,81.1556,81.4062,78.5680,79.5703,48470000
2021-12-06,79.8016,80.5678,78.9728,80.3268,37800400
2021-12-07,81.9266,83.2325,81.9170,83.1313,28691000
2021-12-08,83.1602,83.5698,82.5868,83.5119,23261600
2021-12-09,83.3047,83.8492,82.5434,82.6109,17201000
2021-12-10,83.4782,84.3745,83.2325,84.2685,24776600
2021-12-13,84.4419,84.6058,82.8952,83.0156,20974000
2021-12-14,82.0133,82.5386,80.6689,81.6519,27094800
2021-12-15,81.7194,83.8974,80.9436,83.8155,28270800
2021-12-16,84.1287,84.2637,80.9581,81.4399,31275600
2021-12-17,80.5437,81.6857,80.1244,80.8954,44821600
2021-12-20,79.6581,80.1843,79.3491,79.9333,32649600
2021-12-21,80.7878,82.0237,80.0394,81.9561,16810800
2021-12-22,81.8450,83.0858,81.6278,83.0278,13376200
2021-12-23,83.1389,83.8244,83.1293,83.4913,9792600
2021-12-27,83.8244,85.3017,83.8051,85.2824,13266600
2021-12-28,85.4417,85.4707,84.6258,84.8382,11422200
2021-12-29,84.8672,85.2534,84.4713,84.9107,9687800
2021-12-30,84.9445,85.2293,84.2493,84.3507,10526400
2021-12-31,84.2686,84.4713,83.9017,83.9403,10243000
2022-01-03,84.0513,84.8141,83.6844,84.7369,20302800
2022-01-04,84.8817,84.9686,83.2065,83.8389,16648000
2022-01-05,83.3513,83.4141,81.2319,81.2609,23628400
2022-01-06,80.6140,81.6857,80.3677,80.8505,23767200
2022-01-07,80.7974,81.1836,79.5808,80.1070,30488600
2022-01-10,78.9146,80.2229,77.8670,80.1215,32501400
2022-01-11,79.9139,81.1981,79.3201,81.0823,19207600
2022-01-12,81.6857,82.2458,81.0581,81.4637,18144000
2022-01-13,81.8837,82.1202,79.1511,79.3539,20942600
2022-01-14,78.8132,80.0732,78.8132,80.0250,22351400
2022-01-18,78.8615,79.3298,77.8863,78.1035,24694200
2022-01-19,78.3497,79.3153,76.9352,77.0124,24961400
2022-01-20,77.6980,78.5718,75.9166,76.0179,37609000
2022-01-21,75.8345,76.7083,74.4875,74.5069,48016600
2022-01-24,73.2661,74.9462,70.6012,74.8931,67413400
2022-01-25,73.4254,74.5503,72.3199,73.1599,48886200
2022-01-26,75.1489,76.0276,72.7158,73.5896,53596200
2022-01-27,74.7820,75.1779,72.8171,73.0827,39446800
2022-01-28,73.9903,76.2979,72.8895,76.2786,44236000
2022-01-31,76.2979,78.2966,75.9262,78.1953,29121000
2022-02-01,78.3015,78.5284,77.2635,78.3980,23389800
2022-02-02,78.5670,79.1656,78.0359,79.0353,25504800
2022-02-03,77.9153,78.4463,76.4573,76.7421,27865400
2022-02-04,76.3317,77.7270,76.0083,77.0511,29721400
2022-02-07,77.1090,77.5677,76.2448,76.5393,14622600
2022-02-08,76.2979,77.6932,76.1193,77.4856,21139800
2022-02-09,78.4849,79.2284,78.1615,79.2043,17795600
2022-02-10,77.6304,78.9484,76.7276,77.1331,31692200
2022-02-11,77.2104,77.5483,74.4924,74.7772,34878800
2022-02-14,74.5793,75.3565,73.8841,74.7531,41030400
2022-02-15,75.8780,76.7711,75.6124,76.7180,24437400
2022-02-16,76.1966,76.9062,75.3662,76.6407,20318200
2022-02-17,75.9262,76.0034,74.2075,74.3475,24906400
2022-02-18,74.6034,74.7096,73.0296,73.5944,25310800
2022-02-22,72.8220,74.0820,72.1171,72.9137,26893600
2022-02-23,73.6717,73.8696,71.0116,71.0888,37879400
2022-02-24,68.6459,73.5702,68.4190,73.5171,50967800
2022-02-25,73.6282,74.5406,72.7254,74.5165,28301600
2022-02-28,73.7248,74.6951,73.1068,74.3813,34822200
2022-03-01,74.1013,74.4827,72.3247,72.8944,29925000
2022-03-02,73.4303,74.7820,72.8606,74.4731,25592400
2022-03-03,75.1006,75.1055,73.2082,73.5847,23450600
2022-03-04,73.0102,73.3144,71.7212,72.2957,26731200
2022-03-07,72.2330,72.5661,69.6115,69.6501,32864200
2022-03-08,69.4618,71.4654,68.2887,69.3122,36898400
2022-03-09,71.1950,72.3826,70.6253,72.0544,35327400
2022-03-10,70.7798,70.9922,69.7225,70.7943,27448400
2022-03-11,71.4219,71.6005,69.4425,69.5487,21457800
2022-03-14,69.2301,70.0170,68.0618,68.2597,27852400
2022-03-15,68.8004,70.6929,68.5735,70.5529,22993800
2022-03-16,71.4461,72.8751,70.3115,72.8461,27176000
2022-03-17,72.4551,73.4110,72.0640,73.3627,18518800
2022-03-18,73.1020,74.9993,72.7447,74.8641,27897800
2022-03-21,74.4607,75.1185,73.7401,74.7219,22341400
2022-03-22,74.7751,76.1874,74.6735,75.7956,17485800
2022-03-23,75.0895,75.7811,74.5575,74.6300,12360600
2022-03-24,75.0460,76.5889,74.7945,76.5695,14263400
2022-03-25,76.6904,76.7968,75.5683,76.5260,14874600
2022-03-28,76.1729,77.4691,75.9794,77.4353,18593000
2022-03-29,78.3397,79.1523,77.7787,79.0798,18829800
2022-03-30,78.6735,78.8960,77.6143,78.0254,18680200
2022-03-31,78.0157,78.1608,76.7533,76.8694,19424000
2022-04-01,76.9468,77.1257,75.7860,76.6421,28209600
2022-04-04,76.8404,78.1366,76.8113,78.0979,23048200
2022-04-05,77.7593,77.9383,76.1874,76.4534,23588200
2022-04-06,75.1814,75.3555,73.9819,74.6445,34225400
2022-04-07,74.2479,75.2636,73.7401,74.7606,23200200
2022-04-08,74.4269,74.6010,73.5563,73.7159,26354600
2022-04-11,72.7921,72.8840,71.7618,71.8586,21595400
2022-04-12,72.7485,73.2999,71.2685,71.5394,22172200
2022-04-13,71.5829,72.9130,71.3169,72.6905,14446800
2022-04-14,72.7679,72.8985,70.8912,70.9251,17407000
2022-04-18,70.5769,71.6168,70.5575,71.1573,14060600
2022-04-19,70.9783,72.6179,70.7171,72.4922,13562200
2022-04-20,73.1935,73.3870,72.2117,72.4245,15652600
2022-04-21,73.1306,73.8175,70.9783,71.1960,18509200
2022-04-22,71.1186,71.5345,69.1065,69.2032,22094800
2022-04-25,68.8985,70.2915,68.4681,70.2431,28707600
2022-04-26,69.6047,69.7111,67.5926,67.6265,25953200
2022-04-27,68.3810,69.9481,68.2311,68.6277,40048600
2022-04-28,69.7062,71.7812,69.3338,71.3749,27762400
2022-04-29,70.5962,71.4185,68.2698,68.4004,29589800
2022-05-02,68.3230,69.5322,67.5491,69.4403,37004400
2022-05-03,69.4306,69.9868,68.9179,69.5612,27469800
2022-05-04,69.8320,72.1343,68.6761,72.0037,28650400
2022-05-05,70.9445,71.0315,67.7232,68.5406,36442200
2022-05-06,67.9167,69.0775,66.9687,67.9892,34862200
2022-05-09,66.7607,67.1912,65.0582,65.3581,41124600
2022-05-10,66.9155,67.2927,65.3677,66.3544,36370400
2022-05-11,65.7547,67.0026,64.0619,64.2602,34781800
2022-05-12,63.3073,64.5213,62.1175,63.5975,36506600
2022-05-13,64.4633,66.0352,64.0474,65.7112,24495400
2022-05-16,65.1646,66.0062,64.5746,65.1308,17423400
2022-05-17,66.5334,67.1187,65.7789,67.0171,18602200
2022-05-18,66.1320,66.3254,63.7088,63.9506,23670200
2022-05-19,63.4718,64.3376,62.9494,63.2493,20874800
2022-05-20,64.1296,64.3037,61.4452,63.3896,20252600
2022-05-23,63.5879,64.9276,63.3896,64.8454,17219600
2022-05-24,63.9409,64.2650,62.7656,63.8829,17122000
2022-05-25,63.4621,65.1066,63.4137,64.6277,13656600
2022-05-26,64.2505,66.4657,64.1151,66.1803,15556600
2022-05-27,66.9203,68.4342,66.7946,68.4197,16281800
2022-05-31,68.1537,68.5986,67.2686,67.9312,19420800
2022-06-01,68.6615,69.1258,67.2250,67.7280,13304800
2022-06-02,67.2492,69.3725,66.9348,69.3677,13868400
2022-06-03,68.0521,68.5213,67.3943,67.7087,11263800
2022-06-06,68.5600,68.9856,67.3798,67.7136,12589600
2022-06-07,66.9929,68.6519,66.8575,68.5213,11016600
2022-06-08,68.3181,68.6470,67.5588,67.7474,8814200
2022-06-09,67.2541,67.9119,65.9240,65.9385,9765200
2022-06-10,64.8019,65.0050,63.3847,63.4041,20886400
2022-06-13,61.4065,61.9918,60.3715,60.5940,36332600
2022-06-14,61.0486,61.3823,60.4102,60.9761,18250400
2022-06-15,61.7354,63.1816,60.8987,62.2626,25069600
2022-06-16,60.6810,60.7342,59.2348,59.7282,32690800
2022-06-17,59.7185,60.8455,59.2977,60.2747,27684200
2022-06-21,61.1539,62.2450,61.1539,61.8086,17245000
2022-06-22,61.1345,62.4002,60.9648,61.5467,15163400
2022-06-23,62.0753,62.5893,61.5079,62.4680,16042200
2022-06-24,63.1858,64.7278,63.1858,64.7133,25492200
2022-06-27,64.9218,65.1157,63.9859,64.2768,13917200
2022-06-28,64.3350,64.9751,62.3226,62.3517,15260800
2022-06-29,62.2741,62.8511,61.7698,62.4778,13607200
2022-06-30,61.6485,62.4196,60.6690,61.6437,15720400
2022-07-01,61.2557,61.9395,60.7272,61.7843,13930600
2022-07-05,60.9454,62.5747,60.5962,62.5602,14341000
2022-07-06,62.6960,63.6028,62.3856,63.0985,16167000
2022-07-07,63.3749,64.5484,63.3749,64.4029,13082200
2022-07-08,63.7143,64.6405,63.5155,64.4320,12627000
2022-07-11,63.8695,64.1459,63.1082,63.5446,11416600
2022-07-12,63.7773,64.1362,62.3080,62.6766,16553400
2022-07-13,61.4982,62.9142,61.2266,62.5117,15162600
2022-07-14,62.0122,63.3070,61.2121,63.0839,13728800
2022-07-15,63.6901,64.2235,63.4234,64.1944,13529200
2022-07-18,64.8248,65.0576,63.3312,63.5737,9897600
2022-07-19,64.2817,65.5813,63.8937,65.5134,12330600
2022-07-20,65.5231,66.8130,65.3485,66.5366,12537200
2022-07-21,66.6190,67.4870,65.9256,67.4725,12957600
2022-07-22,67.4434,67.7198,66.1583,66.5414,10583600
2022-07-25,66.5123,66.5851,65.6201,66.1196,13951200
2022-07-26,66.0662,66.0856,64.8054,65.0479,10167800
2022-07-27,66.1196,68.1999,66.0226,67.8459,17076200
2022-07-28,67.9235,69.0339,67.3173,68.8788,12408000
2022-07-29,69.0921,70.1541,68.8012,69.9359,10177400
2022-08-01,69.3055,70.4839,69.1358,69.7856,12515800
2022-08-02,69.1843,70.0911,68.6945,69.2909,15921800
2022-08-03,69.6304,71.3325,69.6158,71.1337,14243200
2022-08-04,71.1094,71.4925,70.6536,71.4586,11679800
2022-08-05,70.3142,71.4925,70.2560,71.2937,7921000
2022-08-08,71.2306,71.7835,70.3044,70.6875,11102200
2022-08-09,70.1153,70.2559,69.6013,69.9795,8565600
2022-08-10,71.6429,71.9483,71.0706,71.8902,19273200
2022-08-11,72.3411,72.7630,71.4780,71.6089,11025800
2022-08-12,72.0793,73.0394,71.8562,73.0346,8093600
2022-08-15,72.7436,73.6019,72.6612,73.4953,7162600
2022-08-16,73.1607,73.6407,72.6127,73.2964,10990600
2022-08-17,72.6272,73.3304,72.2490,72.7727,12632800
2022-08-18,72.8455,73.4419,72.5642,73.1510,9976800
2022-08-19,72.5496,72.6369,71.6622,71.8223,10146200
2022-08-22,70.8427,70.8670,69.6449,69.8195,10744200
2022-08-23,69.6837,70.3723,69.5431,69.6352,14777200
2022-08-24,69.5867,69.9747,69.2958,69.6789,8983200
2022-08-25,69.8583,70.8621,69.7662,70.8573,7126600
2022-08-26,70.8282,70.9979,67.7828,67.8313,14321800
2022-08-29,67.0991,67.5889,66.6772,66.9342,13231600
2022-08-30,67.3125,67.4289,65.6346,66.2359,13268800
2022-08-31,66.6336,66.8469,65.5570,65.5910,14171400
2022-09-01,64.9509,65.3534,63.9034,65.2709,15988600
2022-09-02,65.9450,66.3184,64.0828,64.4223,16606600
2022-09-06,64.5096,64.7860,63.5737,63.9956,14990000
2022-09-07,64.1216,65.2806,63.9034,65.0188,11657000
2022-09-08,64.5387,65.5813,64.2477,65.2418,11210600
2022-09-09,65.7849,66.7112,65.6589,66.5317,11418600
2022-09-12,66.9439,67.6277,66.9342,67.5986,10181000
2022-09-13,65.6686,66.0371,63.8355,64.0101,20148800
2022-09-14,64.3108,64.7133,63.6270,64.2429,13229200
2022-09-15,63.7289,64.1168,62.3856,62.7639,14885200
2022-09-16,62.2159,62.5456,61.5273,62.4147,20762200
2022-09-19,61.7910,62.9820,61.7521,62.9237,15683000
2022-09-20,62.3355,62.9480,62.0098,62.5542,12109400
2022-09-21,62.8799,63.8036,61.5674,61.5771,16808800
2022-09-22,61.2320,61.6209,60.6049,60.9500,16033800
2022-09-23,60.3958,60.4882,59.3604,60.1528,19396200
2022-09-26,59.9681,60.9743,59.5646,59.7347,17193600
2022-09-27,60.5271,61.0959,59.2583,59.8125,18714800
2022-09-28,59.4139,60.7361,58.9569,60.4445,18933400
2022-09-29,59.5792,59.7153,58.1743,58.8694,31096600
2022-09-30,58.6312,59.5014,57.6347,57.7416,19513000
2022-10-03,58.1986,59.8854,57.9750,59.5305,17332200
2022-10-04,60.7361,61.5966,60.6924,61.5285,17779000
2022-10-05,60.6972,62.1799,60.3424,61.7327,14600400
2022-10-06,61.5723,62.2480,61.1542,61.2271,14348200
2022-10-07,59.9778,59.9826,58.3930,58.7090,15749000
2022-10-10,58.7090,58.7916,57.1437,57.7222,16706200
2022-10-11,57.3916,57.7902,56.4145,56.8374,21044800
2022-10-12,56.8812,57.2701,56.5652,56.6624,14111600
2022-10-13,55.1311,58.7285,54.9173,58.4222,38114600
2022-10-14,58.8986,59.0250,56.6867,56.7791,22484000
2022-10-17,58.1694,58.8014,58.0138,58.5097,14599600
2022-10-18,60.0264,60.2403,58.2618,59.0055,13998000
2022-10-19,58.4903,59.4187,58.2423,58.8354,10984000
2022-10-20,58.8548,60.1479,58.5777,58.8694,12429600
2022-10-21,58.7236,60.5709,58.5243,60.4445,17126000
2022-10-24,60.7021,61.5042,59.9632,61.2806,13385200
2022-10-25,61.4313,62.4959,61.4313,62.4521,10265000
2022-10-26,60.8771,62.3500,60.7799,61.0618,15169400
2022-10-27,61.2903,61.6646,60.2257,60.3667,11694800
2022-10-28,60.7021,63.1230,60.7021,62.9917,14935400
2022-10-31,62.3646,62.5348,61.7910,62.1605,13292200
2022-11-01,62.9334,63.0452,61.3730,61.6403,9413200
2022-11-02,61.5966,62.3889,59.4917,59.5111,18092400
2022-11-03,58.6798,58.7868,57.7173,57.7611,16010600
2022-11-04,58.9618,59.1222,57.4694,58.8159,17896200
2022-11-07,58.9180,59.8951,58.5000,59.7979,10427600
2022-11-08,60.2938,61.1007,59.4819,60.3715,12722000
2022-11-09,59.8125,59.8368,58.7139,58.8014,11962600
2022-11-10,61.7035,63.7015,61.3924,63.6334,27932200
2022-11-11,63.5751,64.9362,63.2640,64.7223,15977800
2022-11-14,64.2119,64.9702,63.8619,64.1681,14526600
2022-11-15,65.6265,65.8939,64.2946,64.9460,12716200
2022-11-16,64.4453,64.6348,63.7890,64.0564,10095800
2022-11-17,63.0355,64.4355,63.0112,64.1390,8149600
2022-11-18,64.8633,64.8828,63.6723,64.2119,11912400
2022-11-21,63.8473,64.1098,63.3952,63.5216,8363800
2022-11-22,63.7987,64.7855,63.3418,64.7515,9019200
2022-11-23,64.6105,65.5196,64.5668,65.3251,9480600
2022-11-25,64.8828,65.1453,64.7564,64.9460,3263000
2022-11-28,64.2119,64.6251,63.2980,63.5557,13030200
2022-11-29,63.4730,63.6626,62.6758,62.9334,11570200
2022-11-30,62.9042,66.1029,62.8411,66.0932,23334400
2022-12-01,66.1564,66.5015,65.3689,66.1856,15165800
2022-12-02,65.0772,66.0203,64.8244,65.8015,8934400
2022-12-05,65.2960,65.6606,64.2800,64.7078,11526200
2022-12-06,64.6397,64.7369,62.9140,63.3223,11799200
2022-12-07,63.0938,63.4876,62.5494,63.0015,10413800
2022-12-08,63.3515,64.2168,62.9723,64.0321,8965800
2022-12-09,63.7452,64.5327,63.4001,63.6383,10402800
2022-12-12,63.7404,65.0286,63.7209,65.0286,14806200
2022-12-13,67.3960,67.7314,65.1307,65.7967,18607600
2022-12-14,65.7335,66.5015,64.4793,65.2425,19541000
2022-12-15,64.1730,64.4112,62.5639,62.8022,19223800
2022-12-16,62.5883,62.9577,61.6549,61.9709,23999200
2022-12-19,61.9782,62.0757,60.7399,61.1445,14276600
2022-12-20,60.8228,61.5492,60.5303,61.2372,12622000
2022-12-21,61.5199,62.5437,61.3688,62.2512,14670600
2022-12-22,61.4712,61.5394,59.6527,60.6814,15323600
2022-12-23,60.2475,60.8033,59.8039,60.7448,8231600
2022-12-27,60.5351,60.6424,59.8136,60.1695,9530200
2022-12-28,60.0232,60.5839,59.1311,59.1993,10362600
2022-12-29,59.7795,60.9544,59.7746,60.7496,10954200
2022-12-30,60.1207,60.7009,59.7454,60.6668,8905800
2023-01-03,61.3152,61.7198,59.6625,60.0915,15196200
2023-01-04,60.4035,60.6326,59.5845,60.2475,11813000
2023-01-05,59.9452,60.1012,58.9751,59.0775,11341000
2023-01-06,59.5991,61.0812,58.8971,60.8082,13825400
2023-01-09,61.3542,62.6363,61.3347,61.5151,21427200
2023-01-10,61.3639,61.9928,61.0373,61.8953,17209000
2023-01-11,62.0903,62.9678,61.9002,62.9678,13758000
2023-01-12,63.0654,63.7235,62.2951,63.4359,15358600
2023-01-13,62.8362,63.7089,62.6900,63.6163,10153200
2023-01-17,63.5285,64.2793,63.4505,63.9039,10425800
2023-01-18,64.2647,64.6059,63.0410,63.0800,13936000
2023-01-19,62.5876,62.9386,62.1147,62.3438,14645000
2023-01-20,62.6558,64.0794,62.4316,64.0306,14127800
2023-01-23,64.2890,65.8637,64.1428,65.4883,23472600
2023-01-24,65.1178,65.7077,65.0203,65.4591,12575600
2023-01-25,64.3524,65.4883,63.7528,65.3226,14342200
2023-01-26,65.9612,66.3951,65.2787,66.3659,11161800
2023-01-27,65.9466,67.1118,65.9173,66.6437,13549400
2023-01-30,65.8783,66.1660,65.3177,65.3713,9705600
2023-01-31,65.3713,66.3122,65.3275,66.2830,8871600
2023-02-01,66.2342,68.3842,65.9174,67.8431,18852800
2023-02-02,69.0033,70.0856,68.6865,69.6956,18824000
2023-02-03,68.4963,70.2465,68.3939,69.1155,16145400
2023-02-06,68.3501,68.8863,68.0137,68.2720,12977400
2023-02-07,68.3744,70.2416,68.3452,69.9783,15708200
2023-02-08,70.1149,70.4902,68.9936,69.1349,12577000
2023-02-09,70.2026,70.3196,68.4817,68.7547,12624000
2023-02-10,68.2428,68.6718,67.7894,68.4378,9861600
2023-02-13,68.7059,69.7736,68.6621,69.6225,8411800
2023-02-14,69.2959,70.3148,68.8620,69.9199,12622000
2023-02-15,69.4957,70.2514,69.3300,70.2465,10491000
2023-02-16,69.2276,70.0125,68.9741,69.0277,13001200
2023-02-17,68.5353,68.6133,67.5700,68.1648,10606600
2023-02-21,67.2531,67.6578,66.4877,66.5462,12277800
2023-02-22,66.6827,66.9850,66.1318,66.4487,14338400
2023-02-23,67.6870,67.8040,66.5999,67.5505,13120000
2023-02-24,66.3512,66.6340,65.9612,66.3464,14347400
2023-02-27,67.0143,67.3555,66.5804,66.7023,9389000
2023-02-28,66.4877,67.1995,66.3707,66.5560,10485800
2023-03-01,66.5852,66.6925,65.8637,66.0685,15069400
2023-03-02,65.8881,67.0923,65.7760,66.8826,10969400
2023-03-03,67.3116,68.3257,67.2483,68.3208,14439600
2023-03-06,68.7596,69.5786,68.5938,68.6474,15999200
2023-03-07,68.5938,68.8571,67.6237,67.7943,14120000
2023-03-08,68.0332,68.4378,67.6334,68.3549,13247000
2023-03-09,68.4622,69.2325,67.2434,67.3750,15624600
2023-03-10,67.2775,67.4482,65.9271,66.1904,30556800
2023-03-13,65.7759,67.4725,65.3664,66.5511,34439400
2023-03-14,67.4092,68.3257,67.1313,68.0868,21202200
2023-03-15,67.3409,68.2087,67.0143,68.1258,23060000
2023-03-16,67.8869,70.1344,67.6627,70.0369,26086800
2023-03-17,70.1734,70.7779,69.5299,69.9394,23078600
2023-03-20,69.8153,70.2159,69.2925,70.1280,11981600
2023-03-21,70.5091,70.8218,69.7762,70.6947,13066400
2023-03-22,70.6947,72.1019,69.9521,69.9911,14224400
2023-03-23,70.8853,72.0921,70.4602,71.1296,17595800
2023-03-24,70.9048,71.3495,70.4358,71.3153,11872600
2023-03-27,71.4227,71.6670,70.5970,70.7631,10810600
2023-03-28,70.6410,70.6654,69.7957,70.4309,9968000
2023-03-29,71.3152,72.0677,71.2126,71.9064,14256600
2023-03-30,72.5709,72.8446,72.2534,72.7420,11202400
2023-03-31,72.6540,73.8510,72.5612,73.7826,15069800
2023-04-03,73.3331,73.7680,72.9813,73.6654,21142200
2023-04-04,73.7729,74.0269,72.9862,73.2599,15824800
2023-04-05,72.9130,72.9814,71.9016,72.4244,15737600
2023-04-06,71.8967,72.9276,71.5840,72.8348,15696000
2023-04-10,72.1116,72.8103,71.7159,72.7957,9517200
2023-04-11,72.6687,72.6784,71.9895,72.1117,12791600
2023-04-12,72.6002,72.7957,71.5840,71.7012,13235800
2023-04-13,71.9797,73.1475,71.8625,73.0351,13641800
2023-04-14,72.6247,73.2257,71.9944,72.6296,13003600
2023-04-17,72.7224,73.0546,72.3266,72.8934,8306000
2023-04-18,73.4504,73.6458,72.8006,73.1182,9212800
2023-04-19,72.4586,73.0449,72.3608,72.9081,8623200
2023-04-20,72.2387,73.1475,72.1068,72.4292,11416200
2023-04-21,72.1116,72.3266,71.7257,72.1947,12237600
2023-04-24,71.9064,72.2582,71.3397,71.8771,9079800
2023-04-25,71.5253,71.6622,70.3185,70.3429,11022600
2023-04-26,71.5791,72.1263,71.2175,71.3885,13603400
2023-04-27,71.7257,72.9569,71.5498,72.9032,12084800
2023-04-28,72.9032,73.7094,72.8250,73.6947,11792000
2023-05-01,73.6361,74.0953,73.5188,73.7387,8194400
2023-05-02,73.8266,73.9097,72.6687,73.0498,12058800
2023-05-03,73.1377,73.6116,72.3999,72.4341,11630200
2023-05-04,72.1458,72.5758,71.7892,72.0872,10861000
2023-05-05,72.7859,74.1442,72.6833,73.8950,12230000
2023-05-08,73.7533,73.9194,73.4015,73.8559,6795600
2023-05-09,73.4504,73.5872,73.2110,73.2892,12473200
2023-05-10,73.9292,74.3543,73.4651,74.1833,10551800
2023-05-11,74.0612,74.0612,73.3380,73.8511,8956800
2023-05-12,73.9781,74.0856,73.1817,73.7533,7908000
2023-05-15,73.8266,74.3787,73.5628,74.3641,6796600
2023-05-16,74.2615,74.8478,74.2370,74.4422,9398200
2023-05-17,74.7550,75.5611,74.4081,75.4341,11916600
2023-05-18,75.5269,77.0904,75.5269,76.9781,15491200
2023-05-19,76.9976,77.1295,76.6800,76.9438,9805000
2023-05-22,76.7142,77.2908,76.5872,77.0904,10794200
2023-05-23,76.7044,77.0220,75.9227,75.9520,11691000
2023-05-24,75.3510,75.6979,74.9846,75.3950,10925600
2023-05-25,77.3982,78.5953,76.9927,78.2875,18078000
2023-05-26,78.4878,80.6523,78.4780,80.5106,15160000
2023-05-30,81.6930,82.1034,80.7695,80.9406,18123600
2023-05-31,80.4764,81.2337,80.2223,80.2663,19301000
2023-06-01,80.0122,81.4243,79.7533,81.0823,17419400
2023-06-02,81.5611,81.9226,80.9699,81.5464,14270600
2023-06-05,81.4976,82.0399,80.9357,81.0774,10909000
2023-06-06,80.8819,81.2337,80.4764,81.0578,9975600
2023-06-07,80.9015,81.5318,79.6800,79.8461,13703800
2023-06-08,79.9634,80.8380,79.9047,80.7109,10665200
2023-06-09,81.1018,81.9422,80.8380,81.1116,14413600
2023-06-12,81.6686,82.9096,81.5024,82.8754,13787200
2023-06-13,83.6132,83.7744,82.7044,83.3786,16595800
2023-06-14,83.2809,84.2679,82.9927,84.2386,16769000
2023-06-15,83.8966,85.7044,83.8770,85.3233,17732600
2023-06-16,86.1343,86.1392,84.5366,84.6197,17366600
2023-06-20,84.1359,84.6549,83.5974,84.0478,14137800
2023-06-21,83.7247,83.8862,82.5594,82.8042,12058000
2023-06-22,82.4321,83.5141,82.4174,83.4799,15224200
2023-06-23,82.4516,83.0637,82.2264,82.5741,14729000
2023-06-26,82.6475,83.3721,81.9229,81.9816,10890200
2023-06-27,82.3097,83.7883,82.2313,83.5974,13833000
2023-06-28,83.1322,84.0968,83.0686,83.6463,11371600
2023-06-29,83.7344,83.9450,83.2889,83.7932,9128200
2023-06-30,84.6256,85.3404,84.5619,85.1250,11398400
2023-07-03,85.1103,85.1494,84.5129,84.9438,6182200
2023-07-05,84.3514,85.0515,84.2779,84.4199,9395600
2023-07-06,83.5876,84.2730,83.3330,84.1947,12116400
2023-07-07,84.0576,84.8410,83.7785,83.8275,11622200
2023-07-10,83.5239,84.0527,83.2057,84.0478,16877200
2023-07-11,84.2241,84.3220,83.4064,84.2290,9996000
2023-07-12,85.0711,85.5852,84.6060,85.1837,16104400
2023-07-13,85.7664,86.4812,85.5950,86.2952,9349200
2023-07-14,86.5106,87.1863,85.9182,86.1679,11543800
2023-07-17,86.3294,87.5241,86.2315,87.2695,11858800
2023-07-18,87.0688,88.6845,86.6134,88.2585,16406000
2023-07-19,88.4789,88.8461,87.7004,88.0382,20990000
2023-07-20,87.4751,87.8472,86.0112,86.2805,24356000
2023-07-21,86.8288,87.2646,86.1336,86.2364,14871400
2023-07-24,86.6183,86.8288,86.0552,86.3882,11308200
2023-07-25,86.6672,87.6661,86.6526,87.3772,10802200
2023-07-26,86.4616,86.6722,85.5950,86.2021,15501600
2023-07-27,87.3674,87.6318,85.5607,85.9524,13857000
2023-07-28,86.7505,87.3821,86.5693,87.1226,11287400
2023-07-31,87.2009,87.4311,86.8239,87.3233,10138400
2023-08-01,87.0394,87.6563,86.8093,87.4702,8845800
2023-08-02,86.7016,86.7554,84.9977,85.3061,15818600
2023-08-03,84.6109,85.4579,84.5570,84.9585,11321000
2023-08-04,84.6696,85.1788,83.6708,83.8030,14431800
2023-08-07,84.1555,84.4444,83.4309,84.0380,9536000
2023-08-08,83.4505,83.4994,82.5545,83.3917,11461800
2023-08-09,83.5043,83.5043,82.0306,82.3145,14301800
2023-08-10,82.9413,83.6610,81.9180,82.3243,12731400
2023-08-11,81.6683,82.1971,81.4333,81.7172,10772000
2023-08-14,81.6340,83.0294,81.4382,83.0196,10328000
2023-08-15,82.7748,83.0686,82.0110,82.2020,9366400
2023-08-16,82.0257,82.4957,81.4137,81.4186,9779400
2023-08-17,81.7809,81.9327,80.5226,80.6450,12614800
2023-08-18,79.8273,81.0954,79.7783,80.7674,13658600
2023-08-21,81.1835,82.4761,81.1052,82.3097,13132800
2023-08-22,83.0490,83.0979,82.0355,82.2166,11361800
2023-08-23,82.4174,83.9450,82.4125,83.7002,10113200
2023-08-24,84.7529,84.7578,81.7074,81.7711,13929000
2023-08-25,82.0991,83.0588,81.3696,82.6034,15686600
2023-08-28,83.2301,83.4554,82.6377,83.2791,8963800
2023-08-29,83.0392,85.0319,82.9511,84.9487,13713800
2023-08-30,84.9634,85.6782,84.6696,85.5901,12266600
2023-08-31,85.7859,86.3343,85.6929,86.0063,11963400
2023-09-01,86.5449,86.6575,85.8300,86.2707,9244600
2023-09-05,86.0552,86.8484,85.7762,86.5791,10060400
2023-09-06,86.2413,86.4567,85.1347,85.6635,18143200
2023-09-07,84.0723,84.6109,83.7638,84.4248,12513600
2023-09-08,84.4199,85.1446,84.3807,84.6011,8584800
2023-09-11,85.3453,85.4236,84.2975,85.0417,8272800
2023-09-12,84.3318,84.6304,83.3476,83.4994,12243000
2023-09-13,83.4652,84.1604,83.2302,83.7100,10008800
2023-09-14,84.2241,84.5276,83.6953,84.3171,9473200
2023-09-15,84.0135,84.0380,82.4761,82.6965,13116800
2023-09-18,82.4560,83.3687,82.4315,83.0939,9943800
2023-09-19,82.7406,83.2607,82.2892,83.0497,8236600
2023-09-20,83.2755,83.3834,81.7102,81.7446,10760400
2023-09-21,80.8859,81.4600,80.4590,80.4983,14741200
2023-09-22,80.8516,81.4109,80.4885,80.6700,12537800
2023-09-25,80.4639,81.0527,80.2579,80.9301,10577400
2023-09-26,80.4001,80.4443,79.1980,79.4728,14926000
2023-09-27,79.8555,80.0125,78.8055,79.5955,11665200
2023-09-28,79.2177,80.6700,78.8448,80.1597,12829400
2023-09-29,80.9497,81.7004,80.1597,80.4345,15883800
2023-10-02,80.4737,81.5336,80.3511,81.2981,13656200
2023-10-03,80.8369,81.3913,79.5071,79.9193,14838800
2023-10-04,79.9831,81.1312,79.9831,80.9154,15194200
2023-10-05,80.9104,81.1558,80.0518,81.0233,12023000
2023-10-06,80.4689,82.8927,80.2333,82.5395,16625600
2023-10-09,82.0341,83.0939,81.6563,82.9663,13139200
2023-10-10,83.0252,83.7612,82.7946,83.0939,20402800
2023-10-11,83.3490,83.9035,83.0841,83.8642,10389200
2023-10-12,83.9379,84.8014,83.3049,83.9428,15405800
2023-10-13,84.1096,84.2519,82.4511,82.7406,15183200
2023-10-16,82.8780,83.9133,82.8633,83.5355,14544200
2023-10-17,82.4855,83.5796,81.8918,83.1479,15317800
2023-10-18,82.5640,83.2362,81.9555,82.2941,12862800
2023-10-19,82.6229,83.1773,81.6808,81.8231,19991800
2023-10-20,81.7838,81.8427,80.3560,80.4394,15350400
2023-10-23,79.9389,81.3520,79.4924,80.5326,15159000
2023-10-24,80.8516,81.2098,80.2137,81.0871,11180400
2023-10-25,81.4747,81.5728,79.8899,80.1303,15529600
2023-10-26,80.2726,80.6259,78.2609,78.5994,20646400
2023-10-27,79.0803,79.8555,78.7074,79.0557,16231600
2023-10-30,79.4728,80.1892,79.2324,79.9046,14180800
2023-10-31,79.9438,80.5424,79.3207,80.4737,10893600
2023-11-01,80.6161,82.1371,80.6161,82.0292,20945800
2023-11-02,82.7701,83.4913,82.6572,83.4177,16192600
2023-11-03,83.3343,84.6150,83.1528,84.2764,15661800
2023-11-06,84.3893,84.8603,84.1243,84.8308,11099200
2023-11-07,85.0565,86.0084,84.9290,85.7582,13029800
2023-11-08,86.0526,86.3863,85.6601,86.2440,10722400
2023-11-09,86.3715,87.0045,85.7288,85.8416,14374600
2023-11-10,86.3617,88.1428,86.2636,88.0839,13346400
2023-11-13,87.7159,87.7895,87.2008,87.5687,11725000
2023-11-14,88.9083,89.5461,88.6335,89.3204,16508400
2023-11-15,89.7179,89.8553,89.0898,89.4333,13147800
2023-11-16,89.2566,89.9779,89.0947,89.8798,11553600
2023-11-17,89.6786,90.0368,89.3057,89.6933,13277800
2023-11-20,89.8062,91.2291,89.7964,90.9936,11116200
2023-11-21,90.5814,90.7237,89.9289,90.2576,13350800
2023-11-22,90.8268,91.4352,90.4146,90.6599,11213400
2023-11-24,90.5078,90.5863,90.1398,90.4833,4193800
2023-11-27,90.3557,91.0034,90.1938,90.4784,8420000
2023-11-28,90.1742,90.8906,90.1742,90.6501,11012400
2023-11-29,91.3125,91.7050,90.6648,90.7188,10765400
2023-11-30,91.0966,91.2193,90.0908,90.8513,13744000
2023-12-01,90.6158,91.2193,90.1791,91.0574,13992200
2023-12-04,90.1496,90.1496,88.9672,89.9485,18221800
2023-12-05,89.4676,90.5913,89.4676,90.4882,10841400
2023-12-06,91.0525,91.1849,89.6541,89.7228,14731400
2023-12-07,90.1496,90.9641,89.9583,90.8120,13928800
2023-12-08,90.6158,91.6609,90.5029,91.5873,12808800
2023-12-11,91.3174,92.4067,91.1064,92.3871,37795400
2023-12-12,92.0485,93.0299,91.9700,93.0004,15055400
2023-12-13,93.2212,94.0455,93.0004,93.8198,29395000
2023-12-14,93.8934,94.2467,92.8974,93.5892,15427400
2023-12-15,93.4911,94.6000,93.4911,94.0602,18131200
2023-12-18,94.0415,94.5530,93.6432,94.3415,10138000
2023-12-19,94.3218,94.7103,94.2678,94.7005,9003600
2023-12-20,94.5923,94.9267,93.2548,93.2695,13734800
2023-12-21,94.2186,94.5284,93.5252,94.3169,11336000
2023-12-22,94.5874,94.7152,93.9727,94.4399,10215000
2023-12-26,94.4989,95.0299,94.4989,94.8333,6207600
2023-12-27,94.8824,95.0250,94.4251,94.8283,11764600
2023-12-28,95.1627,95.2611,94.8972,94.9414,9615400
2023-12-29,94.9906,95.1824,94.1792,94.6513,12190600
2024-01-02,93.3629,93.5105,91.5877,92.1729,23545400
2024-01-03,91.3320,91.8336,91.0714,91.2337,18190000
2024-01-04,90.6731,91.3025,90.4764,90.5649,12127200
2024-01-05,90.6682,91.3222,90.1961,90.5403,16350600
2024-01-08,90.9976,92.8761,90.9042,92.8122,16434600
2024-01-09,92.0992,93.2253,91.9025,92.9597,10633800
2024-01-10,93.0040,93.9530,92.8073,93.7514,9785400
2024-01-11,94.2137,94.6857,92.9056,94.2284,13296600
2024-01-12,94.3809,94.7497,94.0612,94.5333,8834600
2024-01-16,94.4153,95.1676,93.8694,94.7693,11775600
2024-01-17,94.0661,94.4153,93.2794,94.3022,14109000
2024-01-18,95.5610,96.3036,95.2021,96.2151,18918800
2024-01-19,96.8445,98.4525,96.6330,98.4328,18333200
2024-01-22,98.9147,99.4704,98.4918,98.8656,14969000
2024-01-23,98.9590,99.3278,98.3837,99.2639,13263800
2024-01-24,99.9474,100.9506,99.6622,99.9474,17651200
2024-01-25,100.8670,101.3735,99.9032,100.3654,17071400
2024-01-26,99.6622,100.1048,98.9836,99.2098,10553000
2024-01-29,99.3327,100.1392,99.1360,100.1195,7639600
2024-01-30,100.0851,100.2375,98.9885,99.2934,12251600
2024-01-31,98.3492,98.7525,97.1592,97.2084,16295200
2024-02-01,97.5969,98.5705,97.5329,98.4328,14303400
2024-02-02,97.7641,99.7655,97.7346,99.4508,12872200
2024-02-05,99.8540,99.9622,98.7426,99.6770,10086200
2024-02-06,99.7851,99.9573,98.5804,99.2196,12677200
2024-02-07,99.9179,100.5572,99.5196,100.5326,11365800
2024-02-08,100.7047,101.1178,100.5818,100.8473,9948200
2024-02-09,101.2702,102.3373,101.1522,102.2045,11612200
2024-02-12,102.1996,102.5143,101.2801,101.4276,10753200
2024-02-13,99.2295,100.3752,98.9295,99.7065,19459400
2024-02-14,100.4490,100.8277,99.7409,100.7490,11791600
2024-02-15,100.8817,100.9801,99.9769,100.5375,10796400
2024-02-16,100.8080,101.0096,99.4803,99.6130,11090400
2024-02-20,99.0279,99.3819,97.6116,98.6000,17447600
2024-02-21,97.6460,97.9804,96.9084,97.9804,15954400
2024-02-22,100.5129,101.4620,100.2818,101.1866,18551600
2024-02-23,101.9882,102.1160,100.6309,100.9506,12324000
2024-02-26,101.3931,101.6439,100.9457,101.0489,18248800
2024-02-27,101.3243,101.3243,100.3851,101.1375,9984400
2024-02-28,100.8031,100.9358,100.2966,100.6605,8329000
2024-02-29,101.1965,102.0226,100.6310,101.7816,11986800
2024-03-01,102.0423,103.7880,101.9931,103.6404,13136800
2024-03-04,103.4929,104.2355,103.2618,103.6404,20443800
2024-03-05,102.6176,102.6668,100.4392,101.0932,18042800
2024-03-06,102.1504,102.6619,101.2112,101.8947,14303200
2024-03-07,102.7651,103.8175,102.2537,103.5027,12120800
2024-03-08,103.6896,104.4223,101.8996,101.9636,14912200
2024-03-11,101.4964,101.9095,100.9506,101.6833,15648400
2024-03-12,102.6619,103.7781,101.6882,103.7683,17382800
2024-03-13,103.4536,103.5126,102.2193,102.6471,12815400
2024-03-14,103.0798,103.4437,102.0423,102.6668,16023200
2024-03-15,101.1915,101.6538,100.7047,101.1178,19633400
2024-03-18,102.0039,102.6590,101.5360,101.6148,14176600
2024-03-19,101.1173,102.1566,100.6099,102.1418,13390200
2024-03-20,102.2206,103.3190,101.8611,103.2845,13357400
2024-03-21,104.3879,104.3879,103.2698,103.3584,12312000
2024-03-22,103.3634,103.7722,102.9939,103.3929,11507000
2024-03-25,102.4127,103.1466,102.1172,102.7083,8777800
2024-03-26,103.0777,103.2451,102.2009,102.2846,8538400
2024-03-27,102.9299,102.9841,102.0187,102.8068,12495000
2024-03-28,102.5654,102.8806,102.3782,102.5851,8854400
2024-04-01,102.8018,103.4717,102.4964,102.8708,11654800
2024-04-02,101.7281,102.0285,101.0533,101.8807,11418200
2024-04-03,101.3685,102.6787,101.3439,102.1517,10670000
2024-04-04,103.1269,103.4865,100.4819,100.5361,16464800
2024-04-05,100.9744,102.2058,100.6937,101.6887,12808800
2024-04-08,101.7527,102.0876,101.1961,101.5704,8125800
2024-04-09,102.0925,102.3043,100.8070,102.0827,9400800
2024-04-10,100.9203,101.2060,100.3982,100.8316,13836800
2024-04-11,101.2798,103.0136,100.7922,102.8462,10563600
2024-04-12,101.6197,102.0975,100.8070,101.1813,16186800
2024-04-15,101.8019,101.8660,99.1076,99.2603,17189000
2024-04-16,99.4771,99.9943,98.9845,99.3786,14914000
2024-04-17,99.7430,99.9105,97.8713,97.9452,13090400
2024-04-18,97.9157,98.1669,96.7237,96.8271,15280600
2024-04-19,96.4577,96.7729,94.5909,94.8322,21880000
2024-04-22,95.5612,96.2557,94.6106,95.6794,13293400
2024-04-23,96.0784,97.2408,95.9356,97.0980,12151600
2024-04-24,97.8171,98.2210,97.0044,97.5413,9160200
2024-04-25,96.3247,97.5118,95.8962,97.3295,11568000
2024-04-26,98.0979,99.1470,97.7137,98.4279,10104200
2024-04-29,98.9353,99.0830,98.2752,98.8515,7494800
2024-04-30,98.5117,98.9106,96.6449,96.6744,14929000
2024-05-01,96.1572,97.7728,95.6647,95.6844,20453600
2024-05-02,96.9059,97.1965,95.6844,97.0635,13340000
2024-05-03,99.6889,100.1026,99.3342,99.7677,13316400
2024-05-06,100.1470,100.9400,99.9943,100.9400,8021000
2024-05-07,101.2355,101.2848,100.6001,100.6100,10020800
2024-05-08,100.2504,101.0040,100.2258,100.8956,7176000
2024-05-09,100.7331,100.9449,100.3637,100.8661,9589600
2024-05-10,101.3931,101.8463,100.9203,101.2404,8753800
2024-05-13,101.9842,102.0679,101.3981,101.7182,6582000
2024-05-14,101.6837,102.7624,101.6246,102.6196,9825200
2024-05-15,103.2648,104.9642,103.1909,104.9297,14308600
2024-05-16,104.9937,105.3188,104.5209,104.5652,12066600
2024-05-17,104.8066,104.8706,103.7623,104.3337,7616000
2024-05-20,104.4371,105.7572,104.3435,105.5602,6276800
2024-05-21,105.1563,105.9050,104.9691,105.7326,6140400
2024-05-22,106.0330,106.3581,105.3434,105.9690,11783000
2024-05-23,107.1807,107.1905,104.7721,105.1070,9400400
2024-05-24,105.3730,106.2202,105.0233,105.9936,5906400
2024-05-28,106.5945,106.6783,105.7769,106.4418,8786400
2024-05-29,105.3188,106.2744,105.3188,105.7670,8569000
2024-05-30,104.5898,104.7474,103.0333,103.3535,10450600
2024-05-31,103.6589,103.6786,101.2355,103.5160,12081000
2024-06-03,104.3091,104.4027,102.5359,103.7771,9628000
2024-06-04,103.7229,104.1613,103.1910,103.9938,6405400
2024-06-05,104.8164,106.3039,104.6489,106.3039,8788800
2024-06-06,106.3630,106.4369,105.6685,105.9493,7057600
2024-06-07,106.0626,106.6487,105.6734,106.1956,6398600
2024-06-10,105.8360,106.7521,105.7670,106.4665,6734800
2024-06-11,106.1956,108.4761,106.1463,108.4466,12719200
2024-06-12,109.5253,111.9634,109.3233,110.8453,17821200
2024-06-13,111.8748,112.1851,111.0423,111.7221,12693600
2024-06-14,111.5644,112.2048,111.4906,112.1407,7864600
2024-06-17,112.4166,114.2390,112.0324,113.8401,11602600
2024-06-18,113.9534,114.3572,113.5297,113.9829,8677800
2024-06-20,114.4952,114.5641,112.3230,112.7022,13243000
2024-06-21,112.7269,113.1702,111.9930,112.5052,13560200
2024-06-24,111.3358,111.8391,109.7174,109.7470,13748600
2024-06-25,110.5513,111.8194,109.9296,111.7602,9126200
2024-06-26,111.5924,112.1598,110.7634,111.6319,9459600
2024-06-27,111.4148,112.2388,111.2815,111.6862,7923600
2024-06-28,112.0760,113.6796,111.4740,111.6269,12488200
2024-07-01,111.7947,112.6582,110.1714,112.4707,9281600
2024-07-02,111.4937,113.0431,111.4937,113.0332,7076600
2024-07-03,112.8704,114.6121,112.7766,114.5579,6249200
2024-07-05,114.6861,115.4164,114.2125,114.9082,6671800
2024-07-08,115.2783,116.0283,115.0809,115.6927,7671000
2024-07-09,116.2848,116.5612,114.9378,115.5990,8678600
2024-07-10,116.3934,117.3605,115.7421,117.2766,8749400
2024-07-11,117.4543,117.5036,114.0102,114.3408,14106000
2024-07-12,114.6565,116.5858,114.2569,115.3621,9767600
2024-07-15,115.9493,116.7092,114.9131,115.5694,8628000
2024-07-16,115.8408,115.9000,114.3605,115.1845,7652200
2024-07-17,112.5496,112.6631,110.6500,110.7042,12440400
2024-07-18,111.9181,111.9378,109.3177,110.7141,10837200
2024-07-19,110.1269,110.8029,108.7404,108.9822,8472800
2024-07-22,110.4230,111.6911,109.9542,111.5628,10601600
2024-07-23,111.0990,112.1204,110.9707,111.1187,5530800
2024-07-24,109.6681,110.0135,106.2634,106.5200,14300800
2024-07-25,106.4065,107.9954,103.8457,105.3802,21158000
2024-07-26,106.8013,107.5661,105.8144,106.7174,11697800
2024-07-29,107.5661,108.0299,105.9328,106.2437,7343800
2024-07-30,106.6384,106.7421,102.7799,103.5743,10694600
2024-07-31,106.7717,108.3506,106.0217,107.9608,14614000
2024-08-01,107.6648,108.9131,102.8292,103.9345,16991400
2024-08-02,101.1713,102.0052,99.3012,101.0134,18621600
2024-08-05,94.6927,99.5332,94.1203,97.6483,31430000
2024-08-06,98.8966,100.9789,97.8457,98.9756,24575800
2024-08-07,101.3736,101.8670,97.2388,97.3720,17653600
2024-08-08,99.1335,101.2601,97.6976,101.0085,14477200
2024-08-09,100.9493,102.0447,100.3374,101.4624,9535600
2024-08-12,101.7782,103.0809,101.3046,102.2914,8580200
2024-08-13,103.5595,105.4690,103.4312,105.4345,9999600
2024-08-14,106.0858,106.5496,104.5858,106.0118,8922400
2024-08-15,107.3835,109.1697,107.1516,109.0611,9518800
2024-08-16,108.4838,109.4559,108.1878,109.2437,6706400
2024-08-19,108.9871,111.0496,108.5430,111.0447,13004200
2024-08-20,110.7536,111.4197,110.0036,110.6549,7221600
2024-08-21,110.7240,111.6911,110.3736,111.3062,7538800
2024-08-22,111.9279,112.1894,108.5184,108.7453,9083600
2024-08-23,109.8259,110.9904,109.0957,110.5069,10681000
2024-08-26,110.4082,110.8227,108.5628,109.1203,6268800
2024-08-27,108.4444,110.0134,107.9115,109.7815,7656000
2024-08-28,109.6385,109.8506,107.3589,108.2667,9002200
2024-08-29,108.2963,109.8210,107.0134,107.2898,13314800
2024-08-30,108.4592,109.1352,107.2898,108.7158,10048400
2024-09-03,107.5661,107.6450,103.1302,103.7223,14765800
2024-09-04,102.6713,104.6351,102.3457,103.4559,12330000
2024-09-05,102.7108,104.5809,102.6170,103.2980,8874800
2024-09-06,103.2141,103.4608,100.1549,100.6187,12441000
2024-09-09,101.8671,102.3802,100.9246,102.2667,10922000
2024-09-10,102.9723,104.0184,101.9904,103.7963,10123000
2024-09-11,104.1516,107.5019,102.5036,107.3391,12768800
2024-09-12,107.2602,108.6862,106.5052,108.2273,10604200
2024-09-13,108.3605,109.0414,107.9213,108.7700,8047400
2024-09-16,107.9855,108.7009,107.3539,108.3556,6897800
2024-09-17,109.4411,109.6088,107.5957,108.1434,6990000
2024-09-18,108.4148,109.1746,107.0529,107.1565,12741600
2024-09-19,110.1664,111.0250,109.5644,110.3391,13934000
2024-09-20,109.9049,110.2947,108.8194,109.8013,14492800
2024-09-23,109.8997,110.0430,109.4449,109.7810,7490600
2024-09-24,110.2407,110.7548,109.0544,110.5324,7025800
2024-09-25,110.3149,111.3331,110.2654,110.8487,6111600
2024-09-26,113.0138,113.1374,111.1354,112.3168,9244800
2024-09-27,112.4750,112.5096,110.8537,111.2689,6093800
2024-09-30,110.7845,111.6643,110.2308,111.5951,5500400
2024-10-01,111.2639,111.3282,108.2289,108.8764,11295400
2024-10-02,108.9011,110.1814,108.2833,109.6822,4532400
2024-10-03,109.3609,110.9426,109.3460,110.1369,5784800
2024-10-04,111.5605,111.6396,110.1913,111.3628,5009200
2024-10-07,110.8635,111.6001,110.3198,110.5966,4430400
2024-10-08,111.3925,112.8507,111.1404,112.6628,7864800
2024-10-09,112.7518,114.0815,112.4008,113.9233,7579800
2024-10-10,113.1621,114.1902,112.8457,113.8937,5692200
2024-10-11,113.6218,114.3484,113.4537,114.0914,8849000
2024-10-14,114.8180,115.8165,114.7636,115.5793,9810200
2024-10-15,115.6682,115.9500,112.6183,113.0385,14179400
2024-10-16,113.3944,113.5625,112.1685,113.3895,5758800
2024-10-17,114.9713,115.0355,113.7355,113.7355,6051200
2024-10-18,114.3286,114.5610,113.8986,114.1408,4537000
2024-10-21,113.7849,114.6895,113.5773,114.6747,6322400
2024-10-22,114.0667,114.9465,113.7404,114.5560,6169200
2024-10-23,114.1309,114.3040,111.9510,112.9149,6083600
2024-10-24,113.3746,113.5279,112.5739,113.2461,4832800
2024-10-25,113.8887,115.1146,113.6712,113.8343,8314800
2024-10-28,114.6500,114.6500,113.7750,113.7998,5899200
2024-10-29,114.0172,115.6633,113.5921,115.3321,7451600
2024-10-30,114.2792,114.5857,113.4241,113.4982,8341200
2024-10-31,112.2526,112.2526,109.8156,109.8552,12110200
2024-11-01,109.9738,111.5062,109.8255,110.6807,11565800
2024-11-04,110.7845,111.3925,110.1270,110.5966,6311800
2024-11-05,110.9377,112.2427,110.9377,112.1537,7273000
2024-11-06,114.3188,115.5595,113.9777,115.3469,10967800
2024-11-07,116.1477,117.4922,116.0933,117.3588,10463000
2024-11-08,117.2105,117.6158,116.8051,117.2302,7236400
2024-11-11,117.2154,117.2896,115.8857,116.5827,7267200
2024-11-12,116.5036,116.8793,115.8116,116.7310,7530800
2024-11-13,116.4838,117.1857,115.9648,116.3256,6329600
2024-11-14,116.5135,116.7162,115.7424,115.9302,6602000
2024-11-15,114.4967,114.6450,112.6777,113.0533,11229800
2024-11-18,113.0533,113.8986,112.5640,113.4191,6166800
2024-11-19,112.7073,114.4423,112.7073,114.3484,6906800
2024-11-20,114.4473,114.4868,112.7271,114.2496,8874400
2024-11-21,115.3568,115.9500,113.5921,115.4112,10591800
2024-11-22,115.2036,115.7374,114.7884,115.4705,7090800
2024-11-25,116.3405,116.5432,114.9416,115.4656,11137200
2024-11-26,115.9895,116.4047,115.5496,116.0439,6229400
2024-11-27,115.2579,115.3271,113.4587,114.4720,6369400
2024-11-29,114.7389,115.7770,114.6252,115.5348,4168400
2024-12-02,115.6188,117.0671,115.5891,116.6321,9398200
2024-12-03,116.1378,117.0819,115.9104,117.0523,5576000
2024-12-04,118.5154,119.2519,118.1694,119.1926,10840000
2024-12-05,119.0048,119.1432,118.4265,118.5896,5638000
2024-12-06,118.7972,119.5634,118.6687,119.0493,6654200
2024-12-09,118.6044,119.0295,117.9717,118.2732,8032400
2024-12-10,117.8728,118.1941,116.2614,116.6321,11234400
2024-12-11,117.5565,118.6983,117.1512,118.3227,8689600
2024-12-12,117.5664,118.0953,117.2797,117.6603,7218200
2024-12-13,118.7231,119.1877,117.2253,118.1645,8677000
2024-12-16,118.3177,119.4497,118.0656,119.3459,9442600
2024-12-17,118.5006,119.0888,118.0459,118.6242,8145000
2024-12-18,119.0246,119.3508,114.5313,114.7982,16927200
2024-12-19,115.9648,116.3405,114.7735,114.9218,13383400
2024-12-20,114.1408,117.5763,113.7849,116.6371,14924800
2024-12-23,116.9718,117.9224,116.3479,117.8729,7973400
2024-12-24,118.2937,119.0958,118.1155,119.0909,4653400
2024-12-26,118.7096,119.6058,118.3284,119.1701,7150800
2024-12-27,118.3680,118.5215,116.4271,117.5857,8726400
2024-12-30,115.8726,117.0163,115.1547,116.0905,7950400
2024-12-31,116.4073,116.4865,114.7487,115.1250,9381200
2025-01-02,116.0360,116.3628,113.7684,114.8527,12766600
2025-01-03,115.5557,116.8480,115.3280,116.7242,9117600
2025-01-06,118.0561,119.3533,117.7442,118.2096,8975400
2025-01-07,118.8285,118.8285,115.4319,115.8379,10006800
2025-01-08,116.1053,116.1251,114.6843,115.7983,10023800
2025-01-10,114.5804,114.6002,112.6048,113.2732,11665800
2025-01-13,111.4512,112.5504,111.1294,112.4711,10656000
2025-01-14,113.3426,113.6545,111.8721,112.7682,7220200
2025-01-15,114.3080,115.3478,113.9317,115.0111,10465400
2025-01-16,115.9469,116.0211,114.1001,114.1248,5368400
2025-01-17,116.1845,116.3232,115.4023,115.9122,6742600
2025-01-21,116.2984,117.1649,115.4914,116.8777,6744200
2025-01-22,118.4571,119.7940,118.2888,119.5167,10243800
2025-01-23,118.5958,119.7543,118.4819,119.7296,7604400
2025-01-24,120.1059,120.1059,118.1006,118.4819,6607600
2025-01-27,113.1742,114.3625,111.6344,112.6741,20705600
2025-01-28,113.4366,115.9370,112.2384,115.6795,11260600
2025-01-29,115.4518,115.5062,113.6248,114.7388,9050000
2025-01-30,114.5358,115.3478,113.7485,114.9517,8840200
2025-01-31,116.0211,116.7143,113.9714,114.2783,10741800
2025-02-03,111.7483,113.4267,111.1541,112.7385,13752800
2025-02-04,113.1247,114.5407,113.0851,114.3625,8371200
2025-02-05,114.4665,115.9766,114.1050,115.9518,5398000
2025-02-06,115.9518,116.5064,115.4369,116.2687,6808000
2025-02-07,116.7391,117.2986,114.8873,115.2735,8552800
2025-02-10,116.1845,117.2490,116.1499,116.9569,6054200
2025-02-11,116.3083,117.4817,116.2291,117.0114,6456200
2025-02-12,115.3626,116.8975,115.2339,116.7589,8555600
2025-02-13,116.9668,118.4868,116.8034,118.4126,7829600
2025-02-14,118.3135,118.9126,118.0957,118.8136,4557000
2025-02-18,119.4276,119.9128,118.8730,119.8979,6024000
2025-02-19,119.7642,120.3831,118.9275,119.9078,5604200
2025-02-20,119.7939,119.9524,118.2640,119.5266,5987400
2025-02-21,119.5612,119.6107,116.2291,116.2885,9057600
2025-02-24,116.7391,117.0658,114.4813,114.6249,7447600
2025-02-25,114.3823,114.4863,112.3672,113.1396,10433600
2025-02-26,114.2486,115.4517,113.4960,114.3724,7630600
2025-02-27,114.9963,115.1151,110.1590,110.2085,10100000
2025-02-28,109.7133,111.7780,108.7776,111.6641,14172200
2025-03-03,112.2384,112.4662,107.4655,108.2676,12516200
2025-03-04,107.4655,110.0946,106.0841,108.1834,17721000
2025-03-05,108.5201,110.0599,107.0644,109.7034,11931000
2025-03-06,107.4506,109.1489,106.1435,106.6584,16432000
2025-03-07,106.5347,108.4755,105.2771,108.2032,11263400
2025-03-10,106.0643,106.2623,102.5292,103.6036,21561800
2025-03-11,103.2867,104.9206,102.1380,103.1827,14832800
2025-03-12,105.0246,105.7177,103.5541,104.8067,10981600
2025-03-13,104.5047,104.7374,102.4153,102.8163,12383000
2025-03-14,104.1631,106.0346,104.1284,105.9257,10040800
2025-03-17,105.8415,107.4209,105.5345,106.6634,10148800
2025-03-18,105.9059,106.0148,104.6532,105.0394,11486600
2025-03-19,105.5791,107.6536,105.1384,106.4059,8838600
2025-03-20,105.1978,106.8119,105.0394,105.6484,7145200
2025-03-21,104.3314,106.0792,103.9452,105.9356,10425400
2025-03-24,107.6988,108.1998,107.4161,107.9418,8200200
2025-03-25,107.8724,108.4428,107.8179,108.2990,7481800
2025-03-26,107.9666,108.2246,105.4669,105.8835,7873000
2025-03-27,105.1594,105.7545,104.3509,104.9064,6577800
2025-03-28,104.3608,104.7824,102.0148,102.3620,10667600
2025-03-31,100.5764,102.6447,99.5597,102.4116,14219000
2025-04-01,102.0049,103.2498,101.1716,103.1605,9480200
2025-04-02,101.6874,104.7824,101.6081,103.9243,9292000
2025-04-03,98.9446,99.5448,96.7524,96.8317,19451400
2025-04-04,93.8112,94.5551,90.4186,90.4533,33804600
2025-04-07,86.7632,95.1354,85.5331,90.9939,44557800
2025-04-08,94.3815,95.6463,87.5121,89.1439,25811400
2025-04-09,89.3274,101.6676,89.2133,101.1121,36988800
2025-04-10,97.6352,98.3048,93.1118,96.4052,19747600
2025-04-11,95.9241,98.8008,95.2049,98.3792,14423200
2025-04-14,101.4295,101.4940,98.2056,99.2769,11904400
2025-04-15,99.4307,100.3929,99.1728,99.6390,7200000
2025-04-16,96.9656,97.9973,94.5055,96.1770,13222400
2025-04-17,96.8664,96.8664,95.2495,95.6562,7480800
2025-04-21,94.1435,94.3815,91.8520,93.1862,8973400
2025-04-22,94.4262,96.0084,93.8756,95.4578,9312800
2025-04-23,99.1182,100.1648,97.8237,98.2254,13413800
2025-04-24,99.1926,102.0297,99.0339,101.8908,9317000
2025-04-25,101.5833,103.5920,101.4841,103.3986,6518400
2025-04-28,103.2647,103.7755,101.6874,103.2300,5574400
2025-04-29,102.7340,104.1426,102.7340,103.7111,9144400
2025-04-30,101.6726,104.5294,101.0823,104.1426,10203800
2025-05-01,106.4192,107.4062,105.5760,105.6702,11532800
2025-05-02,106.8804,107.9369,106.5928,107.4360,8125400
2025-05-05,106.5134,107.6294,106.4588,106.8656,6757000
2025-05-06,105.2784,106.7564,104.9560,105.9777,7958200
2025-05-07,105.9777,107.5054,105.2486,107.0392,8169400
2025-05-08,108.1006,109.0876,107.1384,108.0609,8704400
2025-05-09,108.5420,108.7404,107.3715,107.9270,7330000
2025-05-12,112.5049,112.9761,111.3691,112.9364,13478200
2025-05-13,113.3432,115.7537,113.2142,115.3767,12757200
2025-05-14,115.9173,116.5820,115.4461,116.1256,10248000
2025-05-15,115.4958,116.9391,115.3569,116.2844,9536400
2025-05-16,116.6613,116.6613,115.4957,116.5026,8111600
2025-05-19,114.7815,116.5968,114.7418,116.3340,11863000
2025-05-20,115.6098,115.9173,115.0196,115.8975,10273200
2025-05-21,114.8113,116.4133,113.2588,113.7201,18643600
2025-05-22,113.7747,114.7716,113.4969,113.7499,11372000
2025-05-23,111.7709,113.2291,111.6469,112.4950,12004000
2025-05-27,114.2458,115.3271,113.8639,115.1684,14208400
2025-05-28,115.3073,115.7685,114.5236,114.6922,10789200
2025-05-29,116.4282,116.5473,114.2955,114.8857,14011800
2025-05-30,114.8311,114.8857,112.7976,114.5286,13494000
2025-06-02,114.2260,115.6098,114.0871,115.5404,12878800
2025-06-03,115.6941,117.3656,115.6098,117.2763,14312400
2025-06-04,117.4251,117.8170,116.8696,117.4499,10899200
2025-06-05,117.7971,118.8238,116.6117,117.1176,15885200
2025-06-06,118.2485,118.7693,117.8864,118.2237,9026000
2025-06-09,118.6849,119.5380,118.5957,118.8040,11100600
2025-06-10,118.7842,119.6472,118.3378,119.4686,9831600
2025-06-11,119.7563,120.2423,118.5907,119.2057,9599600
2025-06-12,119.1809,120.5895,119.1611,120.3118,11210400
2025-06-13,118.9181,119.8257,118.1889,118.6254,13193800
2025-06-16,119.3397,120.9020,119.3397,120.5449,13866200
2025-06-17,120.0390,120.8871,119.4091,119.6918,10525400
2025-06-18,119.9844,120.5895,119.2256,119.8356,11066000
2025-06-20,120.2622,120.6689,118.7445,119.3049,11490600
2025-06-23,119.4232,120.7695,118.6134,120.6652,12277000
2025-06-24,121.8923,122.9803,121.7482,122.8313,11329400
2025-06-25,123.4672,124.0634,123.3579,123.8796,9228600
2025-06-26,124.4360,124.9328,123.9441,124.7341,11288400
2025-06-27,125.0719,125.5488,124.0187,124.5850,12196600
2025-06-30,125.6780,126.1500,125.0719,125.8072,13365200
2025-07-01,125.4048,125.6681,123.8299,124.6844,15144800
2025-07-02,124.3714,126.0854,124.2820,126.0009,11950200
2025-07-03,126.6866,128.0428,126.6369,127.6603,7112800
2025-07-07,127.1684,127.5013,126.0804,126.6468,11560800
2025-07-08,127.3125,127.5709,126.8008,127.3274,15715200
2025-07-09,127.7795,128.5744,127.1436,128.0925,12933600
2025-07-10,128.4105,128.5247,126.9995,127.6702,9988600
2025-07-11,127.0641,127.8540,126.9051,127.1088,9239000
2025-07-14,126.7958,127.3175,125.7923,127.0045,8125200
2025-07-15,128.4850,128.7881,128.0876,128.1323,15657000
2025-07-16,128.1770,128.6042,126.5921,128.5297,17782600
2025-07-17,128.6837,129.9009,128.4304,129.6972,11955000
2025-07-18,130.1940,130.2387,129.2650,129.6127,10281000
2025-07-21,129.7568,130.6660,129.6078,129.7817,9246600
2025-07-22,129.6823,129.7717,127.6553,128.5794,13448800
2025-07-23,128.9123,129.4836,128.1472,129.3147,10091800
2025-07-24,129.6326,130.1145,129.1308,129.8612,12159600
2025-07-25,129.8214,130.4871,129.5531,130.1592,8002000
2025-07-28,130.6560,131.2323,130.3878,131.1976,11517600
2025-07-29,132.0521,132.7824,130.9790,131.2025,13739000
2025-07-30,131.3416,131.9428,130.4623,131.4957,13934600
2025-07-31,133.1500,133.1500,129.8959,130.5318,16414400
2025-08-01,129.1110,129.1557,127.0740,127.7149,19438000
2025-08-04,128.9172,130.3331,128.9172,130.3083,12377000
2025-08-05,130.7902,130.9044,128.9321,129.2302,11176000
2025-08-06,129.3544,130.8548,129.2699,130.6858,10167000
2025-08-07,132.1415,132.3551,129.7171,130.8051,10318000
2025-08-08,131.2969,132.2608,130.9541,132.1117,11015800
2025-08-11,132.0272,132.6234,130.9144,131.2174,9425400
2025-08-12,131.8732,133.2842,131.1429,133.2494,11153800
2025-08-13,134.0195,134.1635,132.8122,133.2991,13990200
2025-08-14,132.6234,133.4680,132.3154,133.0109,15484400
2025-08-15,132.8321,132.8321,131.4758,132.0024,13373200
2025-08-18,131.8385,132.4048,131.7093,132.2856,12233800
2025-08-19,132.2359,132.2657,129.7320,129.9754,17367000
2025-08-20,129.6475,129.6475,127.1039,129.0961,23064200
2025-08-21,128.7831,129.2998,128.0726,128.6291,15148600
2025-08-22,128.4900,131.2224,128.1323,130.3729,13756000
2025-08-25,130.3679,130.8945,129.7220,130.0797,10691800
2025-08-26,130.1890,130.8498,130.0002,130.6759,11081000
2025-08-27,130.8051,131.5304,130.2039,131.3814,11538600
2025-08-28,131.5404,132.7029,130.8846,132.4197,12380600
2025-08-29,131.8385,131.8633,129.9109,130.3878,17481200
2025-09-02,128.0826,129.1905,127.3225,129.0712,18226000
2025-09-03,129.7320,130.0996,128.8725,129.8413,15636600
2025-09-04,129.3097,130.5368,128.7831,130.4822,24397400
2025-09-05,131.7192,131.7689,129.2650,130.5915,38561800
2025-09-08,131.2771,132.0471,131.2473,131.5702,20556000
2025-09-09,131.8633,131.9626,130.8895,131.8235,19355000
2025-09-10,134.4914,135.1174,133.5723,134.2132,25957200
2025-09-11,135.0578,135.2466,134.4467,134.6653,23429200
2025-09-12,134.9336,135.0627,134.2877,134.5759,15612200
2025-09-15,134.7895,135.8179,134.6256,135.7881,16268000
2025-09-16,136.1011,136.1955,135.1522,135.3161,16081400
2025-09-17,135.2267,135.3906,133.4531,134.8491,18948600
2025-09-18,136.5979,137.5816,135.9371,137.1792,20882600
2025-09-19,137.7306,138.6994,137.2835,138.5702,15670800
2025-09-22,138.3653,140.7232,138.3106,140.6088,15771200
2025-09-23,140.4148,140.6436,138.7782,139.3950,16456400
2025-09-24,139.7681,139.7681,137.6092,138.5344,13471000
2025-09-25,137.2759,138.6339,136.4252,138.2907,21349600
2025-09-26,138.4399,138.8329,137.4848,138.7085,16534000
2025-09-29,139.5044,140.2407,139.1264,139.4497,16107400
2025-09-30,139.4497,140.3501,139.1562,140.2108,18215200
2025-10-01,139.4945,141.6833,139.4547,141.5838,17411200
2025-10-02,142.9020,142.9318,141.7081,142.3498,17607800
2025-10-03,142.4792,143.2055,141.1460,141.6335,17458000
2025-10-06,143.5437,143.9815,142.9916,143.0662,17945600
2025-10-07,143.8024,144.0113,141.3599,142.1111,15588400
2025-10-08,142.4394,144.6083,142.3648,144.6033,14037800
2025-10-09,144.5386,144.6680,143.6084,144.3595,11989400
2025-10-10,144.6630,144.9266,138.4300,138.4847,44574600
2025-10-13,141.6385,142.3300,140.8326,141.8574,22030400
2025-10-14,139.9969,141.4644,138.4100,140.0367,26956800
2025-10-15,142.0016,142.5588,139.6835,141.4246,20937600
2025-10-16,142.4444,143.0761,140.5640,141.5291,23166200
2025-10-17,140.6884,142.2006,139.7930,141.7778,25511600
2025-10-20,142.5886,143.9715,142.5040,143.3596,13805200
2025-10-21,143.2701,143.9467,142.7428,143.4343,12503800
2025-10-22,143.3696,143.6830,140.2307,142.0166,20723200
2025-10-23,141.4594,144.0362,141.4594,143.8074,11923400
2025-10-24,145.5037,146.5334,145.2898,146.0409,14359600
2025-10-27,148.0904,148.8664,147.8516,148.7371,15167000
2025-10-28,149.4584,150.7965,148.9460,150.2095,15055200
2025-10-29,151.5726,152.2142,150.1648,151.2890,21506200
2025-10-30,150.4284,151.2044,149.3788,149.4285,19218600
2025-10-31,150.9358,151.0452,148.7072,149.5728,16303800
2025-11-03,151.0054,151.3338,149.3639,150.1846,13983600
2025-11-04,147.4686,148.4386,145.9762,146.2200,16722600
2025-11-05,145.9613,147.9810,145.7375,146.7921,14447000
2025-11-06,146.5582,146.7174,143.1010,143.8422,24797400
2025-11-07,142.6135,143.3796,140.0815,143.3447,25547000
2025-11-10,145.9066,147.2895,145.1505,147.0109,18286400
2025-11-11,146.0409,146.3046,144.7873,145.7574,14871600
2025-11-12,146.9761,146.9761,145.3296,146.2101,13179200
2025-11-13,145.3942,145.5932,141.7877,142.5638,22385800
2025-11-14,139.9322,144.6381,139.4298,143.3398,27429600
2025-11-17,141.9966,143.5487,139.9571,141.0963,24675400
2025-11-18,139.8775,140.5988,137.5296,138.8030,36747600
2025-11-19,138.8130,141.3350,138.4548,139.7681,27668800
2025-11-20,142.9866,143.5189,135.0672,135.3806,56551800
2025-11-21,135.6045,137.7136,133.0575,135.9029,44959000
2025-11-24,136.8182,139.6338,136.7336,139.1413,20124800
2025-11-25,137.9176,139.8726,135.9576,139.5144,21303400
2025-11-26,141.1609,141.7678,140.0715,141.1659,13358800
2025-11-28,141.4644,142.4046,141.0814,142.3797,6792200
2025-12-01,140.9968,142.8722,140.5640,142.4444,12846600
2025-12-02,143.3298,144.7724,142.9120,143.9118,15719000
2025-12-03,143.2154,144.3546,142.4991,144.2551,11623200
2025-12-04,144.4491,145.0510,143.7576,144.7923,9995200
2025-12-05,145.4639,146.5583,144.9465,145.8519,6628000
2025-12-08,146.6776,147.6228,146.1702,146.8766,8272800
2025-12-09,146.5881,147.4935,146.2101,147.2646,6978200
2025-12-10,146.9363,148.4585,146.0708,147.9710,8961100
2025-12-11,146.3095,147.3741,144.3695,147.2149,9769300
2025-12-12,146.1901,146.3294,142.5289,142.9567,14873200
2025-12-15,143.6830,143.8919,141.2953,141.5738,10790300
2025-12-16,141.1858,142.2404,140.5789,141.8325,10790900
2025-12-17,141.9917,142.1111,138.6090,138.6787,18178700
2025-12-18,141.1361,141.6932,140.0715,140.8177,12319500
2025-12-19,141.8623,143.8820,141.8425,143.8621,14265900
2025-12-22,145.4852,145.4852,144.1301,144.6383,8864500
2025-12-23,144.2198,145.4553,143.8412,145.4254,7546100
2025-12-24,145.2660,145.9735,145.1564,145.7742,3676300
2025-12-26,146.0831,146.4517,145.7144,146.0034,5052900
2025-12-29,144.8276,145.8539,144.5187,145.3457,9822300
2025-12-30,145.3258,145.7343,144.8575,144.8874,6387400
2025-12-31,145.1863,145.2760,143.3828,143.4526,9528400
2026-01-02,145.1066,145.9934,142.8946,143.7814,15299500
2026-01-05,145.4852,145.8638,143.7315,144.1002,17476300
2026-01-06,144.6881,146.2425,144.1102,146.1229,14985700
2026-01-07,146.0034,146.8503,145.5151,146.0034,13957100
2026-01-08,145.4055,145.4055,142.9842,143.7216,16870100
2026-01-09,144.0504,146.0532,143.5123,145.6247,15652600
2026-01-12,144.6682,146.7606,144.5287,146.2624,12867200
2026-01-13,146.3222,146.9898,145.3258,145.9535,16552200
2026-01-14,144.9771,145.4055,142.8049,144.1799,22104200
2026-01-15,146.4019,147.0396,144.7877,144.9372,17370900
2026-01-16,146.1927,146.4219,144.4988,145.0966,14156700
2026-01-20,142.5757,143.5821,141.1010,141.3302,20029200
2026-01-21,142.2668,144.5187,141.4498,143.2931,27892800
2026-01-22,145.0867,145.1763,143.6419,144.3593,12971600
2026-01-23,144.0105,145.3059,143.2333,144.5685,14654500
2026-01-26,144.7479,146.1827,144.3693,145.5550,10195600
2026-01-27,146.8901,148.0858,146.5015,147.5179,12436200
2026-01-28,148.4645,149.3612,148.0759,148.6936,19497400
2026-01-29,147.3086,147.3983,142.7551,146.3421,25581000
2026-01-30,145.5151,146.2226,142.4761,143.3629,18342600
2026-02-02,143.0141,145.6247,142.8746,144.7379,16337600
2026-02-03,145.3557,145.4454,139.6662,141.5694,30464500
2026-02-04,140.3239,140.5032,135.6208,137.6236,45649500
2026-02-05,136.7268,137.9823,134.5945,135.1425,42950900
2026-02-06,137.5140,140.9615,136.9261,140.6228,37131900
2026-02-09,140.0947,143.5123,139.4071,142.8348,24629500
2026-02-10,143.3031,143.6319,141.8782,142.0377,22564300
2026-02-11,143.9906,144.2397,140.8121,142.4561,18905700
2026-02-12,142.7949,143.2533,138.4207,138.7097,32154700
2026-02-13,139.0584,140.4035,137.4342,139.0584,26637100
2026-02-17,138.1417,139.9452,136.5275,138.9787,25743800
2026-02-18,139.5566,141.6092,138.7695,140.4036,13705800
2026-02-19,139.5865,140.2043,138.7794,139.7061,13484000
2026-02-20,138.6997,141.2405,138.4705,140.3737,14942400
2026-02-23,139.6762,140.1445,137.3944,138.0221,22021900
2026-02-24,138.7396,140.4335,137.6933,139.8157,13030600
2026-02-25,140.8519,142.8248,140.7025,142.4960,13296000
2026-02-26,142.4263,142.4960,138.7595,140.5032,19364900
2026-02-27,137.8129,139.2677,137.4442,138.2613,15328600
2026-03-02,136.5375,139.4570,136.0692,139.0385,20156700
2026-03-03,135.8699,137.8328,134.5048,137.0058,34153000
2026-03-04,138.0321,140.1246,137.5439,139.3374,15201400
2026-03-05,138.6599,140.7523,137.5937,139.6762,19422500
2026-03-06,137.3247,139.3274,136.2984,136.7966,19677200
2026-03-09,135.4813,139.7061,134.9732,139.2577,22760900
2026-03-10,139.3374,140.8818,138.5204,139.2577,24338500
2026-03-11,140.0747,141.0811,139.0186,139.9253,14009200
2026-03-12,138.7694,139.2477,137.1553,137.3446,32372800
2026-03-13,137.9524,139.2079,136.0293,136.3083,15701800
2026-03-16,138.2214,139.5766,138.0222,138.2812,16626400
2026-03-17,138.8890,139.7659,138.4307,139.0385,12034600
2026-03-18,138.8093,139.5666,137.4343,137.4642,12634500
2026-03-19,135.5112,138.6698,134.9532,137.9324,18087900
2026-03-20,137.4841,137.4841,133.8373,134.8038,27251800
2026-03-23,137.1761,138.8721,135.8992,136.6274,21818500
2026-03-24,135.7296,136.5975,134.5523,135.8293,16843900
2026-03-25,136.9666,137.6750,135.9590,136.4379,13872400
2026-03-26,134.8616,135.2008,132.1081,132.1879,15434600
2026-03-27,131.2202,131.7390,129.2748,129.6140,15895200
2026-03-30,130.9608,131.2402,126.3816,127.1997,18830000
2026-03-31,128.8458,132.9062,128.6762,132.5870,19405300
2026-04-01,133.8041,135.7296,133.4450,134.5923,17050100
2026-04-02,131.5993,135.7196,131.0407,135.6697,12266200
2026-04-06,136.1586,136.9267,135.3904,136.4579,10147600
2026-04-07,135.8493,137.1662,133.7942,137.1063,8585500
2026-04-08,142.7929,143.2219,140.4085,141.3563,13359000
2026-04-09,141.4261,141.8551,140.0194,141.7354,8235100
2026-04-10,142.1644,143.2219,141.5857,142.2841,9310100
2026-04-13,141.9948,145.3269,141.7953,145.2671,10407700
2026-04-14,146.5540,147.5916,145.7360,147.5916,10183300
2026-04-15,147.9208,150.0158,147.6115,149.9460,10622500
2026-04-16,150.6344,151.8216,149.3973,151.6620,11778000
2026-04-17,153.6972,154.4454,153.1484,153.9865,10630400
2026-04-20,153.9366,154.3855,152.6796,154.1960,8131600
2026-04-21,154.6349,155.7024,153.7869,154.3257,12657300
2026-04-22,155.8521,157.7875,155.1537,157.7177,13830400
2026-04-23,156.4008,157.4284,153.5874,155.4730,12151400
2026-04-24,158.0569,160.0222,157.2288,159.8427,11059800
2026-04-27,159.6431,160.2417,158.4360,160.1918,8963900
2026-04-28,156.7400,158.2664,155.7922,157.4782,9253000
2026-04-29,158.4559,158.7752,157.3785,158.7353,7506900
2026-04-30,159.2740,159.4236,156.5105,159.1243,9276400
2026-05-01,160.0123,161.9078,159.7628,161.4888,10161800
2026-05-04,162.3268,162.8556,160.5011,161.6684,10740000
2026-05-05,163.4840,165.6290,163.1349,165.2399,9813500
2026-05-06,167.4846,169.6794,166.4470,169.6295,11304700
2026-05-07,169.8590,171.5450,168.3027,169.2903,11031500
2026-05-08,171.1859,175.1864,170.8966,175.1066,11222200
2026-05-11,175.7351,177.8801,175.4558,177.4611,10461800
2026-05-12,175.7351,176.5731,170.7968,174.7874,15950700
2026-05-13,176.8525,177.3214,173.8496,176.4335,9817900
2026-05-14,176.9423,179.7955,176.4534,179.0772,11424900
2026-05-15,175.7950,178.2791,174.2187,175.8449,14519000
2026-05-18,177.2017,177.4311,171.5051,173.9494,19162600
2026-05-19,172.2733,174.7674,170.4277,172.8320,15751400
2026-05-20,174.2486,176.8325,173.5403,176.7228,12630300
2026-05-21,175.4159,178.5585,175.4159,178.1794,10873200
2026-05-22,179.6060,181.3020,179.1371,179.9651,10739900
2026-05-26,182.7685,185.5619,182.1600,184.7040,12500300
2026-05-27,185.7415,185.8313,182.1101,183.9956,12297400
2026-05-28,184.3947,187.1382,183.3571,186.4099,11167600
2026-05-29,188.8841,191.1787,188.7544,190.5701,15031700
2026-06-01,191.8671,196.0372,190.6998,195.2990,18968800
2026-06-02,195.9873,197.9128,195.2890,197.7432,10175200
2026-06-03,197.9028,198.2619,194.0718,195.7678,11582100
2026-06-04,191.0689,194.2814,189.2433,192.7151,13142600
2026-06-05,188.4451,188.7744,179.3765,179.8754,26816100
2026-06-08,184.7838,186.2703,182.7386,183.7462,14685000
2026-06-09,185.4721,186.6394,172.4728,180.3443,29884400
2026-06-10,177.7404,181.9804,175.7351,176.2140,20059800
2026-06-11,177.3713,183.2274,176.0843,182.7785,18238400
2026-06-12,182.8084,185.4023,181.2122,184.3648,15014300
2026-06-15,189.9216,191.6276,189.3031,191.3383,13097800
2026-06-16,190.7796,191.7972,185.9909,186.0009,10077200
2026-06-17,188.5648,189.5425,184.8636,185.3624,14396100
2026-06-18,189.9715,191.5478,188.9340,190.9891,12101600
2026-06-22,192.7251,194.0735,190.6375,191.9260,11313000
2026-06-23,184.4647,187.0317,183.4859,183.9753,14633600
2026-06-24,183.8555,185.4436,180.5793,182.8366,12323700
2026-06-25,187.9307,188.1904,180.1698,184.3549,13218200
2026-06-26,180.7890,182.8966,179.5505,180.8989,13433900
2026-06-29,182.9065,185.4436,178.4617,185.1939,11857000
2026-06-30,185.5435,190.7174,185.3837,190.2979,10729900
2026-07-01,186.6122,187.7609,185.1639,185.4036,9960300
2026-07-02,185.2738,187.1616,178.5117,180.3795,14173100
2026-07-06,182.4471,185.4935,181.8278,183.3560,8923100
2026-07-07,179.6304,180.5093,176.1544,178.9711,12254800
2026-07-08,177.2731,181.4183,176.9435,181.1886,10528300
2026-07-09,184.5446,186.1827,183.3460,185.1340,7756600
2026-07-10,183.7955,186.0129,182.8766,185.5634,6162000
2026-07-13,182.8866,183.6856,180.3296,181.0687,8595100
2026-07-14,183.4959,184.2150,181.1186,183.4060,6399600
2026-07-15,184.8942,185.0740,178.0123,181.3683,9256800
2026-07-16,178.7914,179.2708,176.2044,177.3131,8666500
2026-07-17,172.6485,177.7126,171.1403,175.3853,12036700
2026-07-20,176.9835,178.4917,175.3154,175.5052,7638600
2026-07-21,179.3507,180.8090,177.9623,180.5693,7506800
2026-07-22,177.9523,181.2185,177.9423,180.0599,5357600
2026-07-23,178.5916,180.1797,176.9934,178.2420,7177000
2026-07-24,177.6127,178.8013,174.8460,175.6750,7739600
2026-07-27,177.6227,178.0922,171.5298,174.0968,8376600
2026-07-28,171.0104,171.9693,167.3447,170.8906,10049300
2026-07-29,170.9205,172.3089,166.2660,166.3759,14372900
2026-07-30,172.6086,175.8847,171.9593,175.5252,15098400
2026-07-31,177.2532,178.4118,172.4987,175.1456,9146200
2026-08-03,173.8072,178.7114,172.8383,177.8325,9343400
2026-08-04,182.3073,187.4912,181.6580,186.6821,13495800
2026-08-05,187.1216,188.4001,185.4935,185.6933,7571400
2026-08-06,182.9765,186.6921,181.8478,185.1140,6706000
2026-08-07,187.7709,188.5100,185.5235,187.7509,6361200
2026-08-10,187.8608,188.6199,186.0529,186.1028,6486800
2026-08-11,187.4712,187.4912,184.8543,185.8731,5759200
2026-08-12,189.2492,189.3690,188.1105,188.6399,5887200
2026-08-13,188.9096,191.5165,188.6399,190.5476,4873900
2026-08-14,190.9172,191.1270,189.0294,189.7885,3634400
2026-08-17,190.5676,191.5265,189.8884,190.0982,6099500
2026-08-18,186.0728,187.2814,184.1151,185.4036,8436300
2026-08-19,186.1727,186.6921,182.1974,183.4259,7310400
2026-08-20,183.2561,184.4947,182.4471,182.8866,5012100
2026-08-21,184.2050,184.3449,181.6880,183.0963,5781100
2026-08-24,181.4682,181.6680,178.6116,179.8401,6540100
2026-08-25,181.8977,182.8067,180.3795,181.5282,5363500
2026-08-26,180.4994,183.1363,180.4994,182.6269,4662700
2026-08-27,186.2526,188.5200,185.4536,188.3902,8136000
2026-08-28,187.8508,188.4501,185.2938,185.4736,6300200
2026-08-31,185.5634,186.4324,185.0640,186.2826,4874800
2026-09-01,183.4859,184.7045,182.4171,183.4259,7648700
2026-09-02,183.2462,183.5658,182.0576,183.3860,5698700
2026-09-03,183.3061,186.1028,182.2773,185.7532,6091100
2026-09-04,186.9718,187.9806,186.2027,187.0617,5103800
2026-09-08,188.4201,188.8596,186.8020,187.6510,8421300
2026-09-09,187.3114,188.6099,186.9318,187.6510,5990000
2026-09-10,185.0241,186.3026,184.3549,185.0041,5568800
2026-09-11,187.1316,188.4201,186.6622,187.4512,6534700
2026-09-14,182.7867,185.3837,181.8678,184.0652,8532300
2026-09-15,184.2849,184.8543,183.2462,183.5258,6147600
2026-09-16,184.7144,185.9130,182.2074,183.7156,8061600
2026-09-17,187.0817,188.3102,186.5123,187.8408,7390700
2026-09-18,189.0094,189.5887,187.3014,189.3790,6996200
2026-09-21,191.7900,195.0900,190.9700,194.8500,9038700
2026-09-22,,,,,8568988
