date,o,h,l,c,v
1998-12-22,16.5069,16.6732,16.5069,16.6524,5700
1998-12-23,16.7564,17.0266,16.7564,17.0266,18100
1998-12-24,17.0474,17.1306,16.9747,17.1306,4900
1998-12-28,17.0786,17.1306,16.8811,16.8811,15500
1998-12-29,16.8811,17.2553,16.8811,17.2553,5300
1998-12-30,17.2969,17.3177,17.1098,17.1098,17300
1998-12-31,17.1721,17.2969,17.1306,17.2969,6600
1999-01-04,17.4632,17.5464,17.1514,17.2553,249200
1999-01-05,17.2969,17.5256,17.2969,17.5256,4400
1999-01-06,17.6503,17.8166,17.6087,17.8166,38500
1999-01-07,17.6503,17.7543,17.5256,17.7335,15900
1999-01-08,17.7750,17.9518,17.7750,17.9518,24400
1999-01-11,17.9414,18.1285,17.8374,17.9933,7700
1999-01-12,18.0453,18.1285,17.8998,17.9206,270700
1999-01-13,17.1514,17.8790,17.1514,17.7543,7100
1999-01-14,17.8166,17.8686,17.5464,17.6087,12200
1999-01-15,17.6711,17.8998,17.6711,17.8478,7700
1999-01-19,18.1493,18.3987,18.0453,18.3572,22700
1999-01-20,18.4611,18.7106,18.3572,18.4611,25800
1999-01-21,18.4195,18.4195,17.7750,17.8166,23200
1999-01-22,17.6919,17.8790,17.5672,17.7439,67100
1999-01-25,17.7542,17.8998,17.7542,17.8894,495300
1999-01-26,17.9206,17.9829,17.7439,17.9725,187400
1999-01-27,18.0245,18.0245,17.7958,17.7958,6800
1999-01-28,17.9622,18.1908,17.9622,18.1285,25800
1999-01-29,18.1493,18.1493,17.8998,18.1285,13800
1999-02-01,18.2116,18.2740,18.0661,18.2324,34000
1999-02-02,17.9414,17.9933,17.7127,17.9622,141700
1999-02-03,17.9206,18.3052,17.9206,18.3052,38900
1999-02-04,18.1908,18.2532,18.0453,18.1701,7400
1999-02-05,18.1701,18.1701,17.8374,17.9622,16900
1999-02-08,18.0453,18.0453,17.8790,17.9518,6500
1999-02-09,18.0037,18.0245,17.6295,17.6295,220800
1999-02-10,17.5048,17.6711,17.4216,17.6711,17800
1999-02-11,17.6087,18.1493,17.5464,18.1493,5300
1999-02-12,18.0453,18.0453,17.7750,17.8790,8400
1999-02-16,17.9622,18.1700,17.9622,18.0453,18500
1999-02-17,18.0037,18.1285,17.8374,17.8582,12900
1999-02-18,17.9206,18.0973,17.8062,18.0869,11500
1999-02-19,18.0869,18.2116,18.0869,18.1389,13900
1999-02-22,18.2116,18.5339,18.1700,18.5235,17800
1999-02-23,18.5650,18.5650,18.2948,18.4923,15000
1999-02-24,18.5443,18.6170,18.2740,18.2740,28000
1999-02-25,18.1908,18.1908,17.8790,18.0973,98900
1999-02-26,18.1701,18.2012,17.8894,18.1493,10800
1999-03-01,18.1077,18.1285,17.8998,18.1181,8800
1999-03-02,18.2324,18.3883,17.9933,18.1077,11500
1999-03-03,18.1701,18.1701,17.9622,17.9933,13100
1999-03-04,18.2532,18.3156,18.1181,18.3156,10400
1999-03-05,18.5858,18.7729,18.5235,18.7314,25400
1999-03-08,18.6898,18.7522,18.5858,18.7522,62700
1999-03-09,18.5235,18.7937,18.5027,18.6066,12200
1999-03-10,18.5858,18.7730,18.4819,18.7730,10700
1999-03-11,18.7729,19.0016,18.7729,18.8977,23600
1999-03-12,18.9808,19.0640,18.7937,18.7937,24600
1999-03-15,18.9185,18.9912,18.7729,18.8561,144800
1999-03-16,18.9185,18.9185,18.7833,18.8145,9100
1999-03-17,18.7522,18.8665,18.6378,18.7106,2700
1999-03-18,18.6066,18.9704,18.6066,18.9704,9500
1999-03-19,18.9808,19.0640,18.8145,18.8873,6900
1999-03-22,18.8353,19.0224,18.8145,18.8353,40900
1999-03-23,18.7937,18.7937,18.2532,18.3156,15400
1999-03-24,18.2740,18.3987,18.1908,18.3987,12800
1999-03-25,18.5651,18.7106,18.4611,18.7106,9700
1999-03-26,18.5754,18.6482,18.5235,18.5650,6600
1999-03-29,18.5858,18.8457,18.5858,18.7937,8100
1999-03-30,18.7729,18.8665,18.6898,18.7314,37300
1999-03-31,18.7937,18.7937,18.6274,18.6274,6300
1999-04-01,18.6274,18.6794,18.3987,18.6274,22500
1999-04-05,18.9185,19.1264,18.9185,19.0432,12400
1999-04-06,19.1264,19.2095,19.0016,19.0640,14500
1999-04-07,19.1887,19.5214,19.1887,19.4278,15700
1999-04-08,19.3758,19.6253,19.3551,19.6253,29600
1999-04-09,19.6253,19.6877,19.4798,19.6877,6600
1999-04-12,19.4798,20.1866,19.4798,20.1866,87300
1999-04-13,20.2490,20.2698,19.9787,19.9787,23600
1999-04-14,20.1243,20.1658,19.7916,19.7916,96900
1999-04-15,19.8332,19.8332,19.1472,19.2927,17800
1999-04-16,19.2927,19.2927,18.9808,19.1056,10400
1999-04-19,19.2511,19.3551,18.5443,18.5858,32700
1999-04-20,18.7106,18.9393,18.5650,18.9393,15700
1999-04-21,18.8977,19.3758,18.8977,19.3758,16000
1999-04-22,19.4590,19.8540,19.4590,19.7708,20200
1999-04-23,19.8956,20.2178,19.8956,20.2178,9800
1999-04-26,20.3114,20.3114,20.0827,20.1866,36200
1999-04-27,20.3426,20.3530,20.0203,20.2074,13900
1999-04-28,20.1243,20.1243,19.6669,19.6669,25500
1999-04-29,19.7085,19.8332,19.3135,19.4382,9800
1999-04-30,19.5837,19.6877,19.2927,19.2927,5800
1999-05-03,19.5214,19.6877,19.4590,19.6669,13000
1999-05-04,19.7501,19.7501,19.2927,19.2927,23000
1999-05-05,19.3551,19.5006,19.1680,19.4590,17100
1999-05-06,19.5422,19.6877,19.5006,19.5422,17500
1999-05-07,19.7085,19.7085,19.4174,19.4798,8000
1999-05-10,19.5006,19.6669,19.3966,19.4382,27300
1999-05-11,19.6669,19.7916,19.6253,19.7501,51000
1999-05-12,19.6045,19.9995,19.5629,19.9372,8100
1999-05-13,20.0203,20.0203,19.7916,19.8124,9600
1999-05-14,19.3759,19.5006,19.3759,19.4590,4600
1999-05-17,19.2303,19.3343,19.0848,19.3343,5800
1999-05-18,19.2511,19.4382,19.1264,19.1264,8500
1999-05-19,19.2719,19.4174,19.2303,19.3551,12100
1999-05-20,19.4590,19.7085,19.4590,19.6149,15300
1999-05-21,19.5422,19.5422,19.3343,19.3966,8400
1999-05-24,19.4382,19.4590,18.9393,18.9393,14000
1999-05-25,18.9601,19.1264,18.7522,18.7522,7200
1999-05-26,18.8769,18.8769,18.6066,18.7730,9300
1999-05-27,18.7002,18.7002,18.4507,18.5650,6600
1999-05-28,18.6274,18.7106,18.5962,18.7002,6000
1999-06-01,18.6066,18.7522,18.5235,18.7522,4400
1999-06-02,18.8561,18.8561,18.4819,18.6898,9200
1999-06-03,18.8145,18.9185,18.8145,18.8353,4900
1999-06-04,19.2095,19.3135,19.1679,19.2927,1200
1999-06-07,19.1264,19.1264,18.9808,19.1264,4200
1999-06-08,19.0432,19.1368,18.9704,18.9704,6400
1999-06-09,18.9808,19.1264,18.9497,18.9808,3000
1999-06-10,18.7729,18.8249,18.5858,18.8249,13300
1999-06-11,18.9185,18.9393,18.6066,18.6066,2500
1999-06-14,18.7937,18.7937,18.6690,18.7106,12700
1999-06-15,18.8353,19.0848,18.8353,18.9185,3600
1999-06-16,19.2511,19.2927,19.2303,19.2927,13500
1999-06-17,19.3343,19.4694,19.2719,19.3862,12300
1999-06-18,19.2927,19.3966,19.2511,19.2927,6200
1999-06-21,19.3550,19.3550,19.1887,19.1991,14100
1999-06-22,19.3550,19.3550,19.1679,19.1679,3900
1999-06-23,19.0952,19.2095,18.9393,19.2095,7900
1999-06-24,19.0016,19.0640,18.7626,18.8561,14100
1999-06-25,19.0432,19.0432,18.8769,18.8769,3000
1999-06-28,18.9185,19.0848,18.8977,19.0848,3000
1999-06-29,19.1264,19.3135,19.0640,19.2719,2100
1999-06-30,19.3135,19.6045,19.1264,19.5214,22500
1999-07-01,19.4382,19.6253,19.3758,19.5837,3900
1999-07-02,19.6461,19.6461,19.4382,19.5837,17700
1999-07-06,19.3758,19.5629,19.3758,19.5422,7100
1999-07-07,19.5422,19.6669,19.5214,19.6669,3200
1999-07-08,19.5422,19.6773,19.5006,19.6253,9600
1999-07-09,19.5629,19.7085,19.5629,19.7085,17000
1999-07-12,19.7501,19.8124,19.6253,19.7501,4700
1999-07-13,19.7085,19.7916,19.6669,19.7085,5300
1999-07-14,19.7916,19.7916,19.5837,19.7501,19700
1999-07-15,19.8956,19.8956,19.7293,19.8436,12700
1999-07-16,19.8540,19.9164,19.7293,19.8540,4900
1999-07-19,19.9787,19.9787,19.7501,19.7708,7000
1999-07-20,19.7085,19.8124,19.6461,19.6877,18900
1999-07-21,19.5837,19.7293,19.5422,19.6461,16200
1999-07-22,19.5422,19.6253,19.3135,19.3343,12100
1999-07-23,19.2927,19.4174,19.1264,19.1679,27300
1999-07-26,19.0016,19.2719,19.0016,19.1887,17400
1999-07-27,19.4798,19.6045,19.3135,19.5422,16300
1999-07-28,19.4798,19.5214,19.3550,19.3966,7400
1999-07-29,19.1887,19.2095,19.0016,19.0640,10500
1999-07-30,19.0848,19.1887,18.9393,18.9393,2800
1999-08-02,18.9601,19.0640,18.7937,18.8145,87600
1999-08-03,18.8353,18.8353,18.5754,18.7314,5500
1999-08-04,18.6898,18.7314,18.4611,18.4611,86400
1999-08-05,18.4611,18.4611,18.0869,18.4091,31900
1999-08-06,18.2324,18.3156,18.1285,18.2116,11700
1999-08-09,18.2116,18.2948,18.1700,18.2324,6200
1999-08-10,18.0661,18.0661,17.7543,17.8686,6000
1999-08-11,17.8270,18.0453,17.8270,18.0453,11700
1999-08-12,18.0869,18.1700,17.9829,18.0453,10000
1999-08-13,18.2948,18.4195,18.2740,18.3572,8000
1999-08-16,18.3779,18.5235,18.3364,18.3572,18400
1999-08-17,18.5443,18.6482,18.4507,18.5858,15100
1999-08-18,18.6690,18.8041,18.5755,18.7106,7900
1999-08-19,18.4611,18.6274,18.4299,18.6274,4900
1999-08-20,18.6690,18.7106,18.5858,18.5858,2700
1999-08-23,18.7729,18.7937,18.6794,18.7625,8700
1999-08-24,18.7106,18.7106,18.3779,18.5027,14300
1999-08-25,18.3987,18.8769,18.3883,18.8769,22100
1999-08-26,18.7522,18.8561,18.6482,18.7314,6000
1999-08-27,18.7522,18.7522,18.5131,18.5962,6500
1999-08-30,18.5755,18.5755,18.1493,18.1493,18000
1999-08-31,18.0869,18.1804,17.8790,18.0869,18100
1999-09-01,18.0037,18.1908,17.9829,18.1077,3800
1999-09-02,17.9206,18.0349,17.8998,17.9206,8600
1999-09-03,18.3468,18.5547,18.3364,18.4923,6200
1999-09-07,18.6586,18.7730,18.6586,18.7106,11500
1999-09-08,18.6274,18.7937,18.6274,18.6274,14300
1999-09-09,18.6066,18.6586,17.7958,18.5027,6900
1999-09-10,18.5962,18.6690,18.4923,18.6066,11300
1999-09-13,18.5858,18.6170,18.4715,18.5754,5500
1999-09-14,18.4507,18.5339,18.3883,18.3883,6100
1999-09-15,18.5027,18.5235,18.1701,18.2116,7300
1999-09-16,18.1077,18.2220,18.0037,18.2220,7000
1999-09-17,18.3052,18.7418,18.3052,18.7418,9800
1999-09-20,18.8353,18.8353,18.1701,18.5131,7600
1999-09-21,18.3571,18.9081,18.1389,18.1804,9600
1999-09-22,18.2012,18.2532,18.0245,18.1389,4800
1999-09-23,18.1804,18.2844,17.9414,17.9414,4000
1999-09-24,17.9726,17.9726,17.6503,17.6607,5500
1999-09-27,17.8790,17.8790,17.7647,17.7958,5200
1999-09-28,17.7127,17.7854,17.4424,17.6295,20000
1999-09-29,17.7335,17.8582,17.6815,17.6815,3900
1999-09-30,17.7127,17.8998,17.6087,17.8374,9600
1999-10-01,17.8062,17.8686,17.5360,17.7750,9900
1999-10-04,17.7958,18.0453,17.7958,18.0453,6400
1999-10-05,17.9622,18.0245,17.8062,17.8062,9200
1999-10-06,17.8374,18.2532,17.8374,18.2532,21700
1999-10-07,18.2220,18.3052,18.0661,18.0869,12600
1999-10-08,18.0141,18.2844,18.0141,18.2844,4300
1999-10-11,18.1700,18.3364,18.1700,18.2324,3600
1999-10-12,18.0869,18.1285,17.9206,17.9206,4300
1999-10-13,17.8894,17.9206,17.5256,17.5256,12900
1999-10-14,17.4112,17.5672,17.3593,17.4632,5200
1999-10-15,17.1722,17.2969,17.0474,17.1618,7100
1999-10-18,16.9954,17.1306,16.8499,17.0786,3900
1999-10-19,17.3281,17.4008,17.0890,17.0890,6300
1999-10-20,17.4008,17.5464,17.2657,17.5048,46400
1999-10-21,17.4112,17.5360,17.3593,17.5360,4200
1999-10-22,17.6295,17.7750,17.6295,17.7543,25900
1999-10-25,17.7127,17.7543,17.5879,17.7543,24600
1999-10-26,17.7958,17.8374,17.6295,17.6295,30800
1999-10-27,17.6607,17.6815,17.4424,17.6295,33200
1999-10-28,17.9310,18.3987,17.9310,18.3883,8000
1999-10-29,18.7522,18.9601,18.7002,18.7418,39400
1999-11-01,18.8249,18.8249,18.7106,18.7522,22400
1999-11-02,18.8145,18.8457,18.4923,18.5131,19900
1999-11-03,18.6482,18.6482,18.4507,18.5962,7400
1999-11-04,18.7106,18.8769,18.7106,18.8041,8800
1999-11-05,19.0640,19.0640,18.7210,18.7210,23600
1999-11-08,18.6274,18.7937,18.6274,18.7522,16600
1999-11-09,18.8353,18.8457,18.5858,18.6274,10000
1999-11-10,18.4091,18.7522,18.4091,18.7418,21300
1999-11-11,18.9081,19.0224,18.8561,18.9601,8000
1999-11-12,19.2199,19.3758,18.9808,19.3343,33500
1999-11-15,19.2927,19.5214,19.2927,19.4174,15700
1999-11-16,19.4590,19.6981,19.4590,19.6669,17700
1999-11-17,19.6253,19.6253,19.4590,19.4694,3300
1999-11-18,19.4798,19.7293,19.4798,19.5941,8200
1999-11-19,19.6045,19.6045,19.4694,19.5006,8700
1999-11-22,19.2927,19.3551,19.2095,19.2927,15700
1999-11-23,19.2303,19.2303,18.9393,18.9704,7000
1999-11-24,18.9185,19.2407,18.9185,19.2407,21400
1999-11-26,19.1679,19.1679,19.0848,19.0848,9400
1999-11-29,18.9704,19.1056,18.9704,18.9704,31700
1999-11-30,19.0016,19.1679,18.8977,18.9601,7500
1999-12-01,18.9393,19.0224,18.8769,18.9185,40700
1999-12-02,18.9601,19.0848,18.9601,19.0848,20800
1999-12-03,19.2511,19.7293,19.2511,19.4590,24600
1999-12-06,19.5318,19.5837,19.4590,19.5733,40700
1999-12-07,19.5837,19.6669,19.5214,19.5214,11500
1999-12-08,19.5629,19.7812,19.5629,19.7085,38900
1999-12-09,19.8436,20.0411,19.8436,20.0099,12100
1999-12-10,20.1243,20.1243,19.8020,19.8852,18800
1999-12-13,19.7501,19.9268,19.7501,19.7501,10700
1999-12-14,19.6461,19.8436,19.6461,19.7916,16000
1999-12-15,19.6669,19.8956,19.5941,19.6253,8400
1999-12-16,19.7085,19.7812,19.5422,19.7812,9500
1999-12-17,19.9372,20.1243,19.8332,20.1243,485300
1999-12-20,20.1793,20.3466,20.0538,20.0538,301300
1999-12-21,19.9493,20.1166,19.8866,19.9284,558700
1999-12-22,19.9806,20.0747,19.9284,19.9493,153500
1999-12-23,20.0747,20.4302,20.0747,20.3675,445400
1999-12-27,20.5766,20.5766,20.3675,20.3675,500800
1999-12-28,20.3466,20.5243,20.3466,20.4093,112800
1999-12-29,20.2839,20.3989,20.2839,20.3989,27900
1999-12-30,20.3466,20.5766,20.3466,20.4721,7300
1999-12-31,20.4721,20.6707,20.4721,20.6707,7200
2000-01-03,20.7439,20.7439,20.1166,20.2734,246700
2000-01-04,20.2002,20.2107,19.7611,19.8133,35300
2000-01-05,19.9284,19.9284,19.5520,19.6356,137600
2000-01-06,19.6147,19.7820,19.5101,19.6983,50000
2000-01-07,19.7193,19.9388,19.6461,19.9388,22100
2000-01-10,21.5804,22.0404,21.1621,21.9777,31800
2000-01-11,21.7686,21.7686,21.3817,21.3921,17900
2000-01-12,21.5594,21.5594,20.9530,21.0367,12400
2000-01-13,21.2249,21.7058,21.1412,21.6640,600000
2000-01-14,21.8104,21.8104,21.3503,21.4758,23600
2000-01-18,21.3294,21.3294,21.0576,21.0785,417300
2000-01-19,21.1412,21.5804,21.0785,21.5804,10400
2000-01-20,21.6849,21.7476,21.3294,21.4131,64200
2000-01-21,21.3294,21.4444,21.2040,21.3712,37300
2000-01-24,21.4340,21.5385,20.7335,20.7335,72100
2000-01-25,20.9112,21.0367,20.7439,20.8798,24400
2000-01-26,20.8694,20.9425,20.7439,20.7857,10500
2000-01-27,20.8798,21.0053,20.6603,20.6603,10700
2000-01-28,20.7021,20.7648,20.2420,20.2420,18100
2000-01-31,20.3257,20.3257,19.9807,20.1479,27500
2000-02-01,20.2211,20.4302,20.1793,20.4093,161600
2000-02-02,20.5557,20.9112,20.5557,20.9112,7700
2000-02-03,20.8798,21.1517,20.7544,21.0994,31500
2000-02-04,21.2353,21.2876,21.0367,21.1726,11300
2000-02-07,21.1621,21.1621,20.7334,20.8275,36400
2000-02-08,20.8694,21.0994,20.8694,21.0576,265000
2000-02-09,21.0367,21.0367,20.5871,20.6812,19000
2000-02-10,20.6603,20.7857,20.4930,20.5034,5000
2000-02-11,20.5034,20.6603,20.4616,20.5139,9200
2000-02-14,20.2839,20.3884,20.0120,20.1375,14900
2000-02-15,20.0957,20.0957,19.8238,19.9806,23100
2000-02-16,19.8238,19.9075,19.4056,19.4160,35000
2000-02-17,19.5101,19.6042,19.3219,19.4056,15300
2000-02-18,19.3638,19.3951,18.8723,18.8723,109900
2000-02-22,19.0396,19.0396,18.6319,18.7364,35300
2000-02-23,18.6946,19.1547,18.6946,19.0292,17500
2000-02-24,19.0501,19.1337,18.5691,18.8828,172800
2000-02-25,18.8410,18.8619,18.0673,18.2973,21200
2000-02-28,18.3809,18.6214,18.2555,18.6214,103600
2000-02-29,18.6946,18.9769,18.6214,18.8305,15500
2000-03-01,18.9142,19.0919,18.7573,18.9874,26700
2000-03-02,18.9665,19.0292,18.8410,18.9037,47600
2000-03-03,19.0501,19.2069,18.9665,19.1651,372700
2000-03-06,19.0396,19.1442,18.7887,18.7887,316300
2000-03-07,18.7992,18.9037,18.4019,18.4437,635200
2000-03-08,18.2764,18.5273,18.2764,18.3496,184000
2000-03-09,18.3809,18.8410,18.3182,18.7783,15400
2000-03-10,18.7364,18.8724,18.6110,18.6214,165300
2000-03-13,18.2137,18.6319,18.2137,18.4855,64200
2000-03-14,18.6110,18.7992,18.5378,18.5378,36200
2000-03-15,18.6319,18.7782,18.4437,18.6319,42200
2000-03-16,18.8201,19.5938,18.8201,19.5938,168500
2000-03-17,19.5101,19.8029,19.4474,19.6147,62000
2000-03-20,19.9493,20.0747,19.8761,19.9911,8200
2000-03-21,20.0748,20.1584,19.8866,20.1166,18100
2000-03-22,20.2839,20.7753,20.2839,20.6289,29900
2000-03-23,20.4930,20.8485,20.4930,20.7125,24900
2000-03-24,20.7439,20.9844,20.7439,20.8903,9200
2000-03-27,20.7753,20.9844,20.7439,20.7439,14400
2000-03-28,20.7439,20.8589,20.6603,20.7648,13700
2000-03-29,20.5975,20.6289,20.3466,20.4512,6800
2000-03-30,20.4093,20.4930,20.0643,20.1584,14000
2000-03-31,20.3048,20.5243,20.1166,20.5243,14400
2000-04-03,20.6916,20.6916,20.5139,20.5139,11200
2000-04-04,20.6289,20.8276,19.6983,20.2839,7600
2000-04-05,20.0748,20.3048,20.0225,20.1479,7100
2000-04-06,20.2630,20.6394,20.2630,20.5348,29000
2000-04-07,20.6184,20.6812,20.4407,20.5871,6000
2000-04-10,20.6184,20.6498,20.4512,20.4512,16000
2000-04-11,20.4093,20.6289,20.3989,20.6289,10100
2000-04-12,20.6603,20.7021,20.2525,20.2525,13100
2000-04-13,20.0852,20.1166,19.6565,19.7402,17500
2000-04-14,19.0501,19.1338,18.5482,18.5482,9800
2000-04-17,18.5901,18.7783,18.1614,18.7051,16900
2000-04-18,18.6632,19.2174,18.6632,19.2174,50900
2000-04-19,19.5311,19.7402,19.4683,19.7193,7200
2000-04-20,19.7193,19.8029,19.5729,19.8029,4000
2000-04-24,19.4056,19.6147,19.3219,19.5206,18000
2000-04-25,19.6147,20.0120,19.6147,20.0120,3600
2000-04-26,20.0747,20.3884,20.0747,20.2211,15500
2000-04-27,19.8238,20.2002,19.8238,20.0957,5200
2000-04-28,20.4616,20.4616,20.2002,20.2839,4900
2000-05-01,20.3466,20.4511,20.2629,20.3466,3500
2000-05-02,20.0329,20.0329,19.8343,19.9388,3800
2000-05-03,19.6147,19.6774,19.1965,19.3847,10600
2000-05-04,19.3219,19.4474,19.2488,19.3219,18600
2000-05-05,19.2592,19.4265,19.2592,19.3010,4700
2000-05-08,19.1860,19.3428,19.1233,19.3428,5800
2000-05-09,19.3638,19.3638,19.1756,19.2069,6200
2000-05-10,19.3638,19.4683,19.0501,19.1756,9100
2000-05-11,19.1756,19.2383,19.1128,19.1547,3800
2000-05-12,19.3219,19.5520,19.3010,19.4892,5100
2000-05-15,19.4056,19.8238,19.4056,19.8133,8000
2000-05-16,19.9702,20.1793,19.9702,20.0747,11200
2000-05-17,19.8447,20.0120,19.8029,19.8447,6600
2000-05-18,19.9493,19.9493,19.7820,19.8238,2200
2000-05-19,19.5101,19.5101,19.2801,19.3010,5500
2000-05-22,19.2801,19.2801,18.9874,19.0815,47300
2000-05-23,19.1128,19.1756,18.9246,18.9246,6600
2000-05-24,19.2801,19.2801,18.7887,19.0501,7800
2000-05-25,19.0710,19.1965,18.9037,18.9037,112100
2000-05-26,19.0710,19.0710,18.7155,18.7573,139600
2000-05-30,18.9246,19.5729,18.9246,19.5311,52200
2000-05-31,19.5729,19.7402,19.4892,19.7402,41100
2000-06-01,19.7820,19.8447,19.5729,19.6147,19300
2000-06-02,19.9702,20.2420,19.9493,20.0957,26900
2000-06-05,20.1793,20.2107,19.9911,20.0329,8100
2000-06-06,19.9911,20.0538,19.8029,19.8656,22800
2000-06-07,19.8029,19.9493,19.6774,19.8133,9400
2000-06-08,19.9075,19.9075,19.6565,19.6565,9500
2000-06-09,19.8029,20.0538,19.8029,19.9493,14300
2000-06-12,19.9075,19.9075,19.6565,19.7611,17200
2000-06-13,19.5938,19.6774,19.4892,19.4892,4100
2000-06-14,19.8656,19.9702,19.7193,19.8238,10100
2000-06-15,20.0747,20.3884,20.0747,20.3884,57000
2000-06-16,20.2839,20.4093,20.1166,20.1584,1318500
2000-06-19,20.2839,20.3466,20.1793,20.2839,21100
2000-06-20,20.1166,20.3257,20.0329,20.2525,5300
2000-06-21,20.0957,20.2420,20.0747,20.1584,134600
2000-06-22,20.0748,20.2211,20.0748,20.1166,25200
2000-06-23,20.1166,20.1166,19.6147,19.7402,2900
2000-06-26,19.7402,19.7402,19.4892,19.5520,6600
2000-06-27,19.5101,19.6565,19.4474,19.5101,59200
2000-06-28,19.6356,19.7297,19.4265,19.4265,42100
2000-06-29,19.4056,19.7193,19.3429,19.7193,31900
2000-06-30,19.6565,19.7820,19.6252,19.7820,16600
2000-07-03,19.5729,19.7402,19.5729,19.7402,2400
2000-07-05,19.7820,19.9284,19.6774,19.8656,83100
2000-07-06,19.8865,19.9702,19.6774,19.8238,12400
2000-07-07,19.7402,20.0120,19.7402,19.9911,14400
2000-07-10,19.9702,19.9702,19.6774,19.8238,23200
2000-07-11,19.5938,19.7402,19.5520,19.6042,6400
2000-07-12,19.8970,20.0747,19.7820,19.9702,98400
2000-07-13,19.8447,20.1166,19.8447,20.0329,5600
2000-07-14,20.1793,20.3466,20.0538,20.3466,4000
2000-07-17,20.3675,20.3675,20.0747,20.0957,26200
2000-07-18,19.9284,20.0120,19.7715,19.7820,56600
2000-07-19,19.8656,20.0538,19.8238,19.9075,7600
2000-07-20,20.0120,20.2629,20.0120,20.2211,2000
2000-07-21,20.1375,20.1375,19.6983,19.7193,6500
2000-07-24,19.7402,19.7402,19.5102,19.5311,61200
2000-07-25,19.6983,19.6983,19.4683,19.5415,42500
2000-07-26,19.5729,19.5938,19.3847,19.3847,26900
2000-07-27,19.4892,19.6356,19.4579,19.5101,2000
2000-07-28,19.5520,19.5520,19.1547,19.3010,7800
2000-07-31,19.4056,19.4892,19.3638,19.4892,33800
2000-08-01,19.4265,19.8029,19.4265,19.6565,6200
2000-08-02,19.6147,19.8238,19.6147,19.7402,9500
2000-08-03,19.6984,19.8447,19.5938,19.8447,18400
2000-08-04,20.1793,20.4093,20.0957,20.2525,57300
2000-08-07,20.2629,20.3048,20.0957,20.0957,3500
2000-08-08,20.2629,20.2839,20.0957,20.1584,4000
2000-08-09,20.0538,20.1166,19.9702,19.9702,7900
2000-08-10,19.9284,20.0120,19.8447,20.0120,28700
2000-08-11,19.9911,20.3048,19.9911,20.1375,10400
2000-08-14,20.3048,20.3675,20.1793,20.3675,3400
2000-08-15,20.2629,20.5139,20.1166,20.2629,32800
2000-08-16,20.3466,20.3466,19.9284,19.9702,3700
2000-08-17,20.0120,20.2211,20.0120,20.1584,60400
2000-08-18,20.0957,20.1584,20.0434,20.1584,2100
2000-08-21,20.1584,20.2839,20.1584,20.2211,3800
2000-08-22,20.0538,20.0538,19.9493,19.9702,3800
2000-08-23,19.9284,20.1061,19.8865,19.9911,41100
2000-08-24,20.0747,20.0747,19.9075,19.9388,2100
2000-08-25,20.0748,20.2734,20.0748,20.2734,5300
2000-08-28,20.2211,20.2211,20.0434,20.0747,13100
2000-08-29,20.1688,20.3048,20.1061,20.1688,23800
2000-08-30,20.1689,20.3780,20.1689,20.3048,9500
2000-08-31,20.2420,20.3675,20.1584,20.1793,3700
2000-09-01,20.0957,20.2629,20.0957,20.1584,68400
2000-09-05,20.0747,20.0747,19.5833,19.7611,436100
2000-09-06,19.7611,19.9284,19.6774,19.6774,36400
2000-09-07,19.8029,19.8029,19.4892,19.5206,37500
2000-09-08,19.6147,19.7193,19.5311,19.5311,956100
2000-09-11,19.5101,19.7402,19.4474,19.6042,536300
2000-09-12,19.6774,19.7611,19.4892,19.5938,561400
2000-09-13,19.6147,19.8029,19.4997,19.8029,14300
2000-09-14,19.8552,19.8552,19.5938,19.5938,43100
2000-09-15,19.7506,19.7506,19.5101,19.5101,21900
2000-09-18,19.6565,19.7402,19.3847,19.4788,50300
2000-09-19,19.3847,19.4265,19.2488,19.3533,13000
2000-09-20,19.1860,19.1860,18.8201,18.9769,14700
2000-09-21,19.0083,19.1547,18.8305,19.1547,12100
2000-09-22,18.9665,18.9874,18.7364,18.9874,4800
2000-09-25,19.1756,19.3638,19.1756,19.2697,7100
2000-09-26,19.3847,19.3847,19.1965,19.2697,5400
2000-09-27,19.1547,19.1965,18.9455,18.9455,7200
2000-09-28,19.1128,19.4997,19.0710,19.4997,56300
2000-09-29,19.4265,19.4474,19.3219,19.4474,2600
2000-10-02,19.5729,19.6983,19.5520,19.6983,4000
2000-10-03,19.8238,19.9493,19.6983,19.7715,15900
2000-10-04,19.8238,19.9284,19.6774,19.9284,1700
2000-10-05,20.0329,20.3884,19.9911,20.1061,19900
2000-10-06,20.1584,20.1584,19.6356,19.6356,3700
2000-10-09,19.5938,19.5938,19.4579,19.5101,9400
2000-10-10,19.5102,19.7925,19.5102,19.5311,2000
2000-10-11,19.3429,19.4370,19.0292,19.0396,29100
2000-10-12,19.1337,19.1337,18.3182,18.4018,7900
2000-10-13,18.2346,18.9560,18.1300,18.7469,5700
2000-10-16,18.6319,18.6946,18.5064,18.5691,6400
2000-10-17,18.5064,18.6319,17.4818,17.6491,13500
2000-10-18,16.9799,18.0673,16.8544,17.9418,8700
2000-10-19,18.1091,18.1927,17.9627,18.1509,8100
2000-10-20,18.3287,18.9246,18.3287,18.5273,11400
2000-10-23,18.6946,18.8619,18.6319,18.7992,4000
2000-10-24,18.9455,19.2801,18.7783,18.8410,103300
2000-10-25,18.9037,18.9142,18.5064,18.5064,5800
2000-10-26,18.7782,18.8619,18.4959,18.7678,4800
2000-10-27,18.6946,18.9351,18.6946,18.9351,3000
2000-10-30,19.1128,19.3010,18.9037,19.3010,3700
2000-10-31,19.4265,19.7402,19.1965,19.7402,22700
2000-11-01,19.7715,19.8761,19.6356,19.8761,5900
2000-11-02,19.8238,20.0538,19.8238,20.0538,16200
2000-11-03,20.0747,20.1270,19.9702,19.9806,5400
2000-11-06,19.9493,20.2002,19.9493,20.1166,9100
2000-11-07,20.0538,20.2002,19.9702,20.2002,29100
2000-11-08,20.2420,20.3257,20.0329,20.0329,14800
2000-11-09,19.5101,19.5101,18.8410,19.1128,14700
2000-11-10,18.9874,19.1860,18.9874,19.0396,11200
2000-11-13,18.6528,18.7364,18.4228,18.6319,21200
2000-11-14,18.8619,19.1128,18.8410,19.0815,8600
2000-11-15,19.1547,19.2383,18.9769,19.1756,4000
2000-11-16,19.1756,19.1860,18.9455,18.9455,3700
2000-11-17,18.9037,19.1651,18.7155,18.8201,11500
2000-11-20,18.7155,18.7992,18.5482,18.7155,3500
2000-11-21,18.1091,18.2764,18.0673,18.2764,8200
2000-11-22,18.1509,18.1614,18.0255,18.0986,3500
2000-11-24,17.8791,18.1927,17.8791,18.1823,9400
2000-11-27,18.4646,18.4646,18.2764,18.2973,5000
2000-11-28,18.3182,18.4646,18.0673,18.0673,19800
2000-11-29,18.1091,18.2136,17.9627,18.1091,120200
2000-11-30,17.9000,18.0673,17.6490,17.9418,6100
2000-12-01,17.9836,18.2973,17.9836,18.0673,7400
2000-12-04,18.0255,18.1509,18.0045,18.0777,25500
2000-12-05,18.1300,18.6319,18.1300,18.5482,14600
2000-12-06,18.8201,18.8828,18.6737,18.7469,10700
2000-12-07,18.6110,18.6110,18.4019,18.4332,5000
2000-12-08,18.8201,18.9874,18.6946,18.8305,45300
2000-12-11,18.7992,19.0710,18.6737,19.0292,6600
2000-12-12,18.8201,19.1128,18.8201,19.0710,7600
2000-12-13,19.1756,19.2801,19.0919,19.1756,7200
2000-12-14,19.0083,19.1337,18.8619,19.0083,9300
2000-12-15,18.5482,18.7469,18.3809,18.5273,10300
2000-12-18,18.6875,18.7398,18.2797,18.4261,12800
2000-12-19,18.5307,18.8026,18.4470,18.4470,29600
2000-12-20,17.8196,18.0078,17.5058,17.6104,94400
2000-12-21,17.5477,17.7568,17.3803,17.7359,25800
2000-12-22,17.8823,18.0915,17.8196,18.0392,10200
2000-12-26,18.1751,18.2588,17.8823,18.0705,16500
2000-12-27,17.9032,18.1333,17.9032,18.1333,14400
2000-12-28,17.9869,18.4470,17.9869,18.4470,10400
2000-12-29,18.3424,18.5098,18.2379,18.2379,34100
2001-01-02,18.0705,18.2588,17.4954,17.4954,9400
2001-01-03,17.7568,19.1581,17.7568,18.8758,177400
2001-01-04,19.0326,19.4928,18.9490,19.4300,44300
2001-01-05,19.0117,19.0954,18.8235,18.9071,43300
2001-01-08,18.8653,18.8653,18.3320,18.6352,9500
2001-01-09,18.7398,18.9071,18.6666,18.8653,12600
2001-01-10,18.8026,19.1372,18.8026,19.0117,8300
2001-01-11,19.4928,19.6392,19.3045,19.4405,36500
2001-01-12,19.6078,19.7646,19.4509,19.7019,39900
2001-01-16,19.6182,19.9111,19.4928,19.9111,50600
2001-01-17,20.1411,20.2457,19.9111,20.0575,47900
2001-01-18,19.9111,20.0156,19.8274,19.9947,10100
2001-01-19,19.8692,19.8692,19.5032,19.5032,19200
2001-01-22,19.2627,19.4928,19.2627,19.3673,11000
2001-01-23,19.4928,19.8169,19.4091,19.8169,13000
2001-01-24,19.6705,19.8692,19.5346,19.6287,24700
2001-01-25,19.5764,19.6810,19.4196,19.5973,7700
2001-01-26,19.4300,19.4300,19.0954,19.3986,221300
2001-01-29,19.4827,19.7370,19.3489,19.7170,34900
2001-01-30,19.6768,19.8642,19.4359,19.6768,229800
2001-01-31,19.6099,19.7571,19.5563,19.5563,20200
2001-02-01,19.7437,19.8374,19.6099,19.8174,22400
2001-02-02,19.8441,19.8441,19.4493,19.5831,123200
2001-02-05,19.5630,19.7170,19.5296,19.5697,15100
2001-02-06,19.7303,19.7906,19.5898,19.5898,21100
2001-02-07,19.7303,19.9780,19.7170,19.7772,19100
2001-02-08,19.9110,19.9780,19.7638,19.8977,510300
2001-02-09,19.7170,19.7170,19.4626,19.5764,10600
2001-02-12,19.5430,19.8374,19.5430,19.7370,14600
2001-02-13,19.8107,19.9780,19.7571,19.7571,17600
2001-02-14,19.7437,19.7437,19.3355,19.5429,5600
2001-02-15,19.6902,19.7170,19.5764,19.6233,17100
2001-02-16,19.6902,19.6902,19.4961,19.5363,8500
2001-02-20,19.6902,19.7237,19.4760,19.5162,13700
2001-02-21,19.6099,19.6634,19.4091,19.4158,12700
2001-02-22,19.3957,19.4158,19.0477,19.0477,36900
2001-02-23,19.0075,19.0075,18.5993,18.9941,62400
2001-02-26,19.0744,19.2418,18.9674,19.0945,8000
2001-02-27,19.2083,19.4961,19.0745,19.4359,9200
2001-02-28,19.4091,19.4091,19.1682,19.1815,8000
2001-03-01,19.0945,19.1815,19.0611,19.1146,16900
2001-03-02,18.9741,19.2552,18.9138,19.1481,5600
2001-03-05,19.2418,19.2418,19.0410,19.0410,4600
2001-03-06,19.1012,19.2351,19.0678,19.1079,5200
2001-03-07,19.2752,19.2752,19.1012,19.1949,5000
2001-03-08,19.1079,19.3020,19.1079,19.3020,18200
2001-03-09,19.1481,19.1615,18.9272,19.1347,27300
2001-03-12,18.6327,18.6461,18.1107,18.1776,23300
2001-03-13,18.1910,18.2111,17.8430,18.1843,56800
2001-03-14,17.6690,18.0839,17.6020,17.8363,51000
2001-03-15,18.0036,18.3650,17.9099,18.3650,14400
2001-03-16,18.3751,18.3751,18.0203,18.1207,10200
2001-03-19,18.0069,18.1274,17.9600,18.1207,15100
2001-03-20,18.1943,18.3416,17.7391,17.7391,10200
2001-03-21,17.6722,17.6722,17.1969,17.2705,44700
2001-03-22,17.1567,17.2036,16.4338,16.8890,45600
2001-03-23,17.0429,17.2705,16.8756,17.2705,18600
2001-03-26,17.4044,17.6923,17.4044,17.5718,8700
2001-03-27,17.7994,18.0939,17.7994,18.0939,7800
2001-03-28,17.6052,17.8395,17.6052,17.7190,2400
2001-03-29,17.7191,18.0872,17.7191,17.9400,13500
2001-03-30,17.9667,18.0738,17.8730,17.9533,14700
2001-04-02,18.0404,18.2412,17.7324,17.7324,3000
2001-04-03,17.5718,17.5718,17.2036,17.3375,29400
2001-04-04,17.3710,17.4446,17.2304,17.4446,7500
2001-04-05,17.6053,17.9600,17.6053,17.8797,5000
2001-04-06,17.7726,17.9667,17.6990,17.7994,12900
2001-04-09,17.9400,18.0738,17.8998,18.0203,4700
2001-04-10,18.1274,18.4353,18.0939,18.3751,12700
2001-04-11,18.3951,18.3951,18.0136,18.1542,8400
2001-04-12,18.1073,18.2546,17.9868,18.1408,8100
2001-04-16,18.3282,18.4152,18.2077,18.2680,4300
2001-04-17,18.4286,18.5826,18.3014,18.5826,4400
2001-04-18,18.6495,19.4796,18.6495,19.3256,12900
2001-04-19,19.2921,19.4193,19.1583,19.3457,7300
2001-04-20,19.3925,19.3992,19.1716,19.3992,14700
2001-04-23,19.3323,19.3323,18.9507,18.9507,13000
2001-04-24,18.9574,19.1650,18.9240,19.0043,8007800
2001-04-25,18.8370,19.2252,18.8370,19.2252,14700
2001-04-26,19.2520,19.5331,19.1449,19.4662,33300
2001-04-27,19.2921,19.3256,19.0913,19.2788,10600
2001-04-30,19.3992,19.5867,19.2118,19.2788,20000
2001-05-01,19.3390,19.6268,19.2453,19.5800,18600
2001-05-02,19.4863,19.6402,19.3925,19.6402,19000
2001-05-03,19.3859,19.3859,19.1449,19.2587,14000
2001-05-04,19.1047,19.3725,19.0378,19.3189,11300
2001-05-07,19.2788,19.4461,19.2386,19.3658,15900
2001-05-08,19.3189,19.3189,19.0244,19.0445,7800
2001-05-09,19.0043,19.2051,18.9641,19.1649,8200
2001-05-10,19.2854,19.4059,19.2520,19.2921,8300
2001-05-11,19.4126,19.4394,19.2654,19.3858,14100
2001-05-14,19.4528,19.4528,19.2386,19.2988,22600
2001-05-15,19.2453,19.4929,19.2118,19.3858,69600
2001-05-16,19.3859,19.9682,19.3591,19.9214,17300
2001-05-17,19.9816,20.2226,19.9816,20.0954,19600
2001-05-18,20.1356,20.1490,19.9013,20.1490,9400
2001-05-21,20.1891,20.5372,20.1289,20.4569,68500
2001-05-22,20.4167,20.6242,20.4167,20.4837,8900
2001-05-23,20.4167,20.4167,20.1222,20.1423,8800
2001-05-24,20.2159,20.3900,20.1757,20.3900,10600
2001-05-25,20.2895,20.2895,20.1356,20.2427,17000
2001-05-29,20.0820,20.1891,20.0151,20.0887,5300
2001-05-30,20.1155,20.1490,19.8477,20.0218,18100
2001-05-31,19.8946,20.0151,19.8009,20.0151,5000
2001-06-01,19.9481,19.9816,19.7473,19.9548,15600
2001-06-04,19.9883,20.0419,19.8343,19.9816,6800
2001-06-05,20.0285,20.1691,19.9816,20.1691,93200
2001-06-06,20.2025,20.2025,19.9682,20.0084,9800
2001-06-07,20.0218,20.1356,19.9481,20.1222,4300
2001-06-08,20.1155,20.1155,19.8544,20.0151,7500
2001-06-11,19.9816,20.0151,19.7942,19.9147,12500
2001-06-12,19.7139,19.9816,19.5867,19.8678,7700
2001-06-13,19.8678,20.0017,19.7473,19.7741,9300
2001-06-14,19.6268,19.6804,19.4059,19.4059,3400
2001-06-15,19.2198,19.4207,19.0523,19.3537,56100
2001-06-18,19.3537,19.3537,19.0590,19.0590,10900
2001-06-19,19.1528,19.3135,19.0925,19.1126,8100
2001-06-20,19.0858,19.5546,19.0858,19.5278,4600
2001-06-21,19.5278,19.7890,19.5278,19.7488,7400
2001-06-22,19.6216,19.6618,19.4274,19.4943,6800
2001-06-25,19.4475,19.5412,19.4006,19.5412,5100
2001-06-26,19.4207,19.4207,19.2399,19.2399,31600
2001-06-27,19.2399,19.5680,19.2399,19.5546,33600
2001-06-28,19.6417,19.8694,19.5948,19.7019,12400
2001-06-29,19.5546,19.9363,19.5546,19.7890,19600
2001-07-02,19.7890,19.9966,19.6818,19.9296,5600
2001-07-03,19.9028,19.9296,19.8091,19.9296,3500
2001-07-05,19.8627,19.8761,19.6952,19.6952,13200
2001-07-06,19.6216,19.6216,19.2198,19.3269,20100
2001-07-09,19.2465,19.3738,19.2198,19.2198,6100
2001-07-10,19.3805,19.3805,19.0992,19.2198,28800
2001-07-11,19.0523,19.2198,18.9787,19.2064,14500
2001-07-12,19.1729,19.3939,19.1729,19.3939,3300
2001-07-13,19.3671,19.5278,19.2399,19.5278,13400
2001-07-16,19.5278,19.5345,19.3135,19.4341,18700
2001-07-17,19.3671,19.6082,19.3671,19.5680,9500
2001-07-18,19.4408,19.5278,19.2332,19.3738,4900
2001-07-19,19.4876,19.5479,19.1394,19.2600,17100
2001-07-20,19.3202,19.4006,19.2398,19.3068,10800
2001-07-23,19.2198,19.3068,18.9318,18.9318,11400
2001-07-24,19.0189,19.0189,18.6773,18.8448,21300
2001-07-25,18.7376,19.0925,18.7376,18.9519,10900
2001-07-26,19.3537,19.5077,19.2198,19.5077,12300
2001-07-27,19.4207,19.5412,19.3872,19.5345,8600
2001-07-30,19.5010,19.5479,19.3872,19.5345,12500
2001-07-31,19.5211,19.6216,19.3939,19.3939,11900
2001-08-01,19.3202,19.5412,19.3202,19.3738,20700
2001-08-02,19.4876,19.6216,19.4341,19.5747,13300
2001-08-03,19.4608,19.4608,19.3202,19.4140,3100
2001-08-06,19.4408,19.4408,19.2867,19.2867,4200
2001-08-07,19.3537,19.4274,19.3068,19.3403,18500
2001-08-08,19.2466,19.4809,19.0858,19.2064,5500
2001-08-09,19.0189,19.1528,18.9519,19.1193,21400
2001-08-10,19.1193,19.3202,18.9452,19.1528,23800
2001-08-13,19.1729,19.3135,19.1729,19.3001,8000
2001-08-14,19.2599,19.2800,19.0523,19.0523,4500
2001-08-15,19.1193,19.1193,18.7845,18.7912,19600
2001-08-16,18.7175,18.8849,18.6706,18.8849,5300
2001-08-17,18.6505,18.7979,18.6238,18.6773,11800
2001-08-20,18.7175,18.8849,18.7108,18.8180,18800
2001-08-21,18.9184,19.0858,18.8782,18.9251,16400
2001-08-22,18.8849,19.0055,18.7711,18.8514,81300
2001-08-23,18.9184,18.9988,18.8849,18.9519,41400
2001-08-24,19.0657,19.3470,18.9921,19.2934,10800
2001-08-27,19.2533,19.2867,19.0523,19.0523,11500
2001-08-28,19.0189,19.0724,18.7845,18.7845,18600
2001-08-29,18.8849,18.9184,18.6171,18.6171,28700
2001-08-30,18.7041,18.7041,18.1885,18.2353,22500
2001-08-31,18.2153,18.4630,18.2153,18.4095,181100
2001-09-04,18.3827,18.7577,18.3291,18.3291,132700
2001-09-05,18.3358,18.3827,18.1483,18.3425,22800
2001-09-06,18.1483,18.1483,17.8067,17.8067,20200
2001-09-07,17.6460,17.7063,17.2777,17.4585,25800
2001-09-10,17.2107,17.5523,17.1706,17.2308,24000
2001-09-17,16.0723,16.4071,15.5901,15.7910,35000
2001-09-18,15.7040,15.7910,15.4026,15.5031,20000
2001-09-19,15.4361,15.6437,14.8401,15.2486,39600
2001-09-20,15.2352,15.2352,14.5655,14.6660,17800
2001-09-21,14.0690,14.8060,14.0690,14.7122,43600
2001-09-24,15.1409,15.2414,15.0807,15.1677,1752100
2001-09-25,15.2213,15.2749,14.9534,15.0606,39400
2001-09-26,15.2749,15.4022,15.0740,15.2013,32500
2001-09-27,15.2414,15.4424,15.0807,15.4357,7400
2001-09-28,15.6970,15.7439,15.5898,15.7439,17900
2001-10-01,15.7439,15.7439,15.4491,15.4491,13100
2001-10-02,15.5161,15.7506,15.5161,15.6501,22500
2001-10-03,15.5764,16.2866,15.5764,16.2330,149100
2001-10-04,16.2799,16.3804,16.1459,16.1861,31300
2001-10-05,16.1459,16.1861,15.8913,16.0119,10200
2001-10-08,15.8846,15.9650,15.7640,15.8913,34600
2001-10-09,15.6769,15.7573,15.6099,15.7439,48700
2001-10-10,15.5764,16.0856,15.5764,16.0856,900
2001-10-11,16.3469,16.6014,16.3469,16.4675,33600
2001-10-12,16.4139,16.4273,16.0119,16.3201,19400
2001-10-15,16.2129,16.3804,16.1459,16.3804,7800
2001-10-16,16.4139,16.6483,16.3804,16.5412,29000
2001-10-17,16.5479,16.6483,16.0454,16.0454,45100
2001-10-18,15.9114,15.9114,15.7439,15.7908,13700
2001-10-19,15.6769,15.8444,15.6501,15.7372,24100
2001-10-22,15.7774,16.1794,15.7774,16.1794,13200
2001-10-23,16.3000,16.5144,16.1861,16.2799,32000
2001-10-24,16.3134,16.3134,16.0119,16.0186,15200
2001-10-25,15.7774,16.2129,15.7774,16.1124,6800
2001-10-26,16.0789,16.3804,16.0789,16.2531,8300
2001-10-29,16.0923,16.1660,15.8377,15.8377,17600
2001-10-30,15.7439,15.7841,15.5831,15.6166,5200
2001-10-31,15.7439,15.9114,15.7104,15.8243,11200
2001-11-01,15.7238,16.0454,15.7238,16.0454,5300
2001-11-02,16.0789,16.2799,16.0789,16.1325,569000
2001-11-05,16.3469,16.5479,16.2799,16.3804,27200
2001-11-06,16.4809,16.5814,16.3134,16.5814,35100
2001-11-07,16.5277,16.5679,16.4139,16.4876,5600
2001-11-08,16.6148,16.7488,16.5010,16.6282,18400
2001-11-09,16.4139,16.6349,16.4139,16.5278,19200
2001-11-12,16.2799,16.6082,16.1794,16.5680,32300
2001-11-13,16.7488,17.1240,16.7488,17.0503,17100
2001-11-14,17.4858,17.4858,17.2178,17.2513,11400
2001-11-15,17.4188,17.6533,17.3183,17.4523,115100
2001-11-16,17.6868,17.6868,17.3518,17.4523,25200
2001-11-19,17.7203,17.8677,17.6198,17.7538,77800
2001-11-20,17.7873,17.9079,17.6667,17.7538,10100
2001-11-21,17.6198,17.6198,17.4188,17.5796,12700
2001-11-23,17.5193,17.7538,17.5193,17.6533,59300
2001-11-26,17.8208,17.9213,17.7538,17.8811,34600
2001-11-27,17.8543,17.9548,17.6868,17.8208,87100
2001-11-28,17.6064,17.7203,17.4858,17.5461,38600
2001-11-29,17.5193,17.5863,17.3518,17.5863,21800
2001-11-30,17.5863,17.8208,17.5528,17.6600,25200
2001-12-03,17.5528,17.7873,17.5126,17.6734,7200
2001-12-04,17.6198,17.9012,17.6198,17.9012,17700
2001-12-05,18.0620,18.6247,18.0620,18.5242,33900
2001-12-06,18.5242,18.7788,18.4572,18.5912,31000
2001-12-07,18.5577,18.6917,18.3969,18.4840,11100
2001-12-10,18.4237,18.4505,17.9883,18.0619,30200
2001-12-11,18.0821,18.3567,18.0553,18.1892,29000
2001-12-12,18.1222,18.2227,17.9883,18.1088,34000
2001-12-13,17.8543,18.0017,17.7203,17.7203,22800
2001-12-14,17.7203,17.8744,17.5863,17.6868,62200
2001-12-17,17.7873,17.8878,17.6868,17.8543,10000
2001-12-18,17.9213,18.1222,17.9213,18.1155,66400
2001-12-19,17.8878,18.1490,17.8878,18.0218,16000
2001-12-20,17.8543,17.9883,17.8007,17.8007,21300
2001-12-21,17.8188,17.8859,17.6846,17.7718,80900
2001-12-24,17.7919,17.9866,17.7919,17.8523,4200
2001-12-26,17.9530,18.1208,17.9329,17.9866,30400
2001-12-27,17.9530,18.2013,17.9530,18.1879,375200
2001-12-28,18.1946,18.4497,18.1946,18.3691,28600
2001-12-31,18.3222,18.4564,18.0873,18.0873,27100
2002-01-02,18.2550,18.2550,17.9866,18.2416,182900
2002-01-03,18.2550,18.3221,18.1544,18.3221,9300
2002-01-04,18.5503,18.6577,18.4094,18.5369,51000
2002-01-07,18.8255,18.8591,18.5570,18.5570,25600
2002-01-08,18.4161,18.7584,18.4161,18.6577,33200
2002-01-09,18.5906,18.8523,18.5369,18.5570,20100
2002-01-10,18.5570,18.6510,18.4228,18.6107,10000
2002-01-11,18.5235,18.6242,18.4899,18.4899,5300
2002-01-14,18.3893,18.5235,18.3289,18.3557,77400
2002-01-15,18.5235,18.6107,18.3960,18.5839,14900
2002-01-16,18.4228,18.5034,18.1208,18.1275,86000
2002-01-17,18.2550,18.2550,17.9866,18.2416,58800
2002-01-18,18.0872,18.2550,18.0537,18.1007,20600
2002-01-22,18.1208,18.1812,17.9060,18.0537,1036000
2002-01-23,18.0872,18.0872,17.7919,17.9866,908500
2002-01-24,17.9866,18.2215,17.9866,18.1342,60900
2002-01-25,18.0872,18.2550,18.0201,18.1544,28900
2002-01-28,18.0872,18.1879,18.0403,18.1879,47700
2002-01-29,18.0872,18.1544,17.7181,17.8456,32700
2002-01-30,17.6846,17.8188,17.3490,17.7718,34800
2002-01-31,17.9530,18.0201,17.8523,17.9530,56900
2002-02-01,18.1544,18.1544,17.9195,17.9195,24200
2002-02-04,17.8389,17.8389,17.4832,17.5772,35100
2002-02-05,17.5168,17.7450,17.5168,17.6711,70600
2002-02-06,17.7517,17.7785,17.5772,17.5772,13800
2002-02-07,17.7181,18.0873,17.7181,17.9195,50600
2002-02-08,17.9866,18.2886,17.9664,18.2886,20800
2002-02-11,18.2886,18.4832,18.2886,18.4564,121200
2002-02-12,18.3893,18.4832,18.2282,18.2886,34700
2002-02-13,18.4899,18.7584,18.3892,18.5906,209800
2002-02-14,18.6913,18.7919,18.5906,18.6443,33500
2002-02-15,18.6577,18.6577,18.3557,18.3557,19900
2002-02-19,18.2886,18.3893,18.0537,18.0537,58900
2002-02-20,18.1544,18.4899,18.1208,18.4899,22200
2002-02-21,18.4429,18.6242,18.3557,18.3557,15300
2002-02-22,18.3557,18.5503,18.2953,18.5235,16800
2002-02-25,18.6577,18.8523,18.5235,18.8456,27200
2002-02-26,18.7986,18.9262,18.6577,18.7919,23300
2002-02-27,18.7919,18.8792,18.5973,18.7248,24000
2002-02-28,18.7248,18.9195,18.6577,18.7785,21100
2002-03-01,18.8255,19.1342,18.7315,19.1342,130200
2002-03-04,19.1946,19.3288,19.0604,19.3288,140400
2002-03-05,19.3624,19.5570,19.3020,19.3020,108100
2002-03-06,19.4295,19.6644,19.3892,19.5705,107200
2002-03-07,19.5839,19.6242,19.3020,19.4228,44800
2002-03-08,19.6644,19.7114,19.4698,19.6242,46700
2002-03-11,19.5973,19.6309,19.4631,19.5302,37600
2002-03-12,19.3960,19.5570,19.3893,19.4631,39900
2002-03-13,19.4631,19.5302,19.3624,19.3960,31700
2002-03-14,19.4295,19.5973,19.4295,19.5302,14300
2002-03-15,19.7001,19.9619,19.6061,19.8881,70700
2002-03-18,20.0425,20.1432,19.9082,20.0627,41200
2002-03-19,20.2104,20.2104,20.0089,20.0425,82700
2002-03-20,19.9754,20.2037,19.9754,20.0492,24200
2002-03-21,20.0761,20.0761,19.7739,19.9217,73800
2002-03-22,19.8411,19.9418,19.7068,19.8142,63800
2002-03-25,19.8411,19.9082,19.5188,19.5188,45400
2002-03-26,19.6061,19.8075,19.3778,19.4046,76900
2002-03-27,19.3711,19.7336,19.3711,19.6934,13900
2002-03-28,19.6061,19.9015,19.6061,19.8679,20400
2002-04-01,19.5389,19.7807,19.4046,19.6867,24700
2002-04-02,19.6732,19.6732,19.5121,19.5725,41000
2002-04-03,19.6396,19.6396,19.2703,19.3174,22800
2002-04-04,19.3711,19.5994,19.3711,19.5927,27400
2002-04-05,19.7403,19.8746,19.6262,19.8276,14800
2002-04-08,19.6396,19.9149,19.6396,19.9082,52900
2002-04-09,19.9754,20.0761,19.8948,19.9351,90100
2002-04-10,19.9955,20.1701,19.9082,20.1164,313200
2002-04-11,20.0425,20.1298,19.7806,19.7806,174000
2002-04-12,19.9418,19.9619,19.8075,19.8478,27100
2002-04-15,19.9351,19.9351,19.7739,19.8344,76300
2002-04-16,19.9418,19.9955,19.8545,19.9687,55000
2002-04-17,20.0089,20.0626,19.9686,20.0156,164400
2002-04-18,20.2104,20.2708,19.9149,20.2238,192400
2002-04-19,20.2104,20.4319,20.2104,20.3849,44600
2002-04-22,20.4454,20.4454,20.2641,20.2909,39900
2002-04-23,20.2775,20.3245,20.1432,20.1432,22800
2002-04-24,20.3379,20.4857,20.2641,20.2775,34200
2002-04-25,20.2104,20.4185,20.2104,20.3379,20400
2002-04-26,20.3178,20.3379,19.9754,20.0089,42100
2002-04-29,19.8881,19.9418,19.4718,19.5523,702900
2002-04-30,19.5054,19.7806,19.4382,19.7471,80800
2002-05-01,19.8075,20.1701,19.7001,20.1029,253600
2002-05-02,20.1097,20.2104,19.9754,20.0358,136400
2002-05-03,20.0291,20.0291,19.7404,19.9082,43600
2002-05-06,19.8746,19.9485,19.5322,19.5322,140000
2002-05-07,19.6732,19.7538,19.5188,19.5725,66200
2002-05-08,19.7135,20.0224,19.6732,20.0089,206000
2002-05-09,19.9418,19.9418,19.7739,19.7806,24400
2002-05-10,19.8746,19.8746,19.4718,19.5188,27500
2002-05-13,19.6061,19.7672,19.5188,19.7471,43600
2002-05-14,19.9552,20.1029,19.8142,20.1029,35300
2002-05-15,20.0828,20.4789,20.0828,20.2775,125800
2002-05-16,20.3984,20.4118,20.2708,20.3312,20000
2002-05-17,20.3782,20.4252,20.2439,20.3245,38800
2002-05-20,20.1499,20.2238,20.0157,20.1432,34800
2002-05-21,20.2439,20.2507,19.9015,19.9687,47000
2002-05-22,19.8746,19.9485,19.6934,19.8478,51100
2002-05-23,19.9955,20.0291,19.7874,20.0291,15500
2002-05-24,19.9754,20.0761,19.9485,19.9485,44700
2002-05-28,20.0761,20.0761,19.7874,19.9284,13100
2002-05-29,19.9284,20.0089,19.8344,19.9149,15800
2002-05-30,19.8209,19.9955,19.7269,19.8747,41300
2002-05-31,19.8478,20.1029,19.8478,20.0224,15400
2002-06-03,20.1097,20.1231,19.6799,19.6799,23500
2002-06-04,19.6799,19.7538,19.5188,19.6329,31400
2002-06-05,19.6061,19.8411,19.6061,19.8008,48300
2002-06-06,19.7605,19.7941,19.4852,19.5322,236400
2002-06-07,19.3711,19.7135,19.3375,19.6732,29000
2002-06-10,19.6061,19.8478,19.6061,19.7135,35700
2002-06-11,19.8411,19.9686,19.5658,19.5658,52000
2002-06-12,19.4046,19.4046,18.8003,19.1629,85400
2002-06-13,19.0488,19.0689,18.8138,18.8138,83100
2002-06-14,18.6258,18.7936,18.2498,18.6728,104000
2002-06-17,18.9682,19.1965,18.9682,19.1965,101600
2002-06-18,19.1696,19.3644,19.1696,19.2838,19700
2002-06-19,19.2032,19.3979,19.2032,19.2166,31300
2002-06-20,19.2704,19.2704,18.7063,18.7063,16100
2002-06-21,18.5028,18.5431,18.3148,18.3148,164200
2002-06-24,18.4021,18.6640,17.9723,18.4558,544900
2002-06-25,18.6036,18.7178,18.1670,18.1670,309000
2002-06-26,17.8984,18.4693,17.8312,18.4693,52700
2002-06-27,18.6036,18.9394,18.4223,18.9394,103100
2002-06-28,18.8722,19.0267,18.5028,18.5901,20200
2002-07-01,18.4693,18.4693,17.7708,17.8111,200500
2002-07-02,17.8380,17.8380,17.2537,17.4081,114300
2002-07-03,17.2604,17.4350,17.1395,17.4350,23100
2002-07-05,17.6297,18.0327,17.6297,18.0193,9700
2002-07-08,17.8648,18.0059,17.7574,17.7977,154000
2002-07-09,17.8312,17.8312,16.9447,16.9850,32200
2002-07-10,16.7902,16.8440,16.0918,16.1992,92700
2002-07-11,15.8030,16.5082,15.6955,16.5082,174100
2002-07-12,16.3873,16.7499,16.1791,16.7231,66200
2002-07-15,16.3873,16.4209,15.8500,16.4209,38200
2002-07-16,16.3537,16.6022,16.2932,16.3067,39300
2002-07-17,16.6559,16.6761,16.4343,16.6626,40100
2002-07-18,16.4544,16.4544,15.8769,15.8769,32700
2002-07-19,15.3799,15.4940,15.1381,15.2254,47600
2002-07-22,15.2791,15.5142,14.9702,15.0978,32600
2002-07-23,14.8762,15.1515,14.7418,14.8157,41000
2002-07-24,14.6075,15.7963,14.5403,15.7761,36400
2002-07-25,15.8500,16.4141,15.7828,16.3134,106000
2002-07-26,16.3067,16.6761,16.2194,16.6761,35700
2002-07-29,17.0387,17.4216,16.9514,17.4216,117100
2002-07-30,17.2604,17.7641,17.1596,17.5492,81400
2002-07-31,17.3611,18.0529,17.3074,18.0529,53100
2002-08-01,17.9320,17.9723,17.4618,17.5492,37400
2002-08-02,17.4954,17.7909,17.2066,17.4081,100700
2002-08-05,17.3611,17.4081,16.6626,16.6626,71900
2002-08-06,17.0589,17.3678,16.9514,17.0723,64600
2002-08-07,17.4618,17.6902,17.2469,17.6432,72800
2002-08-08,17.7976,18.3349,17.7976,18.3014,156000
2002-08-09,18.0999,18.4155,17.9991,18.2745,52700
2002-08-12,18.0797,18.3551,17.9991,18.3014,24900
2002-08-13,18.1335,18.2476,17.8648,17.8648,44200
2002-08-14,17.6297,18.3752,17.4484,18.3148,41600
2002-08-15,18.4357,18.6305,18.2879,18.4424,191900
2002-08-16,18.3349,18.4357,18.1939,18.2946,34200
2002-08-19,18.3014,18.5499,18.2543,18.5499,54600
2002-08-20,18.4357,18.4693,18.2946,18.3148,45900
2002-08-21,18.5028,18.6506,18.2879,18.6237,64300
2002-08-22,18.5700,19.2215,18.5700,19.2080,41900
2002-08-23,19.1073,19.1073,18.7110,18.7110,57000
2002-08-26,18.9058,18.9327,18.6237,18.9192,25500
2002-08-27,18.9931,18.9931,18.3081,18.3819,36000
2002-08-28,18.3551,18.4290,18.1469,18.2342,67400
2002-08-29,17.9991,18.4021,17.9991,18.2812,23100
2002-08-30,18.0461,18.4760,18.0461,18.2275,41600
2002-09-03,17.9991,18.0797,17.4686,17.4686,55000
2002-09-04,17.5962,18.0394,17.5290,18.0058,87400
2002-09-05,17.6633,17.9924,17.5760,17.7977,31900
2002-09-06,17.8648,17.9320,17.7775,17.7977,17700
2002-09-09,17.6297,18.0461,17.6297,17.9991,29300
2002-09-10,17.9118,18.1335,17.9118,18.0663,22300
2002-09-11,18.5028,18.5028,18.0663,18.0999,13900
2002-09-12,17.9655,17.9655,17.6902,17.7573,35200
2002-09-13,17.6163,17.8917,17.5693,17.8917,23400
2002-09-16,16.8708,17.9656,16.8708,17.8917,86200
2002-09-17,18.1805,18.1805,17.5693,17.6230,19400
2002-09-18,17.5290,17.7238,17.4014,17.7238,45300
2002-09-19,17.3611,17.5021,17.0992,17.1260,105200
2002-09-20,17.2129,17.2803,17.0782,17.2601,23300
2002-09-23,16.9569,17.1321,16.8761,17.0580,23300
2002-09-24,16.8424,17.1456,16.8424,17.0445,57100
2002-09-25,17.2466,17.5498,17.1119,17.5296,87400
2002-09-26,17.6845,17.8664,17.5835,17.8395,359300
2002-09-27,17.5835,17.7452,17.1456,17.1793,171300
2002-09-30,16.8492,17.2466,16.8492,17.0984,545800
2002-10-01,17.2871,17.6374,17.1658,17.6306,42100
2002-10-02,17.8193,17.9069,16.8424,17.6441,145600
2002-10-03,17.5835,17.8866,17.4218,17.5767,427000
2002-10-04,17.5835,17.5835,17.0243,17.0243,92400
2002-10-07,17.1658,17.3948,16.9772,16.9839,159000
2002-10-08,17.2466,17.6037,17.1658,17.4824,81700
2002-10-09,17.1793,17.4353,17.1658,17.3005,125400
2002-10-10,17.4151,17.5431,17.1186,17.5161,544700
2002-10-11,17.7182,17.9675,17.5835,17.7249,142700
2002-10-14,17.9203,18.2370,17.9203,18.1898,102600
2002-10-15,18.5267,18.5671,18.3717,18.5132,202100
2002-10-16,18.5603,18.7961,18.4054,18.5671,267100
2002-10-17,18.9309,18.9578,18.6277,18.7961,830600
2002-10-18,18.7288,18.9174,18.6816,18.8029,218500
2002-10-21,18.6614,18.9174,18.4930,18.8635,77200
2002-10-22,18.7288,18.7288,18.3515,18.5132,655500
2002-10-23,18.3582,18.4121,18.0551,18.3919,182600
2002-10-24,18.4593,18.4593,18.0079,18.0888,104100
2002-10-25,18.0147,18.5469,18.0147,18.4189,180100
2002-10-28,18.6277,18.6277,18.2437,18.3380,159600
2002-10-29,18.2572,18.3245,17.9068,18.1090,234700
2002-10-30,18.1292,18.3515,18.1090,18.2302,86100
2002-10-31,18.4256,18.4256,17.9338,18.0955,155300
2002-11-01,17.9203,18.3582,17.9203,18.2774,41200
2002-11-04,18.3919,18.6883,18.3043,18.3043,110600
2002-11-05,18.3245,18.6008,18.2976,18.5334,49000
2002-11-06,18.7961,19.0117,18.6614,18.9107,216300
2002-11-07,18.9107,18.9780,18.6951,18.8298,172300
2002-11-08,18.6614,18.8096,18.5738,18.7086,46600
2002-11-11,18.6883,18.6951,18.3650,18.4525,42000
2002-11-12,18.4526,18.5806,18.3515,18.4660,68900
2002-11-13,18.5199,18.6412,18.0551,18.2505,58000
2002-11-14,18.4525,18.5873,18.3986,18.5401,30600
2002-11-15,18.5603,18.7355,18.5267,18.7153,43300
2002-11-18,18.8298,18.8433,18.6142,18.6142,57100
2002-11-19,18.5334,18.8029,18.5334,18.5940,36600
2002-11-20,18.4593,18.7961,18.4593,18.7625,35300
2002-11-21,18.9983,18.9983,18.7961,18.8635,92700
2002-11-22,18.9309,18.9309,18.7153,18.7288,228500
2002-11-25,18.6614,18.7490,18.4997,18.6749,57000
2002-11-26,18.5267,18.5738,18.3043,18.3784,903700
2002-11-27,18.6277,18.7625,18.6008,18.7288,52900
2002-11-29,18.7153,18.7625,18.5940,18.6547,27200
2002-12-02,18.7625,18.7625,18.3313,18.4862,58900
2002-12-03,18.2909,18.4391,18.1224,18.3650,135600
2002-12-04,18.2572,18.5671,18.2437,18.5334,74500
2002-12-05,18.6210,18.6210,18.3380,18.4256,47900
2002-12-06,18.1898,18.5064,18.1898,18.5064,34200
2002-12-09,18.4593,18.7153,18.4256,18.4256,53200
2002-12-10,18.5267,18.5267,18.3313,18.4930,45100
2002-12-11,18.3919,18.5401,18.3245,18.4660,137400
2002-12-12,18.4256,18.4458,18.2235,18.2774,83400
2002-12-13,18.0551,18.3111,17.3814,18.1763,57600
2002-12-16,18.1224,18.3582,18.0618,18.3582,39900
2002-12-17,18.2909,18.2909,18.0820,18.1157,48000
2002-12-18,18.0955,18.1022,17.9607,18.0618,31700
2002-12-19,18.0079,18.1561,17.8530,17.8866,49000
2002-12-20,18.0888,18.0888,17.9198,18.0415,424800
2002-12-23,18.1091,18.2444,18.0821,18.1565,60000
2002-12-24,18.2241,18.3526,18.2241,18.2579,67500
2002-12-26,18.2579,18.2579,17.8860,17.9468,76000
2002-12-27,17.9198,17.9401,17.6561,17.7102,42800
2002-12-30,17.7169,17.9468,17.6696,17.8724,88600
2002-12-31,17.8454,18.0145,17.7102,17.9536,93700
2003-01-02,18.0888,18.4743,18.0550,18.4405,102000
2003-01-03,18.4608,18.6704,18.4608,18.6298,71100
2003-01-06,18.6907,18.8665,18.6298,18.8327,55500
2003-01-07,18.7989,18.8259,18.5216,18.5622,136200
2003-01-08,18.4743,18.6298,18.3323,18.4202,63100
2003-01-09,18.4608,18.6974,18.4134,18.6095,623400
2003-01-10,18.5284,18.6501,18.4810,18.6028,544300
2003-01-13,18.7110,18.7110,18.5081,18.6163,61400
2003-01-14,18.4675,18.6298,18.4675,18.6028,26400
2003-01-15,18.5960,18.5960,18.3255,18.3931,154300
2003-01-16,18.2579,18.5487,18.2241,18.3390,85000
2003-01-17,18.2376,18.4202,18.2376,18.3255,56400
2003-01-21,18.3255,18.3931,18.1226,18.1903,103000
2003-01-22,18.1564,18.3120,18.1429,18.1429,173100
2003-01-23,18.1903,18.2308,18.0686,18.1970,138200
2003-01-24,18.1429,18.1429,17.6763,17.7981,165500
2003-01-27,17.5479,17.5479,17.2571,17.4059,69500
2003-01-28,17.4126,17.7102,17.3450,17.7034,39200
2003-01-29,17.6493,17.9401,17.4938,17.8724,35300
2003-01-30,17.8860,17.8860,17.5276,17.5411,72300
2003-01-31,17.5817,17.8927,17.4938,17.8927,19900
2003-02-03,17.9536,18.0077,17.7981,17.8183,189200
2003-02-04,17.5817,17.6087,17.3923,17.6087,50600
2003-02-05,17.6493,17.8860,17.4802,17.4802,147400
2003-02-06,17.4802,17.5276,17.3179,17.4464,104200
2003-02-07,17.6155,17.6155,17.2571,17.4126,398900
2003-02-10,17.3112,17.5614,17.2706,17.5411,20500
2003-02-11,17.5141,17.7034,17.3382,17.3382,28400
2003-02-12,17.3450,17.3585,17.0407,17.1421,43600
2003-02-13,16.9596,17.0813,16.6755,16.9393,100500
2003-02-14,17.0069,17.1759,16.8649,17.1218,136600
2003-02-18,17.4126,17.5817,17.4126,17.5411,99300
2003-02-19,17.5749,17.5749,17.3450,17.4600,110400
2003-02-20,17.4802,17.5479,17.2436,17.2638,20200
2003-02-21,17.2436,17.5749,17.1151,17.4397,60800
2003-02-24,17.4464,17.4464,17.1421,17.2097,31400
2003-02-25,16.9731,17.3247,16.8446,17.3247,27400
2003-02-26,17.2977,17.5546,17.2030,17.2300,27400
2003-02-27,17.2774,17.5817,17.2774,17.4464,9900
2003-02-28,17.4464,17.6290,17.4464,17.4938,35200
2003-03-03,17.5817,17.7981,17.3653,17.4059,416900
2003-03-04,17.4600,17.4600,17.2165,17.2165,23300
2003-03-05,17.2097,17.5005,17.1759,17.3788,143200
2003-03-06,17.2774,17.4532,17.2774,17.4126,83300
2003-03-07,17.1759,17.6290,17.1759,17.5817,49300
2003-03-10,17.4802,17.4938,17.2300,17.2841,161000
2003-03-11,17.1759,17.2097,17.0069,17.0542,34600
2003-03-12,17.0069,17.1083,16.8243,17.1083,59700
2003-03-13,17.3112,17.3518,17.0339,17.3518,27400
2003-03-14,17.4261,17.4261,17.1421,17.2097,408900
2003-03-17,17.0407,17.7710,17.0407,17.6966,315000
2003-03-18,17.7169,17.8995,17.7169,17.8860,68800
2003-03-19,17.9536,18.1835,17.8183,18.0888,39400
2003-03-20,18.0888,18.1362,17.8386,18.0685,106100
2003-03-21,18.2394,18.5920,18.1987,18.5378,50900
2003-03-24,18.2394,18.2665,17.9682,18.0157,56400
2003-03-25,18.0224,18.4700,18.0157,18.3750,68300
2003-03-26,18.3411,18.3615,18.2191,18.2326,193000
2003-03-27,18.0360,18.3818,18.0021,18.3004,93400
2003-03-28,18.1920,18.4157,18.1920,18.3276,235800
2003-03-31,18.1038,18.3208,18.0089,18.1174,203500
2003-04-01,18.2259,18.3682,18.1038,18.3682,197100
2003-04-02,18.6462,18.7140,18.5852,18.6395,27000
2003-04-03,18.6801,18.6937,18.5106,18.5920,466700
2003-04-04,18.7140,18.7276,18.5784,18.6666,114600
2003-04-07,18.9853,19.0124,18.4564,18.5038,70100
2003-04-08,18.4632,18.5784,18.3954,18.5242,64000
2003-04-09,18.4428,18.6869,18.2394,18.2801,185200
2003-04-10,18.2326,18.2665,18.0699,18.2462,33300
2003-04-11,18.2937,18.4632,18.1038,18.1581,47600
2003-04-14,18.2055,18.4564,18.2055,18.4564,26900
2003-04-15,18.4428,18.4767,18.2665,18.3411,400200
2003-04-16,18.4428,18.4428,17.8665,17.9072,166100
2003-04-17,18.0360,18.1309,17.9275,18.0835,24000
2003-04-21,18.1038,18.3343,18.0631,18.1309,59000
2003-04-22,18.0021,18.5174,18.0021,18.4360,183900
2003-04-23,18.7140,18.7140,18.5106,18.5920,66300
2003-04-24,18.5784,18.8158,18.5174,18.7073,35300
2003-04-25,18.7276,18.7819,18.4089,18.4496,233100
2003-04-28,18.3750,18.6937,18.3750,18.5988,156500
2003-04-29,18.5988,18.8022,18.5852,18.7141,52500
2003-04-30,18.6530,18.8497,18.5784,18.7141,34100
2003-05-01,18.7683,18.9039,18.5106,18.7683,50800
2003-05-02,18.7818,19.1141,18.7479,19.0531,38500
2003-05-05,19.1209,19.2362,18.9853,19.0802,152200
2003-05-06,19.1209,19.1751,18.9717,19.1141,107100
2003-05-07,18.9853,19.1344,18.9310,18.9514,57900
2003-05-08,18.7818,19.0327,18.7818,18.8835,37100
2003-05-09,18.9853,19.1141,18.8971,19.0937,21700
2003-05-12,19.1073,19.3514,19.0192,19.2836,226900
2003-05-13,19.2429,19.4463,19.1209,19.3243,112900
2003-05-14,19.4260,19.4328,19.2090,19.2904,44800
2003-05-15,19.3921,19.4870,19.3243,19.4735,104500
2003-05-16,19.4735,19.5413,19.3243,19.4260,138200
2003-05-19,19.2565,19.2565,18.6530,18.7683,134800
2003-05-20,18.8497,18.8497,18.3343,18.5378,298900
2003-05-21,18.4428,18.6869,18.4293,18.6734,44100
2003-05-22,18.6530,18.9581,18.6530,18.8835,374700
2003-05-23,18.8836,18.8971,18.6463,18.8090,44500
2003-05-27,18.7141,19.0802,18.6598,19.0802,138300
2003-05-28,19.0870,19.1412,18.9175,19.0463,92800
2003-05-29,19.1344,19.2158,18.8158,18.8903,81400
2003-05-30,18.9514,19.1073,18.9175,19.1005,221600
2003-06-02,19.2565,19.2633,18.9446,18.9514,241600
2003-06-03,18.9378,19.1819,18.9378,19.1005,130500
2003-06-04,19.2565,19.4667,19.0870,19.4328,87100
2003-06-05,19.2972,19.6158,19.2294,19.6158,149000
2003-06-06,19.7311,20.1786,19.6904,19.7921,269000
2003-06-09,19.7650,19.7921,19.5006,19.5887,520300
2003-06-10,19.6769,19.7379,19.5413,19.7379,112600
2003-06-11,19.7989,20.0159,19.7650,19.9617,73800
2003-06-12,20.2057,20.2057,19.9210,20.0023,65600
2003-06-13,20.0905,20.0905,19.7786,19.8803,44400
2003-06-16,19.8328,20.5177,19.8328,20.4838,81400
2003-06-17,20.8838,21.0940,20.5448,20.8906,227800
2003-06-18,20.8906,21.0194,20.7278,20.8363,130900
2003-06-19,20.8363,20.8838,20.3142,20.3888,411500
2003-06-20,20.5357,20.6241,20.3997,20.5357,83600
2003-06-23,20.4677,20.4677,20.0461,20.1957,46300
2003-06-24,20.1957,20.3453,20.1141,20.2093,120200
2003-06-25,20.2637,20.3657,19.9917,20.1005,38600
2003-06-26,19.9917,20.3929,19.9917,20.3861,49000
2003-06-27,20.3997,20.3997,19.9985,20.0733,57200
2003-06-30,20.1617,20.1617,19.8353,19.9441,114500
2003-07-01,19.7877,20.0597,19.5905,20.0529,89200
2003-07-02,20.0597,20.2433,20.0393,20.2433,29000
2003-07-03,20.1957,20.2025,20.0665,20.1209,53800
2003-07-07,20.1957,20.3317,20.1889,20.2637,69200
2003-07-08,20.1277,20.3249,20.1277,20.2705,127200
2003-07-09,20.0937,20.3181,20.0937,20.1481,213300
2003-07-10,20.1413,20.1413,19.8557,19.9305,62600
2003-07-11,20.0937,20.1685,19.9577,20.1617,88500
2003-07-14,20.4677,20.4677,20.1209,20.1413,88100
2003-07-15,20.4337,20.4337,20.0665,20.0665,226500
2003-07-16,20.0733,20.0801,19.8557,19.9509,63000
2003-07-17,19.9917,20.0461,19.7877,19.8217,29600
2003-07-18,19.8557,20.0053,19.7877,20.0053,18000
2003-07-21,19.9577,19.9577,19.5837,19.6925,57400
2003-07-22,19.7537,19.7537,19.4681,19.6585,120700
2003-07-23,19.7877,19.8353,19.4953,19.8013,36700
2003-07-24,19.8081,19.9509,19.6449,19.6449,28400
2003-07-25,19.6517,19.8013,19.4613,19.8013,81100
2003-07-28,19.8897,19.8897,19.6857,19.7537,114100
2003-07-29,19.7197,19.8489,19.5293,19.6653,295000
2003-07-30,19.6857,19.8217,19.6857,19.7469,34800
2003-07-31,19.8693,19.9713,19.6449,19.6449,59400
2003-08-01,19.5497,19.5497,19.3049,19.3457,69900
2003-08-04,19.2981,19.4817,19.1077,19.3797,616300
2003-08-05,19.4477,19.4885,19.0601,19.0601,46800
2003-08-06,19.0465,19.1757,18.9445,19.0465,129400
2003-08-07,19.0669,19.4137,19.0533,19.3525,51600
2003-08-08,19.5021,19.5157,19.3389,19.4273,79900
2003-08-11,19.2777,19.5157,19.2777,19.3865,100700
2003-08-12,19.4137,19.4409,19.2913,19.4409,42200
2003-08-13,19.5157,19.5157,19.0737,19.1621,91700
2003-08-14,19.2437,19.2437,18.9921,19.1485,60200
2003-08-15,19.2369,19.2437,19.1077,19.1077,16100
2003-08-18,19.1757,19.2845,19.1417,19.2369,80400
2003-08-19,19.2437,19.2573,19.0193,19.1349,62900
2003-08-20,19.0397,19.1281,19.0125,19.0805,33200
2003-08-21,19.1281,19.1417,18.9037,18.9717,79100
2003-08-22,19.0261,19.0261,18.6657,18.6861,75200
2003-08-25,18.6997,18.8357,18.6997,18.8221,675600
2003-08-26,18.8017,18.8969,18.6385,18.8357,63600
2003-08-27,18.8357,18.8493,18.7473,18.8493,131100
2003-08-28,18.7337,18.8697,18.7065,18.8629,91500
2003-08-29,18.7677,18.9581,18.7677,18.9173,78300
2003-09-02,18.9173,19.2437,18.9173,19.2029,139400
2003-09-03,19.2641,19.2641,19.1077,19.1281,182300
2003-09-04,19.1757,19.1893,18.9785,19.1757,214500
2003-09-05,19.1757,19.2641,19.0737,19.1281,131300
2003-09-08,19.2641,19.5361,19.2029,19.4681,260800
2003-09-09,19.5497,19.5837,19.4001,19.5293,250300
2003-09-10,19.5021,19.7129,19.5021,19.5565,264200
2003-09-11,19.6857,19.7401,19.5905,19.6653,164700
2003-09-12,19.6245,19.7061,19.4953,19.7061,146700
2003-09-15,19.7197,19.7537,19.5225,19.6517,204400
2003-09-16,19.6517,19.7741,19.6245,19.7741,145500
2003-09-17,19.8217,19.8217,19.6857,19.7265,70800
2003-09-18,19.8217,19.8965,19.7265,19.7945,89900
2003-09-19,19.7781,19.7918,19.5599,19.6349,108800
2003-09-22,19.5053,19.5190,19.2803,19.3689,166500
2003-09-23,19.4099,19.5531,19.3826,19.5326,84500
2003-09-24,19.5394,19.5394,19.1439,19.1848,124700
2003-09-25,19.1234,19.2257,18.9938,19.0552,102300
2003-09-26,19.0279,19.0279,18.8711,18.9665,64000
2003-09-29,19.0007,19.0893,18.8643,19.0552,120000
2003-09-30,19.0075,19.1098,18.8915,18.9665,199900
2003-10-01,19.0961,19.3417,19.0416,19.3076,124000
2003-10-02,19.3553,19.4781,19.2871,19.4371,79400
2003-10-03,19.6758,19.6758,19.3007,19.3485,230400
2003-10-06,19.3689,19.3689,19.2257,19.2735,85400
2003-10-07,19.1507,19.2666,19.1098,19.2598,268000
2003-10-08,19.2325,19.2598,19.1234,19.1575,50900
2003-10-09,19.3485,19.3689,19.1302,19.1848,170000
2003-10-10,19.2189,19.2257,19.1166,19.1371,66200
2003-10-13,19.1984,19.3007,19.1302,19.1916,84200
2003-10-14,19.2394,19.2666,19.0961,19.2189,177600
2003-10-15,19.3348,19.3417,19.0961,19.1780,58700
2003-10-16,19.0961,19.3007,19.0961,19.2803,93600
2003-10-17,19.2325,19.3007,19.0347,19.0620,54600
2003-10-20,19.1234,19.1712,18.9870,19.1575,67600
2003-10-21,19.1848,19.4099,19.1643,19.3348,189800
2003-10-22,19.1984,19.1984,18.7142,18.8165,275300
2003-10-23,18.7210,19.0416,18.7210,19.0075,273600
2003-10-24,18.9597,19.0757,18.8165,19.0620,378100
2003-10-27,19.1166,19.1507,18.9870,19.0143,63400
2003-10-28,19.0279,19.2053,18.9734,19.1643,73100
2003-10-29,19.1302,19.1575,18.9870,19.1098,80900
2003-10-30,19.1984,19.1984,18.8506,18.9325,134600
2003-10-31,18.9597,19.1780,18.9597,19.0961,302600
2003-11-03,19.1984,19.1984,19.0416,19.0416,127400
2003-11-04,18.9870,19.0075,18.8574,18.9188,86100
2003-11-05,18.8233,19.0757,18.8233,18.8983,68200
2003-11-06,18.9938,19.0484,18.7960,18.9938,42900
2003-11-07,19.0552,19.0689,18.8029,18.8233,98400
2003-11-10,18.8165,18.8233,18.6528,18.6801,113500
2003-11-11,18.7210,18.7892,18.6256,18.7210,64500
2003-11-12,18.8779,19.0961,18.7688,19.0689,235300
2003-11-13,19.2666,19.6622,19.2325,19.5122,163200
2003-11-14,19.7440,19.9486,19.7168,19.7986,1251500
2003-11-17,19.6758,19.7509,19.5531,19.7372,188300
2003-11-18,19.7781,19.8600,19.6076,19.6213,128200
2003-11-19,19.7099,19.8600,19.6213,19.8259,87400
2003-11-20,19.7440,19.7918,19.5053,19.5667,125500
2003-11-21,19.5735,19.5735,19.2666,19.3280,571000
2003-11-24,19.4371,19.6554,19.4371,19.6417,88300
2003-11-25,19.6417,19.6417,19.4371,19.5463,535800
2003-11-26,19.6076,19.6076,19.3076,19.5463,138300
2003-11-28,19.5599,19.5599,19.4712,19.5053,39700
2003-12-01,19.6758,19.8395,19.5872,19.8191,183000
2003-12-02,19.7577,19.9009,19.7577,19.8327,517100
2003-12-03,19.9827,20.0441,19.8463,19.8804,273400
2003-12-04,19.9145,19.9350,19.7577,19.9145,109600
2003-12-05,19.8736,19.8804,19.7099,19.7645,88900
2003-12-08,19.7781,19.9282,19.7168,19.9145,184400
2003-12-09,19.9623,19.9827,19.7850,19.8327,302800
2003-12-10,19.7099,19.8395,19.6349,19.6963,96800
2003-12-11,19.7099,20.0237,19.7099,19.9418,159900
2003-12-12,20.0441,20.0441,19.8804,20.0032,99300
2003-12-15,20.0987,20.1532,19.9145,19.9691,108100
2003-12-16,19.6417,20.0509,19.6417,20.0441,109500
2003-12-17,20.0850,20.0850,19.9486,20.0850,87900
2003-12-18,20.1328,20.2351,20.0305,20.2351,616600
2003-12-19,20.3261,20.3261,20.0934,20.2029,392000
2003-12-22,20.2577,20.2919,20.1071,20.1961,230000
2003-12-23,20.1892,20.2440,20.1687,20.2098,128400
2003-12-24,20.2234,20.3261,20.1892,20.2714,59400
2003-12-26,20.3124,20.3466,20.2782,20.3261,35200
2003-12-29,20.4288,20.5314,20.3672,20.4903,121800
2003-12-30,20.5793,20.5862,20.5040,20.5451,157500
2003-12-31,20.5999,20.6546,20.5314,20.6341,221400
2004-01-02,20.6683,20.8325,20.6135,20.6820,628700
2004-01-05,20.8052,20.8736,20.6272,20.7778,191500
2004-01-06,20.8531,20.8599,20.7436,20.8394,289300
2004-01-07,20.8394,20.9694,20.7436,20.9694,262300
2004-01-08,21.0105,21.0105,20.7504,20.8805,214300
2004-01-09,20.8599,20.8668,20.6683,20.7504,153400
2004-01-12,20.8052,20.8052,20.6272,20.7162,109900
2004-01-13,20.7915,20.7983,20.5656,20.6272,342500
2004-01-14,20.5999,20.7709,20.5656,20.7436,395500
2004-01-15,20.8736,20.8736,20.5999,20.7983,139800
2004-01-16,20.7367,20.8599,20.7367,20.8462,186600
2004-01-20,20.9420,20.9763,20.7778,20.7778,380200
2004-01-21,20.9420,21.1405,20.7778,21.1268,222100
2004-01-22,21.2158,21.2569,21.1131,21.1679,216100
2004-01-23,21.2842,21.2842,20.9831,21.0652,178900
2004-01-26,21.1131,21.3937,21.0789,21.3321,667100
2004-01-27,21.4211,21.4211,21.1679,21.1953,161400
2004-01-28,21.2842,21.2842,20.9626,21.0105,144800
2004-01-29,21.1131,21.3253,20.9078,21.3185,130600
2004-01-30,21.3527,21.3527,21.0652,21.2021,122700
2004-02-02,21.2500,21.5580,21.1747,21.4759,239100
2004-02-03,21.3664,21.6264,21.3664,21.6127,251000
2004-02-04,21.5306,21.7838,21.5238,21.6812,437900
2004-02-05,21.7291,21.7291,21.4348,21.5717,237200
2004-02-06,21.5785,21.7359,21.4759,21.7359,388000
2004-02-09,21.7154,21.7154,21.5032,21.5238,2212500
2004-02-10,21.5922,21.6606,21.4964,21.6196,186500
2004-02-11,21.6470,21.8660,21.5238,21.8181,203300
2004-02-12,21.8865,21.8865,21.6264,21.6812,603900
2004-02-13,21.7975,21.7975,21.5580,21.5854,297600
2004-02-17,21.6606,21.7770,21.6401,21.7222,250900
2004-02-18,21.7975,21.7975,21.5580,21.6264,173000
2004-02-19,21.7496,21.7496,21.5443,21.5511,115500
2004-02-20,21.6264,21.6264,21.3595,21.4348,492200
2004-02-23,21.5238,21.5238,21.2979,21.3937,331700
2004-02-24,21.4211,21.5375,21.3185,21.4896,228900
2004-02-25,21.5238,21.5306,21.3869,21.5169,87800
2004-02-26,21.5169,21.5238,21.3527,21.4896,144900
2004-02-27,21.4895,21.5443,21.4074,21.4279,84700
2004-03-01,21.4690,21.5511,21.3185,21.4896,183800
2004-03-02,21.4896,21.5169,21.3321,21.3527,161100
2004-03-03,21.3527,21.4964,21.2363,21.4416,148600
2004-03-04,21.4759,21.5580,21.4416,21.5374,158000
2004-03-05,21.5375,21.7154,21.4690,21.6470,310300
2004-03-08,21.7633,21.7633,21.5580,21.6264,225700
2004-03-09,21.6949,21.6949,21.2979,21.3800,242200
2004-03-10,21.4553,21.4553,20.9763,21.0515,215600
2004-03-11,20.9420,20.9626,20.5999,20.6478,185400
2004-03-12,20.7367,20.7573,20.5656,20.7025,293500
2004-03-15,20.7367,20.7367,20.4698,20.5177,143900
2004-03-16,20.7025,20.7162,20.4767,20.6615,144400
2004-03-17,20.7162,20.7162,20.5383,20.6409,323600
2004-03-18,20.5999,20.6683,20.4082,20.6204,75800
2004-03-19,20.6513,20.6513,20.2739,20.2945,175100
2004-03-22,20.2396,20.3014,19.9652,20.0406,150000
2004-03-23,20.2053,20.2945,20.0475,20.1093,252000
2004-03-24,20.1710,20.1710,19.9240,19.9995,93200
2004-03-25,20.2739,20.2739,19.9515,20.1093,325900
2004-03-26,20.1710,20.3014,20.0887,20.1916,93100
2004-03-29,20.2739,20.5346,20.2396,20.4660,440500
2004-03-30,20.5346,20.5346,20.2945,20.4180,459100
2004-03-31,20.5003,20.5964,20.3837,20.5346,266300
2004-04-01,20.5826,20.7542,20.5826,20.6787,144000
2004-04-02,20.8640,20.9874,20.8159,20.9257,542900
2004-04-05,21.0629,21.1658,20.9326,21.1658,108200
2004-04-06,21.1658,21.1658,20.9669,21.0972,175500
2004-04-07,21.0629,21.0698,20.9463,21.0012,65600
2004-04-08,21.1315,21.1315,20.7610,20.8571,105300
2004-04-12,20.8914,21.0286,20.8159,21.0286,382200
2004-04-13,21.0286,21.1452,20.8228,20.8434,189800
2004-04-14,20.8434,21.0766,20.7199,21.0560,215200
2004-04-15,21.1315,21.4746,21.0972,21.4403,142300
2004-04-16,21.4403,21.6255,21.4128,21.5981,1974700
2004-04-19,21.6255,21.6255,21.4471,21.5089,886400
2004-04-20,21.6804,21.6804,21.1521,21.1521,122100
2004-04-21,21.1658,21.5157,21.1590,21.3991,149800
2004-04-22,21.3991,21.6118,21.2962,21.5706,788700
2004-04-23,21.6118,21.6118,21.4128,21.5089,127500
2004-04-26,21.6804,21.6804,21.3648,21.3922,233400
2004-04-27,21.5775,21.6530,21.4403,21.4746,177000
2004-04-28,21.5089,21.5089,21.2070,21.2825,81100
2004-04-29,21.3030,21.3236,21.0286,21.1521,264400
2004-04-30,21.2344,21.3305,21.1315,21.1727,163100
2004-05-03,21.2687,21.4471,21.1452,21.4471,276200
2004-05-04,21.5089,21.5157,21.2687,21.4128,253900
2004-05-05,21.4403,21.5843,21.3648,21.5363,443300
2004-05-06,21.5226,21.5706,21.3374,21.4540,182200
2004-05-07,21.4403,21.5638,21.3099,21.3099,372800
2004-05-10,21.0972,21.2962,20.8983,21.0355,375500
2004-05-11,21.0972,21.0972,20.9531,21.0560,178700
2004-05-12,21.0629,21.1590,20.7679,21.1315,465300
2004-05-13,21.0972,21.1864,21.0080,21.1041,219500
2004-05-14,21.1315,21.2756,20.9326,21.0629,107600
2004-05-17,21.0286,21.1109,20.8640,21.0012,2092100
2004-05-18,21.0012,21.0904,20.9326,20.9943,302400
2004-05-19,21.0972,21.1041,20.7885,20.7885,1147700
2004-05-20,20.8571,20.8571,20.6032,20.6513,79700
2004-05-21,20.7885,20.7885,20.6170,20.6924,73100
2004-05-24,20.7542,20.7885,20.5278,20.5895,183600
2004-05-25,20.5827,20.8777,20.4935,20.7885,346900
2004-05-26,20.7885,20.9463,20.7885,20.8983,518600
2004-05-27,20.9943,21.1521,20.9188,21.1109,443000
2004-05-28,21.1658,21.1658,21.0217,21.1041,228200
2004-06-01,21.1041,21.2276,21.0492,21.2139,472600
2004-06-02,21.3373,21.3922,21.2207,21.3442,139800
2004-06-03,21.3373,21.4403,21.2619,21.2893,119600
2004-06-04,21.4746,21.4746,21.2962,21.3305,352800
2004-06-07,21.5432,21.5432,21.3648,21.5432,245300
2004-06-08,21.4746,21.5706,21.4471,21.5706,238100
2004-06-09,21.5706,21.5706,21.3168,21.3168,108300
2004-06-10,21.4060,21.4060,21.2893,21.3236,124700
2004-06-14,21.2619,21.2825,21.1315,21.1727,131300
2004-06-15,21.3030,21.3030,21.1384,21.2001,175400
2004-06-16,21.2688,21.2825,21.1521,21.2070,821900
2004-06-17,21.2070,21.2413,21.0904,21.2413,267900
2004-06-18,21.2248,21.3005,21.1973,21.2317,117000
2004-06-21,21.1973,21.2248,21.0666,21.0872,105200
2004-06-22,21.0872,21.0872,20.8739,20.9977,129800
2004-06-23,21.0528,21.1560,20.9427,21.1216,174000
2004-06-24,21.1216,21.1835,21.0803,21.1285,519000
2004-06-25,20.9840,21.0872,20.9014,20.9427,304200
2004-06-28,21.0184,21.0321,20.7569,20.8395,391700
2004-06-29,20.8533,21.0459,20.8395,20.9496,681300
2004-06-30,20.9840,21.0734,20.9014,21.0253,176800
2004-07-01,21.0528,21.0666,20.5781,20.7294,1131500
2004-07-02,20.8120,20.8120,20.6537,20.7157,138300
2004-07-06,20.7225,20.7225,20.4955,20.5643,666500
2004-07-07,20.5712,20.5918,20.4473,20.5161,277900
2004-07-08,20.4336,20.7294,20.4336,20.4680,276000
2004-07-09,20.6400,20.6400,20.3923,20.4198,135300
2004-07-12,20.3992,20.4198,20.2478,20.3304,175300
2004-07-13,20.3648,20.5161,20.3648,20.4955,518900
2004-07-14,20.4336,20.7294,20.4336,20.5712,122600
2004-07-15,20.6056,20.6469,20.3441,20.3441,226700
2004-07-16,20.3785,20.4129,20.1309,20.1653,97800
2004-07-19,20.2960,20.2960,19.9657,20.0689,128500
2004-07-20,20.0690,20.1584,20.0139,20.1515,329000
2004-07-21,20.3648,20.3648,19.9245,19.9245,137900
2004-07-22,19.8419,20.0896,19.7869,20.0208,454300
2004-07-23,19.9864,19.9864,19.7662,19.8969,66600
2004-07-26,19.9107,19.9107,19.5461,19.6974,419800
2004-07-27,19.7456,19.8557,19.5805,19.7800,163500
2004-07-28,19.7318,19.8006,19.4429,19.7318,126800
2004-07-29,19.7800,19.9107,19.6355,19.8213,216100
2004-07-30,19.8488,19.9313,19.7869,19.8969,314600
2004-08-02,19.8970,19.9658,19.8419,19.8763,254700
2004-08-03,19.8488,19.9864,19.7800,19.8557,169700
2004-08-04,19.8694,19.8901,19.6905,19.8144,344600
2004-08-05,19.8832,19.8832,19.4222,19.4498,441200
2004-08-06,19.2709,19.2709,19.1195,19.1814,582500
2004-08-09,19.1608,19.2227,19.0920,19.0920,512300
2004-08-10,19.1952,19.3741,19.1264,19.3741,77900
2004-08-11,19.3328,19.7456,19.2640,19.6974,1819900
2004-08-12,19.6974,19.7662,19.5873,19.5873,511600
2004-08-13,19.6424,19.6768,19.3947,19.4360,1089000
2004-08-16,19.5048,19.7456,19.4773,19.6974,643400
2004-08-17,19.6837,19.8144,19.6493,19.7249,142000
2004-08-18,19.6424,20.0070,19.6424,19.9864,709100
2004-08-19,20.0208,20.0208,19.8282,19.9176,842600
2004-08-20,19.9107,20.1102,19.8832,20.0827,129100
2004-08-23,20.0208,20.1653,20.0070,20.0414,133100
2004-08-24,20.0414,20.1446,20.0070,20.0552,443000
2004-08-25,20.1240,20.2478,20.0277,20.2478,149800
2004-08-26,20.2478,20.2547,20.1446,20.2203,664600
2004-08-27,20.1584,20.3717,20.1584,20.3648,372700
2004-08-30,20.3304,20.3304,20.0896,20.1102,110100
2004-08-31,20.1240,20.2203,20.0758,20.2203,598000
2004-09-01,20.2616,20.3097,20.1584,20.3029,462400
2004-09-02,20.3304,20.5505,20.2616,20.5093,278400
2004-09-03,20.3992,20.6331,20.3992,20.4680,1711100
2004-09-07,20.6400,20.9014,20.4955,20.6056,188400
2004-09-08,20.6744,20.6744,20.5230,20.5574,401100
2004-09-09,20.6056,20.6056,20.4542,20.4749,506500
2004-09-10,20.4680,20.4680,20.2685,20.4474,160700
2004-09-13,20.4749,20.5299,20.3992,20.4680,3257800
2004-09-14,20.5024,20.6813,20.5024,20.6262,178100
2004-09-15,20.6262,20.6262,20.5230,20.5437,169000
2004-09-16,20.5712,20.5918,20.4955,20.5368,58700
2004-09-17,20.6327,20.6327,20.5292,20.5982,948100
2004-09-20,20.5637,20.5637,20.3084,20.3705,160200
2004-09-21,20.3912,20.5499,20.3360,20.4740,203600
2004-09-22,20.4602,20.4602,20.1635,20.2187,2548800
2004-09-23,20.2877,20.2877,20.0738,20.0738,187800
2004-09-24,19.9081,20.2187,19.9081,20.1290,531000
2004-09-27,20.1290,20.1497,20.0047,20.0116,402100
2004-09-28,20.1497,20.2739,19.9081,20.1635,673400
2004-09-29,20.2187,20.2601,20.1428,20.2532,668100
2004-09-30,20.0117,20.0117,19.7701,19.8667,1650500
2004-10-01,19.8667,20.0876,19.8667,20.0531,644200
2004-10-04,20.0531,20.2394,20.0531,20.1428,227300
2004-10-05,20.2118,20.2118,20.0392,20.0807,210100
2004-10-06,20.1221,20.7017,19.9150,20.0599,403800
2004-10-07,20.0738,20.0807,19.5286,19.6045,549100
2004-10-08,19.5217,19.6321,19.3216,19.3354,315700
2004-10-11,19.3354,19.4941,19.3285,19.4665,220500
2004-10-12,19.3285,19.4803,19.2871,19.4320,221900
2004-10-13,19.4320,19.5148,19.1629,19.2250,1533800
2004-10-14,19.2181,19.3630,19.0870,19.0939,170800
2004-10-15,19.0801,19.1422,18.9283,19.1215,229300
2004-10-18,19.0801,19.3216,19.0594,19.3009,518500
2004-10-19,19.3561,19.3561,18.9490,18.9835,474800
2004-10-20,19.0111,19.0111,18.7764,18.9766,268600
2004-10-21,18.9766,18.9766,18.6798,18.7971,316000
2004-10-22,18.8524,18.8731,18.6177,18.6591,402300
2004-10-25,18.7350,18.7350,18.4245,18.5556,203700
2004-10-26,18.5970,18.9076,18.5970,18.9076,463500
2004-10-27,18.9766,19.4734,18.9421,19.4044,480600
2004-10-28,19.4596,19.4665,19.3216,19.3699,263800
2004-10-29,19.4596,19.4665,19.2664,19.4251,303700
2004-11-01,19.3906,19.3906,19.1629,19.2457,1321300
2004-11-02,19.2181,19.4734,18.9904,19.1008,1214700
2004-11-03,20.2877,20.8949,19.5838,19.6666,1322700
2004-11-04,19.7356,19.7356,19.3285,19.7080,1230700
2004-11-05,19.8046,19.8943,19.7218,19.8253,707400
2004-11-08,19.7908,19.8184,19.6873,19.8184,379100
2004-11-09,19.8391,19.9288,19.7701,19.8253,410000
2004-11-10,19.8736,19.9012,19.6666,19.7701,301000
2004-11-11,19.8736,19.9633,19.7908,19.8736,242400
2004-11-12,19.8874,19.9426,19.7149,19.9012,354400
2004-11-15,19.8529,20.0876,19.8460,20.0048,445200
2004-11-16,20.0462,20.0462,19.8736,19.9081,747600
2004-11-17,19.9564,20.0393,19.8391,19.9012,562600
2004-11-18,19.8667,19.9219,19.7977,19.8460,238300
2004-11-19,19.7563,19.7977,19.5838,19.6045,839300
2004-11-22,19.6666,19.6942,19.4941,19.6390,292900
2004-11-23,19.6666,19.6666,19.5010,19.5769,162900
2004-11-24,19.6666,19.7218,19.5493,19.6252,302400
2004-11-26,19.7011,19.8253,19.6390,19.7425,3009300
2004-11-29,19.8046,19.8460,19.6735,19.7356,809000
2004-11-30,19.7011,19.8529,19.6942,19.8046,340200
2004-12-01,19.8046,20.1428,19.8046,20.1359,669100
2004-12-02,20.1842,20.3567,20.0807,20.3291,487500
2004-12-03,20.3291,20.4188,20.1497,20.1911,771200
2004-12-06,20.1911,20.2325,19.9910,20.1497,370900
2004-12-07,20.3222,20.3222,19.9219,19.9426,300200
2004-12-08,19.9772,20.2670,19.9703,20.2325,372600
2004-12-09,20.2877,20.4257,20.0530,20.3636,1360000
2004-12-10,20.4602,20.4602,20.2877,20.3498,1367700
2004-12-13,20.4257,20.4602,20.2946,20.4464,661900
2004-12-14,20.5292,20.6396,20.4188,20.6258,479500
2004-12-15,20.6327,20.6948,20.4878,20.6879,604900
2004-12-16,20.7500,21.0053,20.7086,20.9777,623500
2004-12-17,20.4191,20.6268,20.1977,20.5576,1019000
2004-12-20,20.6060,20.6268,20.2876,20.3084,2002900
2004-12-21,20.3084,20.5091,20.3084,20.5022,3683200
2004-12-22,20.5230,20.6683,20.4884,20.6545,912000
2004-12-23,20.5230,20.8206,20.5230,20.7375,642900
2004-12-27,20.8344,20.8483,20.6960,20.7099,563100
2004-12-28,20.7998,20.9314,20.7652,20.9244,413000
2004-12-29,20.9729,20.9729,20.8829,20.9660,300100
2004-12-30,21.0421,21.0421,20.9314,20.9798,268000
2004-12-31,21.0075,21.0075,20.8898,20.8967,236300
2005-01-03,21.0767,21.0767,20.6406,20.6545,606200
2005-01-04,20.7514,20.7999,20.3984,20.4884,454300
2005-01-05,20.4745,20.5853,20.4468,20.4538,448300
2005-01-06,20.5576,20.6822,20.4538,20.6060,1247500
2005-01-07,20.6614,20.6960,20.5645,20.5922,173600
2005-01-10,20.6614,20.7999,20.5853,20.7722,456100
2005-01-11,20.6268,20.7237,20.5853,20.6268,570800
2005-01-12,20.7306,20.7929,20.5991,20.7652,318000
2005-01-13,20.7652,20.7929,20.4261,20.4538,247500
2005-01-14,20.5230,20.5783,20.4191,20.5368,275800
2005-01-18,20.5576,20.7029,20.4745,20.7029,255500
2005-01-19,20.7652,20.7652,20.5645,20.5714,549300
2005-01-20,20.5230,20.6337,20.4468,20.4676,509700
2005-01-21,20.5576,20.5576,20.3292,20.3292,350300
2005-01-24,20.4191,20.4191,20.1561,20.1561,341200
2005-01-25,20.3499,20.4261,20.2669,20.2946,174900
2005-01-26,20.3569,20.5161,20.3499,20.4191,498200
2005-01-27,20.4884,20.4884,20.3153,20.3776,741800
2005-01-28,20.4191,20.4468,20.1354,20.2115,506200
2005-01-31,20.3084,20.3499,20.1492,20.2461,690500
2005-02-01,20.3153,20.4399,20.2461,20.4399,806900
2005-02-02,20.3499,20.5437,20.3499,20.5230,327600
2005-02-03,20.5576,20.5576,20.3984,20.4607,407700
2005-02-04,20.4884,20.6614,20.4122,20.6476,369100
2005-02-07,20.4884,20.7237,20.4884,20.6614,671100
2005-02-08,20.6476,20.7514,20.6476,20.7099,434800
2005-02-09,20.7306,20.8068,20.4815,20.4884,485000
2005-02-10,20.5576,20.5922,20.4261,20.5230,314000
2005-02-11,20.5368,20.8552,20.5368,20.7306,281600
2005-02-14,20.7652,20.7791,20.6683,20.7445,415000
2005-02-15,20.7998,20.8345,20.6891,20.7375,214100
2005-02-16,20.7652,20.7652,20.5991,20.7099,211300
2005-02-17,20.6822,20.7583,20.6199,20.6822,198500
2005-02-18,20.7583,21.0283,20.6337,20.9937,947900
2005-02-22,21.0421,21.0490,20.7029,20.7445,3282500
2005-02-23,20.8344,20.9175,20.7445,20.8414,482400
2005-02-24,20.9175,21.0283,20.7099,21.0006,410100
2005-02-25,20.9729,21.2013,20.9729,21.1736,448200
2005-02-28,21.2498,21.2498,20.7791,20.8552,779800
2005-03-01,20.9729,21.0698,20.9660,21.0213,390800
2005-03-02,21.0421,21.1944,20.9452,21.0421,758500
2005-03-03,21.1805,21.1944,20.9590,21.0213,312900
2005-03-04,21.1252,21.2290,21.1113,21.2151,333800
2005-03-07,21.1805,21.3743,21.1805,21.2636,438600
2005-03-08,21.3190,21.3190,21.0975,21.1252,731200
2005-03-09,21.2013,21.2013,20.9590,20.9937,386000
2005-03-10,21.1113,21.1459,21.0006,21.0698,577600
2005-03-11,21.1459,21.1459,20.8345,20.9037,428700
2005-03-14,20.9383,20.9521,20.7652,20.9383,1195700
2005-03-15,20.9867,21.0006,20.6822,20.6960,688100
2005-03-16,20.6476,20.7029,20.4607,20.4953,1745900
2005-03-17,20.5714,20.5922,20.4330,20.5645,196200
2005-03-18,20.5444,20.6555,20.4194,20.5444,1285200
2005-03-21,20.5999,20.6138,20.3707,20.4610,667400
2005-03-22,20.5930,20.6347,20.4263,20.4680,233000
2005-03-23,20.4680,20.7319,20.4680,20.6902,274800
2005-03-24,20.8013,20.8500,20.6763,20.6972,612300
2005-03-28,20.8013,20.8013,20.6833,20.6833,243500
2005-03-29,20.6972,20.7666,20.5999,20.6138,525700
2005-03-30,20.6416,20.9402,20.6416,20.9402,304700
2005-03-31,20.9402,20.9402,20.7110,20.7388,898600
2005-04-01,20.8639,20.9055,20.5166,20.5583,344700
2005-04-04,20.6624,20.7666,20.5582,20.6624,215800
2005-04-05,20.8569,21.0861,20.8500,21.0792,456500
2005-04-06,21.1208,21.2389,21.0792,21.0930,1220800
2005-04-07,21.0792,21.3153,20.9472,21.3084,1007500
2005-04-08,21.2875,21.3292,21.1139,21.1556,552900
2005-04-11,21.2528,21.2528,21.1139,21.1347,417200
2005-04-12,21.0722,21.2875,20.9402,21.2736,373100
2005-04-13,21.3084,21.4612,21.1833,21.3709,420600
2005-04-14,21.4264,21.4264,21.2458,21.2875,1148000
2005-04-15,21.3570,21.6001,21.3570,21.3917,4044300
2005-04-18,21.8084,21.8084,21.0931,21.2458,1153800
2005-04-19,21.2806,21.3431,21.0930,21.2320,926900
2005-04-20,21.2875,21.2875,20.9194,20.9680,433100
2005-04-21,21.2181,21.2736,21.0653,21.2528,429400
2005-04-22,21.3431,21.3431,21.0792,21.1764,795200
2005-04-25,21.2528,21.3222,21.1347,21.2250,344500
2005-04-26,21.2528,21.3084,21.0930,21.0930,345200
2005-04-27,21.0653,21.3014,20.9680,21.2528,339100
2005-04-28,21.1347,21.2875,21.1139,21.1486,347100
2005-04-29,21.2389,21.4612,21.1208,21.4612,429800
2005-05-02,21.5653,21.5653,21.4403,21.5514,502700
2005-05-03,21.5653,21.6348,21.4473,21.5375,2936300
2005-05-04,21.6348,21.7598,21.5306,21.7529,532500
2005-05-05,21.8084,21.8084,21.6556,21.7459,637000
2005-05-06,21.9126,21.9126,21.6487,21.6487,1699700
2005-05-09,21.7112,21.8223,21.5931,21.8084,1036100
2005-05-10,21.8431,21.8431,21.6278,21.6695,550000
2005-05-11,21.6348,21.7876,21.5445,21.7598,573500
2005-05-12,21.8084,21.8779,21.6834,21.7320,716500
2005-05-13,21.7251,21.7737,21.4264,21.5862,1828500
2005-05-16,21.6695,21.8431,21.6348,21.8431,653500
2005-05-17,21.8431,21.8501,21.6278,21.8293,1428900
2005-05-18,21.9196,21.9682,21.8223,21.8779,628700
2005-05-19,21.9126,21.9473,21.7529,21.8709,490300
2005-05-20,21.2320,21.9126,21.2320,21.8570,311400
2005-05-23,21.8501,21.9682,21.7806,21.8987,508600
2005-05-24,21.9473,21.9821,21.8779,21.9265,540200
2005-05-25,21.9473,21.9473,21.7042,21.7876,748700
2005-05-26,21.8084,21.9126,21.8084,21.8709,821000
2005-05-27,21.9820,21.9820,21.7667,21.8015,791100
2005-05-31,21.8779,21.8779,21.6834,21.7320,1182500
2005-06-01,21.7667,21.8570,21.6695,21.7876,591900
2005-06-02,21.7737,21.8431,21.7042,21.7876,408900
2005-06-03,21.8084,21.8084,21.6626,21.7112,1874900
2005-06-06,21.6973,21.7806,21.6556,21.7181,537100
2005-06-07,21.7806,21.9126,21.7042,21.7251,453800
2005-06-08,21.7876,21.7876,21.5376,21.5723,494900
2005-06-09,21.5792,21.7320,21.5445,21.6626,373200
2005-06-10,21.6348,21.7251,21.5376,21.6140,966000
2005-06-13,21.6695,21.7876,21.5584,21.7042,363300
2005-06-14,21.7737,21.9473,21.7042,21.8918,1039800
2005-06-15,21.9821,21.9821,21.7112,21.8084,685800
2005-06-16,21.9126,21.9543,21.8431,21.9473,979500
2005-06-17,21.8749,22.1326,21.8749,22.0560,536300
2005-06-20,22.1187,22.1187,21.9445,22.0281,484500
2005-06-21,22.0839,22.0839,21.9515,21.9933,400800
2005-06-22,21.9445,22.0560,21.8958,21.9167,507300
2005-06-23,21.9445,21.9654,21.7634,21.7704,561800
2005-06-24,21.8400,21.8400,21.6659,21.6659,358200
2005-06-27,21.6659,21.6728,21.5266,21.5753,869400
2005-06-28,21.7355,21.7982,21.6589,21.7913,529200
2005-06-29,21.8749,21.8749,21.7355,21.7634,403100
2005-06-30,21.7843,21.8052,21.5753,21.6171,625900
2005-07-01,21.6659,21.6659,21.5056,21.5892,483900
2005-07-05,21.5126,21.7286,21.4917,21.6659,443900
2005-07-06,21.5892,21.7007,21.4917,21.5265,1084000
2005-07-07,21.3176,21.5474,21.3176,21.5196,387400
2005-07-08,21.5683,21.8331,21.4917,21.7773,667900
2005-07-11,21.8400,21.9097,21.7286,21.8470,545800
2005-07-12,21.8749,21.8888,21.7564,21.8331,583600
2005-07-13,21.8122,21.8400,21.6589,21.7146,728300
2005-07-14,21.8400,21.9097,21.7704,21.8470,1118500
2005-07-15,21.8749,21.9794,21.8470,21.9515,454500
2005-07-18,21.9794,21.9794,21.8052,21.8191,626500
2005-07-19,21.9097,21.9236,21.7495,21.8261,322600
2005-07-20,21.9445,22.1605,21.9445,22.1396,1247900
2005-07-21,22.1187,22.1396,21.8540,21.9027,709000
2005-07-22,21.9445,21.9445,21.7982,21.8749,838100
2005-07-25,21.9445,21.9445,21.7355,21.7425,506400
2005-07-26,21.8749,21.9236,21.7495,21.8470,431400
2005-07-27,21.9445,22.0769,21.8679,22.0490,424100
2005-07-28,22.0839,22.2929,22.0769,22.2580,1833600
2005-07-29,22.2929,22.2929,22.1048,22.1048,958000
2005-08-01,22.2580,22.3207,22.1675,22.2162,1020700
2005-08-02,22.2720,22.3416,22.1884,22.2998,725300
2005-08-03,22.2580,22.3556,22.2232,22.3556,723600
2005-08-04,22.2998,22.3347,22.1326,22.1326,694700
2005-08-05,22.1117,22.1117,21.9585,21.9794,597400
2005-08-08,22.0490,22.0630,21.8470,21.8958,416500
2005-08-09,21.9445,22.1466,21.9445,22.1466,394400
2005-08-10,22.1605,22.3207,22.0769,22.1117,1930400
2005-08-11,22.1187,22.2859,22.0978,22.2441,432600
2005-08-12,22.2232,22.2302,22.0490,22.1187,204700
2005-08-15,22.0908,22.1884,22.0351,22.1326,521500
2005-08-16,22.1744,22.1884,21.9724,21.9794,431800
2005-08-17,21.9794,22.1187,21.9515,22.0212,403500
2005-08-18,22.0281,22.1326,21.9654,22.0281,375700
2005-08-19,22.1884,22.1884,21.8679,21.8749,1864600
2005-08-22,21.8818,21.9863,21.7773,21.8749,1283000
2005-08-23,21.8679,21.8679,21.7077,21.7355,2321400
2005-08-24,21.8052,21.9027,21.6589,21.6659,1617800
2005-08-25,21.7007,21.7704,21.6728,21.6937,966900
2005-08-26,21.7355,21.7355,21.5892,21.6171,718300
2005-08-29,21.5892,21.8540,21.4220,21.8331,1147400
2005-08-30,21.7704,21.8261,21.6728,21.8052,394700
2005-08-31,21.7913,22.0490,21.7286,22.0281,691500
2005-09-01,22.0839,22.2929,21.9863,22.0351,485300
2005-09-02,22.1048,22.1396,22.0003,22.0212,817000
2005-09-06,22.0212,22.3834,22.0212,22.3695,641900
2005-09-07,22.4322,22.5715,22.4183,22.5158,1813800
2005-09-08,22.5297,22.6064,22.3974,22.5019,1928900
2005-09-09,22.5367,22.6342,22.4879,22.5785,665000
2005-09-12,22.6412,22.6551,22.4810,22.5019,566500
2005-09-13,22.5019,22.5019,22.2302,22.2650,776400
2005-09-14,22.2929,22.3625,22.1814,22.2023,1536900
2005-09-15,22.1884,22.3207,22.1675,22.1884,650600
2005-09-16,22.2904,22.3742,22.1926,22.3603,509400
2005-09-19,22.3253,22.3533,22.1367,22.1995,688400
2005-09-20,22.1995,22.2694,21.9899,22.0318,613200
2005-09-21,21.8991,22.0738,21.8991,21.9270,1017400
2005-09-22,21.9829,22.0458,21.8432,21.9760,1725700
2005-09-23,21.8362,22.0947,21.8292,21.9899,1253300
2005-09-26,22.1227,22.1227,21.8222,21.9550,463300
2005-09-27,21.9550,21.9690,21.8013,21.8292,472200
2005-09-28,21.9061,21.9550,21.7733,21.8432,470500
2005-09-29,21.7454,21.9200,21.6685,21.8921,700100
2005-09-30,21.9061,21.9270,21.8222,21.9061,957000
2005-10-03,21.9759,22.0039,21.8362,21.9270,1464100
2005-10-04,21.2632,22.2135,21.2632,22.0179,618700
2005-10-05,22.0179,22.0249,21.6545,21.6545,1116100
2005-10-06,21.6615,21.7384,21.3401,21.5078,2054400
2005-10-07,21.6266,21.6266,21.4728,21.4868,450900
2005-10-10,21.5217,21.5776,21.3610,21.4589,1276300
2005-10-11,21.4868,21.5916,21.2492,21.2772,712400
2005-10-12,21.2422,21.5218,21.2422,21.3261,1276500
2005-10-13,21.2982,21.5078,21.2702,21.4309,1285300
2005-10-14,21.4868,21.6126,20.8649,21.5287,1362300
2005-10-17,21.4868,21.5567,21.4169,21.5217,895500
2005-10-18,21.5567,21.6126,21.4728,21.4938,1029900
2005-10-19,21.3960,21.7384,21.3820,21.7034,1051800
2005-10-20,21.7663,21.7663,21.2073,21.2562,1750100
2005-10-21,21.4519,21.4519,21.0676,21.1235,1361700
2005-10-24,21.1025,21.2982,21.0885,21.2982,937700
2005-10-25,21.3121,21.3121,21.0047,21.1654,1216500
2005-10-26,21.1095,21.1794,20.8999,20.8999,1346900
2005-10-27,20.9488,20.9767,20.8090,20.8230,2871100
2005-10-28,20.8579,21.1444,20.8579,21.1374,1076600
2005-10-31,21.2772,21.3261,21.1794,21.2353,1238900
2005-11-01,21.2772,21.2772,21.1025,21.1724,1293600
2005-11-02,21.0885,21.2143,21.0606,21.1724,1188900
2005-11-03,20.6134,21.4519,20.6134,21.3051,1788800
2005-11-04,21.2981,21.4379,21.2981,21.4169,507900
2005-11-07,21.5217,21.5217,21.3331,21.4589,508900
2005-11-08,21.4169,21.4589,21.3890,21.4100,576000
2005-11-09,21.4309,21.4938,21.3401,21.4309,328100
2005-11-10,21.4449,21.7244,21.4379,21.7104,1473800
2005-11-11,21.7244,21.7523,21.5637,21.7174,1651500
2005-11-14,21.7523,21.7523,21.5287,21.5707,296900
2005-11-15,21.5707,21.8013,21.5707,21.6825,451600
2005-11-16,21.7454,21.7663,21.5846,21.6405,328200
2005-11-17,21.6964,21.7803,21.6126,21.7523,397200
2005-11-18,21.8711,21.8851,21.7523,21.8432,1958400
2005-11-21,21.9061,21.9061,21.7593,21.8851,514500
2005-11-22,21.8711,21.9061,21.7034,21.7593,684600
2005-11-23,21.8013,21.8432,21.7244,21.8152,718500
2005-11-25,21.8222,21.8711,21.8013,21.8432,115200
2005-11-28,21.8641,21.8641,21.5846,21.6126,861200
2005-11-29,21.7104,21.7733,21.6196,21.6336,490500
2005-11-30,21.6475,21.7034,21.4938,21.4938,542000
2005-12-01,21.6615,21.7454,21.6126,21.7104,488200
2005-12-02,21.6615,21.8013,21.6056,21.7873,585700
2005-12-05,21.7873,21.8362,21.7314,21.8292,2846000
2005-12-06,21.8572,21.9410,21.7663,21.7873,719200
2005-12-07,21.7663,21.7733,21.6336,21.6964,887300
2005-12-08,21.6755,21.8711,21.6755,21.7733,338800
2005-12-09,21.7733,21.8572,21.7454,21.8013,492600
2005-12-12,21.8711,21.8991,21.6266,21.8082,753200
2005-12-13,21.7733,22.0808,21.7733,22.0458,1674000
2005-12-14,22.1017,22.2275,22.0528,22.1087,3037800
2005-12-15,22.2624,22.2624,22.1157,22.1716,569300
2005-12-16,22.3076,22.3286,22.2235,22.2235,501300
2005-12-19,22.4057,22.6441,22.3987,22.4198,985000
2005-12-20,22.4759,22.4899,22.3637,22.3917,408200
2005-12-21,22.7002,22.7002,22.4198,22.4618,469200
2005-12-22,22.5810,22.6511,22.4688,22.6091,625600
2005-12-23,22.6862,22.6932,22.5950,22.6371,741800
2005-12-27,22.7843,22.7843,22.4408,22.4548,432600
2005-12-28,22.5460,22.5810,22.4478,22.4548,323300
2005-12-29,22.5670,22.5670,22.3637,22.3777,462300
2005-12-30,22.3286,22.3286,22.2024,22.2375,417500
2006-01-03,22.2796,22.5670,22.2024,22.5109,1230000
2006-01-04,22.5249,22.7563,22.5249,22.7352,2160600
2006-01-05,22.9736,22.9736,22.6371,22.6792,1261100
2006-01-06,22.7703,22.8755,22.7072,22.8264,774900
2006-01-09,22.8965,22.9526,22.8264,22.9315,622700
2006-01-10,23.0998,23.0998,22.7703,22.8474,823300
2006-01-11,22.7773,22.8825,22.7423,22.7913,1015600
2006-01-12,22.7212,22.8264,22.7212,22.7703,547900
2006-01-13,23.2120,23.2120,22.6371,22.7563,878500
2006-01-17,22.5950,22.7142,22.5950,22.6932,1063700
2006-01-18,22.7142,22.7773,22.6581,22.7282,1213900
2006-01-19,22.8614,22.9315,22.6511,22.8474,2798500
2006-01-20,22.8544,22.8544,22.4058,22.4128,3070600
2006-01-23,22.4478,22.4618,22.3006,22.3987,1085000
2006-01-24,22.3497,22.4057,22.2445,22.2936,1173700
2006-01-25,22.3637,22.4128,22.1814,22.2655,1425200
2006-01-26,22.3216,22.4618,22.3146,22.3777,1221300
2006-01-27,22.4058,22.6722,22.4058,22.6371,1228700
2006-01-30,22.7072,22.7773,22.5109,22.5319,977700
2006-01-31,22.1604,22.5810,22.1604,22.5249,2370400
2006-02-01,22.6371,22.7352,22.5810,22.6651,1472700
2006-02-02,22.7423,22.7423,22.4268,22.4829,900500
2006-02-03,22.4478,22.5530,22.3356,22.4408,823400
2006-02-06,22.3567,22.3637,22.1674,22.2375,924800
2006-02-07,22.2585,22.3427,22.1534,22.2024,1328600
2006-02-08,22.1744,22.4899,22.0903,22.4899,1537800
2006-02-09,22.4899,22.6792,22.4899,22.5109,1491900
2006-02-10,22.3777,22.4688,22.2725,22.4618,812200
2006-02-13,22.4478,22.4548,22.3216,22.4338,644600
2006-02-14,22.8965,22.8965,22.4688,22.6511,900300
2006-02-15,22.6511,22.8124,22.6161,22.7843,974500
2006-02-16,22.7913,22.9456,22.7282,22.9315,1161200
2006-02-17,22.8053,22.9385,22.7983,22.9175,756200
2006-02-21,22.9526,23.0017,22.7493,22.7983,692800
2006-02-22,22.7633,23.0227,22.7633,22.9946,641800
2006-02-23,22.9386,22.9946,22.8404,22.9105,790800
2006-02-24,22.8965,22.9666,22.8264,22.9105,665900
2006-02-27,22.9245,23.1559,22.9245,23.0858,1548200
2006-02-28,22.9946,22.9946,22.7212,22.7843,912700
2006-03-01,22.7563,22.8334,22.6511,22.8054,1319700
2006-03-02,22.7843,22.8053,22.6862,22.7633,757400
2006-03-03,22.6932,22.8965,22.6651,22.6862,795500
2006-03-06,22.6862,22.7002,22.5039,22.5670,954100
2006-03-07,22.5039,22.6862,22.5039,22.5740,1244300
2006-03-08,22.5249,22.8054,22.5249,22.7282,490900
2006-03-09,22.7843,22.7913,22.6301,22.6511,381500
2006-03-10,22.7072,22.7773,22.6511,22.7352,626700
2006-03-13,22.8755,22.8755,22.6792,22.7212,761900
2006-03-14,22.7212,22.8895,22.6862,22.8825,868500
2006-03-15,22.9315,22.9806,22.8264,22.9596,729000
2006-03-16,22.9596,23.0087,22.9105,22.9596,815000
2006-03-17,23.0348,23.0630,22.9715,23.0137,395200
2006-03-20,23.0489,23.1052,22.9645,23.0559,745800
2006-03-21,23.0208,23.0841,22.8309,22.9153,1330400
2006-03-22,22.9434,23.1544,22.9364,23.1474,559600
2006-03-23,23.0700,23.0700,22.9012,23.0208,1707700
2006-03-24,22.9293,23.0630,22.9293,22.9856,465500
2006-03-27,22.9223,22.9364,22.7816,22.8098,778800
2006-03-28,22.6761,22.7746,22.5777,22.5988,1013700
2006-03-29,22.7394,22.7394,22.5988,22.6621,503300
2006-03-30,22.6058,22.7887,22.5566,22.6199,690200
2006-03-31,22.5917,22.6691,22.4722,22.4933,895800
2006-04-03,22.5777,22.6410,22.4722,22.4792,2382100
2006-04-04,22.5425,22.5636,22.3948,22.5073,2518900
2006-04-05,22.4159,22.5355,22.4018,22.4370,1908800
2006-04-06,22.4159,22.4159,22.1627,22.2682,2216300
2006-04-07,22.3245,22.3596,21.9798,22.0009,1833100
2006-04-10,22.0150,22.0150,21.8180,21.9587,1887700
2006-04-11,21.9657,21.9657,21.6141,21.7196,2293300
2006-04-12,21.7336,21.8673,21.7055,21.8673,4217500
2006-04-13,21.7477,21.8532,21.7266,21.8180,1763700
2006-04-17,21.8251,21.8251,21.6141,21.6914,1521400
2006-04-18,21.7899,21.9095,21.7196,21.8954,7651600
2006-04-19,21.8813,21.8813,21.6844,21.7688,1405900
2006-04-20,21.8110,21.9939,21.7688,21.9657,3495900
2006-04-21,22.0924,22.0924,21.8251,21.9165,1167900
2006-04-24,21.5789,21.8743,21.5789,21.8321,1619700
2006-04-25,21.8110,21.8321,21.6281,21.6985,2743900
2006-04-26,21.6774,21.8040,21.6211,21.6985,2192300
2006-04-27,21.6281,21.6985,21.5086,21.5789,4469800
2006-04-28,21.5789,21.8040,21.5789,21.7969,2495700
2006-05-01,21.7547,21.8251,21.6000,21.6070,1018600
2006-05-02,21.6352,21.6844,21.5508,21.6070,791300
2006-05-03,21.4945,21.5578,21.3538,21.3679,2203100
2006-05-04,22.0150,22.0150,21.3679,21.4382,1475800
2006-05-05,21.5437,21.6844,21.4804,21.6492,1190000
2006-05-08,21.6000,21.6774,21.5930,21.6422,3090900
2006-05-09,21.5859,21.6352,21.4593,21.4875,3177400
2006-05-10,21.4593,21.5648,21.4523,21.4664,2280700
2006-05-11,21.4875,21.5578,21.3820,21.4242,1620600
2006-05-12,21.3679,21.4945,21.3538,21.3749,1406100
2006-05-15,21.4242,21.6774,21.3820,21.6774,2248900
2006-05-16,21.6633,21.8040,21.6492,21.7336,1808200
2006-05-17,21.6563,21.8110,21.4945,21.5086,3359700
2006-05-18,21.5437,21.5508,21.4031,21.4171,1288500
2006-05-19,21.4453,21.4453,21.1921,21.2976,1091100
2006-05-22,21.2132,21.3960,21.1991,21.2061,873300
2006-05-23,21.2765,21.2976,21.1077,21.1077,2276200
2006-05-24,21.1428,21.2343,20.9529,21.1710,1705700
2006-05-25,21.3187,21.3960,21.2272,21.3679,531000
2006-05-26,21.4453,21.5297,21.3749,21.4875,1935800
2006-05-30,21.3398,21.3960,21.1639,21.2061,1443900
2006-05-31,21.2343,21.3538,21.1991,21.3398,1171000
2006-06-01,21.4312,21.6492,21.3820,21.6422,876200
2006-06-02,21.7407,21.7547,21.6000,21.7266,969700
2006-06-05,21.6281,21.6563,21.3749,21.3890,878200
2006-06-06,21.4312,21.5226,21.3116,21.4242,3027300
2006-06-07,21.4875,21.7125,21.4382,21.5226,1461000
2006-06-08,21.5437,21.6211,21.3116,21.5578,2199300
2006-06-09,21.4593,21.5719,21.4031,21.4031,791500
2006-06-12,21.4101,21.4804,21.1850,21.1850,763800
2006-06-13,21.2061,21.3609,21.1147,21.1288,1069400
2006-06-14,21.0584,21.2132,21.0584,21.1639,1023000
2006-06-15,21.1920,21.5156,21.1569,21.4242,975500
2006-06-16,21.4037,21.5166,21.3613,21.3966,803100
2006-06-19,21.4249,21.4672,21.1707,21.2343,957800
2006-06-20,21.2625,21.2625,21.1284,21.1566,474100
2006-06-21,21.1425,21.3543,21.1425,21.2625,465900
2006-06-22,21.2907,21.2907,21.0790,21.1425,372300
2006-06-23,21.0860,21.2625,21.0366,21.1637,1943300
2006-06-26,21.1566,21.1778,21.0225,21.0860,754100
2006-06-27,21.0154,21.0860,20.8178,20.8672,673500
2006-06-28,20.9237,20.9872,20.7754,20.8672,481600
2006-06-29,21.0437,21.2554,20.9872,21.2272,632400
2006-06-30,21.2484,21.4602,21.2413,21.3472,1312400
2006-07-03,21.3402,21.4319,21.3260,21.3896,313800
2006-07-05,21.3543,21.3825,21.2907,21.3684,1093000
2006-07-06,21.3119,21.5378,21.3119,21.4460,937700
2006-07-07,21.3896,21.5519,21.3896,21.4672,699600
2006-07-10,21.5519,21.6296,21.5025,21.5449,1642100
2006-07-11,21.5802,21.6366,21.4955,21.5943,1552700
2006-07-12,21.6296,21.6719,21.4743,21.5166,677400
2006-07-13,21.3966,21.4602,21.2484,21.2907,788700
2006-07-14,21.2907,21.3684,21.0719,21.1566,1319700
2006-07-17,21.1284,21.3331,21.1284,21.2413,432600
2006-07-18,21.2272,21.3260,21.0790,21.2413,689000
2006-07-19,21.3119,21.8202,21.3119,21.7425,1708900
2006-07-20,21.8202,21.9120,21.7637,21.7637,1092700
2006-07-21,21.7920,21.9049,21.7425,21.8625,644200
2006-07-24,21.9896,22.3285,21.9896,22.2861,1857600
2006-07-25,22.1802,22.5402,22.1802,22.4767,2366200
2006-07-26,22.5191,22.6179,22.3990,22.5826,1877800
2006-07-27,22.4696,22.4838,22.3214,22.4696,1919500
2006-07-28,22.5191,22.6602,22.4626,22.5896,1817000
2006-07-31,22.6038,22.6038,22.4696,22.5120,462400
2006-08-01,22.5049,22.5614,22.3920,22.5120,3115000
2006-08-02,22.6602,22.7802,22.6108,22.6532,633700
2006-08-03,22.4838,22.6179,22.4061,22.4555,2033400
2006-08-04,22.5544,22.5826,22.4202,22.4626,899700
2006-08-07,22.4202,22.4767,22.3638,22.3920,630800
2006-08-08,22.4202,22.4979,22.3355,22.3849,1020700
2006-08-09,22.5402,22.6249,22.3920,22.4061,739700
2006-08-10,22.2649,22.4485,22.2649,22.3849,680000
2006-08-11,22.3355,22.3637,22.2014,22.2790,456200
2006-08-14,22.3638,22.5049,22.3073,22.3285,408700
2006-08-15,22.4979,22.5473,22.4273,22.5191,651400
2006-08-16,22.5896,22.7167,22.5826,22.7167,1290600
2006-08-17,22.6955,22.8438,22.6955,22.7732,998300
2006-08-18,22.7308,22.8155,22.6744,22.8085,484900
2006-08-21,22.7873,22.8014,22.6955,22.7308,468900
2006-08-22,22.6744,22.8297,22.6461,22.8014,376200
2006-08-23,22.8226,22.8226,22.7379,22.7873,422000
2006-08-24,22.9144,22.9850,22.8791,22.9426,701200
2006-08-25,22.9073,22.9991,22.8579,22.9567,394300
2006-08-28,22.9779,23.1967,22.9497,23.1050,335000
2006-08-29,23.1332,23.2250,23.1050,23.2109,845800
2006-08-30,23.2532,23.2744,23.1968,23.2250,685700
2006-08-31,23.2250,23.2320,23.1191,23.1544,375900
2006-09-01,23.1544,23.3026,23.1544,23.2744,2468600
2006-09-05,23.2603,23.2956,23.1685,23.1685,805700
2006-09-06,23.1826,23.1826,23.0273,23.0838,1378000
2006-09-07,22.9850,23.0344,22.8932,22.9144,1418700
2006-09-08,22.9708,23.1191,22.9285,23.0979,468700
2006-09-11,23.0979,23.2532,23.0132,23.2462,1016900
2006-09-12,23.3168,23.5285,23.3026,23.5144,1090100
2006-09-13,23.5285,23.5356,23.4085,23.4650,905700
2006-09-14,23.4015,23.4579,23.3450,23.4368,557400
2006-09-15,23.5522,23.5805,23.4743,23.4743,1960100
2006-09-18,23.4743,23.5310,23.4247,23.4672,1559700
2006-09-19,23.4743,23.5097,23.3822,23.5026,693900
2006-09-20,23.5168,23.6797,23.5026,23.5947,716900
2006-09-21,23.6089,23.6089,23.4106,23.4460,572800
2006-09-22,23.3751,23.4247,23.2547,23.2972,1020700
2006-09-25,23.3751,23.4389,23.2406,23.3893,795700
2006-09-26,23.3893,23.4247,23.3256,23.4106,774200
2006-09-27,23.4389,23.4743,23.2972,23.4743,1074300
2006-09-28,23.4743,23.4743,23.3610,23.4318,463800
2006-09-29,23.5664,23.5664,23.4176,23.5097,575800
2006-10-02,23.4318,23.5168,23.3539,23.3751,423200
2006-10-03,23.3610,23.5239,23.3326,23.4460,1416100
2006-10-04,23.4176,23.6514,23.3893,23.6514,1627800
2006-10-05,23.5735,23.6514,23.5239,23.6514,1045000
2006-10-06,23.7151,23.7151,23.4885,23.5593,1331700
2006-10-09,23.5522,23.5593,23.4389,23.5097,806800
2006-10-10,23.5451,23.5451,23.2972,23.4106,1355100
2006-10-11,23.3397,23.4530,23.2901,23.4035,736700
2006-10-12,23.4035,23.5664,23.3964,23.5451,890600
2006-10-13,23.4743,23.4885,23.3822,23.4672,3143600
2006-10-16,23.4035,23.5168,23.3751,23.5026,969700
2006-10-17,23.5168,23.5947,23.4176,23.5664,1388400
2006-10-18,23.6514,23.8356,23.6301,23.8214,755700
2006-10-19,23.8072,23.9276,23.8001,23.8001,1428000
2006-10-20,23.8143,23.9843,23.7647,23.9843,1987400
2006-10-23,23.9064,24.0481,23.8426,24.0481,772700
2006-10-24,23.9701,23.9701,23.8356,23.9701,689200
2006-10-25,23.9772,23.9772,23.7435,23.8285,1141500
2006-10-26,23.8851,23.9276,23.7364,23.9206,2016300
2006-10-27,23.8426,23.8781,23.7647,23.8214,829900
2006-10-30,23.7293,23.8072,23.6797,23.6868,1657400
2006-10-31,23.6939,23.7364,23.5310,23.5876,1331500
2006-11-01,23.5522,23.7789,23.3893,23.4176,1867200
2006-11-02,23.3468,23.5735,23.3468,23.5451,1797800
2006-11-03,23.5876,23.6372,23.4035,23.4247,735000
2006-11-06,23.5168,23.7506,23.4176,23.7081,896900
2006-11-07,23.6797,23.9631,23.6797,23.8922,957800
2006-11-08,23.6018,23.6018,23.4247,23.5310,2985100
2006-11-09,23.4247,23.5097,22.8651,22.9785,4776400
2006-11-10,22.9289,23.0493,22.8510,23.0139,1914500
2006-11-13,22.8935,23.1626,22.8935,23.0564,1603300
2006-11-14,22.9572,23.2689,22.9360,23.2476,2427800
2006-11-15,23.2122,23.4601,23.1768,23.3610,1415900
2006-11-16,23.3539,23.5097,23.3539,23.4601,801400
2006-11-17,23.3964,23.5381,23.3964,23.5310,1078200
2006-11-20,23.5310,23.5805,23.4247,23.4743,1454500
2006-11-21,23.5310,23.5310,23.3893,23.4389,1509900
2006-11-22,23.4176,23.5097,23.3893,23.4885,1215000
2006-11-24,23.3822,23.4318,23.3610,23.3893,118700
2006-11-27,23.3326,23.3610,23.1555,23.2335,1512900
2006-11-28,23.1910,23.3397,23.1910,23.2831,1389200
2006-11-29,23.3256,23.4601,23.3114,23.4460,1137700
2006-11-30,23.4814,23.6301,23.4672,23.5593,1195400
2006-12-01,23.5876,23.6301,23.3964,23.5380,833400
2006-12-04,23.2972,23.4743,23.2972,23.4247,1611400
2006-12-05,23.4672,23.5522,23.3964,23.5168,1009100
2006-12-06,23.4955,23.5735,23.3893,23.5522,1639600
2006-12-07,23.5593,23.6797,23.4885,23.5026,605000
2006-12-08,23.4814,23.6018,23.3893,23.5451,827600
2006-12-11,23.5876,23.6301,23.5097,23.5947,348900
2006-12-12,23.6018,23.6018,23.4814,23.6018,1067500
2006-12-13,23.5876,23.6868,23.5310,23.5522,720200
2006-12-14,23.6726,23.7931,23.5947,23.6726,1075700
2006-12-15,23.6705,23.7984,23.6492,23.7487,709400
2006-12-18,23.7984,23.8624,23.7416,23.7984,1903800
2006-12-19,23.7416,23.9548,23.7416,23.9193,1605100
2006-12-20,24.0188,24.0188,23.8838,23.9335,1349000
2006-12-21,23.8980,23.9833,23.8269,23.8695,498800
2006-12-22,23.9122,23.9122,23.7060,23.7700,275000
2006-12-26,23.7416,23.7913,23.6989,23.7842,432700
2006-12-27,23.8624,23.9193,23.8553,23.8980,817800
2006-12-28,23.8980,23.9477,23.8198,23.8695,281600
2006-12-29,23.7700,23.9122,23.6918,23.8056,315900
2007-01-03,23.9548,24.0543,23.6989,23.8127,1806100
2007-01-04,23.9548,24.1610,23.8411,24.0828,1701900
2007-01-05,24.1041,24.1041,23.8909,23.9477,1529200
2007-01-08,23.9904,24.0259,23.8269,23.9762,1609900
2007-01-09,24.1112,24.1112,23.9193,23.9477,934800
2007-01-10,23.9477,24.0330,23.8340,23.9904,526300
2007-01-11,23.9762,24.2534,23.9548,24.2534,2622600
2007-01-12,24.2747,24.4027,24.2249,24.3671,1281100
2007-01-16,24.4240,24.4382,24.3245,24.4240,651000
2007-01-17,24.4311,24.6514,24.3884,24.5661,2826700
2007-01-18,24.6088,24.7012,24.5377,24.6372,2561300
2007-01-19,24.6301,24.7296,24.6088,24.6443,1521400
2007-01-22,24.6870,24.8220,24.4524,24.4951,5078500
2007-01-23,24.4524,24.5093,24.3031,24.3671,2029300
2007-01-24,24.4169,24.5804,24.3529,24.5519,3488200
2007-01-25,24.5590,24.5590,24.4311,24.4666,3214300
2007-01-26,24.3458,24.4169,24.2107,24.3316,2505600
2007-01-29,24.3458,24.3813,24.2605,24.2960,1967500
2007-01-30,24.4098,24.4382,24.3316,24.4169,1187600
2007-01-31,24.4382,24.5732,24.3742,24.5306,1685900
2007-02-01,24.6301,24.7581,24.6017,24.7367,2628200
2007-02-02,24.7865,24.8078,24.6372,24.6870,1197600
2007-02-05,24.6870,24.7225,24.5804,24.6799,3132600
2007-02-06,24.6870,24.6941,24.5448,24.6088,2216100
2007-02-07,24.6159,24.6799,24.5733,24.6443,1572700
2007-02-08,24.6585,24.6799,24.5946,24.6230,1345800
2007-02-09,24.6870,24.6870,24.4880,24.5519,2625700
2007-02-12,24.5235,24.5377,24.4169,24.4453,1421000
2007-02-13,24.4524,24.5519,24.4524,24.5448,1295000
2007-02-14,24.5306,24.6941,24.5306,24.6728,2023400
2007-02-15,24.7012,24.8007,24.6514,24.7865,1134100
2007-02-16,24.6301,24.7154,24.6301,24.6870,1294300
2007-02-20,24.6372,24.7368,24.6372,24.7012,739000
2007-02-21,24.6372,24.6514,24.5590,24.5875,975800
2007-02-22,24.6230,24.6301,24.4808,24.5519,1374700
2007-02-23,24.5306,24.5306,24.3813,24.4453,898000
2007-02-26,24.5022,24.5661,24.4524,24.5448,1881500
2007-02-27,24.3600,24.4098,23.5710,23.7984,3057900
2007-02-28,23.8482,24.1539,23.8482,23.9619,2330100
2007-03-01,23.7629,23.9690,23.5354,23.8553,2406700
2007-03-02,23.8127,23.9335,23.6421,23.6421,2559100
2007-03-05,23.5283,23.7771,23.4430,23.5212,1744400
2007-03-06,23.6634,23.8411,23.4573,23.7700,2897500
2007-03-07,23.7060,23.8838,23.6634,23.7771,1175800
2007-03-08,23.8695,24.1396,23.8127,23.8553,1161000
2007-03-09,23.9904,24.0259,23.8411,23.9051,1147300
2007-03-12,23.9335,23.9762,23.7984,23.9051,2392700
2007-03-13,23.8482,23.9193,23.5141,23.5141,3381500
2007-03-14,23.5923,23.6492,23.3791,23.6065,3423800
2007-03-15,23.5781,23.6705,23.5355,23.6634,1382000
2007-03-16,23.7305,23.7376,23.5735,23.6877,859200
2007-03-19,23.7090,23.8731,23.6520,23.8731,782500
2007-03-20,23.7733,24.0087,23.7733,23.9945,2089000
2007-03-21,23.9730,24.2798,23.8874,24.2370,1889100
2007-03-22,24.2656,24.3298,24.1871,24.3227,1667000
2007-03-23,24.2584,24.4939,23.8303,24.2014,1487400
2007-03-26,24.2727,24.2727,24.0658,24.2370,961500
2007-03-27,24.1871,24.1871,24.0230,24.0658,2922100
2007-03-28,24.0444,24.0801,23.9017,23.9017,2763600
2007-03-29,23.9659,24.0444,23.8732,24.0159,2708200
2007-03-30,24.0087,24.1657,23.8018,24.0087,3073900
2007-04-02,24.1157,24.1800,24.0587,24.1371,1188800
2007-04-03,24.2584,24.4511,24.2085,24.3869,982500
2007-04-04,24.4011,24.5438,24.3298,24.5296,922600
2007-04-05,24.5153,24.7222,24.5153,24.7008,1102400
2007-04-09,24.7008,24.7151,24.6294,24.7079,1307700
2007-04-10,24.6508,24.7507,24.6152,24.7436,1422400
2007-04-11,24.7222,24.7365,24.5652,24.6366,2447600
2007-04-12,24.6009,24.9505,24.5224,24.9148,1072500
2007-04-13,25.1003,25.2930,25.0861,25.2787,2666700
2007-04-16,25.3501,25.5213,25.3215,25.5213,3204800
2007-04-17,25.6426,25.6854,25.5926,25.5998,2849000
2007-04-18,25.5712,25.5998,25.3929,25.5926,2173900
2007-04-19,25.5284,25.7496,25.4714,25.6997,3099400
2007-04-20,25.7924,25.8495,25.7139,25.7996,2496700
2007-04-23,25.8780,25.8852,25.7568,25.8281,1399900
2007-04-24,25.8495,25.8923,25.7282,25.8281,1031200
2007-04-25,25.8495,25.9565,25.5070,25.9066,1995200
2007-04-26,25.9209,26.0493,25.8923,25.9351,1129400
2007-04-27,25.9137,25.9280,25.7996,25.8495,842800
2007-04-30,25.9209,25.9209,25.7568,25.7639,1364500
2007-05-01,25.7282,25.8567,25.7068,25.8210,2680900
2007-05-02,25.9137,26.0136,25.8281,25.9851,1347900
2007-05-03,25.9851,26.0778,25.9423,26.0421,1301300
2007-05-04,26.4274,26.4346,26.0065,26.1849,942300
2007-05-07,26.2134,26.2419,26.1848,26.2419,2263000
2007-05-08,26.1991,26.1991,26.0707,26.1420,1927400
2007-05-09,26.1849,26.2633,26.1206,26.2277,1841100
2007-05-10,26.1563,26.1563,25.7068,25.7639,1367400
2007-05-11,25.6925,25.8994,25.6569,25.8638,1189300
2007-05-14,25.8780,26.0279,25.8352,25.8352,1162600
2007-05-15,25.7924,25.9922,25.7924,25.8067,2288300
2007-05-16,25.9993,26.1278,25.9280,26.0992,3063800
2007-05-17,26.0350,26.0350,25.9351,25.9993,1415400
2007-05-18,26.0564,26.1420,25.9779,26.1064,693700
2007-05-21,26.1278,26.1920,26.0992,26.1634,1768700
2007-05-22,26.2562,26.2633,26.0564,26.1492,1101400
2007-05-23,26.2562,26.3561,26.1777,26.2419,1724500
2007-05-24,26.1706,26.3061,26.1135,26.1420,1955900
2007-05-25,26.0992,26.2134,26.0778,26.1278,997900
2007-05-29,26.1492,26.1849,26.0636,26.1420,1565600
2007-05-30,26.1206,26.1492,25.9423,26.1492,3190000
2007-05-31,26.1920,26.2562,26.1278,26.2063,1386600
2007-06-01,26.2134,26.2705,26.1420,26.2348,3572300
2007-06-04,26.1135,26.2348,26.1135,26.1849,1749200
2007-06-05,26.1064,26.1492,25.9922,26.1206,1685300
2007-06-06,26.0707,26.0707,25.8281,25.8780,3136400
2007-06-07,25.6426,25.8281,25.4357,25.4928,3280800
2007-06-08,25.2502,25.6212,25.2502,25.5784,1995600
2007-06-11,25.5213,25.7139,25.5213,25.5855,1267400
2007-06-12,25.5070,25.6141,25.3786,25.4000,2087200
2007-06-13,25.6355,25.6355,25.3501,25.6069,2145000
2007-06-14,25.6997,25.7282,25.3358,25.6783,1747400
2007-06-15,25.8956,25.9315,25.7880,25.8741,1221500
2007-06-18,25.8311,25.8454,25.6804,25.7235,984400
2007-06-19,25.7593,25.8167,25.7019,25.7235,1632000
2007-06-20,25.8669,25.8669,25.3648,25.4007,1913600
2007-06-21,25.3648,25.4724,25.2213,25.4724,1597900
2007-06-22,25.3146,25.3791,25.0205,25.0850,3168700
2007-06-25,25.0850,25.2931,24.9559,25.0420,2120600
2007-06-26,25.1639,25.3433,25.1137,25.1711,1172800
2007-06-27,25.1066,25.3791,25.0563,25.3791,5263600
2007-06-28,25.3361,25.4939,25.3289,25.4007,1713800
2007-06-29,25.3648,25.4365,25.0779,25.3289,1731500
2007-07-02,25.4078,25.6087,24.9631,25.4724,1264200
2007-07-03,25.5728,25.5728,25.4939,25.5154,671800
2007-07-05,25.4509,25.5513,25.3791,25.5083,3255600
2007-07-06,25.4581,25.5657,25.4150,25.5657,977800
2007-07-09,25.5728,25.5872,25.4222,25.4867,1264800
2007-07-10,25.3863,25.4724,25.2142,25.2715,1916700
2007-07-11,25.2429,25.4294,25.2357,25.3576,1717900
2007-07-12,25.3863,25.8454,25.3863,25.8311,863600
2007-07-13,25.7808,25.8526,25.6948,25.7665,1806700
2007-07-16,25.7378,25.8239,25.7378,25.7952,1388300
2007-07-17,25.6804,25.7737,25.6589,25.7163,1450300
2007-07-18,25.6517,25.6517,25.4581,25.6446,2247200
2007-07-19,25.5872,25.6087,25.4078,25.5083,1332600
2007-07-20,25.4222,25.4652,25.1855,25.2715,2122400
2007-07-23,25.4939,25.6230,25.4078,25.4652,1916100
2007-07-24,25.3863,25.4939,25.1424,25.2070,2853300
2007-07-25,25.3648,25.8167,25.0635,25.1926,2130400
2007-07-26,25.0276,25.0635,24.5757,24.6762,3470400
2007-07-27,24.5829,24.8268,24.0880,24.0880,3411600
2007-07-30,24.1597,24.3964,24.1023,24.3892,2987900
2007-07-31,24.7264,24.7479,24.1166,24.1238,2694200
2007-08-01,24.0808,24.3892,24.0162,24.2888,4001600
2007-08-02,24.3032,24.6044,24.3032,24.4968,2384900
2007-08-03,24.5112,24.6116,24.1525,24.1597,4094700
2007-08-06,24.2744,24.7407,24.2744,24.6331,3419300
2007-08-07,24.5973,24.9559,24.5829,24.7479,1435200
2007-08-08,24.8196,25.0348,24.7120,25.0348,2436400
2007-08-09,24.7479,24.9344,24.4251,24.4466,2228400
2007-08-10,24.3032,24.4753,24.1166,24.3175,2373300
2007-08-13,24.4753,24.6475,24.3892,24.3892,2071000
2007-08-14,24.5255,24.5327,24.1669,24.1884,1358700
2007-08-15,24.1740,24.4897,24.0736,24.1310,2001100
2007-08-16,23.8728,24.1884,23.6289,24.1382,3455600
2007-08-17,24.6762,24.6762,23.9517,24.1955,1859200
2007-08-20,24.3318,24.4107,24.1597,24.3103,1554900
2007-08-21,24.2386,24.4251,24.1955,24.3749,1559200
2007-08-22,24.4538,24.5327,24.3677,24.4968,2742800
2007-08-23,24.5542,24.7049,24.4897,24.6546,6065200
2007-08-24,24.6044,24.8053,24.5470,24.8053,4721600
2007-08-27,24.7192,24.7838,24.6331,24.6331,741500
2007-08-28,24.6331,24.6475,24.3032,24.3821,1447900
2007-08-29,24.3892,24.6331,24.2888,24.5614,1300100
2007-08-30,24.4897,24.7049,24.4897,24.5614,1152300
2007-08-31,24.7407,24.8627,24.6331,24.6762,1085200
2007-09-04,24.7551,24.9774,24.7407,24.8914,896400
2007-09-05,24.8411,24.8842,24.7049,24.8411,868200
2007-09-06,24.8268,25.0061,24.7766,24.9201,2101200
2007-09-07,24.6977,24.8914,24.5470,24.6546,2286100
2007-09-10,24.6762,24.7694,24.5255,24.6762,1057700
2007-09-11,24.7407,24.9057,24.6546,24.8627,864300
2007-09-12,24.8698,25.0635,24.8483,24.9703,1213100
2007-09-13,25.1568,25.2070,25.0277,25.0277,889500
2007-09-14,25.1066,25.1066,24.8985,24.9559,1140200
2007-09-17,24.8985,24.9631,24.7264,24.8770,2763000
2007-09-18,24.8698,25.3289,24.8555,25.3218,2328700
2007-09-19,25.4222,25.5872,25.3576,25.4222,1623600
2007-09-20,25.4509,25.5585,25.3433,25.3935,1046300
2007-09-21,25.5108,25.5684,25.4820,25.5180,1371400
2007-09-24,25.4244,25.5252,25.3885,25.4676,1385100
2007-09-25,25.4244,25.5036,25.3453,25.3812,1824300
2007-09-26,25.4604,25.6188,25.4316,25.5252,751700
2007-09-27,25.6692,25.6692,25.5324,25.6260,822600
2007-09-28,25.5756,25.6332,25.3957,25.4460,1069200
2007-10-01,25.5540,25.8347,25.5396,25.8347,8322000
2007-10-02,25.8420,25.8995,25.5972,25.6908,2193700
2007-10-03,25.7124,25.7916,25.5828,25.7916,1216700
2007-10-04,25.7844,25.9427,25.7628,25.7628,1037800
2007-10-05,25.9211,26.0939,25.8851,26.0939,1831200
2007-10-08,26.0291,26.0651,25.8995,25.9139,783600
2007-10-09,26.0435,26.1299,25.9499,26.1299,473500
2007-10-10,26.1299,26.1731,26.0507,26.1731,1435100
2007-10-11,26.1875,26.1947,25.8923,25.9499,4141900
2007-10-12,26.0003,26.0939,25.9139,26.0939,1450300
2007-10-15,26.0579,26.1947,25.6980,25.8132,2198300
2007-10-16,25.7700,25.7916,25.5756,25.6188,3103000
2007-10-17,25.8779,25.8779,25.4604,25.6404,2439900
2007-10-18,25.3597,25.8132,25.3597,25.6476,1320500
2007-10-19,25.6332,25.6620,25.3237,25.3381,1611200
2007-10-22,25.1581,25.3381,25.0645,25.3381,1972000
2007-10-23,25.3597,25.6332,25.3309,25.6332,2164500
2007-10-24,25.5396,25.5468,25.1725,25.4460,3290700
2007-10-25,25.2589,25.6404,25.2589,25.5972,2067400
2007-10-26,25.0213,25.7268,25.0213,25.6836,920400
2007-10-29,25.7412,25.8132,25.6836,25.7916,839400
2007-10-30,25.7052,25.8275,25.6908,25.7628,1220700
2007-10-31,25.1221,25.9859,25.1221,25.9211,1654600
2007-11-01,25.9211,25.9715,25.5108,25.5612,2415500
2007-11-02,25.4820,25.6404,25.3525,25.4892,2411100
2007-11-05,25.4892,25.7196,25.3093,25.4748,2653000
2007-11-06,25.4388,25.6116,25.2157,25.6116,1337400
2007-11-07,25.8204,25.8204,25.0285,25.0285,2126000
2007-11-08,24.6110,25.2733,24.6110,25.1941,3631800
2007-11-09,24.5750,25.4460,24.5750,25.1293,3258800
2007-11-12,24.4959,25.4964,24.4959,25.1941,2366000
2007-11-13,25.1653,25.6116,25.1653,25.5252,3230200
2007-11-14,25.5468,25.7412,25.4316,25.6260,2512500
2007-11-15,25.3525,25.7340,25.3525,25.4676,2426000
2007-11-16,25.5540,25.6476,25.4100,25.5828,2116400
2007-11-19,25.6260,25.6260,25.3453,25.4388,1725100
2007-11-20,25.6764,25.6764,25.2373,25.4892,3843100
2007-11-21,25.1725,25.3597,24.9206,24.9206,2262600
2007-11-23,24.9637,25.3956,24.9637,25.3237,1331200
2007-11-26,25.5540,25.5540,25.1149,25.1293,2070800
2007-11-27,25.4892,25.6980,24.9781,25.4532,2117100
2007-11-28,25.8204,26.1803,25.6332,26.0579,1808900
2007-11-29,25.7484,26.2235,25.5972,26.2163,5502200
2007-11-30,26.2739,26.3314,26.1587,26.2523,2469400
2007-12-03,26.5114,26.5114,26.0363,26.0867,1649900
2007-12-04,25.7196,26.1875,25.6692,26.0795,1344500
2007-12-05,26.3314,26.3458,26.1299,26.2882,1904000
2007-12-06,26.1083,26.4898,26.1083,26.4682,2719100
2007-12-07,26.4178,26.5042,26.3674,26.4538,3442900
2007-12-10,26.3818,26.5042,26.3242,26.5042,1115800
2007-12-11,26.3098,26.4898,25.9211,26.0939,2243700
2007-12-12,27.2744,27.2744,25.8851,26.1083,2767900
2007-12-13,25.7915,26.0939,25.7700,26.0939,2107400
2007-12-14,25.6764,25.9787,25.6764,25.6980,1130600
2007-12-17,25.6188,25.7916,25.4244,25.4244,1637800
2007-12-18,25.9067,25.9067,25.4892,25.6188,2168500
2007-12-19,25.4532,25.7556,25.4532,25.6044,1663100
2007-12-20,25.5468,25.7556,25.5468,25.7556,2094600
2007-12-21,26.0012,26.0012,25.8134,25.9145,2064100
2007-12-24,25.8350,26.0156,25.8350,26.0012,510300
2007-12-26,26.0590,26.0590,25.8423,25.9723,1037000
2007-12-27,25.9940,26.0012,25.6689,25.7050,989100
2007-12-28,25.8856,25.8856,25.5966,25.6039,1060400
2007-12-31,25.9073,25.9073,25.4305,25.5099,1497300
2008-01-02,25.7411,25.7411,25.0765,25.2426,6611300
2008-01-03,25.4883,25.5027,25.3076,25.3943,2544400
2008-01-04,25.2065,25.4016,25.1126,25.1342,3270600
2008-01-07,25.1559,25.7050,25.1559,25.6327,5457900
2008-01-08,25.7628,26.2902,25.6978,25.8423,6231200
2008-01-09,26.0229,26.3191,25.9290,26.3046,8322400
2008-01-10,26.2468,26.4130,26.1096,26.2685,5622300
2008-01-11,26.2107,26.4491,26.1385,26.3480,3496000
2008-01-14,26.3046,26.3624,26.1096,26.1457,4276500
2008-01-15,26.0662,26.0734,25.7772,25.8495,5242500
2008-01-16,25.6689,26.2107,25.6689,25.9145,4217300
2008-01-17,26.0229,26.2757,25.3943,25.4160,6972100
2008-01-18,25.5172,25.5172,24.9031,25.0476,7714900
2008-01-22,24.7080,24.9247,21.9338,24.1373,9251300
2008-01-23,23.6749,24.3107,23.4509,24.3107,10737900
2008-01-24,24.4046,24.4046,24.0217,24.2167,5734500
2008-01-25,24.5418,24.5418,23.5087,23.8338,6073700
2008-01-28,23.9928,24.1373,23.7471,24.1373,5296800
2008-01-29,24.2818,24.2818,24.1228,24.2023,2397000
2008-01-30,24.2312,24.2890,23.9205,23.9205,3951900
2008-01-31,23.7038,24.3468,23.7038,24.3468,3974400
2008-02-01,24.1084,24.4840,24.1084,24.4624,3571200
2008-02-04,24.3829,24.6358,24.3829,24.5491,2793100
2008-02-05,24.3684,24.4696,24.0506,24.1011,4460100
2008-02-06,24.2962,24.3468,24.0867,24.1662,3089400
2008-02-07,24.0867,24.2167,23.9277,24.0722,2785800
2008-02-08,23.9783,24.0506,23.7833,23.9205,2769100
2008-02-11,23.7616,23.8844,23.6677,23.8483,2631300
2008-02-12,24.1300,24.2384,23.9494,24.1951,2420200
2008-02-13,24.2240,24.3540,24.0939,24.1589,2114100
2008-02-14,24.2023,24.3251,23.9566,24.0578,2708800
2008-02-15,23.8483,24.1011,23.8411,24.0795,2760000
2008-02-19,24.0795,24.3974,24.0795,24.3829,2804400
2008-02-20,24.0289,24.3107,23.9422,24.3107,3062100
2008-02-21,24.6647,24.6719,23.8555,24.0578,2438900
2008-02-22,24.0578,24.1084,23.6171,24.1084,2672900
2008-02-25,24.0361,24.4190,24.0289,24.4190,2575300
2008-02-26,24.3684,24.5057,24.1951,24.2023,3024600
2008-02-27,24.2456,24.3829,24.1806,24.3107,3035900
2008-02-28,24.1300,24.1300,23.9639,24.0289,4668900
2008-02-29,23.8772,23.8916,23.5737,23.6966,4110900
2008-03-03,23.5882,23.7110,23.5521,23.6893,2418900
2008-03-04,23.4871,23.7327,23.4798,23.7182,3206800
2008-03-05,23.6677,23.8411,23.4437,23.6749,3494300
2008-03-06,23.7038,23.7038,23.1475,23.1981,2623500
2008-03-07,23.1909,23.1909,22.8441,22.9308,3988500
2008-03-10,22.8730,22.9741,22.2444,22.3961,2871400
2008-03-11,22.3239,22.8441,22.1505,22.6129,3730100
2008-03-12,22.5334,22.7212,22.4828,22.6129,3182700
2008-03-13,22.3456,22.7718,22.1216,22.5840,4518600
2008-03-14,22.6273,22.9597,22.0060,22.1650,5051900
2008-03-17,21.7315,22.2950,21.6737,22.1361,4885600
2008-03-18,22.4612,22.9597,22.2300,22.8296,6180700
2008-03-19,22.6924,23.0536,22.0421,22.5334,7359700
2008-03-20,22.8665,22.8665,22.4601,22.5617,2022000
2008-03-24,22.8084,23.0044,22.6633,22.8592,2458700
2008-03-25,22.8520,23.0044,22.7722,22.9028,3434700
2008-03-26,22.7939,22.8084,22.6778,22.6778,2507200
2008-03-27,22.8157,22.9028,22.5835,22.7939,5658200
2008-03-28,22.9826,22.9826,22.5980,22.7359,2423900
2008-03-31,22.3440,22.6198,22.2206,22.6198,3496900
2008-04-01,22.7141,23.0189,22.5472,22.9826,3015200
2008-04-02,23.0479,23.0552,22.7939,22.8230,1405800
2008-04-03,22.8375,22.8810,22.7214,22.7504,1900000
2008-04-04,22.6996,23.1423,22.6996,22.9318,2810500
2008-04-07,23.2148,23.2584,23.0697,23.1931,3393600
2008-04-08,23.1495,23.1640,23.0407,23.1132,1641700
2008-04-09,23.1060,23.1350,22.8955,23.0044,1668500
2008-04-10,22.9899,23.2729,22.9463,23.1858,1917500
2008-04-11,23.1350,23.1713,22.8230,22.8810,3177600
2008-04-14,22.8520,22.9028,22.7214,22.7794,1089700
2008-04-15,22.8375,22.8810,22.6778,22.7577,2110500
2008-04-16,22.8230,22.9028,22.7069,22.8810,2732400
2008-04-17,22.8085,22.8447,22.6488,22.7359,1482000
2008-04-18,23.0407,23.0770,22.8810,22.9536,2283000
2008-04-21,22.8738,22.9681,22.8302,22.8810,3293800
2008-04-22,22.7649,22.7649,22.5109,22.6415,2659900
2008-04-23,22.6851,22.8592,22.6270,22.7141,901700
2008-04-24,22.8447,22.9754,22.6415,22.7867,1694100
2008-04-25,22.9754,23.1278,22.9246,23.0842,3163700
2008-04-28,23.1640,23.2584,23.0915,23.2221,3835300
2008-04-29,23.0770,23.0770,22.8810,22.9681,1089900
2008-04-30,23.0770,23.1205,22.8230,22.8447,1833000
2008-05-01,22.7577,23.2656,22.7577,23.2511,1809000
2008-05-02,23.3237,23.3600,23.2221,23.2584,2250300
2008-05-05,23.2584,23.2656,23.1278,23.1931,886200
2008-05-06,23.0697,23.2221,22.9826,23.1495,1703400
2008-05-07,23.1350,23.2366,22.8375,22.9463,2283900
2008-05-08,22.9318,23.0407,22.8592,22.8592,2157500
2008-05-09,22.8593,22.8593,22.6851,22.8375,1469200
2008-05-12,22.9246,23.0116,22.8230,23.0116,1082200
2008-05-13,23.0189,23.0334,22.7939,22.7939,1293100
2008-05-14,22.8447,23.0479,22.8447,22.9826,1528800
2008-05-15,22.8955,22.9536,22.7867,22.9173,1213200
2008-05-16,22.9391,23.0044,22.8375,23.0044,1381600
2008-05-19,22.9173,23.1495,22.8883,23.1495,2174900
2008-05-20,22.9826,23.2003,22.9681,23.0842,1653400
2008-05-21,23.1568,23.2366,22.8592,22.8810,2029200
2008-05-22,22.8592,23.1423,22.8302,23.1278,995300
2008-05-23,22.9246,22.9826,22.7504,22.7504,1328900
2008-05-27,22.7359,22.9826,22.7359,22.8447,1597700
2008-05-28,22.8665,23.0116,22.7867,22.8230,1394000
2008-05-29,22.8012,23.4035,22.8012,23.3164,2288500
2008-05-30,23.3092,23.3672,23.2148,23.2802,1456800
2008-06-02,23.2511,23.3092,22.9246,23.0044,1672100
2008-06-03,23.0915,23.2511,23.0116,23.1568,2668600
2008-06-04,23.1350,23.2874,23.0552,23.1640,2460900
2008-06-05,23.1858,23.4108,23.1278,23.3672,1914400
2008-06-06,23.1713,23.2003,22.7141,22.8012,2634700
2008-06-09,22.7939,22.8955,22.5617,22.6778,3173100
2008-06-10,22.5327,22.6706,22.4456,22.4601,1943000
2008-06-11,22.5109,22.5109,22.1844,22.2351,2322200
2008-06-12,22.3150,22.4456,21.7780,22.0465,3137100
2008-06-13,22.3876,22.7141,22.3150,22.3948,1882700
2008-06-16,22.5109,22.5835,22.2932,22.4674,1597400
2008-06-17,22.6778,22.6778,22.3513,22.4093,1496300
2008-06-18,22.3658,22.4384,22.1263,22.1553,2382300
2008-06-19,21.9521,22.4093,21.9521,22.1843,1779800
2008-06-20,22.2077,22.2296,21.8140,21.8723,2037900
2008-06-23,22.0327,22.1421,22.0254,22.0327,1359200
2008-06-24,22.0473,22.2223,21.9161,22.1129,1782800
2008-06-25,22.1421,22.5066,22.1202,22.3608,2678900
2008-06-26,22.1421,22.2441,21.7994,21.9088,2324700
2008-06-27,21.9525,22.1931,21.9234,22.0546,2161800
2008-06-30,21.9306,22.5795,21.9306,22.2952,2441700
2008-07-01,22.0108,22.3754,22.0108,22.2952,10508300
2008-07-02,22.4629,22.5212,22.1421,22.1421,2258900
2008-07-03,22.2587,22.3754,22.1785,22.2368,2497700
2008-07-07,22.2296,22.3681,21.9744,22.0910,3817000
2008-07-08,22.0838,22.8055,22.0838,22.6743,4317200
2008-07-09,22.8128,23.1336,22.6743,22.7837,6234200
2008-07-10,22.8711,22.9222,22.5795,22.9076,5928500
2008-07-11,22.6670,22.7399,22.4118,22.4702,4324100
2008-07-14,22.5504,22.9659,22.4118,22.6233,3422000
2008-07-15,22.4556,22.9222,22.4118,22.7326,5179000
2008-07-16,22.9659,23.0753,22.7909,22.8930,8097800
2008-07-17,23.0753,23.1919,22.7909,23.1190,3847500
2008-07-18,23.1774,23.3232,22.9149,23.1117,2858800
2008-07-21,23.1117,23.1190,22.6670,22.7035,4387800
2008-07-22,22.6451,23.0388,22.5941,23.0170,3187400
2008-07-23,23.0607,23.3232,23.0607,23.1190,3801600
2008-07-24,23.0753,23.3742,23.0753,23.0972,5173600
2008-07-25,23.1263,23.3596,23.1263,23.2357,5849800
2008-07-28,23.5784,23.5784,23.0461,23.0461,2641000
2008-07-29,23.2138,23.3378,23.1628,23.2794,3637900
2008-07-30,23.2867,23.3961,23.0024,23.2721,5642900
2008-07-31,23.2794,23.5638,23.2065,23.2940,4035000
2008-08-01,23.3815,23.4107,23.0170,23.1190,4288200
2008-08-04,23.2430,23.5127,23.0534,23.3159,3127000
2008-08-05,23.6221,24.1106,23.3815,24.0741,3273800
2008-08-06,23.8918,24.1689,23.6513,24.1689,9167000
2008-08-07,23.8846,24.1033,23.6950,23.8773,3833600
2008-08-08,23.8117,24.3147,23.7971,24.2928,6504700
2008-08-11,24.4022,24.4241,24.1616,24.3147,2849600
2008-08-12,24.2637,24.4095,24.2199,24.2637,3521100
2008-08-13,24.1908,24.3293,24.0668,24.2783,5973800
2008-08-14,24.1179,24.4751,23.9793,24.2637,3494100
2008-08-15,24.2126,24.5699,24.2126,24.5043,3045500
2008-08-18,24.5991,24.5991,24.1689,24.3001,2169700
2008-08-19,24.1762,24.2856,23.9721,24.1908,7032300
2008-08-20,24.1179,24.1397,23.8408,24.0377,4168500
2008-08-21,23.8627,24.1252,23.7242,23.8846,2710300
2008-08-22,24.0887,24.3293,23.9793,24.2855,3494500
2008-08-25,24.1033,24.1908,23.7898,23.8918,2075000
2008-08-26,23.8846,24.0304,23.7606,23.8627,1344500
2008-08-27,23.8846,23.9210,23.7096,23.8991,2616300
2008-08-28,23.9356,24.0668,23.9137,24.0377,1667100
2008-08-29,24.0377,24.1033,23.7752,23.7752,2408300
2008-09-02,23.9866,24.2856,23.7315,23.7315,5185200
2008-09-03,23.8044,23.9064,23.6658,23.8700,3009000
2008-09-04,23.7023,23.7533,23.2357,23.3450,11658100
2008-09-05,23.0826,23.3742,22.9659,23.2211,5803200
2008-09-08,23.6148,23.6731,23.3305,23.6075,7640400
2008-09-09,23.7023,23.7971,23.2138,23.4034,3408600
2008-09-10,23.3451,23.4034,23.2138,23.3086,5239000
2008-09-11,22.9659,23.6002,22.9659,23.4034,3970400
2008-09-12,23.4836,23.6221,23.3305,23.6221,3869100
2008-09-15,23.1846,23.4471,22.9659,22.9659,6297700
2008-09-16,22.7691,23.3523,22.6160,22.9295,7324900
2008-09-17,22.6087,22.9951,22.1712,22.5649,6844100
2008-09-18,22.3608,22.8857,22.1275,22.8566,14902300
2008-09-19,23.9786,24.2276,22.7482,23.1070,4821000
2008-09-22,22.8946,23.3780,22.3087,22.5577,4334300
2008-09-23,22.5065,22.6383,22.0231,22.0231,3316600
2008-09-24,22.2208,22.4625,22.1403,22.2282,4029600
2008-09-25,22.2501,22.9093,22.2501,22.6310,9256200
2008-09-26,22.5211,22.8654,22.3600,22.5870,5521100
2008-09-29,22.3087,22.7482,21.2394,22.0817,8689400
2008-09-30,22.1696,22.3014,21.8107,22.0084,3309800
2008-10-01,22.0451,22.3234,22.0451,22.1549,6053600
2008-10-02,22.1549,22.4039,21.9206,22.1916,6353400
2008-10-03,22.4113,22.4113,21.7155,21.7155,6814400
2008-10-06,21.5324,21.8839,20.0749,20.9025,8545000
2008-10-07,21.0344,21.0783,20.0603,20.3972,5060200
2008-10-08,19.7966,20.3752,19.4451,20.0310,9958100
2008-10-09,20.2434,20.2434,18.3099,18.4930,10773200
2008-10-10,17.6507,18.7054,16.7645,17.6800,15960800
2008-10-13,18.8079,20.3825,18.4710,19.8113,7756200
2008-10-14,20.8366,20.9172,19.6575,20.2141,12535900
2008-10-15,20.0456,20.0456,18.2366,18.2366,8958600
2008-10-16,18.7713,19.5549,17.8631,19.1887,11304400
2008-10-17,18.7639,20.1482,18.7639,19.1155,7743000
2008-10-20,19.3718,20.1262,19.3499,19.8845,8094200
2008-10-21,19.8479,20.2946,19.7820,19.8259,4888900
2008-10-22,19.5916,19.5916,18.5808,19.3352,10562300
2008-10-23,18.9031,19.4744,18.2732,18.8884,7834800
2008-10-24,17.7459,19.0569,17.7459,18.8225,10636200
2008-10-27,18.4637,18.8592,17.6653,18.0169,5929000
2008-10-28,18.6248,20.1408,18.0023,19.1521,7073300
2008-10-29,19.2620,19.6648,18.7786,19.0203,7502500
2008-10-30,19.2473,19.6721,19.0349,19.4670,4827900
2008-10-31,19.5037,19.9284,19.3499,19.4817,6100100
2008-11-03,19.5330,19.8699,19.5330,19.6282,3951600
2008-11-04,20.0676,20.1921,19.8259,19.8845,3884000
2008-11-05,19.8552,20.0823,19.3645,19.5916,5999500
2008-11-06,19.4084,19.5037,18.7200,19.1155,8637100
2008-11-07,19.0862,19.4744,18.8958,19.3572,5676300
2008-11-10,19.8625,19.8625,19.0789,19.2180,4835800
2008-11-11,19.2034,19.2839,18.7493,18.8738,10628000
2008-11-12,18.6175,18.8445,18.2879,18.4563,4237700
2008-11-13,18.3245,19.4451,17.9656,19.4451,7599700
2008-11-14,18.9544,19.5623,18.7054,18.7054,5996900
2008-11-17,18.3684,18.9177,18.3172,18.3831,6151400
2008-11-18,18.2440,18.6394,17.8778,18.5076,5928200
2008-11-19,18.6101,18.7566,17.6507,17.7606,6997800
2008-11-20,17.5628,17.8631,16.3763,17.2552,12781400
2008-11-21,17.0428,17.3358,16.1054,17.2772,9508400
2008-11-24,17.3577,18.0682,17.2918,17.6214,6284000
2008-11-25,18.0828,18.1927,17.5921,17.7386,6164700
2008-11-26,17.4017,18.1048,17.4017,18.0169,6608700
2008-11-28,18.1194,18.4124,17.9730,18.2513,1595100
2008-12-01,18.1634,18.1634,17.1673,17.3138,5771700
2008-12-02,17.5115,17.7899,17.2699,17.7606,7442500
2008-12-03,17.5482,18.3318,17.4090,18.1854,10260400
2008-12-04,17.9730,18.2806,17.6580,17.8411,8388100
2008-12-05,17.4896,18.5589,17.3870,18.4490,8018200
2008-12-08,18.9983,18.9983,18.4051,18.5955,9152900
2008-12-09,18.5003,18.6468,18.1194,18.3025,8474900
2008-12-10,18.4637,18.5223,18.1341,18.2513,7121300
2008-12-11,18.1048,18.7713,18.1048,18.3611,9030800
2008-12-12,18.1121,18.4490,17.9070,18.3977,6547800
2008-12-15,18.6980,18.6980,18.1854,18.3611,4292500
2008-12-16,19.0862,19.1741,18.4124,19.0862,7632100
2008-12-17,18.8518,19.1887,18.7786,18.9690,8981200
2008-12-18,18.9983,19.4158,18.8811,19.1082,6011900
2008-12-19,19.3499,19.5120,19.1141,19.2246,8949500
2008-12-22,19.3057,19.3130,18.7898,19.0920,5075900
2008-12-23,19.1804,19.3941,18.9741,19.0993,3210200
2008-12-24,19.0404,19.1214,18.9520,19.0330,876900
2008-12-26,19.0920,19.1509,18.9667,19.0477,1040500
2008-12-29,19.0993,19.1288,18.7309,19.0183,1559400
2008-12-30,19.0993,19.4457,19.0846,19.3867,2865700
2008-12-31,19.5120,19.6814,19.4309,19.5635,2383000
2009-01-02,19.5709,20.0646,19.4457,19.9615,3589100
2009-01-05,19.9836,19.9836,19.6446,19.8657,3880700
2009-01-06,19.9025,19.9541,19.3793,19.5414,5726300
2009-01-07,19.2099,19.5267,19.2099,19.3646,3947300
2009-01-08,19.2688,19.4751,19.1509,19.4751,5521700
2009-01-09,19.4825,19.5267,19.1583,19.2688,3906400
2009-01-12,19.3351,19.3425,18.9225,19.0183,4811700
2009-01-13,19.0183,19.2909,18.9667,19.1804,5286200
2009-01-14,18.8635,19.0625,18.7309,18.9077,3907600
2009-01-15,18.9520,19.1067,18.5246,19.0404,7710700
2009-01-16,19.2541,19.3646,18.9520,19.2025,4456600
2009-01-20,19.1656,19.3867,18.7235,18.7383,8967000
2009-01-21,18.9888,19.2025,18.6277,19.1362,6294300
2009-01-22,19.0256,19.3204,18.8635,19.2172,4778900
2009-01-23,19.0698,19.2909,18.8709,19.2172,4563300
2009-01-26,19.2835,19.3867,19.0109,19.1141,6881000
2009-01-27,19.3057,19.6741,19.2688,19.5120,5819200
2009-01-28,19.7257,19.9467,19.6078,19.8141,8140600
2009-01-29,19.5562,19.7625,19.4457,19.5341,3911100
2009-01-30,19.5783,19.6078,19.2393,19.3277,5236200
2009-02-02,19.1583,19.6667,19.1362,19.4530,5822100
2009-02-03,19.5635,20.1088,19.4825,19.9541,6915500
2009-02-04,20.1383,20.2488,19.7699,19.8657,4998200
2009-02-05,19.6667,20.0793,19.6667,20.0351,4569900
2009-02-06,20.0351,20.3004,19.9320,20.1972,4571800
2009-02-09,20.2046,20.2193,19.9246,20.1383,3548500
2009-02-10,20.0204,20.0572,19.4235,19.4678,6174100
2009-02-11,19.5267,19.7404,19.5193,19.7109,4152600
2009-02-12,19.4972,19.9393,19.3720,19.9393,6363500
2009-02-13,19.9467,19.9467,19.6372,19.6372,4067600
2009-02-17,19.4825,19.5709,19.1951,19.2983,5869300
2009-02-18,19.3204,19.4014,19.1435,19.2909,5876100
2009-02-19,19.5193,19.5267,19.2467,19.2541,3896800
2009-02-20,18.9298,19.2541,18.9077,19.0551,6713200
2009-02-23,19.0035,19.2099,18.5835,18.6793,8094100
2009-02-24,18.7972,19.0109,18.6572,18.9520,4738900
2009-02-25,18.8709,18.8856,18.4804,18.5688,7642000
2009-02-26,18.7898,18.7898,17.6330,17.6404,7675700
2009-02-27,17.3309,17.5593,16.8961,16.9330,9912200
2009-03-02,17.4340,17.4340,16.1887,16.2035,11638500
2009-03-03,16.3508,16.5645,16.0487,16.1666,7500900
2009-03-04,16.7709,16.8224,16.2182,16.6309,5910800
2009-03-05,16.5424,16.7193,15.9898,16.1887,6274200
2009-03-06,16.2182,16.4245,15.9382,16.4245,8982500
2009-03-09,16.2182,16.4466,15.9898,16.1224,7060200
2009-03-10,16.2551,16.7340,16.2477,16.7045,7928700
2009-03-11,16.8888,16.9698,16.3803,16.4024,10766500
2009-03-12,16.3214,17.2572,16.3214,17.2056,8992100
2009-03-13,17.3530,17.8909,17.3014,17.7803,11528600
2009-03-16,17.9425,18.0235,17.5888,17.5888,6934800
2009-03-17,17.5519,17.8983,17.4561,17.8614,4510800
2009-03-18,17.6993,18.2298,17.6993,17.8909,6840200
2009-03-19,18.1046,18.1046,17.2940,17.4561,9299700
2009-03-20,17.5421,17.7201,17.3939,17.4606,4831700
2009-03-23,17.7794,18.1649,17.6015,18.0982,5069900
2009-03-24,17.9796,18.1724,17.7794,17.8610,6040800
2009-03-25,17.8610,18.1872,17.6608,17.9796,4271700
2009-03-26,18.1353,18.2539,17.8980,18.1798,6769600
2009-03-27,18.0982,18.2539,17.9870,17.9870,4769800
2009-03-30,17.8016,17.9573,17.6534,17.8832,5020300
2009-03-31,18.1205,18.2984,17.9425,17.9499,8359200
2009-04-01,17.7349,18.0463,17.5273,17.9425,6837200
2009-04-02,18.3132,18.3132,17.9499,18.0166,10706500
2009-04-03,18.1649,18.1946,17.6089,17.7201,6395700
2009-04-06,17.5718,18.0018,17.5718,17.8906,4378400
2009-04-07,17.6904,17.8906,17.5347,17.6904,8460600
2009-04-08,17.8165,17.9203,17.6904,17.8091,3328800
2009-04-09,18.1575,18.1575,17.8461,17.8906,3903800
2009-04-13,17.8684,18.1205,17.8684,18.0315,4172700
2009-04-14,18.1279,18.1501,17.9277,17.9499,2812000
2009-04-15,17.9425,18.1279,17.7942,18.0537,3259800
2009-04-16,18.0760,18.2613,17.9129,18.1353,3834100
2009-04-17,18.1649,18.4244,18.1353,18.3429,4678600
2009-04-20,18.0463,18.3355,17.9054,17.9870,7361300
2009-04-21,17.8832,18.0686,17.6904,17.8165,6848900
2009-04-22,17.5273,17.8016,17.5273,17.6237,5203200
2009-04-23,17.6459,17.6534,17.2678,17.6385,3337300
2009-04-24,17.5866,17.7794,17.5347,17.6163,3625500
2009-04-27,17.8016,17.9351,17.6978,17.8091,4275900
2009-04-28,17.8313,18.0611,17.7572,17.8758,3778100
2009-04-29,17.8832,18.0908,17.7572,17.9425,6880800
2009-04-30,17.9425,18.1798,17.8016,17.9277,6006000
2009-05-01,17.8980,17.9722,17.7349,17.8980,4935300
2009-05-04,17.9203,18.2613,17.9203,18.1946,3309000
2009-05-05,18.1946,18.4096,18.1501,18.4022,5663300
2009-05-06,18.5356,18.5356,18.1279,18.2910,6639300
2009-05-07,18.4096,18.8174,18.2910,18.6617,8924300
2009-05-08,18.9212,19.0324,18.7433,18.9731,5632400
2009-05-11,18.8248,18.8322,18.6320,18.6469,4615500
2009-05-12,18.8026,19.0324,18.6024,18.9508,5275500
2009-05-13,18.7284,19.1436,18.7284,18.9064,6741300
2009-05-14,19.0695,19.0917,18.8693,18.9286,4525000
2009-05-15,18.9805,18.9805,18.6617,18.7803,5882700
2009-05-18,18.8396,18.9657,18.6395,18.9657,4691900
2009-05-19,18.9064,18.9657,18.7655,18.8248,6561300
2009-05-20,18.8470,19.1214,18.8470,18.8989,8416100
2009-05-21,18.7952,18.8990,18.5282,18.7284,4996800
2009-05-22,18.7433,18.8322,18.5876,18.7507,3655700
2009-05-26,18.6765,19.0250,18.4541,18.9212,4412900
2009-05-27,18.9434,18.9805,18.6988,18.7284,4591100
2009-05-28,18.6913,18.9731,18.6394,18.8248,5720000
2009-05-29,18.8026,19.1584,18.7507,19.1510,6549200
2009-06-01,19.2919,19.3512,19.1288,19.2771,7529000
2009-06-02,19.2326,19.5218,19.1436,19.3957,6533300
2009-06-03,19.2697,19.3809,19.1881,19.3512,5920700
2009-06-04,19.3661,19.3957,19.0102,19.0843,20046600
2009-06-05,18.9509,19.2697,18.8545,19.1214,9662400
2009-06-08,19.0250,19.0546,18.7136,18.9138,6260100
2009-06-09,19.0102,19.0102,18.7655,18.8174,5337700
2009-06-10,18.9953,19.0250,18.6098,18.7358,6176800
2009-06-11,18.7136,19.1214,18.6988,18.9360,6493300
2009-06-12,18.9360,19.1881,18.8322,19.0028,17595700
2009-06-15,18.8026,18.9509,18.4170,18.4170,15870500
2009-06-16,18.4467,18.7581,18.4319,18.4912,6354500
2009-06-17,18.5208,19.0176,18.5208,18.9138,7463300
2009-06-18,18.9508,19.3957,18.8989,19.2771,10436700
2009-06-19,19.5528,19.6646,19.3516,19.4336,10601600
2009-06-22,19.2994,19.2994,19.0312,19.0833,6224400
2009-06-23,19.2100,19.2175,18.9716,19.0237,6001600
2009-06-24,19.1579,19.2324,18.9939,19.1206,4161500
2009-06-25,19.1728,19.7614,19.0535,19.6497,8134500
2009-06-26,19.6720,19.7316,19.4485,19.6497,4967700
2009-06-29,19.6124,19.7912,19.4410,19.7689,4266200
2009-06-30,19.7242,19.7838,19.4559,19.6049,5414000
2009-07-01,19.7167,19.7167,19.5528,19.6571,5535800
2009-07-02,19.4485,19.5602,19.1877,19.1877,4989900
2009-07-06,19.0684,19.3591,19.0312,19.3367,5551600
2009-07-07,19.3814,19.5155,19.2547,19.2622,7325600
2009-07-08,19.4336,19.5677,19.3590,19.4410,5312000
2009-07-09,19.5230,19.5230,19.1132,19.1951,5232600
2009-07-10,19.1504,19.2994,19.0610,19.1057,3640100
2009-07-13,19.2100,19.4783,19.0610,19.4410,4616500
2009-07-14,19.3441,19.5900,19.3441,19.5304,4204700
2009-07-15,19.6497,19.7018,19.3963,19.7018,5320700
2009-07-16,19.7093,19.8956,19.6422,19.8285,5610000
2009-07-17,19.8881,19.8881,19.6720,19.7689,5462300
2009-07-20,19.8210,19.8583,19.6198,19.8136,3615000
2009-07-21,19.9850,20.1415,19.8956,20.1042,5665700
2009-07-22,20.1116,20.2011,19.9477,20.0297,7369700
2009-07-23,20.0818,20.5438,19.9850,20.4321,6627500
2009-07-24,20.5066,20.8195,20.3799,20.7897,4141500
2009-07-27,20.7897,20.9015,20.6258,20.7748,4662000
2009-07-28,20.7823,20.9611,20.7376,20.9164,5460100
2009-07-29,20.7599,20.9835,20.7599,20.9015,4113100
2009-07-30,21.2294,21.2592,20.9090,20.9313,5080500
2009-07-31,20.8643,21.1027,20.7674,20.7674,5961600
2009-08-03,20.8792,21.0133,20.6929,20.8941,8179700
2009-08-04,20.8121,20.9462,20.7897,20.9462,4449900
2009-08-05,20.9835,20.9835,20.6184,20.6482,4502100
2009-08-06,20.6482,20.7599,20.4023,20.4991,7178800
2009-08-07,20.5886,20.7897,20.5513,20.5886,5144100
2009-08-10,20.6258,20.7897,20.5140,20.7525,4903700
2009-08-11,20.8046,20.8643,20.6705,20.7227,4956200
2009-08-12,20.7823,20.9537,20.6109,20.8344,5316800
2009-08-13,20.8941,20.9090,20.5811,20.8121,7561800
2009-08-14,20.8568,20.9090,20.5587,20.8121,5772400
2009-08-17,20.5513,20.8568,20.5513,20.7301,7543000
2009-08-18,20.8568,20.8568,20.5960,20.7152,4171500
2009-08-19,20.6929,21.0133,20.5960,21.0058,5693200
2009-08-20,21.0207,21.1772,20.9388,21.1549,4320800
2009-08-21,21.2443,21.4976,21.1921,21.3710,4980200
2009-08-24,21.4976,21.5274,21.3337,21.5200,6183900
2009-08-25,21.4976,21.6616,21.4678,21.5200,4663200
2009-08-26,21.4678,21.6690,21.4231,21.5274,6038200
2009-08-27,21.5274,21.5945,21.3039,21.5200,4339700
2009-08-28,21.5870,21.6318,21.2145,21.3635,5794400
2009-08-31,21.2368,21.4380,21.1474,21.3263,5478100
2009-09-01,21.3262,21.4082,20.9388,20.9835,7560600
2009-09-02,20.9835,21.1251,20.9090,21.0282,5343700
2009-09-03,21.1102,21.1102,20.8344,20.9313,4183200
2009-09-04,21.0356,21.2666,20.9909,21.2294,6434900
2009-09-08,21.3113,21.3188,21.0356,21.1325,6484500
2009-09-09,21.1623,21.4306,21.1325,21.3784,4642600
2009-09-10,21.4082,21.5423,21.2964,21.5423,4851400
2009-09-11,21.5349,21.6019,21.4529,21.5498,5386300
2009-09-14,21.3784,21.6541,21.3784,21.6318,3940200
2009-09-15,21.6318,21.6765,21.4380,21.4380,5793600
2009-09-16,21.4827,21.6318,21.3933,21.6318,5151700
2009-09-17,21.5051,21.6616,21.5051,21.6169,5022300
2009-09-18,21.7044,21.7119,21.5248,21.5248,6988100
2009-09-21,21.4574,21.7718,21.4574,21.7344,4603100
2009-09-22,21.7793,21.8242,21.5472,21.6670,3830700
2009-09-23,21.6371,21.7044,21.3601,21.3601,4194000
2009-09-24,21.4724,21.4874,21.2554,21.3377,5084000
2009-09-25,21.2853,21.4649,21.2554,21.3527,3526200
2009-09-28,21.4350,21.7568,21.3901,21.5847,4043700
2009-09-29,21.6071,21.7418,21.5173,21.6146,6430200
2009-09-30,21.6820,21.6820,21.2928,21.4574,7156000
2009-10-01,21.4724,21.4724,21.1356,21.1506,7927000
2009-10-02,21.0084,21.1730,21.0009,21.0683,5993000
2009-10-05,21.0458,21.2479,20.9485,21.2030,4785600
2009-10-06,21.2554,21.4275,21.0982,21.3751,7127800
2009-10-07,21.3527,21.4275,21.2703,21.3901,4128500
2009-10-08,21.5098,21.5697,21.3751,21.4125,4539400
2009-10-09,21.4051,21.6371,21.3901,21.6146,5196500
2009-10-12,21.5847,21.7643,21.5847,21.7194,3940100
2009-10-13,21.6520,21.6520,21.4649,21.5098,4488800
2009-10-14,21.6820,21.8616,21.5248,21.8391,10170200
2009-10-15,21.8017,21.9439,21.7493,21.8990,6474200
2009-10-16,21.8317,21.9289,21.7418,21.8840,5617300
2009-10-19,21.8990,22.1161,21.8317,22.0711,5105500
2009-10-20,22.1161,22.1161,21.8092,21.8616,4748900
2009-10-21,21.8541,21.8990,21.5622,21.5772,9425100
2009-10-22,21.5323,21.8092,21.3976,21.7119,5381800
2009-10-23,21.7867,21.7867,21.4125,21.4874,6078400
2009-10-26,21.5547,21.6820,21.2105,21.2554,7268000
2009-10-27,21.3152,21.4799,21.2329,21.3452,8489700
2009-10-28,21.3152,21.3976,21.1057,21.1281,9471600
2009-10-29,21.1655,21.3377,21.0907,21.3152,5806700
2009-10-30,21.2479,21.3976,20.9784,21.0084,6955000
2009-11-02,21.0159,21.2628,20.9859,21.0982,6993400
2009-11-03,21.0308,21.1581,20.9784,21.1057,4974100
2009-11-04,21.1431,21.6371,21.1431,21.3751,8205300
2009-11-05,21.5398,21.7793,21.5098,21.7269,6651700
2009-11-06,21.6820,21.8466,21.5922,21.8242,5297600
2009-11-09,21.9514,22.2133,21.8466,22.1909,4541800
2009-11-10,22.1535,22.3630,22.1235,22.3406,3583400
2009-11-11,22.4229,22.4678,22.2134,22.3705,5100100
2009-11-12,22.2882,22.4528,22.1909,22.2433,3450400
2009-11-13,22.2208,22.4229,22.2059,22.2882,3706900
2009-11-16,22.4229,22.6624,22.2807,22.5127,3769100
2009-11-17,22.5427,22.6100,22.4454,22.5726,8409100
2009-11-18,22.6474,22.7223,22.4603,22.6998,4641000
2009-11-19,22.6400,22.6400,22.3481,22.5876,8943200
2009-11-20,22.5501,22.7672,22.4828,22.7447,4254800
2009-11-23,22.8794,23.1040,22.8495,22.9543,4316900
2009-11-24,23.0142,23.2013,22.9019,23.1339,6797100
2009-11-25,23.1863,23.2761,23.0890,23.2761,6534300
2009-11-27,22.9318,23.1564,22.7148,23.0441,3394300
2009-11-30,23.0740,23.0740,22.8795,22.9618,5203100
2009-12-01,23.0217,23.3659,23.0217,23.3659,5944900
2009-12-02,23.3285,23.4183,23.2013,23.3135,4983300
2009-12-03,23.3809,23.4408,23.1489,23.2013,7722800
2009-12-04,23.3510,23.5006,23.0965,23.1863,6784300
2009-12-07,23.1863,23.4183,23.1339,23.1564,4296700
2009-12-08,23.0591,23.1639,22.9393,22.9768,5625400
2009-12-09,23.0067,23.1713,22.9393,23.1713,6328300
2009-12-10,23.2537,23.4632,23.2312,23.4108,6752500
2009-12-11,23.4108,23.5156,23.3734,23.4108,5955100
2009-12-14,23.5830,23.6878,23.5006,23.6279,4646500
2009-12-15,23.6279,23.6354,23.4932,23.6354,4171700
2009-12-16,23.7102,23.7701,23.5156,23.5156,6069700
2009-12-17,23.3135,23.5081,23.1713,23.2986,16428000
2009-12-18,23.3445,23.4423,23.2391,23.4273,10356100
2009-12-21,23.2843,23.7960,23.2767,23.6455,9174900
2009-12-22,23.6229,23.8111,23.6229,23.7509,3957200
2009-12-23,23.8186,23.8186,23.6606,23.6756,3457400
2009-12-24,23.7057,23.7208,23.6003,23.6756,2198500
2009-12-28,23.7734,23.8111,23.6606,23.7960,6543900
2009-12-29,23.8111,23.9014,23.7358,23.7659,10151100
2009-12-30,23.6907,23.7810,23.6305,23.6982,3637000
2009-12-31,23.7132,23.7283,23.3821,23.3821,3511000
2010-01-04,23.6831,23.7960,23.5326,23.7885,5580900
2010-01-05,23.7509,23.8336,23.5552,23.5552,5428600
2010-01-06,23.5552,23.7960,23.5552,23.7960,4883600
2010-01-07,23.7057,23.8788,23.6530,23.8788,6114600
2010-01-08,23.9239,23.9390,23.7509,23.9164,4284800
2010-01-11,24.0444,24.0820,23.9465,24.0519,4177700
2010-01-12,23.9465,24.0143,23.7885,23.8788,5791400
2010-01-13,23.9390,24.2701,23.9315,24.1949,8056100
2010-01-14,24.2400,24.4206,24.1497,24.4131,7801400
2010-01-15,24.3228,24.4583,24.1046,24.2476,9691800
2010-01-19,24.3303,24.8421,24.3303,24.8345,17749900
2010-01-20,24.9173,24.9550,24.4357,24.6238,16706200
2010-01-21,24.6163,24.7367,24.0669,24.0895,15057200
2010-01-22,24.0143,24.2476,23.7810,23.8261,13221000
2010-01-25,24.0669,24.0669,23.8035,23.8261,7485600
2010-01-26,23.7358,23.8111,23.5627,23.6907,9292600
2010-01-27,23.6079,23.8938,23.5778,23.8562,13238800
2010-01-28,23.9315,23.9616,23.6380,23.7057,12890200
2010-01-29,23.7810,23.8487,23.5401,23.5401,11902000
2010-02-01,23.5778,23.7433,23.4799,23.6756,6463000
2010-02-02,23.7433,24.1723,23.6154,24.1648,9894100
2010-02-03,24.0820,24.1046,23.7659,23.8412,5967400
2010-02-04,23.6455,23.7283,23.2241,23.2391,10027700
2010-02-05,23.1714,23.3144,22.7801,23.2015,14325900
2010-02-08,23.2165,23.2918,23.0209,23.0886,6971500
2010-02-09,23.3821,23.4799,23.0886,23.2692,8632900
2010-02-10,23.2918,23.2918,22.9456,23.1262,7047300
2010-02-11,22.9757,23.3595,22.9456,23.2843,4335600
2010-02-12,23.1112,23.2767,22.9531,23.2316,6966800
2010-02-16,23.4649,23.4649,23.1940,23.4348,5786100
2010-02-17,23.5176,23.7358,23.4799,23.6154,10161600
2010-02-18,23.6229,23.7433,23.5627,23.7283,5326600
2010-02-19,23.6530,23.7810,23.5928,23.7283,4369300
2010-02-22,23.8111,23.8111,23.5100,23.6606,6989700
2010-02-23,23.5928,23.6831,23.3896,23.4348,4313800
2010-02-24,23.5025,23.6530,23.4197,23.6079,4352100
2010-02-25,23.4423,23.6229,23.3294,23.6229,5437900
2010-02-26,23.6606,23.7584,23.5703,23.6305,8794500
2010-03-01,23.6305,23.9390,23.6305,23.8562,6249900
2010-03-02,23.8938,24.0368,23.8637,23.9390,5321100
2010-03-03,24.0519,24.0519,23.8035,23.8412,5066800
2010-03-04,23.8713,23.8863,23.6756,23.7659,10135600
2010-03-05,23.8186,24.0970,23.7885,24.0970,5832200
2010-03-08,24.1046,24.1046,23.9465,23.9541,4370700
2010-03-09,23.8788,23.9992,23.8487,23.9390,4838900
2010-03-10,23.9541,24.0368,23.9164,23.9541,4063400
2010-03-11,23.9465,24.1422,23.8186,24.1422,6033900
2010-03-12,24.1798,24.1798,23.9014,23.9616,4899700
2010-03-15,23.9616,24.1196,23.9164,24.1196,5500100
2010-03-16,24.1196,24.2024,24.0293,24.1873,5494000
2010-03-17,24.1723,24.2551,24.0820,24.1949,11159700
2010-03-18,24.1949,24.4282,24.1347,24.3604,7125700
2010-03-19,24.3514,24.5024,24.2608,24.3514,8386700
2010-03-22,24.3891,24.6836,24.3891,24.5099,7909200
2010-03-23,24.4797,24.6308,24.4269,24.6308,5713500
2010-03-24,24.5855,24.6157,24.3665,24.3665,6315000
2010-03-25,24.5477,24.5477,24.2457,24.2683,5120600
2010-03-26,24.3287,24.3287,24.0418,24.0871,6811000
2010-03-29,24.1551,24.3438,24.1475,24.3438,4818700
2010-03-30,24.3438,24.3740,24.2457,24.3438,3440100
2010-03-31,24.3061,24.3740,24.1551,24.2608,4834400
2010-04-01,24.3891,24.4420,24.2608,24.3967,5602900
2010-04-05,24.4193,24.4797,24.2910,24.3287,4655600
2010-04-06,24.2608,24.3589,24.2532,24.3136,3978900
2010-04-07,24.3136,24.3136,24.0947,24.2079,4733200
2010-04-08,24.1324,24.1777,24.0342,24.1173,4561700
2010-04-09,24.1551,24.2532,24.1173,24.2230,4155000
2010-04-12,24.1928,24.2985,24.1475,24.1551,4513500
2010-04-13,24.1098,24.2306,24.0418,24.1777,7279200
2010-04-14,24.1928,24.1928,24.0040,24.0947,6331200
2010-04-15,24.1098,24.1249,23.9587,24.0267,5119600
2010-04-16,23.9965,24.0644,23.7700,23.8832,8928300
2010-04-19,23.8832,24.1022,23.8002,24.0795,11270000
2010-04-20,24.1626,24.2004,24.0493,24.1324,5741100
2010-04-21,24.1475,24.1475,23.6190,23.7096,13931400
2010-04-22,23.5887,23.5963,23.2867,23.4377,4291800
2010-04-23,23.4377,23.6945,23.2867,23.6718,10974900
2010-04-26,23.7096,23.7700,23.4000,23.4226,7321500
2010-04-27,23.3698,23.5434,23.1130,23.1508,10692000
2010-04-28,23.3169,23.4000,23.1055,23.3018,10333300
2010-04-29,23.4226,23.7624,23.4226,23.6190,10236400
2010-04-30,23.6869,23.7322,23.3169,23.3169,12506600
2010-05-03,23.3169,23.5283,23.3018,23.4302,5629700
2010-05-04,23.3245,23.5132,23.1961,23.2943,14483400
2010-05-05,23.0224,23.4151,22.9545,23.3698,9627700
2010-05-06,23.2943,23.3622,21.5425,22.7431,21647700
2010-05-07,22.7582,22.7582,22.1541,22.4410,18182100
2010-05-10,22.8337,23.2792,22.8337,23.0451,13168100
2010-05-11,22.8865,23.2263,22.8337,22.9998,8829300
2010-05-12,23.1961,23.2036,22.9696,23.1885,6115800
2010-05-13,23.1055,23.1810,22.9394,22.9394,6872600
2010-05-14,22.8110,22.9167,22.4486,22.6298,13544100
2010-05-17,22.6827,22.7204,22.2900,22.6298,11950000
2010-05-18,22.7808,22.8186,22.4259,22.4486,11648200
2010-05-19,22.3051,22.5845,22.2598,22.3957,12608800
2010-05-20,22.0861,22.1994,21.6859,21.6935,15946600
2010-05-21,21.4594,21.8068,21.3311,21.7463,16465100
2010-05-24,21.6557,21.9276,21.5349,21.6935,10310900
2010-05-25,21.2480,21.6029,21.1196,21.6029,16411700
2010-05-26,21.7312,21.8219,21.4443,21.4670,12620400
2010-05-27,21.6482,21.9049,21.6482,21.9049,9438500
2010-05-28,21.8974,22.0182,21.7237,21.7992,13301500
2010-06-01,21.7161,21.9049,21.5198,21.5576,11633700
2010-06-02,21.7463,22.0484,21.5651,22.0257,10510200
2010-06-03,22.0257,22.2220,21.9955,22.1541,8442500
2010-06-04,21.8143,21.8747,21.4292,21.5047,11034700
2010-06-07,21.5349,21.7463,21.4745,21.4745,9478700
2010-06-08,21.4821,21.5576,21.2631,21.5274,10571000
2010-06-09,21.5576,21.6784,21.3537,21.4292,8428600
2010-06-10,21.6331,21.8898,21.6331,21.8370,6967900
2010-06-11,21.7765,22.0559,21.7690,22.0182,7042100
2010-06-14,22.0861,22.2598,22.0484,22.0559,6416400
2010-06-15,22.1616,22.4486,22.1541,22.4335,4921200
2010-06-16,22.3655,22.5467,22.3127,22.5165,5576900
2010-06-17,22.5543,22.5543,22.3202,22.5467,5710800
2010-06-18,22.5854,22.5854,22.3805,22.4261,6962900
2010-06-21,22.6613,22.7145,22.2743,22.3881,7458600
2010-06-22,22.4109,22.5703,22.1377,22.1680,7226400
2010-06-23,22.1832,22.2212,21.9631,22.0770,6431100
2010-06-24,21.9783,22.1073,21.8872,21.9176,10192000
2010-06-25,21.9176,22.1301,21.8417,22.0163,8439200
2010-06-28,22.0314,22.1604,21.8417,21.9783,6556200
2010-06-29,21.7506,21.7962,21.4546,21.5761,15076600
2010-06-30,21.4698,21.6747,21.3560,21.4015,9503400
2010-07-01,21.3636,21.3636,20.8627,21.2194,23346200
2010-07-02,21.2573,21.4167,21.1511,21.2725,10103400
2010-07-06,21.4167,21.5457,21.2042,21.3788,11667300
2010-07-07,21.4015,21.8189,21.2953,21.7962,8794500
2010-07-08,21.8721,22.0314,21.8265,21.9783,7165200
2010-07-09,22.0238,22.0390,21.9176,22.0314,4261600
2010-07-12,21.9859,22.0694,21.9100,21.9935,5026200
2010-07-13,22.1225,22.2970,22.1225,22.1604,5439300
2010-07-14,22.0921,22.2060,21.9783,22.1604,5958300
2010-07-15,22.1529,22.2819,22.0162,22.2287,4594500
2010-07-16,22.1225,22.2591,21.7354,21.7658,9790100
2010-07-19,21.8569,21.9480,21.7658,21.8645,5391900
2010-07-20,21.6140,21.8113,21.4926,21.8037,8178400
2010-07-21,21.7962,21.8645,21.4015,21.4471,14343400
2010-07-22,21.6596,21.8038,21.5002,21.5837,10500800
2010-07-23,21.5761,21.6292,21.3788,21.5761,8858800
2010-07-26,21.6671,21.9252,21.5988,21.8872,10261500
2010-07-27,21.9328,21.9859,21.8113,21.9100,6225700
2010-07-28,21.8721,21.9404,21.5761,21.6140,9662900
2010-07-29,21.7354,21.8796,21.4926,21.5988,10540100
2010-07-30,21.4015,21.7734,21.3180,21.6823,7539400
2010-08-02,21.9176,22.1073,21.9100,22.0921,11733200
2010-08-03,22.1225,22.3578,22.1225,22.2743,10266000
2010-08-04,22.2895,22.5247,22.2515,22.4944,9458100
2010-08-05,22.4185,22.5020,22.3274,22.5020,4285100
2010-08-06,22.2819,22.5703,22.2212,22.5475,8894200
2010-08-09,22.6917,22.6917,22.4944,22.6082,4061700
2010-08-10,22.4488,22.7524,22.3578,22.6613,8692600
2010-08-11,22.3502,22.3805,22.0466,22.0770,13216600
2010-08-12,21.9024,22.2287,21.8493,22.1680,9553700
2010-08-13,22.0238,22.1680,21.9859,22.0846,4340300
2010-08-16,21.9555,22.0314,21.8038,21.9707,4641300
2010-08-17,22.0997,22.3578,22.0390,22.2743,7183200
2010-08-18,22.2363,22.4109,22.0997,22.2439,4410100
2010-08-19,22.1225,22.1604,21.7658,21.8341,8736200
2010-08-20,21.8037,21.8265,21.6216,21.7582,5606200
2010-08-23,21.8948,22.0618,21.8341,21.8569,6570800
2010-08-24,21.6216,21.6292,21.3180,21.3863,12112600
2010-08-25,21.2953,21.6899,21.2649,21.5988,10713000
2010-08-26,21.7127,21.7127,21.3788,21.4622,6566000
2010-08-27,21.5230,21.6899,21.2497,21.6823,7200700
2010-08-30,21.6823,21.7051,21.4091,21.4091,5835000
2010-08-31,21.3788,21.4926,21.2801,21.3256,8756200
2010-09-01,21.5305,21.8569,21.5305,21.8189,10345200
2010-09-02,21.8569,21.9707,21.7962,21.9328,6003300
2010-09-03,22.0087,22.1529,22.0011,22.1377,6604700
2010-09-07,22.1149,22.1149,21.9631,22.0087,3954000
2010-09-08,21.9783,22.1984,21.9707,22.1301,6850700
2010-09-09,22.2895,22.4337,22.2667,22.3654,6305700
2010-09-10,22.3653,22.6158,22.3653,22.5930,5453100
2010-09-13,22.7145,22.7524,22.5323,22.6461,5947100
2010-09-14,22.5703,22.8131,22.5475,22.7220,8386700
2010-09-15,22.6689,22.9421,22.6386,22.9345,4894200
2010-09-16,22.8055,22.8814,22.7296,22.8435,4913900
2010-09-17,22.9228,22.9915,22.7931,22.8389,6038900
2010-09-20,22.9381,23.1898,22.8618,23.1440,5467800
2010-09-21,23.1440,23.2813,23.0601,23.1593,7579700
2010-09-22,23.1364,23.2966,23.1059,23.1974,5875600
2010-09-23,23.0525,23.2356,23.0296,23.0754,8156800
2010-09-24,23.2584,23.4034,23.2279,23.3881,5571100
2010-09-27,23.3881,23.3881,23.1974,23.2127,4840600
2010-09-28,23.2661,23.4492,23.1135,23.4034,5634600
2010-09-29,23.3195,23.4110,23.2356,23.3195,7966300
2010-09-30,23.4034,23.5559,23.1745,23.2584,8680300
2010-10-01,23.4263,23.4568,23.1364,23.2584,8791700
2010-10-04,23.2432,23.2966,22.9686,23.0296,6193600
2010-10-05,23.3424,23.4949,23.2203,23.4568,6786200
2010-10-06,23.4034,23.4873,23.2890,23.3652,5800000
2010-10-07,23.4568,23.5254,23.3424,23.4110,6052000
2010-10-08,23.4263,23.5331,23.3729,23.4720,3678600
2010-10-11,23.4568,23.5254,23.4034,23.4873,2452400
2010-10-12,23.4415,23.6017,23.3424,23.5407,3194600
2010-10-13,23.6398,23.7848,23.5788,23.7085,3323600
2010-10-14,23.6780,23.7848,23.5559,23.6627,5111500
2010-10-15,23.7161,23.8306,23.6093,23.7619,5880600
2010-10-18,23.7924,23.9908,23.7543,23.9831,7161000
2010-10-19,23.7924,23.7924,23.4186,23.5331,8833000
2010-10-20,23.5865,23.8611,23.5254,23.7543,5489400
2010-10-21,23.8534,23.9297,23.6399,23.8153,5983600
2010-10-22,23.8916,23.8916,23.7619,23.8229,4671900
2010-10-25,23.9526,24.1357,23.9297,23.9526,6532600
2010-10-26,23.8992,23.8992,23.7695,23.8840,4005800
2010-10-27,23.7924,23.8382,23.5941,23.7390,5489900
2010-10-28,23.8763,23.9602,23.7466,23.8763,5007000
2010-10-29,23.8153,23.8534,23.6856,23.7772,6751200
2010-11-01,23.9068,24.0289,23.6551,23.7772,6943700
2010-11-02,23.9679,24.0289,23.9450,24.0060,5303500
2010-11-03,24.0823,24.0823,23.7772,24.0213,8271300
2010-11-04,24.1967,24.2043,24.0670,24.1357,7898400
2010-11-05,24.1891,24.1891,23.8992,23.9908,10241400
2010-11-08,23.9602,24.0670,23.8763,23.9297,7745100
2010-11-09,23.9984,23.9984,23.7772,23.8306,7484100
2010-11-10,23.8611,23.8611,23.5941,23.8229,6532400
2010-11-11,23.7085,23.9069,23.6475,23.8916,5827800
2010-11-12,23.7466,23.7848,23.5636,23.5941,6763900
2010-11-15,23.6780,23.7314,23.5636,23.6017,4181900
2010-11-16,23.4491,23.5254,23.1898,23.2584,12265400
2010-11-17,23.2966,23.3881,23.2508,23.2966,5810200
2010-11-18,23.4339,23.6780,23.3652,23.6246,5721600
2010-11-19,23.6017,23.6627,23.5102,23.6475,5078100
2010-11-22,23.6170,23.6780,23.4263,23.6551,7405200
2010-11-23,23.4110,23.4568,23.3042,23.3118,9030600
2010-11-24,23.4034,23.5483,23.4034,23.5331,5591000
2010-11-26,23.4110,23.4415,23.2966,23.3271,2863600
2010-11-29,23.1898,23.3500,22.9915,23.3042,7439200
2010-11-30,23.0525,23.2356,23.0220,23.0906,8214800
2010-12-01,23.3500,23.5712,23.3500,23.5331,8571300
2010-12-02,23.5712,23.7161,23.5254,23.7161,5519300
2010-12-03,23.6170,23.7314,23.6017,23.7161,7769400
2010-12-06,23.6322,23.6627,23.5407,23.5636,5092200
2010-12-07,23.7314,23.7466,23.5483,23.5788,6938200
2010-12-08,23.6093,23.6399,23.4873,23.6017,5222000
2010-12-09,23.6780,23.6780,23.5636,23.6399,3670300
2010-12-10,23.6780,23.8916,23.6780,23.8687,5730100
2010-12-13,23.9221,24.0213,23.8763,23.9068,9561500
2010-12-14,23.9908,24.2120,23.9831,24.1509,5587600
2010-12-15,24.0594,24.2349,24.0518,24.0747,5816700
2010-12-16,24.0823,24.2501,23.9831,24.2425,5071800
2010-12-17,24.2455,24.2839,24.1075,24.2839,6012600
2010-12-20,24.3376,24.3529,24.1765,24.2762,3241800
2010-12-21,24.2992,24.3146,24.2149,24.2149,2946300
2010-12-22,24.2072,24.2839,24.1842,24.2839,2646000
2010-12-23,24.2379,24.3069,24.2379,24.2686,2874100
2010-12-27,24.2302,24.2456,24.1459,24.2225,835200
2010-12-28,24.2149,24.2762,24.1689,24.2379,1652600
2010-12-29,24.2686,24.2992,24.2226,24.2456,1990500
2010-12-30,24.2149,24.2302,24.1459,24.1612,3877200
2010-12-31,24.1842,24.2072,24.0999,24.1535,3908500
2011-01-03,24.2839,24.5293,24.2762,24.3759,6877800
2011-01-04,24.4219,24.4756,24.3222,24.4526,4161000
2011-01-05,24.3606,24.5523,24.3606,24.5063,7962800
2011-01-06,24.5446,24.6213,24.5139,24.6059,4966800
2011-01-07,24.6289,24.6289,24.4526,24.5906,6199000
2011-01-10,24.4756,24.5753,24.4449,24.5216,4481000
2011-01-11,24.5829,24.6826,24.5446,24.6443,3356200
2011-01-12,24.7516,24.8130,24.6749,24.7746,2886100
2011-01-13,24.7056,24.7056,24.5753,24.6443,7414600
2011-01-14,24.5983,24.6749,24.5829,24.6749,3907500
2011-01-18,24.6826,24.7746,24.6673,24.7670,8160100
2011-01-19,24.7900,24.7900,24.5063,24.5983,9936400
2011-01-20,24.5906,24.7056,24.4986,24.6596,8811800
2011-01-21,24.7363,24.7900,24.6519,24.6826,8079700
2011-01-24,24.6749,24.7440,24.6289,24.6519,3711500
2011-01-25,24.5676,24.7210,24.5599,24.6519,8002500
2011-01-26,24.6749,24.7056,24.5983,24.6213,7671800
2011-01-27,24.6519,24.7286,24.5753,24.6826,6871900
2011-01-28,24.6980,24.7286,24.2149,24.2379,11096100
2011-01-31,24.3606,24.3606,24.1995,24.2916,9021600
2011-02-01,24.3912,24.7593,24.3912,24.7286,13051200
2011-02-02,24.6519,24.6750,24.5676,24.6443,4627700
2011-02-03,24.5599,24.7286,24.3759,24.6749,6316300
2011-02-04,24.7286,24.7976,24.5829,24.7900,4380100
2011-02-07,24.7823,24.8283,24.7286,24.7516,9145200
2011-02-08,24.7286,24.8360,24.7286,24.8206,5160100
2011-02-09,24.7516,24.8206,24.6903,24.7670,4933400
2011-02-10,24.6826,24.8130,24.6749,24.7746,4383300
2011-02-11,24.6673,24.8896,24.6443,24.8283,4341900
2011-02-14,24.8743,24.9127,24.7746,24.9127,9054900
2011-02-15,24.8206,24.8820,24.7593,24.8590,5502400
2011-02-16,24.9203,25.0813,24.8973,24.9893,4256200
2011-02-17,24.9280,25.1197,24.8820,25.0967,8772000
2011-02-18,25.0813,25.1887,25.0353,25.1580,4583200
2011-02-22,24.9050,25.0200,24.7133,24.7746,12072400
2011-02-23,24.7056,24.7823,24.5293,24.5369,9817600
2011-02-24,24.4909,24.6749,24.4372,24.6213,9063800
2011-02-25,24.6979,24.8206,24.6443,24.7746,6129200
2011-02-28,24.8666,25.0813,24.7746,25.0507,15415100
2011-03-01,25.1274,25.1580,24.8437,24.8513,10264400
2011-03-02,24.8130,24.9740,24.7746,24.9280,11750700
2011-03-03,25.0813,25.4571,25.0813,25.4417,11733900
2011-03-04,25.4264,25.4801,25.2270,25.4034,8793600
2011-03-07,25.4647,25.4647,25.0583,25.2117,8359500
2011-03-08,25.2270,25.4264,25.1350,25.3497,5795000
2011-03-09,25.3421,25.4571,25.2577,25.3881,8000200
2011-03-10,25.1887,25.2424,24.9663,24.9893,12703000
2011-03-11,24.9893,25.1427,24.8973,25.0737,8004000
2011-03-14,24.9587,25.1120,24.8436,24.9510,7608100
2011-03-15,24.5293,24.7823,24.4142,24.6596,12855500
2011-03-16,24.6213,24.6289,24.1075,24.2302,20826500
2011-03-17,24.4756,24.5829,24.3912,24.5139,10301600
2011-03-18,24.7720,24.8182,24.5640,24.6256,16696000
2011-03-21,24.8105,25.0339,24.7797,24.8336,8783300
2011-03-22,24.9183,24.9645,24.8028,24.8182,6413300
2011-03-23,24.7720,24.8567,24.6102,24.8028,7349200
2011-03-24,24.8952,25.1340,24.8028,25.0955,10593600
2011-03-25,25.0955,25.2726,25.0878,25.1648,5281100
2011-03-28,25.1725,25.2187,25.1494,25.1571,3925300
2011-03-29,25.1340,25.3112,25.1032,25.3034,4031500
2011-03-30,25.4267,25.6193,25.4267,25.4883,5202600
2011-03-31,25.4729,25.5962,25.4344,25.5037,3280600
2011-04-01,25.5961,25.6886,25.5499,25.6347,3929600
2011-04-04,25.7194,25.8349,25.7194,25.7887,4286700
2011-04-05,25.6886,25.7502,25.6424,25.6732,4311300
2011-04-06,25.7502,25.8118,25.6963,25.7271,3954000
2011-04-07,25.6655,25.7810,25.5962,25.6809,7031500
2011-04-08,25.7271,25.8041,25.5961,25.6655,6907600
2011-04-11,25.7425,25.8735,25.7425,25.8118,8928500
2011-04-12,25.7040,25.8811,25.7040,25.7810,6200400
2011-04-13,25.7733,25.8580,25.7040,25.7579,4442000
2011-04-14,25.7425,25.9428,25.6424,25.8966,8316200
2011-04-15,26.0275,26.1970,25.9967,26.1276,9761800
2011-04-18,25.9582,25.9582,25.6886,25.8349,7603400
2011-04-19,25.8812,26.0660,25.8349,26.0506,5456100
2011-04-20,26.3279,26.4049,26.2432,26.3048,7116900
2011-04-21,26.4666,26.5359,26.2894,26.3818,4828600
2011-04-25,26.2971,26.4358,26.2740,26.4127,6363700
2011-04-26,26.4512,26.7593,26.4512,26.7208,5800000
2011-04-27,26.6899,27.0674,26.6745,27.0212,8745300
2011-04-28,27.0212,27.1752,26.9980,27.1598,5219400
2011-04-29,27.2137,27.2291,27.1059,27.1444,11660100
2011-05-02,27.3293,27.4756,27.2908,27.4217,14846400
2011-05-03,27.3601,27.4217,27.2137,27.3524,11291300
2011-05-04,27.3139,27.3755,27.1829,27.3293,9434600
2011-05-05,27.2830,27.3832,27.0751,27.1521,11700000
2011-05-06,27.3524,27.4756,27.2368,27.3447,7405100
2011-05-09,27.2060,27.5296,27.2060,27.4987,9030400
2011-05-10,27.6143,27.6759,27.4525,27.6682,7764600
2011-05-11,27.6990,27.7683,27.4756,27.6220,13491000
2011-05-12,27.5218,27.8839,27.4448,27.8762,7867600
2011-05-13,27.9224,27.9917,27.6451,27.7914,10091200
2011-05-16,27.7298,27.9455,27.6759,27.8377,7557200
2011-05-17,27.7067,27.8531,27.6451,27.8377,7397600
2011-05-18,27.8376,28.0764,27.7914,28.0533,5666800
2011-05-19,28.1689,28.1689,27.8607,27.9917,17052500
2011-05-20,28.0071,28.0071,27.6759,27.7606,11701300
2011-05-23,27.4679,27.5295,27.3524,27.4756,27910000
2011-05-24,27.4679,27.5141,27.3678,27.3986,10177500
2011-05-25,27.2754,27.5064,27.2754,27.4371,7239400
2011-05-26,27.3755,27.5064,27.2137,27.4756,6576400
2011-05-27,27.4756,27.5141,27.3601,27.4910,7043300
2011-05-31,27.6913,27.8222,27.5835,27.8145,10185900
2011-06-01,27.7221,27.7914,27.4063,27.4294,12042500
2011-06-02,27.4371,27.4371,27.2600,27.3678,7603400
2011-06-03,27.0597,27.2599,27.0597,27.1059,12026700
2011-06-06,27.0289,27.0982,26.9056,26.9441,6513500
2011-06-07,27.1367,27.2291,26.9827,26.9981,8211900
2011-06-08,26.9672,27.0751,26.9133,27.0289,6631100
2011-06-09,27.0905,27.4448,27.0443,27.3139,6971000
2011-06-10,27.2060,27.2060,26.7901,26.8132,17102600
2011-06-13,26.7978,27.0597,26.7978,26.9441,10150700
2011-06-14,27.1521,27.2831,27.0751,27.1752,8585800
2011-06-15,27.0597,27.1444,26.7439,26.8055,15194100
2011-06-16,26.8132,26.9287,26.6745,26.8517,10648300
2011-06-17,27.0762,27.1458,26.8285,26.9136,16765100
2011-06-20,26.8594,27.2155,26.8207,27.1845,8445200
2011-06-21,27.2929,27.4168,27.2155,27.3548,12641600
2011-06-22,27.3161,27.3780,27.1768,27.1923,7622800
2011-06-23,27.0917,27.1923,26.8053,27.1613,19458700
2011-06-24,27.1536,27.1536,26.7975,26.8440,11042000
2011-06-27,26.8981,27.0530,26.7356,26.9833,6268200
2011-06-28,27.0375,27.4322,27.0065,27.3626,9300200
2011-06-29,27.5096,27.5096,27.3393,27.4167,6541700
2011-06-30,27.5329,27.5793,27.4400,27.5019,11835800
2011-07-01,27.5019,27.8502,27.4864,27.8347,10374800
2011-07-05,27.8580,27.8580,27.6645,27.7573,6410500
2011-07-06,27.7109,27.8734,27.7109,27.8347,6899800
2011-07-07,27.9586,27.9586,27.7109,27.8193,7400100
2011-07-08,27.6335,27.7264,27.5329,27.6954,6741200
2011-07-11,27.4555,27.5096,27.2465,27.3161,11117200
2011-07-12,27.3006,27.5870,27.2232,27.3161,5988800
2011-07-13,27.4555,27.6877,27.3471,27.4245,8597100
2011-07-14,27.4787,27.5716,27.3084,27.3781,9443600
2011-07-15,27.4168,27.4245,27.0994,27.2387,9994600
2011-07-18,27.1458,27.1691,26.8362,27.0375,8569400
2011-07-19,27.0917,27.3316,27.0297,27.2774,9930600
2011-07-20,27.3161,27.3316,27.0839,27.1845,6808400
2011-07-21,27.4555,27.7032,27.3703,27.5948,14621500
2011-07-22,27.5793,27.6025,27.4322,27.5483,7642700
2011-07-25,27.3084,27.4477,27.2310,27.2619,6821100
2011-07-26,27.2387,27.2542,27.0143,27.0452,8696700
2011-07-27,26.9214,26.9369,26.5421,26.5731,13037300
2011-07-28,26.5576,26.8440,26.5111,26.5498,13788400
2011-07-29,26.3253,26.5963,26.1551,26.4105,18230600
2011-08-01,26.6659,26.6659,25.6906,25.9616,27608500
2011-08-02,25.7835,25.8841,25.3810,25.4042,23052100
2011-08-03,25.4042,25.4507,24.9243,25.4507,23351200
2011-08-04,25.0946,25.2030,24.4367,24.4367,26524200
2011-08-05,24.6224,24.9862,24.0264,24.6224,34270900
2011-08-08,24.1348,24.4135,23.3530,23.3608,35749300
2011-08-09,23.6549,24.2819,22.9428,24.2122,33607200
2011-08-10,23.9181,24.0883,23.1518,23.1905,31686400
2011-08-11,23.2756,24.5605,23.2369,24.2509,23576700
2011-08-12,24.4289,24.7153,24.2432,24.4909,14175900
2011-08-15,24.7153,24.9553,24.5450,24.9011,22841300
2011-08-16,24.7618,25.0482,24.6070,24.8779,16553800
2011-08-17,24.9475,25.1875,24.6844,24.9011,12656600
2011-08-18,24.4057,24.4599,23.8716,24.0806,14270400
2011-08-19,23.8561,24.3747,23.8174,24.0187,18010300
2011-08-22,24.3980,24.4521,23.9722,24.0032,11770100
2011-08-23,24.0961,24.8082,24.0419,24.7850,12479500
2011-08-24,24.6921,25.0791,24.6534,25.0714,11758600
2011-08-25,25.0095,25.1024,24.5605,24.6457,15550800
2011-08-26,24.5063,25.0404,24.0342,24.9553,12478900
2011-08-29,25.2339,25.6132,25.2030,25.5900,11473900
2011-08-30,25.5513,25.8300,25.3191,25.6751,11804700
2011-08-31,25.8067,26.0312,25.6442,25.8532,10386100
2011-09-01,25.8454,26.1241,25.6287,25.6829,9625000
2011-09-02,25.2804,25.5049,25.0637,25.1178,11320900
2011-09-06,24.5373,25.2107,24.4908,25.1797,44453200
2011-09-07,25.4816,25.7913,25.3733,25.7835,10855700
2011-09-08,25.6132,25.8764,25.4584,25.5049,9130800
2011-09-09,25.2262,25.2572,24.6302,24.7463,16098500
2011-09-12,24.4444,24.8547,24.3748,24.8314,13393200
2011-09-13,24.8934,25.1411,24.7618,25.0869,11253500
2011-09-14,25.1720,25.6055,24.8160,25.3268,14000300
2011-09-15,25.5126,25.5745,25.1565,25.5590,12105200
2011-09-16,25.6423,25.7668,25.4478,25.6968,11861400
2011-09-19,25.3155,25.5489,25.2454,25.4555,11646000
2011-09-20,25.5489,25.9536,25.4089,25.6890,10829700
2011-09-21,25.7046,25.7435,24.9808,24.9964,14044800
2011-09-22,24.3738,24.6228,24.1948,24.4905,26670000
2011-09-23,24.3427,24.6540,24.2571,24.4983,17981500
2011-09-26,24.7007,24.9341,24.4127,24.9030,13336900
2011-09-27,25.2999,25.5878,25.1676,25.2843,14319000
2011-09-28,25.3777,25.4088,24.8096,24.8485,15072000
2011-09-29,25.1676,25.3466,24.6462,25.0119,12782900
2011-09-30,24.7474,25.1676,24.6851,24.6929,10356100
2011-10-03,24.5061,24.8485,23.8913,23.9069,48032100
2011-10-04,23.6968,24.1870,23.4322,24.1637,20949700
2011-10-05,24.1870,24.5684,24.1092,24.5528,16962400
2011-10-06,24.5372,24.8485,24.4283,24.8485,9795500
2011-10-07,24.8874,25.0120,24.7474,24.8252,10780900
2011-10-10,25.0820,25.4322,25.0820,25.3933,6615000
2011-10-11,25.2999,25.4011,25.2299,25.3544,5107500
2011-10-12,25.4478,25.6190,25.3544,25.3699,8411100
2011-10-13,25.3077,25.4322,25.1443,25.3466,5970000
2011-10-14,25.6423,25.6423,25.4400,25.5878,6229400
2011-10-17,25.4945,25.5256,25.1053,25.1443,6750800
2011-10-18,25.0587,25.5256,24.8952,25.3310,9932600
2011-10-19,25.4867,25.5878,25.1754,25.2843,6233500
2011-10-20,25.2299,25.4011,24.9730,25.2610,6920500
2011-10-21,25.5256,25.8057,25.5256,25.7668,6784700
2011-10-24,25.8447,26.1637,25.7668,26.1559,36228400
2011-10-25,26.0548,26.0859,25.5567,25.6267,8333400
2011-10-26,25.8602,26.0626,25.6423,25.9692,8655700
2011-10-27,26.4594,26.6696,26.2338,26.5995,16385700
2011-10-28,26.4439,26.7007,26.4439,26.6229,10215300
2011-10-31,26.4283,26.5061,26.1092,26.1170,12897900
2011-11-01,25.6267,25.9225,25.5411,25.6190,13507200
2011-11-02,25.8913,25.9225,25.6267,25.7902,6063500
2011-11-03,26.0081,26.1170,25.8057,26.0703,7748400
2011-11-04,25.8836,25.9614,25.6423,25.8291,5672500
2011-11-07,25.8446,26.1715,25.7357,26.1326,5520200
2011-11-08,26.2571,26.4750,26.0548,26.4517,4987600
2011-11-09,26.0003,26.0781,25.5878,25.6890,13047000
2011-11-10,25.9380,26.1793,25.7980,26.0548,6093300
2011-11-11,26.2804,26.5917,26.2804,26.5139,7084000
2011-11-14,26.3427,26.4517,26.2182,26.3349,4100200
2011-11-15,26.3194,26.4750,26.1637,26.3972,5627500
2011-11-16,26.1092,26.3116,25.8758,25.8913,10464700
2011-11-17,25.8524,25.8758,25.4011,25.6190,10134200
2011-11-18,25.6890,25.7201,25.5334,25.5645,6194700
2011-11-21,25.2065,25.2688,24.9808,25.0742,7436600
2011-11-22,25.0664,25.2532,24.9964,25.1365,5160500
2011-11-23,24.9653,24.9653,24.7396,24.7707,6472400
2011-11-25,24.7007,24.8719,24.6540,24.6773,2497600
2011-11-28,25.0976,25.3855,25.0976,25.3388,7381200
2011-11-29,25.3933,25.6034,25.3622,25.4478,4789900
2011-11-30,25.9925,26.3972,25.9692,26.3661,13397100
2011-12-01,26.3038,26.5528,26.3038,26.4050,5970200
2011-12-02,26.5528,26.5840,26.0159,26.0781,15173400
2011-12-05,26.3505,26.4517,25.9925,26.1248,43739100
2011-12-06,26.1715,26.3972,26.1248,26.2338,5064200
2011-12-07,26.1948,26.5528,26.0937,26.4283,6479800
2011-12-08,26.3038,26.3583,25.8836,25.9380,7784600
2011-12-09,26.0626,26.3738,26.0159,26.3194,5605900
2011-12-12,26.1404,26.2026,25.8913,26.0081,5421500
2011-12-13,26.1637,26.3116,25.8835,25.9614,5022800
2011-12-14,25.9303,26.0703,25.8758,25.9458,5186800
2011-12-15,26.1092,26.3038,26.0937,26.2338,6535300
2011-12-16,26.4122,26.4122,26.1383,26.1461,5777300
2011-12-19,26.2635,26.4513,26.0679,26.1461,4601700
2011-12-20,26.4435,26.7330,26.4044,26.6939,5208900
2011-12-21,26.7644,26.9052,26.6548,26.8661,5196900
2011-12-22,26.9757,27.0696,26.8504,27.0617,3699900
2011-12-23,27.1243,27.2652,27.0617,27.2339,2240300
2011-12-27,27.1791,27.3591,27.1791,27.2965,2224100
2011-12-28,27.2965,27.2965,26.9444,26.9991,5908200
2011-12-29,26.9756,27.2417,26.9756,27.1948,4775400
2011-12-30,27.1165,27.2887,27.1009,27.1478,2711600
2012-01-03,27.4687,27.5939,27.4139,27.5000,18864300
2012-01-04,27.4765,27.4922,27.2730,27.3669,6174000
2012-01-05,27.2182,27.4765,27.1635,27.4452,5939700
2012-01-06,27.4843,27.5548,27.3591,27.4922,6762500
2012-01-09,27.5469,27.5626,27.3200,27.5391,10695300
2012-01-10,27.7269,27.8052,27.7035,27.7426,7122300
2012-01-11,27.7113,27.8130,27.6174,27.7661,3501000
2012-01-12,27.8287,27.8756,27.6487,27.8521,3404900
2012-01-13,27.6722,27.7504,27.5078,27.7269,4826800
2012-01-17,27.9461,28.0713,27.8678,27.8991,5792900
2012-01-18,27.8913,28.0634,27.8365,28.0556,6940400
2012-01-19,27.9852,28.0869,27.9069,28.0556,4447600
2012-01-20,28.0947,28.1417,27.9539,28.0556,7768900
2012-01-23,28.0634,28.1104,27.8521,27.9304,5658200
2012-01-24,27.8521,28.0321,27.8521,27.9382,4382200
2012-01-25,27.8287,28.1887,27.7661,28.1417,6827200
2012-01-26,28.2513,28.2513,27.9226,28.0165,5074500
2012-01-27,27.9069,28.1260,27.9069,28.0321,3500700
2012-01-30,27.8600,28.0087,27.7426,27.9930,5297700
2012-01-31,28.0947,28.2747,27.9460,28.0165,7538700
2012-02-01,28.1026,28.4234,28.1026,28.2904,13009200
2012-02-02,28.3217,28.3217,28.0165,28.1808,5953400
2012-02-03,28.3452,28.3843,28.2434,28.3452,8292500
2012-02-06,28.2200,28.2904,28.1026,28.1887,4095400
2012-02-07,28.1573,28.3217,28.0634,28.2904,3442200
2012-02-08,28.2982,28.3217,28.1339,28.2904,4758300
2012-02-09,28.2748,28.2904,28.0635,28.1417,6164500
2012-02-10,27.9774,28.0556,27.8756,28.0243,3648100
2012-02-13,28.1573,28.3060,28.1495,28.2356,5493800
2012-02-14,28.2434,28.3686,28.1730,28.3530,4253200
2012-02-15,28.3765,28.4234,28.2121,28.2982,5725300
2012-02-16,28.2513,28.4860,28.2043,28.4547,5059900
2012-02-17,28.4391,28.4547,28.3060,28.3608,4531300
2012-02-21,28.4078,28.4391,28.1104,28.1574,7076000
2012-02-22,28.1339,28.2434,28.0556,28.1574,4212300
2012-02-23,28.1730,28.2278,28.1182,28.1808,3551600
2012-02-24,28.2591,28.3608,28.2043,28.3217,7647200
2012-02-27,28.1808,28.4391,28.1104,28.3765,9274100
2012-02-28,28.3452,28.5330,28.3139,28.4860,4370300
2012-02-29,28.4704,28.5486,28.3139,28.3139,6353900
2012-03-01,28.3374,28.5017,28.3139,28.4626,6010100
2012-03-02,28.5173,28.5173,28.3452,28.4156,3602700
2012-03-05,28.3843,28.5017,28.3139,28.3530,3395800
2012-03-06,28.1965,28.2669,27.9226,27.9852,4316000
2012-03-07,28.0478,28.1417,27.9539,28.1104,4343200
2012-03-08,28.2591,28.4939,28.2591,28.4234,4186400
2012-03-09,28.4626,28.6425,28.4469,28.5408,4698200
2012-03-12,28.4860,28.5956,28.4782,28.5408,2426600
2012-03-13,28.6895,28.9634,28.6269,28.9478,7159400
2012-03-14,28.8773,29.0025,28.8773,28.9399,6217000
2012-03-15,28.9478,29.0338,28.8695,28.9869,3819900
2012-03-16,29.0624,29.0939,28.9444,28.9837,4000200
2012-03-19,28.9365,29.0231,28.8815,28.9759,4130800
2012-03-20,28.8028,28.9208,28.7950,28.8264,2980600
2012-03-21,28.8579,28.8815,28.7635,28.8107,3717900
2012-03-22,28.6927,28.7792,28.6298,28.7163,4888200
2012-03-23,28.7792,28.8343,28.6770,28.8028,2760400
2012-03-26,28.9916,29.3062,28.9523,29.3062,9504600
2012-03-27,29.3219,29.4793,29.3219,29.3613,5334600
2012-03-28,29.3849,29.4871,29.1568,29.2984,8930400
2012-03-29,29.1725,29.3927,29.1332,29.3613,8620700
2012-03-30,29.4714,29.6208,29.4242,29.5815,7242900
2012-04-02,29.5815,29.7624,29.4793,29.6838,10149200
2012-04-03,29.7152,29.8883,29.5343,29.6680,8863100
2012-04-04,29.5500,29.5972,29.4399,29.5107,7096900
2012-04-05,29.4163,29.5343,29.3534,29.5028,3536300
2012-04-09,29.2512,29.2748,29.1174,29.1332,3188600
2012-04-10,29.1175,29.1882,28.7871,28.8028,6500200
2012-04-11,29.0467,29.0703,28.8815,28.9051,3793600
2012-04-12,28.9366,29.0939,28.9208,29.0624,4721900
2012-04-13,29.0152,29.0152,28.7714,28.7714,4560700
2012-04-16,28.9130,28.9130,28.6927,28.7792,7243300
2012-04-17,28.9287,29.2276,28.8658,29.2040,4194700
2012-04-18,29.1489,29.2118,29.0938,29.1253,4080300
2012-04-19,29.2669,29.4085,29.0624,29.1725,9542800
2012-04-20,29.2669,29.4793,29.2197,29.3298,5714600
2012-04-23,29.0231,29.1411,29.0152,29.1017,4906800
2012-04-24,29.1253,29.2669,29.0624,29.2040,2971200
2012-04-25,29.3534,29.5579,29.3298,29.5107,6216400
2012-04-26,29.3770,29.5422,29.2747,29.5028,5472700
2012-04-27,29.5579,29.6523,29.4321,29.5186,3979400
2012-04-30,29.5028,29.5972,29.4242,29.5028,4775100
2012-05-01,29.4478,29.6838,29.3062,29.6130,5532400
2012-05-02,29.4950,29.5815,29.4714,29.5579,2863300
2012-05-03,29.5894,29.5894,29.4006,29.4478,3297100
2012-05-04,29.3298,29.3534,29.0467,29.0624,4886400
2012-05-07,28.8893,29.2197,28.8893,29.1253,5690200
2012-05-08,28.9601,29.1961,28.8343,29.1332,3984500
2012-05-09,28.9680,29.1175,28.7714,28.9366,8694500
2012-05-10,29.0781,29.2590,29.0781,29.1410,3400000
2012-05-11,29.0860,29.3377,29.0781,29.1096,3514200
2012-05-14,28.9444,29.1332,28.8107,29.0152,8433800
2012-05-15,28.9444,29.0545,28.7714,28.8422,5206200
2012-05-16,28.9129,29.0231,28.8500,28.8894,6770700
2012-05-17,28.9444,28.9523,28.5905,28.6219,5766800
2012-05-18,28.7006,28.7085,28.2837,28.3703,6830700
2012-05-21,28.4017,28.6691,28.3860,28.6455,7835900
2012-05-22,28.6691,28.8343,28.4882,28.5669,5614400
2012-05-23,28.4961,28.5826,28.1657,28.4410,6769800
2012-05-24,28.5197,28.7163,28.4410,28.7163,6592400
2012-05-25,28.6455,28.8028,28.5590,28.6455,3065800
2012-05-29,28.8028,28.8972,28.6455,28.7399,9650100
2012-05-30,28.6377,28.6534,28.4882,28.5747,3818200
2012-05-31,28.5747,28.6377,28.2759,28.4332,4766300
2012-06-01,28.1579,28.2365,27.8983,27.9298,10556700
2012-06-04,27.9376,28.0556,27.8275,27.9927,5566800
2012-06-05,27.9062,28.2208,27.8826,28.1500,7621900
2012-06-06,28.2601,28.5905,28.2129,28.5905,8536400
2012-06-07,28.7793,28.7871,28.5433,28.6062,7312700
2012-06-08,28.5197,28.8107,28.5197,28.7792,5226300
2012-06-11,28.8658,28.9208,28.5118,28.5275,7851500
2012-06-12,28.5826,28.7950,28.4253,28.7950,8854000
2012-06-13,28.7871,29.0231,28.6849,28.7635,15159000
2012-06-14,28.8264,29.2748,28.7714,29.1961,14048400
2012-06-15,29.2586,29.3772,29.2349,29.3060,7422700
2012-06-18,29.2981,29.5037,29.2744,29.5037,7202300
2012-06-19,29.5591,29.8517,29.5591,29.7726,6074500
2012-06-20,29.7251,29.8358,29.4958,29.6935,5874100
2012-06-21,29.6302,29.7647,29.2427,29.2823,5341100
2012-06-22,29.4246,29.6460,29.3614,29.5907,4764100
2012-06-25,29.1637,29.3535,29.1637,29.2269,8618200
2012-06-26,29.2823,29.4088,29.2111,29.3139,6401600
2012-06-27,29.4009,29.7330,29.3535,29.6302,8066400
2012-06-28,29.5354,29.5828,29.1953,29.4958,12607300
2012-06-29,29.7489,30.0731,29.7489,30.0573,9551200
2012-07-02,30.1601,30.1680,29.9307,30.1522,6582600
2012-07-03,30.1442,30.2233,30.0256,30.1442,3697200
2012-07-05,30.0731,30.0968,29.9228,29.9545,3692500
2012-07-06,29.8359,29.8754,29.6303,29.7568,5904300
2012-07-09,29.6223,29.9623,29.6223,29.9149,6279600
2012-07-10,30.0889,30.0889,29.6777,29.7726,5669500
2012-07-11,29.7489,29.8042,29.5907,29.7489,6572000
2012-07-12,29.7172,29.9149,29.5670,29.8200,3999600
2012-07-13,29.8279,30.1996,29.8121,30.1522,5157800
2012-07-16,30.1205,30.2391,30.0493,30.2075,3850600
2012-07-17,30.2787,30.6582,30.1442,30.5950,6453900
2012-07-18,30.4843,30.7136,30.3973,30.6424,5748700
2012-07-19,30.7057,30.7136,30.4606,30.6424,4801800
2012-07-20,30.5317,30.6029,30.1996,30.2470,4197500
2012-07-23,29.9465,29.9703,29.7251,29.8912,4674000
2012-07-24,29.8675,29.8991,29.4009,29.5591,4431100
2012-07-25,29.6065,29.7489,29.4246,29.7014,5069100
2012-07-26,30.0098,30.1284,29.8675,29.9861,8521200
2012-07-27,30.1680,30.7610,30.1521,30.7057,6373100
2012-07-30,30.6345,30.6978,30.5001,30.5475,5215400
2012-07-31,30.5238,30.6503,30.3498,30.3578,5167100
2012-08-01,30.5317,30.6029,30.3182,30.3736,6243900
2012-08-02,30.1442,30.2866,29.8754,30.0810,5332100
2012-08-03,30.4131,30.6187,30.3657,30.4368,4462600
2012-08-06,30.5396,30.5475,30.4131,30.4447,3532300
2012-08-07,30.3894,30.4685,30.3419,30.3736,4235700
2012-08-08,30.4368,30.5317,30.3498,30.4843,3203500
2012-08-09,30.4605,30.5713,30.4052,30.4685,3110300
2012-08-10,30.4526,30.6187,30.3973,30.5950,3949100
2012-08-13,30.4922,30.5475,30.3736,30.5159,2251000
2012-08-14,30.6503,30.6582,30.5317,30.5950,2448700
2012-08-15,30.6029,30.7452,30.5475,30.6661,2294600
2012-08-16,30.6661,30.6661,30.4764,30.5871,4592800
2012-08-17,30.6187,30.6187,30.3340,30.4289,6007800
2012-08-20,30.4289,30.5317,30.3894,30.4922,4566500
2012-08-21,30.5001,30.6424,30.3815,30.3894,5663500
2012-08-22,30.3577,30.4764,30.3261,30.4131,2509800
2012-08-23,30.3894,30.4527,30.3103,30.3736,2565300
2012-08-24,30.4052,30.7136,30.3736,30.6345,5991200
2012-08-27,30.6582,30.7927,30.5634,30.6661,3611000
2012-08-28,30.5633,30.7215,30.5238,30.6187,3558900
2012-08-29,30.6029,30.8322,30.5950,30.7215,2849200
2012-08-30,30.5713,30.6899,30.4843,30.6187,3808000
2012-08-31,30.7294,30.8797,30.5792,30.7136,4666300
2012-09-04,30.6820,30.8559,30.5396,30.7769,6334400
2012-09-05,30.8322,30.9034,30.6978,30.7848,2779800
2012-09-06,30.9192,31.2829,30.9192,31.2750,5035600
2012-09-07,31.3383,31.3541,31.1722,31.2592,3980900
2012-09-10,31.2671,31.2909,31.1485,31.1485,2781300
2012-09-11,31.1564,31.2513,31.1327,31.1643,2392000
2012-09-12,31.1722,31.2671,31.1248,31.1801,2864200
2012-09-13,31.1881,31.5597,31.0694,31.4965,6849400
2012-09-14,31.4965,31.5439,31.2750,31.3699,11318700
2012-09-17,31.2909,31.5518,31.2909,31.5518,2602500
2012-09-18,31.5044,31.6942,31.4806,31.6546,3210600
2012-09-19,31.6546,31.7969,31.6230,31.6862,4891100
2012-09-20,31.6625,31.8207,31.5755,31.8207,4835600
2012-09-21,31.8994,32.0424,31.8517,31.9391,8167400
2012-09-24,31.8994,32.0901,31.8596,32.0265,6990000
2012-09-25,32.1219,32.3285,31.9947,32.0027,4965300
2012-09-26,32.0742,32.1457,31.8199,31.8358,6669000
2012-09-27,31.8835,32.1060,31.8596,32.0186,3146100
2012-09-28,31.9629,31.9709,31.7484,31.8835,4719600
2012-10-01,31.9788,32.2729,31.9629,32.0742,5344500
2012-10-02,32.1854,32.3046,32.0583,32.2172,6266600
2012-10-03,32.2570,32.5113,32.2252,32.4874,5786000
2012-10-04,32.5351,32.7974,32.5113,32.6861,6372200
2012-10-05,32.7974,32.8530,32.6384,32.7179,4033500
2012-10-08,32.7020,32.7338,32.5351,32.6941,3126100
2012-10-09,32.5192,32.5748,32.2729,32.2967,6128200
2012-10-10,32.3126,32.3126,31.9550,32.0583,6180400
2012-10-11,32.2013,32.2967,32.0742,32.0821,3791900
2012-10-12,32.2172,32.2887,32.0185,32.0344,3508400
2012-10-15,32.1139,32.5192,32.1060,32.4954,12298100
2012-10-16,32.5987,32.8451,32.5908,32.8451,5658200
2012-10-17,32.9007,32.9007,32.7179,32.8451,5398000
2012-10-18,32.6464,32.8689,32.5907,32.8530,4289300
2012-10-19,32.7735,32.8451,32.2093,32.2649,6218500
2012-10-22,32.2649,32.3285,32.0980,32.2888,4485800
2012-10-23,32.0424,32.0424,31.6689,31.8596,5915600
2012-10-24,32.0503,32.0901,31.8755,31.9152,5884400
2012-10-25,32.1139,32.2490,32.0186,32.1696,4746300
2012-10-26,32.1298,32.2014,31.8994,32.0424,3641200
2012-10-31,32.2013,32.2490,31.6689,31.8119,8629900
2012-11-01,31.7802,32.1696,31.7802,32.0742,4900600
2012-11-02,32.1219,32.2252,31.8596,31.8994,7033000
2012-11-05,31.8596,31.9868,31.7086,31.9152,4693900
2012-11-06,31.8914,32.1457,31.7484,31.9470,7549200
2012-11-07,31.7563,31.7643,31.1205,31.4146,11973000
2012-11-08,31.3987,31.4305,31.0331,31.0411,8889000
2012-11-09,30.9775,31.3351,30.9139,31.1285,7340700
2012-11-12,31.3589,31.4225,31.2238,31.2874,3573800
2012-11-13,31.1603,31.5099,31.1444,31.1682,5221700
2012-11-14,31.1921,31.2954,30.7153,30.7947,6858800
2012-11-15,30.7709,30.8344,30.5801,30.7073,8624600
2012-11-16,30.7232,31.0252,30.6596,30.9378,9847100
2012-11-19,31.2318,31.2795,31.1285,31.2636,7423800
2012-11-20,31.2556,31.4464,31.1841,31.4384,4895700
2012-11-21,31.3590,31.5258,31.3590,31.4146,5205700
2012-11-23,31.5974,31.8119,31.5099,31.8040,2853400
2012-11-26,31.6530,31.6768,31.5020,31.6609,4703900
2012-11-27,31.5258,31.7007,31.4543,31.4702,5396700
2012-11-28,31.3749,31.7404,31.2239,31.7166,7531100
2012-11-29,31.9152,32.0027,31.7960,31.9391,8403400
2012-11-30,31.9709,32.0424,31.8437,31.9788,4229000
2012-12-03,32.0583,32.1854,31.8596,31.9073,9937000
2012-12-04,31.9073,32.0821,31.8994,31.9788,4080400
2012-12-05,32.0424,32.2172,31.8517,32.0821,6294400
2012-12-06,32.0662,32.1378,31.9947,32.0662,2943900
2012-12-07,32.1855,32.1934,31.9153,32.1696,4619000
2012-12-10,32.0901,32.3603,32.0424,32.3046,5240900
2012-12-11,32.4557,32.7259,32.3523,32.6464,3891200
2012-12-12,32.7020,32.8212,32.5431,32.5987,6757600
2012-12-13,32.5669,32.6225,32.2570,32.3205,5929200
2012-12-14,32.2252,32.3285,32.1537,32.1934,5246300
2012-12-17,32.2967,32.4556,32.2172,32.4477,5549100
2012-12-18,32.5669,32.7497,32.3762,32.7020,8472500
2012-12-19,32.7179,32.7179,32.3285,32.3523,6996900
2012-12-20,32.2967,32.4080,32.2331,32.4000,4718700
2012-12-21,32.1116,32.2554,32.0077,32.1276,5572500
2012-12-24,31.9997,32.1036,31.9358,31.9997,3332700
2012-12-26,32.0397,32.0556,31.7680,31.8879,4404200
2012-12-27,31.9198,31.9997,31.5523,31.8399,5483700
2012-12-28,31.7360,31.8319,31.5043,31.5283,5801000
2012-12-31,31.4724,31.9198,31.3525,31.8639,11873100
2013-01-02,32.5031,32.5191,32.2634,32.4951,9533500
2013-01-03,32.5191,32.5430,32.3673,32.5351,5279600
2013-01-04,32.6389,32.7428,32.5990,32.6789,4645900
2013-01-07,32.6149,32.8227,32.5830,32.7827,4133100
2013-01-08,32.7747,32.9186,32.7668,32.7907,5787300
2013-01-09,32.8866,33.1503,32.8706,33.1503,5665200
2013-01-10,33.2781,33.4219,33.1183,33.3820,5518800
2013-01-11,33.4139,33.4619,33.2781,33.3740,3854100
2013-01-14,33.3580,33.4619,33.2701,33.4059,4643600
2013-01-15,33.2781,33.3980,33.2541,33.3660,5747600
2013-01-16,33.3340,33.3980,33.2462,33.2941,3812000
2013-01-17,33.4779,33.6856,33.3900,33.5897,4360900
2013-01-18,33.6057,33.7096,33.4859,33.7016,6024400
2013-01-22,33.6457,33.8055,33.5338,33.7975,7608900
2013-01-23,33.8374,33.9013,33.6696,33.7575,5544800
2013-01-24,33.9093,34.0851,33.8374,33.9732,8999800
2013-01-25,34.0052,34.2529,33.9652,34.2369,4046200
2013-01-28,34.2928,34.3248,34.1011,34.1171,5686600
2013-01-29,34.1570,34.5405,34.1410,34.4846,7230200
2013-01-30,34.5166,34.5885,34.3408,34.3807,5346400
2013-01-31,34.3168,34.4047,34.2689,34.2849,6007300
2013-02-01,34.4287,34.6204,34.3168,34.5565,5623600
2013-02-04,34.3967,34.4207,34.1490,34.1730,7593400
2013-02-05,34.3408,34.6124,34.3408,34.5485,8056200
2013-02-06,34.5885,34.6124,34.4367,34.5405,3968900
2013-02-07,34.5725,34.5805,34.2289,34.4127,6529300
2013-02-08,34.5006,34.6684,34.4287,34.6684,4192600
2013-02-11,34.6683,34.6683,34.5245,34.5964,2447900
2013-02-12,34.5645,34.6604,34.5325,34.5565,5133300
2013-02-13,34.6044,34.6204,34.4287,34.5325,4843300
2013-02-14,34.4926,34.6684,34.4287,34.6044,5172500
2013-02-15,34.6204,34.7163,34.5485,34.6843,8230000
2013-02-19,34.5964,34.9080,34.5964,34.9000,7245100
2013-02-20,34.8761,34.9480,34.6604,34.6764,6739600
2013-02-21,34.6124,34.6204,34.3887,34.5166,7447200
2013-02-22,34.6284,34.7003,34.4926,34.6684,6168100
2013-02-25,34.8441,34.9400,34.2609,34.2849,6078700
2013-02-26,34.4287,34.4606,34.1250,34.3727,6548800
2013-02-27,34.4127,34.8601,34.2609,34.7483,6849900
2013-02-28,34.7563,34.9880,34.7003,34.7163,4358800
2013-03-01,34.6444,34.9880,34.5325,34.9800,7491500
2013-03-04,34.9161,35.1797,34.8442,35.1717,4903500
2013-03-05,35.2996,35.5393,35.2676,35.4754,6582600
2013-03-06,35.5792,35.6351,35.4754,35.5473,5068400
2013-03-07,35.6271,35.6831,35.4833,35.5233,4437200
2013-03-08,35.6431,35.6911,35.4274,35.5872,4029300
2013-03-11,35.6112,35.7710,35.4993,35.7710,6748700
2013-03-12,35.8189,35.9547,35.8109,35.9308,4612400
2013-03-13,35.9228,35.9707,35.7790,35.9388,4098300
2013-03-14,36.0027,36.0346,35.8589,35.9707,3777700
2013-03-15,35.8776,35.9820,35.7573,35.8937,5778400
2013-03-18,35.6369,35.8536,35.5165,35.6610,4042100
2013-03-19,35.7171,35.7974,35.4844,35.6850,7023300
2013-03-20,35.8134,36.0622,35.8134,35.9820,4387000
2013-03-21,35.9178,35.9820,35.7091,35.7813,4420000
2013-03-22,35.9017,36.0542,35.8616,36.0542,6881400
2013-03-25,36.1425,36.1906,35.7894,35.9499,6813400
2013-03-26,36.0141,36.3912,36.0141,36.3671,4855800
2013-03-27,36.2789,36.5758,36.1665,36.5517,5264700
2013-03-28,36.6560,36.9449,36.5597,36.8727,7415700
2013-04-01,36.8967,37.0011,36.7764,36.9690,6364600
2013-04-02,37.2338,37.5467,37.2258,37.5066,8849300
2013-04-03,37.5708,37.6109,37.2097,37.2819,8472800
2013-04-04,37.3381,37.6591,37.2980,37.4505,9794600
2013-04-05,37.1295,37.2498,37.0251,37.2418,9969300
2013-04-08,37.2498,37.2739,36.9288,37.2739,7700600
2013-04-09,37.3862,37.5708,37.2980,37.3943,5937500
2013-04-10,37.5708,38.0603,37.5387,38.0202,9062100
2013-04-11,38.1245,38.5257,38.1165,38.3893,7660400
2013-04-12,38.2930,38.5097,38.2449,38.4615,5624200
2013-04-15,38.4455,38.5177,37.7313,37.7634,10745300
2013-04-16,38.0603,38.3171,37.8918,38.3091,8771800
2013-04-17,38.0764,38.2449,37.8276,38.1325,16487600
2013-04-18,38.0924,38.1245,37.5307,37.6671,10353400
2013-04-19,37.7153,38.2288,37.7153,38.1967,12796700
2013-04-22,38.3572,38.4856,38.1486,38.4294,4716400
2013-04-23,38.5498,38.8226,38.2609,38.6702,10824200
2013-04-24,38.6140,38.6220,37.9720,38.0041,12635900
2013-04-25,38.2128,38.2609,37.9560,38.1566,10833800
2013-04-26,38.0282,38.2369,37.9319,38.1486,6174900
2013-04-29,38.1807,38.4054,38.1807,38.2689,3950000
2013-04-30,38.1646,38.1646,37.7875,37.9801,8217900
2013-05-01,37.6591,37.9399,37.5548,37.5788,9250700
2013-05-02,37.8677,38.0764,37.7795,37.9961,9803300
2013-05-03,38.3412,38.4455,38.1887,38.2529,6232600
2013-05-06,38.2609,38.2850,37.9961,38.0041,10919000
2013-05-07,38.0202,38.1646,37.9720,38.1245,9847400
2013-05-08,38.0924,38.3492,38.0924,38.2368,20766200
2013-05-09,38.1887,38.4455,38.1566,38.2850,7140300
2013-05-10,38.3331,38.7023,38.2850,38.6621,6045100
2013-05-13,38.6220,38.9911,38.5739,38.9831,9155900
2013-05-14,38.9992,39.4084,38.9992,39.3763,6580500
2013-05-15,39.3603,39.8097,39.3362,39.5850,11796400
2013-05-16,39.5047,39.5689,39.1436,39.1757,7954100
2013-05-17,39.2239,39.4325,39.0794,39.4004,9246700
2013-05-20,39.4245,39.4566,39.0955,39.1276,8967600
2013-05-21,39.2319,39.6090,39.1516,39.5529,8319100
2013-05-22,39.7695,40.4436,39.3683,39.5529,20132000
2013-05-23,39.2239,39.6652,39.1035,39.5368,6668500
2013-05-24,39.3843,39.4806,39.1115,39.4164,5906800
2013-05-28,39.7374,40.1708,39.6572,39.8177,9923800
2013-05-29,39.6010,39.6010,38.9831,39.1918,15882100
2013-05-30,39.2399,39.6090,39.1998,39.4726,9719600
2013-05-31,39.2961,39.4807,38.5980,38.6060,13329700
2013-06-03,38.8226,38.8708,38.4696,38.8146,12698200
2013-06-04,38.8146,38.9831,38.3572,38.5739,13141400
2013-06-05,38.5177,38.7665,37.9399,38.0121,12852100
2013-06-06,38.0041,38.5658,37.8436,38.5658,16861800
2013-06-07,38.7584,39.1276,38.7504,38.9189,7663500
2013-06-10,39.0955,39.1356,38.8467,38.9751,5663700
2013-06-11,38.6702,39.0553,38.5097,38.8146,9941700
2013-06-12,38.9912,39.1677,38.4214,38.4214,8582800
2013-06-13,38.3251,39.0634,38.1325,39.0152,6904900
2013-06-14,38.9109,39.1918,38.8708,38.9510,7314000
2013-06-17,39.1195,39.3442,38.8467,39.0393,8437400
2013-06-18,39.0232,39.4004,39.0232,39.3683,7399700
2013-06-19,39.3683,39.4245,38.7344,38.7424,22305700
2013-06-20,38.5257,38.5257,37.6350,37.7473,28952100
2013-06-21,38.0795,38.3616,37.7973,38.1198,15980600
2013-06-24,37.7893,38.1198,37.4426,37.7973,19003300
2013-06-25,38.1198,38.1439,37.7328,37.9908,5688300
2013-06-26,38.2407,38.6840,38.2084,38.5389,7600000
2013-06-27,38.7888,38.9017,38.6195,38.6760,5338200
2013-06-28,38.6437,38.8211,38.3374,38.3777,8770700
2013-07-01,38.4906,38.9017,38.0311,38.4825,25892000
2013-07-02,38.4583,38.6276,38.2890,38.4019,5127400
2013-07-03,38.2568,38.4744,38.0714,38.3455,3926100
2013-07-05,38.6034,38.8775,38.4906,38.8694,4384400
2013-07-08,39.0709,39.1999,38.9823,39.0871,6630200
2013-07-09,39.2402,39.2966,39.0306,39.1999,5581000
2013-07-10,39.1516,39.5868,39.1516,39.4579,5040000
2013-07-11,39.8609,40.0141,39.7803,39.9657,7471900
2013-07-12,39.9738,40.2156,39.8690,40.2075,5578200
2013-07-15,40.3042,40.3042,40.0705,40.2478,4266200
2013-07-16,40.2881,40.3446,39.9173,40.0141,7064100
2013-07-17,40.1188,40.3204,40.0624,40.1188,4668600
2013-07-18,40.2075,40.3768,40.1833,40.2317,6544700
2013-07-19,40.1592,40.7879,40.0786,40.7637,6559600
2013-07-22,40.7476,41.0459,40.6912,40.9653,6172800
2013-07-23,41.0297,41.0458,40.7395,40.8201,5310900
2013-07-24,40.9411,40.9975,40.6348,40.7557,3790100
2013-07-25,40.7396,40.9653,40.4655,40.9572,3869100
2013-07-26,40.8846,41.2313,40.6751,41.2232,4832700
2013-07-29,41.1748,41.2796,40.9814,41.1023,6497400
2013-07-30,41.4166,41.4973,40.9491,41.1103,5698800
2013-07-31,41.1910,41.4650,41.0942,41.1265,6477200
2013-08-01,41.3844,41.5134,41.2716,41.3844,8762400
2013-08-02,41.2232,41.4005,41.2151,41.4005,3817700
2013-08-05,41.3683,41.4811,41.2635,41.3441,3479800
2013-08-06,41.2796,41.4086,41.0056,41.1506,4280200
2013-08-07,41.0700,41.2554,40.9088,41.1829,3955200
2013-08-08,41.3280,41.3763,41.0378,41.1829,3629500
2013-08-09,41.0781,41.2957,40.8927,41.0378,3902400
2013-08-12,41.0055,41.0055,40.7476,40.8685,3841800
2013-08-13,41.0297,41.1184,40.6589,41.0217,4430100
2013-08-14,40.9008,41.1265,40.6751,40.6992,5878500
2013-08-15,40.3284,40.4493,40.0060,40.0141,6461300
2013-08-16,39.9173,39.9979,39.7722,39.8287,10277800
2013-08-19,39.8045,40.1027,39.7158,39.9012,8096300
2013-08-20,39.9254,40.1753,39.8851,40.0141,5029400
2013-08-21,39.9415,40.1430,39.6836,39.7722,6178400
2013-08-22,39.9173,40.0947,39.8287,40.0302,2768500
2013-08-23,40.0383,40.1833,39.8851,40.1350,2366700
2013-08-26,40.2075,40.4413,40.1350,40.1914,3936700
2013-08-27,39.8609,39.9093,39.4579,39.5385,6653400
2013-08-28,39.5465,39.8528,39.3531,39.7077,6008600
2013-08-29,39.6352,40.0866,39.5062,39.8287,4042600
2013-08-30,39.8851,39.8851,39.5546,39.6755,4127300
2013-09-03,40.0785,40.1995,39.7481,39.9335,6062900
2013-09-04,39.9012,40.4332,39.9012,40.3929,4049700
2013-09-05,40.4735,40.4977,40.3042,40.4493,4288000
2013-09-06,40.5622,40.7073,39.9818,40.4655,5636300
2013-09-09,40.5380,40.7234,40.4171,40.7154,4286700
2013-09-10,40.9008,41.0136,40.7557,40.9733,6500100
2013-09-11,41.0700,41.2796,40.9572,41.2474,6753900
2013-09-12,41.1909,41.3522,41.1506,41.1829,3098400
2013-09-13,41.2635,41.3360,41.1345,41.2796,3668600
2013-09-16,41.6424,41.7875,41.5295,41.6504,6845800
2013-09-17,41.6827,41.6827,41.5053,41.6746,3654000
2013-09-18,41.6746,42.0131,41.4086,41.9325,6868600
2013-09-19,42.0696,42.0696,41.7149,41.7955,6104100
2013-09-20,41.9193,41.9922,41.7008,41.7170,8986300
2013-09-23,41.6684,41.6684,41.2799,41.4256,4773800
2013-09-24,41.4580,41.4742,41.1990,41.2152,5956800
2013-09-25,41.2799,41.2961,40.8914,40.8914,5207500
2013-09-26,40.8752,41.1828,40.8752,41.0371,4319300
2013-09-27,40.8105,41.1099,40.7700,41.0371,3937100
2013-09-30,40.7457,41.0695,40.6890,40.9480,8585300
2013-10-01,40.9804,41.4904,40.9238,41.4661,11685100
2013-10-02,41.1909,41.3851,41.1019,41.3690,6404800
2013-10-03,41.3204,41.3366,40.8347,41.0047,7228300
2013-10-04,41.0695,41.4904,40.9804,41.4580,4503400
2013-10-07,41.1747,41.2637,40.9966,40.9966,3971800
2013-10-08,41.0857,41.2395,40.3815,40.4058,7360000
2013-10-09,40.4867,40.5757,40.1305,40.3329,11388100
2013-10-10,40.6810,41.2961,40.6810,41.2718,7330100
2013-10-11,41.2395,41.5227,41.2314,41.4661,4694600
2013-10-14,41.2637,41.7656,41.1585,41.7656,8858200
2013-10-15,41.7170,41.8465,41.4742,41.4985,8043100
2013-10-16,41.7008,42.3645,41.7008,42.3483,7239000
2013-10-17,42.1217,42.7449,42.1217,42.7045,6823400
2013-10-18,42.7530,42.7773,42.3160,42.5345,7646000
2013-10-21,42.5750,42.5831,42.2026,42.3160,4103300
2013-10-22,42.4374,42.8097,42.3888,42.7126,5053300
2013-10-23,42.6073,42.7369,42.4293,42.6316,5140800
2013-10-24,42.7935,42.8745,42.5993,42.6316,3725600
2013-10-25,42.6883,42.7045,42.4697,42.6883,3855900
2013-10-28,42.6964,42.9230,42.6235,42.8340,8983400
2013-10-29,42.9635,43.1254,42.8340,43.1173,7262900
2013-10-30,43.2711,43.3034,42.7530,42.8825,8240300
2013-10-31,42.8745,43.0444,42.6559,42.7126,5904000
2013-11-01,42.8097,43.0444,42.6883,42.9959,10779200
2013-11-04,43.0363,43.1577,42.8906,43.0282,3156100
2013-11-05,42.8987,42.9797,42.6883,42.8825,4248100
2013-11-06,43.0444,43.1416,42.7369,42.7854,4731100
2013-11-07,42.9554,43.0768,42.3807,42.4050,6050900
2013-11-08,42.4050,43.0606,42.4050,43.0282,6663800
2013-11-11,42.9797,43.2063,42.9797,43.1335,5095700
2013-11-12,43.0606,43.1416,42.9149,43.1092,3064100
2013-11-13,42.9311,43.3520,42.8259,43.3520,5214800
2013-11-14,43.4653,43.7648,43.4491,43.7162,6201800
2013-11-15,43.7324,43.9672,43.6434,43.9672,4004400
2013-11-18,44.0076,44.1291,43.6758,43.7729,3796600
2013-11-19,43.6434,43.8862,43.5301,43.8215,4515100
2013-11-20,43.8619,44.1533,43.7729,43.9510,4744000
2013-11-21,44.0967,44.2666,44.0157,44.1290,4590300
2013-11-22,44.3476,44.7199,44.2990,44.7199,5924700
2013-11-25,44.9546,45.0922,44.8251,44.8980,5270100
2013-11-26,44.9061,45.0194,44.7361,44.7685,5035300
2013-11-27,44.8332,44.9789,44.6632,44.7523,4449500
2013-11-29,44.8413,44.8980,44.6309,44.7280,2837700
2013-12-02,44.7118,44.8494,44.5985,44.7442,4724400
2013-12-03,44.6632,44.6632,44.2585,44.3557,4402300
2013-12-04,44.1695,44.5014,43.8457,44.2019,3474900
2013-12-05,44.1452,44.3638,44.0157,44.1209,3612800
2013-12-06,44.4933,44.7118,44.3719,44.6956,4846500
2013-12-09,44.8656,44.9142,44.7280,44.7847,3896200
2013-12-10,44.7685,44.7685,44.4123,44.6066,3545500
2013-12-11,44.6147,44.6147,43.7810,43.8377,9989200
2013-12-12,43.8215,43.8619,43.5058,43.5220,5645400
2013-12-13,43.6515,43.7405,43.3682,43.5544,4319500
2013-12-16,43.7162,44.0157,43.5544,43.6353,6211600
2013-12-17,43.6515,43.7243,43.2225,43.4248,5132600
2013-12-18,43.5463,44.5176,43.3034,44.5014,10210000
2013-12-19,44.3962,44.4366,44.1533,44.4042,6691000
2013-12-20,44.5302,44.7578,44.4489,44.6278,6813200
2013-12-23,44.8634,44.8716,44.6765,44.7984,3849400
2013-12-24,44.8065,44.8228,44.6521,44.7171,3291900
2013-12-26,44.7334,45.0504,44.7334,45.0504,2592600
2013-12-27,45.1804,45.1804,44.9285,45.0097,2668100
2013-12-30,45.0097,45.0829,44.7822,45.0829,2374200
2013-12-31,45.1235,45.1560,44.8878,45.0585,6008000
2014-01-02,44.9528,45.0422,44.7009,44.8065,8771800
2014-01-03,44.8797,45.1073,44.8228,44.9122,3642500
2014-01-06,45.0504,45.1967,44.6603,44.7253,9123500
2014-01-07,44.9284,45.3429,44.9284,45.1966,5714000
2014-01-08,45.2698,45.6599,45.1479,45.5949,7793300
2014-01-09,45.6599,45.9688,45.5543,45.9363,6204700
2014-01-10,46.0500,46.1232,45.6843,46.1151,7734300
2014-01-13,46.2126,46.3833,45.6437,45.7412,12815600
2014-01-14,45.8143,46.3914,45.7656,46.3182,6943500
2014-01-15,46.4158,46.4158,46.1557,46.2776,10054100
2014-01-16,46.2614,46.4727,46.2045,46.3914,5489900
2014-01-17,46.3914,46.5214,46.2126,46.3426,6907500
2014-01-21,46.5783,46.6921,46.2532,46.6108,5697400
2014-01-22,46.6433,46.7327,46.4970,46.6515,5391300
2014-01-23,46.4645,46.6108,46.0257,46.3264,7052900
2014-01-24,46.0501,46.1395,45.2373,45.2373,13101900
2014-01-27,45.2211,45.3186,44.7253,44.8716,13825900
2014-01-28,45.1560,45.6599,45.1316,45.4730,8806300
2014-01-29,45.1642,45.5136,44.9041,45.0585,12281200
2014-01-30,45.5055,45.9850,45.4811,45.8794,10714100
2014-01-31,45.4080,45.7493,45.2617,45.4811,10821300
2014-02-03,45.5949,45.7249,44.5058,44.5871,15808800
2014-02-04,44.8391,45.0829,44.7009,45.0260,10080000
2014-02-05,45.0016,45.0829,44.4164,44.7740,16384200
2014-02-06,44.8797,45.0829,44.8147,45.0260,7842200
2014-02-07,45.0910,45.8143,44.9691,45.7981,11497100
2014-02-10,45.8875,46.1963,45.7087,46.1801,7902800
2014-02-11,46.2126,46.8465,46.1069,46.8059,10380300
2014-02-12,46.9522,47.0660,46.6677,46.8059,6535800
2014-02-13,46.5539,47.1635,46.4727,47.1391,8256400
2014-02-14,47.0985,47.3829,47.0010,47.3098,8379800
2014-02-18,47.5211,47.8462,47.4236,47.7487,10874200
2014-02-19,47.7324,47.9031,47.3911,47.4561,10732700
2014-02-20,47.5211,47.9600,47.3586,47.8868,9852300
2014-02-21,47.9356,48.1307,47.7405,47.7974,5196300
2014-02-24,47.9600,48.4314,47.8868,48.1551,6464300
2014-02-25,48.0819,48.3013,47.8950,48.0331,6858600
2014-02-26,48.1713,48.3339,47.9194,48.0331,7449000
2014-02-27,48.0331,48.3095,47.9031,48.3095,5980100
2014-02-28,48.3501,48.7727,47.8950,48.3095,10341200
2014-03-03,47.6755,48.1469,47.6349,47.9519,8919900
2014-03-04,48.3908,48.9272,48.3908,48.8622,9658900
2014-03-05,48.9353,48.9597,48.6671,48.7402,10740200
2014-03-06,49.0003,49.1710,48.3339,48.4395,14206800
2014-03-07,48.6996,48.7646,48.0087,48.3176,12630300
2014-03-10,48.3176,48.5452,48.0738,48.5208,7775900
2014-03-11,48.5208,48.7646,48.3176,48.4233,6031700
2014-03-12,48.1876,48.4720,48.0413,48.4151,8822700
2014-03-13,48.5696,48.5939,47.6593,47.7568,12551400
2014-03-14,47.6837,47.8706,47.4724,47.4967,8006100
2014-03-17,47.7893,48.1632,47.7080,47.9600,6430200
2014-03-18,48.0575,48.5696,48.0088,48.4720,6147200
2014-03-19,48.5289,48.7971,48.0169,48.3257,8404800
2014-03-20,48.3257,48.3826,48.0656,48.3257,4895400
2014-03-21,48.5337,48.7050,47.3593,47.4490,19504500
2014-03-24,47.6121,47.6692,46.5764,46.9189,20490000
2014-03-25,47.0739,47.6529,46.8455,47.3348,14646400
2014-03-26,47.5550,47.9220,47.3104,47.3511,13638300
2014-03-27,47.3756,47.4979,46.8373,47.2451,12961000
2014-03-28,47.3919,47.8323,46.9107,47.0657,13128800
2014-03-31,47.4571,47.7426,47.3022,47.7018,9508100
2014-04-01,47.8405,48.2238,47.6773,48.0036,10114900
2014-04-02,48.1178,48.2482,47.9628,48.2156,8999300
2014-04-03,48.3053,48.3380,47.7915,48.1096,9609100
2014-04-04,48.3706,48.5174,47.2859,47.3104,20115400
2014-04-07,47.0657,47.5958,46.6171,46.8373,15263300
2014-04-08,46.8781,46.9026,46.1686,46.4540,15165000
2014-04-09,46.5601,47.4572,46.5274,47.4490,14438600
2014-04-10,47.4327,47.5061,45.7608,45.8668,17622500
2014-04-11,45.6629,46.2338,45.3123,45.4346,14710100
2014-04-14,45.7445,45.9484,45.1736,45.6874,11085300
2014-04-15,45.8668,46.2746,45.1981,46.1767,17424500
2014-04-16,46.5764,46.6579,46.1115,46.4051,29585700
2014-04-17,46.4214,46.6334,46.1523,46.3969,8656900
2014-04-21,46.4866,46.9678,46.3969,46.9515,5545000
2014-04-22,47.2859,47.7181,47.2207,47.4653,8980300
2014-04-23,47.5469,47.5713,47.0657,47.2288,8668900
2014-04-24,47.4735,47.4735,46.7150,47.1554,8012600
2014-04-25,47.1228,47.1391,46.6824,46.8047,6368600
2014-04-28,47.1962,47.4082,46.4703,47.0820,9735200
2014-04-29,47.1636,47.4001,47.0412,47.3593,8955800
2014-04-30,47.2777,47.4735,47.1146,47.4001,11115200
2014-05-01,47.4327,47.7671,47.1309,47.5061,6857500
2014-05-02,47.4898,47.5795,47.0004,47.0983,6126300
2014-05-05,46.9352,47.4245,46.6579,47.4082,7218700
2014-05-06,47.3593,47.3593,46.9678,46.9923,6117700
2014-05-07,47.0575,47.1309,46.5111,47.1228,9058100
2014-05-08,47.1473,47.4001,46.7395,46.8700,7710000
2014-05-09,46.9189,47.2043,46.5764,47.1554,7298600
2014-05-12,47.3430,47.6692,47.2614,47.6366,5244500
2014-05-13,47.7589,47.8813,47.6447,47.7100,3230400
2014-05-14,47.6855,47.8894,47.5469,47.7426,3746700
2014-05-15,47.5713,47.6203,47.0412,47.2614,6469400
2014-05-16,47.3185,47.4653,47.0657,47.4245,8913400
2014-05-19,47.4245,47.7508,47.3022,47.7181,4386100
2014-05-20,47.7181,47.7508,47.2777,47.4164,4611800
2014-05-21,47.5795,47.8568,47.4816,47.8160,3921500
2014-05-22,47.8323,48.2564,47.6774,48.1015,3526100
2014-05-23,48.1178,48.2156,47.9628,48.1259,2796300
2014-05-27,48.3869,48.4277,48.1259,48.3869,3246500
2014-05-28,48.3624,48.4848,48.2482,48.2482,4401700
2014-05-29,48.3706,48.6316,48.3706,48.6316,2682200
2014-05-30,48.5337,48.7865,48.5256,48.7621,7778100
2014-06-02,48.7213,48.8844,48.4603,48.8273,4880300
2014-06-03,48.7131,48.9496,48.6152,48.9170,3054500
2014-06-04,48.8762,49.0557,48.7539,49.0557,3599800
2014-06-05,49.1127,49.2677,48.7620,49.1127,3929800
2014-06-06,49.1535,49.2595,48.9659,49.0638,3950900
2014-06-09,49.0230,49.0638,48.7131,48.8110,5533400
2014-06-10,48.8191,48.9741,48.4929,48.9741,6921400
2014-06-11,48.7702,48.9904,48.7457,48.9170,5901200
2014-06-12,48.8110,48.9089,48.5582,48.6723,4305300
2014-06-13,48.7131,48.7539,48.5011,48.6316,2950700
2014-06-16,48.8518,49.0964,48.5663,48.7294,9021700
2014-06-17,48.7457,48.8273,48.5582,48.7050,3728200
2014-06-18,48.6560,49.1046,48.5908,49.0964,5374200
2014-06-19,49.0720,49.2595,49.0393,49.2595,4313800
2014-06-20,49.4118,49.6819,49.3627,49.6738,4426700
2014-06-23,49.7065,49.7474,49.4445,49.4855,3406700
2014-06-24,49.6492,49.9111,49.4609,49.5182,4868300
2014-06-25,49.4937,50.0913,49.4609,50.0585,20099100
2014-06-26,50.1813,50.2141,49.7065,50.1240,11236400
2014-06-27,49.9767,50.1158,49.8211,49.9930,4840900
2014-06-30,50.0258,50.1404,49.7393,49.7966,6434500
2014-07-01,49.9930,50.5251,49.9357,50.4269,8145300
2014-07-02,50.4105,50.8116,50.3368,50.8116,4036600
2014-07-03,50.9181,51.0327,50.6970,51.0163,2468600
2014-07-07,50.8116,51.0245,50.5906,50.6315,3900300
2014-07-08,50.5497,50.5742,49.9848,50.1567,7145400
2014-07-09,50.2959,50.4187,50.0258,50.3696,5879900
2014-07-10,49.9685,50.4433,49.7802,50.3368,4726600
2014-07-11,50.4105,50.4924,50.1322,50.4433,3779600
2014-07-14,50.7380,50.7380,50.4842,50.6070,4078700
2014-07-15,50.6397,50.6725,50.0585,50.1731,5498900
2014-07-16,50.3368,50.3696,49.7884,50.0094,5279000
2014-07-17,49.8129,50.2304,49.4036,49.4609,7321900
2014-07-18,49.6410,50.3614,49.5264,50.2713,8938700
2014-07-21,50.1240,50.1486,49.8948,50.0667,3731900
2014-07-22,50.3205,50.6397,50.2959,50.5006,5640400
2014-07-23,50.8771,50.9835,50.6725,50.9099,7264400
2014-07-24,51.0245,51.0818,50.7543,50.8034,6107400
2014-07-25,50.6970,50.7134,50.3614,50.6152,4129300
2014-07-28,50.6315,50.7953,50.3941,50.6643,7004900
2014-07-29,50.8198,50.8935,50.6070,50.7052,5321800
2014-07-30,50.9590,51.1473,50.6479,50.9099,7752700
2014-07-31,50.4514,50.5579,49.8620,49.8620,8415200
2014-08-01,49.7474,50.1567,49.5264,49.9030,16923800
2014-08-04,50.0094,50.2140,49.6656,50.1158,9208900
2014-08-05,49.9030,50.0667,49.4691,49.6328,10309500
2014-08-06,49.4200,49.8129,49.2399,49.6083,9568000
2014-08-07,49.7147,49.7720,48.8797,48.9697,10947000
2014-08-08,49.0352,49.5837,48.8715,49.5510,5472600
2014-08-11,49.7474,49.8948,49.5018,49.5264,4700600
2014-08-12,49.4773,49.6083,49.3463,49.4855,2878500
2014-08-13,49.6819,50.1322,49.6656,50.0831,4751900
2014-08-14,50.1731,50.6725,50.0176,50.6725,4797400
2014-08-15,50.9181,50.9754,50.2550,50.7216,7777600
2014-08-18,50.9753,51.1882,50.9099,51.1145,7448800
2014-08-19,51.1882,51.4829,51.0081,51.4501,3874500
2014-08-20,51.3519,51.5320,51.2128,51.4420,4513800
2014-08-21,51.5157,51.6712,51.4665,51.5157,3125900
2014-08-22,51.5975,51.7121,51.4420,51.5648,3248900
2014-08-25,51.8759,52.0641,51.7449,51.9577,4863000
2014-08-26,52.0314,52.1787,51.9250,52.1460,3601300
2014-08-27,52.2688,52.2933,52.0314,52.1050,4151700
2014-08-28,51.9577,52.2033,51.9004,52.0887,3466000
2014-08-29,52.1705,52.3261,52.0396,52.2770,4139100
2014-09-02,52.3834,52.4325,52.1132,52.2524,5076800
2014-09-03,52.5799,52.7272,52.3670,52.4898,5421900
2014-09-04,52.6044,52.7354,52.1214,52.2279,6231400
2014-09-05,52.2442,52.5389,51.6957,52.5307,6349400
2014-09-08,52.4325,52.6372,52.3343,52.5389,7204800
2014-09-09,52.6126,52.6290,52.2688,52.3998,6667300
2014-09-10,52.4734,52.8336,52.3670,52.7681,7039600
2014-09-11,52.5635,52.6944,52.3588,52.6208,6360300
2014-09-12,52.5962,52.6208,52.0887,52.2360,7340200
2014-09-15,52.2360,52.2933,51.9168,52.0969,6082500
2014-09-16,52.0232,52.8500,51.9577,52.8091,6907900
2014-09-17,52.7763,53.0547,52.4653,52.8500,6704300
2014-09-18,53.0219,53.2675,52.9237,53.2429,5460700
2014-09-19,53.5313,53.6545,53.2273,53.3013,6833500
2014-09-22,53.1862,53.2355,52.8083,53.0137,4005700
2014-09-23,52.5208,52.9316,52.4387,52.7015,7833900
2014-09-24,52.8330,53.6217,52.8166,53.6217,8120900
2014-09-25,53.5559,53.5724,52.7426,52.7426,11661500
2014-09-26,52.9891,52.9891,52.4551,52.9069,6513000
2014-09-29,52.4633,52.9727,52.4222,52.7919,10284100
2014-09-30,52.8987,52.9973,52.4633,52.5044,7580800
2014-10-01,52.6605,52.6605,51.7814,51.9539,11141700
2014-10-02,51.9539,52.0772,51.4035,51.8471,7225200
2014-10-03,52.2826,52.9809,52.2497,52.9151,11383100
2014-10-06,53.1452,53.3259,52.4551,52.6687,8287500
2014-10-07,52.5619,52.5865,51.8307,51.8307,11281800
2014-10-08,51.9375,53.1945,51.8061,53.1534,11412300
2014-10-09,53.0712,53.1287,52.0197,52.0525,15686000
2014-10-10,51.9950,52.6276,51.7321,51.7321,15606800
2014-10-13,51.7568,51.7814,50.4505,50.5080,17937500
2014-10-14,50.8120,50.9845,49.7851,50.1301,19321000
2014-10-15,49.5633,49.9412,48.6432,49.7194,32120100
2014-10-16,49.0457,50.0480,48.8403,49.4647,30185000
2014-10-17,49.9412,50.5738,49.8262,50.2534,15704700
2014-10-20,50.0891,50.9024,50.0891,50.8613,9848900
2014-10-21,51.2885,52.2415,51.2392,52.2086,14961400
2014-10-22,52.2251,52.3565,51.7979,51.9457,13813800
2014-10-23,52.3565,53.1205,52.3565,52.8330,11165000
2014-10-24,52.9809,53.5970,52.8658,53.5724,9703500
2014-10-27,53.5806,53.6874,53.3916,53.6299,9110800
2014-10-28,54.0571,54.0571,53.5477,54.0242,8770600
2014-10-29,54.0078,54.1967,53.6874,54.0489,10162400
2014-10-30,53.9667,55.0758,53.9174,55.0429,11630600
2014-10-31,55.7494,55.8562,55.0840,55.2647,11388000
2014-11-03,55.3469,55.4208,54.9361,55.3305,8680700
2014-11-04,55.3140,55.4866,55.0018,55.3387,5716000
2014-11-05,55.8398,55.8562,55.1497,55.2812,6592100
2014-11-06,55.3551,55.7412,55.3551,55.6180,7962400
2014-11-07,55.6180,55.6673,54.8950,55.0676,13895600
2014-11-10,55.1908,55.6509,54.9772,55.6262,5455300
2014-11-11,55.7494,56.0370,55.6098,55.8316,9777500
2014-11-12,55.6180,55.8398,55.5276,55.7494,3879900
2014-11-13,55.8316,56.0287,55.4455,55.7084,5216600
2014-11-14,55.6919,55.6919,55.0265,55.2483,6331800
2014-11-17,55.1333,55.6673,55.1333,55.5194,8587200
2014-11-18,55.5605,56.4560,55.5112,56.4149,8240100
2014-11-19,56.3492,56.3820,55.9548,56.1027,6253600
2014-11-20,55.8562,56.0863,55.6837,55.8644,9041600
2014-11-21,56.4231,56.5381,55.9712,56.1273,8098700
2014-11-24,56.3492,56.4231,56.2341,56.4149,5020100
2014-11-25,56.5299,56.6613,56.2670,56.4888,5510200
2014-11-26,56.6778,56.8585,56.4560,56.8339,5325900
2014-11-28,56.8914,57.4993,56.8914,57.1871,4395500
2014-12-01,56.9817,57.4582,56.9078,57.0475,8537400
2014-12-02,57.2529,57.7622,57.2529,57.6801,7444800
2014-12-03,57.8115,57.8608,57.5486,57.7704,6577000
2014-12-04,57.6718,58.0087,57.4747,57.6965,4235400
2014-12-05,57.7376,58.2058,57.6801,58.1566,8325100
2014-12-08,58.0826,58.6823,58.0826,58.3619,5942800
2014-12-09,57.6883,58.1730,57.3514,58.1155,9776300
2014-12-10,58.0744,58.1073,57.1789,57.2200,9011200
2014-12-11,57.4336,58.0580,57.2529,57.3843,7383300
2014-12-12,57.0639,57.3925,56.4560,56.5052,10438600
2014-12-15,56.8421,56.8585,55.7905,55.9877,17776200
2014-12-16,55.7494,56.7024,55.3058,55.3387,14735600
2014-12-17,55.4044,56.5135,55.2976,56.3738,17776200
2014-12-18,57.0392,57.9265,56.9160,57.9183,16048100
2014-12-19,58.1327,58.4872,57.7369,58.0585,17822000
2014-12-22,57.7204,57.8194,57.2174,57.5060,9896600
2014-12-23,57.6379,57.6792,55.8898,56.1867,22190400
2014-12-24,56.2279,56.9206,56.1784,56.5990,4519100
2014-12-26,56.8216,57.1597,56.7886,57.0030,4242800
2014-12-29,56.9453,57.2834,56.8793,57.2009,5225900
2014-12-30,57.1102,57.2421,56.8876,56.9535,4965100
2014-12-31,57.1184,57.4400,56.3763,56.3846,7863600
2015-01-02,56.6567,57.1844,56.3598,56.5907,7516800
2015-01-05,56.3351,56.7969,56.1949,56.3021,10784800
2015-01-06,56.4918,56.9700,55.7661,56.1125,13344500
2015-01-07,56.4918,57.4483,56.3681,57.4318,14146400
2015-01-08,58.0008,58.4790,57.9018,58.4130,22138400
2015-01-09,58.4625,58.5285,57.6957,57.8936,9724300
2015-01-12,58.3388,58.5450,57.7616,57.9183,11972100
2015-01-13,58.4625,58.7841,57.1762,57.6627,14219800
2015-01-14,57.1102,57.7204,56.9535,57.5720,12548000
2015-01-15,57.7864,57.8936,56.9206,56.9535,16382800
2015-01-16,56.8628,58.1327,56.8464,58.0255,13759300
2015-01-20,58.1162,58.2646,57.3493,58.0255,10387200
2015-01-21,57.9678,58.3636,57.6792,58.1409,8391000
2015-01-22,58.3966,58.8418,57.5885,58.8336,11497400
2015-01-23,58.7511,58.8088,58.4708,58.4955,6815600
2015-01-26,58.5532,58.8336,58.1987,58.8006,7871700
2015-01-27,58.2729,58.7923,58.1327,58.3801,10040100
2015-01-28,58.4872,58.7016,57.4483,57.5390,11005400
2015-01-29,57.5390,58.0750,57.0772,58.0255,12120000
2015-01-30,57.7781,58.1574,57.0360,57.1185,13886500
2015-02-02,57.2256,57.4648,56.4340,57.4400,18042300
2015-02-03,57.7204,57.8523,56.9535,57.8276,17432800
2015-02-04,57.1349,57.4153,56.7886,57.1020,15184800
2015-02-05,57.4648,58.1162,57.4648,58.0667,10801400
2015-02-06,58.0667,58.3058,57.3823,57.5390,11886100
2015-02-09,57.2751,57.4400,56.7309,56.8628,8139000
2015-02-10,57.3246,57.8771,57.1927,57.8193,8629000
2015-02-11,57.8688,58.1904,57.5472,57.8771,8088100
2015-02-12,58.1492,58.2481,57.5967,58.0832,10124100
2015-02-13,58.1245,58.3636,57.8606,58.3141,8592300
2015-02-17,58.3718,58.7594,58.3141,58.7346,8381700
2015-02-18,58.7264,58.8336,58.4378,58.8006,7780900
2015-02-19,58.7346,58.9985,58.6357,58.8995,5383600
2015-02-20,58.8171,59.5427,58.7099,59.5180,8213700
2015-02-23,59.6087,59.9797,59.5015,59.7901,8577500
2015-02-24,59.8725,59.9055,59.4932,59.7159,8052200
2015-02-25,59.6664,59.8725,59.4520,59.6911,9629700
2015-02-26,59.6911,59.8808,59.4108,59.8561,4424900
2015-02-27,59.8313,59.9055,59.5344,59.5674,6745300
2015-03-02,59.7571,60.1199,59.6499,60.1034,6769900
2015-03-03,60.0704,60.0787,59.2623,59.5592,10144000
2015-03-04,59.3861,59.9303,59.0397,59.8478,9153500
2015-03-05,59.9220,60.3343,59.8478,60.0622,6252100
2015-03-06,59.7819,59.9138,58.8089,58.8831,12314900
2015-03-09,59.0644,59.3036,58.7264,59.2458,10306300
2015-03-10,58.7264,58.9902,58.5450,58.5862,12323900
2015-03-11,58.8996,58.9655,58.5120,58.5532,7525100
2015-03-12,58.8253,59.3283,58.7676,59.3283,7574200
2015-03-13,59.2459,59.6004,58.8171,59.2129,6480400
2015-03-16,59.7241,60.5322,59.5097,60.5240,13635100
2015-03-17,60.3096,60.4745,59.9797,60.3508,10142500
2015-03-18,60.2189,61.3898,59.9880,61.1341,12886900
2015-03-19,61.1341,61.5712,61.0269,61.4887,9403900
2015-03-20,62.3470,62.8514,61.5863,61.9336,9544300
2015-03-23,61.7434,62.0907,61.5201,61.7599,4667800
2015-03-24,61.8344,61.9997,61.2142,61.2225,8467700
2015-03-25,61.3961,61.7021,60.0896,60.1062,15039100
2015-03-26,59.7672,60.4617,59.4695,59.9656,18253800
2015-03-27,60.1310,60.6271,60.0317,60.3956,8841600
2015-03-30,60.8834,61.0984,60.8090,61.0075,8008200
2015-03-31,60.7677,61.3300,59.9491,59.9491,8442900
2015-04-01,59.9739,60.2054,58.9651,59.3454,21829300
2015-04-02,59.4033,59.8002,59.2379,59.5273,7560100
2015-04-06,59.1966,59.9408,59.1222,59.6183,5746200
2015-04-07,59.7671,60.2054,59.7092,59.7589,5599300
2015-04-08,59.8912,60.5279,59.8167,60.2633,12577100
2015-04-09,60.2798,60.8173,60.1971,60.7180,8181400
2015-04-10,60.7759,61.3217,60.5361,61.2390,5084300
2015-04-13,61.2803,61.5532,60.8834,60.9082,6814800
2015-04-14,60.9744,61.0736,60.5114,61.0075,5878700
2015-04-15,61.3465,61.4623,61.0488,61.1646,6254600
2015-04-16,61.2307,61.3796,61.0406,61.1315,4439500
2015-04-17,60.7429,60.9000,60.2137,60.6023,12115400
2015-04-20,60.9083,61.1398,60.8173,60.9744,6659500
2015-04-21,61.2803,61.5615,61.2555,61.3796,6577200
2015-04-22,61.5201,61.6111,61.1646,61.4788,6078200
2015-04-23,61.3878,61.8674,61.0984,61.7103,10532500
2015-04-24,61.5863,61.7930,61.2473,61.5119,10397200
2015-04-27,61.6607,61.7186,60.3129,60.3956,17847700
2015-04-28,60.5692,60.8007,59.7010,60.6932,15798400
2015-04-29,60.2715,60.7015,59.7423,60.1392,13661300
2015-04-30,59.8829,60.1806,58.9816,59.2958,14554400
2015-05-01,59.7010,60.1309,59.6927,60.0979,11508300
2015-05-04,60.3294,60.7181,60.1889,60.4783,8561700
2015-05-05,60.3542,60.3625,59.6596,59.7175,11373800
2015-05-06,59.8746,59.9077,59.0560,59.4860,10152200
2015-05-07,59.4033,59.9738,59.3123,59.7671,9019700
2015-05-08,60.3790,60.9000,60.3294,60.7346,11222400
2015-05-11,60.9496,61.0571,60.7098,60.7677,7980700
2015-05-12,60.3294,60.6271,60.0979,60.3790,7019800
2015-05-13,60.5775,60.8917,60.3377,60.4452,6005800
2015-05-14,60.7677,61.3052,60.5196,61.2803,6894400
2015-05-15,61.3878,61.4788,61.2142,61.4044,3872300
2015-05-18,61.3630,61.8426,61.3299,61.7682,6792200
2015-05-19,61.8509,62.2147,61.6938,62.0576,5869200
2015-05-20,62.1651,62.4049,61.8922,62.1403,10577000
2015-05-21,62.1238,62.2147,61.9170,62.1486,4537900
2015-05-22,62.0411,62.2974,61.9501,61.9998,4612300
2015-05-26,61.8096,61.8757,61.2473,61.3713,9533800
2015-05-27,61.5863,62.1486,61.4209,62.0824,13043700
2015-05-28,62.0742,62.2974,61.8261,62.1238,5766400
2015-05-29,62.0246,62.5290,61.7765,61.9667,9839200
2015-06-01,62.3222,62.4545,61.8013,62.2147,7466700
2015-06-02,62.0163,62.0907,61.5697,61.8095,5722400
2015-06-03,62.0163,62.0741,61.7517,61.9253,5357600
2015-06-04,61.6938,61.9418,61.2803,61.4953,6479500
2015-06-05,61.4126,61.5119,60.9744,61.4705,7772200
2015-06-08,61.4871,61.6194,61.1646,61.1646,6736600
2015-06-09,61.3630,61.3630,60.9082,61.1480,8297500
2015-06-10,61.2886,61.9749,61.1729,61.9005,7728800
2015-06-11,62.3801,62.4214,61.9915,62.3222,4912000
2015-06-12,62.0163,62.1072,61.4705,61.5532,6330600
2015-06-15,61.1646,61.7517,60.8504,61.6276,7150200
2015-06-16,61.5945,61.9667,61.4623,61.9336,6041400
2015-06-17,62.0080,62.1486,61.6028,61.9915,5132100
2015-06-18,62.1072,63.0747,62.0824,62.8680,9511200
2015-06-19,62.9269,63.0679,62.7775,62.8190,10327400
2015-06-22,63.2836,63.6072,63.2339,63.3085,6635000
2015-06-23,63.3998,63.5989,63.2090,63.4330,4631600
2015-06-24,63.3500,63.4081,62.7941,62.7941,7294400
2015-06-25,62.9849,63.4413,62.8190,63.1426,9232500
2015-06-26,63.2339,63.4745,62.8273,63.0513,6147500
2015-06-29,62.5037,62.8273,61.4748,61.5080,13675900
2015-06-30,62.1718,62.1884,61.5246,61.7237,8722200
2015-07-01,62.3627,62.4456,62.0225,62.3876,7756500
2015-07-02,62.5286,62.5701,61.9727,62.0971,5678800
2015-07-06,61.5163,62.4622,61.5163,62.0723,9352600
2015-07-07,62.1552,62.3709,61.3089,62.3709,10653300
2015-07-08,61.8731,62.0640,61.2840,61.3006,13074900
2015-07-09,61.9644,62.1220,61.5993,61.6325,6654600
2015-07-10,62.4041,62.5369,62.0473,62.4622,8059500
2015-07-13,62.9103,63.1260,62.7360,62.9932,7815100
2015-07-14,63.0264,63.7068,62.8854,63.6238,5831800
2015-07-15,63.8230,64.1051,63.5243,63.7068,6994900
2015-07-16,63.9391,64.0968,63.7566,64.0055,5109200
2015-07-17,63.9309,63.9474,63.6073,63.8645,3877900
2015-07-20,63.9475,64.2213,63.8811,64.0719,3874800
2015-07-21,64.0470,64.2129,63.4994,63.7898,8140200
2015-07-22,63.6155,63.9889,63.5160,63.9308,5765400
2015-07-23,64.0470,64.1798,63.5824,63.6985,5677400
2015-07-24,63.0596,63.1011,61.9893,62.1054,13229700
2015-07-27,61.9561,62.1718,61.7238,62.0473,11037000
2015-07-28,62.3958,63.1841,62.0806,63.1675,11445100
2015-07-29,63.4413,63.5658,63.0099,63.2754,9367000
2015-07-30,63.2173,63.3334,62.6945,63.1841,5381100
2015-07-31,63.4247,63.8313,63.3832,63.5492,7910300
2015-08-03,63.6156,63.8064,63.0679,63.4994,8447800
2015-08-04,63.8147,63.8479,63.2671,63.4662,10778700
2015-08-05,63.8562,64.1051,63.7483,63.9972,5391200
2015-08-06,64.0553,64.1134,62.5452,62.6033,13360200
2015-08-07,62.5867,62.7029,61.8399,62.4954,10863600
2015-08-10,62.7028,63.2754,62.7028,63.0015,7951100
2015-08-11,62.5701,62.8024,62.1552,62.4705,7914900
2015-08-12,61.9976,62.5784,61.3172,62.5120,9665900
2015-08-13,62.5618,62.7941,62.2216,62.3709,6329300
2015-08-14,62.1967,62.5784,62.0639,62.5452,5504000
2015-08-17,62.3378,63.1924,62.0888,63.1758,5796000
2015-08-18,63.1094,63.4247,62.9850,63.0845,5465900
2015-08-19,62.7443,63.2588,62.3792,62.8273,10070300
2015-08-20,62.3627,62.6033,61.3670,61.3670,12992900
2015-08-21,60.7530,61.2757,59.4835,59.4918,24008300
2015-08-24,55.9156,58.9690,46.9877,56.9611,33675700
2015-08-25,58.7450,59.1931,56.3056,56.3886,17883700
2015-08-26,57.9485,58.8280,56.5628,58.7699,26115600
2015-08-27,59.5332,59.9979,58.6537,59.9149,18689700
2015-08-28,59.6162,59.9398,59.1018,59.5748,10045600
2015-08-31,59.3092,59.8237,58.3384,58.4878,15143100
2015-09-01,56.9528,57.8821,56.6873,56.9528,21723600
2015-09-02,57.8987,58.1227,57.1768,58.1227,12491700
2015-09-03,58.4546,58.7782,57.5751,57.7078,14080100
2015-09-04,56.8283,57.4755,56.5711,56.9860,16587900
2015-09-08,58.0315,58.6620,57.6830,58.5791,11697400
2015-09-09,59.2594,59.3009,57.5253,57.6747,12424000
2015-09-10,57.6996,58.6704,57.5170,58.2306,17313700
2015-09-11,57.9900,58.6289,57.8240,58.6040,7633000
2015-09-14,58.6206,58.7284,58.1559,58.4214,6232200
2015-09-15,58.7118,59.4005,58.4961,59.2595,8414600
2015-09-16,59.2843,59.5333,58.8363,59.4254,12003400
2015-09-17,59.3673,60.7861,59.3673,59.9647,19149000
2015-09-18,59.1411,59.6824,58.9663,59.0495,23716000
2015-09-21,59.4576,59.5992,57.8754,58.2668,23860100
2015-09-22,57.4673,58.0086,57.2592,57.9087,29234000
2015-09-23,57.9586,58.3917,57.5506,57.8504,9578700
2015-09-24,57.3757,57.6006,56.6179,57.2592,20064500
2015-09-25,57.7172,57.8920,55.2523,55.6936,30973700
2015-09-28,55.3438,55.4604,53.0705,53.5368,66470200
2015-09-29,53.6784,54.9441,53.3619,54.0281,31776000
2015-09-30,54.8275,55.3105,54.4445,55.1523,26565600
2015-10-01,55.2855,55.7519,54.7526,55.7102,19853100
2015-10-02,54.9858,56.8761,54.7276,56.8678,23741800
2015-10-05,57.3591,57.4757,56.4597,57.0177,18389800
2015-10-06,56.8345,57.0010,54.8859,55.6770,30431600
2015-10-07,56.0850,56.8428,55.4021,56.5680,27466100
2015-10-08,56.2432,56.9177,55.6853,56.7345,23182700
2015-10-09,56.8261,57.2342,56.5763,56.9927,13890000
2015-10-12,56.7428,57.3258,56.6679,57.1426,11074500
2015-10-13,56.8844,57.6172,56.3681,56.4264,17273300
2015-10-14,56.7262,57.1925,56.1599,56.3181,21786200
2015-10-15,56.0100,57.5756,55.9518,57.5756,22133300
2015-10-16,57.7338,58.1752,57.5922,58.0919,17657000
2015-10-19,57.9003,58.4583,57.5839,58.3001,15694700
2015-10-20,58.1169,58.3001,57.1342,57.3841,14802000
2015-10-21,57.7088,57.9337,55.9268,56.8678,36068300
2015-10-22,56.9510,57.0426,55.8185,56.5263,35524500
2015-10-23,57.1093,58.0336,56.8761,57.7338,26524200
2015-10-26,57.5922,58.3500,57.4007,57.9586,17831900
2015-10-27,58.1169,59.0246,58.1086,59.0246,25160900
2015-10-28,58.9330,59.5492,58.4083,59.5159,18158000
2015-10-29,59.8573,60.7900,59.5326,59.7824,22780700
2015-10-30,59.9655,60.1321,59.4076,59.4076,12427200
2015-11-02,59.7490,60.7150,59.4076,60.6734,18646600
2015-11-03,60.5152,60.6484,60.0322,60.4569,10428700
2015-11-04,60.6734,60.6900,59.8240,60.1904,11533000
2015-11-05,60.2320,60.2487,59.4326,59.9989,9172000
2015-11-06,59.6325,59.8073,59.0579,59.7490,12661100
2015-11-09,59.6408,59.6408,58.9496,59.2910,15625000
2015-11-10,59.3077,59.8240,59.1911,59.6908,9737400
2015-11-11,59.9156,59.9156,59.0912,59.0995,10580900
2015-11-12,58.9413,59.0329,58.0752,58.0752,10870800
2015-11-13,57.9587,58.5249,57.8587,57.9337,18196800
2015-11-16,57.8087,58.6581,57.8004,58.6581,12959800
2015-11-17,58.7747,59.2994,58.4750,58.9080,7882300
2015-11-18,58.9413,60.1237,58.9413,60.0571,12816300
2015-11-19,59.6741,59.7490,58.9996,59.0495,11128000
2015-11-20,59.3577,59.8490,59.3577,59.5575,9224500
2015-11-23,59.4409,59.7740,59.2327,59.4076,10362700
2015-11-24,59.0412,59.6491,59.0079,59.5908,7174700
2015-11-25,59.7491,59.9989,59.6241,59.9156,4594400
2015-11-27,60.0738,60.1404,59.8739,60.0322,2658000
2015-11-30,60.1238,60.1321,59.2161,59.2161,8846100
2015-12-01,59.5242,60.2654,59.3910,60.2154,10659200
2015-12-02,60.2820,60.4652,59.6158,59.7074,9875100
2015-12-03,59.7574,59.8323,58.1419,58.4000,13191400
2015-12-04,58.6582,59.8656,58.5166,59.7740,14929800
2015-12-07,59.6491,59.9572,59.1328,59.4409,8511000
2015-12-08,58.9913,59.7407,58.9913,59.5742,7483600
2015-12-09,59.2994,59.8740,58.7414,58.9746,17593600
2015-12-10,58.9746,59.8240,58.9163,59.4159,9778500
2015-12-11,58.7831,59.0245,58.4666,58.5416,15178300
2015-12-14,58.7664,58.9996,58.0169,58.9246,21091500
2015-12-15,59.5658,59.9739,59.3743,59.6908,14006300
2015-12-16,60.1904,60.5568,59.3493,60.4652,15273700
2015-12-17,60.6318,60.6318,59.7657,59.8157,11469100
2015-12-18,59.6593,59.7345,58.9401,58.9484,15159800
2015-12-21,59.2997,59.4837,58.9986,59.4837,6707200
2015-12-22,59.6927,59.9687,59.3499,59.8851,7495800
2015-12-23,60.2614,60.6628,60.2029,60.5290,8091000
2015-12-24,60.3283,60.7799,60.3032,60.5875,2568300
2015-12-28,60.4119,60.4621,60.1360,60.3032,6534700
2015-12-29,60.7046,61.1813,60.5792,61.0391,7243100
2015-12-30,60.9722,61.1311,60.7213,60.7799,8496500
2015-12-31,60.5624,60.8384,60.2363,60.2363,6591700
2016-01-04,59.1826,59.3749,58.5470,59.1491,19666300
2016-01-05,59.3164,59.6927,59.1742,59.4335,14540000
2016-01-06,58.5889,59.3582,58.5387,58.9484,14651700
2016-01-07,57.8111,58.5470,57.5937,57.7526,17850400
2016-01-08,58.0954,58.2460,56.7825,56.8829,17022800
2016-01-11,57.1338,57.1589,55.4111,56.2055,28563800
2016-01-12,56.6571,57.2508,55.9964,56.9247,13727000
2016-01-13,57.0334,57.3010,55.1769,55.2354,16202500
2016-01-14,55.3776,57.0836,55.0347,56.7156,23342300
2016-01-15,55.2772,56.1804,55.1267,55.9212,17882300
2016-01-19,56.5316,56.7407,55.3023,55.9128,13495200
2016-01-20,54.9260,56.5651,54.2403,56.0215,24665600
2016-01-21,56.1637,56.4480,55.3274,55.8543,17102800
2016-01-22,56.6404,56.8912,56.3728,56.7407,11343800
2016-01-25,56.5735,56.9498,56.1386,56.2139,10131900
2016-01-26,56.2473,56.7491,55.8124,56.6404,12449700
2016-01-27,56.5400,57.1337,55.6034,55.9964,15924700
2016-01-28,56.2640,56.2975,54.3992,54.6918,26127300
2016-01-29,54.5748,55.6117,54.4159,55.5867,17578200
2016-02-01,55.2103,55.9546,54.9177,55.6703,16705700
2016-02-02,55.2772,55.4278,54.7002,54.8675,12968700
2016-02-03,55.0263,55.2856,53.9977,55.2271,19453100
2016-02-04,55.0598,55.5448,54.4326,54.9260,18958100
2016-02-05,54.6250,54.7755,53.5796,53.8556,16744000
2016-02-08,53.2535,53.4793,52.4841,53.1197,24652800
2016-02-09,52.4757,54.0479,52.4172,53.5127,20741700
2016-02-10,53.8640,54.8257,53.8222,53.9894,14728500
2016-02-11,53.0193,53.5462,52.7183,53.1197,22801100
2016-02-12,53.4124,53.8556,52.9608,53.8305,10316000
2016-02-16,54.4075,54.8675,54.2236,54.8424,17303000
2016-02-17,55.2689,55.6034,54.8507,55.5365,12140000
2016-02-18,55.6034,55.8292,55.0598,55.1936,9722100
2016-02-19,54.9260,55.2940,54.7922,55.1351,8875100
2016-02-22,55.5867,55.9295,55.4947,55.9212,7515700
2016-02-23,55.7706,56.0633,55.4445,55.5030,8211900
2016-02-24,55.1853,55.7623,54.5999,55.6870,11118600
2016-02-25,55.9379,56.4146,55.6619,56.3811,9496400
2016-02-26,56.6404,56.8661,56.2306,56.2808,10365700
2016-02-29,56.1135,56.2557,55.3609,55.3860,11091700
2016-03-01,55.6954,56.5902,55.3274,56.5735,14549100
2016-03-02,56.4396,56.6822,56.3226,56.6654,10923700
2016-03-03,56.5233,56.5735,55.9881,56.5065,10815000
2016-03-04,56.5065,56.7323,56.1135,56.3727,9855700
2016-03-07,56.0048,57.0167,55.9964,56.8243,11082400
2016-03-08,56.4898,56.6738,56.0550,56.1302,8204200
2016-03-09,56.2808,56.4731,55.8459,56.2306,13032500
2016-03-10,56.5066,56.8912,55.8292,56.2640,11287700
2016-03-11,56.6236,57.3679,56.5818,57.3595,10618300
2016-03-14,57.1505,57.3428,56.9749,57.1170,6140900
2016-03-15,56.7407,56.8578,56.0633,56.2306,15226500
2016-03-16,56.1219,56.4229,55.6536,56.0968,16881300
2016-03-17,56.0466,56.0550,54.9093,55.4445,20920400
2016-03-18,55.5427,56.2980,55.4420,56.0966,19524800
2016-03-21,56.1470,56.5414,56.0546,56.4239,12183600
2016-03-22,56.2393,57.1625,56.2393,56.9862,13200200
2016-03-23,56.9443,57.0450,56.5330,56.5834,9105100
2016-03-24,56.3316,56.7680,56.1218,56.5582,8492800
2016-03-28,56.7093,56.7680,56.3148,56.3987,7156300
2016-03-29,56.2980,57.1037,56.1050,57.0534,10455600
2016-03-30,57.3387,57.4898,56.9611,57.0618,7607700
2016-03-31,56.9778,57.3135,56.8603,56.8855,8602700
2016-04-01,56.6505,57.7416,56.5414,57.5318,9120200
2016-04-04,57.6661,58.4298,57.6577,58.2200,17381200
2016-04-05,57.5401,57.8087,57.3303,57.4646,16555000
2016-04-06,57.4814,59.0340,57.4814,59.0089,24546600
2016-04-07,58.5892,58.9837,58.0605,58.3626,19216700
2016-04-08,58.7235,58.7487,57.8591,58.2032,12883800
2016-04-11,58.1780,58.3458,57.6325,57.7584,8695500
2016-04-12,57.7500,58.3542,57.7416,58.2283,13510500
2016-04-13,58.4969,58.8074,58.1864,58.7739,9706200
2016-04-14,58.7571,59.0005,58.5892,58.8074,6655200
2016-04-15,58.9501,58.9501,58.3710,58.7655,7945300
2016-04-18,58.5976,59.3781,58.5053,59.3110,11505400
2016-04-19,59.4117,59.8397,59.1935,59.5208,6655000
2016-04-20,59.5376,60.1251,59.4872,59.8397,10763400
2016-04-21,59.8733,60.3265,59.7978,60.1922,12463100
2016-04-22,60.2258,60.5196,59.9572,60.3181,12052800
2016-04-25,60.0915,60.2762,59.8901,60.0831,8937500
2016-04-26,60.2006,60.2006,59.6803,59.8565,7433500
2016-04-27,59.8985,60.0412,59.5376,59.7894,9121200
2016-04-28,59.4453,60.0831,59.1767,59.5040,19512000
2016-04-29,58.9669,59.0844,58.2199,58.5724,13577900
2016-05-02,58.6815,58.9333,58.4382,58.9081,9074800
2016-05-03,58.6983,59.0844,58.4969,58.7235,9436800
2016-05-04,58.3543,58.4550,58.0018,58.1612,11802000
2016-05-05,58.1696,58.4885,58.0437,58.4046,10145200
2016-05-06,58.1948,58.3626,57.5821,58.0605,14164300
2016-05-09,58.0605,58.9082,58.0353,58.7235,13606600
2016-05-10,58.9585,59.2271,58.7991,59.2187,11073000
2016-05-11,59.1263,59.2774,58.4969,58.5053,8452500
2016-05-12,58.6312,58.8075,57.8255,58.1612,11322900
2016-05-13,58.0941,58.4717,57.9766,58.0269,11947300
2016-05-16,58.0353,58.9417,58.0101,58.8158,8338100
2016-05-17,58.7067,58.8578,57.9934,58.2032,14920000
2016-05-18,58.1108,58.7403,58.0521,58.4465,11515200
2016-05-19,58.1108,58.3794,57.5821,57.9514,8765700
2016-05-20,58.1696,58.6899,58.1444,58.4885,7925700
2016-05-23,58.4046,58.5137,58.2032,58.2535,5061400
2016-05-24,58.5473,59.1851,58.4717,59.0928,11936400
2016-05-25,59.2522,59.5796,59.2439,59.4621,8949200
2016-05-26,59.4872,59.5880,59.2774,59.4705,5257700
2016-05-27,59.4285,59.8733,59.4285,59.7390,9641300
2016-05-31,59.9237,60.0244,59.6215,59.8817,7669800
2016-06-01,59.6970,60.2342,59.6467,60.0999,9301700
2016-06-02,60.0496,60.8720,59.9740,60.8720,12473100
2016-06-03,60.6874,60.8888,60.1838,60.6706,13896000
2016-06-06,60.6790,61.1070,60.5279,60.9979,9117600
2016-06-07,60.7461,60.8049,60.4692,60.6203,6439100
2016-06-08,60.5699,60.9392,60.4356,60.8301,4621300
2016-06-09,60.6958,61.1238,60.5531,60.7294,9608500
2016-06-10,60.3769,60.4104,59.9656,60.2426,10270900
2016-06-13,60.0244,60.4776,59.7474,59.7642,8538400
2016-06-14,59.6215,59.8817,59.3697,59.8565,8000500
2016-06-15,60.0160,60.1419,59.3949,59.4453,7861100
2016-06-16,59.2690,59.7558,58.9753,59.6551,9341200
2016-06-17,59.7436,59.7688,58.8167,59.0357,10799100
2016-06-20,59.5413,59.8278,59.3307,59.4065,7983700
2016-06-21,59.6087,59.6677,59.0694,59.2043,7014900
2016-06-22,59.2043,60.0385,59.1537,59.3728,11207600
2016-06-23,59.8952,60.1565,59.6172,60.1480,7626900
2016-06-24,58.4375,59.3222,58.1847,58.4038,22576500
2016-06-27,58.0077,58.2100,57.3757,57.6201,18241500
2016-06-28,58.0246,58.7914,58.0161,58.7408,13652400
2016-06-29,59.1537,60.0301,59.1537,59.8615,8968400
2016-06-30,59.9795,60.4598,59.6846,60.4261,9535200
2016-07-01,60.5609,60.9485,60.3671,60.8053,6793100
2016-07-05,60.4430,60.9907,60.4430,60.7463,8359800
2016-07-06,60.6536,61.5553,60.5862,61.4289,18791500
2016-07-07,61.7996,61.8081,61.0581,61.3362,8022400
2016-07-08,61.6395,62.1114,61.3109,62.0946,11013200
2016-07-11,62.2799,62.4400,61.8670,61.9260,7375100
2016-07-12,62.0609,62.3221,62.0103,62.2294,10237200
2016-07-13,62.4232,62.5075,62.1451,62.2041,6401900
2016-07-14,62.6170,62.9119,62.2462,62.4737,4813200
2016-07-15,62.7097,62.8866,62.3473,62.4232,7131300
2016-07-18,62.4401,62.5664,62.2210,62.4485,3954300
2016-07-19,62.5243,62.6760,62.1283,62.3136,6634700
2016-07-20,62.6001,62.9878,62.5159,62.8782,6855000
2016-07-21,62.8782,63.1900,62.8192,63.0636,9230800
2016-07-22,63.0552,63.2658,62.8698,63.1900,5446500
2016-07-25,63.2068,63.2574,62.7350,63.1226,5868400
2016-07-26,62.8782,63.1057,62.7603,63.0130,6904200
2016-07-27,62.8866,63.4006,62.7687,63.2995,7983100
2016-07-28,63.1984,63.4007,62.9288,63.2406,5470100
2016-07-29,63.1226,63.4849,62.9709,63.3669,4889200
2016-08-01,63.4259,64.0410,63.4259,63.7714,9255100
2016-08-02,63.8220,63.8220,63.1395,63.5271,12149300
2016-08-03,63.4849,63.5270,63.2237,63.3501,9761200
2016-08-04,63.3922,63.4933,63.1731,63.2574,8415500
2016-08-05,63.5355,63.5355,63.0552,63.4091,8244400
2016-08-08,63.3585,63.3585,62.6507,62.8698,6655500
2016-08-09,63.2068,63.2406,62.8445,63.0215,11261100
2016-08-10,62.9962,62.9962,62.6423,62.8108,7031600
2016-08-11,62.9793,63.2406,62.8614,63.1732,6599800
2016-08-12,63.0552,63.0805,62.7855,63.0130,6211900
2016-08-15,63.0130,63.2658,63.0130,63.1226,4122500
2016-08-16,63.0299,63.0383,62.5580,62.5580,6042300
2016-08-17,62.4232,62.7350,62.2968,62.6844,7296300
2016-08-18,62.6760,62.8445,62.5159,62.7097,4180100
2016-08-19,62.5833,62.7013,62.3895,62.6592,4323500
2016-08-22,62.6844,63.0215,62.6170,62.7855,4090200
2016-08-23,63.0046,63.1984,62.8108,62.8445,8557900
2016-08-24,62.8192,62.9540,61.7069,61.8586,8670400
2016-08-25,61.6901,61.9429,61.0665,61.3362,8766500
2016-08-26,61.4036,61.8923,61.2013,61.5721,9974300
2016-08-29,61.5974,61.8586,61.4457,61.7069,7372100
2016-08-30,61.7828,61.7828,61.3446,61.4963,5497900
2016-08-31,61.4120,61.4879,61.0750,61.3109,4756800
2016-09-01,61.3109,61.3867,60.8727,61.1508,9501400
2016-09-02,61.2772,61.4036,61.0497,61.2182,8052300
2016-09-06,61.3193,61.5721,61.2266,61.4373,8735800
2016-09-07,61.3867,61.6564,61.2603,61.4373,7561600
2016-09-08,61.2435,61.5384,61.1845,61.4878,4822200
2016-09-09,61.1424,61.1424,60.2407,60.2576,14135500
2016-09-12,59.9205,61.3109,59.9037,61.1508,13023400
2016-09-13,60.7716,60.7716,60.0132,60.3334,12194200
2016-09-14,60.3081,60.7295,60.0890,60.3334,13108500
2016-09-15,60.2239,61.1255,60.0806,60.9570,9613600
2016-09-16,60.8969,61.0830,60.7616,60.9984,8691000
2016-09-19,61.1507,61.2776,60.7024,60.7785,9919700
2016-09-20,61.0407,61.1930,60.9392,60.9646,5286600
2016-09-21,61.1676,61.6921,60.7954,61.5736,8485900
2016-09-22,61.8274,62.1489,61.7936,62.0389,6501900
2016-09-23,61.9458,62.0981,61.8359,61.8443,5420400
2016-09-26,61.6159,61.6667,60.9815,61.1253,5534100
2016-09-27,61.0492,61.5652,60.9138,61.5567,7839000
2016-09-28,61.6160,61.6244,61.1423,61.4637,6522600
2016-09-29,61.3875,61.4637,60.2033,60.3809,8857900
2016-09-30,60.5078,61.1676,60.4740,60.9984,7453500
2016-10-03,60.7278,60.9477,60.4740,60.9477,9187900
2016-10-04,60.8800,61.1338,60.5247,60.8293,10594600
2016-10-05,60.9900,61.2014,60.8969,61.0661,12842100
2016-10-06,60.8631,60.9223,60.4740,60.8377,9308900
2016-10-07,60.7785,61.0830,60.4401,60.7954,9920400
2016-10-10,60.9054,61.2607,60.9054,61.0746,11039500
2016-10-11,60.7785,60.7785,59.2812,59.5435,12499700
2016-10-12,59.5773,59.8142,59.2051,59.2643,11746400
2016-10-13,58.9175,59.5096,58.7229,59.2897,13623100
2016-10-14,59.4250,59.5858,58.8752,58.8921,8382400
2016-10-17,58.7991,58.9175,58.5707,58.6976,8463000
2016-10-18,59.2389,59.5265,59.0951,59.3997,5495800
2016-10-19,59.4758,59.5266,59.1628,59.1797,5296700
2016-10-20,59.2559,59.6450,59.1459,59.4589,6876000
2016-10-21,59.1544,59.1544,58.8160,58.9683,5511600
2016-10-24,59.2305,59.2897,58.8583,58.8583,7384700
2016-10-25,58.7906,58.9683,58.6130,58.6891,7922100
2016-10-26,58.5961,58.6891,58.0970,58.3338,8073700
2016-10-27,58.7821,59.0105,58.4522,58.6045,6974700
2016-10-28,57.9024,58.0631,57.0819,57.3356,18469300
2016-10-31,57.3187,57.3272,56.9550,56.9804,12689000
2016-11-01,57.0142,57.1749,56.2360,56.6758,14908700
2016-11-02,56.5659,57.0058,56.3798,56.3798,17942900
2016-11-03,56.5659,56.8027,55.7961,55.8469,22074200
2016-11-04,55.9991,56.7012,55.9399,56.2360,21382600
2016-11-07,56.8450,57.8263,56.8112,57.6740,17367800
2016-11-08,57.3018,58.2238,57.2257,57.8347,15943900
2016-11-09,57.8347,60.5416,57.8347,59.8734,49750100
2016-11-10,60.8546,60.9730,60.1102,60.5332,28378900
2016-11-11,60.3640,60.3640,59.3658,59.6281,15866100
2016-11-14,59.8903,59.9580,59.3235,59.4420,17406200
2016-11-15,59.6704,59.6704,59.0613,59.6111,10371600
2016-11-16,59.4589,59.7465,59.2812,59.3574,7585000
2016-11-17,59.3743,59.6111,59.2305,59.5942,12856200
2016-11-18,59.6450,59.8057,58.9260,58.9598,12185000
2016-11-21,59.0867,59.2305,59.0190,59.1712,6791800
2016-11-22,59.1459,59.1459,57.9193,58.3169,14522100
2016-11-23,57.3441,58.5538,57.3441,58.5453,13676000
2016-11-25,58.7145,58.8244,58.5453,58.7737,4009300
2016-11-28,58.6637,58.6722,58.2408,58.3338,6507200
2016-11-29,58.4692,58.8837,58.4607,58.7145,7093900
2016-11-30,58.7568,58.7737,58.1308,58.1562,8640700
2016-12-01,58.2239,58.3677,57.5641,57.7332,11360700
2016-12-02,57.8347,58.0970,57.6402,57.8686,7964500
2016-12-05,58.1054,58.1900,57.5810,57.7671,5832100
2016-12-06,57.9363,57.9447,57.5979,57.9278,5490800
2016-12-07,57.4710,57.4710,56.6505,57.4287,12758900
2016-12-08,57.2510,57.5979,56.9211,57.5387,7586600
2016-12-09,57.7417,58.3507,57.7417,58.2408,12100200
2016-12-12,58.2408,58.6045,58.1308,58.5199,15018100
2016-12-13,58.7314,59.0782,58.5622,58.9936,11041400
2016-12-14,58.9852,59.2982,58.4861,58.6891,11682200
2016-12-15,58.9260,59.1290,58.7145,59.0698,8210100
2016-12-16,59.2014,59.3629,58.9465,59.1165,8257100
2016-12-19,59.1590,59.4224,58.7937,58.8701,9318300
2016-12-20,58.8956,59.0315,58.6917,58.8276,4885000
2016-12-21,58.8616,58.8871,58.3943,58.4963,5432300
2016-12-22,58.4198,58.5897,58.1819,58.5728,4458400
2016-12-23,58.5897,59.0485,58.5897,59.0145,4188700
2016-12-27,59.0910,59.4734,59.0740,59.1335,5141200
2016-12-28,59.1930,59.2609,58.6747,58.6832,4558800
2016-12-29,58.7172,58.9721,58.6917,58.7851,5539200
2016-12-30,58.7936,58.8531,58.3858,58.5728,6649000
2017-01-03,58.8871,59.3544,58.8106,59.3374,11792900
2017-01-04,59.4308,59.9661,59.4308,59.8047,9174500
2017-01-05,59.7537,60.1275,59.7027,60.1106,5979300
2017-01-06,60.1275,60.4504,59.9151,60.2805,5769300
2017-01-09,60.2805,60.6373,60.1700,60.5353,5751900
2017-01-10,60.6373,61.0961,60.5014,60.7478,10320500
2017-01-11,60.8242,61.0366,59.5158,60.1360,23742000
2017-01-12,59.8387,60.2295,59.6943,60.1955,9358900
2017-01-13,60.2465,60.4589,60.1105,60.2550,5279000
2017-01-17,59.8812,60.0511,59.4564,59.9491,6038200
2017-01-18,60.0681,60.2040,59.7537,59.8727,6174200
2017-01-19,59.8557,59.9916,59.3969,59.4903,6470700
2017-01-20,59.4903,59.7877,59.2864,59.3374,7006900
2017-01-23,59.2609,59.4223,58.8701,59.0910,10003700
2017-01-24,59.0315,59.0740,58.4113,58.6832,8703500
2017-01-25,58.7342,59.2609,58.7002,59.2354,6553800
2017-01-26,59.1080,59.2099,58.7681,58.7766,6612500
2017-01-27,58.9126,59.3034,58.8956,59.2609,7264900
2017-01-30,59.1165,59.2354,58.7257,58.9721,7281900
2017-01-31,58.6577,59.9151,58.6152,59.9151,14342500
2017-02-01,59.9151,60.4334,59.7962,60.4334,19490500
2017-02-02,60.1360,60.4504,59.9491,60.4164,14539400
2017-02-03,60.6118,60.7393,60.3230,60.6798,15104800
2017-02-06,60.5693,60.7478,60.4504,60.7478,11561600
2017-02-07,60.7902,61.0281,60.6033,60.8072,11278000
2017-02-08,60.4844,60.7817,60.3144,60.7138,6812900
2017-02-09,60.7053,61.1131,60.6543,60.9347,7869200
2017-02-10,61.0281,61.1896,60.8837,61.0536,4440300
2017-02-13,61.1131,61.4614,61.1131,61.4275,6465200
2017-02-14,61.3595,61.9117,61.3170,61.9117,10403000
2017-02-15,61.7758,62.7019,61.7163,62.5829,10091700
2017-02-16,62.5999,62.6594,62.0732,62.4980,11332600
2017-02-17,62.2601,62.6169,62.2601,62.5829,12118400
2017-02-21,62.5745,63.0672,62.5745,62.8633,10651800
2017-02-22,62.7868,62.9908,62.7189,62.7698,6634300
2017-02-23,62.8378,63.3391,62.7613,63.2286,8685600
2017-02-24,63.1267,63.5685,63.1012,63.5345,9103000
2017-02-27,63.5770,63.8744,63.4411,63.8404,8178200
2017-02-28,63.6620,63.9168,63.5260,63.7129,10258600
2017-03-01,64.0953,64.5116,63.9083,64.3501,15196600
2017-03-02,64.2482,64.4776,64.1377,64.1462,7889300
2017-03-03,64.0528,64.4521,64.0273,64.4011,6635300
2017-03-06,64.3077,64.3586,63.9253,64.1547,5886900
2017-03-07,63.6280,64.0273,63.5005,63.7044,12330600
2017-03-08,63.6959,64.1802,63.6535,63.9593,8130000
2017-03-09,63.9508,64.3926,63.9083,64.3076,8451400
2017-03-10,64.5796,64.6475,64.3162,64.5541,10455800
2017-03-13,64.6135,64.6135,64.2482,64.5031,6898500
2017-03-14,64.3247,64.5371,64.1972,64.2652,7296300
2017-03-15,64.3586,65.2083,64.3586,65.0723,11044900
2017-03-16,64.9109,64.9109,64.1972,64.4436,12129400
2017-03-17,64.2850,64.4044,64.0548,64.0889,10401000
2017-03-20,64.1059,64.1997,63.8672,63.9951,4728300
2017-03-21,64.0633,64.2850,61.6757,63.4920,16650400
2017-03-22,63.5858,63.6711,63.1936,63.5091,9954300
2017-03-23,63.4323,63.7563,63.1935,63.3129,13250500
2017-03-24,63.3470,63.6284,63.0827,63.3470,9229500
2017-03-27,62.8951,63.6284,62.7757,63.5176,6946300
2017-03-28,63.3897,63.6455,63.1936,63.5602,7392300
2017-03-29,63.5858,63.7307,63.4323,63.5772,4357800
2017-03-30,63.5005,63.7137,63.3300,63.5858,7137400
2017-03-31,63.4323,63.5773,63.3385,63.4067,5895400
2017-04-03,63.4749,63.7734,63.2106,63.4579,12354800
2017-04-04,63.4408,63.5091,63.2447,63.4238,5228600
2017-04-05,63.5090,63.8842,63.1850,63.2276,6470100
2017-04-06,63.2447,63.4579,63.0571,63.3385,5253300
2017-04-07,63.3812,63.6114,63.2106,63.4494,5638200
2017-04-10,63.4323,63.6455,63.2703,63.3300,4530000
2017-04-11,63.2277,63.3897,62.8951,63.2447,5472600
2017-04-12,63.1765,63.3470,62.9889,63.2447,3782200
2017-04-13,63.1680,63.3811,63.0827,63.0827,6671100
2017-04-17,63.0060,63.3300,62.9548,63.3129,6149900
2017-04-18,62.9633,62.9633,62.3835,62.6222,7519500
2017-04-19,62.8269,62.9889,62.6990,62.8098,5023100
2017-04-20,62.9377,63.3300,62.6478,63.2021,7307300
2017-04-21,63.0912,63.1509,62.6819,62.8269,6763000
2017-04-24,63.4323,63.6029,63.3641,63.4494,5450000
2017-04-25,63.7052,63.9013,63.5261,63.7222,9035700
2017-04-26,63.9524,64.3276,63.9013,64.0718,6240400
2017-04-27,64.0889,64.5067,63.9610,64.2083,6962800
2017-04-28,64.2594,64.4129,64.1571,64.3788,5781100
2017-05-01,64.4897,64.6517,64.3788,64.5238,7182000
2017-05-02,64.5834,64.7199,64.2083,64.7028,5243800
2017-05-03,64.5067,64.5579,64.2424,64.3873,8094100
2017-05-04,64.6090,64.8137,64.5152,64.8137,4275400
2017-05-05,64.9586,64.9757,64.5152,64.7796,5720100
2017-05-08,64.7284,64.7795,64.2850,64.3788,6558500
2017-05-09,64.4129,64.5749,64.3362,64.4555,3830200
2017-05-10,64.3532,64.3618,64.0036,64.2680,4314900
2017-05-11,64.1656,64.3276,63.9780,64.3020,6791600
2017-05-12,64.2765,64.3703,64.1486,64.1912,2638000
2017-05-15,64.2253,64.6431,64.1656,64.6090,7320800
2017-05-16,64.5408,64.6005,64.1827,64.3617,5471700
2017-05-17,63.8416,64.0207,63.5176,63.5176,11434000
2017-05-18,63.4835,64.1656,63.4835,63.7990,10690500
2017-05-19,63.9098,64.1827,63.8245,63.9780,9209800
2017-05-22,63.9183,64.2253,63.7819,64.1486,4999100
2017-05-23,64.2338,64.4982,64.1827,64.3617,4216100
2017-05-24,64.3959,64.5749,64.2424,64.5238,5186400
2017-05-25,64.6687,64.9586,64.5152,64.8307,4479400
2017-05-26,64.7796,64.9672,64.6431,64.7113,4507400
2017-05-30,64.5067,64.7796,64.5067,64.6176,4651200
2017-05-31,64.7455,65.0183,64.6858,64.8734,5884400
2017-06-01,64.9842,65.6408,64.9160,65.5896,9149900
2017-06-02,65.7772,66.1012,65.7175,66.0160,4833000
2017-06-05,66.0160,66.0842,65.6749,65.8284,5558900
2017-06-06,65.7005,65.9051,65.5555,65.6664,4316500
2017-06-07,65.7517,65.9137,65.6323,65.8455,4415700
2017-06-08,65.8028,65.9648,65.4873,65.6579,6304400
2017-06-09,65.7431,66.3059,65.6578,66.1012,13419000
2017-06-12,66.0501,66.2888,65.7005,66.0160,7700600
2017-06-13,66.0757,66.2377,65.9222,66.1524,5592500
2017-06-14,66.2632,66.6555,66.2377,66.4679,6782300
2017-06-15,66.2121,66.4508,66.0330,66.3997,8186000
2017-06-16,66.4836,66.6462,66.1583,66.5093,14165200
2017-06-19,66.6034,67.2626,66.5692,67.2027,8294400
2017-06-20,67.1941,67.7934,67.1684,67.4253,7697200
2017-06-21,67.5623,68.3071,67.5195,68.2814,9481200
2017-06-22,68.3927,69.4114,68.3670,68.9919,12341100
2017-06-23,68.9063,69.0348,68.6324,68.8892,8779600
2017-06-26,69.0861,69.0861,68.7180,68.8207,7434400
2017-06-27,68.8207,68.9063,68.1786,68.1958,8428000
2017-06-28,68.4183,68.7265,68.3841,68.5553,8674200
2017-06-29,68.4783,68.5382,67.5109,67.9304,8445800
2017-06-30,68.1958,68.1958,67.8362,67.8362,7817400
2017-07-03,68.0674,68.2728,67.9475,67.9561,5904200
2017-07-05,68.0502,68.4440,67.8105,68.3584,8955500
2017-07-06,68.0674,68.1958,67.3825,67.4767,6367700
2017-07-07,67.7164,67.8961,67.5451,67.8191,4371400
2017-07-10,67.8448,67.8705,67.5195,67.6907,3580000
2017-07-11,67.6479,67.7934,67.2712,67.6136,4117500
2017-07-12,67.9475,68.2985,67.9304,68.0759,8808200
2017-07-13,68.1358,68.3498,67.6735,68.1358,9437700
2017-07-14,68.2814,68.7437,68.1444,68.5981,5750000
2017-07-17,68.6837,68.7351,68.3327,68.3499,5743700
2017-07-18,68.2642,68.4697,67.9389,68.4012,8042700
2017-07-19,68.6923,68.9577,68.6923,68.9577,8177900
2017-07-20,69.1204,69.5227,69.0091,69.4114,8276800
2017-07-21,69.2659,69.4371,69.2145,69.3343,4043600
2017-07-24,69.2745,69.3772,69.0091,69.3087,4476800
2017-07-25,69.4713,69.5227,68.7094,68.8122,8486000
2017-07-26,68.6581,68.7265,68.3927,68.5810,4964100
2017-07-27,68.6495,68.6495,67.8277,68.1102,12536800
2017-07-28,68.1358,68.5382,67.8448,68.4526,6426100
2017-07-31,68.5382,68.6752,68.3841,68.3927,5516800
2017-08-01,68.6409,68.6409,68.1530,68.2386,8678800
2017-08-02,68.2300,68.2300,67.8448,68.0845,7718500
2017-08-03,68.1187,68.3327,67.8961,68.1958,8003600
2017-08-04,68.5125,68.5125,67.9561,68.0417,3930100
2017-08-07,67.9732,68.1957,67.9132,68.1872,4583300
2017-08-08,68.1016,68.2215,67.7335,67.8705,4423300
2017-08-09,67.7078,68.0160,67.5879,67.9475,4886500
2017-08-10,67.7420,67.8020,67.0914,67.1000,7054700
2017-08-11,67.1342,67.6222,67.1342,67.2883,8318600
2017-08-14,67.5794,67.8534,67.5794,67.7421,3955800
2017-08-15,67.8277,67.9646,67.7249,67.7421,4653800
2017-08-16,67.8533,68.0588,67.7763,67.9304,3756900
2017-08-17,67.7163,68.0074,67.0572,67.0828,7133400
2017-08-18,66.8346,67.2284,66.7318,66.7746,8434600
2017-08-21,66.7147,67.1599,66.6206,67.0743,10269000
2017-08-22,67.0914,67.9646,67.0486,67.8876,5455500
2017-08-23,67.6564,67.6736,67.3483,67.3739,5662500
2017-08-24,67.4424,67.6650,67.3140,67.5708,5502800
2017-08-25,67.7164,67.9732,67.5366,67.5879,5476500
2017-08-28,67.7763,68.0588,67.7591,67.9475,7432800
2017-08-29,67.6650,68.1444,67.6051,68.0759,4243500
2017-08-30,67.9989,68.5981,67.9817,68.4269,3667900
2017-08-31,68.5981,69.6597,68.5981,69.5912,6987200
2017-09-01,69.6939,69.8394,69.2744,69.5398,6471600
2017-09-05,69.2487,69.6597,68.9234,69.2402,8076900
2017-09-06,69.4799,69.6425,69.1717,69.5741,8791000
2017-09-07,69.5655,70.4986,69.5484,70.3445,7251000
2017-09-08,70.2418,70.7812,70.1220,70.6613,4302600
2017-09-11,70.9780,71.2263,70.8239,71.2092,6286200
2017-09-12,71.2263,71.3718,71.0893,71.3633,6984800
2017-09-13,71.2777,71.4061,70.9609,71.0979,5873800
2017-09-14,70.9010,71.3033,70.8154,71.1921,6373800
2017-09-15,71.3682,71.3682,70.8870,70.9644,7091300
2017-09-18,71.0417,71.2307,70.8355,70.9472,7783100
2017-09-19,70.9816,71.0675,70.3114,70.3887,7329200
2017-09-20,70.4144,70.5347,69.9505,70.4574,5101800
2017-09-21,70.4144,70.4918,70.0622,70.0965,4527900
2017-09-22,70.0020,70.1910,69.7356,70.0965,6473300
2017-09-25,70.0020,70.3199,69.7872,69.8903,12439300
2017-09-26,70.0880,70.2856,69.7529,69.7786,4579400
2017-09-27,69.9591,69.9591,69.4521,69.7528,5384700
2017-09-28,69.6927,70.0450,69.5896,69.8130,4229000
2017-09-29,69.8216,70.2598,69.6497,70.2254,6902700
2017-10-02,70.4316,70.9472,70.3543,70.9386,8764900
2017-10-03,71.0417,71.1448,70.6464,70.9214,5141700
2017-10-04,71.0245,71.2909,70.9558,71.2651,3291100
2017-10-05,71.2651,71.3253,70.9902,71.3167,7709600
2017-10-06,71.1878,71.4971,71.1104,71.2221,4035900
2017-10-09,71.2135,71.2307,70.6636,70.7753,4558800
2017-10-10,70.8011,70.9386,70.5519,70.9386,4037700
2017-10-11,70.8956,71.1534,70.8784,71.0761,4031600
2017-10-12,71.0503,71.1620,70.9128,70.9987,4731600
2017-10-13,70.7667,70.9128,70.6465,70.8183,5909600
2017-10-16,70.7667,71.0417,70.3801,70.5090,10219700
2017-10-17,70.6550,71.6432,70.6550,71.4541,8437800
2017-10-18,71.6346,71.9439,71.4713,71.5573,6938700
2017-10-19,71.4713,72.0126,71.3682,71.9955,6410400
2017-10-20,72.0212,72.1329,71.8236,72.0728,6343800
2017-10-23,72.1673,72.4422,71.8580,71.8923,7159600
2017-10-24,71.9009,71.9095,70.9987,71.4111,7145500
2017-10-25,71.3424,71.5143,71.0331,71.3080,6819100
2017-10-26,70.8011,71.0073,70.1653,70.5949,13466900
2017-10-27,70.3457,70.6550,70.3113,70.5777,6122000
2017-10-30,70.3457,70.3887,69.6669,69.8216,5884000
2017-10-31,69.7786,69.9934,69.5724,69.6927,6548600
2017-11-01,69.8130,70.1567,69.6755,69.8645,7427800
2017-11-02,69.9934,70.0106,69.3920,69.5466,10200300
2017-11-03,69.4693,70.1653,69.4693,70.1223,6862700
2017-11-06,70.0106,70.0880,69.8560,69.9075,4853200
2017-11-07,70.0278,70.1567,69.8044,70.0536,4439800
2017-11-08,69.9763,70.2942,69.8903,70.2168,6186200
2017-11-09,70.0450,70.2942,69.7958,70.2254,7086400
2017-11-10,70.0536,70.0536,69.3318,69.7700,4826300
2017-11-13,69.5380,69.9762,69.3404,69.8388,4704000
2017-11-14,69.6068,69.6841,69.2373,69.5552,7430100
2017-11-15,69.2975,69.5724,69.1170,69.3576,4952300
2017-11-16,69.4607,70.1653,69.4607,70.0794,4780500
2017-11-17,69.7614,70.0278,69.6927,69.8044,6129800
2017-11-20,69.7958,69.8560,69.4006,69.5123,4898500
2017-11-21,69.8903,70.2856,69.8645,70.1223,7974500
2017-11-22,70.1223,70.3887,69.9848,70.0965,4853100
2017-11-24,70.1910,70.2856,70.0364,70.2598,1650600
2017-11-27,70.2598,70.4402,70.1996,70.3199,4241400
2017-11-28,70.4918,70.8956,70.3027,70.8355,8290400
2017-11-29,70.8956,71.4456,70.8956,71.1878,8144600
2017-11-30,71.4112,71.9353,71.1964,71.7205,10639600
2017-12-01,71.6861,71.8752,70.6035,71.5744,15315400
2017-12-04,71.9869,72.0041,70.6980,70.6980,9770300
2017-12-05,70.7409,71.0932,70.5175,70.5777,13240800
2017-12-06,70.6207,70.8527,70.2082,70.5176,8533000
2017-12-07,70.4746,70.6722,70.2598,70.5347,3979200
2017-12-08,70.7410,71.3338,70.6894,71.3252,8444100
2017-12-11,71.3854,71.6690,71.2737,71.6260,6588600
2017-12-12,71.6517,72.0212,71.6517,71.9095,6068600
2017-12-13,71.9009,72.3649,71.8752,72.1587,8459800
2017-12-14,72.2188,72.3134,71.3596,71.4283,6772100
2017-12-15,71.6966,72.2401,71.6966,72.2142,8012200
2017-12-18,72.4472,72.6369,72.1970,72.2401,5655400
2017-12-19,72.3523,72.6025,72.1194,72.1539,4777100
2017-12-20,72.3091,72.4213,71.9123,71.9209,4686700
2017-12-21,72.1452,72.1884,71.7053,71.7570,4304200
2017-12-22,71.6535,71.7398,71.3516,71.5241,7023600
2017-12-26,71.4637,71.6363,71.3861,71.5414,2504100
2017-12-27,71.5931,71.8519,71.5845,71.6621,4053300
2017-12-28,71.7915,71.8950,71.5414,71.7656,5380600
2017-12-29,71.8864,71.9986,71.2481,71.3257,4877200
2018-01-02,71.5931,72.1625,71.4896,72.1280,6708900
2018-01-03,72.1193,72.8699,71.9123,72.8181,7606500
2018-01-04,73.0510,73.1891,72.7405,72.9216,7762500
2018-01-05,73.1546,73.6118,73.0165,73.5428,7579300
2018-01-08,73.4565,73.5514,72.9044,73.2753,5167300
2018-01-09,73.4996,74.2933,73.4306,74.1380,6962900
2018-01-10,73.8878,74.0259,73.4565,74.0086,10835800
2018-01-11,74.1380,74.3450,73.9310,74.3278,4247800
2018-01-12,74.4658,74.9834,74.4054,74.8971,5391700
2018-01-16,75.3630,75.8720,75.1473,75.2681,8920000
2018-01-17,75.6132,76.1567,75.4234,75.9928,7214600
2018-01-18,76.0014,76.0876,75.5700,76.0100,7954800
2018-01-19,76.3033,76.3206,75.9151,76.2947,4802400
2018-01-22,76.2688,76.8382,76.1308,76.7950,11152500
2018-01-23,76.7864,76.9331,76.3551,76.4241,7637600
2018-01-24,76.8037,76.9331,76.3810,76.6484,8291100
2018-01-25,77.0193,77.3817,76.7260,77.3040,6339300
2018-01-26,77.6577,78.9862,77.6405,78.9690,9784400
2018-01-29,78.7619,79.1846,78.7447,78.7533,12643800
2018-01-30,77.2005,77.7353,76.9676,77.0970,14270600
2018-01-31,77.4938,77.7181,75.7339,76.0014,15858400
2018-02-01,75.7080,76.3723,75.5183,76.0272,12848700
2018-02-02,75.4061,76.0704,74.9403,74.9575,10539200
2018-02-05,74.5866,75.0438,71.0582,71.6362,34979800
2018-02-06,70.2560,72.7405,70.2215,72.4299,33313400
2018-02-07,72.2229,73.3616,71.9727,72.3436,17338000
2018-02-08,72.3264,72.5593,69.7729,69.8333,20252500
2018-02-09,70.4717,71.4292,68.6342,70.8254,35535700
2018-02-12,71.2825,72.0417,70.6442,71.4896,13389200
2018-02-13,71.0755,71.7053,70.6356,71.5414,8415200
2018-02-14,71.0842,72.4817,71.0151,72.3523,10110800
2018-02-15,72.8440,73.1804,72.1107,73.1546,9519100
2018-02-16,72.7923,74.1984,72.7923,73.6808,9323000
2018-02-20,73.3271,73.5687,72.6629,72.8699,8872100
2018-02-21,72.8613,73.8361,72.5593,72.5679,9417400
2018-02-22,72.8009,73.3185,72.2833,72.4558,6316100
2018-02-23,72.8871,73.6377,72.5680,73.6118,5498500
2018-02-26,73.7412,74.6297,73.7412,74.5435,6266100
2018-02-27,74.5435,74.7936,73.7671,73.7671,7460700
2018-02-28,74.0086,74.1035,72.5680,72.5852,6279000
2018-03-01,72.4558,72.8268,70.8857,71.4292,12720300
2018-03-02,71.0410,72.3091,71.0324,72.1539,11206000
2018-03-05,71.8261,73.0252,71.6708,72.8095,11028800
2018-03-06,72.9734,73.0942,72.3437,72.7060,9573300
2018-03-07,72.0848,73.1545,72.0590,73.0769,6868200
2018-03-08,73.2753,73.6290,73.1546,73.5686,6403000
2018-03-09,74.0172,74.6556,73.7412,74.6297,8253100
2018-03-12,74.6556,74.7678,74.2243,74.3105,5760200
2018-03-13,74.5952,74.9230,74.2415,74.4054,6400700
2018-03-14,74.6642,74.8368,73.8016,74.0431,9416400
2018-03-15,74.3019,74.5176,73.8274,73.9223,5883100
2018-03-16,73.9137,74.3206,73.9137,73.9223,7067700
2018-03-19,73.7838,73.8790,72.1390,72.7277,7190200
2018-03-20,72.8921,73.0913,72.4160,72.8316,5534400
2018-03-21,72.9528,73.3510,72.4593,72.5199,5498700
2018-03-22,71.8187,71.8706,70.3124,70.4336,14648500
2018-03-23,70.5028,70.6500,68.9186,68.9705,11049000
2018-03-26,69.7497,70.4942,68.9532,70.3989,9183500
2018-03-27,70.6500,70.8578,69.1696,69.5679,10948400
2018-03-28,69.7670,70.6154,69.6717,69.9401,10146800
2018-03-29,70.3124,70.9789,69.8362,70.4682,6914900
2018-04-02,70.1739,70.5375,68.1654,68.8666,11364900
2018-04-03,69.2389,70.0440,68.8147,69.9141,8590700
2018-04-04,69.0744,71.1088,69.0744,70.9097,9085800
2018-04-05,71.1607,71.2213,70.5894,70.8577,8031300
2018-04-06,70.2691,70.6153,68.5290,69.1523,12171800
2018-04-09,69.5245,70.8058,69.3254,69.8362,6952600
2018-04-10,70.5288,71.2906,70.2864,71.0136,8097800
2018-04-11,70.4855,70.9097,70.3383,70.4336,6205800
2018-04-12,70.8145,71.2473,70.7625,70.9097,5096900
2018-04-13,71.2473,71.3079,70.4942,70.8751,7837000
2018-04-16,71.3945,71.6975,71.2300,71.4378,7217200
2018-04-17,71.9832,72.1476,71.6109,71.9918,6500900
2018-04-18,72.1736,72.3035,71.7061,72.0524,4704500
2018-04-19,71.9226,71.9918,71.1867,71.4464,5833600
2018-04-20,71.5070,71.6109,70.8318,71.0655,5250500
2018-04-23,71.2560,71.5676,71.0742,71.3426,9257300
2018-04-24,71.5676,71.6196,70.2691,70.8058,8904800
2018-04-25,70.7192,71.1607,70.2258,71.1261,8068800
2018-04-26,71.3339,72.3035,71.3339,72.0265,9463300
2018-04-27,71.9745,72.4333,71.8187,72.3208,6663300
2018-04-30,72.6325,72.6757,71.2040,71.2127,7241000
2018-05-01,71.1261,71.3772,70.5807,71.1781,8498000
2018-05-02,70.8058,70.8577,70.0440,70.1998,11594300
2018-05-03,69.8795,69.8882,68.6589,69.5679,13524100
2018-05-04,69.3601,70.3556,69.0917,70.1219,7889500
2018-05-07,70.3470,70.6240,69.8362,70.0180,5886700
2018-05-08,69.8449,69.9055,69.0744,69.4899,9522300
2018-05-09,69.6198,70.1911,69.2389,69.8882,11340200
2018-05-10,70.1825,71.1348,70.1479,70.8231,7845500
2018-05-11,70.8837,72.0178,70.7539,71.8793,10434000
2018-05-14,72.0091,72.6584,71.8620,72.3554,11837600
2018-05-15,71.8793,71.9658,71.1867,71.4204,8806800
2018-05-16,71.3858,72.0697,71.3772,71.8187,7013600
2018-05-17,71.7494,71.9658,71.4378,71.8446,6610400
2018-05-18,71.8966,72.1736,71.6542,72.0265,5838900
2018-05-21,72.3641,72.5026,71.9918,72.0957,6406500
2018-05-22,72.2429,72.3295,71.8447,71.9572,5770200
2018-05-23,71.6542,72.2169,71.5676,72.1909,8360500
2018-05-24,72.1477,72.2689,71.5850,71.9053,7166500
2018-05-25,71.9312,72.2515,71.6802,71.8014,6853300
2018-05-29,71.3339,71.4637,70.6154,71.0655,18236800
2018-05-30,71.5503,72.2948,71.4724,72.1303,13167700
2018-05-31,71.9918,72.0524,71.3166,71.3426,11543500
2018-06-01,71.6282,72.1909,71.5503,72.1650,8037800
2018-06-04,72.2515,72.5372,72.0178,72.4333,7230800
2018-06-05,72.4593,72.6151,71.9399,72.2861,5444400
2018-06-06,72.5372,73.1778,72.2429,73.0999,7218900
2018-06-07,73.3164,73.3856,72.8402,73.1952,7405600
2018-06-08,73.1692,73.6713,73.0480,73.6193,6247100
2018-06-11,73.6280,74.1128,73.4548,73.7578,7074400
2018-06-12,73.8358,73.8358,73.3856,73.7146,6829200
2018-06-13,73.8444,74.2080,73.6366,73.7319,10379200
2018-06-14,73.8790,74.1561,73.6713,74.1128,9379800
2018-06-15,74.0224,74.2918,73.6836,74.2570,9349300
2018-06-18,73.8052,73.8052,73.2404,73.5445,7342600
2018-06-19,73.0405,73.7617,72.9276,73.7357,6431700
2018-06-20,73.8313,74.0659,73.6749,73.8921,5900800
2018-06-21,73.8226,73.8313,73.2926,73.4663,7423400
2018-06-22,73.7357,74.0832,73.5445,73.7965,9829800
2018-06-25,73.5184,73.8052,72.5626,73.1187,9925100
2018-06-26,73.1796,73.2317,72.7973,72.8928,5560100
2018-06-27,72.8928,73.2665,72.2238,72.2759,7420500
2018-06-28,72.0066,72.5540,71.5026,72.3715,9026900
2018-06-29,72.5974,73.1622,72.4671,72.5192,6479300
2018-07-02,72.1195,72.7886,71.8762,72.7451,9364700
2018-07-03,73.0058,73.2578,72.7278,72.9189,3023100
2018-07-05,73.2578,73.7531,73.0840,73.6749,7458600
2018-07-06,74.0311,74.8653,73.9442,74.7349,9822500
2018-07-09,75.0303,75.4300,75.0043,75.2823,7874400
2018-07-10,75.4301,75.6038,75.2302,75.5691,6122900
2018-07-11,75.1607,75.2389,74.9174,74.9695,6434500
2018-07-12,75.3432,75.8558,75.2997,75.8037,4461600
2018-07-13,75.6386,76.1078,75.5951,75.9427,6048700
2018-07-16,76.0035,76.0035,75.3779,75.4822,5388500
2018-07-17,75.4561,76.0122,75.4214,75.8993,5849300
2018-07-18,75.9166,75.9775,75.6907,75.9601,7575700
2018-07-19,75.7776,75.9340,75.2041,75.5343,5204000
2018-07-20,75.3258,75.4996,75.1694,75.3866,4822600
2018-07-23,75.3432,75.6386,75.2563,75.5430,3824600
2018-07-24,75.9427,76.3598,75.8906,76.2295,6467100
2018-07-25,76.1860,77.2200,76.1078,77.2026,9285900
2018-07-26,77.0723,77.2548,76.8203,76.9854,5763000
2018-07-27,77.0201,77.0201,76.1512,76.4293,5742900
2018-07-30,76.3685,76.6205,76.2469,76.4728,5531200
2018-07-31,76.7508,77.3764,76.6378,77.2722,6719100
2018-08-01,77.2287,77.5762,77.2287,77.2895,5733000
2018-08-02,76.9593,77.7414,76.9246,77.5763,5666200
2018-08-03,77.6371,78.0976,77.5328,78.0368,5884800
2018-08-06,77.9933,78.3496,77.7153,78.1758,4751100
2018-08-07,78.1845,78.4452,78.0802,78.1845,5170300
2018-08-08,78.1932,78.4191,78.0194,78.3061,5020400
2018-08-09,78.3148,78.5321,78.1410,78.2192,5680300
2018-08-10,77.9325,78.3409,77.6110,77.8804,5389500
2018-08-13,77.9673,78.2801,77.7066,77.9064,6563900
2018-08-14,78.0194,78.4104,77.9412,78.2714,5497700
2018-08-15,78.0281,78.2366,77.6458,78.1411,6840600
2018-08-16,78.3670,79.0100,78.2714,78.9057,6916700
2018-08-17,78.8449,79.3923,78.6624,79.1490,5455300
2018-08-20,79.3315,79.5574,79.2880,79.4097,8144900
2018-08-21,79.6095,79.6443,79.2446,79.4097,6395900
2018-08-22,79.2272,79.6616,79.1316,79.4879,3954300
2018-08-23,79.4444,79.6530,79.2707,79.4618,6058300
2018-08-24,79.6443,79.8441,79.4966,79.8441,4028900
2018-08-27,80.1309,80.1917,79.7920,80.1309,4671300
2018-08-28,80.2525,80.2786,80.0005,80.1743,4954100
2018-08-29,80.1917,80.7826,80.1048,80.6957,5338500
2018-08-30,80.6348,80.9042,80.4610,80.6348,5266100
2018-08-31,80.4437,80.6870,80.2873,80.6174,5808100
2018-09-04,80.5479,80.6001,79.7833,79.9744,6875500
2018-09-05,79.9136,80.2960,79.7659,80.2960,10218900
2018-09-06,80.2873,80.4611,79.8094,80.2960,5940300
2018-09-07,80.1048,80.4958,79.9832,80.4176,5591100
2018-09-10,80.6175,80.7652,80.1309,80.2091,4234000
2018-09-11,80.0700,80.2960,79.8007,80.1395,5683900
2018-09-12,80.1917,80.6870,80.0353,80.5392,11056600
2018-09-13,80.8868,81.5385,80.8086,81.5385,10603800
2018-09-14,81.6080,81.6080,81.1214,81.2691,5929000
2018-09-17,81.2691,81.2778,80.8781,80.9737,5543000
2018-09-18,80.9737,81.6514,80.8521,81.4429,5422900
2018-09-19,81.3908,81.5646,81.2431,81.3299,4186600
2018-09-20,81.5645,82.1728,81.5124,82.1207,5083000
2018-09-21,82.3361,82.4146,82.0570,82.2314,8579100
2018-09-24,82.1791,82.5629,82.0657,82.3972,5392600
2018-09-25,82.5106,82.6327,82.0570,82.1442,5215900
2018-09-26,82.3012,82.9729,82.1529,82.3274,10880500
2018-09-27,82.4408,82.9729,82.3448,82.7461,7168800
2018-09-28,82.5804,83.0514,82.5455,82.9991,5995800
2018-10-01,83.3131,83.7929,83.1648,83.4091,7307100
2018-10-02,83.4090,83.4788,83.1561,83.3131,5572700
2018-10-03,83.5922,83.7405,83.0252,83.1561,6367500
2018-10-04,83.0950,83.1299,81.9174,82.3448,10976400
2018-10-05,82.4146,82.8421,81.7342,82.2489,12291000
2018-10-08,82.1442,82.4495,81.5249,82.2140,11924000
2018-10-09,81.9959,82.6414,81.7429,82.3536,7463900
2018-10-10,82.3448,82.4408,80.3560,80.4083,22549300
2018-10-11,80.1903,80.3734,77.6693,78.2363,46581800
2018-10-12,79.1784,79.7367,78.5242,79.4401,20797300
2018-10-15,79.3092,79.6582,78.8295,78.8905,13909700
2018-10-16,79.5012,81.1934,79.4924,81.0538,13505900
2018-10-17,81.0015,81.6819,80.5915,81.4813,14232300
2018-10-18,81.4376,81.4464,79.9111,80.5566,14455600
2018-10-19,80.6962,80.9754,79.7192,79.8239,11318600
2018-10-22,79.8152,79.9635,78.8033,79.1697,8288300
2018-10-23,78.1578,79.1261,77.5298,78.7423,15424500
2018-10-24,78.7074,79.1609,76.0468,76.1428,17431900
2018-10-25,76.1341,77.6606,75.2531,77.1285,15725100
2018-10-26,76.4132,76.9541,75.3229,76.2562,25507900
2018-10-29,77.1372,77.7042,75.3752,76.4481,14024300
2018-10-30,76.4568,77.3902,76.0643,77.2681,15432000
2018-10-31,77.8874,78.2014,77.3117,77.3727,13460700
2018-11-01,77.6345,78.4806,77.6083,78.3497,9668500
2018-11-02,79.1086,79.2395,77.3466,77.8612,12953000
2018-11-05,77.9659,78.8993,77.9659,78.5504,7783500
2018-11-06,78.4457,79.0389,78.3323,78.9516,7980500
2018-11-07,79.6843,81.3417,79.6320,81.2719,13310600
2018-11-08,81.1236,81.6121,81.0102,81.3155,7345600
2018-11-09,81.2196,81.3504,80.6875,81.0800,8486500
2018-11-12,80.9579,81.0800,79.7977,79.9809,8423200
2018-11-13,80.2513,80.5741,79.1871,79.4226,14227000
2018-11-14,79.9111,79.9199,78.4108,78.7859,11664000
2018-11-15,78.2276,79.5797,77.4862,79.4837,15563900
2018-11-16,79.3441,80.6700,79.3005,80.2862,11323200
2018-11-19,80.3647,80.4171,78.9167,79.2656,8821000
2018-11-20,78.7684,79.3529,78.3410,78.5242,11604300
2018-11-21,78.7771,78.7859,78.0619,78.0793,9345100
2018-11-23,77.6606,78.6637,77.6170,78.1927,3939500
2018-11-26,78.8208,79.1610,78.4893,78.9516,7141200
2018-11-27,78.6899,79.7716,78.4020,79.7716,9262000
2018-11-28,80.0071,81.7168,79.9896,81.6906,11870400
2018-11-29,81.4987,82.4408,81.3853,81.9610,8796000
2018-11-30,81.9087,83.6271,81.8215,83.6271,15875900
2018-12-03,83.5748,83.5748,82.7461,83.2259,12158200
2018-12-04,83.2084,83.6707,81.2196,81.3679,15011300
2018-12-06,80.3560,81.0626,78.6289,81.0626,18492900
2018-12-07,80.8358,80.9492,78.6027,78.9952,14930800
2018-12-10,79.0388,79.5971,77.3291,79.3005,15372000
2018-12-11,79.9635,80.4956,78.9778,79.5448,13632300
2018-12-12,80.4258,81.2719,80.1728,80.2252,12581000
2018-12-13,80.4433,80.8881,79.7629,80.3037,11567100
2018-12-14,79.5186,79.5884,77.3640,77.5995,19422700
2018-12-17,76.7970,77.4425,75.5322,76.0556,22089500
2018-12-18,76.7098,76.8494,74.6686,75.3926,24712500
2018-12-19,75.5409,76.4481,73.7353,74.4070,23075600
2018-12-20,74.0667,74.3720,72.8368,73.3602,25321600
2018-12-21,73.4741,74.7184,72.2999,72.4489,28909200
2018-12-24,71.9669,72.2386,70.6701,70.7139,14235500
2018-12-26,70.9768,73.8684,70.6350,73.7983,20575100
2018-12-27,72.9308,74.6571,71.9407,74.6133,14045700
2018-12-28,75.0952,75.7436,74.3942,74.7009,15770600
2018-12-31,75.1215,75.8751,75.0689,75.8050,10163100
2019-01-02,74.6395,75.2091,73.8421,74.6570,14179900
2019-01-03,74.7622,74.9199,72.9483,73.1411,17668000
2019-01-04,73.9998,75.7348,73.9648,75.3230,16262600
2019-01-07,75.3493,76.3219,75.1215,75.6122,12387200
2019-01-08,76.2168,76.4534,75.3580,76.1992,13371000
2019-01-09,76.5322,76.9879,76.3132,76.5410,11259700
2019-01-10,76.1992,76.7425,75.8137,76.6899,10396800
2019-01-11,76.3307,76.9704,76.1905,76.9441,7187900
2019-01-14,76.4796,76.5147,76.0853,76.0941,5449000
2019-01-15,76.1992,77.4786,76.1817,77.4611,10540600
2019-01-16,77.5662,77.8992,77.2683,77.3209,8288900
2019-01-17,77.1106,78.3286,77.0492,78.0043,8731600
2019-01-18,78.5827,78.9770,77.9956,78.9332,13367500
2019-01-22,78.3812,78.5301,77.8466,78.3899,12244500
2019-01-23,78.5388,78.9069,77.6275,78.4775,7722800
2019-01-24,78.3987,78.4688,77.4523,77.8203,11307000
2019-01-25,78.2059,78.2059,77.6889,77.9167,7241900
2019-01-28,77.3822,77.4611,76.6637,77.0317,7113800
2019-01-29,77.0317,77.4698,76.8126,77.4085,11099200
2019-01-30,77.6977,78.6878,77.5049,78.4688,11706500
2019-01-31,78.3811,79.6342,78.3023,79.4502,13409900
2019-02-01,79.5466,79.7043,78.9770,79.5203,9386500
2019-02-04,79.5290,79.5290,78.6177,79.2924,9308600
2019-02-05,79.4239,79.8708,79.1610,79.1785,8921400
2019-02-06,79.0383,79.5729,78.9419,79.5378,6135900
2019-02-07,79.0208,79.1522,78.2409,78.6615,9511700
2019-02-08,78.3548,78.8192,78.2409,78.8105,7284200
2019-02-11,78.9858,79.0383,78.4951,78.7141,5017400
2019-02-12,79.0559,79.8357,78.9157,79.7919,9093200
2019-02-13,79.9496,80.2037,79.6079,79.9672,6435600
2019-02-14,79.7656,80.5104,79.6517,80.1512,6938600
2019-02-15,80.7558,81.4042,80.1512,81.3604,8234200
2019-02-19,81.1414,81.4831,81.1326,81.1676,6284100
2019-02-20,80.9661,81.1764,80.6682,81.0713,6959900
2019-02-21,80.7821,80.8347,80.0022,80.3615,8368500
2019-02-22,80.5192,81.1676,80.4228,81.0975,6488100
2019-02-25,81.5094,81.7022,81.1501,81.2115,7652600
2019-02-26,81.0274,81.2465,80.8259,80.9223,7288000
2019-02-27,80.6506,80.9310,80.2738,80.5455,9827600
2019-02-28,80.3965,80.8347,80.2213,80.3089,9464100
2019-03-01,80.8084,81.5620,80.7383,81.4480,10795200
2019-03-04,81.7372,81.8862,79.7919,80.3440,15208400
2019-03-05,80.3790,80.5893,79.8883,80.3001,13591700
2019-03-06,80.3089,80.4140,78.9069,79.1260,11662400
2019-03-07,79.0120,79.1785,78.2322,78.5038,14430700
2019-03-08,78.0832,78.3811,77.6626,78.3373,11531200
2019-03-11,78.5476,79.3012,78.3198,79.2311,9694300
2019-03-12,79.4326,79.9934,79.3187,79.8094,8981600
2019-03-13,80.0460,80.8873,79.9935,80.6682,10098300
2019-03-14,80.6419,80.7470,80.2475,80.5367,9283800
2019-03-15,80.6783,81.0389,80.3969,80.9070,10219400
2019-03-18,80.9861,81.0653,80.4936,80.7839,7183500
2019-03-19,81.0653,81.6546,80.7751,81.4259,11308700
2019-03-20,81.3292,81.4259,80.5464,80.8630,11123700
2019-03-21,80.1858,81.3028,80.0715,81.1797,7398200
2019-03-22,80.8278,81.1269,79.6845,79.7020,12162600
2019-03-25,79.8428,79.9131,79.0864,79.6581,9893300
2019-03-26,80.1242,80.7135,79.6405,80.2034,8107200
2019-03-27,80.1066,80.2913,78.9808,79.5349,10817400
2019-03-28,79.7724,79.9571,79.3239,79.7373,6726800
2019-03-29,80.2122,80.7663,80.0363,80.6959,10120900
2019-04-01,81.1885,81.3116,80.6344,80.8191,9082000
2019-04-02,80.8366,80.9598,80.4848,80.6343,7002200
2019-04-03,80.9950,81.0389,80.2913,80.5288,7398700
2019-04-04,80.5992,80.6959,79.8956,80.3617,9212400
2019-04-05,80.5552,81.0565,80.5024,80.9158,6262000
2019-04-08,80.8543,80.9774,80.3265,80.8982,5961200
2019-04-09,80.6168,80.8630,80.3969,80.6871,7207600
2019-04-10,80.7839,80.9334,80.5728,80.7135,5433400
2019-04-11,80.8894,80.9334,79.3678,79.7197,8534200
2019-04-12,80.0275,80.0539,78.8577,78.9896,11659000
2019-04-15,79.0864,79.3678,78.9369,79.3063,7921900
2019-04-16,79.9659,80.0627,77.5472,77.6792,14857100
2019-04-17,77.9430,77.9606,75.0494,75.4452,34381800
2019-04-18,75.6738,76.0344,74.4513,75.5683,35300900
2019-04-22,75.4452,76.0520,75.2077,75.6123,18717700
2019-04-23,75.5859,77.2130,75.4540,76.8084,30503400
2019-04-24,76.8348,76.9931,76.3775,76.7205,14612800
2019-04-25,76.5534,77.7407,76.2368,77.5121,16166400
2019-04-26,77.6176,78.3124,77.4505,78.2861,11321700
2019-04-29,78.3124,78.4531,77.8111,78.1453,13264400
2019-04-30,78.3740,78.6554,77.8199,78.5059,11750900
2019-05-01,78.6114,78.9193,77.9254,78.3652,25596400
2019-05-02,78.2860,78.7786,77.8375,78.6994,18927500
2019-05-03,78.9193,79.3239,78.7874,79.2975,13624000
2019-05-06,78.1453,79.9043,78.0134,79.7020,25168300
2019-05-07,79.0864,79.4734,77.7143,78.1717,18011600
2019-05-08,78.1365,78.6994,77.6967,78.3388,13783300
2019-05-09,77.6440,78.4267,77.2746,78.1717,15692300
2019-05-10,77.9166,78.4004,76.5270,78.1981,17771800
2019-05-13,76.8700,78.1541,76.4303,76.7293,17436000
2019-05-14,77.0811,77.6528,76.9316,77.1163,13147000
2019-05-15,76.7117,77.6088,76.3687,77.3450,10587700
2019-05-16,77.5121,78.6203,77.4593,77.9518,15124000
2019-05-17,77.3098,78.4004,77.3098,77.7847,13354100
2019-05-20,77.4505,77.9958,77.1778,77.7495,10757400
2019-05-21,78.1893,78.8137,78.1365,78.4795,11690600
2019-05-22,78.2509,79.1040,78.1805,78.9281,9021800
2019-05-23,78.5323,78.6554,77.9958,78.6554,13545300
2019-05-24,78.9281,79.2447,78.5763,78.7698,9986400
2019-05-28,78.8402,79.3151,77.6352,77.6440,20796000
2019-05-29,77.2658,77.2746,76.3599,76.8964,16302700
2019-05-30,77.0459,77.4417,76.9668,77.3186,12457600
2019-05-31,76.8172,77.1251,76.3159,76.7645,10712900
2019-06-03,76.8348,77.6088,76.7909,76.9492,19371000
2019-06-04,77.5912,78.3564,77.4944,78.2244,15837200
2019-06-05,78.7961,78.9984,78.2509,78.8137,24291700
2019-06-06,78.9369,79.5350,78.7522,79.2183,18840900
2019-06-07,79.4734,80.2385,79.4470,80.0451,9302700
2019-06-10,80.2913,80.5464,79.9923,80.2825,8552800
2019-06-11,80.6783,80.8806,79.9483,80.1506,8317900
2019-06-12,80.1682,80.5640,80.0891,80.5376,5799200
2019-06-13,80.6783,80.6783,80.1242,80.4408,9031800
2019-06-14,80.4760,80.7135,80.1946,80.2562,5056300
2019-06-17,80.3353,80.6695,80.2210,80.6168,4861500
2019-06-18,81.0214,81.5842,80.8630,81.3028,7979600
2019-06-19,81.3204,82.2175,81.2676,82.0328,6988100
2019-06-20,82.7100,82.9651,81.9184,82.3934,9241200
2019-06-21,82.3121,82.9481,81.8440,82.7891,9026100
2019-06-24,82.6831,82.7361,82.2061,82.3563,6493600
2019-06-25,82.4181,82.7979,81.9411,82.0206,14930600
2019-06-26,82.1355,82.1443,80.8194,80.9872,10498400
2019-06-27,81.2699,81.7115,81.1109,81.5525,7416200
2019-06-28,81.5878,81.8970,81.1197,81.8263,9390600
2019-07-01,82.4711,82.5064,81.8970,82.2326,7797200
2019-07-02,82.3033,82.6743,81.8352,82.6743,7952500
2019-07-03,82.8597,83.3985,82.8509,83.3809,4066000
2019-07-05,83.0276,83.2307,82.6213,82.8068,5934300
2019-07-08,82.4888,82.5153,81.8087,82.1885,15202000
2019-07-09,81.8882,82.3563,81.8793,82.2680,5537300
2019-07-10,82.4535,82.7714,82.2061,82.5506,5347300
2019-07-11,83.1247,83.1601,82.0118,82.5683,13691700
2019-07-12,82.2945,82.3121,81.0844,81.6497,11508200
2019-07-15,81.6938,82.0206,81.4200,81.8263,5811100
2019-07-16,81.7645,81.8793,81.3670,81.4200,9092300
2019-07-17,81.5878,81.8617,81.4289,81.4377,9566700
2019-07-18,81.4289,82.0295,81.0314,81.8970,6559500
2019-07-19,82.0825,82.1178,80.9784,81.0491,8105900
2019-07-22,81.1374,81.1904,80.8106,80.8812,5192500
2019-07-23,80.9960,81.5083,80.6604,81.3847,6688600
2019-07-24,81.2610,81.4377,80.5279,81.4289,5430400
2019-07-25,81.2080,81.5172,80.8547,81.0314,6618700
2019-07-26,81.3140,81.4730,81.0137,81.3229,3812400
2019-07-29,81.3671,81.7204,81.2346,81.6585,5887500
2019-07-30,81.0314,81.3405,80.6957,81.3052,7959200
2019-07-31,81.2169,81.5525,80.0068,80.5014,8557400
2019-08-01,80.5102,81.4730,80.1216,80.6074,16422500
2019-08-02,80.4926,80.7399,79.9008,80.4219,15956600
2019-08-05,79.5121,79.8301,77.8958,78.5317,17626200
2019-08-06,78.9292,79.5651,78.4964,79.5475,10135900
2019-08-07,78.9027,79.7948,77.9046,79.5740,12452500
2019-08-08,79.8213,80.7134,79.7153,80.6339,12034800
2019-08-09,80.4926,81.2434,80.0333,80.7311,7253100
2019-08-12,80.4308,80.7311,79.6358,79.9450,7097100
2019-08-13,79.9185,81.4112,79.8478,80.9872,12232500
2019-08-14,80.1569,80.3513,78.6907,78.7349,16426100
2019-08-15,79.0705,79.3090,78.4964,79.0087,12315200
2019-08-16,79.5475,80.1923,79.4945,79.9803,10239300
2019-08-19,80.6074,80.9519,80.4749,80.7487,6427200
2019-08-20,80.7752,80.9431,79.9980,80.0598,4708800
2019-08-21,80.6162,80.8459,80.4131,80.6516,5687100
2019-08-22,80.8017,80.9872,79.9361,80.2541,6486900
2019-08-23,80.1128,80.4131,78.0106,78.3992,9822700
2019-08-26,79.0264,79.2825,78.6996,79.2207,8913900
2019-08-27,79.7065,79.9803,78.6996,78.7526,8252000
2019-08-28,78.4787,79.4945,78.3639,79.3267,5691500
2019-08-29,79.9273,80.1569,79.4150,79.9273,4360300
2019-08-30,80.2983,80.4573,79.6800,80.0245,4784100
2019-09-03,79.5563,79.9361,79.2737,79.5563,6437800
2019-09-04,80.0775,80.1216,79.2384,79.6093,9318700
2019-09-05,80.2895,80.5721,79.8655,80.3954,7897400
2019-09-06,80.5632,80.8459,80.4484,80.6162,13166400
2019-09-09,80.6869,80.7134,79.5828,79.8743,10675900
2019-09-10,79.4680,80.1128,78.6289,80.1040,8770700
2019-09-11,80.2364,80.9254,80.0421,80.8989,8124300
2019-09-12,81.2610,81.5967,80.8282,80.8724,9344700
2019-09-13,80.9696,81.4819,80.6604,80.8282,6351000
2019-09-16,80.3866,80.8547,80.2894,80.6516,6668100
2019-09-17,80.6074,80.9960,80.4926,80.7752,3932900
2019-09-18,80.7752,80.8724,80.1923,80.7664,5369800
2019-09-19,80.8636,81.5083,80.7134,81.1462,5058600
2019-09-20,81.3324,81.9799,81.3236,81.5985,8935700
2019-09-23,81.3591,81.6518,81.1374,81.1640,4232900
2019-09-24,81.4655,81.5187,80.1351,80.4189,10542600
2019-09-25,80.4278,80.4987,79.9134,80.0287,7956800
2019-09-26,80.2947,80.3213,78.9732,79.5852,10004500
2019-09-27,79.8512,79.9666,78.9377,79.2304,10017300
2019-09-30,79.3369,80.4278,79.2836,79.9400,8031600
2019-10-01,80.1528,80.3302,78.9998,79.1595,13413900
2019-10-02,78.9111,79.0708,77.6605,78.0064,13385000
2019-10-03,77.9000,78.7337,77.3412,78.7071,11958800
2019-10-04,78.9377,79.9843,78.8934,79.9400,9146600
2019-10-07,79.6118,80.1972,79.4965,79.6739,8247200
2019-10-08,79.0087,79.0442,78.1395,78.1572,10649300
2019-10-09,78.6362,78.9555,78.3701,78.7249,7350200
2019-10-10,78.4942,79.3901,78.4233,79.1151,8232300
2019-10-11,79.8690,80.7116,79.7360,79.7714,10773200
2019-10-14,79.7182,80.1262,79.6118,79.7360,4915600
2019-10-15,80.6140,81.4744,80.5608,81.1906,12607900
2019-10-16,81.1285,81.5010,80.9511,81.0841,7851500
2019-10-17,81.3502,81.9178,81.3147,81.6872,7536100
2019-10-18,81.4566,81.8114,81.0220,81.3857,6784700
2019-10-21,81.7227,81.8469,81.1373,81.2970,4948400
2019-10-22,81.9178,82.4411,81.4389,81.4744,8702400
2019-10-23,81.6163,82.2194,81.4478,81.9799,5525000
2019-10-24,82.1218,82.2105,81.2704,81.5631,6892300
2019-10-25,81.3502,81.8735,81.1374,81.6518,5536900
2019-10-28,81.8646,82.6629,81.7937,82.4944,6937900
2019-10-29,82.6895,83.7982,82.4855,83.6651,13768400
2019-10-30,83.6917,84.1707,83.3636,84.1352,10179700
2019-10-31,83.9755,84.0908,83.4966,84.0376,9675200
2019-11-01,84.4900,84.8536,84.1263,84.1441,14670800
2019-11-04,84.5343,84.5787,83.8514,83.8869,9878200
2019-11-05,84.0110,84.0199,83.1063,83.2926,13273800
2019-11-06,83.3724,83.7361,83.1152,83.5764,13130200
2019-11-07,83.8957,84.0288,83.5143,83.7627,7827900
2019-11-08,83.7095,84.3924,83.6119,84.3747,7756900
2019-11-11,84.0554,84.2328,83.7982,84.0288,6092500
2019-11-12,84.1618,84.8359,84.0465,84.5343,13801500
2019-11-13,84.3037,84.8359,84.1707,84.6319,6507700
2019-11-14,84.6142,84.7649,84.1263,84.6408,6498800
2019-11-15,84.9334,86.5920,84.8536,86.4412,11337700
2019-11-18,86.3614,86.8581,86.0421,86.1485,11251400
2019-11-19,86.4501,86.8581,86.2284,86.7340,10025800
2019-11-20,86.5920,86.8936,86.1042,86.6186,12305600
2019-11-21,86.6719,86.9025,86.0776,86.8404,9122400
2019-11-22,86.9912,87.2750,86.8049,87.1508,6141800
2019-11-25,87.5056,88.1885,87.3725,88.1708,11726500
2019-11-26,88.1619,88.3038,87.8071,88.0998,11073300
2019-11-27,88.2240,88.6852,88.1442,88.5522,6333200
2019-11-29,88.3216,88.5256,88.0643,88.2417,2392000
2019-12-02,88.4191,88.4457,87.5677,87.8515,6682200
2019-12-03,87.1863,87.7273,86.9468,87.6564,7709700
2019-12-04,88.0111,88.5877,87.9224,88.4724,6237600
2019-12-05,88.5256,88.6054,87.7273,88.4724,7390400
2019-12-06,88.9336,89.3593,88.8715,89.0577,5658500
2019-12-09,89.0932,89.1109,88.4368,88.4368,5148900
2019-12-10,88.4191,88.7118,88.0732,88.6320,6027900
2019-12-11,88.7029,88.9335,88.5344,88.7118,6064300
2019-12-12,88.7561,89.8293,88.7118,89.5367,9769100
2019-12-13,89.4480,89.9979,89.1109,89.4746,6433200
2019-12-16,89.9979,90.7695,89.9979,90.4413,7730300
2019-12-17,90.5566,90.6897,90.2196,90.3438,4643600
2019-12-18,90.3793,90.6453,90.2817,90.4680,5202900
2019-12-19,90.6542,90.9203,90.5123,90.8227,6637200
2019-12-20,91.0917,91.6706,91.0917,91.4658,8586500
2019-12-23,91.6795,91.9288,91.4479,91.8309,4770900
2019-12-24,91.8309,91.9467,91.4925,91.7151,2071800
2019-12-26,91.8309,91.9378,91.3589,91.6528,2910100
2019-12-27,91.8487,91.8576,91.4746,91.6795,3605000
2019-12-30,91.6759,91.8731,90.9946,91.1291,5665100
2019-12-31,90.9319,91.3891,90.7795,91.3084,4746700
2020-01-02,91.5863,91.6939,90.8960,91.5504,6277400
2020-01-03,90.4927,91.2725,90.0445,90.7526,8247500
2020-01-06,90.3403,91.3443,90.3134,91.3174,6441800
2020-01-07,91.0664,91.2187,90.6271,91.1381,6335300
2020-01-08,91.1829,92.1420,91.1470,91.7297,7494700
2020-01-09,92.0076,92.3751,91.8104,92.1241,6660600
2020-01-10,92.4737,92.6261,91.9897,92.1510,9300300
2020-01-13,92.3034,92.3213,91.5146,91.8283,7621700
2020-01-14,91.5504,92.4020,91.3891,92.3841,7294900
2020-01-15,92.4917,93.4239,92.4200,93.1819,7521800
2020-01-16,93.5673,93.7287,93.1998,93.6659,5479900
2020-01-17,93.4329,93.8094,93.4329,93.6659,6533400
2020-01-21,93.4508,93.9797,93.4149,93.7645,6644800
2020-01-22,93.9707,94.1948,93.7556,93.8811,9431500
2020-01-23,93.7197,93.8542,92.7606,93.4060,8522600
2020-01-24,93.5136,93.5584,91.6132,91.8462,15962700
2020-01-27,90.7347,91.4966,90.6092,91.1470,11762300
2020-01-28,91.4160,91.9538,91.1650,91.5952,8079900
2020-01-29,91.6849,92.0076,91.3263,91.3442,6435700
2020-01-30,90.6719,90.7347,89.9010,90.6809,10989400
2020-01-31,90.3224,90.3941,88.5743,88.8702,14476700
2020-02-03,89.4887,90.3223,89.4887,89.6769,11850600
2020-02-04,90.7974,91.6221,90.7795,91.2546,9575100
2020-02-05,91.6849,93.3343,91.6759,93.0116,14131000
2020-02-06,93.4418,93.4418,92.6888,93.0922,6166500
2020-02-07,93.1012,93.1819,92.2227,92.3661,6057200
2020-02-10,92.0255,92.8592,91.9538,92.8592,4010100
2020-02-11,93.1819,93.4956,92.9936,93.4149,10277100
2020-02-12,93.7645,93.9797,93.1550,93.5315,4705700
2020-02-13,93.1908,93.4777,92.9040,93.0922,4778500
2020-02-14,93.1908,93.2267,92.7068,93.1640,5114200
2020-02-18,93.1640,93.2805,92.5275,92.8323,8409300
2020-02-19,93.0743,93.3970,92.9847,93.2626,6427900
2020-02-20,93.0474,93.1371,91.8193,92.6620,8080900
2020-02-21,92.3034,92.8054,91.9807,92.7157,6510800
2020-02-24,90.4747,91.0843,89.3632,89.7935,16284500
2020-02-25,90.1162,90.3134,86.7636,87.0684,20301600
2020-02-26,87.5524,88.5833,86.8711,87.0594,13721600
2020-02-27,86.1182,87.2566,84.0833,84.1012,22047900
2020-02-28,81.8871,83.0614,80.6590,83.0166,27750600
2020-03-02,83.0435,87.0415,82.7566,86.9070,22359400
2020-03-03,87.1221,88.6460,83.6082,84.7467,33385500
2020-03-04,87.2925,89.7755,87.1132,89.6321,26418700
2020-03-05,87.7138,88.9150,86.5574,87.5524,17873000
2020-03-06,85.1500,87.4000,84.8004,87.0863,17917700
2020-03-09,81.9230,84.5136,80.6859,82.5594,21968500
2020-03-10,84.9439,85.5355,81.5196,85.3921,26473200
2020-03-11,83.3752,83.9668,81.0804,82.1292,23217900
2020-03-12,77.1003,80.4349,74.3124,75.9977,20652200
2020-03-13,79.5296,81.4837,75.4419,81.2686,29162800
2020-03-16,73.9718,78.0325,72.3134,73.2547,21474800
2020-03-17,74.7696,78.4808,73.8194,77.8533,27899700
2020-03-18,73.8642,76.4638,71.6411,75.2716,28931000
2020-03-19,74.4290,75.5316,72.9051,73.7298,27121100
2020-03-20,74.3662,75.1281,70.4937,70.8971,22004900
2020-03-23,70.4395,70.5386,66.2420,67.2148,33633000
2020-03-24,70.3945,72.5383,69.8720,72.3942,16775800
2020-03-25,71.9168,75.7450,71.0430,73.3580,16851800
2020-03-26,74.0155,78.6455,73.8714,78.2311,18822500
2020-03-27,75.9702,78.5734,75.9162,76.5557,13043200
2020-03-30,77.9339,80.2939,77.9249,80.1407,13766700
2020-03-31,80.2128,80.6451,78.9427,79.7894,13584900
2020-04-01,77.1232,77.8168,76.0152,76.7539,15255200
2020-04-02,76.3665,79.0598,75.6009,78.8796,13588000
2020-04-03,78.6275,79.3751,77.2853,78.1681,12934200
2020-04-06,80.6542,82.7349,80.2939,82.2665,13472900
2020-04-07,84.3563,84.5094,81.5099,81.5910,16699200
2020-04-08,82.2935,85.4462,81.2667,84.9508,32624300
2020-04-09,85.7254,85.8876,84.6445,85.4192,12982500
2020-04-13,85.1129,85.4102,83.4646,84.6716,9606600
2020-04-14,86.3290,87.7972,86.0407,87.4819,12830800
2020-04-15,86.3200,87.5450,85.8336,87.0316,11019000
2020-04-16,87.6801,89.1573,87.4009,88.9322,11331600
2020-04-17,91.0940,91.0940,89.5267,90.7787,11504400
2020-04-20,89.9140,91.3462,89.8149,90.0581,10558100
2020-04-21,88.5178,89.0222,87.0315,87.3198,9291400
2020-04-22,88.5898,89.2024,88.0404,88.6529,11994100
2020-04-23,89.1213,90.5175,88.9412,89.1393,16013300
2020-04-24,89.6798,90.5175,89.1213,90.3373,7853300
2020-04-27,90.9679,91.8867,90.8238,91.4993,8022100
2020-04-28,92.1119,92.1119,89.5447,89.6528,11517500
2020-04-29,91.0309,91.0309,89.6618,90.2473,9939900
2020-04-30,89.8599,90.4184,89.3645,89.8329,12768900
2020-05-01,88.8060,88.9682,87.3288,88.1215,10102000
2020-05-04,87.8513,88.2746,87.2748,88.0764,8991300
2020-05-05,88.8511,90.6346,88.6259,89.9861,11498300
2020-05-06,90.4544,90.5175,89.0493,89.0943,9493200
2020-05-07,90.0040,90.0131,88.9772,89.0853,9453900
2020-05-08,90.0401,90.0761,89.2744,89.5447,10374500
2020-05-11,89.1754,91.3192,89.1754,91.0850,15115100
2020-05-12,91.6164,91.6975,89.6888,89.6978,18471000
2020-05-13,89.5807,90.2743,88.0134,88.7250,12667200
2020-05-14,87.9053,89.7428,87.8873,89.6978,12021400
2020-05-15,89.4456,90.5355,89.2384,90.4544,15170200
2020-05-18,92.1479,92.5712,91.1480,91.2021,10557300
2020-05-19,90.9138,91.3822,90.0941,90.1031,10561400
2020-05-20,90.7877,91.1300,90.0041,90.2112,10058000
2020-05-21,89.9590,90.0131,89.0222,89.5447,12259500
2020-05-22,89.5537,89.8059,89.0853,89.7338,10233200
2020-05-26,91.1480,91.2291,89.4276,89.5717,10828800
2020-05-27,89.6978,90.4995,88.3377,90.4995,15551900
2020-05-28,91.2381,92.5982,91.2111,91.6795,11707700
2020-05-29,92.0758,92.9856,90.6976,92.7874,19055300
2020-06-01,92.2019,92.3100,91.2922,91.8686,8436200
2020-06-02,91.9047,92.4451,91.3552,92.4001,13162300
2020-06-03,92.6703,92.7604,91.8326,92.2199,10020900
2020-06-04,91.6615,92.3010,90.9048,91.4903,10848300
2020-06-05,92.0668,93.7152,91.5894,92.9676,14579500
2020-06-08,92.5983,93.6431,92.3731,93.6071,8191300
2020-06-09,93.4179,93.8773,92.5262,92.6343,10371100
2020-06-10,92.9405,93.2468,92.0848,92.4902,10519700
2020-06-11,91.6885,91.8596,87.0406,87.3468,39561900
2020-06-12,89.1754,89.4636,86.4010,87.9143,19397200
2020-06-15,86.5992,88.6169,85.9506,88.1125,14521800
2020-06-16,90.1842,90.8598,88.7971,90.2833,13272800
2020-06-17,90.7337,90.8958,89.8780,90.1932,9086200
2020-06-18,89.6798,90.0941,89.3195,89.8869,7115200
2020-06-19,90.9138,91.2831,89.8149,90.7517,12177000
2020-06-22,90.3763,90.5301,89.4717,90.4035,6889200
2020-06-23,91.0276,91.5703,90.6205,90.7924,5369900
2020-06-24,90.1140,90.2949,87.7801,88.4224,15739700
2020-06-25,88.3410,89.3993,87.5992,89.2908,10506300
2020-06-26,89.1280,89.3541,87.7802,88.2053,16631400
2020-06-29,88.9018,89.1642,88.2144,89.0013,7490200
2020-06-30,89.0285,91.0004,88.7661,90.5210,9183000
2020-07-01,90.9462,91.5975,90.3763,91.2175,10932800
2020-07-02,92.0226,92.4297,91.7060,91.9050,6502400
2020-07-06,92.9634,93.3704,92.3935,92.8367,6374400
2020-07-07,92.1583,93.1443,91.9050,92.0317,5913200
2020-07-08,92.3483,92.6287,91.4256,92.0407,5624900
2020-07-09,91.9412,92.2849,90.1682,91.3170,10521700
2020-07-10,91.3894,91.4799,90.4306,91.1000,10502700
2020-07-13,91.6246,93.3071,91.3804,91.6156,10167200
2020-07-14,91.3985,93.5876,91.2266,93.4338,10889900
2020-07-15,94.1212,94.9173,93.9222,94.6459,9606900
2020-07-16,94.5554,94.5645,93.8227,94.4921,6412200
2020-07-17,94.9897,96.1113,94.8540,95.7857,7548600
2020-07-20,96.0028,96.3284,95.4510,95.7676,6776300
2020-07-21,96.0932,96.4551,95.5053,95.7043,7458600
2020-07-22,96.1384,96.7264,95.6409,96.5636,5648400
2020-07-23,96.8711,97.2692,95.8128,96.1294,6970100
2020-07-24,95.9756,96.0299,94.4650,95.0710,6241000
2020-07-27,95.0349,96.0299,94.7364,95.7857,5934200
2020-07-28,95.8309,96.3103,95.4962,95.6771,6239400
2020-07-29,95.8942,97.0702,95.8309,96.6812,5449800
2020-07-30,95.7495,96.1746,94.9806,96.0118,5349200
2020-07-31,95.7133,95.9756,94.2117,95.4600,6920400
2020-08-03,96.0570,96.7626,95.8852,96.4460,8811800
2020-08-04,96.2289,96.4551,95.4238,96.0209,6092900
2020-08-05,96.5455,96.6360,96.2199,96.4641,4406600
2020-08-06,96.3465,96.7535,95.2519,95.9485,5369700
2020-08-07,95.8490,96.2741,95.5776,96.2561,4274000
2020-08-10,96.2741,96.3556,95.6771,95.9304,4640200
2020-08-11,96.4641,96.5546,95.0982,95.3243,8115900
2020-08-12,95.8399,97.2330,95.8038,96.9254,8205500
2020-08-13,96.8078,96.8983,96.1475,96.7988,5323300
2020-08-14,96.6179,97.0430,96.2379,96.6088,3826200
2020-08-17,96.7807,97.5496,96.7355,97.1787,4610200
2020-08-18,97.3777,97.5405,96.6450,97.1516,4220500
2020-08-19,97.2420,97.5134,96.6269,96.8350,6308100
2020-08-20,96.4098,96.7445,96.2741,96.5274,4938300
2020-08-21,96.3736,96.7536,95.8761,96.6269,6466700
2020-08-24,97.0883,97.1244,95.5957,96.1837,6363200
2020-08-25,96.6722,96.8712,96.3013,96.8350,5096500
2020-08-26,96.6360,96.8259,95.6771,96.7174,6995300
2020-08-27,96.8802,97.9295,96.1927,97.4772,7775200
2020-08-28,97.7486,97.7486,96.9707,97.6943,5159600
2020-08-31,97.4863,98.3999,97.4049,97.9295,6721100
2020-09-01,97.8029,97.9566,96.4641,97.0521,10999300
2020-09-02,97.1425,99.2592,96.7355,98.9969,8495800
2020-09-03,99.1235,99.2683,95.6138,96.3013,13337300
2020-09-04,96.6360,96.8078,94.4469,95.6138,14715500
2020-09-08,95.4600,95.4962,93.7775,94.0398,9660200
2020-09-09,94.7454,96.4912,94.7273,95.7043,8200800
2020-09-10,95.9756,95.9756,93.9856,94.2388,9186200
2020-09-11,94.6821,95.0620,93.8860,94.6097,8764300
2020-09-14,95.3786,96.4822,95.1886,95.9666,5846900
2020-09-15,96.4641,96.8621,95.8490,96.0932,5580500
2020-09-16,96.6088,96.7988,95.8219,95.9304,7193300
2020-09-17,95.0439,95.9394,94.7364,95.6138,7597300
2020-09-18,95.7314,96.0842,94.5826,95.4691,8649300
2020-09-21,94.1958,94.1958,92.3976,93.7054,8783000
2020-09-22,93.5510,93.7962,92.6610,93.5056,7833300
2020-09-23,93.8961,93.9324,92.4521,92.5429,7681900
2020-09-24,92.2160,92.5429,91.5167,92.0798,8434600
2020-09-25,91.7619,93.8144,91.6620,93.5601,6769000
2020-09-28,94.4592,95.1403,94.2230,94.4047,6511100
2020-09-29,94.5681,95.0495,93.9143,94.2866,5402700
2020-09-30,94.5772,96.5662,94.5591,95.7942,7565500
2020-10-01,96.2392,96.6297,95.0586,95.4672,9113200
2020-10-02,94.5591,95.5490,94.1867,94.5954,8628700
2020-10-05,95.2765,96.6388,95.2493,96.5389,6661200
2020-10-06,96.8114,96.8658,95.1676,95.2584,7747200
2020-10-07,95.9304,97.3563,95.9123,97.0566,7873100
2020-10-08,97.6196,97.8467,97.3199,97.5288,5942700
2020-10-09,98.0737,98.7004,97.8194,98.4097,5636300
2020-10-12,98.8547,99.4723,98.5278,99.0818,5065000
2020-10-13,98.4915,99.0091,98.0737,98.3280,6773600
2020-10-14,98.2917,98.7003,97.4471,97.7558,5999900
2020-10-15,96.5480,97.2291,96.3845,97.0475,6197700
2020-10-16,97.3653,98.7367,97.3290,98.0101,7462100
2020-10-19,98.2644,98.5641,96.1302,96.4571,8308500
2020-10-20,96.8023,97.3835,96.4208,96.5843,7421100
2020-10-21,96.5752,96.8477,95.8759,96.1030,5474300
2020-10-22,96.2392,97.7286,96.2301,97.5560,6127100
2020-10-23,98.0464,98.6277,97.3653,97.9193,5697900
2020-10-26,97.1292,97.2473,95.9032,96.8295,8135500
2020-10-27,96.4753,96.9567,96.1121,96.1666,6893100
2020-10-28,94.5772,95.1494,92.9970,93.1151,11431700
2020-10-29,93.0515,93.4602,91.7801,92.3522,15974200
2020-10-30,92.2341,92.7790,91.0989,92.3249,10741700
2020-11-02,93.6872,94.2049,93.0061,93.9869,10287300
2020-11-03,95.1403,96.3936,95.0677,95.3583,9812900
2020-11-04,98.0737,101.1887,97.8830,99.5904,25531500
2020-11-05,100.9617,101.0343,99.6085,99.7901,12864800
2020-11-06,99.8991,100.5076,99.1817,99.8265,12311200
2020-11-09,103.4592,103.9042,100.6348,100.7619,20443000
2020-11-10,101.2251,101.4158,99.9627,101.0525,12526500
2020-11-11,101.8608,101.8608,100.4349,100.9254,9935400
2020-11-12,100.7346,101.1342,99.8810,100.5530,7856300
2020-11-13,101.0525,102.2150,100.8709,101.8245,6576100
2020-11-16,102.6327,102.7962,101.1433,101.6519,7586000
2020-11-17,101.1343,101.3613,100.5076,100.9889,8898100
2020-11-18,101.2069,101.2433,99.0818,99.1090,9849900
2020-11-19,99.1090,99.1908,98.3008,99.0364,10410900
2020-11-20,98.8093,99.2725,98.4642,98.8093,7674500
2020-11-23,99.2997,99.3542,97.9375,98.5550,7747700
2020-11-24,99.0364,99.5177,98.5096,98.8457,9615900
2020-11-25,98.9637,99.0364,98.0737,98.4824,11671800
2020-11-27,98.8820,99.4632,98.5641,99.3905,4443900
2020-11-30,99.4269,99.7538,98.9002,99.6630,12723400
2020-12-01,100.6257,101.5974,100.3260,100.4985,12682400
2020-12-02,100.5712,101.4249,100.5076,101.2523,8552400
2020-12-03,101.2160,101.5248,100.6892,101.1252,9795700
2020-12-04,101.1615,102.2241,101.0344,102.2059,7859600
2020-12-07,102.0969,102.1877,101.2069,101.5793,5803200
2020-12-08,101.3340,102.4329,101.2977,102.3512,7953200
2020-12-09,102.7599,102.7690,101.5429,101.9970,7386400
2020-12-10,101.9789,102.3875,101.6156,101.8245,5411000
2020-12-11,101.4067,101.6519,100.7256,101.4249,5222400
2020-12-14,102.1968,102.7054,100.5985,100.6620,8469300
2020-12-15,101.3613,101.9698,100.8255,101.7518,5007500
2020-12-16,101.6610,102.0242,101.0162,101.4521,5355400
2020-12-17,101.6156,102.6055,101.6065,102.5419,4263700
2020-12-18,102.6418,102.8689,101.5248,102.6237,7876700
2020-12-21,101.1044,101.6880,99.7365,101.5968,6129600
2020-12-22,101.4145,101.6516,100.7123,101.2868,13104100
2020-12-23,101.6424,102.1075,101.2868,101.3597,3920700
2020-12-24,101.4053,101.8431,101.2686,101.6516,1674700
2020-12-28,102.1805,102.4085,101.6333,101.9069,4390100
2020-12-29,102.3811,102.8553,102.0437,102.3902,5053300
2020-12-30,102.6000,102.9465,102.2625,102.3720,3563700
2020-12-31,102.3811,103.6122,102.0437,103.4480,5581200
2021-01-04,103.8493,103.8675,101.3233,103.0012,12911800
2021-01-05,102.8188,104.1046,102.3811,103.7490,11081900
2021-01-06,102.2990,105.4451,102.2990,105.1716,17833700
2021-01-07,105.3084,106.6945,105.1442,106.5394,12407100
2021-01-08,106.7310,107.5243,106.0379,107.0501,9350600
2021-01-11,107.0775,107.7249,106.9407,107.5517,6428200
2021-01-12,107.3419,107.4605,105.9011,106.3844,9225500
2021-01-13,106.3297,107.0410,105.9376,106.6762,5259600
2021-01-14,106.8495,107.2507,106.2111,106.3388,5792300
2021-01-15,106.0470,106.9133,105.6275,106.6671,10335200
2021-01-19,107.5152,107.8161,106.9042,107.4696,6194500
2021-01-20,107.6520,108.2356,107.0045,108.0623,6872000
2021-01-21,107.9255,108.0350,107.1869,107.5517,5796200
2021-01-22,107.2325,107.8344,107.0957,107.2325,4796400
2021-01-25,107.2963,107.9985,107.0775,107.9347,6962000
2021-01-26,108.2447,108.5092,107.4787,107.5334,5504000
2021-01-27,106.3479,106.3479,104.0043,104.2687,13096900
2021-01-28,105.1533,107.1231,104.9527,105.7917,12626100
2021-01-29,105.6366,106.3844,104.0499,104.8980,10462400
2021-02-01,105.7552,106.1017,105.1351,105.2992,10105300
2021-02-02,106.1291,106.6489,105.5728,105.6002,11515700
2021-02-03,105.6002,105.6549,104.5241,104.8524,11280300
2021-02-04,104.8524,105.7187,104.6244,105.2901,8451500
2021-02-05,106.0105,106.1747,105.2263,105.4816,5557000
2021-02-08,105.8555,106.0014,105.2992,105.6093,6956700
2021-02-09,105.6002,105.8646,105.4998,105.7643,4730300
2021-02-10,106.5303,106.5577,105.5819,105.9558,5406400
2021-02-11,106.3297,106.4209,105.6549,106.1564,4684000
2021-02-12,105.9467,107.0684,105.8099,106.9498,6345300
2021-02-16,107.0866,107.1869,105.5454,105.8920,9531900
2021-02-17,105.5454,106.3297,105.4269,106.2750,5022200
2021-02-18,105.7552,106.0379,105.1716,105.6093,7756600
2021-02-19,105.6914,105.7734,104.2414,104.3326,9390800
2021-02-22,103.8310,104.4055,103.1562,104.0864,7213300
2021-02-23,104.0134,104.6518,103.4298,103.9131,8731500
2021-02-24,104.0317,105.1989,103.7034,104.6335,9842000
2021-02-25,104.4876,104.9071,103.0559,103.5848,14494800
2021-02-26,103.9496,103.9496,102.4267,102.6912,14687000
2021-03-01,103.5301,104.5150,103.5027,104.0317,7361800
2021-03-02,104.2505,104.4967,103.6304,103.7307,8456100
2021-03-03,103.3477,103.4571,102.1805,102.4176,14946600
2021-03-04,102.1896,102.8644,100.2472,101.0406,23441700
2021-03-05,101.6333,103.3933,100.8126,103.0650,15645200
2021-03-08,103.1471,104.4420,102.6820,102.8097,12691800
2021-03-09,103.5666,105.0530,103.3660,103.4116,11022300
2021-03-10,104.0955,104.6882,103.6122,103.6487,11641100
2021-03-11,104.0043,104.8524,103.8584,104.2779,6549400
2021-03-12,104.0590,104.6518,103.8949,104.5059,7452400
2021-03-15,104.3144,105.2536,104.1958,105.2263,7119100
2021-03-16,105.3357,105.5272,104.7794,105.1624,8618600
2021-03-17,104.7065,105.2992,104.1502,104.7794,7524900
2021-03-18,104.2961,105.4178,104.2505,104.5606,8553300
2021-03-19,104.6700,105.5546,104.1411,104.9344,12595800
2021-03-22,104.8686,105.9209,104.3470,105.8477,6156800
2021-03-23,105.7196,105.8935,104.5117,104.7771,9170500
2021-03-24,104.8320,105.4634,104.6307,104.6581,12647000
2021-03-25,104.8137,105.2987,103.7247,105.0973,11505300
2021-03-26,105.3627,107.2203,105.0790,107.0831,8286500
2021-03-29,106.6530,107.9524,106.6164,107.5864,8958900
2021-03-30,107.2936,107.2936,106.3693,106.6164,6865700
2021-03-31,106.8451,107.4766,106.6621,106.8268,8504100
2021-04-01,107.0007,107.1014,106.1680,106.5066,6676400
2021-04-05,107.0465,107.5772,106.8726,107.2478,7190900
2021-04-06,107.3850,107.6962,106.6804,106.8360,5206700
2021-04-07,106.7720,107.1380,106.3236,106.5981,5753200
2021-04-08,106.9092,107.2295,106.6164,106.7628,4292400
2021-04-09,106.8269,107.9982,106.7628,107.9341,5919100
2021-04-12,107.7785,108.2635,107.6596,108.0439,8279500
2021-04-13,107.7053,108.7943,107.6047,108.4923,6519600
2021-04-14,108.3642,108.9224,108.2910,108.4832,6226600
2021-04-15,108.9132,110.6611,108.9132,110.3408,8438300
2021-04-16,110.9081,111.2925,110.5238,111.1643,7447400
2021-04-19,110.9539,111.2193,110.6245,111.1918,7094300
2021-04-20,110.6794,111.9056,110.6794,111.6219,8063900
2021-04-21,111.9696,113.0037,111.9147,112.9396,9635900
2021-04-22,112.8481,113.1043,112.0062,112.4363,10030800
2021-04-23,112.3814,113.4337,112.1435,113.1775,4974500
2021-04-26,113.1135,113.1226,112.5827,112.7932,6907100
2021-04-27,112.5095,112.5278,111.9605,112.1435,7034700
2021-04-28,111.9605,112.0886,111.6036,111.8049,6788100
2021-04-29,111.9239,111.9513,110.7526,111.3565,8148900
2021-04-30,110.9173,111.5670,110.8258,111.0271,7153400
2021-05-03,111.6310,112.4089,111.4755,112.2899,13179100
2021-05-04,112.1252,112.4912,111.6402,112.4089,16186300
2021-05-05,112.5644,112.9579,112.3814,112.6102,16713700
2021-05-06,111.9696,112.7658,111.3931,112.7566,16115000
2021-05-07,113.0220,114.1292,112.9762,113.5344,7576700
2021-05-10,113.9462,114.5593,113.6351,113.6808,8846700
2021-05-11,113.0860,113.5619,112.1984,112.4546,11357800
2021-05-12,111.8507,112.4089,111.2833,111.3931,10946500
2021-05-13,111.5944,112.9121,111.4206,112.3997,11228000
2021-05-14,113.0494,113.3423,112.6834,112.9671,6590400
2021-05-17,112.8390,113.3606,112.6834,112.7566,5997700
2021-05-18,112.7200,113.4429,112.3448,112.7932,9202000
2021-05-19,112.0611,112.6742,111.2650,112.6010,10063000
2021-05-20,112.5644,114.2665,112.5644,113.7815,7522700
2021-05-21,114.1567,114.9894,113.7083,113.7998,8423300
2021-05-24,114.3854,114.6142,113.8638,113.9096,4958800
2021-05-25,114.0743,114.0835,113.4429,113.5710,6798500
2021-05-26,113.5436,113.5802,112.4272,112.9121,6848800
2021-05-27,113.1501,113.2416,112.6010,112.6651,8102900
2021-05-28,113.0952,114.0377,113.0311,113.1043,10059900
2021-06-01,113.2416,113.2782,111.1552,111.2467,13368300
2021-06-02,111.3474,111.6310,110.7617,111.0271,13245100
2021-06-03,110.6153,111.6585,110.3682,111.3657,13244400
2021-06-04,111.9513,112.2808,111.5944,111.7225,11228900
2021-06-07,111.9971,113.1135,111.8049,112.1252,13978500
2021-06-08,112.3997,112.4638,110.9173,111.7775,10799500
2021-06-09,112.0611,113.0494,112.0611,112.8572,7965600
2021-06-10,113.1318,114.9162,113.0860,114.7881,9350900
2021-06-11,114.6142,114.6691,113.3971,113.9736,6958100
2021-06-14,113.9096,114.0926,113.2690,114.0743,5156000
2021-06-15,114.1933,114.3672,113.6259,114.1109,5409100
2021-06-16,114.2299,114.8064,113.3514,113.6717,11653200
2021-06-17,113.4704,114.8430,113.4521,114.5410,6527000
2021-06-18,113.6900,113.8456,113.0769,113.2324,11152600
2021-06-21,113.5916,114.8043,113.1782,114.5930,6655400
2021-06-22,114.6665,114.9972,114.2806,114.8410,7194000
2021-06-23,114.6848,114.9512,114.3174,114.3633,6506600
2021-06-24,115.0339,115.7597,114.8226,114.9512,7029200
2021-06-25,114.9053,115.8239,114.8410,115.4749,8344200
2021-06-28,115.5943,115.7964,115.2085,115.6494,4631400
2021-06-29,115.6586,116.1363,115.5116,115.7780,6165500
2021-06-30,115.6586,115.9434,115.2636,115.7045,8542700
2021-07-01,115.7872,116.8161,115.7413,116.7334,12021000
2021-07-02,116.8804,117.9644,116.6783,117.8542,12327900
2021-07-06,117.5051,117.7531,116.9080,117.7439,11413100
2021-07-07,117.7531,118.4880,117.3214,118.4880,18435700
2021-07-08,117.3857,117.9277,116.7702,117.8358,8386600
2021-07-09,118.2584,118.5983,117.9736,118.2400,5224200
2021-07-12,118.2400,119.0576,118.1482,118.4697,9097900
2021-07-13,118.3227,118.7453,118.0747,118.3594,9698800
2021-07-14,118.6259,118.7269,118.0379,118.2492,7487000
2021-07-15,117.6153,118.1298,117.1101,117.8358,8750600
2021-07-16,118.1390,118.5891,117.7531,118.1573,6511000
2021-07-19,117.3857,117.9461,115.9618,116.9172,19460400
2021-07-20,117.2938,119.0117,117.2938,118.3411,15053700
2021-07-21,118.8188,118.8555,117.2571,118.5340,8295700
2021-07-22,118.6351,119.4067,118.3135,119.4067,9261100
2021-07-23,119.9119,120.9041,119.7650,120.7847,8303800
2021-07-26,120.4448,120.7939,119.6088,120.0039,6626500
2021-07-27,119.8385,120.5642,119.5170,120.5642,9551600
2021-07-28,120.3897,121.3451,120.0865,120.9960,7432600
2021-07-29,121.3910,121.4737,120.9317,121.2900,5662700
2021-07-30,121.0879,121.8504,120.9225,121.4002,6634400
2021-08-02,121.8779,122.0433,121.2073,121.5656,8366300
2021-08-03,121.6207,123.2926,121.5380,123.2559,7701700
2021-08-04,122.7782,123.5315,122.5760,122.7322,8322100
2021-08-05,122.6404,122.6588,121.2991,122.2270,8240900
2021-08-06,122.1719,122.2821,121.3451,122.1259,6923700
2021-08-09,122.3005,122.8241,122.2086,122.5944,9852500
2021-08-10,122.6588,122.9068,121.8412,122.3097,5832600
2021-08-11,122.5026,122.6955,120.9960,121.0971,14512500
2021-08-12,121.2165,122.1535,121.1338,122.0525,8220300
2021-08-13,122.3556,122.8425,122.2086,122.8149,7922900
2021-08-16,122.8149,124.2296,122.3923,124.2113,8404200
2021-08-17,123.8806,125.6812,123.8163,125.6812,13874500
2021-08-18,125.5158,125.6536,123.6968,123.7703,12427700
2021-08-19,122.9527,124.9737,122.9160,124.3307,11669200
2021-08-20,124.4501,125.4147,124.0184,125.0381,7252700
2021-08-23,125.7454,125.8373,125.0472,125.0840,8471300
2021-08-24,125.0840,125.1024,124.2848,124.6430,6548100
2021-08-25,124.5236,124.5879,123.7887,124.3032,6918500
2021-08-26,124.3766,124.6522,123.5774,123.8162,5972100
2021-08-27,124.0918,124.4317,123.4763,123.6784,8679200
2021-08-30,123.5682,124.8268,123.5590,124.3766,6417200
2021-08-31,124.4042,124.9829,123.7703,124.2113,9299100
2021-09-01,124.3124,124.4226,123.0722,124.2481,10571100
2021-09-02,124.7073,125.5984,124.5696,125.5801,6847800
2021-09-03,125.4515,125.8924,124.8544,125.7179,5632800
2021-09-07,125.2494,125.4515,124.1654,124.9830,8739100
2021-09-08,124.7349,125.1300,124.4042,124.9279,6986200
2021-09-09,124.7533,125.0381,123.4120,123.4855,8905600
2021-09-10,123.9265,124.0367,122.2913,122.3556,10561600
2021-09-13,122.9986,123.0721,120.9868,121.6023,11676700
2021-09-14,122.1719,122.4567,121.3726,121.5839,10436300
2021-09-15,121.4277,122.9435,121.2440,122.3740,10299900
2021-09-16,122.5302,122.7598,121.2257,122.0616,10525700
2021-09-17,121.9606,122.2821,121.3818,122.1811,13541400
2021-09-20,120.7954,121.9847,119.8551,120.9061,17245000
2021-09-21,121.4592,122.3350,121.0720,121.0904,11741800
2021-09-22,121.4500,121.9017,120.7125,121.2933,11964100
2021-09-23,121.5698,122.8789,121.4776,122.1691,10366500
2021-09-24,121.9662,122.4180,121.4131,121.6712,6962600
2021-09-27,121.3209,121.4684,119.6800,119.9381,11631400
2021-09-28,119.1729,119.1729,117.4766,117.8823,17433400
2021-09-29,118.4077,119.3665,118.1680,118.8134,11171400
2021-09-30,119.2098,119.9565,117.2554,117.3568,21653100
2021-10-01,117.5135,117.9376,115.4946,117.3845,23188900
2021-10-04,116.9051,117.5043,115.0152,115.5960,27580700
2021-10-05,116.0662,117.4674,115.9094,116.2874,19151800
2021-10-06,115.6421,116.1768,114.7755,116.0754,21322100
2021-10-07,116.8774,118.3709,116.6562,117.6149,15806400
2021-10-08,117.7809,118.0021,116.7852,117.0249,9552300
2021-10-11,116.9235,117.5412,116.0754,116.1122,7843400
2021-10-12,116.4810,116.6009,115.2641,115.5499,13007200
2021-10-13,115.7435,116.2597,115.0244,115.7343,10609000
2021-10-14,116.9327,117.8546,116.9327,117.3937,8857900
2021-10-15,118.0021,118.5092,117.7532,117.9745,8976100
2021-10-18,117.4582,117.5780,116.6654,117.1724,11660700
2021-10-19,117.8085,119.0162,117.8085,118.7120,9487000
2021-10-20,119.4218,120.5834,119.3112,120.4082,13665700
2021-10-21,120.6572,120.9706,119.7814,120.8969,8267500
2021-10-22,120.7862,121.4315,120.6019,121.3855,8009700
2021-10-25,121.4408,121.6620,120.5004,121.5330,10629700
2021-10-26,121.8095,122.4825,121.1458,122.1322,9271600
2021-10-27,122.3258,122.4549,121.1273,121.1642,11851400
2021-10-28,121.3854,122.6484,121.3854,122.1783,9282500
2021-10-29,122.0216,123.5243,121.5514,123.3675,15415100
2021-11-01,123.4781,123.9852,122.7498,123.2200,14356700
2021-11-02,123.6994,124.6121,122.6208,123.9944,20851500
2021-11-03,123.7547,124.7688,123.2938,124.7227,14610000
2021-11-04,124.4369,124.6305,123.0080,123.8653,15818500
2021-11-05,122.7499,123.2569,121.5975,122.4825,14867300
2021-11-08,122.7038,123.3675,122.2244,123.2108,8948800
2021-11-09,123.2477,123.3583,122.5194,122.7591,7287000
2021-11-10,122.7222,123.6072,122.7038,123.1094,8445400
2021-11-11,123.0910,123.1739,122.4549,122.7499,8597300
2021-11-12,123.5335,123.6441,122.6761,123.3583,8317600
2021-11-15,123.6441,123.7086,122.4733,122.5931,6268900
2021-11-16,122.5655,123.7732,122.3535,123.1094,6150900
2021-11-17,123.2477,123.7639,122.7130,123.2845,8229000
2021-11-18,123.4136,123.6441,122.9066,123.3307,9029300
2021-11-19,123.6994,124.1143,122.4733,122.5839,10166100
2021-11-22,122.7591,123.1831,121.8740,122.0308,11146200
2021-11-23,121.4592,122.2889,121.0905,122.1598,12075200
2021-11-24,121.9294,122.3350,121.5053,122.1138,6760800
2021-11-26,122.5563,123.2753,121.2379,121.6620,11896900
2021-11-29,122.3258,122.8144,121.8648,121.9939,17137100
2021-11-30,121.2933,121.8464,119.4218,119.5970,19467000
2021-12-01,120.1686,121.7727,119.3665,119.3850,22241400
2021-12-02,119.3481,120.4543,118.7765,119.9657,17531100
2021-12-03,120.8046,121.2656,119.1913,120.1870,22111900
2021-12-06,120.5004,121.3947,120.3160,120.8692,15230900
2021-12-07,121.6897,122.7222,121.5238,122.4272,11974700
2021-12-08,122.7775,123.4320,122.1598,123.3491,15144700
2021-12-09,123.2292,124.0405,123.1370,123.6348,9095800
2021-12-10,123.3122,124.3263,123.2569,124.0682,8554300
2021-12-13,124.0682,125.5893,124.0682,125.2390,12201800
2021-12-14,124.6582,125.3865,124.1143,124.7319,11070800
2021-12-15,124.9993,127.3501,124.8887,127.2856,14996300
2021-12-16,127.2764,128.6869,127.0459,128.0415,19227500
2021-12-17,127.3962,128.1798,126.6494,127.1473,21504200
2021-12-20,126.8863,127.2750,125.2853,126.3773,16185700
2021-12-21,126.7383,126.9604,125.5630,126.9048,10773400
2021-12-22,126.8400,128.4595,126.6179,128.3855,7246000
2021-12-23,128.7187,129.3295,128.3393,128.9131,7743800
2021-12-27,129.3757,130.2734,129.2369,130.2734,6968900
2021-12-28,130.3937,130.6250,129.5885,129.9310,6065900
2021-12-29,129.8014,130.9397,129.7089,130.6713,7103600
2021-12-30,130.9120,131.3932,130.7731,130.9397,7931700
2021-12-31,130.7824,131.2821,130.3382,130.3844,7882800
2022-01-03,129.8292,130.0698,127.9321,129.0426,15122300
2022-01-04,128.7556,128.9037,126.7937,127.3397,14304500
2022-01-05,127.6174,128.3855,126.3866,126.4328,15370700
2022-01-06,125.6462,126.4143,124.7486,124.9706,15182000
2022-01-07,124.6745,124.9059,124.0730,124.3321,9619400
2022-01-10,123.7861,125.6832,123.4899,125.6092,15589900
2022-01-11,125.7943,126.6272,124.9336,126.6087,12168300
2022-01-12,125.8868,126.4421,125.7017,126.2477,10831800
2022-01-13,126.0256,126.1830,124.0637,124.2858,13804900
2022-01-14,123.9527,124.2026,122.7959,124.0730,14341800
2022-01-18,122.8514,123.0457,122.0185,122.3332,16471400
2022-01-19,122.5645,123.5270,121.7131,121.8334,14639600
2022-01-20,122.1295,123.3789,120.9635,121.0375,15127800
2022-01-21,121.4077,121.7872,119.6216,119.8160,25804800
2022-01-24,118.7332,119.6216,115.6053,119.4180,37938000
2022-01-25,117.8356,119.6679,116.8546,118.6500,19326800
2022-01-26,118.8443,119.9178,117.1045,118.0299,29557400
2022-01-27,118.6037,120.1584,117.9466,118.3353,18483600
2022-01-28,118.2335,120.7969,117.4006,120.7507,20906800
2022-01-31,120.5286,121.6668,120.2879,121.4447,19044400
2022-02-01,121.8797,121.9908,120.7970,121.7687,14674800
2022-02-02,121.6854,123.7028,121.4355,123.4067,13595200
2022-02-03,123.2401,123.3419,122.6478,122.8792,13805600
2022-02-04,121.7594,123.2956,121.5373,122.4350,12004100
2022-02-07,122.4812,122.9069,121.8797,122.2221,9229200
2022-02-08,121.5743,123.4344,121.2967,123.2216,11071600
2022-02-09,123.8138,124.4339,123.6843,124.1748,10811000
2022-02-10,122.7404,123.8139,121.7501,122.2314,14393300
2022-02-11,122.0648,122.9902,120.3897,120.5378,13072300
2022-02-14,120.2879,120.5193,118.4093,119.3070,14386900
2022-02-15,120.3435,121.1208,120.0381,120.6489,8969900
2022-02-16,120.0288,121.1764,119.6957,120.8340,8779200
2022-02-17,120.3435,120.4082,118.7147,118.8905,11906800
2022-02-18,118.7795,119.4180,117.6042,118.0021,13505600
2022-02-22,117.5857,118.6684,116.9194,117.7060,13682100
2022-02-23,118.3075,118.7147,117.0027,117.1137,12022800
2022-02-24,115.0222,117.8263,114.8094,117.5857,23220000
2022-02-25,118.1132,121.4818,117.9836,121.1856,17012300
2022-02-28,119.2422,120.4083,118.8720,120.2695,17987700
2022-03-01,119.6401,120.6211,118.6777,119.6031,14064200
2022-03-02,120.1306,122.0648,119.9733,121.4077,12395600
2022-03-03,121.9445,122.7403,120.9913,122.0278,11172600
2022-03-04,120.7969,122.7496,120.4360,122.6386,12160400
2022-03-07,121.8704,122.1018,119.9548,120.5008,15704000
2022-03-08,119.7049,120.5933,117.9651,118.0392,21794600
2022-03-09,119.9641,120.8895,119.0756,120.2695,15576500
2022-03-10,118.8165,120.4823,118.6869,120.2232,10708800
2022-03-11,120.5471,121.2504,119.2052,119.3255,9869100
2022-03-14,120.2879,121.8982,119.8160,120.1676,14373200
2022-03-15,121.1394,122.6941,120.9358,122.5645,14374100
2022-03-16,123.1846,124.0545,121.9260,124.0360,13840400
2022-03-17,123.6750,126.0534,123.5085,125.9979,10973100
2022-03-18,125.9239,126.9326,125.5444,126.7753,11364200
2022-03-21,126.7158,127.8020,126.0846,126.6787,11473100
2022-03-22,126.8087,126.9850,126.2424,126.7066,8892100
2022-03-23,126.1032,126.3352,124.3950,124.4322,10013400
2022-03-24,124.8963,125.9175,124.6271,125.9175,7189200
2022-03-25,126.3445,126.7158,125.5369,126.5023,7040100
2022-03-28,126.7158,127.4585,126.2609,127.4213,8467000
2022-03-29,128.4797,128.9902,127.4121,128.1733,12327700
2022-03-30,128.1919,128.9345,127.7741,128.4239,10752900
2022-03-31,128.1547,128.8603,126.9479,127.1707,15843000
2022-04-01,127.5235,128.2197,126.6694,128.1733,20785700
2022-04-04,127.8855,128.1083,126.8086,127.1057,16769500
2022-04-05,126.7808,128.8881,126.7158,127.3749,15025100
2022-04-06,127.0500,129.6215,126.9665,129.3152,23197800
2022-04-07,128.8510,132.1372,128.8510,131.8030,18160200
2022-04-08,131.8123,133.1398,131.6174,132.5921,19102700
2022-04-11,132.2115,132.7499,129.7607,129.9557,16570700
2022-04-12,129.6308,130.3920,128.1362,128.6932,14085400
2022-04-13,128.6839,129.4544,128.0155,129.3244,15496400
2022-04-14,129.4451,130.1042,128.6096,128.7024,10993400
2022-04-18,128.5725,128.8695,126.7437,127.2821,10125000
2022-04-19,127.6163,128.9531,127.5699,128.4982,11733100
2022-04-20,128.8510,130.7262,128.7024,130.2249,13674800
2022-04-21,130.5869,130.7354,128.4981,128.7859,11409700
2022-04-22,127.6256,127.6627,123.9587,124.0887,17525300
2022-04-25,123.7266,125.1934,122.3341,124.9242,16501900
2022-04-26,124.1722,124.8406,122.5477,122.7241,20087700
2022-04-27,122.7055,123.6988,121.8514,122.4548,16726700
2022-04-28,123.3182,124.5528,122.1763,124.1444,15510700
2022-04-29,122.9376,123.5781,120.7653,120.9510,17430200
2022-05-02,120.8488,121.5265,118.2495,120.1990,23615100
2022-05-03,120.5704,121.7400,120.1526,120.5796,13585300
2022-05-04,120.3847,123.6988,119.3728,123.2532,19053500
2022-05-05,122.6498,122.7797,119.6142,120.8581,16119800
2022-05-06,119.6884,120.8117,119.0757,120.4775,21742300
2022-05-09,119.1315,119.1593,116.9035,117.3584,17289800
2022-05-10,118.5837,119.0293,116.6900,117.7761,21850200
2022-05-11,117.1913,119.8370,116.8571,116.9963,19987300
2022-05-12,116.5693,118.2031,116.3001,118.1289,17497100
2022-05-13,118.9086,119.7534,118.3888,119.3821,9841500
2022-05-16,119.2428,121.0809,119.2150,120.2640,8839800
2022-05-17,121.5172,121.9721,120.6167,121.9164,9058700
2022-05-18,121.0902,121.3873,118.3888,118.7694,10005000
2022-05-19,117.8225,119.7534,117.3955,119.0293,9672800
2022-05-20,119.8277,120.7374,118.2031,120.4775,12833700
2022-05-23,121.2852,122.0093,121.0345,121.5358,9196500
2022-05-24,121.1830,122.1021,120.4032,121.8978,9031300
2022-05-25,121.8143,122.6591,120.7189,121.8607,8532400
2022-05-26,122.1671,122.8447,121.8143,122.3806,9090100
2022-05-27,122.5941,124.4414,122.0835,124.4136,13696000
2022-05-31,123.3182,123.5410,121.7586,122.7519,11740800
2022-06-01,123.1975,123.2161,120.0226,120.9881,9259900
2022-06-02,121.1459,121.9721,118.9830,121.9443,9575400
2022-06-03,121.0995,121.6379,120.3569,120.5147,5852600
2022-06-06,121.3780,121.6286,120.2083,120.5332,7729000
2022-06-07,120.5332,122.2228,120.0969,122.1021,7219100
2022-06-08,121.7586,122.2042,120.7931,121.1366,5372000
2022-06-09,120.7282,121.1366,118.3702,118.3981,7772900
2022-06-10,116.9963,117.5812,116.0401,116.4950,11289000
2022-06-13,114.1928,114.8890,112.4940,112.9674,14886200
2022-06-14,112.8374,113.1252,111.0922,111.8906,9299500
2022-06-15,112.5032,114.2113,111.2964,113.0231,10301600
2022-06-16,110.9529,111.4357,110.2381,111.3614,9383300
2022-06-17,111.3985,113.0602,111.2593,111.2964,13724900
2022-06-21,112.8570,114.8054,112.4841,114.2926,7987200
2022-06-22,113.5655,117.1546,113.5095,115.8774,10188900
2022-06-23,116.4182,118.5716,116.4182,118.4784,11943300
2022-06-24,119.3454,120.4641,118.5437,120.4454,10448100
2022-06-27,120.4454,121.4056,120.0632,120.8929,8963600
2022-06-28,121.1353,121.7412,118.5623,118.7860,7518700
2022-06-29,118.9445,120.4174,118.7581,119.8208,9157700
2022-06-30,119.1962,120.2310,118.2919,119.5505,10697600
2022-07-01,119.5971,121.0514,118.2640,120.8929,9366600
2022-07-05,119.7276,120.2217,117.6207,120.1937,9987000
2022-07-06,120.3615,121.6294,120.1471,121.0048,9033300
2022-07-07,120.8276,121.6760,120.7624,121.5175,6805500
2022-07-08,121.1725,123.0930,121.0514,121.8811,6505800
2022-07-11,121.2005,122.2540,121.0700,121.5734,7027300
2022-07-12,121.1912,122.0116,119.4852,120.0259,9280400
2022-07-13,119.0098,119.8208,118.5530,118.8606,9296500
2022-07-14,117.4995,118.6928,116.7444,118.5157,7784800
2022-07-15,120.2776,121.4336,119.7462,121.3777,9684800
2022-07-18,121.4989,121.6107,118.4131,118.8140,7047700
2022-07-19,120.0818,121.0420,119.5598,120.8369,6585700
2022-07-20,120.6691,120.8276,119.1589,119.6437,7599500
2022-07-21,119.9979,121.5361,119.6903,121.5361,9507700
2022-07-22,121.8158,122.0489,120.2963,121.0327,8657100
2022-07-25,121.1259,121.8904,121.0141,121.6666,5489000
2022-07-26,122.0116,123.0464,121.6853,122.2912,7482400
2022-07-27,122.2167,123.6057,121.6480,123.0557,7680700
2022-07-28,123.2141,124.7430,121.1166,123.8387,11052600
2022-07-29,123.2142,123.6523,122.5616,123.4286,8309500
2022-08-01,122.7387,123.4099,122.2353,122.5150,7665400
2022-08-02,122.8133,123.8015,122.0116,122.0768,7935100
2022-08-03,122.7388,123.6803,122.4032,123.1955,6825700
2022-08-04,123.4845,123.5125,122.3938,122.5896,5493000
2022-08-05,121.8251,122.5989,121.5362,122.5430,8883400
2022-08-08,122.7760,123.6430,122.2074,122.8320,7075100
2022-08-09,122.9905,123.5778,122.1701,122.4591,5802500
2022-08-10,123.7642,123.8854,123.0744,123.7922,6736300
2022-08-11,123.4193,124.6312,122.7294,122.9904,8471400
2022-08-12,123.2887,124.6218,123.0837,124.5659,7515500
2022-08-15,124.5007,125.3583,124.0532,125.1905,7486100
2022-08-16,124.9202,125.2744,124.3701,124.8549,7138400
2022-08-17,124.1278,124.8456,123.9413,124.1278,7251800
2022-08-18,124.0905,124.3422,122.9159,123.5777,7053600
2022-08-19,123.5778,124.5100,123.4006,123.9134,5946500
2022-08-22,123.1489,123.5405,121.8811,122.2912,6420400
2022-08-23,121.7506,121.8811,120.2497,120.5853,7501900
2022-08-24,120.7065,121.2005,120.2963,120.7344,6719500
2022-08-25,121.2472,122.1048,120.3988,122.0675,5636600
2022-08-26,122.1048,122.1141,118.5716,118.6648,9044500
2022-08-29,117.9470,118.5716,117.2199,117.8352,6727700
2022-08-30,118.2547,118.2547,116.7631,117.0521,7910500
2022-08-31,117.4343,118.1708,116.2876,116.3063,8954500
2022-09-01,116.1198,118.2733,115.9614,118.2174,11212400
2022-09-02,118.8979,119.0098,116.0173,116.5207,9730300
2022-09-06,116.9775,118.0962,116.3063,116.6326,9663400
2022-09-07,116.6046,118.7301,116.2317,118.5343,9038300
2022-09-08,118.0962,120.6319,117.8538,120.5946,9394800
2022-09-09,120.8929,121.9836,120.6692,121.6573,8880400
2022-09-12,122.1234,123.1023,121.7971,122.4684,7982400
2022-09-13,120.5200,120.7904,118.1055,118.4225,11928500
2022-09-14,118.8140,119.5132,117.7046,118.4877,8080100
2022-09-15,119.0004,120.2869,118.8792,119.1496,8624200
2022-09-16,118.7767,119.0750,117.9004,118.8140,10810100
2022-09-19,118.0615,118.2019,116.4891,118.1738,9430100
2022-09-20,117.3782,117.5561,116.0679,116.7886,9010600
2022-09-21,117.2566,118.0334,114.8231,114.8512,11642400
2022-09-22,114.6733,116.2457,114.1866,115.4595,9505600
2022-09-23,114.8418,115.0758,113.4379,114.8699,16611100
2022-09-26,114.1866,114.7389,113.2694,113.7748,10450600
2022-09-27,114.5704,115.3098,112.9699,113.4285,13239900
2022-09-28,115.0196,116.4891,114.2802,115.9088,16360000
2022-09-29,115.5625,115.8433,114.1585,114.9354,10791700
2022-09-30,114.9448,115.7403,113.2226,113.3536,12389800
2022-10-03,114.1773,116.1241,113.8310,115.6842,9326800
2022-10-04,116.6482,118.4172,116.3768,118.3704,13717900
2022-10-05,117.6122,119.3812,117.1723,118.7635,9913400
2022-10-06,118.3236,118.6886,116.9384,117.2472,9399300
2022-10-07,116.3581,116.5640,114.1118,114.7669,10068700
2022-10-10,115.0384,115.1975,113.6063,114.0462,8377800
2022-10-11,113.8122,115.8713,113.5221,114.6546,10792900
2022-10-12,115.0197,115.7029,114.0650,114.0931,9292800
2022-10-13,112.4551,117.3034,112.2679,116.7512,14063600
2022-10-14,117.4344,118.3048,115.6093,115.9650,11442300
2022-10-17,116.7044,118.0615,116.5640,117.8275,8420400
2022-10-18,119.5778,119.6152,117.9024,118.4827,10016700
2022-10-19,118.1177,118.1270,115.8059,116.8260,7676200
2022-10-20,116.6201,117.4719,115.6842,115.8339,7196600
2022-10-21,115.7497,118.7541,115.1320,118.4359,8433100
2022-10-24,119.4280,121.0846,119.4280,120.7196,7411300
2022-10-25,120.3546,121.7773,120.2891,121.6369,7174200
2022-10-26,122.0112,124.1265,121.9738,122.9846,8277100
2022-10-27,123.2654,123.2841,122.1516,122.3388,6496800
2022-10-28,122.5260,124.4447,122.1423,124.3511,6267100
2022-10-31,123.7053,124.7349,123.4245,124.2482,7852800
2022-11-01,124.3979,125.0157,122.9940,124.3230,8033300
2022-11-02,124.0329,125.4462,122.1423,122.2078,10228700
2022-11-03,121.3186,122.3669,120.4575,121.6930,7916600
2022-11-04,122.6103,122.8723,120.7103,122.4324,8082200
2022-11-07,122.6290,124.0704,122.1704,123.7428,6054400
2022-11-08,123.7708,125.3151,122.9191,124.3605,8930700
2022-11-09,124.1639,124.9969,122.8723,123.0221,8963500
2022-11-10,125.8580,126.4009,124.1639,126.1482,12416800
2022-11-11,125.9890,126.0077,122.9846,124.6038,10487200
2022-11-14,124.9782,126.2043,124.6693,124.7161,10552600
2022-11-15,125.5117,126.0359,123.5181,124.5570,8184100
2022-11-16,124.8659,125.7083,124.2856,124.5009,6122200
2022-11-17,123.5181,124.9501,123.4152,124.4447,6498700
2022-11-18,125.5023,126.1669,125.0905,125.9516,6720700
2022-11-21,125.6895,126.5506,125.5491,126.0078,7995200
2022-11-22,126.3073,127.1964,126.2885,127.1028,5931100
2022-11-23,127.1216,127.7954,126.8033,127.6083,5340600
2022-11-25,127.7580,128.4693,127.7393,128.3664,3256000
2022-11-28,127.9732,128.7314,127.1496,127.4023,5026800
2022-11-29,127.1309,127.3368,126.4009,127.0841,5439600
2022-11-30,127.2713,130.2009,126.5974,130.1166,9377400
2022-12-01,130.8654,131.1836,129.7890,130.4910,15140200
2022-12-02,129.1807,131.0058,129.1807,130.8279,7779800
2022-12-05,129.9856,130.2851,129.1339,129.5738,6921500
2022-12-06,129.3304,129.7422,127.9546,128.5910,8171500
2022-12-07,128.5910,130.0230,128.5536,129.6487,7427000
2022-12-08,129.8733,130.9683,129.6206,130.8186,6765000
2022-12-09,130.6407,131.0338,129.1057,129.1432,6203000
2022-12-12,129.2274,130.5190,129.2274,130.5190,5669700
2022-12-13,132.2974,132.6905,130.0137,130.9216,9886500
2022-12-14,130.8654,132.2319,130.0230,131.1274,10882200
2022-12-15,129.9575,130.2851,128.2634,128.7220,8746700
2022-12-16,127.7486,127.8329,126.1482,126.8501,10843900
2022-12-19,126.8088,127.0437,125.8032,126.3765,6801600
2022-12-20,126.4234,126.8370,125.6622,126.3483,4815500
2022-12-21,127.1189,128.4065,126.7242,128.0117,5937500
2022-12-22,127.2975,127.8708,126.1791,127.8332,5483300
2022-12-23,127.7110,128.0305,126.9686,127.9084,3766900
2022-12-27,128.1527,128.2561,127.0719,127.5794,7050500
2022-12-28,128.0023,128.6226,126.7054,126.7524,5054200
2022-12-29,127.5418,128.7918,127.2505,128.1339,6297300
2022-12-30,127.7016,127.8332,126.3764,127.6734,6369500
2023-01-03,127.7768,128.1245,126.3389,127.3069,7239200
2023-01-04,128.0211,128.3500,126.8181,127.6452,8469800
2023-01-05,126.7994,127.1095,125.8408,126.3389,6714200
2023-01-06,127.1847,127.8519,125.5682,127.5042,7175700
2023-01-09,127.6358,127.6734,125.2017,125.3709,7719500
2023-01-10,125.3239,126.6208,125.1359,126.4235,7675200
2023-01-11,126.5080,127.1565,125.9253,127.1377,7307200
2023-01-12,126.8651,127.2599,125.5024,126.7336,7580500
2023-01-13,126.0381,127.6828,125.9817,127.2974,6334100
2023-01-17,127.2317,127.4478,126.5362,126.7054,6664100
2023-01-18,126.7054,127.0343,124.7976,124.9197,10629100
2023-01-19,124.5532,125.7186,124.2995,125.2205,9902300
2023-01-20,125.5024,125.9441,124.5438,125.8502,5962200
2023-01-23,125.9253,126.9873,125.6434,126.2825,7211000
2023-01-24,125.6528,126.3858,124.6378,125.4460,5754800
2023-01-25,124.6096,125.5118,124.2525,125.4837,5999000
2023-01-26,125.7750,125.8878,124.7412,125.7186,6861100
2023-01-27,125.5307,125.6622,124.7036,124.8634,5854600
2023-01-30,124.6284,125.4085,123.5476,123.7356,7055400
2023-01-31,124.0175,125.3521,123.8953,125.3333,6290600
2023-02-01,125.3333,126.6960,124.3935,125.9254,11843000
2023-02-02,125.0044,125.2393,124.1773,125.0701,11274600
2023-02-03,125.1547,125.5588,124.2900,124.7036,10046800
2023-02-06,124.5250,124.7882,123.8390,124.0081,7328300
2023-02-07,123.5758,125.1735,123.1435,124.8070,7551000
2023-02-08,124.3559,125.1359,124.2525,124.4405,5614100
2023-02-09,124.7506,125.2299,123.1529,123.3502,8085700
2023-02-10,123.5194,124.6472,123.3503,124.5157,6198600
2023-02-13,124.5344,125.5588,124.5344,125.5494,6300300
2023-02-14,125.7186,125.9441,124.1773,124.8070,6905900
2023-02-15,124.3183,124.4874,123.7638,124.1867,6491900
2023-02-16,123.0495,124.0457,122.6830,122.9461,8008000
2023-02-17,122.3635,124.2713,122.2507,124.0457,10798800
2023-02-21,123.1435,123.6510,122.2601,122.4387,9066200
2023-02-22,122.5702,122.8615,121.7714,122.0251,7318900
2023-02-23,121.9969,122.9743,121.4612,122.3540,9955500
2023-02-24,121.3203,121.5552,120.4181,120.7752,9008000
2023-02-27,121.4330,121.7714,120.1361,120.4086,6463900
2023-02-28,120.1361,120.2113,119.4125,119.5158,10282800
2023-03-01,118.9425,119.5816,118.8016,119.3185,11101000
2023-03-02,118.7828,120.3899,118.7828,120.0515,10203100
2023-03-03,120.6060,121.4424,120.0045,121.3954,10048000
2023-03-06,121.4800,121.8935,121.0571,121.3391,8153400
2023-03-07,121.5834,121.7244,119.1775,119.3843,9604400
2023-03-08,119.1399,119.5065,118.2659,118.7452,10793200
2023-03-09,119.2057,119.4031,117.0629,117.5422,13270300
2023-03-10,117.3449,118.3223,116.2265,116.6776,20483200
2023-03-13,116.3017,119.3749,116.1607,117.7678,21294200
2023-03-14,118.5666,119.1869,117.6362,118.8204,14582900
2023-03-15,117.5422,118.8862,117.3261,118.7170,17244600
2023-03-16,117.8242,119.8824,117.4952,119.8260,16011400
2023-03-17,119.7226,119.8166,117.9087,118.2847,15071400
2023-03-20,118.4819,119.9631,118.4819,119.7839,10592100
2023-03-21,120.2462,120.6519,119.5197,120.5103,8816300
2023-03-22,120.5764,121.0198,118.6706,118.6894,10480000
2023-03-23,119.1800,119.8971,117.7837,118.4630,10092300
2023-03-24,118.3498,120.2179,117.9063,120.1046,8163700
2023-03-27,120.9538,121.5010,120.4537,120.5952,9455400
2023-03-28,120.4726,120.9066,119.5763,119.8688,8037400
2023-03-29,120.4632,120.6141,119.6801,120.1990,8183100
2023-03-30,120.8500,120.8877,120.0858,120.8500,6820400
2023-03-31,121.2557,122.2086,121.1896,122.1426,9202500
2023-04-03,122.2369,123.6521,121.8973,123.5106,8937300
2023-04-04,123.6427,124.2465,123.3030,123.5295,9052600
2023-04-05,124.2182,125.8787,124.0767,125.6617,12325800
2023-04-06,126.1524,126.5297,125.5485,125.9731,8276300
2023-04-10,125.6334,125.9542,124.9730,125.8882,8024300
2023-04-11,126.1806,126.7750,126.1051,126.3127,8887500
2023-04-12,126.8033,127.2751,126.1240,126.3505,8988600
2023-04-13,126.8883,128.1336,126.6146,127.9921,9373500
2023-04-14,127.6996,127.9732,126.4920,126.9637,6632100
2023-04-17,127.0015,127.1430,126.1995,126.8599,7187000
2023-04-18,127.1147,127.1147,125.8221,125.9919,7194200
2023-04-19,126.0297,126.5675,125.6429,126.3788,7048100
2023-04-20,125.7750,126.0486,125.2655,125.8599,6672000
2023-04-21,126.5486,127.1336,126.1524,126.7090,6535900
2023-04-24,126.8411,127.4543,126.5203,127.4166,6299800
2023-04-25,127.2279,127.6147,125.8787,126.0580,7752000
2023-04-26,124.9447,125.0296,123.5200,124.2654,10128800
2023-04-27,124.3220,125.0957,123.2370,124.9164,10008900
2023-04-28,124.7655,126.3411,124.5673,125.9825,7917300
2023-05-01,126.1618,127.1430,125.9165,126.6335,6793900
2023-05-02,126.4259,127.2279,125.1805,126.0863,14365800
2023-05-03,126.6713,127.2751,125.7372,125.9165,8961500
2023-05-04,125.3881,125.4636,124.3881,124.9164,9625300
2023-05-05,125.7372,126.4731,125.3221,126.0391,7650300
2023-05-08,125.8504,125.8882,125.1806,125.7655,5305700
2023-05-09,125.2843,125.8787,124.8881,124.9258,6452700
2023-05-10,125.2843,125.5863,124.5390,125.2749,6556600
2023-05-11,125.0107,125.0862,124.1050,124.8881,8764800
2023-05-12,125.0768,125.3410,124.1616,124.7183,6626800
2023-05-15,124.7371,124.8221,123.9635,124.5013,5725600
2023-05-16,124.2371,124.2843,123.4351,123.4634,7106000
2023-05-17,123.6710,123.7748,122.2369,123.6144,15512700
2023-05-18,123.3502,123.5106,122.3596,123.3125,12196900
2023-05-19,123.5955,124.7183,123.5389,123.8880,9277000
2023-05-22,124.0672,124.8786,123.7181,124.0106,12856100
2023-05-23,123.5106,123.6898,122.3784,122.6520,8723100
2023-05-24,122.4162,122.4445,121.5293,121.8123,7952900
2023-05-25,121.2274,121.3878,119.7367,120.5670,13737000
2023-05-26,120.4537,121.5859,120.0952,120.3216,8794900
2023-05-30,119.7178,120.6424,119.2744,119.5763,12114500
2023-05-31,119.2461,120.8122,118.9253,120.6047,15099100
2023-06-01,120.7179,121.6331,119.7839,121.3972,9751900
2023-06-02,121.7840,123.1710,121.5010,122.9540,10293000
2023-06-05,123.2276,123.9540,123.0766,123.3974,7880200
2023-06-06,123.8974,123.9352,121.8312,122.3690,9413500
2023-06-07,122.2652,122.4350,121.7086,121.8878,7519600
2023-06-08,121.9067,122.8407,121.5010,122.6709,6583100
2023-06-09,122.6992,123.4728,122.0293,123.0483,10446100
2023-06-12,122.9822,123.5200,122.5011,123.4917,7321100
2023-06-13,123.2181,124.3031,123.0955,124.1144,8362700
2023-06-14,123.4823,123.5861,122.3690,122.8407,12401600
2023-06-15,122.8502,124.9164,122.8313,124.7466,10598600
2023-06-16,125.0673,125.7183,124.6050,124.7371,10535000
2023-06-20,123.5453,125.1464,123.5264,124.5969,8585100
2023-06-21,124.2938,125.0422,123.7159,124.6159,9444800
2023-06-22,124.8053,125.6485,124.6443,125.4685,8036400
2023-06-23,125.2979,125.5632,124.7106,125.0516,8096500
2023-06-26,124.7390,124.9380,123.1380,124.3411,7092800
2023-06-27,124.3412,124.4738,123.1948,124.0569,8578200
2023-06-28,124.0285,124.0569,123.2611,123.6590,10897800
2023-06-29,123.3748,124.5401,123.1664,124.4643,7843300
2023-06-30,124.9664,126.0369,124.8906,125.7432,8260900
2023-07-03,125.3832,125.3832,124.1801,124.7106,5240300
2023-07-05,124.4453,124.9095,124.1611,124.6443,7942100
2023-07-06,123.8106,124.1137,123.3369,123.6495,8213100
2023-07-07,122.9675,123.4032,122.1433,122.2096,8749700
2023-07-10,122.2190,123.3274,122.2096,123.1759,7476500
2023-07-11,123.0054,123.6022,122.6643,123.2043,7278300
2023-07-12,123.5169,123.6306,122.6738,122.8727,11900400
2023-07-13,123.1854,123.4980,122.7969,122.9201,7526200
2023-07-14,123.8485,125.1653,123.7159,124.7674,13298600
2023-07-17,124.4358,124.7011,123.7348,124.1990,7905000
2023-07-18,124.2464,125.5916,124.0190,125.1180,8130300
2023-07-19,125.7338,126.4822,125.4780,125.6959,12484000
2023-07-20,126.5390,128.3011,126.4443,127.7801,12650200
2023-07-21,127.9032,129.4663,127.6853,129.0685,11308900
2023-07-24,129.0685,129.6464,128.6706,128.7843,12034000
2023-07-25,127.9221,129.2484,127.7516,128.7274,7802900
2023-07-26,128.1116,129.0590,127.7800,128.6421,8205300
2023-07-27,128.8316,129.2958,127.6664,127.6948,8800800
2023-07-28,128.0832,128.2916,127.3442,128.0737,6897600
2023-07-31,127.8464,127.8938,126.6148,127.0885,9735900
2023-08-01,126.7948,127.2590,126.1127,126.4253,10555300
2023-08-02,126.4538,127.3159,126.1695,126.5106,13873000
2023-08-03,126.0938,126.2548,125.6295,125.8759,11863400
2023-08-04,125.9137,126.6906,125.1179,125.4306,12631200
2023-08-07,125.8096,127.0032,125.7432,126.8801,8165600
2023-08-08,127.6853,128.0169,126.9843,127.8559,12601200
2023-08-09,127.7421,128.5095,127.6569,127.8179,9833600
2023-08-10,128.1306,129.3432,127.6001,127.7327,9541700
2023-08-11,127.6947,128.6800,127.3916,128.5284,7674400
2023-08-14,128.5474,129.3242,128.4337,128.9169,8723300
2023-08-15,128.5948,128.9737,128.3011,128.4432,9118500
2023-08-16,128.2348,128.6516,127.4390,127.4674,9462400
2023-08-17,127.0127,127.4580,126.3969,126.4538,11163800
2023-08-18,126.2074,126.8327,126.0938,126.5011,9463000
2023-08-21,126.4538,126.7853,126.0559,126.6338,6872400
2023-08-22,126.4443,126.7474,126.1222,126.1885,6939400
2023-08-23,126.9464,127.2306,126.1980,126.5674,7276800
2023-08-24,126.3211,127.3158,125.4685,125.4685,10241700
2023-08-25,125.8759,126.8327,125.4495,126.3874,8509100
2023-08-28,126.8327,127.2400,126.2169,126.6811,6768400
2023-08-29,126.8516,127.8179,126.6811,127.8179,10737000
2023-08-30,128.1306,128.5190,127.6095,127.7232,7892700
2023-08-31,127.7422,127.8085,126.1695,126.1980,7540200
2023-09-01,127.1737,127.1737,126.2074,126.5390,10183900
2023-09-05,126.6053,126.7001,125.2316,125.2316,11042600
2023-09-06,125.0801,125.2032,123.9433,124.5496,12840000
2023-09-07,124.9285,125.6485,124.8338,125.1085,11055700
2023-09-08,124.8432,125.4874,124.8148,125.1085,8716900
2023-09-11,125.0516,126.2169,125.0327,125.9706,7179000
2023-09-12,125.5917,126.1411,124.9096,125.8096,6941700
2023-09-13,125.5064,126.3306,125.4685,125.8285,6430300
2023-09-14,126.5390,126.6148,125.8474,126.2264,6433300
2023-09-15,125.9232,126.5201,125.1464,125.2316,9611900
2023-09-18,125.4314,125.5551,124.5658,125.0414,6559400
2023-09-19,124.8321,125.4124,124.3089,125.1460,6252400
2023-09-20,125.6978,126.0497,125.1365,125.1556,6350700
2023-09-21,124.9177,125.1270,124.0045,124.0616,7979500
2023-09-22,123.8999,124.5372,123.6621,123.8048,7790300
2023-09-25,123.6811,124.5182,123.3387,124.4802,6826300
2023-09-26,123.9094,124.3089,123.3291,123.4243,8200700
2023-09-27,123.6526,123.7762,121.9023,122.8060,9888600
2023-09-28,123.0153,123.7477,123.0153,123.3957,9129000
2023-09-29,123.6621,123.7762,122.2733,122.4635,12692700
2023-10-02,122.0735,122.3304,120.8654,122.2923,16035100
2023-10-03,121.6930,121.9498,120.6942,121.2079,11971100
2023-10-04,121.3125,121.8928,120.7418,121.7215,10064300
2023-10-05,121.9974,122.6062,121.3030,122.3874,9609700
2023-10-06,122.0450,124.0616,121.9784,123.6716,10692400
2023-10-09,123.3291,124.2138,122.8345,124.0997,8047600
2023-10-10,124.0616,125.2507,123.6335,124.6894,8154900
2023-10-11,124.8416,125.0414,123.5860,124.1377,9591800
2023-10-12,124.2328,124.4706,122.9772,123.0723,10927700
2023-10-13,123.5289,124.5563,123.1484,123.8428,11383800
2023-10-16,124.3375,125.4885,124.2328,124.7750,10545000
2023-10-17,124.1757,125.2887,124.0806,124.6038,9149900
2023-10-18,124.7750,125.1270,123.3006,123.5194,10085700
2023-10-19,123.3577,123.4909,121.5408,122.3018,15492500
2023-10-20,122.0545,122.6918,121.7976,121.8167,12296800
2023-10-23,121.7310,122.1401,120.9415,121.0557,12344200
2023-10-24,120.6657,121.8072,120.6657,121.4267,9375900
2023-10-25,120.8749,121.2459,119.4481,120.3422,11427000
2023-10-26,119.3529,120.2471,119.0581,119.1532,14699100
2023-10-27,118.8202,118.9724,116.6133,117.1365,13566100
2023-10-30,117.7453,118.1544,116.8987,117.7929,15224500
2023-10-31,118.2114,118.6205,117.5266,118.4683,13917400
2023-11-01,118.3256,119.2959,118.1163,118.7156,13802600
2023-11-02,119.1722,120.7037,118.8583,120.5991,11894000
2023-11-03,121.4267,121.9499,120.9986,121.1984,11635600
2023-11-06,121.7120,122.1972,121.2174,122.0069,8425100
2023-11-07,121.9594,122.3874,121.6359,122.0925,8241900
2023-11-08,122.6062,122.6062,121.1793,121.9213,10021100
2023-11-09,121.8071,121.9498,119.2863,119.4005,13905500
2023-11-10,119.8571,120.2852,118.5254,120.1139,10401300
2023-11-13,120.2376,121.0462,119.5432,120.8084,11373800
2023-11-14,121.5028,122.4350,121.1984,121.6264,11216900
2023-11-15,121.7120,122.2067,121.4171,121.7215,9262700
2023-11-16,122.0830,122.5016,121.6169,122.2447,7665900
2023-11-17,122.5016,122.7013,121.6264,121.9974,6766100
2023-11-20,121.5218,123.0057,121.4362,122.7394,6910000
2023-11-21,123.1579,123.7287,123.0057,123.4813,8373000
2023-11-22,123.8904,124.3660,123.7287,124.0711,6737700
2023-11-24,124.3185,124.7655,124.3089,124.7370,3708800
2023-11-27,124.4707,124.8892,123.7287,123.9570,10530200
2023-11-28,123.7382,124.0140,123.2340,123.3196,6261300
2023-11-29,123.1865,124.0236,123.1294,123.3577,6979000
2023-11-30,123.4528,124.9843,123.0247,124.9082,7743100
2023-12-01,124.7370,125.5360,124.6419,125.4029,9370900
2023-12-04,125.0699,125.8785,125.0319,125.6407,6943900
2023-12-05,125.3839,125.6787,124.6990,125.4790,6581000
2023-12-06,125.7549,125.9927,125.3268,125.5741,6210400
2023-12-07,125.5931,125.8975,124.8511,125.4219,6396700
2023-12-08,125.5075,125.9260,124.8797,125.6312,6007600
2023-12-11,126.3065,126.6965,125.6882,126.4587,9016800
2023-12-12,126.6395,127.1817,126.0402,127.0010,6779000
2023-12-13,126.4588,129.3791,126.2875,129.3410,9074300
2023-12-14,129.7786,129.8547,128.2281,128.7132,10098700
2023-12-15,128.1139,128.3612,127.1437,127.6193,8296600
2023-12-18,128.0951,128.2289,127.4931,127.8276,5944300
2023-12-19,127.9900,128.7544,127.7894,128.6875,6358200
2023-12-20,128.6111,128.6875,126.8147,126.8243,7299000
2023-12-21,127.5887,128.4677,127.2925,128.3722,5606800
2023-12-22,128.6875,129.4137,128.4964,129.0124,5355100
2023-12-26,128.9073,129.6430,128.7449,129.2991,3688600
2023-12-27,129.1557,129.9297,129.1270,129.8437,5444100
2023-12-28,129.9488,130.6176,129.9297,130.1781,5800200
2023-12-29,130.1781,130.5412,129.7768,130.3119,5590000
2024-01-02,129.9870,132.8631,129.9201,132.6051,11785900
2024-01-03,133.0447,133.3218,132.2229,132.3854,9585000
2024-01-04,132.7962,133.7708,132.5669,133.0446,11649200
2024-01-05,132.7389,133.4842,132.3662,132.9300,9437700
2024-01-08,132.9682,134.1339,132.4235,134.1052,7999400
2024-01-09,133.9619,135.2614,133.6466,134.0861,9201300
2024-01-10,134.1626,134.8601,133.6561,134.6976,9773300
2024-01-11,134.5257,134.7550,133.7708,134.6021,7182300
2024-01-12,134.2295,134.8792,133.8186,134.2677,8026400
2024-01-16,133.9332,134.1148,133.2548,133.4650,7426900
2024-01-17,133.2453,133.8568,132.8248,133.1975,8337200
2024-01-18,132.0509,133.3026,131.4012,133.1784,8929300
2024-01-19,133.2549,133.5988,132.5191,133.2549,8842000
2024-01-22,133.3695,134.1912,133.0351,133.8377,7831400
2024-01-23,133.6657,133.8281,132.7867,133.7422,6407400
2024-01-24,134.0957,134.4206,132.5000,132.5191,9104900
2024-01-25,132.0509,132.3471,131.1050,132.3185,10050200
2024-01-26,133.2357,133.3504,132.7388,133.0733,5759100
2024-01-29,133.1975,134.0192,133.1115,134.0097,6229600
2024-01-30,134.2295,134.5543,133.5893,134.3155,5940300
2024-01-31,135.3378,135.4429,134.1052,134.1339,10223100
2024-02-01,134.2963,135.8729,133.6466,135.8729,8503600
2024-02-02,135.8251,136.3029,134.9843,135.6723,10629200
2024-02-05,136.1595,136.9335,135.4716,136.0927,9631700
2024-02-06,137.1533,137.6788,136.4653,137.5737,10159000
2024-02-07,137.9177,138.5770,137.6597,137.9464,7884600
2024-02-08,137.8126,137.8126,137.0864,137.7075,6672400
2024-02-09,137.6502,137.8699,137.1533,137.6024,7447800
2024-02-12,137.4209,137.8222,136.7711,137.7839,6645500
2024-02-13,137.0864,138.0419,135.8252,136.5036,11170000
2024-02-14,136.9718,137.7362,136.7042,137.6884,9701100
2024-02-15,137.7839,138.9592,137.5833,138.6916,9294800
2024-02-16,138.8732,140.0772,138.3764,139.1407,8424100
2024-02-20,139.2459,139.6854,138.3190,138.6726,9120400
2024-02-21,138.2235,139.0166,137.8222,138.9783,7213500
2024-02-22,139.1599,140.8702,138.8637,140.6122,9130000
2024-02-23,141.0900,141.6729,140.7842,141.2811,9194600
2024-02-26,141.1951,141.5200,140.4307,140.5549,7248300
2024-02-27,139.8670,140.6409,139.5421,140.2109,7374000
2024-02-28,139.6185,139.7714,138.8541,139.5134,8038800
2024-02-29,139.5038,139.7332,138.2808,138.3764,9435600
2024-03-01,138.6917,139.9243,138.0801,139.8287,8741400
2024-03-04,139.4274,140.1536,139.2841,139.6185,10657800
2024-03-05,139.6663,139.8956,138.1184,138.5770,9743400
2024-03-06,138.8350,140.0389,138.8350,139.5230,8085300
2024-03-07,139.8669,140.5071,139.6758,140.1727,6438300
2024-03-08,140.0389,140.6982,139.6663,139.9147,7802500
2024-03-11,139.5994,140.0867,138.8254,139.8383,7723800
2024-03-12,139.9338,140.8320,139.4656,140.4880,7143700
2024-03-13,141.0231,141.1282,139.3987,139.9434,7874200
2024-03-14,140.0294,140.1345,138.6726,139.4465,9605700
2024-03-15,138.5675,139.1790,138.4050,138.8923,10570500
2024-03-18,139.4610,139.5952,138.7801,138.8760,6407000
2024-03-19,138.9911,139.8829,138.5884,139.7966,5240200
2024-03-20,139.4610,139.5281,138.7034,139.4801,8268200
2024-03-21,139.7679,140.1706,139.3747,139.6624,8865300
2024-03-22,139.8637,140.2186,139.2979,139.4706,5537200
2024-03-25,139.7295,139.8733,139.0582,139.2788,5253000
2024-03-26,139.5569,139.9501,139.1829,139.7871,6942400
2024-03-27,140.9761,141.6474,140.6022,141.6474,8797400
2024-03-28,141.8488,142.1461,141.6186,141.6666,8090200
2024-04-01,141.5803,141.6666,139.9501,140.4583,7378300
2024-04-02,138.5596,138.7130,137.5527,138.2719,10776400
2024-04-03,138.5116,139.1350,137.7924,138.1185,8453400
2024-04-04,138.9815,139.0678,136.0471,136.1238,12685700
2024-04-05,135.9129,137.7924,135.7978,137.3417,9073100
2024-04-08,137.2362,137.2362,136.6896,136.9006,9128200
2024-04-09,137.1979,137.4664,136.4403,137.3896,10534400
2024-04-10,136.0183,136.4019,135.3087,135.7786,13052700
2024-04-11,136.1910,136.2197,134.8292,135.2224,8153900
2024-04-12,134.5224,134.5320,132.7771,133.2086,13799400
2024-04-15,134.3689,134.8580,132.7291,132.9401,10383600
2024-04-16,134.0908,134.0908,132.9017,132.9880,10170500
2024-04-17,133.7648,133.8894,132.5469,132.7579,8480100
2024-04-18,132.8442,133.5346,132.5373,132.7483,8105800
2024-04-19,133.4387,133.6209,132.7675,133.2469,9668400
2024-04-22,133.6593,134.8197,133.2278,133.7552,8531300
2024-04-23,135.0402,135.7498,134.4265,135.5005,8615500
2024-04-24,135.2032,135.3567,134.4648,135.0786,7378600
2024-04-25,134.9923,135.2128,133.4867,134.1771,9693300
2024-04-26,133.6785,134.5703,133.5826,134.2155,6013800
2024-04-29,134.3785,135.0498,133.9949,134.6662,6388600
2024-04-30,135.1169,135.4046,134.4744,134.5703,9677700
2024-05-01,133.9758,136.0183,133.8223,134.8101,10710200
2024-05-02,135.5389,135.6348,133.9854,134.7142,8425500
2024-05-03,135.2991,135.4334,134.3498,135.0498,8539300
2024-05-06,135.1649,135.6348,134.8676,135.5964,5605100
2024-05-07,135.9033,136.8430,135.8841,136.7184,7720600
2024-05-08,136.9965,137.0157,136.0759,136.2485,5461100
2024-05-09,136.4115,137.4951,136.3923,137.4184,6821800
2024-05-10,137.6006,138.1760,137.5047,137.6965,6324900
2024-05-13,137.9746,138.0993,137.3130,137.5623,5351500
2024-05-14,137.7540,138.2144,137.2362,138.1472,6198700
2024-05-15,138.7609,140.3528,138.7034,140.1994,8433700
2024-05-16,139.9021,140.4295,139.6432,140.0363,6740800
2024-05-17,140.0076,140.3336,139.4706,140.3049,7071600
2024-05-20,140.1611,140.3528,139.7103,140.0076,3890000
2024-05-21,140.2569,140.8515,139.8925,140.2473,4048900
2024-05-22,139.8733,140.9186,139.7870,140.4966,6831200
2024-05-23,140.2665,140.2761,138.8664,138.9623,5155900
2024-05-24,139.1445,139.3651,138.4061,138.4924,3949500
2024-05-28,138.1856,138.1856,136.2389,136.8143,8375100
2024-05-29,135.6443,135.9128,135.1648,135.7498,6838200
2024-05-30,135.2032,136.3060,134.9059,135.8169,7395500
2024-05-31,136.2485,137.8787,136.0855,137.8020,7945900
2024-06-03,137.7061,139.1829,137.4663,138.7705,10303300
2024-06-04,138.6459,139.5569,138.1280,139.1733,6964200
2024-06-05,139.3363,139.9596,138.5596,139.8062,5373400
2024-06-06,139.7007,140.5638,139.2212,140.2665,5425800
2024-06-07,140.1322,141.1200,139.9692,140.4199,5222300
2024-06-10,140.1994,140.9761,139.6911,140.9378,5396700
2024-06-11,140.8323,140.8323,139.7487,140.3528,5194000
2024-06-12,140.9570,141.0049,139.6911,140.0556,6522700
2024-06-13,139.5377,140.1706,138.6459,139.9404,4720600
2024-06-14,139.6528,139.9309,139.0774,139.8925,4109600
2024-06-17,139.2980,139.9693,139.0103,139.7487,4542800
2024-06-18,139.9021,140.3912,139.6240,139.9309,4872600
2024-06-20,139.4994,140.5734,139.3076,140.3912,6653600
2024-06-21,140.5734,141.0816,140.2378,140.7843,8535400
2024-06-24,141.3552,142.1061,140.9894,141.6055,6446100
2024-06-25,141.7692,141.9714,140.8258,141.1627,5171600
2024-06-26,140.9124,141.1627,140.3348,140.6621,4572700
2024-06-27,140.7680,140.8257,139.6223,140.4310,4637900
2024-06-28,140.9509,141.5382,139.6898,140.3155,7656800
2024-07-01,140.5947,141.9906,139.2565,139.5261,6562000
2024-07-02,139.0255,139.2277,138.2361,139.0159,7536100
2024-07-03,139.2662,139.2758,137.4081,137.9569,7654000
2024-07-05,138.2553,139.1025,137.5525,139.0255,4846900
2024-07-08,139.1795,139.5646,138.5152,138.8714,4001500
2024-07-09,139.1699,139.6224,138.3420,139.5453,8336700
2024-07-10,139.6994,140.8835,139.3913,140.8643,5342300
2024-07-11,140.8739,142.2313,140.7006,141.8559,7690700
2024-07-12,142.3372,143.3384,142.2313,142.7416,6614600
2024-07-15,143.2903,143.4251,142.0291,142.2409,5804100
2024-07-16,143.0978,144.3011,142.7801,144.2723,7602500
2024-07-17,143.2807,145.6874,143.0977,144.9269,10395500
2024-07-18,144.0027,144.9462,141.3841,141.6344,11033400
2024-07-19,142.3468,143.0400,141.7885,142.3565,5985700
2024-07-22,143.0785,143.4347,142.3661,143.1748,5190200
2024-07-23,143.7620,143.8487,142.9341,143.0881,3553300
2024-07-24,143.1652,144.4648,142.6838,144.2819,6870400
2024-07-25,143.8486,145.8800,143.4058,143.5598,11472800
2024-07-26,143.5406,145.3024,143.4540,144.3685,6028800
2024-07-29,144.3878,144.9462,143.6946,144.4552,8227200
2024-07-30,144.4552,145.4757,143.5502,144.5803,7269400
2024-07-31,144.5226,145.0424,143.4925,144.0508,8417800
2024-08-01,144.7921,145.6875,143.9161,145.5238,10357700
2024-08-02,145.7452,146.1110,143.0785,145.2350,15742100
2024-08-05,142.9630,143.2422,140.7391,141.3552,17575600
2024-08-06,141.9232,143.8102,141.4708,142.0099,13335600
2024-08-07,141.9136,142.5971,140.1133,140.5658,11485000
2024-08-08,142.7608,143.8005,142.1158,143.6754,11479100
2024-08-09,143.9257,144.7536,143.6176,144.3878,8550400
2024-08-12,144.7344,144.7344,143.4251,143.8391,5044300
2024-08-13,144.4070,145.7259,144.2434,145.5815,4815700
2024-08-14,145.3986,146.3132,145.0521,146.1014,4837300
2024-08-15,146.7753,147.2471,146.0918,147.0160,5886800
2024-08-16,146.9679,147.4107,146.5539,147.1700,4562500
2024-08-19,147.1797,148.2002,147.0930,148.0654,4729600
2024-08-20,148.4601,149.4228,148.3060,148.6622,4878300
2024-08-21,148.9703,149.2976,148.3927,148.9125,5530100
2024-08-22,149.4132,149.5576,148.2483,149.0088,4951800
2024-08-23,149.4036,149.7598,148.8741,149.6539,4069400
2024-08-26,149.7982,150.2603,149.4324,149.5768,4433600
2024-08-27,149.7213,150.2219,149.2784,149.8079,3785400
2024-08-28,149.7116,150.6069,149.2784,149.9812,5150100
2024-08-29,150.5781,150.9824,149.6635,150.2989,4339200
2024-08-30,150.4047,151.4156,149.7501,151.3386,7020600
2024-09-03,151.0305,151.9547,150.6358,151.0498,7674900
2024-09-04,150.8476,153.6876,150.0485,150.7898,8235500
2024-09-05,150.6262,150.7128,147.9980,148.7200,7245600
2024-09-06,149.2399,149.8560,147.9017,148.2098,7651800
2024-09-09,148.5852,149.7212,148.0172,149.2495,6169200
2024-09-10,149.4517,150.0389,148.8933,149.9330,7337200
2024-09-11,149.3939,149.6635,147.1508,149.4902,6636500
2024-09-12,149.4516,150.1640,148.0557,150.0293,4838100
2024-09-13,150.0967,150.7995,149.8945,150.3374,4358500
2024-09-16,151.1268,151.7140,150.8283,151.3771,4711900
2024-09-17,151.1942,151.2327,149.2880,149.8175,6280000
2024-09-18,149.6924,151.1268,148.9896,149.5672,7148900
2024-09-19,150.9150,150.9150,149.7116,150.1063,6717400
2024-09-20,149.6153,150.1641,149.1244,149.4902,8541600
2024-09-23,149.9608,149.9801,148.9268,149.1974,6416400
2024-09-24,149.1297,149.1877,148.1924,148.8978,5341600
2024-09-25,149.3520,149.5646,147.3904,147.4483,5940100
2024-09-26,147.3517,148.1248,147.1005,147.9412,6172900
2024-09-27,148.1344,149.0041,147.8542,147.8639,7312500
2024-09-30,147.6610,148.8688,147.4387,148.8302,7233800
2024-10-01,148.9461,149.1491,147.4870,148.0475,10560200
2024-10-02,147.8639,148.2117,146.7526,147.7479,7158400
2024-10-03,147.3807,147.5160,146.1439,146.4144,5551000
2024-10-04,146.6367,146.8976,145.7960,146.5304,6590100
2024-10-07,146.5400,146.9846,145.6124,145.8830,5922800
2024-10-08,146.2695,146.9072,146.1439,146.6753,4726600
2024-10-09,146.8106,148.2891,146.4628,148.1731,7840000
2024-10-10,148.1731,148.2891,147.2648,147.6223,4385500
2024-10-11,148.0861,148.8785,147.8735,148.7046,9354000
2024-10-14,148.8689,149.7868,148.3567,149.5260,4819800
2024-10-15,147.5257,149.3810,147.3711,147.6996,9088600
2024-10-16,147.5064,148.4340,147.1102,148.1151,4510200
2024-10-17,147.6223,147.8639,147.1585,147.2551,5430000
2024-10-18,147.3614,148.3277,146.9362,147.9702,9823900
2024-10-21,147.5837,147.9798,146.0859,146.2308,4825900
2024-10-22,145.4578,146.2888,145.3322,146.0183,5166900
2024-10-23,145.6221,145.8443,144.5592,145.3322,4910200
2024-10-24,145.3322,145.9216,144.3369,144.3755,5066300
2024-10-25,144.8683,144.9456,143.4189,143.5831,5314500
2024-10-28,143.9890,144.4528,143.6121,143.7957,4923500
2024-10-29,143.6991,144.2885,143.3319,143.3995,7342600
2024-10-30,141.2157,143.1773,140.7133,143.1290,9211800
2024-10-31,142.2787,142.9454,141.8921,141.9211,6701100
2024-11-01,142.4719,143.4672,142.4622,142.7618,6896900
2024-11-04,142.4139,143.1000,141.5442,141.8245,5985900
2024-11-05,141.5442,142.9067,141.0224,142.8681,5035300
2024-11-06,145.5931,145.8250,142.3850,143.0517,10685600
2024-11-07,143.9117,144.2595,143.2159,144.0856,9381600
2024-11-08,144.2789,145.8636,144.1146,145.1196,8701100
2024-11-11,144.8007,145.5254,144.0566,144.2692,6071900
2024-11-12,144.0373,144.2789,142.2303,142.2593,7022300
2024-11-13,142.2013,142.6265,141.7375,141.8824,5981200
2024-11-14,141.6409,141.6505,139.4957,139.6503,7936700
2024-11-15,138.8773,139.0029,136.7997,137.0606,14246100
2024-11-18,136.7031,137.3022,136.5485,137.1572,7933100
2024-11-19,135.9107,136.8384,135.5338,136.4518,6205800
2024-11-20,136.7417,138.2588,136.5195,138.0656,9328800
2024-11-21,138.0656,139.3701,137.3505,139.1768,7969600
2024-11-22,139.4667,140.1335,139.0898,139.3024,6330300
2024-11-25,139.9305,140.9355,139.9112,140.4910,6834300
2024-11-26,140.9162,141.3993,139.8146,141.2447,6018400
2024-11-27,141.3800,142.7811,141.3800,141.9984,5952800
2024-11-29,141.9888,142.8101,141.7665,142.4429,3521200
2024-12-02,142.3560,142.4140,141.4573,142.1917,6220800
2024-12-03,142.1820,142.4622,141.7955,141.8728,4236200
2024-12-04,142.1241,142.6072,141.4283,141.7955,5597400
2024-12-05,141.1674,141.3220,139.9499,140.2108,8948700
2024-12-06,140.3944,140.5587,139.2445,139.4184,6545200
2024-12-09,139.5537,140.2011,139.0705,139.8242,6258600
2024-12-10,140.1045,140.2108,138.7806,139.2445,7200500
2024-12-11,138.6840,138.8000,137.3118,137.3505,6895000
2024-12-12,137.3795,137.7370,136.1620,136.2586,5994200
2024-12-13,136.0846,136.6837,135.4082,136.2392,7599400
2024-12-16,136.1329,136.8770,134.5096,134.6158,9476600
2024-12-17,134.0264,135.5145,133.9298,134.5192,10280100
2024-12-18,134.4323,135.3213,132.6060,132.6929,14448100
2024-12-19,132.4417,133.1567,131.3691,131.6880,11929300
2024-12-20,132.8572,134.5965,132.4320,133.3500,12098400
2024-12-23,133.5655,134.8759,132.9734,134.6817,8050500
2024-12-24,134.5653,135.2351,133.9926,135.2351,3139300
2024-12-26,134.7594,135.6233,134.6138,135.5068,4720300
2024-12-27,134.7594,135.7107,134.3032,134.8759,5948000
2024-12-30,134.0994,134.0994,132.7210,133.2161,6890300
2024-12-31,133.5461,134.0702,132.7792,133.5364,6626900
2025-01-02,134.2061,134.7012,133.0995,133.5752,8973000
2025-01-03,133.8470,135.2642,133.7014,134.8856,8288700
2025-01-06,134.8274,135.9339,134.4973,134.9439,8653300
2025-01-07,135.2739,136.7978,135.2739,135.6136,12639700
2025-01-08,135.8660,136.5163,134.6235,136.3125,7827400
2025-01-10,135.8466,136.8173,135.2642,135.5457,10343700
2025-01-13,135.6913,137.6617,135.5748,137.3123,9422200
2025-01-14,137.1279,137.1279,134.8080,135.8951,10277800
2025-01-15,136.2737,137.0988,135.6719,136.4484,11388400
2025-01-16,136.0213,137.1958,135.4874,136.9920,8512100
2025-01-17,136.8076,137.2541,136.0698,136.0698,7668100
2025-01-21,136.7881,138.3315,136.7687,138.3218,7257800
2025-01-22,137.6423,138.4480,136.9920,138.0112,8189900
2025-01-23,138.3898,139.8749,137.7103,139.8555,8032900
2025-01-24,139.2343,140.3700,139.0693,140.0788,8127900
2025-01-27,140.8456,143.2529,140.7194,143.2238,12311300
2025-01-28,143.2140,143.4082,142.1851,142.2240,9686400
2025-01-29,141.8066,142.2822,141.0397,141.3892,8159100
2025-01-30,141.9618,143.4179,141.9521,143.0199,7705200
2025-01-31,143.2529,144.2332,142.5152,142.5637,9211800
2025-02-03,141.6998,143.8158,141.6609,143.1170,13001500
2025-02-04,141.5445,142.8840,141.3212,142.7287,11762000
2025-02-05,143.0781,144.3594,142.7869,144.0974,10042300
2025-02-06,143.8061,144.1071,142.5928,142.8063,12422100
2025-02-07,143.0102,143.5829,142.0298,142.1366,11199700
2025-02-10,142.3016,142.3501,141.1950,142.0104,7374300
2025-02-11,141.6027,142.0298,141.1756,141.7483,6634900
2025-02-12,141.4086,142.3113,141.1077,141.5445,7572200
2025-02-13,141.8260,142.4084,140.9038,142.0978,6293100
2025-02-14,142.2045,142.3987,140.5544,140.5544,5299200
2025-02-18,139.7002,140.6418,139.6225,140.2826,11366800
2025-02-19,140.2923,142.1463,140.2632,142.1075,6295900
2025-02-20,141.9036,142.9811,141.8162,142.9034,6264800
2025-02-21,141.2144,142.8258,141.0785,142.1366,8647000
2025-02-24,142.2919,143.8741,141.9813,143.2917,7559400
2025-02-25,143.5635,144.7186,143.0878,144.5244,11981300
2025-02-26,143.9615,144.5827,143.0296,143.4859,6566800
2025-02-27,143.2237,144.5438,142.8452,142.9034,7377000
2025-02-28,143.1364,144.7866,142.1948,144.5633,8453700
2025-03-03,144.6507,145.9126,144.5924,145.1942,9459300
2025-03-04,145.3981,145.6699,143.6314,143.8450,10804700
2025-03-05,143.1946,145.5145,142.9228,145.2913,7597700
2025-03-06,144.6313,145.0972,143.5926,144.8933,7122200
2025-03-07,144.3012,145.8737,144.0973,144.9030,8532400
2025-03-10,143.7770,145.5146,143.0199,143.3402,13577800
2025-03-11,143.3499,143.5538,141.0300,141.7775,9411600
2025-03-12,141.4571,141.7095,139.8943,140.3603,7141100
2025-03-13,140.4185,140.8165,139.2828,139.6128,8041600
2025-03-14,139.7099,140.8941,139.2052,140.6806,6761200
2025-03-17,140.4767,142.7966,140.4767,142.4666,6017300
2025-03-18,142.5152,142.7481,141.7580,142.5346,5528000
2025-03-19,142.6413,142.9908,141.6221,142.6122,6156200
2025-03-20,142.6316,143.3111,142.2142,142.6996,8033800
2025-03-21,142.2822,142.5540,141.4571,142.3016,7635300
2025-03-24,142.6768,143.6220,142.3747,143.3881,6500600
2025-03-25,143.7292,143.8168,140.6597,141.5562,6502000
2025-03-26,141.6633,142.2383,140.6986,141.0397,8758600
2025-03-27,140.8253,141.7023,140.7669,141.2638,6264300
2025-03-28,141.1469,141.5269,140.7571,140.8253,6210500
2025-03-31,140.1140,142.8716,139.8119,142.2772,8085600
2025-04-01,141.7608,141.7608,139.2467,139.6755,9906100
2025-04-02,139.1201,140.7084,138.5549,140.6110,6392700
2025-04-03,140.0848,141.4782,139.3929,139.4709,10990600
2025-04-04,137.5317,138.0872,131.7728,131.8215,21341100
2025-04-07,128.3428,133.8581,126.3452,131.0323,29940300
2025-04-08,135.8654,135.8752,127.9238,129.5803,20860400
2025-04-09,126.8032,135.6803,126.3647,135.2126,39444700
2025-04-10,134.1797,134.2187,127.9725,131.4415,21957400
2025-04-11,131.6949,134.2381,130.2332,133.3709,10755600
2025-04-14,134.6766,135.4854,133.4586,134.9982,7437200
2025-04-15,135.4465,135.4854,133.7802,134.1700,6239000
2025-04-16,134.5890,135.0762,132.1724,132.8057,8150700
2025-04-17,131.8800,133.0786,131.6462,132.0262,9662800
2025-04-21,131.7339,131.8995,128.1967,129.1808,6456000
2025-04-22,130.2235,131.8215,129.7362,131.6072,8012500
2025-04-23,133.0493,134.4038,131.6754,132.2600,9503200
2025-04-24,132.4744,134.0238,131.6656,133.8776,5433000
2025-04-25,134.0725,134.6669,132.4062,134.5208,6438400
2025-04-28,134.7059,135.4854,133.8874,135.0567,5803300
2025-04-29,134.8813,136.3916,134.2089,135.7193,7811900
2025-04-30,135.9824,137.1907,134.7254,136.8789,6827800
2025-05-01,135.2613,135.5536,132.9811,133.1468,10363200
2025-05-02,135.2418,135.4562,134.0335,134.9885,9777000
2025-05-05,134.7156,135.1346,134.0628,134.6084,5479700
2025-05-06,133.6243,133.6827,130.5451,130.8959,11625900
2025-05-07,131.3051,132.2796,130.9641,131.8995,6417500
2025-05-08,130.9738,131.8703,130.2722,130.7107,10558100
2025-05-09,130.8764,131.3246,129.2296,129.2880,7555200
2025-05-12,129.4829,132.6498,129.2490,132.4842,15211100
2025-05-13,130.5158,130.5158,128.4597,128.4987,17817000
2025-05-14,128.8983,129.1614,125.3903,125.4780,19579500
2025-05-15,125.1857,127.2027,124.0943,127.1248,18792700
2025-05-16,127.3586,129.7363,126.9786,129.6875,12901800
2025-05-19,129.6193,131.0030,129.2588,130.9348,11645200
2025-05-20,130.9640,131.6364,130.7594,131.2564,11644500
2025-05-21,130.1455,130.7107,128.1577,128.2161,16635900
2025-05-22,127.2904,127.8848,126.6571,127.2125,12722600
2025-05-23,126.6083,127.2612,126.2380,127.0078,9127100
2025-05-27,128.0700,129.0054,127.8069,128.7813,12304000
2025-05-28,128.7326,129.1906,127.7777,128.1187,11087500
2025-05-29,128.3136,129.3660,127.9335,128.9762,10670300
2025-05-30,128.6936,129.9312,127.5341,129.2491,11651300
2025-06-02,128.9177,129.3855,127.7582,129.3270,11845000
2025-06-03,128.9859,130.1066,128.3623,129.6291,14304300
2025-06-04,130.0188,130.8958,129.8824,129.8824,9986100
2025-06-05,130.2040,130.4866,129.1808,129.7070,13705000
2025-06-06,130.3891,131.3928,130.3696,130.9446,9153500
2025-06-09,130.9154,131.3636,129.9799,130.7205,9976600
2025-06-10,130.8374,132.6108,130.8179,132.2113,11488000
2025-06-11,132.2406,133.0786,131.8800,132.2795,13644000
2025-06-12,132.2893,133.3417,132.0262,133.3124,9809500
2025-06-13,132.5816,133.8192,132.2113,132.6498,13722800
2025-06-16,132.9324,133.3319,131.6267,132.2406,14171000
2025-06-17,131.6462,131.9482,129.8824,130.0578,13506000
2025-06-18,130.0676,130.6912,129.1029,129.8337,12185300
2025-06-20,130.2819,130.3794,129.0249,129.2101,13744900
2025-06-23,129.2982,129.9640,128.2408,129.3961,14181600
2025-06-24,129.7388,131.2760,129.2395,130.9822,11272900
2025-06-25,130.7277,131.4816,129.9934,131.0997,11996400
2025-06-26,131.3739,132.3334,130.9529,131.4130,13177700
2025-06-27,131.5109,132.3040,130.9039,131.1291,13818500
2025-06-30,131.0997,132.1277,131.0018,131.9711,12407700
2025-07-01,131.7655,134.8790,131.6480,133.8509,21204300
2025-07-02,133.1852,133.4397,132.4117,132.5292,13720400
2025-07-03,132.7152,133.0579,132.3431,132.6662,7282700
2025-07-07,132.6173,132.6173,130.8549,131.5501,14052300
2025-07-08,131.4522,133.3712,131.2074,132.1473,19485900
2025-07-09,132.4215,133.0774,131.6088,132.6564,13963900
2025-07-10,132.6760,134.7517,132.1767,133.4691,17668300
2025-07-11,133.0383,133.0383,131.5403,132.3627,14246600
2025-07-14,131.8340,132.4802,131.5892,132.2061,11095400
2025-07-15,132.4019,132.6369,129.6996,129.8269,17095600
2025-07-16,130.3556,131.6088,130.2185,131.4424,14142100
2025-07-17,130.5025,130.8843,129.5136,129.9444,15740900
2025-07-18,130.2871,130.4535,128.9065,129.0828,13245500
2025-07-21,129.1513,129.5528,128.2897,128.3485,9468700
2025-07-22,128.5639,131.0116,128.5639,130.7374,16681900
2025-07-23,132.4312,133.4691,131.9809,133.4201,16624000
2025-07-24,133.2831,134.0663,132.7054,132.9208,11054800
2025-07-25,133.4006,133.8411,132.9012,133.6257,9539900
2025-07-28,133.2929,133.5376,132.1082,132.4606,9780300
2025-07-29,131.0997,132.2746,130.1598,131.6186,14967600
2025-07-30,132.0592,132.3627,130.8452,131.3837,11634600
2025-07-31,130.2381,130.9920,127.2617,127.7023,26441600
2025-08-01,127.9666,128.6520,127.1442,128.3876,20736200
2025-08-04,128.6422,130.2871,128.6128,130.2283,11331000
2025-08-05,129.6800,130.1696,129.2786,129.7290,14319200
2025-08-06,129.1807,129.2884,127.6239,127.7806,14342800
2025-08-07,127.0561,127.5163,125.2839,126.3120,24421900
2025-08-08,126.5274,127.7121,126.5274,127.4379,13747100
2025-08-11,127.5652,128.5737,127.4184,127.5652,14474000
2025-08-12,127.6142,128.4856,127.4086,128.4464,17219500
2025-08-13,129.0632,130.5808,128.8967,130.5024,15069900
2025-08-14,130.2773,131.2955,129.6409,131.1584,15464000
2025-08-15,132.6467,133.7432,132.3529,133.3614,13929600
2025-08-18,133.6747,134.3209,132.9796,133.0481,12572000
2025-08-19,133.0285,134.3503,132.9404,133.8999,13578200
2025-08-20,134.1446,135.3196,134.1446,134.6244,14607000
2025-08-21,134.3405,135.5643,134.0761,134.1740,13218900
2025-08-22,134.9182,136.1127,134.9182,135.2804,11898600
2025-08-25,135.2510,135.3685,133.2537,133.3516,10681000
2025-08-26,133.7334,134.3013,133.4887,134.1838,11397500
2025-08-27,134.1251,134.8300,133.8705,134.1055,8321700
2025-08-28,133.9684,133.9880,132.9208,133.5768,9165700
2025-08-29,133.6845,134.5951,133.5181,134.5559,9655700
2025-09-02,134.0272,134.8594,133.6062,134.6832,13325300
2025-09-03,134.2426,134.8790,133.3908,134.0468,12586000
2025-09-04,133.9391,134.5951,133.2341,134.5559,11778600
2025-09-05,134.4090,135.4860,134.1839,135.0161,14664000
2025-09-08,134.5853,134.9867,133.5180,134.9671,15753300
2025-09-09,135.1727,136.0637,134.8398,135.6916,12249600
2025-09-10,135.6133,135.6133,133.9488,134.4580,13588300
2025-09-11,135.1531,137.0721,135.0063,136.7980,16470800
2025-09-12,136.3182,136.8861,135.2119,135.2216,11345400
2025-09-15,135.3685,135.6427,133.8020,134.0663,11233800
2025-09-16,133.8020,134.5167,133.6845,134.0663,12443800
2025-09-17,134.2622,135.3979,133.9782,134.3307,12501500
2025-09-18,134.3307,135.0552,134.0272,134.5950,11472900
2025-09-19,134.9377,135.0160,134.3111,134.4188,11280900
2025-09-22,133.9516,135.0040,133.6566,134.3844,9732700
2025-09-23,134.0205,135.0926,133.9123,134.6893,9903000
2025-09-24,134.5713,134.8073,133.9221,134.1483,7471600
2025-09-25,133.8926,133.9418,131.5321,131.9255,14099700
2025-09-26,132.9287,133.3910,132.4271,133.2729,10071000
2025-09-29,133.4500,133.7352,132.5255,133.6664,7735700
2025-09-30,133.5287,137.2072,133.4402,136.8826,19313500
2025-10-01,137.5023,141.3677,137.3056,141.1120,23657900
2025-10-02,139.8137,141.2103,139.8137,140.8366,15176200
2025-10-03,141.2103,143.7381,141.2005,142.4398,15829200
2025-10-06,142.5184,142.6758,141.6037,141.7513,12879900
2025-10-07,141.7513,142.2824,140.9251,141.8595,12478700
2025-10-08,142.2234,142.5873,141.6529,142.1349,8925800
2025-10-09,142.4004,142.8627,141.5939,141.8201,7657000
2025-10-10,142.2332,142.3611,139.6071,139.7743,13350100
2025-10-13,139.4006,140.5907,139.3022,139.6169,8257500
2025-10-14,139.2727,140.5120,138.7317,140.0005,10044700
2025-10-15,139.6858,140.8956,139.0367,140.2169,7260600
2025-10-16,140.5022,141.2792,139.6268,139.9809,11194100
2025-10-17,139.2530,141.0628,139.0662,140.9153,8160300
2025-10-20,141.3579,142.6070,141.2005,142.4103,8435900
2025-10-21,142.6660,143.2365,141.9677,142.7447,9031800
2025-10-22,143.8069,144.3184,143.1479,143.5611,12705300
2025-10-23,143.1283,144.1020,142.9807,143.6397,7924900
2025-10-24,143.8856,144.3479,143.4824,143.6299,7007400
2025-10-27,143.6889,144.0430,142.8332,143.9643,6466700
2025-10-28,144.0036,144.1315,142.8037,143.0594,8652700
2025-10-29,142.8332,143.0594,141.2103,141.6136,12425600
2025-10-30,141.5939,143.0594,141.4070,141.9283,10756100
2025-10-31,140.6694,142.1152,140.3546,141.8792,10581100
2025-11-03,141.7021,142.1841,140.4825,142.0759,12279300
2025-11-04,141.4071,143.0988,141.1317,142.7152,14182200
2025-11-05,142.2529,143.8561,142.0070,143.2660,13154600
2025-11-06,142.7545,143.7086,142.5578,143.5414,14395800
2025-11-07,143.4430,143.7479,142.3414,143.7381,14522900
2025-11-10,143.3938,145.0069,143.3250,144.8593,12305900
2025-11-11,145.1741,148.3412,145.1741,148.2035,12659500
2025-11-12,148.5084,150.6427,148.2428,150.3083,17847500
2025-11-13,149.5411,151.9803,149.3641,150.2296,21807600
2025-11-14,149.7182,150.4066,148.7051,149.3346,15468900
2025-11-17,148.8526,150.8001,148.6559,149.2067,17516500
2025-11-18,149.2559,150.6132,148.6657,150.0820,24494200
2025-11-19,149.9739,150.4165,149.0789,149.8264,17352600
2025-11-20,149.9837,150.8197,148.6362,148.9313,25278500
2025-11-21,149.2952,153.1508,149.2165,152.0689,25526100
2025-11-24,152.5902,153.5934,151.9410,152.7082,17928400
2025-11-25,153.2098,156.2785,153.2098,156.1605,17298600
2025-11-26,155.8163,156.3375,155.5605,155.8163,12398900
2025-11-28,155.5999,155.6490,154.5770,155.0589,8559700
2025-12-01,154.4589,155.2655,152.6295,152.7377,17321200
2025-12-02,152.6984,152.9147,151.6066,151.8230,16150300
2025-12-03,152.1279,153.2197,152.1181,152.5312,12724800
2025-12-04,152.4525,152.4820,150.8492,151.3705,13674600
2025-12-05,151.9115,152.0886,150.4460,150.7411,8868700
2025-12-08,150.8296,150.8984,148.7149,148.9411,10996000
2025-12-09,149.5018,150.1706,147.3871,147.4953,11543300
2025-12-10,147.9084,149.6788,147.4068,149.6395,15534800
2025-12-11,150.2493,151.7640,149.7575,151.0558,14703000
2025-12-12,151.2230,152.0197,150.8886,151.5279,13175500
2025-12-15,151.9312,153.7409,151.9017,153.5344,14681800
2025-12-16,153.4754,153.5541,150.5739,151.5378,12491300
2025-12-17,151.6951,152.2361,151.1443,151.2623,9093300
2025-12-18,151.2230,152.6295,151.1542,151.3804,8876400
2025-12-19,151.3902,153.2098,151.3902,152.3934,8571500
2025-12-22,152.2621,153.4671,151.9164,153.3980,7063700
2025-12-23,152.7955,153.7536,152.7461,153.0918,7465800
2025-12-24,153.2696,154.0302,153.2498,153.8919,3085700
2025-12-26,153.7832,154.2080,153.4474,154.1388,4439100
2025-12-29,154.1586,154.5734,153.7733,153.9017,6357300
2025-12-30,153.7536,154.0697,153.2992,153.7733,4355000
2025-12-31,153.6943,153.9314,152.8745,152.9041,4199500
2026-01-02,152.9732,153.6647,151.6991,153.6054,10998000
2026-01-05,152.6967,153.4869,151.0965,153.1412,17756200
2026-01-06,153.2400,156.3909,153.2400,156.1538,17783800
2026-01-07,156.5983,158.6232,156.5983,157.7046,14505700
2026-01-08,157.2008,158.5343,155.6797,156.1835,17611000
2026-01-09,156.3909,156.9835,155.3340,155.3834,12352000
2026-01-12,155.4031,155.5711,154.0993,155.4525,12250100
2026-01-13,155.7192,155.7390,153.8326,154.8204,11756500
2026-01-14,154.6919,156.0550,154.5635,155.9266,13516800
2026-01-15,155.3834,155.5216,153.4671,155.0377,15303400
2026-01-16,154.7216,155.0475,153.8030,153.8326,11950300
2026-01-20,152.1139,154.0104,151.3533,153.4968,12775200
2026-01-21,153.2992,156.5687,153.2498,156.3217,16393900
2026-01-22,155.7192,157.2799,155.5710,156.3514,10881400
2026-01-23,155.8674,156.4403,154.7413,155.5513,10191300
2026-01-26,155.4426,156.3909,154.9784,156.1637,6810400
2026-01-27,153.8919,155.1661,153.2399,153.5461,12697500
2026-01-28,152.4102,153.2498,151.5904,152.4201,11426600
2026-01-29,152.3608,152.7757,151.6200,151.9361,12167300
2026-01-30,152.2324,153.0325,151.4126,152.8449,11863900
2026-02-02,152.6868,154.0993,152.5090,153.7832,11005300
2026-02-03,152.8844,155.1957,151.9658,152.2127,21141900
2026-02-04,152.9140,154.8599,152.3411,154.1191,22951600
2026-02-05,153.5561,155.0476,152.7856,152.9436,21421600
2026-02-06,154.1289,155.8674,154.0005,155.7785,13616200
2026-02-09,155.6402,156.2131,154.1190,154.4055,11823000
2026-02-10,154.7413,155.2352,153.3387,153.4276,11103400
2026-02-11,153.2794,154.4648,152.4893,154.3363,11738400
2026-02-12,154.2969,155.4920,153.5758,154.0894,19409100
2026-02-13,154.6031,156.8551,154.6031,155.7390,16647900
2026-02-17,156.0945,156.9638,155.2056,155.4426,14881100
2026-02-18,155.2747,155.8674,154.5636,155.7390,11886300
2026-02-19,155.2747,155.7884,154.2771,155.3340,11226900
2026-02-20,155.0772,155.3241,153.9610,154.8994,13368500
2026-02-23,155.2056,156.7366,155.2056,156.5983,17053500
2026-02-24,156.0748,156.5588,155.3834,155.9365,12887100
2026-02-25,155.9365,157.2799,155.6896,155.8970,11011500
2026-02-26,156.1341,156.2328,154.1783,155.4920,15344400
2026-02-27,154.8204,158.2775,154.7907,158.2380,14250100
2026-03-02,157.2404,157.8824,156.0551,156.5884,18641400
2026-03-03,154.7413,155.4624,153.1017,154.8204,21432600
2026-03-04,154.8204,155.6501,153.7635,155.1266,12745700
2026-03-05,153.2301,153.7931,150.8496,152.0250,20476400
2026-03-06,150.9089,151.1163,149.1013,150.8298,18174000
2026-03-09,149.9211,152.6572,149.2791,152.3707,18675700
2026-03-10,152.5189,152.6473,151.1360,151.2743,17247500
2026-03-11,150.9681,151.2842,150.0792,150.9780,12503800
2026-03-12,150.0890,150.6224,148.1925,148.3210,15670500
2026-03-13,149.1902,150.4347,147.8369,147.9555,15129300
2026-03-16,148.9037,149.8717,148.5382,149.1605,10896600
2026-03-17,149.3679,149.9902,147.7085,147.8073,11938600
2026-03-18,146.8986,147.2245,145.2095,145.3379,15565400
2026-03-19,145.3379,146.2763,144.5082,144.8144,16913000
2026-03-20,144.6860,145.2194,142.8883,143.5501,16582200
2026-03-23,145.3602,145.5685,143.4162,143.5848,21815400
2026-03-24,142.7715,144.1105,142.2062,143.6046,24230900
2026-03-25,144.4973,145.4891,144.1601,145.0428,17743300
2026-03-26,144.5568,145.7073,144.4378,144.5469,13321000
2026-03-27,144.5270,144.6064,141.8987,142.0872,12932200
2026-03-30,143.1187,143.4460,142.2558,142.6426,14799700
2026-03-31,143.6245,145.5486,143.4162,145.4097,17866000
2026-04-01,146.0147,147.5421,145.7470,146.5206,16899200
2026-04-02,145.7271,147.1454,145.0725,145.6081,11087900
2026-04-06,145.0824,145.9354,144.5667,145.0824,7272600
2026-04-07,145.7073,145.7073,143.6939,145.3701,10263400
2026-04-08,146.9867,148.4745,146.2925,148.4447,8130700
2026-04-09,147.6116,148.9902,147.0859,148.1075,6406400
2026-04-10,148.5538,148.6133,145.9057,146.1040,6217800
2026-04-13,145.6775,146.8380,145.0428,146.7586,6182800
2026-04-14,146.1734,148.3753,146.0346,147.6116,7722300
2026-04-15,147.6413,147.9885,145.6874,146.5602,6669200
2026-04-16,145.9850,146.9867,145.0924,145.4097,9072300
2026-04-17,146.1635,147.8992,146.1536,147.5818,8338100
2026-04-20,147.2347,147.5223,145.9453,146.2131,6325700
2026-04-21,147.0760,147.3438,144.6857,144.7254,8735300
2026-04-22,145.3106,146.3718,144.8146,145.1816,8316900
2026-04-23,145.0031,145.5684,143.9716,145.0428,7612000
2026-04-24,144.0510,144.3386,142.5037,142.9996,7969700
2026-04-27,142.5037,144.0212,142.2459,142.2856,6571900
2026-04-28,143.3864,143.6741,142.1070,142.6624,8612400
2026-04-29,141.0954,142.0773,140.8077,141.6706,11885500
2026-04-30,142.5037,145.0924,142.4839,144.7948,12587800
2026-05-01,145.0924,145.4098,143.9617,143.9716,8865800
2026-05-04,143.3765,144.0212,143.1385,143.5451,10885900
2026-05-05,144.0906,144.4675,143.2377,144.1105,7174900
2026-05-06,144.1700,144.9535,143.7137,144.2096,10613500
2026-05-07,143.9914,144.6460,143.0889,143.5352,7608000
2026-05-08,143.4063,143.8824,142.0078,142.3153,10165400
2026-05-11,142.5732,143.8328,141.5020,141.8690,9255700
2026-05-12,142.6327,145.4395,142.0177,144.6560,11897200
2026-05-13,144.1303,145.7767,143.9419,145.5089,15841800
2026-05-14,145.6478,146.1933,144.7452,145.4296,7763800
2026-05-15,145.5585,145.9553,143.7038,143.9121,9039900
2026-05-18,143.3170,144.5964,142.9401,144.5270,7949200
2026-05-19,144.4278,146.8578,143.6642,146.1139,12388200
2026-05-20,146.3321,146.8082,145.0924,145.9255,10527900
2026-05-21,145.6974,147.0859,144.6460,146.9371,7157000
2026-05-22,147.8694,149.0894,147.7802,148.6629,6915200
2026-05-26,148.7224,149.0695,147.2248,147.2942,6590400
2026-05-27,147.4727,148.9704,147.0661,147.5719,10062500
2026-05-28,147.9290,150.1110,147.8893,149.6448,10397400
2026-05-29,149.6150,149.8035,147.8794,148.2463,13195800
2026-06-01,147.3041,147.6612,146.0544,146.6297,12582900
2026-06-02,145.5486,146.0643,144.1204,145.2015,12024300
2026-06-03,144.9634,146.8380,144.8742,146.3421,9836000
2026-06-04,149.1489,151.2912,149.0596,150.8350,14051800
2026-06-05,152.1243,153.4335,151.6681,151.7574,20723000
2026-06-08,151.9855,153.2054,151.1623,151.4003,10639500
2026-06-09,152.2235,153.7112,151.9260,153.3046,13125500
2026-06-10,153.6914,153.8600,151.5689,151.5987,11712200
2026-06-11,152.2037,153.8898,151.6086,152.8285,10548800
2026-06-12,153.7013,153.8898,152.1144,152.5508,9111000
2026-06-15,152.4516,152.6202,150.5275,151.6383,9525300
2026-06-16,152.3425,152.4615,150.4779,151.6879,8630000
2026-06-17,150.8052,151.3210,148.7422,149.4762,10991400
2026-06-18,150.0316,150.0316,147.5719,148.1769,10879300
2026-06-22,148.7607,150.0457,148.4917,149.4879,11706100
2026-06-23,150.9124,151.8488,150.4243,151.5998,9479900
2026-06-24,152.5462,154.0803,151.8787,152.7654,10070100
2026-06-25,153.3630,156.6106,153.0044,155.0367,9419200
2026-06-26,155.7240,160.0276,155.5846,159.7287,16563800
2026-06-29,160.0873,160.4758,159.2705,160.1272,12935000
2026-06-30,160.3961,160.6352,157.3578,158.0551,11559400
2026-07-01,159.0015,159.3501,157.8957,158.9317,10123700
2026-07-02,160.0574,163.2253,159.7685,163.1157,14719400
2026-07-06,162.5778,162.8268,159.6390,161.3425,16123400
2026-07-07,164.1219,164.9786,163.2552,163.8131,12143500
2026-07-08,162.7970,163.3648,161.6414,161.6812,9287900
2026-07-09,161.1831,162.7969,160.7448,161.5517,9576400
2026-07-10,161.8605,162.0399,159.6291,160.2268,9497100
2026-07-13,160.3563,161.6215,159.7088,160.7946,6873000
2026-07-14,159.1708,159.4697,157.1785,157.6865,11523000
2026-07-15,156.7800,158.7425,156.6505,157.6865,10885300
2026-07-16,159.7387,162.0199,159.3302,161.1831,11819000
2026-07-17,161.1931,163.3747,160.2666,160.4758,9166500
2026-07-20,160.3862,160.8743,158.5731,158.6429,6635300
2026-07-21,156.9294,159.7586,156.6305,159.6390,6594900
2026-07-22,160.3563,160.3563,158.3440,158.8222,5599500
2026-07-23,159.2904,160.9939,158.7126,160.8245,6448200
2026-07-24,161.8506,162.6276,160.9640,161.9502,7647900
2026-07-27,162.3885,163.9426,161.7310,162.7770,8056000
2026-07-28,165.3572,167.8875,165.1181,166.6223,12774800
2026-07-29,166.5127,167.5189,165.1380,165.6062,11656900
2026-07-30,162.6276,163.3249,161.2429,162.8966,12475200
2026-07-31,161.6912,162.6077,160.1172,161.9303,9604900
2026-08-03,163.0062,164.1020,160.7349,161.6215,10986300
2026-08-04,161.3824,161.8705,160.3563,161.4820,15129600
2026-08-05,163.0161,164.7196,162.0000,163.5341,15216000
2026-08-06,165.5066,166.3832,162.4084,163.8230,9435100
2026-08-07,163.2950,165.1380,162.2989,165.0483,7971800
2026-08-10,165.0483,167.8576,164.9188,167.7978,6995900
2026-08-11,167.6384,169.0132,167.0009,167.3694,6680900
2026-08-12,165.7855,168.2361,165.1280,167.7978,7138300
2026-08-13,168.8438,169.0630,167.2001,167.7381,6730100
2026-08-14,167.0208,167.1304,165.8154,166.7319,5023800
2026-08-17,165.8154,167.2300,165.2277,166.4131,7225500
2026-08-18,168.0269,169.6507,167.8078,169.0829,7529600
2026-08-19,171.8125,175.9267,171.6331,175.0102,16538900
2026-08-20,173.5259,174.5221,171.6829,171.7328,9673400
2026-08-21,171.2546,174.9305,171.1350,173.9543,10166900
2026-08-24,173.7451,174.2531,172.6692,174.0340,5930800
2026-08-25,173.7849,175.1497,173.3765,174.6217,5434000
2026-08-26,173.6654,174.1734,172.7887,172.8784,5617400
2026-08-27,171.2944,172.4500,170.7764,170.9258,7110400
2026-08-28,170.7764,171.0554,169.9396,170.5074,4911700
2026-08-31,169.6009,170.3281,168.5549,169.8898,7312600
2026-09-01,171.9619,172.8684,170.3779,171.0155,7821200
2026-09-02,171.4339,173.8148,171.4339,172.2906,7805000
2026-09-03,173.4064,173.4960,170.7266,172.5994,5933900
2026-09-04,170.7366,171.8722,170.5872,170.7963,6083000
2026-09-08,167.6484,168.1066,166.3035,166.4928,11066600
2026-09-09,166.6721,166.7717,165.7556,165.9449,8018100
2026-09-10,165.8652,166.4430,164.9487,165.0284,7932400
2026-09-11,166.1939,166.4928,164.4805,164.7296,6501800
2026-09-14,167.3694,168.1266,166.3932,167.1104,9414400
2026-09-15,167.1503,167.5587,165.5464,167.0208,7428600
2026-09-16,167.1104,168.1564,166.7717,167.1304,7160500
2026-09-17,167.7978,168.4553,167.1204,168.1664,5832200
2026-09-18,167.6285,168.4154,167.1403,167.7480,11436300
2026-09-21,167.3200,169.5300,166.8500,169.0100,7617100
2026-09-22,,,,,7037068
